timestamp,x,y,z,orientation_z
2025-12-04T19:12:14.437908,-1.500,-3.000,1.270,0.000
2025-12-04T19:12:14.443380,-1.500,-3.000,1.270,0.000
2025-12-04T19:12:14.459076,-1.500,-3.000,1.270,0.000
2025-12-04T19:12:14.475243,-1.500,-3.000,1.270,0.000
2025-12-04T19:12:14.509913,-1.500,-3.000,1.270,0.000
2025-12-04T19:12:14.523133,-1.500,-3.000,1.270,0.000
2025-12-04T19:12:14.536689,-1.500,-3.000,1.270,0.000
2025-12-04T19:12:14.549513,-1.500,-3.000,1.270,0.000
2025-12-04T19:12:14.562700,-1.500,-3.000,1.270,0.000
2025-12-04T19:12:14.574714,-1.500,-3.000,1.270,0.000
2025-12-04T19:12:14.587699,-1.500,-3.000,1.270,0.000
2025-12-04T19:12:14.599520,-1.500,-3.000,1.270,0.000
2025-12-04T19:12:14.613634,-1.500,-3.000,1.270,0.000
2025-12-04T19:12:14.626696,-1.500,-3.000,1.270,0.000
2025-12-04T19:12:14.642365,-1.500,-3.000,1.270,0.000
2025-12-04T19:12:14.657700,-1.500,-3.000,1.270,0.000
2025-12-04T19:12:14.672879,-1.500,-3.000,1.270,0.000
2025-12-04T19:12:14.687539,-1.500,-3.000,1.270,0.000
2025-12-04T19:12:14.704440,-1.500,-3.000,1.270,0.000
2025-12-04T19:12:14.720932,-1.500,-3.000,1.270,0.000
2025-12-04T19:12:14.739188,-1.500,-3.000,1.270,0.000
2025-12-04T19:12:14.757319,-1.500,-3.000,1.270,0.000
2025-12-04T19:12:14.775419,-1.500,-3.000,1.270,0.000
2025-12-04T19:12:14.803150,-1.500,-3.000,1.270,0.000
2025-12-04T19:12:14.815875,-1.500,-3.000,1.270,0.000
2025-12-04T19:12:14.835152,-1.500,-3.000,1.270,0.000
2025-12-04T19:12:14.850512,-1.500,-3.000,1.270,0.000
2025-12-04T19:12:14.864922,-1.500,-3.000,1.270,0.000
2025-12-04T19:12:14.880556,-1.500,-3.000,1.270,0.000
2025-12-04T19:12:14.897028,-1.500,-3.000,1.270,0.000
2025-12-04T19:12:14.911462,-1.500,-3.000,1.270,0.000
2025-12-04T19:12:14.925695,-1.500,-3.000,1.270,0.000
2025-12-04T19:12:14.940023,-1.500,-3.000,1.270,0.000
2025-12-04T19:12:14.955346,-1.500,-3.000,1.270,0.000
2025-12-04T19:12:14.970904,-1.500,-3.000,1.270,0.000
2025-12-04T19:12:14.986147,-1.500,-3.000,1.270,0.000
2025-12-04T19:12:15.002510,-1.500,-3.000,1.270,0.000
2025-12-04T19:12:15.018610,-1.500,-3.000,1.270,0.000
2025-12-04T19:12:15.037283,-1.500,-3.000,1.270,0.000
2025-12-04T19:12:15.051982,-1.500,-3.000,1.270,0.000
2025-12-04T19:12:15.069426,-1.500,-3.000,1.270,0.000
2025-12-04T19:12:15.088406,-1.500,-3.000,1.270,0.000
2025-12-04T19:12:15.104926,-1.500,-3.000,1.270,0.000
2025-12-04T19:12:15.122016,-1.500,-3.000,1.270,0.000
2025-12-04T19:12:15.139220,-1.500,-3.000,1.270,0.000
2025-12-04T19:12:15.155777,-1.500,-3.000,1.270,0.000
2025-12-04T19:12:15.170225,-1.500,-3.000,1.270,0.000
2025-12-04T19:12:15.184676,-1.500,-3.000,1.270,0.000
2025-12-04T19:12:15.199387,-1.500,-3.000,1.270,0.000
2025-12-04T19:12:15.214870,-1.500,-3.000,1.270,0.000
2025-12-04T19:12:15.230106,-1.500,-3.000,1.270,0.000
2025-12-04T19:12:15.246524,-1.500,-3.000,1.270,0.000
2025-12-04T19:12:15.263572,-1.500,-3.000,1.270,0.000
2025-12-04T19:12:15.280938,-1.500,-3.000,1.270,0.000
2025-12-04T19:12:15.297881,-1.500,-3.000,1.270,0.000
2025-12-04T19:12:15.314553,-1.500,-3.000,1.270,0.000
2025-12-04T19:12:15.332271,-1.500,-3.000,1.270,0.000
2025-12-04T19:12:15.351260,-1.500,-3.000,1.270,0.000
2025-12-04T19:12:15.368939,-1.500,-3.000,1.270,0.000
2025-12-04T19:12:15.388034,-1.500,-3.000,1.270,0.000
2025-12-04T19:12:15.404647,-1.500,-3.000,1.270,0.000
2025-12-04T19:12:15.422457,-1.500,-3.000,1.270,0.000
2025-12-04T19:12:15.439976,-1.500,-3.000,1.270,0.000
2025-12-04T19:12:15.457252,-1.500,-3.000,1.270,0.000
2025-12-04T19:12:15.473898,-1.500,-3.000,1.270,0.000
2025-12-04T19:12:15.519187,-1.500,-3.000,1.270,0.000
2025-12-04T19:12:15.547999,-1.500,-3.000,1.270,0.000
2025-12-04T19:12:15.574457,-1.500,-3.000,1.270,0.000
2025-12-04T19:12:15.593380,-1.500,-3.000,1.270,0.000
2025-12-04T19:12:15.602409,-1.500,-3.000,1.270,0.000
2025-12-04T19:12:15.615909,-1.500,-3.000,1.270,0.000
2025-12-04T19:12:15.626966,-1.500,-3.000,1.270,0.000
2025-12-04T19:12:15.639713,-1.500,-3.000,1.270,0.000
2025-12-04T19:12:15.654701,-1.500,-3.000,1.270,0.000
2025-12-04T19:12:15.664863,-1.500,-3.000,1.270,0.000
2025-12-04T19:12:15.674699,-1.500,-3.000,1.270,0.000
2025-12-04T19:12:15.688022,-1.500,-3.000,1.270,0.000
2025-12-04T19:12:15.700736,-1.500,-3.000,1.270,0.000
2025-12-04T19:12:15.714521,-1.500,-3.000,1.270,0.000
2025-12-04T19:12:15.756813,-1.500,-3.000,1.270,0.000
2025-12-04T19:12:15.764229,-1.500,-3.000,1.270,0.000
2025-12-04T19:12:15.777698,-1.500,-3.000,1.270,0.000
2025-12-04T19:12:15.794776,-1.500,-3.000,1.270,0.000
2025-12-04T19:12:15.810257,-1.500,-3.000,1.270,0.000
2025-12-04T19:12:15.826314,-1.500,-3.000,1.270,0.000
2025-12-04T19:12:15.840958,-1.500,-3.000,1.270,0.000
2025-12-04T19:12:15.855465,-1.500,-3.000,1.270,0.000
2025-12-04T19:12:15.870434,-1.500,-3.000,1.270,0.000
2025-12-04T19:12:15.883311,-1.500,-3.000,1.270,0.000
2025-12-04T19:12:15.896690,-1.500,-3.000,1.270,0.000
2025-12-04T19:12:15.912478,-1.500,-3.000,1.270,0.000
2025-12-04T19:12:15.927058,-1.500,-3.000,1.270,0.000
2025-12-04T19:12:15.942865,-1.500,-3.000,1.270,0.000
2025-12-04T19:12:15.959668,-1.500,-3.000,1.270,0.000
2025-12-04T19:12:15.975959,-1.500,-3.000,1.270,0.000
2025-12-04T19:12:15.993818,-1.500,-3.000,1.270,0.000
2025-12-04T19:12:16.010610,-1.500,-3.000,1.270,0.000
2025-12-04T19:12:16.028702,-1.500,-3.000,1.270,0.000
2025-12-04T19:12:16.044834,-1.500,-3.000,1.270,0.000
2025-12-04T19:12:16.062980,-1.500,-3.000,1.270,0.000
2025-12-04T19:12:16.080803,-1.500,-3.000,1.270,0.000
2025-12-04T19:12:16.098589,-1.500,-3.000,1.270,0.000
2025-12-04T19:12:16.113209,-1.500,-3.000,1.270,0.000
2025-12-04T19:12:16.128783,-1.500,-3.000,1.270,0.000
2025-12-04T19:12:16.144586,-1.500,-3.000,1.270,0.000
2025-12-04T19:12:16.160872,-1.500,-3.000,1.270,0.000
2025-12-04T19:12:16.175659,-1.500,-3.000,1.270,0.000
2025-12-04T19:12:16.192784,-1.500,-3.000,1.270,0.000
2025-12-04T19:12:16.210200,-1.500,-3.000,1.270,0.000
2025-12-04T19:12:16.225212,-1.500,-3.000,1.270,0.000
2025-12-04T19:12:16.243797,-1.500,-3.000,1.270,0.000
2025-12-04T19:12:16.261339,-1.500,-3.000,1.270,0.000
2025-12-04T19:12:16.279254,-1.500,-3.000,1.270,0.000
2025-12-04T19:12:16.297405,-1.500,-3.000,1.270,0.000
2025-12-04T19:12:16.313091,-1.500,-3.000,1.270,0.000
2025-12-04T19:12:16.330145,-1.500,-3.000,1.270,0.000
2025-12-04T19:12:16.345739,-1.500,-3.000,1.270,0.000
2025-12-04T19:12:16.363468,-1.500,-3.000,1.270,0.000
2025-12-04T19:12:16.378896,-1.500,-3.000,1.270,0.000
2025-12-04T19:12:16.393413,-1.500,-3.000,1.270,0.000
2025-12-04T19:12:16.406600,-1.500,-3.000,1.270,0.000
2025-12-04T19:12:16.424021,-1.500,-3.000,1.270,0.000
2025-12-04T19:12:16.438278,-1.500,-3.000,1.270,0.000
2025-12-04T19:12:16.455189,-1.500,-3.000,1.270,0.000
2025-12-04T19:12:16.470292,-1.500,-3.000,1.270,0.000
2025-12-04T19:12:16.488126,-1.500,-3.000,1.270,0.000
2025-12-04T19:12:16.504830,-1.500,-3.000,1.270,0.000
2025-12-04T19:12:16.521567,-1.500,-3.000,1.270,0.000
2025-12-04T19:12:16.540406,-1.500,-3.000,1.270,0.000
2025-12-04T19:12:16.558311,-1.500,-3.000,1.270,0.000
2025-12-04T19:12:16.574588,-1.500,-3.000,1.270,0.000
2025-12-04T19:12:16.591994,-1.500,-3.000,1.270,0.000
2025-12-04T19:12:16.608690,-1.500,-3.000,1.270,0.000
2025-12-04T19:12:16.625247,-1.500,-3.000,1.270,0.000
2025-12-04T19:12:16.639970,-1.500,-3.000,1.270,0.000
2025-12-04T19:12:16.656275,-1.500,-3.000,1.270,0.000
2025-12-04T19:12:16.671192,-1.500,-3.000,1.270,0.000
2025-12-04T19:12:16.686867,-1.500,-3.000,1.270,0.000
2025-12-04T19:12:16.703078,-1.500,-3.000,1.270,0.000
2025-12-04T19:12:16.721008,-1.500,-3.000,1.270,0.000
2025-12-04T19:12:16.737931,-1.500,-3.000,1.270,0.000
2025-12-04T19:12:16.756223,-1.500,-3.000,1.270,0.000
2025-12-04T19:12:16.772185,-1.500,-3.000,1.270,0.000
2025-12-04T19:12:16.789721,-1.500,-3.000,1.270,0.000
2025-12-04T19:12:16.808990,-1.500,-3.000,1.270,0.000
2025-12-04T19:12:16.826678,-1.500,-3.000,1.270,0.000
2025-12-04T19:12:16.844248,-1.500,-3.000,1.270,0.000
2025-12-04T19:12:16.862320,-1.500,-3.000,1.270,0.000
2025-12-04T19:12:16.881876,-1.500,-3.000,1.270,0.000
2025-12-04T19:12:16.896987,-1.500,-3.000,1.270,0.000
2025-12-04T19:12:16.911962,-1.500,-3.000,1.270,0.000
2025-12-04T19:12:16.926950,-1.500,-3.000,1.270,0.000
2025-12-04T19:12:16.943585,-1.500,-3.000,1.270,0.000
2025-12-04T19:12:16.954531,-1.500,-3.000,1.270,0.000
2025-12-04T19:12:17.032837,-1.500,-3.000,1.270,0.000
2025-12-04T19:12:17.045685,-1.500,-3.000,1.270,0.000
2025-12-04T19:12:17.058363,-1.500,-3.000,1.270,0.000
2025-12-04T19:12:17.071412,-1.500,-3.000,1.270,0.000
2025-12-04T19:12:17.084021,-1.500,-3.000,1.270,0.000
2025-12-04T19:12:17.094202,-1.500,-3.000,1.270,0.000
2025-12-04T19:12:17.105461,-1.500,-3.000,1.270,0.000
2025-12-04T19:12:17.116270,-1.500,-3.000,1.270,0.000
2025-12-04T19:12:17.125198,-1.500,-3.000,1.270,0.000
2025-12-04T19:12:17.135687,-1.500,-3.000,1.270,0.000
2025-12-04T19:12:17.146944,-1.500,-3.000,1.270,0.000
2025-12-04T19:12:17.157994,-1.500,-3.000,1.270,0.000
2025-12-04T19:12:17.171693,-1.500,-3.000,1.270,0.000
2025-12-04T19:12:17.182659,-1.500,-3.000,1.270,0.000
2025-12-04T19:12:17.196610,-1.500,-3.000,1.270,0.000
2025-12-04T19:12:17.209711,-1.500,-3.000,1.270,0.000
2025-12-04T19:12:17.224859,-1.500,-3.000,1.270,0.000
2025-12-04T19:12:17.240609,-1.500,-3.000,1.270,0.000
2025-12-04T19:12:17.255972,-1.500,-3.000,1.270,0.000
2025-12-04T19:12:17.271109,-1.500,-3.000,1.270,0.000
2025-12-04T19:12:17.290152,-1.500,-3.000,1.270,0.000
2025-12-04T19:12:17.306012,-1.500,-3.000,1.270,0.000
2025-12-04T19:12:17.323694,-1.500,-3.000,1.270,0.000
2025-12-04T19:12:17.341567,-1.500,-3.000,1.270,0.000
2025-12-04T19:12:17.359536,-1.500,-3.000,1.270,0.000
2025-12-04T19:12:17.377173,-1.500,-3.000,1.270,0.000
2025-12-04T19:12:17.395110,-1.500,-3.000,1.270,0.000
2025-12-04T19:12:17.412906,-1.500,-3.000,1.270,0.000
2025-12-04T19:12:17.429853,-1.500,-3.000,1.270,0.000
2025-12-04T19:12:17.445715,-1.500,-3.000,1.270,0.000
2025-12-04T19:12:17.460190,-1.500,-3.000,1.270,0.000
2025-12-04T19:12:17.474538,-1.500,-3.000,1.270,0.000
2025-12-04T19:12:17.491315,-1.500,-3.000,1.270,0.000
2025-12-04T19:12:17.506007,-1.500,-3.000,1.270,0.000
2025-12-04T19:12:17.531156,-1.500,-3.000,1.270,0.000
2025-12-04T19:12:17.544921,-1.500,-3.000,1.270,0.000
2025-12-04T19:12:17.559694,-1.500,-3.000,1.270,0.000
2025-12-04T19:12:17.574570,-1.500,-3.000,1.270,0.000
2025-12-04T19:12:17.592174,-1.500,-3.000,1.270,0.000
2025-12-04T19:12:17.607288,-1.500,-3.000,1.270,0.000
2025-12-04T19:12:17.624817,-1.500,-3.000,1.270,0.000
2025-12-04T19:12:17.637333,-1.500,-3.000,1.270,0.000
2025-12-04T19:12:17.655709,-1.500,-3.000,1.270,0.000
2025-12-04T19:12:17.669275,-1.500,-3.000,1.270,0.000
2025-12-04T19:12:17.686903,-1.500,-3.000,1.270,0.000
2025-12-04T19:12:17.703921,-1.500,-3.000,1.270,0.000
2025-12-04T19:12:17.723073,-1.500,-3.000,1.270,0.000
2025-12-04T19:12:17.738374,-1.500,-3.000,1.270,0.000
2025-12-04T19:12:17.757657,-1.500,-3.000,1.270,0.000
2025-12-04T19:12:17.775000,-1.500,-3.000,1.270,0.000
2025-12-04T19:12:17.841098,-1.500,-3.000,1.270,0.000
2025-12-04T19:12:17.857721,-1.500,-3.000,1.270,0.000
2025-12-04T19:12:17.873538,-1.500,-3.000,1.270,0.000
2025-12-04T19:12:17.889799,-1.500,-3.000,1.270,0.000
2025-12-04T19:12:17.902721,-1.500,-3.000,1.270,0.000
2025-12-04T19:12:17.917202,-1.500,-3.000,1.270,0.000
2025-12-04T19:12:17.932208,-1.500,-3.000,1.270,0.000
2025-12-04T19:12:17.944930,-1.500,-3.000,1.270,0.000
2025-12-04T19:12:17.957550,-1.500,-3.000,1.270,0.000
2025-12-04T19:12:17.971260,-1.500,-3.000,1.270,0.000
2025-12-04T19:12:17.984701,-1.500,-3.000,1.270,0.000
2025-12-04T19:12:17.998748,-1.500,-3.000,1.270,0.000
2025-12-04T19:12:18.011852,-1.500,-3.000,1.270,0.000
2025-12-04T19:12:18.029202,-1.500,-3.000,1.270,0.000
2025-12-04T19:12:18.043616,-1.500,-3.000,1.270,0.000
2025-12-04T19:12:18.061508,-1.500,-3.000,1.270,0.000
2025-12-04T19:12:18.076029,-1.500,-3.000,1.270,0.000
2025-12-04T19:12:18.093330,-1.500,-3.000,1.270,0.000
2025-12-04T19:12:18.111157,-1.500,-3.000,1.270,0.000
2025-12-04T19:12:18.128184,-1.500,-3.000,1.270,0.000
2025-12-04T19:12:18.146595,-1.500,-3.000,1.270,0.000
2025-12-04T19:12:18.164155,-1.500,-3.000,1.270,0.000
2025-12-04T19:12:18.181343,-1.500,-3.000,1.270,0.000
2025-12-04T19:12:18.199277,-1.500,-3.000,1.270,0.000
2025-12-04T19:12:18.216349,-1.500,-3.000,1.270,0.000
2025-12-04T19:12:18.233262,-1.500,-3.000,1.270,0.000
2025-12-04T19:12:18.248741,-1.500,-3.000,1.270,0.000
2025-12-04T19:12:18.264186,-1.500,-3.000,1.270,0.000
2025-12-04T19:12:18.278312,-1.500,-3.000,1.270,0.000
2025-12-04T19:12:18.294003,-1.500,-3.000,1.270,0.000
2025-12-04T19:12:18.309400,-1.500,-3.000,1.270,0.000
2025-12-04T19:12:18.325824,-1.500,-3.000,1.270,0.000
2025-12-04T19:12:18.342453,-1.500,-3.000,1.270,0.000
2025-12-04T19:12:18.360091,-1.500,-3.000,1.270,0.000
2025-12-04T19:12:18.377163,-1.500,-3.000,1.270,0.000
2025-12-04T19:12:18.394876,-1.500,-3.000,1.270,0.000
2025-12-04T19:12:18.412348,-1.500,-3.000,1.270,0.000
2025-12-04T19:12:18.430410,-1.500,-3.000,1.270,0.000
2025-12-04T19:12:18.448874,-1.500,-3.000,1.270,0.000
2025-12-04T19:12:18.463418,-1.500,-3.000,1.270,0.000
2025-12-04T19:12:18.480088,-1.500,-3.000,1.270,0.000
2025-12-04T19:12:18.496663,-1.500,-3.000,1.270,0.000
2025-12-04T19:12:18.512314,-1.500,-3.000,1.270,0.000
2025-12-04T19:12:18.527550,-1.500,-3.000,1.270,0.000
2025-12-04T19:12:18.542886,-1.500,-3.000,1.270,0.000
2025-12-04T19:12:18.557799,-1.500,-3.000,1.270,0.000
2025-12-04T19:12:18.573050,-1.500,-3.000,1.270,0.000
2025-12-04T19:12:18.589283,-1.500,-3.000,1.270,0.000
2025-12-04T19:12:18.604320,-1.500,-3.000,1.270,0.000
2025-12-04T19:12:18.619349,-1.500,-3.000,1.270,0.000
2025-12-04T19:12:18.636335,-1.500,-3.000,1.270,0.000
2025-12-04T19:12:18.653396,-1.500,-3.000,1.270,0.000
2025-12-04T19:12:18.673088,-1.500,-3.000,1.270,0.000
2025-12-04T19:12:18.739143,-1.500,-3.000,1.270,0.000
2025-12-04T19:12:18.754597,-1.500,-3.000,1.270,0.000
2025-12-04T19:12:18.772327,-1.500,-3.000,1.270,0.000
2025-12-04T19:12:18.789218,-1.500,-3.000,1.270,0.000
2025-12-04T19:12:18.805797,-1.500,-3.000,1.270,0.000
2025-12-04T19:12:18.821561,-1.500,-3.000,1.270,0.000
2025-12-04T19:12:18.837404,-1.500,-3.000,1.270,0.000
2025-12-04T19:12:18.853921,-1.500,-3.000,1.270,0.000
2025-12-04T19:12:18.867246,-1.500,-3.000,1.270,0.000
2025-12-04T19:12:18.879404,-1.500,-3.000,1.270,0.000
2025-12-04T19:12:18.894045,-1.500,-3.000,1.270,0.000
2025-12-04T19:12:18.910852,-1.500,-3.000,1.270,0.000
2025-12-04T19:12:18.925131,-1.500,-3.000,1.270,0.000
2025-12-04T19:12:18.940757,-1.500,-3.000,1.270,0.000
2025-12-04T19:12:18.958969,-1.500,-3.000,1.270,0.000
2025-12-04T19:12:18.973439,-1.500,-3.000,1.270,0.000
2025-12-04T19:12:18.997110,-1.500,-3.000,1.270,0.000
2025-12-04T19:12:19.009333,-1.500,-3.000,1.270,0.000
2025-12-04T19:12:19.028192,-1.500,-3.000,1.270,0.000
2025-12-04T19:12:19.044771,-1.500,-3.000,1.270,0.000
2025-12-04T19:12:19.063119,-1.500,-3.000,1.270,0.000
2025-12-04T19:12:19.081229,-1.500,-3.000,1.270,0.000
2025-12-04T19:12:19.097476,-1.500,-3.000,1.270,0.000
2025-12-04T19:12:19.113412,-1.500,-3.000,1.270,0.000
2025-12-04T19:12:19.128209,-1.500,-3.000,1.270,0.000
2025-12-04T19:12:19.143274,-1.500,-3.000,1.270,0.000
2025-12-04T19:12:19.157790,-1.500,-3.000,1.270,0.000
2025-12-04T19:12:19.173470,-1.500,-3.000,1.270,0.000
2025-12-04T19:12:19.189395,-1.500,-3.000,1.270,0.000
2025-12-04T19:12:19.205678,-1.500,-3.000,1.270,0.000
2025-12-04T19:12:19.221170,-1.500,-3.000,1.270,0.000
2025-12-04T19:12:19.238543,-1.500,-3.000,1.270,0.000
2025-12-04T19:12:19.257287,-1.500,-3.000,1.270,0.000
2025-12-04T19:12:19.275121,-1.500,-3.000,1.270,0.000
2025-12-04T19:12:19.293350,-1.500,-3.000,1.270,0.000
2025-12-04T19:12:19.310291,-1.500,-3.000,1.270,0.000
2025-12-04T19:12:19.328662,-1.500,-3.000,1.270,0.000
2025-12-04T19:12:19.344977,-1.500,-3.000,1.270,0.000
2025-12-04T19:12:19.363158,-1.500,-3.000,1.270,0.000
2025-12-04T19:12:19.382280,-1.500,-3.000,1.270,0.000
2025-12-04T19:12:19.398585,-1.500,-3.000,1.270,0.000
2025-12-04T19:12:19.411931,-1.500,-3.000,1.270,0.000
2025-12-04T19:12:19.426940,-1.500,-3.000,1.270,0.000
2025-12-04T19:12:19.442935,-1.500,-3.000,1.270,0.000
2025-12-04T19:12:19.456534,-1.500,-3.000,1.270,0.000
2025-12-04T19:12:19.476557,-1.500,-3.000,1.270,0.000
2025-12-04T19:12:19.485354,-1.500,-3.000,1.270,0.000
2025-12-04T19:12:19.503425,-1.500,-3.000,1.270,0.000
2025-12-04T19:12:19.518774,-1.500,-3.000,1.270,0.000
2025-12-04T19:12:19.537871,-1.500,-3.000,1.270,0.000
2025-12-04T19:12:19.554988,-1.500,-3.000,1.270,0.000
2025-12-04T19:12:19.572461,-1.500,-3.000,1.270,0.000
2025-12-04T19:12:19.590961,-1.500,-3.000,1.270,0.000
2025-12-04T19:12:19.605683,-1.500,-3.000,1.270,0.000
2025-12-04T19:12:19.622417,-1.500,-3.000,1.270,0.000
2025-12-04T19:12:19.640363,-1.500,-3.000,1.270,0.000
2025-12-04T19:12:19.658782,-1.500,-3.000,1.270,0.000
2025-12-04T19:12:19.673405,-1.500,-3.000,1.270,0.000
2025-12-04T19:12:19.689812,-1.500,-3.000,1.270,0.000
2025-12-04T19:12:19.705229,-1.500,-3.000,1.270,0.000
2025-12-04T19:12:19.722117,-1.500,-3.000,1.270,0.000
2025-12-04T19:12:19.736213,-1.500,-3.000,1.270,0.000
2025-12-04T19:12:19.752847,-1.500,-3.000,1.270,0.000
2025-12-04T19:12:19.766547,-1.500,-3.000,1.270,0.000
2025-12-04T19:12:19.784685,-1.500,-3.000,1.270,0.000
2025-12-04T19:12:19.799785,-1.500,-3.000,1.270,0.000
2025-12-04T19:12:19.817730,-1.500,-3.000,1.270,0.000
2025-12-04T19:12:19.838550,-1.500,-3.000,1.270,0.000
2025-12-04T19:12:19.854333,-1.500,-3.000,1.270,0.000
2025-12-04T19:12:19.871948,-1.500,-3.000,1.270,0.000
2025-12-04T19:12:19.889241,-1.500,-3.000,1.270,0.000
2025-12-04T19:12:19.905247,-1.500,-3.000,1.270,0.000
2025-12-04T19:12:19.923358,-1.500,-3.000,1.270,0.000
2025-12-04T19:12:19.940081,-1.500,-3.000,1.270,0.000
2025-12-04T19:12:19.954999,-1.500,-3.000,1.270,0.000
2025-12-04T19:12:19.967916,-1.500,-3.000,1.270,0.000
2025-12-04T19:12:19.985353,-1.500,-3.000,1.270,0.000
2025-12-04T19:12:20.005769,-1.500,-3.000,1.270,0.000
2025-12-04T19:12:20.019607,-1.500,-3.000,1.270,0.000
2025-12-04T19:12:20.037382,-1.500,-3.000,1.270,0.000
2025-12-04T19:12:20.050691,-1.500,-3.000,1.270,0.000
2025-12-04T19:12:20.065233,-1.500,-3.000,1.270,0.000
2025-12-04T19:12:20.079748,-1.500,-3.000,1.270,0.000
2025-12-04T19:12:20.097957,-1.500,-3.000,1.270,0.000
2025-12-04T19:12:20.113463,-1.500,-3.000,1.270,0.000
2025-12-04T19:12:20.131168,-1.500,-3.000,1.270,0.000
2025-12-04T19:12:20.146998,-1.500,-3.000,1.270,0.000
2025-12-04T19:12:20.166163,-1.500,-3.000,1.270,0.000
2025-12-04T19:12:20.183596,-1.500,-3.000,1.270,0.000
2025-12-04T19:12:20.199799,-1.500,-3.000,1.270,0.000
2025-12-04T19:12:20.216285,-1.500,-3.000,1.270,0.000
2025-12-04T19:12:20.234381,-1.500,-3.000,1.270,0.000
2025-12-04T19:12:20.249696,-1.500,-3.000,1.270,0.000
2025-12-04T19:12:20.267288,-1.500,-3.000,1.270,0.000
2025-12-04T19:12:20.282614,-1.500,-3.000,1.270,0.000
2025-12-04T19:12:20.297621,-1.500,-3.000,1.270,0.000
2025-12-04T19:12:20.311441,-1.500,-3.000,1.270,0.000
2025-12-04T19:12:20.327336,-1.500,-3.000,1.270,0.000
2025-12-04T19:12:20.342761,-1.500,-3.000,1.270,0.000
2025-12-04T19:12:20.359029,-1.500,-3.000,1.270,0.000
2025-12-04T19:12:20.376414,-1.500,-3.000,1.270,0.000
2025-12-04T19:12:20.393227,-1.500,-3.000,1.270,0.000
2025-12-04T19:12:20.411406,-1.500,-3.000,1.270,0.000
2025-12-04T19:12:20.428274,-1.500,-3.000,1.270,0.000
2025-12-04T19:12:20.448740,-1.500,-3.000,1.270,0.000
2025-12-04T19:12:20.465936,-1.500,-3.000,1.270,0.000
2025-12-04T19:12:20.483441,-1.500,-3.000,1.270,0.000
2025-12-04T19:12:20.499243,-1.500,-3.000,1.270,0.000
2025-12-04T19:12:20.514765,-1.500,-3.000,1.270,0.000
2025-12-04T19:12:20.530283,-1.500,-3.000,1.270,0.000
2025-12-04T19:12:20.544734,-1.500,-3.000,1.270,0.000
2025-12-04T19:12:20.560564,-1.500,-3.000,1.270,0.000
2025-12-04T19:12:20.575515,-1.500,-3.000,1.270,0.000
2025-12-04T19:12:20.590925,-1.500,-3.000,1.270,0.000
2025-12-04T19:12:20.606469,-1.500,-3.000,1.270,0.000
2025-12-04T19:12:20.624821,-1.500,-3.000,1.270,0.000
2025-12-04T19:12:20.641308,-1.500,-3.000,1.270,0.000
2025-12-04T19:12:20.660078,-1.500,-3.000,1.270,0.000
2025-12-04T19:12:20.676654,-1.500,-3.000,1.270,0.000
2025-12-04T19:12:20.696226,-1.500,-3.000,1.270,0.000
2025-12-04T19:12:20.714552,-1.500,-3.000,1.270,0.000
2025-12-04T19:12:20.731919,-1.500,-3.000,1.270,0.000
2025-12-04T19:12:20.747920,-1.500,-3.000,1.270,0.000
2025-12-04T19:12:20.764913,-1.500,-3.000,1.270,0.000
2025-12-04T19:12:20.778838,-1.500,-3.000,1.270,0.000
2025-12-04T19:12:20.792761,-1.500,-3.000,1.270,0.000
2025-12-04T19:12:20.807507,-1.500,-3.000,1.270,0.000
2025-12-04T19:12:20.821049,-1.500,-3.000,1.270,0.000
2025-12-04T19:12:20.838971,-1.500,-3.000,1.270,0.000
2025-12-04T19:12:20.856393,-1.500,-3.000,1.270,0.000
2025-12-04T19:12:20.872140,-1.500,-3.000,1.270,0.000
2025-12-04T19:12:20.888731,-1.500,-3.000,1.270,0.000
2025-12-04T19:12:20.906803,-1.500,-3.000,1.270,0.000
2025-12-04T19:12:20.927726,-1.500,-3.000,1.270,0.000
2025-12-04T19:12:20.942894,-1.500,-3.000,1.270,0.000
2025-12-04T19:12:20.960949,-1.500,-3.000,1.270,0.000
2025-12-04T19:12:20.977875,-1.500,-3.000,1.270,0.000
2025-12-04T19:12:20.993760,-1.500,-3.000,1.270,0.000
2025-12-04T19:12:21.008919,-1.500,-3.000,1.270,0.000
2025-12-04T19:12:21.024761,-1.500,-3.000,1.270,0.000
2025-12-04T19:12:21.040158,-1.500,-3.000,1.270,0.000
2025-12-04T19:12:21.055360,-1.500,-3.000,1.270,0.000
2025-12-04T19:12:21.070047,-1.500,-3.000,1.270,0.000
2025-12-04T19:12:21.085005,-1.500,-3.000,1.270,0.000
2025-12-04T19:12:21.101198,-1.500,-3.000,1.270,0.000
2025-12-04T19:12:21.118131,-1.500,-3.000,1.270,0.000
2025-12-04T19:12:21.133835,-1.500,-3.000,1.270,0.000
2025-12-04T19:12:21.151824,-1.500,-3.000,1.270,0.000
2025-12-04T19:12:21.170012,-1.500,-3.000,1.270,0.000
2025-12-04T19:12:21.188140,-1.500,-3.000,1.270,0.000
2025-12-04T19:12:21.206094,-1.500,-3.000,1.270,0.000
2025-12-04T19:12:21.222680,-1.500,-3.000,1.270,0.000
2025-12-04T19:12:21.240743,-1.500,-3.000,1.270,0.000
2025-12-04T19:12:21.257145,-1.500,-3.000,1.270,0.000
2025-12-04T19:12:21.271146,-1.500,-3.000,1.270,0.000
2025-12-04T19:12:21.283793,-1.500,-3.000,1.270,0.000
2025-12-04T19:12:21.300010,-1.500,-3.000,1.270,0.000
2025-12-04T19:12:21.315976,-1.500,-3.000,1.270,0.000
2025-12-04T19:12:21.332851,-1.500,-3.000,1.270,0.000
2025-12-04T19:12:21.348539,-1.500,-3.000,1.270,0.000
2025-12-04T19:12:21.367137,-1.500,-3.000,1.270,0.000
2025-12-04T19:12:21.384913,-1.500,-3.000,1.270,0.000
2025-12-04T19:12:21.401878,-1.500,-3.000,1.270,0.000
2025-12-04T19:12:21.419596,-1.500,-3.000,1.270,0.000
2025-12-04T19:12:21.436695,-1.500,-3.000,1.270,0.000
2025-12-04T19:12:21.453012,-1.500,-3.000,1.270,0.000
2025-12-04T19:12:21.471079,-1.500,-3.000,1.270,0.000
2025-12-04T19:12:21.487605,-1.500,-3.000,1.270,0.000
2025-12-04T19:12:21.503306,-1.500,-3.000,1.270,0.000
2025-12-04T19:12:21.517666,-1.500,-3.000,1.270,0.000
2025-12-04T19:12:21.535604,-1.500,-3.000,1.270,0.000
2025-12-04T19:12:21.555883,-1.500,-3.000,1.270,0.000
2025-12-04T19:12:21.571810,-1.500,-3.000,1.270,0.000
2025-12-04T19:12:21.586775,-1.500,-3.000,1.270,0.000
2025-12-04T19:12:21.601423,-1.500,-3.000,1.270,0.000
2025-12-04T19:12:21.617972,-1.500,-3.000,1.270,0.000
2025-12-04T19:12:21.633627,-1.500,-3.000,1.270,0.000
2025-12-04T19:12:21.651035,-1.500,-3.000,1.270,0.000
2025-12-04T19:12:21.667270,-1.500,-3.000,1.270,0.000
2025-12-04T19:12:21.679395,-1.500,-3.000,1.270,0.000
2025-12-04T19:12:21.696802,-1.500,-3.000,1.270,0.000
2025-12-04T19:12:21.713304,-1.500,-3.000,1.270,0.000
2025-12-04T19:12:21.728456,-1.500,-3.000,1.270,0.000
2025-12-04T19:12:21.746481,-1.500,-3.000,1.270,0.000
2025-12-04T19:12:21.764646,-1.500,-3.000,1.270,0.000
2025-12-04T19:12:21.781783,-1.500,-3.000,1.270,0.000
2025-12-04T19:12:21.798739,-1.500,-3.000,1.270,0.000
2025-12-04T19:12:21.815888,-1.500,-3.000,1.270,0.000
2025-12-04T19:12:21.833797,-1.500,-3.000,1.270,0.000
2025-12-04T19:12:21.851746,-1.500,-3.000,1.270,0.000
2025-12-04T19:12:21.868282,-1.500,-3.000,1.270,0.000
2025-12-04T19:12:21.887795,-1.500,-3.000,1.270,0.000
2025-12-04T19:12:21.898999,-1.500,-3.000,1.270,0.000
2025-12-04T19:12:21.913815,-1.500,-3.000,1.270,0.000
2025-12-04T19:12:21.927350,-1.500,-3.000,1.270,0.000
2025-12-04T19:12:21.943288,-1.500,-3.000,1.270,0.000
2025-12-04T19:12:21.958719,-1.500,-3.000,1.270,0.000
2025-12-04T19:12:21.973011,-1.500,-3.000,1.270,0.000
2025-12-04T19:12:21.990342,-1.500,-3.000,1.270,0.000
2025-12-04T19:12:22.006451,-1.500,-3.000,1.270,0.000
2025-12-04T19:12:22.023396,-1.500,-3.000,1.270,0.000
2025-12-04T19:12:22.041190,-1.500,-3.000,1.270,0.000
2025-12-04T19:12:22.058464,-1.500,-3.000,1.270,0.000
2025-12-04T19:12:22.077776,-1.500,-3.000,1.270,0.000
2025-12-04T19:12:22.097895,-1.500,-3.000,1.270,0.000
2025-12-04T19:12:22.110725,-1.500,-3.000,1.270,0.000
2025-12-04T19:12:22.128473,-1.500,-3.000,1.270,0.000
2025-12-04T19:12:22.145184,-1.500,-3.000,1.270,0.000
2025-12-04T19:12:22.160999,-1.500,-3.000,1.270,0.000
2025-12-04T19:12:22.183230,-1.500,-3.000,1.270,0.000
2025-12-04T19:12:22.197978,-1.500,-3.000,1.270,0.000
2025-12-04T19:12:22.211164,-1.500,-3.000,1.270,0.000
2025-12-04T19:12:22.226140,-1.500,-3.000,1.270,0.000
2025-12-04T19:12:22.240321,-1.500,-3.000,1.270,0.000
2025-12-04T19:12:22.256251,-1.500,-3.000,1.270,0.000
2025-12-04T19:12:22.273218,-1.500,-3.000,1.270,0.000
2025-12-04T19:12:22.288228,-1.500,-3.000,1.270,0.000
2025-12-04T19:12:22.304330,-1.500,-3.000,1.270,0.000
2025-12-04T19:12:22.321787,-1.500,-3.000,1.270,0.000
2025-12-04T19:12:22.336687,-1.500,-3.000,1.270,0.000
2025-12-04T19:12:22.354298,-1.500,-3.000,1.270,0.000
2025-12-04T19:12:22.371246,-1.500,-3.000,1.270,0.000
2025-12-04T19:12:22.388935,-1.500,-3.000,1.270,0.000
2025-12-04T19:12:22.407442,-1.500,-3.000,1.270,0.000
2025-12-04T19:12:22.423565,-1.500,-3.000,1.270,0.000
2025-12-04T19:12:22.439964,-1.500,-3.000,1.270,0.000
2025-12-04T19:12:22.456379,-1.500,-3.000,1.270,0.000
2025-12-04T19:12:22.471284,-1.500,-3.000,1.270,0.000
2025-12-04T19:12:22.486834,-1.500,-3.000,1.270,0.000
2025-12-04T19:12:22.499999,-1.500,-3.000,1.270,0.000
2025-12-04T19:12:22.516550,-1.500,-3.000,1.270,0.000
2025-12-04T19:12:22.532999,-1.500,-3.000,1.270,0.000
2025-12-04T19:12:22.550777,-1.500,-3.000,1.270,0.000
2025-12-04T19:12:22.567219,-1.500,-3.000,1.270,0.000
2025-12-04T19:12:22.584588,-1.500,-3.000,1.270,0.000
2025-12-04T19:12:22.600593,-1.500,-3.000,1.270,0.000
2025-12-04T19:12:22.619887,-1.500,-3.000,1.270,0.000
2025-12-04T19:12:22.636708,-1.500,-3.000,1.270,0.000
2025-12-04T19:12:22.654524,-1.500,-3.000,1.270,0.000
2025-12-04T19:12:22.671978,-1.500,-3.000,1.270,0.000
2025-12-04T19:12:22.688817,-1.500,-3.000,1.270,0.000
2025-12-04T19:12:22.704657,-1.500,-3.000,1.270,0.000
2025-12-04T19:12:22.721784,-1.500,-3.000,1.270,0.000
2025-12-04T19:12:22.738104,-1.500,-3.000,1.270,0.000
2025-12-04T19:12:22.753849,-1.500,-3.000,1.270,0.000
2025-12-04T19:12:22.769439,-1.500,-3.000,1.270,0.000
2025-12-04T19:12:22.785912,-1.500,-3.000,1.270,0.000
2025-12-04T19:12:22.805351,-1.500,-3.000,1.270,0.000
2025-12-04T19:12:22.822671,-1.500,-3.000,1.270,0.000
2025-12-04T19:12:22.840733,-1.500,-3.000,1.270,0.000
2025-12-04T19:12:22.855730,-1.500,-3.000,1.270,0.000
2025-12-04T19:12:22.870335,-1.500,-3.000,1.270,0.000
2025-12-04T19:12:22.887194,-1.500,-3.000,1.270,0.000
2025-12-04T19:12:22.900438,-1.500,-3.000,1.270,0.000
2025-12-04T19:12:22.917916,-1.500,-3.000,1.270,0.000
2025-12-04T19:12:22.933370,-1.500,-3.000,1.270,0.000
2025-12-04T19:12:22.949820,-1.500,-3.000,1.270,0.000
2025-12-04T19:12:22.967047,-1.500,-3.000,1.270,0.000
2025-12-04T19:12:22.983775,-1.500,-3.000,1.270,0.000
2025-12-04T19:12:23.000654,-1.500,-3.000,1.270,0.000
2025-12-04T19:12:23.019453,-1.500,-3.000,1.270,0.000
2025-12-04T19:12:23.036405,-1.500,-3.000,1.270,0.000
2025-12-04T19:12:23.055276,-1.500,-3.000,1.270,0.000
2025-12-04T19:12:23.070022,-1.500,-3.000,1.270,0.000
2025-12-04T19:12:23.086915,-1.500,-3.000,1.270,0.000
2025-12-04T19:12:23.106611,-1.500,-3.000,1.270,0.000
2025-12-04T19:12:23.123856,-1.500,-3.000,1.270,0.000
2025-12-04T19:12:23.138130,-1.500,-3.000,1.270,0.000
2025-12-04T19:12:23.155527,-1.500,-3.000,1.270,0.000
2025-12-04T19:12:23.170746,-1.500,-3.000,1.270,0.000
2025-12-04T19:12:23.184147,-1.500,-3.000,1.270,0.000
2025-12-04T19:12:23.199988,-1.500,-3.000,1.270,0.000
2025-12-04T19:12:23.215054,-1.500,-3.000,1.270,0.000
2025-12-04T19:12:23.230913,-1.500,-3.000,1.270,0.000
2025-12-04T19:12:23.248865,-1.500,-3.000,1.270,0.000
2025-12-04T19:12:23.263183,-1.500,-3.000,1.270,0.000
2025-12-04T19:12:23.281075,-1.500,-3.000,1.270,0.000
2025-12-04T19:12:23.297929,-1.500,-3.000,1.270,0.000
2025-12-04T19:12:23.316154,-1.500,-3.000,1.270,0.000
2025-12-04T19:12:23.333414,-1.500,-3.000,1.270,0.000
2025-12-04T19:12:23.353020,-1.500,-3.000,1.270,0.000
2025-12-04T19:12:23.369836,-1.500,-3.000,1.270,0.000
2025-12-04T19:12:23.387546,-1.500,-3.000,1.270,0.000
2025-12-04T19:12:23.409036,-1.500,-3.000,1.270,0.000
2025-12-04T19:12:23.423270,-1.500,-3.000,1.270,0.000
2025-12-04T19:12:23.439065,-1.500,-3.000,1.270,0.000
2025-12-04T19:12:23.454624,-1.500,-3.000,1.270,0.000
2025-12-04T19:12:23.471172,-1.500,-3.000,1.270,0.000
2025-12-04T19:12:23.485305,-1.500,-3.000,1.270,0.000
2025-12-04T19:12:23.498596,-1.500,-3.000,1.270,0.000
2025-12-04T19:12:23.513012,-1.500,-3.000,1.270,0.000
2025-12-04T19:12:23.528209,-1.500,-3.000,1.270,0.000
2025-12-04T19:12:23.544227,-1.500,-3.000,1.270,0.000
2025-12-04T19:12:23.559731,-1.500,-3.000,1.270,0.000
2025-12-04T19:12:23.575604,-1.500,-3.000,1.270,0.000
2025-12-04T19:12:23.593261,-1.500,-3.000,1.270,0.000
2025-12-04T19:12:23.612030,-1.500,-3.000,1.270,0.000
2025-12-04T19:12:23.630302,-1.500,-3.000,1.270,0.000
2025-12-04T19:12:23.648889,-1.500,-3.000,1.270,0.000
2025-12-04T19:12:23.666046,-1.500,-3.000,1.270,0.000
2025-12-04T19:12:23.682230,-1.500,-3.000,1.270,0.000
2025-12-04T19:12:23.702526,-1.500,-3.000,1.270,0.000
2025-12-04T19:12:23.717757,-1.500,-3.000,1.270,0.000
2025-12-04T19:12:23.733298,-1.500,-3.000,1.270,0.000
2025-12-04T19:12:23.748223,-1.500,-3.000,1.270,0.000
2025-12-04T19:12:23.764771,-1.500,-3.000,1.270,0.000
2025-12-04T19:12:23.778002,-1.500,-3.000,1.270,0.000
2025-12-04T19:12:23.793746,-1.500,-3.000,1.270,0.000
2025-12-04T19:12:23.808864,-1.500,-3.000,1.270,0.000
2025-12-04T19:12:23.823443,-1.500,-3.000,1.270,0.000
2025-12-04T19:12:23.841318,-1.500,-3.000,1.270,0.000
2025-12-04T19:12:23.859209,-1.500,-3.000,1.270,0.000
2025-12-04T19:12:23.874850,-1.500,-3.000,1.270,0.000
2025-12-04T19:12:23.890992,-1.500,-3.000,1.270,0.000
2025-12-04T19:12:23.912318,-1.500,-3.000,1.270,0.000
2025-12-04T19:12:23.931791,-1.500,-3.000,1.270,0.000
2025-12-04T19:12:23.947081,-1.500,-3.000,1.270,0.000
2025-12-04T19:12:23.965622,-1.500,-3.000,1.270,0.000
2025-12-04T19:12:23.983009,-1.500,-3.000,1.270,0.000
2025-12-04T19:12:23.996809,-1.500,-3.000,1.270,0.000
2025-12-04T19:12:24.013279,-1.500,-3.000,1.270,0.000
2025-12-04T19:12:24.033884,-1.500,-3.000,1.270,0.000
2025-12-04T19:12:24.046579,-1.500,-3.000,1.270,0.000
2025-12-04T19:12:24.061822,-1.500,-3.000,1.270,0.000
2025-12-04T19:12:24.075032,-1.500,-3.000,1.270,0.000
2025-12-04T19:12:24.088363,-1.500,-3.000,1.270,0.000
2025-12-04T19:12:24.104790,-1.500,-3.000,1.270,0.000
2025-12-04T19:12:24.119945,-1.500,-3.000,1.270,0.000
2025-12-04T19:12:24.137332,-1.500,-3.000,1.270,0.000
2025-12-04T19:12:24.152648,-1.500,-3.000,1.270,0.000
2025-12-04T19:12:24.169332,-1.500,-3.000,1.270,0.000
2025-12-04T19:12:24.187453,-1.500,-3.000,1.270,0.000
2025-12-04T19:12:24.205454,-1.500,-3.000,1.270,0.000
2025-12-04T19:12:24.223456,-1.500,-3.000,1.270,0.000
2025-12-04T19:12:24.240535,-1.500,-3.000,1.270,0.000
2025-12-04T19:12:24.258482,-1.500,-3.000,1.270,0.000
2025-12-04T19:12:24.275806,-1.500,-3.000,1.270,0.000
2025-12-04T19:12:24.292172,-1.500,-3.000,1.270,0.000
2025-12-04T19:12:24.308257,-1.500,-3.000,1.270,0.000
2025-12-04T19:12:24.324096,-1.500,-3.000,1.270,0.000
2025-12-04T19:12:24.340205,-1.500,-3.000,1.270,0.000
2025-12-04T19:12:24.354541,-1.500,-3.000,1.270,0.000
2025-12-04T19:12:24.368980,-1.500,-3.000,1.270,0.000
2025-12-04T19:12:24.384653,-1.500,-3.000,1.270,0.000
2025-12-04T19:12:24.401721,-1.500,-3.000,1.270,0.000
2025-12-04T19:12:24.423847,-1.500,-3.000,1.270,0.000
2025-12-04T19:12:24.457531,-1.500,-3.000,1.270,0.000
2025-12-04T19:12:24.473737,-1.500,-3.000,1.270,0.000
2025-12-04T19:12:24.520257,-1.500,-3.000,1.270,0.000
2025-12-04T19:12:24.552252,-1.500,-3.000,1.270,0.000
2025-12-04T19:12:24.559187,-1.500,-3.000,1.270,0.000
2025-12-04T19:12:24.572906,-1.500,-3.000,1.270,0.000
2025-12-04T19:12:24.603317,-1.500,-3.000,1.270,0.000
2025-12-04T19:12:25.094037,-1.500,-3.000,1.270,0.000
2025-12-04T19:12:25.149900,-1.500,-3.000,1.270,0.000
2025-12-04T19:12:25.162288,-1.500,-3.000,1.270,0.000
2025-12-04T19:12:25.185126,-1.500,-3.000,1.270,0.000
2025-12-04T19:12:25.194854,-1.500,-3.000,1.270,0.000
2025-12-04T19:12:25.205558,-1.500,-3.000,1.270,0.000
2025-12-04T19:12:25.213019,-1.500,-3.000,1.270,0.000
2025-12-04T19:12:25.233789,-1.500,-3.000,1.270,0.000
2025-12-04T19:12:25.241535,-1.500,-3.000,1.270,0.000
2025-12-04T19:12:25.248237,-1.500,-3.000,1.270,0.000
2025-12-04T19:12:25.256378,-1.500,-3.000,1.270,0.000
2025-12-04T19:12:25.264450,-1.500,-3.000,1.270,0.000
2025-12-04T19:12:25.284540,-1.500,-3.000,1.270,0.000
2025-12-04T19:12:25.292703,-1.500,-3.000,1.270,0.000
2025-12-04T19:12:25.302310,-1.500,-3.000,1.270,0.000
2025-12-04T19:12:25.312937,-1.500,-3.000,1.270,0.000
2025-12-04T19:12:25.330895,-1.500,-3.000,1.270,0.000
2025-12-04T19:12:25.342006,-1.500,-3.000,1.270,0.000
2025-12-04T19:12:25.365559,-1.500,-3.000,1.270,0.000
2025-12-04T19:12:25.377602,-1.500,-3.000,1.270,0.000
2025-12-04T19:12:25.391299,-1.500,-3.000,1.270,0.000
2025-12-04T19:12:25.407602,-1.500,-3.000,1.270,0.000
2025-12-04T19:12:25.423453,-1.500,-3.000,1.270,0.000
2025-12-04T19:12:25.436784,-1.500,-3.000,1.270,0.000
2025-12-04T19:12:25.452636,-1.500,-3.000,1.270,0.000
2025-12-04T19:12:25.468031,-1.500,-3.000,1.270,0.000
2025-12-04T19:12:25.484007,-1.500,-3.000,1.270,0.000
2025-12-04T19:12:25.501110,-1.500,-3.000,1.270,0.000
2025-12-04T19:12:25.518500,-1.500,-3.000,1.270,0.000
2025-12-04T19:12:25.536211,-1.500,-3.000,1.270,0.000
2025-12-04T19:12:25.554274,-1.500,-3.000,1.270,0.000
2025-12-04T19:12:25.572322,-1.500,-3.000,1.270,0.000
2025-12-04T19:12:25.589429,-1.500,-3.000,1.270,0.000
2025-12-04T19:12:25.606007,-1.500,-3.000,1.270,0.000
2025-12-04T19:12:25.623818,-1.500,-3.000,1.270,0.000
2025-12-04T19:12:25.640293,-1.500,-3.000,1.270,0.000
2025-12-04T19:12:25.656824,-1.500,-3.000,1.270,0.000
2025-12-04T19:12:25.672140,-1.500,-3.000,1.270,0.000
2025-12-04T19:12:25.688056,-1.500,-3.000,1.270,0.000
2025-12-04T19:12:25.702906,-1.500,-3.000,1.270,0.000
2025-12-04T19:12:25.717219,-1.500,-3.000,1.270,0.000
2025-12-04T19:12:25.732807,-1.500,-3.000,1.270,0.000
2025-12-04T19:12:25.748966,-1.500,-3.000,1.270,0.000
2025-12-04T19:12:25.766586,-1.500,-3.000,1.270,0.000
2025-12-04T19:12:25.785310,-1.500,-3.000,1.270,0.000
2025-12-04T19:12:25.803426,-1.500,-3.000,1.270,0.000
2025-12-04T19:12:25.821307,-1.500,-3.000,1.270,0.000
2025-12-04T19:12:25.839461,-1.500,-3.000,1.270,0.000
2025-12-04T19:12:25.857382,-1.500,-3.000,1.270,0.000
2025-12-04T19:12:25.873582,-1.500,-3.000,1.270,0.000
2025-12-04T19:12:25.889723,-1.500,-3.000,1.270,0.000
2025-12-04T19:12:25.906846,-1.500,-3.000,1.270,0.000
2025-12-04T19:12:25.924212,-1.500,-3.000,1.270,0.000
2025-12-04T19:12:25.939013,-1.500,-3.000,1.270,0.000
2025-12-04T19:12:25.954615,-1.500,-3.000,1.270,0.000
2025-12-04T19:12:25.969721,-1.500,-3.000,1.270,0.000
2025-12-04T19:12:25.984676,-1.500,-3.000,1.270,0.000
2025-12-04T19:12:25.998678,-1.500,-3.000,1.270,0.000
2025-12-04T19:12:26.014719,-1.500,-3.000,1.270,0.000
2025-12-04T19:12:26.032849,-1.500,-3.000,1.270,0.000
2025-12-04T19:12:26.048922,-1.500,-3.000,1.270,0.000
2025-12-04T19:12:26.066186,-1.500,-3.000,1.270,0.000
2025-12-04T19:12:26.083138,-1.500,-3.000,1.270,0.000
2025-12-04T19:12:26.103696,-1.500,-3.000,1.270,0.000
2025-12-04T19:12:26.120700,-1.500,-3.000,1.270,0.000
2025-12-04T19:12:26.138757,-1.500,-3.000,1.270,0.000
2025-12-04T19:12:26.159608,-1.500,-3.000,1.270,0.000
2025-12-04T19:12:26.175201,-1.500,-3.000,1.270,0.000
2025-12-04T19:12:26.191375,-1.500,-3.000,1.270,0.000
2025-12-04T19:12:26.208993,-1.500,-3.000,1.270,0.000
2025-12-04T19:12:26.224858,-1.500,-3.000,1.270,0.000
2025-12-04T19:12:26.241880,-1.500,-3.000,1.270,0.000
2025-12-04T19:12:26.253852,-1.500,-3.000,1.270,0.000
2025-12-04T19:12:26.267101,-1.500,-3.000,1.270,0.000
2025-12-04T19:12:26.282471,-1.500,-3.000,1.270,0.000
2025-12-04T19:12:26.298534,-1.500,-3.000,1.270,0.000
2025-12-04T19:12:26.313498,-1.500,-3.000,1.270,0.000
2025-12-04T19:12:26.331772,-1.500,-3.000,1.270,0.000
2025-12-04T19:12:26.349763,-1.500,-3.000,1.270,0.000
2025-12-04T19:12:26.366634,-1.500,-3.000,1.270,0.000
2025-12-04T19:12:26.384165,-1.500,-3.000,1.270,0.000
2025-12-04T19:12:26.401254,-1.500,-3.000,1.270,0.000
2025-12-04T19:12:26.420995,-1.500,-3.000,1.270,0.000
2025-12-04T19:12:26.439177,-1.500,-3.000,1.270,0.000
2025-12-04T19:12:26.456262,-1.500,-3.000,1.270,0.000
2025-12-04T19:12:26.472177,-1.500,-3.000,1.270,0.000
2025-12-04T19:12:26.491863,-1.500,-3.000,1.270,0.000
2025-12-04T19:12:26.506917,-1.500,-3.000,1.270,0.000
2025-12-04T19:12:26.520248,-1.500,-3.000,1.270,0.000
2025-12-04T19:12:26.535162,-1.500,-3.000,1.270,0.000
2025-12-04T19:12:26.550171,-1.500,-3.000,1.270,0.000
2025-12-04T19:12:26.564616,-1.500,-3.000,1.270,0.000
2025-12-04T19:12:26.580057,-1.500,-3.000,1.270,0.000
2025-12-04T19:12:26.594804,-1.500,-3.000,1.270,0.000
2025-12-04T19:12:26.611371,-1.500,-3.000,1.270,0.000
2025-12-04T19:12:26.627731,-1.500,-3.000,1.270,0.000
2025-12-04T19:12:26.647699,-1.500,-3.000,1.270,0.000
2025-12-04T19:12:26.662180,-1.500,-3.000,1.270,0.000
2025-12-04T19:12:26.678544,-1.500,-3.000,1.270,0.000
2025-12-04T19:12:26.696870,-1.500,-3.000,1.270,0.000
2025-12-04T19:12:26.714924,-1.500,-3.000,1.270,0.000
2025-12-04T19:12:26.733160,-1.500,-3.000,1.270,0.000
2025-12-04T19:12:26.750617,-1.500,-3.000,1.270,0.000
2025-12-04T19:12:26.768436,-1.500,-3.000,1.270,0.000
2025-12-04T19:12:26.784362,-1.500,-3.000,1.270,0.000
2025-12-04T19:12:26.801261,-1.500,-3.000,1.270,0.000
2025-12-04T19:12:26.817161,-1.500,-3.000,1.270,0.000
2025-12-04T19:12:26.833336,-1.500,-3.000,1.270,0.000
2025-12-04T19:12:26.846819,-1.500,-3.000,1.270,0.000
2025-12-04T19:12:26.861429,-1.500,-3.000,1.270,0.000
2025-12-04T19:12:26.876801,-1.500,-3.000,1.270,0.000
2025-12-04T19:12:26.893720,-1.500,-3.000,1.270,0.000
2025-12-04T19:12:26.908904,-1.500,-3.000,1.270,0.000
2025-12-04T19:12:26.923398,-1.500,-3.000,1.270,0.000
2025-12-04T19:12:26.941416,-1.500,-3.000,1.270,0.000
2025-12-04T19:12:26.959458,-1.500,-3.000,1.270,0.000
2025-12-04T19:12:26.976247,-1.500,-3.000,1.270,0.000
2025-12-04T19:12:26.991865,-1.500,-3.000,1.270,0.000
2025-12-04T19:12:27.011480,-1.500,-3.000,1.270,0.000
2025-12-04T19:12:27.029934,-1.500,-3.000,1.270,0.000
2025-12-04T19:12:27.046025,-1.500,-3.000,1.270,0.000
2025-12-04T19:12:27.064150,-1.500,-3.000,1.270,0.000
2025-12-04T19:12:27.081747,-1.500,-3.000,1.270,0.000
2025-12-04T19:12:27.097364,-1.500,-3.000,1.270,0.000
2025-12-04T19:12:27.111384,-1.500,-3.000,1.270,0.000
2025-12-04T19:12:27.125167,-1.500,-3.000,1.270,0.000
2025-12-04T19:12:27.140805,-1.500,-3.000,1.270,0.000
2025-12-04T19:12:27.156573,-1.500,-3.000,1.270,0.000
2025-12-04T19:12:27.171704,-1.500,-3.000,1.270,0.000
2025-12-04T19:12:27.187138,-1.500,-3.000,1.270,0.000
2025-12-04T19:12:27.204590,-1.500,-3.000,1.270,0.000
2025-12-04T19:12:27.222910,-1.500,-3.000,1.270,0.000
2025-12-04T19:12:27.239876,-1.500,-3.000,1.270,0.000
2025-12-04T19:12:27.257707,-1.500,-3.000,1.270,0.000
2025-12-04T19:12:27.275677,-1.500,-3.000,1.270,0.000
2025-12-04T19:12:27.295703,-1.500,-3.000,1.270,0.000
2025-12-04T19:12:27.312985,-1.500,-3.000,1.270,0.000
2025-12-04T19:12:27.329252,-1.500,-3.000,1.270,0.000
2025-12-04T19:12:27.346870,-1.500,-3.000,1.270,0.000
2025-12-04T19:12:27.364127,-1.500,-3.000,1.270,0.000
2025-12-04T19:12:27.379500,-1.500,-3.000,1.270,0.000
2025-12-04T19:12:27.396326,-1.500,-3.000,1.270,0.000
2025-12-04T19:12:27.409744,-1.500,-3.000,1.270,0.000
2025-12-04T19:12:27.425304,-1.500,-3.000,1.270,0.000
2025-12-04T19:12:27.437451,-1.500,-3.000,1.270,0.000
2025-12-04T19:12:27.452891,-1.500,-3.000,1.270,0.000
2025-12-04T19:12:27.468098,-1.500,-3.000,1.270,0.000
2025-12-04T19:12:27.484204,-1.500,-3.000,1.270,0.000
2025-12-04T19:12:27.501890,-1.500,-3.000,1.270,0.000
2025-12-04T19:12:27.519296,-1.500,-3.000,1.270,0.000
2025-12-04T19:12:27.539604,-1.500,-3.000,1.270,0.000
2025-12-04T19:12:27.556094,-1.500,-3.000,1.270,0.000
2025-12-04T19:12:27.571849,-1.500,-3.000,1.270,0.000
2025-12-04T19:12:27.589830,-1.500,-3.000,1.270,0.000
2025-12-04T19:12:27.606978,-1.500,-3.000,1.270,0.000
2025-12-04T19:12:27.625915,-1.500,-3.000,1.270,0.000
2025-12-04T19:12:27.640880,-1.500,-3.000,1.270,0.000
2025-12-04T19:12:27.656881,-1.500,-3.000,1.270,0.000
2025-12-04T19:12:27.676302,-1.500,-3.000,1.270,0.000
2025-12-04T19:12:27.687824,-1.500,-3.000,1.270,0.000
2025-12-04T19:12:27.699993,-1.500,-3.000,1.270,0.000
2025-12-04T19:12:27.715541,-1.500,-3.000,1.270,0.000
2025-12-04T19:12:27.731033,-1.500,-3.000,1.270,0.000
2025-12-04T19:12:27.748950,-1.500,-3.000,1.270,0.000
2025-12-04T19:12:27.765489,-1.500,-3.000,1.270,0.000
2025-12-04T19:12:27.781638,-1.500,-3.000,1.270,0.000
2025-12-04T19:12:27.798900,-1.500,-3.000,1.270,0.000
2025-12-04T19:12:27.817134,-1.500,-3.000,1.270,0.000
2025-12-04T19:12:27.834583,-1.500,-3.000,1.270,0.000
2025-12-04T19:12:27.852031,-1.500,-3.000,1.270,0.000
2025-12-04T19:12:27.870478,-1.500,-3.000,1.270,0.000
2025-12-04T19:12:27.886347,-1.500,-3.000,1.270,0.000
2025-12-04T19:12:27.902120,-1.500,-3.000,1.270,0.000
2025-12-04T19:12:27.922682,-1.500,-3.000,1.270,0.000
2025-12-04T19:12:27.936264,-1.500,-3.000,1.270,0.000
2025-12-04T19:12:27.951501,-1.500,-3.000,1.270,0.000
2025-12-04T19:12:28.002242,-1.500,-3.000,1.270,0.000
2025-12-04T19:12:28.014597,-1.500,-3.000,1.270,0.000
2025-12-04T19:12:28.047911,-1.500,-3.000,1.270,0.000
2025-12-04T19:12:28.059758,-1.500,-3.000,1.270,0.000
2025-12-04T19:12:28.089895,-1.500,-3.000,1.270,0.000
2025-12-04T19:12:28.102614,-1.500,-3.000,1.270,0.000
2025-12-04T19:12:28.111475,-1.500,-3.000,1.270,0.000
2025-12-04T19:12:28.145471,-1.500,-3.000,1.270,0.000
2025-12-04T19:12:28.688816,-1.500,-3.000,1.270,0.000
2025-12-04T19:12:28.693704,-1.500,-3.000,1.270,0.000
2025-12-04T19:12:28.704420,-1.500,-3.000,1.270,0.000
2025-12-04T19:12:28.744800,-1.500,-3.000,1.270,0.000
2025-12-04T19:12:28.752310,-1.500,-3.000,1.270,0.000
2025-12-04T19:12:28.758882,-1.500,-3.000,1.270,0.000
2025-12-04T19:12:28.766941,-1.500,-3.000,1.270,0.000
2025-12-04T19:12:28.771475,-1.500,-3.000,1.270,0.000
2025-12-04T19:12:28.776728,-1.500,-3.000,1.270,0.000
2025-12-04T19:12:28.782472,-1.500,-3.000,1.270,0.000
2025-12-04T19:12:28.790370,-1.500,-3.000,1.270,0.000
2025-12-04T19:12:28.797196,-1.500,-3.000,1.270,0.000
2025-12-04T19:12:28.804473,-1.500,-3.000,1.270,0.000
2025-12-04T19:12:28.812411,-1.500,-3.000,1.270,0.000
2025-12-04T19:12:28.821979,-1.500,-3.000,1.270,0.000
2025-12-04T19:12:28.831139,-1.500,-3.000,1.270,0.000
2025-12-04T19:12:28.841150,-1.500,-3.000,1.270,0.000
2025-12-04T19:12:28.851024,-1.500,-3.000,1.270,0.000
2025-12-04T19:12:28.862422,-1.500,-3.000,1.270,0.000
2025-12-04T19:12:28.874528,-1.500,-3.000,1.270,0.000
2025-12-04T19:12:28.885842,-1.500,-3.000,1.270,0.000
2025-12-04T19:12:28.898468,-1.500,-3.000,1.270,0.000
2025-12-04T19:12:28.912153,-1.500,-3.000,1.270,0.000
2025-12-04T19:12:28.924733,-1.500,-3.000,1.270,0.000
2025-12-04T19:12:28.938965,-1.500,-3.000,1.270,0.000
2025-12-04T19:12:28.957131,-1.500,-3.000,1.270,0.000
2025-12-04T19:12:28.973423,-1.500,-3.000,1.270,0.000
2025-12-04T19:12:28.988058,-1.500,-3.000,1.270,0.000
2025-12-04T19:12:29.004864,-1.500,-3.000,1.270,0.000
2025-12-04T19:12:29.022070,-1.500,-3.000,1.270,0.000
2025-12-04T19:12:29.041790,-1.500,-3.000,1.270,0.000
2025-12-04T19:12:29.057692,-1.500,-3.000,1.270,0.000
2025-12-04T19:12:29.074181,-1.500,-3.000,1.270,0.000
2025-12-04T19:12:29.091606,-1.500,-3.000,1.270,0.000
2025-12-04T19:12:29.109525,-1.500,-3.000,1.270,0.000
2025-12-04T19:12:29.127220,-1.500,-3.000,1.270,0.000
2025-12-04T19:12:29.143326,-1.500,-3.000,1.270,0.000
2025-12-04T19:12:29.160338,-1.500,-3.000,1.270,0.000
2025-12-04T19:12:29.174788,-1.500,-3.000,1.270,0.000
2025-12-04T19:12:29.190727,-1.500,-3.000,1.270,0.000
2025-12-04T19:12:29.205174,-1.500,-3.000,1.270,0.000
2025-12-04T19:12:29.221223,-1.500,-3.000,1.270,0.000
2025-12-04T19:12:29.254552,-1.500,-3.000,1.270,0.000
2025-12-04T19:12:29.266430,-1.500,-3.000,1.270,0.000
2025-12-04T19:12:29.281363,-1.500,-3.000,1.270,0.000
2025-12-04T19:12:29.299542,-1.500,-3.000,1.270,0.000
2025-12-04T19:12:29.313452,-1.500,-3.000,1.270,0.000
2025-12-04T19:12:29.327939,-1.500,-3.000,1.270,0.000
2025-12-04T19:12:29.340250,-1.500,-3.000,1.270,0.000
2025-12-04T19:12:29.354524,-1.500,-3.000,1.270,0.000
2025-12-04T19:12:29.367143,-1.500,-3.000,1.270,0.000
2025-12-04T19:12:29.380365,-1.500,-3.000,1.270,0.000
2025-12-04T19:12:29.393275,-1.500,-3.000,1.270,0.000
2025-12-04T19:12:29.407853,-1.500,-3.000,1.270,0.000
2025-12-04T19:12:29.422181,-1.500,-3.000,1.270,0.000
2025-12-04T19:12:29.438109,-1.500,-3.000,1.270,0.000
2025-12-04T19:12:29.454009,-1.500,-3.000,1.270,0.000
2025-12-04T19:12:29.469011,-1.500,-3.000,1.270,0.000
2025-12-04T19:12:29.487790,-1.500,-3.000,1.270,0.000
2025-12-04T19:12:29.504125,-1.500,-3.000,1.270,0.000
2025-12-04T19:12:29.522411,-1.500,-3.000,1.270,0.000
2025-12-04T19:12:29.540126,-1.500,-3.000,1.270,0.000
2025-12-04T19:12:29.557078,-1.500,-3.000,1.270,0.000
2025-12-04T19:12:29.580278,-1.500,-3.000,1.270,0.000
2025-12-04T19:12:29.597188,-1.500,-3.000,1.270,0.000
2025-12-04T19:12:29.612093,-1.500,-3.000,1.270,0.000
2025-12-04T19:12:29.627352,-1.500,-3.000,1.270,0.000
2025-12-04T19:12:29.641588,-1.500,-3.000,1.270,0.000
2025-12-04T19:12:29.658787,-1.500,-3.000,1.270,0.000
2025-12-04T19:12:29.671621,-1.500,-3.000,1.270,0.000
2025-12-04T19:12:29.685264,-1.500,-3.000,1.270,0.000
2025-12-04T19:12:29.701206,-1.500,-3.000,1.270,0.000
2025-12-04T19:12:29.715340,-1.500,-3.000,1.270,0.000
2025-12-04T19:12:29.730823,-1.500,-3.000,1.270,0.000
2025-12-04T19:12:29.745816,-1.500,-3.000,1.270,0.000
2025-12-04T19:12:29.764416,-1.500,-3.000,1.270,0.000
2025-12-04T19:12:29.779393,-1.500,-3.000,1.270,0.000
2025-12-04T19:12:29.798365,-1.500,-3.000,1.270,0.000
2025-12-04T19:12:29.812720,-1.500,-3.000,1.270,0.000
2025-12-04T19:12:29.831612,-1.500,-3.000,1.270,0.000
2025-12-04T19:12:29.847778,-1.500,-3.000,1.270,0.000
2025-12-04T19:12:29.866320,-1.500,-3.000,1.270,0.000
2025-12-04T19:12:29.883082,-1.500,-3.000,1.270,0.000
2025-12-04T19:12:29.900465,-1.500,-3.000,1.270,0.000
2025-12-04T19:12:29.916376,-1.500,-3.000,1.270,0.000
2025-12-04T19:12:29.931844,-1.500,-3.000,1.270,0.000
2025-12-04T19:12:29.948255,-1.500,-3.000,1.270,0.000
2025-12-04T19:12:29.963313,-1.500,-3.000,1.270,0.000
2025-12-04T19:12:29.978183,-1.500,-3.000,1.270,0.000
2025-12-04T19:12:29.992288,-1.500,-3.000,1.270,0.000
2025-12-04T19:12:30.009360,-1.500,-3.000,1.270,0.000
2025-12-04T19:12:30.025618,-1.500,-3.000,1.270,0.000
2025-12-04T19:12:30.043768,-1.500,-3.000,1.270,0.000
2025-12-04T19:12:30.061433,-1.500,-3.000,1.270,0.000
2025-12-04T19:12:30.081092,-1.500,-3.000,1.270,0.000
2025-12-04T19:12:30.099398,-1.500,-3.000,1.270,0.000
2025-12-04T19:12:30.115544,-1.500,-3.000,1.270,0.000
2025-12-04T19:12:30.134049,-1.500,-3.000,1.270,0.000
2025-12-04T19:12:30.150183,-1.500,-3.000,1.270,0.000
2025-12-04T19:12:30.168084,-1.500,-3.000,1.270,0.000
2025-12-04T19:12:30.184403,-1.500,-3.000,1.270,0.000
2025-12-04T19:12:30.198796,-1.500,-3.000,1.270,0.000
2025-12-04T19:12:30.215041,-1.500,-3.000,1.270,0.000
2025-12-04T19:12:30.231090,-1.500,-3.000,1.270,0.000
2025-12-04T19:12:30.246321,-1.500,-3.000,1.270,0.000
2025-12-04T19:12:30.262132,-1.500,-3.000,1.270,0.000
2025-12-04T19:12:30.278823,-1.500,-3.000,1.270,0.000
2025-12-04T19:12:30.294397,-1.500,-3.000,1.270,0.000
2025-12-04T19:12:30.313009,-1.500,-3.000,1.270,0.000
2025-12-04T19:12:30.331172,-1.500,-3.000,1.270,0.000
2025-12-04T19:12:30.349020,-1.500,-3.000,1.270,0.000
2025-12-04T19:12:30.364392,-1.500,-3.000,1.270,0.000
2025-12-04T19:12:30.380824,-1.500,-3.000,1.270,0.000
2025-12-04T19:12:30.399398,-1.500,-3.000,1.270,0.000
2025-12-04T19:12:30.413974,-1.500,-3.000,1.270,0.000
2025-12-04T19:12:30.430671,-1.500,-3.000,1.270,0.000
2025-12-04T19:12:30.445105,-1.500,-3.000,1.270,0.000
2025-12-04T19:12:30.460006,-1.500,-3.000,1.270,0.000
2025-12-04T19:12:30.477137,-1.500,-3.000,1.270,0.000
2025-12-04T19:12:30.502109,-1.500,-3.000,1.270,0.000
2025-12-04T19:12:30.513349,-1.500,-3.000,1.270,0.000
2025-12-04T19:12:30.528549,-1.500,-3.000,1.270,0.000
2025-12-04T19:12:30.543560,-1.500,-3.000,1.270,0.000
2025-12-04T19:12:30.559170,-1.500,-3.000,1.270,0.000
2025-12-04T19:12:30.576232,-1.500,-3.000,1.270,0.000
2025-12-04T19:12:30.591971,-1.500,-3.000,1.270,0.000
2025-12-04T19:12:30.606342,-1.500,-3.000,1.270,0.000
2025-12-04T19:12:30.622305,-1.500,-3.000,1.270,0.000
2025-12-04T19:12:30.639342,-1.500,-3.000,1.270,0.000
2025-12-04T19:12:30.656466,-1.500,-3.000,1.270,0.000
2025-12-04T19:12:30.673792,-1.500,-3.000,1.270,0.000
2025-12-04T19:12:30.691560,-1.500,-3.000,1.270,0.000
2025-12-04T19:12:30.710066,-1.500,-3.000,1.270,0.000
2025-12-04T19:12:30.729208,-1.500,-3.000,1.270,0.000
2025-12-04T19:12:30.744238,-1.500,-3.000,1.270,0.000
2025-12-04T19:12:30.761683,-1.500,-3.000,1.270,0.000
2025-12-04T19:12:30.778232,-1.500,-3.000,1.270,0.000
2025-12-04T19:12:30.802629,-1.500,-3.000,1.270,0.000
2025-12-04T19:12:30.815417,-1.500,-3.000,1.270,0.000
2025-12-04T19:12:30.830599,-1.500,-3.000,1.270,0.000
2025-12-04T19:12:30.842130,-1.500,-3.000,1.270,0.000
2025-12-04T19:12:30.858975,-1.500,-3.000,1.270,0.000
2025-12-04T19:12:30.871878,-1.500,-3.000,1.270,0.000
2025-12-04T19:12:30.886200,-1.500,-3.000,1.270,0.000
2025-12-04T19:12:30.899775,-1.500,-3.000,1.270,0.000
2025-12-04T19:12:30.916985,-1.500,-3.000,1.270,0.000
2025-12-04T19:12:30.933998,-1.500,-3.000,1.270,0.000
2025-12-04T19:12:30.952397,-1.500,-3.000,1.270,0.000
2025-12-04T19:12:30.969503,-1.500,-3.000,1.270,0.000
2025-12-04T19:12:30.986408,-1.500,-3.000,1.270,0.000
2025-12-04T19:12:31.005329,-1.500,-3.000,1.270,0.000
2025-12-04T19:12:31.023402,-1.500,-3.000,1.270,0.000
2025-12-04T19:12:31.040926,-1.500,-3.000,1.270,0.000
2025-12-04T19:12:31.058149,-1.500,-3.000,1.270,0.000
2025-12-04T19:12:31.075284,-1.500,-3.000,1.270,0.000
2025-12-04T19:12:31.093381,-1.500,-3.000,1.270,0.000
2025-12-04T19:12:31.108698,-1.500,-3.000,1.270,0.000
2025-12-04T19:12:31.122338,-1.500,-3.000,1.270,0.000
2025-12-04T19:12:31.138247,-1.500,-3.000,1.270,0.000
2025-12-04T19:12:31.153820,-1.500,-3.000,1.270,0.000
2025-12-04T19:12:31.169605,-1.500,-3.000,1.270,0.000
2025-12-04T19:12:31.186839,-1.500,-3.000,1.270,0.000
2025-12-04T19:12:31.204303,-1.500,-3.000,1.270,0.000
2025-12-04T19:12:31.222038,-1.500,-3.000,1.270,0.000
2025-12-04T19:12:31.239664,-1.500,-3.000,1.270,0.000
2025-12-04T19:12:31.257419,-1.500,-3.000,1.270,0.000
2025-12-04T19:12:31.275232,-1.500,-3.000,1.270,0.000
2025-12-04T19:12:31.294027,-1.500,-3.000,1.270,0.000
2025-12-04T19:12:31.308049,-1.500,-3.000,1.270,0.000
2025-12-04T19:12:31.324718,-1.500,-3.000,1.270,0.000
2025-12-04T19:12:31.340941,-1.500,-3.000,1.270,0.000
2025-12-04T19:12:31.357154,-1.500,-3.000,1.270,0.000
2025-12-04T19:12:31.372342,-1.500,-3.000,1.270,0.000
2025-12-04T19:12:31.388209,-1.500,-3.000,1.270,0.000
2025-12-04T19:12:31.403012,-1.500,-3.000,1.270,0.000
2025-12-04T19:12:31.425310,-1.500,-3.000,1.270,0.000
2025-12-04T19:12:31.439997,-1.500,-3.000,1.270,0.000
2025-12-04T19:12:31.456789,-1.500,-3.000,1.270,0.000
2025-12-04T19:12:31.475102,-1.500,-3.000,1.270,0.000
2025-12-04T19:12:31.491000,-1.500,-3.000,1.270,0.000
2025-12-04T19:12:31.507222,-1.500,-3.000,1.270,0.000
2025-12-04T19:12:31.522079,-1.500,-3.000,1.270,0.000
2025-12-04T19:12:31.536969,-1.500,-3.000,1.270,0.000
2025-12-04T19:12:31.552562,-1.500,-3.000,1.270,0.000
2025-12-04T19:12:31.566623,-1.500,-3.000,1.270,0.000
2025-12-04T19:12:31.583048,-1.500,-3.000,1.270,0.000
2025-12-04T19:12:31.599397,-1.500,-3.000,1.270,0.000
2025-12-04T19:12:31.614906,-1.500,-3.000,1.270,0.000
2025-12-04T19:12:31.630035,-1.500,-3.000,1.270,0.000
2025-12-04T19:12:31.648171,-1.500,-3.000,1.270,0.000
2025-12-04T19:12:31.665085,-1.500,-3.000,1.270,0.000
2025-12-04T19:12:31.681295,-1.500,-3.000,1.270,0.000
2025-12-04T19:12:31.699014,-1.500,-3.000,1.270,0.000
2025-12-04T19:12:31.715900,-1.500,-3.000,1.270,0.000
2025-12-04T19:12:31.734090,-1.500,-3.000,1.270,0.000
2025-12-04T19:12:31.752384,-1.500,-3.000,1.270,0.000
2025-12-04T19:12:31.769298,-1.500,-3.000,1.270,0.000
2025-12-04T19:12:31.786605,-1.500,-3.000,1.270,0.000
2025-12-04T19:12:31.802450,-1.500,-3.000,1.270,0.000
2025-12-04T19:12:31.818794,-1.500,-3.000,1.270,0.000
2025-12-04T19:12:31.831127,-1.500,-3.000,1.270,0.000
2025-12-04T19:12:31.846981,-1.500,-3.000,1.270,0.000
2025-12-04T19:12:31.861042,-1.500,-3.000,1.270,0.000
2025-12-04T19:12:31.878568,-1.500,-3.000,1.270,0.000
2025-12-04T19:12:31.894299,-1.500,-3.000,1.270,0.000
2025-12-04T19:12:31.911207,-1.500,-3.000,1.270,0.000
2025-12-04T19:12:31.930094,-1.500,-3.000,1.270,0.000
2025-12-04T19:12:31.945242,-1.500,-3.000,1.270,0.000
2025-12-04T19:12:31.961944,-1.500,-3.000,1.270,0.000
2025-12-04T19:12:31.978763,-1.500,-3.000,1.270,0.000
2025-12-04T19:12:31.994803,-1.500,-3.000,1.270,0.000
2025-12-04T19:12:32.013494,-1.500,-3.000,1.270,0.000
2025-12-04T19:12:32.028371,-1.500,-3.000,1.270,0.000
2025-12-04T19:12:32.048816,-1.500,-3.000,1.270,0.000
2025-12-04T19:12:32.062698,-1.500,-3.000,1.270,0.000
2025-12-04T19:12:32.078323,-1.500,-3.000,1.270,0.000
2025-12-04T19:12:32.092965,-1.500,-3.000,1.270,0.000
2025-12-04T19:12:32.106595,-1.500,-3.000,1.270,0.000
2025-12-04T19:12:32.123399,-1.500,-3.000,1.270,0.000
2025-12-04T19:12:32.139292,-1.500,-3.000,1.270,0.000
2025-12-04T19:12:32.157578,-1.500,-3.000,1.270,0.000
2025-12-04T19:12:32.175964,-1.500,-3.000,1.270,0.000
2025-12-04T19:12:32.193638,-1.500,-3.000,1.270,0.000
2025-12-04T19:12:32.211102,-1.500,-3.000,1.270,0.000
2025-12-04T19:12:32.228940,-1.500,-3.000,1.270,0.000
2025-12-04T19:12:32.247700,-1.500,-3.000,1.270,0.000
2025-12-04T19:12:32.264054,-1.500,-3.000,1.270,0.000
2025-12-04T19:12:32.282135,-1.500,-3.000,1.270,0.000
2025-12-04T19:12:32.297115,-1.500,-3.000,1.270,0.000
2025-12-04T19:12:32.313704,-1.500,-3.000,1.270,0.000
2025-12-04T19:12:32.329558,-1.500,-3.000,1.270,0.000
2025-12-04T19:12:32.352310,-1.500,-3.000,1.270,0.000
2025-12-04T19:12:32.366892,-1.500,-3.000,1.270,0.000
2025-12-04T19:12:32.380897,-1.500,-3.000,1.270,0.000
2025-12-04T19:12:32.394696,-1.500,-3.000,1.270,0.000
2025-12-04T19:12:32.409054,-1.500,-3.000,1.270,0.000
2025-12-04T19:12:32.423195,-1.500,-3.000,1.270,0.000
2025-12-04T19:12:32.438284,-1.500,-3.000,1.270,0.000
2025-12-04T19:12:32.456478,-1.500,-3.000,1.270,0.000
2025-12-04T19:12:32.471563,-1.500,-3.000,1.270,0.000
2025-12-04T19:12:32.489233,-1.500,-3.000,1.270,0.000
2025-12-04T19:12:32.502764,-1.500,-3.000,1.270,0.000
2025-12-04T19:12:32.519590,-1.500,-3.000,1.270,0.000
2025-12-04T19:12:32.536776,-1.500,-3.000,1.270,0.000
2025-12-04T19:12:32.553897,-1.500,-3.000,1.270,0.000
2025-12-04T19:12:32.571820,-1.500,-3.000,1.270,0.000
2025-12-04T19:12:32.590160,-1.500,-3.000,1.270,0.000
2025-12-04T19:12:32.607037,-1.500,-3.000,1.270,0.000
2025-12-04T19:12:32.623041,-1.500,-3.000,1.270,0.000
2025-12-04T19:12:32.639528,-1.500,-3.000,1.270,0.000
2025-12-04T19:12:32.653611,-1.500,-3.000,1.270,0.000
2025-12-04T19:12:32.668308,-1.500,-3.000,1.270,0.000
2025-12-04T19:12:32.682960,-1.500,-3.000,1.270,0.000
2025-12-04T19:12:32.699618,-1.500,-3.000,1.270,0.000
2025-12-04T19:12:32.717033,-1.500,-3.000,1.270,0.000
2025-12-04T19:12:32.735290,-1.500,-3.000,1.270,0.000
2025-12-04T19:12:32.751575,-1.500,-3.000,1.270,0.000
2025-12-04T19:12:32.769100,-1.500,-3.000,1.270,0.000
2025-12-04T19:12:32.787246,-1.500,-3.000,1.270,0.000
2025-12-04T19:12:32.809659,-1.500,-3.000,1.270,0.000
2025-12-04T19:12:32.822035,-1.500,-3.000,1.270,0.000
2025-12-04T19:12:32.838228,-1.500,-3.000,1.270,0.000
2025-12-04T19:12:32.856452,-1.500,-3.000,1.270,0.000
2025-12-04T19:12:32.874247,-1.500,-3.000,1.270,0.000
2025-12-04T19:12:32.889650,-1.500,-3.000,1.270,0.000
2025-12-04T19:12:32.904981,-1.500,-3.000,1.270,0.000
2025-12-04T19:12:32.920835,-1.500,-3.000,1.270,0.000
2025-12-04T19:12:32.937440,-1.500,-3.000,1.270,0.000
2025-12-04T19:12:32.951534,-1.500,-3.000,1.270,0.000
2025-12-04T19:12:32.975300,-1.500,-3.000,1.270,0.000
2025-12-04T19:12:32.989932,-1.500,-3.000,1.270,0.000
2025-12-04T19:12:33.007460,-1.500,-3.000,1.270,0.000
2025-12-04T19:12:33.018787,-1.500,-3.000,1.270,0.000
2025-12-04T19:12:33.034686,-1.500,-3.000,1.270,0.000
2025-12-04T19:12:33.050390,-1.500,-3.000,1.270,0.000
2025-12-04T19:12:33.066959,-1.500,-3.000,1.270,0.000
2025-12-04T19:12:33.081586,-1.500,-3.000,1.270,0.000
2025-12-04T19:12:33.095680,-1.500,-3.000,1.270,0.000
2025-12-04T19:12:33.111650,-1.500,-3.000,1.270,0.000
2025-12-04T19:12:33.127189,-1.500,-3.000,1.270,0.000
2025-12-04T19:12:33.144201,-1.500,-3.000,1.270,0.000
2025-12-04T19:12:33.161021,-1.500,-3.000,1.270,0.000
2025-12-04T19:12:33.178150,-1.500,-3.000,1.270,0.000
2025-12-04T19:12:33.195726,-1.500,-3.000,1.270,0.000
2025-12-04T19:12:33.213023,-1.500,-3.000,1.270,0.000
2025-12-04T19:12:33.232975,-1.500,-3.000,1.270,0.000
2025-12-04T19:12:33.250127,-1.500,-3.000,1.270,0.000
2025-12-04T19:12:33.268310,-1.500,-3.000,1.270,0.000
2025-12-04T19:12:33.286196,-1.500,-3.000,1.270,0.000
2025-12-04T19:12:33.301129,-1.500,-3.000,1.270,0.000
2025-12-04T19:12:33.318373,-1.500,-3.000,1.270,0.000
2025-12-04T19:12:33.333514,-1.500,-3.000,1.270,0.000
2025-12-04T19:12:33.348925,-1.500,-3.000,1.270,0.000
2025-12-04T19:12:33.363789,-1.500,-3.000,1.270,0.000
2025-12-04T19:12:33.378646,-1.500,-3.000,1.270,0.000
2025-12-04T19:12:33.395671,-1.500,-3.000,1.270,0.000
2025-12-04T19:12:33.411846,-1.500,-3.000,1.270,0.000
2025-12-04T19:12:33.429061,-1.500,-3.000,1.270,0.000
2025-12-04T19:12:33.447873,-1.500,-3.000,1.270,0.000
2025-12-04T19:12:33.465582,-1.500,-3.000,1.270,0.000
2025-12-04T19:12:33.481387,-1.500,-3.000,1.270,0.000
2025-12-04T19:12:33.500203,-1.500,-3.000,1.270,0.000
2025-12-04T19:12:33.516059,-1.500,-3.000,1.270,0.000
2025-12-04T19:12:33.534799,-1.500,-3.000,1.270,0.000
2025-12-04T19:12:33.552133,-1.500,-3.000,1.270,0.000
2025-12-04T19:12:33.567896,-1.500,-3.000,1.270,0.000
2025-12-04T19:12:33.584963,-1.500,-3.000,1.270,0.000
2025-12-04T19:12:33.599422,-1.500,-3.000,1.270,0.000
2025-12-04T19:12:33.614613,-1.500,-3.000,1.270,0.000
2025-12-04T19:12:33.630066,-1.500,-3.000,1.270,0.000
2025-12-04T19:12:33.645752,-1.500,-3.000,1.270,0.000
2025-12-04T19:12:33.664107,-1.500,-3.000,1.270,0.000
2025-12-04T19:12:33.678814,-1.500,-3.000,1.270,0.000
2025-12-04T19:12:33.696695,-1.500,-3.000,1.270,0.000
2025-12-04T19:12:33.713370,-1.500,-3.000,1.270,0.000
2025-12-04T19:12:33.731842,-1.500,-3.000,1.270,0.000
2025-12-04T19:12:33.749138,-1.500,-3.000,1.270,0.000
2025-12-04T19:12:33.766654,-1.500,-3.000,1.270,0.000
2025-12-04T19:12:33.783731,-1.500,-3.000,1.270,0.000
2025-12-04T19:12:33.802345,-1.500,-3.000,1.270,0.000
2025-12-04T19:12:33.817603,-1.500,-3.000,1.270,0.000
2025-12-04T19:12:33.837398,-1.500,-3.000,1.270,0.000
2025-12-04T19:12:33.853607,-1.500,-3.000,1.270,0.000
2025-12-04T19:12:33.868826,-1.500,-3.000,1.270,0.000
2025-12-04T19:12:33.885072,-1.500,-3.000,1.270,0.000
2025-12-04T19:12:33.899558,-1.500,-3.000,1.270,0.000
2025-12-04T19:12:33.914121,-1.500,-3.000,1.270,0.000
2025-12-04T19:12:33.929293,-1.500,-3.000,1.270,0.000
2025-12-04T19:12:33.941454,-1.500,-3.000,1.270,0.000
2025-12-04T19:12:33.956159,-1.500,-3.000,1.270,0.000
2025-12-04T19:12:33.973625,-1.500,-3.000,1.270,0.000
2025-12-04T19:12:33.988606,-1.500,-3.000,1.270,0.000
2025-12-04T19:12:34.005459,-1.500,-3.000,1.270,0.000
2025-12-04T19:12:34.021067,-1.500,-3.000,1.270,0.000
2025-12-04T19:12:34.039220,-1.500,-3.000,1.270,0.000
2025-12-04T19:12:34.057539,-1.500,-3.000,1.270,0.000
2025-12-04T19:12:34.074090,-1.500,-3.000,1.270,0.000
2025-12-04T19:12:34.091278,-1.500,-3.000,1.270,0.000
2025-12-04T19:12:34.109097,-1.500,-3.000,1.270,0.000
2025-12-04T19:12:34.126646,-1.500,-3.000,1.270,0.000
2025-12-04T19:12:34.144230,-1.500,-3.000,1.270,0.000
2025-12-04T19:12:34.160706,-1.500,-3.000,1.270,0.000
2025-12-04T19:12:34.176170,-1.500,-3.000,1.270,0.000
2025-12-04T19:12:34.195939,-1.500,-3.000,1.270,0.000
2025-12-04T19:12:34.208567,-1.500,-3.000,1.270,0.000
2025-12-04T19:12:34.222731,-1.500,-3.000,1.270,0.000
2025-12-04T19:12:34.236250,-1.500,-3.000,1.270,0.000
2025-12-04T19:12:34.251218,-1.500,-3.000,1.270,0.000
2025-12-04T19:12:34.266092,-1.500,-3.000,1.270,0.000
2025-12-04T19:12:34.282283,-1.500,-3.000,1.270,0.000
2025-12-04T19:12:34.299462,-1.500,-3.000,1.270,0.000
2025-12-04T19:12:34.318359,-1.500,-3.000,1.270,0.000
2025-12-04T19:12:34.333748,-1.500,-3.000,1.270,0.000
2025-12-04T19:12:34.351141,-1.500,-3.000,1.270,0.000
2025-12-04T19:12:34.369770,-1.500,-3.000,1.270,0.000
2025-12-04T19:12:34.387945,-1.500,-3.000,1.270,0.000
2025-12-04T19:12:34.406109,-1.500,-3.000,1.270,0.000
2025-12-04T19:12:34.421685,-1.500,-3.000,1.270,0.000
2025-12-04T19:12:34.438712,-1.500,-3.000,1.270,0.000
2025-12-04T19:12:34.455425,-1.500,-3.000,1.270,0.000
2025-12-04T19:12:34.471654,-1.500,-3.000,1.270,0.000
2025-12-04T19:12:34.485940,-1.500,-3.000,1.270,0.000
2025-12-04T19:12:34.500149,-1.500,-3.000,1.270,0.000
2025-12-04T19:12:34.512044,-1.500,-3.000,1.270,0.000
2025-12-04T19:12:34.526614,-1.500,-3.000,1.270,0.000
2025-12-04T19:12:34.543434,-1.500,-3.000,1.270,0.000
2025-12-04T19:12:34.560120,-1.500,-3.000,1.270,0.000
2025-12-04T19:12:34.577025,-1.500,-3.000,1.270,0.000
2025-12-04T19:12:34.595053,-1.500,-3.000,1.270,0.000
2025-12-04T19:12:34.612280,-1.500,-3.000,1.270,0.000
2025-12-04T19:12:34.628441,-1.500,-3.000,1.270,0.000
2025-12-04T19:12:34.645790,-1.500,-3.000,1.270,0.000
2025-12-04T19:12:34.663763,-1.500,-3.000,1.270,0.000
2025-12-04T19:12:34.681823,-1.500,-3.000,1.270,0.000
2025-12-04T19:12:34.699816,-1.500,-3.000,1.270,0.000
2025-12-04T19:12:34.716413,-1.500,-3.000,1.270,0.000
2025-12-04T19:12:34.730398,-1.500,-3.000,1.270,0.000
2025-12-04T19:12:34.746977,-1.500,-3.000,1.270,0.000
2025-12-04T19:12:34.761582,-1.500,-3.000,1.270,0.000
2025-12-04T19:12:34.778627,-1.500,-3.000,1.270,0.000
2025-12-04T19:12:34.793878,-1.500,-3.000,1.270,0.000
2025-12-04T19:12:34.816260,-1.500,-3.000,1.270,0.000
2025-12-04T19:12:34.830148,-1.500,-3.000,1.270,0.000
2025-12-04T19:12:34.848693,-1.500,-3.000,1.270,0.000
2025-12-04T19:12:34.863308,-1.500,-3.000,1.270,0.000
2025-12-04T19:12:34.881089,-1.500,-3.000,1.270,0.000
2025-12-04T19:12:34.895723,-1.500,-3.000,1.270,0.000
2025-12-04T19:12:34.914091,-1.500,-3.000,1.270,0.000
2025-12-04T19:12:34.925240,-1.500,-3.000,1.270,0.000
2025-12-04T19:12:34.941396,-1.500,-3.000,1.270,0.000
2025-12-04T19:12:34.956866,-1.500,-3.000,1.270,0.000
2025-12-04T19:12:34.974389,-1.500,-3.000,1.270,0.000
2025-12-04T19:12:34.992055,-1.500,-3.000,1.270,0.000
2025-12-04T19:12:35.008256,-1.500,-3.000,1.270,0.000
2025-12-04T19:12:35.026929,-1.500,-3.000,1.270,0.000
2025-12-04T19:12:35.044181,-1.500,-3.000,1.270,0.000
2025-12-04T19:12:35.060865,-1.500,-3.000,1.270,0.000
2025-12-04T19:12:35.078234,-1.500,-3.000,1.270,0.000
2025-12-04T19:12:35.097759,-1.500,-3.000,1.270,0.000
2025-12-04T19:12:35.115687,-1.500,-3.000,1.270,0.000
2025-12-04T19:12:35.129964,-1.500,-3.000,1.270,0.000
2025-12-04T19:12:35.145103,-1.500,-3.000,1.270,0.000
2025-12-04T19:12:35.160626,-1.500,-3.000,1.270,0.000
2025-12-04T19:12:35.176171,-1.500,-3.000,1.270,0.000
2025-12-04T19:12:35.191147,-1.500,-3.000,1.270,0.000
2025-12-04T19:12:35.205441,-1.500,-3.000,1.270,0.000
2025-12-04T19:12:35.219482,-1.500,-3.000,1.270,0.000
2025-12-04T19:12:35.235221,-1.500,-3.000,1.270,0.000
2025-12-04T19:12:35.250712,-1.500,-3.000,1.270,0.000
2025-12-04T19:12:35.266336,-1.500,-3.000,1.270,0.000
2025-12-04T19:12:35.283016,-1.500,-3.000,1.270,0.000
2025-12-04T19:12:35.300638,-1.500,-3.000,1.270,0.000
2025-12-04T19:12:35.317910,-1.500,-3.000,1.270,0.000
2025-12-04T19:12:35.335231,-1.500,-3.000,1.270,0.000
2025-12-04T19:12:35.352578,-1.500,-3.000,1.270,0.000
2025-12-04T19:12:35.369943,-1.500,-3.000,1.270,0.000
2025-12-04T19:12:35.386242,-1.500,-3.000,1.270,0.000
2025-12-04T19:12:35.402960,-1.500,-3.000,1.270,0.000
2025-12-04T19:12:35.418976,-1.500,-3.000,1.270,0.000
2025-12-04T19:12:35.435888,-1.500,-3.000,1.270,0.000
2025-12-04T19:12:35.451872,-1.500,-3.000,1.270,0.000
2025-12-04T19:12:35.468221,-1.500,-3.000,1.270,0.000
2025-12-04T19:12:35.483290,-1.500,-3.000,1.270,0.000
2025-12-04T19:12:35.499468,-1.500,-3.000,1.270,0.000
2025-12-04T19:12:35.514623,-1.500,-3.000,1.270,0.000
2025-12-04T19:12:35.532811,-1.500,-3.000,1.270,0.000
2025-12-04T19:12:35.548589,-1.500,-3.000,1.270,0.000
2025-12-04T19:12:35.565271,-1.500,-3.000,1.270,0.000
2025-12-04T19:12:35.582582,-1.500,-3.000,1.270,0.000
2025-12-04T19:12:35.600259,-1.500,-3.000,1.270,0.000
2025-12-04T19:12:35.619915,-1.500,-3.000,1.270,0.000
2025-12-04T19:12:35.637130,-1.500,-3.000,1.270,0.000
2025-12-04T19:12:35.654906,-1.500,-3.000,1.270,0.000
2025-12-04T19:12:35.671158,-1.500,-3.000,1.270,0.000
2025-12-04T19:12:35.688434,-1.500,-3.000,1.270,0.000
2025-12-04T19:12:35.704737,-1.500,-3.000,1.270,0.000
2025-12-04T19:12:35.719921,-1.500,-3.000,1.270,0.000
2025-12-04T19:12:35.734240,-1.500,-3.000,1.270,0.000
2025-12-04T19:12:35.749964,-1.500,-3.000,1.270,0.000
2025-12-04T19:12:35.765122,-1.500,-3.000,1.270,0.000
2025-12-04T19:12:35.780256,-1.500,-3.000,1.270,0.000
2025-12-04T19:12:35.796519,-1.500,-3.000,1.270,0.000
2025-12-04T19:12:35.814545,-1.500,-3.000,1.270,0.000
2025-12-04T19:12:35.831437,-1.500,-3.000,1.270,0.000
2025-12-04T19:12:35.846542,-1.500,-3.000,1.270,0.000
2025-12-04T19:12:35.866337,-1.500,-3.000,1.270,0.000
2025-12-04T19:12:35.881850,-1.500,-3.000,1.270,0.000
2025-12-04T19:12:35.899849,-1.500,-3.000,1.270,0.000
2025-12-04T19:12:35.916061,-1.500,-3.000,1.270,0.000
2025-12-04T19:12:35.934380,-1.500,-3.000,1.270,0.000
2025-12-04T19:12:35.949961,-1.500,-3.000,1.270,0.000
2025-12-04T19:12:35.967349,-1.500,-3.000,1.270,0.000
2025-12-04T19:12:35.984213,-1.500,-3.000,1.270,0.000
2025-12-04T19:12:35.999763,-1.500,-3.000,1.270,0.000
2025-12-04T19:12:36.015157,-1.500,-3.000,1.270,0.000
2025-12-04T19:12:36.039417,-1.500,-3.000,1.270,0.000
2025-12-04T19:12:36.053351,-1.500,-3.000,1.270,0.000
2025-12-04T19:12:36.065939,-1.500,-3.000,1.270,0.000
2025-12-04T19:12:36.081064,-1.500,-3.000,1.270,0.000
2025-12-04T19:12:36.097857,-1.500,-3.000,1.270,0.000
2025-12-04T19:12:36.112005,-1.500,-3.000,1.270,0.000
2025-12-04T19:12:36.126091,-1.500,-3.000,1.270,0.000
2025-12-04T19:12:36.141089,-1.500,-3.000,1.270,0.000
2025-12-04T19:12:36.154795,-1.500,-3.000,1.270,0.000
2025-12-04T19:12:36.170613,-1.500,-3.000,1.270,0.000
2025-12-04T19:12:36.187063,-1.500,-3.000,1.270,0.000
2025-12-04T19:12:36.205509,-1.500,-3.000,1.270,0.000
2025-12-04T19:12:36.220540,-1.500,-3.000,1.270,0.000
2025-12-04T19:12:36.235847,-1.500,-3.000,1.270,0.000
2025-12-04T19:12:36.253372,-1.500,-3.000,1.270,0.000
2025-12-04T19:12:36.271635,-1.500,-3.000,1.270,0.000
2025-12-04T19:12:36.289446,-1.500,-3.000,1.270,0.000
2025-12-04T19:12:36.307083,-1.500,-3.000,1.270,0.000
2025-12-04T19:12:36.323929,-1.500,-3.000,1.270,0.000
2025-12-04T19:12:36.340054,-1.500,-3.000,1.270,0.000
2025-12-04T19:12:36.356062,-1.500,-3.000,1.270,0.000
2025-12-04T19:12:36.372148,-1.500,-3.000,1.270,0.000
2025-12-04T19:12:36.386314,-1.500,-3.000,1.270,0.000
2025-12-04T19:12:36.401355,-1.500,-3.000,1.270,0.000
2025-12-04T19:12:36.416810,-1.500,-3.000,1.270,0.000
2025-12-04T19:12:36.432583,-1.500,-3.000,1.270,0.000
2025-12-04T19:12:36.448788,-1.500,-3.000,1.270,0.000
2025-12-04T19:12:36.465849,-1.500,-3.000,1.270,0.000
2025-12-04T19:12:36.482816,-1.500,-3.000,1.270,0.000
2025-12-04T19:12:36.497471,-1.500,-3.000,1.270,0.000
2025-12-04T19:12:36.515271,-1.500,-3.000,1.270,0.000
2025-12-04T19:12:36.534160,-1.500,-3.000,1.270,0.000
2025-12-04T19:12:36.551307,-1.500,-3.000,1.270,0.000
2025-12-04T19:12:36.568566,-1.500,-3.000,1.270,0.000
2025-12-04T19:12:36.585338,-1.500,-3.000,1.270,0.000
2025-12-04T19:12:36.603055,-1.500,-3.000,1.270,0.000
2025-12-04T19:12:36.619955,-1.500,-3.000,1.270,0.000
2025-12-04T19:12:36.636009,-1.500,-3.000,1.270,0.000
2025-12-04T19:12:36.655942,-1.500,-3.000,1.270,0.000
2025-12-04T19:12:36.669836,-1.500,-3.000,1.270,0.000
2025-12-04T19:12:36.684304,-1.500,-3.000,1.270,0.000
2025-12-04T19:12:36.699389,-1.500,-3.000,1.270,0.000
2025-12-04T19:12:36.714875,-1.500,-3.000,1.270,0.000
2025-12-04T19:12:36.729896,-1.500,-3.000,1.270,0.000
2025-12-04T19:12:36.747645,-1.500,-3.000,1.270,0.000
2025-12-04T19:12:36.762717,-1.500,-3.000,1.270,0.000
2025-12-04T19:12:36.780655,-1.500,-3.000,1.270,0.000
2025-12-04T19:12:36.797042,-1.500,-3.000,1.270,0.000
2025-12-04T19:12:36.815401,-1.500,-3.000,1.270,0.000
2025-12-04T19:12:36.830287,-1.500,-3.000,1.270,0.000
2025-12-04T19:12:36.849767,-1.500,-3.000,1.270,0.000
2025-12-04T19:12:36.865023,-1.500,-3.000,1.270,0.000
2025-12-04T19:12:36.885130,-1.500,-3.000,1.270,0.000
2025-12-04T19:12:36.901187,-1.500,-3.000,1.270,0.000
2025-12-04T19:12:36.917164,-1.500,-3.000,1.270,0.000
2025-12-04T19:12:36.935233,-1.500,-3.000,1.270,0.000
2025-12-04T19:12:36.952543,-1.500,-3.000,1.270,0.000
2025-12-04T19:12:36.968474,-1.500,-3.000,1.270,0.000
2025-12-04T19:12:36.984982,-1.500,-3.000,1.270,0.000
2025-12-04T19:12:36.999367,-1.500,-3.000,1.270,0.000
2025-12-04T19:12:37.013113,-1.500,-3.000,1.270,0.000
2025-12-04T19:12:37.025912,-1.500,-3.000,1.270,0.000
2025-12-04T19:12:37.040228,-1.500,-3.000,1.270,0.000
2025-12-04T19:12:37.057018,-1.500,-3.000,1.270,0.000
2025-12-04T19:12:37.072122,-1.500,-3.000,1.270,0.000
2025-12-04T19:12:37.089664,-1.500,-3.000,1.270,0.000
2025-12-04T19:12:37.107348,-1.500,-3.000,1.270,0.000
2025-12-04T19:12:37.123065,-1.500,-3.000,1.270,0.000
2025-12-04T19:12:37.140767,-1.500,-3.000,1.270,0.000
2025-12-04T19:12:37.159174,-1.500,-3.000,1.270,0.000
2025-12-04T19:12:37.176314,-1.500,-3.000,1.270,0.000
2025-12-04T19:12:37.194615,-1.500,-3.000,1.270,0.000
2025-12-04T19:12:37.215518,-1.500,-3.000,1.270,0.000
2025-12-04T19:12:37.230738,-1.500,-3.000,1.270,0.000
2025-12-04T19:12:37.247222,-1.500,-3.000,1.270,0.000
2025-12-04T19:12:37.265617,-1.500,-3.000,1.270,0.000
2025-12-04T19:12:37.285360,-1.500,-3.000,1.270,0.000
2025-12-04T19:12:37.298452,-1.500,-3.000,1.270,0.000
2025-12-04T19:12:37.313301,-1.500,-3.000,1.270,0.000
2025-12-04T19:12:37.328023,-1.500,-3.000,1.270,0.000
2025-12-04T19:12:37.341895,-1.500,-3.000,1.270,0.000
2025-12-04T19:12:37.356952,-1.500,-3.000,1.270,0.000
2025-12-04T19:12:37.371736,-1.500,-3.000,1.270,0.000
2025-12-04T19:12:37.388027,-1.500,-3.000,1.270,0.000
2025-12-04T19:12:37.404551,-1.500,-3.000,1.270,0.000
2025-12-04T19:12:37.419768,-1.500,-3.000,1.270,0.000
2025-12-04T19:12:37.435603,-1.500,-3.000,1.270,0.000
2025-12-04T19:12:37.453459,-1.500,-3.000,1.270,0.000
2025-12-04T19:12:37.472845,-1.500,-3.000,1.270,0.000
2025-12-04T19:12:37.491102,-1.500,-3.000,1.270,0.000
2025-12-04T19:12:37.507794,-1.500,-3.000,1.270,0.000
2025-12-04T19:12:37.525215,-1.500,-3.000,1.270,0.000
2025-12-04T19:12:37.544548,-1.500,-3.000,1.270,0.000
2025-12-04T19:12:37.561116,-1.500,-3.000,1.270,0.000
2025-12-04T19:12:37.576961,-1.500,-3.000,1.270,0.000
2025-12-04T19:12:37.592089,-1.500,-3.000,1.270,0.000
2025-12-04T19:12:37.609147,-1.500,-3.000,1.270,0.000
2025-12-04T19:12:37.624109,-1.500,-3.000,1.270,0.000
2025-12-04T19:12:37.640244,-1.500,-3.000,1.270,0.000
2025-12-04T19:12:37.655416,-1.500,-3.000,1.270,0.000
2025-12-04T19:12:37.667702,-1.500,-3.000,1.270,0.000
2025-12-04T19:12:37.683420,-1.500,-3.000,1.270,0.000
2025-12-04T19:12:37.699205,-1.500,-3.000,1.270,0.000
2025-12-04T19:12:37.717217,-1.500,-3.000,1.270,0.000
2025-12-04T19:12:37.732699,-1.500,-3.000,1.270,0.000
2025-12-04T19:12:37.750117,-1.500,-3.000,1.270,0.000
2025-12-04T19:12:37.769944,-1.500,-3.000,1.270,0.000
2025-12-04T19:12:37.785302,-1.500,-3.000,1.270,0.000
2025-12-04T19:12:37.804198,-1.500,-3.000,1.270,0.000
2025-12-04T19:12:37.821767,-1.500,-3.000,1.270,0.000
2025-12-04T19:12:37.838968,-1.500,-3.000,1.270,0.000
2025-12-04T19:12:37.857015,-1.500,-3.000,1.270,0.000
2025-12-04T19:12:37.873975,-1.500,-3.000,1.270,0.000
2025-12-04T19:12:37.891204,-1.500,-3.000,1.270,0.000
2025-12-04T19:12:37.911023,-1.500,-3.000,1.270,0.000
2025-12-04T19:12:37.926038,-1.500,-3.000,1.270,0.000
2025-12-04T19:12:37.941482,-1.500,-3.000,1.270,0.000
2025-12-04T19:12:37.956741,-1.500,-3.000,1.270,0.000
2025-12-04T19:12:37.970583,-1.500,-3.000,1.270,0.000
2025-12-04T19:12:37.984860,-1.500,-3.000,1.270,0.000
2025-12-04T19:12:38.000064,-1.500,-3.000,1.270,0.000
2025-12-04T19:12:38.014035,-1.500,-3.000,1.270,0.000
2025-12-04T19:12:38.029923,-1.500,-3.000,1.270,0.000
2025-12-04T19:12:38.045827,-1.500,-3.000,1.270,0.000
2025-12-04T19:12:38.063207,-1.500,-3.000,1.270,0.000
2025-12-04T19:12:38.079072,-1.500,-3.000,1.270,0.000
2025-12-04T19:12:38.097170,-1.500,-3.000,1.270,0.000
2025-12-04T19:12:38.114637,-1.500,-3.000,1.270,0.000
2025-12-04T19:12:38.133859,-1.500,-3.000,1.270,0.000
2025-12-04T19:12:38.150025,-1.500,-3.000,1.270,0.000
2025-12-04T19:12:38.166341,-1.500,-3.000,1.270,0.000
2025-12-04T19:12:38.184215,-1.500,-3.000,1.270,0.000
2025-12-04T19:12:38.200752,-1.500,-3.000,1.270,0.000
2025-12-04T19:12:38.216762,-1.500,-3.000,1.270,0.000
2025-12-04T19:12:38.231784,-1.500,-3.000,1.270,0.000
2025-12-04T19:12:38.247191,-1.500,-3.000,1.270,0.000
2025-12-04T19:12:38.261083,-1.500,-3.000,1.270,0.000
2025-12-04T19:12:38.276163,-1.500,-3.000,1.270,0.000
2025-12-04T19:12:38.291809,-1.500,-3.000,1.270,0.000
2025-12-04T19:12:38.309063,-1.500,-3.000,1.270,0.000
2025-12-04T19:12:38.325470,-1.500,-3.000,1.270,0.000
2025-12-04T19:12:38.343425,-1.500,-3.000,1.270,0.000
2025-12-04T19:12:38.359646,-1.500,-3.000,1.270,0.000
2025-12-04T19:12:38.377225,-1.500,-3.000,1.270,0.000
2025-12-04T19:12:38.394658,-1.500,-3.000,1.270,0.000
2025-12-04T19:12:38.411800,-1.500,-3.000,1.270,0.000
2025-12-04T19:12:38.427847,-1.500,-3.000,1.270,0.000
2025-12-04T19:12:38.443807,-1.500,-3.000,1.270,0.000
2025-12-04T19:12:38.459659,-1.500,-3.000,1.270,0.000
2025-12-04T19:12:38.475036,-1.500,-3.000,1.270,0.000
2025-12-04T19:12:38.489627,-1.500,-3.000,1.270,0.000
2025-12-04T19:12:38.504938,-1.500,-3.000,1.270,0.000
2025-12-04T19:12:38.521012,-1.500,-3.000,1.270,0.000
2025-12-04T19:12:38.535699,-1.500,-3.000,1.270,0.000
2025-12-04T19:12:38.552792,-1.500,-3.000,1.270,0.000
2025-12-04T19:12:38.569615,-1.500,-3.000,1.270,0.000
2025-12-04T19:12:38.586515,-1.500,-3.000,1.270,0.000
2025-12-04T19:12:38.603201,-1.500,-3.000,1.270,0.000
2025-12-04T19:12:38.621526,-1.500,-3.000,1.270,0.000
2025-12-04T19:12:38.640078,-1.500,-3.000,1.270,0.000
2025-12-04T19:12:38.658114,-1.500,-3.000,1.270,0.000
2025-12-04T19:12:38.676307,-1.500,-3.000,1.270,0.000
2025-12-04T19:12:38.694162,-1.500,-3.000,1.270,0.000
2025-12-04T19:12:38.711721,-1.500,-3.000,1.270,0.000
2025-12-04T19:12:38.730336,-1.500,-3.000,1.270,0.000
2025-12-04T19:12:38.746072,-1.500,-3.000,1.270,0.000
2025-12-04T19:12:38.761876,-1.500,-3.000,1.270,0.000
2025-12-04T19:12:38.777991,-1.500,-3.000,1.270,0.000
2025-12-04T19:12:38.796159,-1.500,-3.000,1.270,0.000
2025-12-04T19:12:38.807990,-1.500,-3.000,1.270,0.000
2025-12-04T19:12:38.829305,-1.500,-3.000,1.270,0.000
2025-12-04T19:12:38.843097,-1.500,-3.000,1.270,0.000
2025-12-04T19:12:38.858180,-1.500,-3.000,1.270,0.000
2025-12-04T19:12:38.873366,-1.500,-3.000,1.270,0.000
2025-12-04T19:12:38.891153,-1.500,-3.000,1.270,0.000
2025-12-04T19:12:38.907461,-1.500,-3.000,1.270,0.000
2025-12-04T19:12:38.925814,-1.500,-3.000,1.270,0.000
2025-12-04T19:12:38.942123,-1.500,-3.000,1.270,0.000
2025-12-04T19:12:38.953645,-1.500,-3.000,1.270,0.000
2025-12-04T19:12:38.969461,-1.500,-3.000,1.270,0.000
2025-12-04T19:12:38.987884,-1.500,-3.000,1.270,0.000
2025-12-04T19:12:39.004072,-1.500,-3.000,1.270,0.000
2025-12-04T19:12:39.019399,-1.500,-3.000,1.270,0.000
2025-12-04T19:12:39.036742,-1.500,-3.000,1.270,0.000
2025-12-04T19:12:39.052613,-1.500,-3.000,1.270,0.000
2025-12-04T19:12:39.070227,-1.500,-3.000,1.270,0.000
2025-12-04T19:12:39.087214,-1.500,-3.000,1.270,0.000
2025-12-04T19:12:39.114286,-1.500,-3.000,1.270,0.000
2025-12-04T19:12:39.133104,-1.500,-3.000,1.270,0.000
2025-12-04T19:12:39.144877,-1.500,-3.000,1.270,0.000
2025-12-04T19:12:39.161176,-1.500,-3.000,1.270,0.000
2025-12-04T19:12:39.177627,-1.500,-3.000,1.270,0.000
2025-12-04T19:12:39.191953,-1.500,-3.000,1.270,0.000
2025-12-04T19:12:39.207832,-1.500,-3.000,1.270,0.000
2025-12-04T19:12:39.221001,-1.500,-3.000,1.270,0.000
2025-12-04T19:12:39.234566,-1.500,-3.000,1.270,0.000
2025-12-04T19:12:39.249372,-1.500,-3.000,1.270,0.000
2025-12-04T19:12:39.264605,-1.500,-3.000,1.270,0.000
2025-12-04T19:12:39.280631,-1.500,-3.000,1.270,0.000
2025-12-04T19:12:39.295780,-1.500,-3.000,1.270,0.000
2025-12-04T19:12:39.311326,-1.500,-3.000,1.270,0.000
2025-12-04T19:12:39.327978,-1.500,-3.000,1.270,0.000
2025-12-04T19:12:39.344704,-1.500,-3.000,1.270,0.000
2025-12-04T19:12:39.362671,-1.500,-3.000,1.270,0.000
2025-12-04T19:12:39.378761,-1.500,-3.000,1.270,0.000
2025-12-04T19:12:39.396459,-1.500,-3.000,1.270,0.000
2025-12-04T19:12:39.414260,-1.500,-3.000,1.270,0.000
2025-12-04T19:12:39.430473,-1.500,-3.000,1.270,0.000
2025-12-04T19:12:39.452194,-1.500,-3.000,1.270,0.000
2025-12-04T19:12:39.466102,-1.500,-3.000,1.270,0.000
2025-12-04T19:12:39.483586,-1.500,-3.000,1.270,0.000
2025-12-04T19:12:39.498734,-1.500,-3.000,1.270,0.000
2025-12-04T19:12:39.515181,-1.500,-3.000,1.270,0.000
2025-12-04T19:12:39.529433,-1.500,-3.000,1.270,0.000
2025-12-04T19:12:39.544652,-1.500,-3.000,1.270,0.000
2025-12-04T19:12:39.559105,-1.500,-3.000,1.270,0.000
2025-12-04T19:12:39.575111,-1.500,-3.000,1.270,0.000
2025-12-04T19:12:39.591151,-1.500,-3.000,1.270,0.000
2025-12-04T19:12:39.607481,-1.500,-3.000,1.270,0.000
2025-12-04T19:12:39.624046,-1.500,-3.000,1.270,0.000
2025-12-04T19:12:39.642069,-1.500,-3.000,1.270,0.000
2025-12-04T19:12:39.661033,-1.500,-3.000,1.270,0.000
2025-12-04T19:12:39.676659,-1.500,-3.000,1.270,0.000
2025-12-04T19:12:39.696819,-1.500,-3.000,1.270,0.000
2025-12-04T19:12:39.714626,-1.500,-3.000,1.270,0.000
2025-12-04T19:12:39.729973,-1.500,-3.000,1.270,0.000
2025-12-04T19:12:39.747285,-1.500,-3.000,1.270,0.000
2025-12-04T19:12:39.763011,-1.500,-3.000,1.270,0.000
2025-12-04T19:12:39.780373,-1.500,-3.000,1.270,0.000
2025-12-04T19:12:39.792328,-1.500,-3.000,1.270,0.000
2025-12-04T19:12:39.808082,-1.500,-3.000,1.270,0.000
2025-12-04T19:12:39.824024,-1.500,-3.000,1.270,0.000
2025-12-04T19:12:39.841193,-1.500,-3.000,1.270,0.000
2025-12-04T19:12:39.857357,-1.500,-3.000,1.270,0.000
2025-12-04T19:12:39.874506,-1.500,-3.000,1.270,0.000
2025-12-04T19:12:39.893440,-1.500,-3.000,1.270,0.000
2025-12-04T19:12:39.909367,-1.500,-3.000,1.270,0.000
2025-12-04T19:12:39.929679,-1.500,-3.000,1.270,0.000
2025-12-04T19:12:39.949396,-1.500,-3.000,1.270,0.000
2025-12-04T19:12:39.965142,-1.500,-3.000,1.270,0.000
2025-12-04T19:12:39.981368,-1.500,-3.000,1.270,0.000
2025-12-04T19:12:39.996139,-1.500,-3.000,1.270,0.000
2025-12-04T19:12:40.013901,-1.500,-3.000,1.270,0.000
2025-12-04T19:12:40.028324,-1.500,-3.000,1.270,0.000
2025-12-04T19:12:40.046519,-1.500,-3.000,1.270,0.000
2025-12-04T19:12:40.059008,-1.500,-3.000,1.270,0.000
2025-12-04T19:12:40.076446,-1.500,-3.000,1.270,0.000
2025-12-04T19:12:40.090145,-1.500,-3.000,1.270,0.000
2025-12-04T19:12:40.105001,-1.500,-3.000,1.270,0.000
2025-12-04T19:12:40.120451,-1.500,-3.000,1.270,0.000
2025-12-04T19:12:40.138362,-1.500,-3.000,1.270,0.000
2025-12-04T19:12:40.155353,-1.500,-3.000,1.270,0.000
2025-12-04T19:12:40.173697,-1.500,-3.000,1.270,0.000
2025-12-04T19:12:40.191717,-1.500,-3.000,1.270,0.000
2025-12-04T19:12:40.209694,-1.500,-3.000,1.270,0.000
2025-12-04T19:12:40.226978,-1.500,-3.000,1.270,0.000
2025-12-04T19:12:40.244862,-1.500,-3.000,1.270,0.000
2025-12-04T19:12:40.261299,-1.500,-3.000,1.270,0.000
2025-12-04T19:12:40.277909,-1.500,-3.000,1.270,0.000
2025-12-04T19:12:40.294666,-1.500,-3.000,1.270,0.000
2025-12-04T19:12:40.310289,-1.500,-3.000,1.270,0.000
2025-12-04T19:12:40.325145,-1.500,-3.000,1.270,0.000
2025-12-04T19:12:40.341076,-1.500,-3.000,1.270,0.000
2025-12-04T19:12:40.356761,-1.500,-3.000,1.270,0.000
2025-12-04T19:12:40.378795,-1.500,-3.000,1.270,0.000
2025-12-04T19:12:40.394851,-1.500,-3.000,1.270,0.000
2025-12-04T19:12:40.409941,-1.500,-3.000,1.270,0.000
2025-12-04T19:12:40.429284,-1.500,-3.000,1.270,0.000
2025-12-04T19:12:40.444700,-1.500,-3.000,1.270,0.000
2025-12-04T19:12:40.459868,-1.500,-3.000,1.270,0.000
2025-12-04T19:12:40.475230,-1.500,-3.000,1.270,0.000
2025-12-04T19:12:40.490325,-1.500,-3.000,1.270,0.000
2025-12-04T19:12:40.506897,-1.500,-3.000,1.270,0.000
2025-12-04T19:12:40.522161,-1.500,-3.000,1.270,0.000
2025-12-04T19:12:40.538391,-1.500,-3.000,1.270,0.000
2025-12-04T19:12:40.553631,-1.500,-3.000,1.270,0.000
2025-12-04T19:12:40.572002,-1.500,-3.000,1.270,0.000
2025-12-04T19:12:40.589607,-1.500,-3.000,1.270,0.000
2025-12-04T19:12:40.607639,-1.500,-3.000,1.270,0.000
2025-12-04T19:12:40.624917,-1.500,-3.000,1.270,0.000
2025-12-04T19:12:40.643210,-1.500,-3.000,1.270,0.000
2025-12-04T19:12:40.661176,-1.500,-3.000,1.270,0.000
2025-12-04T19:12:40.680925,-1.500,-3.000,1.270,0.000
2025-12-04T19:12:40.694824,-1.500,-3.000,1.270,0.000
2025-12-04T19:12:40.711224,-1.500,-3.000,1.270,0.000
2025-12-04T19:12:40.728864,-1.500,-3.000,1.270,0.000
2025-12-04T19:12:40.740631,-1.500,-3.000,1.270,0.000
2025-12-04T19:12:40.756282,-1.500,-3.000,1.270,0.000
2025-12-04T19:12:40.774554,-1.500,-3.000,1.270,0.000
2025-12-04T19:12:40.790697,-1.500,-3.000,1.270,0.000
2025-12-04T19:12:40.808201,-1.500,-3.000,1.270,0.000
2025-12-04T19:12:40.826371,-1.500,-3.000,1.270,0.000
2025-12-04T19:12:40.844792,-1.500,-3.000,1.270,0.000
2025-12-04T19:12:40.860756,-1.500,-3.000,1.270,0.000
2025-12-04T19:12:40.880943,-1.500,-3.000,1.270,0.000
2025-12-04T19:12:40.897691,-1.500,-3.000,1.270,0.000
2025-12-04T19:12:40.915289,-1.500,-3.000,1.270,0.000
2025-12-04T19:12:40.931122,-1.500,-3.000,1.270,0.000
2025-12-04T19:12:40.948707,-1.500,-3.000,1.270,0.000
2025-12-04T19:12:40.963360,-1.500,-3.000,1.270,0.000
2025-12-04T19:12:40.985283,-1.500,-3.000,1.270,0.000
2025-12-04T19:12:40.999388,-1.500,-3.000,1.270,0.000
2025-12-04T19:12:41.013832,-1.500,-3.000,1.270,0.000
2025-12-04T19:12:41.028819,-1.500,-3.000,1.270,0.000
2025-12-04T19:12:41.043025,-1.500,-3.000,1.270,0.000
2025-12-04T19:12:41.058606,-1.500,-3.000,1.270,0.000
2025-12-04T19:12:41.073044,-1.500,-3.000,1.270,0.000
2025-12-04T19:12:41.090251,-1.500,-3.000,1.270,0.000
2025-12-04T19:12:41.113667,-1.500,-3.000,1.270,0.000
2025-12-04T19:12:41.128557,-1.500,-3.000,1.270,0.000
2025-12-04T19:12:41.146101,-1.500,-3.000,1.270,0.000
2025-12-04T19:12:41.163372,-1.500,-3.000,1.270,0.000
2025-12-04T19:12:41.180927,-1.500,-3.000,1.270,0.000
2025-12-04T19:12:41.198114,-1.500,-3.000,1.270,0.000
2025-12-04T19:12:41.214714,-1.500,-3.000,1.270,0.000
2025-12-04T19:12:41.228745,-1.500,-3.000,1.270,0.000
2025-12-04T19:12:41.244097,-1.500,-3.000,1.270,0.000
2025-12-04T19:12:41.259165,-1.500,-3.000,1.270,0.000
2025-12-04T19:12:41.274711,-1.500,-3.000,1.270,0.000
2025-12-04T19:12:41.290321,-1.500,-3.000,1.270,0.000
2025-12-04T19:12:41.306651,-1.500,-3.000,1.270,0.000
2025-12-04T19:12:41.321746,-1.500,-3.000,1.270,0.000
2025-12-04T19:12:41.336947,-1.500,-3.000,1.270,0.000
2025-12-04T19:12:41.355405,-1.500,-3.000,1.270,0.000
2025-12-04T19:12:41.374212,-1.500,-3.000,1.270,0.000
2025-12-04T19:12:41.393328,-1.500,-3.000,1.270,0.000
2025-12-04T19:12:41.410674,-1.500,-3.000,1.270,0.000
2025-12-04T19:12:41.428805,-1.500,-3.000,1.270,0.000
2025-12-04T19:12:41.447507,-1.500,-3.000,1.270,0.000
2025-12-04T19:12:41.463410,-1.500,-3.000,1.270,0.000
2025-12-04T19:12:41.479122,-1.500,-3.000,1.270,0.000
2025-12-04T19:12:41.498680,-1.500,-3.000,1.270,0.000
2025-12-04T19:12:41.513149,-1.500,-3.000,1.270,0.000
2025-12-04T19:12:41.525480,-1.500,-3.000,1.270,0.000
2025-12-04T19:12:41.539425,-1.500,-3.000,1.270,0.000
2025-12-04T19:12:41.554471,-1.500,-3.000,1.270,0.000
2025-12-04T19:12:41.573561,-1.500,-3.000,1.270,0.000
2025-12-04T19:12:41.587190,-1.500,-3.000,1.270,0.000
2025-12-04T19:12:41.606957,-1.500,-3.000,1.270,0.000
2025-12-04T19:12:41.621421,-1.500,-3.000,1.270,0.000
2025-12-04T19:12:41.638847,-1.500,-3.000,1.270,0.000
2025-12-04T19:12:41.656853,-1.500,-3.000,1.270,0.000
2025-12-04T19:12:41.674674,-1.500,-3.000,1.270,0.000
2025-12-04T19:12:41.692080,-1.500,-3.000,1.270,0.000
2025-12-04T19:12:41.710187,-1.500,-3.000,1.270,0.000
2025-12-04T19:12:41.726868,-1.500,-3.000,1.270,0.000
2025-12-04T19:12:41.744039,-1.500,-3.000,1.270,0.000
2025-12-04T19:12:41.761649,-1.500,-3.000,1.270,0.000
2025-12-04T19:12:41.776145,-1.500,-3.000,1.270,0.000
2025-12-04T19:12:41.792151,-1.500,-3.000,1.270,0.000
2025-12-04T19:12:41.807483,-1.500,-3.000,1.270,0.000
2025-12-04T19:12:41.821325,-1.500,-3.000,1.270,0.000
2025-12-04T19:12:41.837287,-1.500,-3.000,1.270,0.000
2025-12-04T19:12:41.852248,-1.500,-3.000,1.270,0.000
2025-12-04T19:12:41.868935,-1.500,-3.000,1.270,0.000
2025-12-04T19:12:41.885084,-1.500,-3.000,1.270,0.000
2025-12-04T19:12:41.903671,-1.500,-3.000,1.270,0.000
2025-12-04T19:12:41.920394,-1.500,-3.000,1.270,0.000
2025-12-04T19:12:41.938319,-1.500,-3.000,1.270,0.000
2025-12-04T19:12:41.956819,-1.500,-3.000,1.270,0.000
2025-12-04T19:12:41.976069,-1.500,-3.000,1.270,0.000
2025-12-04T19:12:41.991958,-1.500,-3.000,1.270,0.000
2025-12-04T19:12:42.010083,-1.500,-3.000,1.270,0.000
2025-12-04T19:12:42.025800,-1.500,-3.000,1.270,0.000
2025-12-04T19:12:42.041884,-1.500,-3.000,1.270,0.000
2025-12-04T19:12:42.056925,-1.500,-3.000,1.270,0.000
2025-12-04T19:12:42.071341,-1.500,-3.000,1.270,0.000
2025-12-04T19:12:42.087788,-1.500,-3.000,1.270,0.000
2025-12-04T19:12:42.103528,-1.500,-3.000,1.270,0.000
2025-12-04T19:12:42.118678,-1.500,-3.000,1.270,0.000
2025-12-04T19:12:42.134247,-1.500,-3.000,1.270,0.000
2025-12-04T19:12:42.152003,-1.500,-3.000,1.270,0.000
2025-12-04T19:12:42.169946,-1.500,-3.000,1.270,0.000
2025-12-04T19:12:42.186958,-1.500,-3.000,1.270,0.000
2025-12-04T19:12:42.204134,-1.500,-3.000,1.270,0.000
2025-12-04T19:12:42.222644,-1.500,-3.000,1.270,0.000
2025-12-04T19:12:42.246408,-1.500,-3.000,1.270,0.000
2025-12-04T19:12:42.261163,-1.500,-3.000,1.270,0.000
2025-12-04T19:12:42.279040,-1.500,-3.000,1.270,0.000
2025-12-04T19:12:42.293527,-1.500,-3.000,1.270,0.000
2025-12-04T19:12:42.308101,-1.500,-3.000,1.270,0.000
2025-12-04T19:12:42.322732,-1.500,-3.000,1.270,0.000
2025-12-04T19:12:42.336927,-1.500,-3.000,1.270,0.000
2025-12-04T19:12:42.351795,-1.500,-3.000,1.270,0.000
2025-12-04T19:12:42.366212,-1.500,-3.000,1.270,0.000
2025-12-04T19:12:42.381064,-1.500,-3.000,1.270,0.000
2025-12-04T19:12:42.398538,-1.500,-3.000,1.270,0.000
2025-12-04T19:12:42.410648,-1.500,-3.000,1.270,0.000
2025-12-04T19:12:42.428469,-1.500,-3.000,1.270,0.000
2025-12-04T19:12:42.444036,-1.500,-3.000,1.270,0.000
2025-12-04T19:12:42.462206,-1.500,-3.000,1.270,0.000
2025-12-04T19:12:42.479075,-1.500,-3.000,1.270,0.000
2025-12-04T19:12:42.497498,-1.500,-3.000,1.270,0.000
2025-12-04T19:12:42.512337,-1.500,-3.000,1.270,0.000
2025-12-04T19:12:42.529237,-1.500,-3.000,1.270,0.000
2025-12-04T19:12:42.544926,-1.500,-3.000,1.270,0.000
2025-12-04T19:12:42.563245,-1.500,-3.000,1.270,0.000
2025-12-04T19:12:42.579198,-1.500,-3.000,1.270,0.000
2025-12-04T19:12:42.597024,-1.500,-3.000,1.270,0.000
2025-12-04T19:12:42.611265,-1.500,-3.000,1.270,0.000
2025-12-04T19:12:42.627348,-1.500,-3.000,1.270,0.000
2025-12-04T19:12:42.641456,-1.500,-3.000,1.270,0.000
2025-12-04T19:12:42.656143,-1.500,-3.000,1.270,0.000
2025-12-04T19:12:42.671598,-1.500,-3.000,1.270,0.000
2025-12-04T19:12:42.687785,-1.500,-3.000,1.270,0.000
2025-12-04T19:12:42.704644,-1.500,-3.000,1.270,0.000
2025-12-04T19:12:42.722819,-1.500,-3.000,1.270,0.000
2025-12-04T19:12:42.740431,-1.500,-3.000,1.270,0.000
2025-12-04T19:12:42.758193,-1.500,-3.000,1.270,0.000
2025-12-04T19:12:42.777073,-1.500,-3.000,1.270,0.000
2025-12-04T19:12:42.794169,-1.500,-3.000,1.270,0.000
2025-12-04T19:12:42.813339,-1.500,-3.000,1.270,0.000
2025-12-04T19:12:42.831112,-1.500,-3.000,1.270,0.000
2025-12-04T19:12:42.845659,-1.500,-3.000,1.270,0.000
2025-12-04T19:12:42.862993,-1.500,-3.000,1.270,0.000
2025-12-04T19:12:42.877718,-1.500,-3.000,1.270,0.000
2025-12-04T19:12:42.893226,-1.500,-3.000,1.270,0.000
2025-12-04T19:12:42.908643,-1.500,-3.000,1.270,0.000
2025-12-04T19:12:42.923400,-1.500,-3.000,1.270,0.000
2025-12-04T19:12:42.940973,-1.500,-3.000,1.270,0.000
2025-12-04T19:12:42.958206,-1.500,-3.000,1.270,0.000
2025-12-04T19:12:42.976727,-1.500,-3.000,1.270,0.000
2025-12-04T19:12:42.993215,-1.500,-3.000,1.270,0.000
2025-12-04T19:12:43.009992,-1.500,-3.000,1.270,0.000
2025-12-04T19:12:43.028100,-1.500,-3.000,1.270,0.000
2025-12-04T19:12:43.045473,-1.500,-3.000,1.270,0.000
2025-12-04T19:12:43.061853,-1.500,-3.000,1.270,0.000
2025-12-04T19:12:43.077678,-1.500,-3.000,1.270,0.000
2025-12-04T19:12:43.095135,-1.500,-3.000,1.270,0.000
2025-12-04T19:12:43.110912,-1.500,-3.000,1.270,0.000
2025-12-04T19:12:43.124248,-1.500,-3.000,1.270,0.000
2025-12-04T19:12:43.139983,-1.500,-3.000,1.270,0.000
2025-12-04T19:12:43.161189,-1.500,-3.000,1.270,0.000
2025-12-04T19:12:43.176539,-1.500,-3.000,1.270,0.000
2025-12-04T19:12:43.192811,-1.500,-3.000,1.270,0.000
2025-12-04T19:12:43.211005,-1.500,-3.000,1.270,0.000
2025-12-04T19:12:43.230624,-1.500,-3.000,1.270,0.000
2025-12-04T19:12:43.243163,-1.500,-3.000,1.270,0.000
2025-12-04T19:12:43.262084,-1.500,-3.000,1.270,0.000
2025-12-04T19:12:43.275886,-1.500,-3.000,1.270,0.000
2025-12-04T19:12:43.291791,-1.500,-3.000,1.270,0.000
2025-12-04T19:12:43.306647,-1.500,-3.000,1.270,0.000
2025-12-04T19:12:43.323701,-1.500,-3.000,1.270,0.000
2025-12-04T19:12:43.339888,-1.500,-3.000,1.270,0.000
2025-12-04T19:12:43.357697,-1.500,-3.000,1.270,0.000
2025-12-04T19:12:43.375134,-1.500,-3.000,1.270,0.000
2025-12-04T19:12:43.399795,-1.500,-3.000,1.270,0.000
2025-12-04T19:12:43.416715,-1.500,-3.000,1.270,0.000
2025-12-04T19:12:43.435224,-1.500,-3.000,1.270,0.000
2025-12-04T19:12:43.452359,-1.500,-3.000,1.270,0.000
2025-12-04T19:12:43.475409,-1.500,-3.000,1.270,0.000
2025-12-04T19:12:43.491218,-1.500,-3.000,1.270,0.000
2025-12-04T19:12:43.505324,-1.500,-3.000,1.270,0.000
2025-12-04T19:12:43.522057,-1.500,-3.000,1.270,0.000
2025-12-04T19:12:43.536183,-1.500,-3.000,1.270,0.000
2025-12-04T19:12:43.550880,-1.500,-3.000,1.270,0.000
2025-12-04T19:12:43.564462,-1.500,-3.000,1.270,0.000
2025-12-04T19:12:43.578478,-1.500,-3.000,1.270,0.000
2025-12-04T19:12:43.592929,-1.500,-3.000,1.270,0.000
2025-12-04T19:12:43.609852,-1.500,-3.000,1.270,0.000
2025-12-04T19:12:43.624465,-1.500,-3.000,1.270,0.000
2025-12-04T19:12:43.640574,-1.500,-3.000,1.270,0.000
2025-12-04T19:12:43.655848,-1.500,-3.000,1.270,0.000
2025-12-04T19:12:43.673660,-1.500,-3.000,1.270,0.000
2025-12-04T19:12:43.690994,-1.500,-3.000,1.270,0.000
2025-12-04T19:12:43.708139,-1.500,-3.000,1.270,0.000
2025-12-04T19:12:43.725113,-1.500,-3.000,1.270,0.000
2025-12-04T19:12:43.741793,-1.500,-3.000,1.270,0.000
2025-12-04T19:12:43.758959,-1.500,-3.000,1.270,0.000
2025-12-04T19:12:43.774694,-1.500,-3.000,1.270,0.000
2025-12-04T19:12:43.791730,-1.500,-3.000,1.270,0.000
2025-12-04T19:12:43.807539,-1.500,-3.000,1.270,0.000
2025-12-04T19:12:43.822678,-1.500,-3.000,1.270,0.000
2025-12-04T19:12:43.840422,-1.500,-3.000,1.270,0.000
2025-12-04T19:12:43.856521,-1.500,-3.000,1.270,0.000
2025-12-04T19:12:43.872811,-1.500,-3.000,1.270,0.000
2025-12-04T19:12:43.891511,-1.500,-3.000,1.270,0.000
2025-12-04T19:12:43.907438,-1.500,-3.000,1.270,0.000
2025-12-04T19:12:43.925244,-1.500,-3.000,1.270,0.000
2025-12-04T19:12:43.944754,-1.500,-3.000,1.270,0.000
2025-12-04T19:12:43.961191,-1.500,-3.000,1.270,0.000
2025-12-04T19:12:43.978799,-1.500,-3.000,1.270,0.000
2025-12-04T19:12:43.995702,-1.500,-3.000,1.270,0.000
2025-12-04T19:12:44.012139,-1.500,-3.000,1.270,0.000
2025-12-04T19:12:44.027422,-1.500,-3.000,1.270,0.000
2025-12-04T19:12:44.043038,-1.500,-3.000,1.270,0.000
2025-12-04T19:12:44.058783,-1.500,-3.000,1.270,0.000
2025-12-04T19:12:44.073729,-1.500,-3.000,1.270,0.000
2025-12-04T19:12:44.088870,-1.500,-3.000,1.270,0.000
2025-12-04T19:12:44.104593,-1.500,-3.000,1.270,0.000
2025-12-04T19:12:44.121829,-1.500,-3.000,1.270,0.000
2025-12-04T19:12:44.137963,-1.500,-3.000,1.270,0.000
2025-12-04T19:12:44.159647,-1.500,-3.000,1.270,0.000
2025-12-04T19:12:44.171528,-1.500,-3.000,1.270,0.000
2025-12-04T19:12:44.190921,-1.500,-3.000,1.270,0.000
2025-12-04T19:12:44.211245,-1.500,-3.000,1.270,0.000
2025-12-04T19:12:44.224362,-1.500,-3.000,1.270,0.000
2025-12-04T19:12:44.242468,-1.500,-3.000,1.270,0.000
2025-12-04T19:12:44.260010,-1.500,-3.000,1.270,0.000
2025-12-04T19:12:44.278238,-1.500,-3.000,1.270,0.000
2025-12-04T19:12:44.294457,-1.500,-3.000,1.270,0.000
2025-12-04T19:12:44.312031,-1.500,-3.000,1.270,0.000
2025-12-04T19:12:44.325751,-1.500,-3.000,1.270,0.000
2025-12-04T19:12:44.340896,-1.500,-3.000,1.270,0.000
2025-12-04T19:12:44.355886,-1.500,-3.000,1.270,0.000
2025-12-04T19:12:44.370058,-1.500,-3.000,1.270,0.000
2025-12-04T19:12:44.392467,-1.500,-3.000,1.270,0.000
2025-12-04T19:12:44.405905,-1.500,-3.000,1.270,0.000
2025-12-04T19:12:44.422033,-1.500,-3.000,1.270,0.000
2025-12-04T19:12:44.437852,-1.500,-3.000,1.270,0.000
2025-12-04T19:12:44.454862,-1.500,-3.000,1.270,0.000
2025-12-04T19:12:44.476789,-1.500,-3.000,1.270,0.000
2025-12-04T19:12:44.495412,-1.500,-3.000,1.270,0.000
2025-12-04T19:12:44.510878,-1.500,-3.000,1.270,0.000
2025-12-04T19:12:44.524982,-1.500,-3.000,1.270,0.000
2025-12-04T19:12:44.541854,-1.500,-3.000,1.270,0.000
2025-12-04T19:12:44.557931,-1.500,-3.000,1.270,0.000
2025-12-04T19:12:44.573333,-1.500,-3.000,1.270,0.000
2025-12-04T19:12:44.587329,-1.500,-3.000,1.270,0.000
2025-12-04T19:12:44.602046,-1.500,-3.000,1.270,0.000
2025-12-04T19:12:44.616843,-1.500,-3.000,1.270,0.000
2025-12-04T19:12:44.631568,-1.500,-3.000,1.270,0.000
2025-12-04T19:12:44.647060,-1.500,-3.000,1.270,0.000
2025-12-04T19:12:44.662470,-1.500,-3.000,1.270,0.000
2025-12-04T19:12:44.679053,-1.500,-3.000,1.270,0.000
2025-12-04T19:12:44.694710,-1.500,-3.000,1.270,0.000
2025-12-04T19:12:44.712367,-1.500,-3.000,1.270,0.000
2025-12-04T19:12:44.730453,-1.500,-3.000,1.270,0.000
2025-12-04T19:12:44.748727,-1.500,-3.000,1.270,0.000
2025-12-04T19:12:44.765390,-1.500,-3.000,1.270,0.000
2025-12-04T19:12:44.782320,-1.500,-3.000,1.270,0.000
2025-12-04T19:12:44.800655,-1.500,-3.000,1.270,0.000
2025-12-04T19:12:44.817820,-1.500,-3.000,1.270,0.000
2025-12-04T19:12:44.833418,-1.500,-3.000,1.270,0.000
2025-12-04T19:12:44.848374,-1.500,-3.000,1.270,0.000
2025-12-04T19:12:44.864676,-1.500,-3.000,1.270,0.000
2025-12-04T19:12:44.879862,-1.500,-3.000,1.270,0.000
2025-12-04T19:12:44.894057,-1.500,-3.000,1.270,0.000
2025-12-04T19:12:44.909989,-1.500,-3.000,1.270,0.000
2025-12-04T19:12:44.925560,-1.500,-3.000,1.270,0.000
2025-12-04T19:12:44.941479,-1.500,-3.000,1.270,0.000
2025-12-04T19:12:44.958508,-1.500,-3.000,1.270,0.000
2025-12-04T19:12:44.975345,-1.500,-3.000,1.270,0.000
2025-12-04T19:12:44.994047,-1.500,-3.000,1.270,0.000
2025-12-04T19:12:45.012681,-1.500,-3.000,1.270,0.000
2025-12-04T19:12:45.031228,-1.500,-3.000,1.270,0.000
2025-12-04T19:12:45.048888,-1.500,-3.000,1.270,0.000
2025-12-04T19:12:45.064102,-1.500,-3.000,1.270,0.000
2025-12-04T19:12:45.080710,-1.500,-3.000,1.270,0.000
2025-12-04T19:12:45.097207,-1.500,-3.000,1.270,0.000
2025-12-04T19:12:45.110527,-1.500,-3.000,1.270,0.000
2025-12-04T19:12:45.124197,-1.500,-3.000,1.270,0.000
2025-12-04T19:12:45.137715,-1.500,-3.000,1.270,0.000
2025-12-04T19:12:45.150123,-1.500,-3.000,1.270,0.000
2025-12-04T19:12:45.166666,-1.500,-3.000,1.270,0.000
2025-12-04T19:12:45.181374,-1.500,-3.000,1.270,0.000
2025-12-04T19:12:45.197713,-1.500,-3.000,1.270,0.000
2025-12-04T19:12:45.214513,-1.500,-3.000,1.270,0.000
2025-12-04T19:12:45.232358,-1.500,-3.000,1.270,0.000
2025-12-04T19:12:45.250728,-1.500,-3.000,1.270,0.000
2025-12-04T19:12:45.268923,-1.500,-3.000,1.270,0.000
2025-12-04T19:12:45.288030,-1.500,-3.000,1.270,0.000
2025-12-04T19:12:45.305217,-1.500,-3.000,1.270,0.000
2025-12-04T19:12:45.321732,-1.500,-3.000,1.270,0.000
2025-12-04T19:12:45.340187,-1.500,-3.000,1.270,0.000
2025-12-04T19:12:45.356351,-1.500,-3.000,1.270,0.000
2025-12-04T19:12:45.371467,-1.500,-3.000,1.270,0.000
2025-12-04T19:12:45.387352,-1.500,-3.000,1.270,0.000
2025-12-04T19:12:45.403717,-1.500,-3.000,1.270,0.000
2025-12-04T19:12:45.418199,-1.500,-3.000,1.270,0.000
2025-12-04T19:12:45.433452,-1.500,-3.000,1.270,0.000
2025-12-04T19:12:45.448595,-1.500,-3.000,1.270,0.000
2025-12-04T19:12:45.465802,-1.500,-3.000,1.270,0.000
2025-12-04T19:12:45.482629,-1.500,-3.000,1.270,0.000
2025-12-04T19:12:45.500155,-1.500,-3.000,1.270,0.000
2025-12-04T19:12:45.517710,-1.500,-3.000,1.270,0.000
2025-12-04T19:12:45.536579,-1.500,-3.000,1.270,0.000
2025-12-04T19:12:45.555043,-1.500,-3.000,1.270,0.000
2025-12-04T19:12:45.572135,-1.500,-3.000,1.270,0.000
2025-12-04T19:12:45.588407,-1.500,-3.000,1.270,0.000
2025-12-04T19:12:45.606301,-1.500,-3.000,1.270,0.000
2025-12-04T19:12:45.623090,-1.500,-3.000,1.270,0.000
2025-12-04T19:12:45.637613,-1.500,-3.000,1.270,0.000
2025-12-04T19:12:45.653224,-1.500,-3.000,1.270,0.000
2025-12-04T19:12:45.668172,-1.500,-3.000,1.270,0.000
2025-12-04T19:12:45.683570,-1.500,-3.000,1.270,0.000
2025-12-04T19:12:45.698236,-1.500,-3.000,1.270,0.000
2025-12-04T19:12:45.715647,-1.500,-3.000,1.270,0.000
2025-12-04T19:12:45.733460,-1.500,-3.000,1.270,0.000
2025-12-04T19:12:45.751376,-1.500,-3.000,1.270,0.000
2025-12-04T19:12:45.765472,-1.500,-3.000,1.270,0.000
2025-12-04T19:12:45.782708,-1.500,-3.000,1.270,0.000
2025-12-04T19:12:45.800603,-1.500,-3.000,1.270,0.000
2025-12-04T19:12:45.817737,-1.500,-3.000,1.270,0.000
2025-12-04T19:12:45.834052,-1.500,-3.000,1.270,0.000
2025-12-04T19:12:45.850385,-1.500,-3.000,1.270,0.000
2025-12-04T19:12:45.867669,-1.500,-3.000,1.270,0.000
2025-12-04T19:12:45.882546,-1.500,-3.000,1.270,0.000
2025-12-04T19:12:45.898317,-1.500,-3.000,1.270,0.000
2025-12-04T19:12:45.912789,-1.500,-3.000,1.270,0.000
2025-12-04T19:12:45.932360,-1.500,-3.000,1.270,0.000
2025-12-04T19:12:45.947063,-1.500,-3.000,1.270,0.000
2025-12-04T19:12:45.963649,-1.500,-3.000,1.270,0.000
2025-12-04T19:12:45.981961,-1.500,-3.000,1.270,0.000
2025-12-04T19:12:46.000171,-1.500,-3.000,1.270,0.000
2025-12-04T19:12:46.018051,-1.500,-3.000,1.270,0.000
2025-12-04T19:12:46.036102,-1.500,-3.000,1.270,0.000
2025-12-04T19:12:46.052001,-1.500,-3.000,1.270,0.000
2025-12-04T19:12:46.071288,-1.500,-3.000,1.270,0.000
2025-12-04T19:12:46.085579,-1.500,-3.000,1.270,0.000
2025-12-04T19:12:46.099921,-1.500,-3.000,1.270,0.000
2025-12-04T19:12:46.114398,-1.500,-3.000,1.270,0.000
2025-12-04T19:12:46.129712,-1.500,-3.000,1.270,0.000
2025-12-04T19:12:46.142730,-1.500,-3.000,1.270,0.000
2025-12-04T19:12:46.158687,-1.500,-3.000,1.270,0.000
2025-12-04T19:12:46.174774,-1.500,-3.000,1.270,0.000
2025-12-04T19:12:46.192941,-1.500,-3.000,1.270,0.000
2025-12-04T19:12:46.208922,-1.500,-3.000,1.270,0.000
2025-12-04T19:12:46.226216,-1.500,-3.000,1.270,0.000
2025-12-04T19:12:46.244532,-1.500,-3.000,1.270,0.000
2025-12-04T19:12:46.260368,-1.500,-3.000,1.270,0.000
2025-12-04T19:12:46.280858,-1.500,-3.000,1.270,0.000
2025-12-04T19:12:46.294704,-1.500,-3.000,1.270,0.000
2025-12-04T19:12:46.311428,-1.500,-3.000,1.270,0.000
2025-12-04T19:12:46.327209,-1.500,-3.000,1.270,0.000
2025-12-04T19:12:46.341757,-1.500,-3.000,1.270,0.000
2025-12-04T19:12:46.357937,-1.500,-3.000,1.270,0.000
2025-12-04T19:12:46.372731,-1.500,-3.000,1.270,0.000
2025-12-04T19:12:46.390487,-1.500,-3.000,1.270,0.000
2025-12-04T19:12:46.407939,-1.500,-3.000,1.270,0.000
2025-12-04T19:12:46.422660,-1.500,-3.000,1.270,0.000
2025-12-04T19:12:46.441294,-1.500,-3.000,1.270,0.000
2025-12-04T19:12:46.458749,-1.500,-3.000,1.270,0.000
2025-12-04T19:12:46.476310,-1.500,-3.000,1.270,0.000
2025-12-04T19:12:46.495249,-1.500,-3.000,1.270,0.000
2025-12-04T19:12:46.509980,-1.500,-3.000,1.270,0.000
2025-12-04T19:12:46.526761,-1.500,-3.000,1.270,0.000
2025-12-04T19:12:46.543184,-1.500,-3.000,1.270,0.000
2025-12-04T19:12:46.558342,-1.500,-3.000,1.270,0.000
2025-12-04T19:12:46.572800,-1.500,-3.000,1.270,0.000
2025-12-04T19:12:46.588918,-1.500,-3.000,1.270,0.000
2025-12-04T19:12:46.604371,-1.500,-3.000,1.270,0.000
2025-12-04T19:12:46.619470,-1.500,-3.000,1.270,0.000
2025-12-04T19:12:46.635488,-1.500,-3.000,1.270,0.000
2025-12-04T19:12:46.651030,-1.500,-3.000,1.270,0.000
2025-12-04T19:12:46.668720,-1.500,-3.000,1.270,0.000
2025-12-04T19:12:46.686002,-1.500,-3.000,1.270,0.000
2025-12-04T19:12:46.703680,-1.500,-3.000,1.270,0.000
2025-12-04T19:12:46.723763,-1.500,-3.000,1.270,0.000
2025-12-04T19:12:46.740028,-1.500,-3.000,1.270,0.000
2025-12-04T19:12:46.758520,-1.500,-3.000,1.270,0.000
2025-12-04T19:12:46.776589,-1.500,-3.000,1.270,0.000
2025-12-04T19:12:46.794375,-1.500,-3.000,1.270,0.000
2025-12-04T19:12:46.810996,-1.500,-3.000,1.270,0.000
2025-12-04T19:12:46.824243,-1.500,-3.000,1.270,0.000
2025-12-04T19:12:46.840157,-1.500,-3.000,1.270,0.000
2025-12-04T19:12:46.856308,-1.500,-3.000,1.270,0.000
2025-12-04T19:12:46.868181,-1.500,-3.000,1.270,0.000
2025-12-04T19:12:46.883733,-1.500,-3.000,1.270,0.000
2025-12-04T19:12:46.898540,-1.500,-3.000,1.270,0.000
2025-12-04T19:12:46.914637,-1.500,-3.000,1.270,0.000
2025-12-04T19:12:46.931498,-1.500,-3.000,1.270,0.000
2025-12-04T19:12:46.947434,-1.500,-3.000,1.270,0.000
2025-12-04T19:12:46.965649,-1.500,-3.000,1.270,0.000
2025-12-04T19:12:46.984023,-1.500,-3.000,1.270,0.000
2025-12-04T19:12:47.000805,-1.500,-3.000,1.270,0.000
2025-12-04T19:12:47.019177,-1.500,-3.000,1.270,0.000
2025-12-04T19:12:47.035756,-1.500,-3.000,1.270,0.000
2025-12-04T19:12:47.054062,-1.500,-3.000,1.270,0.000
2025-12-04T19:12:47.069971,-1.500,-3.000,1.270,0.000
2025-12-04T19:12:47.087072,-1.500,-3.000,1.270,0.000
2025-12-04T19:12:47.102030,-1.500,-3.000,1.270,0.000
2025-12-04T19:12:47.117585,-1.500,-3.000,1.270,0.000
2025-12-04T19:12:47.130682,-1.500,-3.000,1.270,0.000
2025-12-04T19:12:47.147463,-1.500,-3.000,1.270,0.000
2025-12-04T19:12:47.163792,-1.500,-3.000,1.270,0.000
2025-12-04T19:12:47.179504,-1.500,-3.000,1.270,0.000
2025-12-04T19:12:47.198792,-1.500,-3.000,1.270,0.000
2025-12-04T19:12:47.215939,-1.500,-3.000,1.270,0.000
2025-12-04T19:12:47.233830,-1.500,-3.000,1.270,0.000
2025-12-04T19:12:47.250829,-1.500,-3.000,1.270,0.000
2025-12-04T19:12:47.267858,-1.500,-3.000,1.270,0.000
2025-12-04T19:12:47.286024,-1.500,-3.000,1.270,0.000
2025-12-04T19:12:47.303191,-1.500,-3.000,1.270,0.000
2025-12-04T19:12:47.320977,-1.500,-3.000,1.270,0.000
2025-12-04T19:12:47.335652,-1.500,-3.000,1.270,0.000
2025-12-04T19:12:47.352145,-1.500,-3.000,1.270,0.000
2025-12-04T19:12:47.366667,-1.500,-3.000,1.270,0.000
2025-12-04T19:12:47.382618,-1.500,-3.000,1.270,0.000
2025-12-04T19:12:47.394439,-1.500,-3.000,1.270,0.000
2025-12-04T19:12:47.408968,-1.500,-3.000,1.270,0.000
2025-12-04T19:12:47.425162,-1.500,-3.000,1.270,0.000
2025-12-04T19:12:47.440423,-1.500,-3.000,1.270,0.000
2025-12-04T19:12:47.457594,-1.500,-3.000,1.270,0.000
2025-12-04T19:12:47.479895,-1.500,-3.000,1.270,0.000
2025-12-04T19:12:47.497918,-1.500,-3.000,1.270,0.000
2025-12-04T19:12:47.515481,-1.500,-3.000,1.270,0.000
2025-12-04T19:12:47.531381,-1.500,-3.000,1.270,0.000
2025-12-04T19:12:47.547740,-1.500,-3.000,1.270,0.000
2025-12-04T19:12:47.561699,-1.500,-3.000,1.270,0.000
2025-12-04T19:12:47.576819,-1.500,-3.000,1.270,0.000
2025-12-04T19:12:47.591303,-1.500,-3.000,1.270,0.000
2025-12-04T19:12:47.605817,-1.500,-3.000,1.270,0.000
2025-12-04T19:12:47.619953,-1.500,-3.000,1.270,0.000
2025-12-04T19:12:47.636085,-1.500,-3.000,1.270,0.000
2025-12-04T19:12:47.649120,-1.500,-3.000,1.270,0.000
2025-12-04T19:12:47.666510,-1.500,-3.000,1.270,0.000
2025-12-04T19:12:47.684220,-1.500,-3.000,1.270,0.000
2025-12-04T19:12:47.702531,-1.500,-3.000,1.270,0.000
2025-12-04T19:12:47.716999,-1.500,-3.000,1.270,0.000
2025-12-04T19:12:47.733708,-1.500,-3.000,1.270,0.000
2025-12-04T19:12:47.751209,-1.500,-3.000,1.270,0.000
2025-12-04T19:12:47.769315,-1.500,-3.000,1.270,0.000
2025-12-04T19:12:47.785438,-1.500,-3.000,1.270,0.000
2025-12-04T19:12:47.802486,-1.500,-3.000,1.270,0.000
2025-12-04T19:12:47.818760,-1.500,-3.000,1.270,0.000
2025-12-04T19:12:47.836170,-1.500,-3.000,1.270,0.000
2025-12-04T19:12:47.849961,-1.500,-3.000,1.270,0.000
2025-12-04T19:12:47.865660,-1.500,-3.000,1.270,0.000
2025-12-04T19:12:47.881830,-1.500,-3.000,1.270,0.000
2025-12-04T19:12:47.899039,-1.500,-3.000,1.270,0.000
2025-12-04T19:12:47.914776,-1.500,-3.000,1.270,0.000
2025-12-04T19:12:47.932542,-1.500,-3.000,1.270,0.000
2025-12-04T19:12:47.949585,-1.500,-3.000,1.270,0.000
2025-12-04T19:12:47.967653,-1.500,-3.000,1.270,0.000
2025-12-04T19:12:47.984130,-1.500,-3.000,1.270,0.000
2025-12-04T19:12:48.000657,-1.500,-3.000,1.270,0.000
2025-12-04T19:12:48.017799,-1.500,-3.000,1.270,0.000
2025-12-04T19:12:48.034515,-1.500,-3.000,1.270,0.000
2025-12-04T19:12:48.050773,-1.500,-3.000,1.270,0.000
2025-12-04T19:12:48.066613,-1.500,-3.000,1.270,0.000
2025-12-04T19:12:48.082051,-1.500,-3.000,1.270,0.000
2025-12-04T19:12:48.102554,-1.500,-3.000,1.270,0.000
2025-12-04T19:12:48.115105,-1.500,-3.000,1.270,0.000
2025-12-04T19:12:48.131777,-1.500,-3.000,1.270,0.000
2025-12-04T19:12:48.147226,-1.500,-3.000,1.270,0.000
2025-12-04T19:12:48.163946,-1.500,-3.000,1.270,0.000
2025-12-04T19:12:48.180653,-1.500,-3.000,1.270,0.000
2025-12-04T19:12:48.199004,-1.500,-3.000,1.270,0.000
2025-12-04T19:12:48.215687,-1.500,-3.000,1.270,0.000
2025-12-04T19:12:48.234069,-1.500,-3.000,1.270,0.000
2025-12-04T19:12:48.252675,-1.500,-3.000,1.270,0.000
2025-12-04T19:12:48.281203,-1.500,-3.000,1.270,0.000
2025-12-04T19:12:48.295549,-1.500,-3.000,1.270,0.000
2025-12-04T19:12:48.313125,-1.500,-3.000,1.270,0.000
2025-12-04T19:12:48.330918,-1.500,-3.000,1.270,0.000
2025-12-04T19:12:48.347247,-1.500,-3.000,1.270,0.000
2025-12-04T19:12:48.360867,-1.500,-3.000,1.270,0.000
2025-12-04T19:12:48.375670,-1.500,-3.000,1.270,0.000
2025-12-04T19:12:48.388814,-1.500,-3.000,1.270,0.000
2025-12-04T19:12:48.403433,-1.500,-3.000,1.270,0.000
2025-12-04T19:12:48.418583,-1.500,-3.000,1.270,0.000
2025-12-04T19:12:48.433624,-1.500,-3.000,1.270,0.000
2025-12-04T19:12:48.448466,-1.500,-3.000,1.270,0.000
2025-12-04T19:12:48.465524,-1.500,-3.000,1.270,0.000
2025-12-04T19:12:48.482488,-1.500,-3.000,1.270,0.000
2025-12-04T19:12:48.499981,-1.500,-3.000,1.270,0.000
2025-12-04T19:12:48.517375,-1.500,-3.000,1.270,0.000
2025-12-04T19:12:48.533888,-1.500,-3.000,1.270,0.000
2025-12-04T19:12:48.552329,-1.500,-3.000,1.270,0.000
2025-12-04T19:12:48.568772,-1.500,-3.000,1.270,0.000
2025-12-04T19:12:48.585568,-1.500,-3.000,1.270,0.000
2025-12-04T19:12:48.603410,-1.500,-3.000,1.270,0.000
2025-12-04T19:12:48.620732,-1.500,-3.000,1.270,0.000
2025-12-04T19:12:48.637625,-1.500,-3.000,1.270,0.000
2025-12-04T19:12:48.652403,-1.500,-3.000,1.270,0.000
2025-12-04T19:12:48.667413,-1.500,-3.000,1.270,0.000
2025-12-04T19:12:48.681562,-1.500,-3.000,1.270,0.000
2025-12-04T19:12:48.698059,-1.500,-3.000,1.270,0.000
2025-12-04T19:12:48.718298,-1.500,-3.000,1.270,0.000
2025-12-04T19:12:48.735482,-1.500,-3.000,1.270,0.000
2025-12-04T19:12:48.752370,-1.500,-3.000,1.270,0.000
2025-12-04T19:12:48.769681,-1.500,-3.000,1.270,0.000
2025-12-04T19:12:48.786512,-1.500,-3.000,1.270,0.000
2025-12-04T19:12:48.804864,-1.500,-3.000,1.270,0.000
2025-12-04T19:12:48.823790,-1.500,-3.000,1.270,0.000
2025-12-04T19:12:48.839421,-1.500,-3.000,1.270,0.000
2025-12-04T19:12:48.855958,-1.500,-3.000,1.270,0.000
2025-12-04T19:12:48.872358,-1.500,-3.000,1.270,0.000
2025-12-04T19:12:48.888506,-1.500,-3.000,1.270,0.000
2025-12-04T19:12:48.904836,-1.500,-3.000,1.270,0.000
2025-12-04T19:12:48.919459,-1.500,-3.000,1.270,0.000
2025-12-04T19:12:48.934491,-1.500,-3.000,1.270,0.000
2025-12-04T19:12:48.947196,-1.500,-3.000,1.270,0.000
2025-12-04T19:12:48.962151,-1.500,-3.000,1.270,0.000
2025-12-04T19:12:48.977047,-1.500,-3.000,1.270,0.000
2025-12-04T19:12:48.994272,-1.500,-3.000,1.270,0.000
2025-12-04T19:12:49.011587,-1.500,-3.000,1.270,0.000
2025-12-04T19:12:49.028362,-1.500,-3.000,1.270,0.000
2025-12-04T19:12:49.045223,-1.500,-3.000,1.270,0.000
2025-12-04T19:12:49.062467,-1.500,-3.000,1.270,0.000
2025-12-04T19:12:49.080637,-1.500,-3.000,1.270,0.000
2025-12-04T19:12:49.098738,-1.500,-3.000,1.270,0.000
2025-12-04T19:12:49.116428,-1.500,-3.000,1.270,0.000
2025-12-04T19:12:49.132762,-1.500,-3.000,1.270,0.000
2025-12-04T19:12:49.149673,-1.500,-3.000,1.270,0.000
2025-12-04T19:12:49.165101,-1.500,-3.000,1.270,0.000
2025-12-04T19:12:49.181478,-1.500,-3.000,1.270,0.000
2025-12-04T19:12:49.198037,-1.500,-3.000,1.270,0.000
2025-12-04T19:12:49.211817,-1.500,-3.000,1.270,0.000
2025-12-04T19:12:49.227442,-1.500,-3.000,1.270,0.000
2025-12-04T19:12:49.242783,-1.500,-3.000,1.270,0.000
2025-12-04T19:12:49.258425,-1.500,-3.000,1.270,0.000
2025-12-04T19:12:49.276093,-1.500,-3.000,1.270,0.000
2025-12-04T19:12:49.294513,-1.500,-3.000,1.270,0.000
2025-12-04T19:12:49.310858,-1.500,-3.000,1.270,0.000
2025-12-04T19:12:49.328632,-1.500,-3.000,1.270,0.000
2025-12-04T19:12:49.351349,-1.500,-3.000,1.270,0.000
2025-12-04T19:12:49.368736,-1.500,-3.000,1.270,0.000
2025-12-04T19:12:49.386096,-1.500,-3.000,1.270,0.000
2025-12-04T19:12:49.401388,-1.500,-3.000,1.270,0.000
2025-12-04T19:12:49.418321,-1.500,-3.000,1.270,0.000
2025-12-04T19:12:49.433227,-1.500,-3.000,1.270,0.000
2025-12-04T19:12:49.450637,-1.500,-3.000,1.270,0.000
2025-12-04T19:12:49.463436,-1.500,-3.000,1.270,0.000
2025-12-04T19:12:49.477940,-1.500,-3.000,1.270,0.000
2025-12-04T19:12:49.493066,-1.500,-3.000,1.270,0.000
2025-12-04T19:12:49.507427,-1.500,-3.000,1.270,0.000
2025-12-04T19:12:49.523599,-1.500,-3.000,1.270,0.000
2025-12-04T19:12:49.540160,-1.500,-3.000,1.270,0.000
2025-12-04T19:12:49.557009,-1.500,-3.000,1.270,0.000
2025-12-04T19:12:49.574564,-1.500,-3.000,1.270,0.000
2025-12-04T19:12:49.592836,-1.500,-3.000,1.270,0.000
2025-12-04T19:12:49.610533,-1.500,-3.000,1.270,0.000
2025-12-04T19:12:49.629408,-1.500,-3.000,1.270,0.000
2025-12-04T19:12:49.653735,-1.500,-3.000,1.270,0.000
2025-12-04T19:12:49.668827,-1.500,-3.000,1.270,0.000
2025-12-04T19:12:49.685479,-1.500,-3.000,1.270,0.000
2025-12-04T19:12:49.700698,-1.500,-3.000,1.270,0.000
2025-12-04T19:12:49.716692,-1.500,-3.000,1.270,0.000
2025-12-04T19:12:49.731669,-1.500,-3.000,1.270,0.000
2025-12-04T19:12:49.747736,-1.500,-3.000,1.270,0.000
2025-12-04T19:12:49.764425,-1.500,-3.000,1.270,0.000
2025-12-04T19:12:49.778469,-1.500,-3.000,1.270,0.000
2025-12-04T19:12:49.793159,-1.500,-3.000,1.270,0.000
2025-12-04T19:12:49.808493,-1.500,-3.000,1.270,0.000
2025-12-04T19:12:49.824201,-1.500,-3.000,1.270,0.000
2025-12-04T19:12:49.839336,-1.500,-3.000,1.270,0.000
2025-12-04T19:12:49.856536,-1.500,-3.000,1.270,0.000
2025-12-04T19:12:49.874335,-1.500,-3.000,1.270,0.000
2025-12-04T19:12:49.893129,-1.500,-3.000,1.270,0.000
2025-12-04T19:12:49.910838,-1.500,-3.000,1.270,0.000
2025-12-04T19:12:49.928102,-1.500,-3.000,1.270,0.000
2025-12-04T19:12:49.945602,-1.500,-3.000,1.270,0.000
2025-12-04T19:12:49.962945,-1.500,-3.000,1.270,0.000
2025-12-04T19:12:49.981611,-1.500,-3.000,1.270,0.000
2025-12-04T19:12:49.996716,-1.500,-3.000,1.270,0.000
2025-12-04T19:12:50.010919,-1.500,-3.000,1.270,0.000
2025-12-04T19:12:50.026069,-1.500,-3.000,1.270,0.000
2025-12-04T19:12:50.040827,-1.500,-3.000,1.270,0.000
2025-12-04T19:12:50.055801,-1.500,-3.000,1.270,0.000
2025-12-04T19:12:50.070986,-1.500,-3.000,1.270,0.000
2025-12-04T19:12:50.087176,-1.500,-3.000,1.270,0.000
2025-12-04T19:12:50.104088,-1.500,-3.000,1.270,0.000
2025-12-04T19:12:50.122225,-1.500,-3.000,1.270,0.000
2025-12-04T19:12:50.139826,-1.500,-3.000,1.270,0.000
2025-12-04T19:12:50.157025,-1.500,-3.000,1.270,0.000
2025-12-04T19:12:50.174491,-1.500,-3.000,1.270,0.000
2025-12-04T19:12:50.191778,-1.500,-3.000,1.270,0.000
2025-12-04T19:12:50.210041,-1.500,-3.000,1.270,0.000
2025-12-04T19:12:50.228530,-1.500,-3.000,1.270,0.000
2025-12-04T19:12:50.243029,-1.500,-3.000,1.270,0.000
2025-12-04T19:12:50.259835,-1.500,-3.000,1.270,0.000
2025-12-04T19:12:50.279514,-1.500,-3.000,1.270,0.000
2025-12-04T19:12:50.294388,-1.500,-3.000,1.270,0.000
2025-12-04T19:12:50.309231,-1.500,-3.000,1.270,0.000
2025-12-04T19:12:50.324101,-1.500,-3.000,1.270,0.000
2025-12-04T19:12:50.338018,-1.500,-3.000,1.270,0.000
2025-12-04T19:12:50.355917,-1.500,-3.000,1.270,0.000
2025-12-04T19:12:50.371672,-1.500,-3.000,1.270,0.000
2025-12-04T19:12:50.402409,-1.500,-3.000,1.270,0.000
2025-12-04T19:12:50.422029,-1.500,-3.000,1.270,0.000
2025-12-04T19:12:50.435642,-1.500,-3.000,1.270,0.000
2025-12-04T19:12:50.451016,-1.500,-3.000,1.270,0.000
2025-12-04T19:12:50.467331,-1.500,-3.000,1.270,0.000
2025-12-04T19:12:50.481426,-1.500,-3.000,1.270,0.000
2025-12-04T19:12:50.499595,-1.500,-3.000,1.270,0.000
2025-12-04T19:12:50.510211,-1.500,-3.000,1.270,0.000
2025-12-04T19:12:50.524195,-1.500,-3.000,1.270,0.000
2025-12-04T19:12:50.536456,-1.500,-3.000,1.270,0.000
2025-12-04T19:12:50.550303,-1.500,-3.000,1.270,0.000
2025-12-04T19:12:50.563826,-1.500,-3.000,1.270,0.000
2025-12-04T19:12:50.578142,-1.500,-3.000,1.270,0.000
2025-12-04T19:12:50.591622,-1.500,-3.000,1.270,0.000
2025-12-04T19:12:50.607969,-1.500,-3.000,1.270,0.000
2025-12-04T19:12:50.623575,-1.500,-3.000,1.270,0.000
2025-12-04T19:12:50.640864,-1.500,-3.000,1.270,0.000
2025-12-04T19:12:50.657734,-1.500,-3.000,1.270,0.000
2025-12-04T19:12:50.675180,-1.500,-3.000,1.270,0.000
2025-12-04T19:12:50.691962,-1.500,-3.000,1.270,0.000
2025-12-04T19:12:50.710038,-1.500,-3.000,1.270,0.000
2025-12-04T19:12:50.728886,-1.500,-3.000,1.270,0.000
2025-12-04T19:12:50.746401,-1.500,-3.000,1.270,0.000
2025-12-04T19:12:50.764689,-1.500,-3.000,1.270,0.000
2025-12-04T19:12:50.780851,-1.500,-3.000,1.270,0.000
2025-12-04T19:12:50.795875,-1.500,-3.000,1.270,0.000
2025-12-04T19:12:50.812847,-1.500,-3.000,1.270,0.000
2025-12-04T19:12:50.830068,-1.500,-3.000,1.270,0.000
2025-12-04T19:12:50.844295,-1.500,-3.000,1.270,0.000
2025-12-04T19:12:50.858489,-1.500,-3.000,1.270,0.000
2025-12-04T19:12:50.876185,-1.500,-3.000,1.270,0.000
2025-12-04T19:12:50.899693,-1.500,-3.000,1.270,0.000
2025-12-04T19:12:50.912692,-1.500,-3.000,1.270,0.000
2025-12-04T19:12:50.927006,-1.500,-3.000,1.270,0.000
2025-12-04T19:12:50.943730,-1.500,-3.000,1.270,0.000
2025-12-04T19:12:50.959133,-1.500,-3.000,1.270,0.000
2025-12-04T19:12:50.976766,-1.500,-3.000,1.270,0.000
2025-12-04T19:12:50.994780,-1.500,-3.000,1.270,0.000
2025-12-04T19:12:51.010615,-1.500,-3.000,1.270,0.000
2025-12-04T19:12:51.027610,-1.500,-3.000,1.270,0.000
2025-12-04T19:12:51.043659,-1.500,-3.000,1.270,0.000
2025-12-04T19:12:51.061227,-1.500,-3.000,1.270,0.000
2025-12-04T19:12:51.078319,-1.500,-3.000,1.270,0.000
2025-12-04T19:12:51.091468,-1.500,-3.000,1.270,0.000
2025-12-04T19:12:51.106477,-1.500,-3.000,1.270,0.000
2025-12-04T19:12:51.122354,-1.500,-3.000,1.270,0.000
2025-12-04T19:12:51.139801,-1.500,-3.000,1.270,0.000
2025-12-04T19:12:51.156338,-1.500,-3.000,1.270,0.000
2025-12-04T19:12:51.172191,-1.500,-3.000,1.270,0.000
2025-12-04T19:12:51.189675,-1.500,-3.000,1.270,0.000
2025-12-04T19:12:51.205874,-1.500,-3.000,1.270,0.000
2025-12-04T19:12:51.221413,-1.500,-3.000,1.270,0.000
2025-12-04T19:12:51.236487,-1.500,-3.000,1.270,0.000
2025-12-04T19:12:51.252589,-1.500,-3.000,1.270,0.000
2025-12-04T19:12:51.268933,-1.500,-3.000,1.270,0.000
2025-12-04T19:12:51.286614,-1.500,-3.000,1.270,0.000
2025-12-04T19:12:51.303318,-1.500,-3.000,1.270,0.000
2025-12-04T19:12:51.322185,-1.500,-3.000,1.270,0.000
2025-12-04T19:12:51.339775,-1.500,-3.000,1.270,0.000
2025-12-04T19:12:51.358634,-1.500,-3.000,1.270,0.000
2025-12-04T19:12:51.376624,-1.500,-3.000,1.270,0.000
2025-12-04T19:12:51.391739,-1.500,-3.000,1.270,0.000
2025-12-04T19:12:51.409533,-1.500,-3.000,1.270,0.000
2025-12-04T19:12:51.425842,-1.500,-3.000,1.270,0.000
2025-12-04T19:12:51.442073,-1.500,-3.000,1.270,0.000
2025-12-04T19:12:51.457964,-1.500,-3.000,1.270,0.000
2025-12-04T19:12:51.472487,-1.500,-3.000,1.270,0.000
2025-12-04T19:12:51.488330,-1.500,-3.000,1.270,0.000
2025-12-04T19:12:51.504739,-1.500,-3.000,1.270,0.000
2025-12-04T19:12:51.528719,-1.500,-3.000,1.270,0.000
2025-12-04T19:12:51.543817,-1.500,-3.000,1.270,0.000
2025-12-04T19:12:51.559874,-1.500,-3.000,1.270,0.000
2025-12-04T19:12:51.573654,-1.500,-3.000,1.270,0.000
2025-12-04T19:12:51.588672,-1.500,-3.000,1.270,0.000
2025-12-04T19:12:51.603990,-1.500,-3.000,1.270,0.000
2025-12-04T19:12:51.617830,-1.500,-3.000,1.270,0.000
2025-12-04T19:12:51.631715,-1.500,-3.000,1.270,0.000
2025-12-04T19:12:51.646950,-1.500,-3.000,1.270,0.000
2025-12-04T19:12:51.663519,-1.500,-3.000,1.270,0.000
2025-12-04T19:12:51.679531,-1.500,-3.000,1.270,0.000
2025-12-04T19:12:51.695398,-1.500,-3.000,1.270,0.000
2025-12-04T19:12:51.713171,-1.500,-3.000,1.270,0.000
2025-12-04T19:12:51.731221,-1.500,-3.000,1.270,0.000
2025-12-04T19:12:51.749563,-1.500,-3.000,1.270,0.000
2025-12-04T19:12:51.767985,-1.500,-3.000,1.270,0.000
2025-12-04T19:12:51.787336,-1.500,-3.000,1.270,0.000
2025-12-04T19:12:51.802634,-1.500,-3.000,1.270,0.000
2025-12-04T19:12:51.819608,-1.500,-3.000,1.270,0.000
2025-12-04T19:12:51.837199,-1.500,-3.000,1.270,0.000
2025-12-04T19:12:51.852740,-1.500,-3.000,1.270,0.000
2025-12-04T19:12:51.868673,-1.500,-3.000,1.270,0.000
2025-12-04T19:12:51.884317,-1.500,-3.000,1.270,0.000
2025-12-04T19:12:51.899353,-1.500,-3.000,1.270,0.000
2025-12-04T19:12:51.912698,-1.500,-3.000,1.270,0.000
2025-12-04T19:12:51.927635,-1.500,-3.000,1.270,0.000
2025-12-04T19:12:51.944596,-1.500,-3.000,1.270,0.000
2025-12-04T19:12:51.961482,-1.500,-3.000,1.270,0.000
2025-12-04T19:12:51.977525,-1.500,-3.000,1.270,0.000
2025-12-04T19:12:51.996931,-1.500,-3.000,1.270,0.000
2025-12-04T19:12:52.013870,-1.500,-3.000,1.270,0.000
2025-12-04T19:12:52.031647,-1.500,-3.000,1.270,0.000
2025-12-04T19:12:52.050687,-1.500,-3.000,1.270,0.000
2025-12-04T19:12:52.068666,-1.500,-3.000,1.270,0.000
2025-12-04T19:12:52.086322,-1.500,-3.000,1.270,0.000
2025-12-04T19:12:52.103578,-1.500,-3.000,1.270,0.000
2025-12-04T19:12:52.120845,-1.500,-3.000,1.270,0.000
2025-12-04T19:12:52.135163,-1.500,-3.000,1.270,0.000
2025-12-04T19:12:52.148568,-1.500,-3.000,1.270,0.000
2025-12-04T19:12:52.164106,-1.500,-3.000,1.270,0.000
2025-12-04T19:12:52.178320,-1.500,-3.000,1.270,0.000
2025-12-04T19:12:52.194110,-1.500,-3.000,1.270,0.000
2025-12-04T19:12:52.210804,-1.500,-3.000,1.270,0.000
2025-12-04T19:12:52.227195,-1.500,-3.000,1.270,0.000
2025-12-04T19:12:52.243501,-1.500,-3.000,1.270,0.000
2025-12-04T19:12:52.261778,-1.500,-3.000,1.270,0.000
2025-12-04T19:12:52.278876,-1.500,-3.000,1.270,0.000
2025-12-04T19:12:52.296761,-1.500,-3.000,1.270,0.000
2025-12-04T19:12:52.314638,-1.500,-3.000,1.270,0.000
2025-12-04T19:12:52.332421,-1.500,-3.000,1.270,0.000
2025-12-04T19:12:52.352770,-1.500,-3.000,1.270,0.000
2025-12-04T19:12:52.368576,-1.500,-3.000,1.270,0.000
2025-12-04T19:12:52.385873,-1.500,-3.000,1.270,0.000
2025-12-04T19:12:52.401814,-1.500,-3.000,1.270,0.000
2025-12-04T19:12:52.416220,-1.500,-3.000,1.270,0.000
2025-12-04T19:12:52.431668,-1.500,-3.000,1.270,0.000
2025-12-04T19:12:52.455107,-1.500,-3.000,1.270,0.000
2025-12-04T19:12:52.466810,-1.500,-3.000,1.270,0.000
2025-12-04T19:12:52.479546,-1.500,-3.000,1.270,0.000
2025-12-04T19:12:52.494389,-1.500,-3.000,1.270,0.000
2025-12-04T19:12:52.508048,-1.500,-3.000,1.270,0.000
2025-12-04T19:12:52.523372,-1.500,-3.000,1.270,0.000
2025-12-04T19:12:52.537349,-1.500,-3.000,1.270,0.000
2025-12-04T19:12:52.553333,-1.500,-3.000,1.270,0.000
2025-12-04T19:12:52.568880,-1.500,-3.000,1.270,0.000
2025-12-04T19:12:52.585471,-1.500,-3.000,1.270,0.000
2025-12-04T19:12:52.602433,-1.500,-3.000,1.270,0.000
2025-12-04T19:12:52.619863,-1.500,-3.000,1.270,0.000
2025-12-04T19:12:52.637836,-1.500,-3.000,1.270,0.000
2025-12-04T19:12:52.656482,-1.500,-3.000,1.270,0.000
2025-12-04T19:12:52.673920,-1.500,-3.000,1.270,0.000
2025-12-04T19:12:52.691781,-1.500,-3.000,1.270,0.000
2025-12-04T19:12:52.709797,-1.500,-3.000,1.270,0.000
2025-12-04T19:12:52.727117,-1.500,-3.000,1.270,0.000
2025-12-04T19:12:52.743480,-1.500,-3.000,1.270,0.000
2025-12-04T19:12:52.758967,-1.500,-3.000,1.270,0.000
2025-12-04T19:12:52.773853,-1.500,-3.000,1.270,0.000
2025-12-04T19:12:52.789368,-1.500,-3.000,1.270,0.000
2025-12-04T19:12:52.806525,-1.500,-3.000,1.270,0.000
2025-12-04T19:12:52.822800,-1.500,-3.000,1.270,0.000
2025-12-04T19:12:52.841207,-1.500,-3.000,1.270,0.000
2025-12-04T19:12:52.857432,-1.500,-3.000,1.270,0.000
2025-12-04T19:12:52.873237,-1.500,-3.000,1.270,0.000
2025-12-04T19:12:52.891342,-1.500,-3.000,1.270,0.000
2025-12-04T19:12:52.908752,-1.500,-3.000,1.270,0.000
2025-12-04T19:12:52.927157,-1.500,-3.000,1.270,0.000
2025-12-04T19:12:52.943612,-1.500,-3.000,1.270,0.000
2025-12-04T19:12:52.958551,-1.500,-3.000,1.270,0.000
2025-12-04T19:12:52.976203,-1.500,-3.000,1.270,0.000
2025-12-04T19:12:52.990239,-1.500,-3.000,1.270,0.000
2025-12-04T19:12:53.005722,-1.500,-3.000,1.270,0.000
2025-12-04T19:12:53.022932,-1.500,-3.000,1.270,0.000
2025-12-04T19:12:53.036875,-1.500,-3.000,1.270,0.000
2025-12-04T19:12:53.053522,-1.500,-3.000,1.270,0.000
2025-12-04T19:12:53.077028,-1.500,-3.000,1.270,0.000
2025-12-04T19:12:53.092441,-1.500,-3.000,1.270,0.000
2025-12-04T19:12:53.109841,-1.500,-3.000,1.270,0.000
2025-12-04T19:12:53.125095,-1.500,-3.000,1.270,0.000
2025-12-04T19:12:53.140155,-1.500,-3.000,1.270,0.000
2025-12-04T19:12:53.156215,-1.500,-3.000,1.270,0.000
2025-12-04T19:12:53.170815,-1.500,-3.000,1.270,0.000
2025-12-04T19:12:53.187143,-1.500,-3.000,1.270,0.000
2025-12-04T19:12:53.202955,-1.500,-3.000,1.270,0.000
2025-12-04T19:12:53.217625,-1.500,-3.000,1.270,0.000
2025-12-04T19:12:53.231094,-1.500,-3.000,1.270,0.000
2025-12-04T19:12:53.245376,-1.500,-3.000,1.270,0.000
2025-12-04T19:12:53.262283,-1.500,-3.000,1.270,0.000
2025-12-04T19:12:53.278356,-1.500,-3.000,1.270,0.000
2025-12-04T19:12:53.295670,-1.500,-3.000,1.270,0.000
2025-12-04T19:12:53.313072,-1.500,-3.000,1.270,0.000
2025-12-04T19:12:53.331448,-1.500,-3.000,1.270,0.000
2025-12-04T19:12:53.349314,-1.500,-3.000,1.270,0.000
2025-12-04T19:12:53.366963,-1.500,-3.000,1.270,0.000
2025-12-04T19:12:53.383862,-1.500,-3.000,1.270,0.000
2025-12-04T19:12:53.400322,-1.500,-3.000,1.270,0.000
2025-12-04T19:12:53.416976,-1.500,-3.000,1.270,0.000
2025-12-04T19:12:53.433523,-1.500,-3.000,1.270,0.000
2025-12-04T19:12:53.450236,-1.500,-3.000,1.270,0.000
2025-12-04T19:12:53.464850,-1.500,-3.000,1.270,0.000
2025-12-04T19:12:53.481415,-1.500,-3.000,1.270,0.000
2025-12-04T19:12:53.497673,-1.500,-3.000,1.270,0.000
2025-12-04T19:12:53.515347,-1.500,-3.000,1.270,0.000
2025-12-04T19:12:53.530756,-1.500,-3.000,1.270,0.000
2025-12-04T19:12:53.548747,-1.500,-3.000,1.270,0.000
2025-12-04T19:12:53.566542,-1.500,-3.000,1.270,0.000
2025-12-04T19:12:53.584598,-1.500,-3.000,1.270,0.000
2025-12-04T19:12:53.601854,-1.500,-3.000,1.270,0.000
2025-12-04T19:12:53.618031,-1.500,-3.000,1.270,0.000
2025-12-04T19:12:53.634002,-1.500,-3.000,1.270,0.000
2025-12-04T19:12:53.649564,-1.500,-3.000,1.270,0.000
2025-12-04T19:12:53.663415,-1.500,-3.000,1.270,0.000
2025-12-04T19:12:53.678237,-1.500,-3.000,1.270,0.000
2025-12-04T19:12:53.697626,-1.500,-3.000,1.270,0.000
2025-12-04T19:12:53.712886,-1.500,-3.000,1.270,0.000
2025-12-04T19:12:53.726965,-1.500,-3.000,1.270,0.000
2025-12-04T19:12:53.743034,-1.500,-3.000,1.270,0.000
2025-12-04T19:12:53.758723,-1.500,-3.000,1.270,0.000
2025-12-04T19:12:53.776650,-1.500,-3.000,1.270,0.000
2025-12-04T19:12:53.793138,-1.500,-3.000,1.270,0.000
2025-12-04T19:12:53.810245,-1.500,-3.000,1.270,0.000
2025-12-04T19:12:53.828079,-1.500,-3.000,1.270,0.000
2025-12-04T19:12:53.844519,-1.500,-3.000,1.270,0.000
2025-12-04T19:12:53.862573,-1.500,-3.000,1.270,0.000
2025-12-04T19:12:53.880450,-1.500,-3.000,1.270,0.000
2025-12-04T19:12:53.897094,-1.500,-3.000,1.270,0.000
2025-12-04T19:12:53.913182,-1.500,-3.000,1.270,0.000
2025-12-04T19:12:53.928797,-1.500,-3.000,1.270,0.000
2025-12-04T19:12:53.945107,-1.500,-3.000,1.270,0.000
2025-12-04T19:12:53.961058,-1.500,-3.000,1.270,0.000
2025-12-04T19:12:53.976493,-1.500,-3.000,1.270,0.000
2025-12-04T19:12:53.991405,-1.500,-3.000,1.270,0.000
2025-12-04T19:12:54.006445,-1.500,-3.000,1.270,0.000
2025-12-04T19:12:54.022105,-1.500,-3.000,1.270,0.000
2025-12-04T19:12:54.039939,-1.500,-3.000,1.270,0.000
2025-12-04T19:12:54.058156,-1.500,-3.000,1.270,0.000
2025-12-04T19:12:54.075416,-1.500,-3.000,1.270,0.000
2025-12-04T19:12:54.094078,-1.500,-3.000,1.270,0.000
2025-12-04T19:12:54.111530,-1.500,-3.000,1.270,0.000
2025-12-04T19:12:54.127011,-1.500,-3.000,1.270,0.000
2025-12-04T19:12:54.146618,-1.500,-3.000,1.270,0.000
2025-12-04T19:12:54.162565,-1.500,-3.000,1.270,0.000
2025-12-04T19:12:54.180519,-1.500,-3.000,1.270,0.000
2025-12-04T19:12:54.194391,-1.500,-3.000,1.270,0.000
2025-12-04T19:12:54.210515,-1.500,-3.000,1.270,0.000
2025-12-04T19:12:54.225489,-1.500,-3.000,1.270,0.000
2025-12-04T19:12:54.242459,-1.500,-3.000,1.270,0.000
2025-12-04T19:12:54.256951,-1.500,-3.000,1.270,0.000
2025-12-04T19:12:54.274700,-1.500,-3.000,1.270,0.000
2025-12-04T19:12:54.288863,-1.500,-3.000,1.270,0.000
2025-12-04T19:12:54.305185,-1.500,-3.000,1.270,0.000
2025-12-04T19:12:54.322412,-1.500,-3.000,1.270,0.000
2025-12-04T19:12:54.340373,-1.500,-3.000,1.270,0.000
2025-12-04T19:12:54.358538,-1.500,-3.000,1.270,0.000
2025-12-04T19:12:54.375304,-1.500,-3.000,1.270,0.000
2025-12-04T19:12:54.391363,-1.500,-3.000,1.270,0.000
2025-12-04T19:12:54.408006,-1.500,-3.000,1.270,0.000
2025-12-04T19:12:54.424458,-1.500,-3.000,1.270,0.000
2025-12-04T19:12:54.439871,-1.500,-3.000,1.270,0.000
2025-12-04T19:12:54.454486,-1.500,-3.000,1.270,0.000
2025-12-04T19:12:54.468762,-1.500,-3.000,1.270,0.000
2025-12-04T19:12:54.484454,-1.500,-3.000,1.270,0.000
2025-12-04T19:12:54.501776,-1.500,-3.000,1.270,0.000
2025-12-04T19:12:54.517909,-1.500,-3.000,1.270,0.000
2025-12-04T19:12:54.539082,-1.500,-3.000,1.270,0.000
2025-12-04T19:12:54.550428,-1.500,-3.000,1.270,0.000
2025-12-04T19:12:54.567754,-1.500,-3.000,1.270,0.000
2025-12-04T19:12:54.585397,-1.500,-3.000,1.270,0.000
2025-12-04T19:12:54.603570,-1.500,-3.000,1.270,0.000
2025-12-04T19:12:54.622802,-1.500,-3.000,1.270,0.000
2025-12-04T19:12:54.639403,-1.500,-3.000,1.270,0.000
2025-12-04T19:12:54.656797,-1.500,-3.000,1.270,0.000
2025-12-04T19:12:54.674056,-1.500,-3.000,1.270,0.000
2025-12-04T19:12:54.691660,-1.500,-3.000,1.270,0.000
2025-12-04T19:12:54.708114,-1.500,-3.000,1.270,0.000
2025-12-04T19:12:54.722814,-1.500,-3.000,1.270,0.000
2025-12-04T19:12:54.738786,-1.500,-3.000,1.270,0.000
2025-12-04T19:12:54.755232,-1.500,-3.000,1.270,0.000
2025-12-04T19:12:54.771052,-1.500,-3.000,1.270,0.000
2025-12-04T19:12:54.786712,-1.500,-3.000,1.270,0.000
2025-12-04T19:12:54.801716,-1.500,-3.000,1.270,0.000
2025-12-04T19:12:54.818321,-1.500,-3.000,1.270,0.000
2025-12-04T19:12:54.836477,-1.500,-3.000,1.270,0.000
2025-12-04T19:12:54.853193,-1.500,-3.000,1.270,0.000
2025-12-04T19:12:54.869544,-1.500,-3.000,1.270,0.000
2025-12-04T19:12:54.889099,-1.500,-3.000,1.270,0.000
2025-12-04T19:12:54.904618,-1.500,-3.000,1.270,0.000
2025-12-04T19:12:54.920674,-1.500,-3.000,1.270,0.000
2025-12-04T19:12:54.938710,-1.500,-3.000,1.270,0.000
2025-12-04T19:12:54.958921,-1.500,-3.000,1.270,0.000
2025-12-04T19:12:54.976182,-1.500,-3.000,1.270,0.000
2025-12-04T19:12:54.996012,-1.500,-3.000,1.270,0.000
2025-12-04T19:12:55.008068,-1.500,-3.000,1.270,0.000
2025-12-04T19:12:55.023001,-1.500,-3.000,1.270,0.000
2025-12-04T19:12:55.038915,-1.500,-3.000,1.270,0.000
2025-12-04T19:12:55.053958,-1.500,-3.000,1.270,0.000
2025-12-04T19:12:55.067776,-1.500,-3.000,1.270,0.000
2025-12-04T19:12:55.084677,-1.500,-3.000,1.270,0.000
2025-12-04T19:12:55.100030,-1.500,-3.000,1.270,0.000
2025-12-04T19:12:55.115309,-1.500,-3.000,1.270,0.000
2025-12-04T19:12:55.132160,-1.500,-3.000,1.270,0.000
2025-12-04T19:12:55.148637,-1.500,-3.000,1.270,0.000
2025-12-04T19:12:55.166513,-1.500,-3.000,1.270,0.000
2025-12-04T19:12:55.183284,-1.500,-3.000,1.270,0.000
2025-12-04T19:12:55.202164,-1.500,-3.000,1.270,0.000
2025-12-04T19:12:55.219008,-1.500,-3.000,1.270,0.000
2025-12-04T19:12:55.235506,-1.500,-3.000,1.270,0.000
2025-12-04T19:12:55.253393,-1.500,-3.000,1.270,0.000
2025-12-04T19:12:55.269538,-1.500,-3.000,1.270,0.000
2025-12-04T19:12:55.286810,-1.500,-3.000,1.270,0.000
2025-12-04T19:12:55.302436,-1.500,-3.000,1.270,0.000
2025-12-04T19:12:55.317238,-1.500,-3.000,1.270,0.000
2025-12-04T19:12:55.330802,-1.500,-3.000,1.270,0.000
2025-12-04T19:12:55.345889,-1.500,-3.000,1.270,0.000
2025-12-04T19:12:55.362799,-1.500,-3.000,1.270,0.000
2025-12-04T19:12:55.378850,-1.500,-3.000,1.270,0.000
2025-12-04T19:12:55.397008,-1.500,-3.000,1.270,0.000
2025-12-04T19:12:55.413975,-1.500,-3.000,1.270,0.000
2025-12-04T19:12:55.432499,-1.500,-3.000,1.270,0.000
2025-12-04T19:12:55.449347,-1.500,-3.000,1.270,0.000
2025-12-04T19:12:55.466676,-1.500,-3.000,1.270,0.000
2025-12-04T19:12:55.484818,-1.500,-3.000,1.270,0.000
2025-12-04T19:12:55.500553,-1.500,-3.000,1.270,0.000
2025-12-04T19:12:55.516608,-1.500,-3.000,1.270,0.000
2025-12-04T19:12:55.532793,-1.500,-3.000,1.270,0.000
2025-12-04T19:12:55.548618,-1.500,-3.000,1.270,0.000
2025-12-04T19:12:55.564066,-1.500,-3.000,1.270,0.000
2025-12-04T19:12:55.583457,-1.500,-3.000,1.270,0.000
2025-12-04T19:12:55.597048,-1.500,-3.000,1.270,0.000
2025-12-04T19:12:55.612774,-1.500,-3.000,1.270,0.000
2025-12-04T19:12:55.628492,-1.500,-3.000,1.270,0.000
2025-12-04T19:12:55.643233,-1.500,-3.000,1.270,0.000
2025-12-04T19:12:55.660901,-1.500,-3.000,1.270,0.000
2025-12-04T19:12:55.677104,-1.500,-3.000,1.270,0.000
2025-12-04T19:12:55.694350,-1.500,-3.000,1.270,0.000
2025-12-04T19:12:55.710078,-1.500,-3.000,1.270,0.000
2025-12-04T19:12:55.727399,-1.500,-3.000,1.270,0.000
2025-12-04T19:12:55.747229,-1.500,-3.000,1.270,0.000
2025-12-04T19:12:55.765869,-1.500,-3.000,1.270,0.000
2025-12-04T19:12:55.784853,-1.500,-3.000,1.270,0.000
2025-12-04T19:12:55.800835,-1.500,-3.000,1.270,0.000
2025-12-04T19:12:55.819202,-1.500,-3.000,1.270,0.000
2025-12-04T19:12:55.835410,-1.500,-3.000,1.270,0.000
2025-12-04T19:12:55.852826,-1.500,-3.000,1.270,0.000
2025-12-04T19:12:55.867806,-1.500,-3.000,1.270,0.000
2025-12-04T19:12:55.889732,-1.500,-3.000,1.270,0.000
2025-12-04T19:12:55.903815,-1.500,-3.000,1.270,0.000
2025-12-04T19:12:55.916901,-1.500,-3.000,1.270,0.000
2025-12-04T19:12:55.930862,-1.500,-3.000,1.270,0.000
2025-12-04T19:12:55.945725,-1.500,-3.000,1.270,0.000
2025-12-04T19:12:55.960829,-1.500,-3.000,1.270,0.000
2025-12-04T19:12:55.976127,-1.500,-3.000,1.270,0.000
2025-12-04T19:12:55.991607,-1.500,-3.000,1.270,0.000
2025-12-04T19:12:56.008947,-1.500,-3.000,1.270,0.000
2025-12-04T19:12:56.026542,-1.500,-3.000,1.270,0.000
2025-12-04T19:12:56.044150,-1.500,-3.000,1.270,0.000
2025-12-04T19:12:56.061497,-1.500,-3.000,1.270,0.000
2025-12-04T19:12:56.076778,-1.500,-3.000,1.270,0.000
2025-12-04T19:12:56.097565,-1.500,-3.000,1.270,0.000
2025-12-04T19:12:56.112845,-1.500,-3.000,1.270,0.000
2025-12-04T19:12:56.130949,-1.500,-3.000,1.270,0.000
2025-12-04T19:12:56.149315,-1.500,-3.000,1.270,0.000
2025-12-04T19:12:56.165672,-1.500,-3.000,1.270,0.000
2025-12-04T19:12:56.181592,-1.500,-3.000,1.270,0.000
2025-12-04T19:12:56.197871,-1.500,-3.000,1.270,0.000
2025-12-04T19:12:56.213185,-1.500,-3.000,1.270,0.000
2025-12-04T19:12:56.227705,-1.500,-3.000,1.270,0.000
2025-12-04T19:12:56.241958,-1.500,-3.000,1.270,0.000
2025-12-04T19:12:56.258030,-1.500,-3.000,1.270,0.000
2025-12-04T19:12:56.274400,-1.500,-3.000,1.270,0.000
2025-12-04T19:12:56.291211,-1.500,-3.000,1.270,0.000
2025-12-04T19:12:56.309131,-1.500,-3.000,1.270,0.000
2025-12-04T19:12:56.327474,-1.500,-3.000,1.270,0.000
2025-12-04T19:12:56.344067,-1.500,-3.000,1.270,0.000
2025-12-04T19:12:56.362946,-1.500,-3.000,1.270,0.000
2025-12-04T19:12:56.380131,-1.500,-3.000,1.270,0.000
2025-12-04T19:12:56.397041,-1.500,-3.000,1.270,0.000
2025-12-04T19:12:56.411360,-1.500,-3.000,1.270,0.000
2025-12-04T19:12:56.427673,-1.500,-3.000,1.270,0.000
2025-12-04T19:12:56.443587,-1.500,-3.000,1.270,0.000
2025-12-04T19:12:56.459691,-1.500,-3.000,1.270,0.000
2025-12-04T19:12:56.473413,-1.500,-3.000,1.270,0.000
2025-12-04T19:12:56.488834,-1.500,-3.000,1.270,0.000
2025-12-04T19:12:56.504708,-1.500,-3.000,1.270,0.000
2025-12-04T19:12:56.518822,-1.500,-3.000,1.270,0.000
2025-12-04T19:12:56.533831,-1.500,-3.000,1.270,0.000
2025-12-04T19:12:56.550506,-1.500,-3.000,1.270,0.000
2025-12-04T19:12:56.566335,-1.500,-3.000,1.270,0.000
2025-12-04T19:12:56.583908,-1.500,-3.000,1.270,0.000
2025-12-04T19:12:56.600649,-1.500,-3.000,1.270,0.000
2025-12-04T19:12:56.619206,-1.500,-3.000,1.270,0.000
2025-12-04T19:12:56.637694,-1.500,-3.000,1.270,0.000
2025-12-04T19:12:56.655681,-1.500,-3.000,1.270,0.000
2025-12-04T19:12:56.674013,-1.500,-3.000,1.270,0.000
2025-12-04T19:12:56.691796,-1.500,-3.000,1.270,0.000
2025-12-04T19:12:56.707760,-1.500,-3.000,1.270,0.000
2025-12-04T19:12:56.726161,-1.500,-3.000,1.270,0.000
2025-12-04T19:12:56.742239,-1.500,-3.000,1.270,0.000
2025-12-04T19:12:56.758682,-1.500,-3.000,1.270,0.000
2025-12-04T19:12:56.773456,-1.500,-3.000,1.270,0.000
2025-12-04T19:12:56.787789,-1.500,-3.000,1.270,0.000
2025-12-04T19:12:56.802768,-1.500,-3.000,1.270,0.000
2025-12-04T19:12:56.821118,-1.500,-3.000,1.270,0.000
2025-12-04T19:12:56.832493,-1.500,-3.000,1.270,0.000
2025-12-04T19:12:56.849800,-1.500,-3.000,1.270,0.000
2025-12-04T19:12:56.866601,-1.500,-3.000,1.270,0.000
2025-12-04T19:12:56.885077,-1.500,-3.000,1.270,0.000
2025-12-04T19:12:56.904996,-1.500,-3.000,1.270,0.000
2025-12-04T19:12:56.920120,-1.500,-3.000,1.270,0.000
2025-12-04T19:12:56.939223,-1.500,-3.000,1.270,0.000
2025-12-04T19:12:56.956018,-1.500,-3.000,1.270,0.000
2025-12-04T19:12:56.973810,-1.500,-3.000,1.270,0.000
2025-12-04T19:12:56.990764,-1.500,-3.000,1.270,0.000
2025-12-04T19:12:57.007275,-1.500,-3.000,1.270,0.000
2025-12-04T19:12:57.023097,-1.500,-3.000,1.270,0.000
2025-12-04T19:12:57.037790,-1.500,-3.000,1.270,0.000
2025-12-04T19:12:57.052365,-1.500,-3.000,1.270,0.000
2025-12-04T19:12:57.067755,-1.500,-3.000,1.270,0.000
2025-12-04T19:12:57.082818,-1.500,-3.000,1.270,0.000
2025-12-04T19:12:57.099312,-1.500,-3.000,1.270,0.000
2025-12-04T19:12:57.113245,-1.500,-3.000,1.270,0.000
2025-12-04T19:12:57.131227,-1.500,-3.000,1.270,0.000
2025-12-04T19:12:57.146755,-1.500,-3.000,1.270,0.000
2025-12-04T19:12:57.164809,-1.500,-3.000,1.270,0.000
2025-12-04T19:12:57.183938,-1.500,-3.000,1.270,0.000
2025-12-04T19:12:57.202698,-1.500,-3.000,1.270,0.000
2025-12-04T19:12:57.219776,-1.500,-3.000,1.270,0.000
2025-12-04T19:12:57.236860,-1.500,-3.000,1.270,0.000
2025-12-04T19:12:57.251958,-1.500,-3.000,1.270,0.000
2025-12-04T19:12:57.270347,-1.500,-3.000,1.270,0.000
2025-12-04T19:12:57.286401,-1.500,-3.000,1.270,0.000
2025-12-04T19:12:57.300679,-1.500,-3.000,1.270,0.000
2025-12-04T19:12:57.316844,-1.500,-3.000,1.270,0.000
2025-12-04T19:12:57.330580,-1.500,-3.000,1.270,0.000
2025-12-04T19:12:57.348370,-1.500,-3.000,1.270,0.000
2025-12-04T19:12:57.363200,-1.500,-3.000,1.270,0.000
2025-12-04T19:12:57.380839,-1.500,-3.000,1.270,0.000
2025-12-04T19:12:57.395236,-1.500,-3.000,1.270,0.000
2025-12-04T19:12:57.412352,-1.500,-3.000,1.270,0.000
2025-12-04T19:12:57.432752,-1.500,-3.000,1.270,0.000
2025-12-04T19:12:57.449770,-1.500,-3.000,1.270,0.000
2025-12-04T19:12:57.465215,-1.500,-3.000,1.270,0.000
2025-12-04T19:12:57.482277,-1.500,-3.000,1.270,0.000
2025-12-04T19:12:57.499518,-1.500,-3.000,1.270,0.000
2025-12-04T19:12:57.516790,-1.500,-3.000,1.270,0.000
2025-12-04T19:12:57.533503,-1.500,-3.000,1.270,0.000
2025-12-04T19:12:57.548767,-1.500,-3.000,1.270,0.000
2025-12-04T19:12:57.564390,-1.500,-3.000,1.270,0.000
2025-12-04T19:12:57.578563,-1.500,-3.000,1.270,0.000
2025-12-04T19:12:57.594343,-1.500,-3.000,1.270,0.000
2025-12-04T19:12:57.610755,-1.500,-3.000,1.270,0.000
2025-12-04T19:12:57.627487,-1.500,-3.000,1.270,0.000
2025-12-04T19:12:57.644833,-1.500,-3.000,1.270,0.000
2025-12-04T19:12:57.662990,-1.500,-3.000,1.270,0.000
2025-12-04T19:12:57.680550,-1.500,-3.000,1.270,0.000
2025-12-04T19:12:57.698388,-1.500,-3.000,1.270,0.000
2025-12-04T19:12:57.715110,-1.500,-3.000,1.270,0.000
2025-12-04T19:12:57.733392,-1.500,-3.000,1.270,0.000
2025-12-04T19:12:57.750727,-1.500,-3.000,1.270,0.000
2025-12-04T19:12:57.763636,-1.500,-3.000,1.270,0.000
2025-12-04T19:12:57.779529,-1.500,-3.000,1.270,0.000
2025-12-04T19:12:57.795505,-1.500,-3.000,1.270,0.000
2025-12-04T19:12:57.810908,-1.500,-3.000,1.270,0.000
2025-12-04T19:12:57.824599,-1.500,-3.000,1.270,0.000
2025-12-04T19:12:57.840552,-1.500,-3.000,1.270,0.000
2025-12-04T19:12:57.856756,-1.500,-3.000,1.270,0.000
2025-12-04T19:12:57.874163,-1.500,-3.000,1.270,0.000
2025-12-04T19:12:57.889508,-1.500,-3.000,1.270,0.000
2025-12-04T19:12:57.909181,-1.500,-3.000,1.270,0.000
2025-12-04T19:12:57.927185,-1.500,-3.000,1.270,0.000
2025-12-04T19:12:57.944581,-1.500,-3.000,1.270,0.000
2025-12-04T19:12:57.963615,-1.500,-3.000,1.270,0.000
2025-12-04T19:12:57.981078,-1.500,-3.000,1.270,0.000
2025-12-04T19:12:58.000619,-1.500,-3.000,1.270,0.000
2025-12-04T19:12:58.016007,-1.500,-3.000,1.270,0.000
2025-12-04T19:12:58.036867,-1.500,-3.000,1.270,0.000
2025-12-04T19:12:58.052227,-1.500,-3.000,1.270,0.000
2025-12-04T19:12:58.067652,-1.500,-3.000,1.270,0.000
2025-12-04T19:12:58.084050,-1.500,-3.000,1.270,0.000
2025-12-04T19:12:58.098219,-1.500,-3.000,1.270,0.000
2025-12-04T19:12:58.115768,-1.500,-3.000,1.270,0.000
2025-12-04T19:12:58.129909,-1.500,-3.000,1.270,0.000
2025-12-04T19:12:58.144508,-1.500,-3.000,1.270,0.000
2025-12-04T19:12:58.159143,-1.500,-3.000,1.270,0.000
2025-12-04T19:12:58.174121,-1.500,-3.000,1.270,0.000
2025-12-04T19:12:58.191302,-1.500,-3.000,1.270,0.000
2025-12-04T19:12:58.211341,-1.500,-3.000,1.270,0.000
2025-12-04T19:12:58.227891,-1.500,-3.000,1.270,0.000
2025-12-04T19:12:58.244856,-1.500,-3.000,1.270,0.000
2025-12-04T19:12:58.262843,-1.500,-3.000,1.270,0.000
2025-12-04T19:12:58.281956,-1.500,-3.000,1.270,0.000
2025-12-04T19:12:58.297583,-1.500,-3.000,1.270,0.000
2025-12-04T19:12:58.315999,-1.500,-3.000,1.270,0.000
2025-12-04T19:12:58.334213,-1.500,-3.000,1.270,0.000
2025-12-04T19:12:58.351142,-1.500,-3.000,1.270,0.000
2025-12-04T19:12:58.365821,-1.500,-3.000,1.270,0.000
2025-12-04T19:12:58.384392,-1.500,-3.000,1.270,0.000
2025-12-04T19:12:58.403482,-1.500,-3.000,1.270,0.000
2025-12-04T19:12:58.415556,-1.500,-3.000,1.270,0.000
2025-12-04T19:12:58.429315,-1.500,-3.000,1.270,0.000
2025-12-04T19:12:58.441971,-1.500,-3.000,1.270,0.000
2025-12-04T19:12:58.456761,-1.500,-3.000,1.270,0.000
2025-12-04T19:12:58.471533,-1.500,-3.000,1.270,0.000
2025-12-04T19:12:58.486204,-1.500,-3.000,1.270,0.000
2025-12-04T19:12:58.503729,-1.500,-3.000,1.270,0.000
2025-12-04T19:12:58.520283,-1.500,-3.000,1.270,0.000
2025-12-04T19:12:58.537339,-1.500,-3.000,1.270,0.000
2025-12-04T19:12:58.555785,-1.500,-3.000,1.270,0.000
2025-12-04T19:12:58.572536,-1.500,-3.000,1.270,0.000
2025-12-04T19:12:58.589750,-1.500,-3.000,1.270,0.000
2025-12-04T19:12:58.607610,-1.500,-3.000,1.270,0.000
2025-12-04T19:12:58.623467,-1.500,-3.000,1.270,0.000
2025-12-04T19:12:58.639308,-1.500,-3.000,1.270,0.000
2025-12-04T19:12:58.654595,-1.500,-3.000,1.270,0.000
2025-12-04T19:12:58.670816,-1.500,-3.000,1.270,0.000
2025-12-04T19:12:58.685816,-1.500,-3.000,1.270,0.000
2025-12-04T19:12:58.700720,-1.500,-3.000,1.270,0.000
2025-12-04T19:12:58.716655,-1.500,-3.000,1.270,0.000
2025-12-04T19:12:58.734094,-1.500,-3.000,1.270,0.000
2025-12-04T19:12:58.749818,-1.500,-3.000,1.270,0.000
2025-12-04T19:12:58.767904,-1.500,-3.000,1.270,0.000
2025-12-04T19:12:58.784280,-1.500,-3.000,1.270,0.000
2025-12-04T19:12:58.804406,-1.500,-3.000,1.270,0.000
2025-12-04T19:12:58.823943,-1.500,-3.000,1.270,0.000
2025-12-04T19:12:58.841518,-1.500,-3.000,1.270,0.000
2025-12-04T19:12:58.860234,-1.500,-3.000,1.270,0.000
2025-12-04T19:12:58.877547,-1.500,-3.000,1.270,0.000
2025-12-04T19:12:58.894617,-1.500,-3.000,1.270,0.000
2025-12-04T19:12:58.911031,-1.500,-3.000,1.270,0.000
2025-12-04T19:12:58.927522,-1.500,-3.000,1.270,0.000
2025-12-04T19:12:58.943124,-1.500,-3.000,1.270,0.000
2025-12-04T19:12:58.956763,-1.500,-3.000,1.270,0.000
2025-12-04T19:12:58.972941,-1.500,-3.000,1.270,0.000
2025-12-04T19:12:58.988006,-1.500,-3.000,1.270,0.000
2025-12-04T19:12:59.002683,-1.500,-3.000,1.270,0.000
2025-12-04T19:12:59.017819,-1.500,-3.000,1.270,0.000
2025-12-04T19:12:59.035365,-1.500,-3.000,1.270,0.000
2025-12-04T19:12:59.049347,-1.500,-3.000,1.270,0.000
2025-12-04T19:12:59.067956,-1.500,-3.000,1.270,0.000
2025-12-04T19:12:59.086395,-1.500,-3.000,1.270,0.000
2025-12-04T19:12:59.103174,-1.500,-3.000,1.270,0.000
2025-12-04T19:12:59.123376,-1.500,-3.000,1.270,0.000
2025-12-04T19:12:59.138854,-1.500,-3.000,1.270,0.000
2025-12-04T19:12:59.156128,-1.500,-3.000,1.270,0.000
2025-12-04T19:12:59.174978,-1.500,-3.000,1.270,0.000
2025-12-04T19:12:59.190922,-1.500,-3.000,1.270,0.000
2025-12-04T19:12:59.208236,-1.500,-3.000,1.270,0.000
2025-12-04T19:12:59.225636,-1.500,-3.000,1.270,0.000
2025-12-04T19:12:59.240824,-1.500,-3.000,1.270,0.000
2025-12-04T19:12:59.258516,-1.500,-3.000,1.270,0.000
2025-12-04T19:12:59.274058,-1.500,-3.000,1.270,0.000
2025-12-04T19:12:59.289534,-1.500,-3.000,1.270,0.000
2025-12-04T19:12:59.302546,-1.500,-3.000,1.270,0.000
2025-12-04T19:12:59.319884,-1.500,-3.000,1.270,0.000
2025-12-04T19:12:59.330126,-1.500,-3.000,1.270,0.000
2025-12-04T19:12:59.345289,-1.500,-3.000,1.270,0.000
2025-12-04T19:12:59.360801,-1.500,-3.000,1.270,0.000
2025-12-04T19:12:59.376661,-1.500,-3.000,1.270,0.000
2025-12-04T19:12:59.392968,-1.500,-3.000,1.270,0.000
2025-12-04T19:12:59.408851,-1.500,-3.000,1.270,0.000
2025-12-04T19:12:59.426199,-1.500,-3.000,1.270,0.000
2025-12-04T19:12:59.444476,-1.500,-3.000,1.270,0.000
2025-12-04T19:12:59.461015,-1.500,-3.000,1.270,0.000
2025-12-04T19:12:59.479356,-1.500,-3.000,1.270,0.000
2025-12-04T19:12:59.496446,-1.500,-3.000,1.270,0.000
2025-12-04T19:12:59.513710,-1.500,-3.000,1.270,0.000
2025-12-04T19:12:59.531996,-1.500,-3.000,1.270,0.000
2025-12-04T19:12:59.549339,-1.500,-3.000,1.270,0.000
2025-12-04T19:12:59.563015,-1.500,-3.000,1.270,0.000
2025-12-04T19:12:59.577033,-1.500,-3.000,1.270,0.000
2025-12-04T19:12:59.591991,-1.500,-3.000,1.270,0.000
2025-12-04T19:12:59.605554,-1.500,-3.000,1.270,0.000
2025-12-04T19:12:59.621393,-1.500,-3.000,1.270,0.000
2025-12-04T19:12:59.636672,-1.500,-3.000,1.270,0.000
2025-12-04T19:12:59.653457,-1.500,-3.000,1.270,0.000
2025-12-04T19:12:59.670192,-1.500,-3.000,1.270,0.000
2025-12-04T19:12:59.687270,-1.500,-3.000,1.270,0.000
2025-12-04T19:12:59.705770,-1.500,-3.000,1.270,0.000
2025-12-04T19:12:59.723660,-1.500,-3.000,1.270,0.000
2025-12-04T19:12:59.742039,-1.500,-3.000,1.270,0.000
2025-12-04T19:12:59.759938,-1.500,-3.000,1.270,0.000
2025-12-04T19:12:59.778572,-1.500,-3.000,1.270,0.000
2025-12-04T19:12:59.797855,-1.500,-3.000,1.270,0.000
2025-12-04T19:12:59.812473,-1.500,-3.000,1.270,0.000
2025-12-04T19:12:59.830789,-1.500,-3.000,1.270,0.000
2025-12-04T19:12:59.845190,-1.500,-3.000,1.270,0.000
2025-12-04T19:12:59.860835,-1.500,-3.000,1.270,0.000
2025-12-04T19:12:59.879926,-1.500,-3.000,1.270,0.000
2025-12-04T19:12:59.893834,-1.500,-3.000,1.270,0.000
2025-12-04T19:12:59.907936,-1.500,-3.000,1.270,0.000
2025-12-04T19:12:59.923916,-1.500,-3.000,1.270,0.000
2025-12-04T19:12:59.938152,-1.500,-3.000,1.270,0.000
2025-12-04T19:12:59.954654,-1.500,-3.000,1.270,0.000
2025-12-04T19:12:59.971616,-1.500,-3.000,1.270,0.000
2025-12-04T19:12:59.989850,-1.500,-3.000,1.270,0.000
2025-12-04T19:13:00.007296,-1.500,-3.000,1.270,0.000
2025-12-04T19:13:00.023973,-1.500,-3.000,1.270,0.000
2025-12-04T19:13:00.044069,-1.500,-3.000,1.270,0.000
2025-12-04T19:13:00.060615,-1.500,-3.000,1.270,0.000
2025-12-04T19:13:00.077050,-1.500,-3.000,1.270,0.000
2025-12-04T19:13:00.092552,-1.500,-3.000,1.270,0.000
2025-12-04T19:13:00.108500,-1.500,-3.000,1.270,0.000
2025-12-04T19:13:00.123608,-1.500,-3.000,1.270,0.000
2025-12-04T19:13:00.137448,-1.500,-3.000,1.270,0.000
2025-12-04T19:13:00.152975,-1.500,-3.000,1.270,0.000
2025-12-04T19:13:00.168705,-1.500,-3.000,1.270,0.000
2025-12-04T19:13:00.185514,-1.500,-3.000,1.270,0.000
2025-12-04T19:13:00.201531,-1.500,-3.000,1.270,0.000
2025-12-04T19:13:00.215980,-1.500,-3.000,1.270,0.000
2025-12-04T19:13:00.232702,-1.500,-3.000,1.270,0.000
2025-12-04T19:13:00.250465,-1.500,-3.000,1.270,0.000
2025-12-04T19:13:00.268090,-1.500,-3.000,1.270,0.000
2025-12-04T19:13:00.286855,-1.500,-3.000,1.270,0.000
2025-12-04T19:13:00.303537,-1.500,-3.000,1.270,0.000
2025-12-04T19:13:00.321877,-1.500,-3.000,1.270,0.000
2025-12-04T19:13:00.339692,-1.500,-3.000,1.270,0.000
2025-12-04T19:13:00.354869,-1.500,-3.000,1.270,0.000
2025-12-04T19:13:00.371156,-1.500,-3.000,1.270,0.000
2025-12-04T19:13:00.386605,-1.500,-3.000,1.270,0.000
2025-12-04T19:13:00.401915,-1.500,-3.000,1.270,0.000
2025-12-04T19:13:00.414578,-1.500,-3.000,1.270,0.000
2025-12-04T19:13:00.429874,-1.500,-3.000,1.270,0.000
2025-12-04T19:13:00.446741,-1.500,-3.000,1.270,0.000
2025-12-04T19:13:00.462967,-1.500,-3.000,1.270,0.000
2025-12-04T19:13:00.479711,-1.500,-3.000,1.270,0.000
2025-12-04T19:13:00.506136,-1.500,-3.000,1.270,0.000
2025-12-04T19:13:00.517502,-1.500,-3.000,1.270,0.000
2025-12-04T19:13:00.533947,-1.500,-3.000,1.270,0.000
2025-12-04T19:13:00.550922,-1.500,-3.000,1.270,0.000
2025-12-04T19:13:00.567507,-1.500,-3.000,1.270,0.000
2025-12-04T19:13:00.583792,-1.500,-3.000,1.270,0.000
2025-12-04T19:13:00.599588,-1.500,-3.000,1.270,0.000
2025-12-04T19:13:00.615723,-1.500,-3.000,1.270,0.000
2025-12-04T19:13:00.630312,-1.500,-3.000,1.270,0.000
2025-12-04T19:13:00.646611,-1.500,-3.000,1.270,0.000
2025-12-04T19:13:00.660533,-1.500,-3.000,1.270,0.000
2025-12-04T19:13:00.676735,-1.500,-3.000,1.270,0.000
2025-12-04T19:13:00.691317,-1.500,-3.000,1.270,0.000
2025-12-04T19:13:00.707835,-1.500,-3.000,1.270,0.000
2025-12-04T19:13:00.724465,-1.500,-3.000,1.270,0.000
2025-12-04T19:13:00.741428,-1.500,-3.000,1.270,0.000
2025-12-04T19:13:00.759577,-1.500,-3.000,1.270,0.000
2025-12-04T19:13:00.777985,-1.500,-3.000,1.270,0.000
2025-12-04T19:13:00.795661,-1.500,-3.000,1.270,0.000
2025-12-04T19:13:00.814238,-1.500,-3.000,1.270,0.000
2025-12-04T19:13:00.831036,-1.500,-3.000,1.270,0.000
2025-12-04T19:13:00.849190,-1.500,-3.000,1.270,0.000
2025-12-04T19:13:00.865439,-1.500,-3.000,1.270,0.000
2025-12-04T19:13:00.881366,-1.500,-3.000,1.270,0.000
2025-12-04T19:13:00.896477,-1.500,-3.000,1.270,0.000
2025-12-04T19:13:00.911199,-1.500,-3.000,1.270,0.000
2025-12-04T19:13:00.927394,-1.500,-3.000,1.270,0.000
2025-12-04T19:13:00.943009,-1.500,-3.000,1.270,0.000
2025-12-04T19:13:00.959868,-1.500,-3.000,1.270,0.000
2025-12-04T19:13:00.978137,-1.500,-3.000,1.270,0.000
2025-12-04T19:13:00.995032,-1.500,-3.000,1.270,0.000
2025-12-04T19:13:01.013612,-1.500,-3.000,1.270,0.000
2025-12-04T19:13:01.037132,-1.500,-3.000,1.270,0.000
2025-12-04T19:13:01.055320,-1.500,-3.000,1.270,0.000
2025-12-04T19:13:01.067868,-1.500,-3.000,1.270,0.000
2025-12-04T19:13:01.083873,-1.500,-3.000,1.270,0.000
2025-12-04T19:13:01.098426,-1.500,-3.000,1.270,0.000
2025-12-04T19:13:01.113352,-1.500,-3.000,1.270,0.000
2025-12-04T19:13:01.127455,-1.500,-3.000,1.270,0.000
2025-12-04T19:13:01.141924,-1.500,-3.000,1.270,0.000
2025-12-04T19:13:01.156334,-1.500,-3.000,1.270,0.000
2025-12-04T19:13:01.173275,-1.500,-3.000,1.270,0.000
2025-12-04T19:13:01.188058,-1.500,-3.000,1.270,0.000
2025-12-04T19:13:01.205355,-1.500,-3.000,1.270,0.000
2025-12-04T19:13:01.221277,-1.500,-3.000,1.270,0.000
2025-12-04T19:13:01.239966,-1.500,-3.000,1.270,0.000
2025-12-04T19:13:01.257059,-1.500,-3.000,1.270,0.000
2025-12-04T19:13:01.275002,-1.500,-3.000,1.270,0.000
2025-12-04T19:13:01.292151,-1.500,-3.000,1.270,0.000
2025-12-04T19:13:01.309592,-1.500,-3.000,1.270,0.000
2025-12-04T19:13:01.326934,-1.500,-3.000,1.270,0.000
2025-12-04T19:13:01.343753,-1.500,-3.000,1.270,0.000
2025-12-04T19:13:01.362675,-1.500,-3.000,1.270,0.000
2025-12-04T19:13:01.381875,-1.500,-3.000,1.270,0.000
2025-12-04T19:13:01.395423,-1.500,-3.000,1.270,0.000
2025-12-04T19:13:01.410961,-1.500,-3.000,1.270,0.000
2025-12-04T19:13:01.424236,-1.500,-3.000,1.270,0.000
2025-12-04T19:13:01.439577,-1.500,-3.000,1.270,0.000
2025-12-04T19:13:01.453457,-1.500,-3.000,1.270,0.000
2025-12-04T19:13:01.469747,-1.500,-3.000,1.270,0.000
2025-12-04T19:13:01.486105,-1.500,-3.000,1.270,0.000
2025-12-04T19:13:01.503120,-1.500,-3.000,1.270,0.000
2025-12-04T19:13:01.521248,-1.500,-3.000,1.270,0.000
2025-12-04T19:13:01.539190,-1.500,-3.000,1.270,0.000
2025-12-04T19:13:01.554702,-1.500,-3.000,1.270,0.000
2025-12-04T19:13:01.574182,-1.500,-3.000,1.270,0.000
2025-12-04T19:13:01.592367,-1.500,-3.000,1.270,0.000
2025-12-04T19:13:01.610141,-1.500,-3.000,1.270,0.000
2025-12-04T19:13:01.626105,-1.500,-3.000,1.270,0.000
2025-12-04T19:13:01.643286,-1.500,-3.000,1.270,0.000
2025-12-04T19:13:01.659634,-1.500,-3.000,1.270,0.000
2025-12-04T19:13:01.674766,-1.500,-3.000,1.270,0.000
2025-12-04T19:13:01.690429,-1.500,-3.000,1.270,0.000
2025-12-04T19:13:01.704387,-1.500,-3.000,1.270,0.000
2025-12-04T19:13:01.719862,-1.500,-3.000,1.270,0.000
2025-12-04T19:13:01.735314,-1.500,-3.000,1.270,0.000
2025-12-04T19:13:01.751518,-1.500,-3.000,1.270,0.000
2025-12-04T19:13:01.767668,-1.500,-3.000,1.270,0.000
2025-12-04T19:13:01.783819,-1.500,-3.000,1.270,0.000
2025-12-04T19:13:01.800491,-1.500,-3.000,1.270,0.000
2025-12-04T19:13:01.818644,-1.500,-3.000,1.270,0.000
2025-12-04T19:13:01.838022,-1.500,-3.000,1.270,0.000
2025-12-04T19:13:01.856443,-1.500,-3.000,1.270,0.000
2025-12-04T19:13:01.874025,-1.500,-3.000,1.270,0.000
2025-12-04T19:13:01.891699,-1.500,-3.000,1.270,0.000
2025-12-04T19:13:01.910282,-1.500,-3.000,1.270,0.000
2025-12-04T19:13:01.928987,-1.500,-3.000,1.270,0.000
2025-12-04T19:13:01.947026,-1.500,-3.000,1.270,0.000
2025-12-04T19:13:01.963016,-1.500,-3.000,1.270,0.000
2025-12-04T19:13:01.978888,-1.500,-3.000,1.270,0.000
2025-12-04T19:13:01.993673,-1.500,-3.000,1.270,0.000
2025-12-04T19:13:02.007936,-1.500,-3.000,1.270,0.000
2025-12-04T19:13:02.022506,-1.500,-3.000,1.270,0.000
2025-12-04T19:13:02.042351,-1.500,-3.000,1.270,0.000
2025-12-04T19:13:02.056237,-1.500,-3.000,1.270,0.000
2025-12-04T19:13:02.071671,-1.500,-3.000,1.270,0.000
2025-12-04T19:13:02.087697,-1.500,-3.000,1.270,0.000
2025-12-04T19:13:02.105531,-1.500,-3.000,1.270,0.000
2025-12-04T19:13:02.121412,-1.500,-3.000,1.270,0.000
2025-12-04T19:13:02.138873,-1.500,-3.000,1.270,0.000
2025-12-04T19:13:02.156390,-1.500,-3.000,1.270,0.000
2025-12-04T19:13:02.173126,-1.500,-3.000,1.270,0.000
2025-12-04T19:13:02.189806,-1.500,-3.000,1.270,0.000
2025-12-04T19:13:02.205406,-1.500,-3.000,1.270,0.000
2025-12-04T19:13:02.221791,-1.500,-3.000,1.270,0.000
2025-12-04T19:13:02.237581,-1.500,-3.000,1.270,0.000
2025-12-04T19:13:02.251565,-1.500,-3.000,1.270,0.000
2025-12-04T19:13:02.267015,-1.500,-3.000,1.270,0.000
2025-12-04T19:13:02.285405,-1.500,-3.000,1.270,0.000
2025-12-04T19:13:02.302400,-1.500,-3.000,1.270,0.000
2025-12-04T19:13:02.313629,-1.500,-3.000,1.270,0.000
2025-12-04T19:13:02.329921,-1.500,-3.000,1.270,0.000
2025-12-04T19:13:02.347681,-1.500,-3.000,1.270,0.000
2025-12-04T19:13:02.364979,-1.500,-3.000,1.270,0.000
2025-12-04T19:13:02.381660,-1.500,-3.000,1.270,0.000
2025-12-04T19:13:02.400607,-1.500,-3.000,1.270,0.000
2025-12-04T19:13:02.418308,-1.500,-3.000,1.270,0.000
2025-12-04T19:13:02.436128,-1.500,-3.000,1.270,0.000
2025-12-04T19:13:02.454569,-1.500,-3.000,1.270,0.000
2025-12-04T19:13:02.471898,-1.500,-3.000,1.270,0.000
2025-12-04T19:13:02.486873,-1.500,-3.000,1.270,0.000
2025-12-04T19:13:02.505341,-1.500,-3.000,1.270,0.000
2025-12-04T19:13:02.517597,-1.500,-3.000,1.270,0.000
2025-12-04T19:13:02.531984,-1.500,-3.000,1.270,0.000
2025-12-04T19:13:02.545570,-1.500,-3.000,1.270,0.000
2025-12-04T19:13:02.561365,-1.500,-3.000,1.270,0.000
2025-12-04T19:13:02.576732,-1.500,-3.000,1.270,0.000
2025-12-04T19:13:02.593267,-1.500,-3.000,1.270,0.000
2025-12-04T19:13:02.609921,-1.500,-3.000,1.270,0.000
2025-12-04T19:13:02.630398,-1.500,-3.000,1.270,0.000
2025-12-04T19:13:02.646919,-1.500,-3.000,1.270,0.000
2025-12-04T19:13:02.667163,-1.500,-3.000,1.270,0.000
2025-12-04T19:13:02.682462,-1.500,-3.000,1.270,0.000
2025-12-04T19:13:02.699047,-1.500,-3.000,1.270,0.000
2025-12-04T19:13:02.717202,-1.500,-3.000,1.270,0.000
2025-12-04T19:13:02.734234,-1.500,-3.000,1.270,0.000
2025-12-04T19:13:02.749616,-1.500,-3.000,1.270,0.000
2025-12-04T19:13:02.764647,-1.500,-3.000,1.270,0.000
2025-12-04T19:13:02.780601,-1.500,-3.000,1.270,0.000
2025-12-04T19:13:02.794906,-1.500,-3.000,1.270,0.000
2025-12-04T19:13:02.811747,-1.500,-3.000,1.270,0.000
2025-12-04T19:13:02.827573,-1.500,-3.000,1.270,0.000
2025-12-04T19:13:02.843492,-1.500,-3.000,1.270,0.000
2025-12-04T19:13:02.860304,-1.500,-3.000,1.270,0.000
2025-12-04T19:13:02.878558,-1.500,-3.000,1.270,0.000
2025-12-04T19:13:02.896860,-1.500,-3.000,1.270,0.000
2025-12-04T19:13:02.914608,-1.500,-3.000,1.270,0.000
2025-12-04T19:13:02.930475,-1.500,-3.000,1.270,0.000
2025-12-04T19:13:02.947853,-1.500,-3.000,1.270,0.000
2025-12-04T19:13:02.967623,-1.500,-3.000,1.270,0.000
2025-12-04T19:13:02.982473,-1.500,-3.000,1.270,0.000
2025-12-04T19:13:02.996615,-1.500,-3.000,1.270,0.000
2025-12-04T19:13:03.012134,-1.500,-3.000,1.270,0.000
2025-12-04T19:13:03.024717,-1.500,-3.000,1.270,0.000
2025-12-04T19:13:03.040882,-1.500,-3.000,1.270,0.000
2025-12-04T19:13:03.055006,-1.500,-3.000,1.270,0.000
2025-12-04T19:13:03.071458,-1.500,-3.000,1.270,0.000
2025-12-04T19:13:03.087574,-1.500,-3.000,1.270,0.000
2025-12-04T19:13:03.101777,-1.500,-3.000,1.270,0.000
2025-12-04T19:13:03.118506,-1.500,-3.000,1.270,0.000
2025-12-04T19:13:03.136221,-1.500,-3.000,1.270,0.000
2025-12-04T19:13:03.153850,-1.500,-3.000,1.270,0.000
2025-12-04T19:13:03.170412,-1.500,-3.000,1.270,0.000
2025-12-04T19:13:03.187881,-1.500,-3.000,1.270,0.000
2025-12-04T19:13:03.205011,-1.500,-3.000,1.270,0.000
2025-12-04T19:13:03.222835,-1.500,-3.000,1.270,0.000
2025-12-04T19:13:03.240860,-1.500,-3.000,1.270,0.000
2025-12-04T19:13:03.257380,-1.500,-3.000,1.270,0.000
2025-12-04T19:13:03.274838,-1.500,-3.000,1.270,0.000
2025-12-04T19:13:03.289852,-1.500,-3.000,1.270,0.000
2025-12-04T19:13:03.306072,-1.500,-3.000,1.270,0.000
2025-12-04T19:13:03.320825,-1.500,-3.000,1.270,0.000
2025-12-04T19:13:03.336654,-1.500,-3.000,1.270,0.000
2025-12-04T19:13:03.353231,-1.500,-3.000,1.270,0.000
2025-12-04T19:13:03.369544,-1.500,-3.000,1.270,0.000
2025-12-04T19:13:03.385671,-1.500,-3.000,1.270,0.000
2025-12-04T19:13:03.403958,-1.500,-3.000,1.270,0.000
2025-12-04T19:13:03.422418,-1.500,-3.000,1.270,0.000
2025-12-04T19:13:03.437479,-1.500,-3.000,1.270,0.000
2025-12-04T19:13:03.455103,-1.500,-3.000,1.270,0.000
2025-12-04T19:13:03.472300,-1.500,-3.000,1.270,0.000
2025-12-04T19:13:03.490441,-1.500,-3.000,1.270,0.000
2025-12-04T19:13:03.507695,-1.500,-3.000,1.270,0.000
2025-12-04T19:13:03.525115,-1.500,-3.000,1.270,0.000
2025-12-04T19:13:03.542168,-1.500,-3.000,1.270,0.000
2025-12-04T19:13:03.557660,-1.500,-3.000,1.270,0.000
2025-12-04T19:13:03.571968,-1.500,-3.000,1.270,0.000
2025-12-04T19:13:03.585928,-1.500,-3.000,1.270,0.000
2025-12-04T19:13:03.601400,-1.500,-3.000,1.270,0.000
2025-12-04T19:13:03.615687,-1.500,-3.000,1.270,0.000
2025-12-04T19:13:03.633486,-1.500,-3.000,1.270,0.000
2025-12-04T19:13:03.650420,-1.500,-3.000,1.270,0.000
2025-12-04T19:13:03.668580,-1.500,-3.000,1.270,0.000
2025-12-04T19:13:03.683741,-1.500,-3.000,1.270,0.000
2025-12-04T19:13:03.702059,-1.500,-3.000,1.270,0.000
2025-12-04T19:13:03.721377,-1.500,-3.000,1.270,0.000
2025-12-04T19:13:03.737869,-1.500,-3.000,1.270,0.000
2025-12-04T19:13:03.754799,-1.500,-3.000,1.270,0.000
2025-12-04T19:13:03.771594,-1.500,-3.000,1.270,0.000
2025-12-04T19:13:03.787629,-1.500,-3.000,1.270,0.000
2025-12-04T19:13:03.804416,-1.500,-3.000,1.270,0.000
2025-12-04T19:13:03.820411,-1.500,-3.000,1.270,0.000
2025-12-04T19:13:03.834780,-1.500,-3.000,1.270,0.000
2025-12-04T19:13:03.850447,-1.500,-3.000,1.270,0.000
2025-12-04T19:13:03.865563,-1.500,-3.000,1.270,0.000
2025-12-04T19:13:03.886385,-1.500,-3.000,1.270,0.000
2025-12-04T19:13:03.900762,-1.500,-3.000,1.270,0.000
2025-12-04T19:13:03.917312,-1.500,-3.000,1.270,0.000
2025-12-04T19:13:03.933887,-1.500,-3.000,1.270,0.000
2025-12-04T19:13:03.950888,-1.500,-3.000,1.270,0.000
2025-12-04T19:13:03.968502,-1.500,-3.000,1.270,0.000
2025-12-04T19:13:03.985564,-1.500,-3.000,1.270,0.000
2025-12-04T19:13:04.003602,-1.500,-3.000,1.270,0.000
2025-12-04T19:13:04.022009,-1.500,-3.000,1.270,0.000
2025-12-04T19:13:04.038670,-1.500,-3.000,1.270,0.000
2025-12-04T19:13:04.055247,-1.500,-3.000,1.270,0.000
2025-12-04T19:13:04.069901,-1.500,-3.000,1.270,0.000
2025-12-04T19:13:04.083867,-1.500,-3.000,1.270,0.000
2025-12-04T19:13:04.098462,-1.500,-3.000,1.270,0.000
2025-12-04T19:13:04.112994,-1.500,-3.000,1.270,0.000
2025-12-04T19:13:04.129299,-1.500,-3.000,1.270,0.000
2025-12-04T19:13:04.145881,-1.500,-3.000,1.270,0.000
2025-12-04T19:13:04.162769,-1.500,-3.000,1.270,0.000
2025-12-04T19:13:04.180833,-1.500,-3.000,1.270,0.000
2025-12-04T19:13:04.197536,-1.500,-3.000,1.270,0.000
2025-12-04T19:13:04.214796,-1.500,-3.000,1.270,0.000
2025-12-04T19:13:04.233862,-1.500,-3.000,1.270,0.000
2025-12-04T19:13:04.253645,-1.500,-3.000,1.270,0.000
2025-12-04T19:13:04.271395,-1.500,-3.000,1.270,0.000
2025-12-04T19:13:04.288996,-1.500,-3.000,1.270,0.000
2025-12-04T19:13:04.303826,-1.500,-3.000,1.270,0.000
2025-12-04T19:13:04.321557,-1.500,-3.000,1.270,0.000
2025-12-04T19:13:04.336180,-1.500,-3.000,1.270,0.000
2025-12-04T19:13:04.352823,-1.500,-3.000,1.270,0.000
2025-12-04T19:13:04.366759,-1.500,-3.000,1.270,0.000
2025-12-04T19:13:04.382122,-1.500,-3.000,1.270,0.000
2025-12-04T19:13:04.397721,-1.500,-3.000,1.270,0.000
2025-12-04T19:13:04.415546,-1.500,-3.000,1.270,0.000
2025-12-04T19:13:04.431095,-1.500,-3.000,1.270,0.000
2025-12-04T19:13:04.448465,-1.500,-3.000,1.270,0.000
2025-12-04T19:13:04.467400,-1.500,-3.000,1.270,0.000
2025-12-04T19:13:04.485777,-1.500,-3.000,1.270,0.000
2025-12-04T19:13:04.504800,-1.500,-3.000,1.270,0.000
2025-12-04T19:13:04.518177,-1.500,-3.000,1.270,0.000
2025-12-04T19:13:04.533992,-1.500,-3.000,1.270,0.000
2025-12-04T19:13:04.551283,-1.500,-3.000,1.270,0.000
2025-12-04T19:13:04.567315,-1.500,-3.000,1.270,0.000
2025-12-04T19:13:04.583389,-1.500,-3.000,1.270,0.000
2025-12-04T19:13:04.598883,-1.500,-3.000,1.270,0.000
2025-12-04T19:13:04.614774,-1.500,-3.000,1.270,0.000
2025-12-04T19:13:04.628733,-1.500,-3.000,1.270,0.000
2025-12-04T19:13:04.644727,-1.500,-3.000,1.270,0.000
2025-12-04T19:13:04.662491,-1.500,-3.000,1.270,0.000
2025-12-04T19:13:04.677896,-1.500,-3.000,1.270,0.000
2025-12-04T19:13:04.694082,-1.500,-3.000,1.270,0.000
2025-12-04T19:13:04.711719,-1.500,-3.000,1.270,0.000
2025-12-04T19:13:04.730568,-1.500,-3.000,1.270,0.000
2025-12-04T19:13:04.748660,-1.500,-3.000,1.270,0.000
2025-12-04T19:13:04.765950,-1.500,-3.000,1.270,0.000
2025-12-04T19:13:04.786806,-1.500,-3.000,1.270,0.000
2025-12-04T19:13:04.803579,-1.500,-3.000,1.270,0.000
2025-12-04T19:13:04.820632,-1.500,-3.000,1.270,0.000
2025-12-04T19:13:04.835533,-1.500,-3.000,1.270,0.000
2025-12-04T19:13:04.854686,-1.500,-3.000,1.270,0.000
2025-12-04T19:13:04.867791,-1.500,-3.000,1.270,0.000
2025-12-04T19:13:04.880405,-1.500,-3.000,1.270,0.000
2025-12-04T19:13:04.894122,-1.500,-3.000,1.270,0.000
2025-12-04T19:13:04.910472,-1.500,-3.000,1.270,0.000
2025-12-04T19:13:04.926653,-1.500,-3.000,1.270,0.000
2025-12-04T19:13:04.941998,-1.500,-3.000,1.270,0.000
2025-12-04T19:13:04.957606,-1.500,-3.000,1.270,0.000
2025-12-04T19:13:04.975077,-1.500,-3.000,1.270,0.000
2025-12-04T19:13:04.991724,-1.500,-3.000,1.270,0.000
2025-12-04T19:13:05.009924,-1.500,-3.000,1.270,0.000
2025-12-04T19:13:05.028438,-1.500,-3.000,1.270,0.000
2025-12-04T19:13:05.045408,-1.500,-3.000,1.270,0.000
2025-12-04T19:13:05.062654,-1.500,-3.000,1.270,0.000
2025-12-04T19:13:05.080676,-1.500,-3.000,1.270,0.000
2025-12-04T19:13:05.096687,-1.500,-3.000,1.270,0.000
2025-12-04T19:13:05.114918,-1.500,-3.000,1.270,0.000
2025-12-04T19:13:05.129244,-1.500,-3.000,1.270,0.000
2025-12-04T19:13:05.146042,-1.500,-3.000,1.270,0.000
2025-12-04T19:13:05.158422,-1.500,-3.000,1.270,0.000
2025-12-04T19:13:05.173850,-1.500,-3.000,1.270,0.000
2025-12-04T19:13:05.188900,-1.500,-3.000,1.270,0.000
2025-12-04T19:13:05.206128,-1.500,-3.000,1.270,0.000
2025-12-04T19:13:05.222190,-1.500,-3.000,1.270,0.000
2025-12-04T19:13:05.239706,-1.500,-3.000,1.270,0.000
2025-12-04T19:13:05.257146,-1.500,-3.000,1.270,0.000
2025-12-04T19:13:05.274644,-1.500,-3.000,1.270,0.000
2025-12-04T19:13:05.294105,-1.500,-3.000,1.270,0.000
2025-12-04T19:13:05.311862,-1.500,-3.000,1.270,0.000
2025-12-04T19:13:05.329140,-1.500,-3.000,1.270,0.000
2025-12-04T19:13:05.348049,-1.500,-3.000,1.270,0.000
2025-12-04T19:13:05.364278,-1.500,-3.000,1.270,0.000
2025-12-04T19:13:05.380767,-1.500,-3.000,1.270,0.000
2025-12-04T19:13:05.396466,-1.500,-3.000,1.270,0.000
2025-12-04T19:13:05.411514,-1.500,-3.000,1.270,0.000
2025-12-04T19:13:05.424674,-1.500,-3.000,1.270,0.000
2025-12-04T19:13:05.440352,-1.500,-3.000,1.270,0.000
2025-12-04T19:13:05.455569,-1.500,-3.000,1.270,0.000
2025-12-04T19:13:05.472794,-1.500,-3.000,1.270,0.000
2025-12-04T19:13:05.489396,-1.500,-3.000,1.270,0.000
2025-12-04T19:13:05.506900,-1.500,-3.000,1.270,0.000
2025-12-04T19:13:05.524753,-1.500,-3.000,1.270,0.000
2025-12-04T19:13:05.543516,-1.500,-3.000,1.270,0.000
2025-12-04T19:13:05.562589,-1.500,-3.000,1.270,0.000
2025-12-04T19:13:05.580112,-1.500,-3.000,1.270,0.000
2025-12-04T19:13:05.596911,-1.500,-3.000,1.270,0.000
2025-12-04T19:13:05.615627,-1.500,-3.000,1.270,0.000
2025-12-04T19:13:05.631150,-1.500,-3.000,1.270,0.000
2025-12-04T19:13:05.648358,-1.500,-3.000,1.270,0.000
2025-12-04T19:13:05.663295,-1.500,-3.000,1.270,0.000
2025-12-04T19:13:05.680200,-1.500,-3.000,1.270,0.000
2025-12-04T19:13:05.693625,-1.500,-3.000,1.270,0.000
2025-12-04T19:13:05.708732,-1.500,-3.000,1.270,0.000
2025-12-04T19:13:05.723998,-1.500,-3.000,1.270,0.000
2025-12-04T19:13:05.744917,-1.500,-3.000,1.270,0.000
2025-12-04T19:13:05.759083,-1.500,-3.000,1.270,0.000
2025-12-04T19:13:05.776174,-1.500,-3.000,1.270,0.000
2025-12-04T19:13:05.793868,-1.500,-3.000,1.270,0.000
2025-12-04T19:13:05.811625,-1.500,-3.000,1.270,0.000
2025-12-04T19:13:05.828661,-1.500,-3.000,1.270,0.000
2025-12-04T19:13:05.844911,-1.500,-3.000,1.270,0.000
2025-12-04T19:13:05.863978,-1.500,-3.000,1.270,0.000
2025-12-04T19:13:05.882036,-1.500,-3.000,1.270,0.000
2025-12-04T19:13:05.897045,-1.500,-3.000,1.270,0.000
2025-12-04T19:13:05.912443,-1.500,-3.000,1.270,0.000
2025-12-04T19:13:05.928112,-1.500,-3.000,1.270,0.000
2025-12-04T19:13:05.940618,-1.500,-3.000,1.270,0.000
2025-12-04T19:13:05.955642,-1.500,-3.000,1.270,0.000
2025-12-04T19:13:05.971048,-1.500,-3.000,1.270,0.000
2025-12-04T19:13:05.988543,-1.500,-3.000,1.270,0.000
2025-12-04T19:13:06.004843,-1.500,-3.000,1.270,0.000
2025-12-04T19:13:06.022108,-1.500,-3.000,1.270,0.000
2025-12-04T19:13:06.038730,-1.500,-3.000,1.270,0.000
2025-12-04T19:13:06.055556,-1.500,-3.000,1.270,0.000
2025-12-04T19:13:06.075094,-1.500,-3.000,1.270,0.000
2025-12-04T19:13:06.091640,-1.500,-3.000,1.270,0.000
2025-12-04T19:13:06.109963,-1.500,-3.000,1.270,0.000
2025-12-04T19:13:06.128012,-1.500,-3.000,1.270,0.000
2025-12-04T19:13:06.146569,-1.500,-3.000,1.270,0.000
2025-12-04T19:13:06.163069,-1.500,-3.000,1.270,0.000
2025-12-04T19:13:06.178622,-1.500,-3.000,1.270,0.000
2025-12-04T19:13:06.194149,-1.500,-3.000,1.270,0.000
2025-12-04T19:13:06.208375,-1.500,-3.000,1.270,0.000
2025-12-04T19:13:06.222749,-1.500,-3.000,1.270,0.000
2025-12-04T19:13:06.239013,-1.500,-3.000,1.270,0.000
2025-12-04T19:13:06.255116,-1.500,-3.000,1.270,0.000
2025-12-04T19:13:06.273465,-1.500,-3.000,1.270,0.000
2025-12-04T19:13:06.290457,-1.500,-3.000,1.270,0.000
2025-12-04T19:13:06.308142,-1.500,-3.000,1.270,0.000
2025-12-04T19:13:06.325598,-1.500,-3.000,1.270,0.000
2025-12-04T19:13:06.343748,-1.500,-3.000,1.270,0.000
2025-12-04T19:13:06.361006,-1.500,-3.000,1.270,0.000
2025-12-04T19:13:06.378155,-1.500,-3.000,1.270,0.000
2025-12-04T19:13:06.392673,-1.500,-3.000,1.270,0.000
2025-12-04T19:13:06.411250,-1.500,-3.000,1.270,0.000
2025-12-04T19:13:06.424153,-1.500,-3.000,1.270,0.000
2025-12-04T19:13:06.439150,-1.500,-3.000,1.270,0.000
2025-12-04T19:13:06.455395,-1.500,-3.000,1.270,0.000
2025-12-04T19:13:06.471306,-1.500,-3.000,1.270,0.000
2025-12-04T19:13:06.484180,-1.500,-3.000,1.270,0.000
2025-12-04T19:13:06.498197,-1.500,-3.000,1.270,0.000
2025-12-04T19:13:06.514280,-1.500,-3.000,1.270,0.000
2025-12-04T19:13:06.530937,-1.500,-3.000,1.270,0.000
2025-12-04T19:13:06.545696,-1.500,-3.000,1.270,0.000
2025-12-04T19:13:06.562490,-1.500,-3.000,1.270,0.000
2025-12-04T19:13:06.580468,-1.500,-3.000,1.270,0.000
2025-12-04T19:13:06.598473,-1.500,-3.000,1.270,0.000
2025-12-04T19:13:06.615631,-1.500,-3.000,1.270,0.000
2025-12-04T19:13:06.634057,-1.500,-3.000,1.270,0.000
2025-12-04T19:13:06.650596,-1.500,-3.000,1.270,0.000
2025-12-04T19:13:06.672385,-1.500,-3.000,1.270,0.000
2025-12-04T19:13:06.688588,-1.500,-3.000,1.270,0.000
2025-12-04T19:13:06.705585,-1.500,-3.000,1.270,0.000
2025-12-04T19:13:06.722563,-1.500,-3.000,1.270,0.000
2025-12-04T19:13:06.739051,-1.500,-3.000,1.270,0.000
2025-12-04T19:13:06.754967,-1.500,-3.000,1.270,0.000
2025-12-04T19:13:06.771367,-1.500,-3.000,1.270,0.000
2025-12-04T19:13:06.786103,-1.500,-3.000,1.270,0.000
2025-12-04T19:13:06.799002,-1.500,-3.000,1.270,0.000
2025-12-04T19:13:06.812425,-1.500,-3.000,1.270,0.000
2025-12-04T19:13:06.827873,-1.500,-3.000,1.270,0.000
2025-12-04T19:13:06.845685,-1.500,-3.000,1.270,0.000
2025-12-04T19:13:06.860721,-1.500,-3.000,1.270,0.000
2025-12-04T19:13:06.878976,-1.500,-3.000,1.270,0.000
2025-12-04T19:13:06.897278,-1.500,-3.000,1.270,0.000
2025-12-04T19:13:06.915388,-1.500,-3.000,1.270,0.000
2025-12-04T19:13:06.932746,-1.500,-3.000,1.270,0.000
2025-12-04T19:13:06.949572,-1.500,-3.000,1.270,0.000
2025-12-04T19:13:06.968061,-1.500,-3.000,1.270,0.000
2025-12-04T19:13:06.986329,-1.500,-3.000,1.270,0.000
2025-12-04T19:13:07.000736,-1.500,-3.000,1.270,0.000
2025-12-04T19:13:07.014660,-1.500,-3.000,1.270,0.000
2025-12-04T19:13:07.029081,-1.500,-3.000,1.270,0.000
2025-12-04T19:13:07.044965,-1.500,-3.000,1.270,0.000
2025-12-04T19:13:07.060383,-1.500,-3.000,1.270,0.000
2025-12-04T19:13:07.075163,-1.500,-3.000,1.270,0.000
2025-12-04T19:13:07.090479,-1.500,-3.000,1.270,0.000
2025-12-04T19:13:07.107736,-1.500,-3.000,1.270,0.000
2025-12-04T19:13:07.123704,-1.500,-3.000,1.270,0.000
2025-12-04T19:13:07.141692,-1.500,-3.000,1.270,0.000
2025-12-04T19:13:07.159561,-1.500,-3.000,1.270,0.000
2025-12-04T19:13:07.177870,-1.500,-3.000,1.270,0.000
2025-12-04T19:13:07.196244,-1.500,-3.000,1.270,0.000
2025-12-04T19:13:07.213495,-1.500,-3.000,1.270,0.000
2025-12-04T19:13:07.232705,-1.500,-3.000,1.270,0.000
2025-12-04T19:13:07.250426,-1.500,-3.000,1.270,0.000
2025-12-04T19:13:07.266628,-1.500,-3.000,1.270,0.000
2025-12-04T19:13:07.284499,-1.500,-3.000,1.270,0.000
2025-12-04T19:13:07.303858,-1.500,-3.000,1.270,0.000
2025-12-04T19:13:07.317575,-1.500,-3.000,1.270,0.000
2025-12-04T19:13:07.331185,-1.500,-3.000,1.270,0.000
2025-12-04T19:13:07.344086,-1.500,-3.000,1.270,0.000
2025-12-04T19:13:07.358199,-1.500,-3.000,1.270,0.000
2025-12-04T19:13:07.373456,-1.500,-3.000,1.270,0.000
2025-12-04T19:13:07.388728,-1.500,-3.000,1.270,0.000
2025-12-04T19:13:07.405249,-1.500,-3.000,1.270,0.000
2025-12-04T19:13:07.420387,-1.500,-3.000,1.270,0.000
2025-12-04T19:13:07.436535,-1.500,-3.000,1.270,0.000
2025-12-04T19:13:07.453938,-1.500,-3.000,1.270,0.000
2025-12-04T19:13:07.470320,-1.500,-3.000,1.270,0.000
2025-12-04T19:13:07.489244,-1.500,-3.000,1.270,0.000
2025-12-04T19:13:07.505708,-1.500,-3.000,1.270,0.000
2025-12-04T19:13:07.523408,-1.500,-3.000,1.270,0.000
2025-12-04T19:13:07.541426,-1.500,-3.000,1.270,0.000
2025-12-04T19:13:07.557707,-1.500,-3.000,1.270,0.000
2025-12-04T19:13:07.575439,-1.500,-3.000,1.270,0.000
2025-12-04T19:13:07.592742,-1.500,-3.000,1.270,0.000
2025-12-04T19:13:07.609195,-1.500,-3.000,1.270,0.000
2025-12-04T19:13:07.624626,-1.500,-3.000,1.270,0.000
2025-12-04T19:13:07.637899,-1.500,-3.000,1.270,0.000
2025-12-04T19:13:07.652501,-1.500,-3.000,1.270,0.000
2025-12-04T19:13:07.668017,-1.500,-3.000,1.270,0.000
2025-12-04T19:13:07.682287,-1.500,-3.000,1.270,0.000
2025-12-04T19:13:07.700920,-1.500,-3.000,1.270,0.000
2025-12-04T19:13:07.716280,-1.500,-3.000,1.270,0.000
2025-12-04T19:13:07.733630,-1.500,-3.000,1.270,0.000
2025-12-04T19:13:07.759642,-1.500,-3.000,1.270,0.000
2025-12-04T19:13:07.770107,-1.500,-3.000,1.270,0.000
2025-12-04T19:13:07.788178,-1.500,-3.000,1.270,0.000
2025-12-04T19:13:07.805625,-1.500,-3.000,1.270,0.000
2025-12-04T19:13:07.822200,-1.500,-3.000,1.270,0.000
2025-12-04T19:13:07.838708,-1.500,-3.000,1.270,0.000
2025-12-04T19:13:07.854759,-1.500,-3.000,1.270,0.000
2025-12-04T19:13:07.870489,-1.500,-3.000,1.270,0.000
2025-12-04T19:13:07.885581,-1.500,-3.000,1.270,0.000
2025-12-04T19:13:07.900242,-1.500,-3.000,1.270,0.000
2025-12-04T19:13:07.915979,-1.500,-3.000,1.270,0.000
2025-12-04T19:13:07.931581,-1.500,-3.000,1.270,0.000
2025-12-04T19:13:07.947538,-1.500,-3.000,1.270,0.000
2025-12-04T19:13:07.963919,-1.500,-3.000,1.270,0.000
2025-12-04T19:13:07.979797,-1.500,-3.000,1.270,0.000
2025-12-04T19:13:07.996879,-1.500,-3.000,1.270,0.000
2025-12-04T19:13:08.014363,-1.500,-3.000,1.270,0.000
2025-12-04T19:13:08.033178,-1.500,-3.000,1.270,0.000
2025-12-04T19:13:08.052459,-1.500,-3.000,1.270,0.000
2025-12-04T19:13:08.065816,-1.500,-3.000,1.270,0.000
2025-12-04T19:13:08.083491,-1.500,-3.000,1.270,0.000
2025-12-04T19:13:08.099887,-1.500,-3.000,1.270,0.000
2025-12-04T19:13:08.116199,-1.500,-3.000,1.270,0.000
2025-12-04T19:13:08.133353,-1.500,-3.000,1.270,0.000
2025-12-04T19:13:08.148515,-1.500,-3.000,1.270,0.000
2025-12-04T19:13:08.164514,-1.500,-3.000,1.270,0.000
2025-12-04T19:13:08.179777,-1.500,-3.000,1.270,0.000
2025-12-04T19:13:08.194168,-1.500,-3.000,1.270,0.000
2025-12-04T19:13:08.209635,-1.500,-3.000,1.270,0.000
2025-12-04T19:13:08.229510,-1.500,-3.000,1.270,0.000
2025-12-04T19:13:08.245033,-1.500,-3.000,1.270,0.000
2025-12-04T19:13:08.261761,-1.500,-3.000,1.270,0.000
2025-12-04T19:13:08.280567,-1.500,-3.000,1.270,0.000
2025-12-04T19:13:08.298113,-1.500,-3.000,1.270,0.000
2025-12-04T19:13:08.317044,-1.500,-3.000,1.270,0.000
2025-12-04T19:13:08.333573,-1.500,-3.000,1.270,0.000
2025-12-04T19:13:08.350555,-1.500,-3.000,1.270,0.000
2025-12-04T19:13:08.367611,-1.500,-3.000,1.270,0.000
2025-12-04T19:13:08.383529,-1.500,-3.000,1.270,0.000
2025-12-04T19:13:08.398937,-1.500,-3.000,1.270,0.000
2025-12-04T19:13:08.413875,-1.500,-3.000,1.270,0.000
2025-12-04T19:13:08.430797,-1.500,-3.000,1.270,0.000
2025-12-04T19:13:08.444680,-1.500,-3.000,1.270,0.000
2025-12-04T19:13:08.460144,-1.500,-3.000,1.270,0.000
2025-12-04T19:13:08.473870,-1.500,-3.000,1.270,0.000
2025-12-04T19:13:08.491029,-1.500,-3.000,1.270,0.000
2025-12-04T19:13:08.508184,-1.500,-3.000,1.270,0.000
2025-12-04T19:13:08.522970,-1.500,-3.000,1.270,0.000
2025-12-04T19:13:08.539461,-1.500,-3.000,1.270,0.000
2025-12-04T19:13:08.555831,-1.500,-3.000,1.270,0.000
2025-12-04T19:13:08.574300,-1.500,-3.000,1.270,0.000
2025-12-04T19:13:08.592018,-1.500,-3.000,1.270,0.000
2025-12-04T19:13:08.607956,-1.500,-3.000,1.270,0.000
2025-12-04T19:13:08.626946,-1.500,-3.000,1.270,0.000
2025-12-04T19:13:08.644551,-1.500,-3.000,1.270,0.000
2025-12-04T19:13:08.660320,-1.500,-3.000,1.270,0.000
2025-12-04T19:13:08.676486,-1.500,-3.000,1.270,0.000
2025-12-04T19:13:08.691749,-1.500,-3.000,1.270,0.000
2025-12-04T19:13:08.707631,-1.500,-3.000,1.270,0.000
2025-12-04T19:13:08.722082,-1.500,-3.000,1.270,0.000
2025-12-04T19:13:08.736317,-1.500,-3.000,1.270,0.000
2025-12-04T19:13:08.750484,-1.500,-3.000,1.270,0.000
2025-12-04T19:13:08.766407,-1.500,-3.000,1.270,0.000
2025-12-04T19:13:08.782493,-1.500,-3.000,1.270,0.000
2025-12-04T19:13:08.799953,-1.500,-3.000,1.270,0.000
2025-12-04T19:13:08.817709,-1.500,-3.000,1.270,0.000
2025-12-04T19:13:08.835049,-1.500,-3.000,1.270,0.000
2025-12-04T19:13:08.854117,-1.500,-3.000,1.270,0.000
2025-12-04T19:13:08.871457,-1.500,-3.000,1.270,0.000
2025-12-04T19:13:08.889548,-1.500,-3.000,1.270,0.000
2025-12-04T19:13:08.908687,-1.500,-3.000,1.270,0.000
2025-12-04T19:13:08.924547,-1.500,-3.000,1.270,0.000
2025-12-04T19:13:08.941575,-1.500,-3.000,1.270,0.000
2025-12-04T19:13:08.957819,-1.500,-3.000,1.270,0.000
2025-12-04T19:13:08.974008,-1.500,-3.000,1.270,0.000
2025-12-04T19:13:08.992577,-1.500,-3.000,1.270,0.000
2025-12-04T19:13:09.000315,-1.500,-3.000,1.270,0.000
2025-12-04T19:13:09.016578,-1.500,-3.000,1.270,0.000
2025-12-04T19:13:09.036249,-1.500,-3.000,1.270,0.000
2025-12-04T19:13:09.051208,-1.500,-3.000,1.270,0.000
2025-12-04T19:13:09.068018,-1.500,-3.000,1.270,0.000
2025-12-04T19:13:09.085686,-1.500,-3.000,1.270,0.000
2025-12-04T19:13:09.102716,-1.500,-3.000,1.270,0.000
2025-12-04T19:13:09.120043,-1.500,-3.000,1.270,0.000
2025-12-04T19:13:09.135842,-1.500,-3.000,1.270,0.000
2025-12-04T19:13:09.153592,-1.500,-3.000,1.270,0.000
2025-12-04T19:13:09.168702,-1.500,-3.000,1.270,0.000
2025-12-04T19:13:09.187273,-1.500,-3.000,1.270,0.000
2025-12-04T19:13:09.201829,-1.500,-3.000,1.270,0.000
2025-12-04T19:13:09.218545,-1.500,-3.000,1.270,0.000
2025-12-04T19:13:09.233974,-1.500,-3.000,1.270,0.000
2025-12-04T19:13:09.249354,-1.500,-3.000,1.270,0.000
2025-12-04T19:13:09.264729,-1.500,-3.000,1.270,0.000
2025-12-04T19:13:09.280539,-1.500,-3.000,1.270,0.000
2025-12-04T19:13:09.297948,-1.500,-3.000,1.270,0.000
2025-12-04T19:13:09.314697,-1.500,-3.000,1.270,0.000
2025-12-04T19:13:09.332948,-1.500,-3.000,1.270,0.000
2025-12-04T19:13:09.353105,-1.500,-3.000,1.270,0.000
2025-12-04T19:13:09.369490,-1.500,-3.000,1.270,0.000
2025-12-04T19:13:09.386305,-1.500,-3.000,1.270,0.000
2025-12-04T19:13:09.402525,-1.500,-3.000,1.270,0.000
2025-12-04T19:13:09.419420,-1.500,-3.000,1.270,0.000
2025-12-04T19:13:09.435327,-1.500,-3.000,1.270,0.000
2025-12-04T19:13:09.454484,-1.500,-3.000,1.270,0.000
2025-12-04T19:13:09.468540,-1.500,-3.000,1.270,0.000
2025-12-04T19:13:09.483182,-1.500,-3.000,1.270,0.000
2025-12-04T19:13:09.498379,-1.500,-3.000,1.270,0.000
2025-12-04T19:13:09.512625,-1.500,-3.000,1.270,0.000
2025-12-04T19:13:09.530705,-1.500,-3.000,1.270,0.000
2025-12-04T19:13:09.546284,-1.500,-3.000,1.270,0.000
2025-12-04T19:13:09.562676,-1.500,-3.000,1.270,0.000
2025-12-04T19:13:09.579940,-1.500,-3.000,1.270,0.000
2025-12-04T19:13:09.598960,-1.500,-3.000,1.270,0.000
2025-12-04T19:13:09.614500,-1.500,-3.000,1.270,0.000
2025-12-04T19:13:09.631447,-1.500,-3.000,1.270,0.000
2025-12-04T19:13:09.650500,-1.500,-3.000,1.270,0.000
2025-12-04T19:13:09.667237,-1.500,-3.000,1.270,0.000
2025-12-04T19:13:09.682167,-1.500,-3.000,1.270,0.000
2025-12-04T19:13:09.698228,-1.500,-3.000,1.270,0.000
2025-12-04T19:13:09.713971,-1.500,-3.000,1.270,0.000
2025-12-04T19:13:09.729962,-1.500,-3.000,1.270,0.000
2025-12-04T19:13:09.745873,-1.500,-3.000,1.270,0.000
2025-12-04T19:13:09.762581,-1.500,-3.000,1.270,0.000
2025-12-04T19:13:09.777206,-1.500,-3.000,1.270,0.000
2025-12-04T19:13:09.796407,-1.500,-3.000,1.270,0.000
2025-12-04T19:13:09.810662,-1.500,-3.000,1.270,0.000
2025-12-04T19:13:09.827919,-1.500,-3.000,1.270,0.000
2025-12-04T19:13:09.845904,-1.500,-3.000,1.270,0.000
2025-12-04T19:13:09.864445,-1.500,-3.000,1.270,0.000
2025-12-04T19:13:09.882302,-1.500,-3.000,1.270,0.000
2025-12-04T19:13:09.899871,-1.500,-3.000,1.270,0.000
2025-12-04T19:13:09.916589,-1.500,-3.000,1.270,0.000
2025-12-04T19:13:09.932464,-1.500,-3.000,1.270,0.000
2025-12-04T19:13:09.949880,-1.500,-3.000,1.270,0.000
2025-12-04T19:13:09.966192,-1.500,-3.000,1.270,0.000
2025-12-04T19:13:09.981631,-1.500,-3.000,1.270,0.000
2025-12-04T19:13:09.997021,-1.500,-3.000,1.270,0.000
2025-12-04T19:13:10.011732,-1.500,-3.000,1.270,0.000
2025-12-04T19:13:10.029067,-1.500,-3.000,1.270,0.000
2025-12-04T19:13:10.043470,-1.500,-3.000,1.270,0.000
2025-12-04T19:13:10.059521,-1.500,-3.000,1.270,0.000
2025-12-04T19:13:10.079790,-1.500,-3.000,1.270,0.000
2025-12-04T19:13:10.098049,-1.500,-3.000,1.270,0.000
2025-12-04T19:13:10.115894,-1.500,-3.000,1.270,0.000
2025-12-04T19:13:10.131456,-1.500,-3.000,1.270,0.000
2025-12-04T19:13:10.149603,-1.500,-3.000,1.270,0.000
2025-12-04T19:13:10.162198,-1.500,-3.000,1.270,0.000
2025-12-04T19:13:10.176767,-1.500,-3.000,1.270,0.000
2025-12-04T19:13:10.190143,-1.500,-3.000,1.270,0.000
2025-12-04T19:13:10.204861,-1.500,-3.000,1.270,0.000
2025-12-04T19:13:10.218812,-1.500,-3.000,1.270,0.000
2025-12-04T19:13:10.234068,-1.500,-3.000,1.270,0.000
2025-12-04T19:13:10.249347,-1.500,-3.000,1.270,0.000
2025-12-04T19:13:10.265192,-1.500,-3.000,1.270,0.000
2025-12-04T19:13:10.283008,-1.500,-3.000,1.270,0.000
2025-12-04T19:13:10.300056,-1.500,-3.000,1.270,0.000
2025-12-04T19:13:10.317383,-1.500,-3.000,1.270,0.000
2025-12-04T19:13:10.334029,-1.500,-3.000,1.270,0.000
2025-12-04T19:13:10.352412,-1.500,-3.000,1.270,0.000
2025-12-04T19:13:10.369202,-1.500,-3.000,1.270,0.000
2025-12-04T19:13:10.386028,-1.500,-3.000,1.270,0.000
2025-12-04T19:13:10.403495,-1.500,-3.000,1.270,0.000
2025-12-04T19:13:10.419423,-1.500,-3.000,1.270,0.000
2025-12-04T19:13:10.438046,-1.500,-3.000,1.270,0.000
2025-12-04T19:13:10.453327,-1.500,-3.000,1.270,0.000
2025-12-04T19:13:10.467770,-1.500,-3.000,1.270,0.000
2025-12-04T19:13:10.482664,-1.500,-3.000,1.270,0.000
2025-12-04T19:13:10.497863,-1.500,-3.000,1.270,0.000
2025-12-04T19:13:10.513769,-1.500,-3.000,1.270,0.000
2025-12-04T19:13:10.526342,-1.500,-3.000,1.270,0.000
2025-12-04T19:13:10.544050,-1.500,-3.000,1.270,0.000
2025-12-04T19:13:10.561167,-1.500,-3.000,1.270,0.000
2025-12-04T19:13:10.578851,-1.500,-3.000,1.270,0.000
2025-12-04T19:13:10.596626,-1.500,-3.000,1.270,0.000
2025-12-04T19:13:10.615720,-1.500,-3.000,1.270,0.000
2025-12-04T19:13:10.633666,-1.500,-3.000,1.270,0.000
2025-12-04T19:13:10.650427,-1.500,-3.000,1.270,0.000
2025-12-04T19:13:10.667773,-1.500,-3.000,1.270,0.000
2025-12-04T19:13:10.684043,-1.500,-3.000,1.270,0.000
2025-12-04T19:13:10.701736,-1.500,-3.000,1.270,0.000
2025-12-04T19:13:10.715925,-1.500,-3.000,1.270,0.000
2025-12-04T19:13:10.732963,-1.500,-3.000,1.270,0.000
2025-12-04T19:13:10.748132,-1.500,-3.000,1.270,0.000
2025-12-04T19:13:10.763127,-1.500,-3.000,1.270,0.000
2025-12-04T19:13:10.780001,-1.500,-3.000,1.270,0.000
2025-12-04T19:13:10.795946,-1.500,-3.000,1.270,0.000
2025-12-04T19:13:10.812272,-1.500,-3.000,1.270,0.000
2025-12-04T19:13:10.830060,-1.500,-3.000,1.270,0.000
2025-12-04T19:13:10.848497,-1.500,-3.000,1.270,0.000
2025-12-04T19:13:10.864979,-1.500,-3.000,1.270,0.000
2025-12-04T19:13:10.883480,-1.500,-3.000,1.270,0.000
2025-12-04T19:13:10.899951,-1.500,-3.000,1.270,0.000
2025-12-04T19:13:10.916858,-1.500,-3.000,1.270,0.000
2025-12-04T19:13:10.932236,-1.500,-3.000,1.270,0.000
2025-12-04T19:13:10.948920,-1.500,-3.000,1.270,0.000
2025-12-04T19:13:10.962817,-1.500,-3.000,1.270,0.000
2025-12-04T19:13:10.976938,-1.500,-3.000,1.270,0.000
2025-12-04T19:13:10.990474,-1.500,-3.000,1.270,0.000
2025-12-04T19:13:11.006350,-1.500,-3.000,1.270,0.000
2025-12-04T19:13:11.020677,-1.500,-3.000,1.270,0.000
2025-12-04T19:13:11.037806,-1.500,-3.000,1.270,0.000
2025-12-04T19:13:11.055484,-1.500,-3.000,1.270,0.000
2025-12-04T19:13:11.070981,-1.500,-3.000,1.270,0.000
2025-12-04T19:13:11.087737,-1.500,-3.000,1.270,0.000
2025-12-04T19:13:11.107179,-1.500,-3.000,1.270,0.000
2025-12-04T19:13:11.125815,-1.500,-3.000,1.270,0.000
2025-12-04T19:13:11.143684,-1.500,-3.000,1.270,0.000
2025-12-04T19:13:11.161080,-1.500,-3.000,1.270,0.000
2025-12-04T19:13:11.178268,-1.500,-3.000,1.270,0.000
2025-12-04T19:13:11.193862,-1.500,-3.000,1.270,0.000
2025-12-04T19:13:11.210740,-1.500,-3.000,1.270,0.000
2025-12-04T19:13:11.225471,-1.500,-3.000,1.270,0.000
2025-12-04T19:13:11.243647,-1.500,-3.000,1.270,0.000
2025-12-04T19:13:11.257222,-1.500,-3.000,1.270,0.000
2025-12-04T19:13:11.271859,-1.500,-3.000,1.270,0.000
2025-12-04T19:13:11.285809,-1.500,-3.000,1.270,0.000
2025-12-04T19:13:11.300492,-1.500,-3.000,1.270,0.000
2025-12-04T19:13:11.318230,-1.500,-3.000,1.270,0.000
2025-12-04T19:13:11.332430,-1.500,-3.000,1.270,0.000
2025-12-04T19:13:11.348326,-1.500,-3.000,1.270,0.000
2025-12-04T19:13:11.366543,-1.500,-3.000,1.270,0.000
2025-12-04T19:13:11.384063,-1.500,-3.000,1.270,0.000
2025-12-04T19:13:11.401947,-1.500,-3.000,1.270,0.000
2025-12-04T19:13:11.420853,-1.500,-3.000,1.270,0.000
2025-12-04T19:13:11.438594,-1.500,-3.000,1.270,0.000
2025-12-04T19:13:11.457065,-1.500,-3.000,1.270,0.000
2025-12-04T19:13:11.474755,-1.500,-3.000,1.270,0.000
2025-12-04T19:13:11.493402,-1.500,-3.000,1.270,0.000
2025-12-04T19:13:11.509102,-1.500,-3.000,1.270,0.000
2025-12-04T19:13:11.527151,-1.500,-3.000,1.270,0.000
2025-12-04T19:13:11.542511,-1.500,-3.000,1.270,0.000
2025-12-04T19:13:11.555765,-1.500,-3.000,1.270,0.000
2025-12-04T19:13:11.583348,-1.500,-3.000,1.270,0.000
2025-12-04T19:13:11.592429,-1.500,-3.000,1.270,0.000
2025-12-04T19:13:11.605525,-1.500,-3.000,1.270,0.000
2025-12-04T19:13:11.620589,-1.500,-3.000,1.270,0.000
2025-12-04T19:13:11.633747,-1.500,-3.000,1.270,0.000
2025-12-04T19:13:11.646747,-1.500,-3.000,1.270,0.000
2025-12-04T19:13:11.661987,-1.500,-3.000,1.270,0.000
2025-12-04T19:13:11.674924,-1.500,-3.000,1.270,0.000
2025-12-04T19:13:11.689788,-1.500,-3.000,1.270,0.000
2025-12-04T19:13:11.706403,-1.500,-3.000,1.270,0.000
2025-12-04T19:13:11.722755,-1.500,-3.000,1.270,0.000
2025-12-04T19:13:11.739024,-1.500,-3.000,1.270,0.000
2025-12-04T19:13:11.757817,-1.500,-3.000,1.270,0.000
2025-12-04T19:13:11.775384,-1.500,-3.000,1.270,0.000
2025-12-04T19:13:11.793727,-1.500,-3.000,1.270,0.000
2025-12-04T19:13:11.810507,-1.500,-3.000,1.270,0.000
2025-12-04T19:13:11.828858,-1.500,-3.000,1.270,0.000
2025-12-04T19:13:11.843912,-1.500,-3.000,1.270,0.000
2025-12-04T19:13:11.861138,-1.500,-3.000,1.270,0.000
2025-12-04T19:13:11.876625,-1.500,-3.000,1.270,0.000
2025-12-04T19:13:11.891460,-1.500,-3.000,1.270,0.000
2025-12-04T19:13:11.907536,-1.500,-3.000,1.270,0.000
2025-12-04T19:13:11.931413,-1.500,-3.000,1.270,0.000
2025-12-04T19:13:11.944845,-1.500,-3.000,1.270,0.000
2025-12-04T19:13:11.959240,-1.500,-3.000,1.270,0.000
2025-12-04T19:13:11.974738,-1.500,-3.000,1.270,0.000
2025-12-04T19:13:11.991210,-1.500,-3.000,1.270,0.000
2025-12-04T19:13:12.003504,-1.500,-3.000,1.270,0.000
2025-12-04T19:13:12.019636,-1.500,-3.000,1.270,0.000
2025-12-04T19:13:12.035165,-1.500,-3.000,1.270,0.000
2025-12-04T19:13:12.053115,-1.500,-3.000,1.270,0.000
2025-12-04T19:13:12.070226,-1.500,-3.000,1.270,0.000
2025-12-04T19:13:12.087354,-1.500,-3.000,1.270,0.000
2025-12-04T19:13:12.105661,-1.500,-3.000,1.270,0.000
2025-12-04T19:13:12.122826,-1.500,-3.000,1.270,0.000
2025-12-04T19:13:12.141646,-1.500,-3.000,1.270,0.000
2025-12-04T19:13:12.158560,-1.500,-3.000,1.270,0.000
2025-12-04T19:13:12.176819,-1.500,-3.000,1.270,0.000
2025-12-04T19:13:12.195105,-1.500,-3.000,1.270,0.000
2025-12-04T19:13:12.211289,-1.500,-3.000,1.270,0.000
2025-12-04T19:13:12.232612,-1.500,-3.000,1.270,0.000
2025-12-04T19:13:12.248623,-1.500,-3.000,1.270,0.000
2025-12-04T19:13:12.264032,-1.500,-3.000,1.270,0.000
2025-12-04T19:13:12.279373,-1.500,-3.000,1.270,0.000
2025-12-04T19:13:12.294367,-1.500,-3.000,1.270,0.000
2025-12-04T19:13:12.308313,-1.500,-3.000,1.270,0.000
2025-12-04T19:13:12.323139,-1.500,-3.000,1.270,0.000
2025-12-04T19:13:12.334230,-1.500,-3.000,1.270,0.000
2025-12-04T19:13:12.349613,-1.500,-3.000,1.270,0.000
2025-12-04T19:13:12.364976,-1.500,-3.000,1.270,0.000
2025-12-04T19:13:12.382812,-1.500,-3.000,1.270,0.000
2025-12-04T19:13:12.398308,-1.500,-3.000,1.270,0.000
2025-12-04T19:13:12.415643,-1.500,-3.000,1.270,0.000
2025-12-04T19:13:12.433385,-1.500,-3.000,1.270,0.000
2025-12-04T19:13:12.450396,-1.500,-3.000,1.270,0.000
2025-12-04T19:13:12.468804,-1.500,-3.000,1.270,0.000
2025-12-04T19:13:12.486087,-1.500,-3.000,1.270,0.000
2025-12-04T19:13:12.506684,-1.500,-3.000,1.270,0.000
2025-12-04T19:13:12.523999,-1.500,-3.000,1.270,0.000
2025-12-04T19:13:12.541084,-1.500,-3.000,1.270,0.000
2025-12-04T19:13:12.556964,-1.500,-3.000,1.270,0.000
2025-12-04T19:13:12.573790,-1.500,-3.000,1.270,0.000
2025-12-04T19:13:12.596437,-1.500,-3.000,1.270,0.000
2025-12-04T19:13:12.609633,-1.500,-3.000,1.270,0.000
2025-12-04T19:13:12.624318,-1.500,-3.000,1.270,0.000
2025-12-04T19:13:12.652566,-1.500,-3.000,1.270,0.000
2025-12-04T19:13:12.664792,-1.500,-3.000,1.270,0.000
2025-12-04T19:13:12.678469,-1.500,-3.000,1.270,0.000
2025-12-04T19:13:12.690067,-1.500,-3.000,1.270,0.000
2025-12-04T19:13:12.703249,-1.500,-3.000,1.270,0.000
2025-12-04T19:13:12.716829,-1.500,-3.000,1.270,0.000
2025-12-04T19:13:12.729614,-1.500,-3.000,1.270,0.000
2025-12-04T19:13:12.744090,-1.500,-3.000,1.270,0.000
2025-12-04T19:13:12.758801,-1.500,-3.000,1.270,0.000
2025-12-04T19:13:12.773738,-1.500,-3.000,1.270,0.000
2025-12-04T19:13:12.791181,-1.500,-3.000,1.270,0.000
2025-12-04T19:13:12.807334,-1.500,-3.000,1.270,0.000
2025-12-04T19:13:12.823641,-1.500,-3.000,1.270,0.000
2025-12-04T19:13:12.840147,-1.500,-3.000,1.270,0.000
2025-12-04T19:13:12.856812,-1.500,-3.000,1.270,0.000
2025-12-04T19:13:12.874910,-1.500,-3.000,1.270,0.000
2025-12-04T19:13:12.894588,-1.500,-3.000,1.270,0.000
2025-12-04T19:13:12.910288,-1.500,-3.000,1.270,0.000
2025-12-04T19:13:12.930022,-1.500,-3.000,1.270,0.000
2025-12-04T19:13:12.948071,-1.500,-3.000,1.270,0.000
2025-12-04T19:13:12.962700,-1.500,-3.000,1.270,0.000
2025-12-04T19:13:12.980007,-1.500,-3.000,1.270,0.000
2025-12-04T19:13:12.994606,-1.500,-3.000,1.270,0.000
2025-12-04T19:13:13.009308,-1.500,-3.000,1.270,0.000
2025-12-04T19:13:13.024963,-1.500,-3.000,1.270,0.000
2025-12-04T19:13:13.040786,-1.500,-3.000,1.270,0.000
2025-12-04T19:13:13.059621,-1.500,-3.000,1.270,0.000
2025-12-04T19:13:13.071207,-1.500,-3.000,1.270,0.000
2025-12-04T19:13:13.088211,-1.500,-3.000,1.270,0.000
2025-12-04T19:13:13.106343,-1.500,-3.000,1.270,0.000
2025-12-04T19:13:13.123301,-1.500,-3.000,1.270,0.000
2025-12-04T19:13:13.143414,-1.500,-3.000,1.270,0.000
2025-12-04T19:13:13.159693,-1.500,-3.000,1.270,0.000
2025-12-04T19:13:13.178813,-1.500,-3.000,1.270,0.000
2025-12-04T19:13:13.197684,-1.500,-3.000,1.270,0.000
2025-12-04T19:13:13.213426,-1.500,-3.000,1.270,0.000
2025-12-04T19:13:13.230112,-1.500,-3.000,1.270,0.000
2025-12-04T19:13:13.246244,-1.500,-3.000,1.270,0.000
2025-12-04T19:13:13.261852,-1.500,-3.000,1.270,0.000
2025-12-04T19:13:13.274386,-1.500,-3.000,1.270,0.000
2025-12-04T19:13:13.288014,-1.500,-3.000,1.270,0.000
2025-12-04T19:13:13.305797,-1.500,-3.000,1.270,0.000
2025-12-04T19:13:13.320943,-1.500,-3.000,1.270,0.000
2025-12-04T19:13:13.338784,-1.500,-3.000,1.270,0.000
2025-12-04T19:13:13.354648,-1.500,-3.000,1.270,0.000
2025-12-04T19:13:13.374344,-1.500,-3.000,1.270,0.000
2025-12-04T19:13:13.391477,-1.500,-3.000,1.270,0.000
2025-12-04T19:13:13.408531,-1.500,-3.000,1.270,0.000
2025-12-04T19:13:13.424529,-1.500,-3.000,1.270,0.000
2025-12-04T19:13:13.442334,-1.500,-3.000,1.270,0.000
2025-12-04T19:13:13.459021,-1.500,-3.000,1.270,0.000
2025-12-04T19:13:13.475742,-1.500,-3.000,1.270,0.000
2025-12-04T19:13:13.492210,-1.500,-3.000,1.270,0.000
2025-12-04T19:13:13.507988,-1.500,-3.000,1.270,0.000
2025-12-04T19:13:13.523279,-1.500,-3.000,1.270,0.000
2025-12-04T19:13:13.538564,-1.500,-3.000,1.270,0.000
2025-12-04T19:13:13.558551,-1.500,-3.000,1.270,-0.014
2025-12-04T19:13:13.576278,-1.500,-3.000,1.270,-0.029
2025-12-04T19:13:13.588357,-1.500,-3.000,1.270,-0.043
2025-12-04T19:13:13.604038,-1.500,-3.000,1.270,-0.058
2025-12-04T19:13:13.621360,-1.500,-3.000,1.270,-0.072
2025-12-04T19:13:13.639183,-1.500,-3.000,1.270,-0.086
2025-12-04T19:13:13.657002,-1.500,-3.000,1.270,-0.101
2025-12-04T19:13:13.673866,-1.500,-3.000,1.270,-0.115
2025-12-04T19:13:13.692166,-1.500,-3.000,1.270,-0.129
2025-12-04T19:13:13.710265,-1.500,-3.000,1.270,-0.144
2025-12-04T19:13:13.727919,-1.500,-3.000,1.270,-0.158
2025-12-04T19:13:13.744733,-1.500,-3.000,1.270,-0.172
2025-12-04T19:13:13.759633,-1.500,-3.000,1.270,-0.186
2025-12-04T19:13:13.775386,-1.500,-3.000,1.270,-0.200
2025-12-04T19:13:13.790637,-1.500,-3.000,1.270,-0.214
2025-12-04T19:13:13.805195,-1.500,-3.000,1.270,-0.228
2025-12-04T19:13:13.821375,-1.500,-3.000,1.270,-0.242
2025-12-04T19:13:13.836925,-1.500,-3.000,1.270,-0.256
2025-12-04T19:13:13.852717,-1.500,-3.000,1.270,-0.270
2025-12-04T19:13:13.869335,-1.500,-3.000,1.270,-0.284
2025-12-04T19:13:13.887306,-1.500,-3.000,1.270,-0.298
2025-12-04T19:13:13.905710,-1.500,-3.000,1.270,-0.312
2025-12-04T19:13:13.922714,-1.500,-3.000,1.270,-0.325
2025-12-04T19:13:13.938834,-1.500,-3.000,1.270,-0.339
2025-12-04T19:13:13.957131,-1.500,-3.000,1.270,-0.352
2025-12-04T19:13:13.975532,-1.500,-3.000,1.270,-0.366
2025-12-04T19:13:13.992849,-1.500,-3.000,1.270,-0.379
2025-12-04T19:13:14.009399,-1.500,-3.000,1.270,-0.392
2025-12-04T19:13:14.024423,-1.500,-3.000,1.270,-0.406
2025-12-04T19:13:14.041261,-1.500,-3.000,1.270,-0.419
2025-12-04T19:13:14.054290,-1.500,-3.000,1.270,-0.432
2025-12-04T19:13:14.078261,-1.500,-3.000,1.270,-0.445
2025-12-04T19:13:14.092186,-1.500,-3.000,1.270,-0.458
2025-12-04T19:13:14.107090,-1.500,-3.000,1.270,-0.470
2025-12-04T19:13:14.120620,-1.500,-3.000,1.270,-0.483
2025-12-04T19:13:14.133682,-1.500,-3.000,1.270,-0.495
2025-12-04T19:13:14.150116,-1.500,-3.000,1.270,-0.508
2025-12-04T19:13:14.164881,-1.500,-3.000,1.270,-0.520
2025-12-04T19:13:14.181215,-1.500,-3.000,1.270,-0.533
2025-12-04T19:13:14.197591,-1.500,-3.000,1.270,-0.545
2025-12-04T19:13:14.214534,-1.500,-3.000,1.270,-0.557
2025-12-04T19:13:14.232374,-1.500,-3.000,1.270,-0.569
2025-12-04T19:13:14.248859,-1.500,-3.000,1.270,-0.580
2025-12-04T19:13:14.266164,-1.500,-3.000,1.270,-0.592
2025-12-04T19:13:14.286684,-1.500,-3.000,1.270,-0.604
2025-12-04T19:13:14.303690,-1.500,-3.000,1.270,-0.615
2025-12-04T19:13:14.321355,-1.500,-3.000,1.270,-0.626
2025-12-04T19:13:14.338603,-1.500,-3.000,1.270,-0.637
2025-12-04T19:13:14.355124,-1.500,-3.000,1.270,-0.648
2025-12-04T19:13:14.377365,-1.500,-3.000,1.270,-0.659
2025-12-04T19:13:14.392492,-1.500,-3.000,1.270,-0.670
2025-12-04T19:13:14.407995,-1.500,-3.000,1.270,-0.681
2025-12-04T19:13:14.422217,-1.500,-3.000,1.270,-0.691
2025-12-04T19:13:14.437211,-1.500,-3.000,1.270,-0.702
2025-12-04T19:13:14.448022,-1.500,-3.000,1.270,-0.712
2025-12-04T19:13:14.463379,-1.500,-3.000,1.270,-0.722
2025-12-04T19:13:14.477791,-1.500,-3.000,1.270,-0.732
2025-12-04T19:13:14.489850,-1.500,-3.000,1.270,-0.741
2025-12-04T19:13:14.504502,-1.500,-3.000,1.270,-0.751
2025-12-04T19:13:14.520253,-1.500,-3.000,1.270,-0.760
2025-12-04T19:13:14.537006,-1.500,-3.000,1.270,-0.770
2025-12-04T19:13:14.554699,-1.500,-3.000,1.270,-0.779
2025-12-04T19:13:14.571556,-1.500,-3.000,1.270,-0.788
2025-12-04T19:13:14.591390,-1.500,-3.000,1.270,-0.797
2025-12-04T19:13:14.610700,-1.500,-3.000,1.270,-0.805
2025-12-04T19:13:14.624449,-1.500,-3.000,1.270,-0.814
2025-12-04T19:13:14.654629,-1.500,-3.000,1.270,-0.822
2025-12-04T19:13:14.667245,-1.500,-3.000,1.270,-0.830
2025-12-04T19:13:14.681124,-1.500,-3.000,1.270,-0.838
2025-12-04T19:13:14.695532,-1.500,-3.000,1.270,-0.846
2025-12-04T19:13:14.712431,-1.500,-3.000,1.270,-0.853
2025-12-04T19:13:14.726307,-1.500,-3.000,1.270,-0.861
2025-12-04T19:13:14.741727,-1.500,-3.000,1.270,-0.868
2025-12-04T19:13:14.760144,-1.500,-3.000,1.270,-0.875
2025-12-04T19:13:14.771508,-1.500,-3.000,1.270,-0.882
2025-12-04T19:13:14.787014,-1.500,-3.000,1.270,-0.889
2025-12-04T19:13:14.800572,-1.500,-3.000,1.270,-0.895
2025-12-04T19:13:14.817809,-1.500,-3.000,1.270,-0.901
2025-12-04T19:13:14.833256,-1.500,-3.000,1.270,-0.908
2025-12-04T19:13:14.849160,-1.500,-3.000,1.270,-0.914
2025-12-04T19:13:14.866967,-1.500,-3.000,1.270,-0.919
2025-12-04T19:13:14.886849,-1.500,-3.000,1.270,-0.925
2025-12-04T19:13:14.900935,-1.500,-3.000,1.270,-0.930
2025-12-04T19:13:14.918660,-1.500,-3.000,1.270,-0.935
2025-12-04T19:13:14.938054,-1.500,-3.000,1.270,-0.940
2025-12-04T19:13:14.956223,-1.500,-3.000,1.270,-0.945
2025-12-04T19:13:14.972377,-1.500,-3.000,1.270,-0.950
2025-12-04T19:13:15.000188,-1.500,-3.000,1.270,-0.954
2025-12-04T19:13:15.014227,-1.500,-3.000,1.270,-0.958
2025-12-04T19:13:15.031152,-1.500,-3.000,1.270,-0.962
2025-12-04T19:13:15.047339,-1.500,-3.000,1.270,-0.966
2025-12-04T19:13:15.064016,-1.500,-3.000,1.270,-0.970
2025-12-04T19:13:15.079556,-1.500,-3.000,1.270,-0.973
2025-12-04T19:13:15.093380,-1.500,-3.000,1.270,-0.977
2025-12-04T19:13:15.106455,-1.508,-3.004,1.270,-0.977
2025-12-04T19:13:15.120717,-1.516,-3.008,1.270,-0.977
2025-12-04T19:13:15.132859,-1.524,-3.011,1.270,-0.977
2025-12-04T19:13:15.146037,-1.533,-3.015,1.270,-0.977
2025-12-04T19:13:15.161014,-1.541,-3.019,1.270,-0.977
2025-12-04T19:13:15.176191,-1.549,-3.023,1.270,-0.977
2025-12-04T19:13:15.192202,-1.557,-3.027,1.270,-0.977
2025-12-04T19:13:15.209428,-1.566,-3.030,1.270,-0.977
2025-12-04T19:13:15.225437,-1.574,-3.034,1.270,-0.977
2025-12-04T19:13:15.244244,-1.582,-3.038,1.270,-0.977
2025-12-04T19:13:15.262244,-1.591,-3.042,1.270,-0.977
2025-12-04T19:13:15.279919,-1.599,-3.046,1.270,-0.977
2025-12-04T19:13:15.298086,-1.607,-3.050,1.270,-0.977
2025-12-04T19:13:15.316445,-1.616,-3.054,1.270,-0.977
2025-12-04T19:13:15.331498,-1.624,-3.058,1.270,-0.977
2025-12-04T19:13:15.349239,-1.632,-3.061,1.270,-0.977
2025-12-04T19:13:15.364406,-1.641,-3.065,1.270,-0.977
2025-12-04T19:13:15.381431,-1.649,-3.069,1.270,-0.977
2025-12-04T19:13:15.395221,-1.658,-3.073,1.270,-0.977
2025-12-04T19:13:15.410338,-1.666,-3.077,1.270,-0.977
2025-12-04T19:13:15.423330,-1.675,-3.081,1.270,-0.977
2025-12-04T19:13:15.439924,-1.683,-3.085,1.270,-0.977
2025-12-04T19:13:15.454226,-1.692,-3.089,1.270,-0.977
2025-12-04T19:13:15.469952,-1.700,-3.093,1.270,-0.977
2025-12-04T19:13:15.485632,-1.709,-3.097,1.270,-0.977
2025-12-04T19:13:15.529066,-1.717,-3.101,1.270,-0.977
2025-12-04T19:13:15.588990,-1.726,-3.105,1.270,-0.977
2025-12-04T19:13:15.608322,-1.734,-3.109,1.270,-0.977
2025-12-04T19:13:15.623010,-1.743,-3.113,1.270,-0.977
2025-12-04T19:13:15.638401,-1.751,-3.117,1.270,-0.977
2025-12-04T19:13:15.654822,-1.760,-3.121,1.270,-0.977
2025-12-04T19:13:15.666022,-1.769,-3.125,1.270,-0.977
2025-12-04T19:13:15.679506,-1.777,-3.129,1.270,-0.977
2025-12-04T19:13:15.693582,-1.786,-3.133,1.270,-0.977
2025-12-04T19:13:15.703763,-1.794,-3.137,1.270,-0.977
2025-12-04T19:13:15.716428,-1.803,-3.141,1.270,-0.977
2025-12-04T19:13:15.729897,-1.812,-3.145,1.270,-0.977
2025-12-04T19:13:15.743260,-1.820,-3.149,1.270,-0.977
2025-12-04T19:13:15.757197,-1.829,-3.153,1.270,-0.977
2025-12-04T19:13:15.774862,-1.837,-3.157,1.270,-0.977
2025-12-04T19:13:15.791051,-1.846,-3.161,1.270,-0.977
2025-12-04T19:13:15.807255,-1.855,-3.165,1.270,-0.977
2025-12-04T19:13:15.823082,-1.863,-3.169,1.270,-0.977
2025-12-04T19:13:15.840824,-1.872,-3.173,1.270,-0.977
2025-12-04T19:13:15.857725,-1.881,-3.177,1.270,-0.977
2025-12-04T19:13:15.875866,-1.889,-3.181,1.270,-0.977
2025-12-04T19:13:15.894794,-1.898,-3.185,1.270,-0.977
2025-12-04T19:13:15.912651,-1.907,-3.189,1.270,-0.977
2025-12-04T19:13:15.928528,-1.915,-3.193,1.270,-0.977
2025-12-04T19:13:15.944412,-1.924,-3.197,1.270,-0.977
2025-12-04T19:13:15.959903,-1.933,-3.201,1.270,-0.977
2025-12-04T19:13:15.975373,-1.941,-3.205,1.270,-0.977
2025-12-04T19:13:15.990541,-1.950,-3.209,1.270,-0.977
2025-12-04T19:13:16.007388,-1.959,-3.213,1.270,-0.977
2025-12-04T19:13:16.022326,-1.968,-3.217,1.270,-0.977
2025-12-04T19:13:16.037536,-1.976,-3.221,1.270,-0.977
2025-12-04T19:13:16.054037,-1.985,-3.225,1.270,-0.977
2025-12-04T19:13:16.070497,-1.994,-3.229,1.270,-0.977
2025-12-04T19:13:16.088174,-2.002,-3.233,1.270,-0.977
2025-12-04T19:13:16.105318,-2.011,-3.237,1.270,-0.977
2025-12-04T19:13:16.124924,-2.020,-3.241,1.270,-0.977
2025-12-04T19:13:16.139382,-2.029,-3.245,1.270,-0.977
2025-12-04T19:13:16.156357,-2.037,-3.249,1.270,-0.977
2025-12-04T19:13:16.175786,-2.046,-3.253,1.270,-0.977
2025-12-04T19:13:16.193393,-2.055,-3.257,1.270,-0.977
2025-12-04T19:13:16.210043,-2.064,-3.261,1.270,-0.977
2025-12-04T19:13:16.233703,-2.072,-3.266,1.270,-0.977
2025-12-04T19:13:16.249076,-2.081,-3.270,1.270,-0.977
2025-12-04T19:13:16.264157,-2.090,-3.274,1.270,-0.977
2025-12-04T19:13:16.280072,-2.099,-3.278,1.270,-0.977
2025-12-04T19:13:16.294897,-2.107,-3.282,1.270,-0.977
2025-12-04T19:13:16.308414,-2.116,-3.286,1.270,-0.977
2025-12-04T19:13:16.322598,-2.125,-3.290,1.270,-0.977
2025-12-04T19:13:16.337139,-2.134,-3.294,1.270,-0.977
2025-12-04T19:13:16.351357,-2.142,-3.298,1.270,-0.977
2025-12-04T19:13:16.367078,-2.151,-3.302,1.270,-0.977
2025-12-04T19:13:16.381348,-2.160,-3.306,1.270,-0.977
2025-12-04T19:13:16.398336,-2.169,-3.310,1.270,-0.977
2025-12-04T19:13:16.414145,-2.177,-3.314,1.270,-0.977
2025-12-04T19:13:16.432935,-2.186,-3.318,1.270,-0.977
2025-12-04T19:13:16.449414,-2.195,-3.322,1.270,-0.977
2025-12-04T19:13:16.471897,-2.204,-3.326,1.270,-0.977
2025-12-04T19:13:16.488535,-2.212,-3.331,1.270,-0.977
2025-12-04T19:13:16.513870,-2.221,-3.335,1.270,-0.977
2025-12-04T19:13:16.523512,-2.230,-3.339,1.270,-0.977
2025-12-04T19:13:16.539952,-2.239,-3.343,1.270,-0.977
2025-12-04T19:13:16.555268,-2.248,-3.347,1.270,-0.977
2025-12-04T19:13:16.571995,-2.256,-3.351,1.270,-0.977
2025-12-04T19:13:16.587006,-2.265,-3.355,1.270,-0.977
2025-12-04T19:13:16.599175,-2.274,-3.359,1.270,-0.977
2025-12-04T19:13:16.620673,-2.283,-3.363,1.270,-0.977
2025-12-04T19:13:16.625979,-2.291,-3.367,1.270,-0.977
2025-12-04T19:13:16.647246,-2.300,-3.371,1.270,-0.977
2025-12-04T19:13:16.657876,-2.309,-3.375,1.270,-0.977
2025-12-04T19:13:16.676510,-2.318,-3.379,1.270,-0.977
2025-12-04T19:13:16.693919,-2.327,-3.383,1.270,-0.977
2025-12-04T19:13:16.707393,-2.335,-3.388,1.270,-0.977
2025-12-04T19:13:16.723201,-2.344,-3.392,1.270,-0.977
2025-12-04T19:13:16.740451,-2.353,-3.396,1.270,-0.977
2025-12-04T19:13:16.760366,-2.362,-3.400,1.270,-0.977
2025-12-04T19:13:16.774071,-2.371,-3.404,1.270,-0.977
2025-12-04T19:13:16.792408,-2.379,-3.408,1.270,-0.977
2025-12-04T19:13:16.810322,-2.388,-3.412,1.270,-0.977
2025-12-04T19:13:16.828825,-2.397,-3.416,1.270,-0.977
2025-12-04T19:13:16.853995,-2.406,-3.420,1.270,-0.977
2025-12-04T19:13:16.870222,-2.415,-3.424,1.270,-0.977
2025-12-04T19:13:16.885791,-2.423,-3.428,1.270,-0.977
2025-12-04T19:13:16.902341,-2.432,-3.432,1.270,-0.977
2025-12-04T19:13:16.917367,-2.441,-3.437,1.270,-0.977
2025-12-04T19:13:16.934654,-2.450,-3.441,1.270,-0.977
2025-12-04T19:13:16.949088,-2.458,-3.445,1.270,-0.977
2025-12-04T19:13:16.964349,-2.467,-3.449,1.270,-0.977
2025-12-04T19:13:16.978725,-2.476,-3.453,1.270,-0.977
2025-12-04T19:13:16.993428,-2.485,-3.457,1.270,-0.977
2025-12-04T19:13:17.008198,-2.494,-3.461,1.270,-0.977
2025-12-04T19:13:17.023791,-2.502,-3.465,1.270,-0.977
2025-12-04T19:13:17.040149,-2.511,-3.469,1.270,-0.977
2025-12-04T19:13:17.057069,-2.520,-3.473,1.270,-0.977
2025-12-04T19:13:17.075806,-2.529,-3.477,1.270,-0.977
2025-12-04T19:13:17.089905,-2.538,-3.481,1.270,-0.977
2025-12-04T19:13:17.109104,-2.546,-3.486,1.270,-0.977
2025-12-04T19:13:17.125501,-2.555,-3.490,1.270,-0.977
2025-12-04T19:13:17.144257,-2.564,-3.494,1.270,-0.977
2025-12-04T19:13:17.162184,-2.573,-3.498,1.270,-0.977
2025-12-04T19:13:17.177325,-2.582,-3.502,1.270,-0.977
2025-12-04T19:13:17.195980,-2.591,-3.506,1.270,-0.977
2025-12-04T19:13:17.212162,-2.599,-3.510,1.270,-0.977
2025-12-04T19:13:17.228993,-2.608,-3.514,1.270,-0.977
2025-12-04T19:13:17.243859,-2.617,-3.518,1.270,-0.977
2025-12-04T19:13:17.260065,-2.626,-3.522,1.270,-0.977
2025-12-04T19:13:17.276221,-2.635,-3.526,1.270,-0.977
2025-12-04T19:13:17.294378,-2.643,-3.530,1.270,-0.977
2025-12-04T19:13:17.309898,-2.652,-3.535,1.270,-0.977
2025-12-04T19:13:17.324331,-2.661,-3.539,1.270,-0.977
2025-12-04T19:13:17.340091,-2.670,-3.543,1.270,-0.977
2025-12-04T19:13:17.354821,-2.679,-3.547,1.270,-0.977
2025-12-04T19:13:17.371161,-2.687,-3.551,1.270,-0.977
2025-12-04T19:13:17.388198,-2.696,-3.555,1.270,-0.977
2025-12-04T19:13:17.406926,-2.705,-3.559,1.270,-0.977
2025-12-04T19:13:17.423164,-2.714,-3.563,1.270,-0.977
2025-12-04T19:13:17.442500,-2.723,-3.567,1.270,-0.977
2025-12-04T19:13:17.458639,-2.731,-3.571,1.270,-0.977
2025-12-04T19:13:17.483696,-2.740,-3.575,1.270,-0.977
2025-12-04T19:13:17.497767,-2.749,-3.579,1.270,-0.977
2025-12-04T19:13:17.514289,-2.758,-3.584,1.270,-0.977
2025-12-04T19:13:17.530219,-2.767,-3.588,1.270,-0.977
2025-12-04T19:13:17.545043,-2.775,-3.592,1.270,-0.977
2025-12-04T19:13:17.560027,-2.784,-3.596,1.270,-0.977
2025-12-04T19:13:17.572424,-2.793,-3.600,1.270,-0.977
2025-12-04T19:13:17.587683,-2.802,-3.604,1.270,-0.977
2025-12-04T19:13:17.603411,-2.811,-3.608,1.270,-0.977
2025-12-04T19:13:17.615038,-2.819,-3.612,1.270,-0.977
2025-12-04T19:13:17.629848,-2.828,-3.616,1.270,-0.977
2025-12-04T19:13:17.646253,-2.837,-3.620,1.270,-0.977
2025-12-04T19:13:17.661432,-2.846,-3.624,1.270,-0.977
2025-12-04T19:13:17.679479,-2.855,-3.629,1.270,-0.977
2025-12-04T19:13:17.695368,-2.864,-3.633,1.270,-0.977
2025-12-04T19:13:17.713057,-2.872,-3.637,1.270,-0.977
2025-12-04T19:13:17.730255,-2.881,-3.641,1.270,-0.977
2025-12-04T19:13:17.751205,-2.890,-3.645,1.270,-0.977
2025-12-04T19:13:17.771558,-2.899,-3.649,1.270,-0.977
2025-12-04T19:13:17.781105,-2.908,-3.653,1.270,-0.977
2025-12-04T19:13:17.798063,-2.916,-3.657,1.270,-0.977
2025-12-04T19:13:17.815113,-2.925,-3.661,1.270,-0.977
2025-12-04T19:13:17.830180,-2.934,-3.665,1.270,-0.977
2025-12-04T19:13:17.846088,-2.943,-3.669,1.270,-0.977
2025-12-04T19:13:17.862042,-2.952,-3.673,1.270,-0.977
2025-12-04T19:13:17.877405,-2.960,-3.678,1.270,-0.977
2025-12-04T19:13:17.891929,-2.969,-3.682,1.270,-0.977
2025-12-04T19:13:17.906516,-2.978,-3.686,1.270,-0.977
2025-12-04T19:13:17.922515,-2.987,-3.690,1.270,-0.977
2025-12-04T19:13:17.941159,-2.996,-3.694,1.270,-0.977
2025-12-04T19:13:17.955648,-3.005,-3.698,1.270,-0.977
2025-12-04T19:13:17.974521,-3.013,-3.702,1.270,-0.977
2025-12-04T19:13:17.993138,-3.022,-3.706,1.270,-0.977
2025-12-04T19:13:18.009934,-3.031,-3.710,1.270,-0.977
2025-12-04T19:13:18.028147,-3.040,-3.714,1.270,-0.977
2025-12-04T19:13:18.047099,-3.049,-3.718,1.270,-0.977
2025-12-04T19:13:18.064496,-3.057,-3.723,1.270,-0.977
2025-12-04T19:13:18.081922,-3.066,-3.727,1.270,-0.977
2025-12-04T19:13:18.104115,-3.075,-3.731,1.270,-0.977
2025-12-04T19:13:18.118939,-3.084,-3.735,1.270,-0.977
2025-12-04T19:13:18.134649,-3.093,-3.739,1.270,-0.977
2025-12-04T19:13:18.149571,-3.101,-3.743,1.270,-0.977
2025-12-04T19:13:18.164575,-3.110,-3.747,1.270,-0.977
2025-12-04T19:13:18.177730,-3.119,-3.751,1.270,-0.977
2025-12-04T19:13:18.192975,-3.128,-3.755,1.270,-0.977
2025-12-04T19:13:18.209646,-3.137,-3.759,1.270,-0.977
2025-12-04T19:13:18.226002,-3.145,-3.763,1.270,-0.977
2025-12-04T19:13:18.242288,-3.154,-3.768,1.270,-0.977
2025-12-04T19:13:18.257715,-3.163,-3.772,1.270,-0.977
2025-12-04T19:13:18.276661,-3.172,-3.776,1.270,-0.977
2025-12-04T19:13:18.294596,-3.181,-3.780,1.270,-0.977
2025-12-04T19:13:18.312670,-3.190,-3.784,1.270,-0.977
2025-12-04T19:13:18.329624,-3.198,-3.788,1.270,-0.977
2025-12-04T19:13:18.346972,-3.207,-3.792,1.270,-0.977
2025-12-04T19:13:18.364317,-3.216,-3.796,1.270,-0.977
2025-12-04T19:13:18.380475,-3.225,-3.800,1.270,-0.977
2025-12-04T19:13:18.396672,-3.234,-3.804,1.270,-0.977
2025-12-04T19:13:18.411354,-3.242,-3.808,1.270,-0.977
2025-12-04T19:13:18.427589,-3.251,-3.812,1.270,-0.977
2025-12-04T19:13:18.442137,-3.260,-3.817,1.270,-0.977
2025-12-04T19:13:18.456400,-3.269,-3.821,1.270,-0.977
2025-12-04T19:13:18.474012,-3.278,-3.825,1.270,-0.977
2025-12-04T19:13:18.490444,-3.286,-3.829,1.270,-0.977
2025-12-04T19:13:18.507401,-3.295,-3.833,1.270,-0.977
2025-12-04T19:13:18.523727,-3.296,-3.833,1.270,-0.980
2025-12-04T19:13:18.537490,-3.297,-3.834,1.270,-0.982
2025-12-04T19:13:18.555847,-3.297,-3.834,1.270,-0.985
2025-12-04T19:13:18.572984,-3.298,-3.834,1.270,-0.987
2025-12-04T19:13:18.590231,-3.298,-3.834,1.270,-0.989
2025-12-04T19:13:18.607037,-3.299,-3.835,1.270,-0.991
2025-12-04T19:13:18.623388,-3.300,-3.835,1.270,-0.993
2025-12-04T19:13:18.637026,-3.300,-3.835,1.270,-0.995
2025-12-04T19:13:18.652229,-3.301,-3.835,1.270,-0.996
2025-12-04T19:13:18.668997,-3.301,-3.836,1.270,-0.997
2025-12-04T19:13:18.687401,-3.302,-3.836,1.270,-0.998
2025-12-04T19:13:18.702573,-3.302,-3.836,1.270,-0.999
2025-12-04T19:13:18.725724,-3.303,-3.836,1.270,-1.000
2025-12-04T19:13:18.740133,-3.303,-3.837,1.270,-1.000
2025-12-04T19:13:18.755309,-3.303,-3.837,1.270,-1.000
2025-12-04T19:13:18.772125,-3.304,-3.837,1.270,1.000
2025-12-04T19:13:18.791487,-3.304,-3.837,1.270,1.000
2025-12-04T19:13:18.804254,-3.305,-3.837,1.270,0.999
2025-12-04T19:13:18.819956,-3.305,-3.837,1.270,0.998
2025-12-04T19:13:18.832618,-3.305,-3.838,1.270,0.997
2025-12-04T19:13:18.845219,-3.306,-3.838,1.270,0.996
2025-12-04T19:13:18.859341,-3.306,-3.838,1.270,0.995
2025-12-04T19:13:18.876293,-3.306,-3.838,1.270,0.994
2025-12-04T19:13:18.890514,-3.307,-3.838,1.270,0.992
2025-12-04T19:13:18.907597,-3.307,-3.838,1.270,0.990
2025-12-04T19:13:18.925114,-3.307,-3.838,1.270,0.988
2025-12-04T19:13:18.942192,-3.308,-3.839,1.270,0.985
2025-12-04T19:13:18.960114,-3.308,-3.839,1.270,0.983
2025-12-04T19:13:18.977426,-3.308,-3.839,1.270,0.980
2025-12-04T19:13:18.996167,-3.317,-3.835,1.270,0.980
2025-12-04T19:13:19.014110,-3.325,-3.832,1.270,0.980
2025-12-04T19:13:19.031179,-3.334,-3.829,1.270,0.980
2025-12-04T19:13:19.048266,-3.342,-3.825,1.270,0.980
2025-12-04T19:13:19.066105,-3.351,-3.822,1.270,0.980
2025-12-04T19:13:19.083861,-3.359,-3.818,1.270,0.980
2025-12-04T19:13:19.098416,-3.368,-3.815,1.270,0.980
2025-12-04T19:13:19.113772,-3.376,-3.811,1.270,0.980
2025-12-04T19:13:19.128967,-3.385,-3.808,1.270,0.980
2025-12-04T19:13:19.144685,-3.394,-3.804,1.270,0.980
2025-12-04T19:13:19.161083,-3.402,-3.801,1.270,0.980
2025-12-04T19:13:19.177454,-3.411,-3.797,1.270,0.980
2025-12-04T19:13:19.195645,-3.420,-3.794,1.270,0.980
2025-12-04T19:13:19.211514,-3.428,-3.790,1.270,0.980
2025-12-04T19:13:19.230222,-3.437,-3.787,1.270,0.980
2025-12-04T19:13:19.246268,-3.446,-3.783,1.270,0.980
2025-12-04T19:13:19.266185,-3.454,-3.780,1.270,0.980
2025-12-04T19:13:19.282198,-3.463,-3.776,1.270,0.980
2025-12-04T19:13:19.300386,-3.472,-3.773,1.270,0.980
2025-12-04T19:13:19.316619,-3.480,-3.769,1.270,0.980
2025-12-04T19:13:19.332131,-3.489,-3.765,1.270,0.980
2025-12-04T19:13:19.346394,-3.498,-3.762,1.270,0.980
2025-12-04T19:13:19.363017,-3.507,-3.758,1.270,0.980
2025-12-04T19:13:19.378021,-3.515,-3.755,1.270,0.980
2025-12-04T19:13:19.393965,-3.524,-3.751,1.270,0.980
2025-12-04T19:13:19.409915,-3.533,-3.747,1.270,0.980
2025-12-04T19:13:19.427541,-3.542,-3.744,1.270,0.980
2025-12-04T19:13:19.445058,-3.550,-3.740,1.270,0.980
2025-12-04T19:13:19.462336,-3.559,-3.737,1.270,0.980
2025-12-04T19:13:19.478791,-3.568,-3.733,1.270,0.980
2025-12-04T19:13:19.496134,-3.577,-3.729,1.270,0.980
2025-12-04T19:13:19.511997,-3.586,-3.726,1.270,0.980
2025-12-04T19:13:19.532532,-3.594,-3.722,1.270,0.980
2025-12-04T19:13:19.548502,-3.603,-3.718,1.270,0.980
2025-12-04T19:13:19.564905,-3.604,-3.718,1.270,0.977
2025-12-04T19:13:19.581538,-3.604,-3.718,1.270,0.974
2025-12-04T19:13:19.596048,-3.605,-3.718,1.270,0.970
2025-12-04T19:13:19.611101,-3.605,-3.718,1.270,0.967
2025-12-04T19:13:19.626679,-3.606,-3.718,1.270,0.963
2025-12-04T19:13:19.646875,-3.606,-3.717,1.270,0.959
2025-12-04T19:13:19.660807,-3.607,-3.717,1.270,0.955
2025-12-04T19:13:19.676927,-3.607,-3.717,1.270,0.951
2025-12-04T19:13:19.690472,-3.608,-3.717,1.270,0.946
2025-12-04T19:13:19.707053,-3.608,-3.717,1.270,0.941
2025-12-04T19:13:19.723087,-3.608,-3.717,1.270,0.936
2025-12-04T19:13:19.740181,-3.609,-3.717,1.270,0.931
2025-12-04T19:13:19.757650,-3.609,-3.717,1.270,0.926
2025-12-04T19:13:19.775741,-3.609,-3.716,1.270,0.920
2025-12-04T19:13:19.792640,-3.610,-3.716,1.270,0.915
2025-12-04T19:13:19.812070,-3.610,-3.716,1.270,0.909
2025-12-04T19:13:19.829459,-3.616,-3.709,1.270,0.909
2025-12-04T19:13:19.847866,-3.622,-3.702,1.270,0.909
2025-12-04T19:13:19.863362,-3.629,-3.696,1.270,0.909
2025-12-04T19:13:19.877993,-3.635,-3.689,1.270,0.909
2025-12-04T19:13:19.892770,-3.641,-3.682,1.270,0.909
2025-12-04T19:13:19.906087,-3.647,-3.675,1.270,0.909
2025-12-04T19:13:19.922593,-3.653,-3.668,1.270,0.909
2025-12-04T19:13:19.935062,-3.660,-3.661,1.270,0.909
2025-12-04T19:13:19.951242,-3.666,-3.654,1.270,0.909
2025-12-04T19:13:19.966089,-3.672,-3.647,1.270,0.909
2025-12-04T19:13:19.982551,-3.678,-3.640,1.270,0.909
2025-12-04T19:13:19.998034,-3.684,-3.633,1.270,0.909
2025-12-04T19:13:20.016534,-3.691,-3.625,1.270,0.909
2025-12-04T19:13:20.033614,-3.697,-3.618,1.270,0.909
2025-12-04T19:13:20.052596,-3.703,-3.611,1.270,0.909
2025-12-04T19:13:20.070199,-3.709,-3.604,1.270,0.909
2025-12-04T19:13:20.086121,-3.715,-3.597,1.270,0.909
2025-12-04T19:13:20.103923,-3.722,-3.590,1.270,0.909
2025-12-04T19:13:20.123535,-3.728,-3.583,1.270,0.909
2025-12-04T19:13:20.139838,-3.734,-3.576,1.270,0.909
2025-12-04T19:13:20.157839,-3.740,-3.569,1.270,0.909
2025-12-04T19:13:20.172210,-3.747,-3.562,1.270,0.909
2025-12-04T19:13:20.187139,-3.753,-3.554,1.270,0.909
2025-12-04T19:13:20.204645,-3.759,-3.547,1.270,0.909
2025-12-04T19:13:20.219522,-3.765,-3.540,1.270,0.909
2025-12-04T19:13:20.234689,-3.772,-3.533,1.270,0.909
2025-12-04T19:13:20.251220,-3.778,-3.526,1.270,0.909
2025-12-04T19:13:20.267050,-3.784,-3.519,1.270,0.909
2025-12-04T19:13:20.285104,-3.790,-3.511,1.270,0.909
2025-12-04T19:13:20.302218,-3.797,-3.504,1.270,0.909
2025-12-04T19:13:20.320965,-3.803,-3.497,1.270,0.909
2025-12-04T19:13:20.339899,-3.809,-3.490,1.270,0.909
2025-12-04T19:13:20.355251,-3.815,-3.482,1.270,0.909
2025-12-04T19:13:20.374215,-3.822,-3.475,1.270,0.909
2025-12-04T19:13:20.390295,-3.828,-3.468,1.270,0.909
2025-12-04T19:13:20.409275,-3.834,-3.461,1.270,0.909
2025-12-04T19:13:20.425445,-3.841,-3.454,1.270,0.909
2025-12-04T19:13:20.442430,-3.847,-3.446,1.270,0.909
2025-12-04T19:13:20.457900,-3.853,-3.439,1.270,0.909
2025-12-04T19:13:20.476410,-3.859,-3.432,1.270,0.909
2025-12-04T19:13:20.489151,-3.866,-3.425,1.270,0.909
2025-12-04T19:13:20.509315,-3.872,-3.417,1.270,0.909
2025-12-04T19:13:20.518163,-3.878,-3.410,1.270,0.909
2025-12-04T19:13:20.530984,-3.885,-3.403,1.270,0.909
2025-12-04T19:13:20.544340,-3.891,-3.396,1.270,0.909
2025-12-04T19:13:20.562672,-3.897,-3.388,1.270,0.909
2025-12-04T19:13:20.574565,-3.903,-3.381,1.270,0.909
2025-12-04T19:13:20.590620,-3.910,-3.374,1.270,0.909
2025-12-04T19:13:20.605143,-3.916,-3.366,1.270,0.909
2025-12-04T19:13:20.621537,-3.922,-3.359,1.270,0.909
2025-12-04T19:13:20.639092,-3.929,-3.352,1.270,0.909
2025-12-04T19:13:20.656931,-3.935,-3.345,1.270,0.909
2025-12-04T19:13:20.674442,-3.941,-3.337,1.270,0.909
2025-12-04T19:13:20.693301,-3.948,-3.330,1.270,0.909
2025-12-04T19:13:20.712585,-3.954,-3.323,1.270,0.909
2025-12-04T19:13:20.730943,-3.960,-3.315,1.270,0.909
2025-12-04T19:13:20.745679,-3.966,-3.308,1.270,0.909
2025-12-04T19:13:20.763157,-3.973,-3.301,1.270,0.909
2025-12-04T19:13:20.781375,-3.979,-3.293,1.270,0.909
2025-12-04T19:13:20.798499,-3.985,-3.286,1.270,0.909
2025-12-04T19:13:20.813641,-3.992,-3.279,1.270,0.909
2025-12-04T19:13:20.827171,-3.998,-3.272,1.270,0.909
2025-12-04T19:13:20.844918,-4.004,-3.264,1.270,0.909
2025-12-04T19:13:20.860552,-4.011,-3.257,1.270,0.909
2025-12-04T19:13:20.875383,-4.017,-3.250,1.270,0.909
2025-12-04T19:13:20.891235,-4.023,-3.242,1.270,0.909
2025-12-04T19:13:20.907505,-4.029,-3.235,1.270,0.909
2025-12-04T19:13:20.923336,-4.036,-3.228,1.270,0.909
2025-12-04T19:13:20.942535,-4.042,-3.220,1.270,0.909
2025-12-04T19:13:20.965361,-4.048,-3.213,1.270,0.909
2025-12-04T19:13:20.981763,-4.055,-3.206,1.270,0.909
2025-12-04T19:13:20.998852,-4.061,-3.198,1.270,0.909
2025-12-04T19:13:21.016827,-4.067,-3.191,1.270,0.909
2025-12-04T19:13:21.030580,-4.074,-3.184,1.270,0.909
2025-12-04T19:13:21.047407,-4.080,-3.176,1.270,0.909
2025-12-04T19:13:21.061040,-4.086,-3.169,1.270,0.909
2025-12-04T19:13:21.075110,-4.093,-3.162,1.270,0.909
2025-12-04T19:13:21.090040,-4.099,-3.154,1.270,0.909
2025-12-04T19:13:21.104616,-4.105,-3.147,1.270,0.909
2025-12-04T19:13:21.119211,-4.112,-3.140,1.270,0.909
2025-12-04T19:13:21.134444,-4.118,-3.132,1.270,0.909
2025-12-04T19:13:21.149657,-4.124,-3.125,1.270,0.909
2025-12-04T19:13:21.166635,-4.131,-3.118,1.270,0.909
2025-12-04T19:13:21.189637,-4.137,-3.110,1.270,0.909
2025-12-04T19:13:21.207167,-4.143,-3.103,1.270,0.909
2025-12-04T19:13:21.223248,-4.149,-3.095,1.270,0.909
2025-12-04T19:13:21.241607,-4.156,-3.088,1.270,0.909
2025-12-04T19:13:21.259706,-4.162,-3.081,1.270,0.909
2025-12-04T19:13:21.277501,-4.168,-3.073,1.270,0.909
2025-12-04T19:13:21.293674,-4.175,-3.066,1.270,0.909
2025-12-04T19:13:21.310697,-4.181,-3.059,1.270,0.909
2025-12-04T19:13:21.326335,-4.187,-3.051,1.270,0.909
2025-12-04T19:13:21.344048,-4.194,-3.044,1.270,0.909
2025-12-04T19:13:21.361193,-4.200,-3.037,1.270,0.909
2025-12-04T19:13:21.378609,-4.206,-3.029,1.270,0.909
2025-12-04T19:13:21.396382,-4.213,-3.022,1.270,0.909
2025-12-04T19:13:21.409330,-4.219,-3.015,1.270,0.909
2025-12-04T19:13:21.425376,-4.225,-3.007,1.270,0.909
2025-12-04T19:13:21.439294,-4.232,-3.000,1.270,0.909
2025-12-04T19:13:21.454829,-4.238,-2.993,1.270,0.909
2025-12-04T19:13:21.470515,-4.244,-2.985,1.270,0.909
2025-12-04T19:13:21.492825,-4.251,-2.978,1.270,0.909
2025-12-04T19:13:21.507932,-4.257,-2.970,1.270,0.909
2025-12-04T19:13:21.523164,-4.263,-2.963,1.270,0.909
2025-12-04T19:13:21.538562,-4.270,-2.956,1.270,0.909
2025-12-04T19:13:21.555409,-4.276,-2.948,1.270,0.909
2025-12-04T19:13:21.571958,-4.282,-2.941,1.270,0.909
2025-12-04T19:13:21.589247,-4.289,-2.934,1.270,0.909
2025-12-04T19:13:21.603593,-4.295,-2.926,1.270,0.909
2025-12-04T19:13:21.620116,-4.301,-2.919,1.270,0.909
2025-12-04T19:13:21.637167,-4.307,-2.912,1.270,0.909
2025-12-04T19:13:21.654057,-4.314,-2.904,1.270,0.909
2025-12-04T19:13:21.672330,-4.320,-2.897,1.270,0.909
2025-12-04T19:13:21.687516,-4.326,-2.890,1.270,0.909
2025-12-04T19:13:21.704862,-4.333,-2.882,1.270,0.909
2025-12-04T19:13:21.720925,-4.339,-2.875,1.270,0.909
2025-12-04T19:13:21.737847,-4.345,-2.867,1.270,0.909
2025-12-04T19:13:21.754292,-4.352,-2.860,1.270,0.909
2025-12-04T19:13:21.768432,-4.358,-2.853,1.270,0.909
2025-12-04T19:13:21.785909,-4.364,-2.845,1.270,0.909
2025-12-04T19:13:21.799709,-4.371,-2.838,1.270,0.909
2025-12-04T19:13:21.814150,-4.377,-2.831,1.270,0.909
2025-12-04T19:13:21.828668,-4.383,-2.823,1.270,0.909
2025-12-04T19:13:21.842922,-4.390,-2.816,1.270,0.909
2025-12-04T19:13:21.858742,-4.396,-2.808,1.270,0.909
2025-12-04T19:13:21.875869,-4.402,-2.801,1.270,0.909
2025-12-04T19:13:21.895796,-4.409,-2.794,1.270,0.909
2025-12-04T19:13:21.912537,-4.415,-2.786,1.270,0.909
2025-12-04T19:13:21.930032,-4.421,-2.779,1.270,0.909
2025-12-04T19:13:21.945795,-4.428,-2.772,1.270,0.909
2025-12-04T19:13:21.965511,-4.434,-2.764,1.270,0.909
2025-12-04T19:13:21.982611,-4.440,-2.757,1.270,0.909
2025-12-04T19:13:22.000987,-4.447,-2.750,1.270,0.909
2025-12-04T19:13:22.017441,-4.453,-2.742,1.270,0.909
2025-12-04T19:13:22.031376,-4.459,-2.735,1.270,0.909
2025-12-04T19:13:22.045644,-4.466,-2.727,1.270,0.909
2025-12-04T19:13:22.060160,-4.472,-2.720,1.270,0.909
2025-12-04T19:13:22.074659,-4.478,-2.713,1.270,0.909
2025-12-04T19:13:22.090686,-4.485,-2.705,1.270,0.909
2025-12-04T19:13:22.111860,-4.491,-2.698,1.270,0.909
2025-12-04T19:13:22.126286,-4.497,-2.691,1.270,0.909
2025-12-04T19:13:22.142721,-4.504,-2.683,1.270,0.909
2025-12-04T19:13:22.158274,-4.510,-2.676,1.270,0.909
2025-12-04T19:13:22.175892,-4.516,-2.669,1.270,0.909
2025-12-04T19:13:22.194501,-4.523,-2.661,1.270,0.909
2025-12-04T19:13:22.210990,-4.529,-2.654,1.270,0.909
2025-12-04T19:13:22.227933,-4.535,-2.646,1.270,0.909
2025-12-04T19:13:22.243804,-4.541,-2.639,1.270,0.909
2025-12-04T19:13:22.260581,-4.548,-2.632,1.270,0.909
2025-12-04T19:13:22.277063,-4.554,-2.624,1.270,0.909
2025-12-04T19:13:22.293976,-4.560,-2.617,1.270,0.909
2025-12-04T19:13:22.311214,-4.567,-2.610,1.270,0.909
2025-12-04T19:13:22.325570,-4.573,-2.602,1.270,0.909
2025-12-04T19:13:22.341560,-4.579,-2.595,1.270,0.909
2025-12-04T19:13:22.359716,-4.586,-2.587,1.270,0.909
2025-12-04T19:13:22.376785,-4.592,-2.580,1.270,0.909
2025-12-04T19:13:22.394209,-4.598,-2.573,1.270,0.909
2025-12-04T19:13:22.416409,-4.605,-2.565,1.270,0.909
2025-12-04T19:13:22.430115,-4.611,-2.558,1.270,0.909
2025-12-04T19:13:22.444098,-4.617,-2.551,1.270,0.909
2025-12-04T19:13:22.459082,-4.624,-2.543,1.270,0.909
2025-12-04T19:13:22.473342,-4.630,-2.536,1.270,0.909
2025-12-04T19:13:22.487580,-4.636,-2.528,1.270,0.909
2025-12-04T19:13:22.506638,-4.643,-2.521,1.270,0.909
2025-12-04T19:13:22.517298,-4.649,-2.514,1.270,0.909
2025-12-04T19:13:22.529583,-4.655,-2.506,1.270,0.909
2025-12-04T19:13:22.546385,-4.662,-2.499,1.270,0.909
2025-12-04T19:13:22.560058,-4.668,-2.492,1.270,0.909
2025-12-04T19:13:22.578137,-4.674,-2.484,1.270,0.909
2025-12-04T19:13:22.593548,-4.681,-2.477,1.270,0.909
2025-12-04T19:13:22.611595,-4.687,-2.469,1.270,0.909
2025-12-04T19:13:22.627599,-4.693,-2.462,1.270,0.909
2025-12-04T19:13:22.645223,-4.700,-2.455,1.270,0.909
2025-12-04T19:13:22.664557,-4.706,-2.447,1.270,0.909
2025-12-04T19:13:22.681255,-4.712,-2.440,1.270,0.909
2025-12-04T19:13:22.699970,-4.719,-2.433,1.270,0.909
2025-12-04T19:13:22.716550,-4.725,-2.425,1.270,0.909
2025-12-04T19:13:22.733995,-4.731,-2.418,1.270,0.909
2025-12-04T19:13:22.747686,-4.738,-2.411,1.270,0.909
2025-12-04T19:13:22.762325,-4.744,-2.403,1.270,0.909
2025-12-04T19:13:22.778845,-4.750,-2.396,1.270,0.909
2025-12-04T19:13:22.794372,-4.757,-2.388,1.270,0.909
2025-12-04T19:13:22.810093,-4.763,-2.381,1.270,0.909
2025-12-04T19:13:22.824920,-4.769,-2.374,1.270,0.909
2025-12-04T19:13:22.841309,-4.776,-2.366,1.270,0.909
2025-12-04T19:13:22.858071,-4.782,-2.359,1.270,0.909
2025-12-04T19:13:22.875776,-4.788,-2.352,1.270,0.909
2025-12-04T19:13:22.892251,-4.795,-2.344,1.270,0.909
2025-12-04T19:13:22.911260,-4.801,-2.337,1.270,0.909
2025-12-04T19:13:22.931243,-4.807,-2.329,1.270,0.909
2025-12-04T19:13:22.946314,-4.814,-2.322,1.270,0.909
2025-12-04T19:13:22.965072,-4.820,-2.315,1.270,0.909
2025-12-04T19:13:22.980263,-4.826,-2.307,1.270,0.909
2025-12-04T19:13:22.998333,-4.832,-2.300,1.270,0.909
2025-12-04T19:13:23.012217,-4.839,-2.293,1.270,0.909
2025-12-04T19:13:23.036600,-4.845,-2.285,1.270,0.909
2025-12-04T19:13:23.050336,-4.851,-2.278,1.270,0.909
2025-12-04T19:13:23.063982,-4.858,-2.270,1.270,0.909
2025-12-04T19:13:23.078950,-4.864,-2.263,1.270,0.909
2025-12-04T19:13:23.093944,-4.870,-2.256,1.270,0.909
2025-12-04T19:13:23.107999,-4.877,-2.248,1.270,0.909
2025-12-04T19:13:23.120302,-4.883,-2.241,1.270,0.909
2025-12-04T19:13:23.135812,-4.889,-2.234,1.270,0.909
2025-12-04T19:13:23.151890,-4.896,-2.226,1.270,0.909
2025-12-04T19:13:23.167703,-4.902,-2.219,1.270,0.909
2025-12-04T19:13:23.183376,-4.908,-2.211,1.270,0.909
2025-12-04T19:13:23.202726,-4.915,-2.204,1.270,0.909
2025-12-04T19:13:23.219809,-4.921,-2.197,1.270,0.909
2025-12-04T19:13:23.236643,-4.927,-2.189,1.270,0.909
2025-12-04T19:13:23.254329,-4.934,-2.182,1.270,0.909
2025-12-04T19:13:23.271561,-4.940,-2.175,1.270,0.909
2025-12-04T19:13:23.288556,-4.946,-2.167,1.270,0.909
2025-12-04T19:13:23.306356,-4.953,-2.160,1.270,0.909
2025-12-04T19:13:23.325087,-4.959,-2.152,1.270,0.909
2025-12-04T19:13:23.342411,-4.965,-2.145,1.270,0.909
2025-12-04T19:13:23.357167,-4.972,-2.138,1.270,0.909
2025-12-04T19:13:23.375001,-4.978,-2.130,1.270,0.909
2025-12-04T19:13:23.391189,-4.984,-2.123,1.270,0.909
2025-12-04T19:13:23.407531,-4.991,-2.116,1.270,0.909
2025-12-04T19:13:23.424419,-4.997,-2.108,1.270,0.909
2025-12-04T19:13:23.439856,-5.003,-2.101,1.270,0.909
2025-12-04T19:13:23.457647,-5.010,-2.094,1.270,0.909
2025-12-04T19:13:23.472241,-5.016,-2.086,1.270,0.909
2025-12-04T19:13:23.489048,-5.022,-2.079,1.270,0.909
2025-12-04T19:13:23.504576,-5.029,-2.071,1.270,0.909
2025-12-04T19:13:23.522260,-5.035,-2.064,1.270,0.909
2025-12-04T19:13:23.538625,-5.041,-2.057,1.270,0.909
2025-12-04T19:13:23.559843,-5.048,-2.049,1.270,0.909
2025-12-04T19:13:23.576008,-5.054,-2.042,1.270,0.909
2025-12-04T19:13:23.593312,-5.060,-2.035,1.270,0.909
2025-12-04T19:13:23.608460,-5.067,-2.027,1.270,0.909
2025-12-04T19:13:23.625993,-5.073,-2.020,1.270,0.909
2025-12-04T19:13:23.640301,-5.079,-2.012,1.270,0.909
2025-12-04T19:13:23.655277,-5.086,-2.005,1.270,0.909
2025-12-04T19:13:23.667685,-5.092,-1.998,1.270,0.909
2025-12-04T19:13:23.682886,-5.098,-1.990,1.270,0.909
2025-12-04T19:13:23.696462,-5.105,-1.983,1.270,0.909
2025-12-04T19:13:23.710547,-5.111,-1.976,1.270,0.909
2025-12-04T19:13:23.727347,-5.117,-1.968,1.270,0.909
2025-12-04T19:13:23.743106,-5.124,-1.961,1.270,0.909
2025-12-04T19:13:23.759801,-5.130,-1.953,1.270,0.909
2025-12-04T19:13:23.775542,-5.136,-1.946,1.270,0.909
2025-12-04T19:13:23.795472,-5.142,-1.939,1.270,0.909
2025-12-04T19:13:23.811200,-5.149,-1.931,1.270,0.909
2025-12-04T19:13:23.832246,-5.155,-1.924,1.270,0.909
2025-12-04T19:13:23.846383,-5.161,-1.917,1.270,0.909
2025-12-04T19:13:23.864351,-5.168,-1.909,1.270,0.909
2025-12-04T19:13:23.882297,-5.174,-1.902,1.270,0.909
2025-12-04T19:13:23.897422,-5.180,-1.894,1.270,0.909
2025-12-04T19:13:23.914630,-5.187,-1.887,1.270,0.909
2025-12-04T19:13:23.928411,-5.193,-1.880,1.270,0.909
2025-12-04T19:13:23.952080,-5.199,-1.872,1.270,0.909
2025-12-04T19:13:23.966206,-5.206,-1.865,1.270,0.909
2025-12-04T19:13:23.979571,-5.212,-1.858,1.270,0.909
2025-12-04T19:13:23.996308,-5.218,-1.850,1.270,0.909
2025-12-04T19:13:24.011040,-5.225,-1.843,1.270,0.909
2025-12-04T19:13:24.025467,-5.231,-1.835,1.270,0.909
2025-12-04T19:13:24.039604,-5.237,-1.828,1.270,0.909
2025-12-04T19:13:24.056135,-5.244,-1.821,1.270,0.909
2025-12-04T19:13:24.071024,-5.250,-1.813,1.270,0.909
2025-12-04T19:13:24.087182,-5.256,-1.806,1.270,0.909
2025-12-04T19:13:24.103506,-5.263,-1.799,1.270,0.909
2025-12-04T19:13:24.122528,-5.269,-1.791,1.270,0.909
2025-12-04T19:13:24.138388,-5.275,-1.784,1.270,0.909
2025-12-04T19:13:24.159285,-5.282,-1.776,1.270,0.909
2025-12-04T19:13:24.172663,-5.288,-1.769,1.270,0.909
2025-12-04T19:13:24.190436,-5.294,-1.762,1.270,0.909
2025-12-04T19:13:24.206817,-5.295,-1.761,1.270,0.915
2025-12-04T19:13:24.224683,-5.295,-1.761,1.270,0.920
2025-12-04T19:13:24.240296,-5.296,-1.760,1.270,0.926
2025-12-04T19:13:24.256965,-5.296,-1.760,1.270,0.931
2025-12-04T19:13:24.272463,-5.297,-1.759,1.270,0.936
2025-12-04T19:13:24.287740,-5.297,-1.759,1.270,0.941
2025-12-04T19:13:24.302536,-5.297,-1.758,1.270,0.946
2025-12-04T19:13:24.318468,-5.298,-1.758,1.270,0.951
2025-12-04T19:13:24.331523,-5.298,-1.757,1.270,0.955
2025-12-04T19:13:24.349806,-5.299,-1.757,1.270,0.959
2025-12-04T19:13:24.366623,-5.299,-1.756,1.270,0.963
2025-12-04T19:13:24.385205,-5.299,-1.756,1.270,0.967
2025-12-04T19:13:24.401972,-5.300,-1.756,1.270,0.970
2025-12-04T19:13:24.417478,-5.300,-1.755,1.270,0.974
2025-12-04T19:13:24.438263,-5.300,-1.755,1.270,0.977
2025-12-04T19:13:24.457979,-5.300,-1.755,1.270,0.980
2025-12-04T19:13:24.475583,-5.301,-1.754,1.270,0.983
2025-12-04T19:13:24.493963,-5.301,-1.754,1.270,0.985
2025-12-04T19:13:24.509522,-5.301,-1.754,1.270,0.988
2025-12-04T19:13:24.524946,-5.302,-1.753,1.270,0.990
2025-12-04T19:13:24.540473,-5.302,-1.753,1.270,0.992
2025-12-04T19:13:24.555602,-5.302,-1.753,1.270,0.994
2025-12-04T19:13:24.575505,-5.302,-1.753,1.270,0.995
2025-12-04T19:13:24.587108,-5.302,-1.752,1.270,0.996
2025-12-04T19:13:24.602494,-5.303,-1.752,1.270,0.997
2025-12-04T19:13:24.616236,-5.312,-1.750,1.270,0.997
2025-12-04T19:13:24.631498,-5.321,-1.749,1.270,0.997
2025-12-04T19:13:24.647688,-5.330,-1.747,1.270,0.997
2025-12-04T19:13:24.664976,-5.339,-1.746,1.270,0.997
2025-12-04T19:13:24.682174,-5.348,-1.745,1.270,0.997
2025-12-04T19:13:24.700017,-5.357,-1.743,1.270,0.997
2025-12-04T19:13:24.718573,-5.367,-1.742,1.270,0.997
2025-12-04T19:13:24.736300,-5.376,-1.740,1.270,0.997
2025-12-04T19:13:24.753296,-5.385,-1.739,1.270,0.997
2025-12-04T19:13:24.771220,-5.394,-1.737,1.270,0.997
2025-12-04T19:13:24.789356,-5.403,-1.736,1.270,0.997
2025-12-04T19:13:24.804633,-5.413,-1.734,1.270,0.997
2025-12-04T19:13:24.821271,-5.422,-1.733,1.270,0.997
2025-12-04T19:13:24.838338,-5.431,-1.731,1.270,0.997
2025-12-04T19:13:24.851831,-5.441,-1.730,1.270,0.997
2025-12-04T19:13:24.868095,-5.450,-1.728,1.270,0.997
2025-12-04T19:13:24.882794,-5.459,-1.727,1.270,0.997
2025-12-04T19:13:24.897991,-5.468,-1.725,1.270,0.997
2025-12-04T19:13:24.914371,-5.478,-1.724,1.270,0.997
2025-12-04T19:13:24.929653,-5.487,-1.723,1.270,0.997
2025-12-04T19:13:24.946867,-5.496,-1.721,1.270,0.997
2025-12-04T19:13:24.963141,-5.506,-1.720,1.270,0.997
2025-12-04T19:13:24.984304,-5.515,-1.718,1.270,0.997
2025-12-04T19:13:25.003557,-5.525,-1.717,1.270,0.997
2025-12-04T19:13:25.018619,-5.534,-1.715,1.270,0.997
2025-12-04T19:13:25.038723,-5.543,-1.714,1.270,0.997
2025-12-04T19:13:25.054784,-5.553,-1.713,1.270,0.997
2025-12-04T19:13:25.071935,-5.562,-1.711,1.270,0.997
2025-12-04T19:13:25.087712,-5.572,-1.710,1.270,0.997
2025-12-04T19:13:25.103192,-5.581,-1.708,1.270,0.997
2025-12-04T19:13:25.116215,-5.590,-1.707,1.270,0.997
2025-12-04T19:13:25.132204,-5.600,-1.705,1.270,0.997
2025-12-04T19:13:25.147308,-5.609,-1.704,1.270,0.997
2025-12-04T19:13:25.162575,-5.619,-1.703,1.270,0.997
2025-12-04T19:13:25.179150,-5.628,-1.701,1.270,0.997
2025-12-04T19:13:25.195519,-5.638,-1.700,1.270,0.997
2025-12-04T19:13:25.213789,-5.647,-1.698,1.270,0.997
2025-12-04T19:13:25.231874,-5.657,-1.697,1.270,0.997
2025-12-04T19:13:25.247141,-5.666,-1.696,1.270,0.997
2025-12-04T19:13:25.263060,-5.675,-1.694,1.270,0.997
2025-12-04T19:13:25.280330,-5.685,-1.693,1.270,0.997
2025-12-04T19:13:25.298868,-5.694,-1.691,1.270,0.997
2025-12-04T19:13:25.314525,-5.704,-1.690,1.270,0.997
2025-12-04T19:13:25.331025,-5.713,-1.689,1.270,0.997
2025-12-04T19:13:25.348334,-5.723,-1.687,1.270,0.997
2025-12-04T19:13:25.363210,-5.732,-1.686,1.270,0.997
2025-12-04T19:13:25.379246,-5.742,-1.684,1.270,0.997
2025-12-04T19:13:25.394081,-5.751,-1.683,1.270,0.997
2025-12-04T19:13:25.408182,-5.761,-1.682,1.270,0.997
2025-12-04T19:13:25.424106,-5.771,-1.680,1.270,0.997
2025-12-04T19:13:25.440538,-5.780,-1.679,1.270,0.997
2025-12-04T19:13:25.456125,-5.790,-1.677,1.270,0.997
2025-12-04T19:13:25.472662,-5.799,-1.676,1.270,0.997
2025-12-04T19:13:25.490593,-5.809,-1.675,1.270,0.997
2025-12-04T19:13:25.506849,-5.818,-1.673,1.270,0.997
2025-12-04T19:13:25.524325,-5.828,-1.672,1.270,0.997
2025-12-04T19:13:25.545156,-5.837,-1.670,1.270,0.997
2025-12-04T19:13:25.562285,-5.847,-1.669,1.270,0.997
2025-12-04T19:13:25.581470,-5.856,-1.668,1.270,0.997
2025-12-04T19:13:25.597063,-5.866,-1.666,1.270,0.997
2025-12-04T19:13:25.612421,-5.867,-1.666,1.270,0.996
2025-12-04T19:13:25.629318,-5.867,-1.666,1.270,0.995
2025-12-04T19:13:25.645622,-5.868,-1.666,1.270,0.994
2025-12-04T19:13:25.660552,-5.868,-1.666,1.270,0.992
2025-12-04T19:13:25.676709,-5.869,-1.666,1.270,0.990
2025-12-04T19:13:25.692488,-5.870,-1.666,1.270,0.988
2025-12-04T19:13:25.709008,-5.870,-1.665,1.270,0.985
2025-12-04T19:13:25.726010,-5.871,-1.665,1.270,0.983
2025-12-04T19:13:25.743044,-5.871,-1.665,1.270,0.980
2025-12-04T19:13:25.759288,-5.872,-1.665,1.270,0.977
2025-12-04T19:13:25.777676,-5.872,-1.665,1.270,0.974
2025-12-04T19:13:25.794985,-5.873,-1.665,1.270,0.970
2025-12-04T19:13:25.812654,-5.873,-1.665,1.270,0.967
2025-12-04T19:13:25.828162,-5.874,-1.665,1.270,0.963
2025-12-04T19:13:25.844195,-5.882,-1.660,1.270,0.963
2025-12-04T19:13:25.860123,-5.890,-1.655,1.270,0.963
2025-12-04T19:13:25.876405,-5.898,-1.651,1.270,0.963
2025-12-04T19:13:25.890624,-5.906,-1.646,1.270,0.963
2025-12-04T19:13:25.906615,-5.914,-1.641,1.270,0.963
2025-12-04T19:13:25.921392,-5.922,-1.636,1.270,0.963
2025-12-04T19:13:25.938415,-5.930,-1.632,1.270,0.963
2025-12-04T19:13:25.954111,-5.938,-1.627,1.270,0.963
2025-12-04T19:13:25.971492,-5.947,-1.622,1.270,0.963
2025-12-04T19:13:25.990314,-5.955,-1.617,1.270,0.963
2025-12-04T19:13:26.004334,-5.963,-1.612,1.270,0.963
2025-12-04T19:13:26.024033,-5.971,-1.608,1.270,0.963
2025-12-04T19:13:26.042991,-5.979,-1.603,1.270,0.963
2025-12-04T19:13:26.060654,-5.987,-1.598,1.270,0.963
2025-12-04T19:13:26.079650,-5.995,-1.593,1.270,0.963
2025-12-04T19:13:26.096247,-6.004,-1.588,1.270,0.963
2025-12-04T19:13:26.112554,-6.012,-1.583,1.270,0.963
2025-12-04T19:13:26.126041,-6.020,-1.579,1.270,0.963
2025-12-04T19:13:26.141945,-6.028,-1.574,1.270,0.963
2025-12-04T19:13:26.156961,-6.036,-1.569,1.270,0.963
2025-12-04T19:13:26.173043,-6.045,-1.564,1.270,0.963
2025-12-04T19:13:26.189027,-6.053,-1.559,1.270,0.963
2025-12-04T19:13:26.205269,-6.053,-1.559,1.270,0.967
2025-12-04T19:13:26.221417,-6.054,-1.559,1.270,0.970
2025-12-04T19:13:26.237807,-6.054,-1.558,1.270,0.974
2025-12-04T19:13:26.255153,-6.055,-1.558,1.270,0.977
2025-12-04T19:13:26.274909,-6.055,-1.558,1.270,0.980
2025-12-04T19:13:26.292199,-6.056,-1.558,1.270,0.983
2025-12-04T19:13:26.307369,-6.056,-1.557,1.270,0.985
2025-12-04T19:13:26.322958,-6.057,-1.557,1.270,0.988
2025-12-04T19:13:26.338143,-6.057,-1.557,1.270,0.990
2025-12-04T19:13:26.353455,-6.057,-1.557,1.270,0.992
2025-12-04T19:13:26.367585,-6.058,-1.557,1.270,0.994
2025-12-04T19:13:26.381384,-6.058,-1.557,1.270,0.995
2025-12-04T19:13:26.396976,-6.059,-1.556,1.270,0.996
2025-12-04T19:13:26.417094,-6.059,-1.556,1.270,0.997
2025-12-04T19:13:26.431071,-6.059,-1.556,1.270,0.998
2025-12-04T19:13:26.448151,-6.060,-1.556,1.270,0.999
2025-12-04T19:13:26.464865,-6.069,-1.555,1.270,0.999
2025-12-04T19:13:26.482325,-6.078,-1.554,1.270,0.999
2025-12-04T19:13:26.500033,-6.087,-1.553,1.270,0.999
2025-12-04T19:13:26.517115,-6.097,-1.552,1.270,0.999
2025-12-04T19:13:26.534013,-6.106,-1.552,1.270,0.999
2025-12-04T19:13:26.550875,-6.115,-1.551,1.270,0.999
2025-12-04T19:13:26.567984,-6.124,-1.550,1.270,0.999
2025-12-04T19:13:26.583316,-6.134,-1.549,1.270,0.999
2025-12-04T19:13:26.599078,-6.143,-1.548,1.270,0.999
2025-12-04T19:13:26.613123,-6.152,-1.548,1.270,0.999
2025-12-04T19:13:26.631170,-6.161,-1.547,1.270,0.999
2025-12-04T19:13:26.644975,-6.169,-1.546,1.270,0.999
2025-12-04T19:13:26.662421,-6.178,-1.546,1.270,0.999
2025-12-04T19:13:26.679350,-6.186,-1.545,1.270,0.999
2025-12-04T19:13:26.697840,-6.194,-1.544,1.270,0.999
2025-12-04T19:13:26.719844,-6.202,-1.544,1.270,0.999
2025-12-04T19:13:26.736741,-6.210,-1.543,1.270,0.999
2025-12-04T19:13:26.753522,-6.217,-1.542,1.270,0.999
2025-12-04T19:13:26.767872,-6.224,-1.542,1.270,0.999
2025-12-04T19:13:26.783891,-6.230,-1.541,1.270,0.999
2025-12-04T19:13:26.802149,-6.236,-1.540,1.270,0.999
2025-12-04T19:13:26.815731,-6.241,-1.539,1.270,0.999
2025-12-04T19:13:26.833177,-6.246,-1.539,1.270,0.999
2025-12-04T19:13:26.847132,-6.251,-1.538,1.270,0.999
2025-12-04T19:13:26.864006,-6.256,-1.538,1.270,0.999
2025-12-04T19:13:26.876576,-6.259,-1.537,1.270,0.999
2025-12-04T19:13:26.894951,-6.262,-1.536,1.270,0.999
2025-12-04T19:13:26.909514,-6.265,-1.536,1.270,0.999
2025-12-04T19:13:26.928139,-6.267,-1.535,1.270,0.999
2025-12-04T19:13:26.946209,-6.269,-1.534,1.270,0.999
2025-12-04T19:13:26.962911,-6.270,-1.534,1.270,0.999
2025-12-04T19:13:26.979625,-6.271,-1.533,1.270,0.999
2025-12-04T19:13:26.998558,-6.271,-1.532,1.270,0.999
2025-12-04T19:13:27.022586,-6.271,-1.532,1.270,0.999
2025-12-04T19:13:27.037495,-6.271,-1.531,1.270,0.999
2025-12-04T19:13:27.054974,-6.270,-1.531,1.270,0.999
2025-12-04T19:13:27.068734,-6.269,-1.530,1.270,0.999
2025-12-04T19:13:27.085365,-6.268,-1.529,1.270,0.999
2025-12-04T19:13:27.097057,-6.267,-1.529,1.270,0.999
2025-12-04T19:13:27.112063,-6.265,-1.528,1.270,0.999
2025-12-04T19:13:27.124580,-6.263,-1.527,1.270,0.999
2025-12-04T19:13:27.139361,-6.261,-1.527,1.270,0.999
2025-12-04T19:13:27.155732,-6.258,-1.526,1.270,0.999
2025-12-04T19:13:27.170539,-6.256,-1.525,1.270,0.999
2025-12-04T19:13:27.186324,-6.253,-1.525,1.270,0.999
2025-12-04T19:13:27.203415,-6.251,-1.525,1.270,0.999
2025-12-04T19:13:27.220211,-6.248,-1.524,1.270,0.999
2025-12-04T19:13:27.237888,-6.245,-1.524,1.270,0.999
2025-12-04T19:13:27.255580,-6.243,-1.523,1.270,0.999
2025-12-04T19:13:27.273870,-6.240,-1.523,1.270,0.999
2025-12-04T19:13:27.291360,-6.237,-1.522,1.270,0.999
2025-12-04T19:13:27.308923,-6.234,-1.522,1.270,0.999
2025-12-04T19:13:27.328854,-6.231,-1.521,1.270,0.999
2025-12-04T19:13:27.345653,-6.228,-1.520,1.270,0.999
2025-12-04T19:13:27.359534,-6.225,-1.520,1.270,0.999
2025-12-04T19:13:27.375125,-6.222,-1.519,1.270,0.999
2025-12-04T19:13:27.389949,-6.220,-1.518,1.270,0.999
2025-12-04T19:13:27.407502,-6.217,-1.518,1.270,0.999
2025-12-04T19:13:27.420873,-6.215,-1.517,1.270,0.999
2025-12-04T19:13:27.436387,-6.213,-1.516,1.270,0.999
2025-12-04T19:13:27.451728,-6.211,-1.516,1.270,0.999
2025-12-04T19:13:27.467852,-6.209,-1.515,1.270,0.999
2025-12-04T19:13:27.484956,-6.207,-1.514,1.270,0.999
2025-12-04T19:13:27.502417,-6.206,-1.514,1.270,0.999
2025-12-04T19:13:27.520258,-6.205,-1.513,1.270,0.999
2025-12-04T19:13:27.536592,-6.204,-1.512,1.270,0.999
2025-12-04T19:13:27.555385,-6.203,-1.512,1.270,0.999
2025-12-04T19:13:27.572132,-6.202,-1.511,1.270,0.999
2025-12-04T19:13:27.589717,-6.202,-1.510,1.270,0.999
2025-12-04T19:13:27.606623,-6.202,-1.510,1.270,0.999
2025-12-04T19:13:27.624636,-6.202,-1.509,1.270,0.999
2025-12-04T19:13:27.648835,-6.202,-1.508,1.270,0.999
2025-12-04T19:13:27.662961,-6.203,-1.508,1.270,0.999
2025-12-04T19:13:27.676625,-6.204,-1.507,1.270,0.999
2025-12-04T19:13:27.691293,-6.205,-1.507,1.270,0.999
2025-12-04T19:13:27.708204,-6.206,-1.506,1.270,0.999
2025-12-04T19:13:27.719988,-6.207,-1.506,1.270,0.999
2025-12-04T19:13:27.733627,-6.208,-1.505,1.270,0.999
2025-12-04T19:13:27.747718,-6.210,-1.504,1.270,0.999
2025-12-04T19:13:27.763684,-6.212,-1.504,1.270,0.999
2025-12-04T19:13:27.777402,-6.214,-1.503,1.270,0.999
2025-12-04T19:13:27.794309,-6.216,-1.503,1.270,0.999
2025-12-04T19:13:27.811395,-6.218,-1.502,1.270,0.999
2025-12-04T19:13:27.828705,-6.220,-1.502,1.270,0.999
2025-12-04T19:13:27.846507,-6.222,-1.501,1.270,0.999
2025-12-04T19:13:27.864397,-6.224,-1.501,1.270,0.999
2025-12-04T19:13:27.883337,-6.227,-1.501,1.270,0.999
2025-12-04T19:13:27.900955,-6.229,-1.500,1.270,0.999
2025-12-04T19:13:27.919568,-6.231,-1.500,1.270,0.999
2025-12-04T19:13:27.937932,-6.234,-1.500,1.270,0.999
2025-12-04T19:13:27.954061,-6.236,-1.500,1.270,0.999
2025-12-04T19:13:27.966983,-6.238,-1.500,1.270,0.999
2025-12-04T19:13:27.983001,-6.240,-1.500,1.270,0.999
2025-12-04T19:13:27.998525,-6.241,-1.500,1.270,0.999
2025-12-04T19:13:28.015203,-6.243,-1.500,1.270,0.999
2025-12-04T19:13:28.030336,-6.245,-1.501,1.270,0.999
2025-12-04T19:13:28.046615,-6.246,-1.501,1.270,0.999
2025-12-04T19:13:28.063279,-6.247,-1.502,1.270,0.999
2025-12-04T19:13:28.078908,-6.248,-1.502,1.270,0.999
2025-12-04T19:13:28.097371,-6.249,-1.503,1.270,0.999
2025-12-04T19:13:28.115289,-6.250,-1.504,1.270,0.999
2025-12-04T19:13:28.133109,-6.250,-1.505,1.270,0.999
2025-12-04T19:13:28.151346,-6.251,-1.506,1.270,0.999
2025-12-04T19:13:28.168100,-6.251,-1.507,1.270,0.999
2025-12-04T19:13:28.186250,-6.251,-1.508,1.270,0.999
2025-12-04T19:13:28.204122,-6.250,-1.509,1.270,0.999
2025-12-04T19:13:28.220879,-6.250,-1.510,1.270,0.999
2025-12-04T19:13:28.238267,-6.249,-1.511,1.270,0.999
2025-12-04T19:13:28.252969,-6.249,-1.513,1.270,0.999
2025-12-04T19:13:28.266861,-6.248,-1.514,1.270,0.999
2025-12-04T19:13:28.282132,-6.247,-1.515,1.270,0.999
2025-12-04T19:13:28.296552,-6.246,-1.516,1.270,0.999
2025-12-04T19:13:28.312176,-6.244,-1.516,1.270,0.999
2025-12-04T19:13:28.328190,-6.243,-1.517,1.270,0.999
2025-12-04T19:13:28.344855,-6.242,-1.518,1.270,0.999
2025-12-04T19:13:28.360859,-6.240,-1.519,1.270,0.999
2025-12-04T19:13:28.379462,-6.239,-1.519,1.270,0.999
2025-12-04T19:13:28.397376,-6.237,-1.520,1.270,0.999
2025-12-04T19:13:28.417152,-6.235,-1.520,1.270,0.999
2025-12-04T19:13:28.430040,-6.234,-1.521,1.270,0.999
2025-12-04T19:13:28.446982,-6.232,-1.521,1.270,0.999
2025-12-04T19:13:28.465695,-6.230,-1.521,1.270,0.999
2025-12-04T19:13:28.483482,-6.229,-1.522,1.270,0.999
2025-12-04T19:13:28.498625,-6.227,-1.522,1.270,0.999
2025-12-04T19:13:28.515360,-6.225,-1.522,1.270,0.999
2025-12-04T19:13:28.531401,-6.223,-1.522,1.270,0.999
2025-12-04T19:13:28.547226,-6.222,-1.522,1.270,0.999
2025-12-04T19:13:28.567415,-6.220,-1.522,1.270,0.999
2025-12-04T19:13:28.580371,-6.219,-1.522,1.270,0.999
2025-12-04T19:13:28.593524,-6.217,-1.522,1.270,0.999
2025-12-04T19:13:28.608653,-6.216,-1.522,1.270,0.999
2025-12-04T19:13:28.622619,-6.214,-1.522,1.270,0.999
2025-12-04T19:13:28.639663,-6.213,-1.522,1.270,0.999
2025-12-04T19:13:28.654858,-6.212,-1.521,1.270,0.999
2025-12-04T19:13:28.671135,-6.211,-1.521,1.270,0.999
2025-12-04T19:13:28.688075,-6.210,-1.521,1.270,0.999
2025-12-04T19:13:28.703457,-6.209,-1.521,1.270,0.999
2025-12-04T19:13:28.719791,-6.209,-1.521,1.270,0.999
2025-12-04T19:13:28.736274,-6.208,-1.520,1.270,0.999
2025-12-04T19:13:28.755096,-6.208,-1.520,1.270,0.999
2025-12-04T19:13:28.771908,-6.207,-1.520,1.270,0.999
2025-12-04T19:13:28.791033,-6.207,-1.519,1.270,0.999
2025-12-04T19:13:28.810965,-6.207,-1.519,1.270,0.999
2025-12-04T19:13:28.825511,-6.207,-1.519,1.270,0.999
2025-12-04T19:13:28.843362,-6.207,-1.518,1.270,0.999
2025-12-04T19:13:28.859243,-6.207,-1.518,1.270,0.999
2025-12-04T19:13:28.874714,-6.207,-1.517,1.270,0.999
2025-12-04T19:13:28.888494,-6.208,-1.517,1.270,0.999
2025-12-04T19:13:28.902379,-6.208,-1.517,1.270,0.999
2025-12-04T19:13:28.916790,-6.209,-1.516,1.270,0.999
2025-12-04T19:13:28.932111,-6.210,-1.516,1.270,0.999
2025-12-04T19:13:28.946964,-6.211,-1.515,1.270,0.999
2025-12-04T19:13:28.963533,-6.212,-1.515,1.270,0.999
2025-12-04T19:13:28.979090,-6.213,-1.514,1.270,0.999
2025-12-04T19:13:28.996152,-6.214,-1.514,1.270,0.999
2025-12-04T19:13:29.013461,-6.215,-1.513,1.270,0.999
2025-12-04T19:13:29.030557,-6.216,-1.513,1.270,0.999
2025-12-04T19:13:29.046974,-6.217,-1.512,1.270,0.999
2025-12-04T19:13:29.065139,-6.218,-1.512,1.270,0.999
2025-12-04T19:13:29.083407,-6.220,-1.511,1.270,0.999
2025-12-04T19:13:29.101426,-6.221,-1.511,1.270,0.999
2025-12-04T19:13:29.116344,-6.223,-1.510,1.270,0.999
2025-12-04T19:13:29.135742,-6.224,-1.510,1.270,0.999
2025-12-04T19:13:29.156479,-6.225,-1.509,1.270,0.999
2025-12-04T19:13:29.167982,-6.227,-1.509,1.270,0.999
2025-12-04T19:13:29.188934,-6.228,-1.508,1.270,0.999
2025-12-04T19:13:29.202501,-6.230,-1.508,1.270,0.999
2025-12-04T19:13:29.215454,-6.231,-1.507,1.270,0.999
2025-12-04T19:13:29.229507,-6.233,-1.507,1.270,0.999
2025-12-04T19:13:29.243669,-6.234,-1.506,1.270,0.999
2025-12-04T19:13:29.258390,-6.235,-1.506,1.270,0.999
2025-12-04T19:13:29.274690,-6.236,-1.505,1.270,0.999
2025-12-04T19:13:29.290184,-6.238,-1.505,1.270,0.999
2025-12-04T19:13:29.305702,-6.239,-1.505,1.270,0.999
2025-12-04T19:13:29.322329,-6.240,-1.504,1.270,0.999
2025-12-04T19:13:29.338871,-6.241,-1.504,1.270,0.999
2025-12-04T19:13:29.356684,-6.241,-1.504,1.270,0.999
2025-12-04T19:13:29.372972,-6.242,-1.504,1.270,0.999
2025-12-04T19:13:29.394173,-6.243,-1.504,1.270,0.999
2025-12-04T19:13:29.411869,-6.243,-1.504,1.270,0.999
2025-12-04T19:13:29.430201,-6.243,-1.505,1.270,0.999
2025-12-04T19:13:29.447543,-6.244,-1.505,1.270,0.999
2025-12-04T19:13:29.465831,-6.244,-1.505,1.270,0.999
2025-12-04T19:13:29.483050,-6.244,-1.506,1.270,0.999
2025-12-04T19:13:29.495587,-6.244,-1.506,1.270,0.999
2025-12-04T19:13:29.511306,-6.243,-1.507,1.270,0.999
2025-12-04T19:13:29.524756,-6.243,-1.507,1.270,0.999
2025-12-04T19:13:29.539859,-6.243,-1.508,1.270,0.999
2025-12-04T19:13:29.554718,-6.242,-1.508,1.270,0.999
2025-12-04T19:13:29.571304,-6.242,-1.509,1.270,0.999
2025-12-04T19:13:29.586395,-6.241,-1.509,1.270,0.999
2025-12-04T19:13:29.603075,-6.241,-1.510,1.270,0.999
2025-12-04T19:13:29.618453,-6.240,-1.510,1.270,0.999
2025-12-04T19:13:29.635737,-6.239,-1.511,1.270,0.999
2025-12-04T19:13:29.653104,-6.238,-1.511,1.270,0.999
2025-12-04T19:13:29.670501,-6.237,-1.512,1.270,0.999
2025-12-04T19:13:29.688420,-6.237,-1.512,1.270,0.999
2025-12-04T19:13:29.706519,-6.236,-1.512,1.270,0.999
2025-12-04T19:13:29.724073,-6.235,-1.513,1.270,0.999
2025-12-04T19:13:29.742279,-6.234,-1.513,1.270,0.999
2025-12-04T19:13:29.759715,-6.233,-1.513,1.270,0.999
2025-12-04T19:13:29.775684,-6.232,-1.513,1.270,0.999
2025-12-04T19:13:29.793375,-6.231,-1.513,1.270,0.999
2025-12-04T19:13:29.817513,-6.231,-1.513,1.270,0.999
2025-12-04T19:13:29.829690,-6.230,-1.513,1.270,0.999
2025-12-04T19:13:29.848371,-6.229,-1.513,1.270,0.999
2025-12-04T19:13:29.860888,-6.228,-1.513,1.270,0.999
2025-12-04T19:13:29.876399,-6.227,-1.513,1.270,0.999
2025-12-04T19:13:29.890982,-6.227,-1.513,1.270,0.999
2025-12-04T19:13:29.906418,-6.226,-1.513,1.270,0.999
2025-12-04T19:13:29.921557,-6.226,-1.513,1.270,0.999
2025-12-04T19:13:29.936610,-6.225,-1.513,1.270,0.999
2025-12-04T19:13:29.951036,-6.225,-1.513,1.270,0.999
2025-12-04T19:13:29.965896,-6.224,-1.512,1.270,0.999
2025-12-04T19:13:29.983157,-6.224,-1.512,1.270,0.999
2025-12-04T19:13:29.999367,-6.223,-1.512,1.270,0.999
2025-12-04T19:13:30.015590,-6.223,-1.512,1.270,0.999
2025-12-04T19:13:30.032678,-6.223,-1.511,1.270,0.999
2025-12-04T19:13:30.049391,-6.223,-1.511,1.270,0.999
2025-12-04T19:13:30.067127,-6.223,-1.511,1.270,0.999
2025-12-04T19:13:30.084930,-6.223,-1.510,1.270,0.999
2025-12-04T19:13:30.103773,-6.223,-1.510,1.270,0.999
2025-12-04T19:13:30.120036,-6.223,-1.509,1.270,0.999
2025-12-04T19:13:30.134352,-6.224,-1.509,1.270,0.999
2025-12-04T19:13:30.150561,-6.224,-1.509,1.270,0.999
2025-12-04T19:13:30.167378,-6.224,-1.508,1.270,0.999
2025-12-04T19:13:30.187042,-6.225,-1.508,1.270,0.999
2025-12-04T19:13:30.204988,-6.225,-1.507,1.270,0.999
2025-12-04T19:13:30.216809,-6.226,-1.507,1.270,0.999
2025-12-04T19:13:30.232669,-6.226,-1.506,1.270,0.999
2025-12-04T19:13:30.247531,-6.227,-1.506,1.270,0.999
2025-12-04T19:13:30.263397,-6.228,-1.505,1.270,0.999
2025-12-04T19:13:30.279111,-6.229,-1.505,1.270,0.999
2025-12-04T19:13:30.295536,-6.229,-1.505,1.270,0.999
2025-12-04T19:13:30.312268,-6.230,-1.504,1.270,0.999
2025-12-04T19:13:30.329105,-6.231,-1.504,1.270,0.999
2025-12-04T19:13:30.346641,-6.232,-1.504,1.270,0.999
2025-12-04T19:13:30.364131,-6.233,-1.503,1.270,0.999
2025-12-04T19:13:30.383583,-6.233,-1.503,1.270,0.999
2025-12-04T19:13:30.401685,-6.234,-1.503,1.270,0.999
2025-12-04T19:13:30.419243,-6.235,-1.503,1.270,0.999
2025-12-04T19:13:30.442677,-6.236,-1.503,1.270,0.999
2025-12-04T19:13:30.456355,-6.236,-1.503,1.270,0.999
2025-12-04T19:13:30.472209,-6.237,-1.503,1.270,0.999
2025-12-04T19:13:30.485691,-6.237,-1.503,1.270,0.999
2025-12-04T19:13:30.503135,-6.238,-1.503,1.270,0.999
2025-12-04T19:13:30.513061,-6.238,-1.503,1.270,0.999
2025-12-04T19:13:30.525473,-6.239,-1.504,1.270,0.999
2025-12-04T19:13:30.538948,-6.239,-1.504,1.270,0.999
2025-12-04T19:13:30.552356,-6.239,-1.504,1.270,0.999
2025-12-04T19:13:30.566571,-6.240,-1.505,1.270,0.999
2025-12-04T19:13:30.582837,-6.240,-1.505,1.270,0.999
2025-12-04T19:13:30.598649,-6.240,-1.506,1.270,0.999
2025-12-04T19:13:30.616233,-6.240,-1.506,1.270,0.999
2025-12-04T19:13:30.632422,-6.240,-1.507,1.270,0.999
2025-12-04T19:13:30.649891,-6.240,-1.507,1.270,0.999
2025-12-04T19:13:30.667419,-6.239,-1.508,1.270,0.999
2025-12-04T19:13:30.685431,-6.239,-1.508,1.270,0.999
2025-12-04T19:13:30.703774,-6.239,-1.509,1.270,0.999
2025-12-04T19:13:30.721586,-6.239,-1.509,1.270,0.999
2025-12-04T19:13:30.737706,-6.238,-1.510,1.270,0.999
2025-12-04T19:13:30.755579,-6.238,-1.510,1.270,0.999
2025-12-04T19:13:30.773173,-6.237,-1.511,1.270,0.999
2025-12-04T19:13:30.790364,-6.237,-1.511,1.270,0.999
2025-12-04T19:13:30.806815,-6.236,-1.511,1.270,0.999
2025-12-04T19:13:30.821569,-6.236,-1.512,1.270,0.999
2025-12-04T19:13:30.837917,-6.226,-1.513,1.270,0.998
2025-12-04T19:13:30.854566,-6.217,-1.514,1.270,0.997
2025-12-04T19:13:30.870236,-6.207,-1.515,1.270,0.996
2025-12-04T19:13:30.886800,-6.198,-1.516,1.270,0.995
2025-12-04T19:13:30.903729,-6.188,-1.517,1.270,0.994
2025-12-04T19:13:30.918326,-6.179,-1.517,1.270,0.992
2025-12-04T19:13:30.936735,-6.171,-1.518,1.270,0.990
2025-12-04T19:13:30.953541,-6.162,-1.519,1.270,0.988
2025-12-04T19:13:30.972713,-6.154,-1.520,1.270,0.985
2025-12-04T19:13:30.988707,-6.146,-1.521,1.270,0.983
2025-12-04T19:13:31.006679,-6.138,-1.522,1.270,0.980
2025-12-04T19:13:31.023796,-6.131,-1.522,1.270,0.977
2025-12-04T19:13:31.042889,-6.124,-1.523,1.270,0.974
2025-12-04T19:13:31.058314,-6.117,-1.524,1.270,0.970
2025-12-04T19:13:31.073929,-6.111,-1.525,1.270,0.967
2025-12-04T19:13:31.088334,-6.105,-1.526,1.270,0.963
2025-12-04T19:13:31.104328,-6.099,-1.528,1.270,0.959
2025-12-04T19:13:31.120418,-6.093,-1.529,1.270,0.955
2025-12-04T19:13:31.134251,-6.088,-1.530,1.270,0.959
2025-12-04T19:13:31.149026,-6.082,-1.532,1.270,0.963
2025-12-04T19:13:31.164571,-6.077,-1.533,1.270,0.967
2025-12-04T19:13:31.180061,-6.072,-1.535,1.270,0.970
2025-12-04T19:13:31.198445,-6.067,-1.536,1.270,0.974
2025-12-04T19:13:31.217426,-6.062,-1.537,1.270,0.977
2025-12-04T19:13:31.233421,-6.066,-1.535,1.270,0.977
2025-12-04T19:13:31.252436,-6.070,-1.532,1.270,0.977
2025-12-04T19:13:31.271857,-6.074,-1.530,1.270,0.977
2025-12-04T19:13:31.287353,-6.078,-1.527,1.270,0.977
2025-12-04T19:13:31.306512,-6.082,-1.525,1.270,0.977
2025-12-04T19:13:31.322600,-6.086,-1.522,1.270,0.977
2025-12-04T19:13:31.339233,-6.091,-1.520,1.270,0.977
2025-12-04T19:13:31.363614,-6.096,-1.517,1.270,0.977
2025-12-04T19:13:31.378147,-6.100,-1.515,1.270,0.977
2025-12-04T19:13:31.392348,-6.105,-1.513,1.270,0.977
2025-12-04T19:13:31.407741,-6.110,-1.510,1.270,0.977
2025-12-04T19:13:31.422943,-6.115,-1.508,1.270,0.977
2025-12-04T19:13:31.437225,-6.120,-1.507,1.270,0.977
2025-12-04T19:13:31.451712,-6.126,-1.505,1.270,0.977
2025-12-04T19:13:31.467126,-6.131,-1.503,1.270,0.977
2025-12-04T19:13:31.480564,-6.136,-1.502,1.270,0.977
2025-12-04T19:13:31.496733,-6.142,-1.500,1.270,0.977
2025-12-04T19:13:31.512730,-6.147,-1.499,1.270,0.977
2025-12-04T19:13:31.529838,-6.153,-1.498,1.270,0.977
2025-12-04T19:13:31.545611,-6.159,-1.497,1.270,0.977
2025-12-04T19:13:31.564643,-6.165,-1.496,1.270,0.977
2025-12-04T19:13:31.582633,-6.171,-1.495,1.270,0.977
2025-12-04T19:13:31.601597,-6.178,-1.494,1.270,0.977
2025-12-04T19:13:31.617151,-6.185,-1.493,1.270,0.977
2025-12-04T19:13:31.635543,-6.191,-1.491,1.270,0.977
2025-12-04T19:13:31.652028,-6.198,-1.490,1.270,0.977
2025-12-04T19:13:31.668649,-6.205,-1.489,1.270,0.977
2025-12-04T19:13:31.686540,-6.212,-1.487,1.270,0.977
2025-12-04T19:13:31.702846,-6.219,-1.486,1.270,0.977
2025-12-04T19:13:31.717875,-6.226,-1.484,1.270,0.977
2025-12-04T19:13:31.732637,-6.232,-1.483,1.270,0.977
2025-12-04T19:13:31.746908,-6.239,-1.482,1.270,0.977
2025-12-04T19:13:31.763533,-6.245,-1.481,1.270,0.977
2025-12-04T19:13:31.778183,-6.250,-1.481,1.270,0.977
2025-12-04T19:13:31.795129,-6.255,-1.480,1.270,0.977
2025-12-04T19:13:31.810898,-6.260,-1.480,1.270,0.977
2025-12-04T19:13:31.829389,-6.265,-1.480,1.270,0.977
2025-12-04T19:13:31.846400,-6.268,-1.480,1.270,0.977
2025-12-04T19:13:31.863575,-6.272,-1.481,1.270,0.977
2025-12-04T19:13:31.882233,-6.275,-1.482,1.270,0.977
2025-12-04T19:13:31.900806,-6.277,-1.483,1.270,0.977
2025-12-04T19:13:31.916902,-6.279,-1.484,1.270,0.977
2025-12-04T19:13:31.936241,-6.280,-1.486,1.270,0.977
2025-12-04T19:13:31.954790,-6.281,-1.487,1.270,0.977
2025-12-04T19:13:31.969335,-6.282,-1.489,1.270,0.977
2025-12-04T19:13:31.986517,-6.282,-1.491,1.270,0.977
2025-12-04T19:13:32.002436,-6.281,-1.493,1.270,0.977
2025-12-04T19:13:32.017254,-6.280,-1.496,1.270,0.977
2025-12-04T19:13:32.032736,-6.279,-1.498,1.270,0.977
2025-12-04T19:13:32.048193,-6.277,-1.500,1.270,0.977
2025-12-04T19:13:32.063298,-6.274,-1.502,1.270,0.977
2025-12-04T19:13:32.079796,-6.272,-1.504,1.270,0.977
2025-12-04T19:13:32.094788,-6.269,-1.507,1.270,0.977
2025-12-04T19:13:32.112604,-6.266,-1.509,1.270,0.977
2025-12-04T19:13:32.130559,-6.262,-1.510,1.270,0.977
2025-12-04T19:13:32.149171,-6.258,-1.512,1.270,0.977
2025-12-04T19:13:32.167495,-6.254,-1.514,1.270,0.977
2025-12-04T19:13:32.186107,-6.250,-1.515,1.270,0.977
2025-12-04T19:13:32.203161,-6.246,-1.516,1.270,0.977
2025-12-04T19:13:32.220581,-6.242,-1.517,1.270,0.977
2025-12-04T19:13:32.236719,-6.238,-1.518,1.270,0.977
2025-12-04T19:13:32.254692,-6.233,-1.518,1.270,0.977
2025-12-04T19:13:32.271944,-6.229,-1.518,1.270,0.977
2025-12-04T19:13:32.288300,-6.225,-1.519,1.270,0.977
2025-12-04T19:13:32.300713,-6.220,-1.519,1.270,0.977
2025-12-04T19:13:32.314925,-6.216,-1.518,1.270,0.977
2025-12-04T19:13:32.331804,-6.212,-1.518,1.270,0.977
2025-12-04T19:13:32.345373,-6.208,-1.518,1.270,0.977
2025-12-04T19:13:32.361228,-6.205,-1.517,1.270,0.977
2025-12-04T19:13:32.376019,-6.201,-1.517,1.270,0.977
2025-12-04T19:13:32.393428,-6.198,-1.516,1.270,0.977
2025-12-04T19:13:32.410213,-6.195,-1.515,1.270,0.977
2025-12-04T19:13:32.427829,-6.192,-1.514,1.270,0.977
2025-12-04T19:13:32.443558,-6.189,-1.513,1.270,0.977
2025-12-04T19:13:32.463171,-6.187,-1.512,1.270,0.977
2025-12-04T19:13:32.480696,-6.185,-1.510,1.270,0.977
2025-12-04T19:13:32.500948,-6.184,-1.509,1.270,0.977
2025-12-04T19:13:32.513327,-6.182,-1.507,1.270,0.977
2025-12-04T19:13:32.531052,-6.181,-1.506,1.270,0.977
2025-12-04T19:13:32.548604,-6.181,-1.504,1.270,0.977
2025-12-04T19:13:32.565114,-6.180,-1.503,1.270,0.977
2025-12-04T19:13:32.585660,-6.172,-1.505,1.270,0.980
2025-12-04T19:13:32.599569,-6.164,-1.507,1.270,0.983
2025-12-04T19:13:32.614164,-6.157,-1.509,1.270,0.985
2025-12-04T19:13:32.628461,-6.150,-1.511,1.270,0.988
2025-12-04T19:13:32.643765,-6.143,-1.513,1.270,0.990
2025-12-04T19:13:32.660229,-6.136,-1.515,1.270,0.992
2025-12-04T19:13:32.675993,-6.130,-1.517,1.270,0.994
2025-12-04T19:13:32.691543,-6.125,-1.519,1.270,0.995
2025-12-04T19:13:32.709529,-6.119,-1.521,1.270,0.996
2025-12-04T19:13:32.727565,-6.114,-1.523,1.270,0.997
2025-12-04T19:13:32.744057,-6.109,-1.525,1.270,0.998
2025-12-04T19:13:32.762465,-6.104,-1.527,1.270,0.999
2025-12-04T19:13:32.779093,-6.099,-1.530,1.270,1.000
2025-12-04T19:13:32.797959,-6.094,-1.532,1.270,1.000
2025-12-04T19:13:32.813617,-6.090,-1.534,1.270,-1.000
2025-12-04T19:13:32.830156,-6.086,-1.537,1.270,-1.000
2025-12-04T19:13:32.843947,-6.081,-1.539,1.270,-1.000
2025-12-04T19:13:32.860041,-6.077,-1.541,1.270,-0.999
2025-12-04T19:13:32.874856,-6.073,-1.543,1.270,-0.998
2025-12-04T19:13:32.890522,-6.078,-1.546,1.270,-0.998
2025-12-04T19:13:32.906968,-6.084,-1.549,1.270,-0.998
2025-12-04T19:13:32.924296,-6.089,-1.552,1.270,-0.998
2025-12-04T19:13:32.943021,-6.095,-1.555,1.270,-0.998
2025-12-04T19:13:32.959969,-6.100,-1.558,1.270,-0.998
2025-12-04T19:13:32.979577,-6.106,-1.561,1.270,-0.998
2025-12-04T19:13:32.996980,-6.112,-1.564,1.270,-0.998
2025-12-04T19:13:33.014095,-6.118,-1.566,1.270,-0.998
2025-12-04T19:13:33.032050,-6.124,-1.569,1.270,-0.998
2025-12-04T19:13:33.049196,-6.131,-1.571,1.270,-0.998
2025-12-04T19:13:33.063511,-6.137,-1.574,1.270,-0.998
2025-12-04T19:13:33.080253,-6.143,-1.576,1.270,-0.998
2025-12-04T19:13:33.095528,-6.150,-1.579,1.270,-0.998
2025-12-04T19:13:33.108525,-6.156,-1.581,1.270,-0.998
2025-12-04T19:13:33.123553,-6.162,-1.583,1.270,-0.998
2025-12-04T19:13:33.137430,-6.168,-1.585,1.270,-0.998
2025-12-04T19:13:33.155987,-6.174,-1.588,1.270,-0.998
2025-12-04T19:13:33.172266,-6.180,-1.590,1.270,-0.998
2025-12-04T19:13:33.188016,-6.186,-1.592,1.270,-0.998
2025-12-04T19:13:33.211437,-6.192,-1.594,1.270,-0.998
2025-12-04T19:13:33.228638,-6.197,-1.596,1.270,-0.998
2025-12-04T19:13:33.246719,-6.202,-1.598,1.270,-0.998
2025-12-04T19:13:33.262595,-6.207,-1.600,1.270,-0.998
2025-12-04T19:13:33.276901,-6.211,-1.602,1.270,-0.998
2025-12-04T19:13:33.294232,-6.215,-1.604,1.270,-0.998
2025-12-04T19:13:33.313305,-6.219,-1.606,1.270,-0.998
2025-12-04T19:13:33.325392,-6.222,-1.608,1.270,-0.998
2025-12-04T19:13:33.340295,-6.225,-1.609,1.270,-0.998
2025-12-04T19:13:33.355678,-6.228,-1.611,1.270,-0.998
2025-12-04T19:13:33.370692,-6.230,-1.613,1.270,-0.998
2025-12-04T19:13:33.386028,-6.232,-1.615,1.270,-0.998
2025-12-04T19:13:33.403420,-6.234,-1.617,1.270,-0.998
2025-12-04T19:13:33.417980,-6.235,-1.618,1.270,-0.998
2025-12-04T19:13:33.435229,-6.236,-1.620,1.270,-0.998
2025-12-04T19:13:33.452243,-6.237,-1.622,1.270,-0.998
2025-12-04T19:13:33.468876,-6.237,-1.623,1.270,-0.998
2025-12-04T19:13:33.488766,-6.237,-1.625,1.270,-0.998
2025-12-04T19:13:33.513359,-6.236,-1.627,1.270,-0.998
2025-12-04T19:13:33.530737,-6.235,-1.628,1.270,-0.998
2025-12-04T19:13:33.547672,-6.234,-1.630,1.270,-0.998
2025-12-04T19:13:33.565959,-6.233,-1.631,1.270,-0.998
2025-12-04T19:13:33.582308,-6.231,-1.633,1.270,-0.998
2025-12-04T19:13:33.600593,-6.229,-1.635,1.270,-0.998
2025-12-04T19:13:33.615600,-6.227,-1.636,1.270,-0.998
2025-12-04T19:13:33.631834,-6.225,-1.638,1.270,-0.998
2025-12-04T19:13:33.649536,-6.222,-1.639,1.270,-0.998
2025-12-04T19:13:33.662884,-6.220,-1.641,1.270,-0.998
2025-12-04T19:13:33.679297,-6.217,-1.642,1.270,-0.998
2025-12-04T19:13:33.691995,-6.214,-1.644,1.270,-0.998
2025-12-04T19:13:33.707272,-6.211,-1.645,1.270,-0.998
2025-12-04T19:13:33.722810,-6.208,-1.646,1.270,-0.998
2025-12-04T19:13:33.735184,-6.205,-1.648,1.270,-0.998
2025-12-04T19:13:33.750828,-6.202,-1.649,1.270,-0.998
2025-12-04T19:13:33.766919,-6.199,-1.651,1.270,-0.998
2025-12-04T19:13:33.782979,-6.196,-1.652,1.270,-0.998
2025-12-04T19:13:33.802495,-6.194,-1.653,1.270,-0.998
2025-12-04T19:13:33.819313,-6.191,-1.655,1.270,-0.998
2025-12-04T19:13:33.836440,-6.188,-1.656,1.270,-0.998
2025-12-04T19:13:33.854699,-6.185,-1.658,1.270,-0.998
2025-12-04T19:13:33.870956,-6.182,-1.659,1.270,-0.998
2025-12-04T19:13:33.889285,-6.180,-1.660,1.270,-0.998
2025-12-04T19:13:33.907045,-6.178,-1.662,1.270,-0.998
2025-12-04T19:13:33.924992,-6.175,-1.663,1.270,-0.998
2025-12-04T19:13:33.941834,-6.173,-1.664,1.270,-0.998
2025-12-04T19:13:33.957129,-6.171,-1.666,1.270,-0.998
2025-12-04T19:13:33.974101,-6.169,-1.667,1.270,-0.998
2025-12-04T19:13:33.987153,-6.168,-1.668,1.270,-0.998
2025-12-04T19:13:34.002890,-6.166,-1.670,1.270,-0.998
2025-12-04T19:13:34.019687,-6.165,-1.671,1.270,-0.998
2025-12-04T19:13:34.036780,-6.164,-1.672,1.270,-0.998
2025-12-04T19:13:34.050913,-6.163,-1.673,1.270,-0.998
2025-12-04T19:13:34.069965,-6.162,-1.675,1.270,-0.998
2025-12-04T19:13:34.087440,-6.161,-1.676,1.270,-0.998
2025-12-04T19:13:34.104427,-6.161,-1.677,1.270,-0.998
2025-12-04T19:13:34.122917,-6.160,-1.678,1.270,-0.998
2025-12-04T19:13:34.139607,-6.160,-1.680,1.270,-0.998
2025-12-04T19:13:34.157864,-6.160,-1.681,1.270,-0.998
2025-12-04T19:13:34.173920,-6.160,-1.682,1.270,-0.998
2025-12-04T19:13:34.192068,-6.160,-1.684,1.270,-0.998
2025-12-04T19:13:34.207666,-6.161,-1.685,1.270,-0.998
2025-12-04T19:13:34.223326,-6.161,-1.686,1.270,-0.998
2025-12-04T19:13:34.242684,-6.162,-1.687,1.270,-0.998
2025-12-04T19:13:34.257699,-6.162,-1.688,1.270,-0.998
2025-12-04T19:13:34.275672,-6.163,-1.690,1.270,-0.998
2025-12-04T19:13:34.289921,-6.164,-1.691,1.270,-0.998
2025-12-04T19:13:34.307951,-6.165,-1.692,1.270,-0.998
2025-12-04T19:13:34.321210,-6.166,-1.693,1.270,-0.998
2025-12-04T19:13:34.338795,-6.167,-1.695,1.270,-0.998
2025-12-04T19:13:34.357243,-6.169,-1.696,1.270,-0.998
2025-12-04T19:13:34.373999,-6.170,-1.697,1.270,-0.998
2025-12-04T19:13:34.391180,-6.171,-1.698,1.270,-0.998
2025-12-04T19:13:34.408900,-6.173,-1.699,1.270,-0.998
2025-12-04T19:13:34.425174,-6.174,-1.701,1.270,-0.998
2025-12-04T19:13:34.440095,-6.175,-1.702,1.270,-0.998
2025-12-04T19:13:34.455011,-6.177,-1.703,1.270,-0.998
2025-12-04T19:13:34.469221,-6.178,-1.704,1.270,-0.998
2025-12-04T19:13:34.481006,-6.179,-1.705,1.270,-0.998
2025-12-04T19:13:34.494645,-6.181,-1.707,1.270,-0.998
2025-12-04T19:13:34.509698,-6.182,-1.708,1.270,-0.998
2025-12-04T19:13:34.521232,-6.183,-1.709,1.270,-0.998
2025-12-04T19:13:34.534460,-6.185,-1.710,1.270,-0.998
2025-12-04T19:13:34.552087,-6.186,-1.711,1.270,-0.998
2025-12-04T19:13:34.567891,-6.187,-1.712,1.270,-0.998
2025-12-04T19:13:34.583972,-6.188,-1.714,1.270,-0.998
2025-12-04T19:13:34.600943,-6.189,-1.715,1.270,-0.998
2025-12-04T19:13:34.618410,-6.190,-1.716,1.270,-0.998
2025-12-04T19:13:34.636246,-6.191,-1.717,1.270,-0.998
2025-12-04T19:13:34.655202,-6.192,-1.718,1.270,-0.998
2025-12-04T19:13:34.674262,-6.193,-1.720,1.270,-0.998
2025-12-04T19:13:34.689268,-6.194,-1.721,1.270,-0.998
2025-12-04T19:13:34.706099,-6.194,-1.722,1.270,-0.998
2025-12-04T19:13:34.722968,-6.195,-1.723,1.270,-0.998
2025-12-04T19:13:34.740737,-6.196,-1.724,1.270,-0.998
2025-12-04T19:13:34.756059,-6.196,-1.725,1.270,-0.998
2025-12-04T19:13:34.771610,-6.196,-1.727,1.270,-0.998
2025-12-04T19:13:34.791888,-6.197,-1.728,1.270,-0.998
2025-12-04T19:13:34.797694,-6.197,-1.729,1.270,-0.998
2025-12-04T19:13:34.812638,-6.197,-1.730,1.270,-0.998
2025-12-04T19:13:34.828229,-6.197,-1.731,1.270,-0.998
2025-12-04T19:13:34.844832,-6.197,-1.732,1.270,-0.998
2025-12-04T19:13:34.861768,-6.197,-1.734,1.270,-0.998
2025-12-04T19:13:34.877071,-6.197,-1.735,1.270,-0.998
2025-12-04T19:13:34.894323,-6.196,-1.736,1.270,-0.998
2025-12-04T19:13:34.910881,-6.196,-1.737,1.270,-0.998
2025-12-04T19:13:34.929675,-6.196,-1.738,1.270,-0.998
2025-12-04T19:13:34.948594,-6.195,-1.739,1.270,-0.998
2025-12-04T19:13:34.966638,-6.195,-1.740,1.270,-0.998
2025-12-04T19:13:34.983856,-6.195,-1.742,1.270,-0.998
2025-12-04T19:13:35.001806,-6.194,-1.743,1.270,-0.998
2025-12-04T19:13:35.017224,-6.193,-1.744,1.270,-0.998
2025-12-04T19:13:35.036043,-6.193,-1.745,1.270,-0.998
2025-12-04T19:13:35.058421,-6.192,-1.746,1.270,-0.998
2025-12-04T19:13:35.072029,-6.192,-1.747,1.270,-0.998
2025-12-04T19:13:35.087839,-6.191,-1.749,1.270,-0.998
2025-12-04T19:13:35.102587,-6.190,-1.750,1.270,-0.998
2025-12-04T19:13:35.114906,-6.190,-1.751,1.270,-0.998
2025-12-04T19:13:35.128294,-6.189,-1.752,1.270,-0.998
2025-12-04T19:13:35.142338,-6.188,-1.753,1.270,-0.998
2025-12-04T19:13:35.157937,-6.188,-1.754,1.270,-0.998
2025-12-04T19:13:35.172577,-6.187,-1.755,1.270,-0.998
2025-12-04T19:13:35.186887,-6.187,-1.757,1.270,-0.998
2025-12-04T19:13:35.204475,-6.186,-1.758,1.270,-0.998
2025-12-04T19:13:35.220978,-6.185,-1.759,1.270,-0.998
2025-12-04T19:13:35.237094,-6.185,-1.760,1.270,-0.998
2025-12-04T19:13:35.255841,-6.184,-1.761,1.270,-0.998
2025-12-04T19:13:35.274215,-6.184,-1.762,1.270,-0.998
2025-12-04T19:13:35.291642,-6.183,-1.763,1.270,-0.998
2025-12-04T19:13:35.309268,-6.183,-1.765,1.270,-0.998
2025-12-04T19:13:35.326580,-6.182,-1.766,1.270,-0.998
2025-12-04T19:13:35.342446,-6.182,-1.767,1.270,-0.998
2025-12-04T19:13:35.359638,-6.182,-1.768,1.270,-0.998
2025-12-04T19:13:35.376340,-6.181,-1.769,1.270,-0.998
2025-12-04T19:13:35.390165,-6.181,-1.770,1.270,-0.998
2025-12-04T19:13:35.402694,-6.181,-1.772,1.270,-0.998
2025-12-04T19:13:35.417999,-6.181,-1.773,1.270,-0.998
2025-12-04T19:13:35.434019,-6.180,-1.774,1.270,-0.998
2025-12-04T19:13:35.450183,-6.180,-1.775,1.270,-0.998
2025-12-04T19:13:35.465383,-6.180,-1.776,1.270,-0.998
2025-12-04T19:13:35.483125,-6.180,-1.777,1.270,-0.998
2025-12-04T19:13:35.499813,-6.180,-1.778,1.270,-0.998
2025-12-04T19:13:35.518156,-6.180,-1.780,1.270,-0.998
2025-12-04T19:13:35.535514,-6.180,-1.781,1.270,-0.998
2025-12-04T19:13:35.554971,-6.180,-1.782,1.270,-0.998
2025-12-04T19:13:35.572414,-6.180,-1.783,1.270,-0.998
2025-12-04T19:13:35.587474,-6.180,-1.784,1.270,-0.998
2025-12-04T19:13:35.605257,-6.180,-1.785,1.270,-0.998
2025-12-04T19:13:35.622596,-6.181,-1.786,1.270,-0.998
2025-12-04T19:13:35.639469,-6.181,-1.787,1.270,-0.998
2025-12-04T19:13:35.653869,-6.181,-1.789,1.270,-0.998
2025-12-04T19:13:35.677261,-6.181,-1.790,1.270,-0.998
2025-12-04T19:13:35.689487,-6.181,-1.791,1.270,-0.998
2025-12-04T19:13:35.707015,-6.182,-1.792,1.270,-0.998
2025-12-04T19:13:35.720842,-6.182,-1.793,1.270,-0.998
2025-12-04T19:13:35.738168,-6.182,-1.794,1.270,-0.998
2025-12-04T19:13:35.752436,-6.183,-1.795,1.270,-0.998
2025-12-04T19:13:35.767538,-6.183,-1.797,1.270,-0.998
2025-12-04T19:13:35.785611,-6.183,-1.798,1.270,-0.998
2025-12-04T19:13:35.803911,-6.183,-1.799,1.270,-0.998
2025-12-04T19:13:35.819003,-6.184,-1.800,1.270,-0.998
2025-12-04T19:13:35.838381,-6.184,-1.801,1.270,-0.998
2025-12-04T19:13:35.852856,-6.184,-1.802,1.270,-0.998
2025-12-04T19:13:35.866282,-6.185,-1.803,1.270,-0.998
2025-12-04T19:13:35.884088,-6.185,-1.805,1.270,-0.998
2025-12-04T19:13:35.901041,-6.185,-1.806,1.270,-0.998
2025-12-04T19:13:35.918858,-6.185,-1.807,1.270,-0.998
2025-12-04T19:13:35.934767,-6.186,-1.808,1.270,-0.998
2025-12-04T19:13:35.951556,-6.186,-1.809,1.270,-0.998
2025-12-04T19:13:35.966320,-6.186,-1.810,1.270,-0.998
2025-12-04T19:13:35.979805,-6.186,-1.811,1.270,-0.998
2025-12-04T19:13:35.995405,-6.187,-1.813,1.270,-0.998
2025-12-04T19:13:36.010651,-6.187,-1.814,1.270,-0.998
2025-12-04T19:13:36.026795,-6.187,-1.815,1.270,-0.998
2025-12-04T19:13:36.044266,-6.187,-1.816,1.270,-0.998
2025-12-04T19:13:36.061190,-6.187,-1.817,1.270,-0.998
2025-12-04T19:13:36.080641,-6.188,-1.818,1.270,-0.998
2025-12-04T19:13:36.098677,-6.188,-1.819,1.270,-0.998
2025-12-04T19:13:36.117337,-6.188,-1.821,1.270,-0.998
2025-12-04T19:13:36.134555,-6.188,-1.822,1.270,-0.998
2025-12-04T19:13:36.152247,-6.188,-1.823,1.270,-0.998
2025-12-04T19:13:36.170881,-6.188,-1.824,1.270,-0.998
2025-12-04T19:13:36.186446,-6.188,-1.825,1.270,-0.998
2025-12-04T19:13:36.203662,-6.188,-1.826,1.270,-0.998
2025-12-04T19:13:36.220341,-6.188,-1.827,1.270,-0.998
2025-12-04T19:13:36.236318,-6.188,-1.828,1.270,-0.998
2025-12-04T19:13:36.251234,-6.188,-1.830,1.270,-0.998
2025-12-04T19:13:36.267367,-6.188,-1.831,1.270,-0.998
2025-12-04T19:13:36.283350,-6.188,-1.832,1.270,-0.998
2025-12-04T19:13:36.298038,-6.188,-1.833,1.270,-0.998
2025-12-04T19:13:36.315508,-6.188,-1.834,1.270,-0.998
2025-12-04T19:13:36.333537,-6.188,-1.835,1.270,-0.998
2025-12-04T19:13:36.352810,-6.187,-1.836,1.270,-0.998
2025-12-04T19:13:36.367694,-6.187,-1.838,1.270,-0.998
2025-12-04T19:13:36.385624,-6.187,-1.839,1.270,-0.998
2025-12-04T19:13:36.405609,-6.187,-1.840,1.270,-0.998
2025-12-04T19:13:36.423433,-6.187,-1.841,1.270,-0.998
2025-12-04T19:13:36.438481,-6.187,-1.842,1.270,-0.998
2025-12-04T19:13:36.455988,-6.187,-1.843,1.270,-0.998
2025-12-04T19:13:36.472590,-6.187,-1.844,1.270,-0.998
2025-12-04T19:13:36.486779,-6.186,-1.846,1.270,-0.998
2025-12-04T19:13:36.505665,-6.186,-1.847,1.270,-0.998
2025-12-04T19:13:36.514739,-6.186,-1.848,1.270,-0.998
2025-12-04T19:13:36.531098,-6.186,-1.849,1.270,-0.998
2025-12-04T19:13:36.548785,-6.186,-1.850,1.270,-0.998
2025-12-04T19:13:36.563451,-6.186,-1.851,1.270,-0.998
2025-12-04T19:13:36.580293,-6.186,-1.852,1.270,-0.998
2025-12-04T19:13:36.600722,-6.185,-1.854,1.270,-0.998
2025-12-04T19:13:36.616726,-6.185,-1.855,1.270,-0.998
2025-12-04T19:13:36.633592,-6.185,-1.856,1.270,-0.998
2025-12-04T19:13:36.652143,-6.185,-1.857,1.270,-0.998
2025-12-04T19:13:36.667526,-6.185,-1.858,1.270,-0.998
2025-12-04T19:13:36.685832,-6.185,-1.859,1.270,-0.998
2025-12-04T19:13:36.700503,-6.185,-1.860,1.270,-0.998
2025-12-04T19:13:36.718684,-6.185,-1.861,1.270,-0.998
2025-12-04T19:13:36.733791,-6.185,-1.863,1.270,-0.998
2025-12-04T19:13:36.749546,-6.185,-1.864,1.270,-0.998
2025-12-04T19:13:36.765604,-6.184,-1.865,1.270,-0.998
2025-12-04T19:13:36.782691,-6.184,-1.866,1.270,-0.998
2025-12-04T19:13:36.801490,-6.184,-1.867,1.270,-0.998
2025-12-04T19:13:36.815617,-6.184,-1.868,1.270,-0.998
2025-12-04T19:13:36.832634,-6.184,-1.869,1.270,-0.998
2025-12-04T19:13:36.852580,-6.184,-1.871,1.270,-0.998
2025-12-04T19:13:36.870150,-6.184,-1.872,1.270,-0.998
2025-12-04T19:13:36.883361,-6.184,-1.873,1.270,-0.998
2025-12-04T19:13:36.906007,-6.184,-1.874,1.270,-0.998
2025-12-04T19:13:36.919523,-6.184,-1.875,1.270,-0.998
2025-12-04T19:13:36.933596,-6.184,-1.876,1.270,-0.998
2025-12-04T19:13:36.948192,-6.184,-1.877,1.270,-0.998
2025-12-04T19:13:36.963047,-6.184,-1.879,1.270,-0.998
2025-12-04T19:13:36.977038,-6.184,-1.880,1.270,-0.998
2025-12-04T19:13:36.991398,-6.184,-1.881,1.270,-0.998
2025-12-04T19:13:37.007639,-6.184,-1.882,1.270,-0.998
2025-12-04T19:13:37.025334,-6.184,-1.883,1.270,-0.998
2025-12-04T19:13:37.041771,-6.184,-1.884,1.270,-0.998
2025-12-04T19:13:37.058470,-6.185,-1.885,1.270,-0.998
2025-12-04T19:13:37.076968,-6.185,-1.887,1.270,-0.998
2025-12-04T19:13:37.094499,-6.185,-1.888,1.270,-0.998
2025-12-04T19:13:37.114028,-6.185,-1.889,1.270,-0.998
2025-12-04T19:13:37.130584,-6.185,-1.890,1.270,-0.998
2025-12-04T19:13:37.149690,-6.185,-1.891,1.270,-0.998
2025-12-04T19:13:37.168135,-6.185,-1.892,1.270,-0.998
2025-12-04T19:13:37.183794,-6.185,-1.893,1.270,-0.998
2025-12-04T19:13:37.199815,-6.185,-1.894,1.270,-0.998
2025-12-04T19:13:37.215656,-6.185,-1.896,1.270,-0.998
2025-12-04T19:13:37.230399,-6.185,-1.897,1.270,-0.998
2025-12-04T19:13:37.245600,-6.185,-1.898,1.270,-0.998
2025-12-04T19:13:37.260069,-6.185,-1.899,1.270,-0.998
2025-12-04T19:13:37.277954,-6.185,-1.900,1.270,-0.998
2025-12-04T19:13:37.292427,-6.185,-1.901,1.270,-0.998
2025-12-04T19:13:37.308688,-6.185,-1.902,1.270,-0.998
2025-12-04T19:13:37.326033,-6.186,-1.904,1.270,-0.998
2025-12-04T19:13:37.346485,-6.186,-1.905,1.270,-0.998
2025-12-04T19:13:37.363986,-6.186,-1.906,1.270,-0.998
2025-12-04T19:13:37.382470,-6.186,-1.907,1.270,-0.998
2025-12-04T19:13:37.398880,-6.186,-1.908,1.270,-0.998
2025-12-04T19:13:37.415392,-6.186,-1.909,1.270,-0.998
2025-12-04T19:13:37.430833,-6.186,-1.910,1.270,-0.998
2025-12-04T19:13:37.447843,-6.186,-1.912,1.270,-0.998
2025-12-04T19:13:37.466989,-6.186,-1.913,1.270,-0.998
2025-12-04T19:13:37.477544,-6.186,-1.914,1.270,-0.998
2025-12-04T19:13:37.493177,-6.186,-1.915,1.270,-0.998
2025-12-04T19:13:37.509945,-6.186,-1.916,1.270,-0.998
2025-12-04T19:13:37.534424,-6.186,-1.917,1.270,-0.998
2025-12-04T19:13:37.548480,-6.186,-1.918,1.270,-0.998
2025-12-04T19:13:37.561522,-6.186,-1.919,1.270,-0.998
2025-12-04T19:13:37.578052,-6.186,-1.921,1.270,-0.998
2025-12-04T19:13:37.592977,-6.186,-1.922,1.270,-0.998
2025-12-04T19:13:37.610166,-6.186,-1.923,1.270,-0.998
2025-12-04T19:13:37.627055,-6.186,-1.924,1.270,-0.998
2025-12-04T19:13:37.643050,-6.186,-1.925,1.270,-0.998
2025-12-04T19:13:37.659636,-6.186,-1.926,1.270,-0.998
2025-12-04T19:13:37.675729,-6.186,-1.927,1.270,-0.998
2025-12-04T19:13:37.691492,-6.186,-1.929,1.270,-0.998
2025-12-04T19:13:37.708772,-6.186,-1.930,1.270,-0.998
2025-12-04T19:13:37.731396,-6.186,-1.931,1.270,-0.998
2025-12-04T19:13:37.743017,-6.186,-1.932,1.270,-0.998
2025-12-04T19:13:37.757906,-6.186,-1.933,1.270,-0.998
2025-12-04T19:13:37.781321,-6.186,-1.934,1.270,-0.998
2025-12-04T19:13:37.794955,-6.186,-1.935,1.270,-0.998
2025-12-04T19:13:37.809336,-6.186,-1.937,1.270,-0.998
2025-12-04T19:13:37.823315,-6.186,-1.938,1.270,-0.998
2025-12-04T19:13:37.835963,-6.186,-1.939,1.270,-0.998
2025-12-04T19:13:37.850377,-6.186,-1.940,1.270,-0.998
2025-12-04T19:13:37.865591,-6.186,-1.941,1.270,-0.998
2025-12-04T19:13:37.880514,-6.186,-1.942,1.270,-0.998
2025-12-04T19:13:37.896650,-6.186,-1.943,1.270,-0.998
2025-12-04T19:13:37.913101,-6.186,-1.944,1.270,-0.998
2025-12-04T19:13:37.930151,-6.186,-1.946,1.270,-0.998
2025-12-04T19:13:37.949114,-6.185,-1.947,1.270,-0.998
2025-12-04T19:13:37.967420,-6.185,-1.948,1.270,-0.998
2025-12-04T19:13:37.981547,-6.185,-1.949,1.270,-0.998
2025-12-04T19:13:38.000251,-6.185,-1.950,1.270,-0.998
2025-12-04T19:13:38.017614,-6.185,-1.951,1.270,-0.998
2025-12-04T19:13:38.035345,-6.185,-1.952,1.270,-0.998
2025-12-04T19:13:38.053470,-6.185,-1.954,1.270,-0.998
2025-12-04T19:13:38.069596,-6.185,-1.955,1.270,-0.998
2025-12-04T19:13:38.085910,-6.185,-1.956,1.270,-0.998
2025-12-04T19:13:38.101199,-6.185,-1.957,1.270,-0.998
2025-12-04T19:13:38.116049,-6.185,-1.958,1.270,-0.998
2025-12-04T19:13:38.131717,-6.185,-1.959,1.270,-0.998
2025-12-04T19:13:38.156300,-6.185,-1.960,1.270,-0.998
2025-12-04T19:13:38.169133,-6.185,-1.962,1.270,-0.998
2025-12-04T19:13:38.182583,-6.185,-1.963,1.270,-0.998
2025-12-04T19:13:38.199527,-6.185,-1.964,1.270,-0.998
2025-12-04T19:13:38.215381,-6.185,-1.965,1.270,-0.998
2025-12-04T19:13:38.230457,-6.185,-1.966,1.270,-0.998
2025-12-04T19:13:38.246160,-6.185,-1.967,1.270,-0.998
2025-12-04T19:13:38.262522,-6.185,-1.968,1.270,-0.998
2025-12-04T19:13:38.279688,-6.185,-1.969,1.270,-0.998
2025-12-04T19:13:38.298303,-6.185,-1.971,1.270,-0.998
2025-12-04T19:13:38.313905,-6.185,-1.972,1.270,-0.998
2025-12-04T19:13:38.334290,-6.185,-1.973,1.270,-0.998
2025-12-04T19:13:38.353463,-6.185,-1.974,1.270,-0.998
2025-12-04T19:13:38.369475,-6.185,-1.975,1.270,-0.998
2025-12-04T19:13:38.387495,-6.185,-1.976,1.270,-0.998
2025-12-04T19:13:38.405329,-6.185,-1.977,1.270,-0.998
2025-12-04T19:13:38.422307,-6.185,-1.979,1.270,-0.998
2025-12-04T19:13:38.436038,-6.185,-1.980,1.270,-0.998
2025-12-04T19:13:38.460933,-6.185,-1.981,1.270,-0.998
2025-12-04T19:13:38.474543,-6.185,-1.982,1.270,-0.998
2025-12-04T19:13:38.491511,-6.185,-1.983,1.270,-0.998
2025-12-04T19:13:38.504460,-6.185,-1.984,1.270,-0.998
2025-12-04T19:13:38.516034,-6.185,-1.985,1.270,-0.998
2025-12-04T19:13:38.527934,-6.185,-1.987,1.270,-0.998
2025-12-04T19:13:38.543590,-6.185,-1.988,1.270,-0.998
2025-12-04T19:13:38.557496,-6.185,-1.989,1.270,-0.998
2025-12-04T19:13:38.572317,-6.185,-1.990,1.270,-0.998
2025-12-04T19:13:38.589164,-6.185,-1.991,1.270,-0.998
2025-12-04T19:13:38.604120,-6.185,-1.992,1.270,-0.998
2025-12-04T19:13:38.620879,-6.185,-1.993,1.270,-0.998
2025-12-04T19:13:38.637881,-6.185,-1.995,1.270,-0.998
2025-12-04T19:13:38.656031,-6.185,-1.996,1.270,-0.998
2025-12-04T19:13:38.672513,-6.185,-1.997,1.270,-0.998
2025-12-04T19:13:38.690532,-6.185,-1.998,1.270,-0.998
2025-12-04T19:13:38.707490,-6.185,-1.999,1.270,-0.998
2025-12-04T19:13:38.727986,-6.185,-2.000,1.270,-0.998
2025-12-04T19:13:38.744641,-6.185,-2.001,1.270,-0.998
2025-12-04T19:13:38.762070,-6.185,-2.002,1.270,-0.998
2025-12-04T19:13:38.775545,-6.185,-2.004,1.270,-0.998
2025-12-04T19:13:38.790719,-6.186,-2.005,1.270,-0.998
2025-12-04T19:13:38.805349,-6.186,-2.006,1.270,-0.998
2025-12-04T19:13:38.820270,-6.186,-2.007,1.270,-0.998
2025-12-04T19:13:38.836014,-6.186,-2.008,1.270,-0.998
2025-12-04T19:13:38.850628,-6.186,-2.009,1.270,-0.998
2025-12-04T19:13:38.866792,-6.186,-2.010,1.270,-0.998
2025-12-04T19:13:38.884392,-6.186,-2.012,1.270,-0.998
2025-12-04T19:13:38.901050,-6.177,-2.012,1.270,-0.999
2025-12-04T19:13:38.918044,-6.168,-2.012,1.270,-1.000
2025-12-04T19:13:38.935787,-6.159,-2.012,1.270,-1.000
2025-12-04T19:13:38.952839,-6.150,-2.012,1.270,-1.000
2025-12-04T19:13:38.971596,-6.141,-2.012,1.270,1.000
2025-12-04T19:13:38.987700,-6.133,-2.012,1.270,1.000
2025-12-04T19:13:39.007328,-6.124,-2.012,1.270,0.999
2025-12-04T19:13:39.024867,-6.116,-2.012,1.270,0.998
2025-12-04T19:13:39.041692,-6.108,-2.012,1.270,0.997
2025-12-04T19:13:39.057114,-6.101,-2.012,1.270,0.996
2025-12-04T19:13:39.073768,-6.094,-2.012,1.270,0.995
2025-12-04T19:13:39.087601,-6.086,-2.012,1.270,0.994
2025-12-04T19:13:39.102238,-6.080,-2.012,1.270,0.992
2025-12-04T19:13:39.117197,-6.073,-2.013,1.270,0.990
2025-12-04T19:13:39.133578,-6.067,-2.013,1.270,0.988
2025-12-04T19:13:39.151782,-6.060,-2.013,1.270,0.985
2025-12-04T19:13:39.167359,-6.054,-2.013,1.270,0.983
2025-12-04T19:13:39.185444,-6.049,-2.013,1.270,0.980
2025-12-04T19:13:39.202917,-6.043,-2.013,1.270,0.977
2025-12-04T19:13:39.220487,-6.038,-2.013,1.270,0.974
2025-12-04T19:13:39.238711,-6.033,-2.013,1.270,0.970
2025-12-04T19:13:39.256523,-6.028,-2.013,1.270,0.967
2025-12-04T19:13:39.274851,-6.023,-2.013,1.270,0.963
2025-12-04T19:13:39.293969,-6.018,-2.013,1.270,0.959
2025-12-04T19:13:39.311110,-6.013,-2.013,1.270,0.955
2025-12-04T19:13:39.327043,-6.009,-2.013,1.270,0.951
2025-12-04T19:13:39.343931,-6.005,-2.013,1.270,0.946
2025-12-04T19:13:39.359528,-6.001,-2.013,1.270,0.941
2025-12-04T19:13:39.381066,-5.997,-2.013,1.270,0.936
2025-12-04T19:13:39.393997,-5.993,-2.013,1.270,0.931
2025-12-04T19:13:39.409642,-5.989,-2.013,1.270,0.926
2025-12-04T19:13:39.423252,-5.986,-2.013,1.270,0.920
2025-12-04T19:13:39.440006,-5.982,-2.013,1.270,0.915
2025-12-04T19:13:39.455211,-5.979,-2.013,1.270,0.909
2025-12-04T19:13:39.471012,-5.976,-2.013,1.270,0.903
2025-12-04T19:13:39.486608,-5.973,-2.013,1.270,0.896
2025-12-04T19:13:39.502423,-5.970,-2.013,1.270,0.890
2025-12-04T19:13:39.520094,-5.967,-2.013,1.270,0.883
2025-12-04T19:13:39.538450,-5.964,-2.013,1.270,0.876
2025-12-04T19:13:39.555426,-5.961,-2.013,1.270,0.869
2025-12-04T19:13:39.570797,-5.959,-2.013,1.270,0.862
2025-12-04T19:13:39.588499,-5.956,-2.013,1.270,0.855
2025-12-04T19:13:39.605283,-5.954,-2.013,1.270,0.847
2025-12-04T19:13:39.622360,-5.952,-2.013,1.270,0.839
2025-12-04T19:13:39.638198,-5.949,-2.014,1.270,0.831
2025-12-04T19:13:39.655064,-5.947,-2.014,1.270,0.823
2025-12-04T19:13:39.672125,-5.945,-2.014,1.270,0.815
2025-12-04T19:13:39.687984,-5.943,-2.014,1.270,0.807
2025-12-04T19:13:39.703047,-5.941,-2.014,1.270,0.798
2025-12-04T19:13:39.717695,-5.939,-2.014,1.270,0.789
2025-12-04T19:13:39.733652,-5.937,-2.014,1.270,0.780
2025-12-04T19:13:39.751296,-5.935,-2.014,1.270,0.771
2025-12-04T19:13:39.768194,-5.934,-2.014,1.270,0.762
2025-12-04T19:13:39.786127,-5.932,-2.014,1.270,0.753
2025-12-04T19:13:39.804600,-5.930,-2.014,1.270,0.743
2025-12-04T19:13:39.822859,-5.929,-2.014,1.270,0.733
2025-12-04T19:13:39.841423,-5.927,-2.014,1.270,0.723
2025-12-04T19:13:39.859559,-5.926,-2.014,1.270,0.713
2025-12-04T19:13:39.876137,-5.925,-2.014,1.270,0.703
2025-12-04T19:13:39.893565,-5.923,-2.014,1.270,0.693
2025-12-04T19:13:39.911591,-5.922,-2.014,1.270,0.683
2025-12-04T19:13:39.927267,-5.921,-2.014,1.270,0.672
2025-12-04T19:13:39.945217,-5.919,-2.014,1.270,0.661
2025-12-04T19:13:39.959988,-5.918,-2.014,1.270,0.650
2025-12-04T19:13:39.976201,-5.917,-2.014,1.270,0.639
2025-12-04T19:13:39.992363,-5.916,-2.014,1.270,0.628
2025-12-04T19:13:40.007322,-5.915,-2.014,1.270,0.617
2025-12-04T19:13:40.021382,-5.914,-2.014,1.270,0.605
2025-12-04T19:13:40.034098,-5.913,-2.014,1.270,0.594
2025-12-04T19:13:40.049269,-5.912,-2.014,1.270,0.582
2025-12-04T19:13:40.066047,-5.911,-2.014,1.270,0.571
2025-12-04T19:13:40.081285,-5.910,-2.014,1.270,0.559
2025-12-04T19:13:40.098617,-5.909,-2.014,1.270,0.547
2025-12-04T19:13:40.113258,-5.909,-2.014,1.270,0.535
2025-12-04T19:13:40.129524,-5.908,-2.014,1.270,0.522
2025-12-04T19:13:40.147220,-5.907,-2.014,1.270,0.510
2025-12-04T19:13:40.165508,-5.906,-2.014,1.270,0.498
2025-12-04T19:13:40.184173,-5.905,-2.014,1.270,0.485
2025-12-04T19:13:40.201235,-5.905,-2.014,1.270,0.472
2025-12-04T19:13:40.218585,-5.904,-2.014,1.270,0.460
2025-12-04T19:13:40.233862,-5.903,-2.014,1.270,0.447
2025-12-04T19:13:40.250976,-5.903,-2.014,1.270,0.434
2025-12-04T19:13:40.265254,-5.902,-2.014,1.270,0.421
2025-12-04T19:13:40.281457,-5.902,-2.014,1.270,0.408
2025-12-04T19:13:40.300478,-5.901,-2.014,1.270,0.395
2025-12-04T19:13:40.314180,-5.900,-2.014,1.270,0.381
2025-12-04T19:13:40.328239,-5.900,-2.014,1.270,0.368
2025-12-04T19:13:40.344153,-5.899,-2.014,1.270,0.355
2025-12-04T19:13:40.358830,-5.899,-2.014,1.270,0.341
2025-12-04T19:13:40.376447,-5.898,-2.014,1.270,0.327
2025-12-04T19:13:40.392607,-5.898,-2.014,1.270,0.314
2025-12-04T19:13:40.411158,-5.898,-2.014,1.270,0.300
2025-12-04T19:13:40.428269,-5.897,-2.014,1.270,0.286
2025-12-04T19:13:40.445072,-5.897,-2.014,1.270,0.273
2025-12-04T19:13:40.465479,-5.896,-2.014,1.270,0.259
2025-12-04T19:13:40.483677,-5.896,-2.014,1.270,0.245
2025-12-04T19:13:40.501629,-5.896,-2.014,1.270,0.231
2025-12-04T19:13:40.515633,-5.895,-2.014,1.270,0.217
2025-12-04T19:13:40.531488,-5.895,-2.014,1.270,0.203
2025-12-04T19:13:40.547961,-5.886,-2.010,1.270,0.203
2025-12-04T19:13:40.565003,-5.878,-2.007,1.270,0.203
2025-12-04T19:13:40.584274,-5.869,-2.003,1.270,0.203
2025-12-04T19:13:40.605157,-5.861,-2.000,1.270,0.203
2025-12-04T19:13:40.619045,-5.852,-1.996,1.270,0.203
2025-12-04T19:13:40.632054,-5.843,-1.992,1.270,0.203
2025-12-04T19:13:40.646038,-5.835,-1.989,1.270,0.203
2025-12-04T19:13:40.660067,-5.826,-1.985,1.270,0.203
2025-12-04T19:13:40.673208,-5.817,-1.982,1.270,0.203
2025-12-04T19:13:40.686119,-5.809,-1.978,1.270,0.203
2025-12-04T19:13:40.702208,-5.800,-1.974,1.270,0.203
2025-12-04T19:13:40.719248,-5.791,-1.971,1.270,0.203
2025-12-04T19:13:40.741823,-5.783,-1.967,1.270,0.203
2025-12-04T19:13:40.754706,-5.774,-1.963,1.270,0.203
2025-12-04T19:13:40.773066,-5.765,-1.960,1.270,0.203
2025-12-04T19:13:40.789961,-5.757,-1.956,1.270,0.203
2025-12-04T19:13:40.806091,-5.748,-1.952,1.270,0.203
2025-12-04T19:13:40.824451,-5.739,-1.949,1.270,0.203
2025-12-04T19:13:40.842453,-5.730,-1.945,1.270,0.203
2025-12-04T19:13:40.858021,-5.722,-1.941,1.270,0.203
2025-12-04T19:13:40.875242,-5.713,-1.938,1.270,0.203
2025-12-04T19:13:40.892204,-5.704,-1.934,1.270,0.203
2025-12-04T19:13:40.908358,-5.695,-1.930,1.270,0.203
2025-12-04T19:13:40.924111,-5.687,-1.926,1.270,0.203
2025-12-04T19:13:40.938017,-5.686,-1.926,1.270,0.188
2025-12-04T19:13:40.953452,-5.686,-1.926,1.270,0.174
2025-12-04T19:13:40.969039,-5.685,-1.926,1.270,0.160
2025-12-04T19:13:40.985276,-5.685,-1.926,1.270,0.146
2025-12-04T19:13:41.000942,-5.684,-1.926,1.270,0.132
2025-12-04T19:13:41.016131,-5.684,-1.926,1.270,0.117
2025-12-04T19:13:41.035905,-5.683,-1.925,1.270,0.103
2025-12-04T19:13:41.052718,-5.683,-1.925,1.270,0.089
2025-12-04T19:13:41.069843,-5.682,-1.925,1.270,0.074
2025-12-04T19:13:41.088333,-5.682,-1.925,1.270,0.060
2025-12-04T19:13:41.106582,-5.682,-1.925,1.270,0.046
2025-12-04T19:13:41.123656,-5.681,-1.925,1.270,0.031
2025-12-04T19:13:41.139407,-5.681,-1.925,1.270,0.017
2025-12-04T19:13:41.156605,-5.681,-1.925,1.270,0.002
2025-12-04T19:13:41.170656,-5.680,-1.924,1.270,-0.012
2025-12-04T19:13:41.183486,-5.680,-1.924,1.270,-0.026
2025-12-04T19:13:41.199072,-5.680,-1.924,1.270,-0.041
2025-12-04T19:13:41.214988,-5.679,-1.924,1.270,-0.055
2025-12-04T19:13:41.230018,-5.679,-1.924,1.270,-0.070
2025-12-04T19:13:41.244473,-5.679,-1.924,1.270,-0.084
2025-12-04T19:13:41.260549,-5.670,-1.925,1.270,-0.084
2025-12-04T19:13:41.277181,-5.661,-1.927,1.270,-0.084
2025-12-04T19:13:41.294820,-5.651,-1.928,1.270,-0.084
2025-12-04T19:13:41.312402,-5.642,-1.930,1.270,-0.084
2025-12-04T19:13:41.330212,-5.633,-1.931,1.270,-0.084
2025-12-04T19:13:41.348338,-5.624,-1.933,1.270,-0.084
2025-12-04T19:13:41.367688,-5.615,-1.934,1.270,-0.084
2025-12-04T19:13:41.386219,-5.606,-1.935,1.270,-0.084
2025-12-04T19:13:41.404400,-5.596,-1.937,1.270,-0.084
2025-12-04T19:13:41.420041,-5.587,-1.938,1.270,-0.084
2025-12-04T19:13:41.437952,-5.578,-1.940,1.270,-0.084
2025-12-04T19:13:41.451520,-5.569,-1.941,1.270,-0.084
2025-12-04T19:13:41.468427,-5.559,-1.943,1.270,-0.084
2025-12-04T19:13:41.481863,-5.550,-1.944,1.270,-0.084
2025-12-04T19:13:41.496391,-5.541,-1.946,1.270,-0.084
2025-12-04T19:13:41.511939,-5.531,-1.947,1.270,-0.084
2025-12-04T19:13:41.526392,-5.522,-1.949,1.270,-0.084
2025-12-04T19:13:41.541522,-5.513,-1.950,1.270,-0.084
2025-12-04T19:13:41.559219,-5.504,-1.952,1.270,-0.084
2025-12-04T19:13:41.571787,-5.494,-1.953,1.270,-0.084
2025-12-04T19:13:41.591271,-5.485,-1.955,1.270,-0.084
2025-12-04T19:13:41.611985,-5.476,-1.956,1.270,-0.084
2025-12-04T19:13:41.627774,-5.466,-1.958,1.270,-0.084
2025-12-04T19:13:41.646664,-5.457,-1.959,1.270,-0.084
2025-12-04T19:13:41.664240,-5.447,-1.961,1.270,-0.084
2025-12-04T19:13:41.678313,-5.438,-1.963,1.270,-0.084
2025-12-04T19:13:41.694932,-5.429,-1.964,1.270,-0.084
2025-12-04T19:13:41.711593,-5.419,-1.966,1.270,-0.084
2025-12-04T19:13:41.730009,-5.410,-1.967,1.270,-0.084
2025-12-04T19:13:41.746039,-5.400,-1.969,1.270,-0.084
2025-12-04T19:13:41.761432,-5.391,-1.970,1.270,-0.084
2025-12-04T19:13:41.776343,-5.382,-1.972,1.270,-0.084
2025-12-04T19:13:41.794168,-5.372,-1.973,1.270,-0.084
2025-12-04T19:13:41.811486,-5.363,-1.975,1.270,-0.084
2025-12-04T19:13:41.826352,-5.362,-1.975,1.270,-0.098
2025-12-04T19:13:41.848180,-5.362,-1.975,1.270,-0.113
2025-12-04T19:13:41.864387,-5.361,-1.975,1.270,-0.127
2025-12-04T19:13:41.878657,-5.361,-1.975,1.270,-0.141
2025-12-04T19:13:41.895398,-5.360,-1.975,1.270,-0.155
2025-12-04T19:13:41.910988,-5.359,-1.975,1.270,-0.170
2025-12-04T19:13:41.926916,-5.359,-1.975,1.270,-0.184
2025-12-04T19:13:41.941296,-5.359,-1.975,1.270,-0.198
2025-12-04T19:13:41.955317,-5.358,-1.975,1.270,-0.212
2025-12-04T19:13:41.970243,-5.358,-1.975,1.270,-0.226
2025-12-04T19:13:41.986166,-5.357,-1.976,1.270,-0.240
2025-12-04T19:13:42.009046,-5.357,-1.976,1.270,-0.254
2025-12-04T19:13:42.017444,-5.356,-1.976,1.270,-0.268
2025-12-04T19:13:42.035181,-5.356,-1.976,1.270,-0.282
2025-12-04T19:13:42.053092,-5.356,-1.976,1.270,-0.296
2025-12-04T19:13:42.070018,-5.355,-1.976,1.270,-0.309
2025-12-04T19:13:42.087806,-5.355,-1.976,1.270,-0.323
2025-12-04T19:13:42.105224,-5.348,-1.981,1.270,-0.323
2025-12-04T19:13:42.122826,-5.340,-1.987,1.270,-0.323
2025-12-04T19:13:42.140109,-5.333,-1.992,1.270,-0.323
2025-12-04T19:13:42.156296,-5.325,-1.998,1.270,-0.323
2025-12-04T19:13:42.172152,-5.318,-2.003,1.270,-0.323
2025-12-04T19:13:42.187439,-5.310,-2.009,1.270,-0.323
2025-12-04T19:13:42.204454,-5.303,-2.015,1.270,-0.323
2025-12-04T19:13:42.220379,-5.295,-2.020,1.270,-0.323
2025-12-04T19:13:42.236976,-5.288,-2.026,1.270,-0.323
2025-12-04T19:13:42.249655,-5.280,-2.031,1.270,-0.323
2025-12-04T19:13:42.264542,-5.273,-2.037,1.270,-0.323
2025-12-04T19:13:42.280954,-5.265,-2.043,1.270,-0.323
2025-12-04T19:13:42.299097,-5.258,-2.048,1.270,-0.323
2025-12-04T19:13:42.316541,-5.250,-2.054,1.270,-0.323
2025-12-04T19:13:42.333959,-5.243,-2.060,1.270,-0.323
2025-12-04T19:13:42.352402,-5.235,-2.065,1.270,-0.323
2025-12-04T19:13:42.370145,-5.228,-2.071,1.270,-0.323
2025-12-04T19:13:42.386933,-5.220,-2.077,1.270,-0.323
2025-12-04T19:13:42.403509,-5.213,-2.082,1.270,-0.323
2025-12-04T19:13:42.419081,-5.205,-2.088,1.270,-0.323
2025-12-04T19:13:42.434513,-5.198,-2.094,1.270,-0.323
2025-12-04T19:13:42.451290,-5.190,-2.100,1.270,-0.323
2025-12-04T19:13:42.472020,-5.182,-2.105,1.270,-0.323
2025-12-04T19:13:42.484634,-5.175,-2.111,1.270,-0.323
2025-12-04T19:13:42.499974,-5.167,-2.117,1.270,-0.323
2025-12-04T19:13:42.512446,-5.160,-2.123,1.270,-0.323
2025-12-04T19:13:42.526654,-5.152,-2.128,1.270,-0.323
2025-12-04T19:13:42.542816,-5.145,-2.134,1.270,-0.323
2025-12-04T19:13:42.558920,-5.137,-2.140,1.270,-0.323
2025-12-04T19:13:42.576379,-5.129,-2.146,1.270,-0.323
2025-12-04T19:13:42.592953,-5.122,-2.152,1.270,-0.323
2025-12-04T19:13:42.610065,-5.114,-2.157,1.270,-0.323
2025-12-04T19:13:42.629582,-5.114,-2.158,1.270,-0.337
2025-12-04T19:13:42.650579,-5.113,-2.158,1.270,-0.350
2025-12-04T19:13:42.664249,-5.113,-2.158,1.270,-0.363
2025-12-04T19:13:42.682048,-5.112,-2.159,1.270,-0.377
2025-12-04T19:13:42.699827,-5.112,-2.159,1.270,-0.390
2025-12-04T19:13:42.717517,-5.111,-2.159,1.270,-0.403
2025-12-04T19:13:42.733111,-5.111,-2.159,1.270,-0.417
2025-12-04T19:13:42.751278,-5.111,-2.160,1.270,-0.430
2025-12-04T19:13:42.774861,-5.110,-2.160,1.270,-0.443
2025-12-04T19:13:42.788470,-5.110,-2.160,1.270,-0.455
2025-12-04T19:13:42.804651,-5.109,-2.160,1.270,-0.468
2025-12-04T19:13:42.818236,-5.109,-2.161,1.270,-0.481
2025-12-04T19:13:42.833795,-5.109,-2.161,1.270,-0.493
2025-12-04T19:13:42.843895,-5.108,-2.161,1.270,-0.506
2025-12-04T19:13:42.859114,-5.108,-2.161,1.270,-0.518
2025-12-04T19:13:42.872879,-5.108,-2.161,1.270,-0.531
2025-12-04T19:13:42.887048,-5.107,-2.162,1.270,-0.543
2025-12-04T19:13:42.901217,-5.107,-2.162,1.270,-0.555
2025-12-04T19:13:42.918661,-5.107,-2.162,1.270,-0.567
2025-12-04T19:13:42.931969,-5.107,-2.162,1.270,-0.578
2025-12-04T19:13:42.949414,-5.106,-2.162,1.270,-0.590
2025-12-04T19:13:42.965582,-5.106,-2.162,1.270,-0.602
2025-12-04T19:13:42.984356,-5.106,-2.163,1.270,-0.613
2025-12-04T19:13:43.001139,-5.106,-2.163,1.270,-0.624
2025-12-04T19:13:43.018195,-5.105,-2.163,1.270,-0.636
2025-12-04T19:13:43.036489,-5.105,-2.163,1.270,-0.647
2025-12-04T19:13:43.055221,-5.105,-2.163,1.270,-0.658
2025-12-04T19:13:43.072413,-5.105,-2.163,1.270,-0.668
2025-12-04T19:13:43.089840,-5.105,-2.163,1.270,-0.679
2025-12-04T19:13:43.105363,-5.104,-2.163,1.270,-0.690
2025-12-04T19:13:43.122021,-5.104,-2.164,1.270,-0.700
2025-12-04T19:13:43.139022,-5.104,-2.164,1.270,-0.710
2025-12-04T19:13:43.155198,-5.104,-2.164,1.270,-0.720
2025-12-04T19:13:43.169065,-5.104,-2.164,1.270,-0.730
2025-12-04T19:13:43.185482,-5.104,-2.164,1.270,-0.740
2025-12-04T19:13:43.200062,-5.103,-2.164,1.270,-0.749
2025-12-04T19:13:43.215391,-5.103,-2.164,1.270,-0.759
2025-12-04T19:13:43.232010,-5.103,-2.164,1.270,-0.768
2025-12-04T19:13:43.248068,-5.103,-2.164,1.270,-0.777
2025-12-04T19:13:43.266479,-5.103,-2.164,1.270,-0.786
2025-12-04T19:13:43.283959,-5.103,-2.164,1.270,-0.795
2025-12-04T19:13:43.302571,-5.103,-2.165,1.270,-0.804
2025-12-04T19:13:43.316577,-5.103,-2.165,1.270,-0.812
2025-12-04T19:13:43.333841,-5.102,-2.165,1.270,-0.821
2025-12-04T19:13:43.350599,-5.102,-2.165,1.270,-0.829
2025-12-04T19:13:43.370052,-5.102,-2.165,1.270,-0.837
2025-12-04T19:13:43.390985,-5.102,-2.165,1.270,-0.844
2025-12-04T19:13:43.405431,-5.102,-2.165,1.270,-0.852
2025-12-04T19:13:43.421198,-5.102,-2.165,1.270,-0.860
2025-12-04T19:13:43.436243,-5.102,-2.165,1.270,-0.867
2025-12-04T19:13:43.450387,-5.102,-2.165,1.270,-0.874
2025-12-04T19:13:43.466253,-5.102,-2.165,1.270,-0.881
2025-12-04T19:13:43.479286,-5.102,-2.165,1.270,-0.888
2025-12-04T19:13:43.495402,-5.101,-2.165,1.270,-0.894
2025-12-04T19:13:43.509223,-5.101,-2.165,1.270,-0.900
2025-12-04T19:13:43.526873,-5.101,-2.165,1.270,-0.907
2025-12-04T19:13:43.542102,-5.101,-2.165,1.270,-0.913
2025-12-04T19:13:43.559098,-5.101,-2.165,1.270,-0.918
2025-12-04T19:13:43.572710,-5.101,-2.166,1.270,-0.924
2025-12-04T19:13:43.593489,-5.101,-2.166,1.270,-0.929
2025-12-04T19:13:43.609481,-5.101,-2.166,1.270,-0.935
2025-12-04T19:13:43.628599,-5.101,-2.166,1.270,-0.940
2025-12-04T19:13:43.646248,-5.101,-2.166,1.270,-0.944
2025-12-04T19:13:43.665254,-5.101,-2.166,1.270,-0.949
2025-12-04T19:13:43.683243,-5.101,-2.166,1.270,-0.954
2025-12-04T19:13:43.697506,-5.101,-2.166,1.270,-0.958
2025-12-04T19:13:43.714622,-5.101,-2.166,1.270,-0.962
2025-12-04T19:13:43.731863,-5.101,-2.166,1.270,-0.966
2025-12-04T19:13:43.745541,-5.101,-2.166,1.270,-0.969
2025-12-04T19:13:43.762675,-5.100,-2.166,1.270,-0.973
2025-12-04T19:13:43.777401,-5.100,-2.166,1.270,-0.976
2025-12-04T19:13:43.793122,-5.100,-2.166,1.270,-0.979
2025-12-04T19:13:43.811493,-5.100,-2.166,1.270,-0.982
2025-12-04T19:13:43.826809,-5.100,-2.166,1.270,-0.984
2025-12-04T19:13:43.842466,-5.100,-2.166,1.270,-0.987
2025-12-04T19:13:43.861759,-5.100,-2.166,1.270,-0.989
2025-12-04T19:13:43.879582,-5.100,-2.166,1.270,-0.991
2025-12-04T19:13:43.898652,-5.100,-2.166,1.270,-0.993
2025-12-04T19:13:43.915197,-5.100,-2.166,1.270,-0.995
2025-12-04T19:13:43.934469,-5.100,-2.166,1.270,-0.996
2025-12-04T19:13:43.950541,-5.100,-2.166,1.270,-0.997
2025-12-04T19:13:43.968228,-5.100,-2.166,1.270,-0.998
2025-12-04T19:13:43.985189,-5.100,-2.166,1.270,-0.999
2025-12-04T19:13:44.001487,-5.100,-2.166,1.270,-0.999
2025-12-04T19:13:44.016241,-5.100,-2.166,1.270,-1.000
2025-12-04T19:13:44.031046,-5.100,-2.166,1.270,-1.000
2025-12-04T19:13:44.045402,-5.100,-2.166,1.270,1.000
2025-12-04T19:13:44.060156,-5.100,-2.166,1.270,1.000
2025-12-04T19:13:44.075167,-5.100,-2.166,1.270,0.999
2025-12-04T19:13:44.092296,-5.100,-2.166,1.270,0.999
2025-12-04T19:13:44.107430,-5.100,-2.166,1.270,0.998
2025-12-04T19:13:44.124086,-5.100,-2.166,1.270,0.997
2025-12-04T19:13:44.140577,-5.100,-2.166,1.270,0.995
2025-12-04T19:13:44.158468,-5.100,-2.166,1.270,0.994
2025-12-04T19:13:44.174857,-5.108,-2.164,1.270,0.994
2025-12-04T19:13:44.192931,-5.117,-2.162,1.270,0.994
2025-12-04T19:13:44.209493,-5.117,-2.162,1.270,0.992
2025-12-04T19:13:44.227802,-5.117,-2.162,1.270,0.990
2025-12-04T19:13:44.245679,-5.117,-2.162,1.270,0.988
2025-12-04T19:13:44.262763,-5.117,-2.162,1.270,0.986
2025-12-04T19:13:44.279301,-5.117,-2.162,1.270,0.983
2025-12-04T19:13:44.297166,-5.117,-2.162,1.270,0.980
2025-12-04T19:13:44.322199,-5.117,-2.162,1.270,0.978
2025-12-04T19:13:44.335364,-5.117,-2.162,1.270,0.974
2025-12-04T19:13:44.350121,-5.117,-2.162,1.270,0.971
2025-12-04T19:13:44.364283,-5.117,-2.162,1.270,0.968
2025-12-04T19:13:44.379816,-5.117,-2.162,1.270,0.964
2025-12-04T19:13:44.390762,-5.117,-2.162,1.270,0.960
2025-12-04T19:13:44.401888,-5.118,-2.162,1.270,0.956
2025-12-04T19:13:44.415819,-5.118,-2.162,1.270,0.951
2025-12-04T19:13:44.430080,-5.118,-2.162,1.270,0.947
2025-12-04T19:13:44.443567,-5.118,-2.162,1.270,0.942
2025-12-04T19:13:44.459429,-5.118,-2.162,1.270,0.937
2025-12-04T19:13:44.473747,-5.118,-2.162,1.270,0.932
2025-12-04T19:13:44.489418,-5.118,-2.162,1.270,0.927
2025-12-04T19:13:44.504647,-5.118,-2.162,1.270,0.921
2025-12-04T19:13:44.520120,-5.118,-2.162,1.270,0.916
2025-12-04T19:13:44.540478,-5.118,-2.162,1.270,0.910
2025-12-04T19:13:44.555102,-5.118,-2.162,1.270,0.904
2025-12-04T19:13:44.573566,-5.118,-2.162,1.270,0.897
2025-12-04T19:13:44.591838,-5.118,-2.162,1.270,0.891
2025-12-04T19:13:44.608951,-5.118,-2.162,1.270,0.884
2025-12-04T19:13:44.626092,-5.118,-2.162,1.270,0.877
2025-12-04T19:13:44.644230,-5.118,-2.162,1.270,0.870
2025-12-04T19:13:44.661859,-5.118,-2.162,1.270,0.863
2025-12-04T19:13:44.676896,-5.118,-2.162,1.270,0.856
2025-12-04T19:13:44.693846,-5.118,-2.162,1.270,0.848
2025-12-04T19:13:44.711827,-5.118,-2.162,1.270,0.841
2025-12-04T19:13:44.724391,-5.118,-2.162,1.270,0.833
2025-12-04T19:13:44.739378,-5.118,-2.162,1.270,0.825
2025-12-04T19:13:44.755530,-5.118,-2.162,1.270,0.816
2025-12-04T19:13:44.772517,-5.118,-2.162,1.270,0.808
2025-12-04T19:13:44.788453,-5.118,-2.162,1.270,0.799
2025-12-04T19:13:44.806852,-5.118,-2.162,1.270,0.791
2025-12-04T19:13:44.824211,-5.118,-2.162,1.270,0.782
2025-12-04T19:13:44.844596,-5.118,-2.162,1.270,0.773
2025-12-04T19:13:44.859798,-5.118,-2.162,1.270,0.764
2025-12-04T19:13:44.874945,-5.118,-2.162,1.270,0.754
2025-12-04T19:13:44.892928,-5.118,-2.162,1.270,0.745
2025-12-04T19:13:44.909219,-5.118,-2.162,1.270,0.735
2025-12-04T19:13:44.927675,-5.118,-2.162,1.270,0.725
2025-12-04T19:13:44.941648,-5.118,-2.162,1.270,0.715
2025-12-04T19:13:44.957132,-5.118,-2.162,1.270,0.705
2025-12-04T19:13:44.972375,-5.118,-2.162,1.270,0.695
2025-12-04T19:13:44.987616,-5.118,-2.162,1.270,0.684
2025-12-04T19:13:45.005541,-5.118,-2.162,1.270,0.674
2025-12-04T19:13:45.016547,-5.118,-2.162,1.270,0.663
2025-12-04T19:13:45.034294,-5.118,-2.162,1.270,0.652
2025-12-04T19:13:45.051374,-5.118,-2.162,1.270,0.641
2025-12-04T19:13:45.067467,-5.118,-2.162,1.270,0.630
2025-12-04T19:13:45.086315,-5.118,-2.162,1.270,0.619
2025-12-04T19:13:45.105624,-5.118,-2.162,1.270,0.607
2025-12-04T19:13:45.122494,-5.118,-2.162,1.270,0.596
2025-12-04T19:13:45.137650,-5.118,-2.162,1.270,0.584
2025-12-04T19:13:45.153102,-5.118,-2.162,1.270,0.573
2025-12-04T19:13:45.169601,-5.118,-2.162,1.270,0.561
2025-12-04T19:13:45.186074,-5.118,-2.162,1.270,0.549
2025-12-04T19:13:45.201664,-5.118,-2.162,1.270,0.537
2025-12-04T19:13:45.218810,-5.118,-2.162,1.270,0.524
2025-12-04T19:13:45.241234,-5.118,-2.162,1.270,0.512
2025-12-04T19:13:45.251817,-5.118,-2.162,1.270,0.500
2025-12-04T19:13:45.265207,-5.118,-2.162,1.270,0.487
2025-12-04T19:13:45.279465,-5.118,-2.162,1.270,0.474
2025-12-04T19:13:45.294189,-5.118,-2.162,1.270,0.462
2025-12-04T19:13:45.309717,-5.118,-2.162,1.270,0.449
2025-12-04T19:13:45.326260,-5.118,-2.162,1.270,0.436
2025-12-04T19:13:45.340492,-5.118,-2.162,1.270,0.423
2025-12-04T19:13:45.358456,-5.118,-2.162,1.270,0.410
2025-12-04T19:13:45.374884,-5.118,-2.162,1.270,0.397
2025-12-04T19:13:45.391369,-5.118,-2.162,1.270,0.384
2025-12-04T19:13:45.410329,-5.118,-2.162,1.270,0.370
2025-12-04T19:13:45.428901,-5.118,-2.162,1.270,0.357
2025-12-04T19:13:45.445558,-5.118,-2.162,1.270,0.343
2025-12-04T19:13:45.463423,-5.118,-2.162,1.270,0.330
2025-12-04T19:13:45.481677,-5.118,-2.162,1.270,0.316
2025-12-04T19:13:45.497878,-5.118,-2.162,1.270,0.302
2025-12-04T19:13:45.514057,-5.118,-2.162,1.270,0.289
2025-12-04T19:13:45.529230,-5.118,-2.162,1.270,0.275
2025-12-04T19:13:45.547518,-5.118,-2.162,1.270,0.261
2025-12-04T19:13:45.560587,-5.118,-2.162,1.270,0.247
2025-12-04T19:13:45.575155,-5.118,-2.162,1.270,0.233
2025-12-04T19:13:45.589647,-5.118,-2.162,1.270,0.219
2025-12-04T19:13:45.605478,-5.118,-2.162,1.270,0.205
2025-12-04T19:13:45.620679,-5.118,-2.162,1.270,0.191
2025-12-04T19:13:45.638707,-5.118,-2.162,1.270,0.177
2025-12-04T19:13:45.655851,-5.118,-2.162,1.270,0.162
2025-12-04T19:13:45.672679,-5.118,-2.162,1.270,0.148
2025-12-04T19:13:45.691125,-5.118,-2.162,1.270,0.134
2025-12-04T19:13:45.705419,-5.118,-2.162,1.270,0.120
2025-12-04T19:13:45.725211,-5.118,-2.162,1.270,0.105
2025-12-04T19:13:45.745349,-5.118,-2.162,1.270,0.091
2025-12-04T19:13:45.761825,-5.118,-2.162,1.270,0.077
2025-12-04T19:13:45.780458,-5.118,-2.162,1.270,0.062
2025-12-04T19:13:45.797318,-5.118,-2.162,1.270,0.048
2025-12-04T19:13:45.814566,-5.118,-2.162,1.270,0.034
2025-12-04T19:13:45.830071,-5.118,-2.162,1.270,0.019
2025-12-04T19:13:45.845536,-5.118,-2.162,1.270,0.005
2025-12-04T19:13:45.861180,-5.118,-2.162,1.270,-0.010
2025-12-04T19:13:45.876624,-5.118,-2.162,1.270,-0.024
2025-12-04T19:13:45.891859,-5.118,-2.162,1.270,-0.038
2025-12-04T19:13:45.907772,-5.118,-2.162,1.270,-0.053
2025-12-04T19:13:45.923867,-5.118,-2.162,1.270,-0.067
2025-12-04T19:13:45.938180,-5.118,-2.162,1.270,-0.082
2025-12-04T19:13:45.954889,-5.118,-2.162,1.270,-0.096
2025-12-04T19:13:45.971500,-5.118,-2.162,1.270,-0.110
2025-12-04T19:13:45.990836,-5.118,-2.162,1.270,-0.124
2025-12-04T19:13:46.007524,-5.118,-2.162,1.270,-0.139
2025-12-04T19:13:46.026545,-5.118,-2.162,1.270,-0.153
2025-12-04T19:13:46.043271,-5.118,-2.162,1.270,-0.167
2025-12-04T19:13:46.060584,-5.118,-2.162,1.270,-0.181
2025-12-04T19:13:46.078650,-5.118,-2.162,1.270,-0.196
2025-12-04T19:13:46.094202,-5.118,-2.162,1.270,-0.210
2025-12-04T19:13:46.111621,-5.118,-2.162,1.270,-0.224
2025-12-04T19:13:46.128419,-5.118,-2.162,1.270,-0.238
2025-12-04T19:13:46.143892,-5.118,-2.162,1.270,-0.252
2025-12-04T19:13:46.166215,-5.118,-2.162,1.270,-0.266
2025-12-04T19:13:46.179267,-5.118,-2.162,1.270,-0.279
2025-12-04T19:13:46.194575,-5.118,-2.162,1.270,-0.293
2025-12-04T19:13:46.209397,-5.118,-2.162,1.270,-0.307
2025-12-04T19:13:46.225851,-5.118,-2.162,1.270,-0.321
2025-12-04T19:13:46.239483,-5.111,-2.168,1.270,-0.321
2025-12-04T19:13:46.252966,-5.104,-2.173,1.270,-0.321
2025-12-04T19:13:46.267640,-5.097,-2.179,1.270,-0.321
2025-12-04T19:13:46.285365,-5.089,-2.184,1.270,-0.321
2025-12-04T19:13:46.300780,-5.082,-2.190,1.270,-0.321
2025-12-04T19:13:46.317289,-5.075,-2.195,1.270,-0.321
2025-12-04T19:13:46.337703,-5.068,-2.201,1.270,-0.321
2025-12-04T19:13:46.355148,-5.061,-2.206,1.270,-0.321
2025-12-04T19:13:46.373361,-5.053,-2.212,1.270,-0.321
2025-12-04T19:13:46.389337,-5.046,-2.218,1.270,-0.321
2025-12-04T19:13:46.404424,-5.039,-2.223,1.270,-0.321
2025-12-04T19:13:46.422402,-5.031,-2.229,1.270,-0.321
2025-12-04T19:13:46.439407,-5.024,-2.234,1.270,-0.321
2025-12-04T19:13:46.454739,-5.017,-2.240,1.270,-0.321
2025-12-04T19:13:46.471209,-5.009,-2.246,1.270,-0.321
2025-12-04T19:13:46.485798,-5.002,-2.251,1.270,-0.321
2025-12-04T19:13:46.499791,-4.995,-2.257,1.270,-0.321
2025-12-04T19:13:46.514282,-4.987,-2.262,1.270,-0.321
2025-12-04T19:13:46.539054,-4.980,-2.268,1.270,-0.321
2025-12-04T19:13:46.547928,-4.973,-2.274,1.270,-0.321
2025-12-04T19:13:46.563732,-4.965,-2.279,1.270,-0.321
2025-12-04T19:13:46.581854,-4.958,-2.285,1.270,-0.321
2025-12-04T19:13:46.599336,-4.950,-2.291,1.270,-0.321
2025-12-04T19:13:46.615777,-4.943,-2.296,1.270,-0.321
2025-12-04T19:13:46.634478,-4.935,-2.302,1.270,-0.321
2025-12-04T19:13:46.651762,-4.928,-2.308,1.270,-0.321
2025-12-04T19:13:46.669265,-4.920,-2.314,1.270,-0.321
2025-12-04T19:13:46.692171,-4.913,-2.319,1.270,-0.321
2025-12-04T19:13:46.705158,-4.905,-2.325,1.270,-0.321
2025-12-04T19:13:46.722348,-4.898,-2.331,1.270,-0.321
2025-12-04T19:13:46.738345,-4.890,-2.337,1.270,-0.321
2025-12-04T19:13:46.752170,-4.883,-2.342,1.270,-0.321
2025-12-04T19:13:46.766820,-4.875,-2.348,1.270,-0.321
2025-12-04T19:13:46.787690,-4.868,-2.354,1.270,-0.321
2025-12-04T19:13:46.796882,-4.860,-2.360,1.270,-0.321
2025-12-04T19:13:46.816275,-4.853,-2.365,1.270,-0.321
2025-12-04T19:13:46.823714,-4.845,-2.371,1.270,-0.321
2025-12-04T19:13:46.839943,-4.838,-2.377,1.270,-0.321
2025-12-04T19:13:46.855628,-4.830,-2.383,1.270,-0.321
2025-12-04T19:13:46.872334,-4.823,-2.388,1.270,-0.321
2025-12-04T19:13:46.885736,-4.815,-2.394,1.270,-0.321
2025-12-04T19:13:46.903939,-4.815,-2.395,1.270,-0.334
2025-12-04T19:13:46.920142,-4.814,-2.395,1.270,-0.348
2025-12-04T19:13:46.938264,-4.814,-2.395,1.270,-0.361
2025-12-04T19:13:46.953998,-4.813,-2.395,1.270,-0.375
2025-12-04T19:13:46.973530,-4.813,-2.396,1.270,-0.388
2025-12-04T19:13:46.990208,-4.813,-2.396,1.270,-0.401
2025-12-04T19:13:47.006725,-4.812,-2.396,1.270,-0.414
2025-12-04T19:13:47.023425,-4.812,-2.397,1.270,-0.427
2025-12-04T19:13:47.039557,-4.811,-2.397,1.270,-0.440
2025-12-04T19:13:47.055394,-4.811,-2.397,1.270,-0.453
2025-12-04T19:13:47.070624,-4.811,-2.397,1.270,-0.466
2025-12-04T19:13:47.087026,-4.810,-2.398,1.270,-0.479
2025-12-04T19:13:47.102712,-4.810,-2.398,1.270,-0.491
2025-12-04T19:13:47.120344,-4.810,-2.398,1.270,-0.504
2025-12-04T19:13:47.139190,-4.810,-2.398,1.270,-0.516
2025-12-04T19:13:47.154445,-4.809,-2.399,1.270,-0.528
2025-12-04T19:13:47.169645,-4.805,-2.407,1.270,-0.528
2025-12-04T19:13:47.191211,-4.801,-2.415,1.270,-0.528
2025-12-04T19:13:47.208756,-4.797,-2.423,1.270,-0.528
2025-12-04T19:13:47.227638,-4.792,-2.432,1.270,-0.528
2025-12-04T19:13:47.245059,-4.788,-2.440,1.270,-0.528
2025-12-04T19:13:47.263337,-4.784,-2.448,1.270,-0.528
2025-12-04T19:13:47.281636,-4.780,-2.457,1.270,-0.528
2025-12-04T19:13:47.295347,-4.776,-2.465,1.270,-0.528
2025-12-04T19:13:47.309342,-4.771,-2.473,1.270,-0.528
2025-12-04T19:13:47.323717,-4.767,-2.482,1.270,-0.528
2025-12-04T19:13:47.339417,-4.763,-2.490,1.270,-0.528
2025-12-04T19:13:47.352927,-4.759,-2.498,1.270,-0.528
2025-12-04T19:13:47.366663,-4.754,-2.507,1.270,-0.528
2025-12-04T19:13:47.383857,-4.750,-2.515,1.270,-0.528
2025-12-04T19:13:47.408633,-4.746,-2.524,1.270,-0.528
2025-12-04T19:13:47.423976,-4.742,-2.532,1.270,-0.528
2025-12-04T19:13:47.441705,-4.737,-2.540,1.270,-0.528
2025-12-04T19:13:47.461135,-4.733,-2.549,1.270,-0.528
2025-12-04T19:13:47.477300,-4.729,-2.557,1.270,-0.528
2025-12-04T19:13:47.492972,-4.725,-2.566,1.270,-0.528
2025-12-04T19:13:47.508744,-4.720,-2.574,1.270,-0.528
2025-12-04T19:13:47.524494,-4.716,-2.583,1.270,-0.528
2025-12-04T19:13:47.541552,-4.712,-2.591,1.270,-0.528
2025-12-04T19:13:47.556973,-4.708,-2.600,1.270,-0.528
2025-12-04T19:13:47.574944,-4.703,-2.608,1.270,-0.528
2025-12-04T19:13:47.582412,-4.699,-2.617,1.270,-0.528
2025-12-04T19:13:47.598870,-4.695,-2.625,1.270,-0.528
2025-12-04T19:13:47.615083,-4.691,-2.634,1.270,-0.528
2025-12-04T19:13:47.634726,-4.686,-2.642,1.270,-0.528
2025-12-04T19:13:47.651725,-4.682,-2.651,1.270,-0.528
2025-12-04T19:13:47.669689,-4.678,-2.660,1.270,-0.528
2025-12-04T19:13:47.688540,-4.674,-2.668,1.270,-0.528
2025-12-04T19:13:47.710922,-4.669,-2.677,1.270,-0.528
2025-12-04T19:13:47.726877,-4.665,-2.685,1.270,-0.528
2025-12-04T19:13:47.744287,-4.661,-2.694,1.270,-0.528
2025-12-04T19:13:47.771417,-4.656,-2.702,1.270,-0.528
2025-12-04T19:13:47.782918,-4.652,-2.711,1.270,-0.528
2025-12-04T19:13:47.796985,-4.648,-2.720,1.270,-0.528
2025-12-04T19:13:47.813661,-4.648,-2.720,1.270,-0.541
2025-12-04T19:13:47.830385,-4.647,-2.721,1.270,-0.553
2025-12-04T19:13:47.843404,-4.647,-2.721,1.270,-0.565
2025-12-04T19:13:47.856813,-4.647,-2.722,1.270,-0.576
2025-12-04T19:13:47.871194,-4.646,-2.722,1.270,-0.588
2025-12-04T19:13:47.885845,-4.646,-2.723,1.270,-0.600
2025-12-04T19:13:47.900696,-4.646,-2.723,1.270,-0.611
2025-12-04T19:13:47.916492,-4.646,-2.723,1.270,-0.623
2025-12-04T19:13:47.933000,-4.645,-2.724,1.270,-0.634
2025-12-04T19:13:47.950273,-4.645,-2.724,1.270,-0.645
2025-12-04T19:13:47.968020,-4.645,-2.725,1.270,-0.656
2025-12-04T19:13:47.986135,-4.645,-2.725,1.270,-0.667
2025-12-04T19:13:48.006282,-4.645,-2.725,1.270,-0.677
2025-12-04T19:13:48.020842,-4.644,-2.726,1.270,-0.688
2025-12-04T19:13:48.038858,-4.644,-2.726,1.270,-0.698
2025-12-04T19:13:48.057215,-4.644,-2.726,1.270,-0.708
2025-12-04T19:13:48.072409,-4.644,-2.727,1.270,-0.718
2025-12-04T19:13:48.088026,-4.644,-2.736,1.270,-0.718
2025-12-04T19:13:48.106269,-4.644,-2.745,1.270,-0.718
2025-12-04T19:13:48.121177,-4.644,-2.755,1.270,-0.718
2025-12-04T19:13:48.136150,-4.644,-2.764,1.270,-0.718
2025-12-04T19:13:48.152990,-4.644,-2.773,1.270,-0.718
2025-12-04T19:13:48.170835,-4.645,-2.782,1.270,-0.718
2025-12-04T19:13:48.186988,-4.645,-2.792,1.270,-0.718
2025-12-04T19:13:48.206562,-4.645,-2.801,1.270,-0.718
2025-12-04T19:13:48.222885,-4.645,-2.811,1.270,-0.718
2025-12-04T19:13:48.238916,-4.645,-2.820,1.270,-0.718
2025-12-04T19:13:48.253229,-4.645,-2.829,1.270,-0.718
2025-12-04T19:13:48.270776,-4.646,-2.839,1.270,-0.718
2025-12-04T19:13:48.285774,-4.646,-2.848,1.270,-0.718
2025-12-04T19:13:48.300456,-4.646,-2.858,1.270,-0.718
2025-12-04T19:13:48.315403,-4.646,-2.867,1.270,-0.718
2025-12-04T19:13:48.339309,-4.646,-2.876,1.270,-0.718
2025-12-04T19:13:48.350943,-4.647,-2.886,1.270,-0.718
2025-12-04T19:13:48.368617,-4.647,-2.895,1.270,-0.718
2025-12-04T19:13:48.382369,-4.647,-2.905,1.270,-0.718
2025-12-04T19:13:48.398184,-4.647,-2.914,1.270,-0.718
2025-12-04T19:13:48.414856,-4.647,-2.924,1.270,-0.718
2025-12-04T19:13:48.429833,-4.648,-2.933,1.270,-0.718
2025-12-04T19:13:48.455428,-4.648,-2.943,1.270,-0.718
2025-12-04T19:13:48.471662,-4.648,-2.952,1.270,-0.718
2025-12-04T19:13:48.485384,-4.648,-2.962,1.270,-0.718
2025-12-04T19:13:48.502265,-4.649,-2.971,1.270,-0.718
2025-12-04T19:13:48.517601,-4.649,-2.981,1.270,-0.718
2025-12-04T19:13:48.534480,-4.649,-2.990,1.270,-0.718
2025-12-04T19:13:48.554542,-4.649,-3.000,1.270,-0.718
2025-12-04T19:13:48.565430,-4.650,-3.009,1.270,-0.718
2025-12-04T19:13:48.578886,-4.650,-3.019,1.270,-0.718
2025-12-04T19:13:48.593715,-4.650,-3.029,1.270,-0.718
2025-12-04T19:13:48.608372,-4.650,-3.038,1.270,-0.718
2025-12-04T19:13:48.624374,-4.651,-3.048,1.270,-0.718
2025-12-04T19:13:48.637358,-4.651,-3.057,1.270,-0.718
2025-12-04T19:13:48.652949,-4.651,-3.067,1.270,-0.718
2025-12-04T19:13:48.669400,-4.651,-3.076,1.270,-0.718
2025-12-04T19:13:48.688249,-4.652,-3.086,1.270,-0.718
2025-12-04T19:13:48.703303,-4.652,-3.096,1.270,-0.718
2025-12-04T19:13:48.721093,-4.652,-3.105,1.270,-0.718
2025-12-04T19:13:48.739995,-4.652,-3.115,1.270,-0.718
2025-12-04T19:13:48.758793,-4.653,-3.124,1.270,-0.718
2025-12-04T19:13:48.776936,-4.653,-3.134,1.270,-0.718
2025-12-04T19:13:48.794439,-4.653,-3.144,1.270,-0.718
2025-12-04T19:13:48.812749,-4.653,-3.153,1.270,-0.718
2025-12-04T19:13:48.828177,-4.654,-3.163,1.270,-0.718
2025-12-04T19:13:48.846425,-4.654,-3.172,1.270,-0.718
2025-12-04T19:13:48.864656,-4.654,-3.182,1.270,-0.718
2025-12-04T19:13:48.877773,-4.655,-3.192,1.270,-0.718
2025-12-04T19:13:48.893281,-4.655,-3.201,1.270,-0.718
2025-12-04T19:13:48.907329,-4.655,-3.211,1.270,-0.718
2025-12-04T19:13:48.923883,-4.655,-3.221,1.270,-0.718
2025-12-04T19:13:48.938907,-4.656,-3.230,1.270,-0.718
2025-12-04T19:13:48.958811,-4.656,-3.240,1.270,-0.718
2025-12-04T19:13:48.973313,-4.656,-3.249,1.270,-0.718
2025-12-04T19:13:48.990640,-4.656,-3.259,1.270,-0.718
2025-12-04T19:13:49.008680,-4.657,-3.269,1.270,-0.718
2025-12-04T19:13:49.027260,-4.657,-3.278,1.270,-0.718
2025-12-04T19:13:49.044576,-4.657,-3.288,1.270,-0.718
2025-12-04T19:13:49.060852,-4.658,-3.298,1.270,-0.718
2025-12-04T19:13:49.078244,-4.658,-3.307,1.270,-0.718
2025-12-04T19:13:49.093793,-4.658,-3.317,1.270,-0.718
2025-12-04T19:13:49.108654,-4.658,-3.327,1.270,-0.718
2025-12-04T19:13:49.124790,-4.659,-3.336,1.270,-0.718
2025-12-04T19:13:49.139799,-4.659,-3.346,1.270,-0.718
2025-12-04T19:13:49.156061,-4.659,-3.356,1.270,-0.718
2025-12-04T19:13:49.172223,-4.660,-3.365,1.270,-0.718
2025-12-04T19:13:49.188658,-4.660,-3.375,1.270,-0.718
2025-12-04T19:13:49.205128,-4.660,-3.385,1.270,-0.718
2025-12-04T19:13:49.223733,-4.661,-3.394,1.270,-0.718
2025-12-04T19:13:49.241283,-4.661,-3.404,1.270,-0.718
2025-12-04T19:13:49.265606,-4.661,-3.414,1.270,-0.718
2025-12-04T19:13:49.283266,-4.661,-3.423,1.270,-0.718
2025-12-04T19:13:49.299879,-4.662,-3.433,1.270,-0.718
2025-12-04T19:13:49.319069,-4.662,-3.443,1.270,-0.718
2025-12-04T19:13:49.335172,-4.662,-3.452,1.270,-0.718
2025-12-04T19:13:49.351798,-4.663,-3.462,1.270,-0.718
2025-12-04T19:13:49.368115,-4.663,-3.472,1.270,-0.718
2025-12-04T19:13:49.383966,-4.663,-3.481,1.270,-0.718
2025-12-04T19:13:49.400447,-4.664,-3.491,1.270,-0.718
2025-12-04T19:13:49.413877,-4.664,-3.501,1.270,-0.718
2025-12-04T19:13:49.428713,-4.664,-3.510,1.270,-0.718
2025-12-04T19:13:49.445153,-4.664,-3.520,1.270,-0.718
2025-12-04T19:13:49.461525,-4.665,-3.530,1.270,-0.718
2025-12-04T19:13:49.476282,-4.665,-3.540,1.270,-0.718
2025-12-04T19:13:49.493497,-4.665,-3.549,1.270,-0.718
2025-12-04T19:13:49.510770,-4.666,-3.559,1.270,-0.718
2025-12-04T19:13:49.525507,-4.666,-3.569,1.270,-0.718
2025-12-04T19:13:49.544330,-4.666,-3.578,1.270,-0.718
2025-12-04T19:13:49.565265,-4.667,-3.588,1.270,-0.718
2025-12-04T19:13:49.582486,-4.667,-3.598,1.270,-0.718
2025-12-04T19:13:49.599522,-4.667,-3.607,1.270,-0.718
2025-12-04T19:13:49.614861,-4.668,-3.617,1.270,-0.718
2025-12-04T19:13:49.632567,-4.668,-3.627,1.270,-0.718
2025-12-04T19:13:49.646016,-4.668,-3.636,1.270,-0.718
2025-12-04T19:13:49.662332,-4.668,-3.646,1.270,-0.718
2025-12-04T19:13:49.675404,-4.669,-3.656,1.270,-0.718
2025-12-04T19:13:49.689282,-4.669,-3.665,1.270,-0.718
2025-12-04T19:13:49.702539,-4.669,-3.675,1.270,-0.718
2025-12-04T19:13:49.718876,-4.670,-3.685,1.270,-0.718
2025-12-04T19:13:49.733570,-4.670,-3.695,1.270,-0.718
2025-12-04T19:13:49.751645,-4.670,-3.704,1.270,-0.718
2025-12-04T19:13:49.767585,-4.671,-3.714,1.270,-0.718
2025-12-04T19:13:49.785626,-4.671,-3.724,1.270,-0.718
2025-12-04T19:13:49.803007,-4.671,-3.733,1.270,-0.718
2025-12-04T19:13:49.820662,-4.672,-3.743,1.270,-0.718
2025-12-04T19:13:49.839233,-4.672,-3.753,1.270,-0.718
2025-12-04T19:13:49.856420,-4.672,-3.762,1.270,-0.718
2025-12-04T19:13:49.871764,-4.672,-3.772,1.270,-0.718
2025-12-04T19:13:49.892339,-4.673,-3.782,1.270,-0.718
2025-12-04T19:13:49.909120,-4.673,-3.792,1.270,-0.718
2025-12-04T19:13:49.924399,-4.673,-3.801,1.270,-0.718
2025-12-04T19:13:49.939892,-4.674,-3.811,1.270,-0.718
2025-12-04T19:13:49.954300,-4.674,-3.821,1.270,-0.718
2025-12-04T19:13:49.968519,-4.674,-3.830,1.270,-0.718
2025-12-04T19:13:49.984256,-4.675,-3.840,1.270,-0.718
2025-12-04T19:13:49.999178,-4.675,-3.850,1.270,-0.718
2025-12-04T19:13:50.014839,-4.675,-3.859,1.270,-0.718
2025-12-04T19:13:50.032258,-4.676,-3.869,1.270,-0.718
2025-12-04T19:13:50.050181,-4.676,-3.879,1.270,-0.718
2025-12-04T19:13:50.069884,-4.676,-3.889,1.270,-0.718
2025-12-04T19:13:50.088800,-4.677,-3.898,1.270,-0.718
2025-12-04T19:13:50.104775,-4.677,-3.908,1.270,-0.718
2025-12-04T19:13:50.122757,-4.677,-3.918,1.270,-0.718
2025-12-04T19:13:50.138972,-4.677,-3.927,1.270,-0.718
2025-12-04T19:13:50.155366,-4.678,-3.937,1.270,-0.718
2025-12-04T19:13:50.172427,-4.678,-3.947,1.270,-0.718
2025-12-04T19:13:50.197765,-4.678,-3.956,1.270,-0.718
2025-12-04T19:13:50.212095,-4.679,-3.966,1.270,-0.718
2025-12-04T19:13:50.227450,-4.679,-3.976,1.270,-0.718
2025-12-04T19:13:50.244203,-4.679,-3.986,1.270,-0.718
2025-12-04T19:13:50.259868,-4.680,-3.995,1.270,-0.718
2025-12-04T19:13:50.275017,-4.680,-4.005,1.270,-0.718
2025-12-04T19:13:50.294157,-4.680,-4.015,1.270,-0.718
2025-12-04T19:13:50.305257,-4.681,-4.024,1.270,-0.718
2025-12-04T19:13:50.321115,-4.681,-4.034,1.270,-0.718
2025-12-04T19:13:50.332003,-4.681,-4.044,1.270,-0.718
2025-12-04T19:13:50.347356,-4.682,-4.054,1.270,-0.718
2025-12-04T19:13:50.360350,-4.682,-4.063,1.270,-0.718
2025-12-04T19:13:50.374748,-4.682,-4.073,1.270,-0.718
2025-12-04T19:13:50.390703,-4.682,-4.083,1.270,-0.718
2025-12-04T19:13:50.406530,-4.683,-4.092,1.270,-0.718
2025-12-04T19:13:50.421265,-4.683,-4.102,1.270,-0.718
2025-12-04T19:13:50.437930,-4.683,-4.112,1.270,-0.718
2025-12-04T19:13:50.455375,-4.684,-4.121,1.270,-0.718
2025-12-04T19:13:50.470818,-4.684,-4.131,1.270,-0.718
2025-12-04T19:13:50.488490,-4.684,-4.141,1.270,-0.718
2025-12-04T19:13:50.508864,-4.685,-4.151,1.270,-0.718
2025-12-04T19:13:50.525929,-4.685,-4.160,1.270,-0.718
2025-12-04T19:13:50.543540,-4.685,-4.170,1.270,-0.718
2025-12-04T19:13:50.559280,-4.686,-4.180,1.270,-0.718
2025-12-04T19:13:50.575224,-4.686,-4.189,1.270,-0.718
2025-12-04T19:13:50.591245,-4.686,-4.199,1.270,-0.718
2025-12-04T19:13:50.605800,-4.687,-4.209,1.270,-0.718
2025-12-04T19:13:50.621158,-4.687,-4.219,1.270,-0.718
2025-12-04T19:13:50.634591,-4.687,-4.228,1.270,-0.718
2025-12-04T19:13:50.649902,-4.687,-4.238,1.270,-0.718
2025-12-04T19:13:50.664284,-4.688,-4.248,1.270,-0.718
2025-12-04T19:13:50.678350,-4.688,-4.257,1.270,-0.718
2025-12-04T19:13:50.695575,-4.688,-4.267,1.270,-0.718
2025-12-04T19:13:50.710888,-4.689,-4.277,1.270,-0.718
2025-12-04T19:13:50.729454,-4.689,-4.287,1.270,-0.718
2025-12-04T19:13:50.744786,-4.689,-4.296,1.270,-0.718
2025-12-04T19:13:50.761183,-4.690,-4.306,1.270,-0.718
2025-12-04T19:13:50.778570,-4.690,-4.316,1.270,-0.718
2025-12-04T19:13:50.797509,-4.690,-4.316,1.270,-0.728
2025-12-04T19:13:50.814986,-4.690,-4.317,1.270,-0.738
2025-12-04T19:13:50.832109,-4.690,-4.318,1.270,-0.748
2025-12-04T19:13:50.850425,-4.690,-4.319,1.270,-0.757
2025-12-04T19:13:50.866026,-4.690,-4.319,1.270,-0.767
2025-12-04T19:13:50.882126,-4.690,-4.320,1.270,-0.776
2025-12-04T19:13:50.897349,-4.690,-4.320,1.270,-0.785
2025-12-04T19:13:50.914543,-4.690,-4.321,1.270,-0.794
2025-12-04T19:13:50.929885,-4.690,-4.322,1.270,-0.802
2025-12-04T19:13:50.944942,-4.690,-4.322,1.270,-0.811
2025-12-04T19:13:50.960251,-4.690,-4.323,1.270,-0.819
2025-12-04T19:13:50.977238,-4.690,-4.323,1.270,-0.827
2025-12-04T19:13:50.996326,-4.690,-4.324,1.270,-0.835
2025-12-04T19:13:51.013580,-4.690,-4.324,1.270,-0.843
2025-12-04T19:13:51.028791,-4.690,-4.325,1.270,-0.851
2025-12-04T19:13:51.045551,-4.690,-4.325,1.270,-0.858
2025-12-04T19:13:51.065506,-4.690,-4.326,1.270,-0.866
2025-12-04T19:13:51.083365,-4.690,-4.326,1.270,-0.873
2025-12-04T19:13:51.100610,-4.690,-4.326,1.270,-0.880
2025-12-04T19:13:51.117426,-4.690,-4.327,1.270,-0.886
2025-12-04T19:13:51.132526,-4.690,-4.327,1.270,-0.893
2025-12-04T19:13:51.150327,-4.690,-4.327,1.270,-0.899
2025-12-04T19:13:51.164262,-4.690,-4.328,1.270,-0.906
2025-12-04T19:13:51.179566,-4.690,-4.328,1.270,-0.912
2025-12-04T19:13:51.195677,-4.690,-4.328,1.270,-0.917
2025-12-04T19:13:51.211343,-4.690,-4.329,1.270,-0.923
2025-12-04T19:13:51.228694,-4.690,-4.329,1.270,-0.929
2025-12-04T19:13:51.245967,-4.690,-4.329,1.270,-0.934
2025-12-04T19:13:51.264834,-4.690,-4.330,1.270,-0.939
2025-12-04T19:13:51.281066,-4.690,-4.330,1.270,-0.944
2025-12-04T19:13:51.298591,-4.690,-4.330,1.270,-0.948
2025-12-04T19:13:51.320293,-4.690,-4.330,1.270,-0.953
2025-12-04T19:13:51.336960,-4.690,-4.331,1.270,-0.957
2025-12-04T19:13:51.354300,-4.690,-4.331,1.270,-0.961
2025-12-04T19:13:51.371876,-4.690,-4.331,1.270,-0.965
2025-12-04T19:13:51.388668,-4.690,-4.331,1.270,-0.969
2025-12-04T19:13:51.405736,-4.698,-4.336,1.270,-0.969
2025-12-04T19:13:51.420203,-4.706,-4.340,1.270,-0.969
2025-12-04T19:13:51.434757,-4.714,-4.345,1.270,-0.969
2025-12-04T19:13:51.450150,-4.722,-4.350,1.270,-0.969
2025-12-04T19:13:51.464667,-4.730,-4.354,1.270,-0.969
2025-12-04T19:13:51.480225,-4.738,-4.359,1.270,-0.969
2025-12-04T19:13:51.494459,-4.746,-4.363,1.270,-0.969
2025-12-04T19:13:51.512562,-4.754,-4.368,1.270,-0.969
2025-12-04T19:13:51.527858,-4.762,-4.372,1.270,-0.969
2025-12-04T19:13:51.546928,-4.770,-4.377,1.270,-0.969
2025-12-04T19:13:51.562868,-4.778,-4.381,1.270,-0.969
2025-12-04T19:13:51.580347,-4.786,-4.386,1.270,-0.969
2025-12-04T19:13:51.599069,-4.794,-4.391,1.270,-0.969
2025-12-04T19:13:51.617604,-4.802,-4.395,1.270,-0.969
2025-12-04T19:13:51.636367,-4.810,-4.400,1.270,-0.969
2025-12-04T19:13:51.652148,-4.819,-4.404,1.270,-0.969
2025-12-04T19:13:51.671149,-4.827,-4.409,1.270,-0.969
2025-12-04T19:13:51.686588,-4.835,-4.414,1.270,-0.969
2025-12-04T19:13:51.702524,-4.843,-4.418,1.270,-0.969
2025-12-04T19:13:51.718413,-4.851,-4.423,1.270,-0.969
2025-12-04T19:13:51.740355,-4.859,-4.427,1.270,-0.969
2025-12-04T19:13:51.753832,-4.868,-4.432,1.270,-0.969
2025-12-04T19:13:51.766878,-4.876,-4.437,1.270,-0.969
2025-12-04T19:13:51.781283,-4.884,-4.441,1.270,-0.969
2025-12-04T19:13:51.796341,-4.892,-4.446,1.270,-0.969
2025-12-04T19:13:51.812204,-4.901,-4.450,1.270,-0.969
2025-12-04T19:13:51.824853,-4.909,-4.455,1.270,-0.969
2025-12-04T19:13:51.838512,-4.917,-4.460,1.270,-0.969
2025-12-04T19:13:51.855199,-4.925,-4.464,1.270,-0.969
2025-12-04T19:13:51.872194,-4.934,-4.469,1.270,-0.969
2025-12-04T19:13:51.890851,-4.942,-4.473,1.270,-0.969
2025-12-04T19:13:51.907704,-4.950,-4.478,1.270,-0.969
2025-12-04T19:13:51.925291,-4.958,-4.483,1.270,-0.969
2025-12-04T19:13:51.942820,-4.967,-4.487,1.270,-0.969
2025-12-04T19:13:51.960844,-4.975,-4.492,1.270,-0.969
2025-12-04T19:13:51.981388,-4.983,-4.497,1.270,-0.969
2025-12-04T19:13:51.995607,-4.992,-4.501,1.270,-0.969
2025-12-04T19:13:52.011399,-5.000,-4.506,1.270,-0.969
2025-12-04T19:13:52.028065,-5.008,-4.510,1.270,-0.969
2025-12-04T19:13:52.044152,-5.017,-4.515,1.270,-0.969
2025-12-04T19:13:52.059067,-5.025,-4.520,1.270,-0.969
2025-12-04T19:13:52.074852,-5.033,-4.524,1.270,-0.969
2025-12-04T19:13:52.092150,-5.042,-4.529,1.270,-0.969
2025-12-04T19:13:52.109243,-5.050,-4.534,1.270,-0.969
2025-12-04T19:13:52.127332,-5.059,-4.538,1.270,-0.969
2025-12-04T19:13:52.145506,-5.067,-4.543,1.270,-0.969
2025-12-04T19:13:52.162084,-5.075,-4.548,1.270,-0.969
2025-12-04T19:13:52.180132,-5.084,-4.552,1.270,-0.969
2025-12-04T19:13:52.198656,-5.092,-4.557,1.270,-0.969
2025-12-04T19:13:52.215719,-5.101,-4.561,1.270,-0.969
2025-12-04T19:13:52.233642,-5.109,-4.566,1.270,-0.969
2025-12-04T19:13:52.249422,-5.117,-4.571,1.270,-0.969
2025-12-04T19:13:52.266525,-5.126,-4.575,1.270,-0.969
2025-12-04T19:13:52.280790,-5.134,-4.580,1.270,-0.969
2025-12-04T19:13:52.299143,-5.143,-4.585,1.270,-0.969
2025-12-04T19:13:52.310086,-5.151,-4.589,1.270,-0.969
2025-12-04T19:13:52.326789,-5.159,-4.594,1.270,-0.969
2025-12-04T19:13:52.342503,-5.168,-4.599,1.270,-0.969
2025-12-04T19:13:52.364283,-5.176,-4.603,1.270,-0.969
2025-12-04T19:13:52.379451,-5.185,-4.608,1.270,-0.969
2025-12-04T19:13:52.394334,-5.193,-4.613,1.270,-0.969
2025-12-04T19:13:52.410585,-5.202,-4.617,1.270,-0.969
2025-12-04T19:13:52.426540,-5.210,-4.622,1.270,-0.969
2025-12-04T19:13:52.445417,-5.218,-4.627,1.270,-0.969
2025-12-04T19:13:52.462296,-5.227,-4.631,1.270,-0.969
2025-12-04T19:13:52.478491,-5.235,-4.636,1.270,-0.969
2025-12-04T19:13:52.505114,-5.244,-4.641,1.270,-0.969
2025-12-04T19:13:52.523808,-5.252,-4.645,1.270,-0.969
2025-12-04T19:13:52.537779,-5.261,-4.650,1.270,-0.969
2025-12-04T19:13:52.554643,-5.269,-4.654,1.270,-0.969
2025-12-04T19:13:52.568137,-5.278,-4.659,1.270,-0.969
2025-12-04T19:13:52.582369,-5.286,-4.664,1.270,-0.969
2025-12-04T19:13:52.597216,-5.295,-4.668,1.270,-0.969
2025-12-04T19:13:52.611447,-5.303,-4.673,1.270,-0.969
2025-12-04T19:13:52.624523,-5.312,-4.678,1.270,-0.969
2025-12-04T19:13:52.638715,-5.320,-4.682,1.270,-0.969
2025-12-04T19:13:52.654273,-5.328,-4.687,1.270,-0.969
2025-12-04T19:13:52.676176,-5.337,-4.692,1.270,-0.969
2025-12-04T19:13:52.689686,-5.345,-4.696,1.270,-0.969
2025-12-04T19:13:52.704218,-5.354,-4.701,1.270,-0.969
2025-12-04T19:13:52.721464,-5.362,-4.706,1.270,-0.969
2025-12-04T19:13:52.736761,-5.371,-4.710,1.270,-0.969
2025-12-04T19:13:52.753496,-5.379,-4.715,1.270,-0.969
2025-12-04T19:13:52.771980,-5.388,-4.720,1.270,-0.969
2025-12-04T19:13:52.789219,-5.396,-4.724,1.270,-0.969
2025-12-04T19:13:52.808579,-5.405,-4.729,1.270,-0.969
2025-12-04T19:13:52.826816,-5.413,-4.734,1.270,-0.969
2025-12-04T19:13:52.841784,-5.422,-4.738,1.270,-0.969
2025-12-04T19:13:52.861861,-5.430,-4.743,1.270,-0.969
2025-12-04T19:13:52.877344,-5.439,-4.748,1.270,-0.969
2025-12-04T19:13:52.894131,-5.447,-4.752,1.270,-0.969
2025-12-04T19:13:52.906771,-5.456,-4.757,1.270,-0.969
2025-12-04T19:13:52.919362,-5.464,-4.762,1.270,-0.969
2025-12-04T19:13:52.933934,-5.473,-4.766,1.270,-0.969
2025-12-04T19:13:52.949552,-5.481,-4.771,1.270,-0.969
2025-12-04T19:13:52.962617,-5.490,-4.776,1.270,-0.969
2025-12-04T19:13:52.977409,-5.498,-4.780,1.270,-0.969
2025-12-04T19:13:52.994261,-5.507,-4.785,1.270,-0.969
2025-12-04T19:13:53.013645,-5.515,-4.790,1.270,-0.969
2025-12-04T19:13:53.027242,-5.524,-4.794,1.270,-0.969
2025-12-04T19:13:53.044776,-5.532,-4.799,1.270,-0.969
2025-12-04T19:13:53.062833,-5.541,-4.804,1.270,-0.969
2025-12-04T19:13:53.081719,-5.549,-4.808,1.270,-0.969
2025-12-04T19:13:53.099388,-5.558,-4.813,1.270,-0.969
2025-12-04T19:13:53.117296,-5.566,-4.818,1.270,-0.969
2025-12-04T19:13:53.132317,-5.575,-4.822,1.270,-0.969
2025-12-04T19:13:53.151716,-5.583,-4.827,1.270,-0.969
2025-12-04T19:13:53.166740,-5.592,-4.832,1.270,-0.969
2025-12-04T19:13:53.184873,-5.600,-4.836,1.270,-0.969
2025-12-04T19:13:53.200048,-5.609,-4.841,1.270,-0.969
2025-12-04T19:13:53.215381,-5.617,-4.846,1.270,-0.969
2025-12-04T19:13:53.232825,-5.626,-4.850,1.270,-0.969
2025-12-04T19:13:53.248280,-5.634,-4.855,1.270,-0.969
2025-12-04T19:13:53.263875,-5.643,-4.860,1.270,-0.969
2025-12-04T19:13:53.280194,-5.651,-4.864,1.270,-0.969
2025-12-04T19:13:53.296946,-5.660,-4.869,1.270,-0.969
2025-12-04T19:13:53.314231,-5.668,-4.874,1.270,-0.969
2025-12-04T19:13:53.328657,-5.669,-4.874,1.270,-0.972
2025-12-04T19:13:53.347022,-5.669,-4.874,1.270,-0.975
2025-12-04T19:13:53.364057,-5.670,-4.875,1.270,-0.979
2025-12-04T19:13:53.383697,-5.671,-4.875,1.270,-0.981
2025-12-04T19:13:53.400339,-5.671,-4.875,1.270,-0.984
2025-12-04T19:13:53.417440,-5.672,-4.876,1.270,-0.987
2025-12-04T19:13:53.432003,-5.672,-4.876,1.270,-0.989
2025-12-04T19:13:53.448373,-5.673,-4.876,1.270,-0.991
2025-12-04T19:13:53.462958,-5.673,-4.877,1.270,-0.993
2025-12-04T19:13:53.477217,-5.674,-4.877,1.270,-0.994
2025-12-04T19:13:53.491860,-5.674,-4.877,1.270,-0.996
2025-12-04T19:13:53.509391,-5.675,-4.877,1.270,-0.997
2025-12-04T19:13:53.524506,-5.675,-4.878,1.270,-0.998
2025-12-04T19:13:53.541414,-5.676,-4.878,1.270,-0.999
2025-12-04T19:13:53.558252,-5.676,-4.878,1.270,-0.999
2025-12-04T19:13:53.577182,-5.676,-4.878,1.270,-1.000
2025-12-04T19:13:53.602687,-5.677,-4.878,1.270,-1.000
2025-12-04T19:13:53.618540,-5.677,-4.879,1.270,1.000
2025-12-04T19:13:53.634629,-5.677,-4.879,1.270,1.000
2025-12-04T19:13:53.652156,-5.678,-4.879,1.270,0.999
2025-12-04T19:13:53.668114,-5.678,-4.879,1.270,0.999
2025-12-04T19:13:53.684102,-5.678,-4.879,1.270,0.998
2025-12-04T19:13:53.697311,-5.679,-4.880,1.270,0.997
2025-12-04T19:13:53.714909,-5.688,-4.878,1.270,0.997
2025-12-04T19:13:53.728795,-5.697,-4.877,1.270,0.997
2025-12-04T19:13:53.744311,-5.706,-4.876,1.270,0.997
2025-12-04T19:13:53.759970,-5.715,-4.874,1.270,0.997
2025-12-04T19:13:53.777002,-5.725,-4.873,1.270,0.997
2025-12-04T19:13:53.796582,-5.734,-4.872,1.270,0.997
2025-12-04T19:13:53.812501,-5.743,-4.870,1.270,0.997
2025-12-04T19:13:53.829109,-5.752,-4.869,1.270,0.997
2025-12-04T19:13:53.847671,-5.761,-4.868,1.270,0.997
2025-12-04T19:13:53.863681,-5.771,-4.866,1.270,0.997
2025-12-04T19:13:53.882356,-5.780,-4.865,1.270,0.997
2025-12-04T19:13:53.906985,-5.789,-4.864,1.270,0.997
2025-12-04T19:13:53.923944,-5.799,-4.862,1.270,0.997
2025-12-04T19:13:53.942520,-5.808,-4.861,1.270,0.997
2025-12-04T19:13:53.955377,-5.817,-4.860,1.270,0.997
2025-12-04T19:13:53.970633,-5.826,-4.858,1.270,0.997
2025-12-04T19:13:53.985587,-5.836,-4.857,1.270,0.997
2025-12-04T19:13:53.998999,-5.845,-4.855,1.270,0.997
2025-12-04T19:13:54.012890,-5.855,-4.854,1.270,0.997
2025-12-04T19:13:54.026062,-5.864,-4.853,1.270,0.997
2025-12-04T19:13:54.040869,-5.873,-4.851,1.270,0.997
2025-12-04T19:13:54.059251,-5.883,-4.850,1.270,0.997
2025-12-04T19:13:54.070985,-5.892,-4.848,1.270,0.997
2025-12-04T19:13:54.085816,-5.901,-4.847,1.270,0.997
2025-12-04T19:13:54.102928,-5.911,-4.845,1.270,0.997
2025-12-04T19:13:54.118922,-5.920,-4.844,1.270,0.997
2025-12-04T19:13:54.135431,-5.930,-4.843,1.270,0.997
2025-12-04T19:13:54.154247,-5.939,-4.841,1.270,0.997
2025-12-04T19:13:54.172758,-5.948,-4.840,1.270,0.997
2025-12-04T19:13:54.187984,-5.958,-4.838,1.270,0.997
2025-12-04T19:13:54.209925,-5.967,-4.837,1.270,0.997
2025-12-04T19:13:54.225648,-5.977,-4.835,1.270,0.997
2025-12-04T19:13:54.244566,-5.986,-4.834,1.270,0.997
2025-12-04T19:13:54.262348,-5.996,-4.832,1.270,0.997
2025-12-04T19:13:54.279138,-6.005,-4.831,1.270,0.997
2025-12-04T19:13:54.297473,-6.014,-4.829,1.270,0.997
2025-12-04T19:13:54.312368,-6.024,-4.828,1.270,0.997
2025-12-04T19:13:54.329559,-6.033,-4.827,1.270,0.997
2025-12-04T19:13:54.344960,-6.043,-4.825,1.270,0.997
2025-12-04T19:13:54.360056,-6.052,-4.824,1.270,0.997
2025-12-04T19:13:54.376884,-6.062,-4.822,1.270,0.997
2025-12-04T19:13:54.390938,-6.071,-4.821,1.270,0.997
2025-12-04T19:13:54.408356,-6.081,-4.819,1.270,0.997
2025-12-04T19:13:54.423356,-6.090,-4.818,1.270,0.997
2025-12-04T19:13:54.439961,-6.100,-4.816,1.270,0.997
2025-12-04T19:13:54.454941,-6.109,-4.815,1.270,0.997
2025-12-04T19:13:54.471711,-6.119,-4.813,1.270,0.997
2025-12-04T19:13:54.488499,-6.128,-4.812,1.270,0.997
2025-12-04T19:13:54.511900,-6.138,-4.810,1.270,0.997
2025-12-04T19:13:54.525917,-6.147,-4.809,1.270,0.997
2025-12-04T19:13:54.541218,-6.157,-4.807,1.270,0.997
2025-12-04T19:13:54.556961,-6.166,-4.806,1.270,0.997
2025-12-04T19:13:54.571245,-6.176,-4.804,1.270,0.997
2025-12-04T19:13:54.585671,-6.185,-4.803,1.270,0.997
2025-12-04T19:13:54.598880,-6.195,-4.801,1.270,0.997
2025-12-04T19:13:54.614680,-6.204,-4.800,1.270,0.997
2025-12-04T19:13:54.630208,-6.214,-4.798,1.270,0.997
2025-12-04T19:13:54.645369,-6.223,-4.797,1.270,0.997
2025-12-04T19:13:54.660411,-6.233,-4.795,1.270,0.997
2025-12-04T19:13:54.676989,-6.242,-4.793,1.270,0.997
2025-12-04T19:13:54.695177,-6.252,-4.792,1.270,0.997
2025-12-04T19:13:54.713565,-6.262,-4.790,1.270,0.997
2025-12-04T19:13:54.730160,-6.271,-4.789,1.270,0.997
2025-12-04T19:13:54.746352,-6.281,-4.787,1.270,0.997
2025-12-04T19:13:54.766636,-6.290,-4.786,1.270,0.997
2025-12-04T19:13:54.784445,-6.300,-4.784,1.270,0.997
2025-12-04T19:13:54.802940,-6.309,-4.783,1.270,0.997
2025-12-04T19:13:54.820679,-6.319,-4.781,1.270,0.997
2025-12-04T19:13:54.836835,-6.328,-4.780,1.270,0.997
2025-12-04T19:13:54.852956,-6.338,-4.778,1.270,0.997
2025-12-04T19:13:54.868927,-6.347,-4.777,1.270,0.997
2025-12-04T19:13:54.885775,-6.357,-4.775,1.270,0.997
2025-12-04T19:13:54.906129,-6.367,-4.774,1.270,0.997
2025-12-04T19:13:54.914372,-6.376,-4.772,1.270,0.997
2025-12-04T19:13:54.930012,-6.386,-4.771,1.270,0.997
2025-12-04T19:13:54.944566,-6.395,-4.769,1.270,0.997
2025-12-04T19:13:54.960860,-6.405,-4.768,1.270,0.997
2025-12-04T19:13:54.978049,-6.414,-4.766,1.270,0.997
2025-12-04T19:13:54.992132,-6.424,-4.764,1.270,0.997
2025-12-04T19:13:55.010663,-6.433,-4.763,1.270,0.997
2025-12-04T19:13:55.026599,-6.443,-4.761,1.270,0.997
2025-12-04T19:13:55.044230,-6.453,-4.760,1.270,0.997
2025-12-04T19:13:55.062049,-6.462,-4.758,1.270,0.997
2025-12-04T19:13:55.080678,-6.472,-4.757,1.270,0.997
2025-12-04T19:13:55.099819,-6.481,-4.755,1.270,0.997
2025-12-04T19:13:55.116304,-6.491,-4.754,1.270,0.997
2025-12-04T19:13:55.137383,-6.500,-4.752,1.270,0.997
2025-12-04T19:13:55.152468,-6.510,-4.751,1.270,0.997
2025-12-04T19:13:55.166263,-6.520,-4.749,1.270,0.997
2025-12-04T19:13:55.181857,-6.529,-4.747,1.270,0.997
2025-12-04T19:13:55.195984,-6.539,-4.746,1.270,0.997
2025-12-04T19:13:55.211179,-6.548,-4.744,1.270,0.997
2025-12-04T19:13:55.224708,-6.558,-4.743,1.270,0.997
2025-12-04T19:13:55.241172,-6.567,-4.741,1.270,0.997
2025-12-04T19:13:55.256482,-6.577,-4.740,1.270,0.997
2025-12-04T19:13:55.273805,-6.587,-4.738,1.270,0.997
2025-12-04T19:13:55.290818,-6.596,-4.737,1.270,0.997
2025-12-04T19:13:55.307248,-6.606,-4.735,1.270,0.997
2025-12-04T19:13:55.324419,-6.615,-4.734,1.270,0.997
2025-12-04T19:13:55.342891,-6.625,-4.732,1.270,0.997
2025-12-04T19:13:55.360567,-6.634,-4.730,1.270,0.997
2025-12-04T19:13:55.379155,-6.644,-4.729,1.270,0.997
2025-12-04T19:13:55.395297,-6.654,-4.727,1.270,0.997
2025-12-04T19:13:55.414650,-6.663,-4.726,1.270,0.997
2025-12-04T19:13:55.430979,-6.673,-4.724,1.270,0.997
2025-12-04T19:13:55.446975,-6.682,-4.723,1.270,0.997
2025-12-04T19:13:55.462826,-6.692,-4.721,1.270,0.997
2025-12-04T19:13:55.478800,-6.701,-4.720,1.270,0.997
2025-12-04T19:13:55.494174,-6.711,-4.718,1.270,0.997
2025-12-04T19:13:55.509005,-6.721,-4.717,1.270,0.997
2025-12-04T19:13:55.524317,-6.730,-4.715,1.270,0.997
2025-12-04T19:13:55.541140,-6.740,-4.713,1.270,0.997
2025-12-04T19:13:55.558716,-6.749,-4.712,1.270,0.997
2025-12-04T19:13:55.575621,-6.759,-4.710,1.270,0.997
2025-12-04T19:13:55.593803,-6.768,-4.709,1.270,0.997
2025-12-04T19:13:55.612143,-6.778,-4.707,1.270,0.997
2025-12-04T19:13:55.627392,-6.788,-4.706,1.270,0.997
2025-12-04T19:13:55.646580,-6.797,-4.704,1.270,0.997
2025-12-04T19:13:55.661098,-6.807,-4.703,1.270,0.997
2025-12-04T19:13:55.678202,-6.816,-4.701,1.270,0.997
2025-12-04T19:13:55.696380,-6.826,-4.700,1.270,0.997
2025-12-04T19:13:55.712001,-6.836,-4.698,1.270,0.997
2025-12-04T19:13:55.726345,-6.845,-4.696,1.270,0.997
2025-12-04T19:13:55.742722,-6.855,-4.695,1.270,0.997
2025-12-04T19:13:55.765948,-6.864,-4.693,1.270,0.997
2025-12-04T19:13:55.780662,-6.874,-4.692,1.270,0.997
2025-12-04T19:13:55.796574,-6.883,-4.690,1.270,0.997
2025-12-04T19:13:55.809642,-6.893,-4.689,1.270,0.997
2025-12-04T19:13:55.824022,-6.903,-4.687,1.270,0.997
2025-12-04T19:13:55.838775,-6.912,-4.686,1.270,0.997
2025-12-04T19:13:55.855605,-6.922,-4.684,1.270,0.997
2025-12-04T19:13:55.870673,-6.931,-4.682,1.270,0.997
2025-12-04T19:13:55.888438,-6.941,-4.681,1.270,0.997
2025-12-04T19:13:55.902883,-6.951,-4.679,1.270,0.997
2025-12-04T19:13:55.920779,-6.960,-4.678,1.270,0.997
2025-12-04T19:13:55.939470,-6.970,-4.676,1.270,0.997
2025-12-04T19:13:55.956832,-6.979,-4.675,1.270,0.997
2025-12-04T19:13:55.975174,-6.989,-4.673,1.270,0.997
2025-12-04T19:13:55.993843,-6.998,-4.672,1.270,0.997
2025-12-04T19:13:56.011483,-7.008,-4.670,1.270,0.997
2025-12-04T19:13:56.027494,-7.018,-4.668,1.270,0.997
2025-12-04T19:13:56.043576,-7.027,-4.667,1.270,0.997
2025-12-04T19:13:56.067442,-7.037,-4.665,1.270,0.997
2025-12-04T19:13:56.078399,-7.046,-4.664,1.270,0.997
2025-12-04T19:13:56.091963,-7.056,-4.662,1.270,0.997
2025-12-04T19:13:56.105527,-7.066,-4.661,1.270,0.997
2025-12-04T19:13:56.119551,-7.075,-4.659,1.270,0.997
2025-12-04T19:13:56.137441,-7.085,-4.658,1.270,0.997
2025-12-04T19:13:56.150003,-7.094,-4.656,1.270,0.997
2025-12-04T19:13:56.166568,-7.104,-4.654,1.270,0.997
2025-12-04T19:13:56.182175,-7.114,-4.653,1.270,0.997
2025-12-04T19:13:56.198550,-7.123,-4.651,1.270,0.997
2025-12-04T19:13:56.215857,-7.133,-4.650,1.270,0.997
2025-12-04T19:13:56.233687,-7.142,-4.648,1.270,0.997
2025-12-04T19:13:56.251308,-7.152,-4.647,1.270,0.997
2025-12-04T19:13:56.269197,-7.161,-4.645,1.270,0.997
2025-12-04T19:13:56.288432,-7.171,-4.644,1.270,0.997
2025-12-04T19:13:56.304831,-7.181,-4.642,1.270,0.997
2025-12-04T19:13:56.322528,-7.190,-4.640,1.270,0.997
2025-12-04T19:13:56.336728,-7.200,-4.639,1.270,0.997
2025-12-04T19:13:56.354093,-7.209,-4.637,1.270,0.997
2025-12-04T19:13:56.368980,-7.219,-4.636,1.270,0.997
2025-12-04T19:13:56.383734,-7.229,-4.634,1.270,0.997
2025-12-04T19:13:56.399433,-7.238,-4.633,1.270,0.997
2025-12-04T19:13:56.415193,-7.248,-4.631,1.270,0.997
2025-12-04T19:13:56.429872,-7.257,-4.630,1.270,0.997
2025-12-04T19:13:56.446394,-7.267,-4.628,1.270,0.997
2025-12-04T19:13:56.463709,-7.277,-4.626,1.270,0.997
2025-12-04T19:13:56.480346,-7.286,-4.625,1.270,0.997
2025-12-04T19:13:56.498641,-7.296,-4.623,1.270,0.997
2025-12-04T19:13:56.514257,-7.305,-4.622,1.270,0.997
2025-12-04T19:13:56.533105,-7.315,-4.620,1.270,0.997
2025-12-04T19:13:56.550111,-7.324,-4.619,1.270,0.997
2025-12-04T19:13:56.567784,-7.334,-4.617,1.270,0.997
2025-12-04T19:13:56.584800,-7.344,-4.616,1.270,0.997
2025-12-04T19:13:56.602435,-7.353,-4.614,1.270,0.997
2025-12-04T19:13:56.618116,-7.363,-4.612,1.270,0.997
2025-12-04T19:13:56.632868,-7.372,-4.611,1.270,0.997
2025-12-04T19:13:56.648153,-7.382,-4.609,1.270,0.997
2025-12-04T19:13:56.663715,-7.392,-4.608,1.270,0.997
2025-12-04T19:13:56.683228,-7.401,-4.606,1.270,0.997
2025-12-04T19:13:56.697314,-7.411,-4.605,1.270,0.997
2025-12-04T19:13:56.714662,-7.420,-4.603,1.270,0.997
2025-12-04T19:13:56.730536,-7.430,-4.602,1.270,0.997
2025-12-04T19:13:56.750395,-7.440,-4.600,1.270,0.997
2025-12-04T19:13:56.766444,-7.449,-4.598,1.270,0.997
2025-12-04T19:13:56.783700,-7.459,-4.597,1.270,0.997
2025-12-04T19:13:56.801287,-7.468,-4.595,1.270,0.997
2025-12-04T19:13:56.817353,-7.478,-4.594,1.270,0.997
2025-12-04T19:13:56.834521,-7.487,-4.592,1.270,0.997
2025-12-04T19:13:56.849790,-7.497,-4.591,1.270,0.997
2025-12-04T19:13:56.865659,-7.507,-4.589,1.270,0.997
2025-12-04T19:13:56.879968,-7.516,-4.588,1.270,0.997
2025-12-04T19:13:56.895416,-7.526,-4.586,1.270,0.997
2025-12-04T19:13:56.911142,-7.535,-4.584,1.270,0.997
2025-12-04T19:13:56.927407,-7.545,-4.583,1.270,0.997
2025-12-04T19:13:56.941851,-7.555,-4.581,1.270,0.997
2025-12-04T19:13:56.959410,-7.564,-4.580,1.270,0.997
2025-12-04T19:13:56.976837,-7.574,-4.578,1.270,0.997
2025-12-04T19:13:56.994385,-7.583,-4.577,1.270,0.997
2025-12-04T19:13:57.012297,-7.593,-4.575,1.270,0.997
2025-12-04T19:13:57.029400,-7.603,-4.574,1.270,0.997
2025-12-04T19:13:57.047081,-7.612,-4.572,1.270,0.997
2025-12-04T19:13:57.063617,-7.622,-4.570,1.270,0.997
2025-12-04T19:13:57.082683,-7.631,-4.569,1.270,0.997
2025-12-04T19:13:57.097280,-7.641,-4.567,1.270,0.997
2025-12-04T19:13:57.113222,-7.650,-4.566,1.270,0.997
2025-12-04T19:13:57.130431,-7.660,-4.564,1.270,0.997
2025-12-04T19:13:57.142691,-7.670,-4.563,1.270,0.997
2025-12-04T19:13:57.158346,-7.679,-4.561,1.270,0.997
2025-12-04T19:13:57.175223,-7.689,-4.560,1.270,0.997
2025-12-04T19:13:57.189914,-7.698,-4.558,1.270,0.997
2025-12-04T19:13:57.208676,-7.708,-4.556,1.270,0.997
2025-12-04T19:13:57.225604,-7.718,-4.555,1.270,0.997
2025-12-04T19:13:57.242847,-7.727,-4.553,1.270,0.997
2025-12-04T19:13:57.260189,-7.737,-4.552,1.270,0.997
2025-12-04T19:13:57.275739,-7.746,-4.550,1.270,0.997
2025-12-04T19:13:57.291546,-7.756,-4.549,1.270,0.997
2025-12-04T19:13:57.312630,-7.766,-4.547,1.270,0.997
2025-12-04T19:13:57.327228,-7.775,-4.546,1.270,0.997
2025-12-04T19:13:57.340546,-7.785,-4.544,1.270,0.997
2025-12-04T19:13:57.353847,-7.794,-4.542,1.270,0.997
2025-12-04T19:13:57.368778,-7.804,-4.541,1.270,0.997
2025-12-04T19:13:57.382450,-7.814,-4.539,1.270,0.997
2025-12-04T19:13:57.399019,-7.823,-4.538,1.270,0.997
2025-12-04T19:13:57.415467,-7.833,-4.536,1.270,0.997
2025-12-04T19:13:57.432361,-7.842,-4.535,1.270,0.997
2025-12-04T19:13:57.450097,-7.852,-4.533,1.270,0.997
2025-12-04T19:13:57.467191,-7.861,-4.532,1.270,0.997
2025-12-04T19:13:57.485711,-7.871,-4.530,1.270,0.997
2025-12-04T19:13:57.503852,-7.881,-4.528,1.270,0.997
2025-12-04T19:13:57.520622,-7.890,-4.527,1.270,0.997
2025-12-04T19:13:57.539723,-7.900,-4.525,1.270,0.997
2025-12-04T19:13:57.555374,-7.909,-4.524,1.270,0.997
2025-12-04T19:13:57.572381,-7.919,-4.522,1.270,0.997
2025-12-04T19:13:57.589667,-7.929,-4.521,1.270,0.997
2025-12-04T19:13:57.605203,-7.938,-4.519,1.270,0.997
2025-12-04T19:13:57.619624,-7.948,-4.518,1.270,0.997
2025-12-04T19:13:57.635960,-7.957,-4.516,1.270,0.997
2025-12-04T19:13:57.647093,-7.967,-4.514,1.270,0.997
2025-12-04T19:13:57.662714,-7.977,-4.513,1.270,0.997
2025-12-04T19:13:57.675225,-7.986,-4.511,1.270,0.997
2025-12-04T19:13:57.690240,-7.996,-4.510,1.270,0.997
2025-12-04T19:13:57.708724,-8.005,-4.508,1.270,0.997
2025-12-04T19:13:57.725401,-8.015,-4.507,1.270,0.997
2025-12-04T19:13:57.741147,-8.024,-4.505,1.270,0.997
2025-12-04T19:13:57.759368,-8.034,-4.504,1.270,0.997
2025-12-04T19:13:57.777353,-8.044,-4.502,1.270,0.997
2025-12-04T19:13:57.797167,-8.053,-4.500,1.270,0.997
2025-12-04T19:13:57.815072,-8.063,-4.499,1.270,0.997
2025-12-04T19:13:57.830753,-8.072,-4.497,1.270,0.997
2025-12-04T19:13:57.849343,-8.082,-4.496,1.270,0.997
2025-12-04T19:13:57.865679,-8.092,-4.494,1.270,0.997
2025-12-04T19:13:57.886171,-8.101,-4.493,1.270,0.997
2025-12-04T19:13:57.901550,-8.111,-4.491,1.270,0.997
2025-12-04T19:13:57.916624,-8.120,-4.490,1.270,0.997
2025-12-04T19:13:57.935480,-8.130,-4.488,1.270,0.997
2025-12-04T19:13:57.948087,-8.131,-4.488,1.270,0.996
2025-12-04T19:13:57.962212,-8.131,-4.488,1.270,0.994
2025-12-04T19:13:57.976714,-8.132,-4.488,1.270,0.992
2025-12-04T19:13:57.991102,-8.133,-4.488,1.270,0.990
2025-12-04T19:13:58.005000,-8.133,-4.487,1.270,0.988
2025-12-04T19:13:58.019996,-8.134,-4.487,1.270,0.986
2025-12-04T19:13:58.035608,-8.135,-4.487,1.270,0.984
2025-12-04T19:13:58.051541,-8.135,-4.487,1.270,0.981
2025-12-04T19:13:58.068808,-8.136,-4.487,1.270,0.978
2025-12-04T19:13:58.086762,-8.136,-4.487,1.270,0.975
2025-12-04T19:13:58.104308,-8.137,-4.487,1.270,0.972
2025-12-04T19:13:58.121652,-8.137,-4.487,1.270,0.968
2025-12-04T19:13:58.139091,-8.138,-4.487,1.270,0.964
2025-12-04T19:13:58.155838,-8.138,-4.487,1.270,0.960
2025-12-04T19:13:58.171138,-8.139,-4.487,1.270,0.956
2025-12-04T19:13:58.189603,-8.139,-4.487,1.270,0.952
2025-12-04T19:13:58.205410,-8.140,-4.486,1.270,0.948
2025-12-04T19:13:58.217533,-8.140,-4.486,1.270,0.943
2025-12-04T19:13:58.231142,-8.141,-4.486,1.270,0.938
2025-12-04T19:13:58.246645,-8.141,-4.486,1.270,0.933
2025-12-04T19:13:58.263976,-8.141,-4.486,1.270,0.928
2025-12-04T19:13:58.279486,-8.142,-4.486,1.270,0.922
2025-12-04T19:13:58.298654,-8.142,-4.486,1.270,0.916
2025-12-04T19:13:58.316669,-8.142,-4.486,1.270,0.911
2025-12-04T19:13:58.334728,-8.143,-4.486,1.270,0.905
2025-12-04T19:13:58.351482,-8.143,-4.486,1.270,0.898
2025-12-04T19:13:58.370140,-8.143,-4.486,1.270,0.892
2025-12-04T19:13:58.385427,-8.144,-4.486,1.270,0.885
2025-12-04T19:13:58.404423,-8.144,-4.486,1.270,0.879
2025-12-04T19:13:58.419423,-8.144,-4.486,1.270,0.872
2025-12-04T19:13:58.435688,-8.144,-4.486,1.270,0.864
2025-12-04T19:13:58.450840,-8.145,-4.486,1.270,0.857
2025-12-04T19:13:58.466413,-8.145,-4.486,1.270,0.850
2025-12-04T19:13:58.479865,-8.145,-4.486,1.270,0.842
2025-12-04T19:13:58.496723,-8.145,-4.486,1.270,0.834
2025-12-04T19:13:58.510482,-8.146,-4.486,1.270,0.826
2025-12-04T19:13:58.526576,-8.146,-4.485,1.270,0.818
2025-12-04T19:13:58.544812,-8.146,-4.485,1.270,0.809
2025-12-04T19:13:58.560456,-8.146,-4.485,1.270,0.801
2025-12-04T19:13:58.577669,-8.146,-4.485,1.270,0.792
2025-12-04T19:13:58.595092,-8.147,-4.485,1.270,0.783
2025-12-04T19:13:58.613114,-8.147,-4.485,1.270,0.774
2025-12-04T19:13:58.631732,-8.147,-4.485,1.270,0.765
2025-12-04T19:13:58.650620,-8.147,-4.485,1.270,0.756
2025-12-04T19:13:58.668546,-8.147,-4.485,1.270,0.746
2025-12-04T19:13:58.683261,-8.147,-4.485,1.270,0.737
2025-12-04T19:13:58.702355,-8.148,-4.485,1.270,0.727
2025-12-04T19:13:58.719762,-8.148,-4.485,1.270,0.717
2025-12-04T19:13:58.734294,-8.148,-4.485,1.270,0.707
2025-12-04T19:13:58.749384,-8.148,-4.485,1.270,0.696
2025-12-04T19:13:58.766379,-8.148,-4.485,1.270,0.686
2025-12-04T19:13:58.781358,-8.148,-4.485,1.270,0.675
2025-12-04T19:13:58.795159,-8.148,-4.485,1.270,0.665
2025-12-04T19:13:58.811645,-8.149,-4.485,1.270,0.654
2025-12-04T19:13:58.827684,-8.149,-4.485,1.270,0.643
2025-12-04T19:13:58.850488,-8.149,-4.485,1.270,0.632
2025-12-04T19:13:58.866724,-8.149,-4.485,1.270,0.621
2025-12-04T19:13:58.883232,-8.149,-4.485,1.270,0.609
2025-12-04T19:13:58.898783,-8.147,-4.476,1.270,0.609
2025-12-04T19:13:58.914781,-8.145,-4.468,1.270,0.609
2025-12-04T19:13:58.930402,-8.142,-4.459,1.270,0.609
2025-12-04T19:13:58.943914,-8.140,-4.450,1.270,0.609
2025-12-04T19:13:58.957745,-8.138,-4.441,1.270,0.609
2025-12-04T19:13:58.970637,-8.136,-4.433,1.270,0.609
2025-12-04T19:13:58.985230,-8.133,-4.424,1.270,0.609
2025-12-04T19:13:59.000436,-8.131,-4.415,1.270,0.609
2025-12-04T19:13:59.018275,-8.129,-4.406,1.270,0.609
2025-12-04T19:13:59.031595,-8.126,-4.397,1.270,0.609
2025-12-04T19:13:59.049131,-8.124,-4.388,1.270,0.609
2025-12-04T19:13:59.065505,-8.122,-4.379,1.270,0.609
2025-12-04T19:13:59.083405,-8.120,-4.371,1.270,0.609
2025-12-04T19:13:59.100235,-8.117,-4.362,1.270,0.609
2025-12-04T19:13:59.117930,-8.115,-4.353,1.270,0.609
2025-12-04T19:13:59.135738,-8.113,-4.344,1.270,0.609
2025-12-04T19:13:59.151427,-8.110,-4.335,1.270,0.609
2025-12-04T19:13:59.169380,-8.108,-4.326,1.270,0.609
2025-12-04T19:13:59.186951,-8.106,-4.317,1.270,0.609
2025-12-04T19:13:59.203766,-8.103,-4.308,1.270,0.609
2025-12-04T19:13:59.219549,-8.101,-4.299,1.270,0.609
2025-12-04T19:13:59.239025,-8.099,-4.290,1.270,0.609
2025-12-04T19:13:59.248530,-8.096,-4.281,1.270,0.609
2025-12-04T19:13:59.264992,-8.094,-4.272,1.270,0.609
2025-12-04T19:13:59.277811,-8.091,-4.262,1.270,0.609
2025-12-04T19:13:59.294521,-8.089,-4.253,1.270,0.609
2025-12-04T19:13:59.309842,-8.087,-4.244,1.270,0.609
2025-12-04T19:13:59.329213,-8.084,-4.235,1.270,0.609
2025-12-04T19:13:59.345930,-8.082,-4.226,1.270,0.609
2025-12-04T19:13:59.363835,-8.080,-4.217,1.270,0.609
2025-12-04T19:13:59.382107,-8.077,-4.208,1.270,0.609
2025-12-04T19:13:59.398426,-8.075,-4.199,1.270,0.609
2025-12-04T19:13:59.416654,-8.072,-4.189,1.270,0.609
2025-12-04T19:13:59.433077,-8.070,-4.180,1.270,0.609
2025-12-04T19:13:59.449414,-8.067,-4.171,1.270,0.609
2025-12-04T19:13:59.470581,-8.065,-4.162,1.270,0.609
2025-12-04T19:13:59.486223,-8.063,-4.153,1.270,0.609
2025-12-04T19:13:59.499588,-8.060,-4.144,1.270,0.609
2025-12-04T19:13:59.516446,-8.058,-4.134,1.270,0.609
2025-12-04T19:13:59.529342,-8.055,-4.125,1.270,0.609
2025-12-04T19:13:59.546204,-8.053,-4.116,1.270,0.609
2025-12-04T19:13:59.560402,-8.053,-4.115,1.270,0.621
2025-12-04T19:13:59.577713,-8.053,-4.115,1.270,0.632
2025-12-04T19:13:59.593767,-8.053,-4.114,1.270,0.643
2025-12-04T19:13:59.611192,-8.053,-4.114,1.270,0.654
2025-12-04T19:13:59.628356,-8.052,-4.113,1.270,0.665
2025-12-04T19:13:59.644308,-8.052,-4.113,1.270,0.675
2025-12-04T19:13:59.664547,-8.052,-4.112,1.270,0.686
2025-12-04T19:13:59.680295,-8.052,-4.112,1.270,0.696
2025-12-04T19:13:59.700309,-8.052,-4.112,1.270,0.707
2025-12-04T19:13:59.718365,-8.052,-4.111,1.270,0.717
2025-12-04T19:13:59.731175,-8.052,-4.111,1.270,0.727
2025-12-04T19:13:59.750750,-8.052,-4.110,1.270,0.737
2025-12-04T19:13:59.771769,-8.052,-4.110,1.270,0.746
2025-12-04T19:13:59.785829,-8.052,-4.110,1.270,0.756
2025-12-04T19:13:59.801611,-8.052,-4.109,1.270,0.765
2025-12-04T19:13:59.814919,-8.051,-4.109,1.270,0.774
2025-12-04T19:13:59.829614,-8.053,-4.100,1.270,0.774
2025-12-04T19:13:59.847707,-8.055,-4.091,1.270,0.774
2025-12-04T19:13:59.863947,-8.057,-4.082,1.270,0.774
2025-12-04T19:13:59.879999,-8.058,-4.073,1.270,0.774
2025-12-04T19:13:59.896409,-8.060,-4.063,1.270,0.774
2025-12-04T19:13:59.912930,-8.062,-4.054,1.270,0.774
2025-12-04T19:13:59.931146,-8.064,-4.045,1.270,0.774
2025-12-04T19:13:59.948330,-8.065,-4.036,1.270,0.774
2025-12-04T19:13:59.966790,-8.067,-4.027,1.270,0.774
2025-12-04T19:13:59.984288,-8.069,-4.017,1.270,0.774
2025-12-04T19:13:59.997981,-8.071,-4.008,1.270,0.774
2025-12-04T19:14:00.012649,-8.072,-3.999,1.270,0.774
2025-12-04T19:14:00.029634,-8.074,-3.990,1.270,0.774
2025-12-04T19:14:00.044486,-8.076,-3.980,1.270,0.774
2025-12-04T19:14:00.058115,-8.078,-3.971,1.270,0.774
2025-12-04T19:14:00.074216,-8.080,-3.962,1.270,0.774
2025-12-04T19:14:00.089609,-8.081,-3.953,1.270,0.774
2025-12-04T19:14:00.104391,-8.083,-3.943,1.270,0.774
2025-12-04T19:14:00.123022,-8.085,-3.934,1.270,0.774
2025-12-04T19:14:00.139893,-8.087,-3.925,1.270,0.774
2025-12-04T19:14:00.158532,-8.089,-3.915,1.270,0.774
2025-12-04T19:14:00.176404,-8.091,-3.906,1.270,0.774
2025-12-04T19:14:00.193531,-8.092,-3.897,1.270,0.774
2025-12-04T19:14:00.212128,-8.094,-3.888,1.270,0.774
2025-12-04T19:14:00.228841,-8.096,-3.879,1.270,0.774
2025-12-04T19:14:00.244211,-8.099,-3.870,1.270,0.774
2025-12-04T19:14:00.262193,-8.101,-3.861,1.270,0.774
2025-12-04T19:14:00.278541,-8.103,-3.852,1.270,0.774
2025-12-04T19:14:00.294682,-8.106,-3.843,1.270,0.774
2025-12-04T19:14:00.309994,-8.108,-3.834,1.270,0.774
2025-12-04T19:14:00.327289,-8.111,-3.826,1.270,0.774
2025-12-04T19:14:00.341160,-8.114,-3.817,1.270,0.774
2025-12-04T19:14:00.352896,-8.117,-3.809,1.270,0.774
2025-12-04T19:14:00.367558,-8.121,-3.800,1.270,0.774
2025-12-04T19:14:00.382396,-8.124,-3.792,1.270,0.774
2025-12-04T19:14:00.397298,-8.128,-3.783,1.270,0.774
2025-12-04T19:14:00.413579,-8.132,-3.775,1.270,0.774
2025-12-04T19:14:00.431211,-8.136,-3.767,1.270,0.774
2025-12-04T19:14:00.448402,-8.140,-3.758,1.270,0.774
2025-12-04T19:14:00.466391,-8.144,-3.750,1.270,0.774
2025-12-04T19:14:00.484616,-8.148,-3.741,1.270,0.774
2025-12-04T19:14:00.500494,-8.152,-3.733,1.270,0.774
2025-12-04T19:14:00.518210,-8.157,-3.724,1.270,0.774
2025-12-04T19:14:00.537171,-8.161,-3.716,1.270,0.774
2025-12-04T19:14:00.552523,-8.166,-3.707,1.270,0.774
2025-12-04T19:14:00.569566,-8.170,-3.699,1.270,0.774
2025-12-04T19:14:00.585405,-8.174,-3.690,1.270,0.774
2025-12-04T19:14:00.601460,-8.178,-3.681,1.270,0.774
2025-12-04T19:14:00.616723,-8.182,-3.672,1.270,0.774
2025-12-04T19:14:00.631471,-8.187,-3.664,1.270,0.774
2025-12-04T19:14:00.645869,-8.191,-3.655,1.270,0.774
2025-12-04T19:14:00.661709,-8.194,-3.646,1.270,0.774
2025-12-04T19:14:00.677579,-8.198,-3.637,1.270,0.774
2025-12-04T19:14:00.693142,-8.202,-3.628,1.270,0.774
2025-12-04T19:14:00.711227,-8.206,-3.619,1.270,0.774
2025-12-04T19:14:00.729583,-8.209,-3.611,1.270,0.774
2025-12-04T19:14:00.746830,-8.213,-3.602,1.270,0.774
2025-12-04T19:14:00.764357,-8.217,-3.593,1.270,0.774
2025-12-04T19:14:00.783391,-8.220,-3.584,1.270,0.774
2025-12-04T19:14:00.802428,-8.224,-3.575,1.270,0.774
2025-12-04T19:14:00.820546,-8.227,-3.566,1.270,0.774
2025-12-04T19:14:00.835992,-8.230,-3.557,1.270,0.774
2025-12-04T19:14:00.854761,-8.234,-3.548,1.270,0.774
2025-12-04T19:14:00.871833,-8.237,-3.539,1.270,0.774
2025-12-04T19:14:00.890388,-8.240,-3.529,1.270,0.774
2025-12-04T19:14:00.904701,-8.243,-3.520,1.270,0.774
2025-12-04T19:14:00.923963,-8.246,-3.511,1.270,0.774
2025-12-04T19:14:00.938091,-8.249,-3.502,1.270,0.774
2025-12-04T19:14:00.954630,-8.252,-3.493,1.270,0.774
2025-12-04T19:14:00.965454,-8.252,-3.493,1.270,0.765
2025-12-04T19:14:00.979910,-8.251,-3.494,1.270,0.756
2025-12-04T19:14:00.995282,-8.251,-3.494,1.270,0.746
2025-12-04T19:14:01.008976,-8.251,-3.494,1.270,0.737
2025-12-04T19:14:01.026245,-8.250,-3.495,1.270,0.727
2025-12-04T19:14:01.041006,-8.249,-3.495,1.270,0.717
2025-12-04T19:14:01.059163,-8.249,-3.496,1.270,0.707
2025-12-04T19:14:01.076672,-8.248,-3.496,1.270,0.696
2025-12-04T19:14:01.094612,-8.247,-3.497,1.270,0.686
2025-12-04T19:14:01.112451,-8.246,-3.498,1.270,0.675
2025-12-04T19:14:01.130438,-8.245,-3.498,1.270,0.665
2025-12-04T19:14:01.148806,-8.244,-3.499,1.270,0.654
2025-12-04T19:14:01.164387,-8.243,-3.499,1.270,0.643
2025-12-04T19:14:01.180492,-8.242,-3.500,1.270,0.632
2025-12-04T19:14:01.197841,-8.241,-3.501,1.270,0.621
2025-12-04T19:14:01.216481,-8.239,-3.501,1.270,0.609
2025-12-04T19:14:01.230602,-8.238,-3.502,1.270,0.598
2025-12-04T19:14:01.246896,-8.237,-3.503,1.270,0.586
2025-12-04T19:14:01.261571,-8.233,-3.495,1.270,0.586
2025-12-04T19:14:01.275988,-8.229,-3.487,1.270,0.586
2025-12-04T19:14:01.293403,-8.226,-3.479,1.270,0.586
2025-12-04T19:14:01.316442,-8.222,-3.471,1.270,0.586
2025-12-04T19:14:01.329493,-8.218,-3.463,1.270,0.586
2025-12-04T19:14:01.344957,-8.214,-3.455,1.270,0.586
2025-12-04T19:14:01.361490,-8.210,-3.447,1.270,0.586
2025-12-04T19:14:01.377939,-8.206,-3.438,1.270,0.586
2025-12-04T19:14:01.394108,-8.203,-3.430,1.270,0.586
2025-12-04T19:14:01.411941,-8.199,-3.422,1.270,0.586
2025-12-04T19:14:01.425903,-8.195,-3.414,1.270,0.586
2025-12-04T19:14:01.440156,-8.191,-3.405,1.270,0.586
2025-12-04T19:14:01.455596,-8.188,-3.397,1.270,0.586
2025-12-04T19:14:01.475080,-8.184,-3.389,1.270,0.586
2025-12-04T19:14:01.490037,-8.181,-3.380,1.270,0.586
2025-12-04T19:14:01.508613,-8.177,-3.372,1.270,0.586
2025-12-04T19:14:01.525909,-8.173,-3.364,1.270,0.586
2025-12-04T19:14:01.543217,-8.170,-3.355,1.270,0.586
2025-12-04T19:14:01.559430,-8.166,-3.347,1.270,0.586
2025-12-04T19:14:01.575154,-8.163,-3.338,1.270,0.586
2025-12-04T19:14:01.591751,-8.159,-3.329,1.270,0.586
2025-12-04T19:14:01.606319,-8.156,-3.321,1.270,0.586
2025-12-04T19:14:01.620212,-8.153,-3.312,1.270,0.586
2025-12-04T19:14:01.635010,-8.150,-3.304,1.270,0.586
2025-12-04T19:14:01.651083,-8.147,-3.295,1.270,0.586
2025-12-04T19:14:01.667539,-8.144,-3.286,1.270,0.586
2025-12-04T19:14:01.684346,-8.141,-3.278,1.270,0.586
2025-12-04T19:14:01.701849,-8.138,-3.269,1.270,0.586
2025-12-04T19:14:01.719435,-8.139,-3.269,1.270,0.598
2025-12-04T19:14:01.737416,-8.139,-3.269,1.270,0.609
2025-12-04T19:14:01.754717,-8.140,-3.269,1.270,0.621
2025-12-04T19:14:01.774586,-8.141,-3.268,1.270,0.632
2025-12-04T19:14:01.791847,-8.142,-3.268,1.270,0.643
2025-12-04T19:14:01.806733,-8.143,-3.268,1.270,0.654
2025-12-04T19:14:01.823489,-8.144,-3.268,1.270,0.665
2025-12-04T19:14:01.838213,-8.145,-3.268,1.270,0.675
2025-12-04T19:14:01.853443,-8.146,-3.268,1.270,0.686
2025-12-04T19:14:01.869489,-8.148,-3.267,1.270,0.696
2025-12-04T19:14:01.883214,-8.149,-3.267,1.270,0.707
2025-12-04T19:14:01.899527,-8.151,-3.267,1.270,0.717
2025-12-04T19:14:01.916387,-8.153,-3.267,1.270,0.727
2025-12-04T19:14:01.936053,-8.154,-3.267,1.270,0.737
2025-12-04T19:14:01.953386,-8.156,-3.267,1.270,0.746
2025-12-04T19:14:01.970522,-8.158,-3.267,1.270,0.756
2025-12-04T19:14:01.988236,-8.160,-3.267,1.270,0.765
2025-12-04T19:14:02.003788,-8.162,-3.267,1.270,0.774
2025-12-04T19:14:02.020211,-8.163,-3.266,1.270,0.783
2025-12-04T19:14:02.034675,-8.165,-3.266,1.270,0.792
2025-12-04T19:14:02.051946,-8.167,-3.266,1.270,0.801
2025-12-04T19:14:02.066371,-8.169,-3.266,1.270,0.809
2025-12-04T19:14:02.081698,-8.171,-3.266,1.270,0.818
2025-12-04T19:14:02.095685,-8.172,-3.266,1.270,0.826
2025-12-04T19:14:02.111780,-8.174,-3.266,1.270,0.834
2025-12-04T19:14:02.127010,-8.176,-3.266,1.270,0.842
2025-12-04T19:14:02.143675,-8.177,-3.266,1.270,0.850
2025-12-04T19:14:02.162825,-8.179,-3.266,1.270,0.857
2025-12-04T19:14:02.179818,-8.180,-3.266,1.270,0.864
2025-12-04T19:14:02.197398,-8.186,-3.258,1.270,0.864
2025-12-04T19:14:02.212969,-8.192,-3.250,1.270,0.864
2025-12-04T19:14:02.233383,-8.198,-3.242,1.270,0.864
2025-12-04T19:14:02.252722,-8.203,-3.234,1.270,0.864
2025-12-04T19:14:02.267258,-8.209,-3.226,1.270,0.864
2025-12-04T19:14:02.287740,-8.215,-3.218,1.270,0.864
2025-12-04T19:14:02.304791,-8.220,-3.210,1.270,0.864
2025-12-04T19:14:02.319708,-8.225,-3.202,1.270,0.864
2025-12-04T19:14:02.336746,-8.229,-3.195,1.270,0.864
2025-12-04T19:14:02.353556,-8.233,-3.187,1.270,0.864
2025-12-04T19:14:02.368873,-8.237,-3.179,1.270,0.864
2025-12-04T19:14:02.383360,-8.241,-3.171,1.270,0.864
2025-12-04T19:14:02.398888,-8.244,-3.163,1.270,0.864
2025-12-04T19:14:02.411957,-8.246,-3.155,1.270,0.864
2025-12-04T19:14:02.426601,-8.249,-3.147,1.270,0.864
2025-12-04T19:14:02.441905,-8.251,-3.139,1.270,0.864
2025-12-04T19:14:02.457214,-8.252,-3.131,1.270,0.864
2025-12-04T19:14:02.476049,-8.254,-3.122,1.270,0.864
2025-12-04T19:14:02.490355,-8.255,-3.114,1.270,0.864
2025-12-04T19:14:02.504601,-8.255,-3.106,1.270,0.864
2025-12-04T19:14:02.521305,-8.255,-3.097,1.270,0.864
2025-12-04T19:14:02.538246,-8.256,-3.089,1.270,0.864
2025-12-04T19:14:02.558915,-8.255,-3.080,1.270,0.864
2025-12-04T19:14:02.575166,-8.251,-3.080,1.270,0.857
2025-12-04T19:14:02.592913,-8.246,-3.079,1.270,0.850
2025-12-04T19:14:02.610505,-8.241,-3.078,1.270,0.842
2025-12-04T19:14:02.627503,-8.236,-3.077,1.270,0.834
2025-12-04T19:14:02.644444,-8.231,-3.076,1.270,0.826
2025-12-04T19:14:02.660914,-8.226,-3.076,1.270,0.818
2025-12-04T19:14:02.676668,-8.221,-3.075,1.270,0.809
2025-12-04T19:14:02.692724,-8.216,-3.074,1.270,0.801
2025-12-04T19:14:02.707900,-8.211,-3.074,1.270,0.792
2025-12-04T19:14:02.724593,-8.207,-3.073,1.270,0.783
2025-12-04T19:14:02.740940,-8.203,-3.072,1.270,0.774
2025-12-04T19:14:02.758255,-8.199,-3.072,1.270,0.765
2025-12-04T19:14:02.773943,-8.194,-3.071,1.270,0.756
2025-12-04T19:14:02.791990,-8.191,-3.071,1.270,0.746
2025-12-04T19:14:02.809525,-8.188,-3.061,1.270,0.746
2025-12-04T19:14:02.827525,-8.185,-3.052,1.270,0.746
2025-12-04T19:14:02.846608,-8.183,-3.042,1.270,0.746
2025-12-04T19:14:02.871125,-8.180,-3.033,1.270,0.746
2025-12-04T19:14:02.886657,-8.178,-3.023,1.270,0.746
2025-12-04T19:14:02.906329,-8.176,-3.014,1.270,0.746
2025-12-04T19:14:02.919352,-8.174,-3.004,1.270,0.746
2025-12-04T19:14:02.937105,-8.172,-2.995,1.270,0.746
2025-12-04T19:14:02.951785,-8.170,-2.986,1.270,0.746
2025-12-04T19:14:02.966285,-8.169,-2.976,1.270,0.746
2025-12-04T19:14:02.982325,-8.167,-2.967,1.270,0.746
2025-12-04T19:14:02.994048,-8.166,-2.957,1.270,0.746
2025-12-04T19:14:03.010831,-8.165,-2.948,1.270,0.746
2025-12-04T19:14:03.023948,-8.164,-2.938,1.270,0.746
2025-12-04T19:14:03.039851,-8.163,-2.929,1.270,0.746
2025-12-04T19:14:03.055703,-8.162,-2.919,1.270,0.746
2025-12-04T19:14:03.072702,-8.161,-2.910,1.270,0.746
2025-12-04T19:14:03.089312,-8.161,-2.900,1.270,0.746
2025-12-04T19:14:03.105781,-8.161,-2.891,1.270,0.746
2025-12-04T19:14:03.124889,-8.160,-2.881,1.270,0.746
2025-12-04T19:14:03.141517,-8.160,-2.872,1.270,0.746
2025-12-04T19:14:03.159843,-8.160,-2.862,1.270,0.746
2025-12-04T19:14:03.177569,-8.160,-2.853,1.270,0.746
2025-12-04T19:14:03.193506,-8.161,-2.843,1.270,0.746
2025-12-04T19:14:03.212412,-8.161,-2.833,1.270,0.746
2025-12-04T19:14:03.228023,-8.161,-2.824,1.270,0.746
2025-12-04T19:14:03.246258,-8.162,-2.814,1.270,0.746
2025-12-04T19:14:03.261474,-8.162,-2.805,1.270,0.746
2025-12-04T19:14:03.278418,-8.163,-2.795,1.270,0.746
2025-12-04T19:14:03.295830,-8.164,-2.786,1.270,0.746
2025-12-04T19:14:03.310164,-8.165,-2.776,1.270,0.746
2025-12-04T19:14:03.325922,-8.166,-2.767,1.270,0.746
2025-12-04T19:14:03.339127,-8.167,-2.757,1.270,0.746
2025-12-04T19:14:03.354416,-8.168,-2.748,1.270,0.746
2025-12-04T19:14:03.369336,-8.169,-2.738,1.270,0.746
2025-12-04T19:14:03.390203,-8.170,-2.728,1.270,0.746
2025-12-04T19:14:03.401231,-8.171,-2.719,1.270,0.746
2025-12-04T19:14:03.417623,-8.172,-2.709,1.270,0.746
2025-12-04T19:14:03.434991,-8.174,-2.700,1.270,0.746
2025-12-04T19:14:03.452356,-8.175,-2.690,1.270,0.746
2025-12-04T19:14:03.470896,-8.176,-2.680,1.270,0.746
2025-12-04T19:14:03.495845,-8.177,-2.671,1.270,0.746
2025-12-04T19:14:03.513134,-8.178,-2.661,1.270,0.746
2025-12-04T19:14:03.530303,-8.180,-2.652,1.270,0.746
2025-12-04T19:14:03.551543,-8.181,-2.642,1.270,0.746
2025-12-04T19:14:03.567372,-8.182,-2.633,1.270,0.746
2025-12-04T19:14:03.581562,-8.183,-2.623,1.270,0.746
2025-12-04T19:14:03.597399,-8.184,-2.613,1.270,0.746
2025-12-04T19:14:03.610060,-8.186,-2.604,1.270,0.746
2025-12-04T19:14:03.625194,-8.187,-2.594,1.270,0.746
2025-12-04T19:14:03.638625,-8.188,-2.585,1.270,0.746
2025-12-04T19:14:03.652488,-8.189,-2.575,1.270,0.746
2025-12-04T19:14:03.667940,-8.190,-2.565,1.270,0.746
2025-12-04T19:14:03.682969,-8.192,-2.556,1.270,0.746
2025-12-04T19:14:03.700731,-8.193,-2.546,1.270,0.746
2025-12-04T19:14:03.717659,-8.194,-2.537,1.270,0.746
2025-12-04T19:14:03.735897,-8.195,-2.527,1.270,0.746
2025-12-04T19:14:03.752552,-8.196,-2.517,1.270,0.746
2025-12-04T19:14:03.769411,-8.197,-2.508,1.270,0.746
2025-12-04T19:14:03.786774,-8.199,-2.498,1.270,0.746
2025-12-04T19:14:03.804178,-8.200,-2.488,1.270,0.746
2025-12-04T19:14:03.821347,-8.201,-2.479,1.270,0.746
2025-12-04T19:14:03.837710,-8.202,-2.469,1.270,0.746
2025-12-04T19:14:03.854427,-8.203,-2.460,1.270,0.746
2025-12-04T19:14:03.869621,-8.204,-2.450,1.270,0.746
2025-12-04T19:14:03.885951,-8.206,-2.440,1.270,0.746
2025-12-04T19:14:03.900301,-8.207,-2.431,1.270,0.746
2025-12-04T19:14:03.915242,-8.208,-2.421,1.270,0.746
2025-12-04T19:14:03.930341,-8.209,-2.411,1.270,0.746
2025-12-04T19:14:03.946378,-8.210,-2.402,1.270,0.746
2025-12-04T19:14:03.963912,-8.211,-2.392,1.270,0.746
2025-12-04T19:14:03.980255,-8.212,-2.383,1.270,0.746
2025-12-04T19:14:03.998901,-8.213,-2.373,1.270,0.746
2025-12-04T19:14:04.015159,-8.214,-2.364,1.270,0.746
2025-12-04T19:14:04.034390,-8.215,-2.354,1.270,0.746
2025-12-04T19:14:04.053970,-8.216,-2.345,1.270,0.746
2025-12-04T19:14:04.068697,-8.217,-2.335,1.270,0.746
2025-12-04T19:14:04.087443,-8.218,-2.326,1.270,0.746
2025-12-04T19:14:04.105848,-8.219,-2.316,1.270,0.746
2025-12-04T19:14:04.120217,-8.219,-2.306,1.270,0.746
2025-12-04T19:14:04.136584,-8.220,-2.297,1.270,0.746
2025-12-04T19:14:04.155254,-8.221,-2.287,1.270,0.746
2025-12-04T19:14:04.169261,-8.221,-2.278,1.270,0.746
2025-12-04T19:14:04.185713,-8.222,-2.268,1.270,0.746
2025-12-04T19:14:04.200554,-8.222,-2.259,1.270,0.746
2025-12-04T19:14:04.216260,-8.222,-2.249,1.270,0.746
2025-12-04T19:14:04.232436,-8.223,-2.240,1.270,0.746
2025-12-04T19:14:04.249614,-8.223,-2.230,1.270,0.746
2025-12-04T19:14:04.267488,-8.223,-2.220,1.270,0.746
2025-12-04T19:14:04.283761,-8.223,-2.211,1.270,0.746
2025-12-04T19:14:04.303751,-8.224,-2.201,1.270,0.746
2025-12-04T19:14:04.320931,-8.224,-2.192,1.270,0.746
2025-12-04T19:14:04.338325,-8.224,-2.182,1.270,0.746
2025-12-04T19:14:04.356678,-8.224,-2.173,1.270,0.746
2025-12-04T19:14:04.372807,-8.224,-2.163,1.270,0.746
2025-12-04T19:14:04.393074,-8.223,-2.153,1.270,0.746
2025-12-04T19:14:04.407616,-8.223,-2.144,1.270,0.746
2025-12-04T19:14:04.423655,-8.223,-2.134,1.270,0.746
2025-12-04T19:14:04.441139,-8.223,-2.125,1.270,0.746
2025-12-04T19:14:04.457157,-8.222,-2.115,1.270,0.746
2025-12-04T19:14:04.471886,-8.222,-2.106,1.270,0.746
2025-12-04T19:14:04.486853,-8.222,-2.096,1.270,0.746
2025-12-04T19:14:04.500211,-8.221,-2.086,1.270,0.746
2025-12-04T19:14:04.514697,-8.221,-2.077,1.270,0.746
2025-12-04T19:14:04.526945,-8.221,-2.067,1.270,0.746
2025-12-04T19:14:04.542476,-8.220,-2.058,1.270,0.746
2025-12-04T19:14:04.556665,-8.220,-2.048,1.270,0.746
2025-12-04T19:14:04.573099,-8.219,-2.038,1.270,0.746
2025-12-04T19:14:04.588325,-8.219,-2.029,1.270,0.746
2025-12-04T19:14:04.604238,-8.218,-2.019,1.270,0.746
2025-12-04T19:14:04.619976,-8.218,-2.010,1.270,0.746
2025-12-04T19:14:04.637412,-8.218,-2.000,1.270,0.746
2025-12-04T19:14:04.655378,-8.217,-1.990,1.270,0.746
2025-12-04T19:14:04.674798,-8.217,-1.981,1.270,0.746
2025-12-04T19:14:04.691725,-8.216,-1.971,1.270,0.746
2025-12-04T19:14:04.710673,-8.216,-1.962,1.270,0.746
2025-12-04T19:14:04.726337,-8.216,-1.952,1.270,0.746
2025-12-04T19:14:04.742765,-8.215,-1.942,1.270,0.746
2025-12-04T19:14:04.758062,-8.215,-1.933,1.270,0.746
2025-12-04T19:14:04.774175,-8.214,-1.923,1.270,0.746
2025-12-04T19:14:04.790133,-8.214,-1.914,1.270,0.746
2025-12-04T19:14:04.805336,-8.214,-1.904,1.270,0.746
2025-12-04T19:14:04.820397,-8.214,-1.894,1.270,0.746
2025-12-04T19:14:04.834137,-8.213,-1.885,1.270,0.746
2025-12-04T19:14:04.851832,-8.213,-1.875,1.270,0.746
2025-12-04T19:14:04.866307,-8.213,-1.866,1.270,0.746
2025-12-04T19:14:04.884248,-8.213,-1.856,1.270,0.746
2025-12-04T19:14:04.899712,-8.213,-1.846,1.270,0.746
2025-12-04T19:14:04.918284,-8.212,-1.837,1.270,0.746
2025-12-04T19:14:04.933504,-8.212,-1.827,1.270,0.746
2025-12-04T19:14:04.952736,-8.212,-1.818,1.270,0.746
2025-12-04T19:14:04.968890,-8.212,-1.808,1.270,0.746
2025-12-04T19:14:04.987567,-8.212,-1.798,1.270,0.746
2025-12-04T19:14:05.003346,-8.212,-1.789,1.270,0.746
2025-12-04T19:14:05.020943,-8.212,-1.779,1.270,0.746
2025-12-04T19:14:05.044154,-8.212,-1.770,1.270,0.746
2025-12-04T19:14:05.061999,-8.212,-1.760,1.270,0.746
2025-12-04T19:14:05.076132,-8.212,-1.750,1.270,0.746
2025-12-04T19:14:05.091696,-8.212,-1.741,1.270,0.746
2025-12-04T19:14:05.103207,-8.212,-1.731,1.270,0.746
2025-12-04T19:14:05.120240,-8.212,-1.721,1.270,0.746
2025-12-04T19:14:05.133146,-8.212,-1.712,1.270,0.746
2025-12-04T19:14:05.148562,-8.212,-1.702,1.270,0.746
2025-12-04T19:14:05.161696,-8.212,-1.693,1.270,0.746
2025-12-04T19:14:05.177301,-8.212,-1.683,1.270,0.746
2025-12-04T19:14:05.192617,-8.212,-1.673,1.270,0.746
2025-12-04T19:14:05.209499,-8.212,-1.664,1.270,0.746
2025-12-04T19:14:05.225874,-8.212,-1.654,1.270,0.746
2025-12-04T19:14:05.243640,-8.213,-1.645,1.270,0.746
2025-12-04T19:14:05.260937,-8.213,-1.635,1.270,0.746
2025-12-04T19:14:05.278192,-8.213,-1.625,1.270,0.746
2025-12-04T19:14:05.295962,-8.213,-1.616,1.270,0.746
2025-12-04T19:14:05.312797,-8.213,-1.606,1.270,0.746
2025-12-04T19:14:05.329480,-8.214,-1.596,1.270,0.746
2025-12-04T19:14:05.347557,-8.214,-1.587,1.270,0.746
2025-12-04T19:14:05.364692,-8.214,-1.577,1.270,0.746
2025-12-04T19:14:05.381295,-8.214,-1.568,1.270,0.746
2025-12-04T19:14:05.395827,-8.214,-1.558,1.270,0.746
2025-12-04T19:14:05.411504,-8.215,-1.548,1.270,0.746
2025-12-04T19:14:05.424853,-8.215,-1.539,1.270,0.746
2025-12-04T19:14:05.442647,-8.215,-1.529,1.270,0.746
2025-12-04T19:14:05.459805,-8.215,-1.520,1.270,0.746
2025-12-04T19:14:05.475559,-8.216,-1.510,1.270,0.746
2025-12-04T19:14:05.492248,-8.216,-1.500,1.270,0.746
2025-12-04T19:14:05.509823,-8.217,-1.491,1.270,0.746
2025-12-04T19:14:05.528716,-8.217,-1.481,1.270,0.746
2025-12-04T19:14:05.546841,-8.217,-1.471,1.270,0.746
2025-12-04T19:14:05.563835,-8.218,-1.462,1.270,0.746
2025-12-04T19:14:05.583140,-8.218,-1.452,1.270,0.746
2025-12-04T19:14:05.598694,-8.219,-1.442,1.270,0.746
2025-12-04T19:14:05.615467,-8.219,-1.433,1.270,0.746
2025-12-04T19:14:05.630915,-8.220,-1.423,1.270,0.746
2025-12-04T19:14:05.646861,-8.220,-1.414,1.270,0.746
2025-12-04T19:14:05.662983,-8.221,-1.404,1.270,0.746
2025-12-04T19:14:05.674945,-8.222,-1.394,1.270,0.746
2025-12-04T19:14:05.690181,-8.222,-1.385,1.270,0.746
2025-12-04T19:14:05.705123,-8.223,-1.375,1.270,0.746
2025-12-04T19:14:05.721938,-8.223,-1.365,1.270,0.746
2025-12-04T19:14:05.739283,-8.224,-1.356,1.270,0.746
2025-12-04T19:14:05.757838,-8.225,-1.346,1.270,0.746
2025-12-04T19:14:05.774166,-8.225,-1.336,1.270,0.746
2025-12-04T19:14:05.792461,-8.226,-1.327,1.270,0.746
2025-12-04T19:14:05.809781,-8.227,-1.317,1.270,0.746
2025-12-04T19:14:05.828637,-8.228,-1.307,1.270,0.746
2025-12-04T19:14:05.845874,-8.228,-1.298,1.270,0.746
2025-12-04T19:14:05.860648,-8.229,-1.288,1.270,0.746
2025-12-04T19:14:05.879675,-8.230,-1.279,1.270,0.746
2025-12-04T19:14:05.895379,-8.231,-1.269,1.270,0.746
2025-12-04T19:14:05.910284,-8.231,-1.259,1.270,0.746
2025-12-04T19:14:05.926364,-8.232,-1.250,1.270,0.746
2025-12-04T19:14:05.942380,-8.233,-1.240,1.270,0.746
2025-12-04T19:14:05.967391,-8.234,-1.230,1.270,0.746
2025-12-04T19:14:05.979073,-8.235,-1.221,1.270,0.746
2025-12-04T19:14:05.993187,-8.235,-1.211,1.270,0.746
2025-12-04T19:14:06.010561,-8.236,-1.201,1.270,0.746
2025-12-04T19:14:06.026556,-8.237,-1.192,1.270,0.746
2025-12-04T19:14:06.041922,-8.238,-1.182,1.270,0.746
2025-12-04T19:14:06.059064,-8.239,-1.172,1.270,0.746
2025-12-04T19:14:06.074001,-8.240,-1.163,1.270,0.746
2025-12-04T19:14:06.092066,-8.241,-1.153,1.270,0.746
2025-12-04T19:14:06.105816,-8.242,-1.144,1.270,0.746
2025-12-04T19:14:06.122410,-8.242,-1.134,1.270,0.746
2025-12-04T19:14:06.137562,-8.243,-1.124,1.270,0.746
2025-12-04T19:14:06.154703,-8.244,-1.115,1.270,0.746
2025-12-04T19:14:06.171806,-8.245,-1.105,1.270,0.746
2025-12-04T19:14:06.188799,-8.246,-1.095,1.270,0.746
2025-12-04T19:14:06.206074,-8.247,-1.086,1.270,0.746
2025-12-04T19:14:06.225109,-8.248,-1.076,1.270,0.746
2025-12-04T19:14:06.241708,-8.249,-1.066,1.270,0.746
2025-12-04T19:14:06.260729,-8.250,-1.057,1.270,0.746
2025-12-04T19:14:06.277653,-8.251,-1.047,1.270,0.746
2025-12-04T19:14:06.294345,-8.252,-1.037,1.270,0.746
2025-12-04T19:14:06.309740,-8.253,-1.028,1.270,0.746
2025-12-04T19:14:06.326150,-8.254,-1.018,1.270,0.746
2025-12-04T19:14:06.339782,-8.255,-1.008,1.270,0.746
2025-12-04T19:14:06.355211,-8.256,-0.999,1.270,0.746
2025-12-04T19:14:06.367703,-8.257,-0.989,1.270,0.746
2025-12-04T19:14:06.384684,-8.258,-0.980,1.270,0.746
2025-12-04T19:14:06.403655,-8.259,-0.970,1.270,0.746
2025-12-04T19:14:06.414796,-8.260,-0.960,1.270,0.746
2025-12-04T19:14:06.433924,-8.261,-0.951,1.270,0.746
2025-12-04T19:14:06.452235,-8.262,-0.941,1.270,0.746
2025-12-04T19:14:06.466387,-8.263,-0.931,1.270,0.746
2025-12-04T19:14:06.486385,-8.264,-0.922,1.270,0.746
2025-12-04T19:14:06.503179,-8.265,-0.912,1.270,0.746
2025-12-04T19:14:06.518673,-8.266,-0.902,1.270,0.746
2025-12-04T19:14:06.534788,-8.267,-0.893,1.270,0.746
2025-12-04T19:14:06.553181,-8.268,-0.883,1.270,0.746
2025-12-04T19:14:06.567196,-8.269,-0.873,1.270,0.746
2025-12-04T19:14:06.588821,-8.270,-0.864,1.270,0.746
2025-12-04T19:14:06.602193,-8.271,-0.854,1.270,0.746
2025-12-04T19:14:06.616694,-8.272,-0.844,1.270,0.746
2025-12-04T19:14:06.632124,-8.273,-0.835,1.270,0.746
2025-12-04T19:14:06.646218,-8.274,-0.825,1.270,0.746
2025-12-04T19:14:06.661683,-8.275,-0.815,1.270,0.746
2025-12-04T19:14:06.676729,-8.276,-0.806,1.270,0.746
2025-12-04T19:14:06.693074,-8.277,-0.796,1.270,0.746
2025-12-04T19:14:06.709483,-8.278,-0.787,1.270,0.746
2025-12-04T19:14:06.727344,-8.279,-0.777,1.270,0.746
2025-12-04T19:14:06.743680,-8.280,-0.767,1.270,0.746
2025-12-04T19:14:06.760610,-8.281,-0.758,1.270,0.746
2025-12-04T19:14:06.778023,-8.282,-0.748,1.270,0.746
2025-12-04T19:14:06.797478,-8.283,-0.738,1.270,0.746
2025-12-04T19:14:06.813338,-8.284,-0.729,1.270,0.746
2025-12-04T19:14:06.831854,-8.286,-0.719,1.270,0.746
2025-12-04T19:14:06.851395,-8.287,-0.709,1.270,0.746
2025-12-04T19:14:06.866519,-8.288,-0.700,1.270,0.746
2025-12-04T19:14:06.881849,-8.289,-0.690,1.270,0.746
2025-12-04T19:14:06.896693,-8.290,-0.680,1.270,0.746
2025-12-04T19:14:06.910712,-8.291,-0.671,1.270,0.746
2025-12-04T19:14:06.926186,-8.292,-0.661,1.270,0.746
2025-12-04T19:14:06.941796,-8.293,-0.651,1.270,0.746
2025-12-04T19:14:06.957895,-8.294,-0.642,1.270,0.746
2025-12-04T19:14:06.972769,-8.295,-0.632,1.270,0.746
2025-12-04T19:14:06.990480,-8.296,-0.622,1.270,0.746
2025-12-04T19:14:07.009247,-8.297,-0.613,1.270,0.746
2025-12-04T19:14:07.025807,-8.298,-0.603,1.270,0.746
2025-12-04T19:14:07.043619,-8.299,-0.594,1.270,0.746
2025-12-04T19:14:07.061279,-8.300,-0.584,1.270,0.746
2025-12-04T19:14:07.079475,-8.302,-0.574,1.270,0.746
2025-12-04T19:14:07.096735,-8.303,-0.565,1.270,0.746
2025-12-04T19:14:07.113642,-8.304,-0.555,1.270,0.746
2025-12-04T19:14:07.131374,-8.305,-0.545,1.270,0.746
2025-12-04T19:14:07.150104,-8.306,-0.536,1.270,0.746
2025-12-04T19:14:07.164457,-8.307,-0.526,1.270,0.746
2025-12-04T19:14:07.180065,-8.308,-0.517,1.270,0.746
2025-12-04T19:14:07.194541,-8.309,-0.509,1.270,0.746
2025-12-04T19:14:07.218588,-8.310,-0.501,1.270,0.746
2025-12-04T19:14:07.237332,-8.311,-0.494,1.270,0.746
2025-12-04T19:14:07.250318,-8.312,-0.488,1.270,0.746
2025-12-04T19:14:07.266212,-8.313,-0.482,1.270,0.746
2025-12-04T19:14:07.277430,-8.314,-0.478,1.270,0.746
2025-12-04T19:14:07.289257,-8.314,-0.478,1.270,0.746
2025-12-04T19:14:07.304597,-8.314,-0.478,1.270,0.746
2025-12-04T19:14:07.316643,-8.314,-0.478,1.270,0.746
2025-12-04T19:14:07.332706,-8.314,-0.478,1.270,0.746
2025-12-04T19:14:07.345718,-8.314,-0.478,1.270,0.746
2025-12-04T19:14:07.361838,-8.314,-0.478,1.270,0.746
2025-12-04T19:14:07.376735,-8.314,-0.478,1.270,0.746
2025-12-04T19:14:07.395413,-8.314,-0.478,1.270,0.746
2025-12-04T19:14:07.410769,-8.314,-0.478,1.270,0.746
2025-12-04T19:14:07.428696,-8.314,-0.478,1.270,0.746
2025-12-04T19:14:07.447016,-8.314,-0.478,1.270,0.746
2025-12-04T19:14:07.464756,-8.314,-0.478,1.270,0.746
2025-12-04T19:14:07.480656,-8.314,-0.478,1.270,0.746
2025-12-04T19:14:07.497666,-8.314,-0.478,1.270,0.746
2025-12-04T19:14:07.520724,-8.314,-0.478,1.270,0.746
2025-12-04T19:14:07.535550,-8.314,-0.478,1.270,0.746
2025-12-04T19:14:07.551634,-8.314,-0.478,1.270,0.746
2025-12-04T19:14:07.567380,-8.314,-0.478,1.270,0.746
2025-12-04T19:14:07.581909,-8.314,-0.478,1.270,0.746
2025-12-04T19:14:07.598289,-8.314,-0.478,1.270,0.746
2025-12-04T19:14:07.614409,-8.314,-0.478,1.270,0.746
2025-12-04T19:14:07.629347,-8.314,-0.478,1.270,0.746
2025-12-04T19:14:07.644709,-8.314,-0.478,1.270,0.746
2025-12-04T19:14:07.659299,-8.314,-0.478,1.270,0.746
2025-12-04T19:14:07.675877,-8.314,-0.478,1.270,0.746
2025-12-04T19:14:07.689859,-8.314,-0.478,1.270,0.746
2025-12-04T19:14:07.705698,-8.314,-0.478,1.270,0.746
2025-12-04T19:14:07.722124,-8.314,-0.478,1.270,0.746
2025-12-04T19:14:07.739960,-8.314,-0.478,1.270,0.746
2025-12-04T19:14:07.756486,-8.314,-0.478,1.270,0.746
2025-12-04T19:14:07.774295,-8.314,-0.478,1.270,0.746
2025-12-04T19:14:07.792517,-8.314,-0.478,1.270,0.746
2025-12-04T19:14:07.809208,-8.314,-0.478,1.270,0.746
2025-12-04T19:14:07.825964,-8.314,-0.478,1.270,0.746
2025-12-04T19:14:07.842637,-8.314,-0.478,1.270,0.746
2025-12-04T19:14:07.858692,-8.314,-0.478,1.270,0.746
2025-12-04T19:14:07.874488,-8.314,-0.478,1.270,0.746
2025-12-04T19:14:07.889199,-8.314,-0.478,1.270,0.746
2025-12-04T19:14:07.903144,-8.314,-0.478,1.270,0.746
2025-12-04T19:14:07.917612,-8.314,-0.478,1.270,0.746
2025-12-04T19:14:07.933245,-8.314,-0.478,1.270,0.746
2025-12-04T19:14:07.948525,-8.314,-0.478,1.270,0.746
2025-12-04T19:14:07.965357,-8.314,-0.478,1.270,0.746
2025-12-04T19:14:07.982656,-8.314,-0.478,1.270,0.746
2025-12-04T19:14:08.000307,-8.314,-0.478,1.270,0.746
2025-12-04T19:14:08.018219,-8.314,-0.478,1.270,0.746
2025-12-04T19:14:08.036737,-8.314,-0.478,1.270,0.746
2025-12-04T19:14:08.053706,-8.314,-0.478,1.270,0.746
2025-12-04T19:14:08.072588,-8.314,-0.478,1.270,0.746
2025-12-04T19:14:08.088079,-8.314,-0.478,1.270,0.746
2025-12-04T19:14:08.104580,-8.314,-0.478,1.270,0.746
2025-12-04T19:14:08.118907,-8.314,-0.478,1.270,0.746
2025-12-04T19:14:08.137968,-8.314,-0.478,1.270,0.746
2025-12-04T19:14:08.151082,-8.314,-0.478,1.270,0.746
2025-12-04T19:14:08.165099,-8.314,-0.478,1.270,0.746
2025-12-04T19:14:08.181789,-8.314,-0.478,1.270,0.746
2025-12-04T19:14:08.197149,-8.314,-0.478,1.270,0.746
2025-12-04T19:14:08.213677,-8.314,-0.478,1.270,0.746
2025-12-04T19:14:08.230407,-8.314,-0.478,1.270,0.746
2025-12-04T19:14:08.247645,-8.314,-0.478,1.270,0.746
2025-12-04T19:14:08.264592,-8.314,-0.478,1.270,0.746
2025-12-04T19:14:08.282825,-8.314,-0.478,1.270,0.746
2025-12-04T19:14:08.303739,-8.314,-0.478,1.270,0.746
2025-12-04T19:14:08.319982,-8.314,-0.478,1.270,0.746
2025-12-04T19:14:08.337772,-8.314,-0.478,1.270,0.746
2025-12-04T19:14:08.353465,-8.314,-0.478,1.270,0.746
2025-12-04T19:14:08.371685,-8.314,-0.478,1.270,0.746
2025-12-04T19:14:08.387002,-8.314,-0.478,1.270,0.746
2025-12-04T19:14:08.403474,-8.314,-0.478,1.270,0.746
2025-12-04T19:14:08.416886,-8.314,-0.478,1.270,0.746
2025-12-04T19:14:08.431722,-8.314,-0.478,1.270,0.746
2025-12-04T19:14:08.447853,-8.314,-0.478,1.270,0.746
2025-12-04T19:14:08.463091,-8.314,-0.478,1.270,0.746
2025-12-04T19:14:08.479352,-8.314,-0.478,1.270,0.746
2025-12-04T19:14:08.494104,-8.314,-0.478,1.270,0.746
2025-12-04T19:14:08.510525,-8.314,-0.478,1.270,0.746
2025-12-04T19:14:08.527386,-8.314,-0.478,1.270,0.746
2025-12-04T19:14:08.545919,-8.314,-0.478,1.270,0.746
2025-12-04T19:14:08.563042,-8.314,-0.478,1.270,0.746
2025-12-04T19:14:08.580782,-8.314,-0.478,1.270,0.746
2025-12-04T19:14:08.598851,-8.314,-0.478,1.270,0.746
2025-12-04T19:14:08.614942,-8.314,-0.478,1.270,0.746
2025-12-04T19:14:08.631194,-8.314,-0.478,1.270,0.746
2025-12-04T19:14:08.647581,-8.314,-0.478,1.270,0.746
2025-12-04T19:14:08.663398,-8.314,-0.478,1.270,0.746
2025-12-04T19:14:08.677418,-8.314,-0.478,1.270,0.746
2025-12-04T19:14:08.692935,-8.314,-0.478,1.270,0.746
2025-12-04T19:14:08.708836,-8.314,-0.478,1.270,0.746
2025-12-04T19:14:08.725413,-8.314,-0.478,1.270,0.746
2025-12-04T19:14:08.743232,-8.314,-0.478,1.270,0.746
2025-12-04T19:14:08.764385,-8.314,-0.478,1.270,0.746
2025-12-04T19:14:08.783149,-8.314,-0.478,1.270,0.746
2025-12-04T19:14:08.800138,-8.314,-0.478,1.270,0.746
2025-12-04T19:14:08.816695,-8.314,-0.478,1.270,0.746
2025-12-04T19:14:08.833571,-8.314,-0.478,1.270,0.746
2025-12-04T19:14:08.848214,-8.314,-0.478,1.270,0.746
2025-12-04T19:14:08.861905,-8.314,-0.478,1.270,0.746
2025-12-04T19:14:08.877910,-8.314,-0.478,1.270,0.746
2025-12-04T19:14:08.893233,-8.314,-0.478,1.270,0.746
2025-12-04T19:14:08.907051,-8.314,-0.478,1.270,0.746
2025-12-04T19:14:08.923363,-8.314,-0.478,1.270,0.746
2025-12-04T19:14:08.939451,-8.314,-0.478,1.270,0.746
2025-12-04T19:14:08.956463,-8.314,-0.478,1.270,0.746
2025-12-04T19:14:08.972989,-8.314,-0.478,1.270,0.746
2025-12-04T19:14:08.991350,-8.314,-0.478,1.270,0.746
2025-12-04T19:14:09.008369,-8.314,-0.478,1.270,0.746
2025-12-04T19:14:09.027425,-8.314,-0.478,1.270,0.746
2025-12-04T19:14:09.051588,-8.314,-0.478,1.270,0.746
2025-12-04T19:14:09.068134,-8.314,-0.478,1.270,0.746
2025-12-04T19:14:09.084742,-8.314,-0.478,1.270,0.746
2025-12-04T19:14:09.101063,-8.314,-0.478,1.270,0.746
2025-12-04T19:14:09.117415,-8.314,-0.478,1.270,0.746
2025-12-04T19:14:09.131373,-8.314,-0.478,1.270,0.746
2025-12-04T19:14:09.146389,-8.314,-0.478,1.270,0.746
2025-12-04T19:14:09.161426,-8.314,-0.478,1.270,0.746
2025-12-04T19:14:09.175188,-8.314,-0.478,1.270,0.746
2025-12-04T19:14:09.188515,-8.314,-0.478,1.270,0.746
2025-12-04T19:14:09.202917,-8.314,-0.478,1.270,0.746
2025-12-04T19:14:09.218233,-8.314,-0.478,1.270,0.746
2025-12-04T19:14:09.233855,-8.314,-0.478,1.270,0.746
2025-12-04T19:14:09.250545,-8.314,-0.478,1.270,0.746
2025-12-04T19:14:09.267683,-8.314,-0.478,1.270,0.746
2025-12-04T19:14:09.285005,-8.314,-0.478,1.270,0.746
2025-12-04T19:14:09.302263,-8.314,-0.478,1.270,0.746
2025-12-04T19:14:09.321231,-8.314,-0.478,1.270,0.746
2025-12-04T19:14:09.338792,-8.314,-0.478,1.270,0.746
2025-12-04T19:14:09.358148,-8.314,-0.478,1.270,0.746
2025-12-04T19:14:09.376253,-8.314,-0.478,1.270,0.746
2025-12-04T19:14:09.393422,-8.314,-0.478,1.270,0.746
2025-12-04T19:14:09.410589,-8.314,-0.478,1.270,0.746
2025-12-04T19:14:09.427101,-8.314,-0.478,1.270,0.746
2025-12-04T19:14:09.443413,-8.314,-0.478,1.270,0.746
2025-12-04T19:14:09.459403,-8.314,-0.478,1.270,0.746
2025-12-04T19:14:09.473752,-8.314,-0.478,1.270,0.746
2025-12-04T19:14:09.488051,-8.314,-0.478,1.270,0.746
2025-12-04T19:14:09.500790,-8.314,-0.478,1.270,0.746
2025-12-04T19:14:09.517926,-8.314,-0.478,1.270,0.746
2025-12-04T19:14:09.532312,-8.314,-0.478,1.270,0.746
2025-12-04T19:14:09.549830,-8.314,-0.478,1.270,0.746
2025-12-04T19:14:09.565840,-8.314,-0.478,1.270,0.746
2025-12-04T19:14:09.583502,-8.314,-0.478,1.270,0.746
2025-12-04T19:14:09.600806,-8.314,-0.478,1.270,0.746
2025-12-04T19:14:09.618004,-8.314,-0.478,1.270,0.746
2025-12-04T19:14:09.636518,-8.314,-0.478,1.270,0.746
2025-12-04T19:14:09.653657,-8.314,-0.478,1.270,0.746
2025-12-04T19:14:09.670213,-8.314,-0.478,1.270,0.746
2025-12-04T19:14:09.687705,-8.314,-0.478,1.270,0.746
2025-12-04T19:14:09.702219,-8.314,-0.478,1.270,0.746
2025-12-04T19:14:09.720975,-8.314,-0.478,1.270,0.746
2025-12-04T19:14:09.734869,-8.314,-0.478,1.270,0.746
2025-12-04T19:14:09.751885,-8.314,-0.478,1.270,0.746
2025-12-04T19:14:09.765540,-8.314,-0.478,1.270,0.746
2025-12-04T19:14:09.779148,-8.314,-0.478,1.270,0.746
2025-12-04T19:14:09.794996,-8.314,-0.478,1.270,0.746
2025-12-04T19:14:09.811553,-8.314,-0.478,1.270,0.746
2025-12-04T19:14:09.828342,-8.314,-0.478,1.270,0.746
2025-12-04T19:14:09.844774,-8.314,-0.478,1.270,0.746
2025-12-04T19:14:09.863092,-8.314,-0.478,1.270,0.746
2025-12-04T19:14:09.879989,-8.314,-0.478,1.270,0.746
2025-12-04T19:14:09.898659,-8.314,-0.478,1.270,0.746
2025-12-04T19:14:09.913968,-8.314,-0.478,1.270,0.746
2025-12-04T19:14:09.930426,-8.314,-0.478,1.270,0.746
2025-12-04T19:14:09.947947,-8.314,-0.478,1.270,0.746
2025-12-04T19:14:09.966890,-8.314,-0.478,1.270,0.746
2025-12-04T19:14:09.983758,-8.314,-0.478,1.270,0.746
2025-12-04T19:14:10.000193,-8.314,-0.478,1.270,0.746
2025-12-04T19:14:10.016386,-8.314,-0.478,1.270,0.746
2025-12-04T19:14:10.032853,-8.314,-0.478,1.270,0.746
2025-12-04T19:14:10.048242,-8.314,-0.478,1.270,0.746
2025-12-04T19:14:10.062535,-8.314,-0.478,1.270,0.746
2025-12-04T19:14:10.078205,-8.314,-0.478,1.270,0.746
2025-12-04T19:14:10.093217,-8.314,-0.478,1.270,0.746
2025-12-04T19:14:10.109665,-8.314,-0.478,1.270,0.746
2025-12-04T19:14:10.128069,-8.314,-0.478,1.270,0.746
2025-12-04T19:14:10.145395,-8.314,-0.478,1.270,0.746
2025-12-04T19:14:10.163667,-8.314,-0.478,1.270,0.746
2025-12-04T19:14:10.178771,-8.314,-0.478,1.270,0.746
2025-12-04T19:14:10.198100,-8.314,-0.478,1.270,0.746
2025-12-04T19:14:10.218110,-8.314,-0.478,1.270,0.746
2025-12-04T19:14:10.234170,-8.314,-0.478,1.270,0.746
2025-12-04T19:14:10.250326,-8.314,-0.478,1.270,0.746
2025-12-04T19:14:10.267800,-8.314,-0.478,1.270,0.746
2025-12-04T19:14:10.283316,-8.314,-0.478,1.270,0.746
2025-12-04T19:14:10.300564,-8.314,-0.478,1.270,0.746
2025-12-04T19:14:10.313673,-8.314,-0.478,1.270,0.746
2025-12-04T19:14:10.329004,-8.314,-0.478,1.270,0.746
2025-12-04T19:14:10.342676,-8.314,-0.478,1.270,0.746
2025-12-04T19:14:10.357856,-8.314,-0.478,1.270,0.746
2025-12-04T19:14:10.373215,-8.314,-0.478,1.270,0.746
2025-12-04T19:14:10.390288,-8.314,-0.478,1.270,0.746
2025-12-04T19:14:10.407630,-8.314,-0.478,1.270,0.746
2025-12-04T19:14:10.425345,-8.314,-0.478,1.270,0.746
2025-12-04T19:14:10.441622,-8.314,-0.478,1.270,0.746
2025-12-04T19:14:10.459468,-8.314,-0.478,1.270,0.746
2025-12-04T19:14:10.478671,-8.314,-0.478,1.270,0.746
2025-12-04T19:14:10.495866,-8.314,-0.478,1.270,0.746
2025-12-04T19:14:10.512023,-8.314,-0.478,1.270,0.746
2025-12-04T19:14:10.529937,-8.314,-0.478,1.270,0.746
2025-12-04T19:14:10.546137,-8.314,-0.478,1.270,0.746
2025-12-04T19:14:10.562455,-8.314,-0.478,1.270,0.746
2025-12-04T19:14:10.578249,-8.314,-0.478,1.270,0.746
2025-12-04T19:14:10.594510,-8.314,-0.478,1.270,0.746
2025-12-04T19:14:10.612781,-8.314,-0.478,1.270,0.746
2025-12-04T19:14:10.626442,-8.314,-0.478,1.270,0.746
2025-12-04T19:14:10.640399,-8.314,-0.478,1.270,0.746
2025-12-04T19:14:10.656438,-8.314,-0.478,1.270,0.746
2025-12-04T19:14:10.672713,-8.314,-0.478,1.270,0.746
2025-12-04T19:14:10.687217,-8.314,-0.478,1.270,0.746
2025-12-04T19:14:10.705293,-8.314,-0.478,1.270,0.746
2025-12-04T19:14:10.720775,-8.314,-0.478,1.270,0.746
2025-12-04T19:14:10.739714,-8.314,-0.478,1.270,0.746
2025-12-04T19:14:10.756668,-8.314,-0.478,1.270,0.746
2025-12-04T19:14:10.774833,-8.314,-0.478,1.270,0.746
2025-12-04T19:14:10.792105,-8.314,-0.478,1.270,0.746
2025-12-04T19:14:10.810544,-8.314,-0.478,1.270,0.746
2025-12-04T19:14:10.828428,-8.314,-0.478,1.270,0.746
2025-12-04T19:14:10.844422,-8.314,-0.478,1.270,0.746
2025-12-04T19:14:10.859766,-8.314,-0.478,1.270,0.746
2025-12-04T19:14:10.876287,-8.314,-0.478,1.270,0.746
2025-12-04T19:14:10.892338,-8.314,-0.478,1.270,0.746
2025-12-04T19:14:10.907950,-8.314,-0.478,1.270,0.746
2025-12-04T19:14:10.922886,-8.314,-0.478,1.270,0.746
2025-12-04T19:14:10.937654,-8.314,-0.478,1.270,0.746
2025-12-04T19:14:10.953405,-8.314,-0.478,1.270,0.746
2025-12-04T19:14:10.969341,-8.314,-0.478,1.270,0.746
2025-12-04T19:14:10.983896,-8.314,-0.478,1.270,0.746
2025-12-04T19:14:11.000074,-8.314,-0.478,1.270,0.746
2025-12-04T19:14:11.018708,-8.314,-0.478,1.270,0.746
2025-12-04T19:14:11.036697,-8.314,-0.478,1.270,0.746
2025-12-04T19:14:11.055020,-8.314,-0.478,1.270,0.746
2025-12-04T19:14:11.072579,-8.314,-0.478,1.270,0.746
2025-12-04T19:14:11.090190,-8.314,-0.478,1.270,0.746
2025-12-04T19:14:11.107083,-8.314,-0.478,1.270,0.746
2025-12-04T19:14:11.123378,-8.314,-0.478,1.270,0.746
2025-12-04T19:14:11.140670,-8.314,-0.478,1.270,0.746
2025-12-04T19:14:11.156534,-8.314,-0.478,1.270,0.746
2025-12-04T19:14:11.172403,-8.314,-0.478,1.270,0.746
2025-12-04T19:14:11.187615,-8.314,-0.478,1.270,0.746
2025-12-04T19:14:11.203678,-8.314,-0.478,1.270,0.746
2025-12-04T19:14:11.218824,-8.314,-0.478,1.270,0.746
2025-12-04T19:14:11.241659,-8.314,-0.478,1.270,0.746
2025-12-04T19:14:11.257309,-8.314,-0.478,1.270,0.746
2025-12-04T19:14:11.274695,-8.314,-0.478,1.270,0.746
2025-12-04T19:14:11.292519,-8.314,-0.478,1.270,0.746
2025-12-04T19:14:11.309500,-8.314,-0.478,1.270,0.746
2025-12-04T19:14:11.325562,-8.314,-0.478,1.270,0.746
2025-12-04T19:14:11.341365,-8.314,-0.478,1.270,0.746
2025-12-04T19:14:11.356688,-8.314,-0.478,1.270,0.746
2025-12-04T19:14:11.373000,-8.314,-0.478,1.270,0.746
2025-12-04T19:14:11.385720,-8.314,-0.478,1.270,0.746
2025-12-04T19:14:11.398500,-8.314,-0.478,1.270,0.746
2025-12-04T19:14:11.414875,-8.314,-0.478,1.270,0.746
2025-12-04T19:14:11.428944,-8.314,-0.478,1.270,0.746
2025-12-04T19:14:11.446124,-8.314,-0.478,1.270,0.746
2025-12-04T19:14:11.461927,-8.314,-0.478,1.270,0.746
2025-12-04T19:14:11.478605,-8.314,-0.478,1.270,0.746
2025-12-04T19:14:11.495632,-8.314,-0.478,1.270,0.746
2025-12-04T19:14:11.512460,-8.314,-0.478,1.270,0.746
2025-12-04T19:14:11.531935,-8.314,-0.478,1.270,0.746
2025-12-04T19:14:11.546479,-8.314,-0.478,1.270,0.746
2025-12-04T19:14:11.563836,-8.314,-0.478,1.270,0.746
2025-12-04T19:14:11.580651,-8.314,-0.478,1.270,0.746
2025-12-04T19:14:11.598523,-8.314,-0.478,1.270,0.746
2025-12-04T19:14:11.616789,-8.314,-0.478,1.270,0.746
2025-12-04T19:14:11.634723,-8.314,-0.478,1.270,0.746
2025-12-04T19:14:11.650464,-8.314,-0.478,1.270,0.746
2025-12-04T19:14:11.665013,-8.314,-0.478,1.270,0.746
2025-12-04T19:14:11.682857,-8.314,-0.478,1.270,0.746
2025-12-04T19:14:11.695560,-8.314,-0.478,1.270,0.746
2025-12-04T19:14:11.709325,-8.314,-0.478,1.270,0.746
2025-12-04T19:14:11.725272,-8.314,-0.478,1.270,0.746
2025-12-04T19:14:11.741832,-8.314,-0.478,1.270,0.746
2025-12-04T19:14:11.759075,-8.314,-0.478,1.270,0.746
2025-12-04T19:14:11.775410,-8.314,-0.478,1.270,0.746
2025-12-04T19:14:11.793698,-8.314,-0.478,1.270,0.746
2025-12-04T19:14:11.809824,-8.314,-0.478,1.270,0.746
2025-12-04T19:14:11.826997,-8.314,-0.478,1.270,0.746
2025-12-04T19:14:11.845382,-8.314,-0.478,1.270,0.746
2025-12-04T19:14:11.867750,-8.314,-0.478,1.270,0.746
2025-12-04T19:14:11.885485,-8.314,-0.478,1.270,0.746
2025-12-04T19:14:11.903314,-8.314,-0.478,1.270,0.746
2025-12-04T19:14:11.920301,-8.314,-0.478,1.270,0.746
2025-12-04T19:14:11.937409,-8.314,-0.478,1.270,0.746
2025-12-04T19:14:11.949641,-8.314,-0.478,1.270,0.746
2025-12-04T19:14:11.964004,-8.314,-0.478,1.270,0.746
2025-12-04T19:14:11.978292,-8.314,-0.478,1.270,0.746
2025-12-04T19:14:11.992967,-8.314,-0.478,1.270,0.746
2025-12-04T19:14:12.008021,-8.314,-0.478,1.270,0.746
2025-12-04T19:14:12.023439,-8.314,-0.478,1.270,0.746
2025-12-04T19:14:12.037545,-8.314,-0.478,1.270,0.746
2025-12-04T19:14:12.053117,-8.314,-0.478,1.270,0.746
2025-12-04T19:14:12.069476,-8.314,-0.478,1.270,0.746
2025-12-04T19:14:12.086338,-8.314,-0.478,1.270,0.746
2025-12-04T19:14:12.104297,-8.314,-0.478,1.270,0.746
2025-12-04T19:14:12.122403,-8.314,-0.478,1.270,0.746
2025-12-04T19:14:12.140450,-8.314,-0.478,1.270,0.746
2025-12-04T19:14:12.158240,-8.314,-0.478,1.270,0.746
2025-12-04T19:14:12.173636,-8.314,-0.478,1.270,0.746
2025-12-04T19:14:12.190347,-8.314,-0.478,1.270,0.746
2025-12-04T19:14:12.205675,-8.314,-0.478,1.270,0.746
2025-12-04T19:14:12.221804,-8.314,-0.478,1.270,0.746
2025-12-04T19:14:12.237021,-8.314,-0.478,1.270,0.746
2025-12-04T19:14:12.254182,-8.314,-0.478,1.270,0.746
2025-12-04T19:14:12.267289,-8.314,-0.478,1.270,0.746
2025-12-04T19:14:12.286928,-8.314,-0.478,1.270,0.746
2025-12-04T19:14:12.301378,-8.314,-0.478,1.270,0.746
2025-12-04T19:14:12.320164,-8.314,-0.478,1.270,0.746
2025-12-04T19:14:12.336858,-8.314,-0.478,1.270,0.746
2025-12-04T19:14:12.353959,-8.314,-0.478,1.270,0.746
2025-12-04T19:14:12.371934,-8.314,-0.478,1.270,0.746
2025-12-04T19:14:12.390810,-8.314,-0.478,1.270,0.746
2025-12-04T19:14:12.408631,-8.314,-0.478,1.270,0.746
2025-12-04T19:14:12.424715,-8.314,-0.478,1.270,0.746
2025-12-04T19:14:12.442323,-8.314,-0.478,1.270,0.746
2025-12-04T19:14:12.459563,-8.314,-0.478,1.270,0.746
2025-12-04T19:14:12.475007,-8.314,-0.478,1.270,0.746
2025-12-04T19:14:12.487861,-8.314,-0.478,1.270,0.746
2025-12-04T19:14:12.513976,-8.314,-0.478,1.270,0.746
2025-12-04T19:14:12.525621,-8.314,-0.478,1.270,0.746
2025-12-04T19:14:12.538794,-8.314,-0.478,1.270,0.746
2025-12-04T19:14:12.551839,-8.314,-0.478,1.270,0.746
2025-12-04T19:14:12.564940,-8.314,-0.478,1.270,0.746
2025-12-04T19:14:12.580012,-8.314,-0.478,1.270,0.746
2025-12-04T19:14:12.594078,-8.314,-0.478,1.270,0.746
2025-12-04T19:14:12.609409,-8.314,-0.478,1.270,0.746
2025-12-04T19:14:12.625192,-8.314,-0.478,1.270,0.746
2025-12-04T19:14:12.643641,-8.314,-0.478,1.270,0.746
2025-12-04T19:14:12.658994,-8.314,-0.478,1.270,0.746
2025-12-04T19:14:12.678546,-8.314,-0.478,1.270,0.746
2025-12-04T19:14:12.696649,-8.314,-0.478,1.270,0.746
2025-12-04T19:14:12.715239,-8.314,-0.478,1.270,0.746
2025-12-04T19:14:12.732618,-8.314,-0.478,1.270,0.746
2025-12-04T19:14:12.749632,-8.314,-0.478,1.270,0.746
2025-12-04T19:14:12.767131,-8.314,-0.478,1.270,0.746
2025-12-04T19:14:12.784869,-8.314,-0.478,1.270,0.746
2025-12-04T19:14:12.800449,-8.314,-0.478,1.270,0.746
2025-12-04T19:14:12.816012,-8.314,-0.478,1.270,0.746
2025-12-04T19:14:12.831906,-8.314,-0.478,1.270,0.746
2025-12-04T19:14:12.846616,-8.314,-0.478,1.270,0.746
2025-12-04T19:14:12.861595,-8.314,-0.478,1.270,0.746
2025-12-04T19:14:12.874369,-8.314,-0.478,1.270,0.746
2025-12-04T19:14:12.891373,-8.314,-0.478,1.270,0.746
2025-12-04T19:14:12.909625,-8.314,-0.478,1.270,0.746
2025-12-04T19:14:12.924832,-8.314,-0.478,1.270,0.746
2025-12-04T19:14:12.942526,-8.314,-0.478,1.270,0.746
2025-12-04T19:14:12.962977,-8.314,-0.478,1.270,0.746
2025-12-04T19:14:12.977342,-8.314,-0.478,1.270,0.746
2025-12-04T19:14:12.994690,-8.314,-0.478,1.270,0.746
2025-12-04T19:14:13.011140,-8.314,-0.478,1.270,0.746
2025-12-04T19:14:13.030544,-8.314,-0.478,1.270,0.746
2025-12-04T19:14:13.047097,-8.314,-0.478,1.270,0.746
2025-12-04T19:14:13.063686,-8.314,-0.478,1.270,0.746
2025-12-04T19:14:13.078461,-8.314,-0.478,1.270,0.746
2025-12-04T19:14:13.094743,-8.314,-0.478,1.270,0.746
2025-12-04T19:14:13.106876,-8.314,-0.478,1.270,0.746
2025-12-04T19:14:13.122295,-8.314,-0.478,1.270,0.746
2025-12-04T19:14:13.138090,-8.314,-0.478,1.270,0.746
2025-12-04T19:14:13.154336,-8.314,-0.478,1.270,0.746
2025-12-04T19:14:13.174831,-8.314,-0.478,1.270,0.746
2025-12-04T19:14:13.192290,-8.314,-0.478,1.270,0.746
2025-12-04T19:14:13.209094,-8.314,-0.478,1.270,0.746
2025-12-04T19:14:13.227372,-8.314,-0.478,1.270,0.746
2025-12-04T19:14:13.245531,-8.314,-0.478,1.270,0.746
2025-12-04T19:14:13.264011,-8.314,-0.478,1.270,0.746
2025-12-04T19:14:13.281212,-8.314,-0.478,1.270,0.746
2025-12-04T19:14:13.297659,-8.314,-0.478,1.270,0.746
2025-12-04T19:14:13.312989,-8.314,-0.478,1.270,0.746
2025-12-04T19:14:13.329642,-8.314,-0.478,1.270,0.746
2025-12-04T19:14:13.345557,-8.314,-0.478,1.270,0.746
2025-12-04T19:14:13.359975,-8.314,-0.478,1.270,0.746
2025-12-04T19:14:13.375634,-8.314,-0.478,1.270,0.746
2025-12-04T19:14:13.391187,-8.314,-0.478,1.270,0.746
2025-12-04T19:14:13.412718,-8.314,-0.478,1.270,0.746
2025-12-04T19:14:13.428028,-8.314,-0.478,1.270,0.746
2025-12-04T19:14:13.444987,-8.314,-0.478,1.270,0.746
2025-12-04T19:14:13.463330,-8.314,-0.478,1.270,0.746
2025-12-04T19:14:13.481446,-8.314,-0.478,1.270,0.746
2025-12-04T19:14:13.498675,-8.314,-0.478,1.270,0.746
2025-12-04T19:14:13.515248,-8.314,-0.478,1.270,0.746
2025-12-04T19:14:13.531443,-8.314,-0.478,1.270,0.746
2025-12-04T19:14:13.546290,-8.314,-0.478,1.270,0.746
2025-12-04T19:14:13.562229,-8.314,-0.478,1.270,0.746
2025-12-04T19:14:13.576489,-8.314,-0.478,1.270,0.746
2025-12-04T19:14:13.594476,-8.314,-0.478,1.270,0.746
2025-12-04T19:14:13.610118,-8.314,-0.478,1.270,0.746
2025-12-04T19:14:13.627328,-8.314,-0.478,1.270,0.746
2025-12-04T19:14:13.643529,-8.314,-0.478,1.270,0.746
2025-12-04T19:14:13.662745,-8.314,-0.478,1.270,0.746
2025-12-04T19:14:13.677356,-8.314,-0.478,1.270,0.746
2025-12-04T19:14:13.695010,-8.314,-0.478,1.270,0.746
2025-12-04T19:14:13.715269,-8.314,-0.478,1.270,0.746
2025-12-04T19:14:13.732291,-8.314,-0.478,1.270,0.746
2025-12-04T19:14:13.748344,-8.314,-0.478,1.270,0.746
2025-12-04T19:14:13.764552,-8.314,-0.478,1.270,0.746
2025-12-04T19:14:13.779146,-8.314,-0.478,1.270,0.746
2025-12-04T19:14:13.795267,-8.314,-0.478,1.270,0.746
2025-12-04T19:14:13.811129,-8.314,-0.478,1.270,0.746
2025-12-04T19:14:13.827201,-8.314,-0.478,1.270,0.746
2025-12-04T19:14:13.842413,-8.314,-0.478,1.270,0.746
2025-12-04T19:14:13.860440,-8.314,-0.478,1.270,0.746
2025-12-04T19:14:13.876900,-8.314,-0.478,1.270,0.746
2025-12-04T19:14:13.895091,-8.314,-0.478,1.270,0.746
2025-12-04T19:14:13.913953,-8.314,-0.478,1.270,0.746
2025-12-04T19:14:13.931490,-8.314,-0.478,1.270,0.746
2025-12-04T19:14:13.949010,-8.314,-0.478,1.270,0.746
2025-12-04T19:14:13.965515,-8.314,-0.478,1.270,0.746
2025-12-04T19:14:13.982001,-8.314,-0.478,1.270,0.746
2025-12-04T19:14:13.996208,-8.314,-0.478,1.270,0.746
2025-12-04T19:14:14.016591,-8.314,-0.478,1.270,0.746
2025-12-04T19:14:14.030948,-8.314,-0.478,1.270,0.746
2025-12-04T19:14:14.044381,-8.314,-0.478,1.270,0.746
2025-12-04T19:14:14.058916,-8.314,-0.478,1.270,0.746
2025-12-04T19:14:14.073811,-8.314,-0.478,1.270,0.746
2025-12-04T19:14:14.091175,-8.314,-0.478,1.270,0.746
2025-12-04T19:14:14.105922,-8.314,-0.478,1.270,0.746
2025-12-04T19:14:14.125223,-8.314,-0.478,1.270,0.746
2025-12-04T19:14:14.141923,-8.314,-0.478,1.270,0.746
2025-12-04T19:14:14.159061,-8.314,-0.478,1.270,0.746
2025-12-04T19:14:14.174396,-8.314,-0.478,1.270,0.746
2025-12-04T19:14:14.192042,-8.314,-0.478,1.270,0.746
2025-12-04T19:14:14.209124,-8.314,-0.478,1.270,0.746
2025-12-04T19:14:14.226931,-8.314,-0.478,1.270,0.746
2025-12-04T19:14:14.244101,-8.314,-0.478,1.270,0.746
2025-12-04T19:14:14.261520,-8.314,-0.478,1.270,0.746
2025-12-04T19:14:14.276918,-8.314,-0.478,1.270,0.746
2025-12-04T19:14:14.292386,-8.314,-0.478,1.270,0.746
2025-12-04T19:14:14.307012,-8.314,-0.478,1.270,0.746
2025-12-04T19:14:14.320625,-8.314,-0.478,1.270,0.746
2025-12-04T19:14:14.334762,-8.314,-0.478,1.270,0.746
2025-12-04T19:14:14.350542,-8.314,-0.478,1.270,0.746
2025-12-04T19:14:14.367055,-8.314,-0.478,1.270,0.746
2025-12-04T19:14:14.384993,-8.314,-0.478,1.270,0.746
2025-12-04T19:14:14.401353,-8.314,-0.478,1.270,0.746
2025-12-04T19:14:14.418869,-8.314,-0.478,1.270,0.746
2025-12-04T19:14:14.435328,-8.314,-0.478,1.270,0.746
2025-12-04T19:14:14.453603,-8.314,-0.478,1.270,0.746
2025-12-04T19:14:14.474394,-8.314,-0.478,1.270,0.746
2025-12-04T19:14:14.486475,-8.314,-0.478,1.270,0.746
2025-12-04T19:14:14.501866,-8.314,-0.478,1.270,0.746
2025-12-04T19:14:14.518913,-8.314,-0.478,1.270,0.746
2025-12-04T19:14:14.535059,-8.314,-0.478,1.270,0.746
2025-12-04T19:14:14.551006,-8.314,-0.478,1.270,0.746
2025-12-04T19:14:14.567381,-8.314,-0.478,1.270,0.746
2025-12-04T19:14:14.584463,-8.314,-0.478,1.270,0.746
2025-12-04T19:14:14.598139,-8.314,-0.478,1.270,0.746
2025-12-04T19:14:14.614242,-8.314,-0.478,1.270,0.746
2025-12-04T19:14:14.635826,-8.314,-0.478,1.270,0.746
2025-12-04T19:14:14.649777,-8.314,-0.478,1.270,0.746
2025-12-04T19:14:14.666062,-8.314,-0.478,1.270,0.746
2025-12-04T19:14:14.683186,-8.314,-0.478,1.270,0.746
2025-12-04T19:14:14.703765,-8.314,-0.478,1.270,0.746
2025-12-04T19:14:14.720346,-8.314,-0.478,1.270,0.746
2025-12-04T19:14:14.736818,-8.314,-0.478,1.270,0.746
2025-12-04T19:14:14.752334,-8.314,-0.478,1.270,0.746
2025-12-04T19:14:14.767731,-8.314,-0.478,1.270,0.746
2025-12-04T19:14:14.791472,-8.314,-0.478,1.270,0.746
2025-12-04T19:14:14.803046,-8.314,-0.478,1.270,0.746
2025-12-04T19:14:14.818368,-8.314,-0.478,1.270,0.746
2025-12-04T19:14:14.833515,-8.314,-0.478,1.270,0.746
2025-12-04T19:14:14.851848,-8.314,-0.478,1.270,0.746
2025-12-04T19:14:14.865446,-8.314,-0.478,1.270,0.746
2025-12-04T19:14:14.881775,-8.314,-0.478,1.270,0.746
2025-12-04T19:14:14.899996,-8.314,-0.478,1.270,0.746
2025-12-04T19:14:14.917353,-8.314,-0.478,1.270,0.746
2025-12-04T19:14:14.940809,-8.314,-0.478,1.270,0.746
2025-12-04T19:14:14.952815,-8.314,-0.478,1.270,0.746
2025-12-04T19:14:14.970542,-8.314,-0.478,1.270,0.746
2025-12-04T19:14:14.984909,-8.314,-0.478,1.270,0.746
2025-12-04T19:14:15.000575,-8.314,-0.478,1.270,0.746
2025-12-04T19:14:15.012882,-8.314,-0.478,1.270,0.746
2025-12-04T19:14:15.025733,-8.314,-0.478,1.270,0.746
2025-12-04T19:14:15.041730,-8.314,-0.478,1.270,0.746
2025-12-04T19:14:15.057475,-8.314,-0.478,1.270,0.746
2025-12-04T19:14:15.075367,-8.314,-0.478,1.270,0.746
2025-12-04T19:14:15.092571,-8.314,-0.478,1.270,0.746
2025-12-04T19:14:15.110684,-8.314,-0.478,1.270,0.746
2025-12-04T19:14:15.126986,-8.314,-0.478,1.270,0.746
2025-12-04T19:14:15.145622,-8.314,-0.478,1.270,0.746
2025-12-04T19:14:15.162351,-8.314,-0.478,1.270,0.746
2025-12-04T19:14:15.178620,-8.314,-0.478,1.270,0.746
2025-12-04T19:14:15.196020,-8.314,-0.478,1.270,0.746
2025-12-04T19:14:15.213661,-8.314,-0.478,1.270,0.746
2025-12-04T19:14:15.230887,-8.314,-0.478,1.270,0.746
2025-12-04T19:14:15.248251,-8.314,-0.478,1.270,0.746
2025-12-04T19:14:15.262698,-8.314,-0.478,1.270,0.746
2025-12-04T19:14:15.277452,-8.314,-0.478,1.270,0.746
2025-12-04T19:14:15.292391,-8.314,-0.478,1.270,0.746
2025-12-04T19:14:15.307017,-8.314,-0.478,1.270,0.746
2025-12-04T19:14:15.322310,-8.314,-0.478,1.270,0.746
2025-12-04T19:14:15.339296,-8.314,-0.478,1.270,0.746
2025-12-04T19:14:15.355758,-8.314,-0.478,1.270,0.746
2025-12-04T19:14:15.371519,-8.314,-0.478,1.270,0.746
2025-12-04T19:14:15.390157,-8.314,-0.478,1.270,0.746
2025-12-04T19:14:15.406382,-8.314,-0.478,1.270,0.746
2025-12-04T19:14:15.425001,-8.314,-0.478,1.270,0.746
2025-12-04T19:14:15.442065,-8.314,-0.478,1.270,0.746
2025-12-04T19:14:15.458593,-8.314,-0.478,1.270,0.746
2025-12-04T19:14:15.474935,-8.314,-0.478,1.270,0.746
2025-12-04T19:14:15.499888,-8.314,-0.478,1.270,0.746
2025-12-04T19:14:15.506881,-8.314,-0.478,1.270,0.746
2025-12-04T19:14:15.529700,-8.314,-0.478,1.270,0.746
2025-12-04T19:14:15.537215,-8.314,-0.478,1.270,0.746
2025-12-04T19:14:15.550669,-8.314,-0.478,1.270,0.746
2025-12-04T19:14:15.566433,-8.314,-0.478,1.270,0.746
2025-12-04T19:14:15.585351,-8.314,-0.478,1.270,0.746
2025-12-04T19:14:15.600240,-8.314,-0.478,1.270,0.746
2025-12-04T19:14:15.618331,-8.314,-0.478,1.270,0.746
2025-12-04T19:14:15.636269,-8.314,-0.478,1.270,0.746
2025-12-04T19:14:15.654322,-8.314,-0.478,1.270,0.746
2025-12-04T19:14:15.672178,-8.314,-0.478,1.270,0.746
2025-12-04T19:14:15.690220,-8.314,-0.478,1.270,0.746
2025-12-04T19:14:15.707670,-8.314,-0.478,1.270,0.746
2025-12-04T19:14:15.725196,-8.314,-0.478,1.270,0.746
2025-12-04T19:14:15.743113,-8.314,-0.478,1.270,0.746
2025-12-04T19:14:15.760021,-8.314,-0.478,1.270,0.746
2025-12-04T19:14:15.775946,-8.314,-0.478,1.270,0.746
2025-12-04T19:14:15.791180,-8.314,-0.478,1.270,0.746
2025-12-04T19:14:15.808970,-8.314,-0.478,1.270,0.746
2025-12-04T19:14:15.824591,-8.314,-0.478,1.270,0.746
2025-12-04T19:14:15.839851,-8.314,-0.478,1.270,0.746
2025-12-04T19:14:15.856452,-8.314,-0.478,1.270,0.746
2025-12-04T19:14:15.870024,-8.314,-0.478,1.270,0.746
2025-12-04T19:14:15.884568,-8.314,-0.478,1.270,0.746
2025-12-04T19:14:15.903632,-8.314,-0.478,1.270,0.746
2025-12-04T19:14:15.919702,-8.314,-0.478,1.270,0.746
2025-12-04T19:14:15.937157,-8.314,-0.478,1.270,0.746
2025-12-04T19:14:15.955185,-8.314,-0.478,1.270,0.746
2025-12-04T19:14:15.974014,-8.314,-0.478,1.270,0.746
2025-12-04T19:14:15.990714,-8.314,-0.478,1.270,0.746
2025-12-04T19:14:16.005574,-8.314,-0.478,1.270,0.746
2025-12-04T19:14:16.021891,-8.314,-0.478,1.270,0.746
2025-12-04T19:14:16.037389,-8.314,-0.478,1.270,0.746
2025-12-04T19:14:16.053044,-8.314,-0.478,1.270,0.746
2025-12-04T19:14:16.068055,-8.314,-0.478,1.270,0.746
2025-12-04T19:14:16.081873,-8.314,-0.478,1.270,0.746
2025-12-04T19:14:16.097666,-8.314,-0.478,1.270,0.746
2025-12-04T19:14:16.113368,-8.314,-0.478,1.270,0.746
2025-12-04T19:14:16.130282,-8.314,-0.478,1.270,0.746
2025-12-04T19:14:16.146883,-8.314,-0.478,1.270,0.746
2025-12-04T19:14:16.169789,-8.314,-0.478,1.270,0.746
2025-12-04T19:14:16.185975,-8.314,-0.478,1.270,0.746
2025-12-04T19:14:16.203981,-8.314,-0.478,1.270,0.746
2025-12-04T19:14:16.220170,-8.314,-0.478,1.270,0.746
2025-12-04T19:14:16.237753,-8.314,-0.478,1.270,0.746
2025-12-04T19:14:16.251893,-8.314,-0.478,1.270,0.746
2025-12-04T19:14:16.266561,-8.314,-0.478,1.270,0.746
2025-12-04T19:14:16.279574,-8.314,-0.478,1.270,0.746
2025-12-04T19:14:16.292877,-8.314,-0.478,1.270,0.746
2025-12-04T19:14:16.306733,-8.314,-0.478,1.270,0.746
2025-12-04T19:14:16.322573,-8.314,-0.478,1.270,0.746
2025-12-04T19:14:16.339165,-8.314,-0.478,1.270,0.746
2025-12-04T19:14:16.355316,-8.314,-0.478,1.270,0.746
2025-12-04T19:14:16.371161,-8.314,-0.478,1.270,0.746
2025-12-04T19:14:16.390126,-8.314,-0.478,1.270,0.746
2025-12-04T19:14:16.407630,-8.314,-0.478,1.270,0.746
2025-12-04T19:14:16.425576,-8.314,-0.478,1.270,0.746
2025-12-04T19:14:16.442843,-8.314,-0.478,1.270,0.746
2025-12-04T19:14:16.460416,-8.314,-0.478,1.270,0.746
2025-12-04T19:14:16.477062,-8.314,-0.478,1.270,0.746
2025-12-04T19:14:16.493015,-8.314,-0.478,1.270,0.746
2025-12-04T19:14:16.508724,-8.314,-0.478,1.270,0.746
2025-12-04T19:14:16.523702,-8.314,-0.478,1.270,0.746
2025-12-04T19:14:16.538845,-8.314,-0.478,1.270,0.746
2025-12-04T19:14:16.554473,-8.314,-0.478,1.270,0.746
2025-12-04T19:14:16.569420,-8.314,-0.478,1.270,0.746
2025-12-04T19:14:16.586065,-8.314,-0.478,1.270,0.746
2025-12-04T19:14:16.602715,-8.314,-0.478,1.270,0.746
2025-12-04T19:14:16.620158,-8.314,-0.478,1.270,0.746
2025-12-04T19:14:16.636403,-8.314,-0.478,1.270,0.746
2025-12-04T19:14:16.654472,-8.314,-0.478,1.270,0.746
2025-12-04T19:14:16.673372,-8.314,-0.478,1.270,0.746
2025-12-04T19:14:16.693235,-8.314,-0.478,1.270,0.746
2025-12-04T19:14:16.708993,-8.314,-0.478,1.270,0.746
2025-12-04T19:14:16.726962,-8.314,-0.478,1.270,0.746
2025-12-04T19:14:16.744794,-8.314,-0.478,1.270,0.746
2025-12-04T19:14:16.761968,-8.314,-0.478,1.270,0.746
2025-12-04T19:14:16.777887,-8.314,-0.478,1.270,0.746
2025-12-04T19:14:16.793133,-8.314,-0.478,1.270,0.746
2025-12-04T19:14:16.809347,-8.314,-0.478,1.270,0.746
2025-12-04T19:14:16.823386,-8.314,-0.478,1.270,0.746
2025-12-04T19:14:16.838383,-8.314,-0.478,1.270,0.746
2025-12-04T19:14:16.853932,-8.314,-0.478,1.270,0.746
2025-12-04T19:14:16.869713,-8.314,-0.478,1.270,0.746
2025-12-04T19:14:16.887230,-8.314,-0.478,1.270,0.746
2025-12-04T19:14:16.903075,-8.314,-0.478,1.270,0.746
2025-12-04T19:14:16.921561,-8.314,-0.478,1.270,0.746
2025-12-04T19:14:16.936919,-8.314,-0.478,1.270,0.746
2025-12-04T19:14:16.956925,-8.314,-0.478,1.270,0.746
2025-12-04T19:14:16.972201,-8.314,-0.478,1.270,0.746
2025-12-04T19:14:16.989678,-8.314,-0.478,1.270,0.746
2025-12-04T19:14:17.008657,-8.314,-0.478,1.270,0.746
2025-12-04T19:14:17.022468,-8.314,-0.478,1.270,0.746
2025-12-04T19:14:17.038926,-8.314,-0.478,1.270,0.746
2025-12-04T19:14:17.053370,-8.314,-0.478,1.270,0.746
2025-12-04T19:14:17.068881,-8.314,-0.478,1.270,0.746
2025-12-04T19:14:17.090206,-8.314,-0.478,1.270,0.746
2025-12-04T19:14:17.104694,-8.314,-0.478,1.270,0.746
2025-12-04T19:14:17.122338,-8.314,-0.478,1.270,0.746
2025-12-04T19:14:17.139922,-8.314,-0.478,1.270,0.746
2025-12-04T19:14:17.158420,-8.314,-0.478,1.270,0.746
2025-12-04T19:14:17.175935,-8.314,-0.478,1.270,0.746
2025-12-04T19:14:17.192110,-8.314,-0.478,1.270,0.746
2025-12-04T19:14:17.208985,-8.314,-0.478,1.270,0.746
2025-12-04T19:14:17.225806,-8.314,-0.478,1.270,0.746
2025-12-04T19:14:17.240399,-8.314,-0.478,1.270,0.746
2025-12-04T19:14:17.255759,-8.314,-0.478,1.270,0.746
2025-12-04T19:14:17.270297,-8.314,-0.478,1.270,0.746
2025-12-04T19:14:17.284388,-8.314,-0.478,1.270,0.746
2025-12-04T19:14:17.299533,-8.314,-0.478,1.270,0.746
2025-12-04T19:14:17.315068,-8.314,-0.478,1.270,0.746
2025-12-04T19:14:17.331580,-8.314,-0.478,1.270,0.746
2025-12-04T19:14:17.347444,-8.314,-0.478,1.270,0.746
2025-12-04T19:14:17.364240,-8.314,-0.478,1.270,0.746
2025-12-04T19:14:17.382022,-8.314,-0.478,1.270,0.746
2025-12-04T19:14:17.399403,-8.314,-0.478,1.270,0.746
2025-12-04T19:14:17.418484,-8.314,-0.478,1.270,0.746
2025-12-04T19:14:17.434546,-8.314,-0.478,1.270,0.746
2025-12-04T19:14:17.451030,-8.314,-0.478,1.270,0.746
2025-12-04T19:14:17.469193,-8.314,-0.478,1.270,0.746
2025-12-04T19:14:17.486578,-8.314,-0.478,1.270,0.746
2025-12-04T19:14:17.501104,-8.314,-0.478,1.270,0.746
2025-12-04T19:14:17.516973,-8.314,-0.478,1.270,0.746
2025-12-04T19:14:17.532338,-8.314,-0.478,1.270,0.746
2025-12-04T19:14:17.548469,-8.314,-0.478,1.270,0.746
2025-12-04T19:14:17.563708,-8.314,-0.478,1.270,0.746
2025-12-04T19:14:17.580931,-8.314,-0.478,1.270,0.746
2025-12-04T19:14:17.598850,-8.314,-0.478,1.270,0.746
2025-12-04T19:14:17.617070,-8.314,-0.478,1.270,0.746
2025-12-04T19:14:17.633910,-8.314,-0.478,1.270,0.746
2025-12-04T19:14:17.653246,-8.314,-0.478,1.270,0.746
2025-12-04T19:14:17.703747,-8.314,-0.478,1.270,0.746
2025-12-04T19:14:17.733947,-8.314,-0.478,1.270,0.746
2025-12-04T19:14:17.766724,-8.314,-0.478,1.270,0.746
2025-12-04T19:14:17.789266,-8.314,-0.478,1.270,0.746
2025-12-04T19:14:17.814621,-8.314,-0.478,1.270,0.746
2025-12-04T19:14:17.841541,-8.314,-0.478,1.270,0.746
2025-12-04T19:14:17.865152,-8.314,-0.478,1.270,0.746
2025-12-04T19:14:17.890359,-8.314,-0.478,1.270,0.746
2025-12-04T19:14:17.915402,-8.314,-0.478,1.270,0.746
2025-12-04T19:14:17.939497,-8.314,-0.478,1.270,0.746
2025-12-04T19:14:17.963838,-8.314,-0.478,1.270,0.746
2025-12-04T19:14:17.980322,-8.314,-0.478,1.270,0.746
2025-12-04T19:14:17.993829,-8.314,-0.478,1.270,0.746
2025-12-04T19:14:18.009844,-8.314,-0.478,1.270,0.746
2025-12-04T19:14:18.021901,-8.314,-0.478,1.270,0.746
2025-12-04T19:14:18.033904,-8.314,-0.478,1.270,0.746
2025-12-04T19:14:18.042276,-8.314,-0.478,1.270,0.746
2025-12-04T19:14:18.054126,-8.314,-0.478,1.270,0.746
2025-12-04T19:14:18.065061,-8.314,-0.478,1.270,0.746
2025-12-04T19:14:18.076270,-8.314,-0.478,1.270,0.746
2025-12-04T19:14:18.090331,-8.314,-0.478,1.270,0.746
2025-12-04T19:14:18.103332,-8.314,-0.478,1.270,0.746
2025-12-04T19:14:18.114081,-8.314,-0.478,1.270,0.746
2025-12-04T19:14:18.127951,-8.314,-0.478,1.270,0.746
2025-12-04T19:14:18.142625,-8.314,-0.478,1.270,0.746
2025-12-04T19:14:18.158206,-8.314,-0.478,1.270,0.746
2025-12-04T19:14:18.172208,-8.314,-0.478,1.270,0.746
2025-12-04T19:14:18.187446,-8.314,-0.478,1.270,0.746
2025-12-04T19:14:18.205029,-8.314,-0.478,1.270,0.746
2025-12-04T19:14:18.219936,-8.314,-0.478,1.270,0.746
2025-12-04T19:14:18.236921,-8.314,-0.478,1.270,0.746
2025-12-04T19:14:18.255227,-8.314,-0.478,1.270,0.746
2025-12-04T19:14:18.271143,-8.314,-0.478,1.270,0.746
2025-12-04T19:14:18.290721,-8.314,-0.478,1.270,0.746
2025-12-04T19:14:18.308553,-8.314,-0.478,1.270,0.746
2025-12-04T19:14:18.327014,-8.314,-0.478,1.270,0.746
2025-12-04T19:14:18.345764,-8.314,-0.478,1.270,0.746
2025-12-04T19:14:18.362720,-8.314,-0.478,1.270,0.746
2025-12-04T19:14:18.378032,-8.314,-0.478,1.270,0.746
2025-12-04T19:14:18.394462,-8.314,-0.478,1.270,0.746
2025-12-04T19:14:18.407891,-8.314,-0.478,1.270,0.746
2025-12-04T19:14:18.422244,-8.314,-0.478,1.270,0.746
2025-12-04T19:14:18.435524,-8.314,-0.478,1.270,0.746
2025-12-04T19:14:18.450463,-8.314,-0.478,1.270,0.746
2025-12-04T19:14:18.466028,-8.314,-0.478,1.270,0.746
2025-12-04T19:14:18.481300,-8.314,-0.478,1.270,0.746
2025-12-04T19:14:18.497433,-8.314,-0.478,1.270,0.746
2025-12-04T19:14:18.514498,-8.314,-0.478,1.270,0.746
2025-12-04T19:14:18.533067,-8.314,-0.478,1.270,0.746
2025-12-04T19:14:18.551013,-8.314,-0.478,1.270,0.746
2025-12-04T19:14:18.568007,-8.314,-0.478,1.270,0.746
2025-12-04T19:14:18.586188,-8.314,-0.478,1.270,0.746
2025-12-04T19:14:18.603899,-8.314,-0.478,1.270,0.746
2025-12-04T19:14:18.621581,-8.314,-0.478,1.270,0.746
2025-12-04T19:14:18.637696,-8.314,-0.478,1.270,0.746
2025-12-04T19:14:18.657860,-8.314,-0.478,1.270,0.746
2025-12-04T19:14:18.672327,-8.314,-0.478,1.270,0.746
2025-12-04T19:14:18.688233,-8.314,-0.478,1.270,0.746
2025-12-04T19:14:18.702896,-8.314,-0.478,1.270,0.746
2025-12-04T19:14:18.718831,-8.314,-0.478,1.270,0.746
2025-12-04T19:14:18.734504,-8.314,-0.478,1.270,0.746
2025-12-04T19:14:18.752792,-8.314,-0.478,1.270,0.746
2025-12-04T19:14:18.766679,-8.314,-0.478,1.270,0.746
2025-12-04T19:14:18.782172,-8.314,-0.478,1.270,0.746
2025-12-04T19:14:18.798544,-8.314,-0.478,1.270,0.746
2025-12-04T19:14:18.814934,-8.314,-0.478,1.270,0.746
2025-12-04T19:14:18.833173,-8.314,-0.478,1.270,0.746
2025-12-04T19:14:18.850055,-8.314,-0.478,1.270,0.746
2025-12-04T19:14:18.869166,-8.314,-0.478,1.270,0.746
2025-12-04T19:14:18.886805,-8.314,-0.478,1.270,0.746
2025-12-04T19:14:18.902980,-8.314,-0.478,1.270,0.746
2025-12-04T19:14:18.921199,-8.314,-0.478,1.270,0.746
2025-12-04T19:14:18.939628,-8.314,-0.478,1.270,0.746
2025-12-04T19:14:18.964904,-8.314,-0.478,1.270,0.746
2025-12-04T19:14:18.978131,-8.314,-0.478,1.270,0.746
2025-12-04T19:14:18.993200,-8.314,-0.478,1.270,0.746
2025-12-04T19:14:19.009031,-8.314,-0.478,1.270,0.746
2025-12-04T19:14:19.025722,-8.314,-0.478,1.270,0.746
2025-12-04T19:14:19.037028,-8.314,-0.478,1.270,0.746
2025-12-04T19:14:19.049352,-8.314,-0.478,1.270,0.746
2025-12-04T19:14:19.063171,-8.314,-0.478,1.270,0.746
2025-12-04T19:14:19.078533,-8.314,-0.478,1.270,0.746
2025-12-04T19:14:19.091824,-8.314,-0.478,1.270,0.746
2025-12-04T19:14:19.105880,-8.314,-0.478,1.270,0.746
2025-12-04T19:14:19.120324,-8.314,-0.478,1.270,0.746
2025-12-04T19:14:19.143388,-8.314,-0.478,1.270,0.746
2025-12-04T19:14:19.152878,-8.314,-0.478,1.270,0.746
2025-12-04T19:14:19.169320,-8.314,-0.478,1.270,0.746
2025-12-04T19:14:19.186989,-8.314,-0.478,1.270,0.746
2025-12-04T19:14:19.203774,-8.314,-0.478,1.270,0.746
2025-12-04T19:14:19.221970,-8.314,-0.478,1.270,0.746
2025-12-04T19:14:19.240501,-8.314,-0.478,1.270,0.746
2025-12-04T19:14:19.262801,-8.314,-0.478,1.270,0.746
2025-12-04T19:14:19.278104,-8.314,-0.478,1.270,0.746
2025-12-04T19:14:19.296098,-8.314,-0.478,1.270,0.746
2025-12-04T19:14:19.313204,-8.314,-0.478,1.270,0.746
2025-12-04T19:14:19.330115,-8.314,-0.478,1.270,0.746
2025-12-04T19:14:19.346610,-8.314,-0.478,1.270,0.746
2025-12-04T19:14:19.362118,-8.314,-0.478,1.270,0.746
2025-12-04T19:14:19.378064,-8.314,-0.478,1.270,0.746
2025-12-04T19:14:19.392063,-8.314,-0.478,1.270,0.746
2025-12-04T19:14:19.406355,-8.314,-0.478,1.270,0.746
2025-12-04T19:14:19.421267,-8.314,-0.478,1.270,0.746
2025-12-04T19:14:19.435787,-8.314,-0.478,1.270,0.746
2025-12-04T19:14:19.453479,-8.314,-0.478,1.270,0.746
2025-12-04T19:14:19.470352,-8.314,-0.478,1.270,0.746
2025-12-04T19:14:19.488540,-8.314,-0.478,1.270,0.746
2025-12-04T19:14:19.505617,-8.314,-0.478,1.270,0.746
2025-12-04T19:14:19.524082,-8.314,-0.478,1.270,0.746
2025-12-04T19:14:19.541204,-8.314,-0.478,1.270,0.746
2025-12-04T19:14:19.558906,-8.314,-0.478,1.270,0.746
2025-12-04T19:14:19.574300,-8.314,-0.478,1.270,0.746
2025-12-04T19:14:19.590833,-8.314,-0.478,1.270,0.746
2025-12-04T19:14:19.605474,-8.314,-0.478,1.270,0.746
2025-12-04T19:14:19.621967,-8.314,-0.478,1.270,0.746
2025-12-04T19:14:19.635809,-8.314,-0.478,1.270,0.746
2025-12-04T19:14:19.650881,-8.314,-0.478,1.270,0.746
2025-12-04T19:14:19.666784,-8.314,-0.478,1.270,0.746
2025-12-04T19:14:19.683357,-8.314,-0.478,1.270,0.746
2025-12-04T19:14:19.702622,-8.313,-0.497,1.270,0.746
2025-12-04T19:14:19.720231,-8.312,-0.516,1.270,0.746
2025-12-04T19:14:19.736256,-8.311,-0.535,1.270,0.746
2025-12-04T19:14:19.755601,-8.310,-0.553,1.270,0.746
2025-12-04T19:14:19.772199,-8.309,-0.572,1.270,0.746
2025-12-04T19:14:19.792317,-8.308,-0.590,1.270,0.746
2025-12-04T19:14:19.809990,-8.307,-0.607,1.270,0.746
2025-12-04T19:14:19.826922,-8.306,-0.625,1.270,0.746
2025-12-04T19:14:19.844371,-8.305,-0.642,1.270,0.746
2025-12-04T19:14:19.861571,-8.304,-0.658,1.270,0.746
2025-12-04T19:14:19.876824,-8.303,-0.675,1.270,0.746
2025-12-04T19:14:19.891067,-8.302,-0.691,1.270,0.746
2025-12-04T19:14:19.906452,-8.301,-0.708,1.270,0.746
2025-12-04T19:14:19.920982,-8.300,-0.723,1.270,0.746
2025-12-04T19:14:19.936386,-8.299,-0.739,1.270,0.746
2025-12-04T19:14:19.950675,-8.298,-0.755,1.270,0.746
2025-12-04T19:14:19.966818,-8.297,-0.770,1.270,0.746
2025-12-04T19:14:19.982620,-8.296,-0.785,1.270,0.746
2025-12-04T19:14:20.001113,-8.295,-0.800,1.270,0.746
2025-12-04T19:14:20.016663,-8.294,-0.815,1.270,0.746
2025-12-04T19:14:20.035846,-8.292,-0.829,1.270,0.746
2025-12-04T19:14:20.053584,-8.291,-0.844,1.270,0.746
2025-12-04T19:14:20.070555,-8.290,-0.858,1.270,0.746
2025-12-04T19:14:20.089354,-8.289,-0.872,1.270,0.746
2025-12-04T19:14:20.104546,-8.288,-0.886,1.270,0.746
2025-12-04T19:14:20.123091,-8.287,-0.900,1.270,0.746
2025-12-04T19:14:20.139241,-8.286,-0.913,1.270,0.746
2025-12-04T19:14:20.156355,-8.285,-0.927,1.270,0.746
2025-12-04T19:14:20.171735,-8.284,-0.940,1.270,0.746
2025-12-04T19:14:20.196349,-8.283,-0.953,1.270,0.746
2025-12-04T19:14:20.210483,-8.282,-0.967,1.270,0.746
2025-12-04T19:14:20.224384,-8.281,-0.980,1.270,0.746
2025-12-04T19:14:20.238585,-8.280,-0.993,1.270,0.746
2025-12-04T19:14:20.253296,-8.279,-1.005,1.270,0.746
2025-12-04T19:14:20.266310,-8.277,-1.018,1.270,0.746
2025-12-04T19:14:20.291900,-8.276,-1.031,1.270,0.746
2025-12-04T19:14:20.308998,-8.275,-1.043,1.270,0.746
2025-12-04T19:14:20.320066,-8.274,-1.055,1.270,0.746
2025-12-04T19:14:20.334963,-8.273,-1.068,1.270,0.746
2025-12-04T19:14:20.347876,-8.272,-1.080,1.270,0.746
2025-12-04T19:14:20.363684,-8.271,-1.092,1.270,0.746
2025-12-04T19:14:20.378929,-8.270,-1.104,1.270,0.746
2025-12-04T19:14:20.394332,-8.269,-1.116,1.270,0.746
2025-12-04T19:14:20.411025,-8.268,-1.128,1.270,0.746
2025-12-04T19:14:20.427573,-8.267,-1.140,1.270,0.746
2025-12-04T19:14:20.442577,-8.266,-1.151,1.270,0.746
2025-12-04T19:14:20.460540,-8.264,-1.163,1.270,0.746
2025-12-04T19:14:20.478082,-8.263,-1.175,1.270,0.746
2025-12-04T19:14:20.503701,-8.262,-1.186,1.270,0.746
2025-12-04T19:14:20.517218,-8.261,-1.198,1.270,0.746
2025-12-04T19:14:20.535190,-8.260,-1.209,1.270,0.746
2025-12-04T19:14:20.551290,-8.259,-1.220,1.270,0.746
2025-12-04T19:14:20.567474,-8.258,-1.232,1.270,0.746
2025-12-04T19:14:20.584381,-8.257,-1.243,1.270,0.746
2025-12-04T19:14:20.600370,-8.256,-1.254,1.270,0.746
2025-12-04T19:14:20.613946,-8.255,-1.265,1.270,0.746
2025-12-04T19:14:20.628927,-8.254,-1.276,1.270,0.746
2025-12-04T19:14:20.643360,-8.252,-1.287,1.270,0.746
2025-12-04T19:14:20.660065,-8.251,-1.298,1.270,0.746
2025-12-04T19:14:20.673051,-8.250,-1.309,1.270,0.746
2025-12-04T19:14:20.691460,-8.249,-1.320,1.270,0.746
2025-12-04T19:14:20.705727,-8.248,-1.331,1.270,0.746
2025-12-04T19:14:20.723900,-8.247,-1.342,1.270,0.746
2025-12-04T19:14:20.743071,-8.246,-1.352,1.270,0.746
2025-12-04T19:14:20.764730,-8.245,-1.363,1.270,0.746
2025-12-04T19:14:20.779622,-8.244,-1.374,1.270,0.746
2025-12-04T19:14:20.798362,-8.243,-1.385,1.270,0.746
2025-12-04T19:14:20.815453,-8.242,-1.395,1.270,0.746
2025-12-04T19:14:20.830256,-8.240,-1.406,1.270,0.746
2025-12-04T19:14:20.846379,-8.239,-1.416,1.270,0.746
2025-12-04T19:14:20.861553,-8.238,-1.427,1.270,0.746
2025-12-04T19:14:20.878256,-8.237,-1.437,1.270,0.746
2025-12-04T19:14:20.894352,-8.236,-1.448,1.270,0.746
2025-12-04T19:14:20.908022,-8.235,-1.458,1.270,0.746
2025-12-04T19:14:20.923547,-8.234,-1.469,1.270,0.746
2025-12-04T19:14:20.939798,-8.233,-1.479,1.270,0.746
2025-12-04T19:14:20.954817,-8.232,-1.489,1.270,0.746
2025-12-04T19:14:20.984952,-8.231,-1.500,1.270,0.746
2025-12-04T19:14:21.003316,-8.229,-1.510,1.270,0.746
2025-12-04T19:14:21.019017,-8.228,-1.520,1.270,0.746
2025-12-04T19:14:21.034427,-8.227,-1.530,1.270,0.746
2025-12-04T19:14:21.049218,-8.226,-1.539,1.270,0.746
2025-12-04T19:14:21.063763,-8.224,-1.549,1.270,0.746
2025-12-04T19:14:21.078618,-8.222,-1.559,1.270,0.746
2025-12-04T19:14:21.093472,-8.221,-1.569,1.270,0.746
2025-12-04T19:14:21.107483,-8.219,-1.578,1.270,0.746
2025-12-04T19:14:21.122280,-8.217,-1.588,1.270,0.746
2025-12-04T19:14:21.136331,-8.216,-1.598,1.270,0.746
2025-12-04T19:14:21.151031,-8.214,-1.608,1.270,0.746
2025-12-04T19:14:21.167556,-8.212,-1.617,1.270,0.746
2025-12-04T19:14:21.183967,-8.210,-1.627,1.270,0.746
2025-12-04T19:14:21.200834,-8.208,-1.637,1.270,0.746
2025-12-04T19:14:21.219415,-8.207,-1.647,1.270,0.746
2025-12-04T19:14:21.237078,-8.205,-1.656,1.270,0.746
2025-12-04T19:14:21.255231,-8.203,-1.666,1.270,0.746
2025-12-04T19:14:21.273081,-8.201,-1.676,1.270,0.746
2025-12-04T19:14:21.289177,-8.200,-1.685,1.270,0.746
2025-12-04T19:14:21.308661,-8.198,-1.695,1.270,0.746
2025-12-04T19:14:21.325935,-8.196,-1.705,1.270,0.746
2025-12-04T19:14:21.344010,-8.195,-1.714,1.270,0.746
2025-12-04T19:14:21.360718,-8.193,-1.724,1.270,0.746
2025-12-04T19:14:21.378518,-8.192,-1.734,1.270,0.746
2025-12-04T19:14:21.392995,-8.190,-1.744,1.270,0.746
2025-12-04T19:14:21.408204,-8.188,-1.753,1.270,0.746
2025-12-04T19:14:21.422894,-8.187,-1.763,1.270,0.746
2025-12-04T19:14:21.437282,-8.185,-1.773,1.270,0.746
2025-12-04T19:14:21.451323,-8.184,-1.782,1.270,0.746
2025-12-04T19:14:21.467156,-8.182,-1.792,1.270,0.746
2025-12-04T19:14:21.483895,-8.181,-1.802,1.270,0.746
2025-12-04T19:14:21.501081,-8.179,-1.811,1.270,0.746
2025-12-04T19:14:21.515797,-8.178,-1.821,1.270,0.746
2025-12-04T19:14:21.533476,-8.176,-1.831,1.270,0.746
2025-12-04T19:14:21.550161,-8.175,-1.840,1.270,0.746
2025-12-04T19:14:21.567978,-8.173,-1.850,1.270,0.746
2025-12-04T19:14:21.586692,-8.172,-1.860,1.270,0.746
2025-12-04T19:14:21.600517,-8.171,-1.869,1.270,0.746
2025-12-04T19:14:21.616545,-8.169,-1.879,1.270,0.746
2025-12-04T19:14:21.631607,-8.168,-1.889,1.270,0.746
2025-12-04T19:14:21.646907,-8.167,-1.898,1.270,0.746
2025-12-04T19:14:21.664161,-8.165,-1.908,1.270,0.746
2025-12-04T19:14:21.677870,-8.164,-1.918,1.270,0.746
2025-12-04T19:14:21.694326,-8.163,-1.927,1.270,0.746
2025-12-04T19:14:21.715681,-8.162,-1.937,1.270,0.746
2025-12-04T19:14:21.730573,-8.161,-1.947,1.270,0.746
2025-12-04T19:14:21.746400,-8.160,-1.956,1.270,0.746
2025-12-04T19:14:21.761766,-8.159,-1.966,1.270,0.746
2025-12-04T19:14:21.781010,-8.158,-1.976,1.270,0.746
2025-12-04T19:14:21.800951,-8.158,-1.985,1.270,0.746
2025-12-04T19:14:21.813695,-8.157,-1.995,1.270,0.746
2025-12-04T19:14:21.831497,-8.156,-2.004,1.270,0.746
2025-12-04T19:14:21.850195,-8.156,-2.014,1.270,0.746
2025-12-04T19:14:21.862334,-8.155,-2.024,1.270,0.746
2025-12-04T19:14:21.878949,-8.155,-2.033,1.270,0.746
2025-12-04T19:14:21.894787,-8.154,-2.043,1.270,0.746
2025-12-04T19:14:21.912944,-8.154,-2.053,1.270,0.746
2025-12-04T19:14:21.930378,-8.154,-2.062,1.270,0.746
2025-12-04T19:14:21.947382,-8.154,-2.072,1.270,0.746
2025-12-04T19:14:21.966293,-8.154,-2.082,1.270,0.746
2025-12-04T19:14:21.982077,-8.154,-2.091,1.270,0.746
2025-12-04T19:14:22.000914,-8.154,-2.101,1.270,0.746
2025-12-04T19:14:22.025850,-8.154,-2.110,1.270,0.746
2025-12-04T19:14:22.041521,-8.154,-2.120,1.270,0.746
2025-12-04T19:14:22.057220,-8.154,-2.130,1.270,0.746
2025-12-04T19:14:22.073008,-8.154,-2.139,1.270,0.746
2025-12-04T19:14:22.088281,-8.155,-2.149,1.270,0.746
2025-12-04T19:14:22.103068,-8.155,-2.159,1.270,0.746
2025-12-04T19:14:22.117687,-8.155,-2.168,1.270,0.746
2025-12-04T19:14:22.130664,-8.156,-2.178,1.270,0.746
2025-12-04T19:14:22.144986,-8.156,-2.188,1.270,0.746
2025-12-04T19:14:22.161497,-8.157,-2.197,1.270,0.746
2025-12-04T19:14:22.174747,-8.157,-2.207,1.270,0.746
2025-12-04T19:14:22.191575,-8.158,-2.216,1.270,0.746
2025-12-04T19:14:22.205283,-8.158,-2.226,1.270,0.746
2025-12-04T19:14:22.223243,-8.159,-2.236,1.270,0.746
2025-12-04T19:14:22.240062,-8.159,-2.245,1.270,0.746
2025-12-04T19:14:22.257998,-8.160,-2.255,1.270,0.746
2025-12-04T19:14:22.276807,-8.161,-2.265,1.270,0.746
2025-12-04T19:14:22.293266,-8.161,-2.274,1.270,0.746
2025-12-04T19:14:22.311807,-8.162,-2.284,1.270,0.746
2025-12-04T19:14:22.327416,-8.162,-2.294,1.270,0.746
2025-12-04T19:14:22.343473,-8.163,-2.303,1.270,0.746
2025-12-04T19:14:22.360581,-8.164,-2.313,1.270,0.746
2025-12-04T19:14:22.375068,-8.164,-2.322,1.270,0.746
2025-12-04T19:14:22.390468,-8.165,-2.332,1.270,0.746
2025-12-04T19:14:22.406243,-8.165,-2.342,1.270,0.746
2025-12-04T19:14:22.421883,-8.166,-2.351,1.270,0.746
2025-12-04T19:14:22.439493,-8.166,-2.361,1.270,0.746
2025-12-04T19:14:22.454359,-8.167,-2.371,1.270,0.746
2025-12-04T19:14:22.472425,-8.167,-2.380,1.270,0.746
2025-12-04T19:14:22.489276,-8.168,-2.390,1.270,0.746
2025-12-04T19:14:22.509508,-8.168,-2.400,1.270,0.746
2025-12-04T19:14:22.525340,-8.169,-2.409,1.270,0.746
2025-12-04T19:14:22.542402,-8.169,-2.419,1.270,0.746
2025-12-04T19:14:22.560982,-8.169,-2.429,1.270,0.746
2025-12-04T19:14:22.577594,-8.170,-2.438,1.270,0.746
2025-12-04T19:14:22.593402,-8.170,-2.448,1.270,0.746
2025-12-04T19:14:22.608868,-8.170,-2.457,1.270,0.746
2025-12-04T19:14:22.623343,-8.171,-2.467,1.270,0.746
2025-12-04T19:14:22.645437,-8.171,-2.477,1.270,0.746
2025-12-04T19:14:22.657396,-8.171,-2.486,1.270,0.746
2025-12-04T19:14:22.670886,-8.171,-2.496,1.270,0.746
2025-12-04T19:14:22.684882,-8.171,-2.506,1.270,0.746
2025-12-04T19:14:22.700204,-8.172,-2.515,1.270,0.746
2025-12-04T19:14:22.717350,-8.172,-2.525,1.270,0.746
2025-12-04T19:14:22.733891,-8.172,-2.535,1.270,0.746
2025-12-04T19:14:22.750218,-8.172,-2.544,1.270,0.746
2025-12-04T19:14:22.767767,-8.172,-2.554,1.270,0.746
2025-12-04T19:14:22.785123,-8.172,-2.563,1.270,0.746
2025-12-04T19:14:22.801732,-8.172,-2.573,1.270,0.746
2025-12-04T19:14:22.821938,-8.172,-2.583,1.270,0.746
2025-12-04T19:14:22.843172,-8.172,-2.592,1.270,0.746
2025-12-04T19:14:22.856656,-8.171,-2.602,1.270,0.746
2025-12-04T19:14:22.874839,-8.171,-2.612,1.270,0.746
2025-12-04T19:14:22.892223,-8.171,-2.621,1.270,0.746
2025-12-04T19:14:22.907318,-8.171,-2.631,1.270,0.746
2025-12-04T19:14:22.926208,-8.171,-2.641,1.270,0.746
2025-12-04T19:14:22.950038,-8.171,-2.650,1.270,0.746
2025-12-04T19:14:22.963247,-8.170,-2.660,1.270,0.746
2025-12-04T19:14:22.978050,-8.170,-2.669,1.270,0.746
2025-12-04T19:14:22.990749,-8.170,-2.679,1.270,0.746
2025-12-04T19:14:23.004915,-8.170,-2.689,1.270,0.746
2025-12-04T19:14:23.018995,-8.170,-2.698,1.270,0.746
2025-12-04T19:14:23.033814,-8.169,-2.708,1.270,0.746
2025-12-04T19:14:23.050055,-8.169,-2.718,1.270,0.746
2025-12-04T19:14:23.066238,-8.169,-2.727,1.270,0.746
2025-12-04T19:14:23.083568,-8.169,-2.737,1.270,0.746
2025-12-04T19:14:23.100041,-8.168,-2.746,1.270,0.746
2025-12-04T19:14:23.116466,-8.168,-2.756,1.270,0.746
2025-12-04T19:14:23.134140,-8.168,-2.766,1.270,0.746
2025-12-04T19:14:23.151718,-8.168,-2.775,1.270,0.746
2025-12-04T19:14:23.170830,-8.167,-2.785,1.270,0.746
2025-12-04T19:14:23.186188,-8.167,-2.795,1.270,0.746
2025-12-04T19:14:23.203013,-8.167,-2.804,1.270,0.746
2025-12-04T19:14:23.218982,-8.167,-2.814,1.270,0.746
2025-12-04T19:14:23.236078,-8.166,-2.824,1.270,0.746
2025-12-04T19:14:23.251690,-8.166,-2.833,1.270,0.746
2025-12-04T19:14:23.264203,-8.166,-2.843,1.270,0.746
2025-12-04T19:14:23.280942,-8.166,-2.852,1.270,0.746
2025-12-04T19:14:23.296250,-8.166,-2.862,1.270,0.746
2025-12-04T19:14:23.312962,-8.165,-2.872,1.270,0.746
2025-12-04T19:14:23.328897,-8.165,-2.881,1.270,0.746
2025-12-04T19:14:23.346965,-8.165,-2.891,1.270,0.746
2025-12-04T19:14:23.364594,-8.165,-2.901,1.270,0.746
2025-12-04T19:14:23.382102,-8.165,-2.910,1.270,0.746
2025-12-04T19:14:23.399831,-8.165,-2.920,1.270,0.746
2025-12-04T19:14:23.417459,-8.165,-2.929,1.270,0.746
2025-12-04T19:14:23.434339,-8.164,-2.939,1.270,0.746
2025-12-04T19:14:23.453868,-8.164,-2.949,1.270,0.746
2025-12-04T19:14:23.471878,-8.164,-2.958,1.270,0.746
2025-12-04T19:14:23.488177,-8.164,-2.968,1.270,0.746
2025-12-04T19:14:23.505501,-8.164,-2.978,1.270,0.746
2025-12-04T19:14:23.519073,-8.164,-2.987,1.270,0.746
2025-12-04T19:14:23.536093,-8.164,-2.997,1.270,0.746
2025-12-04T19:14:23.551771,-8.164,-3.007,1.270,0.746
2025-12-04T19:14:23.575018,-8.164,-3.016,1.270,0.746
2025-12-04T19:14:23.584106,-8.164,-3.026,1.270,0.746
2025-12-04T19:14:23.596297,-8.164,-3.035,1.270,0.746
2025-12-04T19:14:23.610131,-8.164,-3.045,1.270,0.746
2025-12-04T19:14:23.624037,-8.164,-3.055,1.270,0.746
2025-12-04T19:14:23.638256,-8.164,-3.064,1.270,0.746
2025-12-04T19:14:23.653989,-8.164,-3.074,1.270,0.746
2025-12-04T19:14:23.669209,-8.164,-3.084,1.270,0.746
2025-12-04T19:14:23.684264,-8.164,-3.093,1.270,0.746
2025-12-04T19:14:23.700515,-8.164,-3.103,1.270,0.746
2025-12-04T19:14:23.719241,-8.165,-3.112,1.270,0.746
2025-12-04T19:14:23.734631,-8.165,-3.122,1.270,0.746
2025-12-04T19:14:23.750723,-8.165,-3.132,1.270,0.746
2025-12-04T19:14:23.766714,-8.165,-3.141,1.270,0.746
2025-12-04T19:14:23.785612,-8.165,-3.151,1.270,0.746
2025-12-04T19:14:23.802301,-8.165,-3.161,1.270,0.746
2025-12-04T19:14:23.819166,-8.165,-3.170,1.270,0.746
2025-12-04T19:14:23.834499,-8.165,-3.180,1.270,0.746
2025-12-04T19:14:23.850471,-8.165,-3.190,1.270,0.746
2025-12-04T19:14:23.869028,-8.165,-3.199,1.270,0.746
2025-12-04T19:14:23.890764,-8.165,-3.209,1.270,0.746
2025-12-04T19:14:23.902274,-8.166,-3.218,1.270,0.746
2025-12-04T19:14:23.915767,-8.166,-3.228,1.270,0.746
2025-12-04T19:14:23.932082,-8.166,-3.238,1.270,0.746
2025-12-04T19:14:23.946385,-8.166,-3.247,1.270,0.746
2025-12-04T19:14:23.963411,-8.166,-3.257,1.270,0.746
2025-12-04T19:14:23.978500,-8.166,-3.267,1.270,0.746
2025-12-04T19:14:23.996019,-8.166,-3.276,1.270,0.746
2025-12-04T19:14:24.014882,-8.166,-3.286,1.270,0.746
2025-12-04T19:14:24.029116,-8.166,-3.296,1.270,0.746
2025-12-04T19:14:24.047531,-8.166,-3.305,1.270,0.746
2025-12-04T19:14:24.064105,-8.167,-3.315,1.270,0.746
2025-12-04T19:14:24.083556,-8.167,-3.324,1.270,0.746
2025-12-04T19:14:24.100266,-8.167,-3.334,1.270,0.746
2025-12-04T19:14:24.116516,-8.167,-3.344,1.270,0.746
2025-12-04T19:14:24.136106,-8.167,-3.353,1.270,0.746
2025-12-04T19:14:24.152884,-8.167,-3.363,1.270,0.746
2025-12-04T19:14:24.169491,-8.167,-3.373,1.270,0.746
2025-12-04T19:14:24.192902,-8.167,-3.382,1.270,0.746
2025-12-04T19:14:24.207867,-8.167,-3.392,1.270,0.746
2025-12-04T19:14:24.224658,-8.167,-3.401,1.270,0.746
2025-12-04T19:14:24.239083,-8.167,-3.411,1.270,0.746
2025-12-04T19:14:24.254391,-8.167,-3.421,1.270,0.746
2025-12-04T19:14:24.268237,-8.167,-3.430,1.270,0.746
2025-12-04T19:14:24.282884,-8.167,-3.440,1.270,0.746
2025-12-04T19:14:24.295924,-8.167,-3.450,1.270,0.746
2025-12-04T19:14:24.311341,-8.167,-3.459,1.270,0.746
2025-12-04T19:14:24.325332,-8.167,-3.469,1.270,0.746
2025-12-04T19:14:24.339682,-8.167,-3.479,1.270,0.746
2025-12-04T19:14:24.355307,-8.167,-3.488,1.270,0.746
2025-12-04T19:14:24.370746,-8.167,-3.498,1.270,0.746
2025-12-04T19:14:24.386566,-8.167,-3.507,1.270,0.746
2025-12-04T19:14:24.404438,-8.167,-3.517,1.270,0.746
2025-12-04T19:14:24.419543,-8.167,-3.527,1.270,0.746
2025-12-04T19:14:24.437264,-8.167,-3.536,1.270,0.746
2025-12-04T19:14:24.455616,-8.167,-3.546,1.270,0.746
2025-12-04T19:14:24.472971,-8.167,-3.556,1.270,0.746
2025-12-04T19:14:24.489865,-8.167,-3.565,1.270,0.746
2025-12-04T19:14:24.505930,-8.167,-3.575,1.270,0.746
2025-12-04T19:14:24.521035,-8.167,-3.584,1.270,0.746
2025-12-04T19:14:24.537074,-8.167,-3.594,1.270,0.746
2025-12-04T19:14:24.552765,-8.167,-3.604,1.270,0.746
2025-12-04T19:14:24.568507,-8.167,-3.613,1.270,0.746
2025-12-04T19:14:24.584137,-8.167,-3.623,1.270,0.746
2025-12-04T19:14:24.598849,-8.167,-3.633,1.270,0.746
2025-12-04T19:14:24.614365,-8.167,-3.642,1.270,0.746
2025-12-04T19:14:24.631287,-8.167,-3.652,1.270,0.746
2025-12-04T19:14:24.648365,-8.167,-3.662,1.270,0.746
2025-12-04T19:14:24.665560,-8.167,-3.671,1.270,0.746
2025-12-04T19:14:24.682666,-8.167,-3.681,1.270,0.746
2025-12-04T19:14:24.701282,-8.167,-3.690,1.270,0.746
2025-12-04T19:14:24.720577,-8.167,-3.700,1.270,0.746
2025-12-04T19:14:24.739507,-8.167,-3.710,1.270,0.746
2025-12-04T19:14:24.755107,-8.166,-3.719,1.270,0.746
2025-12-04T19:14:24.771982,-8.166,-3.729,1.270,0.746
2025-12-04T19:14:24.786295,-8.166,-3.739,1.270,0.746
2025-12-04T19:14:24.803431,-8.166,-3.748,1.270,0.746
2025-12-04T19:14:24.817126,-8.166,-3.758,1.270,0.746
2025-12-04T19:14:24.831835,-8.166,-3.767,1.270,0.746
2025-12-04T19:14:24.849580,-8.166,-3.777,1.270,0.746
2025-12-04T19:14:24.863810,-8.166,-3.787,1.270,0.746
2025-12-04T19:14:24.881231,-8.166,-3.796,1.270,0.746
2025-12-04T19:14:24.899357,-8.166,-3.806,1.270,0.746
2025-12-04T19:14:24.915957,-8.166,-3.816,1.270,0.746
2025-12-04T19:14:24.933149,-8.166,-3.825,1.270,0.746
2025-12-04T19:14:24.952194,-8.166,-3.835,1.270,0.746
2025-12-04T19:14:24.968314,-8.167,-3.836,1.270,0.756
2025-12-04T19:14:24.986924,-8.167,-3.836,1.270,0.765
2025-12-04T19:14:25.003983,-8.168,-3.837,1.270,0.774
2025-12-04T19:14:25.019505,-8.169,-3.838,1.270,0.783
2025-12-04T19:14:25.034392,-8.170,-3.839,1.270,0.792
2025-12-04T19:14:25.049332,-8.170,-3.839,1.270,0.801
2025-12-04T19:14:25.063795,-8.171,-3.840,1.270,0.809
2025-12-04T19:14:25.079143,-8.172,-3.840,1.270,0.818
2025-12-04T19:14:25.094933,-8.172,-3.841,1.270,0.826
2025-12-04T19:14:25.109103,-8.173,-3.841,1.270,0.834
2025-12-04T19:14:25.128343,-8.174,-3.842,1.270,0.842
2025-12-04T19:14:25.145605,-8.174,-3.843,1.270,0.850
2025-12-04T19:14:25.160978,-8.175,-3.843,1.270,0.857
2025-12-04T19:14:25.184605,-8.175,-3.844,1.270,0.864
2025-12-04T19:14:25.205921,-8.176,-3.844,1.270,0.872
2025-12-04T19:14:25.215708,-8.176,-3.844,1.270,0.879
2025-12-04T19:14:25.232718,-8.177,-3.845,1.270,0.885
2025-12-04T19:14:25.250685,-8.177,-3.845,1.270,0.892
2025-12-04T19:14:25.265616,-8.178,-3.846,1.270,0.898
2025-12-04T19:14:25.281057,-8.178,-3.846,1.270,0.905
2025-12-04T19:14:25.298047,-8.179,-3.846,1.270,0.911
2025-12-04T19:14:25.312984,-8.179,-3.847,1.270,0.916
2025-12-04T19:14:25.326994,-8.180,-3.847,1.270,0.922
2025-12-04T19:14:25.342029,-8.180,-3.848,1.270,0.928
2025-12-04T19:14:25.359128,-8.180,-3.848,1.270,0.933
2025-12-04T19:14:25.375665,-8.181,-3.848,1.270,0.938
2025-12-04T19:14:25.392304,-8.181,-3.848,1.270,0.943
2025-12-04T19:14:25.410011,-8.181,-3.849,1.270,0.948
2025-12-04T19:14:25.431385,-8.182,-3.849,1.270,0.952
2025-12-04T19:14:25.448464,-8.182,-3.849,1.270,0.956
2025-12-04T19:14:25.466722,-8.182,-3.850,1.270,0.960
2025-12-04T19:14:25.484769,-8.183,-3.850,1.270,0.964
2025-12-04T19:14:25.500618,-8.183,-3.850,1.270,0.968
2025-12-04T19:14:25.517931,-8.183,-3.850,1.270,0.972
2025-12-04T19:14:25.534247,-8.183,-3.851,1.270,0.975
2025-12-04T19:14:25.549614,-8.184,-3.851,1.270,0.978
2025-12-04T19:14:25.564017,-8.184,-3.851,1.270,0.981
2025-12-04T19:14:25.579963,-8.184,-3.851,1.270,0.984
2025-12-04T19:14:25.594394,-8.184,-3.851,1.270,0.986
2025-12-04T19:14:25.608535,-8.185,-3.852,1.270,0.988
2025-12-04T19:14:25.623903,-8.185,-3.852,1.270,0.990
2025-12-04T19:14:25.640592,-8.185,-3.852,1.270,0.992
2025-12-04T19:14:25.656675,-8.185,-3.852,1.270,0.994
2025-12-04T19:14:25.673858,-8.185,-3.852,1.270,0.996
2025-12-04T19:14:25.690099,-8.186,-3.852,1.270,0.997
2025-12-04T19:14:25.708847,-8.186,-3.853,1.270,0.998
2025-12-04T19:14:25.729545,-8.186,-3.853,1.270,0.999
2025-12-04T19:14:25.744424,-8.186,-3.853,1.270,0.999
2025-12-04T19:14:25.763008,-8.186,-3.853,1.270,1.000
2025-12-04T19:14:25.779866,-8.186,-3.853,1.270,1.000
2025-12-04T19:14:25.794447,-8.187,-3.853,1.270,-1.000
2025-12-04T19:14:25.812555,-8.187,-3.854,1.270,-1.000
2025-12-04T19:14:25.826572,-8.187,-3.854,1.270,-0.999
2025-12-04T19:14:25.843571,-8.187,-3.854,1.270,-0.999
2025-12-04T19:14:25.856536,-8.187,-3.854,1.270,-0.998
2025-12-04T19:14:25.870868,-8.178,-3.853,1.270,-0.998
2025-12-04T19:14:25.885831,-8.170,-3.852,1.270,-0.998
2025-12-04T19:14:25.900497,-8.161,-3.851,1.270,-0.998
2025-12-04T19:14:25.919971,-8.152,-3.850,1.270,-0.998
2025-12-04T19:14:25.938562,-8.143,-3.849,1.270,-0.998
2025-12-04T19:14:25.951566,-8.134,-3.848,1.270,-0.998
2025-12-04T19:14:25.969246,-8.125,-3.847,1.270,-0.998
2025-12-04T19:14:25.987778,-8.116,-3.846,1.270,-0.998
2025-12-04T19:14:26.005599,-8.108,-3.845,1.270,-0.998
2025-12-04T19:14:26.024539,-8.099,-3.844,1.270,-0.998
2025-12-04T19:14:26.041705,-8.091,-3.843,1.270,-0.998
2025-12-04T19:14:26.062376,-8.082,-3.842,1.270,-0.998
2025-12-04T19:14:26.079297,-8.074,-3.842,1.270,-0.998
2025-12-04T19:14:26.095560,-8.066,-3.841,1.270,-0.998
2025-12-04T19:14:26.110331,-8.059,-3.841,1.270,-0.998
2025-12-04T19:14:26.124928,-8.051,-3.841,1.270,-0.998
2025-12-04T19:14:26.139008,-8.044,-3.841,1.270,-0.998
2025-12-04T19:14:26.154680,-8.037,-3.842,1.270,-0.998
2025-12-04T19:14:26.170665,-8.031,-3.843,1.270,-0.998
2025-12-04T19:14:26.188686,-8.025,-3.844,1.270,-0.998
2025-12-04T19:14:26.202082,-8.019,-3.845,1.270,-0.998
2025-12-04T19:14:26.219324,-8.013,-3.847,1.270,-0.998
2025-12-04T19:14:26.236495,-8.007,-3.849,1.270,-0.998
2025-12-04T19:14:26.255182,-8.020,-3.854,1.270,-0.998
2025-12-04T19:14:26.270762,-8.033,-3.859,1.270,-0.998
2025-12-04T19:14:26.289527,-8.045,-3.864,1.270,-0.998
2025-12-04T19:14:26.306974,-8.059,-3.870,1.270,-0.998
2025-12-04T19:14:26.325931,-8.072,-3.875,1.270,-0.998
2025-12-04T19:14:26.343426,-8.085,-3.881,1.270,-0.998
2025-12-04T19:14:26.372026,-8.098,-3.887,1.270,-0.998
2025-12-04T19:14:26.385220,-8.112,-3.893,1.270,-0.998
2025-12-04T19:14:26.400847,-8.125,-3.898,1.270,-0.998
2025-12-04T19:14:26.415631,-8.138,-3.904,1.270,-0.998
2025-12-04T19:14:26.432514,-8.151,-3.909,1.270,-0.998
2025-12-04T19:14:26.446438,-8.164,-3.914,1.270,-0.998
2025-12-04T19:14:26.460530,-8.177,-3.919,1.270,-0.998
2025-12-04T19:14:26.472588,-8.190,-3.924,1.270,-0.998
2025-12-04T19:14:26.488049,-8.203,-3.929,1.270,-0.998
2025-12-04T19:14:26.504226,-8.215,-3.934,1.270,-0.998
2025-12-04T19:14:26.515773,-8.228,-3.938,1.270,-0.998
2025-12-04T19:14:26.530565,-8.240,-3.943,1.270,-0.998
2025-12-04T19:14:26.547864,-8.252,-3.947,1.270,-0.998
2025-12-04T19:14:26.564116,-8.264,-3.951,1.270,-0.998
2025-12-04T19:14:26.581355,-8.277,-3.956,1.270,-0.998
2025-12-04T19:14:26.600097,-8.289,-3.960,1.270,-0.998
2025-12-04T19:14:26.617814,-8.301,-3.963,1.270,-0.998
2025-12-04T19:14:26.635666,-8.312,-3.967,1.270,-0.998
2025-12-04T19:14:26.653061,-8.324,-3.971,1.270,-0.998
2025-12-04T19:14:26.671854,-8.336,-3.975,1.270,-0.998
2025-12-04T19:14:26.685953,-8.347,-3.978,1.270,-0.998
2025-12-04T19:14:26.705933,-8.359,-3.982,1.270,-0.998
2025-12-04T19:14:26.721025,-8.371,-3.985,1.270,-0.998
2025-12-04T19:14:26.736008,-8.382,-3.989,1.270,-0.998
2025-12-04T19:14:26.751808,-8.393,-3.992,1.270,-0.998
2025-12-04T19:14:26.766099,-8.405,-3.995,1.270,-0.998
2025-12-04T19:14:26.781917,-8.416,-3.998,1.270,-0.998
2025-12-04T19:14:26.798014,-8.427,-4.001,1.270,-0.998
2025-12-04T19:14:26.813080,-8.438,-4.004,1.270,-0.998
2025-12-04T19:14:26.830393,-8.449,-4.007,1.270,-0.998
2025-12-04T19:14:26.846793,-8.460,-4.010,1.270,-0.998
2025-12-04T19:14:26.864418,-8.471,-4.013,1.270,-0.998
2025-12-04T19:14:26.880632,-8.482,-4.016,1.270,-0.998
2025-12-04T19:14:26.899405,-8.493,-4.019,1.270,-0.998
2025-12-04T19:14:26.918132,-8.504,-4.021,1.270,-0.998
2025-12-04T19:14:26.932709,-8.515,-4.024,1.270,-0.998
2025-12-04T19:14:26.948259,-8.526,-4.027,1.270,-0.998
2025-12-04T19:14:26.966839,-8.537,-4.029,1.270,-0.998
2025-12-04T19:14:26.986902,-8.547,-4.032,1.270,-0.998
2025-12-04T19:14:27.000421,-8.558,-4.034,1.270,-0.998
2025-12-04T19:14:27.015482,-8.569,-4.036,1.270,-0.998
2025-12-04T19:14:27.030995,-8.579,-4.039,1.270,-0.998
2025-12-04T19:14:27.044929,-8.590,-4.041,1.270,-0.998
2025-12-04T19:14:27.060829,-8.600,-4.043,1.270,-0.998
2025-12-04T19:14:27.077579,-8.611,-4.046,1.270,-0.998
2025-12-04T19:14:27.093631,-8.621,-4.048,1.270,-0.998
2025-12-04T19:14:27.109475,-8.621,-4.048,1.270,-0.998
2025-12-04T19:14:27.127746,-8.621,-4.048,1.270,-0.998
2025-12-04T19:14:27.144751,-8.621,-4.048,1.270,-0.998
2025-12-04T19:14:27.162463,-8.621,-4.048,1.270,-0.998
2025-12-04T19:14:27.183036,-8.621,-4.048,1.270,-0.998
2025-12-04T19:14:27.199747,-8.621,-4.048,1.270,-0.998
2025-12-04T19:14:27.219743,-8.621,-4.048,1.270,-0.998
2025-12-04T19:14:27.236739,-8.621,-4.048,1.270,-0.998
2025-12-04T19:14:27.253275,-8.621,-4.048,1.270,-0.998
2025-12-04T19:14:27.269503,-8.621,-4.048,1.270,-0.998
2025-12-04T19:14:27.290723,-8.621,-4.048,1.270,-0.998
2025-12-04T19:14:27.304790,-8.621,-4.048,1.270,-0.998
2025-12-04T19:14:27.320720,-8.621,-4.048,1.270,-0.998
2025-12-04T19:14:27.332934,-8.621,-4.048,1.270,-0.998
2025-12-04T19:14:27.346625,-8.621,-4.048,1.270,-0.998
2025-12-04T19:14:27.362369,-8.621,-4.048,1.270,-0.998
2025-12-04T19:14:27.375773,-8.621,-4.048,1.270,-0.998
2025-12-04T19:14:27.391751,-8.621,-4.048,1.270,-0.998
2025-12-04T19:14:27.407425,-8.621,-4.048,1.270,-0.998
2025-12-04T19:14:27.424274,-8.621,-4.048,1.270,-0.998
2025-12-04T19:14:27.441616,-8.621,-4.048,1.270,-0.998
2025-12-04T19:14:27.459153,-8.621,-4.048,1.270,-0.998
2025-12-04T19:14:27.477075,-8.621,-4.048,1.270,-0.998
2025-12-04T19:14:27.495915,-8.621,-4.048,1.270,-0.998
2025-12-04T19:14:27.512368,-8.621,-4.048,1.270,-0.998
2025-12-04T19:14:27.529953,-8.621,-4.048,1.270,-0.998
2025-12-04T19:14:27.546480,-8.621,-4.048,1.270,-0.998
2025-12-04T19:14:27.562886,-8.621,-4.048,1.270,-0.998
2025-12-04T19:14:27.577730,-8.621,-4.048,1.270,-0.998
2025-12-04T19:14:27.594352,-8.621,-4.048,1.270,-0.998
2025-12-04T19:14:27.608293,-8.621,-4.048,1.270,-0.998
2025-12-04T19:14:27.623041,-8.621,-4.048,1.270,-0.998
2025-12-04T19:14:27.637118,-8.621,-4.048,1.270,-0.998
2025-12-04T19:14:27.652660,-8.621,-4.048,1.270,-0.998
2025-12-04T19:14:27.668297,-8.621,-4.048,1.270,-0.998
2025-12-04T19:14:27.686203,-8.621,-4.048,1.270,-0.998
2025-12-04T19:14:27.702956,-8.621,-4.048,1.270,-0.998
2025-12-04T19:14:27.720666,-8.621,-4.048,1.270,-0.998
2025-12-04T19:14:27.738431,-8.621,-4.048,1.270,-0.998
2025-12-04T19:14:27.756219,-8.621,-4.048,1.270,-0.998
2025-12-04T19:14:27.775402,-8.621,-4.048,1.270,-0.998
2025-12-04T19:14:27.788482,-8.621,-4.048,1.270,-0.998
2025-12-04T19:14:27.804307,-8.621,-4.048,1.270,-0.998
2025-12-04T19:14:27.821801,-8.621,-4.048,1.270,-0.998
2025-12-04T19:14:27.837074,-8.621,-4.048,1.270,-0.998
2025-12-04T19:14:27.851151,-8.621,-4.048,1.270,-0.998
2025-12-04T19:14:27.865454,-8.621,-4.048,1.270,-0.998
2025-12-04T19:14:27.882267,-8.621,-4.048,1.270,-0.998
2025-12-04T19:14:27.903514,-8.621,-4.048,1.270,-0.998
2025-12-04T19:14:27.917466,-8.621,-4.048,1.270,-0.998
2025-12-04T19:14:27.933965,-8.621,-4.048,1.270,-0.998
2025-12-04T19:14:27.952336,-8.621,-4.048,1.270,-0.998
2025-12-04T19:14:27.970450,-8.621,-4.048,1.270,-0.998
2025-12-04T19:14:27.985006,-8.621,-4.048,1.270,-0.998
2025-12-04T19:14:28.000938,-8.621,-4.048,1.270,-0.998
2025-12-04T19:14:28.016485,-8.621,-4.048,1.270,-0.998
2025-12-04T19:14:28.032443,-8.621,-4.048,1.270,-0.998
2025-12-04T19:14:28.049214,-8.621,-4.048,1.270,-0.998
2025-12-04T19:14:28.063683,-8.621,-4.048,1.270,-0.998
2025-12-04T19:14:28.078052,-8.621,-4.048,1.270,-0.998
2025-12-04T19:14:28.092486,-8.621,-4.048,1.270,-0.998
2025-12-04T19:14:28.107975,-8.621,-4.048,1.270,-0.998
2025-12-04T19:14:28.123898,-8.621,-4.048,1.270,-0.998
2025-12-04T19:14:28.140155,-8.621,-4.048,1.270,-0.998
2025-12-04T19:14:28.157907,-8.621,-4.048,1.270,-0.998
2025-12-04T19:14:28.174057,-8.621,-4.048,1.270,-0.998
2025-12-04T19:14:28.192741,-8.621,-4.048,1.270,-0.998
2025-12-04T19:14:28.211231,-8.621,-4.048,1.270,-0.998
2025-12-04T19:14:28.229881,-8.621,-4.048,1.270,-0.998
2025-12-04T19:14:28.247926,-8.621,-4.048,1.270,-0.998
2025-12-04T19:14:28.264622,-8.621,-4.048,1.270,-0.998
2025-12-04T19:14:28.283513,-8.621,-4.048,1.270,-0.998
2025-12-04T19:14:28.301056,-8.621,-4.048,1.270,-0.998
2025-12-04T19:14:28.316000,-8.621,-4.048,1.270,-0.998
2025-12-04T19:14:28.331062,-8.621,-4.048,1.270,-0.998
2025-12-04T19:14:28.346385,-8.621,-4.048,1.270,-0.998
2025-12-04T19:14:28.361958,-8.621,-4.048,1.270,-0.998
2025-12-04T19:14:28.376575,-8.621,-4.048,1.270,-0.998
2025-12-04T19:14:28.392378,-8.621,-4.048,1.270,-0.998
2025-12-04T19:14:28.406788,-8.621,-4.048,1.270,-0.998
2025-12-04T19:14:28.422613,-8.621,-4.048,1.270,-0.998
2025-12-04T19:14:28.437333,-8.621,-4.048,1.270,-0.998
2025-12-04T19:14:28.456383,-8.621,-4.048,1.270,-0.998
2025-12-04T19:14:28.474220,-8.621,-4.048,1.270,-0.998
2025-12-04T19:14:28.489516,-8.621,-4.048,1.270,-0.998
2025-12-04T19:14:28.508589,-8.621,-4.048,1.270,-0.998
2025-12-04T19:14:28.524038,-8.621,-4.048,1.270,-0.998
2025-12-04T19:14:28.542355,-8.621,-4.048,1.270,-0.998
2025-12-04T19:14:28.559101,-8.621,-4.048,1.270,-0.998
2025-12-04T19:14:28.575549,-8.621,-4.048,1.270,-0.998
2025-12-04T19:14:28.591554,-8.621,-4.048,1.270,-0.998
2025-12-04T19:14:28.607038,-8.621,-4.048,1.270,-0.998
2025-12-04T19:14:28.623556,-8.621,-4.048,1.270,-0.998
2025-12-04T19:14:28.637018,-8.621,-4.048,1.270,-0.998
2025-12-04T19:14:28.653361,-8.621,-4.048,1.270,-0.998
2025-12-04T19:14:28.668252,-8.621,-4.048,1.270,-0.998
2025-12-04T19:14:28.683864,-8.621,-4.048,1.270,-0.998
2025-12-04T19:14:28.702165,-8.621,-4.048,1.270,-0.998
2025-12-04T19:14:28.720407,-8.621,-4.048,1.270,-0.998
2025-12-04T19:14:28.736564,-8.621,-4.048,1.270,-0.998
2025-12-04T19:14:28.755761,-8.621,-4.048,1.270,-0.998
2025-12-04T19:14:28.773382,-8.621,-4.048,1.270,-0.998
2025-12-04T19:14:28.792030,-8.621,-4.048,1.270,-0.998
2025-12-04T19:14:28.810247,-8.621,-4.048,1.270,-0.998
2025-12-04T19:14:28.831466,-8.621,-4.048,1.270,-0.998
2025-12-04T19:14:28.847562,-8.621,-4.048,1.270,-0.998
2025-12-04T19:14:28.863549,-8.621,-4.048,1.270,-0.998
2025-12-04T19:14:28.878382,-8.621,-4.048,1.270,-0.998
2025-12-04T19:14:28.893581,-8.621,-4.048,1.270,-0.998
2025-12-04T19:14:28.908716,-8.621,-4.048,1.270,-0.998
2025-12-04T19:14:28.923324,-8.621,-4.048,1.270,-0.998
2025-12-04T19:14:28.937535,-8.621,-4.048,1.270,-0.998
2025-12-04T19:14:28.954838,-8.621,-4.048,1.270,-0.998
2025-12-04T19:14:28.969257,-8.621,-4.048,1.270,-0.998
2025-12-04T19:14:28.986777,-8.621,-4.048,1.270,-0.998
2025-12-04T19:14:29.001704,-8.621,-4.048,1.270,-0.998
2025-12-04T19:14:29.020562,-8.621,-4.048,1.270,-0.998
2025-12-04T19:14:29.036867,-8.621,-4.048,1.270,-0.998
2025-12-04T19:14:29.052998,-8.621,-4.048,1.270,-0.998
2025-12-04T19:14:29.073253,-8.621,-4.048,1.270,-0.998
2025-12-04T19:14:29.089059,-8.621,-4.048,1.270,-0.998
2025-12-04T19:14:29.106898,-8.621,-4.048,1.270,-0.998
2025-12-04T19:14:29.124023,-8.621,-4.048,1.270,-0.998
2025-12-04T19:14:29.139907,-8.621,-4.048,1.270,-0.998
2025-12-04T19:14:29.157012,-8.621,-4.048,1.270,-0.998
2025-12-04T19:14:29.172595,-8.621,-4.048,1.270,-0.998
2025-12-04T19:14:29.189244,-8.621,-4.048,1.270,-0.998
2025-12-04T19:14:29.203618,-8.621,-4.048,1.270,-0.998
2025-12-04T19:14:29.218121,-8.621,-4.048,1.270,-0.998
2025-12-04T19:14:29.232500,-8.621,-4.048,1.270,-0.998
2025-12-04T19:14:29.249498,-8.621,-4.048,1.270,-0.998
2025-12-04T19:14:29.264560,-8.621,-4.048,1.270,-0.998
2025-12-04T19:14:29.281068,-8.621,-4.048,1.270,-0.998
2025-12-04T19:14:29.297853,-8.621,-4.048,1.270,-0.998
2025-12-04T19:14:29.314977,-8.621,-4.048,1.270,-0.998
2025-12-04T19:14:29.332904,-8.621,-4.048,1.270,-0.998
2025-12-04T19:14:29.350949,-8.621,-4.048,1.270,-0.998
2025-12-04T19:14:29.367918,-8.621,-4.048,1.270,-0.998
2025-12-04T19:14:29.384747,-8.621,-4.048,1.270,-0.998
2025-12-04T19:14:29.401502,-8.621,-4.048,1.270,-0.998
2025-12-04T19:14:29.417937,-8.621,-4.048,1.270,-0.998
2025-12-04T19:14:29.434273,-8.621,-4.048,1.270,-0.998
2025-12-04T19:14:29.454194,-8.621,-4.048,1.270,-0.998
2025-12-04T19:14:29.468827,-8.621,-4.048,1.270,-0.998
2025-12-04T19:14:29.483666,-8.621,-4.048,1.270,-0.998
2025-12-04T19:14:29.500384,-8.621,-4.048,1.270,-0.998
2025-12-04T19:14:29.514741,-8.621,-4.048,1.270,-0.998
2025-12-04T19:14:29.532461,-8.621,-4.048,1.270,-0.998
2025-12-04T19:14:29.549506,-8.621,-4.048,1.270,-0.998
2025-12-04T19:14:29.566886,-8.621,-4.048,1.270,-0.998
2025-12-04T19:14:29.584456,-8.621,-4.048,1.270,-0.998
2025-12-04T19:14:29.601305,-8.621,-4.048,1.270,-0.998
2025-12-04T19:14:29.618089,-8.621,-4.048,1.270,-0.998
2025-12-04T19:14:29.635007,-8.621,-4.048,1.270,-0.998
2025-12-04T19:14:29.654142,-8.621,-4.048,1.270,-0.998
2025-12-04T19:14:29.669613,-8.621,-4.048,1.270,-0.998
2025-12-04T19:14:29.685981,-8.621,-4.048,1.270,-0.998
2025-12-04T19:14:29.701705,-8.621,-4.048,1.270,-0.998
2025-12-04T19:14:29.717265,-8.621,-4.048,1.270,-0.998
2025-12-04T19:14:29.730956,-8.621,-4.048,1.270,-0.998
2025-12-04T19:14:29.748280,-8.621,-4.048,1.270,-0.998
2025-12-04T19:14:29.759489,-8.621,-4.048,1.270,-0.998
2025-12-04T19:14:29.774863,-8.621,-4.048,1.270,-0.998
2025-12-04T19:14:29.791346,-8.621,-4.048,1.270,-0.998
2025-12-04T19:14:29.809605,-8.621,-4.048,1.270,-0.998
2025-12-04T19:14:29.827621,-8.621,-4.048,1.270,-0.998
2025-12-04T19:14:29.844451,-8.621,-4.048,1.270,-0.998
2025-12-04T19:14:29.863623,-8.621,-4.048,1.270,-0.998
2025-12-04T19:14:29.882418,-8.621,-4.048,1.270,-0.998
2025-12-04T19:14:29.899756,-8.621,-4.048,1.270,-0.998
2025-12-04T19:14:29.919670,-8.621,-4.048,1.270,-0.998
2025-12-04T19:14:29.935615,-8.621,-4.048,1.270,-0.998
2025-12-04T19:14:29.951704,-8.621,-4.048,1.270,-0.998
2025-12-04T19:14:29.968018,-8.621,-4.048,1.270,-0.998
2025-12-04T19:14:29.982576,-8.621,-4.048,1.270,-0.998
2025-12-04T19:14:29.999105,-8.621,-4.048,1.270,-0.998
2025-12-04T19:14:30.011855,-8.621,-4.048,1.270,-0.998
2025-12-04T19:14:30.025049,-8.621,-4.048,1.270,-0.998
2025-12-04T19:14:30.039581,-8.621,-4.048,1.270,-0.998
2025-12-04T19:14:30.058607,-8.621,-4.048,1.270,-0.998
2025-12-04T19:14:30.076795,-8.621,-4.048,1.270,-0.998
2025-12-04T19:14:30.093722,-8.621,-4.048,1.270,-0.998
2025-12-04T19:14:30.109035,-8.621,-4.048,1.270,-0.998
2025-12-04T19:14:30.125321,-8.621,-4.048,1.270,-0.998
2025-12-04T19:14:30.144040,-8.621,-4.048,1.270,-0.998
2025-12-04T19:14:30.162193,-8.621,-4.048,1.270,-0.998
2025-12-04T19:14:30.179718,-8.621,-4.048,1.270,-0.998
2025-12-04T19:14:30.197019,-8.621,-4.048,1.270,-0.998
2025-12-04T19:14:30.214036,-8.621,-4.048,1.270,-0.998
2025-12-04T19:14:30.230835,-8.621,-4.048,1.270,-0.998
2025-12-04T19:14:30.246748,-8.621,-4.048,1.270,-0.998
2025-12-04T19:14:30.261806,-8.621,-4.048,1.270,-0.998
2025-12-04T19:14:30.277097,-8.621,-4.048,1.270,-0.998
2025-12-04T19:14:30.292113,-8.621,-4.048,1.270,-0.998
2025-12-04T19:14:30.307005,-8.621,-4.048,1.270,-0.998
2025-12-04T19:14:30.322369,-8.621,-4.048,1.270,-0.998
2025-12-04T19:14:30.339753,-8.621,-4.048,1.270,-0.998
2025-12-04T19:14:30.355632,-8.621,-4.048,1.270,-0.998
2025-12-04T19:14:30.373529,-8.621,-4.048,1.270,-0.998
2025-12-04T19:14:30.390607,-8.621,-4.048,1.270,-0.998
2025-12-04T19:14:30.408431,-8.621,-4.048,1.270,-0.998
2025-12-04T19:14:30.425249,-8.621,-4.048,1.270,-0.998
2025-12-04T19:14:30.444062,-8.621,-4.048,1.270,-0.998
2025-12-04T19:14:30.461944,-8.621,-4.048,1.270,-0.998
2025-12-04T19:14:30.478761,-8.621,-4.048,1.270,-0.998
2025-12-04T19:14:30.495472,-8.621,-4.048,1.270,-0.998
2025-12-04T19:14:30.510796,-8.621,-4.048,1.270,-0.998
2025-12-04T19:14:30.527388,-8.621,-4.048,1.270,-0.998
2025-12-04T19:14:30.542341,-8.621,-4.048,1.270,-0.998
2025-12-04T19:14:30.557969,-8.621,-4.048,1.270,-0.998
2025-12-04T19:14:30.570992,-8.621,-4.048,1.270,-0.998
2025-12-04T19:14:30.585953,-8.621,-4.048,1.270,-0.998
2025-12-04T19:14:30.601772,-8.621,-4.048,1.270,-0.998
2025-12-04T19:14:30.617737,-8.621,-4.048,1.270,-0.998
2025-12-04T19:14:30.634023,-8.621,-4.048,1.270,-0.998
2025-12-04T19:14:30.651609,-8.621,-4.048,1.270,-0.998
2025-12-04T19:14:30.671815,-8.621,-4.048,1.270,-0.998
2025-12-04T19:14:30.687910,-8.621,-4.048,1.270,-0.998
2025-12-04T19:14:30.708886,-8.621,-4.048,1.270,-0.998
2025-12-04T19:14:30.725465,-8.621,-4.048,1.270,-0.998
2025-12-04T19:14:30.743845,-8.621,-4.048,1.270,-0.998
2025-12-04T19:14:30.761624,-8.621,-4.048,1.270,-0.998
2025-12-04T19:14:30.779490,-8.621,-4.048,1.270,-0.998
2025-12-04T19:14:30.795145,-8.621,-4.048,1.270,-0.998
2025-12-04T19:14:30.810699,-8.621,-4.048,1.270,-0.998
2025-12-04T19:14:30.829279,-8.621,-4.048,1.270,-0.998
2025-12-04T19:14:30.843941,-8.621,-4.048,1.270,-0.998
2025-12-04T19:14:30.859610,-8.621,-4.048,1.270,-0.998
2025-12-04T19:14:30.873630,-8.621,-4.048,1.270,-0.998
2025-12-04T19:14:30.889203,-8.621,-4.048,1.270,-0.998
2025-12-04T19:14:30.904440,-8.621,-4.048,1.270,-0.998
2025-12-04T19:14:30.919371,-8.621,-4.048,1.270,-0.998
2025-12-04T19:14:30.934807,-8.621,-4.048,1.270,-0.998
2025-12-04T19:14:30.952221,-8.621,-4.048,1.270,-0.998
2025-12-04T19:14:30.966069,-8.621,-4.048,1.270,-0.998
2025-12-04T19:14:30.983814,-8.621,-4.048,1.270,-0.998
2025-12-04T19:14:31.003129,-8.621,-4.048,1.270,-0.998
2025-12-04T19:14:31.019707,-8.621,-4.048,1.270,-0.998
2025-12-04T19:14:31.036532,-8.621,-4.048,1.270,-0.998
2025-12-04T19:14:31.053976,-8.621,-4.048,1.270,-0.998
2025-12-04T19:14:31.072414,-8.621,-4.048,1.270,-0.998
2025-12-04T19:14:31.087809,-8.621,-4.048,1.270,-0.998
2025-12-04T19:14:31.103046,-8.621,-4.048,1.270,-0.998
2025-12-04T19:14:31.119428,-8.621,-4.048,1.270,-0.998
2025-12-04T19:14:31.134597,-8.621,-4.048,1.270,-0.998
2025-12-04T19:14:31.148693,-8.621,-4.048,1.270,-0.998
2025-12-04T19:14:31.163132,-8.621,-4.048,1.270,-0.998
2025-12-04T19:14:31.179734,-8.621,-4.048,1.270,-0.998
2025-12-04T19:14:31.193315,-8.621,-4.048,1.270,-0.998
2025-12-04T19:14:31.207622,-8.621,-4.048,1.270,-0.998
2025-12-04T19:14:31.223650,-8.621,-4.048,1.270,-0.998
2025-12-04T19:14:31.241863,-8.621,-4.048,1.270,-0.998
2025-12-04T19:14:31.259221,-8.621,-4.048,1.270,-0.998
2025-12-04T19:14:31.276723,-8.621,-4.048,1.270,-0.998
2025-12-04T19:14:31.294906,-8.621,-4.048,1.270,-0.998
2025-12-04T19:14:31.312985,-8.621,-4.048,1.270,-0.998
2025-12-04T19:14:31.332799,-8.621,-4.048,1.270,-0.998
2025-12-04T19:14:31.349308,-8.621,-4.048,1.270,-0.998
2025-12-04T19:14:31.366402,-8.621,-4.048,1.270,-0.998
2025-12-04T19:14:31.384588,-8.621,-4.048,1.270,-0.998
2025-12-04T19:14:31.400532,-8.621,-4.048,1.270,-0.998
2025-12-04T19:14:31.415876,-8.621,-4.048,1.270,-0.998
2025-12-04T19:14:31.429595,-8.621,-4.048,1.270,-0.998
2025-12-04T19:14:31.444890,-8.621,-4.048,1.270,-0.998
2025-12-04T19:14:31.459088,-8.621,-4.048,1.270,-0.998
2025-12-04T19:14:31.474555,-8.621,-4.048,1.270,-0.998
2025-12-04T19:14:31.491151,-8.621,-4.048,1.270,-0.998
2025-12-04T19:14:31.505229,-8.621,-4.048,1.270,-0.998
2025-12-04T19:14:31.523289,-8.621,-4.048,1.270,-0.998
2025-12-04T19:14:31.538299,-8.621,-4.048,1.270,-0.998
2025-12-04T19:14:31.556285,-8.621,-4.048,1.270,-0.998
2025-12-04T19:14:31.573580,-8.621,-4.048,1.270,-0.998
2025-12-04T19:14:31.592949,-8.621,-4.048,1.270,-0.998
2025-12-04T19:14:31.608739,-8.621,-4.048,1.270,-0.998
2025-12-04T19:14:31.626803,-8.621,-4.048,1.270,-0.998
2025-12-04T19:14:31.644966,-8.621,-4.048,1.270,-0.998
2025-12-04T19:14:31.661736,-8.621,-4.048,1.270,-0.998
2025-12-04T19:14:31.676515,-8.621,-4.048,1.270,-0.998
2025-12-04T19:14:31.691506,-8.621,-4.048,1.270,-0.998
2025-12-04T19:14:31.707278,-8.621,-4.048,1.270,-0.998
2025-12-04T19:14:31.723387,-8.621,-4.048,1.270,-0.998
2025-12-04T19:14:31.737430,-8.621,-4.048,1.270,-0.998
2025-12-04T19:14:31.754699,-8.621,-4.048,1.270,-0.998
2025-12-04T19:14:31.770183,-8.621,-4.048,1.270,-0.998
2025-12-04T19:14:31.787778,-8.621,-4.048,1.270,-0.998
2025-12-04T19:14:31.801366,-8.621,-4.048,1.270,-0.998
2025-12-04T19:14:31.819797,-8.621,-4.048,1.270,-0.998
2025-12-04T19:14:31.836260,-8.621,-4.048,1.270,-0.998
2025-12-04T19:14:31.855718,-8.621,-4.048,1.270,-0.998
2025-12-04T19:14:31.871133,-8.621,-4.048,1.270,-0.998
2025-12-04T19:14:31.889523,-8.621,-4.048,1.270,-0.998
2025-12-04T19:14:31.907339,-8.621,-4.048,1.270,-0.998
2025-12-04T19:14:31.924285,-8.621,-4.048,1.270,-0.998
2025-12-04T19:14:31.941547,-8.621,-4.048,1.270,-0.998
2025-12-04T19:14:31.963270,-8.621,-4.048,1.270,-0.998
2025-12-04T19:14:31.978165,-8.621,-4.048,1.270,-0.998
2025-12-04T19:14:31.992789,-8.621,-4.048,1.270,-0.998
2025-12-04T19:14:32.006448,-8.621,-4.048,1.270,-0.998
2025-12-04T19:14:32.020419,-8.621,-4.048,1.270,-0.998
2025-12-04T19:14:32.034629,-8.621,-4.048,1.270,-0.998
2025-12-04T19:14:32.050695,-8.621,-4.048,1.270,-0.998
2025-12-04T19:14:32.064203,-8.621,-4.048,1.270,-0.998
2025-12-04T19:14:32.078972,-8.621,-4.048,1.270,-0.998
2025-12-04T19:14:32.096745,-8.621,-4.048,1.270,-0.998
2025-12-04T19:14:32.113050,-8.621,-4.048,1.270,-0.998
2025-12-04T19:14:32.131451,-8.621,-4.048,1.270,-0.998
2025-12-04T19:14:32.148547,-8.621,-4.048,1.270,-0.998
2025-12-04T19:14:32.167257,-8.621,-4.048,1.270,-0.998
2025-12-04T19:14:32.185211,-8.621,-4.048,1.270,-0.998
2025-12-04T19:14:32.202913,-8.621,-4.048,1.270,-0.998
2025-12-04T19:14:32.220877,-8.621,-4.048,1.270,-0.998
2025-12-04T19:14:32.238045,-8.621,-4.048,1.270,-0.998
2025-12-04T19:14:32.251527,-8.621,-4.048,1.270,-0.998
2025-12-04T19:14:32.265272,-8.621,-4.048,1.270,-0.998
2025-12-04T19:14:32.279690,-8.621,-4.048,1.270,-0.998
2025-12-04T19:14:32.294592,-8.621,-4.048,1.270,-0.998
2025-12-04T19:14:32.311429,-8.621,-4.048,1.270,-0.998
2025-12-04T19:14:32.326866,-8.621,-4.048,1.270,-0.998
2025-12-04T19:14:32.342146,-8.621,-4.048,1.270,-0.998
2025-12-04T19:14:32.358784,-8.621,-4.048,1.270,-0.998
2025-12-04T19:14:32.375722,-8.621,-4.048,1.270,-0.998
2025-12-04T19:14:32.392505,-8.621,-4.048,1.270,-0.998
2025-12-04T19:14:32.410316,-8.621,-4.048,1.270,-0.998
2025-12-04T19:14:32.429023,-8.621,-4.048,1.270,-0.998
2025-12-04T19:14:32.447738,-8.621,-4.048,1.270,-0.998
2025-12-04T19:14:32.464542,-8.621,-4.048,1.270,-0.998
2025-12-04T19:14:32.484015,-8.621,-4.048,1.270,-0.998
2025-12-04T19:14:32.500409,-8.621,-4.048,1.270,-0.998
2025-12-04T19:14:32.516793,-8.621,-4.048,1.270,-0.998
2025-12-04T19:14:32.531496,-8.621,-4.048,1.270,-0.998
2025-12-04T19:14:32.546934,-8.621,-4.048,1.270,-0.998
2025-12-04T19:14:32.561968,-8.621,-4.048,1.270,-0.998
2025-12-04T19:14:32.580008,-8.621,-4.048,1.270,-0.998
2025-12-04T19:14:32.592185,-8.621,-4.048,1.270,-0.998
2025-12-04T19:14:32.606751,-8.621,-4.048,1.270,-0.998
2025-12-04T19:14:32.622148,-8.621,-4.048,1.270,-0.998
2025-12-04T19:14:32.638191,-8.621,-4.048,1.270,-0.998
2025-12-04T19:14:32.654935,-8.621,-4.048,1.270,-0.998
2025-12-04T19:14:32.671545,-8.621,-4.048,1.270,-0.998
2025-12-04T19:14:32.687999,-8.621,-4.048,1.270,-0.998
2025-12-04T19:14:32.706731,-8.621,-4.048,1.270,-0.998
2025-12-04T19:14:32.724892,-8.621,-4.048,1.270,-0.998
2025-12-04T19:14:32.743905,-8.621,-4.048,1.270,-0.998
2025-12-04T19:14:32.761750,-8.621,-4.048,1.270,-0.998
2025-12-04T19:14:32.778627,-8.621,-4.048,1.270,-0.998
2025-12-04T19:14:32.796192,-8.621,-4.048,1.270,-0.998
2025-12-04T19:14:32.814718,-8.621,-4.048,1.270,-0.998
2025-12-04T19:14:32.830027,-8.621,-4.048,1.270,-0.998
2025-12-04T19:14:32.845895,-8.621,-4.048,1.270,-0.998
2025-12-04T19:14:32.861888,-8.621,-4.048,1.270,-0.998
2025-12-04T19:14:32.883276,-8.621,-4.048,1.270,-0.998
2025-12-04T19:14:32.898045,-8.621,-4.048,1.270,-0.998
2025-12-04T19:14:32.911553,-8.621,-4.048,1.270,-0.998
2025-12-04T19:14:32.926048,-8.621,-4.048,1.270,-0.998
2025-12-04T19:14:32.940375,-8.621,-4.048,1.270,-0.998
2025-12-04T19:14:32.955600,-8.621,-4.048,1.270,-0.998
2025-12-04T19:14:32.970921,-8.621,-4.048,1.270,-0.998
2025-12-04T19:14:32.983615,-8.621,-4.048,1.270,-0.998
2025-12-04T19:14:33.000300,-8.621,-4.048,1.270,-0.998
2025-12-04T19:14:33.019095,-8.621,-4.048,1.270,-0.998
2025-12-04T19:14:33.036452,-8.621,-4.048,1.270,-0.998
2025-12-04T19:14:33.052252,-8.621,-4.048,1.270,-0.998
2025-12-04T19:14:33.068525,-8.621,-4.048,1.270,-0.998
2025-12-04T19:14:33.086719,-8.621,-4.048,1.270,-0.998
2025-12-04T19:14:33.103367,-8.621,-4.048,1.270,-0.998
2025-12-04T19:14:33.120162,-8.621,-4.048,1.270,-0.998
2025-12-04T19:14:33.137829,-8.621,-4.048,1.270,-0.998
2025-12-04T19:14:33.152306,-8.621,-4.048,1.270,-0.998
2025-12-04T19:14:33.168585,-8.621,-4.048,1.270,-0.998
2025-12-04T19:14:33.181895,-8.621,-4.048,1.270,-0.998
2025-12-04T19:14:33.196940,-8.621,-4.048,1.270,-0.998
2025-12-04T19:14:33.213699,-8.621,-4.048,1.270,-0.998
2025-12-04T19:14:33.230971,-8.621,-4.048,1.270,-0.998
2025-12-04T19:14:33.246784,-8.621,-4.048,1.270,-0.998
2025-12-04T19:14:33.263524,-8.621,-4.048,1.270,-0.998
2025-12-04T19:14:33.281160,-8.621,-4.048,1.270,-0.998
2025-12-04T19:14:33.297692,-8.621,-4.048,1.270,-0.998
2025-12-04T19:14:33.316727,-8.621,-4.048,1.270,-0.998
2025-12-04T19:14:33.332276,-8.621,-4.048,1.270,-0.998
2025-12-04T19:14:33.349485,-8.621,-4.048,1.270,-0.998
2025-12-04T19:14:33.366606,-8.621,-4.048,1.270,-0.998
2025-12-04T19:14:33.383258,-8.621,-4.048,1.270,-0.998
2025-12-04T19:14:33.399676,-8.621,-4.048,1.270,-0.998
2025-12-04T19:14:33.415084,-8.621,-4.048,1.270,-0.998
2025-12-04T19:14:33.430701,-8.621,-4.048,1.270,-0.998
2025-12-04T19:14:33.444989,-8.621,-4.048,1.270,-0.998
2025-12-04T19:14:33.460926,-8.621,-4.048,1.270,-0.998
2025-12-04T19:14:33.475579,-8.621,-4.048,1.270,-0.998
2025-12-04T19:14:33.497157,-8.621,-4.048,1.270,-0.998
2025-12-04T19:14:33.513303,-8.621,-4.048,1.270,-0.998
2025-12-04T19:14:33.533046,-8.621,-4.048,1.270,-0.998
2025-12-04T19:14:33.550952,-8.621,-4.048,1.270,-0.998
2025-12-04T19:14:33.569954,-8.621,-4.048,1.270,-0.998
2025-12-04T19:14:33.584819,-8.621,-4.048,1.270,-0.998
2025-12-04T19:14:33.601435,-8.621,-4.048,1.270,-0.998
2025-12-04T19:14:33.615994,-8.621,-4.048,1.270,-0.998
2025-12-04T19:14:33.631068,-8.621,-4.048,1.270,-0.998
2025-12-04T19:14:33.646850,-8.621,-4.048,1.270,-0.998
2025-12-04T19:14:33.662735,-8.621,-4.048,1.270,-0.998
2025-12-04T19:14:33.679385,-8.621,-4.048,1.270,-0.998
2025-12-04T19:14:33.694583,-8.621,-4.048,1.270,-0.998
2025-12-04T19:14:33.711094,-8.621,-4.048,1.270,-0.998
2025-12-04T19:14:33.728334,-8.621,-4.048,1.270,-0.998
2025-12-04T19:14:33.745306,-8.621,-4.048,1.270,-0.998
2025-12-04T19:14:33.763981,-8.621,-4.048,1.270,-0.998
2025-12-04T19:14:33.780020,-8.621,-4.048,1.270,-0.998
2025-12-04T19:14:33.805473,-8.621,-4.048,1.270,-0.998
2025-12-04T19:14:33.820214,-8.621,-4.048,1.270,-0.998
2025-12-04T19:14:33.837840,-8.621,-4.048,1.270,-0.998
2025-12-04T19:14:33.852579,-8.621,-4.048,1.270,-0.998
2025-12-04T19:14:33.870031,-8.621,-4.048,1.270,-0.998
2025-12-04T19:14:33.885935,-8.621,-4.048,1.270,-0.998
2025-12-04T19:14:33.904155,-8.621,-4.048,1.270,-0.998
2025-12-04T19:14:33.914774,-8.621,-4.048,1.270,-0.998
2025-12-04T19:14:33.930182,-8.621,-4.048,1.270,-0.998
2025-12-04T19:14:33.945960,-8.621,-4.048,1.270,-0.998
2025-12-04T19:14:33.961241,-8.621,-4.048,1.270,-0.998
2025-12-04T19:14:33.976769,-8.621,-4.048,1.270,-0.998
2025-12-04T19:14:33.992803,-8.621,-4.048,1.270,-0.998
2025-12-04T19:14:34.010315,-8.621,-4.048,1.270,-0.998
2025-12-04T19:14:34.028103,-8.621,-4.048,1.270,-0.998
2025-12-04T19:14:34.045364,-8.621,-4.048,1.270,-0.998
2025-12-04T19:14:34.063107,-8.621,-4.048,1.270,-0.998
2025-12-04T19:14:34.080553,-8.621,-4.048,1.270,-0.998
2025-12-04T19:14:34.103601,-8.621,-4.048,1.270,-0.998
2025-12-04T19:14:34.119035,-8.621,-4.048,1.270,-0.998
2025-12-04T19:14:34.136350,-8.621,-4.048,1.270,-0.998
2025-12-04T19:14:34.151969,-8.621,-4.048,1.270,-0.998
2025-12-04T19:14:34.166006,-8.621,-4.048,1.270,-0.998
2025-12-04T19:14:34.180014,-8.621,-4.048,1.270,-0.998
2025-12-04T19:14:34.195498,-8.621,-4.048,1.270,-0.998
2025-12-04T19:14:34.208491,-8.621,-4.048,1.270,-0.998
2025-12-04T19:14:34.223061,-8.621,-4.048,1.270,-0.998
2025-12-04T19:14:34.238023,-8.621,-4.048,1.270,-0.998
2025-12-04T19:14:34.253687,-8.621,-4.048,1.270,-0.998
2025-12-04T19:14:34.269377,-8.621,-4.048,1.270,-0.998
2025-12-04T19:14:34.285492,-8.621,-4.048,1.270,-0.998
2025-12-04T19:14:34.302320,-8.621,-4.048,1.270,-0.998
2025-12-04T19:14:34.320367,-8.621,-4.048,1.270,-0.998
2025-12-04T19:14:34.337587,-8.621,-4.048,1.270,-0.998
2025-12-04T19:14:34.354465,-8.621,-4.048,1.270,-0.998
2025-12-04T19:14:34.372505,-8.621,-4.048,1.270,-0.998
2025-12-04T19:14:34.389910,-8.621,-4.048,1.270,-0.998
2025-12-04T19:14:34.404308,-8.621,-4.048,1.270,-0.998
2025-12-04T19:14:34.422319,-8.621,-4.048,1.270,-0.998
2025-12-04T19:14:34.438426,-8.621,-4.048,1.270,-0.998
2025-12-04T19:14:34.456286,-8.621,-4.048,1.270,-0.998
2025-12-04T19:14:34.470940,-8.621,-4.048,1.270,-0.998
2025-12-04T19:14:34.486325,-8.621,-4.048,1.270,-0.998
2025-12-04T19:14:34.500062,-8.621,-4.048,1.270,-0.998
2025-12-04T19:14:34.515300,-8.621,-4.048,1.270,-0.998
2025-12-04T19:14:34.531846,-8.621,-4.048,1.270,-0.998
2025-12-04T19:14:34.548295,-8.621,-4.048,1.270,-0.998
2025-12-04T19:14:34.564770,-8.621,-4.048,1.270,-0.998
2025-12-04T19:14:34.581841,-8.621,-4.048,1.270,-0.998
2025-12-04T19:14:34.600015,-8.621,-4.048,1.270,-0.998
2025-12-04T19:14:34.618256,-8.621,-4.048,1.270,-0.998
2025-12-04T19:14:34.634761,-8.621,-4.048,1.270,-0.998
2025-12-04T19:14:34.651246,-8.621,-4.048,1.270,-0.998
2025-12-04T19:14:34.669340,-8.621,-4.048,1.270,-0.998
2025-12-04T19:14:34.686907,-8.621,-4.048,1.270,-0.998
2025-12-04T19:14:34.701411,-8.621,-4.048,1.270,-0.998
2025-12-04T19:14:34.722213,-8.621,-4.048,1.270,-0.998
2025-12-04T19:14:34.735865,-8.621,-4.048,1.270,-0.998
2025-12-04T19:14:34.751503,-8.621,-4.048,1.270,-0.998
2025-12-04T19:14:34.766095,-8.621,-4.048,1.270,-0.998
2025-12-04T19:14:34.783605,-8.621,-4.048,1.270,-0.998
2025-12-04T19:14:34.798902,-8.621,-4.048,1.270,-0.998
2025-12-04T19:14:34.815958,-8.621,-4.048,1.270,-0.998
2025-12-04T19:14:34.832871,-8.621,-4.048,1.270,-0.998
2025-12-04T19:14:34.850359,-8.621,-4.048,1.270,-0.998
2025-12-04T19:14:34.867933,-8.621,-4.048,1.270,-0.998
2025-12-04T19:14:34.887498,-8.621,-4.048,1.270,-0.998
2025-12-04T19:14:34.903742,-8.621,-4.048,1.270,-0.998
2025-12-04T19:14:34.921244,-8.621,-4.048,1.270,-0.998
2025-12-04T19:14:34.937535,-8.621,-4.048,1.270,-0.998
2025-12-04T19:14:34.954210,-8.621,-4.048,1.270,-0.998
2025-12-04T19:14:34.970403,-8.621,-4.048,1.270,-0.998
2025-12-04T19:14:34.986252,-8.621,-4.048,1.270,-0.998
2025-12-04T19:14:34.999909,-8.621,-4.048,1.270,-0.998
2025-12-04T19:14:35.015028,-8.621,-4.048,1.270,-0.998
2025-12-04T19:14:35.031217,-8.621,-4.048,1.270,-0.998
2025-12-04T19:14:35.047092,-8.621,-4.048,1.270,-0.998
2025-12-04T19:14:35.064101,-8.621,-4.048,1.270,-0.998
2025-12-04T19:14:35.080328,-8.621,-4.048,1.270,-0.998
2025-12-04T19:14:35.097976,-8.621,-4.048,1.270,-0.998
2025-12-04T19:14:35.113350,-8.621,-4.048,1.270,-0.998
2025-12-04T19:14:35.132108,-8.621,-4.048,1.270,-0.998
2025-12-04T19:14:35.148932,-8.621,-4.048,1.270,-0.998
2025-12-04T19:14:35.166884,-8.621,-4.048,1.270,-0.998
2025-12-04T19:14:35.183264,-8.621,-4.048,1.270,-0.998
2025-12-04T19:14:35.200471,-8.621,-4.048,1.270,-0.998
2025-12-04T19:14:35.216755,-8.621,-4.048,1.270,-0.998
2025-12-04T19:14:35.233884,-8.621,-4.048,1.270,-0.998
2025-12-04T19:14:35.247667,-8.621,-4.048,1.270,-0.998
2025-12-04T19:14:35.264003,-8.621,-4.048,1.270,-0.998
2025-12-04T19:14:35.278614,-8.621,-4.048,1.270,-0.998
2025-12-04T19:14:35.294123,-8.621,-4.048,1.270,-0.998
2025-12-04T19:14:35.308828,-8.621,-4.048,1.270,-0.998
2025-12-04T19:14:35.325837,-8.621,-4.048,1.270,-0.998
2025-12-04T19:14:35.342739,-8.621,-4.048,1.270,-0.998
2025-12-04T19:14:35.360200,-8.621,-4.048,1.270,-0.998
2025-12-04T19:14:35.377962,-8.621,-4.048,1.270,-0.998
2025-12-04T19:14:35.395812,-8.621,-4.048,1.270,-0.998
2025-12-04T19:14:35.414021,-8.621,-4.048,1.270,-0.998
2025-12-04T19:14:35.432079,-8.621,-4.048,1.270,-0.998
2025-12-04T19:14:35.449510,-8.621,-4.048,1.270,-0.998
2025-12-04T19:14:35.468003,-8.621,-4.048,1.270,-0.998
2025-12-04T19:14:35.484255,-8.621,-4.048,1.270,-0.998
2025-12-04T19:14:35.500957,-8.621,-4.048,1.270,-0.998
2025-12-04T19:14:35.515729,-8.621,-4.048,1.270,-0.998
2025-12-04T19:14:35.531043,-8.621,-4.048,1.270,-0.998
2025-12-04T19:14:35.546208,-8.621,-4.048,1.270,-0.998
2025-12-04T19:14:35.560991,-8.621,-4.048,1.270,-0.998
2025-12-04T19:14:35.576656,-8.621,-4.048,1.270,-0.998
2025-12-04T19:14:35.592212,-8.621,-4.048,1.270,-0.998
2025-12-04T19:14:35.609093,-8.621,-4.048,1.270,-0.998
2025-12-04T19:14:35.625719,-8.621,-4.048,1.270,-0.998
2025-12-04T19:14:35.646150,-8.621,-4.048,1.270,-0.998
2025-12-04T19:14:35.664590,-8.621,-4.048,1.270,-0.998
2025-12-04T19:14:35.680586,-8.621,-4.048,1.270,-0.998
2025-12-04T19:14:35.698495,-8.621,-4.048,1.270,-0.998
2025-12-04T19:14:35.718238,-8.621,-4.048,1.270,-0.998
2025-12-04T19:14:35.734193,-8.621,-4.048,1.270,-0.998
2025-12-04T19:14:35.750962,-8.621,-4.048,1.270,-0.998
2025-12-04T19:14:35.764943,-8.621,-4.048,1.270,-0.998
2025-12-04T19:14:35.778721,-8.621,-4.048,1.270,-0.998
2025-12-04T19:14:35.793035,-8.621,-4.048,1.270,-0.998
2025-12-04T19:14:35.808662,-8.621,-4.048,1.270,-0.998
2025-12-04T19:14:35.825920,-8.621,-4.048,1.270,-0.998
2025-12-04T19:14:35.840715,-8.621,-4.048,1.270,-0.998
2025-12-04T19:14:35.859531,-8.621,-4.048,1.270,-0.998
2025-12-04T19:14:35.874262,-8.621,-4.048,1.270,-0.998
2025-12-04T19:14:35.892941,-8.621,-4.048,1.270,-0.998
2025-12-04T19:14:35.910848,-8.621,-4.048,1.270,-0.998
2025-12-04T19:14:35.928625,-8.621,-4.048,1.270,-0.998
2025-12-04T19:14:35.952711,-8.621,-4.048,1.270,-0.998
2025-12-04T19:14:35.967077,-8.621,-4.048,1.270,-0.998
2025-12-04T19:14:35.983919,-8.621,-4.048,1.270,-0.998
2025-12-04T19:14:36.001225,-8.621,-4.048,1.270,-0.998
2025-12-04T19:14:36.016309,-8.621,-4.048,1.270,-0.998
2025-12-04T19:14:36.030611,-8.621,-4.048,1.270,-0.998
2025-12-04T19:14:36.045565,-8.621,-4.048,1.270,-0.998
2025-12-04T19:14:36.059490,-8.621,-4.048,1.270,-0.998
2025-12-04T19:14:36.073816,-8.621,-4.048,1.270,-0.998
2025-12-04T19:14:36.088802,-8.621,-4.048,1.270,-0.998
2025-12-04T19:14:36.103674,-8.621,-4.048,1.270,-0.998
2025-12-04T19:14:36.118402,-8.621,-4.048,1.270,-0.998
2025-12-04T19:14:36.137200,-8.621,-4.048,1.270,-0.998
2025-12-04T19:14:36.151548,-8.621,-4.048,1.270,-0.998
2025-12-04T19:14:36.167622,-8.621,-4.048,1.270,-0.998
2025-12-04T19:14:36.186014,-8.621,-4.048,1.270,-0.998
2025-12-04T19:14:36.203793,-8.621,-4.048,1.270,-0.998
2025-12-04T19:14:36.221924,-8.621,-4.048,1.270,-0.998
2025-12-04T19:14:36.246287,-8.621,-4.048,1.270,-0.998
2025-12-04T19:14:36.256100,-8.621,-4.048,1.270,-0.998
2025-12-04T19:14:36.274858,-8.621,-4.048,1.270,-0.998
2025-12-04T19:14:36.292491,-8.621,-4.048,1.270,-0.998
2025-12-04T19:14:36.310152,-8.621,-4.048,1.270,-0.998
2025-12-04T19:14:36.325571,-8.621,-4.048,1.270,-0.998
2025-12-04T19:14:36.342408,-8.621,-4.048,1.270,-0.998
2025-12-04T19:14:36.355184,-8.621,-4.048,1.270,-0.998
2025-12-04T19:14:36.369459,-8.621,-4.048,1.270,-0.998
2025-12-04T19:14:36.384110,-8.621,-4.048,1.270,-0.998
2025-12-04T19:14:36.400292,-8.621,-4.048,1.270,-0.998
2025-12-04T19:14:36.414180,-8.621,-4.048,1.270,-0.998
2025-12-04T19:14:36.429425,-8.621,-4.048,1.270,-0.998
2025-12-04T19:14:36.446578,-8.621,-4.048,1.270,-0.998
2025-12-04T19:14:36.464223,-8.621,-4.048,1.270,-0.998
2025-12-04T19:14:36.482019,-8.621,-4.048,1.270,-0.998
2025-12-04T19:14:36.509232,-8.621,-4.048,1.270,-0.998
2025-12-04T19:14:36.519508,-8.621,-4.048,1.270,-0.998
2025-12-04T19:14:36.536049,-8.621,-4.048,1.270,-0.998
2025-12-04T19:14:36.553040,-8.621,-4.048,1.270,-0.998
2025-12-04T19:14:36.569609,-8.621,-4.048,1.270,-0.998
2025-12-04T19:14:36.586329,-8.621,-4.048,1.270,-0.998
2025-12-04T19:14:36.602496,-8.621,-4.048,1.270,-0.998
2025-12-04T19:14:36.618108,-8.621,-4.048,1.270,-0.998
2025-12-04T19:14:36.632351,-8.621,-4.048,1.270,-0.998
2025-12-04T19:14:36.646720,-8.621,-4.048,1.270,-0.998
2025-12-04T19:14:36.662260,-8.621,-4.048,1.270,-0.998
2025-12-04T19:14:36.677806,-8.621,-4.048,1.270,-0.998
2025-12-04T19:14:36.695089,-8.621,-4.048,1.270,-0.998
2025-12-04T19:14:36.712198,-8.621,-4.048,1.270,-0.998
2025-12-04T19:14:36.731314,-8.621,-4.048,1.270,-0.998
2025-12-04T19:14:36.749374,-8.621,-4.048,1.270,-0.998
2025-12-04T19:14:36.766723,-8.621,-4.048,1.270,-0.998
2025-12-04T19:14:36.785092,-8.621,-4.048,1.270,-0.998
2025-12-04T19:14:36.802298,-8.621,-4.048,1.270,-0.998
2025-12-04T19:14:36.821879,-8.621,-4.048,1.270,-0.997
2025-12-04T19:14:36.837846,-8.621,-4.048,1.270,-0.996
2025-12-04T19:14:36.854547,-8.621,-4.048,1.270,-0.994
2025-12-04T19:14:36.870422,-8.621,-4.048,1.270,-0.993
2025-12-04T19:14:36.887980,-8.621,-4.048,1.270,-0.991
2025-12-04T19:14:36.900795,-8.621,-4.048,1.270,-0.989
2025-12-04T19:14:36.915228,-8.621,-4.048,1.270,-0.987
2025-12-04T19:14:36.930377,-8.621,-4.048,1.270,-0.984
2025-12-04T19:14:36.949075,-8.621,-4.048,1.270,-0.981
2025-12-04T19:14:36.960018,-8.621,-4.048,1.270,-0.979
2025-12-04T19:14:36.976463,-8.621,-4.048,1.270,-0.975
2025-12-04T19:14:36.994601,-8.621,-4.048,1.270,-0.972
2025-12-04T19:14:37.011573,-8.621,-4.048,1.270,-0.969
2025-12-04T19:14:37.029815,-8.621,-4.048,1.270,-0.965
2025-12-04T19:14:37.046242,-8.621,-4.048,1.270,-0.961
2025-12-04T19:14:37.065157,-8.621,-4.048,1.270,-0.957
2025-12-04T19:14:37.082277,-8.621,-4.048,1.270,-0.953
2025-12-04T19:14:37.100792,-8.621,-4.048,1.270,-0.948
2025-12-04T19:14:37.118297,-8.621,-4.048,1.270,-0.944
2025-12-04T19:14:37.133769,-8.621,-4.048,1.270,-0.939
2025-12-04T19:14:37.150367,-8.621,-4.048,1.270,-0.934
2025-12-04T19:14:37.165332,-8.621,-4.048,1.270,-0.929
2025-12-04T19:14:37.186390,-8.621,-4.048,1.270,-0.923
2025-12-04T19:14:37.200104,-8.621,-4.048,1.270,-0.917
2025-12-04T19:14:37.213834,-8.621,-4.048,1.270,-0.912
2025-12-04T19:14:37.226902,-8.621,-4.048,1.270,-0.906
2025-12-04T19:14:37.243708,-8.621,-4.048,1.270,-0.899
2025-12-04T19:14:37.256948,-8.621,-4.048,1.270,-0.893
2025-12-04T19:14:37.273030,-8.621,-4.048,1.270,-0.886
2025-12-04T19:14:37.289943,-8.621,-4.048,1.270,-0.880
2025-12-04T19:14:37.307705,-8.621,-4.048,1.270,-0.873
2025-12-04T19:14:37.323308,-8.621,-4.048,1.270,-0.866
2025-12-04T19:14:37.339842,-8.621,-4.048,1.270,-0.858
2025-12-04T19:14:37.359212,-8.621,-4.048,1.270,-0.851
2025-12-04T19:14:37.374583,-8.621,-4.048,1.270,-0.843
2025-12-04T19:14:37.394134,-8.621,-4.048,1.270,-0.835
2025-12-04T19:14:37.411343,-8.621,-4.048,1.270,-0.827
2025-12-04T19:14:37.427956,-8.621,-4.048,1.270,-0.819
2025-12-04T19:14:37.443681,-8.621,-4.048,1.270,-0.811
2025-12-04T19:14:37.461476,-8.621,-4.048,1.270,-0.802
2025-12-04T19:14:37.478323,-8.621,-4.048,1.270,-0.794
2025-12-04T19:14:37.494094,-8.621,-4.048,1.270,-0.785
2025-12-04T19:14:37.507334,-8.621,-4.048,1.270,-0.776
2025-12-04T19:14:37.521979,-8.621,-4.048,1.270,-0.767
2025-12-04T19:14:37.537198,-8.621,-4.048,1.270,-0.757
2025-12-04T19:14:37.550573,-8.621,-4.048,1.270,-0.748
2025-12-04T19:14:37.564654,-8.621,-4.048,1.270,-0.738
2025-12-04T19:14:37.580314,-8.621,-4.048,1.270,-0.728
2025-12-04T19:14:37.594170,-8.621,-4.048,1.270,-0.718
2025-12-04T19:14:37.609712,-8.621,-4.048,1.270,-0.708
2025-12-04T19:14:37.626795,-8.621,-4.048,1.270,-0.698
2025-12-04T19:14:37.644831,-8.621,-4.048,1.270,-0.688
2025-12-04T19:14:37.661576,-8.621,-4.048,1.270,-0.677
2025-12-04T19:14:37.680299,-8.621,-4.048,1.270,-0.667
2025-12-04T19:14:37.699276,-8.621,-4.048,1.270,-0.656
2025-12-04T19:14:37.717565,-8.621,-4.048,1.270,-0.645
2025-12-04T19:14:37.734773,-8.621,-4.048,1.270,-0.634
2025-12-04T19:14:37.750880,-8.621,-4.048,1.270,-0.623
2025-12-04T19:14:37.769775,-8.621,-4.048,1.270,-0.611
2025-12-04T19:14:37.791769,-8.621,-4.048,1.270,-0.600
2025-12-04T19:14:37.812621,-8.621,-4.048,1.270,-0.588
2025-12-04T19:14:37.826347,-8.621,-4.048,1.270,-0.576
2025-12-04T19:14:37.840957,-8.621,-4.048,1.270,-0.565
2025-12-04T19:14:37.856968,-8.621,-4.048,1.270,-0.553
2025-12-04T19:14:37.872099,-8.621,-4.048,1.270,-0.541
2025-12-04T19:14:37.883079,-8.621,-4.048,1.270,-0.528
2025-12-04T19:14:37.897127,-8.621,-4.048,1.270,-0.516
2025-12-04T19:14:37.911798,-8.621,-4.048,1.270,-0.504
2025-12-04T19:14:37.925619,-8.621,-4.048,1.270,-0.491
2025-12-04T19:14:37.940745,-8.621,-4.048,1.270,-0.479
2025-12-04T19:14:37.956699,-8.621,-4.048,1.270,-0.466
2025-12-04T19:14:37.973844,-8.621,-4.048,1.270,-0.453
2025-12-04T19:14:37.990971,-8.621,-4.048,1.270,-0.440
2025-12-04T19:14:38.004184,-8.621,-4.048,1.270,-0.427
2025-12-04T19:14:38.022924,-8.621,-4.048,1.270,-0.414
2025-12-04T19:14:38.039173,-8.621,-4.048,1.270,-0.401
2025-12-04T19:14:38.057456,-8.621,-4.048,1.270,-0.388
2025-12-04T19:14:38.075104,-8.621,-4.048,1.270,-0.375
2025-12-04T19:14:38.093028,-8.621,-4.048,1.270,-0.361
2025-12-04T19:14:38.109285,-8.621,-4.048,1.270,-0.348
2025-12-04T19:14:38.125132,-8.621,-4.048,1.270,-0.334
2025-12-04T19:14:38.142750,-8.621,-4.048,1.270,-0.321
2025-12-04T19:14:38.159880,-8.621,-4.048,1.270,-0.307
2025-12-04T19:14:38.175853,-8.621,-4.048,1.270,-0.293
2025-12-04T19:14:38.192255,-8.621,-4.048,1.270,-0.279
2025-12-04T19:14:38.207534,-8.621,-4.048,1.270,-0.266
2025-12-04T19:14:38.223147,-8.621,-4.048,1.270,-0.252
2025-12-04T19:14:38.237091,-8.621,-4.048,1.270,-0.238
2025-12-04T19:14:38.253897,-8.613,-4.052,1.270,-0.238
2025-12-04T19:14:38.271422,-8.605,-4.056,1.270,-0.238
2025-12-04T19:14:38.287839,-8.597,-4.060,1.270,-0.238
2025-12-04T19:14:38.306431,-8.589,-4.065,1.270,-0.238
2025-12-04T19:14:38.325710,-8.581,-4.069,1.270,-0.238
2025-12-04T19:14:38.344793,-8.573,-4.073,1.270,-0.238
2025-12-04T19:14:38.363128,-8.565,-4.077,1.270,-0.238
2025-12-04T19:14:38.380710,-8.557,-4.081,1.270,-0.238
2025-12-04T19:14:38.398811,-8.549,-4.086,1.270,-0.238
2025-12-04T19:14:38.415239,-8.541,-4.090,1.270,-0.238
2025-12-04T19:14:38.431051,-8.533,-4.094,1.270,-0.238
2025-12-04T19:14:38.448182,-8.525,-4.098,1.270,-0.238
2025-12-04T19:14:38.462539,-8.516,-4.103,1.270,-0.238
2025-12-04T19:14:38.477858,-8.508,-4.107,1.270,-0.238
2025-12-04T19:14:38.490308,-8.500,-4.111,1.270,-0.238
2025-12-04T19:14:38.504919,-8.492,-4.115,1.270,-0.238
2025-12-04T19:14:38.520514,-8.484,-4.120,1.270,-0.238
2025-12-04T19:14:38.535988,-8.475,-4.124,1.270,-0.238
2025-12-04T19:14:38.552599,-8.467,-4.128,1.270,-0.238
2025-12-04T19:14:38.569444,-8.459,-4.133,1.270,-0.238
2025-12-04T19:14:38.585906,-8.451,-4.137,1.270,-0.238
2025-12-04T19:14:38.603426,-8.442,-4.141,1.270,-0.238
2025-12-04T19:14:38.620826,-8.434,-4.145,1.270,-0.238
2025-12-04T19:14:38.638402,-8.426,-4.150,1.270,-0.238
2025-12-04T19:14:38.655737,-8.417,-4.154,1.270,-0.238
2025-12-04T19:14:38.673245,-8.409,-4.158,1.270,-0.238
2025-12-04T19:14:38.690481,-8.401,-4.163,1.270,-0.238
2025-12-04T19:14:38.708154,-8.392,-4.167,1.270,-0.238
2025-12-04T19:14:38.728824,-8.384,-4.172,1.270,-0.238
2025-12-04T19:14:38.743487,-8.376,-4.176,1.270,-0.238
2025-12-04T19:14:38.759185,-8.367,-4.180,1.270,-0.238
2025-12-04T19:14:38.773898,-8.359,-4.185,1.270,-0.238
2025-12-04T19:14:38.788078,-8.350,-4.189,1.270,-0.238
2025-12-04T19:14:38.801676,-8.342,-4.193,1.270,-0.238
2025-12-04T19:14:38.816513,-8.334,-4.198,1.270,-0.238
2025-12-04T19:14:38.833189,-8.325,-4.202,1.270,-0.238
2025-12-04T19:14:38.847590,-8.317,-4.206,1.270,-0.238
2025-12-04T19:14:38.863143,-8.308,-4.211,1.270,-0.238
2025-12-04T19:14:38.880836,-8.300,-4.215,1.270,-0.238
2025-12-04T19:14:38.900727,-8.291,-4.220,1.270,-0.238
2025-12-04T19:14:38.914821,-8.283,-4.224,1.270,-0.238
2025-12-04T19:14:38.932451,-8.274,-4.228,1.270,-0.238
2025-12-04T19:14:38.951588,-8.274,-4.229,1.270,-0.224
2025-12-04T19:14:38.969183,-8.273,-4.229,1.270,-0.210
2025-12-04T19:14:38.987931,-8.273,-4.229,1.270,-0.196
2025-12-04T19:14:39.002384,-8.273,-4.229,1.270,-0.181
2025-12-04T19:14:39.019917,-8.272,-4.230,1.270,-0.167
2025-12-04T19:14:39.035542,-8.272,-4.230,1.270,-0.153
2025-12-04T19:14:39.053732,-8.271,-4.230,1.270,-0.139
2025-12-04T19:14:39.068087,-8.271,-4.230,1.270,-0.124
2025-12-04T19:14:39.082864,-8.270,-4.231,1.270,-0.110
2025-12-04T19:14:39.100312,-8.270,-4.231,1.270,-0.096
2025-12-04T19:14:39.117168,-8.270,-4.231,1.270,-0.082
2025-12-04T19:14:39.128681,-8.269,-4.231,1.270,-0.067
2025-12-04T19:14:39.142235,-8.269,-4.231,1.270,-0.053
2025-12-04T19:14:39.160436,-8.269,-4.231,1.270,-0.038
2025-12-04T19:14:39.176333,-8.268,-4.232,1.270,-0.024
2025-12-04T19:14:39.195067,-8.259,-4.232,1.270,-0.024
2025-12-04T19:14:39.212731,-8.250,-4.233,1.270,-0.024
2025-12-04T19:14:39.232064,-8.241,-4.233,1.270,-0.024
2025-12-04T19:14:39.248844,-8.231,-4.234,1.270,-0.024
2025-12-04T19:14:39.265709,-8.222,-4.235,1.270,-0.024
2025-12-04T19:14:39.282417,-8.213,-4.235,1.270,-0.024
2025-12-04T19:14:39.297575,-8.203,-4.236,1.270,-0.024
2025-12-04T19:14:39.312981,-8.194,-4.236,1.270,-0.024
2025-12-04T19:14:39.330066,-8.185,-4.237,1.270,-0.024
2025-12-04T19:14:39.347591,-8.175,-4.237,1.270,-0.024
2025-12-04T19:14:39.360780,-8.166,-4.238,1.270,-0.024
2025-12-04T19:14:39.374424,-8.156,-4.238,1.270,-0.024
2025-12-04T19:14:39.390663,-8.147,-4.239,1.270,-0.024
2025-12-04T19:14:39.404819,-8.138,-4.240,1.270,-0.024
2025-12-04T19:14:39.421388,-8.128,-4.240,1.270,-0.024
2025-12-04T19:14:39.437023,-8.119,-4.241,1.270,-0.024
2025-12-04T19:14:39.454266,-8.109,-4.241,1.270,-0.024
2025-12-04T19:14:39.471849,-8.100,-4.242,1.270,-0.024
2025-12-04T19:14:39.487996,-8.090,-4.242,1.270,-0.024
2025-12-04T19:14:39.506841,-8.081,-4.243,1.270,-0.024
2025-12-04T19:14:39.525962,-8.071,-4.243,1.270,-0.024
2025-12-04T19:14:39.544917,-8.062,-4.244,1.270,-0.024
2025-12-04T19:14:39.561864,-8.052,-4.244,1.270,-0.024
2025-12-04T19:14:39.580032,-8.043,-4.245,1.270,-0.024
2025-12-04T19:14:39.598814,-8.033,-4.245,1.270,-0.024
2025-12-04T19:14:39.613169,-8.024,-4.246,1.270,-0.024
2025-12-04T19:14:39.631224,-8.014,-4.246,1.270,-0.024
2025-12-04T19:14:39.653693,-8.005,-4.247,1.270,-0.024
2025-12-04T19:14:39.668242,-7.995,-4.247,1.270,-0.024
2025-12-04T19:14:39.680130,-7.986,-4.248,1.270,-0.024
2025-12-04T19:14:39.697011,-7.976,-4.248,1.270,-0.024
2025-12-04T19:14:39.708990,-7.967,-4.249,1.270,-0.024
2025-12-04T19:14:39.722734,-7.957,-4.250,1.270,-0.024
2025-12-04T19:14:39.737218,-7.948,-4.250,1.270,-0.024
2025-12-04T19:14:39.751773,-7.938,-4.251,1.270,-0.024
2025-12-04T19:14:39.769859,-7.928,-4.251,1.270,-0.024
2025-12-04T19:14:39.786186,-7.919,-4.252,1.270,-0.024
2025-12-04T19:14:39.802156,-7.909,-4.252,1.270,-0.024
2025-12-04T19:14:39.819547,-7.900,-4.253,1.270,-0.024
2025-12-04T19:14:39.836155,-7.890,-4.253,1.270,-0.024
2025-12-04T19:14:39.853606,-7.881,-4.254,1.270,-0.024
2025-12-04T19:14:39.871705,-7.871,-4.254,1.270,-0.024
2025-12-04T19:14:39.889131,-7.861,-4.255,1.270,-0.024
2025-12-04T19:14:39.905790,-7.852,-4.255,1.270,-0.024
2025-12-04T19:14:39.923907,-7.842,-4.255,1.270,-0.024
2025-12-04T19:14:39.943551,-7.833,-4.256,1.270,-0.024
2025-12-04T19:14:39.958827,-7.823,-4.256,1.270,-0.024
2025-12-04T19:14:39.972535,-7.813,-4.257,1.270,-0.024
2025-12-04T19:14:39.988338,-7.804,-4.257,1.270,-0.024
2025-12-04T19:14:40.001182,-7.794,-4.258,1.270,-0.024
2025-12-04T19:14:40.018089,-7.784,-4.258,1.270,-0.024
2025-12-04T19:14:40.033508,-7.775,-4.259,1.270,-0.024
2025-12-04T19:14:40.050851,-7.765,-4.259,1.270,-0.024
2025-12-04T19:14:40.066338,-7.756,-4.260,1.270,-0.024
2025-12-04T19:14:40.088032,-7.746,-4.260,1.270,-0.024
2025-12-04T19:14:40.104882,-7.736,-4.261,1.270,-0.024
2025-12-04T19:14:40.122038,-7.727,-4.261,1.270,-0.024
2025-12-04T19:14:40.139408,-7.717,-4.262,1.270,-0.024
2025-12-04T19:14:40.155565,-7.707,-4.262,1.270,-0.024
2025-12-04T19:14:40.176653,-7.698,-4.263,1.270,-0.024
2025-12-04T19:14:40.189831,-7.688,-4.263,1.270,-0.024
2025-12-04T19:14:40.208380,-7.678,-4.264,1.270,-0.024
2025-12-04T19:14:40.225668,-7.669,-4.264,1.270,-0.024
2025-12-04T19:14:40.242156,-7.659,-4.265,1.270,-0.024
2025-12-04T19:14:40.255738,-7.658,-4.265,1.270,-0.038
2025-12-04T19:14:40.280612,-7.658,-4.265,1.270,-0.053
2025-12-04T19:14:40.293688,-7.657,-4.265,1.270,-0.067
2025-12-04T19:14:40.309464,-7.656,-4.265,1.270,-0.082
2025-12-04T19:14:40.322428,-7.656,-4.265,1.270,-0.096
2025-12-04T19:14:40.336824,-7.655,-4.265,1.270,-0.110
2025-12-04T19:14:40.352270,-7.655,-4.265,1.270,-0.124
2025-12-04T19:14:40.367097,-7.654,-4.265,1.270,-0.139
2025-12-04T19:14:40.382045,-7.654,-4.265,1.270,-0.153
2025-12-04T19:14:40.395022,-7.653,-4.265,1.270,-0.167
2025-12-04T19:14:40.411175,-7.653,-4.265,1.270,-0.181
2025-12-04T19:14:40.427420,-7.652,-4.265,1.270,-0.196
2025-12-04T19:14:40.443898,-7.652,-4.265,1.270,-0.210
2025-12-04T19:14:40.460219,-7.651,-4.265,1.270,-0.224
2025-12-04T19:14:40.477906,-7.651,-4.265,1.270,-0.238
2025-12-04T19:14:40.494126,-7.650,-4.265,1.270,-0.252
2025-12-04T19:14:40.509723,-7.650,-4.265,1.270,-0.266
2025-12-04T19:14:40.529576,-7.649,-4.265,1.270,-0.279
2025-12-04T19:14:40.547390,-7.649,-4.265,1.270,-0.293
2025-12-04T19:14:40.564521,-7.649,-4.265,1.270,-0.307
2025-12-04T19:14:40.580800,-7.648,-4.265,1.270,-0.321
2025-12-04T19:14:40.597538,-7.648,-4.266,1.270,-0.334
2025-12-04T19:14:40.614710,-7.648,-4.266,1.270,-0.348
2025-12-04T19:14:40.629748,-7.647,-4.266,1.270,-0.361
2025-12-04T19:14:40.646215,-7.647,-4.266,1.270,-0.375
2025-12-04T19:14:40.660806,-7.640,-4.272,1.270,-0.375
2025-12-04T19:14:40.676367,-7.634,-4.278,1.270,-0.375
2025-12-04T19:14:40.691887,-7.627,-4.284,1.270,-0.375
2025-12-04T19:14:40.709605,-7.620,-4.291,1.270,-0.375
2025-12-04T19:14:40.725067,-7.613,-4.297,1.270,-0.375
2025-12-04T19:14:40.745224,-7.607,-4.303,1.270,-0.375
2025-12-04T19:14:40.758260,-7.600,-4.310,1.270,-0.375
2025-12-04T19:14:40.775887,-7.593,-4.316,1.270,-0.375
2025-12-04T19:14:40.793271,-7.586,-4.322,1.270,-0.375
2025-12-04T19:14:40.811054,-7.579,-4.329,1.270,-0.375
2025-12-04T19:14:40.829326,-7.573,-4.335,1.270,-0.375
2025-12-04T19:14:40.846978,-7.566,-4.342,1.270,-0.375
2025-12-04T19:14:40.862036,-7.559,-4.348,1.270,-0.375
2025-12-04T19:14:40.879348,-7.552,-4.354,1.270,-0.375
2025-12-04T19:14:40.900104,-7.545,-4.361,1.270,-0.375
2025-12-04T19:14:40.914795,-7.538,-4.367,1.270,-0.375
2025-12-04T19:14:40.929847,-7.532,-4.374,1.270,-0.375
2025-12-04T19:14:40.943425,-7.525,-4.380,1.270,-0.375
2025-12-04T19:14:40.958184,-7.518,-4.387,1.270,-0.375
2025-12-04T19:14:40.975178,-7.511,-4.393,1.270,-0.375
2025-12-04T19:14:40.989148,-7.504,-4.400,1.270,-0.375
2025-12-04T19:14:41.004423,-7.497,-4.406,1.270,-0.375
2025-12-04T19:14:41.019483,-7.490,-4.413,1.270,-0.375
2025-12-04T19:14:41.036136,-7.483,-4.419,1.270,-0.375
2025-12-04T19:14:41.053830,-7.477,-4.426,1.270,-0.375
2025-12-04T19:14:41.070916,-7.470,-4.432,1.270,-0.375
2025-12-04T19:14:41.087336,-7.463,-4.439,1.270,-0.375
2025-12-04T19:14:41.105353,-7.456,-4.445,1.270,-0.375
2025-12-04T19:14:41.124111,-7.449,-4.452,1.270,-0.375
2025-12-04T19:14:41.140013,-7.442,-4.458,1.270,-0.375
2025-12-04T19:14:41.155106,-7.435,-4.465,1.270,-0.375
2025-12-04T19:14:41.173259,-7.428,-4.472,1.270,-0.375
2025-12-04T19:14:41.191928,-7.421,-4.478,1.270,-0.375
2025-12-04T19:14:41.206379,-7.421,-4.479,1.270,-0.361
2025-12-04T19:14:41.220607,-7.420,-4.479,1.270,-0.348
2025-12-04T19:14:41.234684,-7.420,-4.479,1.270,-0.334
2025-12-04T19:14:41.249843,-7.420,-4.480,1.270,-0.321
2025-12-04T19:14:41.268193,-7.419,-4.480,1.270,-0.307
2025-12-04T19:14:41.283045,-7.419,-4.480,1.270,-0.293
2025-12-04T19:14:41.301573,-7.418,-4.481,1.270,-0.279
2025-12-04T19:14:41.318126,-7.418,-4.481,1.270,-0.266
2025-12-04T19:14:41.336868,-7.418,-4.481,1.270,-0.252
2025-12-04T19:14:41.354444,-7.417,-4.481,1.270,-0.238
2025-12-04T19:14:41.371921,-7.417,-4.482,1.270,-0.224
2025-12-04T19:14:41.388025,-7.417,-4.482,1.270,-0.210
2025-12-04T19:14:41.406294,-7.416,-4.482,1.270,-0.196
2025-12-04T19:14:41.422602,-7.416,-4.482,1.270,-0.181
2025-12-04T19:14:41.438266,-7.416,-4.483,1.270,-0.167
2025-12-04T19:14:41.460374,-7.416,-4.483,1.270,-0.153
2025-12-04T19:14:41.469409,-7.415,-4.483,1.270,-0.139
2025-12-04T19:14:41.484511,-7.415,-4.483,1.270,-0.124
2025-12-04T19:14:41.498325,-7.415,-4.483,1.270,-0.110
2025-12-04T19:14:41.520332,-7.406,-4.486,1.270,-0.110
2025-12-04T19:14:41.534317,-7.397,-4.488,1.270,-0.110
2025-12-04T19:14:41.548170,-7.388,-4.490,1.270,-0.110
2025-12-04T19:14:41.566080,-7.379,-4.492,1.270,-0.110
2025-12-04T19:14:41.580302,-7.370,-4.494,1.270,-0.110
2025-12-04T19:14:41.597142,-7.361,-4.496,1.270,-0.110
2025-12-04T19:14:41.611926,-7.352,-4.498,1.270,-0.110
2025-12-04T19:14:41.629880,-7.343,-4.501,1.270,-0.110
2025-12-04T19:14:41.647870,-7.333,-4.503,1.270,-0.110
2025-12-04T19:14:41.665087,-7.324,-4.505,1.270,-0.110
2025-12-04T19:14:41.683618,-7.315,-4.507,1.270,-0.110
2025-12-04T19:14:41.699061,-7.306,-4.509,1.270,-0.110
2025-12-04T19:14:41.719433,-7.297,-4.511,1.270,-0.110
2025-12-04T19:14:41.735762,-7.288,-4.513,1.270,-0.110
2025-12-04T19:14:41.753374,-7.279,-4.516,1.270,-0.110
2025-12-04T19:14:41.768593,-7.269,-4.518,1.270,-0.110
2025-12-04T19:14:41.785971,-7.260,-4.520,1.270,-0.110
2025-12-04T19:14:41.802703,-7.251,-4.522,1.270,-0.110
2025-12-04T19:14:41.822535,-7.242,-4.524,1.270,-0.110
2025-12-04T19:14:41.835278,-7.233,-4.526,1.270,-0.110
2025-12-04T19:14:41.848282,-7.223,-4.528,1.270,-0.110
2025-12-04T19:14:41.861994,-7.214,-4.531,1.270,-0.110
2025-12-04T19:14:41.876587,-7.205,-4.533,1.270,-0.110
2025-12-04T19:14:41.891309,-7.196,-4.535,1.270,-0.110
2025-12-04T19:14:41.905630,-7.186,-4.537,1.270,-0.110
2025-12-04T19:14:41.921622,-7.177,-4.539,1.270,-0.110
2025-12-04T19:14:41.936521,-7.168,-4.541,1.270,-0.110
2025-12-04T19:14:41.951577,-7.158,-4.543,1.270,-0.110
2025-12-04T19:14:41.967298,-7.149,-4.546,1.270,-0.110
2025-12-04T19:14:41.987406,-7.140,-4.548,1.270,-0.110
2025-12-04T19:14:42.005020,-7.131,-4.550,1.270,-0.110
2025-12-04T19:14:42.020008,-7.121,-4.552,1.270,-0.110
2025-12-04T19:14:42.040878,-7.112,-4.554,1.270,-0.110
2025-12-04T19:14:42.058680,-7.103,-4.556,1.270,-0.110
2025-12-04T19:14:42.076936,-7.093,-4.558,1.270,-0.110
2025-12-04T19:14:42.095509,-7.084,-4.560,1.270,-0.110
2025-12-04T19:14:42.111425,-7.075,-4.563,1.270,-0.110
2025-12-04T19:14:42.129757,-7.065,-4.565,1.270,-0.110
2025-12-04T19:14:42.145699,-7.056,-4.567,1.270,-0.110
2025-12-04T19:14:42.161678,-7.047,-4.569,1.270,-0.110
2025-12-04T19:14:42.176597,-7.037,-4.571,1.270,-0.110
2025-12-04T19:14:42.191603,-7.028,-4.573,1.270,-0.110
2025-12-04T19:14:42.207940,-7.019,-4.575,1.270,-0.110
2025-12-04T19:14:42.222756,-7.009,-4.578,1.270,-0.110
2025-12-04T19:14:42.238466,-7.000,-4.580,1.270,-0.110
2025-12-04T19:14:42.256349,-6.990,-4.582,1.270,-0.110
2025-12-04T19:14:42.275317,-6.981,-4.584,1.270,-0.110
2025-12-04T19:14:42.293404,-6.972,-4.586,1.270,-0.110
2025-12-04T19:14:42.311152,-6.962,-4.588,1.270,-0.110
2025-12-04T19:14:42.330056,-6.953,-4.590,1.270,-0.110
2025-12-04T19:14:42.347805,-6.943,-4.592,1.270,-0.110
2025-12-04T19:14:42.364459,-6.934,-4.595,1.270,-0.110
2025-12-04T19:14:42.380095,-6.925,-4.597,1.270,-0.110
2025-12-04T19:14:42.397469,-6.915,-4.599,1.270,-0.110
2025-12-04T19:14:42.413989,-6.906,-4.601,1.270,-0.110
2025-12-04T19:14:42.428485,-6.896,-4.603,1.270,-0.110
2025-12-04T19:14:42.443812,-6.887,-4.605,1.270,-0.110
2025-12-04T19:14:42.458100,-6.878,-4.607,1.270,-0.110
2025-12-04T19:14:42.473166,-6.868,-4.610,1.270,-0.110
2025-12-04T19:14:42.488067,-6.859,-4.612,1.270,-0.110
2025-12-04T19:14:42.508789,-6.849,-4.614,1.270,-0.110
2025-12-04T19:14:42.520166,-6.840,-4.616,1.270,-0.110
2025-12-04T19:14:42.535458,-6.831,-4.618,1.270,-0.110
2025-12-04T19:14:42.552873,-6.821,-4.620,1.270,-0.110
2025-12-04T19:14:42.568780,-6.812,-4.622,1.270,-0.110
2025-12-04T19:14:42.586660,-6.802,-4.624,1.270,-0.110
2025-12-04T19:14:42.602938,-6.793,-4.627,1.270,-0.110
2025-12-04T19:14:42.620787,-6.783,-4.629,1.270,-0.110
2025-12-04T19:14:42.636420,-6.774,-4.631,1.270,-0.110
2025-12-04T19:14:42.653993,-6.765,-4.633,1.270,-0.110
2025-12-04T19:14:42.672578,-6.755,-4.635,1.270,-0.110
2025-12-04T19:14:42.688826,-6.746,-4.637,1.270,-0.110
2025-12-04T19:14:42.706311,-6.736,-4.639,1.270,-0.110
2025-12-04T19:14:42.724008,-6.727,-4.641,1.270,-0.110
2025-12-04T19:14:42.749601,-6.717,-4.644,1.270,-0.110
2025-12-04T19:14:42.764979,-6.708,-4.646,1.270,-0.110
2025-12-04T19:14:42.781881,-6.699,-4.648,1.270,-0.110
2025-12-04T19:14:42.796500,-6.689,-4.650,1.270,-0.110
2025-12-04T19:14:42.811354,-6.680,-4.652,1.270,-0.110
2025-12-04T19:14:42.825735,-6.670,-4.654,1.270,-0.110
2025-12-04T19:14:42.842350,-6.661,-4.656,1.270,-0.110
2025-12-04T19:14:42.855295,-6.651,-4.658,1.270,-0.110
2025-12-04T19:14:42.873019,-6.642,-4.661,1.270,-0.110
2025-12-04T19:14:42.882018,-6.632,-4.663,1.270,-0.110
2025-12-04T19:14:42.893435,-6.623,-4.665,1.270,-0.110
2025-12-04T19:14:42.907933,-6.613,-4.667,1.270,-0.110
2025-12-04T19:14:42.922629,-6.604,-4.669,1.270,-0.110
2025-12-04T19:14:42.939112,-6.595,-4.671,1.270,-0.110
2025-12-04T19:14:42.954018,-6.585,-4.673,1.270,-0.110
2025-12-04T19:14:42.969753,-6.576,-4.676,1.270,-0.110
2025-12-04T19:14:42.985520,-6.566,-4.678,1.270,-0.110
2025-12-04T19:14:43.001113,-6.557,-4.680,1.270,-0.110
2025-12-04T19:14:43.019782,-6.547,-4.682,1.270,-0.110
2025-12-04T19:14:43.039439,-6.538,-4.684,1.270,-0.110
2025-12-04T19:14:43.059444,-6.528,-4.686,1.270,-0.110
2025-12-04T19:14:43.075596,-6.519,-4.688,1.270,-0.110
2025-12-04T19:14:43.095493,-6.509,-4.690,1.270,-0.110
2025-12-04T19:14:43.112214,-6.500,-4.693,1.270,-0.110
2025-12-04T19:14:43.128468,-6.491,-4.695,1.270,-0.110
2025-12-04T19:14:43.147579,-6.481,-4.697,1.270,-0.110
2025-12-04T19:14:43.159256,-6.472,-4.699,1.270,-0.110
2025-12-04T19:14:43.176082,-6.462,-4.701,1.270,-0.110
2025-12-04T19:14:43.190883,-6.453,-4.703,1.270,-0.110
2025-12-04T19:14:43.204732,-6.443,-4.705,1.270,-0.110
2025-12-04T19:14:43.221974,-6.434,-4.707,1.270,-0.110
2025-12-04T19:14:43.235810,-6.424,-4.710,1.270,-0.110
2025-12-04T19:14:43.252216,-6.415,-4.712,1.270,-0.110
2025-12-04T19:14:43.267734,-6.405,-4.714,1.270,-0.110
2025-12-04T19:14:43.287313,-6.396,-4.716,1.270,-0.110
2025-12-04T19:14:43.304093,-6.386,-4.718,1.270,-0.110
2025-12-04T19:14:43.323438,-6.377,-4.720,1.270,-0.110
2025-12-04T19:14:43.342272,-6.367,-4.722,1.270,-0.110
2025-12-04T19:14:43.365569,-6.358,-4.724,1.270,-0.110
2025-12-04T19:14:43.382399,-6.349,-4.727,1.270,-0.110
2025-12-04T19:14:43.399115,-6.339,-4.729,1.270,-0.110
2025-12-04T19:14:43.415107,-6.330,-4.731,1.270,-0.110
2025-12-04T19:14:43.430917,-6.320,-4.733,1.270,-0.110
2025-12-04T19:14:43.447292,-6.311,-4.735,1.270,-0.110
2025-12-04T19:14:43.463144,-6.301,-4.737,1.270,-0.110
2025-12-04T19:14:43.480393,-6.292,-4.739,1.270,-0.110
2025-12-04T19:14:43.496400,-6.282,-4.742,1.270,-0.110
2025-12-04T19:14:43.511344,-6.273,-4.744,1.270,-0.110
2025-12-04T19:14:43.528395,-6.263,-4.746,1.270,-0.110
2025-12-04T19:14:43.543436,-6.254,-4.748,1.270,-0.110
2025-12-04T19:14:43.558920,-6.244,-4.750,1.270,-0.110
2025-12-04T19:14:43.574915,-6.235,-4.752,1.270,-0.110
2025-12-04T19:14:43.592349,-6.225,-4.754,1.270,-0.110
2025-12-04T19:14:43.611841,-6.216,-4.756,1.270,-0.110
2025-12-04T19:14:43.630354,-6.206,-4.759,1.270,-0.110
2025-12-04T19:14:43.648020,-6.197,-4.761,1.270,-0.110
2025-12-04T19:14:43.672702,-6.187,-4.763,1.270,-0.110
2025-12-04T19:14:43.687581,-6.178,-4.765,1.270,-0.110
2025-12-04T19:14:43.701153,-6.169,-4.767,1.270,-0.110
2025-12-04T19:14:43.716942,-6.159,-4.769,1.270,-0.110
2025-12-04T19:14:43.731214,-6.150,-4.771,1.270,-0.110
2025-12-04T19:14:43.746569,-6.140,-4.773,1.270,-0.110
2025-12-04T19:14:43.760047,-6.131,-4.776,1.270,-0.110
2025-12-04T19:14:43.775611,-6.121,-4.778,1.270,-0.110
2025-12-04T19:14:43.794156,-6.112,-4.780,1.270,-0.110
2025-12-04T19:14:43.809658,-6.102,-4.782,1.270,-0.110
2025-12-04T19:14:43.824086,-6.093,-4.784,1.270,-0.110
2025-12-04T19:14:43.843133,-6.083,-4.786,1.270,-0.110
2025-12-04T19:14:43.857438,-6.074,-4.788,1.270,-0.110
2025-12-04T19:14:43.876829,-6.064,-4.790,1.270,-0.110
2025-12-04T19:14:43.895265,-6.055,-4.793,1.270,-0.110
2025-12-04T19:14:43.912656,-6.046,-4.795,1.270,-0.110
2025-12-04T19:14:43.929541,-6.037,-4.797,1.270,-0.110
2025-12-04T19:14:43.946768,-6.027,-4.800,1.270,-0.110
2025-12-04T19:14:43.958621,-6.018,-4.802,1.270,-0.110
2025-12-04T19:14:43.974606,-6.009,-4.804,1.270,-0.110
2025-12-04T19:14:43.986612,-6.000,-4.807,1.270,-0.110
2025-12-04T19:14:44.001622,-5.990,-4.809,1.270,-0.110
2025-12-04T19:14:44.017701,-5.981,-4.812,1.270,-0.110
2025-12-04T19:14:44.034507,-5.972,-4.814,1.270,-0.110
2025-12-04T19:14:44.050320,-5.963,-4.817,1.270,-0.110
2025-12-04T19:14:44.069172,-5.954,-4.819,1.270,-0.110
2025-12-04T19:14:44.087559,-5.944,-4.822,1.270,-0.110
2025-12-04T19:14:44.103012,-5.935,-4.824,1.270,-0.110
2025-12-04T19:14:44.121930,-5.926,-4.827,1.270,-0.110
2025-12-04T19:14:44.136851,-5.916,-4.829,1.270,-0.110
2025-12-04T19:14:44.155973,-5.907,-4.832,1.270,-0.110
2025-12-04T19:14:44.174315,-5.898,-4.834,1.270,-0.110
2025-12-04T19:14:44.191551,-5.889,-4.836,1.270,-0.110
2025-12-04T19:14:44.209891,-5.879,-4.839,1.270,-0.110
2025-12-04T19:14:44.224711,-5.870,-4.841,1.270,-0.110
2025-12-04T19:14:44.241113,-5.861,-4.844,1.270,-0.110
2025-12-04T19:14:44.258048,-5.851,-4.846,1.270,-0.110
2025-12-04T19:14:44.275323,-5.842,-4.848,1.270,-0.110
2025-12-04T19:14:44.293257,-5.833,-4.851,1.270,-0.110
2025-12-04T19:14:44.306468,-5.823,-4.853,1.270,-0.110
2025-12-04T19:14:44.321062,-5.814,-4.856,1.270,-0.110
2025-12-04T19:14:44.335669,-5.805,-4.858,1.270,-0.110
2025-12-04T19:14:44.350769,-5.795,-4.860,1.270,-0.110
2025-12-04T19:14:44.367106,-5.786,-4.863,1.270,-0.110
2025-12-04T19:14:44.384950,-5.777,-4.865,1.270,-0.110
2025-12-04T19:14:44.398872,-5.767,-4.867,1.270,-0.110
2025-12-04T19:14:44.418283,-5.758,-4.870,1.270,-0.110
2025-12-04T19:14:44.438093,-5.749,-4.872,1.270,-0.110
2025-12-04T19:14:44.454708,-5.739,-4.874,1.270,-0.110
2025-12-04T19:14:44.471512,-5.730,-4.876,1.270,-0.110
2025-12-04T19:14:44.489607,-5.720,-4.879,1.270,-0.110
2025-12-04T19:14:44.506494,-5.711,-4.881,1.270,-0.110
2025-12-04T19:14:44.519428,-5.702,-4.883,1.270,-0.110
2025-12-04T19:14:44.535044,-5.692,-4.886,1.270,-0.110
2025-12-04T19:14:44.552565,-5.683,-4.888,1.270,-0.110
2025-12-04T19:14:44.566214,-5.673,-4.890,1.270,-0.110
2025-12-04T19:14:44.585573,-5.664,-4.892,1.270,-0.110
2025-12-04T19:14:44.597869,-5.655,-4.895,1.270,-0.110
2025-12-04T19:14:44.612599,-5.645,-4.897,1.270,-0.110
2025-12-04T19:14:44.628875,-5.636,-4.899,1.270,-0.110
2025-12-04T19:14:44.643634,-5.626,-4.901,1.270,-0.110
2025-12-04T19:14:44.661549,-5.617,-4.904,1.270,-0.110
2025-12-04T19:14:44.678170,-5.608,-4.906,1.270,-0.110
2025-12-04T19:14:44.697072,-5.598,-4.908,1.270,-0.110
2025-12-04T19:14:44.714117,-5.589,-4.910,1.270,-0.110
2025-12-04T19:14:44.732533,-5.579,-4.913,1.270,-0.110
2025-12-04T19:14:44.750041,-5.570,-4.915,1.270,-0.110
2025-12-04T19:14:44.769483,-5.560,-4.917,1.270,-0.110
2025-12-04T19:14:44.787747,-5.551,-4.919,1.270,-0.110
2025-12-04T19:14:44.803468,-5.542,-4.921,1.270,-0.110
2025-12-04T19:14:44.821224,-5.532,-4.924,1.270,-0.110
2025-12-04T19:14:44.838112,-5.523,-4.926,1.270,-0.110
2025-12-04T19:14:44.854431,-5.513,-4.928,1.270,-0.110
2025-12-04T19:14:44.869203,-5.504,-4.930,1.270,-0.110
2025-12-04T19:14:44.891528,-5.494,-4.932,1.270,-0.110
2025-12-04T19:14:44.904027,-5.485,-4.935,1.270,-0.110
2025-12-04T19:14:44.917977,-5.476,-4.937,1.270,-0.110
2025-12-04T19:14:44.932299,-5.466,-4.939,1.270,-0.110
2025-12-04T19:14:44.946995,-5.457,-4.941,1.270,-0.110
2025-12-04T19:14:44.962938,-5.447,-4.943,1.270,-0.110
2025-12-04T19:14:44.977693,-5.438,-4.946,1.270,-0.110
2025-12-04T19:14:44.995131,-5.428,-4.948,1.270,-0.110
2025-12-04T19:14:45.010673,-5.419,-4.950,1.270,-0.110
2025-12-04T19:14:45.025480,-5.409,-4.952,1.270,-0.110
2025-12-04T19:14:45.041086,-5.400,-4.954,1.270,-0.110
2025-12-04T19:14:45.058673,-5.391,-4.956,1.270,-0.110
2025-12-04T19:14:45.077632,-5.381,-4.959,1.270,-0.110
2025-12-04T19:14:45.092919,-5.372,-4.961,1.270,-0.110
2025-12-04T19:14:45.111466,-5.362,-4.963,1.270,-0.110
2025-12-04T19:14:45.132622,-5.353,-4.965,1.270,-0.110
2025-12-04T19:14:45.146111,-5.343,-4.967,1.270,-0.110
2025-12-04T19:14:45.162691,-5.334,-4.969,1.270,-0.110
2025-12-04T19:14:45.179676,-5.324,-4.972,1.270,-0.110
2025-12-04T19:14:45.192474,-5.315,-4.974,1.270,-0.110
2025-12-04T19:14:45.207304,-5.305,-4.976,1.270,-0.110
2025-12-04T19:14:45.224056,-5.296,-4.978,1.270,-0.110
2025-12-04T19:14:45.239284,-5.287,-4.980,1.270,-0.110
2025-12-04T19:14:45.257246,-5.277,-4.982,1.270,-0.110
2025-12-04T19:14:45.274014,-5.268,-4.985,1.270,-0.110
2025-12-04T19:14:45.290255,-5.258,-4.987,1.270,-0.110
2025-12-04T19:14:45.308765,-5.249,-4.989,1.270,-0.110
2025-12-04T19:14:45.325881,-5.239,-4.991,1.270,-0.110
2025-12-04T19:14:45.343319,-5.230,-4.993,1.270,-0.110
2025-12-04T19:14:45.360511,-5.220,-4.995,1.270,-0.110
2025-12-04T19:14:45.377292,-5.211,-4.998,1.270,-0.110
2025-12-04T19:14:45.394521,-5.201,-5.000,1.270,-0.110
2025-12-04T19:14:45.408941,-5.192,-5.002,1.270,-0.110
2025-12-04T19:14:45.424795,-5.182,-5.004,1.270,-0.110
2025-12-04T19:14:45.439216,-5.173,-5.006,1.270,-0.110
2025-12-04T19:14:45.455285,-5.164,-5.008,1.270,-0.110
2025-12-04T19:14:45.469770,-5.154,-5.010,1.270,-0.110
2025-12-04T19:14:45.485229,-5.145,-5.013,1.270,-0.110
2025-12-04T19:14:45.507183,-5.135,-5.015,1.270,-0.110
2025-12-04T19:14:45.521180,-5.126,-5.017,1.270,-0.110
2025-12-04T19:14:45.539158,-5.116,-5.019,1.270,-0.110
2025-12-04T19:14:45.558086,-5.107,-5.021,1.270,-0.110
2025-12-04T19:14:45.577210,-5.097,-5.023,1.270,-0.110
2025-12-04T19:14:45.595300,-5.088,-5.025,1.270,-0.110
2025-12-04T19:14:45.612059,-5.078,-5.028,1.270,-0.110
2025-12-04T19:14:45.627997,-5.069,-5.030,1.270,-0.110
2025-12-04T19:14:45.644764,-5.059,-5.032,1.270,-0.110
2025-12-04T19:14:45.660510,-5.050,-5.034,1.270,-0.110
2025-12-04T19:14:45.676381,-5.040,-5.036,1.270,-0.110
2025-12-04T19:14:45.690625,-5.031,-5.038,1.270,-0.110
2025-12-04T19:14:45.705342,-5.022,-5.040,1.270,-0.110
2025-12-04T19:14:45.721121,-5.012,-5.043,1.270,-0.110
2025-12-04T19:14:45.737947,-5.003,-5.045,1.270,-0.110
2025-12-04T19:14:45.755409,-4.993,-5.047,1.270,-0.110
2025-12-04T19:14:45.772941,-4.984,-5.049,1.270,-0.110
2025-12-04T19:14:45.790513,-4.983,-5.049,1.270,-0.096
2025-12-04T19:14:45.813909,-4.982,-5.049,1.270,-0.082
2025-12-04T19:14:45.829896,-4.981,-5.050,1.270,-0.067
2025-12-04T19:14:45.845421,-4.981,-5.050,1.270,-0.053
2025-12-04T19:14:45.863300,-4.980,-5.050,1.270,-0.038
2025-12-04T19:14:45.877404,-4.980,-5.050,1.270,-0.024
2025-12-04T19:14:45.894050,-4.979,-5.050,1.270,-0.010
2025-12-04T19:14:45.908919,-4.978,-5.050,1.270,0.005
2025-12-04T19:14:45.922763,-4.978,-5.050,1.270,0.019
2025-12-04T19:14:45.937562,-4.977,-5.051,1.270,0.034
2025-12-04T19:14:45.952579,-4.977,-5.051,1.270,0.048
2025-12-04T19:14:45.965129,-4.976,-5.051,1.270,0.062
2025-12-04T19:14:45.984282,-4.976,-5.051,1.270,0.077
2025-12-04T19:14:45.998589,-4.975,-5.051,1.270,0.091
2025-12-04T19:14:46.015467,-4.966,-5.049,1.270,0.091
2025-12-04T19:14:46.033171,-4.957,-5.048,1.270,0.091
2025-12-04T19:14:46.049957,-4.948,-5.046,1.270,0.091
2025-12-04T19:14:46.066227,-4.938,-5.045,1.270,0.091
2025-12-04T19:14:46.081101,-4.929,-5.043,1.270,0.091
2025-12-04T19:14:46.098549,-4.920,-5.042,1.270,0.091
2025-12-04T19:14:46.115280,-4.910,-5.040,1.270,0.091
2025-12-04T19:14:46.132177,-4.901,-5.039,1.270,0.091
2025-12-04T19:14:46.152900,-4.892,-5.037,1.270,0.091
2025-12-04T19:14:46.169954,-4.882,-5.036,1.270,0.091
2025-12-04T19:14:46.183509,-4.873,-5.034,1.270,0.091
2025-12-04T19:14:46.198704,-4.864,-5.032,1.270,0.091
2025-12-04T19:14:46.216149,-4.854,-5.031,1.270,0.091
2025-12-04T19:14:46.230394,-4.845,-5.029,1.270,0.091
2025-12-04T19:14:46.246361,-4.836,-5.028,1.270,0.091
2025-12-04T19:14:46.261937,-4.826,-5.026,1.270,0.091
2025-12-04T19:14:46.278825,-4.817,-5.024,1.270,0.091
2025-12-04T19:14:46.296939,-4.807,-5.023,1.270,0.091
2025-12-04T19:14:46.312737,-4.798,-5.021,1.270,0.091
2025-12-04T19:14:46.329982,-4.789,-5.019,1.270,0.091
2025-12-04T19:14:46.346750,-4.779,-5.018,1.270,0.091
2025-12-04T19:14:46.367349,-4.770,-5.016,1.270,0.091
2025-12-04T19:14:46.382813,-4.760,-5.014,1.270,0.091
2025-12-04T19:14:46.399193,-4.751,-5.013,1.270,0.091
2025-12-04T19:14:46.417214,-4.741,-5.011,1.270,0.091
2025-12-04T19:14:46.432934,-4.732,-5.009,1.270,0.091
2025-12-04T19:14:46.449471,-4.723,-5.008,1.270,0.091
2025-12-04T19:14:46.464893,-4.713,-5.006,1.270,0.091
2025-12-04T19:14:46.481436,-4.704,-5.004,1.270,0.091
2025-12-04T19:14:46.497603,-4.694,-5.003,1.270,0.091
2025-12-04T19:14:46.520165,-4.685,-5.001,1.270,0.091
2025-12-04T19:14:46.531518,-4.675,-4.999,1.270,0.091
2025-12-04T19:14:46.545566,-4.666,-4.998,1.270,0.091
2025-12-04T19:14:46.561734,-4.656,-4.996,1.270,0.091
2025-12-04T19:14:46.576833,-4.647,-4.994,1.270,0.091
2025-12-04T19:14:46.594053,-4.638,-4.993,1.270,0.091
2025-12-04T19:14:46.612586,-4.628,-4.991,1.270,0.091
2025-12-04T19:14:46.627265,-4.619,-4.989,1.270,0.091
2025-12-04T19:14:46.643461,-4.609,-4.988,1.270,0.091
2025-12-04T19:14:46.657637,-4.600,-4.986,1.270,0.091
2025-12-04T19:14:46.673475,-4.590,-4.984,1.270,0.091
2025-12-04T19:14:46.688069,-4.581,-4.983,1.270,0.091
2025-12-04T19:14:46.704874,-4.571,-4.981,1.270,0.091
2025-12-04T19:14:46.726881,-4.562,-4.979,1.270,0.091
2025-12-04T19:14:46.744027,-4.552,-4.977,1.270,0.091
2025-12-04T19:14:46.769977,-4.543,-4.976,1.270,0.091
2025-12-04T19:14:46.780887,-4.533,-4.974,1.270,0.091
2025-12-04T19:14:46.799587,-4.524,-4.972,1.270,0.091
2025-12-04T19:14:46.816038,-4.514,-4.971,1.270,0.091
2025-12-04T19:14:46.833337,-4.505,-4.969,1.270,0.091
2025-12-04T19:14:46.848471,-4.495,-4.967,1.270,0.091
2025-12-04T19:14:46.865295,-4.486,-4.965,1.270,0.091
2025-12-04T19:14:46.879749,-4.476,-4.964,1.270,0.091
2025-12-04T19:14:46.894432,-4.467,-4.962,1.270,0.091
2025-12-04T19:14:46.907289,-4.457,-4.960,1.270,0.091
2025-12-04T19:14:46.922547,-4.448,-4.959,1.270,0.091
2025-12-04T19:14:46.938685,-4.438,-4.957,1.270,0.091
2025-12-04T19:14:46.953922,-4.429,-4.955,1.270,0.091
2025-12-04T19:14:46.969974,-4.419,-4.953,1.270,0.091
2025-12-04T19:14:46.986474,-4.410,-4.952,1.270,0.091
2025-12-04T19:14:47.004404,-4.400,-4.950,1.270,0.091
2025-12-04T19:14:47.021769,-4.391,-4.948,1.270,0.091
2025-12-04T19:14:47.043340,-4.381,-4.946,1.270,0.091
2025-12-04T19:14:47.059974,-4.372,-4.945,1.270,0.091
2025-12-04T19:14:47.076459,-4.362,-4.943,1.270,0.091
2025-12-04T19:14:47.093223,-4.353,-4.941,1.270,0.091
2025-12-04T19:14:47.109366,-4.343,-4.939,1.270,0.091
2025-12-04T19:14:47.125425,-4.333,-4.938,1.270,0.091
2025-12-04T19:14:47.138756,-4.324,-4.936,1.270,0.091
2025-12-04T19:14:47.153911,-4.314,-4.934,1.270,0.091
2025-12-04T19:14:47.165754,-4.305,-4.933,1.270,0.091
2025-12-04T19:14:47.181599,-4.295,-4.931,1.270,0.091
2025-12-04T19:14:47.199482,-4.286,-4.929,1.270,0.091
2025-12-04T19:14:47.210978,-4.276,-4.927,1.270,0.091
2025-12-04T19:14:47.226417,-4.267,-4.926,1.270,0.091
2025-12-04T19:14:47.243850,-4.257,-4.924,1.270,0.091
2025-12-04T19:14:47.260531,-4.248,-4.922,1.270,0.091
2025-12-04T19:14:47.277969,-4.238,-4.920,1.270,0.091
2025-12-04T19:14:47.294067,-4.229,-4.919,1.270,0.091
2025-12-04T19:14:47.312899,-4.219,-4.917,1.270,0.091
2025-12-04T19:14:47.330567,-4.210,-4.915,1.270,0.091
2025-12-04T19:14:47.348612,-4.200,-4.913,1.270,0.091
2025-12-04T19:14:47.367202,-4.191,-4.912,1.270,0.091
2025-12-04T19:14:47.384758,-4.181,-4.910,1.270,0.091
2025-12-04T19:14:47.399710,-4.171,-4.908,1.270,0.091
2025-12-04T19:14:47.417865,-4.162,-4.906,1.270,0.091
2025-12-04T19:14:47.432667,-4.152,-4.905,1.270,0.091
2025-12-04T19:14:47.448330,-4.143,-4.903,1.270,0.091
2025-12-04T19:14:47.462755,-4.133,-4.901,1.270,0.091
2025-12-04T19:14:47.476772,-4.124,-4.899,1.270,0.091
2025-12-04T19:14:47.492112,-4.114,-4.898,1.270,0.091
2025-12-04T19:14:47.506942,-4.105,-4.896,1.270,0.091
2025-12-04T19:14:47.523959,-4.095,-4.894,1.270,0.091
2025-12-04T19:14:47.539775,-4.086,-4.892,1.270,0.091
2025-12-04T19:14:47.557244,-4.076,-4.891,1.270,0.091
2025-12-04T19:14:47.573617,-4.066,-4.889,1.270,0.091
2025-12-04T19:14:47.591659,-4.057,-4.887,1.270,0.091
2025-12-04T19:14:47.609741,-4.047,-4.885,1.270,0.091
2025-12-04T19:14:47.628406,-4.038,-4.884,1.270,0.091
2025-12-04T19:14:47.646094,-4.028,-4.882,1.270,0.091
2025-12-04T19:14:47.670668,-4.019,-4.880,1.270,0.091
2025-12-04T19:14:47.687515,-4.009,-4.878,1.270,0.091
2025-12-04T19:14:47.704519,-4.000,-4.877,1.270,0.091
2025-12-04T19:14:47.720163,-3.990,-4.875,1.270,0.091
2025-12-04T19:14:47.735025,-3.981,-4.873,1.270,0.091
2025-12-04T19:14:47.751153,-3.971,-4.871,1.270,0.091
2025-12-04T19:14:47.767082,-3.961,-4.870,1.270,0.091
2025-12-04T19:14:47.782951,-3.952,-4.868,1.270,0.091
2025-12-04T19:14:47.800054,-3.942,-4.866,1.270,0.091
2025-12-04T19:14:47.813513,-3.933,-4.864,1.270,0.091
2025-12-04T19:14:47.829242,-3.923,-4.863,1.270,0.091
2025-12-04T19:14:47.845088,-3.914,-4.861,1.270,0.091
2025-12-04T19:14:47.859898,-3.904,-4.859,1.270,0.091
2025-12-04T19:14:47.876148,-3.895,-4.857,1.270,0.091
2025-12-04T19:14:47.891958,-3.885,-4.855,1.270,0.091
2025-12-04T19:14:47.910975,-3.876,-4.854,1.270,0.091
2025-12-04T19:14:47.929714,-3.866,-4.852,1.270,0.091
2025-12-04T19:14:47.946242,-3.856,-4.850,1.270,0.091
2025-12-04T19:14:47.964877,-3.847,-4.848,1.270,0.091
2025-12-04T19:14:47.982144,-3.837,-4.847,1.270,0.091
2025-12-04T19:14:47.998727,-3.828,-4.845,1.270,0.091
2025-12-04T19:14:48.015346,-3.818,-4.843,1.270,0.091
2025-12-04T19:14:48.031200,-3.809,-4.841,1.270,0.091
2025-12-04T19:14:48.047477,-3.799,-4.840,1.270,0.091
2025-12-04T19:14:48.061549,-3.790,-4.838,1.270,0.091
2025-12-04T19:14:48.076347,-3.780,-4.836,1.270,0.091
2025-12-04T19:14:48.091162,-3.771,-4.834,1.270,0.091
2025-12-04T19:14:48.107593,-3.761,-4.833,1.270,0.091
2025-12-04T19:14:48.122002,-3.751,-4.831,1.270,0.091
2025-12-04T19:14:48.138125,-3.742,-4.829,1.270,0.091
2025-12-04T19:14:48.155017,-3.732,-4.827,1.270,0.091
2025-12-04T19:14:48.172723,-3.723,-4.826,1.270,0.091
2025-12-04T19:14:48.188904,-3.713,-4.824,1.270,0.091
2025-12-04T19:14:48.206144,-3.704,-4.822,1.270,0.091
2025-12-04T19:14:48.222776,-3.694,-4.820,1.270,0.091
2025-12-04T19:14:48.242044,-3.685,-4.819,1.270,0.091
2025-12-04T19:14:48.258166,-3.675,-4.817,1.270,0.091
2025-12-04T19:14:48.275882,-3.665,-4.815,1.270,0.091
2025-12-04T19:14:48.299141,-3.656,-4.813,1.270,0.091
2025-12-04T19:14:48.314640,-3.646,-4.812,1.270,0.091
2025-12-04T19:14:48.329511,-3.637,-4.810,1.270,0.091
2025-12-04T19:14:48.345601,-3.627,-4.808,1.270,0.091
2025-12-04T19:14:48.359743,-3.618,-4.806,1.270,0.091
2025-12-04T19:14:48.375138,-3.608,-4.804,1.270,0.091
2025-12-04T19:14:48.388451,-3.599,-4.803,1.270,0.091
2025-12-04T19:14:48.405550,-3.589,-4.801,1.270,0.091
2025-12-04T19:14:48.420409,-3.579,-4.799,1.270,0.091
2025-12-04T19:14:48.436668,-3.570,-4.797,1.270,0.091
2025-12-04T19:14:48.453615,-3.560,-4.796,1.270,0.091
2025-12-04T19:14:48.469900,-3.551,-4.794,1.270,0.091
2025-12-04T19:14:48.485177,-3.541,-4.792,1.270,0.091
2025-12-04T19:14:48.502370,-3.541,-4.792,1.270,0.077
2025-12-04T19:14:48.519512,-3.540,-4.792,1.270,0.062
2025-12-04T19:14:48.536963,-3.539,-4.792,1.270,0.048
2025-12-04T19:14:48.553918,-3.538,-4.792,1.270,0.034
2025-12-04T19:14:48.570859,-3.538,-4.792,1.270,0.019
2025-12-04T19:14:48.587321,-3.537,-4.791,1.270,0.005
2025-12-04T19:14:48.603751,-3.537,-4.791,1.270,-0.010
2025-12-04T19:14:48.620153,-3.536,-4.791,1.270,-0.024
2025-12-04T19:14:48.634968,-3.535,-4.791,1.270,-0.038
2025-12-04T19:14:48.649724,-3.535,-4.791,1.270,-0.053
2025-12-04T19:14:48.667498,-3.534,-4.791,1.270,-0.067
2025-12-04T19:14:48.682403,-3.534,-4.791,1.270,-0.082
2025-12-04T19:14:48.700835,-3.533,-4.791,1.270,-0.096
2025-12-04T19:14:48.716197,-3.533,-4.791,1.270,-0.110
2025-12-04T19:14:48.734000,-3.532,-4.791,1.270,-0.124
2025-12-04T19:14:48.752271,-3.532,-4.790,1.270,-0.139
2025-12-04T19:14:48.770047,-3.532,-4.790,1.270,-0.153
2025-12-04T19:14:48.790144,-3.531,-4.790,1.270,-0.167
2025-12-04T19:14:48.804690,-3.531,-4.790,1.270,-0.181
2025-12-04T19:14:48.823232,-3.530,-4.790,1.270,-0.196
2025-12-04T19:14:48.835924,-3.530,-4.790,1.270,-0.210
2025-12-04T19:14:48.850623,-3.530,-4.790,1.270,-0.224
2025-12-04T19:14:48.867671,-3.529,-4.790,1.270,-0.238
2025-12-04T19:14:48.882422,-3.529,-4.790,1.270,-0.252
2025-12-04T19:14:48.898623,-3.529,-4.790,1.270,-0.266
2025-12-04T19:14:48.919604,-3.528,-4.790,1.270,-0.279
2025-12-04T19:14:48.935863,-3.528,-4.790,1.270,-0.293
2025-12-04T19:14:48.953197,-3.528,-4.790,1.270,-0.307
2025-12-04T19:14:48.967646,-3.527,-4.790,1.270,-0.321
2025-12-04T19:14:48.987047,-3.527,-4.790,1.270,-0.334
2025-12-04T19:14:49.002524,-3.527,-4.790,1.270,-0.348
2025-12-04T19:14:49.019614,-3.527,-4.789,1.270,-0.361
2025-12-04T19:14:49.035155,-3.526,-4.789,1.270,-0.375
2025-12-04T19:14:49.052569,-3.526,-4.789,1.270,-0.388
2025-12-04T19:14:49.067951,-3.526,-4.789,1.270,-0.401
2025-12-04T19:14:49.085241,-3.526,-4.789,1.270,-0.414
2025-12-04T19:14:49.102120,-3.526,-4.789,1.270,-0.427
2025-12-04T19:14:49.118491,-3.525,-4.789,1.270,-0.440
2025-12-04T19:14:49.134824,-3.525,-4.789,1.270,-0.453
2025-12-04T19:14:49.151583,-3.525,-4.789,1.270,-0.466
2025-12-04T19:14:49.166386,-3.525,-4.789,1.270,-0.479
2025-12-04T19:14:49.181306,-3.525,-4.789,1.270,-0.491
2025-12-04T19:14:49.199518,-3.524,-4.789,1.270,-0.504
2025-12-04T19:14:49.221439,-3.524,-4.789,1.270,-0.516
2025-12-04T19:14:49.234095,-3.524,-4.789,1.270,-0.528
2025-12-04T19:14:49.247366,-3.524,-4.789,1.270,-0.541
2025-12-04T19:14:49.261957,-3.524,-4.789,1.270,-0.553
2025-12-04T19:14:49.275066,-3.524,-4.789,1.270,-0.565
2025-12-04T19:14:49.287475,-3.523,-4.789,1.270,-0.576
2025-12-04T19:14:49.302803,-3.523,-4.789,1.270,-0.588
2025-12-04T19:14:49.317417,-3.523,-4.789,1.270,-0.600
2025-12-04T19:14:49.334648,-3.523,-4.789,1.270,-0.611
2025-12-04T19:14:49.351239,-3.523,-4.789,1.270,-0.623
2025-12-04T19:14:49.367917,-3.523,-4.789,1.270,-0.634
2025-12-04T19:14:49.385892,-3.523,-4.789,1.270,-0.645
2025-12-04T19:14:49.402614,-3.523,-4.789,1.270,-0.656
2025-12-04T19:14:49.422484,-3.523,-4.789,1.270,-0.667
2025-12-04T19:14:49.437887,-3.522,-4.789,1.270,-0.677
2025-12-04T19:14:49.455396,-3.522,-4.789,1.270,-0.688
2025-12-04T19:14:49.473624,-3.522,-4.789,1.270,-0.698
2025-12-04T19:14:49.490478,-3.522,-4.789,1.270,-0.708
2025-12-04T19:14:49.507273,-3.522,-4.789,1.270,-0.718
2025-12-04T19:14:49.526552,-3.522,-4.789,1.270,-0.728
2025-12-04T19:14:49.542962,-3.522,-4.789,1.270,-0.738
2025-12-04T19:14:49.556129,-3.523,-4.798,1.270,-0.738
2025-12-04T19:14:49.572691,-3.523,-4.806,1.270,-0.738
2025-12-04T19:14:49.583126,-3.524,-4.815,1.270,-0.738
2025-12-04T19:14:49.599321,-3.525,-4.824,1.270,-0.738
2025-12-04T19:14:49.613208,-3.526,-4.833,1.270,-0.738
2025-12-04T19:14:49.629831,-3.526,-4.842,1.270,-0.738
2025-12-04T19:14:49.645754,-3.527,-4.851,1.270,-0.738
2025-12-04T19:14:49.661753,-3.528,-4.861,1.270,-0.738
2025-12-04T19:14:49.678119,-3.529,-4.870,1.270,-0.738
2025-12-04T19:14:49.694454,-3.529,-4.879,1.270,-0.738
2025-12-04T19:14:49.712536,-3.530,-4.888,1.270,-0.738
2025-12-04T19:14:49.730238,-3.531,-4.897,1.270,-0.738
2025-12-04T19:14:49.749139,-3.532,-4.906,1.270,-0.738
2025-12-04T19:14:49.767922,-3.532,-4.915,1.270,-0.738
2025-12-04T19:14:49.785186,-3.533,-4.925,1.270,-0.738
2025-12-04T19:14:49.801976,-3.534,-4.934,1.270,-0.738
2025-12-04T19:14:49.819539,-3.535,-4.943,1.270,-0.738
2025-12-04T19:14:49.845406,-3.536,-4.952,1.270,-0.738
2025-12-04T19:14:49.859289,-3.536,-4.962,1.270,-0.738
2025-12-04T19:14:49.877669,-3.537,-4.971,1.270,-0.738
2025-12-04T19:14:49.892629,-3.538,-4.980,1.270,-0.738
2025-12-04T19:14:49.909774,-3.539,-4.989,1.270,-0.738
2025-12-04T19:14:49.923695,-3.540,-4.999,1.270,-0.738
2025-12-04T19:14:49.940166,-3.540,-5.008,1.270,-0.738
2025-12-04T19:14:49.954749,-3.541,-5.017,1.270,-0.738
2025-12-04T19:14:49.970956,-3.542,-5.027,1.270,-0.738
2025-12-04T19:14:49.981921,-3.543,-5.036,1.270,-0.738
2025-12-04T19:14:49.998328,-3.544,-5.046,1.270,-0.738
2025-12-04T19:14:50.012349,-3.544,-5.055,1.270,-0.738
2025-12-04T19:14:50.025815,-3.545,-5.064,1.270,-0.738
2025-12-04T19:14:50.042900,-3.546,-5.074,1.270,-0.738
2025-12-04T19:14:50.057834,-3.547,-5.083,1.270,-0.738
2025-12-04T19:14:50.074530,-3.548,-5.093,1.270,-0.738
2025-12-04T19:14:50.090991,-3.549,-5.102,1.270,-0.738
2025-12-04T19:14:50.107962,-3.549,-5.111,1.270,-0.738
2025-12-04T19:14:50.127506,-3.550,-5.121,1.270,-0.738
2025-12-04T19:14:50.142880,-3.551,-5.130,1.270,-0.738
2025-12-04T19:14:50.161446,-3.552,-5.140,1.270,-0.738
2025-12-04T19:14:50.179062,-3.553,-5.149,1.270,-0.738
2025-12-04T19:14:50.197178,-3.554,-5.159,1.270,-0.738
2025-12-04T19:14:50.215426,-3.554,-5.168,1.270,-0.738
2025-12-04T19:14:50.233996,-3.555,-5.178,1.270,-0.738
2025-12-04T19:14:50.250071,-3.556,-5.187,1.270,-0.738
2025-12-04T19:14:50.265639,-3.557,-5.197,1.270,-0.738
2025-12-04T19:14:50.280406,-3.558,-5.206,1.270,-0.738
2025-12-04T19:14:50.297893,-3.559,-5.216,1.270,-0.738
2025-12-04T19:14:50.312293,-3.559,-5.225,1.270,-0.738
2025-12-04T19:14:50.328223,-3.560,-5.235,1.270,-0.738
2025-12-04T19:14:50.341066,-3.561,-5.244,1.270,-0.738
2025-12-04T19:14:50.356086,-3.562,-5.254,1.270,-0.738
2025-12-04T19:14:50.371893,-3.563,-5.263,1.270,-0.738
2025-12-04T19:14:50.390609,-3.564,-5.273,1.270,-0.738
2025-12-04T19:14:50.407461,-3.564,-5.282,1.270,-0.738
2025-12-04T19:14:50.425565,-3.565,-5.292,1.270,-0.738
2025-12-04T19:14:50.443592,-3.566,-5.302,1.270,-0.738
2025-12-04T19:14:50.464124,-3.567,-5.311,1.270,-0.738
2025-12-04T19:14:50.479278,-3.568,-5.321,1.270,-0.738
2025-12-04T19:14:50.504349,-3.569,-5.330,1.270,-0.738
2025-12-04T19:14:50.519956,-3.570,-5.340,1.270,-0.738
2025-12-04T19:14:50.533770,-3.570,-5.349,1.270,-0.738
2025-12-04T19:14:50.549175,-3.571,-5.359,1.270,-0.738
2025-12-04T19:14:50.561453,-3.572,-5.369,1.270,-0.738
2025-12-04T19:14:50.574485,-3.573,-5.378,1.270,-0.738
2025-12-04T19:14:50.587964,-3.574,-5.388,1.270,-0.738
2025-12-04T19:14:50.600886,-3.575,-5.397,1.270,-0.738
2025-12-04T19:14:50.616503,-3.576,-5.407,1.270,-0.738
2025-12-04T19:14:50.632058,-3.576,-5.417,1.270,-0.738
2025-12-04T19:14:50.648269,-3.577,-5.426,1.270,-0.738
2025-12-04T19:14:50.663581,-3.578,-5.436,1.270,-0.738
2025-12-04T19:14:50.681398,-3.579,-5.445,1.270,-0.738
2025-12-04T19:14:50.698235,-3.580,-5.455,1.270,-0.738
2025-12-04T19:14:50.717774,-3.581,-5.465,1.270,-0.738
2025-12-04T19:14:50.736668,-3.582,-5.474,1.270,-0.738
2025-12-04T19:14:50.753542,-3.582,-5.484,1.270,-0.738
2025-12-04T19:14:50.771337,-3.583,-5.493,1.270,-0.738
2025-12-04T19:14:50.786350,-3.584,-5.503,1.270,-0.738
2025-12-04T19:14:50.804522,-3.585,-5.513,1.270,-0.738
2025-12-04T19:14:50.817614,-3.586,-5.522,1.270,-0.738
2025-12-04T19:14:50.835028,-3.587,-5.532,1.270,-0.738
2025-12-04T19:14:50.848723,-3.588,-5.542,1.270,-0.738
2025-12-04T19:14:50.866526,-3.588,-5.551,1.270,-0.738
2025-12-04T19:14:50.879826,-3.589,-5.561,1.270,-0.738
2025-12-04T19:14:50.895747,-3.590,-5.570,1.270,-0.738
2025-12-04T19:14:50.911091,-3.591,-5.580,1.270,-0.738
2025-12-04T19:14:50.929684,-3.592,-5.590,1.270,-0.738
2025-12-04T19:14:50.947671,-3.593,-5.599,1.270,-0.738
2025-12-04T19:14:50.961519,-3.594,-5.609,1.270,-0.738
2025-12-04T19:14:50.981945,-3.595,-5.619,1.270,-0.738
2025-12-04T19:14:51.004905,-3.595,-5.628,1.270,-0.738
2025-12-04T19:14:51.015660,-3.596,-5.638,1.270,-0.738
2025-12-04T19:14:51.035173,-3.597,-5.647,1.270,-0.738
2025-12-04T19:14:51.052422,-3.598,-5.657,1.270,-0.738
2025-12-04T19:14:51.068824,-3.599,-5.667,1.270,-0.738
2025-12-04T19:14:51.083318,-3.600,-5.676,1.270,-0.738
2025-12-04T19:14:51.099068,-3.601,-5.686,1.270,-0.738
2025-12-04T19:14:51.115926,-3.601,-5.696,1.270,-0.738
2025-12-04T19:14:51.130842,-3.602,-5.705,1.270,-0.738
2025-12-04T19:14:51.146448,-3.603,-5.715,1.270,-0.738
2025-12-04T19:14:51.161666,-3.604,-5.725,1.270,-0.738
2025-12-04T19:14:51.181588,-3.605,-5.734,1.270,-0.738
2025-12-04T19:14:51.194839,-3.606,-5.744,1.270,-0.738
2025-12-04T19:14:51.213715,-3.607,-5.754,1.270,-0.738
2025-12-04T19:14:51.231427,-3.608,-5.763,1.270,-0.738
2025-12-04T19:14:51.249990,-3.608,-5.773,1.270,-0.738
2025-12-04T19:14:51.265752,-3.609,-5.783,1.270,-0.738
2025-12-04T19:14:51.282601,-3.610,-5.792,1.270,-0.738
2025-12-04T19:14:51.301581,-3.611,-5.802,1.270,-0.738
2025-12-04T19:14:51.314741,-3.612,-5.812,1.270,-0.738
2025-12-04T19:14:51.333771,-3.613,-5.821,1.270,-0.738
2025-12-04T19:14:51.354199,-3.614,-5.830,1.270,-0.738
2025-12-04T19:14:51.370145,-3.614,-5.837,1.270,-0.738
2025-12-04T19:14:51.384289,-3.615,-5.844,1.270,-0.738
2025-12-04T19:14:51.398348,-3.616,-5.850,1.270,-0.738
2025-12-04T19:14:51.411599,-3.617,-5.854,1.270,-0.738
2025-12-04T19:14:51.425382,-3.618,-5.858,1.270,-0.738
2025-12-04T19:14:51.439647,-3.618,-5.861,1.270,-0.738
2025-12-04T19:14:51.455603,-3.619,-5.863,1.270,-0.738
2025-12-04T19:14:51.470867,-3.620,-5.864,1.270,-0.738
2025-12-04T19:14:51.488483,-3.621,-5.865,1.270,-0.738
2025-12-04T19:14:51.504665,-3.622,-5.865,1.270,-0.738
2025-12-04T19:14:51.521997,-3.622,-5.865,1.270,-0.738
2025-12-04T19:14:51.537964,-3.623,-5.865,1.270,-0.738
2025-12-04T19:14:51.555404,-3.624,-5.864,1.270,-0.738
2025-12-04T19:14:51.574678,-3.625,-5.863,1.270,-0.738
2025-12-04T19:14:51.592717,-3.626,-5.861,1.270,-0.738
2025-12-04T19:14:51.611558,-3.626,-5.859,1.270,-0.738
2025-12-04T19:14:51.627811,-3.627,-5.858,1.270,-0.738
2025-12-04T19:14:51.644908,-3.628,-5.856,1.270,-0.738
2025-12-04T19:14:51.662131,-3.629,-5.854,1.270,-0.738
2025-12-04T19:14:51.678459,-3.630,-5.852,1.270,-0.738
2025-12-04T19:14:51.699733,-3.631,-5.851,1.270,-0.738
2025-12-04T19:14:51.714040,-3.631,-5.849,1.270,-0.738
2025-12-04T19:14:51.728843,-3.632,-5.848,1.270,-0.738
2025-12-04T19:14:51.743207,-3.633,-5.847,1.270,-0.738
2025-12-04T19:14:51.758888,-3.634,-5.846,1.270,-0.738
2025-12-04T19:14:51.773963,-3.635,-5.845,1.270,-0.738
2025-12-04T19:14:51.789890,-3.636,-5.845,1.270,-0.738
2025-12-04T19:14:51.807847,-3.636,-5.844,1.270,-0.738
2025-12-04T19:14:51.824754,-3.637,-5.844,1.270,-0.738
2025-12-04T19:14:51.842587,-3.638,-5.844,1.270,-0.738
2025-12-04T19:14:51.857194,-3.639,-5.844,1.270,-0.738
2025-12-04T19:14:51.876033,-3.640,-5.844,1.270,-0.738
2025-12-04T19:14:51.892394,-3.641,-5.844,1.270,-0.738
2025-12-04T19:14:51.910057,-3.641,-5.844,1.270,-0.738
2025-12-04T19:14:51.928328,-3.642,-5.845,1.270,-0.738
2025-12-04T19:14:51.943983,-3.643,-5.845,1.270,-0.738
2025-12-04T19:14:51.960011,-3.644,-5.846,1.270,-0.738
2025-12-04T19:14:51.973237,-3.645,-5.846,1.270,-0.738
2025-12-04T19:14:51.988281,-3.646,-5.847,1.270,-0.738
2025-12-04T19:14:52.002924,-3.646,-5.848,1.270,-0.738
2025-12-04T19:14:52.018852,-3.647,-5.848,1.270,-0.738
2025-12-04T19:14:52.035729,-3.648,-5.849,1.270,-0.738
2025-12-04T19:14:52.050654,-3.648,-5.849,1.270,-0.738
2025-12-04T19:14:52.067732,-3.648,-5.849,1.270,-0.738
2025-12-04T19:14:52.084699,-3.648,-5.849,1.270,-0.738
2025-12-04T19:14:52.101521,-3.648,-5.849,1.270,-0.738
2025-12-04T19:14:52.120469,-3.648,-5.849,1.270,-0.738
2025-12-04T19:14:52.138626,-3.648,-5.849,1.270,-0.738
2025-12-04T19:14:52.156502,-3.648,-5.849,1.270,-0.738
2025-12-04T19:14:52.175941,-3.648,-5.849,1.270,-0.738
2025-12-04T19:14:52.192238,-3.648,-5.849,1.270,-0.738
2025-12-04T19:14:52.209262,-3.648,-5.849,1.270,-0.738
2025-12-04T19:14:52.225970,-3.648,-5.849,1.270,-0.738
2025-12-04T19:14:52.243423,-3.648,-5.849,1.270,-0.738
2025-12-04T19:14:52.260042,-3.648,-5.849,1.270,-0.738
2025-12-04T19:14:52.276310,-3.648,-5.849,1.270,-0.738
2025-12-04T19:14:52.293263,-3.648,-5.849,1.270,-0.738
2025-12-04T19:14:52.308892,-3.648,-5.849,1.270,-0.738
2025-12-04T19:14:52.323434,-3.648,-5.849,1.270,-0.738
2025-12-04T19:14:52.338498,-3.648,-5.849,1.270,-0.738
2025-12-04T19:14:52.352664,-3.648,-5.849,1.270,-0.738
2025-12-04T19:14:52.366736,-3.648,-5.849,1.270,-0.738
2025-12-04T19:14:52.381139,-3.648,-5.849,1.270,-0.738
2025-12-04T19:14:52.396076,-3.648,-5.849,1.270,-0.738
2025-12-04T19:14:52.410270,-3.648,-5.849,1.270,-0.738
2025-12-04T19:14:52.426971,-3.648,-5.849,1.270,-0.738
2025-12-04T19:14:52.443282,-3.648,-5.849,1.270,-0.738
2025-12-04T19:14:52.461717,-3.648,-5.849,1.270,-0.738
2025-12-04T19:14:52.476838,-3.648,-5.849,1.270,-0.738
2025-12-04T19:14:52.492455,-3.648,-5.849,1.270,-0.738
2025-12-04T19:14:52.509609,-3.648,-5.849,1.270,-0.738
2025-12-04T19:14:52.528568,-3.648,-5.849,1.270,-0.738
2025-12-04T19:14:52.548561,-3.648,-5.849,1.270,-0.738
2025-12-04T19:14:52.565676,-3.648,-5.849,1.270,-0.738
2025-12-04T19:14:52.584233,-3.648,-5.849,1.270,-0.738
2025-12-04T19:14:52.602406,-3.648,-5.849,1.270,-0.738
2025-12-04T19:14:52.625203,-3.648,-5.849,1.270,-0.738
2025-12-04T19:14:52.639765,-3.648,-5.849,1.270,-0.738
2025-12-04T19:14:52.655322,-3.648,-5.849,1.270,-0.738
2025-12-04T19:14:52.670946,-3.648,-5.849,1.270,-0.738
2025-12-04T19:14:52.685351,-3.648,-5.849,1.270,-0.738
2025-12-04T19:14:52.699413,-3.648,-5.849,1.270,-0.738
2025-12-04T19:14:52.712946,-3.648,-5.849,1.270,-0.738
2025-12-04T19:14:52.728644,-3.648,-5.849,1.270,-0.738
2025-12-04T19:14:52.744192,-3.648,-5.849,1.270,-0.738
2025-12-04T19:14:52.758270,-3.648,-5.849,1.270,-0.738
2025-12-04T19:14:52.774143,-3.648,-5.849,1.270,-0.738
2025-12-04T19:14:52.798978,-3.648,-5.849,1.270,-0.738
2025-12-04T19:14:52.810923,-3.648,-5.849,1.270,-0.738
2025-12-04T19:14:52.828454,-3.648,-5.849,1.270,-0.738
2025-12-04T19:14:52.844960,-3.648,-5.849,1.270,-0.738
2025-12-04T19:14:52.865120,-3.648,-5.849,1.270,-0.738
2025-12-04T19:14:52.879624,-3.648,-5.849,1.270,-0.738
2025-12-04T19:14:52.899027,-3.648,-5.849,1.270,-0.738
2025-12-04T19:14:52.913815,-3.648,-5.849,1.270,-0.738
2025-12-04T19:14:52.930074,-3.648,-5.849,1.270,-0.738
2025-12-04T19:14:52.943909,-3.648,-5.849,1.270,-0.738
2025-12-04T19:14:52.960124,-3.648,-5.849,1.270,-0.738
2025-12-04T19:14:52.974880,-3.648,-5.849,1.270,-0.738
2025-12-04T19:14:52.992181,-3.648,-5.849,1.270,-0.738
2025-12-04T19:14:53.007418,-3.648,-5.849,1.270,-0.738
2025-12-04T19:14:53.026419,-3.648,-5.849,1.270,-0.738
2025-12-04T19:14:53.040696,-3.648,-5.849,1.270,-0.738
2025-12-04T19:14:53.059447,-3.648,-5.849,1.270,-0.738
2025-12-04T19:14:53.076661,-3.648,-5.849,1.270,-0.738
2025-12-04T19:14:53.093685,-3.648,-5.849,1.270,-0.738
2025-12-04T19:14:53.110673,-3.648,-5.849,1.270,-0.738
2025-12-04T19:14:53.127693,-3.648,-5.849,1.270,-0.738
2025-12-04T19:14:53.143514,-3.648,-5.849,1.270,-0.738
2025-12-04T19:14:53.161374,-3.648,-5.849,1.270,-0.738
2025-12-04T19:14:53.175727,-3.648,-5.849,1.270,-0.738
2025-12-04T19:14:53.190071,-3.648,-5.849,1.270,-0.738
2025-12-04T19:14:53.204719,-3.648,-5.849,1.270,-0.738
2025-12-04T19:14:53.219048,-3.648,-5.849,1.270,-0.738
2025-12-04T19:14:53.240495,-3.648,-5.849,1.270,-0.738
2025-12-04T19:14:53.256170,-3.648,-5.849,1.270,-0.738
2025-12-04T19:14:53.274719,-3.648,-5.849,1.270,-0.738
2025-12-04T19:14:53.291468,-3.648,-5.849,1.270,-0.738
2025-12-04T19:14:53.308912,-3.648,-5.849,1.270,-0.738
2025-12-04T19:14:53.325023,-3.648,-5.849,1.270,-0.738
2025-12-04T19:14:53.341056,-3.648,-5.849,1.270,-0.738
2025-12-04T19:14:53.357965,-3.648,-5.849,1.270,-0.738
2025-12-04T19:14:53.372217,-3.648,-5.849,1.270,-0.738
2025-12-04T19:14:53.388256,-3.648,-5.849,1.270,-0.738
2025-12-04T19:14:53.405244,-3.648,-5.849,1.270,-0.738
2025-12-04T19:14:53.418343,-3.648,-5.849,1.270,-0.738
2025-12-04T19:14:53.434938,-3.648,-5.849,1.270,-0.738
2025-12-04T19:14:53.451226,-3.648,-5.849,1.270,-0.738
2025-12-04T19:14:53.468361,-3.648,-5.849,1.270,-0.738
2025-12-04T19:14:53.485126,-3.648,-5.849,1.270,-0.738
2025-12-04T19:14:53.504272,-3.648,-5.849,1.270,-0.738
2025-12-04T19:14:53.521100,-3.648,-5.849,1.270,-0.738
2025-12-04T19:14:53.543968,-3.648,-5.849,1.270,-0.738
2025-12-04T19:14:53.559501,-3.648,-5.849,1.270,-0.738
2025-12-04T19:14:53.576495,-3.648,-5.849,1.270,-0.738
2025-12-04T19:14:53.591716,-3.648,-5.849,1.270,-0.738
2025-12-04T19:14:53.608279,-3.648,-5.849,1.270,-0.738
2025-12-04T19:14:53.623759,-3.648,-5.849,1.270,-0.738
2025-12-04T19:14:53.639215,-3.648,-5.849,1.270,-0.738
2025-12-04T19:14:53.654154,-3.648,-5.849,1.270,-0.738
2025-12-04T19:14:53.667934,-3.648,-5.849,1.270,-0.738
2025-12-04T19:14:53.682249,-3.648,-5.849,1.270,-0.738
2025-12-04T19:14:53.698212,-3.648,-5.849,1.270,-0.738
2025-12-04T19:14:53.714255,-3.648,-5.849,1.270,-0.738
2025-12-04T19:14:53.730963,-3.648,-5.849,1.270,-0.738
2025-12-04T19:14:53.747318,-3.648,-5.849,1.270,-0.738
2025-12-04T19:14:53.766534,-3.648,-5.849,1.270,-0.738
2025-12-04T19:14:53.785500,-3.648,-5.849,1.270,-0.738
2025-12-04T19:14:53.803014,-3.648,-5.849,1.270,-0.738
2025-12-04T19:14:53.819904,-3.648,-5.849,1.270,-0.738
2025-12-04T19:14:53.838826,-3.648,-5.849,1.270,-0.738
2025-12-04T19:14:53.856139,-3.648,-5.849,1.270,-0.738
2025-12-04T19:14:53.870836,-3.648,-5.849,1.270,-0.738
2025-12-04T19:14:53.889432,-3.648,-5.849,1.270,-0.738
2025-12-04T19:14:53.906112,-3.648,-5.849,1.270,-0.738
2025-12-04T19:14:53.921388,-3.648,-5.849,1.270,-0.738
2025-12-04T19:14:53.937327,-3.648,-5.849,1.270,-0.738
2025-12-04T19:14:53.951047,-3.648,-5.849,1.270,-0.738
2025-12-04T19:14:53.967379,-3.648,-5.849,1.270,-0.738
2025-12-04T19:14:53.983398,-3.648,-5.849,1.270,-0.738
2025-12-04T19:14:53.999032,-3.648,-5.849,1.270,-0.738
2025-12-04T19:14:54.015458,-3.648,-5.849,1.270,-0.738
2025-12-04T19:14:54.031377,-3.648,-5.849,1.270,-0.738
2025-12-04T19:14:54.050423,-3.648,-5.849,1.270,-0.738
2025-12-04T19:14:54.068230,-3.648,-5.849,1.270,-0.738
2025-12-04T19:14:54.086720,-3.648,-5.849,1.270,-0.738
2025-12-04T19:14:54.104201,-3.648,-5.849,1.270,-0.738
2025-12-04T19:14:54.121762,-3.648,-5.849,1.270,-0.738
2025-12-04T19:14:54.140399,-3.648,-5.849,1.270,-0.738
2025-12-04T19:14:54.157567,-3.648,-5.849,1.270,-0.738
2025-12-04T19:14:54.172349,-3.648,-5.849,1.270,-0.738
2025-12-04T19:14:54.187377,-3.648,-5.849,1.270,-0.738
2025-12-04T19:14:54.203399,-3.648,-5.849,1.270,-0.738
2025-12-04T19:14:54.218082,-3.648,-5.849,1.270,-0.738
2025-12-04T19:14:54.233389,-3.648,-5.849,1.270,-0.738
2025-12-04T19:14:54.250035,-3.648,-5.849,1.270,-0.738
2025-12-04T19:14:54.264826,-3.648,-5.849,1.270,-0.738
2025-12-04T19:14:54.282291,-3.648,-5.849,1.270,-0.738
2025-12-04T19:14:54.297689,-3.648,-5.849,1.270,-0.738
2025-12-04T19:14:54.317160,-3.648,-5.849,1.270,-0.738
2025-12-04T19:14:54.334035,-3.648,-5.849,1.270,-0.738
2025-12-04T19:14:54.351880,-3.648,-5.849,1.270,-0.738
2025-12-04T19:14:54.370486,-3.648,-5.849,1.270,-0.738
2025-12-04T19:14:54.387217,-3.648,-5.849,1.270,-0.738
2025-12-04T19:14:54.403663,-3.648,-5.849,1.270,-0.738
2025-12-04T19:14:54.420866,-3.648,-5.849,1.270,-0.738
2025-12-04T19:14:54.437526,-3.648,-5.849,1.270,-0.738
2025-12-04T19:14:54.453360,-3.648,-5.849,1.270,-0.738
2025-12-04T19:14:54.478216,-3.648,-5.849,1.270,-0.738
2025-12-04T19:14:54.493866,-3.648,-5.849,1.270,-0.738
2025-12-04T19:14:54.506143,-3.648,-5.849,1.270,-0.738
2025-12-04T19:14:54.519984,-3.648,-5.849,1.270,-0.738
2025-12-04T19:14:54.531628,-3.648,-5.849,1.270,-0.738
2025-12-04T19:14:54.545163,-3.648,-5.849,1.270,-0.738
2025-12-04T19:14:54.558803,-3.648,-5.849,1.270,-0.738
2025-12-04T19:14:54.572891,-3.648,-5.849,1.270,-0.738
2025-12-04T19:14:54.586407,-3.648,-5.849,1.270,-0.738
2025-12-04T19:14:54.600903,-3.648,-5.849,1.270,-0.738
2025-12-04T19:14:54.616494,-3.648,-5.849,1.270,-0.738
2025-12-04T19:14:54.632273,-3.648,-5.849,1.270,-0.738
2025-12-04T19:14:54.648551,-3.648,-5.849,1.270,-0.738
2025-12-04T19:14:54.665891,-3.648,-5.849,1.270,-0.738
2025-12-04T19:14:54.683086,-3.648,-5.849,1.270,-0.738
2025-12-04T19:14:54.701320,-3.648,-5.849,1.270,-0.738
2025-12-04T19:14:54.717697,-3.648,-5.849,1.270,-0.738
2025-12-04T19:14:54.736183,-3.648,-5.849,1.270,-0.738
2025-12-04T19:14:54.754316,-3.648,-5.849,1.270,-0.738
2025-12-04T19:14:54.771476,-3.648,-5.849,1.270,-0.738
2025-12-04T19:14:54.788923,-3.648,-5.849,1.270,-0.738
2025-12-04T19:14:54.805283,-3.648,-5.849,1.270,-0.738
2025-12-04T19:14:54.822640,-3.648,-5.849,1.270,-0.738
2025-12-04T19:14:54.841123,-3.648,-5.849,1.270,-0.738
2025-12-04T19:14:54.855135,-3.648,-5.849,1.270,-0.738
2025-12-04T19:14:54.868882,-3.648,-5.849,1.270,-0.738
2025-12-04T19:14:54.884003,-3.648,-5.849,1.270,-0.738
2025-12-04T19:14:54.901308,-3.648,-5.849,1.270,-0.738
2025-12-04T19:14:54.916415,-3.648,-5.849,1.270,-0.738
2025-12-04T19:14:54.933042,-3.648,-5.849,1.270,-0.738
2025-12-04T19:14:54.950191,-3.648,-5.849,1.270,-0.738
2025-12-04T19:14:54.968833,-3.648,-5.849,1.270,-0.738
2025-12-04T19:14:54.986820,-3.648,-5.849,1.270,-0.738
2025-12-04T19:14:55.001493,-3.648,-5.849,1.270,-0.738
2025-12-04T19:14:55.017814,-3.648,-5.849,1.270,-0.738
2025-12-04T19:14:55.037679,-3.648,-5.849,1.270,-0.738
2025-12-04T19:14:55.052923,-3.648,-5.849,1.270,-0.738
2025-12-04T19:14:55.070306,-3.648,-5.849,1.270,-0.738
2025-12-04T19:14:55.090061,-3.648,-5.849,1.270,-0.738
2025-12-04T19:14:55.104480,-3.648,-5.849,1.270,-0.738
2025-12-04T19:14:55.117598,-3.648,-5.849,1.270,-0.738
2025-12-04T19:14:55.133475,-3.648,-5.849,1.270,-0.738
2025-12-04T19:14:55.148148,-3.648,-5.849,1.270,-0.738
2025-12-04T19:14:55.163209,-3.648,-5.849,1.270,-0.738
2025-12-04T19:14:55.177202,-3.648,-5.849,1.270,-0.738
2025-12-04T19:14:55.194806,-3.648,-5.849,1.270,-0.738
2025-12-04T19:14:55.210882,-3.648,-5.849,1.270,-0.738
2025-12-04T19:14:55.228560,-3.648,-5.849,1.270,-0.738
2025-12-04T19:14:55.246641,-3.648,-5.849,1.270,-0.738
2025-12-04T19:14:55.264069,-3.648,-5.849,1.270,-0.738
2025-12-04T19:14:55.280956,-3.648,-5.849,1.270,-0.738
2025-12-04T19:14:55.299468,-3.648,-5.849,1.270,-0.738
2025-12-04T19:14:55.316355,-3.648,-5.849,1.270,-0.738
2025-12-04T19:14:55.333272,-3.648,-5.849,1.270,-0.738
2025-12-04T19:14:55.350256,-3.648,-5.849,1.270,-0.738
2025-12-04T19:14:55.365824,-3.648,-5.849,1.270,-0.738
2025-12-04T19:14:55.380964,-3.648,-5.849,1.270,-0.738
2025-12-04T19:14:55.395631,-3.648,-5.849,1.270,-0.738
2025-12-04T19:14:55.408541,-3.648,-5.849,1.270,-0.738
2025-12-04T19:14:55.425083,-3.648,-5.849,1.270,-0.738
2025-12-04T19:14:55.440123,-3.648,-5.849,1.270,-0.738
2025-12-04T19:14:55.456906,-3.648,-5.849,1.270,-0.738
2025-12-04T19:14:55.472581,-3.648,-5.849,1.270,-0.738
2025-12-04T19:14:55.490740,-3.648,-5.849,1.270,-0.738
2025-12-04T19:14:55.508262,-3.648,-5.849,1.270,-0.738
2025-12-04T19:14:55.526072,-3.648,-5.849,1.270,-0.738
2025-12-04T19:14:55.544581,-3.648,-5.849,1.270,-0.738
2025-12-04T19:14:55.562902,-3.648,-5.849,1.270,-0.738
2025-12-04T19:14:55.580978,-3.648,-5.849,1.270,-0.738
2025-12-04T19:14:55.599728,-3.648,-5.849,1.270,-0.738
2025-12-04T19:14:55.615036,-3.648,-5.849,1.270,-0.738
2025-12-04T19:14:55.632923,-3.648,-5.849,1.270,-0.738
2025-12-04T19:14:55.648016,-3.648,-5.849,1.270,-0.738
2025-12-04T19:14:55.661750,-3.648,-5.849,1.270,-0.738
2025-12-04T19:14:55.676112,-3.648,-5.849,1.270,-0.738
2025-12-04T19:14:55.691282,-3.648,-5.849,1.270,-0.738
2025-12-04T19:14:55.708300,-3.648,-5.849,1.270,-0.738
2025-12-04T19:14:55.723834,-3.648,-5.849,1.270,-0.738
2025-12-04T19:14:55.740001,-3.648,-5.849,1.270,-0.738
2025-12-04T19:14:55.758219,-3.648,-5.849,1.270,-0.738
2025-12-04T19:14:55.808239,-3.648,-5.849,1.270,-0.738
2025-12-04T19:14:55.826601,-3.648,-5.849,1.270,-0.738
2025-12-04T19:14:55.842392,-3.648,-5.849,1.270,-0.738
2025-12-04T19:14:55.858623,-3.648,-5.849,1.270,-0.738
2025-12-04T19:14:55.874399,-3.648,-5.849,1.270,-0.738
2025-12-04T19:14:55.888985,-3.648,-5.849,1.270,-0.738
2025-12-04T19:14:55.904479,-3.648,-5.849,1.270,-0.738
2025-12-04T19:14:55.920319,-3.648,-5.849,1.270,-0.738
2025-12-04T19:14:55.937344,-3.648,-5.849,1.270,-0.738
2025-12-04T19:14:55.952819,-3.648,-5.849,1.270,-0.738
2025-12-04T19:14:55.966738,-3.648,-5.849,1.270,-0.738
2025-12-04T19:14:55.983422,-3.648,-5.849,1.270,-0.738
2025-12-04T19:14:55.998163,-3.648,-5.849,1.270,-0.738
2025-12-04T19:14:56.014041,-3.648,-5.849,1.270,-0.738
2025-12-04T19:14:56.030127,-3.648,-5.849,1.270,-0.738
2025-12-04T19:14:56.048020,-3.648,-5.849,1.270,-0.738
2025-12-04T19:14:56.065000,-3.648,-5.849,1.270,-0.738
2025-12-04T19:14:56.083549,-3.648,-5.849,1.270,-0.738
2025-12-04T19:14:56.102765,-3.648,-5.849,1.270,-0.738
2025-12-04T19:14:56.120484,-3.648,-5.849,1.270,-0.738
2025-12-04T19:14:56.137981,-3.648,-5.849,1.270,-0.738
2025-12-04T19:14:56.154863,-3.648,-5.849,1.270,-0.738
2025-12-04T19:14:56.172604,-3.648,-5.849,1.270,-0.738
2025-12-04T19:14:56.189290,-3.648,-5.849,1.270,-0.738
2025-12-04T19:14:56.203860,-3.648,-5.849,1.270,-0.738
2025-12-04T19:14:56.220506,-3.648,-5.849,1.270,-0.738
2025-12-04T19:14:56.235113,-3.648,-5.849,1.270,-0.738
2025-12-04T19:14:56.250448,-3.648,-5.849,1.270,-0.738
2025-12-04T19:14:56.265109,-3.648,-5.849,1.270,-0.738
2025-12-04T19:14:56.281628,-3.648,-5.849,1.270,-0.738
2025-12-04T19:14:56.296917,-3.648,-5.849,1.270,-0.738
2025-12-04T19:14:56.316015,-3.648,-5.849,1.270,-0.738
2025-12-04T19:14:56.333371,-3.648,-5.849,1.270,-0.738
2025-12-04T19:14:56.351218,-3.648,-5.849,1.270,-0.738
2025-12-04T19:14:56.368354,-3.648,-5.849,1.270,-0.738
2025-12-04T19:14:56.386543,-3.648,-5.849,1.270,-0.738
2025-12-04T19:14:56.404731,-3.648,-5.849,1.270,-0.738
2025-12-04T19:14:56.419844,-3.648,-5.849,1.270,-0.738
2025-12-04T19:14:56.437226,-3.648,-5.849,1.270,-0.738
2025-12-04T19:14:56.453751,-3.648,-5.849,1.270,-0.738
2025-12-04T19:14:56.467620,-3.648,-5.849,1.270,-0.738
2025-12-04T19:14:56.481626,-3.648,-5.849,1.270,-0.738
2025-12-04T19:14:56.499258,-3.648,-5.849,1.270,-0.738
2025-12-04T19:14:56.513814,-3.648,-5.849,1.270,-0.738
2025-12-04T19:14:56.527196,-3.648,-5.849,1.270,-0.738
2025-12-04T19:14:56.543970,-3.648,-5.849,1.270,-0.738
2025-12-04T19:14:56.561113,-3.648,-5.849,1.270,-0.738
2025-12-04T19:14:56.579639,-3.648,-5.849,1.270,-0.738
2025-12-04T19:14:56.596737,-3.648,-5.849,1.270,-0.738
2025-12-04T19:14:56.614434,-3.648,-5.849,1.270,-0.738
2025-12-04T19:14:56.632265,-3.648,-5.849,1.270,-0.738
2025-12-04T19:14:56.649249,-3.648,-5.849,1.270,-0.738
2025-12-04T19:14:56.664854,-3.648,-5.849,1.270,-0.738
2025-12-04T19:14:56.681806,-3.648,-5.849,1.270,-0.738
2025-12-04T19:14:56.696796,-3.648,-5.849,1.270,-0.738
2025-12-04T19:14:56.714525,-3.648,-5.849,1.270,-0.738
2025-12-04T19:14:56.728708,-3.648,-5.849,1.270,-0.738
2025-12-04T19:14:56.743365,-3.648,-5.849,1.270,-0.738
2025-12-04T19:14:56.758701,-3.648,-5.849,1.270,-0.738
2025-12-04T19:14:56.775251,-3.648,-5.849,1.270,-0.738
2025-12-04T19:14:56.792529,-3.648,-5.849,1.270,-0.738
2025-12-04T19:14:56.809017,-3.648,-5.849,1.270,-0.738
2025-12-04T19:14:56.827047,-3.648,-5.849,1.270,-0.738
2025-12-04T19:14:56.844118,-3.648,-5.849,1.270,-0.738
2025-12-04T19:14:56.862892,-3.648,-5.849,1.270,-0.738
2025-12-04T19:14:56.880345,-3.648,-5.849,1.270,-0.738
2025-12-04T19:14:56.898073,-3.648,-5.849,1.270,-0.738
2025-12-04T19:14:56.916846,-3.648,-5.849,1.270,-0.738
2025-12-04T19:14:56.932357,-3.648,-5.849,1.270,-0.738
2025-12-04T19:14:56.949434,-3.648,-5.849,1.270,-0.738
2025-12-04T19:14:56.965371,-3.648,-5.849,1.270,-0.738
2025-12-04T19:14:56.981475,-3.648,-5.849,1.270,-0.738
2025-12-04T19:14:56.995300,-3.648,-5.849,1.270,-0.738
2025-12-04T19:14:57.010679,-3.648,-5.849,1.270,-0.738
2025-12-04T19:14:57.027261,-3.648,-5.849,1.270,-0.738
2025-12-04T19:14:57.043063,-3.648,-5.849,1.270,-0.738
2025-12-04T19:14:57.059532,-3.648,-5.849,1.270,-0.738
2025-12-04T19:14:57.077435,-3.648,-5.849,1.270,-0.738
2025-12-04T19:14:57.095091,-3.648,-5.849,1.270,-0.738
2025-12-04T19:14:57.112086,-3.648,-5.849,1.270,-0.738
2025-12-04T19:14:57.129908,-3.648,-5.849,1.270,-0.738
2025-12-04T19:14:57.149622,-3.648,-5.849,1.270,-0.738
2025-12-04T19:14:57.165023,-3.648,-5.849,1.270,-0.738
2025-12-04T19:14:57.183179,-3.648,-5.849,1.270,-0.738
2025-12-04T19:14:57.198504,-3.648,-5.849,1.270,-0.738
2025-12-04T19:14:57.217283,-3.648,-5.849,1.270,-0.738
2025-12-04T19:14:57.231603,-3.648,-5.849,1.270,-0.738
2025-12-04T19:14:57.248329,-3.648,-5.849,1.270,-0.738
2025-12-04T19:14:57.272452,-3.648,-5.849,1.270,-0.738
2025-12-04T19:14:57.284555,-3.648,-5.849,1.270,-0.738
2025-12-04T19:14:57.296083,-3.648,-5.849,1.270,-0.738
2025-12-04T19:14:57.310175,-3.648,-5.849,1.270,-0.738
2025-12-04T19:14:57.324312,-3.648,-5.849,1.270,-0.738
2025-12-04T19:14:57.339005,-3.648,-5.849,1.270,-0.738
2025-12-04T19:14:57.353771,-3.648,-5.849,1.270,-0.738
2025-12-04T19:14:57.370020,-3.648,-5.849,1.270,-0.738
2025-12-04T19:14:57.386422,-3.648,-5.849,1.270,-0.738
2025-12-04T19:14:57.403331,-3.648,-5.849,1.270,-0.738
2025-12-04T19:14:57.420141,-3.648,-5.849,1.270,-0.738
2025-12-04T19:14:57.436574,-3.648,-5.849,1.270,-0.738
2025-12-04T19:14:57.454977,-3.648,-5.849,1.270,-0.738
2025-12-04T19:14:57.472185,-3.648,-5.849,1.270,-0.738
2025-12-04T19:14:57.489927,-3.648,-5.849,1.270,-0.738
2025-12-04T19:14:57.505955,-3.648,-5.849,1.270,-0.738
2025-12-04T19:14:57.524861,-3.648,-5.849,1.270,-0.738
2025-12-04T19:14:57.540949,-3.648,-5.849,1.270,-0.738
2025-12-04T19:14:57.556204,-3.648,-5.849,1.270,-0.738
2025-12-04T19:14:57.572368,-3.648,-5.849,1.270,-0.738
2025-12-04T19:14:57.589374,-3.648,-5.849,1.270,-0.738
2025-12-04T19:14:57.601204,-3.648,-5.849,1.270,-0.738
2025-12-04T19:14:57.618334,-3.648,-5.849,1.270,-0.738
2025-12-04T19:14:57.632672,-3.648,-5.849,1.270,-0.738
2025-12-04T19:14:57.649729,-3.648,-5.849,1.270,-0.738
2025-12-04T19:14:57.666295,-3.648,-5.849,1.270,-0.738
2025-12-04T19:14:57.682190,-3.648,-5.849,1.270,-0.738
2025-12-04T19:14:57.702037,-3.648,-5.849,1.270,-0.738
2025-12-04T19:14:57.719602,-3.648,-5.849,1.270,-0.738
2025-12-04T19:14:57.738057,-3.648,-5.849,1.270,-0.738
2025-12-04T19:14:57.758636,-3.648,-5.849,1.270,-0.738
2025-12-04T19:14:57.771394,-3.648,-5.849,1.270,-0.738
2025-12-04T19:14:57.802634,-3.648,-5.849,1.270,-0.738
2025-12-04T19:14:57.819650,-3.648,-5.849,1.270,-0.738
2025-12-04T19:14:57.835416,-3.648,-5.849,1.270,-0.738
2025-12-04T19:14:57.852155,-3.648,-5.849,1.270,-0.738
2025-12-04T19:14:57.866759,-3.648,-5.849,1.270,-0.738
2025-12-04T19:14:57.881039,-3.648,-5.849,1.270,-0.738
2025-12-04T19:14:57.894751,-3.648,-5.849,1.270,-0.738
2025-12-04T19:14:57.907458,-3.648,-5.849,1.270,-0.738
2025-12-04T19:14:57.921600,-3.648,-5.849,1.270,-0.738
2025-12-04T19:14:57.934417,-3.648,-5.849,1.270,-0.738
2025-12-04T19:14:57.947560,-3.648,-5.849,1.270,-0.738
2025-12-04T19:14:57.961915,-3.648,-5.849,1.270,-0.738
2025-12-04T19:14:57.975806,-3.648,-5.849,1.270,-0.738
2025-12-04T19:14:57.990225,-3.648,-5.849,1.270,-0.738
2025-12-04T19:14:58.006161,-3.648,-5.849,1.270,-0.738
2025-12-04T19:14:58.027335,-3.648,-5.849,1.270,-0.738
2025-12-04T19:14:58.037955,-3.648,-5.849,1.270,-0.738
2025-12-04T19:14:58.057712,-3.648,-5.849,1.270,-0.738
2025-12-04T19:14:58.075218,-3.648,-5.849,1.270,-0.738
2025-12-04T19:14:58.094466,-3.648,-5.849,1.270,-0.738
2025-12-04T19:14:58.109755,-3.648,-5.849,1.270,-0.738
2025-12-04T19:14:58.131157,-3.648,-5.849,1.270,-0.738
2025-12-04T19:14:58.147757,-3.648,-5.849,1.270,-0.738
2025-12-04T19:14:58.165693,-3.648,-5.849,1.270,-0.738
2025-12-04T19:14:58.180188,-3.648,-5.849,1.270,-0.738
2025-12-04T19:14:58.205411,-3.648,-5.849,1.270,-0.738
2025-12-04T19:14:58.224298,-3.648,-5.849,1.270,-0.738
2025-12-04T19:14:58.241482,-3.648,-5.849,1.270,-0.738
2025-12-04T19:14:58.255376,-3.648,-5.849,1.270,-0.738
2025-12-04T19:14:58.271321,-3.648,-5.849,1.270,-0.738
2025-12-04T19:14:58.281911,-3.648,-5.849,1.270,-0.738
2025-12-04T19:14:58.295307,-3.648,-5.849,1.270,-0.738
2025-12-04T19:14:58.307011,-3.648,-5.849,1.270,-0.738
2025-12-04T19:14:58.319573,-3.648,-5.849,1.270,-0.738
2025-12-04T19:14:58.332236,-3.648,-5.849,1.270,-0.738
2025-12-04T19:14:58.348289,-3.648,-5.849,1.270,-0.738
2025-12-04T19:14:58.362978,-3.648,-5.849,1.270,-0.738
2025-12-04T19:14:58.379275,-3.648,-5.849,1.270,-0.738
2025-12-04T19:14:58.394246,-3.648,-5.849,1.270,-0.738
2025-12-04T19:14:58.414184,-3.648,-5.849,1.270,-0.738
2025-12-04T19:14:58.427841,-3.648,-5.849,1.270,-0.738
2025-12-04T19:14:58.444849,-3.648,-5.849,1.270,-0.738
2025-12-04T19:14:58.462105,-3.648,-5.849,1.270,-0.738
2025-12-04T19:14:58.488000,-3.648,-5.849,1.270,-0.738
2025-12-04T19:14:58.501448,-3.648,-5.849,1.270,-0.738
2025-12-04T19:14:58.515441,-3.648,-5.849,1.270,-0.738
2025-12-04T19:14:58.531536,-3.648,-5.849,1.270,-0.738
2025-12-04T19:14:58.544023,-3.648,-5.849,1.270,-0.738
2025-12-04T19:14:58.560356,-3.648,-5.849,1.270,-0.738
2025-12-04T19:14:58.576448,-3.648,-5.849,1.270,-0.738
2025-12-04T19:14:58.592376,-3.648,-5.849,1.270,-0.738
2025-12-04T19:14:58.609432,-3.648,-5.849,1.270,-0.738
2025-12-04T19:14:58.623372,-3.648,-5.849,1.270,-0.738
2025-12-04T19:14:58.640236,-3.648,-5.849,1.270,-0.738
2025-12-04T19:14:58.657137,-3.648,-5.849,1.270,-0.738
2025-12-04T19:14:58.681187,-3.648,-5.849,1.270,-0.738
2025-12-04T19:14:58.692225,-3.648,-5.849,1.270,-0.738
2025-12-04T19:14:58.711534,-3.648,-5.849,1.270,-0.738
2025-12-04T19:14:58.729384,-3.648,-5.849,1.270,-0.738
2025-12-04T19:14:58.755126,-3.648,-5.849,1.270,-0.738
2025-12-04T19:14:58.764621,-3.648,-5.849,1.270,-0.738
2025-12-04T19:14:58.782415,-3.648,-5.849,1.270,-0.738
2025-12-04T19:14:58.798890,-3.648,-5.849,1.270,-0.738
2025-12-04T19:14:58.814679,-3.648,-5.849,1.270,-0.738
2025-12-04T19:14:58.831011,-3.648,-5.849,1.270,-0.738
2025-12-04T19:14:58.843854,-3.648,-5.849,1.270,-0.738
2025-12-04T19:14:58.858184,-3.648,-5.849,1.270,-0.738
2025-12-04T19:14:58.872234,-3.648,-5.849,1.270,-0.738
2025-12-04T19:14:58.886697,-3.648,-5.849,1.270,-0.738
2025-12-04T19:14:58.902963,-3.648,-5.849,1.270,-0.738
2025-12-04T19:14:58.920054,-3.648,-5.849,1.270,-0.738
2025-12-04T19:14:58.937899,-3.648,-5.849,1.270,-0.738
2025-12-04T19:14:58.955562,-3.648,-5.849,1.270,-0.738
2025-12-04T19:14:58.973753,-3.648,-5.849,1.270,-0.738
2025-12-04T19:14:58.991891,-3.648,-5.849,1.270,-0.738
2025-12-04T19:14:59.009032,-3.648,-5.849,1.270,-0.738
2025-12-04T19:14:59.027333,-3.648,-5.849,1.270,-0.738
2025-12-04T19:14:59.044142,-3.648,-5.849,1.270,-0.738
2025-12-04T19:14:59.061543,-3.648,-5.849,1.270,-0.738
2025-12-04T19:14:59.077498,-3.648,-5.849,1.270,-0.738
2025-12-04T19:14:59.093960,-3.648,-5.849,1.270,-0.738
2025-12-04T19:14:59.112388,-3.648,-5.849,1.270,-0.738
2025-12-04T19:14:59.126840,-3.648,-5.849,1.270,-0.738
2025-12-04T19:14:59.141104,-3.648,-5.849,1.270,-0.738
2025-12-04T19:14:59.154131,-3.648,-5.849,1.270,-0.738
2025-12-04T19:14:59.170597,-3.648,-5.849,1.270,-0.738
2025-12-04T19:14:59.184583,-3.648,-5.849,1.270,-0.738
2025-12-04T19:14:59.202254,-3.648,-5.849,1.270,-0.738
2025-12-04T19:14:59.219128,-3.648,-5.849,1.270,-0.738
2025-12-04T19:14:59.237428,-3.648,-5.849,1.270,-0.738
2025-12-04T19:14:59.253940,-3.648,-5.849,1.270,-0.738
2025-12-04T19:14:59.273070,-3.648,-5.849,1.270,-0.738
2025-12-04T19:14:59.289629,-3.648,-5.849,1.270,-0.738
2025-12-04T19:14:59.304901,-3.648,-5.849,1.270,-0.738
2025-12-04T19:14:59.322918,-3.648,-5.849,1.270,-0.738
2025-12-04T19:14:59.339321,-3.648,-5.849,1.270,-0.738
2025-12-04T19:14:59.354400,-3.648,-5.849,1.270,-0.738
2025-12-04T19:14:59.370086,-3.648,-5.849,1.270,-0.738
2025-12-04T19:14:59.384315,-3.648,-5.849,1.270,-0.738
2025-12-04T19:14:59.399404,-3.648,-5.849,1.270,-0.738
2025-12-04T19:14:59.416852,-3.648,-5.849,1.270,-0.738
2025-12-04T19:14:59.435074,-3.648,-5.849,1.270,-0.738
2025-12-04T19:14:59.451770,-3.648,-5.849,1.270,-0.738
2025-12-04T19:14:59.468010,-3.648,-5.849,1.270,-0.738
2025-12-04T19:14:59.485498,-3.648,-5.849,1.270,-0.738
2025-12-04T19:14:59.503899,-3.648,-5.849,1.270,-0.738
2025-12-04T19:14:59.519279,-3.648,-5.849,1.270,-0.738
2025-12-04T19:14:59.536093,-3.648,-5.849,1.270,-0.738
2025-12-04T19:14:59.550629,-3.648,-5.849,1.270,-0.738
2025-12-04T19:14:59.566362,-3.648,-5.849,1.270,-0.738
2025-12-04T19:14:59.580618,-3.648,-5.849,1.270,-0.738
2025-12-04T19:14:59.596024,-3.648,-5.849,1.270,-0.738
2025-12-04T19:14:59.610874,-3.648,-5.849,1.270,-0.738
2025-12-04T19:14:59.627931,-3.648,-5.849,1.270,-0.738
2025-12-04T19:14:59.644632,-3.648,-5.849,1.270,-0.738
2025-12-04T19:14:59.662533,-3.648,-5.849,1.270,-0.738
2025-12-04T19:14:59.680224,-3.648,-5.849,1.270,-0.738
2025-12-04T19:14:59.697357,-3.648,-5.849,1.270,-0.738
2025-12-04T19:14:59.718000,-3.648,-5.849,1.270,-0.738
2025-12-04T19:14:59.736159,-3.648,-5.849,1.270,-0.738
2025-12-04T19:14:59.752811,-3.648,-5.849,1.270,-0.738
2025-12-04T19:14:59.771103,-3.648,-5.849,1.270,-0.738
2025-12-04T19:14:59.787176,-3.648,-5.849,1.270,-0.738
2025-12-04T19:14:59.802059,-3.648,-5.849,1.270,-0.738
2025-12-04T19:14:59.818572,-3.648,-5.849,1.270,-0.738
2025-12-04T19:14:59.833294,-3.648,-5.849,1.270,-0.738
2025-12-04T19:14:59.848474,-3.648,-5.849,1.270,-0.738
2025-12-04T19:14:59.865245,-3.648,-5.849,1.270,-0.738
2025-12-04T19:14:59.878385,-3.648,-5.849,1.270,-0.738
2025-12-04T19:14:59.894503,-3.648,-5.849,1.270,-0.738
2025-12-04T19:14:59.913109,-3.648,-5.849,1.270,-0.738
2025-12-04T19:14:59.929565,-3.648,-5.849,1.270,-0.738
2025-12-04T19:14:59.946777,-3.648,-5.849,1.270,-0.738
2025-12-04T19:14:59.963754,-3.648,-5.849,1.270,-0.738
2025-12-04T19:14:59.981902,-3.648,-5.849,1.270,-0.738
2025-12-04T19:15:00.000364,-3.648,-5.849,1.270,-0.738
2025-12-04T19:15:00.017260,-3.648,-5.849,1.270,-0.738
2025-12-04T19:15:00.034702,-3.648,-5.849,1.270,-0.738
2025-12-04T19:15:00.050747,-3.648,-5.849,1.270,-0.738
2025-12-04T19:15:00.067146,-3.648,-5.849,1.270,-0.738
2025-12-04T19:15:00.083206,-3.648,-5.849,1.270,-0.738
2025-12-04T19:15:00.098958,-3.648,-5.849,1.270,-0.738
2025-12-04T19:15:00.113432,-3.648,-5.849,1.270,-0.738
2025-12-04T19:15:00.129076,-3.648,-5.849,1.270,-0.738
2025-12-04T19:15:00.145057,-3.648,-5.849,1.270,-0.738
2025-12-04T19:15:00.161370,-3.648,-5.849,1.270,-0.738
2025-12-04T19:15:00.180049,-3.648,-5.849,1.270,-0.738
2025-12-04T19:15:00.197757,-3.648,-5.849,1.270,-0.738
2025-12-04T19:15:00.215551,-3.648,-5.849,1.270,-0.738
2025-12-04T19:15:00.232690,-3.648,-5.849,1.270,-0.738
2025-12-04T19:15:00.249749,-3.648,-5.849,1.270,-0.738
2025-12-04T19:15:00.267495,-3.648,-5.849,1.270,-0.738
2025-12-04T19:15:00.286384,-3.648,-5.849,1.270,-0.738
2025-12-04T19:15:00.301888,-3.648,-5.849,1.270,-0.738
2025-12-04T19:15:00.317309,-3.648,-5.849,1.270,-0.738
2025-12-04T19:15:00.333654,-3.648,-5.849,1.270,-0.738
2025-12-04T19:15:00.348017,-3.648,-5.849,1.270,-0.738
2025-12-04T19:15:00.361755,-3.648,-5.849,1.270,-0.738
2025-12-04T19:15:00.378264,-3.648,-5.849,1.270,-0.738
2025-12-04T19:15:00.393111,-3.648,-5.849,1.270,-0.738
2025-12-04T19:15:00.409542,-3.648,-5.849,1.270,-0.738
2025-12-04T19:15:00.425876,-3.648,-5.849,1.270,-0.738
2025-12-04T19:15:00.444503,-3.648,-5.849,1.270,-0.738
2025-12-04T19:15:00.462216,-3.648,-5.849,1.270,-0.738
2025-12-04T19:15:00.479149,-3.648,-5.849,1.270,-0.738
2025-12-04T19:15:00.497567,-3.648,-5.849,1.270,-0.738
2025-12-04T19:15:00.512058,-3.648,-5.849,1.270,-0.738
2025-12-04T19:15:00.529895,-3.648,-5.849,1.270,-0.738
2025-12-04T19:15:00.547239,-3.648,-5.849,1.270,-0.738
2025-12-04T19:15:00.562387,-3.648,-5.849,1.270,-0.738
2025-12-04T19:15:00.579021,-3.648,-5.849,1.270,-0.738
2025-12-04T19:15:00.593965,-3.648,-5.849,1.270,-0.738
2025-12-04T19:15:00.609281,-3.648,-5.849,1.270,-0.738
2025-12-04T19:15:00.624175,-3.648,-5.849,1.270,-0.738
2025-12-04T19:15:00.640568,-3.648,-5.849,1.270,-0.738
2025-12-04T19:15:00.656010,-3.648,-5.849,1.270,-0.738
2025-12-04T19:15:00.671082,-3.648,-5.849,1.270,-0.738
2025-12-04T19:15:00.688169,-3.648,-5.849,1.270,-0.738
2025-12-04T19:15:00.706147,-3.648,-5.849,1.270,-0.738
2025-12-04T19:15:00.726439,-3.648,-5.849,1.270,-0.738
2025-12-04T19:15:00.743839,-3.648,-5.849,1.270,-0.738
2025-12-04T19:15:00.762519,-3.648,-5.849,1.270,-0.738
2025-12-04T19:15:00.779114,-3.648,-5.849,1.270,-0.738
2025-12-04T19:15:00.795116,-3.648,-5.849,1.270,-0.738
2025-12-04T19:15:00.813670,-3.648,-5.849,1.270,-0.738
2025-12-04T19:15:00.828894,-3.648,-5.849,1.270,-0.738
2025-12-04T19:15:00.846764,-3.648,-5.849,1.270,-0.738
2025-12-04T19:15:00.862010,-3.648,-5.849,1.270,-0.738
2025-12-04T19:15:00.877068,-3.648,-5.849,1.270,-0.738
2025-12-04T19:15:00.892048,-3.648,-5.849,1.270,-0.738
2025-12-04T19:15:00.908122,-3.648,-5.849,1.270,-0.738
2025-12-04T19:15:00.923440,-3.648,-5.849,1.270,-0.738
2025-12-04T19:15:00.940528,-3.648,-5.849,1.270,-0.738
2025-12-04T19:15:00.963522,-3.648,-5.849,1.270,-0.738
2025-12-04T19:15:00.976836,-3.648,-5.849,1.270,-0.738
2025-12-04T19:15:00.994963,-3.648,-5.849,1.270,-0.738
2025-12-04T19:15:01.010023,-3.648,-5.849,1.270,-0.738
2025-12-04T19:15:01.025753,-3.648,-5.849,1.270,-0.738
2025-12-04T19:15:01.041590,-3.648,-5.849,1.270,-0.738
2025-12-04T19:15:01.058098,-3.648,-5.849,1.270,-0.738
2025-12-04T19:15:01.072815,-3.648,-5.849,1.270,-0.738
2025-12-04T19:15:01.085969,-3.648,-5.849,1.270,-0.738
2025-12-04T19:15:01.101136,-3.648,-5.849,1.270,-0.738
2025-12-04T19:15:01.117271,-3.648,-5.849,1.270,-0.738
2025-12-04T19:15:01.134446,-3.648,-5.849,1.270,-0.738
2025-12-04T19:15:01.153683,-3.648,-5.849,1.270,-0.738
2025-12-04T19:15:01.168094,-3.648,-5.849,1.270,-0.738
2025-12-04T19:15:01.187108,-3.648,-5.849,1.270,-0.738
2025-12-04T19:15:01.205404,-3.648,-5.849,1.270,-0.738
2025-12-04T19:15:01.223470,-3.648,-5.849,1.270,-0.738
2025-12-04T19:15:01.240185,-3.648,-5.849,1.270,-0.738
2025-12-04T19:15:01.258654,-3.648,-5.849,1.270,-0.738
2025-12-04T19:15:01.276573,-3.648,-5.849,1.270,-0.738
2025-12-04T19:15:01.294239,-3.648,-5.849,1.270,-0.738
2025-12-04T19:15:01.318256,-3.648,-5.849,1.270,-0.738
2025-12-04T19:15:01.334698,-3.648,-5.849,1.270,-0.738
2025-12-04T19:15:01.349679,-3.648,-5.849,1.270,-0.738
2025-12-04T19:15:01.362589,-3.648,-5.849,1.270,-0.738
2025-12-04T19:15:01.375749,-3.648,-5.849,1.270,-0.738
2025-12-04T19:15:01.388530,-3.648,-5.849,1.270,-0.738
2025-12-04T19:15:01.401613,-3.648,-5.849,1.270,-0.738
2025-12-04T19:15:01.416326,-3.648,-5.849,1.270,-0.738
2025-12-04T19:15:01.430686,-3.648,-5.849,1.270,-0.738
2025-12-04T19:15:01.448031,-3.648,-5.849,1.270,-0.738
2025-12-04T19:15:01.463578,-3.648,-5.849,1.270,-0.738
2025-12-04T19:15:01.480244,-3.648,-5.849,1.270,-0.738
2025-12-04T19:15:01.496403,-3.648,-5.849,1.270,-0.738
2025-12-04T19:15:01.513450,-3.648,-5.849,1.270,-0.738
2025-12-04T19:15:01.530103,-3.648,-5.849,1.270,-0.738
2025-12-04T19:15:01.548353,-3.648,-5.849,1.270,-0.738
2025-12-04T19:15:01.567092,-3.648,-5.849,1.270,-0.738
2025-12-04T19:15:01.588747,-3.648,-5.849,1.270,-0.738
2025-12-04T19:15:01.604579,-3.648,-5.849,1.270,-0.738
2025-12-04T19:15:01.620347,-3.648,-5.849,1.270,-0.738
2025-12-04T19:15:01.637273,-3.648,-5.849,1.270,-0.738
2025-12-04T19:15:01.654668,-3.648,-5.849,1.270,-0.738
2025-12-04T19:15:01.669034,-3.648,-5.849,1.270,-0.738
2025-12-04T19:15:01.682481,-3.648,-5.849,1.270,-0.738
2025-12-04T19:15:01.697361,-3.648,-5.849,1.270,-0.738
2025-12-04T19:15:01.713597,-3.648,-5.849,1.270,-0.738
2025-12-04T19:15:01.729441,-3.648,-5.849,1.270,-0.738
2025-12-04T19:15:01.746293,-3.648,-5.849,1.270,-0.738
2025-12-04T19:15:01.763770,-3.648,-5.849,1.270,-0.738
2025-12-04T19:15:01.782035,-3.648,-5.849,1.270,-0.738
2025-12-04T19:15:01.798814,-3.648,-5.849,1.270,-0.738
2025-12-04T19:15:01.816109,-3.648,-5.849,1.270,-0.738
2025-12-04T19:15:01.834427,-3.648,-5.849,1.270,-0.738
2025-12-04T19:15:01.853346,-3.648,-5.849,1.270,-0.738
2025-12-04T19:15:01.870131,-3.648,-5.849,1.270,-0.738
2025-12-04T19:15:01.888678,-3.648,-5.849,1.270,-0.738
2025-12-04T19:15:01.904201,-3.648,-5.849,1.270,-0.738
2025-12-04T19:15:01.921893,-3.648,-5.849,1.270,-0.738
2025-12-04T19:15:01.936736,-3.648,-5.849,1.270,-0.738
2025-12-04T19:15:01.952165,-3.648,-5.849,1.270,-0.738
2025-12-04T19:15:01.965645,-3.648,-5.849,1.270,-0.738
2025-12-04T19:15:01.981644,-3.648,-5.849,1.270,-0.738
2025-12-04T19:15:01.998161,-3.648,-5.849,1.270,-0.738
2025-12-04T19:15:02.011808,-3.648,-5.849,1.270,-0.738
2025-12-04T19:15:02.029018,-3.648,-5.849,1.270,-0.738
2025-12-04T19:15:02.046508,-3.648,-5.849,1.270,-0.738
2025-12-04T19:15:02.062884,-3.648,-5.849,1.270,-0.738
2025-12-04T19:15:02.080283,-3.648,-5.849,1.270,-0.738
2025-12-04T19:15:02.097981,-3.648,-5.849,1.270,-0.738
2025-12-04T19:15:02.115572,-3.648,-5.849,1.270,-0.738
2025-12-04T19:15:02.133112,-3.648,-5.849,1.270,-0.738
2025-12-04T19:15:02.148982,-3.648,-5.849,1.270,-0.738
2025-12-04T19:15:02.165124,-3.648,-5.849,1.270,-0.738
2025-12-04T19:15:02.180542,-3.648,-5.849,1.270,-0.738
2025-12-04T19:15:02.194548,-3.648,-5.849,1.270,-0.738
2025-12-04T19:15:02.208770,-3.648,-5.849,1.270,-0.738
2025-12-04T19:15:02.224047,-3.648,-5.849,1.270,-0.738
2025-12-04T19:15:02.240294,-3.648,-5.849,1.270,-0.738
2025-12-04T19:15:02.256186,-3.648,-5.849,1.270,-0.738
2025-12-04T19:15:02.273349,-3.648,-5.849,1.270,-0.738
2025-12-04T19:15:02.291193,-3.648,-5.849,1.270,-0.738
2025-12-04T19:15:02.309596,-3.648,-5.849,1.270,-0.738
2025-12-04T19:15:02.328028,-3.648,-5.849,1.270,-0.738
2025-12-04T19:15:02.344548,-3.648,-5.849,1.270,-0.738
2025-12-04T19:15:02.362750,-3.648,-5.849,1.270,-0.738
2025-12-04T19:15:02.380359,-3.648,-5.849,1.270,-0.738
2025-12-04T19:15:02.399006,-3.648,-5.849,1.270,-0.738
2025-12-04T19:15:02.414319,-3.648,-5.849,1.270,-0.738
2025-12-04T19:15:02.430882,-3.648,-5.849,1.270,-0.738
2025-12-04T19:15:02.446720,-3.648,-5.849,1.270,-0.738
2025-12-04T19:15:02.462950,-3.648,-5.849,1.270,-0.738
2025-12-04T19:15:02.478069,-3.648,-5.849,1.270,-0.738
2025-12-04T19:15:02.492475,-3.648,-5.849,1.270,-0.738
2025-12-04T19:15:02.511611,-3.648,-5.849,1.270,-0.738
2025-12-04T19:15:02.524722,-3.648,-5.849,1.270,-0.738
2025-12-04T19:15:02.538654,-3.648,-5.849,1.270,-0.738
2025-12-04T19:15:02.555239,-3.648,-5.849,1.270,-0.738
2025-12-04T19:15:02.570105,-3.648,-5.849,1.270,-0.738
2025-12-04T19:15:02.585533,-3.648,-5.849,1.270,-0.738
2025-12-04T19:15:02.601676,-3.648,-5.849,1.270,-0.738
2025-12-04T19:15:02.619431,-3.648,-5.849,1.270,-0.738
2025-12-04T19:15:02.637297,-3.648,-5.849,1.270,-0.738
2025-12-04T19:15:02.654463,-3.648,-5.849,1.270,-0.738
2025-12-04T19:15:02.673700,-3.648,-5.849,1.270,-0.738
2025-12-04T19:15:02.689749,-3.648,-5.849,1.270,-0.738
2025-12-04T19:15:02.709170,-3.648,-5.849,1.270,-0.738
2025-12-04T19:15:02.725365,-3.648,-5.849,1.270,-0.738
2025-12-04T19:15:02.741661,-3.648,-5.849,1.270,-0.738
2025-12-04T19:15:02.759810,-3.648,-5.849,1.270,-0.738
2025-12-04T19:15:02.777364,-3.648,-5.849,1.270,-0.738
2025-12-04T19:15:02.791918,-3.648,-5.849,1.270,-0.738
2025-12-04T19:15:02.807038,-3.648,-5.849,1.270,-0.738
2025-12-04T19:15:02.821975,-3.648,-5.849,1.270,-0.738
2025-12-04T19:15:02.836339,-3.648,-5.849,1.270,-0.738
2025-12-04T19:15:02.853118,-3.648,-5.849,1.270,-0.738
2025-12-04T19:15:02.867091,-3.648,-5.849,1.270,-0.738
2025-12-04T19:15:02.884096,-3.648,-5.849,1.270,-0.738
2025-12-04T19:15:02.900155,-3.648,-5.849,1.270,-0.738
2025-12-04T19:15:02.917236,-3.648,-5.849,1.270,-0.738
2025-12-04T19:15:02.934824,-3.648,-5.849,1.270,-0.738
2025-12-04T19:15:02.954067,-3.648,-5.849,1.270,-0.738
2025-12-04T19:15:02.972983,-3.648,-5.849,1.270,-0.738
2025-12-04T19:15:02.987177,-3.648,-5.849,1.270,-0.738
2025-12-04T19:15:03.003422,-3.648,-5.849,1.270,-0.738
2025-12-04T19:15:03.020019,-3.648,-5.849,1.270,-0.738
2025-12-04T19:15:03.036628,-3.648,-5.849,1.270,-0.738
2025-12-04T19:15:03.051741,-3.648,-5.849,1.270,-0.738
2025-12-04T19:15:03.065751,-3.648,-5.849,1.270,-0.738
2025-12-04T19:15:03.081151,-3.648,-5.849,1.270,-0.738
2025-12-04T19:15:03.098264,-3.648,-5.849,1.270,-0.738
2025-12-04T19:15:03.114844,-3.648,-5.849,1.270,-0.738
2025-12-04T19:15:03.134702,-3.648,-5.849,1.270,-0.738
2025-12-04T19:15:03.149361,-3.648,-5.849,1.270,-0.738
2025-12-04T19:15:03.164917,-3.648,-5.849,1.270,-0.738
2025-12-04T19:15:03.181028,-3.648,-5.849,1.270,-0.738
2025-12-04T19:15:03.198125,-3.648,-5.849,1.270,-0.738
2025-12-04T19:15:03.215116,-3.648,-5.849,1.270,-0.738
2025-12-04T19:15:03.230905,-3.648,-5.849,1.270,-0.738
2025-12-04T19:15:03.247025,-3.648,-5.849,1.270,-0.738
2025-12-04T19:15:03.260996,-3.648,-5.849,1.270,-0.738
2025-12-04T19:15:03.277296,-3.648,-5.849,1.270,-0.738
2025-12-04T19:15:03.292922,-3.648,-5.849,1.270,-0.738
2025-12-04T19:15:03.309408,-3.648,-5.849,1.270,-0.738
2025-12-04T19:15:03.326126,-3.648,-5.849,1.270,-0.738
2025-12-04T19:15:03.343202,-3.648,-5.849,1.270,-0.738
2025-12-04T19:15:03.361451,-3.648,-5.849,1.270,-0.738
2025-12-04T19:15:03.380036,-3.648,-5.849,1.270,-0.738
2025-12-04T19:15:03.398092,-3.648,-5.849,1.270,-0.738
2025-12-04T19:15:03.415369,-3.648,-5.849,1.270,-0.738
2025-12-04T19:15:03.433447,-3.648,-5.849,1.270,-0.738
2025-12-04T19:15:03.449629,-3.648,-5.849,1.270,-0.738
2025-12-04T19:15:03.465751,-3.648,-5.849,1.270,-0.738
2025-12-04T19:15:03.483028,-3.648,-5.849,1.270,-0.738
2025-12-04T19:15:03.498238,-3.648,-5.849,1.270,-0.738
2025-12-04T19:15:03.514228,-3.648,-5.849,1.270,-0.738
2025-12-04T19:15:03.527528,-3.648,-5.849,1.270,-0.738
2025-12-04T19:15:03.544346,-3.648,-5.849,1.270,-0.738
2025-12-04T19:15:03.559656,-3.648,-5.849,1.270,-0.738
2025-12-04T19:15:03.575909,-3.648,-5.849,1.270,-0.738
2025-12-04T19:15:03.592615,-3.648,-5.849,1.270,-0.738
2025-12-04T19:15:03.610827,-3.648,-5.849,1.270,-0.738
2025-12-04T19:15:03.628264,-3.648,-5.849,1.270,-0.738
2025-12-04T19:15:03.646370,-3.648,-5.849,1.270,-0.738
2025-12-04T19:15:03.664595,-3.648,-5.849,1.270,-0.738
2025-12-04T19:15:03.682409,-3.648,-5.849,1.270,-0.738
2025-12-04T19:15:03.699282,-3.648,-5.849,1.270,-0.738
2025-12-04T19:15:03.715225,-3.648,-5.849,1.270,-0.738
2025-12-04T19:15:03.732187,-3.648,-5.849,1.270,-0.738
2025-12-04T19:15:03.748882,-3.648,-5.849,1.270,-0.738
2025-12-04T19:15:03.766715,-3.648,-5.849,1.270,-0.738
2025-12-04T19:15:03.780569,-3.648,-5.849,1.270,-0.738
2025-12-04T19:15:03.795040,-3.648,-5.849,1.270,-0.738
2025-12-04T19:15:03.809114,-3.648,-5.849,1.270,-0.738
2025-12-04T19:15:03.824343,-3.648,-5.849,1.270,-0.738
2025-12-04T19:15:03.839958,-3.648,-5.849,1.270,-0.738
2025-12-04T19:15:03.855192,-3.648,-5.849,1.270,-0.738
2025-12-04T19:15:03.871724,-3.648,-5.849,1.270,-0.738
2025-12-04T19:15:03.888529,-3.648,-5.849,1.270,-0.738
2025-12-04T19:15:03.906001,-3.648,-5.849,1.270,-0.738
2025-12-04T19:15:03.923570,-3.648,-5.849,1.270,-0.738
2025-12-04T19:15:03.940927,-3.648,-5.849,1.270,-0.738
2025-12-04T19:15:03.959204,-3.648,-5.849,1.270,-0.738
2025-12-04T19:15:03.976234,-3.648,-5.849,1.270,-0.738
2025-12-04T19:15:03.993014,-3.648,-5.849,1.270,-0.738
2025-12-04T19:15:04.012123,-3.648,-5.849,1.270,-0.738
2025-12-04T19:15:04.027301,-3.648,-5.849,1.270,-0.738
2025-12-04T19:15:04.044213,-3.648,-5.849,1.270,-0.738
2025-12-04T19:15:04.060560,-3.648,-5.849,1.270,-0.738
2025-12-04T19:15:04.073586,-3.648,-5.849,1.270,-0.738
2025-12-04T19:15:04.089328,-3.648,-5.849,1.270,-0.738
2025-12-04T19:15:04.105411,-3.648,-5.849,1.270,-0.738
2025-12-04T19:15:04.122462,-3.648,-5.849,1.270,-0.738
2025-12-04T19:15:04.139597,-3.648,-5.849,1.270,-0.738
2025-12-04T19:15:04.158320,-3.648,-5.849,1.270,-0.738
2025-12-04T19:15:04.175266,-3.648,-5.849,1.270,-0.738
2025-12-04T19:15:04.192144,-3.648,-5.849,1.270,-0.738
2025-12-04T19:15:04.209118,-3.648,-5.849,1.270,-0.738
2025-12-04T19:15:04.227217,-3.648,-5.849,1.270,-0.738
2025-12-04T19:15:04.244737,-3.648,-5.849,1.270,-0.738
2025-12-04T19:15:04.262274,-3.648,-5.849,1.270,-0.738
2025-12-04T19:15:04.279585,-3.648,-5.849,1.270,-0.738
2025-12-04T19:15:04.296260,-3.648,-5.849,1.270,-0.738
2025-12-04T19:15:04.313249,-3.648,-5.849,1.270,-0.738
2025-12-04T19:15:04.328914,-3.648,-5.849,1.270,-0.738
2025-12-04T19:15:04.344407,-3.648,-5.849,1.270,-0.738
2025-12-04T19:15:04.359324,-3.648,-5.849,1.270,-0.738
2025-12-04T19:15:04.373925,-3.648,-5.849,1.270,-0.738
2025-12-04T19:15:04.394234,-3.648,-5.849,1.270,-0.738
2025-12-04T19:15:04.408690,-3.648,-5.849,1.270,-0.738
2025-12-04T19:15:04.425890,-3.648,-5.849,1.270,-0.738
2025-12-04T19:15:04.441692,-3.648,-5.849,1.270,-0.738
2025-12-04T19:15:04.459705,-3.648,-5.849,1.270,-0.738
2025-12-04T19:15:04.477012,-3.648,-5.849,1.270,-0.738
2025-12-04T19:15:04.495926,-3.648,-5.849,1.270,-0.738
2025-12-04T19:15:04.510318,-3.648,-5.849,1.270,-0.738
2025-12-04T19:15:04.526710,-3.648,-5.849,1.270,-0.738
2025-12-04T19:15:04.543922,-3.648,-5.849,1.270,-0.738
2025-12-04T19:15:04.559336,-3.648,-5.849,1.270,-0.738
2025-12-04T19:15:04.575168,-3.648,-5.849,1.270,-0.738
2025-12-04T19:15:04.591027,-3.648,-5.849,1.270,-0.738
2025-12-04T19:15:04.606356,-3.648,-5.849,1.270,-0.738
2025-12-04T19:15:04.621138,-3.648,-5.849,1.270,-0.738
2025-12-04T19:15:04.636319,-3.648,-5.849,1.270,-0.738
2025-12-04T19:15:04.652042,-3.648,-5.849,1.270,-0.738
2025-12-04T19:15:04.669825,-3.648,-5.849,1.270,-0.738
2025-12-04T19:15:04.685739,-3.648,-5.849,1.270,-0.738
2025-12-04T19:15:04.701658,-3.648,-5.849,1.270,-0.738
2025-12-04T19:15:04.721867,-3.648,-5.849,1.270,-0.738
2025-12-04T19:15:04.737967,-3.648,-5.849,1.270,-0.738
2025-12-04T19:15:04.757436,-3.648,-5.849,1.270,-0.738
2025-12-04T19:15:04.774738,-3.648,-5.849,1.270,-0.738
2025-12-04T19:15:04.793260,-3.648,-5.849,1.270,-0.738
2025-12-04T19:15:04.810233,-3.648,-5.849,1.270,-0.738
2025-12-04T19:15:04.826671,-3.648,-5.849,1.270,-0.738
2025-12-04T19:15:04.843519,-3.648,-5.849,1.270,-0.738
2025-12-04T19:15:04.858081,-3.648,-5.849,1.270,-0.738
2025-12-04T19:15:04.873424,-3.648,-5.849,1.270,-0.738
2025-12-04T19:15:04.889190,-3.648,-5.849,1.270,-0.738
2025-12-04T19:15:04.903406,-3.648,-5.849,1.270,-0.738
2025-12-04T19:15:04.919403,-3.648,-5.849,1.270,-0.738
2025-12-04T19:15:04.937150,-3.648,-5.849,1.270,-0.738
2025-12-04T19:15:04.954598,-3.648,-5.849,1.270,-0.738
2025-12-04T19:15:04.971011,-3.648,-5.849,1.270,-0.738
2025-12-04T19:15:04.988921,-3.648,-5.849,1.270,-0.738
2025-12-04T19:15:05.005836,-3.648,-5.849,1.270,-0.738
2025-12-04T19:15:05.021563,-3.648,-5.849,1.270,-0.738
2025-12-04T19:15:05.040098,-3.648,-5.849,1.270,-0.738
2025-12-04T19:15:05.058570,-3.648,-5.849,1.270,-0.738
2025-12-04T19:15:05.076647,-3.648,-5.849,1.270,-0.738
2025-12-04T19:15:05.095575,-3.648,-5.849,1.270,-0.738
2025-12-04T19:15:05.111340,-3.648,-5.849,1.270,-0.738
2025-12-04T19:15:05.128060,-3.648,-5.849,1.270,-0.738
2025-12-04T19:15:05.144219,-3.648,-5.849,1.270,-0.738
2025-12-04T19:15:05.160461,-3.648,-5.849,1.270,-0.738
2025-12-04T19:15:05.172234,-3.648,-5.849,1.270,-0.738
2025-12-04T19:15:05.187027,-3.648,-5.849,1.270,-0.738
2025-12-04T19:15:05.200819,-3.648,-5.849,1.270,-0.738
2025-12-04T19:15:05.216253,-3.648,-5.849,1.270,-0.738
2025-12-04T19:15:05.231994,-3.648,-5.849,1.270,-0.738
2025-12-04T19:15:05.248583,-3.648,-5.849,1.270,-0.738
2025-12-04T19:15:05.263879,-3.648,-5.849,1.270,-0.738
2025-12-04T19:15:05.281226,-3.648,-5.849,1.270,-0.738
2025-12-04T19:15:05.299480,-3.648,-5.849,1.270,-0.738
2025-12-04T19:15:05.318803,-3.648,-5.849,1.270,-0.738
2025-12-04T19:15:05.336161,-3.648,-5.849,1.270,-0.738
2025-12-04T19:15:05.356129,-3.648,-5.849,1.270,-0.738
2025-12-04T19:15:05.372050,-3.648,-5.849,1.270,-0.738
2025-12-04T19:15:05.389473,-3.648,-5.849,1.270,-0.738
2025-12-04T19:15:05.405776,-3.648,-5.849,1.270,-0.738
2025-12-04T19:15:05.422359,-3.648,-5.849,1.270,-0.738
2025-12-04T19:15:05.437652,-3.648,-5.849,1.270,-0.738
2025-12-04T19:15:05.453186,-3.648,-5.849,1.270,-0.738
2025-12-04T19:15:05.466980,-3.648,-5.849,1.270,-0.738
2025-12-04T19:15:05.483394,-3.648,-5.849,1.270,-0.738
2025-12-04T19:15:05.499213,-3.648,-5.849,1.270,-0.738
2025-12-04T19:15:05.516042,-3.648,-5.849,1.270,-0.738
2025-12-04T19:15:05.533353,-3.648,-5.849,1.270,-0.738
2025-12-04T19:15:05.551334,-3.648,-5.849,1.270,-0.738
2025-12-04T19:15:05.568091,-3.648,-5.849,1.270,-0.738
2025-12-04T19:15:05.585206,-3.648,-5.849,1.270,-0.738
2025-12-04T19:15:05.602773,-3.648,-5.849,1.270,-0.738
2025-12-04T19:15:05.625664,-3.648,-5.849,1.270,-0.738
2025-12-04T19:15:05.640656,-3.648,-5.849,1.270,-0.738
2025-12-04T19:15:05.658480,-3.648,-5.849,1.270,-0.738
2025-12-04T19:15:05.674248,-3.648,-5.849,1.270,-0.738
2025-12-04T19:15:05.690010,-3.648,-5.849,1.270,-0.738
2025-12-04T19:15:05.706674,-3.648,-5.849,1.270,-0.738
2025-12-04T19:15:05.720132,-3.648,-5.849,1.270,-0.738
2025-12-04T19:15:05.734495,-3.648,-5.849,1.270,-0.738
2025-12-04T19:15:05.750395,-3.648,-5.849,1.270,-0.738
2025-12-04T19:15:05.762114,-3.648,-5.849,1.270,-0.738
2025-12-04T19:15:05.777377,-3.648,-5.849,1.270,-0.738
2025-12-04T19:15:05.791625,-3.648,-5.849,1.270,-0.738
2025-12-04T19:15:05.810057,-3.648,-5.849,1.270,-0.738
2025-12-04T19:15:05.826703,-3.648,-5.849,1.270,-0.738
2025-12-04T19:15:05.844411,-3.648,-5.849,1.270,-0.738
2025-12-04T19:15:05.861755,-3.648,-5.849,1.270,-0.738
2025-12-04T19:15:05.878523,-3.648,-5.849,1.270,-0.738
2025-12-04T19:15:05.898458,-3.648,-5.849,1.270,-0.738
2025-12-04T19:15:05.912563,-3.648,-5.849,1.270,-0.738
2025-12-04T19:15:05.932465,-3.648,-5.849,1.270,-0.738
2025-12-04T19:15:05.948589,-3.648,-5.849,1.270,-0.738
2025-12-04T19:15:05.965332,-3.648,-5.849,1.270,-0.738
2025-12-04T19:15:05.982247,-3.648,-5.849,1.270,-0.738
2025-12-04T19:15:05.998749,-3.648,-5.849,1.270,-0.738
2025-12-04T19:15:06.014094,-3.648,-5.849,1.270,-0.738
2025-12-04T19:15:06.029764,-3.648,-5.849,1.270,-0.738
2025-12-04T19:15:06.041621,-3.648,-5.849,1.270,-0.738
2025-12-04T19:15:06.059064,-3.648,-5.849,1.270,-0.738
2025-12-04T19:15:06.074602,-3.648,-5.849,1.270,-0.738
2025-12-04T19:15:06.092030,-3.648,-5.849,1.270,-0.738
2025-12-04T19:15:06.108750,-3.648,-5.849,1.270,-0.738
2025-12-04T19:15:06.126099,-3.648,-5.849,1.270,-0.738
2025-12-04T19:15:06.143939,-3.648,-5.849,1.270,-0.738
2025-12-04T19:15:06.161560,-3.648,-5.849,1.270,-0.738
2025-12-04T19:15:06.178431,-3.648,-5.849,1.270,-0.738
2025-12-04T19:15:06.195456,-3.648,-5.849,1.270,-0.738
2025-12-04T19:15:06.211493,-3.648,-5.849,1.270,-0.738
2025-12-04T19:15:06.227998,-3.648,-5.849,1.270,-0.738
2025-12-04T19:15:06.243139,-3.648,-5.849,1.270,-0.738
2025-12-04T19:15:06.260413,-3.648,-5.849,1.270,-0.738
2025-12-04T19:15:06.274420,-3.648,-5.849,1.270,-0.738
2025-12-04T19:15:06.290110,-3.648,-5.849,1.270,-0.738
2025-12-04T19:15:06.303868,-3.648,-5.849,1.270,-0.738
2025-12-04T19:15:06.319680,-3.648,-5.849,1.270,-0.738
2025-12-04T19:15:06.335928,-3.648,-5.849,1.270,-0.738
2025-12-04T19:15:06.353055,-3.648,-5.849,1.270,-0.738
2025-12-04T19:15:06.371325,-3.648,-5.849,1.270,-0.738
2025-12-04T19:15:06.388964,-3.648,-5.849,1.270,-0.738
2025-12-04T19:15:06.406017,-3.648,-5.849,1.270,-0.738
2025-12-04T19:15:06.422881,-3.648,-5.849,1.270,-0.738
2025-12-04T19:15:06.439154,-3.648,-5.849,1.270,-0.738
2025-12-04T19:15:06.453533,-3.648,-5.849,1.270,-0.738
2025-12-04T19:15:06.470048,-3.648,-5.849,1.270,-0.738
2025-12-04T19:15:06.484065,-3.648,-5.849,1.270,-0.738
2025-12-04T19:15:06.498896,-3.648,-5.849,1.270,-0.738
2025-12-04T19:15:06.515155,-3.648,-5.849,1.270,-0.738
2025-12-04T19:15:06.530249,-3.648,-5.849,1.270,-0.738
2025-12-04T19:15:06.547585,-3.648,-5.849,1.270,-0.738
2025-12-04T19:15:06.563946,-3.648,-5.849,1.270,-0.738
2025-12-04T19:15:06.581418,-3.648,-5.849,1.270,-0.738
2025-12-04T19:15:06.599182,-3.648,-5.849,1.270,-0.738
2025-12-04T19:15:06.616072,-3.648,-5.849,1.270,-0.738
2025-12-04T19:15:06.634699,-3.648,-5.849,1.270,-0.738
2025-12-04T19:15:06.651810,-3.648,-5.849,1.270,-0.738
2025-12-04T19:15:06.668692,-3.648,-5.849,1.270,-0.738
2025-12-04T19:15:06.684716,-3.648,-5.849,1.270,-0.738
2025-12-04T19:15:06.700987,-3.648,-5.849,1.270,-0.738
2025-12-04T19:15:06.716146,-3.648,-5.849,1.270,-0.738
2025-12-04T19:15:06.731776,-3.648,-5.849,1.270,-0.738
2025-12-04T19:15:06.745845,-3.648,-5.849,1.270,-0.738
2025-12-04T19:15:06.761247,-3.648,-5.849,1.270,-0.738
2025-12-04T19:15:06.777132,-3.648,-5.849,1.270,-0.738
2025-12-04T19:15:06.794279,-3.648,-5.849,1.270,-0.738
2025-12-04T19:15:06.811134,-3.648,-5.849,1.270,-0.738
2025-12-04T19:15:06.829563,-3.648,-5.849,1.270,-0.738
2025-12-04T19:15:06.847255,-3.648,-5.849,1.270,-0.738
2025-12-04T19:15:06.865226,-3.648,-5.849,1.270,-0.738
2025-12-04T19:15:06.883569,-3.648,-5.849,1.270,-0.738
2025-12-04T19:15:06.901939,-3.648,-5.849,1.270,-0.738
2025-12-04T19:15:06.918281,-3.648,-5.849,1.270,-0.738
2025-12-04T19:15:06.934935,-3.648,-5.849,1.270,-0.738
2025-12-04T19:15:06.951499,-3.648,-5.849,1.270,-0.738
2025-12-04T19:15:06.966415,-3.648,-5.849,1.270,-0.738
2025-12-04T19:15:06.982047,-3.648,-5.849,1.270,-0.738
2025-12-04T19:15:06.995952,-3.648,-5.849,1.270,-0.738
2025-12-04T19:15:07.011541,-3.648,-5.849,1.270,-0.738
2025-12-04T19:15:07.028376,-3.648,-5.849,1.270,-0.738
2025-12-04T19:15:07.044557,-3.648,-5.849,1.270,-0.738
2025-12-04T19:15:07.063118,-3.648,-5.849,1.270,-0.738
2025-12-04T19:15:07.079391,-3.648,-5.849,1.270,-0.738
2025-12-04T19:15:07.097145,-3.648,-5.849,1.270,-0.738
2025-12-04T19:15:07.115292,-3.648,-5.849,1.270,-0.738
2025-12-04T19:15:07.132949,-3.648,-5.849,1.270,-0.738
2025-12-04T19:15:07.150111,-3.648,-5.849,1.270,-0.738
2025-12-04T19:15:07.196877,-3.648,-5.849,1.270,-0.738
