timestamp,x,y,z,orientation_z
2025-12-04T19:03:05.964523,0.000,5.000,1.270,0.000
2025-12-04T19:03:05.994134,0.000,5.000,1.270,0.000
2025-12-04T19:03:06.026331,0.000,5.000,1.270,0.000
2025-12-04T19:03:06.057255,0.000,5.000,1.270,0.000
2025-12-04T19:03:06.086810,0.000,5.000,1.270,0.000
2025-12-04T19:03:06.115752,0.000,5.000,1.270,0.000
2025-12-04T19:03:06.144985,0.000,5.000,1.270,0.000
2025-12-04T19:03:06.176386,0.000,5.000,1.270,0.000
2025-12-04T19:03:06.208927,0.000,5.000,1.270,0.000
2025-12-04T19:03:06.242917,0.000,5.000,1.270,0.000
2025-12-04T19:03:06.274672,0.000,5.000,1.270,0.000
2025-12-04T19:03:06.309906,0.000,5.000,1.270,0.000
2025-12-04T19:03:06.343492,0.000,5.000,1.270,0.000
2025-12-04T19:03:06.378512,0.000,5.000,1.270,0.000
2025-12-04T19:03:06.410240,0.000,5.000,1.270,0.000
2025-12-04T19:03:06.441671,0.000,5.000,1.270,0.000
2025-12-04T19:03:06.474493,0.000,5.000,1.270,0.000
2025-12-04T19:03:06.508791,0.000,5.000,1.270,0.000
2025-12-04T19:03:06.537224,0.000,5.000,1.270,0.000
2025-12-04T19:03:06.568340,0.000,5.000,1.270,0.000
2025-12-04T19:03:06.600525,0.000,5.000,1.270,0.000
2025-12-04T19:03:06.636280,0.000,5.000,1.270,0.000
2025-12-04T19:03:06.671754,0.000,5.000,1.270,0.000
2025-12-04T19:03:06.702927,0.000,5.000,1.270,0.000
2025-12-04T19:03:06.734783,0.000,5.000,1.270,0.000
2025-12-04T19:03:06.762064,0.000,5.000,1.270,0.000
2025-12-04T19:03:06.793533,0.000,5.000,1.270,0.000
2025-12-04T19:03:06.830176,0.000,5.000,1.270,0.000
2025-12-04T19:03:06.864383,0.000,5.000,1.270,0.000
2025-12-04T19:03:06.907383,0.000,5.000,1.270,0.000
2025-12-04T19:03:06.939190,0.000,5.000,1.270,0.000
2025-12-04T19:03:06.972435,0.000,5.000,1.270,0.000
2025-12-04T19:03:07.005702,0.000,5.000,1.270,0.000
2025-12-04T19:03:07.037934,0.000,5.000,1.270,0.000
2025-12-04T19:03:07.069447,0.000,5.000,1.270,0.000
2025-12-04T19:03:07.103153,0.000,5.000,1.270,0.000
2025-12-04T19:03:07.131755,0.000,5.000,1.270,0.000
2025-12-04T19:03:07.173606,0.000,5.000,1.270,0.000
2025-12-04T19:03:07.205202,0.000,5.000,1.270,0.000
2025-12-04T19:03:07.233258,0.000,5.000,1.270,0.000
2025-12-04T19:03:07.267057,0.000,5.000,1.270,0.000
2025-12-04T19:03:07.299499,0.000,5.000,1.270,0.000
2025-12-04T19:03:07.331095,0.000,5.000,1.270,0.000
2025-12-04T19:03:07.361364,0.000,5.000,1.270,0.000
2025-12-04T19:03:07.393093,0.000,5.000,1.270,0.000
2025-12-04T19:03:07.428407,0.000,5.000,1.270,0.000
2025-12-04T19:03:07.460480,0.000,5.000,1.270,0.000
2025-12-04T19:03:07.496828,0.000,5.000,1.270,0.000
2025-12-04T19:03:07.525758,0.000,5.000,1.270,0.000
2025-12-04T19:03:07.555337,0.000,5.000,1.270,0.000
2025-12-04T19:03:07.587347,0.000,5.000,1.270,0.000
2025-12-04T19:03:07.619854,0.000,5.000,1.270,0.000
2025-12-04T19:03:07.704677,0.000,5.000,1.270,0.000
2025-12-04T19:03:07.735283,0.000,5.000,1.270,0.000
2025-12-04T19:03:07.765201,0.000,5.000,1.270,0.000
2025-12-04T19:03:07.804942,0.000,5.000,1.270,0.000
2025-12-04T19:03:07.832997,0.000,5.000,1.270,0.000
2025-12-04T19:03:07.859706,0.000,5.000,1.270,0.000
2025-12-04T19:03:07.889264,0.000,5.000,1.270,0.000
2025-12-04T19:03:07.920787,0.000,5.000,1.270,0.000
2025-12-04T19:03:07.953226,0.000,5.000,1.270,0.000
2025-12-04T19:03:07.986283,0.000,5.000,1.270,0.000
2025-12-04T19:03:08.018439,0.000,5.000,1.270,0.000
2025-12-04T19:03:08.051559,0.000,5.000,1.270,0.000
2025-12-04T19:03:08.088970,0.000,5.000,1.270,0.000
2025-12-04T19:03:08.123684,0.000,5.000,1.270,0.000
2025-12-04T19:03:08.159369,0.000,5.000,1.270,0.000
2025-12-04T19:03:08.189055,0.000,5.000,1.270,0.000
2025-12-04T19:03:08.219231,0.000,5.000,1.270,0.000
2025-12-04T19:03:08.250589,0.000,5.000,1.270,0.000
2025-12-04T19:03:08.284944,0.000,5.000,1.270,0.000
2025-12-04T19:03:08.320060,0.000,5.000,1.270,0.000
2025-12-04T19:03:08.346604,0.000,5.000,1.270,0.000
2025-12-04T19:03:08.380762,0.000,5.000,1.270,0.000
2025-12-04T19:03:08.415342,0.000,5.000,1.270,0.000
2025-12-04T19:03:08.452222,0.000,5.000,1.270,0.000
2025-12-04T19:03:08.480483,0.000,5.000,1.270,0.000
2025-12-04T19:03:08.508289,0.000,5.000,1.270,0.000
2025-12-04T19:03:08.538834,0.000,5.000,1.270,0.000
2025-12-04T19:03:08.572220,0.000,5.000,1.270,0.000
2025-12-04T19:03:08.601929,0.000,5.000,1.270,0.000
2025-12-04T19:03:08.635418,0.000,5.000,1.270,0.000
2025-12-04T19:03:08.672147,0.000,5.000,1.270,0.000
2025-12-04T19:03:08.707214,0.000,5.000,1.270,0.000
2025-12-04T19:03:08.739159,0.000,5.000,1.270,0.000
2025-12-04T19:03:08.787454,0.000,5.000,1.270,0.000
2025-12-04T19:03:08.806193,0.000,5.000,1.270,0.000
2025-12-04T19:03:08.838445,0.000,5.000,1.270,0.000
2025-12-04T19:03:08.870106,0.000,5.000,1.270,0.000
2025-12-04T19:03:08.898031,0.000,5.000,1.270,0.000
2025-12-04T19:03:08.930701,0.000,5.000,1.270,0.000
2025-12-04T19:03:08.960954,0.000,5.000,1.270,0.000
2025-12-04T19:03:08.991020,0.000,5.000,1.270,0.000
2025-12-04T19:03:09.027290,0.000,5.000,1.270,0.000
2025-12-04T19:03:09.060577,0.000,5.000,1.270,0.000
2025-12-04T19:03:09.093960,0.000,5.000,1.270,0.000
2025-12-04T19:03:09.128954,0.000,5.000,1.270,0.000
2025-12-04T19:03:09.160767,0.000,5.000,1.270,0.000
2025-12-04T19:03:09.194426,0.000,5.000,1.270,0.000
2025-12-04T19:03:09.225628,0.000,5.000,1.270,0.000
2025-12-04T19:03:09.254675,0.000,5.000,1.270,0.000
2025-12-04T19:03:09.285616,0.000,5.000,1.270,0.000
2025-12-04T19:03:09.318140,0.000,5.000,1.270,0.000
2025-12-04T19:03:09.349646,0.000,5.000,1.270,0.000
2025-12-04T19:03:09.382616,0.000,5.000,1.270,0.000
2025-12-04T19:03:09.416606,0.000,5.000,1.270,0.000
2025-12-04T19:03:09.448190,0.000,5.000,1.270,0.000
2025-12-04T19:03:09.483353,0.000,5.000,1.270,0.000
2025-12-04T19:03:09.520039,0.000,5.000,1.270,0.000
2025-12-04T19:03:09.545398,0.000,5.000,1.270,0.000
2025-12-04T19:03:09.578308,0.000,5.000,1.270,0.000
2025-12-04T19:03:09.609155,0.000,5.000,1.270,0.000
2025-12-04T19:03:09.641032,0.000,5.000,1.270,0.000
2025-12-04T19:03:09.673598,0.000,5.000,1.270,0.000
2025-12-04T19:03:09.706341,0.000,5.000,1.270,0.000
2025-12-04T19:03:09.738604,0.000,5.000,1.270,0.000
2025-12-04T19:03:09.769616,0.000,5.000,1.270,0.000
2025-12-04T19:03:09.803173,0.000,5.000,1.270,0.000
2025-12-04T19:03:09.835026,0.000,5.000,1.270,0.000
2025-12-04T19:03:09.867455,0.000,5.000,1.270,0.000
2025-12-04T19:03:09.902279,0.000,5.000,1.270,0.000
2025-12-04T19:03:09.930948,0.000,5.000,1.270,0.000
2025-12-04T19:03:09.964173,0.000,5.000,1.270,0.000
2025-12-04T19:03:09.999435,0.000,5.000,1.270,0.000
2025-12-04T19:03:10.040009,0.000,5.000,1.270,0.000
2025-12-04T19:03:10.075188,0.000,5.000,1.270,0.000
2025-12-04T19:03:10.107706,0.000,5.000,1.270,0.000
2025-12-04T19:03:10.141821,0.000,5.000,1.270,0.000
2025-12-04T19:03:10.174326,0.000,5.000,1.270,0.000
2025-12-04T19:03:10.202050,0.000,5.000,1.270,0.000
2025-12-04T19:03:10.234093,0.000,5.000,1.270,0.000
2025-12-04T19:03:10.266012,0.000,5.000,1.270,0.000
2025-12-04T19:03:10.292317,0.000,5.000,1.270,0.000
2025-12-04T19:03:10.327090,0.000,5.000,1.270,0.000
2025-12-04T19:03:10.359090,0.000,5.000,1.270,0.000
2025-12-04T19:03:10.396831,0.000,5.000,1.270,0.000
2025-12-04T19:03:10.428266,0.000,5.000,1.270,0.000
2025-12-04T19:03:10.459525,0.000,5.000,1.270,0.000
2025-12-04T19:03:10.492912,0.000,5.000,1.270,0.000
2025-12-04T19:03:10.522738,0.000,5.000,1.270,0.000
2025-12-04T19:03:10.559185,0.000,5.000,1.270,0.000
2025-12-04T19:03:10.586256,0.000,5.000,1.270,0.000
2025-12-04T19:03:10.620885,0.000,5.000,1.270,0.000
2025-12-04T19:03:10.654220,0.000,5.000,1.270,0.000
2025-12-04T19:03:10.688787,0.000,5.000,1.270,0.000
2025-12-04T19:03:10.726216,0.000,5.000,1.270,0.000
2025-12-04T19:03:10.757306,0.000,5.000,1.270,0.000
2025-12-04T19:03:10.791147,0.000,5.000,1.270,0.000
2025-12-04T19:03:10.821274,0.000,5.000,1.270,0.000
2025-12-04T19:03:10.851519,0.000,5.000,1.270,0.000
2025-12-04T19:03:10.882468,0.000,5.000,1.270,0.000
2025-12-04T19:03:10.912272,0.000,5.000,1.270,0.000
2025-12-04T19:03:10.943676,0.000,5.000,1.270,0.000
2025-12-04T19:03:10.977974,0.000,5.000,1.270,0.000
2025-12-04T19:03:11.007807,0.000,5.000,1.270,0.000
2025-12-04T19:03:11.042809,0.000,5.000,1.270,0.000
2025-12-04T19:03:11.080367,0.000,5.000,1.270,0.000
2025-12-04T19:03:11.112148,0.000,5.000,1.270,0.000
2025-12-04T19:03:11.144422,0.000,5.000,1.270,0.000
2025-12-04T19:03:11.176337,0.000,5.000,1.270,0.000
2025-12-04T19:03:11.207246,0.000,5.000,1.270,0.000
2025-12-04T19:03:11.239778,0.000,5.000,1.270,0.000
2025-12-04T19:03:11.275011,0.000,5.000,1.270,0.000
2025-12-04T19:03:11.305113,0.000,5.000,1.270,0.000
2025-12-04T19:03:11.338935,0.000,5.000,1.270,0.000
2025-12-04T19:03:11.374922,0.000,5.000,1.270,0.000
2025-12-04T19:03:11.410709,0.000,5.000,1.270,0.000
2025-12-04T19:03:11.446623,0.000,5.000,1.270,0.000
2025-12-04T19:03:11.473478,0.000,5.000,1.270,0.000
2025-12-04T19:03:11.507238,0.000,5.000,1.270,0.000
2025-12-04T19:03:11.542506,0.000,5.000,1.270,0.000
2025-12-04T19:03:11.569199,0.000,5.000,1.270,0.000
2025-12-04T19:03:11.600833,0.000,5.000,1.270,0.000
2025-12-04T19:03:11.636977,0.000,5.000,1.270,0.000
2025-12-04T19:03:11.667144,0.000,5.000,1.270,0.000
2025-12-04T19:03:11.699674,0.000,5.000,1.270,0.000
2025-12-04T19:03:11.734261,0.000,5.000,1.270,0.000
2025-12-04T19:03:11.763737,0.000,5.000,1.270,0.000
2025-12-04T19:03:11.797408,0.000,5.000,1.270,0.000
2025-12-04T19:03:11.828786,0.000,5.000,1.270,0.000
2025-12-04T19:03:11.856321,0.000,5.000,1.270,0.000
2025-12-04T19:03:11.888436,0.000,5.000,1.270,0.000
2025-12-04T19:03:11.926726,0.000,5.000,1.270,0.000
2025-12-04T19:03:11.960672,0.000,5.000,1.270,0.000
2025-12-04T19:03:11.994385,0.000,5.000,1.270,0.000
2025-12-04T19:03:12.024741,0.000,5.000,1.270,0.000
2025-12-04T19:03:12.057162,0.000,5.000,1.270,0.000
2025-12-04T19:03:12.083094,0.000,5.000,1.270,0.000
2025-12-04T19:03:12.113473,0.000,5.000,1.270,0.000
2025-12-04T19:03:12.147304,0.000,5.000,1.270,0.000
2025-12-04T19:03:12.177841,0.000,5.000,1.270,0.000
2025-12-04T19:03:12.212439,0.000,5.000,1.270,0.000
2025-12-04T19:03:12.246280,0.000,5.000,1.270,0.000
2025-12-04T19:03:12.280236,0.000,5.000,1.270,0.000
2025-12-04T19:03:12.314282,0.000,5.000,1.270,0.000
2025-12-04T19:03:12.345008,0.000,5.000,1.270,0.000
2025-12-04T19:03:12.378860,0.000,5.000,1.270,0.000
2025-12-04T19:03:12.407374,0.000,5.000,1.270,0.000
2025-12-04T19:03:12.442654,0.000,5.000,1.270,0.000
2025-12-04T19:03:12.472367,0.000,5.000,1.270,0.000
2025-12-04T19:03:12.506116,0.000,5.000,1.270,0.000
2025-12-04T19:03:12.538140,0.000,5.000,1.270,0.000
2025-12-04T19:03:12.572282,0.000,5.000,1.270,0.000
2025-12-04T19:03:12.611762,0.000,5.000,1.270,0.000
2025-12-04T19:03:12.641307,0.000,5.000,1.270,0.000
2025-12-04T19:03:12.674499,0.000,5.000,1.270,0.000
2025-12-04T19:03:12.703477,0.000,5.000,1.270,0.000
2025-12-04T19:03:12.735803,0.000,5.000,1.270,0.000
2025-12-04T19:03:12.766703,0.000,5.000,1.270,0.000
2025-12-04T19:03:12.798379,0.000,5.000,1.270,0.000
2025-12-04T19:03:12.828383,0.000,5.000,1.270,0.000
2025-12-04T19:03:12.860804,0.000,5.000,1.270,0.000
2025-12-04T19:03:12.896641,0.000,5.000,1.270,0.000
2025-12-04T19:03:12.930376,0.000,5.000,1.270,0.000
2025-12-04T19:03:12.961783,0.000,5.000,1.270,0.000
2025-12-04T19:03:12.996198,0.000,5.000,1.270,0.000
2025-12-04T19:03:13.025206,0.000,5.000,1.270,0.000
2025-12-04T19:03:13.061140,0.000,5.000,1.270,0.000
2025-12-04T19:03:13.088424,0.000,5.000,1.270,0.000
2025-12-04T19:03:13.124443,0.000,5.000,1.270,0.000
2025-12-04T19:03:13.153907,0.000,5.000,1.270,0.000
2025-12-04T19:03:13.190036,0.000,5.000,1.270,0.000
2025-12-04T19:03:13.219163,0.000,5.000,1.270,0.000
2025-12-04T19:03:13.250955,0.000,5.000,1.270,0.000
2025-12-04T19:03:13.285119,0.000,5.000,1.270,0.000
2025-12-04T19:03:13.317230,0.000,5.000,1.270,0.000
2025-12-04T19:03:13.351609,0.000,5.000,1.270,0.000
2025-12-04T19:03:13.387078,0.000,5.000,1.270,0.000
2025-12-04T19:03:13.417426,0.000,5.000,1.270,0.000
2025-12-04T19:03:13.449522,0.000,5.000,1.270,0.000
2025-12-04T19:03:13.477758,0.000,5.000,1.270,0.000
2025-12-04T19:03:13.510505,0.000,5.000,1.270,0.000
2025-12-04T19:03:13.542024,0.000,5.000,1.270,0.000
2025-12-04T19:03:13.575685,0.000,5.000,1.270,0.000
2025-12-04T19:03:13.609498,0.000,5.000,1.270,0.000
2025-12-04T19:03:13.643030,0.000,5.000,1.270,0.000
2025-12-04T19:03:13.674688,0.000,5.000,1.270,0.000
2025-12-04T19:03:13.708038,0.000,5.000,1.270,0.000
2025-12-04T19:03:13.738463,0.000,5.000,1.270,0.000
2025-12-04T19:03:13.772967,0.000,5.000,1.270,0.000
2025-12-04T19:03:13.801635,0.000,5.000,1.270,0.000
2025-12-04T19:03:13.837402,0.000,5.000,1.270,0.000
2025-12-04T19:03:13.870830,0.000,5.000,1.270,0.000
2025-12-04T19:03:13.904291,0.000,5.000,1.270,0.000
2025-12-04T19:03:13.933484,0.000,5.000,1.270,0.000
2025-12-04T19:03:13.965549,0.000,5.000,1.270,0.000
2025-12-04T19:03:13.997563,0.000,5.000,1.270,0.000
2025-12-04T19:03:14.031549,0.000,5.000,1.270,0.000
2025-12-04T19:03:14.061734,0.000,5.000,1.270,0.000
2025-12-04T19:03:14.095887,0.000,5.000,1.270,0.000
2025-12-04T19:03:14.128885,0.000,5.000,1.270,0.000
2025-12-04T19:03:14.160954,0.000,5.000,1.270,0.000
2025-12-04T19:03:14.192285,0.000,5.000,1.270,0.000
2025-12-04T19:03:14.224017,0.000,5.000,1.270,0.000
2025-12-04T19:03:14.255084,0.000,5.000,1.270,0.000
2025-12-04T19:03:14.284499,0.000,5.000,1.270,0.000
2025-12-04T19:03:14.317054,0.000,5.000,1.270,0.000
2025-12-04T19:03:14.350929,0.000,5.000,1.270,0.000
2025-12-04T19:03:14.386451,0.000,5.000,1.270,0.000
2025-12-04T19:03:14.420001,0.000,5.000,1.270,0.000
2025-12-04T19:03:14.451580,0.000,5.000,1.270,0.000
2025-12-04T19:03:14.482358,0.000,5.000,1.270,0.000
2025-12-04T19:03:14.511587,0.000,5.000,1.270,0.000
2025-12-04T19:03:14.543479,0.000,5.000,1.270,0.000
2025-12-04T19:03:14.575187,0.000,5.000,1.270,0.000
2025-12-04T19:03:14.618177,0.000,5.000,1.270,0.000
2025-12-04T19:03:14.664284,0.000,5.000,1.270,0.000
2025-12-04T19:03:14.696951,0.000,5.000,1.270,0.000
2025-12-04T19:03:14.735542,0.000,5.000,1.270,0.000
2025-12-04T19:03:14.773131,0.000,5.000,1.270,0.000
2025-12-04T19:03:14.807020,0.000,5.000,1.270,0.000
2025-12-04T19:03:14.836666,0.000,5.000,1.270,0.000
2025-12-04T19:03:14.870433,0.000,5.000,1.270,0.000
2025-12-04T19:03:14.903901,0.000,5.000,1.270,0.000
2025-12-04T19:03:14.939317,0.000,5.000,1.270,0.000
2025-12-04T19:03:14.970765,0.000,5.000,1.270,0.000
2025-12-04T19:03:15.007824,0.000,5.000,1.270,0.000
2025-12-04T19:03:15.038349,0.000,5.000,1.270,0.000
2025-12-04T19:03:15.075013,0.000,5.000,1.270,0.000
2025-12-04T19:03:15.105678,0.000,5.000,1.270,0.000
2025-12-04T19:03:15.138930,0.000,5.000,1.270,0.000
2025-12-04T19:03:15.171557,0.000,5.000,1.270,0.000
2025-12-04T19:03:15.203546,0.000,5.000,1.270,0.000
2025-12-04T19:03:15.206437,0.000,5.000,1.270,0.000
2025-12-04T19:03:15.235934,0.000,5.000,1.270,0.000
2025-12-04T19:03:15.269429,0.000,5.000,1.270,0.000
2025-12-04T19:03:15.290053,0.000,5.000,1.270,0.000
2025-12-04T19:03:15.311660,0.000,5.000,1.270,0.000
2025-12-04T19:03:15.338237,0.000,5.000,1.270,0.000
2025-12-04T19:03:15.362461,0.000,5.000,1.270,0.000
2025-12-04T19:03:15.389176,0.000,5.000,1.270,0.000
2025-12-04T19:03:15.416152,0.000,5.000,1.270,0.000
2025-12-04T19:03:15.443590,0.000,5.000,1.270,0.000
2025-12-04T19:03:15.475754,0.000,5.000,1.270,0.000
2025-12-04T19:03:15.539174,0.000,5.000,1.270,0.000
2025-12-04T19:03:15.607852,0.000,5.000,1.270,0.000
2025-12-04T19:03:15.630545,0.000,5.000,1.270,0.000
2025-12-04T19:03:15.662776,0.000,5.000,1.270,0.000
2025-12-04T19:03:15.693717,0.000,5.000,1.270,0.000
2025-12-04T19:03:15.724437,0.000,5.000,1.270,0.000
2025-12-04T19:03:15.758077,0.000,5.000,1.270,0.000
2025-12-04T19:03:15.795853,0.000,5.000,1.270,0.000
2025-12-04T19:03:15.828266,0.000,5.000,1.270,0.000
2025-12-04T19:03:15.861051,0.000,5.000,1.270,0.000
2025-12-04T19:03:15.884713,0.000,5.000,1.270,0.000
2025-12-04T19:03:15.917444,0.000,5.000,1.270,0.000
2025-12-04T19:03:15.955510,0.000,5.000,1.270,0.000
2025-12-04T19:03:15.984550,0.000,5.000,1.270,0.000
2025-12-04T19:03:16.022124,0.000,5.000,1.270,0.000
2025-12-04T19:03:16.056477,0.000,5.000,1.270,0.000
2025-12-04T19:03:16.088984,0.000,5.000,1.270,0.000
2025-12-04T19:03:16.124287,0.000,5.000,1.270,0.000
2025-12-04T19:03:16.161102,0.000,5.000,1.270,0.000
2025-12-04T19:03:16.179182,0.000,5.000,1.270,0.000
2025-12-04T19:03:16.204461,0.000,5.000,1.270,0.000
2025-12-04T19:03:16.227571,0.000,5.000,1.270,0.000
2025-12-04T19:03:16.252497,0.000,5.000,1.270,0.000
2025-12-04T19:03:16.279698,0.000,5.000,1.270,0.000
2025-12-04T19:03:16.308531,0.000,5.000,1.270,0.000
2025-12-04T19:03:16.337394,0.000,5.000,1.270,0.000
2025-12-04T19:03:16.369597,0.000,5.000,1.270,0.000
2025-12-04T19:03:16.396208,0.000,5.000,1.270,0.000
2025-12-04T19:03:16.427360,0.000,5.000,1.270,0.000
2025-12-04T19:03:16.457604,0.000,5.000,1.270,0.000
2025-12-04T19:03:16.490757,0.000,5.000,1.270,0.000
2025-12-04T19:03:16.529541,0.000,5.000,1.270,0.000
2025-12-04T19:03:16.562348,0.000,5.000,1.270,0.000
2025-12-04T19:03:16.593858,0.000,5.000,1.270,0.000
2025-12-04T19:03:16.629079,0.000,5.000,1.270,0.000
2025-12-04T19:03:16.656731,0.000,5.000,1.270,0.000
2025-12-04T19:03:16.692706,0.000,5.000,1.270,0.000
2025-12-04T19:03:16.724048,0.000,5.000,1.270,0.000
2025-12-04T19:03:16.757231,0.000,5.000,1.270,0.000
2025-12-04T19:03:16.790586,0.000,5.000,1.270,0.000
2025-12-04T19:03:16.824127,0.000,5.000,1.270,0.000
2025-12-04T19:03:16.854251,0.000,5.000,1.270,0.000
2025-12-04T19:03:16.887023,0.000,5.000,1.270,0.000
2025-12-04T19:03:16.919594,0.000,5.000,1.270,0.000
2025-12-04T19:03:16.953411,0.000,5.000,1.270,0.000
2025-12-04T19:03:16.990212,0.000,5.000,1.270,0.000
2025-12-04T19:03:17.016626,0.000,5.000,1.270,0.000
2025-12-04T19:03:17.049074,0.000,5.000,1.270,0.000
2025-12-04T19:03:17.084727,0.000,5.000,1.270,0.000
2025-12-04T19:03:17.117628,0.000,5.000,1.270,0.000
2025-12-04T19:03:17.145513,0.000,5.000,1.270,0.000
2025-12-04T19:03:17.180649,0.000,5.000,1.270,0.000
2025-12-04T19:03:17.211762,0.000,5.000,1.270,0.000
2025-12-04T19:03:17.247154,0.000,5.000,1.270,0.000
2025-12-04T19:03:17.283458,0.000,5.000,1.270,0.000
2025-12-04T19:03:17.311884,0.000,5.000,1.270,0.000
2025-12-04T19:03:17.345668,0.000,5.000,1.270,0.000
2025-12-04T19:03:17.379159,0.000,5.000,1.270,0.000
2025-12-04T19:03:17.410134,0.000,5.000,1.270,0.000
2025-12-04T19:03:17.443397,0.000,5.000,1.270,0.000
2025-12-04T19:03:17.473005,0.000,5.000,1.270,0.000
2025-12-04T19:03:17.499798,0.000,5.000,1.270,0.000
2025-12-04T19:03:17.533072,0.000,5.000,1.270,0.000
2025-12-04T19:03:17.564463,0.000,5.000,1.270,0.000
2025-12-04T19:03:17.596560,0.000,5.000,1.270,0.000
2025-12-04T19:03:17.631473,0.000,5.000,1.270,0.000
2025-12-04T19:03:17.667475,0.000,5.000,1.270,0.000
2025-12-04T19:03:17.701094,0.000,5.000,1.270,0.000
2025-12-04T19:03:17.732812,0.000,5.000,1.270,0.000
2025-12-04T19:03:17.764497,0.000,5.000,1.270,0.000
2025-12-04T19:03:17.796666,0.000,5.000,1.270,0.000
2025-12-04T19:03:17.828832,0.000,5.000,1.270,0.000
2025-12-04T19:03:17.860143,0.000,5.000,1.270,0.000
2025-12-04T19:03:17.894645,0.000,5.000,1.270,0.000
2025-12-04T19:03:17.926664,0.000,5.000,1.270,0.000
2025-12-04T19:03:17.960977,0.000,5.000,1.270,0.000
2025-12-04T19:03:17.993369,0.000,5.000,1.270,0.000
2025-12-04T19:03:18.026011,0.000,5.000,1.270,0.000
2025-12-04T19:03:18.060224,0.000,5.000,1.270,0.000
2025-12-04T19:03:18.094955,0.000,5.000,1.270,0.000
2025-12-04T19:03:18.127663,0.000,5.000,1.270,0.000
2025-12-04T19:03:18.155360,0.000,5.000,1.270,0.000
2025-12-04T19:03:18.188750,0.000,5.000,1.270,0.000
2025-12-04T19:03:18.218738,0.000,5.000,1.270,0.000
2025-12-04T19:03:18.252120,0.000,5.000,1.270,0.000
2025-12-04T19:03:18.281766,0.000,5.000,1.270,0.000
2025-12-04T19:03:18.313137,0.000,5.000,1.270,0.000
2025-12-04T19:03:18.349708,0.000,5.000,1.270,0.000
2025-12-04T19:03:18.388276,0.000,5.000,1.270,0.000
2025-12-04T19:03:18.423330,0.000,5.000,1.270,0.000
2025-12-04T19:03:18.457991,0.000,5.000,1.270,0.000
2025-12-04T19:03:18.491967,0.000,5.000,1.270,0.000
2025-12-04T19:03:18.519288,0.000,5.000,1.270,0.000
2025-12-04T19:03:18.551462,0.000,5.000,1.270,0.000
2025-12-04T19:03:18.586059,0.000,5.000,1.270,0.000
2025-12-04T19:03:18.612554,0.000,5.000,1.270,0.000
2025-12-04T19:03:18.646077,0.000,5.000,1.270,0.000
2025-12-04T19:03:18.680793,0.000,5.000,1.270,0.000
2025-12-04T19:03:18.712041,0.000,5.000,1.270,0.000
2025-12-04T19:03:18.747227,0.000,5.000,1.270,0.000
2025-12-04T19:03:18.782833,0.000,5.000,1.270,0.000
2025-12-04T19:03:18.814411,0.000,5.000,1.270,0.000
2025-12-04T19:03:18.847327,0.000,5.000,1.270,0.000
2025-12-04T19:03:18.878785,0.000,5.000,1.270,0.000
2025-12-04T19:03:18.910125,0.000,5.000,1.270,0.000
2025-12-04T19:03:18.941158,0.000,5.000,1.270,0.000
2025-12-04T19:03:18.974141,0.000,5.000,1.270,0.000
2025-12-04T19:03:19.008904,0.000,5.000,1.270,0.000
2025-12-04T19:03:19.042451,0.000,5.000,1.270,0.000
2025-12-04T19:03:19.075707,0.000,5.000,1.270,0.000
2025-12-04T19:03:19.106559,0.000,5.000,1.270,0.000
2025-12-04T19:03:19.139964,0.000,5.000,1.270,0.000
2025-12-04T19:03:19.170797,0.000,5.000,1.270,0.000
2025-12-04T19:03:19.202406,0.000,5.000,1.270,0.000
2025-12-04T19:03:19.235833,0.000,5.000,1.270,0.000
2025-12-04T19:03:19.267061,0.000,5.000,1.270,0.000
2025-12-04T19:03:19.299717,0.000,5.000,1.270,0.000
2025-12-04T19:03:19.334146,0.000,5.000,1.270,0.000
2025-12-04T19:03:19.367567,0.000,5.000,1.270,0.000
2025-12-04T19:03:19.394336,0.000,5.000,1.270,0.000
2025-12-04T19:03:19.428695,0.000,5.000,1.270,0.000
2025-12-04T19:03:19.461620,0.000,5.000,1.270,0.000
2025-12-04T19:03:19.495662,0.000,5.000,1.270,0.000
2025-12-04T19:03:19.530785,0.000,5.000,1.270,0.000
2025-12-04T19:03:19.562751,0.000,5.000,1.270,0.000
2025-12-04T19:03:19.592901,0.000,5.000,1.270,0.000
2025-12-04T19:03:19.622964,0.000,5.000,1.270,0.000
2025-12-04T19:03:19.653901,0.000,5.000,1.270,0.000
2025-12-04T19:03:19.689177,0.000,5.000,1.270,0.000
2025-12-04T19:03:19.720282,0.000,5.000,1.270,0.000
2025-12-04T19:03:19.752266,0.000,5.000,1.270,0.000
2025-12-04T19:03:19.784457,0.000,5.000,1.270,0.000
2025-12-04T19:03:19.819876,0.000,5.000,1.270,0.000
2025-12-04T19:03:19.856095,0.000,5.000,1.270,0.000
2025-12-04T19:03:19.892487,0.000,5.000,1.270,0.000
2025-12-04T19:03:19.924726,0.000,5.000,1.270,0.000
2025-12-04T19:03:19.957708,0.000,5.000,1.270,0.000
2025-12-04T19:03:19.990775,0.000,5.000,1.270,0.000
2025-12-04T19:03:20.022812,0.000,5.000,1.270,0.000
2025-12-04T19:03:20.052850,0.000,5.000,1.270,0.000
2025-12-04T19:03:20.082974,0.000,5.000,1.270,0.000
2025-12-04T19:03:20.114597,0.000,5.000,1.270,0.000
2025-12-04T19:03:20.148385,0.000,5.000,1.270,0.000
2025-12-04T19:03:20.182958,0.000,5.000,1.270,0.000
2025-12-04T19:03:20.213434,0.000,5.000,1.270,0.000
2025-12-04T19:03:20.243867,0.000,5.000,1.270,0.000
2025-12-04T19:03:20.277927,0.000,5.000,1.270,0.000
2025-12-04T19:03:20.307225,0.000,5.000,1.270,0.000
2025-12-04T19:03:20.342849,0.000,5.000,1.270,0.000
2025-12-04T19:03:20.378499,0.000,5.000,1.270,0.000
2025-12-04T19:03:20.407489,0.000,5.000,1.270,0.000
2025-12-04T19:03:20.444626,0.000,5.000,1.270,0.000
2025-12-04T19:03:20.476192,0.000,5.000,1.270,0.000
2025-12-04T19:03:20.507414,0.000,5.000,1.270,0.000
2025-12-04T19:03:20.536817,0.000,5.000,1.270,0.000
2025-12-04T19:03:20.566711,0.000,5.000,1.270,0.000
2025-12-04T19:03:20.597980,0.000,5.000,1.270,0.000
2025-12-04T19:03:20.632471,0.000,5.000,1.270,0.000
2025-12-04T19:03:20.664911,0.000,5.000,1.270,0.000
2025-12-04T19:03:20.697146,0.000,5.000,1.270,0.000
2025-12-04T19:03:20.733372,0.000,5.000,1.270,0.000
2025-12-04T19:03:20.764347,0.000,5.000,1.270,0.000
2025-12-04T19:03:20.796780,0.000,5.000,1.270,0.000
2025-12-04T19:03:20.828276,0.000,5.000,1.270,0.000
2025-12-04T19:03:20.858906,0.000,5.000,1.270,0.000
2025-12-04T19:03:20.892563,0.000,5.000,1.270,0.000
2025-12-04T19:03:20.923324,0.000,5.000,1.270,0.000
2025-12-04T19:03:20.958276,0.000,5.000,1.270,0.000
2025-12-04T19:03:20.994825,0.000,5.000,1.270,0.000
2025-12-04T19:03:21.027057,0.000,5.000,1.270,0.000
2025-12-04T19:03:21.059603,0.000,5.000,1.270,0.000
2025-12-04T19:03:21.090805,0.000,5.000,1.270,0.000
2025-12-04T19:03:21.123188,0.000,5.000,1.270,0.000
2025-12-04T19:03:21.157553,0.000,5.000,1.270,0.000
2025-12-04T19:03:21.186275,0.000,5.000,1.270,0.000
2025-12-04T19:03:21.217594,0.000,5.000,1.270,0.000
2025-12-04T19:03:21.252028,0.000,5.000,1.270,0.000
2025-12-04T19:03:21.287987,0.000,5.000,1.270,0.000
2025-12-04T19:03:21.321387,0.000,5.000,1.270,0.000
2025-12-04T19:03:21.352979,0.000,5.000,1.270,0.000
2025-12-04T19:03:21.383099,0.000,5.000,1.270,0.000
2025-12-04T19:03:21.411729,0.000,5.000,1.270,0.000
2025-12-04T19:03:21.446151,0.000,5.000,1.270,0.000
2025-12-04T19:03:21.479184,0.000,5.000,1.270,0.000
2025-12-04T19:03:21.510206,0.000,5.000,1.270,0.000
2025-12-04T19:03:21.545963,0.000,5.000,1.270,0.000
2025-12-04T19:03:21.582592,0.000,5.000,1.270,0.000
2025-12-04T19:03:21.614536,0.000,5.000,1.270,0.000
2025-12-04T19:03:21.647366,0.000,5.000,1.270,0.000
2025-12-04T19:03:21.680791,0.000,5.000,1.270,0.000
2025-12-04T19:03:21.706748,0.000,5.000,1.270,0.000
2025-12-04T19:03:21.750738,0.000,5.000,1.270,0.000
2025-12-04T19:03:21.774363,0.000,5.000,1.270,0.000
2025-12-04T19:03:21.805375,0.000,5.000,1.270,0.000
2025-12-04T19:03:21.835092,0.000,5.000,1.270,0.000
2025-12-04T19:03:21.865796,0.000,5.000,1.270,0.000
2025-12-04T19:03:21.896730,0.000,5.000,1.270,0.000
2025-12-04T19:03:21.929001,0.000,5.000,1.270,0.000
2025-12-04T19:03:21.960133,0.000,5.000,1.270,0.000
2025-12-04T19:03:21.993929,0.000,5.000,1.270,0.000
2025-12-04T19:03:22.027196,0.000,5.000,1.270,0.000
2025-12-04T19:03:22.060256,0.000,5.000,1.270,0.000
2025-12-04T19:03:22.095890,0.000,5.000,1.270,0.000
2025-12-04T19:03:22.131867,0.000,5.000,1.270,0.000
2025-12-04T19:03:22.160459,0.000,5.000,1.270,0.000
2025-12-04T19:03:22.192690,0.000,5.000,1.270,0.000
2025-12-04T19:03:22.224647,0.000,5.000,1.270,0.000
2025-12-04T19:03:22.254295,0.000,5.000,1.270,0.000
2025-12-04T19:03:22.286747,0.000,5.000,1.270,0.000
2025-12-04T19:03:22.321113,0.000,5.000,1.270,0.000
2025-12-04T19:03:22.352669,0.000,5.000,1.270,0.000
2025-12-04T19:03:22.387039,0.000,5.000,1.270,0.000
2025-12-04T19:03:22.419235,0.000,5.000,1.270,0.000
2025-12-04T19:03:22.450847,0.000,5.000,1.270,0.000
2025-12-04T19:03:22.480616,0.000,5.000,1.270,0.000
2025-12-04T19:03:22.511652,0.000,5.000,1.270,0.000
2025-12-04T19:03:22.546870,0.000,5.000,1.270,0.000
2025-12-04T19:03:22.580761,0.000,5.000,1.270,0.000
2025-12-04T19:03:22.614459,0.000,5.000,1.270,0.000
2025-12-04T19:03:22.648470,0.000,5.000,1.270,0.000
2025-12-04T19:03:22.682234,0.000,5.000,1.270,0.000
2025-12-04T19:03:22.715110,0.000,5.000,1.270,0.000
2025-12-04T19:03:22.745906,0.000,5.000,1.270,0.000
2025-12-04T19:03:22.778065,0.000,5.000,1.270,0.000
2025-12-04T19:03:22.809421,0.000,5.000,1.270,0.000
2025-12-04T19:03:22.839285,0.000,5.000,1.270,0.000
2025-12-04T19:03:22.870104,0.000,5.000,1.270,0.000
2025-12-04T19:03:22.907954,0.000,5.000,1.270,0.000
2025-12-04T19:03:22.940902,0.000,5.000,1.270,0.000
2025-12-04T19:03:22.976930,0.000,5.000,1.270,0.000
2025-12-04T19:03:23.009136,0.000,5.000,1.270,0.000
2025-12-04T19:03:23.040883,0.000,5.000,1.270,0.000
2025-12-04T19:03:23.073512,0.000,5.000,1.270,0.000
2025-12-04T19:03:23.104833,0.000,5.000,1.270,0.000
2025-12-04T19:03:23.135352,0.000,5.000,1.270,0.000
2025-12-04T19:03:23.167050,0.000,5.000,1.270,0.000
2025-12-04T19:03:23.198784,0.000,5.000,1.270,0.000
2025-12-04T19:03:23.232426,0.000,5.000,1.270,0.000
2025-12-04T19:03:23.264578,0.000,5.000,1.270,0.000
2025-12-04T19:03:23.298627,0.000,5.000,1.270,0.000
2025-12-04T19:03:23.332214,0.000,5.000,1.270,0.000
2025-12-04T19:03:23.362741,0.000,5.000,1.270,0.000
2025-12-04T19:03:23.393944,0.000,5.000,1.270,0.000
2025-12-04T19:03:23.427177,0.000,5.000,1.270,0.000
2025-12-04T19:03:23.457294,0.000,5.000,1.270,0.000
2025-12-04T19:03:23.489928,0.000,5.000,1.270,0.000
2025-12-04T19:03:23.520611,0.000,5.000,1.270,0.000
2025-12-04T19:03:23.556093,0.000,5.000,1.270,0.000
2025-12-04T19:03:23.593457,0.000,5.000,1.270,0.000
2025-12-04T19:03:23.627788,0.000,5.000,1.270,0.000
2025-12-04T19:03:23.661395,0.000,5.000,1.270,0.000
2025-12-04T19:03:23.694358,0.000,5.000,1.270,0.000
2025-12-04T19:03:23.727063,0.000,5.000,1.270,0.000
2025-12-04T19:03:23.758442,0.000,5.000,1.270,0.000
2025-12-04T19:03:23.789220,0.000,5.000,1.270,0.000
2025-12-04T19:03:23.819949,0.000,5.000,1.270,0.000
2025-12-04T19:03:23.850236,0.000,5.000,1.270,0.000
2025-12-04T19:03:23.882857,0.000,5.000,1.270,0.000
2025-12-04T19:03:23.912581,0.000,5.000,1.270,0.000
2025-12-04T19:03:23.943800,0.000,5.000,1.270,0.000
2025-12-04T19:03:23.981829,0.000,5.000,1.270,0.000
2025-12-04T19:03:24.012948,0.000,5.000,1.270,0.000
2025-12-04T19:03:24.044848,0.000,5.000,1.270,0.000
2025-12-04T19:03:24.076599,0.000,5.000,1.270,0.000
2025-12-04T19:03:24.104550,0.000,5.000,1.270,0.000
2025-12-04T19:03:24.141818,0.000,5.000,1.270,0.000
2025-12-04T19:03:24.179359,0.000,5.000,1.270,0.000
2025-12-04T19:03:24.210893,0.000,5.000,1.270,0.000
2025-12-04T19:03:24.242065,0.000,5.000,1.270,0.000
2025-12-04T19:03:24.275593,0.000,5.000,1.270,0.000
2025-12-04T19:03:24.302447,0.000,5.000,1.270,0.000
2025-12-04T19:03:24.335143,0.000,5.000,1.270,0.000
2025-12-04T19:03:24.365140,0.000,5.000,1.270,0.000
2025-12-04T19:03:24.398713,0.000,5.000,1.270,0.000
2025-12-04T19:03:24.435781,0.000,5.000,1.270,0.000
2025-12-04T19:03:24.464715,0.000,5.000,1.270,0.000
2025-12-04T19:03:24.496401,0.000,5.000,1.270,0.000
2025-12-04T19:03:24.524006,0.000,5.000,1.270,0.000
2025-12-04T19:03:24.551610,0.000,5.000,1.270,0.000
2025-12-04T19:03:24.580667,0.000,5.000,1.270,0.000
2025-12-04T19:03:24.615128,0.000,5.000,1.270,0.000
2025-12-04T19:03:24.644911,0.000,5.000,1.270,0.000
2025-12-04T19:03:24.676216,0.000,5.000,1.270,0.000
2025-12-04T19:03:24.710832,0.000,5.000,1.270,0.000
2025-12-04T19:03:24.744721,0.000,5.000,1.270,0.000
2025-12-04T19:03:24.776424,0.000,5.000,1.270,0.000
2025-12-04T19:03:24.810880,0.000,5.000,1.270,0.000
2025-12-04T19:03:24.843626,0.000,5.000,1.270,0.000
2025-12-04T19:03:24.874289,0.000,5.000,1.270,0.000
2025-12-04T19:03:24.907449,0.000,5.000,1.270,0.000
2025-12-04T19:03:24.936000,0.000,5.000,1.270,0.000
2025-12-04T19:03:24.967940,0.000,5.000,1.270,0.000
2025-12-04T19:03:24.998148,0.000,5.000,1.270,0.000
2025-12-04T19:03:25.032136,0.000,5.000,1.270,0.000
2025-12-04T19:03:25.065638,0.000,5.000,1.270,0.000
2025-12-04T19:03:25.100586,0.000,5.000,1.270,0.000
2025-12-04T19:03:25.137042,0.000,5.000,1.270,0.000
2025-12-04T19:03:25.172159,0.000,5.000,1.270,0.000
2025-12-04T19:03:25.203930,0.000,5.000,1.270,0.000
2025-12-04T19:03:25.236761,0.000,5.000,1.270,0.000
2025-12-04T19:03:25.267461,0.000,5.000,1.270,0.000
2025-12-04T19:03:25.299468,0.000,5.000,1.270,0.000
2025-12-04T19:03:25.334879,0.000,5.000,1.270,0.000
2025-12-04T19:03:25.366920,0.000,5.000,1.270,0.000
2025-12-04T19:03:25.398853,0.000,5.000,1.270,0.000
2025-12-04T19:03:25.434699,0.000,5.000,1.270,0.000
2025-12-04T19:03:25.464776,0.000,5.000,1.270,0.000
2025-12-04T19:03:25.495096,0.000,5.000,1.270,0.000
2025-12-04T19:03:25.526281,0.000,5.000,1.270,0.000
2025-12-04T19:03:25.559932,0.000,5.000,1.270,0.000
2025-12-04T19:03:25.594931,0.000,5.000,1.270,0.000
2025-12-04T19:03:25.627108,0.000,5.000,1.270,0.000
2025-12-04T19:03:25.658816,0.000,5.000,1.270,0.000
2025-12-04T19:03:25.693428,0.000,5.000,1.270,0.000
2025-12-04T19:03:25.718766,0.000,5.000,1.270,0.000
2025-12-04T19:03:25.751778,0.000,5.000,1.270,0.000
2025-12-04T19:03:25.788618,0.000,5.000,1.270,0.000
2025-12-04T19:03:25.819222,0.000,5.000,1.270,0.000
2025-12-04T19:03:25.851955,0.000,5.000,1.270,0.000
2025-12-04T19:03:25.886283,0.000,5.000,1.270,0.000
2025-12-04T19:03:25.919719,0.000,5.000,1.270,0.000
2025-12-04T19:03:25.951247,0.000,5.000,1.270,0.000
2025-12-04T19:03:25.983737,0.000,5.000,1.270,0.000
2025-12-04T19:03:26.013052,0.000,5.000,1.270,0.000
2025-12-04T19:03:26.043958,0.000,5.000,1.270,0.000
2025-12-04T19:03:26.077124,0.000,5.000,1.270,0.000
2025-12-04T19:03:26.107912,0.000,5.000,1.270,0.000
2025-12-04T19:03:26.140756,0.000,5.000,1.270,0.000
2025-12-04T19:03:26.176202,0.000,5.000,1.270,0.000
2025-12-04T19:03:26.208478,0.000,5.000,1.270,0.000
2025-12-04T19:03:26.241048,0.000,5.000,1.270,0.000
2025-12-04T19:03:26.272927,0.000,5.000,1.270,0.000
2025-12-04T19:03:26.303798,0.000,5.000,1.270,0.000
2025-12-04T19:03:26.337630,0.000,5.000,1.270,0.000
2025-12-04T19:03:26.369280,0.000,5.000,1.270,0.000
2025-12-04T19:03:26.403425,0.000,5.000,1.270,0.000
2025-12-04T19:03:26.438960,0.000,5.000,1.270,0.000
2025-12-04T19:03:26.469427,0.000,5.000,1.270,0.000
2025-12-04T19:03:26.506778,0.000,5.000,1.270,0.000
2025-12-04T19:03:26.531749,0.000,5.000,1.270,0.000
2025-12-04T19:03:26.563739,0.000,5.000,1.270,0.000
2025-12-04T19:03:26.594650,0.000,5.000,1.270,0.000
2025-12-04T19:03:26.628989,0.000,5.000,1.270,0.000
2025-12-04T19:03:26.661689,0.000,5.000,1.270,0.000
2025-12-04T19:03:26.695454,0.000,5.000,1.270,0.000
2025-12-04T19:03:26.730438,0.000,5.000,1.270,0.000
2025-12-04T19:03:26.761222,0.000,5.000,1.270,0.000
2025-12-04T19:03:26.794666,0.000,5.000,1.270,0.000
2025-12-04T19:03:26.826739,0.000,5.000,1.270,0.000
2025-12-04T19:03:26.858017,0.000,5.000,1.270,0.000
2025-12-04T19:03:26.891067,0.000,5.000,1.270,0.000
2025-12-04T19:03:26.921416,0.000,5.000,1.270,0.000
2025-12-04T19:03:26.954510,0.000,5.000,1.270,0.000
2025-12-04T19:03:26.984631,0.000,5.000,1.270,0.000
2025-12-04T19:03:27.017105,0.000,5.000,1.270,0.000
2025-12-04T19:03:27.054148,0.000,5.000,1.270,0.000
2025-12-04T19:03:27.086618,0.000,5.000,1.270,0.000
2025-12-04T19:03:27.118924,0.000,5.000,1.270,0.000
2025-12-04T19:03:27.149819,0.000,5.000,1.270,0.000
2025-12-04T19:03:27.179575,0.000,5.000,1.270,0.000
2025-12-04T19:03:27.210473,0.000,5.000,1.270,0.000
2025-12-04T19:03:27.242959,0.000,5.000,1.270,0.000
2025-12-04T19:03:27.276670,0.000,5.000,1.270,0.000
2025-12-04T19:03:27.306900,0.000,5.000,1.270,0.000
2025-12-04T19:03:27.340598,0.000,5.000,1.270,0.000
2025-12-04T19:03:27.375156,0.000,5.000,1.270,0.000
2025-12-04T19:03:27.409659,0.000,5.000,1.270,0.000
2025-12-04T19:03:27.441783,0.000,5.000,1.270,0.000
2025-12-04T19:03:27.474184,0.000,5.000,1.270,0.000
2025-12-04T19:03:27.506167,0.000,5.000,1.270,0.000
2025-12-04T19:03:27.539701,0.000,5.000,1.270,0.000
2025-12-04T19:03:27.569412,0.000,5.000,1.270,0.000
2025-12-04T19:03:27.602675,0.000,5.000,1.270,0.000
2025-12-04T19:03:27.631499,0.000,5.000,1.270,0.000
2025-12-04T19:03:27.663866,0.000,5.000,1.270,0.000
2025-12-04T19:03:27.695249,0.000,5.000,1.270,0.000
2025-12-04T19:03:27.728498,0.000,5.000,1.270,0.000
2025-12-04T19:03:27.759529,0.000,5.000,1.270,0.000
2025-12-04T19:03:27.793023,0.000,5.000,1.270,0.000
2025-12-04T19:03:27.831686,0.000,5.000,1.270,0.000
2025-12-04T19:03:27.861734,0.000,5.000,1.270,0.000
2025-12-04T19:03:27.894098,0.000,5.000,1.270,0.000
2025-12-04T19:03:27.926371,0.000,5.000,1.270,0.000
2025-12-04T19:03:27.955213,0.000,5.000,1.270,0.000
2025-12-04T19:03:27.985520,0.000,5.000,1.270,0.000
2025-12-04T19:03:28.014706,0.000,5.000,1.270,0.000
2025-12-04T19:03:28.047881,0.000,5.000,1.270,0.000
2025-12-04T19:03:28.083136,0.000,5.000,1.270,0.000
2025-12-04T19:03:28.115539,0.000,5.000,1.270,0.000
2025-12-04T19:03:28.149298,0.000,5.000,1.270,0.000
2025-12-04T19:03:28.183268,0.000,5.000,1.270,0.000
2025-12-04T19:03:28.216432,0.000,5.000,1.270,0.000
2025-12-04T19:03:28.244084,0.000,5.000,1.270,0.000
2025-12-04T19:03:28.276519,0.000,5.000,1.270,0.000
2025-12-04T19:03:28.306431,0.000,5.000,1.270,0.000
2025-12-04T19:03:28.340476,0.000,5.000,1.270,0.000
2025-12-04T19:03:28.372938,0.000,5.000,1.270,0.000
2025-12-04T19:03:28.404425,0.000,5.000,1.270,0.000
2025-12-04T19:03:28.437153,0.000,5.000,1.270,0.000
2025-12-04T19:03:28.469821,0.000,5.000,1.270,0.000
2025-12-04T19:03:28.504580,0.000,5.000,1.270,0.000
2025-12-04T19:03:28.531525,0.000,5.000,1.270,0.000
2025-12-04T19:03:28.565111,0.000,5.000,1.270,0.000
2025-12-04T19:03:28.595551,0.000,5.000,1.270,0.000
2025-12-04T19:03:28.631559,0.000,5.000,1.270,0.000
2025-12-04T19:03:28.668087,0.000,5.000,1.270,0.000
2025-12-04T19:03:28.701108,0.000,5.000,1.270,0.000
2025-12-04T19:03:28.733068,0.000,5.000,1.270,0.000
2025-12-04T19:03:28.765004,0.000,5.000,1.270,0.000
2025-12-04T19:03:28.797151,0.000,5.000,1.270,0.000
2025-12-04T19:03:28.830709,0.000,5.000,1.270,0.000
2025-12-04T19:03:28.863160,0.000,5.000,1.270,0.000
2025-12-04T19:03:28.895382,0.000,5.000,1.270,0.000
2025-12-04T19:03:28.929703,0.000,5.000,1.270,0.000
2025-12-04T19:03:28.962633,0.000,5.000,1.270,0.000
2025-12-04T19:03:28.994410,0.000,5.000,1.270,0.000
2025-12-04T19:03:29.027740,0.000,5.000,1.270,0.000
2025-12-04T19:03:29.059049,0.000,5.000,1.270,0.000
2025-12-04T19:03:29.089450,0.000,5.000,1.270,0.000
2025-12-04T19:03:29.121240,0.000,5.000,1.270,0.000
2025-12-04T19:03:29.155028,0.000,5.000,1.270,0.000
2025-12-04T19:03:29.190421,0.000,5.000,1.270,0.000
2025-12-04T19:03:29.222966,0.000,5.000,1.270,0.000
2025-12-04T19:03:29.251864,0.000,5.000,1.270,0.000
2025-12-04T19:03:29.287955,0.000,5.000,1.270,0.000
2025-12-04T19:03:29.313663,0.000,5.000,1.270,0.000
2025-12-04T19:03:29.344283,0.000,5.000,1.270,0.000
2025-12-04T19:03:29.380729,0.000,5.000,1.270,0.000
2025-12-04T19:03:29.412718,0.000,5.000,1.270,0.000
2025-12-04T19:03:29.446647,0.000,5.000,1.270,0.000
2025-12-04T19:03:29.481156,0.000,5.000,1.270,0.000
2025-12-04T19:03:29.514482,0.000,5.000,1.270,0.000
2025-12-04T19:03:29.545224,0.000,5.000,1.270,0.000
2025-12-04T19:03:29.576641,0.000,5.000,1.270,0.000
2025-12-04T19:03:29.608049,0.000,5.000,1.270,0.000
2025-12-04T19:03:29.643262,0.000,5.000,1.270,0.000
2025-12-04T19:03:29.675787,0.000,5.000,1.270,0.000
2025-12-04T19:03:29.711343,0.000,5.000,1.270,0.000
2025-12-04T19:03:29.744253,0.000,5.000,1.270,0.000
2025-12-04T19:03:29.775361,0.000,5.000,1.270,0.000
2025-12-04T19:03:29.805739,0.000,5.000,1.270,0.000
2025-12-04T19:03:29.837714,0.000,5.000,1.270,0.000
2025-12-04T19:03:29.868369,0.000,5.000,1.270,0.000
2025-12-04T19:03:29.899634,0.000,5.000,1.270,0.000
2025-12-04T19:03:29.932506,0.000,5.000,1.270,0.000
2025-12-04T19:03:29.969486,0.000,5.000,1.270,0.000
2025-12-04T19:03:30.004757,0.000,5.000,1.270,0.000
2025-12-04T19:03:30.038419,0.000,5.000,1.270,0.000
2025-12-04T19:03:30.069256,0.000,5.000,1.270,0.000
2025-12-04T19:03:30.097795,0.000,5.000,1.270,0.000
2025-12-04T19:03:30.130388,0.000,5.000,1.270,0.000
2025-12-04T19:03:30.162570,0.000,5.000,1.270,0.000
2025-12-04T19:03:30.195746,0.000,5.000,1.270,0.000
2025-12-04T19:03:30.224342,0.000,5.000,1.270,0.000
2025-12-04T19:03:30.258565,0.000,5.000,1.270,0.000
2025-12-04T19:03:30.296886,0.000,5.000,1.270,0.000
2025-12-04T19:03:30.328766,0.000,5.000,1.270,0.000
2025-12-04T19:03:30.362483,0.000,5.000,1.270,0.000
2025-12-04T19:03:30.390890,0.000,5.000,1.270,0.000
2025-12-04T19:03:30.425290,0.000,5.000,1.270,0.000
2025-12-04T19:03:30.453604,0.000,5.000,1.270,0.000
2025-12-04T19:03:30.488523,0.000,5.000,1.270,0.000
2025-12-04T19:03:30.524926,0.000,5.000,1.270,0.000
2025-12-04T19:03:30.554105,0.000,5.000,1.270,0.000
2025-12-04T19:03:30.588419,0.000,5.000,1.270,0.000
2025-12-04T19:03:30.616104,0.000,5.000,1.270,0.000
2025-12-04T19:03:30.648603,0.000,5.000,1.270,0.000
2025-12-04T19:03:30.680887,0.000,5.000,1.270,0.000
2025-12-04T19:03:30.717132,0.000,5.000,1.270,0.000
2025-12-04T19:03:30.747893,0.000,5.000,1.270,0.000
2025-12-04T19:03:30.782661,0.000,5.000,1.270,0.000
2025-12-04T19:03:30.814771,0.000,5.000,1.270,0.000
2025-12-04T19:03:30.847717,0.000,5.000,1.270,0.000
2025-12-04T19:03:30.876576,0.000,5.000,1.270,0.000
2025-12-04T19:03:30.907092,0.000,5.000,1.270,0.000
2025-12-04T19:03:30.941909,0.000,5.000,1.270,0.000
2025-12-04T19:03:30.975506,0.000,5.000,1.270,0.000
2025-12-04T19:03:31.008702,0.000,5.000,1.270,0.000
2025-12-04T19:03:31.042950,0.000,5.000,1.270,0.000
2025-12-04T19:03:31.072518,0.000,5.000,1.270,0.000
2025-12-04T19:03:31.106734,0.000,5.000,1.270,0.000
2025-12-04T19:03:31.138459,0.000,5.000,1.270,0.000
2025-12-04T19:03:31.174373,0.000,5.000,1.270,0.000
2025-12-04T19:03:31.211953,0.000,5.000,1.270,0.000
2025-12-04T19:03:31.241353,0.000,5.000,1.270,0.000
2025-12-04T19:03:31.274964,0.000,5.000,1.270,0.000
2025-12-04T19:03:31.303341,0.000,5.000,1.270,0.000
2025-12-04T19:03:31.333282,0.000,5.000,1.270,0.000
2025-12-04T19:03:31.363381,0.000,5.000,1.270,0.000
2025-12-04T19:03:31.394355,0.000,5.000,1.270,0.000
2025-12-04T19:03:31.432180,0.000,5.000,1.270,0.000
2025-12-04T19:03:31.460604,0.000,5.000,1.270,0.000
2025-12-04T19:03:31.493904,0.000,5.000,1.270,0.000
2025-12-04T19:03:31.525958,0.000,5.000,1.270,0.000
2025-12-04T19:03:31.559784,0.000,5.000,1.270,0.000
2025-12-04T19:03:31.593110,0.000,5.000,1.270,0.000
2025-12-04T19:03:31.625142,0.000,5.000,1.270,0.000
2025-12-04T19:03:31.657246,0.000,5.000,1.270,0.000
2025-12-04T19:03:31.689812,0.000,5.000,1.270,0.000
2025-12-04T19:03:31.722680,0.000,5.000,1.270,0.000
2025-12-04T19:03:31.756841,0.000,5.000,1.270,0.000
2025-12-04T19:03:31.791528,0.000,5.000,1.270,0.000
2025-12-04T19:03:31.828150,0.000,5.000,1.270,0.000
2025-12-04T19:03:31.857939,0.000,5.000,1.270,0.000
2025-12-04T19:03:31.887736,0.000,5.000,1.270,0.000
2025-12-04T19:03:31.922740,0.000,5.000,1.270,0.000
2025-12-04T19:03:31.952627,0.000,5.000,1.270,0.000
2025-12-04T19:03:31.987386,0.000,5.000,1.270,0.000
2025-12-04T19:03:32.019661,0.000,5.000,1.270,0.000
2025-12-04T19:03:32.052905,0.000,5.000,1.270,0.000
2025-12-04T19:03:32.086806,0.000,5.000,1.270,0.000
2025-12-04T19:03:32.119193,0.000,5.000,1.270,0.000
2025-12-04T19:03:32.148345,0.000,5.000,1.270,0.000
2025-12-04T19:03:32.181042,0.000,5.000,1.270,0.000
2025-12-04T19:03:32.214656,0.000,5.000,1.270,0.000
2025-12-04T19:03:32.245624,0.000,5.000,1.270,0.000
2025-12-04T19:03:32.279592,0.000,5.000,1.270,0.000
2025-12-04T19:03:32.312789,0.000,5.000,1.270,0.000
2025-12-04T19:03:32.346018,0.000,5.000,1.270,0.000
2025-12-04T19:03:32.378391,0.000,5.000,1.270,0.000
2025-12-04T19:03:32.410786,0.000,5.000,1.270,0.000
2025-12-04T19:03:32.442064,0.000,5.000,1.270,0.000
2025-12-04T19:03:32.472624,0.000,5.000,1.270,0.000
2025-12-04T19:03:32.501009,0.000,5.000,1.270,0.000
2025-12-04T19:03:32.530783,0.000,5.000,1.270,0.000
2025-12-04T19:03:32.564205,0.000,5.000,1.270,0.000
2025-12-04T19:03:32.596684,0.000,5.000,1.270,0.000
2025-12-04T19:03:32.632564,0.000,5.000,1.270,0.000
2025-12-04T19:03:32.664780,0.000,5.000,1.270,0.000
2025-12-04T19:03:32.698886,0.000,5.000,1.270,0.000
2025-12-04T19:03:32.732950,0.000,5.000,1.270,0.000
2025-12-04T19:03:32.764291,0.000,5.000,1.270,0.000
2025-12-04T19:03:32.794770,0.000,5.000,1.270,0.000
2025-12-04T19:03:32.824490,0.000,5.000,1.270,0.000
2025-12-04T19:03:32.858349,0.000,5.000,1.270,0.000
2025-12-04T19:03:32.889782,0.000,5.000,1.270,0.000
2025-12-04T19:03:32.925767,0.000,5.000,1.270,0.000
2025-12-04T19:03:32.958725,0.000,5.000,1.270,0.000
2025-12-04T19:03:32.990572,0.000,5.000,1.270,0.000
2025-12-04T19:03:33.022758,0.000,5.000,1.270,0.000
2025-12-04T19:03:33.053242,0.000,5.000,1.270,0.000
2025-12-04T19:03:33.083611,0.000,5.000,1.270,0.000
2025-12-04T19:03:33.115132,0.000,5.000,1.270,0.000
2025-12-04T19:03:33.144686,0.000,5.000,1.270,0.000
2025-12-04T19:03:33.182595,0.000,5.000,1.270,0.000
2025-12-04T19:03:33.214173,0.000,5.000,1.270,0.000
2025-12-04T19:03:33.246608,0.000,5.000,1.270,0.000
2025-12-04T19:03:33.281777,0.000,5.000,1.270,0.000
2025-12-04T19:03:33.307918,0.000,5.000,1.270,0.000
2025-12-04T19:03:33.344214,0.000,5.000,1.270,0.000
2025-12-04T19:03:33.376015,0.000,5.000,1.270,0.000
2025-12-04T19:03:33.406195,0.000,5.000,1.270,0.000
2025-12-04T19:03:33.435377,0.000,5.000,1.270,0.000
2025-12-04T19:03:33.463432,0.000,5.000,1.270,0.000
2025-12-04T19:03:33.497085,0.000,5.000,1.270,0.000
2025-12-04T19:03:33.532438,0.000,5.000,1.270,0.000
2025-12-04T19:03:33.567627,0.000,5.000,1.270,0.000
2025-12-04T19:03:33.600065,0.000,5.000,1.270,0.000
2025-12-04T19:03:33.632375,0.000,5.000,1.270,0.000
2025-12-04T19:03:33.663477,0.000,5.000,1.270,0.000
2025-12-04T19:03:33.695393,0.000,5.000,1.270,0.000
2025-12-04T19:03:33.727967,0.000,5.000,1.270,0.000
2025-12-04T19:03:33.760346,0.000,5.000,1.270,0.000
2025-12-04T19:03:33.791813,0.000,5.000,1.270,0.000
2025-12-04T19:03:33.828680,0.000,5.000,1.270,0.000
2025-12-04T19:03:33.862059,0.000,5.000,1.270,0.000
2025-12-04T19:03:33.894552,0.000,5.000,1.270,0.000
2025-12-04T19:03:33.927339,0.000,5.000,1.270,0.000
2025-12-04T19:03:33.959662,0.000,5.000,1.270,0.000
2025-12-04T19:03:33.990623,0.000,5.000,1.270,0.000
2025-12-04T19:03:34.023069,0.000,5.000,1.270,0.000
2025-12-04T19:03:34.053906,0.000,5.000,1.270,0.000
2025-12-04T19:03:34.086921,0.000,5.000,1.270,0.000
2025-12-04T19:03:34.121151,0.000,5.000,1.270,0.000
2025-12-04T19:03:34.157378,0.000,5.000,1.270,0.000
2025-12-04T19:03:34.185990,0.000,5.000,1.270,0.000
2025-12-04T19:03:34.218774,0.000,5.000,1.270,0.000
2025-12-04T19:03:34.250390,0.000,5.000,1.270,0.000
2025-12-04T19:03:34.282263,0.000,5.000,1.270,0.000
2025-12-04T19:03:34.314636,0.000,5.000,1.270,0.000
2025-12-04T19:03:34.350217,0.000,5.000,1.270,0.000
2025-12-04T19:03:34.383063,0.000,5.000,1.270,0.000
2025-12-04T19:03:34.413736,0.000,5.000,1.270,0.000
2025-12-04T19:03:34.444939,0.000,5.000,1.270,0.000
2025-12-04T19:03:34.477685,0.000,5.000,1.270,0.000
2025-12-04T19:03:34.511069,0.000,5.000,1.270,0.000
2025-12-04T19:03:34.540429,0.000,5.000,1.270,0.000
2025-12-04T19:03:34.577087,0.000,5.000,1.270,0.000
2025-12-04T19:03:34.608593,0.000,5.000,1.270,0.000
2025-12-04T19:03:34.640448,0.000,5.000,1.270,0.000
2025-12-04T19:03:34.671831,0.000,5.000,1.270,0.000
2025-12-04T19:03:34.701934,0.000,5.000,1.270,0.000
2025-12-04T19:03:34.736606,0.000,5.000,1.270,0.000
2025-12-04T19:03:34.766005,0.000,5.000,1.270,0.000
2025-12-04T19:03:34.800378,0.000,5.000,1.270,0.000
2025-12-04T19:03:34.839034,0.000,5.000,1.270,0.000
2025-12-04T19:03:34.872540,0.000,5.000,1.270,0.000
2025-12-04T19:03:34.904173,0.000,5.000,1.270,0.000
2025-12-04T19:03:34.934145,0.000,5.000,1.270,0.000
2025-12-04T19:03:34.965992,0.000,5.000,1.270,0.000
2025-12-04T19:03:34.995194,0.000,5.000,1.270,0.000
2025-12-04T19:03:35.028130,0.000,5.000,1.270,0.000
2025-12-04T19:03:35.059667,0.000,5.000,1.270,0.000
2025-12-04T19:03:35.093398,0.000,5.000,1.270,0.000
2025-12-04T19:03:35.128344,0.000,5.000,1.270,0.000
2025-12-04T19:03:35.159343,0.000,5.000,1.270,0.000
2025-12-04T19:03:35.192907,0.000,5.000,1.270,0.000
2025-12-04T19:03:35.224682,0.000,5.000,1.270,0.000
2025-12-04T19:03:35.253598,0.000,5.000,1.270,0.000
2025-12-04T19:03:35.290547,0.000,5.000,1.270,0.000
2025-12-04T19:03:35.322741,0.000,5.000,1.270,0.000
2025-12-04T19:03:35.354188,0.000,5.000,1.270,0.000
2025-12-04T19:03:35.387117,0.000,5.000,1.270,0.000
2025-12-04T19:03:35.418125,0.000,5.000,1.270,0.000
2025-12-04T19:03:35.454024,0.000,5.000,1.270,0.000
2025-12-04T19:03:35.485088,0.000,5.000,1.270,0.000
2025-12-04T19:03:35.518031,0.000,5.000,1.270,0.000
2025-12-04T19:03:35.549729,0.000,5.000,1.270,0.000
2025-12-04T19:03:35.588845,0.000,5.000,1.270,0.000
2025-12-04T19:03:35.616163,0.000,5.000,1.270,0.000
2025-12-04T19:03:35.650619,0.000,5.000,1.270,0.000
2025-12-04T19:03:35.683330,0.000,5.000,1.270,0.000
2025-12-04T19:03:35.712238,0.000,5.000,1.270,0.000
2025-12-04T19:03:35.741864,0.000,5.000,1.270,0.000
2025-12-04T19:03:35.776629,0.000,5.000,1.270,0.000
2025-12-04T19:03:35.806597,0.000,5.000,1.270,0.000
2025-12-04T19:03:35.840589,0.000,5.000,1.270,0.000
2025-12-04T19:03:35.872873,0.000,5.000,1.270,0.000
2025-12-04T19:03:35.907186,0.000,5.000,1.270,0.000
2025-12-04T19:03:35.942379,0.000,5.000,1.270,0.000
2025-12-04T19:03:35.974243,0.000,5.000,1.270,0.000
2025-12-04T19:03:36.006850,0.000,5.000,1.270,0.000
2025-12-04T19:03:36.038665,0.000,5.000,1.270,0.000
2025-12-04T19:03:36.068074,0.000,5.000,1.270,0.000
2025-12-04T19:03:36.102215,0.000,5.000,1.270,0.000
2025-12-04T19:03:36.148652,0.000,5.000,1.270,0.000
2025-12-04T19:03:36.182056,0.000,5.000,1.270,0.000
2025-12-04T19:03:36.214057,0.000,5.000,1.270,0.000
2025-12-04T19:03:36.245129,0.000,5.000,1.270,0.000
2025-12-04T19:03:36.278782,0.000,5.000,1.270,0.000
2025-12-04T19:03:36.307478,0.000,5.000,1.270,0.000
2025-12-04T19:03:36.342500,0.000,5.000,1.270,0.000
2025-12-04T19:03:36.372650,0.000,5.000,1.270,0.000
2025-12-04T19:03:36.404788,0.000,5.000,1.270,0.000
2025-12-04T19:03:36.438123,0.000,5.000,1.270,0.000
2025-12-04T19:03:36.474592,0.000,5.000,1.270,0.000
2025-12-04T19:03:36.508593,0.000,5.000,1.270,0.000
2025-12-04T19:03:36.539263,0.000,5.000,1.270,0.000
2025-12-04T19:03:36.572928,0.000,5.000,1.270,0.000
2025-12-04T19:03:36.604725,0.000,5.000,1.270,0.000
2025-12-04T19:03:36.637102,0.000,5.000,1.270,0.000
2025-12-04T19:03:36.668434,0.000,5.000,1.270,0.000
2025-12-04T19:03:36.698198,0.000,5.000,1.270,0.000
2025-12-04T19:03:36.729122,0.000,5.000,1.270,0.000
2025-12-04T19:03:36.762222,0.000,5.000,1.270,0.000
2025-12-04T19:03:36.791065,0.000,5.000,1.270,0.000
2025-12-04T19:03:36.829270,0.000,5.000,1.270,0.000
2025-12-04T19:03:36.859287,0.000,5.000,1.270,0.000
2025-12-04T19:03:36.892624,0.000,5.000,1.270,0.000
2025-12-04T19:03:36.924514,0.000,5.000,1.270,0.000
2025-12-04T19:03:36.954473,0.000,5.000,1.270,0.000
2025-12-04T19:03:36.990427,0.000,5.000,1.270,0.000
2025-12-04T19:03:37.025853,0.000,5.000,1.270,0.000
2025-12-04T19:03:37.056980,0.000,5.000,1.270,0.000
2025-12-04T19:03:37.089645,0.000,5.000,1.270,0.000
2025-12-04T19:03:37.117743,0.000,5.000,1.270,0.000
2025-12-04T19:03:37.149598,0.000,5.000,1.270,0.000
2025-12-04T19:03:37.182222,0.000,5.000,1.270,0.000
2025-12-04T19:03:37.214752,0.000,5.000,1.270,0.000
2025-12-04T19:03:37.246749,0.000,5.000,1.270,0.000
2025-12-04T19:03:37.278797,0.000,5.000,1.270,0.000
2025-12-04T19:03:37.310612,0.000,5.000,1.270,0.000
2025-12-04T19:03:37.341027,0.000,5.000,1.270,0.000
2025-12-04T19:03:37.373761,0.000,5.000,1.270,0.000
2025-12-04T19:03:37.409227,0.000,5.000,1.270,0.000
2025-12-04T19:03:37.442650,0.000,5.000,1.270,0.000
2025-12-04T19:03:37.474625,0.000,5.000,1.270,0.000
2025-12-04T19:03:37.506374,0.000,5.000,1.270,0.000
2025-12-04T19:03:37.539898,0.000,5.000,1.270,0.000
2025-12-04T19:03:37.570740,0.000,5.000,1.270,0.000
2025-12-04T19:03:37.604998,0.000,5.000,1.270,0.000
2025-12-04T19:03:37.634570,0.000,5.000,1.270,0.000
2025-12-04T19:03:37.664473,0.000,5.000,1.270,0.000
2025-12-04T19:03:37.698577,0.000,5.000,1.270,0.000
2025-12-04T19:03:37.732096,0.000,5.000,1.270,0.000
2025-12-04T19:03:37.762514,0.000,5.000,1.270,0.000
2025-12-04T19:03:37.795122,0.000,5.000,1.270,0.000
2025-12-04T19:03:37.829968,0.000,5.000,1.270,0.000
2025-12-04T19:03:37.859536,0.000,5.000,1.270,0.000
2025-12-04T19:03:37.892838,0.000,5.000,1.270,0.000
2025-12-04T19:03:37.924714,0.000,5.000,1.270,0.000
2025-12-04T19:03:37.956567,0.000,5.000,1.270,0.000
2025-12-04T19:03:37.991543,0.000,5.000,1.270,0.000
2025-12-04T19:03:38.025576,0.000,5.000,1.270,0.000
2025-12-04T19:03:38.059967,0.000,5.000,1.270,0.000
2025-12-04T19:03:38.095758,0.000,5.000,1.270,0.000
2025-12-04T19:03:38.125752,0.000,5.000,1.270,0.000
2025-12-04T19:03:38.156617,0.000,5.000,1.270,0.000
2025-12-04T19:03:38.187057,0.000,5.000,1.270,0.000
2025-12-04T19:03:38.220916,0.000,5.000,1.270,0.000
2025-12-04T19:03:38.252616,0.000,5.000,1.270,0.000
2025-12-04T19:03:38.284952,0.000,5.000,1.270,0.000
2025-12-04T19:03:38.320822,0.000,5.000,1.270,0.000
2025-12-04T19:03:38.351925,0.000,5.000,1.270,0.000
2025-12-04T19:03:38.388631,0.000,5.000,1.270,0.000
2025-12-04T19:03:38.417186,0.000,5.000,1.270,0.000
2025-12-04T19:03:38.446542,0.000,5.000,1.270,0.000
2025-12-04T19:03:38.478891,0.000,5.000,1.270,0.000
2025-12-04T19:03:38.510664,0.000,5.000,1.270,0.000
2025-12-04T19:03:38.540222,0.000,5.000,1.270,0.000
2025-12-04T19:03:38.577466,0.000,5.000,1.270,0.000
2025-12-04T19:03:38.609019,0.000,5.000,1.270,0.000
2025-12-04T19:03:38.640517,0.000,5.000,1.270,0.000
2025-12-04T19:03:38.674753,0.000,5.000,1.270,0.000
2025-12-04T19:03:38.706031,0.000,5.000,1.270,0.000
2025-12-04T19:03:38.739634,0.000,5.000,1.270,0.000
2025-12-04T19:03:38.780002,0.000,5.000,1.270,0.000
2025-12-04T19:03:38.805762,0.000,5.000,1.270,0.000
2025-12-04T19:03:38.842477,0.000,5.000,1.270,0.000
2025-12-04T19:03:38.864796,0.000,5.000,1.270,0.000
2025-12-04T19:03:38.893254,0.000,5.000,1.270,0.000
2025-12-04T19:03:38.925064,0.000,5.000,1.270,0.000
2025-12-04T19:03:38.954291,0.000,5.000,1.270,0.000
2025-12-04T19:03:38.987697,0.000,5.000,1.270,0.000
2025-12-04T19:03:39.024830,0.000,5.000,1.270,0.000
2025-12-04T19:03:39.056519,0.000,5.000,1.270,0.000
2025-12-04T19:03:39.088630,0.000,5.000,1.270,0.000
2025-12-04T19:03:39.121068,0.000,5.000,1.270,0.000
2025-12-04T19:03:39.150666,0.000,5.000,1.270,0.000
2025-12-04T19:03:39.186806,0.000,5.000,1.270,0.000
2025-12-04T19:03:39.220289,0.000,5.000,1.270,0.000
2025-12-04T19:03:39.252483,0.000,5.000,1.270,0.000
2025-12-04T19:03:39.284540,0.000,5.000,1.270,0.000
2025-12-04T19:03:39.314861,0.000,5.000,1.270,0.000
2025-12-04T19:03:39.347855,0.000,5.000,1.270,0.000
2025-12-04T19:03:39.382347,0.000,5.000,1.270,0.000
2025-12-04T19:03:39.414516,0.000,5.000,1.270,0.000
2025-12-04T19:03:39.446607,0.000,5.000,1.270,0.000
2025-12-04T19:03:39.482718,0.000,5.000,1.270,0.000
2025-12-04T19:03:39.515028,0.000,5.000,1.270,0.000
2025-12-04T19:03:39.545937,0.000,5.000,1.270,0.000
2025-12-04T19:03:39.578503,0.000,5.000,1.270,0.000
2025-12-04T19:03:39.607074,0.000,5.000,1.270,0.000
2025-12-04T19:03:39.636679,0.000,5.000,1.270,0.000
2025-12-04T19:03:39.670350,0.000,5.000,1.270,0.000
2025-12-04T19:03:39.701753,0.000,5.000,1.270,0.000
2025-12-04T19:03:39.738267,0.000,5.000,1.270,0.000
2025-12-04T19:03:39.776132,0.000,5.000,1.270,0.000
2025-12-04T19:03:39.809185,0.000,5.000,1.270,0.000
2025-12-04T19:03:39.843172,0.000,5.000,1.270,0.000
2025-12-04T19:03:39.875163,0.000,5.000,1.270,0.000
2025-12-04T19:03:39.904763,0.000,5.000,1.270,0.000
2025-12-04T19:03:39.937556,0.000,5.000,1.270,0.000
2025-12-04T19:03:39.965396,0.000,5.000,1.270,0.000
2025-12-04T19:03:39.998124,0.000,5.000,1.270,0.000
2025-12-04T19:03:40.031963,0.000,5.000,1.270,0.000
2025-12-04T19:03:40.066857,0.000,5.000,1.270,0.000
2025-12-04T19:03:40.098970,0.000,5.000,1.270,0.000
2025-12-04T19:03:40.133140,0.000,5.000,1.270,0.000
2025-12-04T19:03:40.164023,0.000,5.000,1.270,0.000
2025-12-04T19:03:40.197612,0.000,5.000,1.270,0.000
2025-12-04T19:03:40.230712,0.000,5.000,1.270,0.000
2025-12-04T19:03:40.261175,0.000,5.000,1.270,0.000
2025-12-04T19:03:40.293940,0.000,5.000,1.270,0.000
2025-12-04T19:03:40.329921,0.000,5.000,1.270,0.000
2025-12-04T19:03:40.360869,0.000,5.000,1.270,0.000
2025-12-04T19:03:40.392646,0.000,5.000,1.270,0.000
2025-12-04T19:03:40.427165,0.000,5.000,1.270,0.000
2025-12-04T19:03:40.456614,0.000,5.000,1.270,0.000
2025-12-04T19:03:40.487299,0.000,5.000,1.270,0.000
2025-12-04T19:03:40.516563,0.000,5.000,1.270,0.000
2025-12-04T19:03:40.546032,0.000,5.000,1.270,0.000
2025-12-04T19:03:40.583143,0.000,5.000,1.270,0.000
2025-12-04T19:03:40.617360,0.000,5.000,1.270,0.000
2025-12-04T19:03:40.648190,0.000,5.000,1.270,0.000
2025-12-04T19:03:40.681349,0.000,5.000,1.270,0.000
2025-12-04T19:03:40.710605,0.000,5.000,1.270,0.000
2025-12-04T19:03:40.746277,0.000,5.000,1.270,0.000
2025-12-04T19:03:40.777383,0.000,5.000,1.270,0.000
2025-12-04T19:03:40.809094,0.000,5.000,1.270,0.000
2025-12-04T19:03:40.847260,0.000,5.000,1.270,0.000
2025-12-04T19:03:40.876924,0.000,5.000,1.270,0.000
2025-12-04T19:03:40.908988,0.000,5.000,1.270,0.000
2025-12-04T19:03:40.942449,0.000,5.000,1.270,0.000
2025-12-04T19:03:41.043013,0.000,5.000,1.270,0.000
2025-12-04T19:03:41.070553,0.000,5.000,1.270,0.000
2025-12-04T19:03:41.098625,0.000,5.000,1.270,0.000
2025-12-04T19:03:41.126420,0.000,5.000,1.270,0.000
2025-12-04T19:03:41.152791,0.000,5.000,1.270,0.000
2025-12-04T19:03:41.183460,0.000,5.000,1.270,0.000
2025-12-04T19:03:41.210414,0.000,5.000,1.270,0.000
2025-12-04T19:03:41.244252,0.000,5.000,1.270,0.000
2025-12-04T19:03:41.276877,0.000,5.000,1.270,0.000
2025-12-04T19:03:41.319338,0.000,5.000,1.270,0.000
2025-12-04T19:03:41.351495,0.000,5.000,1.270,0.000
2025-12-04T19:03:41.390809,0.000,5.000,1.270,0.000
2025-12-04T19:03:41.415261,0.000,5.000,1.270,0.000
2025-12-04T19:03:41.443657,0.000,5.000,1.270,0.000
2025-12-04T19:03:41.472140,0.000,5.000,1.270,0.000
2025-12-04T19:03:41.501401,0.000,5.000,1.270,0.000
2025-12-04T19:03:41.536465,0.000,5.000,1.270,0.000
2025-12-04T19:03:41.567513,0.000,5.000,1.270,0.000
2025-12-04T19:03:41.600228,0.000,5.000,1.270,0.000
2025-12-04T19:03:41.638235,0.000,5.000,1.270,0.000
2025-12-04T19:03:41.669557,0.000,5.000,1.270,0.000
2025-12-04T19:03:41.704058,0.000,5.000,1.270,0.000
2025-12-04T19:03:41.736595,0.000,5.000,1.270,0.000
2025-12-04T19:03:41.778785,0.000,5.000,1.270,0.000
2025-12-04T19:03:41.803990,0.000,5.000,1.270,0.000
2025-12-04T19:03:41.834345,0.000,5.000,1.270,0.000
2025-12-04T19:03:41.860464,0.000,5.000,1.270,0.000
2025-12-04T19:03:41.892876,0.000,5.000,1.270,0.000
2025-12-04T19:03:41.930730,0.000,5.000,1.270,0.000
2025-12-04T19:03:41.963745,0.000,5.000,1.270,0.000
2025-12-04T19:03:41.996187,0.000,5.000,1.270,0.000
2025-12-04T19:03:42.029935,0.000,5.000,1.270,0.000
2025-12-04T19:03:42.062021,0.000,5.000,1.270,0.000
2025-12-04T19:03:42.103175,0.000,5.000,1.270,0.000
2025-12-04T19:03:42.129202,0.000,5.000,1.270,0.000
2025-12-04T19:03:42.154648,0.000,5.000,1.270,0.000
2025-12-04T19:03:42.185482,0.000,5.000,1.270,0.000
2025-12-04T19:03:42.218475,0.000,5.000,1.270,0.000
2025-12-04T19:03:42.251576,0.000,5.000,1.270,0.000
2025-12-04T19:03:42.286280,0.000,5.000,1.270,0.000
2025-12-04T19:03:42.318662,0.000,5.000,1.270,0.000
2025-12-04T19:03:42.350933,0.000,5.000,1.270,0.000
2025-12-04T19:03:42.384174,0.000,5.000,1.270,0.000
2025-12-04T19:03:42.416961,0.000,5.000,1.270,0.000
2025-12-04T19:03:42.449748,0.000,5.000,1.270,0.000
2025-12-04T19:03:42.483542,0.000,5.000,1.270,0.000
2025-12-04T19:03:42.514066,0.000,5.000,1.270,0.000
2025-12-04T19:03:42.545584,0.000,5.000,1.270,0.000
2025-12-04T19:03:42.579064,0.000,5.000,1.270,0.000
2025-12-04T19:03:42.612469,0.000,5.000,1.270,0.000
2025-12-04T19:03:42.645418,0.000,5.000,1.270,0.000
2025-12-04T19:03:42.676363,0.000,5.000,1.270,0.000
2025-12-04T19:03:42.705649,0.000,5.000,1.270,0.000
2025-12-04T19:03:42.740385,0.000,5.000,1.270,0.000
2025-12-04T19:03:42.772936,0.000,5.000,1.270,0.000
2025-12-04T19:03:42.804268,0.000,5.000,1.270,0.000
2025-12-04T19:03:42.836691,0.000,5.000,1.270,0.000
2025-12-04T19:03:42.872610,0.000,5.000,1.270,0.000
2025-12-04T19:03:42.905354,0.000,5.000,1.270,0.000
2025-12-04T19:03:42.937890,0.000,5.000,1.270,0.000
2025-12-04T19:03:42.967164,0.000,5.000,1.270,0.000
2025-12-04T19:03:42.997023,0.000,5.000,1.270,0.000
2025-12-04T19:03:43.029680,0.000,5.000,1.270,0.000
2025-12-04T19:03:43.063986,0.000,5.000,1.270,0.000
2025-12-04T19:03:43.095520,0.000,5.000,1.270,0.000
2025-12-04T19:03:43.144294,0.000,5.000,1.270,0.000
2025-12-04T19:03:43.169699,0.000,5.000,1.270,0.000
2025-12-04T19:03:43.201873,0.000,5.000,1.270,0.000
2025-12-04T19:03:43.236208,0.000,5.000,1.270,0.000
2025-12-04T19:03:43.268906,0.000,5.000,1.270,0.000
2025-12-04T19:03:43.299589,0.000,5.000,1.270,0.000
2025-12-04T19:03:43.333165,0.000,5.000,1.270,0.000
2025-12-04T19:03:43.367926,0.000,5.000,1.270,0.000
2025-12-04T19:03:43.400748,0.000,5.000,1.270,0.000
2025-12-04T19:03:43.439777,0.000,5.000,1.270,0.000
2025-12-04T19:03:43.456971,0.000,5.000,1.270,0.000
2025-12-04T19:03:43.496561,0.000,5.000,1.270,0.000
2025-12-04T19:03:43.522121,0.000,5.000,1.270,0.000
2025-12-04T19:03:43.555066,0.000,5.000,1.270,0.000
2025-12-04T19:03:43.587244,0.000,5.000,1.270,0.000
2025-12-04T19:03:43.622157,0.000,5.000,1.270,0.000
2025-12-04T19:03:43.655063,0.000,5.000,1.270,0.000
2025-12-04T19:03:43.692869,0.000,5.000,1.270,0.000
2025-12-04T19:03:43.721135,0.000,5.000,1.270,0.000
2025-12-04T19:03:43.753012,0.000,5.000,1.270,0.000
2025-12-04T19:03:43.778096,0.000,5.000,1.270,0.000
2025-12-04T19:03:43.807599,0.000,5.000,1.270,0.000
2025-12-04T19:03:43.839203,0.000,5.000,1.270,0.000
2025-12-04T19:03:43.871385,0.000,5.000,1.270,0.000
2025-12-04T19:03:43.904999,0.000,5.000,1.270,0.000
2025-12-04T19:03:43.939389,0.000,5.000,1.270,0.000
2025-12-04T19:03:43.974109,0.000,5.000,1.270,0.000
2025-12-04T19:03:44.007776,0.000,5.000,1.270,0.000
2025-12-04T19:03:44.040516,0.000,5.000,1.270,0.000
2025-12-04T19:03:44.072082,0.000,5.000,1.270,0.000
2025-12-04T19:03:44.105828,0.000,5.000,1.270,0.000
2025-12-04T19:03:44.143935,0.000,5.000,1.270,0.000
2025-12-04T19:03:44.176079,0.000,5.000,1.270,0.000
2025-12-04T19:03:44.203839,0.000,5.000,1.270,0.000
2025-12-04T19:03:44.242837,0.000,5.000,1.270,0.000
2025-12-04T19:03:44.275162,0.000,5.000,1.270,0.000
2025-12-04T19:03:44.306984,0.000,5.000,1.270,0.000
2025-12-04T19:03:44.331919,0.000,5.000,1.270,0.000
2025-12-04T19:03:44.363559,0.000,5.000,1.270,0.000
2025-12-04T19:03:44.390097,0.000,5.000,1.270,0.000
2025-12-04T19:03:44.422253,0.000,5.000,1.270,0.000
2025-12-04T19:03:44.451133,0.000,5.000,1.270,0.000
2025-12-04T19:03:44.480211,0.000,5.000,1.270,0.000
2025-12-04T19:03:44.513359,0.000,5.000,1.270,0.000
2025-12-04T19:03:44.546690,0.000,5.000,1.270,0.000
2025-12-04T19:03:44.580517,0.000,5.000,1.270,0.000
2025-12-04T19:03:44.618794,0.000,5.000,1.270,0.000
2025-12-04T19:03:44.650907,0.000,5.000,1.270,0.000
2025-12-04T19:03:44.684667,0.000,5.000,1.270,0.000
2025-12-04T19:03:44.711371,0.000,5.000,1.270,0.000
2025-12-04T19:03:44.748792,0.000,5.000,1.270,0.000
2025-12-04T19:03:44.776952,0.000,5.000,1.270,0.000
2025-12-04T19:03:44.809452,0.000,5.000,1.270,0.000
2025-12-04T19:03:44.847308,0.000,5.000,1.270,0.000
2025-12-04T19:03:44.875953,0.000,5.000,1.270,0.000
2025-12-04T19:03:44.907833,0.000,5.000,1.270,0.000
2025-12-04T19:03:44.940879,0.000,5.000,1.270,0.000
2025-12-04T19:03:44.973051,0.000,5.000,1.270,0.000
2025-12-04T19:03:45.001096,0.000,5.000,1.270,0.000
2025-12-04T19:03:45.039427,0.000,5.000,1.270,0.000
2025-12-04T19:03:45.070284,0.000,5.000,1.270,0.000
2025-12-04T19:03:45.100047,0.000,5.000,1.270,0.000
2025-12-04T19:03:45.130836,0.000,5.000,1.270,0.000
2025-12-04T19:03:45.157242,0.000,5.000,1.270,0.000
2025-12-04T19:03:45.186681,0.000,5.000,1.270,0.000
2025-12-04T19:03:45.219290,0.000,5.000,1.270,0.000
2025-12-04T19:03:45.250675,0.000,5.000,1.270,0.000
2025-12-04T19:03:45.283937,0.000,5.000,1.270,0.000
2025-12-04T19:03:45.317739,0.000,5.000,1.270,0.000
2025-12-04T19:03:45.349171,0.000,5.000,1.270,0.000
2025-12-04T19:03:45.382794,0.000,5.000,1.270,0.000
2025-12-04T19:03:45.415416,0.000,5.000,1.270,0.000
2025-12-04T19:03:45.446698,0.000,5.000,1.270,0.000
2025-12-04T19:03:45.478690,0.000,5.000,1.270,0.000
2025-12-04T19:03:45.513432,0.000,5.000,1.270,0.000
2025-12-04T19:03:45.545403,0.000,5.000,1.270,0.000
2025-12-04T19:03:45.579530,0.000,5.000,1.270,0.000
2025-12-04T19:03:45.611639,0.000,5.000,1.270,0.000
2025-12-04T19:03:45.644787,0.000,5.000,1.270,0.000
2025-12-04T19:03:45.679962,0.000,5.000,1.270,0.000
2025-12-04T19:03:45.706143,0.000,5.000,1.270,0.000
2025-12-04T19:03:45.742927,0.000,5.000,1.270,0.000
2025-12-04T19:03:45.772132,0.000,5.000,1.270,0.000
2025-12-04T19:03:45.806624,0.000,5.000,1.270,0.000
2025-12-04T19:03:45.839475,0.000,5.000,1.270,0.000
2025-12-04T19:03:45.872365,0.000,5.000,1.270,0.000
2025-12-04T19:03:45.906662,0.000,5.000,1.270,0.000
2025-12-04T19:03:45.935505,0.000,5.000,1.270,0.000
2025-12-04T19:03:45.967965,0.000,5.000,1.270,0.000
2025-12-04T19:03:45.999729,0.000,5.000,1.270,0.000
2025-12-04T19:03:46.032917,0.000,5.000,1.270,0.000
2025-12-04T19:03:46.068921,0.000,5.000,1.270,0.000
2025-12-04T19:03:46.102604,0.000,5.000,1.270,0.000
2025-12-04T19:03:46.134238,0.000,5.000,1.270,0.000
2025-12-04T19:03:46.166645,0.000,5.000,1.270,0.000
2025-12-04T19:03:46.199150,0.000,5.000,1.270,0.000
2025-12-04T19:03:46.234375,0.000,5.000,1.270,0.000
2025-12-04T19:03:46.267104,0.000,5.000,1.270,0.000
2025-12-04T19:03:46.300625,0.000,5.000,1.270,0.000
2025-12-04T19:03:46.331196,0.000,5.000,1.270,0.000
2025-12-04T19:03:46.364163,0.000,5.000,1.270,0.000
2025-12-04T19:03:46.396410,0.000,5.000,1.270,0.000
2025-12-04T19:03:46.430636,0.000,5.000,1.270,0.000
2025-12-04T19:03:46.460891,0.000,5.000,1.270,0.000
2025-12-04T19:03:46.494207,0.000,5.000,1.270,0.000
2025-12-04T19:03:46.522966,0.000,5.000,1.270,0.000
2025-12-04T19:03:46.554862,0.000,5.000,1.270,0.000
2025-12-04T19:03:46.587017,0.000,5.000,1.270,0.000
2025-12-04T19:03:46.617925,0.000,5.000,1.270,0.000
2025-12-04T19:03:46.654792,0.000,5.000,1.270,0.000
2025-12-04T19:03:46.687622,0.000,5.000,1.270,0.000
2025-12-04T19:03:46.720145,0.000,5.000,1.270,0.000
2025-12-04T19:03:46.752450,0.000,5.000,1.270,0.000
2025-12-04T19:03:46.786586,0.000,5.000,1.270,0.000
2025-12-04T19:03:46.814266,0.000,5.000,1.270,0.000
2025-12-04T19:03:46.858330,0.000,5.000,1.270,0.000
2025-12-04T19:03:46.885856,0.000,5.000,1.270,0.000
2025-12-04T19:03:46.920926,0.000,5.000,1.270,0.000
2025-12-04T19:03:46.947683,0.000,5.000,1.270,0.000
2025-12-04T19:03:46.981064,0.000,5.000,1.270,0.000
2025-12-04T19:03:47.013121,0.000,5.000,1.270,0.000
2025-12-04T19:03:47.051119,0.000,5.000,1.270,0.000
2025-12-04T19:03:47.079513,0.000,5.000,1.270,0.000
2025-12-04T19:03:47.106279,0.000,5.000,1.270,0.000
2025-12-04T19:03:47.140462,0.000,5.000,1.270,0.000
2025-12-04T19:03:47.168831,0.000,5.000,1.270,0.000
2025-12-04T19:03:47.201994,0.000,5.000,1.270,0.000
2025-12-04T19:03:47.239068,0.000,5.000,1.270,0.000
2025-12-04T19:03:47.274041,0.000,5.000,1.270,0.000
2025-12-04T19:03:47.299790,0.000,5.000,1.270,0.000
2025-12-04T19:03:47.332381,0.000,5.000,1.270,0.000
2025-12-04T19:03:47.366750,0.000,5.000,1.270,0.000
2025-12-04T19:03:47.396344,0.000,5.000,1.270,0.000
2025-12-04T19:03:47.427775,0.000,5.000,1.270,0.000
2025-12-04T19:03:47.454198,0.000,5.000,1.270,0.000
2025-12-04T19:03:47.487312,0.000,5.000,1.270,0.000
2025-12-04T19:03:47.525965,0.000,5.000,1.270,0.000
2025-12-04T19:03:47.554539,0.000,5.000,1.270,0.000
2025-12-04T19:03:47.587804,0.000,5.000,1.270,0.000
2025-12-04T19:03:47.625076,0.000,5.000,1.270,0.000
2025-12-04T19:03:47.650023,0.000,5.000,1.270,0.000
2025-12-04T19:03:47.689194,0.000,5.000,1.270,0.000
2025-12-04T19:03:47.715939,0.000,5.000,1.270,0.000
2025-12-04T19:03:47.747425,0.000,5.000,1.270,0.000
2025-12-04T19:03:47.782445,0.000,5.000,1.270,0.000
2025-12-04T19:03:47.815027,0.000,5.000,1.270,0.000
2025-12-04T19:03:47.847417,0.000,5.000,1.270,0.000
2025-12-04T19:03:47.881969,0.000,5.000,1.270,0.000
2025-12-04T19:03:47.913825,0.000,5.000,1.270,0.000
2025-12-04T19:03:47.947699,0.000,5.000,1.270,0.000
2025-12-04T19:03:47.980031,0.000,5.000,1.270,0.000
2025-12-04T19:03:48.012622,0.000,5.000,1.270,0.000
2025-12-04T19:03:48.043372,0.000,5.000,1.270,0.000
2025-12-04T19:03:48.073164,0.000,5.000,1.270,0.000
2025-12-04T19:03:48.102086,0.000,5.000,1.270,0.000
2025-12-04T19:03:48.134871,0.000,5.000,1.270,0.000
2025-12-04T19:03:48.167737,0.000,5.000,1.270,0.000
2025-12-04T19:03:48.201189,0.000,5.000,1.270,0.000
2025-12-04T19:03:48.233016,0.000,5.000,1.270,0.000
2025-12-04T19:03:48.267980,0.000,5.000,1.270,0.000
2025-12-04T19:03:48.300047,0.000,5.000,1.270,0.000
2025-12-04T19:03:48.332423,0.000,5.000,1.270,0.000
2025-12-04T19:03:48.363176,0.000,5.000,1.270,0.000
2025-12-04T19:03:48.395389,0.000,5.000,1.270,0.000
2025-12-04T19:03:48.428289,0.000,5.000,1.270,0.000
2025-12-04T19:03:48.460946,0.000,5.000,1.270,0.000
2025-12-04T19:03:48.494572,0.000,5.000,1.270,0.000
2025-12-04T19:03:48.522796,0.000,5.000,1.270,0.000
2025-12-04T19:03:48.554262,0.000,5.000,1.270,0.000
2025-12-04T19:03:48.587315,0.000,5.000,1.270,0.000
2025-12-04T19:03:48.619206,0.000,5.000,1.270,0.000
2025-12-04T19:03:48.655403,0.000,5.000,1.270,0.000
2025-12-04T19:03:48.687999,0.000,5.000,1.270,0.000
2025-12-04T19:03:48.720379,0.000,5.000,1.270,0.000
2025-12-04T19:03:48.754774,0.000,5.000,1.270,0.000
2025-12-04T19:03:48.790032,0.000,5.000,1.270,0.000
2025-12-04T19:03:48.819941,0.000,5.000,1.270,0.000
2025-12-04T19:03:48.850913,0.000,5.000,1.270,0.000
2025-12-04T19:03:48.879255,0.000,5.000,1.270,0.000
2025-12-04T19:03:48.912427,0.000,5.000,1.270,0.000
2025-12-04T19:03:48.944513,0.000,5.000,1.270,0.000
2025-12-04T19:03:48.977055,0.000,5.000,1.270,0.000
2025-12-04T19:03:49.011446,0.000,5.000,1.270,0.000
2025-12-04T19:03:49.045055,0.000,5.000,1.270,0.000
2025-12-04T19:03:49.077262,0.000,5.000,1.270,0.000
2025-12-04T19:03:49.109952,0.000,5.000,1.270,0.000
2025-12-04T19:03:49.144264,0.000,5.000,1.270,0.000
2025-12-04T19:03:49.172591,0.000,5.000,1.270,0.000
2025-12-04T19:03:49.206467,0.000,5.000,1.270,0.000
2025-12-04T19:03:49.236314,0.000,5.000,1.270,0.000
2025-12-04T19:03:49.269452,0.000,5.000,1.270,0.000
2025-12-04T19:03:49.302327,0.000,5.000,1.270,0.000
2025-12-04T19:03:49.337096,0.000,5.000,1.270,0.000
2025-12-04T19:03:49.369184,0.000,5.000,1.270,0.000
2025-12-04T19:03:49.402327,0.000,5.000,1.270,0.000
2025-12-04T19:03:49.433491,0.000,5.000,1.270,0.000
2025-12-04T19:03:49.465523,0.000,5.000,1.270,0.000
2025-12-04T19:03:49.497311,0.000,5.000,1.270,0.000
2025-12-04T19:03:49.533848,0.000,5.000,1.270,0.000
2025-12-04T19:03:49.564624,0.000,5.000,1.270,0.000
2025-12-04T19:03:49.600469,0.000,5.000,1.270,0.000
2025-12-04T19:03:49.631201,0.000,5.000,1.270,0.000
2025-12-04T19:03:49.662928,0.000,5.000,1.270,0.000
2025-12-04T19:03:49.695384,0.000,5.000,1.270,0.000
2025-12-04T19:03:49.723224,0.000,5.000,1.270,0.000
2025-12-04T19:03:49.756482,0.000,5.000,1.270,0.000
2025-12-04T19:03:49.792810,0.000,5.000,1.270,0.000
2025-12-04T19:03:49.825676,0.000,5.000,1.270,0.000
2025-12-04T19:03:49.859467,0.000,5.000,1.270,0.000
2025-12-04T19:03:49.887756,0.000,5.000,1.270,0.000
2025-12-04T19:03:49.924461,0.000,5.000,1.270,0.000
2025-12-04T19:03:49.957204,0.000,5.000,1.270,0.000
2025-12-04T19:03:49.990955,0.000,5.000,1.270,0.000
2025-12-04T19:03:50.019116,0.000,5.000,1.270,0.000
2025-12-04T19:03:50.052480,0.000,5.000,1.270,0.000
2025-12-04T19:03:50.084769,0.000,5.000,1.270,0.000
2025-12-04T19:03:50.116916,0.000,5.000,1.270,0.000
2025-12-04T19:03:50.148169,0.000,5.000,1.270,0.000
2025-12-04T19:03:50.188193,0.000,5.000,1.270,0.000
2025-12-04T19:03:50.216123,0.000,5.000,1.270,0.000
2025-12-04T19:03:50.248818,0.000,5.000,1.270,0.000
2025-12-04T19:03:50.282500,0.000,5.000,1.270,0.000
2025-12-04T19:03:50.313534,0.000,5.000,1.270,0.000
2025-12-04T19:03:50.346113,0.000,5.000,1.270,0.000
2025-12-04T19:03:50.385286,0.000,5.000,1.270,0.000
2025-12-04T19:03:50.412775,0.000,5.000,1.270,0.000
2025-12-04T19:03:50.444951,0.000,5.000,1.270,0.000
2025-12-04T19:03:50.476743,0.000,5.000,1.270,0.000
2025-12-04T19:03:50.506689,0.000,5.000,1.270,0.000
2025-12-04T19:03:50.539711,0.000,5.000,1.270,0.000
2025-12-04T19:03:50.566164,0.000,5.000,1.270,0.000
2025-12-04T19:03:50.598611,0.000,5.000,1.270,0.000
2025-12-04T19:03:50.630866,0.000,5.000,1.270,0.000
2025-12-04T19:03:50.665313,0.000,5.000,1.270,0.000
2025-12-04T19:03:50.700354,0.000,5.000,1.270,0.000
2025-12-04T19:03:50.734212,0.000,5.000,1.270,0.000
2025-12-04T19:03:50.762230,0.000,5.000,1.270,0.000
2025-12-04T19:03:50.793614,0.000,5.000,1.270,0.000
2025-12-04T19:03:50.826842,0.000,5.000,1.270,0.000
2025-12-04T19:03:50.860091,0.000,5.000,1.270,0.000
2025-12-04T19:03:50.894580,0.000,5.000,1.270,0.000
2025-12-04T19:03:50.929289,0.000,5.000,1.270,0.000
2025-12-04T19:03:50.960295,0.000,5.000,1.270,0.000
2025-12-04T19:03:50.992742,0.000,5.000,1.270,0.000
2025-12-04T19:03:51.025641,0.000,5.000,1.270,0.000
2025-12-04T19:03:51.064727,0.000,5.000,1.270,0.000
2025-12-04T19:03:51.091427,0.000,5.000,1.270,0.000
2025-12-04T19:03:51.122331,0.000,5.000,1.270,0.000
2025-12-04T19:03:51.154213,0.000,5.000,1.270,0.000
2025-12-04T19:03:51.187077,0.000,5.000,1.270,0.000
2025-12-04T19:03:51.219363,0.000,5.000,1.270,0.000
2025-12-04T19:03:51.252236,0.000,5.000,1.270,0.000
2025-12-04T19:03:51.284459,0.000,5.000,1.270,0.000
2025-12-04T19:03:51.319776,0.000,5.000,1.270,0.000
2025-12-04T19:03:51.352409,0.000,5.000,1.270,0.000
2025-12-04T19:03:51.385355,0.000,5.000,1.270,0.000
2025-12-04T19:03:51.415066,0.000,5.000,1.270,0.000
2025-12-04T19:03:51.448468,0.000,5.000,1.270,0.000
2025-12-04T19:03:51.482311,0.000,5.000,1.270,0.000
2025-12-04T19:03:51.514412,0.000,5.000,1.270,0.000
2025-12-04T19:03:51.546120,0.000,5.000,1.270,0.000
2025-12-04T19:03:51.579756,0.000,5.000,1.270,0.000
2025-12-04T19:03:51.609469,0.000,5.000,1.270,0.000
2025-12-04T19:03:51.640493,0.000,5.000,1.270,0.000
2025-12-04T19:03:51.673832,0.000,5.000,1.270,0.000
2025-12-04T19:03:51.708094,0.000,5.000,1.270,0.000
2025-12-04T19:03:51.739795,0.000,5.000,1.270,0.000
2025-12-04T19:03:51.770896,0.000,5.000,1.270,0.000
2025-12-04T19:03:51.802276,0.000,5.000,1.270,0.000
2025-12-04T19:03:51.836446,0.000,5.000,1.270,0.000
2025-12-04T19:03:51.869816,0.000,5.000,1.270,0.000
2025-12-04T19:03:51.900325,0.000,5.000,1.270,0.000
2025-12-04T19:03:51.932393,0.000,5.000,1.270,0.000
2025-12-04T19:03:51.967439,0.000,5.000,1.270,0.000
2025-12-04T19:03:52.000605,0.000,5.000,1.270,0.000
2025-12-04T19:03:52.032728,0.000,5.000,1.270,0.000
2025-12-04T19:03:52.066322,0.000,5.000,1.270,0.000
2025-12-04T19:03:52.099408,0.000,5.000,1.270,0.000
2025-12-04T19:03:52.131610,0.000,5.000,1.270,0.000
2025-12-04T19:03:52.162002,0.000,5.000,1.270,0.000
2025-12-04T19:03:52.193794,0.000,5.000,1.270,0.000
2025-12-04T19:03:52.225752,0.000,5.000,1.270,0.000
2025-12-04T19:03:52.259197,0.000,5.000,1.270,0.000
2025-12-04T19:03:52.291445,0.000,5.000,1.270,0.000
2025-12-04T19:03:52.320489,0.000,5.000,1.270,0.000
2025-12-04T19:03:52.352986,0.000,5.000,1.270,0.000
2025-12-04T19:03:52.389273,0.000,5.000,1.270,0.000
2025-12-04T19:03:52.420210,0.000,5.000,1.270,0.000
2025-12-04T19:03:52.452672,0.000,5.000,1.270,0.000
2025-12-04T19:03:52.486002,0.000,5.000,1.270,0.000
2025-12-04T19:03:52.522990,0.000,5.000,1.270,0.000
2025-12-04T19:03:52.548480,0.000,5.000,1.270,0.000
2025-12-04T19:03:52.583155,0.000,5.000,1.270,0.000
2025-12-04T19:03:52.613464,0.000,5.000,1.270,0.000
2025-12-04T19:03:52.647662,0.000,5.000,1.270,0.000
2025-12-04T19:03:52.678498,0.000,5.000,1.270,0.000
2025-12-04T19:03:52.713158,0.000,5.000,1.270,0.000
2025-12-04T19:03:52.746108,0.000,5.000,1.270,0.000
2025-12-04T19:03:52.787382,0.000,5.000,1.270,0.000
2025-12-04T19:03:52.811409,0.000,5.000,1.270,0.000
2025-12-04T19:03:52.844069,0.000,5.000,1.270,0.000
2025-12-04T19:03:52.874969,0.000,5.000,1.270,0.000
2025-12-04T19:03:52.904388,0.000,5.000,1.270,0.000
2025-12-04T19:03:52.931485,0.000,5.000,1.270,0.000
2025-12-04T19:03:52.964348,0.000,5.000,1.270,0.000
2025-12-04T19:03:52.999965,0.000,5.000,1.270,0.000
2025-12-04T19:03:53.033142,0.000,5.000,1.270,0.000
2025-12-04T19:03:53.066241,0.000,5.000,1.270,0.000
2025-12-04T19:03:53.097912,0.000,5.000,1.270,0.000
2025-12-04T19:03:53.135999,0.000,5.000,1.270,0.000
2025-12-04T19:03:53.168450,0.000,5.000,1.270,0.000
2025-12-04T19:03:53.194922,0.000,5.000,1.270,0.000
2025-12-04T19:03:53.226007,0.000,5.000,1.270,0.000
2025-12-04T19:03:53.258291,0.000,5.000,1.270,0.000
2025-12-04T19:03:53.286201,0.000,5.000,1.270,0.000
2025-12-04T19:03:53.318657,0.000,5.000,1.270,0.000
2025-12-04T19:03:53.351296,0.000,5.000,1.270,0.000
2025-12-04T19:03:53.386253,0.000,5.000,1.270,0.000
2025-12-04T19:03:53.419091,0.000,5.000,1.270,0.000
2025-12-04T19:03:53.451139,0.000,5.000,1.270,0.000
2025-12-04T19:03:53.483315,0.000,5.000,1.270,0.000
2025-12-04T19:03:53.516769,0.000,5.000,1.270,0.000
2025-12-04T19:03:53.545498,0.000,5.000,1.270,0.000
2025-12-04T19:03:53.581881,0.000,5.000,1.270,0.000
2025-12-04T19:03:53.611813,0.000,5.000,1.270,0.000
2025-12-04T19:03:53.644532,0.000,5.000,1.270,0.000
2025-12-04T19:03:53.675783,0.000,5.000,1.270,0.000
2025-12-04T19:03:53.707900,0.000,5.000,1.270,0.000
2025-12-04T19:03:53.744880,0.000,5.000,1.270,0.000
2025-12-04T19:03:53.781160,0.000,5.000,1.270,0.000
2025-12-04T19:03:53.813061,0.000,5.000,1.270,0.000
2025-12-04T19:03:53.846039,0.000,5.000,1.270,0.000
2025-12-04T19:03:53.876691,0.000,5.000,1.270,0.000
2025-12-04T19:03:53.904756,0.000,5.000,1.270,0.000
2025-12-04T19:03:53.936912,0.000,5.000,1.270,0.000
2025-12-04T19:03:53.966957,0.000,5.000,1.270,0.000
2025-12-04T19:03:53.997571,0.000,5.000,1.270,0.000
2025-12-04T19:03:54.032008,0.000,5.000,1.270,0.000
2025-12-04T19:03:54.065841,0.000,5.000,1.270,0.000
2025-12-04T19:03:54.100562,0.000,5.000,1.270,0.000
2025-12-04T19:03:54.134450,0.000,5.000,1.270,0.000
2025-12-04T19:03:54.166911,0.000,5.000,1.270,0.000
2025-12-04T19:03:54.198321,0.000,5.000,1.270,0.000
2025-12-04T19:03:54.229048,0.000,5.000,1.270,0.000
2025-12-04T19:03:54.262923,0.000,5.000,1.270,0.000
2025-12-04T19:03:54.298206,0.000,5.000,1.270,0.000
2025-12-04T19:03:54.336975,0.000,5.000,1.270,0.000
2025-12-04T19:03:54.368685,0.000,5.000,1.270,0.000
2025-12-04T19:03:54.404046,0.000,5.000,1.270,0.000
2025-12-04T19:03:54.432289,0.000,5.000,1.270,0.000
2025-12-04T19:03:54.463307,0.000,5.000,1.270,0.000
2025-12-04T19:03:54.493158,0.000,5.000,1.270,0.000
2025-12-04T19:03:54.524067,0.000,5.000,1.270,0.000
2025-12-04T19:03:54.555913,0.000,5.000,1.270,0.000
2025-12-04T19:03:54.588688,0.000,5.000,1.270,0.000
2025-12-04T19:03:54.622460,0.000,5.000,1.270,0.000
2025-12-04T19:03:54.655945,0.000,5.000,1.270,0.000
2025-12-04T19:03:54.693937,0.000,5.000,1.270,0.000
2025-12-04T19:03:54.725177,0.000,5.000,1.270,0.000
2025-12-04T19:03:54.758415,0.000,5.000,1.270,0.000
2025-12-04T19:03:54.791975,0.000,5.000,1.270,0.000
2025-12-04T19:03:54.818907,0.000,5.000,1.270,0.000
2025-12-04T19:03:54.851752,0.000,5.000,1.270,0.000
2025-12-04T19:03:54.879975,0.000,5.000,1.270,0.000
2025-12-04T19:03:54.910904,0.000,5.000,1.270,0.000
2025-12-04T19:03:54.943823,0.000,5.000,1.270,0.000
2025-12-04T19:03:54.976292,0.000,5.000,1.270,0.000
2025-12-04T19:03:55.006816,0.000,5.000,1.270,0.000
2025-12-04T19:03:55.042901,0.000,5.000,1.270,0.000
2025-12-04T19:03:55.074537,0.000,5.000,1.270,0.000
2025-12-04T19:03:55.106431,0.000,5.000,1.270,0.000
2025-12-04T19:03:55.139168,0.000,5.000,1.270,0.000
2025-12-04T19:03:55.171280,0.000,5.000,1.270,0.000
2025-12-04T19:03:55.210878,0.000,5.000,1.270,0.000
2025-12-04T19:03:55.243688,0.000,5.000,1.270,0.000
2025-12-04T19:03:55.276015,0.000,5.000,1.270,0.000
2025-12-04T19:03:55.307086,0.000,5.000,1.270,0.000
2025-12-04T19:03:55.335743,0.000,5.000,1.270,0.000
2025-12-04T19:03:55.366155,0.000,5.000,1.270,0.000
2025-12-04T19:03:55.395914,0.000,5.000,1.270,0.000
2025-12-04T19:03:55.429337,0.000,5.000,1.270,0.000
2025-12-04T19:03:55.464171,0.000,5.000,1.270,0.000
2025-12-04T19:03:55.493223,0.000,5.000,1.270,0.000
2025-12-04T19:03:55.529134,0.000,5.000,1.270,0.000
2025-12-04T19:03:55.569423,0.000,5.000,1.270,0.000
2025-12-04T19:03:55.605783,0.000,5.000,1.270,0.000
2025-12-04T19:03:55.637308,0.000,5.000,1.270,0.000
2025-12-04T19:03:55.662841,0.000,5.000,1.270,0.000
2025-12-04T19:03:55.695028,0.000,5.000,1.270,0.000
2025-12-04T19:03:55.734364,0.000,5.000,1.270,0.000
2025-12-04T19:03:55.760465,0.000,5.000,1.270,0.000
2025-12-04T19:03:55.793392,0.000,5.000,1.270,0.000
2025-12-04T19:03:55.826333,0.000,5.000,1.270,0.000
2025-12-04T19:03:55.858933,0.000,5.000,1.270,0.000
2025-12-04T19:03:55.890406,0.000,5.000,1.270,0.000
2025-12-04T19:03:55.922585,0.000,5.000,1.270,0.000
2025-12-04T19:03:55.955049,0.000,5.000,1.270,0.000
2025-12-04T19:03:55.987658,0.000,5.000,1.270,0.000
2025-12-04T19:03:56.020589,0.000,5.000,1.270,0.000
2025-12-04T19:03:56.053526,0.000,5.000,1.270,0.000
2025-12-04T19:03:56.085009,0.000,5.000,1.270,0.000
2025-12-04T19:03:56.119156,0.000,5.000,1.270,0.000
2025-12-04T19:03:56.149844,0.000,5.000,1.270,0.000
2025-12-04T19:03:56.182462,0.000,5.000,1.270,0.000
2025-12-04T19:03:56.214257,0.000,5.000,1.270,0.000
2025-12-04T19:03:56.245920,0.000,5.000,1.270,0.000
2025-12-04T19:03:56.281190,0.000,5.000,1.270,0.000
2025-12-04T19:03:56.312623,0.000,5.000,1.270,0.000
2025-12-04T19:03:56.348011,0.000,5.000,1.270,0.000
2025-12-04T19:03:56.381644,0.000,5.000,1.270,0.000
2025-12-04T19:03:56.412869,0.000,5.000,1.270,0.000
2025-12-04T19:03:56.447529,0.000,5.000,1.270,0.000
2025-12-04T19:03:56.478347,0.000,5.000,1.270,0.000
2025-12-04T19:03:56.510682,0.000,5.000,1.270,0.000
2025-12-04T19:03:56.542604,0.000,5.000,1.270,0.000
2025-12-04T19:03:56.574078,0.000,5.000,1.270,0.000
2025-12-04T19:03:56.607075,0.000,5.000,1.270,0.000
2025-12-04T19:03:56.642523,0.000,5.000,1.270,0.000
2025-12-04T19:03:56.676043,0.000,5.000,1.270,0.000
2025-12-04T19:03:56.709405,0.000,5.000,1.270,0.000
2025-12-04T19:03:56.742768,0.000,5.000,1.270,0.000
2025-12-04T19:03:56.775743,0.000,5.000,1.270,0.000
2025-12-04T19:03:56.804695,0.000,5.000,1.270,0.000
2025-12-04T19:03:56.838186,0.000,5.000,1.270,0.000
2025-12-04T19:03:56.867174,0.000,5.000,1.270,0.000
2025-12-04T19:03:56.898639,0.000,5.000,1.270,0.000
2025-12-04T19:03:56.936490,0.000,5.000,1.270,0.000
2025-12-04T19:03:56.968763,0.000,5.000,1.270,0.000
2025-12-04T19:03:57.001719,0.000,5.000,1.270,0.000
2025-12-04T19:03:57.036017,0.000,5.000,1.270,0.000
2025-12-04T19:03:57.069223,0.000,5.000,1.270,0.000
2025-12-04T19:03:57.096422,0.000,5.000,1.270,0.000
2025-12-04T19:03:57.125601,0.000,5.000,1.270,0.000
2025-12-04T19:03:57.157654,0.000,5.000,1.270,0.000
2025-12-04T19:03:57.190855,0.000,5.000,1.270,0.000
2025-12-04T19:03:57.229408,0.000,5.000,1.270,0.000
2025-12-04T19:03:57.262457,0.000,5.000,1.270,0.000
2025-12-04T19:03:57.292847,0.000,5.000,1.270,0.000
2025-12-04T19:03:57.324972,0.000,5.000,1.270,0.000
2025-12-04T19:03:57.356284,0.000,5.000,1.270,0.000
2025-12-04T19:03:57.387475,0.000,5.000,1.270,0.000
2025-12-04T19:03:57.415918,0.000,5.000,1.270,0.000
2025-12-04T19:03:57.447975,0.000,5.000,1.270,0.000
2025-12-04T19:03:57.480309,0.000,5.000,1.270,0.000
2025-12-04T19:03:57.511946,0.000,5.000,1.270,0.000
2025-12-04T19:03:57.548871,0.000,5.000,1.270,0.000
2025-12-04T19:03:57.581180,0.000,5.000,1.270,0.000
2025-12-04T19:03:57.625385,0.000,5.000,1.270,0.000
2025-12-04T19:03:57.647431,0.000,5.000,1.270,0.000
2025-12-04T19:03:57.681071,0.000,5.000,1.270,0.000
2025-12-04T19:03:57.712750,0.000,5.000,1.270,0.000
2025-12-04T19:03:57.744826,0.000,5.000,1.270,0.000
2025-12-04T19:03:57.778823,0.000,5.000,1.270,0.000
2025-12-04T19:03:57.807438,0.000,5.000,1.270,0.000
2025-12-04T19:03:57.840780,0.000,5.000,1.270,0.000
2025-12-04T19:03:57.873675,0.000,5.000,1.270,0.000
2025-12-04T19:03:57.905915,0.000,5.000,1.270,0.000
2025-12-04T19:03:57.941220,0.000,5.000,1.270,0.000
2025-12-04T19:03:57.977044,0.000,5.000,1.270,0.000
2025-12-04T19:03:58.008955,0.000,5.000,1.270,0.000
2025-12-04T19:03:58.037316,0.000,5.000,1.270,0.000
2025-12-04T19:03:58.069566,0.000,5.000,1.270,0.000
2025-12-04T19:03:58.102639,0.000,5.000,1.270,0.000
2025-12-04T19:03:58.139944,0.000,5.000,1.270,0.000
2025-12-04T19:03:58.168218,0.000,5.000,1.270,0.000
2025-12-04T19:03:58.199872,0.000,5.000,1.270,0.000
2025-12-04T19:03:58.231508,0.000,5.000,1.270,0.000
2025-12-04T19:03:58.263523,0.000,5.000,1.270,0.000
2025-12-04T19:03:58.296387,0.000,5.000,1.270,0.000
2025-12-04T19:03:58.323340,0.000,5.000,1.270,0.000
2025-12-04T19:03:58.356785,0.000,5.000,1.270,0.000
2025-12-04T19:03:58.386561,0.000,5.000,1.270,0.000
2025-12-04T19:03:58.419321,0.000,5.000,1.270,0.000
2025-12-04T19:03:58.456826,0.000,5.000,1.270,0.000
2025-12-04T19:03:58.494812,0.000,5.000,1.270,0.000
2025-12-04T19:03:58.525426,0.000,5.000,1.270,0.000
2025-12-04T19:03:58.552926,0.000,5.000,1.270,0.000
2025-12-04T19:03:58.589333,0.000,5.000,1.270,0.000
2025-12-04T19:03:58.621430,0.000,5.000,1.270,0.000
2025-12-04T19:03:58.650935,0.000,5.000,1.270,0.000
2025-12-04T19:03:58.682882,0.000,5.000,1.270,0.000
2025-12-04T19:03:58.715085,0.000,5.000,1.270,0.000
2025-12-04T19:03:58.750312,0.000,5.000,1.270,0.000
2025-12-04T19:03:58.783683,0.000,5.000,1.270,0.000
2025-12-04T19:03:58.814877,0.000,5.000,1.270,0.000
2025-12-04T19:03:58.847599,0.000,5.000,1.270,0.000
2025-12-04T19:03:58.880871,0.000,5.000,1.270,0.000
2025-12-04T19:03:58.912384,0.000,5.000,1.270,0.000
2025-12-04T19:03:58.941887,0.000,5.000,1.270,0.000
2025-12-04T19:03:58.971105,0.000,5.000,1.270,0.000
2025-12-04T19:03:59.002142,0.000,5.000,1.270,0.000
2025-12-04T19:03:59.036344,0.000,5.000,1.270,0.000
2025-12-04T19:03:59.064601,0.000,5.000,1.270,0.000
2025-12-04T19:03:59.097647,0.000,5.000,1.270,0.000
2025-12-04T19:03:59.134399,0.000,5.000,1.270,0.000
2025-12-04T19:03:59.167963,0.000,5.000,1.270,0.000
2025-12-04T19:03:59.198803,0.000,5.000,1.270,0.000
2025-12-04T19:03:59.233066,0.000,5.000,1.270,0.000
2025-12-04T19:03:59.262669,0.000,5.000,1.270,0.000
2025-12-04T19:03:59.292728,0.000,5.000,1.270,0.000
2025-12-04T19:03:59.327624,0.000,5.000,1.270,0.000
2025-12-04T19:03:59.355117,0.000,5.000,1.270,0.000
2025-12-04T19:03:59.387193,0.000,5.000,1.270,0.000
2025-12-04T19:03:59.420265,0.000,5.000,1.270,0.000
2025-12-04T19:03:59.457270,0.000,5.000,1.270,0.000
2025-12-04T19:03:59.490296,0.000,5.000,1.270,0.000
2025-12-04T19:03:59.527626,0.000,5.000,1.270,0.000
2025-12-04T19:03:59.559664,0.000,5.000,1.270,0.000
2025-12-04T19:03:59.593969,0.000,5.000,1.270,0.000
2025-12-04T19:03:59.624392,0.000,5.000,1.270,0.000
2025-12-04T19:03:59.656259,0.000,5.000,1.270,0.000
2025-12-04T19:03:59.688278,0.000,5.000,1.270,0.000
2025-12-04T19:03:59.719114,0.000,5.000,1.270,0.000
2025-12-04T19:03:59.749020,0.000,5.000,1.270,0.000
2025-12-04T19:03:59.790252,0.000,5.000,1.270,0.000
2025-12-04T19:03:59.818384,0.000,5.000,1.270,0.000
2025-12-04T19:03:59.851409,0.000,5.000,1.270,0.000
2025-12-04T19:03:59.879494,0.000,5.000,1.270,0.000
2025-12-04T19:03:59.912866,0.000,5.000,1.270,0.000
2025-12-04T19:03:59.943617,0.000,5.000,1.270,0.000
2025-12-04T19:03:59.975138,0.000,5.000,1.270,0.000
2025-12-04T19:04:00.008995,0.000,5.000,1.270,0.000
2025-12-04T19:04:00.043280,0.000,5.000,1.270,0.000
2025-12-04T19:04:00.073987,0.000,5.000,1.270,0.000
2025-12-04T19:04:00.107748,0.000,5.000,1.270,0.000
2025-12-04T19:04:00.138358,0.000,5.000,1.270,0.000
2025-12-04T19:04:00.166419,0.000,5.000,1.270,0.000
2025-12-04T19:04:00.196730,0.000,5.000,1.270,0.000
2025-12-04T19:04:00.229419,0.000,5.000,1.270,0.000
2025-12-04T19:04:00.260356,0.000,5.000,1.270,0.000
2025-12-04T19:04:00.290749,0.000,5.000,1.270,0.000
2025-12-04T19:04:00.322469,0.000,5.000,1.270,0.000
2025-12-04T19:04:00.356734,0.000,5.000,1.270,0.000
2025-12-04T19:04:00.391470,0.000,5.000,1.270,0.000
2025-12-04T19:04:00.429309,0.000,5.000,1.270,0.000
2025-12-04T19:04:00.458408,0.000,5.000,1.270,0.000
2025-12-04T19:04:00.492055,0.000,5.000,1.270,0.000
2025-12-04T19:04:00.522901,0.000,5.000,1.270,0.000
2025-12-04T19:04:00.553121,0.000,5.000,1.270,0.000
2025-12-04T19:04:00.586901,0.000,5.000,1.270,0.000
2025-12-04T19:04:00.625433,0.000,5.000,1.270,0.000
2025-12-04T19:04:00.656119,0.000,5.000,1.270,0.000
2025-12-04T19:04:00.682845,0.000,5.000,1.270,0.000
2025-12-04T19:04:00.722244,0.000,5.000,1.270,0.000
2025-12-04T19:04:00.755822,0.000,5.000,1.270,0.000
2025-12-04T19:04:00.794313,0.000,5.000,1.270,0.000
2025-12-04T19:04:00.826065,0.000,5.000,1.270,0.000
2025-12-04T19:04:00.859712,0.000,5.000,1.270,0.000
2025-12-04T19:04:00.888159,0.000,5.000,1.270,0.000
2025-12-04T19:04:00.920646,0.000,5.000,1.270,0.000
2025-12-04T19:04:00.953164,0.000,5.000,1.270,0.000
2025-12-04T19:04:00.985997,0.000,5.000,1.270,0.000
2025-12-04T19:04:01.018711,0.000,5.000,1.270,0.000
2025-12-04T19:04:01.052021,0.000,5.000,1.270,0.000
2025-12-04T19:04:01.085983,0.000,5.000,1.270,0.000
2025-12-04T19:04:01.114637,0.000,5.000,1.270,0.000
2025-12-04T19:04:01.148818,0.000,5.000,1.270,0.000
2025-12-04T19:04:01.183669,0.000,5.000,1.270,0.000
2025-12-04T19:04:01.215710,0.000,5.000,1.270,0.000
2025-12-04T19:04:01.249442,0.000,5.000,1.270,0.000
2025-12-04T19:04:01.281048,0.000,5.000,1.270,0.000
2025-12-04T19:04:01.313779,0.000,5.000,1.270,0.000
2025-12-04T19:04:01.346671,0.000,5.000,1.270,0.000
2025-12-04T19:04:01.370704,0.000,5.000,1.270,0.000
2025-12-04T19:04:01.403271,0.000,5.000,1.270,0.000
2025-12-04T19:04:01.435553,0.000,5.000,1.270,0.000
2025-12-04T19:04:01.466809,0.000,5.000,1.270,0.000
2025-12-04T19:04:01.499380,0.000,5.000,1.270,0.000
2025-12-04T19:04:01.531871,0.000,5.000,1.270,0.000
2025-12-04T19:04:01.564433,0.000,5.000,1.270,0.000
2025-12-04T19:04:01.596379,0.000,5.000,1.270,0.000
2025-12-04T19:04:01.633187,0.000,5.000,1.270,0.000
2025-12-04T19:04:01.661505,0.000,5.000,1.270,0.000
2025-12-04T19:04:01.692071,0.000,5.000,1.270,0.000
2025-12-04T19:04:01.724803,0.000,5.000,1.270,0.000
2025-12-04T19:04:01.756403,0.000,5.000,1.270,0.000
2025-12-04T19:04:01.793974,0.000,5.000,1.270,0.000
2025-12-04T19:04:01.824617,0.000,5.000,1.270,0.000
2025-12-04T19:04:01.857522,0.000,5.000,1.270,0.000
2025-12-04T19:04:01.890503,0.000,5.000,1.270,0.000
2025-12-04T19:04:01.922949,0.000,5.000,1.270,0.000
2025-12-04T19:04:01.959751,0.000,5.000,1.270,0.000
2025-12-04T19:04:01.985151,0.000,5.000,1.270,0.000
2025-12-04T19:04:02.020086,0.000,5.000,1.270,0.000
2025-12-04T19:04:02.050441,0.000,5.000,1.270,0.000
2025-12-04T19:04:02.085893,0.000,5.000,1.270,0.000
2025-12-04T19:04:02.115338,0.000,5.000,1.270,0.000
2025-12-04T19:04:02.148003,0.000,5.000,1.270,0.000
2025-12-04T19:04:02.181641,0.000,5.000,1.270,0.000
2025-12-04T19:04:02.213515,0.000,5.000,1.270,0.000
2025-12-04T19:04:02.245947,0.000,5.000,1.270,0.000
2025-12-04T19:04:02.285239,0.000,5.000,1.270,0.000
2025-12-04T19:04:02.313169,0.000,5.000,1.270,0.000
2025-12-04T19:04:02.345126,0.000,5.000,1.270,0.000
2025-12-04T19:04:02.378101,0.000,5.000,1.270,0.000
2025-12-04T19:04:02.407517,0.000,5.000,1.270,0.000
2025-12-04T19:04:02.435103,0.000,5.000,1.270,0.000
2025-12-04T19:04:02.465031,0.000,5.000,1.270,0.000
2025-12-04T19:04:02.496532,0.000,5.000,1.270,0.000
2025-12-04T19:04:02.533192,0.000,5.000,1.270,0.000
2025-12-04T19:04:02.566314,0.000,5.000,1.270,0.000
2025-12-04T19:04:02.598725,0.000,5.000,1.270,0.000
2025-12-04T19:04:02.632969,0.000,5.000,1.270,0.000
2025-12-04T19:04:02.663304,0.000,5.000,1.270,0.000
2025-12-04T19:04:02.694177,0.000,5.000,1.270,0.000
2025-12-04T19:04:02.728536,0.000,5.000,1.270,0.000
2025-12-04T19:04:02.760977,0.000,5.000,1.270,0.000
2025-12-04T19:04:02.793201,0.000,5.000,1.270,0.000
2025-12-04T19:04:02.825357,0.000,5.000,1.270,0.000
2025-12-04T19:04:02.859282,0.000,5.000,1.270,0.000
2025-12-04T19:04:02.894908,0.000,5.000,1.270,0.000
2025-12-04T19:04:02.929797,0.000,5.000,1.270,0.000
2025-12-04T19:04:02.962352,0.000,5.000,1.270,0.000
2025-12-04T19:04:02.993877,0.000,5.000,1.270,0.000
2025-12-04T19:04:03.026194,0.000,5.000,1.270,0.000
2025-12-04T19:04:03.054626,0.000,5.000,1.270,0.000
2025-12-04T19:04:03.085499,0.000,5.000,1.270,0.000
2025-12-04T19:04:03.118137,0.000,5.000,1.270,0.000
2025-12-04T19:04:03.150208,0.000,5.000,1.270,0.000
2025-12-04T19:04:03.185233,0.000,5.000,1.270,0.000
2025-12-04T19:04:03.217083,0.000,5.000,1.270,0.000
2025-12-04T19:04:03.249174,0.000,5.000,1.270,0.000
2025-12-04T19:04:03.283902,0.000,5.000,1.270,0.000
2025-12-04T19:04:03.313102,0.000,5.000,1.270,0.000
2025-12-04T19:04:03.345038,0.000,5.000,1.270,0.000
2025-12-04T19:04:03.376255,0.000,5.000,1.270,0.000
2025-12-04T19:04:03.409038,0.000,5.000,1.270,0.000
2025-12-04T19:04:03.445928,0.000,5.000,1.270,0.000
2025-12-04T19:04:03.478917,0.000,5.000,1.270,0.000
2025-12-04T19:04:03.508610,0.000,5.000,1.270,0.000
2025-12-04T19:04:03.539727,0.000,5.000,1.270,0.000
2025-12-04T19:04:03.570405,0.000,5.000,1.270,0.000
2025-12-04T19:04:03.603440,0.000,5.000,1.270,0.000
2025-12-04T19:04:03.636237,0.000,5.000,1.270,0.000
2025-12-04T19:04:03.670114,0.000,5.000,1.270,0.000
2025-12-04T19:04:03.703304,0.000,5.000,1.270,0.000
2025-12-04T19:04:03.736410,0.000,5.000,1.270,0.000
2025-12-04T19:04:03.768642,0.000,5.000,1.270,0.000
2025-12-04T19:04:03.797408,0.000,5.000,1.270,0.000
2025-12-04T19:04:03.832737,0.000,5.000,1.270,0.000
2025-12-04T19:04:03.863944,0.000,5.000,1.270,0.000
2025-12-04T19:04:03.896355,0.000,5.000,1.270,0.000
2025-12-04T19:04:03.932506,0.000,5.000,1.270,0.000
2025-12-04T19:04:03.966017,0.000,5.000,1.270,0.000
2025-12-04T19:04:03.996830,0.000,5.000,1.270,0.000
2025-12-04T19:04:04.029969,0.000,5.000,1.270,0.000
2025-12-04T19:04:04.058650,0.000,5.000,1.270,0.000
2025-12-04T19:04:04.094115,0.000,5.000,1.270,0.000
2025-12-04T19:04:04.125284,0.000,5.000,1.270,0.000
2025-12-04T19:04:04.158143,0.000,5.000,1.270,0.000
2025-12-04T19:04:04.193851,0.000,5.000,1.270,0.000
2025-12-04T19:04:04.225473,0.000,5.000,1.270,0.000
2025-12-04T19:04:04.257347,0.000,5.000,1.270,0.000
2025-12-04T19:04:04.290377,0.000,5.000,1.270,0.000
2025-12-04T19:04:04.320344,0.000,5.000,1.270,0.000
2025-12-04T19:04:04.350957,0.000,5.000,1.270,0.000
2025-12-04T19:04:04.384900,0.000,5.000,1.270,0.000
2025-12-04T19:04:04.417810,0.000,5.000,1.270,0.000
2025-12-04T19:04:04.450534,0.000,5.000,1.270,0.000
2025-12-04T19:04:04.487200,0.000,5.000,1.270,0.000
2025-12-04T19:04:04.517961,0.000,5.000,1.270,0.000
2025-12-04T19:04:04.549973,0.000,5.000,1.270,0.000
2025-12-04T19:04:04.584138,0.000,5.000,1.270,0.000
2025-12-04T19:04:04.612796,0.000,5.000,1.270,0.000
2025-12-04T19:04:04.641531,0.000,5.000,1.270,0.000
2025-12-04T19:04:04.673457,0.000,5.000,1.270,0.000
2025-12-04T19:04:04.706636,0.000,5.000,1.270,0.000
2025-12-04T19:04:04.743063,0.000,5.000,1.270,0.000
2025-12-04T19:04:04.776224,0.000,5.000,1.270,0.000
2025-12-04T19:04:04.809254,0.000,5.000,1.270,0.000
2025-12-04T19:04:04.845648,0.000,5.000,1.270,0.000
2025-12-04T19:04:04.877648,0.000,5.000,1.270,0.000
2025-12-04T19:04:04.907698,0.000,5.000,1.270,0.000
2025-12-04T19:04:04.941911,0.000,5.000,1.270,0.000
2025-12-04T19:04:04.973435,0.000,5.000,1.270,0.000
2025-12-04T19:04:04.998424,0.000,5.000,1.270,0.000
2025-12-04T19:04:05.030636,0.000,5.000,1.270,0.000
2025-12-04T19:04:05.063832,0.000,5.000,1.270,0.000
2025-12-04T19:04:05.096373,0.000,5.000,1.270,0.000
2025-12-04T19:04:05.130245,0.000,5.000,1.270,0.000
2025-12-04T19:04:05.164722,0.000,5.000,1.270,0.000
2025-12-04T19:04:05.198353,0.000,5.000,1.270,0.000
2025-12-04T19:04:05.233795,0.000,5.000,1.270,0.000
2025-12-04T19:04:05.265783,0.000,5.000,1.270,0.000
2025-12-04T19:04:05.297194,0.000,5.000,1.270,0.000
2025-12-04T19:04:05.329128,0.000,5.000,1.270,0.000
2025-12-04T19:04:05.361283,0.000,5.000,1.270,0.000
2025-12-04T19:04:05.393184,0.000,5.000,1.270,0.000
2025-12-04T19:04:05.426062,0.000,5.000,1.270,0.000
2025-12-04T19:04:05.458507,0.000,5.000,1.270,0.000
2025-12-04T19:04:05.493153,0.000,5.000,1.270,0.000
2025-12-04T19:04:05.527776,0.000,5.000,1.270,0.000
2025-12-04T19:04:05.558004,0.000,5.000,1.270,0.000
2025-12-04T19:04:05.588904,0.000,5.000,1.270,0.000
2025-12-04T19:04:05.621581,0.000,5.000,1.270,0.000
2025-12-04T19:04:05.653315,0.000,5.000,1.270,0.000
2025-12-04T19:04:05.683968,0.000,5.000,1.270,0.000
2025-12-04T19:04:05.714805,0.000,5.000,1.270,0.000
2025-12-04T19:04:05.748512,0.000,5.000,1.270,0.000
2025-12-04T19:04:05.784689,0.000,5.000,1.270,0.000
2025-12-04T19:04:05.814305,0.000,5.000,1.270,0.000
2025-12-04T19:04:05.846969,0.000,5.000,1.270,0.000
2025-12-04T19:04:05.874514,0.000,5.000,1.270,0.000
2025-12-04T19:04:05.905888,0.000,5.000,1.270,0.000
2025-12-04T19:04:05.941687,0.000,5.000,1.270,0.000
2025-12-04T19:04:05.972913,0.000,5.000,1.270,0.000
2025-12-04T19:04:06.005149,0.000,5.000,1.270,0.000
2025-12-04T19:04:06.041756,0.000,5.000,1.270,0.000
2025-12-04T19:04:06.077765,0.000,5.000,1.270,0.000
2025-12-04T19:04:06.109143,0.000,5.000,1.270,0.000
2025-12-04T19:04:06.140225,0.000,5.000,1.270,0.000
2025-12-04T19:04:06.173574,0.000,5.000,1.270,0.000
2025-12-04T19:04:06.203514,0.000,5.000,1.270,0.000
2025-12-04T19:04:06.233164,0.000,5.000,1.270,0.000
2025-12-04T19:04:06.267770,0.000,5.000,1.270,0.000
2025-12-04T19:04:06.296993,0.000,5.000,1.270,0.000
2025-12-04T19:04:06.333465,0.000,5.000,1.270,0.000
2025-12-04T19:04:06.365790,0.000,5.000,1.270,0.000
2025-12-04T19:04:06.395844,0.000,5.000,1.270,0.000
2025-12-04T19:04:06.429889,0.000,5.000,1.270,0.000
2025-12-04T19:04:06.461352,0.000,5.000,1.270,0.000
2025-12-04T19:04:06.493366,0.000,5.000,1.270,0.000
2025-12-04T19:04:06.524475,0.000,5.000,1.270,0.000
2025-12-04T19:04:06.558268,0.000,5.000,1.270,0.000
2025-12-04T19:04:06.591105,0.000,5.000,1.270,0.000
2025-12-04T19:04:06.623616,0.000,5.000,1.270,0.000
2025-12-04T19:04:06.656459,0.000,5.000,1.270,0.000
2025-12-04T19:04:06.689339,0.000,5.000,1.270,0.000
2025-12-04T19:04:06.722275,0.000,5.000,1.270,0.000
2025-12-04T19:04:06.751477,0.000,5.000,1.270,0.000
2025-12-04T19:04:06.782791,0.000,5.000,1.270,0.000
2025-12-04T19:04:06.813517,0.000,5.000,1.270,0.000
2025-12-04T19:04:06.848697,0.000,5.000,1.270,0.000
2025-12-04T19:04:06.883926,0.000,5.000,1.270,0.000
2025-12-04T19:04:06.917478,0.000,5.000,1.270,0.000
2025-12-04T19:04:06.949795,0.000,5.000,1.270,0.000
2025-12-04T19:04:06.985093,0.000,5.000,1.270,0.000
2025-12-04T19:04:07.021529,0.000,5.000,1.270,0.000
2025-12-04T19:04:07.054144,0.000,5.000,1.270,0.000
2025-12-04T19:04:07.087324,0.000,5.000,1.270,0.000
2025-12-04T19:04:07.114340,0.000,5.000,1.270,0.000
2025-12-04T19:04:07.146281,0.000,5.000,1.270,0.000
2025-12-04T19:04:07.179120,0.000,5.000,1.270,0.000
2025-12-04T19:04:07.211022,0.000,5.000,1.270,0.000
2025-12-04T19:04:07.240575,0.000,5.000,1.270,0.000
2025-12-04T19:04:07.274884,0.000,5.000,1.270,0.000
2025-12-04T19:04:07.308191,0.000,5.000,1.270,0.000
2025-12-04T19:04:07.342357,0.000,5.000,1.270,0.000
2025-12-04T19:04:07.374934,0.000,5.000,1.270,0.000
2025-12-04T19:04:07.407153,0.000,5.000,1.270,0.000
2025-12-04T19:04:07.437309,0.000,5.000,1.270,0.000
2025-12-04T19:04:07.470664,0.000,5.000,1.270,0.000
2025-12-04T19:04:07.503709,0.000,5.000,1.270,0.000
2025-12-04T19:04:07.538864,0.000,5.000,1.270,0.000
2025-12-04T19:04:07.569298,0.000,5.000,1.270,0.000
2025-12-04T19:04:07.604795,0.000,5.000,1.270,0.000
2025-12-04T19:04:07.633307,0.000,5.000,1.270,0.000
2025-12-04T19:04:07.661658,0.000,5.000,1.270,0.000
2025-12-04T19:04:07.694945,0.000,5.000,1.270,0.000
2025-12-04T19:04:07.728953,0.000,5.000,1.270,0.000
2025-12-04T19:04:07.760221,0.000,5.000,1.270,0.000
2025-12-04T19:04:07.795247,0.000,5.000,1.270,0.000
2025-12-04T19:04:07.829150,0.000,5.000,1.270,0.000
2025-12-04T19:04:07.859756,0.000,5.000,1.270,0.000
2025-12-04T19:04:07.890034,0.000,5.000,1.270,0.000
2025-12-04T19:04:07.923078,0.000,5.000,1.270,0.000
2025-12-04T19:04:07.953776,0.000,5.000,1.270,0.000
2025-12-04T19:04:07.985453,0.000,5.000,1.270,0.000
2025-12-04T19:04:08.018933,0.000,5.000,1.270,0.000
2025-12-04T19:04:08.051710,0.000,5.000,1.270,0.000
2025-12-04T19:04:08.081036,0.000,5.000,1.270,0.000
2025-12-04T19:04:08.119100,0.000,5.000,1.270,0.000
2025-12-04T19:04:08.153089,0.000,5.000,1.270,0.000
2025-12-04T19:04:08.183990,0.000,5.000,1.270,0.000
2025-12-04T19:04:08.216118,0.000,5.000,1.270,0.000
2025-12-04T19:04:08.244857,0.000,5.000,1.270,0.000
2025-12-04T19:04:08.279159,0.000,5.000,1.270,0.000
2025-12-04T19:04:08.311998,0.000,5.000,1.270,0.000
2025-12-04T19:04:08.345711,0.000,5.000,1.270,0.000
2025-12-04T19:04:08.382990,0.000,5.000,1.270,0.000
2025-12-04T19:04:08.408964,0.000,5.000,1.270,0.000
2025-12-04T19:04:08.442148,0.000,5.000,1.270,0.000
2025-12-04T19:04:08.473035,0.000,5.000,1.270,0.000
2025-12-04T19:04:08.504893,0.000,5.000,1.270,0.000
2025-12-04T19:04:08.533763,0.000,5.000,1.270,0.000
2025-12-04T19:04:08.569480,0.000,5.000,1.270,0.000
2025-12-04T19:04:08.602093,0.000,5.000,1.270,0.000
2025-12-04T19:04:08.637908,0.000,5.000,1.270,0.000
2025-12-04T19:04:08.668350,0.000,5.000,1.270,0.000
2025-12-04T19:04:08.702082,0.000,5.000,1.270,0.000
2025-12-04T19:04:08.735598,0.000,5.000,1.270,0.000
2025-12-04T19:04:08.765435,0.000,5.000,1.270,0.000
2025-12-04T19:04:08.796141,0.000,5.000,1.270,0.000
2025-12-04T19:04:08.827483,0.000,5.000,1.270,0.000
2025-12-04T19:04:08.857007,0.000,5.000,1.270,0.000
2025-12-04T19:04:08.887398,0.000,5.000,1.270,0.000
2025-12-04T19:04:08.920074,0.000,5.000,1.270,0.000
2025-12-04T19:04:08.954679,0.000,5.000,1.270,0.000
2025-12-04T19:04:08.989389,0.000,5.000,1.270,0.000
2025-12-04T19:04:09.025640,0.000,5.000,1.270,0.000
2025-12-04T19:04:09.055839,0.000,5.000,1.270,0.000
2025-12-04T19:04:09.090908,0.000,5.000,1.270,0.000
2025-12-04T19:04:09.131471,0.000,5.000,1.270,-0.029
2025-12-04T19:04:09.158100,0.000,5.000,1.270,-0.058
2025-12-04T19:04:09.186844,0.000,5.000,1.270,-0.086
2025-12-04T19:04:09.230948,0.000,5.000,1.270,-0.115
2025-12-04T19:04:09.251682,0.000,5.000,1.270,-0.144
2025-12-04T19:04:09.286840,0.000,5.000,1.270,-0.172
2025-12-04T19:04:09.319940,0.000,5.000,1.270,-0.200
2025-12-04T19:04:09.352065,0.000,5.000,1.270,-0.228
2025-12-04T19:04:09.386391,0.000,5.000,1.270,-0.256
2025-12-04T19:04:09.414394,0.000,5.000,1.270,-0.284
2025-12-04T19:04:09.448430,0.000,5.000,1.270,-0.312
2025-12-04T19:04:09.479376,0.000,5.000,1.270,-0.339
2025-12-04T19:04:09.511305,0.000,5.000,1.270,-0.366
2025-12-04T19:04:09.552221,0.000,5.000,1.270,-0.392
2025-12-04T19:04:09.585415,0.000,5.000,1.270,-0.419
2025-12-04T19:04:09.616771,0.000,5.000,1.270,-0.445
2025-12-04T19:04:09.653675,0.000,5.000,1.270,-0.470
2025-12-04T19:04:09.679143,0.000,5.000,1.270,-0.495
2025-12-04T19:04:09.713700,0.000,5.000,1.270,-0.520
2025-12-04T19:04:09.743073,0.000,5.000,1.270,-0.545
2025-12-04T19:04:09.779947,0.000,5.000,1.270,-0.569
2025-12-04T19:04:09.807565,0.000,5.000,1.270,-0.592
2025-12-04T19:04:09.840277,0.000,5.000,1.270,-0.615
2025-12-04T19:04:09.871643,0.000,5.000,1.270,-0.637
2025-12-04T19:04:09.904941,0.000,5.000,1.270,-0.659
2025-12-04T19:04:09.942501,0.000,5.000,1.270,-0.681
2025-12-04T19:04:09.976248,0.000,5.000,1.270,-0.702
2025-12-04T19:04:10.004213,0.000,5.000,1.270,-0.722
2025-12-04T19:04:10.037602,0.000,5.000,1.270,-0.741
2025-12-04T19:04:10.072646,0.000,5.000,1.270,-0.760
2025-12-04T19:04:10.101884,0.000,5.000,1.270,-0.779
2025-12-04T19:04:10.133103,0.000,5.000,1.270,-0.797
2025-12-04T19:04:10.168286,0.000,5.000,1.270,-0.814
2025-12-04T19:04:10.202641,0.000,5.000,1.270,-0.830
2025-12-04T19:04:10.233922,0.000,5.000,1.270,-0.846
2025-12-04T19:04:10.265982,0.000,5.000,1.270,-0.861
2025-12-04T19:04:10.302294,0.000,5.000,1.270,-0.875
2025-12-04T19:04:10.332280,0.000,5.000,1.270,-0.889
2025-12-04T19:04:10.367034,0.000,5.000,1.270,-0.901
2025-12-04T19:04:10.397428,0.000,5.000,1.270,-0.914
2025-12-04T19:04:10.431902,0.000,5.000,1.270,-0.925
2025-12-04T19:04:10.461470,0.000,5.000,1.270,-0.935
2025-12-04T19:04:10.499456,0.000,5.000,1.270,-0.945
2025-12-04T19:04:10.526390,-0.014,4.989,1.270,-0.945
2025-12-04T19:04:10.555260,-0.028,4.978,1.270,-0.945
2025-12-04T19:04:10.593569,-0.043,4.967,1.270,-0.945
2025-12-04T19:04:10.623888,-0.057,4.955,1.270,-0.945
2025-12-04T19:04:10.658561,-0.072,4.944,1.270,-0.945
2025-12-04T19:04:10.695845,-0.086,4.932,1.270,-0.945
2025-12-04T19:04:10.724355,-0.101,4.921,1.270,-0.945
2025-12-04T19:04:10.759094,-0.116,4.909,1.270,-0.945
2025-12-04T19:04:10.789228,-0.131,4.897,1.270,-0.945
2025-12-04T19:04:10.819908,-0.146,4.886,1.270,-0.945
2025-12-04T19:04:10.852892,-0.161,4.874,1.270,-0.945
2025-12-04T19:04:10.886672,-0.176,4.862,1.270,-0.945
2025-12-04T19:04:10.920936,-0.191,4.850,1.270,-0.945
2025-12-04T19:04:10.950669,-0.207,4.838,1.270,-0.945
2025-12-04T19:04:10.985197,-0.222,4.826,1.270,-0.945
2025-12-04T19:04:11.019035,-0.237,4.814,1.270,-0.945
2025-12-04T19:04:11.052448,-0.253,4.802,1.270,-0.945
2025-12-04T19:04:11.085053,-0.268,4.790,1.270,-0.945
2025-12-04T19:04:11.112166,-0.284,4.777,1.270,-0.945
2025-12-04T19:04:11.150009,-0.299,4.765,1.270,-0.945
2025-12-04T19:04:11.175527,-0.315,4.753,1.270,-0.945
2025-12-04T19:04:11.209332,-0.331,4.741,1.270,-0.945
2025-12-04T19:04:11.241643,-0.346,4.729,1.270,-0.945
2025-12-04T19:04:11.269768,-0.362,4.716,1.270,-0.945
2025-12-04T19:04:11.302490,-0.378,4.704,1.270,-0.945
2025-12-04T19:04:11.338878,-0.394,4.692,1.270,-0.945
2025-12-04T19:04:11.371599,-0.409,4.679,1.270,-0.945
2025-12-04T19:04:11.405692,-0.425,4.667,1.270,-0.945
2025-12-04T19:04:11.441155,-0.441,4.654,1.270,-0.945
2025-12-04T19:04:11.470037,-0.457,4.642,1.270,-0.945
2025-12-04T19:04:11.499778,-0.473,4.630,1.270,-0.945
2025-12-04T19:04:11.531421,-0.489,4.617,1.270,-0.945
2025-12-04T19:04:11.566654,-0.504,4.605,1.270,-0.945
2025-12-04T19:04:11.599097,-0.520,4.592,1.270,-0.945
2025-12-04T19:04:11.634518,-0.536,4.580,1.270,-0.945
2025-12-04T19:04:11.667269,-0.552,4.567,1.270,-0.945
2025-12-04T19:04:11.696164,-0.568,4.555,1.270,-0.945
2025-12-04T19:04:11.730398,-0.584,4.542,1.270,-0.945
2025-12-04T19:04:11.757231,-0.600,4.530,1.270,-0.945
2025-12-04T19:04:11.788411,-0.616,4.517,1.270,-0.945
2025-12-04T19:04:11.819616,-0.632,4.505,1.270,-0.945
2025-12-04T19:04:11.852302,-0.648,4.492,1.270,-0.945
2025-12-04T19:04:11.884310,-0.664,4.479,1.270,-0.945
2025-12-04T19:04:11.919116,-0.680,4.467,1.270,-0.945
2025-12-04T19:04:11.953970,-0.696,4.454,1.270,-0.945
2025-12-04T19:04:11.991246,-0.712,4.442,1.270,-0.945
2025-12-04T19:04:12.019951,-0.728,4.429,1.270,-0.945
2025-12-04T19:04:12.052302,-0.744,4.417,1.270,-0.945
2025-12-04T19:04:12.081306,-0.760,4.404,1.270,-0.945
2025-12-04T19:04:12.114884,-0.776,4.391,1.270,-0.945
2025-12-04T19:04:12.146810,-0.792,4.379,1.270,-0.945
2025-12-04T19:04:12.178469,-0.809,4.366,1.270,-0.945
2025-12-04T19:04:12.211428,-0.825,4.354,1.270,-0.945
2025-12-04T19:04:12.244658,-0.841,4.341,1.270,-0.945
2025-12-04T19:04:12.277689,-0.857,4.328,1.270,-0.945
2025-12-04T19:04:12.306295,-0.873,4.316,1.270,-0.945
2025-12-04T19:04:12.342090,-0.889,4.303,1.270,-0.945
2025-12-04T19:04:12.377267,-0.905,4.291,1.270,-0.945
2025-12-04T19:04:12.407598,-0.921,4.278,1.270,-0.945
2025-12-04T19:04:12.440185,-0.937,4.265,1.270,-0.945
2025-12-04T19:04:12.471575,-0.953,4.253,1.270,-0.945
2025-12-04T19:04:12.502756,-0.969,4.240,1.270,-0.945
2025-12-04T19:04:12.541753,-0.986,4.228,1.270,-0.945
2025-12-04T19:04:12.569260,-1.002,4.215,1.270,-0.945
2025-12-04T19:04:12.599662,-1.018,4.202,1.270,-0.945
2025-12-04T19:04:12.638074,-1.034,4.190,1.270,-0.945
2025-12-04T19:04:12.671439,-1.050,4.177,1.270,-0.945
2025-12-04T19:04:12.703306,-1.066,4.164,1.270,-0.945
2025-12-04T19:04:12.735002,-1.082,4.152,1.270,-0.945
2025-12-04T19:04:12.765772,-1.098,4.139,1.270,-0.945
2025-12-04T19:04:12.798291,-1.114,4.126,1.270,-0.945
2025-12-04T19:04:12.832184,-1.131,4.114,1.270,-0.945
2025-12-04T19:04:12.866146,-1.147,4.101,1.270,-0.945
2025-12-04T19:04:12.900537,-1.163,4.089,1.270,-0.945
2025-12-04T19:04:12.934198,-1.179,4.076,1.270,-0.945
2025-12-04T19:04:12.970596,-1.195,4.063,1.270,-0.945
2025-12-04T19:04:12.996916,-1.211,4.051,1.270,-0.945
2025-12-04T19:04:13.031458,-1.227,4.038,1.270,-0.945
2025-12-04T19:04:13.059757,-1.243,4.025,1.270,-0.945
2025-12-04T19:04:13.091695,-1.260,4.013,1.270,-0.945
2025-12-04T19:04:13.124848,-1.276,4.000,1.270,-0.945
2025-12-04T19:04:13.157254,-1.292,3.987,1.270,-0.945
2025-12-04T19:04:13.189706,-1.308,3.975,1.270,-0.945
2025-12-04T19:04:13.219670,-1.324,3.962,1.270,-0.945
2025-12-04T19:04:13.253412,-1.340,3.950,1.270,-0.945
2025-12-04T19:04:13.293860,-1.356,3.937,1.270,-0.945
2025-12-04T19:04:13.323990,-1.373,3.924,1.270,-0.945
2025-12-04T19:04:13.356856,-1.389,3.912,1.270,-0.945
2025-12-04T19:04:13.385774,-1.405,3.899,1.270,-0.945
2025-12-04T19:04:13.418182,-1.421,3.886,1.270,-0.945
2025-12-04T19:04:13.449025,-1.437,3.874,1.270,-0.945
2025-12-04T19:04:13.486031,-1.453,3.861,1.270,-0.945
2025-12-04T19:04:13.517586,-1.469,3.848,1.270,-0.945
2025-12-04T19:04:13.550000,-1.485,3.836,1.270,-0.945
2025-12-04T19:04:13.586667,-1.502,3.823,1.270,-0.945
2025-12-04T19:04:13.617740,-1.518,3.810,1.270,-0.945
2025-12-04T19:04:13.646838,-1.534,3.798,1.270,-0.945
2025-12-04T19:04:13.673417,-1.550,3.785,1.270,-0.945
2025-12-04T19:04:13.703011,-1.566,3.772,1.270,-0.945
2025-12-04T19:04:13.741540,-1.582,3.760,1.270,-0.945
2025-12-04T19:04:13.772821,-1.598,3.747,1.270,-0.945
2025-12-04T19:04:13.803057,-1.615,3.734,1.270,-0.945
2025-12-04T19:04:13.841723,-1.631,3.722,1.270,-0.945
2025-12-04T19:04:13.871730,-1.647,3.709,1.270,-0.945
2025-12-04T19:04:13.907617,-1.663,3.697,1.270,-0.945
2025-12-04T19:04:13.942646,-1.679,3.684,1.270,-0.945
2025-12-04T19:04:13.971841,-1.695,3.671,1.270,-0.945
2025-12-04T19:04:14.000380,-1.711,3.659,1.270,-0.945
2025-12-04T19:04:14.031398,-1.728,3.646,1.270,-0.945
2025-12-04T19:04:14.063980,-1.744,3.633,1.270,-0.945
2025-12-04T19:04:14.096708,-1.760,3.621,1.270,-0.945
2025-12-04T19:04:14.130132,-1.776,3.608,1.270,-0.945
2025-12-04T19:04:14.165081,-1.792,3.595,1.270,-0.945
2025-12-04T19:04:14.197459,-1.808,3.583,1.270,-0.945
2025-12-04T19:04:14.229311,-1.824,3.570,1.270,-0.945
2025-12-04T19:04:14.263147,-1.840,3.557,1.270,-0.945
2025-12-04T19:04:14.289051,-1.857,3.545,1.270,-0.945
2025-12-04T19:04:14.323343,-1.873,3.532,1.270,-0.945
2025-12-04T19:04:14.351262,-1.889,3.519,1.270,-0.945
2025-12-04T19:04:14.388449,-1.905,3.507,1.270,-0.945
2025-12-04T19:04:14.421290,-1.921,3.494,1.270,-0.945
2025-12-04T19:04:14.453893,-1.937,3.481,1.270,-0.945
2025-12-04T19:04:14.490132,-1.953,3.469,1.270,-0.945
2025-12-04T19:04:14.517883,-1.970,3.456,1.270,-0.945
2025-12-04T19:04:14.554092,-1.986,3.444,1.270,-0.945
2025-12-04T19:04:14.582733,-2.002,3.431,1.270,-0.945
2025-12-04T19:04:14.614393,-2.018,3.418,1.270,-0.945
2025-12-04T19:04:14.648577,-2.034,3.406,1.270,-0.945
2025-12-04T19:04:14.678481,-2.050,3.393,1.270,-0.945
2025-12-04T19:04:14.712134,-2.066,3.380,1.270,-0.945
2025-12-04T19:04:14.748065,-2.083,3.368,1.270,-0.945
2025-12-04T19:04:14.776369,-2.099,3.355,1.270,-0.945
2025-12-04T19:04:14.817628,-2.115,3.342,1.270,-0.945
2025-12-04T19:04:14.850193,-2.131,3.330,1.270,-0.945
2025-12-04T19:04:14.884790,-2.147,3.317,1.270,-0.945
2025-12-04T19:04:14.910036,-2.163,3.304,1.270,-0.945
2025-12-04T19:04:14.947007,-2.179,3.292,1.270,-0.945
2025-12-04T19:04:14.978036,-2.196,3.279,1.270,-0.945
2025-12-04T19:04:15.003977,-2.212,3.266,1.270,-0.945
2025-12-04T19:04:15.032141,-2.228,3.254,1.270,-0.945
2025-12-04T19:04:15.064506,-2.244,3.241,1.270,-0.945
2025-12-04T19:04:15.100659,-2.260,3.228,1.270,-0.945
2025-12-04T19:04:15.136667,-2.276,3.216,1.270,-0.945
2025-12-04T19:04:15.168908,-2.292,3.203,1.270,-0.945
2025-12-04T19:04:15.201064,-2.309,3.191,1.270,-0.945
2025-12-04T19:04:15.236902,-2.325,3.178,1.270,-0.945
2025-12-04T19:04:15.265519,-2.341,3.165,1.270,-0.945
2025-12-04T19:04:15.295528,-2.357,3.153,1.270,-0.945
2025-12-04T19:04:15.324627,-2.373,3.140,1.270,-0.945
2025-12-04T19:04:15.358686,-2.389,3.127,1.270,-0.945
2025-12-04T19:04:15.391581,-2.405,3.115,1.270,-0.945
2025-12-04T19:04:15.428594,-2.422,3.102,1.270,-0.945
2025-12-04T19:04:15.459065,-2.438,3.089,1.270,-0.945
2025-12-04T19:04:15.491931,-2.454,3.077,1.270,-0.945
2025-12-04T19:04:15.523887,-2.470,3.064,1.270,-0.945
2025-12-04T19:04:15.593245,-2.486,3.051,1.270,-0.945
2025-12-04T19:04:15.629468,-2.502,3.039,1.270,-0.945
2025-12-04T19:04:15.658919,-2.518,3.026,1.270,-0.945
2025-12-04T19:04:15.687936,-2.535,3.013,1.270,-0.945
2025-12-04T19:04:15.720180,-2.551,3.001,1.270,-0.945
2025-12-04T19:04:15.747525,-2.567,2.988,1.270,-0.945
2025-12-04T19:04:15.775248,-2.583,2.975,1.270,-0.945
2025-12-04T19:04:15.806387,-2.599,2.963,1.270,-0.945
2025-12-04T19:04:15.838367,-2.615,2.950,1.270,-0.945
2025-12-04T19:04:15.869763,-2.631,2.938,1.270,-0.945
2025-12-04T19:04:15.902102,-2.648,2.925,1.270,-0.945
2025-12-04T19:04:15.932476,-2.664,2.912,1.270,-0.945
2025-12-04T19:04:15.965848,-2.680,2.900,1.270,-0.945
2025-12-04T19:04:16.001117,-2.696,2.887,1.270,-0.945
2025-12-04T19:04:16.031980,-2.712,2.874,1.270,-0.945
2025-12-04T19:04:16.063322,-2.728,2.862,1.270,-0.945
2025-12-04T19:04:16.096299,-2.744,2.849,1.270,-0.945
2025-12-04T19:04:16.127054,-2.760,2.836,1.270,-0.945
2025-12-04T19:04:16.161219,-2.777,2.824,1.270,-0.945
2025-12-04T19:04:16.191434,-2.793,2.811,1.270,-0.945
2025-12-04T19:04:16.226034,-2.793,2.811,1.270,-0.945
2025-12-04T19:04:16.259111,-2.793,2.811,1.270,-0.945
2025-12-04T19:04:16.290469,-2.793,2.811,1.270,-0.945
2025-12-04T19:04:16.328054,-2.793,2.811,1.270,-0.945
2025-12-04T19:04:16.362761,-2.793,2.811,1.270,-0.945
2025-12-04T19:04:16.396464,-2.793,2.811,1.270,-0.945
2025-12-04T19:04:16.426242,-2.793,2.811,1.270,-0.945
2025-12-04T19:04:16.455126,-2.793,2.811,1.270,-0.945
2025-12-04T19:04:16.490989,-2.793,2.811,1.270,-0.945
2025-12-04T19:04:16.518418,-2.793,2.811,1.270,-0.945
2025-12-04T19:04:16.550408,-2.793,2.811,1.270,-0.945
2025-12-04T19:04:16.582454,-2.793,2.811,1.270,-0.945
2025-12-04T19:04:16.610175,-2.793,2.811,1.270,-0.945
2025-12-04T19:04:16.645772,-2.793,2.811,1.270,-0.945
2025-12-04T19:04:16.682187,-2.793,2.811,1.270,-0.945
2025-12-04T19:04:16.716104,-2.793,2.811,1.270,-0.945
2025-12-04T19:04:16.748771,-2.793,2.811,1.270,-0.945
2025-12-04T19:04:16.779886,-2.793,2.811,1.270,-0.945
2025-12-04T19:04:16.811735,-2.793,2.811,1.270,-0.945
2025-12-04T19:04:16.843953,-2.793,2.811,1.270,-0.945
2025-12-04T19:04:16.874954,-2.793,2.811,1.270,-0.945
2025-12-04T19:04:16.911741,-2.793,2.811,1.270,-0.945
2025-12-04T19:04:16.941404,-2.793,2.811,1.270,-0.945
2025-12-04T19:04:16.973144,-2.793,2.811,1.270,-0.945
2025-12-04T19:04:17.007666,-2.793,2.811,1.270,-0.945
2025-12-04T19:04:17.038943,-2.793,2.811,1.270,-0.945
2025-12-04T19:04:17.069514,-2.793,2.811,1.270,-0.945
2025-12-04T19:04:17.105640,-2.793,2.811,1.270,-0.945
2025-12-04T19:04:17.137725,-2.793,2.811,1.270,-0.945
2025-12-04T19:04:17.169223,-2.793,2.811,1.270,-0.945
2025-12-04T19:04:17.200416,-2.793,2.811,1.270,-0.945
2025-12-04T19:04:17.226437,-2.793,2.811,1.270,-0.945
2025-12-04T19:04:17.256906,-2.793,2.811,1.270,-0.945
2025-12-04T19:04:17.284346,-2.793,2.811,1.270,-0.945
2025-12-04T19:04:17.318095,-2.793,2.811,1.270,-0.945
2025-12-04T19:04:17.351521,-2.793,2.811,1.270,-0.945
2025-12-04T19:04:17.388794,-2.793,2.811,1.270,-0.945
2025-12-04T19:04:17.420210,-2.793,2.811,1.270,-0.945
2025-12-04T19:04:17.451512,-2.793,2.811,1.270,-0.945
2025-12-04T19:04:17.482780,-2.793,2.811,1.270,-0.945
2025-12-04T19:04:17.509627,-2.793,2.811,1.270,-0.945
2025-12-04T19:04:17.540499,-2.793,2.811,1.270,-0.945
2025-12-04T19:04:17.571805,-2.793,2.811,1.270,-0.945
2025-12-04T19:04:17.603951,-2.793,2.811,1.270,-0.945
2025-12-04T19:04:17.638751,-2.793,2.811,1.270,-0.945
2025-12-04T19:04:17.673508,-2.793,2.811,1.270,-0.945
2025-12-04T19:04:17.706921,-2.793,2.811,1.270,-0.945
2025-12-04T19:04:17.741148,-2.793,2.811,1.270,-0.945
2025-12-04T19:04:17.772939,-2.793,2.811,1.270,-0.945
2025-12-04T19:04:17.803308,-2.793,2.811,1.270,-0.945
2025-12-04T19:04:17.839314,-2.793,2.811,1.270,-0.945
2025-12-04T19:04:17.872326,-2.793,2.811,1.270,-0.945
2025-12-04T19:04:17.903253,-2.793,2.811,1.270,-0.945
2025-12-04T19:04:17.937140,-2.793,2.811,1.270,-0.945
2025-12-04T19:04:17.970664,-2.793,2.811,1.270,-0.945
2025-12-04T19:04:18.004090,-2.793,2.811,1.270,-0.945
2025-12-04T19:04:18.036182,-2.793,2.811,1.270,-0.945
2025-12-04T19:04:18.065693,-2.793,2.811,1.270,-0.945
2025-12-04T19:04:18.096526,-2.793,2.811,1.270,-0.945
2025-12-04T19:04:18.131359,-2.793,2.811,1.270,-0.945
2025-12-04T19:04:18.162546,-2.793,2.811,1.270,-0.945
2025-12-04T19:04:18.198325,-2.793,2.811,1.270,-0.945
2025-12-04T19:04:18.229293,-2.793,2.811,1.270,-0.945
2025-12-04T19:04:18.261738,-2.793,2.811,1.270,-0.945
2025-12-04T19:04:18.293990,-2.793,2.811,1.270,-0.945
2025-12-04T19:04:18.327894,-2.793,2.811,1.270,-0.945
2025-12-04T19:04:18.355899,-2.793,2.811,1.270,-0.945
2025-12-04T19:04:18.386886,-2.793,2.811,1.270,-0.945
2025-12-04T19:04:18.419464,-2.793,2.811,1.270,-0.945
2025-12-04T19:04:18.451650,-2.793,2.811,1.270,-0.945
2025-12-04T19:04:18.487910,-2.793,2.811,1.270,-0.945
2025-12-04T19:04:18.519158,-2.793,2.811,1.270,-0.945
2025-12-04T19:04:18.549208,-2.793,2.811,1.270,-0.945
2025-12-04T19:04:18.584170,-2.793,2.811,1.270,-0.945
2025-12-04T19:04:18.615061,-2.793,2.811,1.270,-0.945
2025-12-04T19:04:18.644765,-2.793,2.811,1.270,-0.945
2025-12-04T19:04:18.676536,-2.793,2.811,1.270,-0.945
2025-12-04T19:04:18.708895,-2.793,2.811,1.270,-0.945
2025-12-04T19:04:18.741075,-2.793,2.811,1.270,-0.945
2025-12-04T19:04:18.781705,-2.793,2.811,1.270,-0.945
2025-12-04T19:04:18.810024,-2.793,2.811,1.270,-0.945
2025-12-04T19:04:18.844113,-2.793,2.811,1.270,-0.945
2025-12-04T19:04:18.880647,-2.793,2.811,1.270,-0.945
2025-12-04T19:04:18.907873,-2.793,2.811,1.270,-0.945
2025-12-04T19:04:18.938811,-2.793,2.811,1.270,-0.945
2025-12-04T19:04:18.970474,-2.793,2.811,1.270,-0.945
2025-12-04T19:04:19.001149,-2.793,2.811,1.270,-0.945
2025-12-04T19:04:19.033142,-2.793,2.811,1.270,-0.945
2025-12-04T19:04:19.069015,-2.793,2.811,1.270,-0.945
2025-12-04T19:04:19.103587,-2.793,2.811,1.270,-0.945
2025-12-04T19:04:19.135955,-2.793,2.811,1.270,-0.945
2025-12-04T19:04:19.170687,-2.793,2.811,1.270,-0.945
2025-12-04T19:04:19.196688,-2.793,2.811,1.270,-0.945
2025-12-04T19:04:19.229026,-2.793,2.811,1.270,-0.945
2025-12-04T19:04:19.260098,-2.793,2.811,1.270,-0.945
2025-12-04T19:04:19.293696,-2.793,2.811,1.270,-0.945
2025-12-04T19:04:19.324747,-2.793,2.811,1.270,-0.945
2025-12-04T19:04:19.361162,-2.793,2.811,1.270,-0.945
2025-12-04T19:04:19.401793,-2.793,2.811,1.270,-0.945
2025-12-04T19:04:19.425177,-2.793,2.811,1.270,-0.945
2025-12-04T19:04:19.458393,-2.793,2.811,1.270,-0.945
2025-12-04T19:04:19.490637,-2.793,2.811,1.270,-0.945
2025-12-04T19:04:19.521647,-2.793,2.811,1.270,-0.945
2025-12-04T19:04:19.554129,-2.793,2.811,1.270,-0.945
2025-12-04T19:04:19.590183,-2.793,2.811,1.270,-0.945
2025-12-04T19:04:19.622326,-2.793,2.811,1.270,-0.945
2025-12-04T19:04:19.652302,-2.793,2.811,1.270,-0.945
2025-12-04T19:04:19.685303,-2.793,2.811,1.270,-0.945
2025-12-04T19:04:19.714425,-2.793,2.811,1.270,-0.945
2025-12-04T19:04:19.746638,-2.793,2.811,1.270,-0.945
2025-12-04T19:04:19.780204,-2.793,2.811,1.270,-0.945
2025-12-04T19:04:19.813274,-2.793,2.811,1.270,-0.945
2025-12-04T19:04:19.846174,-2.793,2.811,1.270,-0.945
2025-12-04T19:04:19.882172,-2.793,2.811,1.270,-0.945
2025-12-04T19:04:19.914035,-2.793,2.811,1.270,-0.945
2025-12-04T19:04:19.946312,-2.793,2.811,1.270,-0.945
2025-12-04T19:04:19.978666,-2.793,2.811,1.270,-0.945
2025-12-04T19:04:20.012330,-2.793,2.811,1.270,-0.945
2025-12-04T19:04:20.047784,-2.793,2.811,1.270,-0.945
2025-12-04T19:04:20.084275,-2.793,2.811,1.270,-0.945
2025-12-04T19:04:20.113810,-2.793,2.811,1.270,-0.945
2025-12-04T19:04:20.144504,-2.793,2.811,1.270,-0.945
2025-12-04T19:04:20.173770,-2.793,2.811,1.270,-0.945
2025-12-04T19:04:20.203946,-2.793,2.811,1.270,-0.945
2025-12-04T19:04:20.239432,-2.793,2.811,1.270,-0.945
2025-12-04T19:04:20.272578,-2.793,2.811,1.270,-0.945
2025-12-04T19:04:20.303895,-2.793,2.811,1.270,-0.945
2025-12-04T19:04:20.340370,-2.793,2.811,1.270,-0.945
2025-12-04T19:04:20.370779,-2.793,2.811,1.270,-0.945
2025-12-04T19:04:20.404366,-2.793,2.811,1.270,-0.945
2025-12-04T19:04:20.435918,-2.793,2.811,1.270,-0.945
2025-12-04T19:04:20.464840,-2.793,2.811,1.270,-0.945
2025-12-04T19:04:20.495247,-2.793,2.811,1.270,-0.945
2025-12-04T19:04:20.527254,-2.793,2.811,1.270,-0.945
2025-12-04T19:04:20.560797,-2.793,2.811,1.270,-0.945
2025-12-04T19:04:20.593698,-2.793,2.811,1.270,-0.945
2025-12-04T19:04:20.629650,-2.793,2.811,1.270,-0.945
2025-12-04T19:04:20.662808,-2.793,2.811,1.270,-0.945
2025-12-04T19:04:20.695194,-2.793,2.811,1.270,-0.945
2025-12-04T19:04:20.724325,-2.793,2.811,1.270,-0.945
2025-12-04T19:04:20.754292,-2.793,2.811,1.270,-0.945
2025-12-04T19:04:20.781581,-2.793,2.811,1.270,-0.945
2025-12-04T19:04:20.814109,-2.793,2.811,1.270,-0.945
2025-12-04T19:04:20.846800,-2.793,2.811,1.270,-0.945
2025-12-04T19:04:20.880308,-2.793,2.811,1.270,-0.945
2025-12-04T19:04:20.916842,-2.793,2.811,1.270,-0.945
2025-12-04T19:04:20.948179,-2.793,2.811,1.270,-0.945
2025-12-04T19:04:20.982220,-2.793,2.811,1.270,-0.945
2025-12-04T19:04:21.013182,-2.793,2.811,1.270,-0.945
2025-12-04T19:04:21.046113,-2.793,2.811,1.270,-0.945
2025-12-04T19:04:21.079325,-2.793,2.811,1.270,-0.945
2025-12-04T19:04:21.109731,-2.793,2.811,1.270,-0.945
2025-12-04T19:04:21.142206,-2.793,2.811,1.270,-0.945
2025-12-04T19:04:21.174134,-2.793,2.811,1.270,-0.945
2025-12-04T19:04:21.208773,-2.793,2.811,1.270,-0.945
2025-12-04T19:04:21.242996,-2.793,2.811,1.270,-0.945
2025-12-04T19:04:21.277161,-2.793,2.811,1.270,-0.945
2025-12-04T19:04:21.311364,-2.793,2.811,1.270,-0.945
2025-12-04T19:04:21.342372,-2.793,2.811,1.270,-0.945
2025-12-04T19:04:21.376490,-2.793,2.811,1.270,-0.945
2025-12-04T19:04:21.401477,-2.793,2.811,1.270,-0.945
2025-12-04T19:04:21.433274,-2.793,2.811,1.270,-0.945
2025-12-04T19:04:21.464747,-2.793,2.811,1.270,-0.945
2025-12-04T19:04:21.496750,-2.793,2.811,1.270,-0.945
2025-12-04T19:04:21.529861,-2.793,2.811,1.270,-0.945
2025-12-04T19:04:21.563089,-2.793,2.811,1.270,-0.945
2025-12-04T19:04:21.597793,-2.793,2.811,1.270,-0.945
2025-12-04T19:04:21.632219,-2.793,2.811,1.270,-0.945
2025-12-04T19:04:21.663125,-2.793,2.811,1.270,-0.945
2025-12-04T19:04:21.693961,-2.793,2.811,1.270,-0.945
2025-12-04T19:04:21.726659,-2.793,2.811,1.270,-0.945
2025-12-04T19:04:21.756271,-2.793,2.811,1.270,-0.945
2025-12-04T19:04:21.785538,-2.793,2.811,1.270,-0.945
2025-12-04T19:04:21.821186,-2.793,2.811,1.270,-0.945
2025-12-04T19:04:21.854855,-2.793,2.811,1.270,-0.945
2025-12-04T19:04:21.888963,-2.793,2.811,1.270,-0.945
2025-12-04T19:04:21.925282,-2.793,2.811,1.270,-0.945
2025-12-04T19:04:21.957055,-2.793,2.811,1.270,-0.945
2025-12-04T19:04:21.991358,-2.793,2.811,1.270,-0.945
2025-12-04T19:04:22.020965,-2.793,2.811,1.270,-0.945
2025-12-04T19:04:22.051233,-2.793,2.811,1.270,-0.945
2025-12-04T19:04:22.081435,-2.793,2.811,1.270,-0.945
2025-12-04T19:04:22.112871,-2.793,2.811,1.270,-0.945
2025-12-04T19:04:22.144098,-2.793,2.811,1.270,-0.945
2025-12-04T19:04:22.178211,-2.793,2.811,1.270,-0.945
2025-12-04T19:04:22.214547,-2.793,2.811,1.270,-0.945
2025-12-04T19:04:22.245150,-2.793,2.811,1.270,-0.945
2025-12-04T19:04:22.278720,-2.793,2.811,1.270,-0.945
2025-12-04T19:04:22.310532,-2.793,2.811,1.270,-0.945
2025-12-04T19:04:22.342699,-2.793,2.811,1.270,-0.945
2025-12-04T19:04:22.374371,-2.793,2.811,1.270,-0.945
2025-12-04T19:04:22.406145,-2.793,2.811,1.270,-0.945
2025-12-04T19:04:22.443178,-2.793,2.811,1.270,-0.945
2025-12-04T19:04:22.474307,-2.793,2.811,1.270,-0.945
2025-12-04T19:04:22.508868,-2.793,2.811,1.270,-0.945
2025-12-04T19:04:22.536979,-2.793,2.811,1.270,-0.945
2025-12-04T19:04:22.567110,-2.793,2.811,1.270,-0.945
2025-12-04T19:04:22.599840,-2.793,2.811,1.270,-0.945
2025-12-04T19:04:22.632386,-2.793,2.811,1.270,-0.945
2025-12-04T19:04:22.665037,-2.793,2.811,1.270,-0.945
2025-12-04T19:04:22.698328,-2.793,2.811,1.270,-0.945
2025-12-04T19:04:22.733120,-2.793,2.811,1.270,-0.945
2025-12-04T19:04:22.765392,-2.793,2.811,1.270,-0.945
2025-12-04T19:04:22.794847,-2.793,2.811,1.270,-0.945
2025-12-04T19:04:22.827420,-2.793,2.811,1.270,-0.945
2025-12-04T19:04:22.855460,-2.793,2.811,1.270,-0.945
2025-12-04T19:04:22.888860,-2.793,2.811,1.270,-0.945
2025-12-04T19:04:22.927809,-2.793,2.811,1.270,-0.945
2025-12-04T19:04:22.956342,-2.793,2.811,1.270,-0.945
2025-12-04T19:04:22.990412,-2.793,2.811,1.270,-0.945
2025-12-04T19:04:23.021353,-2.793,2.811,1.270,-0.945
2025-12-04T19:04:23.050366,-2.793,2.811,1.270,-0.945
2025-12-04T19:04:23.086177,-2.793,2.811,1.270,-0.945
2025-12-04T19:04:23.114234,-2.793,2.811,1.270,-0.945
2025-12-04T19:04:23.144929,-2.793,2.811,1.270,-0.945
2025-12-04T19:04:23.179096,-2.793,2.811,1.270,-0.945
2025-12-04T19:04:23.213188,-2.793,2.811,1.270,-0.945
2025-12-04T19:04:23.249879,-2.793,2.811,1.270,-0.945
2025-12-04T19:04:23.286109,-2.793,2.811,1.270,-0.945
2025-12-04T19:04:23.317422,-2.793,2.811,1.270,-0.945
2025-12-04T19:04:23.350255,-2.793,2.811,1.270,-0.945
2025-12-04T19:04:23.381108,-2.793,2.811,1.270,-0.945
2025-12-04T19:04:23.411989,-2.793,2.811,1.270,-0.945
2025-12-04T19:04:23.447868,-2.793,2.811,1.270,-0.945
2025-12-04T19:04:23.479063,-2.793,2.811,1.270,-0.945
2025-12-04T19:04:23.511493,-2.793,2.811,1.270,-0.945
2025-12-04T19:04:23.543083,-2.793,2.811,1.270,-0.945
2025-12-04T19:04:23.580304,-2.793,2.811,1.270,-0.945
2025-12-04T19:04:23.608837,-2.793,2.811,1.270,-0.945
2025-12-04T19:04:23.645237,-2.793,2.811,1.270,-0.945
2025-12-04T19:04:23.680591,-2.807,2.800,1.270,-0.935
2025-12-04T19:04:23.711607,-2.820,2.788,1.270,-0.925
2025-12-04T19:04:23.739051,-2.833,2.775,1.270,-0.914
2025-12-04T19:04:23.766846,-2.846,2.762,1.270,-0.901
2025-12-04T19:04:23.799479,-2.857,2.747,1.270,-0.889
2025-12-04T19:04:23.837034,-2.868,2.732,1.270,-0.875
2025-12-04T19:04:23.868453,-2.878,2.716,1.270,-0.861
2025-12-04T19:04:23.901717,-2.888,2.700,1.270,-0.846
2025-12-04T19:04:23.935235,-2.896,2.683,1.270,-0.830
2025-12-04T19:04:23.970320,-2.904,2.665,1.270,-0.814
2025-12-04T19:04:23.999018,-2.910,2.647,1.270,-0.797
2025-12-04T19:04:24.029434,-2.916,2.629,1.270,-0.779
2025-12-04T19:04:24.059150,-2.920,2.610,1.270,-0.760
2025-12-04T19:04:24.093701,-2.924,2.591,1.270,-0.741
2025-12-04T19:04:24.124972,-2.926,2.572,1.270,-0.722
2025-12-04T19:04:24.153956,-2.928,2.553,1.270,-0.702
2025-12-04T19:04:24.191836,-2.928,2.533,1.270,-0.681
2025-12-04T19:04:24.224230,-2.927,2.514,1.270,-0.659
2025-12-04T19:04:24.257510,-2.925,2.495,1.270,-0.637
2025-12-04T19:04:24.294403,-2.922,2.475,1.270,-0.615
2025-12-04T19:04:24.329504,-2.919,2.456,1.270,-0.592
2025-12-04T19:04:24.359246,-2.914,2.437,1.270,-0.569
2025-12-04T19:04:24.390383,-2.907,2.419,1.270,-0.545
2025-12-04T19:04:24.420127,-2.900,2.400,1.270,-0.520
2025-12-04T19:04:24.451351,-2.892,2.382,1.270,-0.495
2025-12-04T19:04:24.485246,-2.883,2.365,1.270,-0.470
2025-12-04T19:04:24.518438,-2.873,2.348,1.270,-0.445
2025-12-04T19:04:24.548901,-2.862,2.332,1.270,-0.419
2025-12-04T19:04:24.585298,-2.850,2.316,1.270,-0.392
2025-12-04T19:04:24.612875,-2.838,2.302,1.270,-0.366
2025-12-04T19:04:24.650343,-2.824,2.287,1.270,-0.339
2025-12-04T19:04:24.675640,-2.810,2.274,1.270,-0.312
2025-12-04T19:04:24.709963,-2.795,2.261,1.270,-0.284
2025-12-04T19:04:24.742496,-2.779,2.250,1.270,-0.256
2025-12-04T19:04:24.770285,-2.763,2.239,1.270,-0.228
2025-12-04T19:04:24.805178,-2.746,2.229,1.270,-0.200
2025-12-04T19:04:24.839808,-2.728,2.220,1.270,-0.172
2025-12-04T19:04:24.872058,-2.710,2.213,1.270,-0.144
2025-12-04T19:04:24.905511,-2.692,2.206,1.270,-0.115
2025-12-04T19:04:24.937146,-2.673,2.200,1.270,-0.086
2025-12-04T19:04:24.969861,-2.654,2.195,1.270,-0.058
2025-12-04T19:04:24.996439,-2.635,2.192,1.270,-0.029
2025-12-04T19:04:25.024759,-2.616,2.189,1.270,0.000
2025-12-04T19:04:25.059200,-2.596,2.188,1.270,0.029
2025-12-04T19:04:25.092506,-2.577,2.188,1.270,0.058
2025-12-04T19:04:25.129480,-2.557,2.189,1.270,0.086
2025-12-04T19:04:25.158695,-2.538,2.191,1.270,0.115
2025-12-04T19:04:25.193666,-2.519,2.194,1.270,0.144
2025-12-04T19:04:25.223445,-2.500,2.198,1.270,0.172
2025-12-04T19:04:25.254086,-2.481,2.203,1.270,0.200
2025-12-04T19:04:25.290520,-2.462,2.210,1.270,0.228
2025-12-04T19:04:25.317417,-2.444,2.217,1.270,0.256
2025-12-04T19:04:25.351655,-2.427,2.226,1.270,0.284
2025-12-04T19:04:25.387800,-2.410,2.235,1.270,0.312
2025-12-04T19:04:25.420447,-2.394,2.245,1.270,0.339
2025-12-04T19:04:25.450961,-2.378,2.257,1.270,0.366
2025-12-04T19:04:25.483856,-2.363,2.269,1.270,0.392
2025-12-04T19:04:25.515212,-2.348,2.282,1.270,0.392
2025-12-04T19:04:25.551170,-2.334,2.295,1.270,0.392
2025-12-04T19:04:25.582904,-2.319,2.308,1.270,0.392
2025-12-04T19:04:25.614617,-2.305,2.322,1.270,0.392
2025-12-04T19:04:25.649134,-2.291,2.335,1.270,0.392
2025-12-04T19:04:25.679762,-2.276,2.349,1.270,0.392
2025-12-04T19:04:25.712361,-2.262,2.362,1.270,0.392
2025-12-04T19:04:25.747731,-2.248,2.376,1.270,0.392
2025-12-04T19:04:25.779874,-2.233,2.390,1.270,0.392
2025-12-04T19:04:25.810429,-2.219,2.404,1.270,0.392
2025-12-04T19:04:25.845206,-2.205,2.418,1.270,0.392
2025-12-04T19:04:25.878944,-2.191,2.432,1.270,0.392
2025-12-04T19:04:25.907302,-2.176,2.446,1.270,0.392
2025-12-04T19:04:25.942421,-2.162,2.460,1.270,0.392
2025-12-04T19:04:25.970625,-2.148,2.474,1.270,0.392
2025-12-04T19:04:26.002701,-2.133,2.488,1.270,0.392
2025-12-04T19:04:26.040312,-2.119,2.502,1.270,0.392
2025-12-04T19:04:26.073343,-2.105,2.516,1.270,0.392
2025-12-04T19:04:26.102372,-2.103,2.518,1.270,0.366
2025-12-04T19:04:26.135177,-2.101,2.519,1.270,0.339
2025-12-04T19:04:26.167934,-2.100,2.520,1.270,0.312
2025-12-04T19:04:26.198339,-2.098,2.521,1.270,0.284
2025-12-04T19:04:26.232191,-2.097,2.522,1.270,0.256
2025-12-04T19:04:26.261941,-2.095,2.523,1.270,0.228
2025-12-04T19:04:26.295658,-2.094,2.524,1.270,0.200
2025-12-04T19:04:26.327311,-2.093,2.525,1.270,0.172
2025-12-04T19:04:26.362370,-2.092,2.526,1.270,0.144
2025-12-04T19:04:26.396908,-2.091,2.526,1.270,0.115
2025-12-04T19:04:26.429389,-2.090,2.527,1.270,0.086
2025-12-04T19:04:26.461071,-2.089,2.528,1.270,0.058
2025-12-04T19:04:26.496343,-2.088,2.528,1.270,0.029
2025-12-04T19:04:26.518231,-2.087,2.529,1.270,0.000
2025-12-04T19:04:26.551274,-2.087,2.529,1.270,-0.029
2025-12-04T19:04:26.584775,-2.068,2.529,1.270,-0.029
2025-12-04T19:04:26.611767,-2.049,2.528,1.270,-0.029
2025-12-04T19:04:26.646718,-2.031,2.528,1.270,-0.029
2025-12-04T19:04:26.681690,-2.012,2.527,1.270,-0.029
2025-12-04T19:04:26.716737,-1.993,2.526,1.270,-0.029
2025-12-04T19:04:26.749791,-1.974,2.526,1.270,-0.029
2025-12-04T19:04:26.788331,-1.954,2.525,1.270,-0.029
2025-12-04T19:04:26.816494,-1.935,2.524,1.270,-0.029
2025-12-04T19:04:26.846406,-1.916,2.523,1.270,-0.029
2025-12-04T19:04:26.876679,-1.896,2.523,1.270,-0.029
2025-12-04T19:04:26.909784,-1.877,2.522,1.270,-0.029
2025-12-04T19:04:26.943131,-1.857,2.521,1.270,-0.029
2025-12-04T19:04:26.975302,-1.838,2.520,1.270,-0.029
2025-12-04T19:04:27.008183,-1.818,2.519,1.270,-0.029
2025-12-04T19:04:27.037684,-1.798,2.518,1.270,-0.029
2025-12-04T19:04:27.070909,-1.778,2.517,1.270,-0.029
2025-12-04T19:04:27.106075,-1.759,2.516,1.270,-0.029
2025-12-04T19:04:27.139403,-1.739,2.515,1.270,-0.029
2025-12-04T19:04:27.170020,-1.719,2.514,1.270,-0.029
2025-12-04T19:04:27.201826,-1.699,2.513,1.270,-0.029
2025-12-04T19:04:27.237662,-1.679,2.512,1.270,-0.029
2025-12-04T19:04:27.262505,-1.659,2.511,1.270,-0.029
2025-12-04T19:04:27.295105,-1.639,2.510,1.270,-0.029
2025-12-04T19:04:27.332623,-1.619,2.509,1.270,-0.029
2025-12-04T19:04:27.363763,-1.599,2.508,1.270,-0.029
2025-12-04T19:04:27.407786,-1.579,2.507,1.270,-0.029
2025-12-04T19:04:27.431184,-1.559,2.506,1.270,-0.029
2025-12-04T19:04:27.479194,-1.538,2.505,1.270,-0.029
2025-12-04T19:04:27.508849,-1.518,2.504,1.270,-0.029
2025-12-04T19:04:27.553879,-1.498,2.503,1.270,-0.029
2025-12-04T19:04:27.587983,-1.478,2.502,1.270,-0.029
2025-12-04T19:04:27.616656,-1.458,2.501,1.270,-0.029
2025-12-04T19:04:27.642985,-1.437,2.499,1.270,-0.029
2025-12-04T19:04:27.676464,-1.417,2.498,1.270,-0.029
2025-12-04T19:04:27.697647,-1.397,2.497,1.270,-0.029
2025-12-04T19:04:27.731833,-1.377,2.496,1.270,-0.029
2025-12-04T19:04:27.759808,-1.356,2.495,1.270,-0.029
2025-12-04T19:04:27.795285,-1.336,2.494,1.270,-0.029
2025-12-04T19:04:27.834111,-1.316,2.493,1.270,-0.029
2025-12-04T19:04:27.866436,-1.295,2.492,1.270,-0.029
2025-12-04T19:04:27.896544,-1.275,2.490,1.270,-0.029
2025-12-04T19:04:27.928968,-1.255,2.489,1.270,-0.029
2025-12-04T19:04:27.957928,-1.234,2.488,1.270,-0.029
2025-12-04T19:04:27.987316,-1.214,2.487,1.270,-0.029
2025-12-04T19:04:28.017687,-1.193,2.486,1.270,-0.029
2025-12-04T19:04:28.050312,-1.173,2.485,1.270,-0.029
2025-12-04T19:04:28.084051,-1.153,2.484,1.270,-0.029
2025-12-04T19:04:28.117198,-1.132,2.482,1.270,-0.029
2025-12-04T19:04:28.151395,-1.112,2.481,1.270,-0.029
2025-12-04T19:04:28.182334,-1.092,2.480,1.270,-0.029
2025-12-04T19:04:28.215245,-1.071,2.479,1.270,-0.029
2025-12-04T19:04:28.246079,-1.069,2.479,1.270,0.000
2025-12-04T19:04:28.276434,-1.066,2.479,1.270,0.029
2025-12-04T19:04:28.313802,-1.064,2.479,1.270,0.058
2025-12-04T19:04:28.341916,-1.062,2.479,1.270,0.086
2025-12-04T19:04:28.377704,-1.060,2.478,1.270,0.115
2025-12-04T19:04:28.405952,-1.058,2.478,1.270,0.144
2025-12-04T19:04:28.440536,-1.057,2.478,1.270,0.172
2025-12-04T19:04:28.477691,-1.055,2.478,1.270,0.200
2025-12-04T19:04:28.510846,-1.053,2.478,1.270,0.228
2025-12-04T19:04:28.540972,-1.052,2.478,1.270,0.256
2025-12-04T19:04:28.575180,-1.051,2.478,1.270,0.284
2025-12-04T19:04:28.607063,-1.050,2.478,1.270,0.312
2025-12-04T19:04:28.641848,-1.034,2.488,1.270,0.312
2025-12-04T19:04:28.670029,-1.018,2.499,1.270,0.312
2025-12-04T19:04:28.703847,-1.003,2.510,1.270,0.312
2025-12-04T19:04:28.737699,-0.987,2.521,1.270,0.312
2025-12-04T19:04:28.773189,-0.971,2.532,1.270,0.312
2025-12-04T19:04:28.806712,-0.955,2.543,1.270,0.312
2025-12-04T19:04:28.836701,-0.939,2.554,1.270,0.312
2025-12-04T19:04:28.865151,-0.923,2.565,1.270,0.312
2025-12-04T19:04:28.896309,-0.907,2.576,1.270,0.312
2025-12-04T19:04:28.928003,-0.891,2.587,1.270,0.312
2025-12-04T19:04:28.959202,-0.875,2.599,1.270,0.312
2025-12-04T19:04:28.997129,-0.859,2.610,1.270,0.312
2025-12-04T19:04:29.035259,-0.843,2.621,1.270,0.312
2025-12-04T19:04:29.069329,-0.827,2.633,1.270,0.312
2025-12-04T19:04:29.097289,-0.811,2.644,1.270,0.312
2025-12-04T19:04:29.134152,-0.795,2.656,1.270,0.312
2025-12-04T19:04:29.164124,-0.779,2.668,1.270,0.312
2025-12-04T19:04:29.194157,-0.762,2.679,1.270,0.312
2025-12-04T19:04:29.226850,-0.746,2.691,1.270,0.312
2025-12-04T19:04:29.261087,-0.730,2.703,1.270,0.312
2025-12-04T19:04:29.294100,-0.714,2.714,1.270,0.312
2025-12-04T19:04:29.322287,-0.697,2.726,1.270,0.312
2025-12-04T19:04:29.351801,-0.681,2.738,1.270,0.312
2025-12-04T19:04:29.394946,-0.665,2.750,1.270,0.312
2025-12-04T19:04:29.427227,-0.648,2.761,1.270,0.312
2025-12-04T19:04:29.463854,-0.632,2.773,1.270,0.312
2025-12-04T19:04:29.498006,-0.616,2.785,1.270,0.312
2025-12-04T19:04:29.526976,-0.599,2.797,1.270,0.312
2025-12-04T19:04:29.556950,-0.583,2.809,1.270,0.312
2025-12-04T19:04:29.587101,-0.567,2.821,1.270,0.312
2025-12-04T19:04:29.619664,-0.550,2.833,1.270,0.312
2025-12-04T19:04:29.655606,-0.534,2.845,1.270,0.312
2025-12-04T19:04:29.693186,-0.517,2.857,1.270,0.312
2025-12-04T19:04:29.721846,-0.501,2.869,1.270,0.312
2025-12-04T19:04:29.758019,-0.484,2.880,1.270,0.312
2025-12-04T19:04:29.789094,-0.468,2.892,1.270,0.312
2025-12-04T19:04:29.817688,-0.452,2.904,1.270,0.312
2025-12-04T19:04:29.849213,-0.435,2.916,1.270,0.312
2025-12-04T19:04:29.882935,-0.419,2.928,1.270,0.312
2025-12-04T19:04:29.917331,-0.402,2.940,1.270,0.312
2025-12-04T19:04:29.951976,-0.386,2.953,1.270,0.312
2025-12-04T19:04:29.984941,-0.369,2.965,1.270,0.312
2025-12-04T19:04:30.016943,-0.353,2.977,1.270,0.312
2025-12-04T19:04:30.050071,-0.336,2.989,1.270,0.312
2025-12-04T19:04:30.082662,-0.320,3.001,1.270,0.312
2025-12-04T19:04:30.113813,-0.303,3.013,1.270,0.312
2025-12-04T19:04:30.146931,-0.287,3.025,1.270,0.312
2025-12-04T19:04:30.176083,-0.270,3.037,1.270,0.312
2025-12-04T19:04:30.207940,-0.254,3.049,1.270,0.312
2025-12-04T19:04:30.240854,-0.237,3.061,1.270,0.312
2025-12-04T19:04:30.271541,-0.221,3.073,1.270,0.312
2025-12-04T19:04:30.304173,-0.204,3.085,1.270,0.312
2025-12-04T19:04:30.340526,-0.188,3.097,1.270,0.312
2025-12-04T19:04:30.377643,-0.171,3.109,1.270,0.312
2025-12-04T19:04:30.402912,-0.155,3.122,1.270,0.312
2025-12-04T19:04:30.437558,-0.138,3.134,1.270,0.312
2025-12-04T19:04:30.465969,-0.122,3.146,1.270,0.312
2025-12-04T19:04:30.496602,-0.105,3.158,1.270,0.312
2025-12-04T19:04:30.533397,-0.089,3.170,1.270,0.312
2025-12-04T19:04:30.564688,-0.072,3.182,1.270,0.312
2025-12-04T19:04:30.600244,-0.056,3.194,1.270,0.312
2025-12-04T19:04:30.637509,-0.039,3.206,1.270,0.312
2025-12-04T19:04:30.666425,-0.023,3.218,1.270,0.312
2025-12-04T19:04:30.700449,-0.006,3.230,1.270,0.312
2025-12-04T19:04:30.734287,0.010,3.243,1.270,0.312
2025-12-04T19:04:30.765263,0.027,3.255,1.270,0.312
2025-12-04T19:04:30.799663,0.043,3.267,1.270,0.312
2025-12-04T19:04:30.827199,0.060,3.279,1.270,0.312
2025-12-04T19:04:30.859687,0.076,3.291,1.270,0.312
2025-12-04T19:04:30.893283,0.093,3.303,1.270,0.312
2025-12-04T19:04:30.925078,0.109,3.315,1.270,0.312
2025-12-04T19:04:30.961133,0.126,3.327,1.270,0.312
2025-12-04T19:04:30.992072,0.142,3.340,1.270,0.312
2025-12-04T19:04:31.026971,0.159,3.352,1.270,0.312
2025-12-04T19:04:31.055883,0.175,3.364,1.270,0.312
2025-12-04T19:04:31.094339,0.192,3.376,1.270,0.312
2025-12-04T19:04:31.118765,0.208,3.388,1.270,0.312
2025-12-04T19:04:31.150671,0.225,3.400,1.270,0.312
2025-12-04T19:04:31.187203,0.241,3.412,1.270,0.312
2025-12-04T19:04:31.217867,0.258,3.425,1.270,0.312
2025-12-04T19:04:31.250944,0.274,3.437,1.270,0.312
2025-12-04T19:04:31.283195,0.291,3.449,1.270,0.312
2025-12-04T19:04:31.316784,0.307,3.461,1.270,0.312
2025-12-04T19:04:31.348255,0.324,3.473,1.270,0.312
2025-12-04T19:04:31.379262,0.340,3.485,1.270,0.312
2025-12-04T19:04:31.413680,0.357,3.497,1.270,0.312
2025-12-04T19:04:31.443692,0.374,3.509,1.270,0.312
2025-12-04T19:04:31.474342,0.390,3.522,1.270,0.312
2025-12-04T19:04:31.504223,0.407,3.534,1.270,0.312
2025-12-04T19:04:31.546706,0.423,3.546,1.270,0.312
2025-12-04T19:04:31.583221,0.440,3.558,1.270,0.312
2025-12-04T19:04:31.609535,0.456,3.570,1.270,0.312
2025-12-04T19:04:31.646734,0.473,3.582,1.270,0.312
2025-12-04T19:04:31.677022,0.489,3.594,1.270,0.312
2025-12-04T19:04:31.706271,0.506,3.607,1.270,0.312
2025-12-04T19:04:31.741257,0.522,3.619,1.270,0.312
2025-12-04T19:04:31.773456,0.539,3.631,1.270,0.312
2025-12-04T19:04:31.807002,0.555,3.643,1.270,0.312
2025-12-04T19:04:31.839134,0.572,3.655,1.270,0.312
2025-12-04T19:04:31.872729,0.588,3.667,1.270,0.312
2025-12-04T19:04:31.907248,0.605,3.679,1.270,0.312
2025-12-04T19:04:31.937488,0.621,3.692,1.270,0.312
2025-12-04T19:04:31.969274,0.638,3.704,1.270,0.312
2025-12-04T19:04:32.003090,0.654,3.716,1.270,0.312
2025-12-04T19:04:32.037915,0.671,3.728,1.270,0.312
2025-12-04T19:04:32.070279,0.688,3.740,1.270,0.312
2025-12-04T19:04:32.102584,0.704,3.752,1.270,0.312
2025-12-04T19:04:32.132146,0.721,3.764,1.270,0.312
2025-12-04T19:04:32.161870,0.737,3.777,1.270,0.312
2025-12-04T19:04:32.191158,0.754,3.789,1.270,0.312
2025-12-04T19:04:32.224855,0.770,3.801,1.270,0.312
2025-12-04T19:04:32.255813,0.787,3.813,1.270,0.312
2025-12-04T19:04:32.288454,0.803,3.825,1.270,0.312
2025-12-04T19:04:32.326644,0.820,3.837,1.270,0.312
2025-12-04T19:04:32.354482,0.836,3.849,1.270,0.312
2025-12-04T19:04:32.392004,0.853,3.862,1.270,0.312
2025-12-04T19:04:32.419617,0.869,3.874,1.270,0.312
2025-12-04T19:04:32.450898,0.886,3.886,1.270,0.312
2025-12-04T19:04:32.485767,0.902,3.898,1.270,0.312
2025-12-04T19:04:32.518200,0.919,3.910,1.270,0.312
2025-12-04T19:04:32.546749,0.921,3.912,1.270,0.284
2025-12-04T19:04:32.580003,0.923,3.913,1.270,0.256
2025-12-04T19:04:32.611071,0.925,3.914,1.270,0.228
2025-12-04T19:04:32.645031,0.926,3.916,1.270,0.200
2025-12-04T19:04:32.681567,0.928,3.917,1.270,0.172
2025-12-04T19:04:32.716243,0.930,3.918,1.270,0.144
2025-12-04T19:04:32.747266,0.931,3.919,1.270,0.115
2025-12-04T19:04:32.779593,0.932,3.920,1.270,0.086
2025-12-04T19:04:32.813292,0.934,3.921,1.270,0.058
2025-12-04T19:04:32.843924,0.935,3.922,1.270,0.029
2025-12-04T19:04:32.875678,0.936,3.922,1.270,0.000
2025-12-04T19:04:32.910530,0.937,3.923,1.270,-0.029
2025-12-04T19:04:32.948700,0.938,3.924,1.270,-0.058
2025-12-04T19:04:32.974858,0.939,3.925,1.270,-0.029
2025-12-04T19:04:33.003126,0.939,3.925,1.270,0.000
2025-12-04T19:04:33.039275,0.940,3.926,1.270,0.029
2025-12-04T19:04:33.070123,0.941,3.926,1.270,0.058
2025-12-04T19:04:33.099725,0.942,3.927,1.270,0.086
2025-12-04T19:04:33.132472,0.942,3.927,1.270,0.115
2025-12-04T19:04:33.166489,0.943,3.928,1.270,0.144
2025-12-04T19:04:33.199588,0.943,3.928,1.270,0.172
2025-12-04T19:04:33.233119,0.944,3.928,1.270,0.200
2025-12-04T19:04:33.267518,0.944,3.929,1.270,0.228
2025-12-04T19:04:33.296321,0.945,3.929,1.270,0.256
2025-12-04T19:04:33.331823,0.945,3.929,1.270,0.284
2025-12-04T19:04:33.362127,0.961,3.939,1.270,0.284
2025-12-04T19:04:33.394024,0.976,3.950,1.270,0.284
2025-12-04T19:04:33.422384,0.992,3.960,1.270,0.284
2025-12-04T19:04:33.455070,1.008,3.970,1.270,0.284
2025-12-04T19:04:33.489948,1.023,3.980,1.270,0.284
2025-12-04T19:04:33.526155,1.039,3.991,1.270,0.284
2025-12-04T19:04:33.557468,1.055,4.001,1.270,0.284
2025-12-04T19:04:33.592446,1.071,4.012,1.270,0.284
2025-12-04T19:04:33.618898,1.088,4.022,1.270,0.284
2025-12-04T19:04:33.652130,1.104,4.033,1.270,0.284
2025-12-04T19:04:33.685627,1.120,4.043,1.270,0.284
2025-12-04T19:04:33.718420,1.136,4.054,1.270,0.284
2025-12-04T19:04:33.748897,1.153,4.065,1.270,0.284
2025-12-04T19:04:33.781322,1.169,4.075,1.270,0.284
2025-12-04T19:04:33.819454,1.186,4.086,1.270,0.284
2025-12-04T19:04:33.846087,1.187,4.087,1.270,0.256
2025-12-04T19:04:33.879108,1.189,4.088,1.270,0.228
2025-12-04T19:04:33.911853,1.190,4.089,1.270,0.200
2025-12-04T19:04:33.946163,1.191,4.090,1.270,0.172
2025-12-04T19:04:33.981051,1.192,4.090,1.270,0.144
2025-12-04T19:04:34.013266,1.194,4.091,1.270,0.115
2025-12-04T19:04:34.043298,1.195,4.092,1.270,0.086
2025-12-04T19:04:34.073511,1.196,4.092,1.270,0.058
2025-12-04T19:04:34.103036,1.196,4.093,1.270,0.029
2025-12-04T19:04:34.135145,1.197,4.094,1.270,0.000
2025-12-04T19:04:34.166775,1.216,4.094,1.270,0.000
2025-12-04T19:04:34.197227,1.235,4.095,1.270,0.000
2025-12-04T19:04:34.232958,1.254,4.095,1.270,0.000
2025-12-04T19:04:34.265268,1.273,4.095,1.270,0.000
2025-12-04T19:04:34.297269,1.292,4.096,1.270,0.000
2025-12-04T19:04:34.334978,1.311,4.096,1.270,0.000
2025-12-04T19:04:34.364106,1.330,4.097,1.270,0.000
2025-12-04T19:04:34.394960,1.350,4.097,1.270,0.000
2025-12-04T19:04:34.429134,1.369,4.097,1.270,0.000
2025-12-04T19:04:34.461388,1.389,4.097,1.270,0.000
2025-12-04T19:04:34.496517,1.408,4.098,1.270,0.000
2025-12-04T19:04:34.527913,1.428,4.098,1.270,0.000
2025-12-04T19:04:34.559973,1.448,4.098,1.270,0.000
2025-12-04T19:04:34.593184,1.467,4.098,1.270,0.000
2025-12-04T19:04:34.622432,1.487,4.099,1.270,0.000
2025-12-04T19:04:34.651844,1.507,4.099,1.270,0.000
2025-12-04T19:04:34.683233,1.527,4.099,1.270,0.000
2025-12-04T19:04:34.712315,1.547,4.099,1.270,0.000
2025-12-04T19:04:34.749754,1.567,4.099,1.270,0.000
2025-12-04T19:04:34.784105,1.587,4.099,1.270,0.000
2025-12-04T19:04:34.816941,1.607,4.100,1.270,0.000
2025-12-04T19:04:34.850695,1.627,4.100,1.270,0.000
2025-12-04T19:04:34.883530,1.647,4.100,1.270,0.000
2025-12-04T19:04:34.913040,1.667,4.100,1.270,0.000
2025-12-04T19:04:34.946218,1.687,4.100,1.270,0.000
2025-12-04T19:04:34.977503,1.707,4.100,1.270,0.000
2025-12-04T19:04:35.008047,1.727,4.100,1.270,0.000
2025-12-04T19:04:35.035865,1.748,4.100,1.270,0.000
2025-12-04T19:04:35.069633,1.768,4.100,1.270,0.000
2025-12-04T19:04:35.106546,1.788,4.100,1.270,0.000
2025-12-04T19:04:35.145208,1.808,4.101,1.270,0.000
2025-12-04T19:04:35.181347,1.829,4.101,1.270,0.000
2025-12-04T19:04:35.214771,1.849,4.101,1.270,0.000
2025-12-04T19:04:35.247076,1.869,4.101,1.270,0.000
2025-12-04T19:04:35.284748,1.890,4.101,1.270,0.000
2025-12-04T19:04:35.317195,1.910,4.101,1.270,0.000
2025-12-04T19:04:35.346024,1.930,4.101,1.270,0.000
2025-12-04T19:04:35.379691,1.951,4.101,1.270,0.000
2025-12-04T19:04:35.407702,1.971,4.101,1.270,0.000
2025-12-04T19:04:35.440376,1.991,4.101,1.270,0.000
2025-12-04T19:04:35.469779,2.012,4.101,1.270,0.000
2025-12-04T19:04:35.503033,2.032,4.101,1.270,0.000
2025-12-04T19:04:35.539060,2.053,4.101,1.270,0.000
2025-12-04T19:04:35.571039,2.073,4.101,1.270,0.000
2025-12-04T19:04:35.602750,2.093,4.101,1.270,0.000
2025-12-04T19:04:35.634302,2.114,4.101,1.270,0.000
2025-12-04T19:04:35.662920,2.134,4.101,1.270,0.000
2025-12-04T19:04:35.695378,2.155,4.101,1.270,0.000
2025-12-04T19:04:35.733113,2.175,4.101,1.270,0.000
2025-12-04T19:04:35.762885,2.195,4.101,1.270,0.000
2025-12-04T19:04:35.797674,2.216,4.101,1.270,0.000
2025-12-04T19:04:35.828439,2.236,4.101,1.270,0.000
2025-12-04T19:04:35.858285,2.256,4.101,1.270,0.000
2025-12-04T19:04:35.889992,2.276,4.101,1.270,0.000
2025-12-04T19:04:35.919940,2.296,4.101,1.270,0.000
2025-12-04T19:04:35.954618,2.316,4.101,1.270,0.000
2025-12-04T19:04:35.989401,2.335,4.101,1.270,0.000
2025-12-04T19:04:36.018992,2.355,4.101,1.270,0.000
2025-12-04T19:04:36.052182,2.375,4.101,1.270,0.000
2025-12-04T19:04:36.088368,2.394,4.101,1.270,0.000
2025-12-04T19:04:36.113478,2.414,4.101,1.270,0.000
2025-12-04T19:04:36.150751,2.432,4.101,1.270,0.000
2025-12-04T19:04:36.179585,2.432,4.101,1.270,0.000
2025-12-04T19:04:36.212396,2.432,4.101,1.270,0.000
2025-12-04T19:04:36.250070,2.432,4.101,1.270,0.000
2025-12-04T19:04:36.281575,2.432,4.101,1.270,0.000
2025-12-04T19:04:36.312128,2.432,4.101,1.270,0.000
2025-12-04T19:04:36.343348,2.432,4.101,1.270,0.000
2025-12-04T19:04:36.377372,2.432,4.101,1.270,0.000
2025-12-04T19:04:36.404867,2.432,4.101,1.270,0.000
2025-12-04T19:04:36.441701,2.432,4.101,1.270,0.000
2025-12-04T19:04:36.471362,2.432,4.101,1.270,0.000
2025-12-04T19:04:36.510633,2.432,4.101,1.270,0.000
2025-12-04T19:04:36.538332,2.432,4.101,1.270,0.000
2025-12-04T19:04:36.573253,2.432,4.101,1.270,0.000
2025-12-04T19:04:36.602401,2.432,4.101,1.270,0.000
2025-12-04T19:04:36.633245,2.432,4.101,1.270,0.000
2025-12-04T19:04:36.666850,2.432,4.101,1.270,0.000
2025-12-04T19:04:36.700969,2.432,4.101,1.270,0.000
2025-12-04T19:04:36.737487,2.432,4.101,1.270,0.000
2025-12-04T19:04:36.772051,2.432,4.101,1.270,0.000
2025-12-04T19:04:36.801085,2.432,4.101,1.270,0.000
2025-12-04T19:04:36.832451,2.432,4.101,1.270,0.000
2025-12-04T19:04:36.861003,2.432,4.101,1.270,0.000
2025-12-04T19:04:36.892577,2.432,4.101,1.270,0.000
2025-12-04T19:04:36.921302,2.432,4.101,1.270,0.000
2025-12-04T19:04:36.952806,2.432,4.101,1.270,0.000
2025-12-04T19:04:36.986770,2.432,4.101,1.270,0.000
2025-12-04T19:04:37.023861,2.432,4.101,1.270,0.000
2025-12-04T19:04:37.055146,2.432,4.101,1.270,0.000
2025-12-04T19:04:37.088292,2.432,4.101,1.270,0.000
2025-12-04T19:04:37.122818,2.432,4.101,1.270,0.000
2025-12-04T19:04:37.151639,2.432,4.101,1.270,0.000
2025-12-04T19:04:37.183842,2.432,4.101,1.270,0.000
2025-12-04T19:04:37.214724,2.432,4.101,1.270,0.000
2025-12-04T19:04:37.245430,2.432,4.101,1.270,0.000
2025-12-04T19:04:37.282954,2.432,4.101,1.270,0.000
2025-12-04T19:04:37.312208,2.432,4.101,1.270,0.000
2025-12-04T19:04:37.347897,2.432,4.101,1.270,0.000
2025-12-04T19:04:37.378033,2.432,4.101,1.270,0.000
2025-12-04T19:04:37.410078,2.432,4.101,1.270,0.000
2025-12-04T19:04:37.442887,2.432,4.101,1.270,0.000
2025-12-04T19:04:37.475136,2.432,4.101,1.270,0.000
2025-12-04T19:04:37.523130,2.432,4.101,1.270,0.000
2025-12-04T19:04:37.542709,2.432,4.101,1.270,0.000
2025-12-04T19:04:37.582486,2.432,4.101,1.270,0.000
2025-12-04T19:04:37.615324,2.432,4.101,1.270,0.000
2025-12-04T19:04:37.644800,2.432,4.101,1.270,0.000
2025-12-04T19:04:37.674365,2.432,4.101,1.270,0.000
2025-12-04T19:04:37.705730,2.432,4.101,1.270,0.000
2025-12-04T19:04:37.734566,2.432,4.101,1.270,0.000
2025-12-04T19:04:37.765487,2.432,4.101,1.270,0.000
2025-12-04T19:04:37.796903,2.432,4.101,1.270,0.000
2025-12-04T19:04:37.831858,2.432,4.101,1.270,0.000
2025-12-04T19:04:37.865576,2.432,4.101,1.270,0.000
2025-12-04T19:04:37.894488,2.432,4.101,1.270,0.000
2025-12-04T19:04:37.926677,2.432,4.101,1.270,0.000
2025-12-04T19:04:37.961116,2.432,4.101,1.270,0.000
2025-12-04T19:04:37.993786,2.432,4.101,1.270,0.000
2025-12-04T19:04:38.025683,2.432,4.101,1.270,0.000
2025-12-04T19:04:38.060168,2.432,4.101,1.270,0.000
2025-12-04T19:04:38.093299,2.432,4.101,1.270,0.000
2025-12-04T19:04:38.127814,2.432,4.101,1.270,0.000
2025-12-04T19:04:38.156303,2.432,4.101,1.270,0.000
2025-12-04T19:04:38.188429,2.432,4.101,1.270,0.000
2025-12-04T19:04:38.221164,2.432,4.101,1.270,0.000
2025-12-04T19:04:38.251311,2.432,4.101,1.270,0.000
2025-12-04T19:04:38.285994,2.432,4.101,1.270,0.000
2025-12-04T19:04:38.368663,2.432,4.101,1.270,0.000
2025-12-04T19:04:38.400404,2.432,4.101,1.270,0.000
2025-12-04T19:04:38.429381,2.432,4.101,1.270,0.000
2025-12-04T19:04:38.460682,2.432,4.101,1.270,0.000
2025-12-04T19:04:38.493650,2.432,4.101,1.270,0.000
2025-12-04T19:04:38.524284,2.432,4.101,1.270,0.000
2025-12-04T19:04:38.555118,2.432,4.101,1.270,0.000
2025-12-04T19:04:38.586979,2.432,4.101,1.270,0.000
2025-12-04T19:04:38.619481,2.432,4.101,1.270,0.000
2025-12-04T19:04:38.651866,2.432,4.101,1.270,0.000
2025-12-04T19:04:38.683657,2.432,4.101,1.270,0.000
2025-12-04T19:04:38.719650,2.432,4.101,1.270,0.000
2025-12-04T19:04:38.753589,2.432,4.101,1.270,0.000
2025-12-04T19:04:38.790381,2.432,4.101,1.270,0.000
2025-12-04T19:04:38.825310,2.432,4.101,1.270,0.000
2025-12-04T19:04:38.856795,2.432,4.101,1.270,0.000
2025-12-04T19:04:38.889072,2.432,4.101,1.270,0.000
2025-12-04T19:04:38.920739,2.432,4.101,1.270,0.000
2025-12-04T19:04:38.958530,2.432,4.101,1.270,0.000
2025-12-04T19:04:38.987160,2.432,4.101,1.270,0.000
2025-12-04T19:04:39.017707,2.432,4.101,1.270,0.000
2025-12-04T19:04:39.048198,2.432,4.101,1.270,0.000
2025-12-04T19:04:39.075370,2.432,4.101,1.270,0.000
2025-12-04T19:04:39.106989,2.432,4.101,1.270,0.000
2025-12-04T19:04:39.139278,2.432,4.101,1.270,0.000
2025-12-04T19:04:39.178460,2.432,4.101,1.270,0.000
2025-12-04T19:04:39.206545,2.432,4.101,1.270,0.000
2025-12-04T19:04:39.238749,2.432,4.101,1.270,0.000
2025-12-04T19:04:39.276655,2.432,4.101,1.270,0.000
2025-12-04T19:04:39.305353,2.432,4.101,1.270,0.000
2025-12-04T19:04:39.338248,2.432,4.101,1.270,0.000
2025-12-04T19:04:39.369976,2.432,4.101,1.270,0.000
2025-12-04T19:04:39.404749,2.432,4.101,1.270,0.000
2025-12-04T19:04:39.434871,2.432,4.101,1.270,0.000
2025-12-04T19:04:39.465472,2.432,4.101,1.270,0.000
2025-12-04T19:04:39.493991,2.432,4.101,1.270,0.000
2025-12-04T19:04:39.526627,2.432,4.101,1.270,0.000
2025-12-04T19:04:39.564904,2.432,4.101,1.270,0.000
2025-12-04T19:04:39.592741,2.432,4.101,1.270,0.000
2025-12-04T19:04:39.625398,2.432,4.101,1.270,0.000
2025-12-04T19:04:39.657322,2.432,4.101,1.270,0.000
2025-12-04T19:04:39.694932,2.432,4.101,1.270,0.000
2025-12-04T19:04:39.720926,2.432,4.101,1.270,0.000
2025-12-04T19:04:39.752284,2.432,4.101,1.270,0.000
2025-12-04T19:04:39.786246,2.432,4.101,1.270,0.000
2025-12-04T19:04:39.819142,2.432,4.101,1.270,0.000
2025-12-04T19:04:39.848591,2.432,4.101,1.270,0.000
2025-12-04T19:04:39.885912,2.432,4.101,1.270,0.000
2025-12-04T19:04:39.919300,2.432,4.101,1.270,0.000
2025-12-04T19:04:39.951959,2.432,4.101,1.270,0.000
2025-12-04T19:04:39.984902,2.432,4.101,1.270,0.000
2025-12-04T19:04:40.014757,2.432,4.101,1.270,0.000
2025-12-04T19:04:40.044474,2.432,4.101,1.270,0.000
2025-12-04T19:04:40.079078,2.432,4.101,1.270,0.000
2025-12-04T19:04:40.107968,2.432,4.101,1.270,0.000
2025-12-04T19:04:40.139677,2.432,4.101,1.270,0.000
2025-12-04T19:04:40.176345,2.432,4.101,1.270,0.000
2025-12-04T19:04:40.206920,2.432,4.101,1.270,0.000
2025-12-04T19:04:40.241489,2.432,4.101,1.270,0.000
2025-12-04T19:04:40.273647,2.432,4.101,1.270,0.000
2025-12-04T19:04:40.301986,2.432,4.101,1.270,0.000
2025-12-04T19:04:40.337014,2.432,4.101,1.270,0.000
2025-12-04T19:04:40.370040,2.432,4.101,1.270,0.000
2025-12-04T19:04:40.402047,2.432,4.101,1.270,0.000
2025-12-04T19:04:40.440865,2.432,4.101,1.270,0.000
2025-12-04T19:04:40.473200,2.432,4.101,1.270,0.000
2025-12-04T19:04:40.507323,2.432,4.101,1.270,0.000
2025-12-04T19:04:40.535972,2.432,4.101,1.270,0.000
2025-12-04T19:04:40.564721,2.432,4.101,1.270,0.000
2025-12-04T19:04:40.596850,2.432,4.101,1.270,0.000
2025-12-04T19:04:40.633067,2.432,4.101,1.270,0.000
2025-12-04T19:04:40.663992,2.432,4.101,1.270,0.000
2025-12-04T19:04:40.695380,2.432,4.101,1.270,0.000
2025-12-04T19:04:40.730629,2.432,4.101,1.270,0.000
2025-12-04T19:04:40.762055,2.432,4.101,1.270,0.000
2025-12-04T19:04:40.796300,2.432,4.101,1.270,0.000
2025-12-04T19:04:40.828765,2.432,4.101,1.270,0.000
2025-12-04T19:04:40.861085,2.432,4.101,1.270,0.000
2025-12-04T19:04:40.889770,2.432,4.101,1.270,0.000
2025-12-04T19:04:40.918044,2.432,4.101,1.270,0.000
2025-12-04T19:04:40.952191,2.432,4.101,1.270,0.000
2025-12-04T19:04:40.979966,2.432,4.101,1.270,0.000
2025-12-04T19:04:41.012042,2.432,4.101,1.270,0.000
2025-12-04T19:04:41.043942,2.432,4.101,1.270,0.000
2025-12-04T19:04:41.078751,2.432,4.101,1.270,0.000
2025-12-04T19:04:41.110724,2.432,4.101,1.270,0.000
2025-12-04T19:04:41.145430,2.432,4.101,1.270,0.000
2025-12-04T19:04:41.175002,2.432,4.101,1.270,0.000
2025-12-04T19:04:41.206178,2.432,4.101,1.270,0.000
2025-12-04T19:04:41.245885,2.432,4.101,1.270,0.000
2025-12-04T19:04:41.274404,2.432,4.101,1.270,0.000
2025-12-04T19:04:41.308387,2.432,4.101,1.270,0.000
2025-12-04T19:04:41.342727,2.432,4.101,1.270,0.000
2025-12-04T19:04:41.374159,2.432,4.101,1.270,0.000
2025-12-04T19:04:41.402981,2.432,4.101,1.270,0.000
2025-12-04T19:04:41.436328,2.432,4.101,1.270,0.000
2025-12-04T19:04:41.466839,2.432,4.101,1.270,0.000
2025-12-04T19:04:41.498415,2.432,4.101,1.270,0.000
2025-12-04T19:04:41.534932,2.432,4.101,1.270,0.000
2025-12-04T19:04:41.567069,2.432,4.101,1.270,0.000
2025-12-04T19:04:41.603488,2.432,4.101,1.270,0.000
2025-12-04T19:04:41.634252,2.432,4.101,1.270,0.000
2025-12-04T19:04:41.666311,2.432,4.101,1.270,0.000
2025-12-04T19:04:41.697375,2.432,4.101,1.270,0.000
2025-12-04T19:04:41.730665,2.432,4.101,1.270,0.000
2025-12-04T19:04:41.761130,2.432,4.101,1.270,0.000
2025-12-04T19:04:41.793648,2.432,4.101,1.270,0.000
2025-12-04T19:04:41.830030,2.432,4.101,1.270,0.000
2025-12-04T19:04:41.865081,2.432,4.101,1.270,0.000
2025-12-04T19:04:41.894697,2.432,4.101,1.270,0.000
2025-12-04T19:04:41.926443,2.432,4.101,1.270,0.000
2025-12-04T19:04:41.957737,2.432,4.101,1.270,0.000
2025-12-04T19:04:41.990531,2.432,4.101,1.270,0.000
2025-12-04T19:04:42.023694,2.432,4.101,1.270,0.000
2025-12-04T19:04:42.054789,2.432,4.101,1.270,0.000
2025-12-04T19:04:42.090148,2.432,4.101,1.270,0.000
2025-12-04T19:04:42.122696,2.432,4.101,1.270,0.000
2025-12-04T19:04:42.153859,2.432,4.101,1.270,0.000
2025-12-04T19:04:42.187467,2.432,4.101,1.270,0.000
2025-12-04T19:04:42.215568,2.432,4.101,1.270,0.000
2025-12-04T19:04:42.244814,2.432,4.101,1.270,0.000
2025-12-04T19:04:42.279539,2.432,4.101,1.270,0.000
2025-12-04T19:04:42.311256,2.432,4.101,1.270,0.000
2025-12-04T19:04:42.346352,2.432,4.101,1.270,0.000
2025-12-04T19:04:42.380078,2.432,4.101,1.270,0.000
2025-12-04T19:04:42.411534,2.432,4.101,1.270,0.000
2025-12-04T19:04:42.446769,2.432,4.101,1.270,0.000
2025-12-04T19:04:42.478074,2.432,4.101,1.270,0.000
2025-12-04T19:04:42.508691,2.432,4.101,1.270,0.000
2025-12-04T19:04:42.538783,2.432,4.101,1.270,0.000
2025-12-04T19:04:42.569699,2.432,4.101,1.270,0.000
2025-12-04T19:04:42.601977,2.432,4.101,1.270,0.000
2025-12-04T19:04:42.640105,2.432,4.101,1.270,0.000
2025-12-04T19:04:42.674766,2.432,4.101,1.270,0.000
2025-12-04T19:04:42.707279,2.432,4.101,1.270,0.000
2025-12-04T19:04:42.739766,2.432,4.101,1.270,0.000
2025-12-04T19:04:42.774984,2.432,4.101,1.270,0.000
2025-12-04T19:04:42.804598,2.432,4.101,1.270,0.000
2025-12-04T19:04:42.836921,2.432,4.101,1.270,0.000
2025-12-04T19:04:42.870100,2.432,4.101,1.270,0.000
2025-12-04T19:04:42.902113,2.432,4.101,1.270,0.000
2025-12-04T19:04:42.936613,2.432,4.101,1.270,0.000
2025-12-04T19:04:42.969526,2.432,4.101,1.270,0.000
2025-12-04T19:04:43.001233,2.432,4.101,1.270,0.000
2025-12-04T19:04:43.033393,2.432,4.101,1.270,0.000
2025-12-04T19:04:43.063402,2.432,4.101,1.270,0.000
2025-12-04T19:04:43.095911,2.432,4.101,1.270,0.000
2025-12-04T19:04:43.129339,2.432,4.101,1.270,0.000
2025-12-04T19:04:43.161657,2.432,4.101,1.270,0.000
2025-12-04T19:04:43.193751,2.432,4.101,1.270,0.000
2025-12-04T19:04:43.233330,2.432,4.101,1.270,0.000
2025-12-04T19:04:43.264315,2.432,4.101,1.270,0.000
2025-12-04T19:04:43.297259,2.432,4.101,1.270,0.000
2025-12-04T19:04:43.326958,2.432,4.101,1.270,0.000
2025-12-04T19:04:43.352141,2.432,4.101,1.270,0.000
2025-12-04T19:04:43.382115,2.432,4.101,1.270,0.000
2025-12-04T19:04:43.414940,2.432,4.101,1.270,0.000
2025-12-04T19:04:43.446322,2.432,4.101,1.270,0.000
2025-12-04T19:04:43.487115,2.432,4.101,1.270,0.000
2025-12-04T19:04:43.521524,2.432,4.101,1.270,0.000
2025-12-04T19:04:43.555759,2.432,4.101,1.270,0.000
2025-12-04T19:04:43.588304,2.432,4.101,1.270,0.000
2025-12-04T19:04:43.620415,2.432,4.101,1.270,0.000
2025-12-04T19:04:43.653042,2.432,4.101,1.270,0.000
2025-12-04T19:04:43.680171,2.432,4.101,1.270,0.000
2025-12-04T19:04:43.712923,2.432,4.101,1.270,0.000
2025-12-04T19:04:43.747934,2.432,4.101,1.270,0.000
2025-12-04T19:04:43.781492,2.432,4.101,1.270,0.000
2025-12-04T19:04:43.813008,2.432,4.101,1.270,0.000
2025-12-04T19:04:43.844447,2.432,4.101,1.270,0.000
2025-12-04T19:04:43.878399,2.432,4.101,1.270,0.000
2025-12-04T19:04:43.908989,2.432,4.101,1.270,0.000
2025-12-04T19:04:43.942273,2.432,4.101,1.270,0.000
2025-12-04T19:04:43.976374,2.432,4.101,1.270,0.000
2025-12-04T19:04:44.004841,2.432,4.101,1.270,0.000
2025-12-04T19:04:44.037866,2.432,4.101,1.270,0.000
2025-12-04T19:04:44.072845,2.432,4.101,1.270,0.000
2025-12-04T19:04:44.106106,2.432,4.101,1.270,0.000
2025-12-04T19:04:44.141060,2.432,4.101,1.270,0.000
2025-12-04T19:04:44.172549,2.432,4.101,1.270,0.000
2025-12-04T19:04:44.203779,2.432,4.101,1.270,0.000
2025-12-04T19:04:44.234463,2.432,4.101,1.270,0.000
2025-12-04T19:04:44.265852,2.432,4.101,1.270,0.000
2025-12-04T19:04:44.297628,2.432,4.101,1.270,0.000
2025-12-04T19:04:44.329895,2.432,4.101,1.270,0.000
2025-12-04T19:04:44.362115,2.432,4.101,1.270,0.000
2025-12-04T19:04:44.395244,2.432,4.101,1.270,0.000
2025-12-04T19:04:44.432118,2.432,4.101,1.270,0.000
2025-12-04T19:04:44.464637,2.432,4.101,1.270,0.000
2025-12-04T19:04:44.497430,2.432,4.101,1.270,0.000
2025-12-04T19:04:44.529409,2.432,4.101,1.270,0.000
2025-12-04T19:04:44.557561,2.432,4.101,1.270,0.000
2025-12-04T19:04:44.593414,2.432,4.101,1.270,0.000
2025-12-04T19:04:44.624649,2.432,4.101,1.270,0.000
2025-12-04T19:04:44.656210,2.432,4.101,1.270,0.000
2025-12-04T19:04:44.693222,2.432,4.101,1.270,0.000
2025-12-04T19:04:44.725983,2.432,4.101,1.270,0.000
2025-12-04T19:04:44.758226,2.432,4.101,1.270,0.000
2025-12-04T19:04:44.788528,2.432,4.101,1.270,0.000
2025-12-04T19:04:44.821927,2.432,4.101,1.270,0.000
2025-12-04T19:04:44.854217,2.432,4.101,1.270,0.000
2025-12-04T19:04:44.886870,2.432,4.101,1.270,0.000
2025-12-04T19:04:44.921041,2.432,4.101,1.270,0.000
2025-12-04T19:04:44.953702,2.432,4.101,1.270,0.000
2025-12-04T19:04:44.989376,2.432,4.101,1.270,0.000
2025-12-04T19:04:45.015431,2.432,4.101,1.270,0.000
2025-12-04T19:04:45.046873,2.432,4.101,1.270,0.000
2025-12-04T19:04:45.078712,2.432,4.101,1.270,0.000
2025-12-04T19:04:45.113157,2.432,4.101,1.270,0.000
2025-12-04T19:04:45.146899,2.432,4.101,1.270,0.000
2025-12-04T19:04:45.181397,2.432,4.101,1.270,0.000
2025-12-04T19:04:45.215336,2.432,4.101,1.270,0.000
2025-12-04T19:04:45.246678,2.432,4.101,1.270,0.000
2025-12-04T19:04:45.276497,2.432,4.101,1.270,0.000
2025-12-04T19:04:45.307496,2.432,4.101,1.270,0.000
2025-12-04T19:04:45.339595,2.432,4.101,1.270,0.000
2025-12-04T19:04:45.374305,2.432,4.101,1.270,0.000
2025-12-04T19:04:45.405305,2.432,4.101,1.270,0.000
2025-12-04T19:04:45.436501,2.432,4.101,1.270,0.000
2025-12-04T19:04:45.471110,2.432,4.101,1.270,0.000
2025-12-04T19:04:45.507365,2.432,4.101,1.270,0.000
2025-12-04T19:04:45.540160,2.432,4.101,1.270,0.000
2025-12-04T19:04:45.572906,2.432,4.101,1.270,0.000
2025-12-04T19:04:45.604112,2.432,4.101,1.270,0.000
2025-12-04T19:04:45.635425,2.432,4.101,1.270,0.000
2025-12-04T19:04:45.666770,2.432,4.101,1.270,0.000
2025-12-04T19:04:45.698333,2.432,4.101,1.270,0.000
2025-12-04T19:04:45.734259,2.432,4.101,1.270,0.000
2025-12-04T19:04:45.769251,2.432,4.101,1.270,0.000
2025-12-04T19:04:45.802640,2.432,4.101,1.270,0.000
2025-12-04T19:04:45.838350,2.432,4.101,1.270,0.000
2025-12-04T19:04:45.875715,2.432,4.101,1.270,0.000
2025-12-04T19:04:45.906585,2.432,4.101,1.270,0.000
2025-12-04T19:04:45.938586,2.432,4.101,1.270,0.000
2025-12-04T19:04:45.968131,2.432,4.101,1.270,0.000
2025-12-04T19:04:45.997381,2.432,4.101,1.270,0.000
2025-12-04T19:04:46.030088,2.432,4.101,1.270,0.000
2025-12-04T19:04:46.061800,2.432,4.101,1.270,0.000
2025-12-04T19:04:46.094525,2.432,4.101,1.270,0.000
2025-12-04T19:04:46.124997,2.432,4.101,1.270,0.000
2025-12-04T19:04:46.159076,2.432,4.101,1.270,0.000
2025-12-04T19:04:46.192657,2.432,4.101,1.270,0.000
2025-12-04T19:04:46.226642,2.432,4.101,1.270,0.000
2025-12-04T19:04:46.260112,2.432,4.101,1.270,0.000
2025-12-04T19:04:46.293535,2.432,4.101,1.270,0.000
2025-12-04T19:04:46.326297,2.432,4.101,1.270,0.000
2025-12-04T19:04:46.356720,2.432,4.101,1.270,0.000
2025-12-04T19:04:46.390414,2.432,4.101,1.270,0.000
2025-12-04T19:04:46.421470,2.432,4.101,1.270,0.000
2025-12-04T19:04:46.454804,2.432,4.101,1.270,0.000
2025-12-04T19:04:46.485932,2.432,4.101,1.270,0.000
2025-12-04T19:04:46.516782,2.432,4.101,1.270,0.000
2025-12-04T19:04:46.548488,2.432,4.101,1.270,0.000
2025-12-04T19:04:46.582946,2.432,4.101,1.270,0.000
2025-12-04T19:04:46.617518,2.432,4.101,1.270,0.000
2025-12-04T19:04:46.650831,2.432,4.101,1.270,0.000
2025-12-04T19:04:46.686252,2.432,4.101,1.270,0.000
2025-12-04T19:04:46.716796,2.432,4.101,1.270,0.000
2025-12-04T19:04:46.747141,2.432,4.101,1.270,0.000
2025-12-04T19:04:46.781413,2.432,4.101,1.270,0.000
2025-12-04T19:04:46.814122,2.432,4.101,1.270,0.000
2025-12-04T19:04:46.846584,2.432,4.101,1.270,0.000
2025-12-04T19:04:46.882573,2.432,4.101,1.270,0.000
2025-12-04T19:04:46.914087,2.432,4.101,1.270,0.000
2025-12-04T19:04:46.944704,2.432,4.101,1.270,0.000
2025-12-04T19:04:46.978157,2.432,4.101,1.270,0.000
2025-12-04T19:04:47.008421,2.432,4.101,1.270,0.000
2025-12-04T19:04:47.041115,2.432,4.101,1.270,0.000
2025-12-04T19:04:47.073893,2.432,4.101,1.270,0.000
2025-12-04T19:04:47.106938,2.432,4.101,1.270,0.000
2025-12-04T19:04:47.141408,2.432,4.101,1.270,0.000
2025-12-04T19:04:47.174403,2.432,4.101,1.270,0.000
2025-12-04T19:04:47.208009,2.432,4.101,1.270,0.000
2025-12-04T19:04:47.242363,2.432,4.101,1.270,0.000
2025-12-04T19:04:47.273291,2.432,4.101,1.270,0.000
2025-12-04T19:04:47.302936,2.432,4.101,1.270,0.000
2025-12-04T19:04:47.333524,2.432,4.101,1.270,0.000
2025-12-04T19:04:47.365827,2.432,4.101,1.270,0.000
2025-12-04T19:04:47.402169,2.432,4.101,1.270,0.000
2025-12-04T19:04:47.432671,2.432,4.101,1.270,0.000
2025-12-04T19:04:47.462453,2.432,4.101,1.270,0.000
2025-12-04T19:04:47.495629,2.432,4.101,1.270,0.000
2025-12-04T19:04:47.530068,2.432,4.101,1.270,0.000
2025-12-04T19:04:47.560469,2.432,4.101,1.270,0.000
2025-12-04T19:04:47.593181,2.432,4.101,1.270,0.000
2025-12-04T19:04:47.624113,2.432,4.101,1.270,0.000
2025-12-04T19:04:47.662057,2.417,4.101,1.270,0.029
2025-12-04T19:04:47.693693,2.401,4.101,1.270,0.058
2025-12-04T19:04:47.723992,2.386,4.101,1.270,0.086
2025-12-04T19:04:47.755046,2.371,4.101,1.270,0.115
2025-12-04T19:04:47.790023,2.356,4.101,1.270,0.144
2025-12-04T19:04:47.819943,2.342,4.101,1.270,0.172
2025-12-04T19:04:47.855912,2.330,4.101,1.270,0.200
2025-12-04T19:04:47.886753,2.318,4.101,1.270,0.228
2025-12-04T19:04:47.919201,2.306,4.101,1.270,0.256
2025-12-04T19:04:47.952036,2.296,4.101,1.270,0.284
2025-12-04T19:04:47.983768,2.286,4.101,1.270,0.312
2025-12-04T19:04:48.018652,2.277,4.101,1.270,0.339
2025-12-04T19:04:48.052655,2.268,4.101,1.270,0.366
2025-12-04T19:04:48.085742,2.260,4.101,1.270,0.392
2025-12-04T19:04:48.119421,2.253,4.101,1.270,0.419
2025-12-04T19:04:48.152646,2.246,4.101,1.270,0.445
2025-12-04T19:04:48.179191,2.239,4.100,1.270,0.470
2025-12-04T19:04:48.210520,2.233,4.100,1.270,0.495
2025-12-04T19:04:48.245450,2.227,4.100,1.270,0.520
2025-12-04T19:04:48.282841,2.222,4.100,1.270,0.545
2025-12-04T19:04:48.311339,2.217,4.100,1.270,0.569
2025-12-04T19:04:48.347642,2.212,4.100,1.270,0.592
2025-12-04T19:04:48.375328,2.207,4.100,1.270,0.615
2025-12-04T19:04:48.406221,2.203,4.100,1.270,0.637
2025-12-04T19:04:48.443549,2.199,4.100,1.270,0.659
2025-12-04T19:04:48.472964,2.196,4.100,1.270,0.681
2025-12-04T19:04:48.505904,2.192,4.100,1.270,0.702
2025-12-04T19:04:48.537232,2.189,4.118,1.270,0.702
2025-12-04T19:04:48.570576,2.186,4.136,1.270,0.702
2025-12-04T19:04:48.605261,2.183,4.155,1.270,0.702
2025-12-04T19:04:48.635390,2.181,4.173,1.270,0.702
2025-12-04T19:04:48.666295,2.178,4.192,1.270,0.702
2025-12-04T19:04:48.697399,2.176,4.210,1.270,0.702
2025-12-04T19:04:48.733678,2.174,4.229,1.270,0.702
2025-12-04T19:04:48.762983,2.172,4.248,1.270,0.702
2025-12-04T19:04:48.798021,2.170,4.267,1.270,0.702
2025-12-04T19:04:48.835297,2.169,4.286,1.270,0.702
2025-12-04T19:04:48.863804,2.167,4.305,1.270,0.702
2025-12-04T19:04:48.896046,2.166,4.324,1.270,0.702
2025-12-04T19:04:48.928149,2.165,4.344,1.270,0.702
2025-12-04T19:04:48.959892,2.164,4.363,1.270,0.702
2025-12-04T19:04:48.991708,2.162,4.382,1.270,0.702
2025-12-04T19:04:49.024828,2.161,4.402,1.270,0.702
2025-12-04T19:04:49.060236,2.160,4.421,1.270,0.702
2025-12-04T19:04:49.091579,2.159,4.441,1.270,0.702
2025-12-04T19:04:49.123973,2.159,4.461,1.270,0.702
2025-12-04T19:04:49.154983,2.158,4.481,1.270,0.702
2025-12-04T19:04:49.187347,2.157,4.500,1.270,0.702
2025-12-04T19:04:49.217314,2.157,4.520,1.270,0.702
2025-12-04T19:04:49.252227,2.156,4.540,1.270,0.702
2025-12-04T19:04:49.287812,2.156,4.560,1.270,0.702
2025-12-04T19:04:49.316344,2.155,4.580,1.270,0.702
2025-12-04T19:04:49.348859,2.155,4.600,1.270,0.702
2025-12-04T19:04:49.386515,2.154,4.620,1.270,0.702
2025-12-04T19:04:49.414573,2.154,4.640,1.270,0.702
2025-12-04T19:04:49.446723,2.154,4.660,1.270,0.702
2025-12-04T19:04:49.478913,2.154,4.680,1.270,0.702
2025-12-04T19:04:49.508761,2.153,4.700,1.270,0.702
2025-12-04T19:04:49.540675,2.153,4.720,1.270,0.702
2025-12-04T19:04:49.571120,2.153,4.741,1.270,0.702
2025-12-04T19:04:49.604835,2.153,4.761,1.270,0.702
2025-12-04T19:04:49.638148,2.153,4.781,1.270,0.702
2025-12-04T19:04:49.673663,2.153,4.801,1.270,0.702
2025-12-04T19:04:49.705061,2.153,4.821,1.270,0.702
2025-12-04T19:04:49.744332,2.153,4.842,1.270,0.702
2025-12-04T19:04:49.772900,2.153,4.862,1.270,0.702
2025-12-04T19:04:49.807776,2.153,4.882,1.270,0.702
2025-12-04T19:04:49.835708,2.153,4.903,1.270,0.702
2025-12-04T19:04:49.868092,2.153,4.923,1.270,0.702
2025-12-04T19:04:49.901099,2.153,4.943,1.270,0.702
2025-12-04T19:04:49.930975,2.153,4.964,1.270,0.702
2025-12-04T19:04:49.965285,2.153,4.984,1.270,0.702
2025-12-04T19:04:50.000381,2.153,5.004,1.270,0.702
2025-12-04T19:04:50.031806,2.154,5.025,1.270,0.702
2025-12-04T19:04:50.065922,2.154,5.045,1.270,0.702
2025-12-04T19:04:50.099183,2.154,5.065,1.270,0.702
2025-12-04T19:04:50.130431,2.154,5.086,1.270,0.702
2025-12-04T19:04:50.156571,2.154,5.106,1.270,0.702
2025-12-04T19:04:50.188863,2.154,5.127,1.270,0.702
2025-12-04T19:04:50.220817,2.155,5.147,1.270,0.702
2025-12-04T19:04:50.251541,2.155,5.167,1.270,0.702
2025-12-04T19:04:50.292290,2.155,5.188,1.270,0.702
2025-12-04T19:04:50.323767,2.155,5.208,1.270,0.702
2025-12-04T19:04:50.355162,2.156,5.229,1.270,0.702
2025-12-04T19:04:50.390075,2.156,5.249,1.270,0.702
2025-12-04T19:04:50.420030,2.156,5.270,1.270,0.702
2025-12-04T19:04:50.452449,2.156,5.290,1.270,0.702
2025-12-04T19:04:50.484311,2.156,5.311,1.270,0.702
2025-12-04T19:04:50.515627,2.157,5.331,1.270,0.702
2025-12-04T19:04:50.544337,2.157,5.351,1.270,0.702
2025-12-04T19:04:50.580499,2.157,5.372,1.270,0.702
2025-12-04T19:04:50.608537,2.157,5.392,1.270,0.702
2025-12-04T19:04:50.649931,2.158,5.413,1.270,0.702
2025-12-04T19:04:50.678986,2.158,5.433,1.270,0.702
2025-12-04T19:04:50.710945,2.158,5.454,1.270,0.702
2025-12-04T19:04:50.744470,2.159,5.474,1.270,0.702
2025-12-04T19:04:50.780074,2.159,5.495,1.270,0.702
2025-12-04T19:04:50.807685,2.159,5.515,1.270,0.702
2025-12-04T19:04:50.837109,2.159,5.536,1.270,0.702
2025-12-04T19:04:50.868006,2.160,5.556,1.270,0.702
2025-12-04T19:04:50.903071,2.160,5.577,1.270,0.702
2025-12-04T19:04:50.937046,2.160,5.597,1.270,0.702
2025-12-04T19:04:50.970549,2.161,5.618,1.270,0.702
2025-12-04T19:04:51.004426,2.161,5.638,1.270,0.702
2025-12-04T19:04:51.036028,2.161,5.659,1.270,0.702
2025-12-04T19:04:51.070073,2.161,5.679,1.270,0.702
2025-12-04T19:04:51.101328,2.162,5.700,1.270,0.702
2025-12-04T19:04:51.131027,2.162,5.720,1.270,0.702
2025-12-04T19:04:51.162971,2.162,5.741,1.270,0.702
2025-12-04T19:04:51.196507,2.163,5.761,1.270,0.702
2025-12-04T19:04:51.232936,2.163,5.782,1.270,0.702
2025-12-04T19:04:51.268353,2.163,5.802,1.270,0.702
2025-12-04T19:04:51.300811,2.164,5.823,1.270,0.702
2025-12-04T19:04:51.333796,2.164,5.843,1.270,0.702
2025-12-04T19:04:51.364941,2.164,5.864,1.270,0.702
2025-12-04T19:04:51.400656,2.165,5.884,1.270,0.702
2025-12-04T19:04:51.427013,2.165,5.905,1.270,0.702
2025-12-04T19:04:51.456353,2.165,5.925,1.270,0.702
2025-12-04T19:04:51.487919,2.165,5.946,1.270,0.702
2025-12-04T19:04:51.518906,2.166,5.966,1.270,0.702
2025-12-04T19:04:51.554005,2.166,5.987,1.270,0.702
2025-12-04T19:04:51.591114,2.166,6.007,1.270,0.702
2025-12-04T19:04:51.619780,2.167,6.028,1.270,0.702
2025-12-04T19:04:51.656417,2.167,6.048,1.270,0.702
2025-12-04T19:04:51.683250,2.167,6.069,1.270,0.702
2025-12-04T19:04:51.714998,2.168,6.089,1.270,0.702
2025-12-04T19:04:51.748739,2.168,6.110,1.270,0.702
2025-12-04T19:04:51.777752,2.168,6.130,1.270,0.702
2025-12-04T19:04:51.812170,2.169,6.151,1.270,0.702
2025-12-04T19:04:51.847017,2.169,6.171,1.270,0.702
2025-12-04T19:04:51.885095,2.169,6.192,1.270,0.702
2025-12-04T19:04:51.909639,2.170,6.212,1.270,0.702
2025-12-04T19:04:51.943846,2.170,6.233,1.270,0.702
2025-12-04T19:04:51.976704,2.170,6.253,1.270,0.702
2025-12-04T19:04:52.001639,2.170,6.274,1.270,0.702
2025-12-04T19:04:52.036507,2.171,6.294,1.270,0.702
2025-12-04T19:04:52.067475,2.171,6.315,1.270,0.702
2025-12-04T19:04:52.097335,2.171,6.335,1.270,0.702
2025-12-04T19:04:52.132702,2.172,6.356,1.270,0.702
2025-12-04T19:04:52.165881,2.172,6.376,1.270,0.702
2025-12-04T19:04:52.201339,2.172,6.397,1.270,0.702
2025-12-04T19:04:52.233680,2.173,6.417,1.270,0.702
2025-12-04T19:04:52.268747,2.173,6.438,1.270,0.702
2025-12-04T19:04:52.300215,2.173,6.458,1.270,0.702
2025-12-04T19:04:52.332661,2.174,6.479,1.270,0.702
2025-12-04T19:04:52.363593,2.174,6.499,1.270,0.702
2025-12-04T19:04:52.392114,2.174,6.520,1.270,0.702
2025-12-04T19:04:52.420415,2.175,6.540,1.270,0.702
2025-12-04T19:04:52.452816,2.175,6.561,1.270,0.702
2025-12-04T19:04:52.485173,2.175,6.581,1.270,0.702
2025-12-04T19:04:52.514589,2.176,6.602,1.270,0.702
2025-12-04T19:04:52.544089,2.176,6.622,1.270,0.702
2025-12-04T19:04:52.585264,2.176,6.643,1.270,0.702
2025-12-04T19:04:52.614877,2.177,6.663,1.270,0.702
2025-12-04T19:04:52.650764,2.177,6.684,1.270,0.702
2025-12-04T19:04:52.679702,2.177,6.704,1.270,0.681
2025-12-04T19:04:52.711723,2.179,6.725,1.270,0.659
2025-12-04T19:04:52.743373,2.181,6.745,1.270,0.637
2025-12-04T19:04:52.775648,2.184,6.765,1.270,0.615
2025-12-04T19:04:52.808968,2.189,6.785,1.270,0.592
2025-12-04T19:04:52.846993,2.194,6.805,1.270,0.569
2025-12-04T19:04:52.881062,2.201,6.824,1.270,0.545
2025-12-04T19:04:52.911561,2.208,6.843,1.270,0.520
2025-12-04T19:04:52.947155,2.217,6.862,1.270,0.495
2025-12-04T19:04:52.977023,2.226,6.880,1.270,0.470
2025-12-04T19:04:53.005284,2.237,6.897,1.270,0.445
2025-12-04T19:04:53.035116,2.248,6.914,1.270,0.419
2025-12-04T19:04:53.064562,2.260,6.930,1.270,0.392
2025-12-04T19:04:53.097793,2.273,6.945,1.270,0.366
2025-12-04T19:04:53.134110,2.287,6.960,1.270,0.339
2025-12-04T19:04:53.166159,2.301,6.974,1.270,0.312
2025-12-04T19:04:53.202487,2.317,6.986,1.270,0.284
2025-12-04T19:04:53.235849,2.333,6.998,1.270,0.256
2025-12-04T19:04:53.266218,2.349,7.010,1.270,0.228
2025-12-04T19:04:53.295935,2.366,7.020,1.270,0.200
2025-12-04T19:04:53.328197,2.384,7.029,1.270,0.172
2025-12-04T19:04:53.363251,2.402,7.037,1.270,0.144
2025-12-04T19:04:53.390865,2.421,7.044,1.270,0.115
2025-12-04T19:04:53.422928,2.439,7.050,1.270,0.086
2025-12-04T19:04:53.457315,2.459,7.055,1.270,0.058
2025-12-04T19:04:53.491960,2.478,7.058,1.270,0.029
2025-12-04T19:04:53.529423,2.497,7.061,1.270,0.000
2025-12-04T19:04:53.566475,2.517,7.063,1.270,-0.029
2025-12-04T19:04:53.595157,2.537,7.063,1.270,-0.058
2025-12-04T19:04:53.630565,2.556,7.062,1.270,-0.086
2025-12-04T19:04:53.657196,2.576,7.060,1.270,-0.115
2025-12-04T19:04:53.692347,2.595,7.057,1.270,-0.144
2025-12-04T19:04:53.722695,2.614,7.053,1.270,-0.172
2025-12-04T19:04:53.754756,2.633,7.048,1.270,-0.200
2025-12-04T19:04:53.788672,2.651,7.042,1.270,-0.228
2025-12-04T19:04:53.822041,2.669,7.035,1.270,-0.256
2025-12-04T19:04:53.854034,2.687,7.026,1.270,-0.284
2025-12-04T19:04:53.886338,2.704,7.017,1.270,-0.312
2025-12-04T19:04:53.915059,2.720,7.007,1.270,-0.339
2025-12-04T19:04:53.947678,2.736,6.995,1.270,-0.366
2025-12-04T19:04:53.983402,2.752,6.983,1.270,-0.392
2025-12-04T19:04:54.015475,2.766,6.970,1.270,-0.419
2025-12-04T19:04:54.047103,2.780,6.956,1.270,-0.445
2025-12-04T19:04:54.075895,2.792,6.942,1.270,-0.470
2025-12-04T19:04:54.108870,2.804,6.927,1.270,-0.495
2025-12-04T19:04:54.145578,2.815,6.911,1.270,-0.520
2025-12-04T19:04:54.176584,2.826,6.894,1.270,-0.545
2025-12-04T19:04:54.207204,2.835,6.877,1.270,-0.569
2025-12-04T19:04:54.240791,2.843,6.860,1.270,-0.592
2025-12-04T19:04:54.276820,2.850,6.841,1.270,-0.615
2025-12-04T19:04:54.310662,2.856,6.823,1.270,-0.637
2025-12-04T19:04:54.344423,2.856,6.823,1.270,-0.637
2025-12-04T19:04:54.373985,2.856,6.823,1.270,-0.637
2025-12-04T19:04:54.405527,2.856,6.823,1.270,-0.637
2025-12-04T19:04:54.435508,2.856,6.823,1.270,-0.637
2025-12-04T19:04:54.469028,2.856,6.823,1.270,-0.637
2025-12-04T19:04:54.503424,2.856,6.823,1.270,-0.637
2025-12-04T19:04:54.531573,2.856,6.823,1.270,-0.637
2025-12-04T19:04:54.565626,2.856,6.823,1.270,-0.637
2025-12-04T19:04:54.600031,2.856,6.823,1.270,-0.637
2025-12-04T19:04:54.636074,2.856,6.823,1.270,-0.637
2025-12-04T19:04:54.667521,2.856,6.823,1.270,-0.637
2025-12-04T19:04:54.697892,2.856,6.823,1.270,-0.637
2025-12-04T19:04:54.730757,2.856,6.823,1.270,-0.637
2025-12-04T19:04:54.761548,2.856,6.823,1.270,-0.637
2025-12-04T19:04:54.797542,2.856,6.823,1.270,-0.637
2025-12-04T19:04:54.829929,2.856,6.823,1.270,-0.637
2025-12-04T19:04:54.861159,2.856,6.823,1.270,-0.637
2025-12-04T19:04:54.893021,2.856,6.823,1.270,-0.637
2025-12-04T19:04:54.925184,2.856,6.823,1.270,-0.637
2025-12-04T19:04:54.957279,2.856,6.823,1.270,-0.637
2025-12-04T19:04:55.000368,2.856,6.823,1.270,-0.637
2025-12-04T19:04:55.025137,2.856,6.823,1.270,-0.637
2025-12-04T19:04:55.056863,2.856,6.823,1.270,-0.637
2025-12-04T19:04:55.088361,2.856,6.823,1.270,-0.637
2025-12-04T19:04:55.118540,2.856,6.823,1.270,-0.637
2025-12-04T19:04:55.146734,2.856,6.823,1.270,-0.637
2025-12-04T19:04:55.176871,2.856,6.823,1.270,-0.637
2025-12-04T19:04:55.206678,2.856,6.823,1.270,-0.637
2025-12-04T19:04:55.241661,2.856,6.823,1.270,-0.637
2025-12-04T19:04:55.276526,2.856,6.823,1.270,-0.637
2025-12-04T19:04:55.309439,2.856,6.823,1.270,-0.637
2025-12-04T19:04:55.340545,2.856,6.823,1.270,-0.637
2025-12-04T19:04:55.373968,2.856,6.823,1.270,-0.637
2025-12-04T19:04:55.405058,2.856,6.823,1.270,-0.637
2025-12-04T19:04:55.436573,2.856,6.823,1.270,-0.637
2025-12-04T19:04:55.467076,2.856,6.823,1.270,-0.637
2025-12-04T19:04:55.500267,2.856,6.823,1.270,-0.637
2025-12-04T19:04:55.534996,2.856,6.823,1.270,-0.637
2025-12-04T19:04:55.567416,2.856,6.823,1.270,-0.637
2025-12-04T19:04:55.598062,2.856,6.823,1.270,-0.637
2025-12-04T19:04:55.630870,2.856,6.823,1.270,-0.637
2025-12-04T19:04:55.661539,2.856,6.823,1.270,-0.637
2025-12-04T19:04:55.693846,2.856,6.823,1.270,-0.637
2025-12-04T19:04:55.731408,2.856,6.823,1.270,-0.637
2025-12-04T19:04:55.763322,2.856,6.823,1.270,-0.637
2025-12-04T19:04:55.795224,2.856,6.823,1.270,-0.637
2025-12-04T19:04:55.837918,2.856,6.823,1.270,-0.637
2025-12-04T19:04:55.855702,2.856,6.823,1.270,-0.637
2025-12-04T19:04:55.887751,2.856,6.823,1.270,-0.637
2025-12-04T19:04:55.921074,2.856,6.823,1.270,-0.637
2025-12-04T19:04:55.952023,2.856,6.823,1.270,-0.637
2025-12-04T19:04:55.982726,2.856,6.823,1.270,-0.637
2025-12-04T19:04:56.017371,2.856,6.823,1.270,-0.637
2025-12-04T19:04:56.051165,2.856,6.823,1.270,-0.637
2025-12-04T19:04:56.084290,2.856,6.823,1.270,-0.637
2025-12-04T19:04:56.115954,2.856,6.823,1.270,-0.637
2025-12-04T19:04:56.144439,2.856,6.823,1.270,-0.637
2025-12-04T19:04:56.177211,2.856,6.823,1.270,-0.637
2025-12-04T19:04:56.208383,2.856,6.823,1.270,-0.637
2025-12-04T19:04:56.241725,2.856,6.823,1.270,-0.637
2025-12-04T19:04:56.276771,2.856,6.823,1.270,-0.637
2025-12-04T19:04:56.306358,2.856,6.823,1.270,-0.637
2025-12-04T19:04:56.341330,2.856,6.823,1.270,-0.637
2025-12-04T19:04:56.373004,2.856,6.823,1.270,-0.637
2025-12-04T19:04:56.404507,2.856,6.823,1.270,-0.637
2025-12-04T19:04:56.438543,2.856,6.823,1.270,-0.637
2025-12-04T19:04:56.471799,2.856,6.823,1.270,-0.637
2025-12-04T19:04:56.505259,2.856,6.823,1.270,-0.637
2025-12-04T19:04:56.532320,2.856,6.823,1.270,-0.637
2025-12-04T19:04:56.568409,2.856,6.823,1.270,-0.637
2025-12-04T19:04:56.601428,2.856,6.823,1.270,-0.637
2025-12-04T19:04:56.630483,2.856,6.823,1.270,-0.637
2025-12-04T19:04:56.663658,2.856,6.823,1.270,-0.637
2025-12-04T19:04:56.694568,2.856,6.823,1.270,-0.637
2025-12-04T19:04:56.730748,2.856,6.823,1.270,-0.637
2025-12-04T19:04:56.765331,2.856,6.823,1.270,-0.637
2025-12-04T19:04:56.797071,2.856,6.823,1.270,-0.637
2025-12-04T19:04:56.831288,2.856,6.823,1.270,-0.637
2025-12-04T19:04:56.863087,2.856,6.823,1.270,-0.637
2025-12-04T19:04:56.893781,2.856,6.823,1.270,-0.637
2025-12-04T19:04:56.927661,2.856,6.823,1.270,-0.637
2025-12-04T19:04:56.955485,2.856,6.823,1.270,-0.637
2025-12-04T19:04:56.985804,2.856,6.823,1.270,-0.637
2025-12-04T19:04:57.018409,2.856,6.823,1.270,-0.637
2025-12-04T19:04:57.048734,2.856,6.823,1.270,-0.637
2025-12-04T19:04:57.088103,2.856,6.823,1.270,-0.637
2025-12-04T19:04:57.122061,2.856,6.823,1.270,-0.637
2025-12-04T19:04:57.150701,2.856,6.823,1.270,-0.637
2025-12-04T19:04:57.181468,2.856,6.823,1.270,-0.637
2025-12-04T19:04:57.211426,2.856,6.823,1.270,-0.637
2025-12-04T19:04:57.246589,2.856,6.823,1.270,-0.637
2025-12-04T19:04:57.275252,2.856,6.823,1.270,-0.637
2025-12-04T19:04:57.309388,2.856,6.823,1.270,-0.637
2025-12-04T19:04:57.345312,2.856,6.823,1.270,-0.637
2025-12-04T19:04:57.376981,2.856,6.823,1.270,-0.637
2025-12-04T19:04:57.409207,2.856,6.823,1.270,-0.637
2025-12-04T19:04:57.441698,2.856,6.823,1.270,-0.637
2025-12-04T19:04:57.474908,2.856,6.823,1.270,-0.637
2025-12-04T19:04:57.506989,2.856,6.823,1.270,-0.637
2025-12-04T19:04:57.538343,2.856,6.823,1.270,-0.637
2025-12-04T19:04:57.571372,2.856,6.823,1.270,-0.637
2025-12-04T19:04:57.604556,2.856,6.823,1.270,-0.637
2025-12-04T19:04:57.637834,2.856,6.823,1.270,-0.637
2025-12-04T19:04:57.680773,2.856,6.823,1.270,-0.637
2025-12-04T19:04:57.704468,2.856,6.823,1.270,-0.637
2025-12-04T19:04:57.737586,2.856,6.823,1.270,-0.637
2025-12-04T19:04:57.769764,2.856,6.823,1.270,-0.637
2025-12-04T19:04:57.798773,2.856,6.823,1.270,-0.637
2025-12-04T19:04:57.835810,2.856,6.823,1.270,-0.637
2025-12-04T19:04:57.868378,2.856,6.823,1.270,-0.637
2025-12-04T19:04:57.902904,2.856,6.823,1.270,-0.637
2025-12-04T19:04:57.938937,2.856,6.823,1.270,-0.637
2025-12-04T19:04:57.970177,2.856,6.823,1.270,-0.637
2025-12-04T19:04:58.002260,2.856,6.823,1.270,-0.637
2025-12-04T19:04:58.035456,2.856,6.823,1.270,-0.637
2025-12-04T19:04:58.065389,2.856,6.823,1.270,-0.637
2025-12-04T19:04:58.095941,2.856,6.823,1.270,-0.637
2025-12-04T19:04:58.132706,2.856,6.823,1.270,-0.637
2025-12-04T19:04:58.161982,2.856,6.823,1.270,-0.637
2025-12-04T19:04:58.194497,2.856,6.823,1.270,-0.637
2025-12-04T19:04:58.231811,2.856,6.823,1.270,-0.637
2025-12-04T19:04:58.260823,2.856,6.823,1.270,-0.637
2025-12-04T19:04:58.295131,2.856,6.823,1.270,-0.637
2025-12-04T19:04:58.326330,2.856,6.823,1.270,-0.637
2025-12-04T19:04:58.353088,2.856,6.823,1.270,-0.637
2025-12-04T19:04:58.389399,2.856,6.823,1.270,-0.637
2025-12-04T19:04:58.421326,2.856,6.823,1.270,-0.637
2025-12-04T19:04:58.452664,2.856,6.823,1.270,-0.637
2025-12-04T19:04:58.489805,2.856,6.823,1.270,-0.637
2025-12-04T19:04:58.524352,2.856,6.823,1.270,-0.637
2025-12-04T19:04:58.556505,2.856,6.823,1.270,-0.637
2025-12-04T19:04:58.586978,2.856,6.823,1.270,-0.637
2025-12-04T19:04:58.619559,2.856,6.823,1.270,-0.637
2025-12-04T19:04:58.651866,2.856,6.823,1.270,-0.637
2025-12-04T19:04:58.681557,2.856,6.823,1.270,-0.637
2025-12-04T19:04:58.714499,2.856,6.823,1.270,-0.637
2025-12-04T19:04:58.746352,2.856,6.823,1.270,-0.637
2025-12-04T19:04:58.779001,2.856,6.823,1.270,-0.637
2025-12-04T19:04:58.813208,2.856,6.823,1.270,-0.637
2025-12-04T19:04:58.848023,2.856,6.823,1.270,-0.637
2025-12-04T19:04:58.879417,2.856,6.823,1.270,-0.637
2025-12-04T19:04:58.910046,2.856,6.823,1.270,-0.637
2025-12-04T19:04:58.941700,2.856,6.823,1.270,-0.637
2025-12-04T19:04:58.974528,2.856,6.823,1.270,-0.637
2025-12-04T19:04:59.007374,2.856,6.823,1.270,-0.637
2025-12-04T19:04:59.039255,2.856,6.823,1.270,-0.637
2025-12-04T19:04:59.074911,2.856,6.823,1.270,-0.637
2025-12-04T19:04:59.109315,2.856,6.823,1.270,-0.637
2025-12-04T19:04:59.143776,2.856,6.823,1.270,-0.637
2025-12-04T19:04:59.176193,2.856,6.823,1.270,-0.637
2025-12-04T19:04:59.207390,2.856,6.823,1.270,-0.637
2025-12-04T19:04:59.236776,2.856,6.823,1.270,-0.637
2025-12-04T19:04:59.267791,2.856,6.823,1.270,-0.637
2025-12-04T19:04:59.300185,2.856,6.823,1.270,-0.637
2025-12-04T19:04:59.332987,2.856,6.823,1.270,-0.637
2025-12-04T19:04:59.368983,2.856,6.823,1.270,-0.637
2025-12-04T19:04:59.400487,2.856,6.823,1.270,-0.637
2025-12-04T19:04:59.435345,2.856,6.823,1.270,-0.637
2025-12-04T19:04:59.465590,2.856,6.823,1.270,-0.637
2025-12-04T19:04:59.494499,2.856,6.823,1.270,-0.637
2025-12-04T19:04:59.529583,2.856,6.823,1.270,-0.637
2025-12-04T19:04:59.558151,2.856,6.823,1.270,-0.637
2025-12-04T19:04:59.592877,2.856,6.823,1.270,-0.637
2025-12-04T19:04:59.626429,2.856,6.823,1.270,-0.637
2025-12-04T19:04:59.658936,2.856,6.823,1.270,-0.637
2025-12-04T19:04:59.694497,2.856,6.823,1.270,-0.637
2025-12-04T19:04:59.727709,2.856,6.823,1.270,-0.637
2025-12-04T19:04:59.761250,2.856,6.823,1.270,-0.637
2025-12-04T19:04:59.789314,2.856,6.823,1.270,-0.637
2025-12-04T19:04:59.820071,2.856,6.823,1.270,-0.637
2025-12-04T19:04:59.847987,2.856,6.823,1.270,-0.637
2025-12-04T19:04:59.878240,2.856,6.823,1.270,-0.637
2025-12-04T19:04:59.909237,2.856,6.823,1.270,-0.637
2025-12-04T19:04:59.940393,2.856,6.823,1.270,-0.637
2025-12-04T19:04:59.976860,2.856,6.823,1.270,-0.637
2025-12-04T19:05:00.020620,2.856,6.823,1.270,-0.637
2025-12-04T19:05:00.040250,2.856,6.823,1.270,-0.637
2025-12-04T19:05:00.079797,2.856,6.823,1.270,-0.637
2025-12-04T19:05:00.111224,2.856,6.823,1.270,-0.637
2025-12-04T19:05:00.144527,2.856,6.823,1.270,-0.637
2025-12-04T19:05:00.176182,2.856,6.823,1.270,-0.637
2025-12-04T19:05:00.203397,2.856,6.823,1.270,-0.637
2025-12-04T19:05:00.234643,2.856,6.823,1.270,-0.637
2025-12-04T19:05:00.265568,2.856,6.823,1.270,-0.637
2025-12-04T19:05:00.300119,2.856,6.823,1.270,-0.637
2025-12-04T19:05:00.336829,2.856,6.823,1.270,-0.637
2025-12-04T19:05:00.365769,2.856,6.823,1.270,-0.637
2025-12-04T19:05:00.400740,2.856,6.823,1.270,-0.637
2025-12-04T19:05:00.433148,2.856,6.823,1.270,-0.637
2025-12-04T19:05:00.464997,2.856,6.823,1.270,-0.637
2025-12-04T19:05:00.492382,2.856,6.823,1.270,-0.637
2025-12-04T19:05:00.524345,2.856,6.823,1.270,-0.637
2025-12-04T19:05:00.559548,2.856,6.823,1.270,-0.637
2025-12-04T19:05:00.593158,2.856,6.823,1.270,-0.637
2025-12-04T19:05:00.625213,2.856,6.823,1.270,-0.637
2025-12-04T19:05:00.657242,2.856,6.823,1.270,-0.637
2025-12-04T19:05:00.689593,2.856,6.823,1.270,-0.637
2025-12-04T19:05:00.722730,2.856,6.823,1.270,-0.637
2025-12-04T19:05:00.755050,2.856,6.823,1.270,-0.637
2025-12-04T19:05:00.787411,2.856,6.823,1.270,-0.637
2025-12-04T19:05:00.821277,2.856,6.823,1.270,-0.637
2025-12-04T19:05:00.854229,2.856,6.823,1.270,-0.637
2025-12-04T19:05:00.889969,2.856,6.823,1.270,-0.637
2025-12-04T19:05:00.923710,2.856,6.823,1.270,-0.637
2025-12-04T19:05:00.959459,2.856,6.823,1.270,-0.637
2025-12-04T19:05:00.988951,2.856,6.823,1.270,-0.637
2025-12-04T19:05:01.020929,2.856,6.823,1.270,-0.637
2025-12-04T19:05:01.053620,2.856,6.823,1.270,-0.637
2025-12-04T19:05:01.084948,2.856,6.823,1.270,-0.637
2025-12-04T19:05:01.114089,2.856,6.823,1.270,-0.637
2025-12-04T19:05:01.144802,2.856,6.823,1.270,-0.637
2025-12-04T19:05:01.176992,2.856,6.823,1.270,-0.637
2025-12-04T19:05:01.208973,2.856,6.823,1.270,-0.637
2025-12-04T19:05:01.245517,2.856,6.823,1.270,-0.637
2025-12-04T19:05:01.279892,2.856,6.823,1.270,-0.637
2025-12-04T19:05:01.312286,2.856,6.823,1.270,-0.637
2025-12-04T19:05:01.343135,2.856,6.823,1.270,-0.637
2025-12-04T19:05:01.372934,2.856,6.823,1.270,-0.637
2025-12-04T19:05:01.404934,2.856,6.823,1.270,-0.637
2025-12-04T19:05:01.436860,2.856,6.823,1.270,-0.637
2025-12-04T19:05:01.469234,2.856,6.823,1.270,-0.637
2025-12-04T19:05:01.502269,2.856,6.823,1.270,-0.637
2025-12-04T19:05:01.539379,2.856,6.823,1.270,-0.637
2025-12-04T19:05:01.572840,2.856,6.823,1.270,-0.637
2025-12-04T19:05:01.607336,2.859,6.805,1.270,-0.615
2025-12-04T19:05:01.641729,2.864,6.788,1.270,-0.592
2025-12-04T19:05:01.672415,2.869,6.771,1.270,-0.569
2025-12-04T19:05:01.701749,2.876,6.753,1.270,-0.545
2025-12-04T19:05:01.730270,2.883,6.736,1.270,-0.520
2025-12-04T19:05:01.764135,2.892,6.720,1.270,-0.495
2025-12-04T19:05:01.797216,2.901,6.704,1.270,-0.470
2025-12-04T19:05:01.831672,2.911,6.688,1.270,-0.445
2025-12-04T19:05:01.863732,2.923,6.672,1.270,-0.419
2025-12-04T19:05:01.896957,2.935,6.658,1.270,-0.392
2025-12-04T19:05:01.929544,2.935,6.658,1.270,-0.392
2025-12-04T19:05:01.961237,2.935,6.658,1.270,-0.392
2025-12-04T19:05:01.992904,2.935,6.658,1.270,-0.392
2025-12-04T19:05:02.025710,2.935,6.658,1.270,-0.392
2025-12-04T19:05:02.057985,2.935,6.658,1.270,-0.392
2025-12-04T19:05:02.093891,2.935,6.658,1.270,-0.392
2025-12-04T19:05:02.124725,2.935,6.658,1.270,-0.392
2025-12-04T19:05:02.155429,2.935,6.658,1.270,-0.392
2025-12-04T19:05:02.188148,2.935,6.658,1.270,-0.392
2025-12-04T19:05:02.217229,2.935,6.658,1.270,-0.392
2025-12-04T19:05:02.247474,2.935,6.658,1.270,-0.392
2025-12-04T19:05:02.284782,2.935,6.658,1.270,-0.392
2025-12-04T19:05:02.314810,2.935,6.658,1.270,-0.392
2025-12-04T19:05:02.354071,2.935,6.658,1.270,-0.392
2025-12-04T19:05:02.386900,2.935,6.658,1.270,-0.392
2025-12-04T19:05:02.419623,2.935,6.658,1.270,-0.392
2025-12-04T19:05:02.453381,2.935,6.658,1.270,-0.392
2025-12-04T19:05:02.480876,2.935,6.658,1.270,-0.392
2025-12-04T19:05:02.508278,2.935,6.658,1.270,-0.392
2025-12-04T19:05:02.537353,2.935,6.658,1.270,-0.392
2025-12-04T19:05:02.568541,2.935,6.658,1.270,-0.392
2025-12-04T19:05:02.602976,2.935,6.658,1.270,-0.392
2025-12-04T19:05:02.637372,2.935,6.658,1.270,-0.392
2025-12-04T19:05:02.670215,2.935,6.658,1.270,-0.392
2025-12-04T19:05:02.701455,2.935,6.658,1.270,-0.392
2025-12-04T19:05:02.732628,2.935,6.658,1.270,-0.392
2025-12-04T19:05:02.762915,2.935,6.658,1.270,-0.392
2025-12-04T19:05:02.794558,2.935,6.658,1.270,-0.392
2025-12-04T19:05:02.831478,2.935,6.658,1.270,-0.392
2025-12-04T19:05:02.863313,2.935,6.658,1.270,-0.392
2025-12-04T19:05:02.897742,2.935,6.658,1.270,-0.392
2025-12-04T19:05:02.931509,2.935,6.658,1.270,-0.392
2025-12-04T19:05:02.962969,2.935,6.658,1.270,-0.392
2025-12-04T19:05:02.996456,2.935,6.658,1.270,-0.392
2025-12-04T19:05:03.028315,2.935,6.658,1.270,-0.392
2025-12-04T19:05:03.059415,2.935,6.658,1.270,-0.392
2025-12-04T19:05:03.091140,2.935,6.658,1.270,-0.392
2025-12-04T19:05:03.121004,2.935,6.658,1.270,-0.392
2025-12-04T19:05:03.153354,2.935,6.658,1.270,-0.392
2025-12-04T19:05:03.189421,2.935,6.658,1.270,-0.392
2025-12-04T19:05:03.222364,2.935,6.658,1.270,-0.392
2025-12-04T19:05:03.254896,2.935,6.658,1.270,-0.392
2025-12-04T19:05:03.287380,2.935,6.658,1.270,-0.392
2025-12-04T19:05:03.317491,2.935,6.658,1.270,-0.392
2025-12-04T19:05:03.351219,2.935,6.658,1.270,-0.392
2025-12-04T19:05:03.384048,2.935,6.658,1.270,-0.392
2025-12-04T19:05:03.418414,2.935,6.658,1.270,-0.392
2025-12-04T19:05:03.449348,2.935,6.658,1.270,-0.392
2025-12-04T19:05:03.486444,2.935,6.658,1.270,-0.392
2025-12-04T19:05:03.520314,2.935,6.658,1.270,-0.392
2025-12-04T19:05:03.564882,2.935,6.658,1.270,-0.392
2025-12-04T19:05:03.585683,2.935,6.658,1.270,-0.392
2025-12-04T19:05:03.621000,2.935,6.658,1.270,-0.392
2025-12-04T19:05:03.650137,2.935,6.658,1.270,-0.392
2025-12-04T19:05:03.677995,2.935,6.658,1.270,-0.392
2025-12-04T19:05:03.706773,2.935,6.658,1.270,-0.392
2025-12-04T19:05:03.740849,2.935,6.658,1.270,-0.392
2025-12-04T19:05:03.771094,2.935,6.658,1.270,-0.392
2025-12-04T19:05:03.805006,2.935,6.658,1.270,-0.392
2025-12-04T19:05:03.837715,2.935,6.658,1.270,-0.392
2025-12-04T19:05:03.872702,2.935,6.658,1.270,-0.392
2025-12-04T19:05:03.906021,2.935,6.658,1.270,-0.392
2025-12-04T19:05:03.941257,2.935,6.658,1.270,-0.392
2025-12-04T19:05:03.973654,2.935,6.658,1.270,-0.392
2025-12-04T19:05:04.002189,2.935,6.658,1.270,-0.392
2025-12-04T19:05:04.036459,2.935,6.658,1.270,-0.392
2025-12-04T19:05:04.071554,2.935,6.658,1.270,-0.392
2025-12-04T19:05:04.099766,2.935,6.658,1.270,-0.392
2025-12-04T19:05:04.134692,2.935,6.658,1.270,-0.392
2025-12-04T19:05:04.165863,2.935,6.658,1.270,-0.392
2025-12-04T19:05:04.197925,2.935,6.658,1.270,-0.392
2025-12-04T19:05:04.232309,2.935,6.658,1.270,-0.392
2025-12-04T19:05:04.265978,2.935,6.658,1.270,-0.392
2025-12-04T19:05:04.297231,2.935,6.658,1.270,-0.392
2025-12-04T19:05:04.329176,2.935,6.658,1.270,-0.392
2025-12-04T19:05:04.359313,2.935,6.658,1.270,-0.392
2025-12-04T19:05:04.389250,2.935,6.658,1.270,-0.392
2025-12-04T19:05:04.419326,2.935,6.658,1.270,-0.392
2025-12-04T19:05:04.453345,2.935,6.658,1.270,-0.392
2025-12-04T19:05:04.484969,2.935,6.658,1.270,-0.392
2025-12-04T19:05:04.518141,2.935,6.658,1.270,-0.392
2025-12-04T19:05:04.553322,2.935,6.658,1.270,-0.392
2025-12-04T19:05:04.588567,2.935,6.658,1.270,-0.392
2025-12-04T19:05:04.620394,2.935,6.658,1.270,-0.392
2025-12-04T19:05:04.653247,2.935,6.658,1.270,-0.392
2025-12-04T19:05:04.686007,2.935,6.658,1.270,-0.392
2025-12-04T19:05:04.717117,2.935,6.658,1.270,-0.392
2025-12-04T19:05:04.747074,2.935,6.658,1.270,-0.392
2025-12-04T19:05:04.781886,2.935,6.658,1.270,-0.392
2025-12-04T19:05:04.812743,2.935,6.658,1.270,-0.392
2025-12-04T19:05:04.844545,2.935,6.658,1.270,-0.392
2025-12-04T19:05:04.882438,2.935,6.658,1.270,-0.392
2025-12-04T19:05:04.913203,2.935,6.658,1.270,-0.392
2025-12-04T19:05:04.944868,2.935,6.658,1.270,-0.392
2025-12-04T19:05:04.977063,2.935,6.658,1.270,-0.392
2025-12-04T19:05:05.007552,2.935,6.658,1.270,-0.392
2025-12-04T19:05:05.040484,2.935,6.658,1.270,-0.392
2025-12-04T19:05:05.072951,2.935,6.658,1.270,-0.392
2025-12-04T19:05:05.103516,2.935,6.658,1.270,-0.392
2025-12-04T19:05:05.137469,2.935,6.658,1.270,-0.392
2025-12-04T19:05:05.173007,2.935,6.658,1.270,-0.392
2025-12-04T19:05:05.204266,2.935,6.658,1.270,-0.392
2025-12-04T19:05:05.236224,2.935,6.658,1.270,-0.392
2025-12-04T19:05:05.267237,2.935,6.658,1.270,-0.392
2025-12-04T19:05:05.299483,2.935,6.658,1.270,-0.392
2025-12-04T19:05:05.336332,2.935,6.658,1.270,-0.392
2025-12-04T19:05:05.370190,2.935,6.658,1.270,-0.392
2025-12-04T19:05:05.401196,2.935,6.658,1.270,-0.392
2025-12-04T19:05:05.430021,2.935,6.658,1.270,-0.392
2025-12-04T19:05:05.462988,2.935,6.658,1.270,-0.392
2025-12-04T19:05:05.495270,2.935,6.658,1.270,-0.392
2025-12-04T19:05:05.527122,2.935,6.658,1.270,-0.392
2025-12-04T19:05:05.561628,2.935,6.658,1.270,-0.392
2025-12-04T19:05:05.595517,2.935,6.658,1.270,-0.392
2025-12-04T19:05:05.632829,2.935,6.658,1.270,-0.392
2025-12-04T19:05:05.662992,2.935,6.658,1.270,-0.392
2025-12-04T19:05:05.697309,2.935,6.658,1.270,-0.392
2025-12-04T19:05:05.732332,2.935,6.658,1.270,-0.392
2025-12-04T19:05:05.759269,2.935,6.658,1.270,-0.392
2025-12-04T19:05:05.795393,2.935,6.658,1.270,-0.392
2025-12-04T19:05:05.827659,2.935,6.658,1.270,-0.392
2025-12-04T19:05:05.858731,2.935,6.658,1.270,-0.392
2025-12-04T19:05:05.889478,2.935,6.658,1.270,-0.392
2025-12-04T19:05:05.920258,2.935,6.658,1.270,-0.392
2025-12-04T19:05:05.953476,2.935,6.658,1.270,-0.392
2025-12-04T19:05:05.985032,2.935,6.658,1.270,-0.392
2025-12-04T19:05:06.017119,2.935,6.658,1.270,-0.392
2025-12-04T19:05:06.046931,2.935,6.658,1.270,-0.392
2025-12-04T19:05:06.080316,2.935,6.658,1.270,-0.392
2025-12-04T19:05:06.115463,2.935,6.658,1.270,-0.392
2025-12-04T19:05:06.154534,2.935,6.658,1.270,-0.392
2025-12-04T19:05:06.187771,2.935,6.658,1.270,-0.392
2025-12-04T19:05:06.222021,2.935,6.658,1.270,-0.392
2025-12-04T19:05:06.251578,2.935,6.658,1.270,-0.392
2025-12-04T19:05:06.287441,2.935,6.658,1.270,-0.392
2025-12-04T19:05:06.318951,2.935,6.658,1.270,-0.392
2025-12-04T19:05:06.348838,2.935,6.658,1.270,-0.392
2025-12-04T19:05:06.382254,2.935,6.658,1.270,-0.392
2025-12-04T19:05:06.414161,2.935,6.658,1.270,-0.392
2025-12-04T19:05:06.447660,2.935,6.658,1.270,-0.392
2025-12-04T19:05:06.483267,2.935,6.658,1.270,-0.392
2025-12-04T19:05:06.513482,2.935,6.658,1.270,-0.392
2025-12-04T19:05:06.545564,2.935,6.658,1.270,-0.392
2025-12-04T19:05:06.577062,2.935,6.658,1.270,-0.392
2025-12-04T19:05:06.607041,2.935,6.658,1.270,-0.392
2025-12-04T19:05:06.641173,2.935,6.658,1.270,-0.392
2025-12-04T19:05:06.671280,2.935,6.658,1.270,-0.392
2025-12-04T19:05:06.706186,2.935,6.658,1.270,-0.392
2025-12-04T19:05:06.739929,2.935,6.658,1.270,-0.392
2025-12-04T19:05:06.771542,2.935,6.658,1.270,-0.392
2025-12-04T19:05:06.805008,2.935,6.658,1.270,-0.392
2025-12-04T19:05:06.838929,2.935,6.658,1.270,-0.392
2025-12-04T19:05:06.871337,2.935,6.658,1.270,-0.392
2025-12-04T19:05:06.903907,2.935,6.658,1.270,-0.392
2025-12-04T19:05:06.937115,2.935,6.658,1.270,-0.392
2025-12-04T19:05:06.962099,2.935,6.658,1.270,-0.392
2025-12-04T19:05:06.994347,2.935,6.658,1.270,-0.392
2025-12-04T19:05:07.029865,2.935,6.658,1.270,-0.392
2025-12-04T19:05:07.059961,2.935,6.658,1.270,-0.392
2025-12-04T19:05:07.093130,2.935,6.658,1.270,-0.392
2025-12-04T19:05:07.124106,2.935,6.658,1.270,-0.392
2025-12-04T19:05:07.156984,2.935,6.658,1.270,-0.392
2025-12-04T19:05:07.196533,2.935,6.658,1.270,-0.392
2025-12-04T19:05:07.227875,2.935,6.658,1.270,-0.392
2025-12-04T19:05:07.257946,2.935,6.658,1.270,-0.392
2025-12-04T19:05:07.287286,2.935,6.658,1.270,-0.392
2025-12-04T19:05:07.317937,2.935,6.658,1.270,-0.392
2025-12-04T19:05:07.349328,2.935,6.658,1.270,-0.392
2025-12-04T19:05:07.382542,2.935,6.658,1.270,-0.392
2025-12-04T19:05:07.417844,2.935,6.658,1.270,-0.392
2025-12-04T19:05:07.452323,2.935,6.658,1.270,-0.392
2025-12-04T19:05:07.489159,2.935,6.658,1.270,-0.392
2025-12-04T19:05:07.518788,2.935,6.658,1.270,-0.392
2025-12-04T19:05:07.550319,2.935,6.658,1.270,-0.392
2025-12-04T19:05:07.582829,2.935,6.658,1.270,-0.392
2025-12-04T19:05:07.618113,2.935,6.658,1.270,-0.392
2025-12-04T19:05:07.644548,2.935,6.658,1.270,-0.392
2025-12-04T19:05:07.676192,2.935,6.658,1.270,-0.392
2025-12-04T19:05:07.709165,2.935,6.658,1.270,-0.392
2025-12-04T19:05:07.740136,2.935,6.658,1.270,-0.392
2025-12-04T19:05:07.773338,2.935,6.658,1.270,-0.392
2025-12-04T19:05:07.804474,2.935,6.658,1.270,-0.392
2025-12-04T19:05:07.838767,2.935,6.658,1.270,-0.392
2025-12-04T19:05:07.875536,2.935,6.658,1.270,-0.392
2025-12-04T19:05:07.907679,2.935,6.658,1.270,-0.392
2025-12-04T19:05:07.938855,2.935,6.658,1.270,-0.392
2025-12-04T19:05:07.967797,2.935,6.658,1.270,-0.392
2025-12-04T19:05:08.000285,2.935,6.658,1.270,-0.392
2025-12-04T19:05:08.032205,2.935,6.658,1.270,-0.392
2025-12-04T19:05:08.066821,2.935,6.658,1.270,-0.392
2025-12-04T19:05:08.101915,2.935,6.658,1.270,-0.392
2025-12-04T19:05:08.133109,2.935,6.658,1.270,-0.392
2025-12-04T19:05:08.165396,2.935,6.658,1.270,-0.392
2025-12-04T19:05:08.194780,2.935,6.658,1.270,-0.392
2025-12-04T19:05:08.231089,2.935,6.658,1.270,-0.392
2025-12-04T19:05:08.263333,2.935,6.658,1.270,-0.392
2025-12-04T19:05:08.295155,2.935,6.658,1.270,-0.392
2025-12-04T19:05:08.329239,2.935,6.658,1.270,-0.392
2025-12-04T19:05:08.361657,2.935,6.658,1.270,-0.392
2025-12-04T19:05:08.397856,2.935,6.658,1.270,-0.392
2025-12-04T19:05:08.426844,2.935,6.658,1.270,-0.392
2025-12-04T19:05:08.458090,2.935,6.658,1.270,-0.392
2025-12-04T19:05:08.489386,2.935,6.658,1.270,-0.392
2025-12-04T19:05:08.520281,2.935,6.658,1.270,-0.392
2025-12-04T19:05:08.553111,2.935,6.658,1.270,-0.392
2025-12-04T19:05:08.589397,2.935,6.658,1.270,-0.392
2025-12-04T19:05:08.619022,2.935,6.658,1.270,-0.392
2025-12-04T19:05:08.653410,2.935,6.658,1.270,-0.392
2025-12-04T19:05:08.685734,2.935,6.658,1.270,-0.392
2025-12-04T19:05:08.719567,2.935,6.658,1.270,-0.392
2025-12-04T19:05:08.750995,2.935,6.658,1.270,-0.392
2025-12-04T19:05:08.780139,2.935,6.658,1.270,-0.392
2025-12-04T19:05:08.814518,2.935,6.658,1.270,-0.392
2025-12-04T19:05:08.850549,2.935,6.658,1.270,-0.392
2025-12-04T19:05:08.884198,2.935,6.658,1.270,-0.392
2025-12-04T19:05:08.914770,2.935,6.658,1.270,-0.392
2025-12-04T19:05:08.945105,2.935,6.658,1.270,-0.392
2025-12-04T19:05:08.977064,2.935,6.658,1.270,-0.392
2025-12-04T19:05:09.010082,2.935,6.658,1.270,-0.392
2025-12-04T19:05:09.046150,2.935,6.658,1.270,-0.392
2025-12-04T19:05:09.077239,2.935,6.658,1.270,-0.392
2025-12-04T19:05:09.108413,2.935,6.658,1.270,-0.392
2025-12-04T19:05:09.141123,2.935,6.658,1.270,-0.392
2025-12-04T19:05:09.173077,2.935,6.658,1.270,-0.392
2025-12-04T19:05:09.200620,2.935,6.658,1.270,-0.392
2025-12-04T19:05:09.236571,2.935,6.658,1.270,-0.392
2025-12-04T19:05:09.268241,2.935,6.658,1.270,-0.392
2025-12-04T19:05:09.302848,2.935,6.658,1.270,-0.392
2025-12-04T19:05:09.341111,2.935,6.658,1.270,-0.392
2025-12-04T19:05:09.372758,2.935,6.658,1.270,-0.392
2025-12-04T19:05:09.406449,2.935,6.658,1.270,-0.392
2025-12-04T19:05:09.438342,2.935,6.658,1.270,-0.392
2025-12-04T19:05:09.465138,2.935,6.658,1.270,-0.392
2025-12-04T19:05:09.499438,2.935,6.658,1.270,-0.392
2025-12-04T19:05:09.527720,2.935,6.658,1.270,-0.392
2025-12-04T19:05:09.562570,2.935,6.658,1.270,-0.392
2025-12-04T19:05:09.597546,2.935,6.658,1.270,-0.392
2025-12-04T19:05:09.630041,2.935,6.658,1.270,-0.392
2025-12-04T19:05:09.663334,2.935,6.658,1.270,-0.392
2025-12-04T19:05:09.694965,2.935,6.658,1.270,-0.392
2025-12-04T19:05:09.728397,2.935,6.658,1.270,-0.392
2025-12-04T19:05:09.759139,2.935,6.658,1.270,-0.392
2025-12-04T19:05:09.786489,2.935,6.658,1.270,-0.392
2025-12-04T19:05:09.819294,2.935,6.658,1.270,-0.392
2025-12-04T19:05:09.851900,2.935,6.658,1.270,-0.392
2025-12-04T19:05:09.888337,2.935,6.658,1.270,-0.392
2025-12-04T19:05:09.915896,2.935,6.658,1.270,-0.392
2025-12-04T19:05:09.947562,2.935,6.658,1.270,-0.392
2025-12-04T19:05:09.982032,2.935,6.658,1.270,-0.392
2025-12-04T19:05:10.015628,2.935,6.658,1.270,-0.392
2025-12-04T19:05:10.046236,2.935,6.658,1.270,-0.392
2025-12-04T19:05:10.078550,2.935,6.658,1.270,-0.392
2025-12-04T19:05:10.110448,2.935,6.658,1.270,-0.392
2025-12-04T19:05:10.147804,2.935,6.658,1.270,-0.392
2025-12-04T19:05:10.177562,2.935,6.658,1.270,-0.392
2025-12-04T19:05:10.208467,2.935,6.658,1.270,-0.392
2025-12-04T19:05:10.237928,2.935,6.658,1.270,-0.392
2025-12-04T19:05:10.270582,2.935,6.658,1.270,-0.392
2025-12-04T19:05:10.304502,2.935,6.658,1.270,-0.392
2025-12-04T19:05:10.336520,2.935,6.658,1.270,-0.392
2025-12-04T19:05:10.369214,2.935,6.658,1.270,-0.392
2025-12-04T19:05:10.405350,2.935,6.658,1.270,-0.392
2025-12-04T19:05:10.439765,2.935,6.658,1.270,-0.392
2025-12-04T19:05:10.476400,2.935,6.658,1.270,-0.392
2025-12-04T19:05:10.511931,2.935,6.658,1.270,-0.392
2025-12-04T19:05:10.537638,2.935,6.658,1.270,-0.392
2025-12-04T19:05:10.566942,2.935,6.658,1.270,-0.392
2025-12-04T19:05:10.599180,2.935,6.658,1.270,-0.392
2025-12-04T19:05:10.633718,2.935,6.658,1.270,-0.392
2025-12-04T19:05:10.666119,2.935,6.658,1.270,-0.392
2025-12-04T19:05:10.699776,2.935,6.658,1.270,-0.392
2025-12-04T19:05:10.734818,2.935,6.658,1.270,-0.392
2025-12-04T19:05:10.768138,2.935,6.658,1.270,-0.392
2025-12-04T19:05:10.799535,2.935,6.658,1.270,-0.392
2025-12-04T19:05:10.831495,2.935,6.658,1.270,-0.392
2025-12-04T19:05:10.859722,2.935,6.658,1.270,-0.392
2025-12-04T19:05:10.890404,2.935,6.658,1.270,-0.392
2025-12-04T19:05:10.927103,2.935,6.658,1.270,-0.392
2025-12-04T19:05:10.961355,2.935,6.658,1.270,-0.392
2025-12-04T19:05:10.995052,2.935,6.658,1.270,-0.392
2025-12-04T19:05:11.027207,2.935,6.658,1.270,-0.392
2025-12-04T19:05:11.054623,2.935,6.658,1.270,-0.392
2025-12-04T19:05:11.089579,2.935,6.658,1.270,-0.392
2025-12-04T19:05:11.121237,2.935,6.658,1.270,-0.392
2025-12-04T19:05:11.154751,2.935,6.658,1.270,-0.392
2025-12-04T19:05:11.189145,2.935,6.658,1.270,-0.392
2025-12-04T19:05:11.220133,2.935,6.658,1.270,-0.392
2025-12-04T19:05:11.250958,2.935,6.658,1.270,-0.392
2025-12-04T19:05:11.280463,2.935,6.658,1.270,-0.392
2025-12-04T19:05:11.310229,2.935,6.658,1.270,-0.392
2025-12-04T19:05:11.341088,2.935,6.658,1.270,-0.392
2025-12-04T19:05:11.373067,2.935,6.658,1.270,-0.392
2025-12-04T19:05:11.405049,2.935,6.658,1.270,-0.392
2025-12-04T19:05:11.438810,2.935,6.658,1.270,-0.392
2025-12-04T19:05:11.475059,2.935,6.658,1.270,-0.392
2025-12-04T19:05:11.508838,2.935,6.658,1.270,-0.392
2025-12-04T19:05:11.537078,2.935,6.658,1.270,-0.392
2025-12-04T19:05:11.568137,2.935,6.658,1.270,-0.392
2025-12-04T19:05:11.601973,2.935,6.658,1.270,-0.392
2025-12-04T19:05:11.634106,2.935,6.658,1.270,-0.392
2025-12-04T19:05:11.667993,2.935,6.658,1.270,-0.392
2025-12-04T19:05:11.698472,2.935,6.658,1.270,-0.392
2025-12-04T19:05:11.734002,2.935,6.658,1.270,-0.392
2025-12-04T19:05:11.772572,2.935,6.658,1.270,-0.392
2025-12-04T19:05:11.800568,2.935,6.658,1.270,-0.392
2025-12-04T19:05:11.829473,2.935,6.658,1.270,-0.392
2025-12-04T19:05:11.861991,2.935,6.658,1.270,-0.392
2025-12-04T19:05:11.896141,2.935,6.658,1.270,-0.392
2025-12-04T19:05:11.927272,2.935,6.658,1.270,-0.392
2025-12-04T19:05:11.959011,2.935,6.658,1.270,-0.392
2025-12-04T19:05:11.995487,2.935,6.658,1.270,-0.392
2025-12-04T19:05:12.027402,2.935,6.658,1.270,-0.392
2025-12-04T19:05:12.058174,2.935,6.658,1.270,-0.392
2025-12-04T19:05:12.090760,2.935,6.658,1.270,-0.392
2025-12-04T19:05:12.124067,2.935,6.658,1.270,-0.392
2025-12-04T19:05:12.153571,2.935,6.658,1.270,-0.392
2025-12-04T19:05:12.187737,2.935,6.658,1.270,-0.392
2025-12-04T19:05:12.221398,2.935,6.658,1.270,-0.392
2025-12-04T19:05:12.253397,2.935,6.658,1.270,-0.392
2025-12-04T19:05:12.291812,2.935,6.658,1.270,-0.392
2025-12-04T19:05:12.316948,2.935,6.658,1.270,-0.392
2025-12-04T19:05:12.349461,2.935,6.658,1.270,-0.392
2025-12-04T19:05:12.382638,2.935,6.658,1.270,-0.392
2025-12-04T19:05:12.409472,2.935,6.658,1.270,-0.392
2025-12-04T19:05:12.445222,2.935,6.658,1.270,-0.392
2025-12-04T19:05:12.477266,2.935,6.658,1.270,-0.392
2025-12-04T19:05:12.509529,2.935,6.658,1.270,-0.392
2025-12-04T19:05:12.545309,2.935,6.658,1.270,-0.392
2025-12-04T19:05:12.577255,2.935,6.658,1.270,-0.392
2025-12-04T19:05:12.608993,2.935,6.658,1.270,-0.392
2025-12-04T19:05:12.641919,2.935,6.658,1.270,-0.392
2025-12-04T19:05:12.674149,2.935,6.658,1.270,-0.392
2025-12-04T19:05:12.707567,2.935,6.658,1.270,-0.392
2025-12-04T19:05:12.743031,2.935,6.658,1.270,-0.392
2025-12-04T19:05:12.774245,2.935,6.658,1.270,-0.392
2025-12-04T19:05:12.802978,2.935,6.658,1.270,-0.392
2025-12-04T19:05:12.833471,2.935,6.658,1.270,-0.392
2025-12-04T19:05:12.865398,2.935,6.658,1.270,-0.392
2025-12-04T19:05:12.901450,2.935,6.658,1.270,-0.392
2025-12-04T19:05:12.935442,2.935,6.658,1.270,-0.392
2025-12-04T19:05:12.967129,2.935,6.658,1.270,-0.392
2025-12-04T19:05:12.999631,2.935,6.658,1.270,-0.392
2025-12-04T19:05:13.033872,2.935,6.658,1.270,-0.392
2025-12-04T19:05:13.061387,2.935,6.658,1.270,-0.392
2025-12-04T19:05:13.097593,2.935,6.658,1.270,-0.392
2025-12-04T19:05:13.130890,2.935,6.658,1.270,-0.392
2025-12-04T19:05:13.162106,2.935,6.658,1.270,-0.392
2025-12-04T19:05:13.194293,2.935,6.658,1.270,-0.392
2025-12-04T19:05:13.224039,2.935,6.658,1.270,-0.392
2025-12-04T19:05:13.254002,2.935,6.658,1.270,-0.392
2025-12-04T19:05:13.287461,2.935,6.658,1.270,-0.392
2025-12-04T19:05:13.317312,2.935,6.658,1.270,-0.392
2025-12-04T19:05:13.348599,2.935,6.658,1.270,-0.392
2025-12-04T19:05:13.381748,2.935,6.658,1.270,-0.392
2025-12-04T19:05:13.412257,2.935,6.658,1.270,-0.392
2025-12-04T19:05:13.441244,2.935,6.658,1.270,-0.392
2025-12-04T19:05:13.476306,2.935,6.658,1.270,-0.392
2025-12-04T19:05:13.509692,2.935,6.658,1.270,-0.392
2025-12-04T19:05:13.545706,2.935,6.658,1.270,-0.392
2025-12-04T19:05:13.580770,2.935,6.658,1.270,-0.392
2025-12-04T19:05:13.614571,2.935,6.658,1.270,-0.392
2025-12-04T19:05:13.647548,2.935,6.658,1.270,-0.392
2025-12-04T19:05:13.679131,2.935,6.658,1.270,-0.392
