timestamp,x,y,z,orientation_z
2025-12-05T03:24:41.042441,-1.500,-3.000,1.270,0.000
2025-12-05T03:24:41.064938,-1.500,-3.000,1.270,0.000
2025-12-05T03:24:41.080175,-1.500,-3.000,1.270,0.000
2025-12-05T03:24:41.095971,-1.500,-3.000,1.270,0.000
2025-12-05T03:24:41.110950,-1.500,-3.000,1.270,0.000
2025-12-05T03:24:41.127274,-1.500,-3.000,1.270,0.000
2025-12-05T03:24:41.139193,-1.500,-3.000,1.270,0.000
2025-12-05T03:24:41.152238,-1.500,-3.000,1.270,0.000
2025-12-05T03:24:41.164932,-1.500,-3.000,1.270,0.000
2025-12-05T03:24:41.177427,-1.500,-3.000,1.270,0.000
2025-12-05T03:24:41.193463,-1.500,-3.000,1.270,0.000
2025-12-05T03:24:41.204133,-1.500,-3.000,1.270,0.000
2025-12-05T03:24:41.217074,-1.500,-3.000,1.270,0.000
2025-12-05T03:24:41.232046,-1.500,-3.000,1.270,0.000
2025-12-05T03:24:41.247188,-1.500,-3.000,1.270,0.000
2025-12-05T03:24:41.261644,-1.500,-3.000,1.270,0.000
2025-12-05T03:24:41.278360,-1.500,-3.000,1.270,0.000
2025-12-05T03:24:41.295413,-1.500,-3.000,1.270,0.000
2025-12-05T03:24:41.312659,-1.500,-3.000,1.270,0.000
2025-12-05T03:24:41.329867,-1.500,-3.000,1.270,0.000
2025-12-05T03:24:41.350705,-1.500,-3.000,1.270,0.000
2025-12-05T03:24:41.376011,-1.500,-3.000,1.270,0.000
2025-12-05T03:24:41.385064,-1.500,-3.000,1.270,0.000
2025-12-05T03:24:41.406341,-1.500,-3.000,1.270,0.000
2025-12-05T03:24:41.420306,-1.500,-3.000,1.270,0.000
2025-12-05T03:24:41.435186,-1.500,-3.000,1.270,0.000
2025-12-05T03:24:41.450106,-1.500,-3.000,1.270,0.000
2025-12-05T03:24:41.466846,-1.500,-3.000,1.270,0.000
2025-12-05T03:24:41.481471,-1.500,-3.000,1.270,0.000
2025-12-05T03:24:41.498412,-1.500,-3.000,1.270,0.000
2025-12-05T03:24:41.511603,-1.500,-3.000,1.270,0.000
2025-12-05T03:24:41.533282,-1.500,-3.000,1.270,0.000
2025-12-05T03:24:41.549704,-1.500,-3.000,1.270,0.000
2025-12-05T03:24:41.570916,-1.500,-3.000,1.270,0.000
2025-12-05T03:24:41.583276,-1.500,-3.000,1.270,0.000
2025-12-05T03:24:41.600150,-1.500,-3.000,1.270,0.000
2025-12-05T03:24:41.614259,-1.500,-3.000,1.270,0.000
2025-12-05T03:24:41.631320,-1.500,-3.000,1.270,0.000
2025-12-05T03:24:41.643230,-1.500,-3.000,1.270,0.000
2025-12-05T03:24:41.656928,-1.500,-3.000,1.270,0.000
2025-12-05T03:24:41.681411,-1.500,-3.000,1.270,0.000
2025-12-05T03:24:41.690206,-1.500,-3.000,1.270,0.000
2025-12-05T03:24:41.706250,-1.500,-3.000,1.270,0.000
2025-12-05T03:24:41.723261,-1.500,-3.000,1.270,0.000
2025-12-05T03:24:41.740758,-1.500,-3.000,1.270,0.000
2025-12-05T03:24:41.757204,-1.500,-3.000,1.270,0.000
2025-12-05T03:24:41.773349,-1.500,-3.000,1.270,0.000
2025-12-05T03:24:41.791553,-1.500,-3.000,1.270,0.000
2025-12-05T03:24:41.810440,-1.500,-3.000,1.270,0.000
2025-12-05T03:24:41.826439,-1.500,-3.000,1.270,0.000
2025-12-05T03:24:41.841001,-1.500,-3.000,1.270,0.000
2025-12-05T03:24:41.864610,-1.500,-3.000,1.270,0.000
2025-12-05T03:24:41.874873,-1.500,-3.000,1.270,0.000
2025-12-05T03:24:41.889924,-1.500,-3.000,1.270,0.000
2025-12-05T03:24:41.906465,-1.500,-3.000,1.270,0.000
2025-12-05T03:24:41.919961,-1.500,-3.000,1.270,0.000
2025-12-05T03:24:41.934940,-1.500,-3.000,1.270,0.000
2025-12-05T03:24:41.949411,-1.500,-3.000,1.270,0.000
2025-12-05T03:24:41.965328,-1.500,-3.000,1.270,0.000
2025-12-05T03:24:41.983344,-1.500,-3.000,1.270,0.000
2025-12-05T03:24:42.001493,-1.500,-3.000,1.270,0.000
2025-12-05T03:24:42.016981,-1.500,-3.000,1.270,0.000
2025-12-05T03:24:42.036082,-1.500,-3.000,1.270,0.000
2025-12-05T03:24:42.053050,-1.500,-3.000,1.270,0.000
2025-12-05T03:24:42.068724,-1.500,-3.000,1.270,0.000
2025-12-05T03:24:42.084202,-1.500,-3.000,1.270,0.000
2025-12-05T03:24:42.100703,-1.500,-3.000,1.270,0.000
2025-12-05T03:24:42.117973,-1.500,-3.000,1.270,0.000
2025-12-05T03:24:42.159804,-1.500,-3.000,1.270,0.000
2025-12-05T03:24:42.174781,-1.500,-3.000,1.270,0.000
2025-12-05T03:24:42.190239,-1.500,-3.000,1.270,0.000
2025-12-05T03:24:42.204917,-1.500,-3.000,1.270,0.000
2025-12-05T03:24:42.219184,-1.500,-3.000,1.270,0.000
2025-12-05T03:24:42.232221,-1.500,-3.000,1.270,0.000
2025-12-05T03:24:42.246113,-1.500,-3.000,1.270,0.000
2025-12-05T03:24:42.258799,-1.500,-3.000,1.270,0.000
2025-12-05T03:24:42.270794,-1.500,-3.000,1.270,0.000
2025-12-05T03:24:42.284156,-1.500,-3.000,1.270,0.000
2025-12-05T03:24:42.298193,-1.500,-3.000,1.270,0.000
2025-12-05T03:24:42.312060,-1.500,-3.000,1.270,0.000
2025-12-05T03:24:42.326356,-1.500,-3.000,1.270,0.000
2025-12-05T03:24:42.341094,-1.500,-3.000,1.270,0.000
2025-12-05T03:24:42.359012,-1.500,-3.000,1.270,0.000
2025-12-05T03:24:42.373024,-1.500,-3.000,1.270,0.000
2025-12-05T03:24:42.387981,-1.500,-3.000,1.270,0.000
2025-12-05T03:24:42.405352,-1.500,-3.000,1.270,0.000
2025-12-05T03:24:42.423676,-1.500,-3.000,1.270,0.000
2025-12-05T03:24:42.441773,-1.500,-3.000,1.270,0.000
2025-12-05T03:24:42.458592,-1.500,-3.000,1.270,0.000
2025-12-05T03:24:42.476779,-1.500,-3.000,1.270,0.000
2025-12-05T03:24:42.494580,-1.500,-3.000,1.270,0.000
2025-12-05T03:24:42.513671,-1.500,-3.000,1.270,0.000
2025-12-05T03:24:42.529054,-1.500,-3.000,1.270,0.000
2025-12-05T03:24:42.546437,-1.500,-3.000,1.270,0.000
2025-12-05T03:24:42.559904,-1.500,-3.000,1.270,0.000
2025-12-05T03:24:42.578872,-1.500,-3.000,1.270,0.000
2025-12-05T03:24:42.603951,-1.500,-3.000,1.270,0.000
2025-12-05T03:24:42.610430,-1.500,-3.000,1.270,0.000
2025-12-05T03:24:42.624554,-1.500,-3.000,1.270,0.000
2025-12-05T03:24:42.638482,-1.500,-3.000,1.270,0.000
2025-12-05T03:24:42.652844,-1.500,-3.000,1.270,0.000
2025-12-05T03:24:42.669079,-1.500,-3.000,1.270,0.000
2025-12-05T03:24:42.684335,-1.500,-3.000,1.270,0.000
2025-12-05T03:24:42.702402,-1.500,-3.000,1.270,0.000
2025-12-05T03:24:42.717768,-1.500,-3.000,1.270,0.000
2025-12-05T03:24:42.735136,-1.500,-3.000,1.270,0.000
2025-12-05T03:24:42.752793,-1.500,-3.000,1.270,0.000
2025-12-05T03:24:42.769149,-1.500,-3.000,1.270,0.000
2025-12-05T03:24:42.787719,-1.500,-3.000,1.270,0.000
2025-12-05T03:24:42.805298,-1.500,-3.000,1.270,0.000
2025-12-05T03:24:42.823401,-1.500,-3.000,1.270,0.000
2025-12-05T03:24:42.841711,-1.500,-3.000,1.270,0.000
2025-12-05T03:24:42.857103,-1.500,-3.000,1.270,0.000
2025-12-05T03:24:42.873916,-1.500,-3.000,1.270,0.000
2025-12-05T03:24:42.889054,-1.500,-3.000,1.270,0.000
2025-12-05T03:24:42.906960,-1.500,-3.000,1.270,0.000
2025-12-05T03:24:42.921019,-1.500,-3.000,1.270,0.000
2025-12-05T03:24:42.934183,-1.500,-3.000,1.270,0.000
2025-12-05T03:24:42.950672,-1.500,-3.000,1.270,0.000
2025-12-05T03:24:42.967104,-1.500,-3.000,1.270,0.000
2025-12-05T03:24:42.982839,-1.500,-3.000,1.270,0.000
2025-12-05T03:24:42.999113,-1.500,-3.000,1.270,0.000
2025-12-05T03:24:43.014953,-1.500,-3.000,1.270,0.000
2025-12-05T03:24:43.033094,-1.500,-3.000,1.270,0.000
2025-12-05T03:24:43.051465,-1.500,-3.000,1.270,0.000
2025-12-05T03:24:43.076382,-1.500,-3.000,1.270,0.000
2025-12-05T03:24:43.165530,-1.500,-3.000,1.270,0.000
2025-12-05T03:24:43.180611,-1.500,-3.000,1.270,0.000
2025-12-05T03:24:43.196952,-1.500,-3.000,1.270,0.000
2025-12-05T03:24:43.212368,-1.500,-3.000,1.270,0.000
2025-12-05T03:24:43.227532,-1.500,-3.000,1.270,0.000
2025-12-05T03:24:43.243469,-1.500,-3.000,1.270,0.000
2025-12-05T03:24:43.258585,-1.500,-3.000,1.270,0.000
2025-12-05T03:24:43.273361,-1.500,-3.000,1.270,0.000
2025-12-05T03:24:43.286692,-1.500,-3.000,1.270,0.000
2025-12-05T03:24:43.300542,-1.500,-3.000,1.270,0.000
2025-12-05T03:24:43.313590,-1.500,-3.000,1.270,0.000
2025-12-05T03:24:43.328539,-1.500,-3.000,1.270,0.000
2025-12-05T03:24:43.343923,-1.500,-3.000,1.270,0.000
2025-12-05T03:24:43.359319,-1.500,-3.000,1.270,0.000
2025-12-05T03:24:43.375215,-1.500,-3.000,1.270,0.000
2025-12-05T03:24:43.390969,-1.500,-3.000,1.270,0.000
2025-12-05T03:24:43.417400,-1.500,-3.000,1.270,0.000
2025-12-05T03:24:43.435440,-1.500,-3.000,1.270,0.000
2025-12-05T03:24:43.445889,-1.500,-3.000,1.270,0.000
2025-12-05T03:24:43.462569,-1.500,-3.000,1.270,0.000
2025-12-05T03:24:43.480968,-1.500,-3.000,1.270,0.000
2025-12-05T03:24:43.496350,-1.500,-3.000,1.270,0.000
2025-12-05T03:24:43.513268,-1.500,-3.000,1.270,0.000
2025-12-05T03:24:43.528866,-1.500,-3.000,1.270,0.000
2025-12-05T03:24:43.543835,-1.500,-3.000,1.270,0.000
2025-12-05T03:24:43.558817,-1.500,-3.000,1.270,0.000
2025-12-05T03:24:43.576265,-1.500,-3.000,1.270,0.000
2025-12-05T03:24:43.592541,-1.500,-3.000,1.270,0.000
2025-12-05T03:24:43.608884,-1.500,-3.000,1.270,0.000
2025-12-05T03:24:43.626668,-1.500,-3.000,1.270,0.000
2025-12-05T03:24:43.641283,-1.500,-3.000,1.270,0.000
2025-12-05T03:24:43.657641,-1.500,-3.000,1.270,0.000
2025-12-05T03:24:43.674602,-1.500,-3.000,1.270,0.000
2025-12-05T03:24:43.695460,-1.500,-3.000,1.270,0.000
2025-12-05T03:24:43.711753,-1.500,-3.000,1.270,0.000
2025-12-05T03:24:43.730061,-1.500,-3.000,1.270,0.000
2025-12-05T03:24:43.748309,-1.500,-3.000,1.270,0.000
2025-12-05T03:24:43.762481,-1.500,-3.000,1.270,0.000
2025-12-05T03:24:43.780041,-1.500,-3.000,1.270,0.000
2025-12-05T03:24:43.795908,-1.500,-3.000,1.270,0.000
2025-12-05T03:24:43.811977,-1.500,-3.000,1.270,0.000
2025-12-05T03:24:43.825477,-1.500,-3.000,1.270,0.000
2025-12-05T03:24:43.840265,-1.500,-3.000,1.270,0.000
2025-12-05T03:24:43.856357,-1.500,-3.000,1.270,0.000
2025-12-05T03:24:43.869409,-1.500,-3.000,1.270,0.000
2025-12-05T03:24:43.884716,-1.500,-3.000,1.270,0.000
2025-12-05T03:24:43.900662,-1.500,-3.000,1.270,0.000
2025-12-05T03:24:43.917517,-1.500,-3.000,1.270,0.000
2025-12-05T03:24:43.934753,-1.500,-3.000,1.270,0.000
2025-12-05T03:24:43.952416,-1.500,-3.000,1.270,0.000
2025-12-05T03:24:43.971162,-1.500,-3.000,1.270,0.000
2025-12-05T03:24:43.990325,-1.500,-3.000,1.270,0.000
2025-12-05T03:24:44.008538,-1.500,-3.000,1.270,0.000
2025-12-05T03:24:44.033016,-1.500,-3.000,1.270,0.000
2025-12-05T03:24:44.065646,-1.500,-3.000,1.270,0.000
2025-12-05T03:24:44.081078,-1.500,-3.000,1.270,0.000
2025-12-05T03:24:44.098005,-1.500,-3.000,1.270,0.000
2025-12-05T03:24:44.113528,-1.500,-3.000,1.270,0.000
2025-12-05T03:24:44.128455,-1.500,-3.000,1.270,0.000
2025-12-05T03:24:44.143119,-1.500,-3.000,1.270,0.000
2025-12-05T03:24:44.157043,-1.500,-3.000,1.270,0.000
2025-12-05T03:24:44.171294,-1.500,-3.000,1.270,0.000
2025-12-05T03:24:44.185268,-1.500,-3.000,1.270,0.000
2025-12-05T03:24:44.200697,-1.500,-3.000,1.270,0.000
2025-12-05T03:24:44.212347,-1.500,-3.000,1.270,0.000
2025-12-05T03:24:44.227263,-1.500,-3.000,1.270,0.000
2025-12-05T03:24:44.242588,-1.500,-3.000,1.270,0.000
2025-12-05T03:24:44.259328,-1.500,-3.000,1.270,0.000
2025-12-05T03:24:44.275803,-1.500,-3.000,1.270,0.000
2025-12-05T03:24:44.292622,-1.500,-3.000,1.270,0.000
2025-12-05T03:24:44.309762,-1.500,-3.000,1.270,0.000
2025-12-05T03:24:44.328472,-1.500,-3.000,1.270,0.000
2025-12-05T03:24:44.346085,-1.500,-3.000,1.270,0.000
2025-12-05T03:24:44.364529,-1.500,-3.000,1.270,0.000
2025-12-05T03:24:44.381331,-1.500,-3.000,1.270,0.000
2025-12-05T03:24:44.398381,-1.500,-3.000,1.270,0.000
2025-12-05T03:24:44.415499,-1.500,-3.000,1.270,0.000
2025-12-05T03:24:44.433447,-1.500,-3.000,1.270,0.000
2025-12-05T03:24:44.452987,-1.500,-3.000,1.270,0.000
2025-12-05T03:24:44.466509,-1.500,-3.000,1.270,0.000
2025-12-05T03:24:44.480939,-1.500,-3.000,1.270,0.000
2025-12-05T03:24:44.495040,-1.500,-3.000,1.270,0.000
2025-12-05T03:24:44.507983,-1.500,-3.000,1.270,0.000
2025-12-05T03:24:44.523584,-1.500,-3.000,1.270,0.000
2025-12-05T03:24:44.540339,-1.500,-3.000,1.270,0.000
2025-12-05T03:24:44.554820,-1.500,-3.000,1.270,0.000
2025-12-05T03:24:44.571494,-1.500,-3.000,1.270,0.000
2025-12-05T03:24:44.588468,-1.500,-3.000,1.270,0.000
2025-12-05T03:24:44.607657,-1.500,-3.000,1.270,0.000
2025-12-05T03:24:44.624557,-1.500,-3.000,1.270,0.000
2025-12-05T03:24:44.641849,-1.500,-3.000,1.270,0.000
2025-12-05T03:24:44.660303,-1.500,-3.000,1.270,0.000
2025-12-05T03:24:44.674791,-1.500,-3.000,1.270,0.000
2025-12-05T03:24:44.689492,-1.500,-3.000,1.270,0.000
2025-12-05T03:24:44.706084,-1.500,-3.000,1.270,0.000
2025-12-05T03:24:44.721362,-1.500,-3.000,1.270,0.000
2025-12-05T03:24:44.736652,-1.500,-3.000,1.270,0.000
2025-12-05T03:24:44.757304,-1.500,-3.000,1.270,0.000
2025-12-05T03:24:44.769563,-1.500,-3.000,1.270,0.000
2025-12-05T03:24:44.784208,-1.500,-3.000,1.270,0.000
2025-12-05T03:24:44.798464,-1.500,-3.000,1.270,0.000
2025-12-05T03:24:44.814234,-1.500,-3.000,1.270,0.000
2025-12-05T03:24:44.829309,-1.500,-3.000,1.270,0.000
2025-12-05T03:24:44.846425,-1.500,-3.000,1.270,0.000
2025-12-05T03:24:44.863035,-1.500,-3.000,1.270,0.000
2025-12-05T03:24:44.880799,-1.500,-3.000,1.270,0.000
2025-12-05T03:24:44.897775,-1.500,-3.000,1.270,0.000
2025-12-05T03:24:44.915487,-1.500,-3.000,1.270,0.000
2025-12-05T03:24:44.934702,-1.500,-3.000,1.270,0.000
2025-12-05T03:24:44.953414,-1.500,-3.000,1.270,0.000
2025-12-05T03:24:44.970902,-1.500,-3.000,1.270,0.000
2025-12-05T03:24:44.990270,-1.500,-3.000,1.270,0.000
2025-12-05T03:24:45.007298,-1.500,-3.000,1.270,0.000
2025-12-05T03:24:45.023375,-1.500,-3.000,1.270,0.000
2025-12-05T03:24:45.038788,-1.500,-3.000,1.270,0.000
2025-12-05T03:24:45.061762,-1.500,-3.000,1.270,0.000
2025-12-05T03:24:45.075419,-1.500,-3.000,1.270,0.000
2025-12-05T03:24:45.090899,-1.500,-3.000,1.270,0.000
2025-12-05T03:24:45.105001,-1.500,-3.000,1.270,0.000
2025-12-05T03:24:45.116528,-1.500,-3.000,1.270,0.000
2025-12-05T03:24:45.132882,-1.500,-3.000,1.270,0.000
2025-12-05T03:24:45.147800,-1.500,-3.000,1.270,0.000
2025-12-05T03:24:45.164204,-1.500,-3.000,1.270,0.000
2025-12-05T03:24:45.179189,-1.500,-3.000,1.270,0.000
2025-12-05T03:24:45.195799,-1.500,-3.000,1.270,0.000
2025-12-05T03:24:45.215643,-1.500,-3.000,1.270,0.000
2025-12-05T03:24:45.235124,-1.500,-3.000,1.270,0.000
2025-12-05T03:24:45.251550,-1.500,-3.000,1.270,0.000
2025-12-05T03:24:45.266114,-1.500,-3.000,1.270,0.000
2025-12-05T03:24:45.282440,-1.500,-3.000,1.270,0.000
2025-12-05T03:24:45.299513,-1.500,-3.000,1.270,0.000
2025-12-05T03:24:45.315356,-1.500,-3.000,1.270,0.000
2025-12-05T03:24:45.331336,-1.500,-3.000,1.270,0.000
2025-12-05T03:24:45.347134,-1.500,-3.000,1.270,0.000
2025-12-05T03:24:45.361807,-1.500,-3.000,1.270,0.000
2025-12-05T03:24:45.377398,-1.500,-3.000,1.270,0.000
2025-12-05T03:24:45.394054,-1.500,-3.000,1.270,0.000
2025-12-05T03:24:45.410378,-1.500,-3.000,1.270,0.000
2025-12-05T03:24:45.428365,-1.500,-3.000,1.270,0.000
2025-12-05T03:24:45.445117,-1.500,-3.000,1.270,0.000
2025-12-05T03:24:45.463093,-1.500,-3.000,1.270,0.000
2025-12-05T03:24:45.481461,-1.500,-3.000,1.270,0.000
2025-12-05T03:24:45.499035,-1.500,-3.000,1.270,0.000
2025-12-05T03:24:45.516970,-1.500,-3.000,1.270,0.000
2025-12-05T03:24:45.535016,-1.500,-3.000,1.270,0.000
2025-12-05T03:24:45.550895,-1.500,-3.000,1.270,0.000
2025-12-05T03:24:45.566442,-1.500,-3.000,1.270,0.000
2025-12-05T03:24:45.581178,-1.500,-3.000,1.270,0.000
2025-12-05T03:24:45.596368,-1.500,-3.000,1.270,0.000
2025-12-05T03:24:45.611179,-1.500,-3.000,1.270,0.000
2025-12-05T03:24:45.625637,-1.500,-3.000,1.270,0.000
2025-12-05T03:24:45.640124,-1.500,-3.000,1.270,0.000
2025-12-05T03:24:45.656904,-1.500,-3.000,1.270,0.000
2025-12-05T03:24:45.673292,-1.500,-3.000,1.270,0.000
2025-12-05T03:24:45.690337,-1.500,-3.000,1.270,0.000
2025-12-05T03:24:45.706847,-1.500,-3.000,1.270,0.000
2025-12-05T03:24:45.724612,-1.500,-3.000,1.270,0.000
2025-12-05T03:24:45.744636,-1.500,-3.000,1.270,0.000
2025-12-05T03:24:45.762297,-1.500,-3.000,1.270,0.000
2025-12-05T03:24:45.780160,-1.500,-3.000,1.270,0.000
2025-12-05T03:24:45.797082,-1.500,-3.000,1.270,0.000
2025-12-05T03:24:45.814010,-1.500,-3.000,1.270,0.000
2025-12-05T03:24:45.834184,-1.500,-3.000,1.270,0.000
2025-12-05T03:24:45.847604,-1.500,-3.000,1.270,0.000
2025-12-05T03:24:45.861475,-1.500,-3.000,1.270,0.000
2025-12-05T03:24:45.876043,-1.500,-3.000,1.270,0.000
2025-12-05T03:24:45.893108,-1.500,-3.000,1.270,0.000
2025-12-05T03:24:45.906241,-1.500,-3.000,1.270,0.000
2025-12-05T03:24:45.922467,-1.500,-3.000,1.270,0.000
2025-12-05T03:24:45.939090,-1.500,-3.000,1.270,0.000
2025-12-05T03:24:45.956057,-1.500,-3.000,1.270,0.000
2025-12-05T03:24:45.973627,-1.500,-3.000,1.270,0.000
2025-12-05T03:24:45.996158,-1.500,-3.000,1.270,0.000
2025-12-05T03:24:46.014415,-1.500,-3.000,1.270,0.000
2025-12-05T03:24:46.031966,-1.500,-3.000,1.270,0.000
2025-12-05T03:24:46.047405,-1.500,-3.000,1.270,0.000
2025-12-05T03:24:46.064570,-1.500,-3.000,1.270,0.000
2025-12-05T03:24:46.080035,-1.500,-3.000,1.270,0.000
2025-12-05T03:24:46.094301,-1.500,-3.000,1.270,0.000
2025-12-05T03:24:46.109281,-1.500,-3.000,1.270,0.000
2025-12-05T03:24:46.124117,-1.500,-3.000,1.270,0.000
2025-12-05T03:24:46.143945,-1.500,-3.000,1.270,0.000
2025-12-05T03:24:46.166814,-1.500,-3.000,1.270,0.000
2025-12-05T03:24:46.180324,-1.500,-3.000,1.270,0.000
2025-12-05T03:24:46.195583,-1.500,-3.000,1.270,0.000
2025-12-05T03:24:46.209958,-1.500,-3.000,1.270,0.000
2025-12-05T03:24:46.224323,-1.500,-3.000,1.270,0.000
2025-12-05T03:24:46.239220,-1.500,-3.000,1.270,0.000
2025-12-05T03:24:46.254454,-1.500,-3.000,1.270,0.000
2025-12-05T03:24:46.270113,-1.500,-3.000,1.270,0.000
2025-12-05T03:24:46.286486,-1.500,-3.000,1.270,0.000
2025-12-05T03:24:46.304477,-1.500,-3.000,1.270,0.000
2025-12-05T03:24:46.322423,-1.500,-3.000,1.270,0.000
2025-12-05T03:24:46.339809,-1.500,-3.000,1.270,0.000
2025-12-05T03:24:46.356755,-1.500,-3.000,1.270,0.000
2025-12-05T03:24:46.375120,-1.500,-3.000,1.270,0.000
2025-12-05T03:24:46.392316,-1.500,-3.000,1.270,0.000
2025-12-05T03:24:46.409221,-1.500,-3.000,1.270,0.000
2025-12-05T03:24:46.426022,-1.500,-3.000,1.270,0.000
2025-12-05T03:24:46.442256,-1.500,-3.000,1.270,0.000
2025-12-05T03:24:46.457201,-1.500,-3.000,1.270,0.000
2025-12-05T03:24:46.472452,-1.500,-3.000,1.270,0.000
2025-12-05T03:24:46.487316,-1.500,-3.000,1.270,0.000
2025-12-05T03:24:46.500966,-1.500,-3.000,1.270,0.000
2025-12-05T03:24:46.516800,-1.500,-3.000,1.270,0.000
2025-12-05T03:24:46.534251,-1.500,-3.000,1.270,0.000
2025-12-05T03:24:46.550337,-1.500,-3.000,1.270,0.000
2025-12-05T03:24:46.576769,-1.500,-3.000,1.270,0.000
2025-12-05T03:24:46.645644,-1.500,-3.000,1.270,0.000
2025-12-05T03:24:46.653350,-1.500,-3.000,1.270,0.000
2025-12-05T03:24:46.669428,-1.500,-3.000,1.270,0.000
2025-12-05T03:24:46.686223,-1.500,-3.000,1.270,0.000
2025-12-05T03:24:46.713830,-1.500,-3.000,1.270,0.000
2025-12-05T03:24:46.728189,-1.500,-3.000,1.270,0.000
2025-12-05T03:24:46.755800,-1.500,-3.000,1.270,0.000
2025-12-05T03:24:46.767967,-1.500,-3.000,1.270,0.000
2025-12-05T03:24:46.792703,-1.500,-3.000,1.270,0.000
2025-12-05T03:24:46.827725,-1.500,-3.000,1.270,0.000
2025-12-05T03:24:46.852766,-1.500,-3.000,1.270,0.000
2025-12-05T03:24:46.862943,-1.500,-3.000,1.270,0.000
2025-12-05T03:24:46.888505,-1.500,-3.000,1.270,0.000
2025-12-05T03:24:46.897788,-1.500,-3.000,1.270,0.000
2025-12-05T03:24:46.919289,-1.500,-3.000,1.270,0.000
2025-12-05T03:24:46.930383,-1.500,-3.000,1.270,0.000
2025-12-05T03:24:46.954166,-1.500,-3.000,1.270,0.000
2025-12-05T03:24:46.961714,-1.500,-3.000,1.270,0.000
2025-12-05T03:24:46.968426,-1.500,-3.000,1.270,0.000
2025-12-05T03:24:46.984790,-1.500,-3.000,1.270,0.000
2025-12-05T03:24:46.992974,-1.500,-3.000,1.270,0.000
2025-12-05T03:24:47.001313,-1.500,-3.000,1.270,0.000
2025-12-05T03:24:47.023325,-1.500,-3.000,1.270,0.000
2025-12-05T03:24:47.030169,-1.500,-3.000,1.270,0.000
2025-12-05T03:24:47.040327,-1.500,-3.000,1.270,0.000
2025-12-05T03:24:47.051661,-1.500,-3.000,1.270,0.000
2025-12-05T03:24:47.062614,-1.500,-3.000,1.270,0.000
2025-12-05T03:24:47.074620,-1.500,-3.000,1.270,0.000
2025-12-05T03:24:47.087155,-1.500,-3.000,1.270,0.000
2025-12-05T03:24:47.100561,-1.500,-3.000,1.270,0.000
2025-12-05T03:24:47.114307,-1.500,-3.000,1.270,0.000
2025-12-05T03:24:47.445514,-1.500,-3.000,1.270,0.000
2025-12-05T03:24:47.445875,-1.500,-3.000,1.270,0.000
2025-12-05T03:24:47.446111,-1.500,-3.000,1.270,0.000
2025-12-05T03:24:47.446294,-1.500,-3.000,1.270,0.000
2025-12-05T03:24:47.446477,-1.500,-3.000,1.270,0.000
2025-12-05T03:24:47.446659,-1.500,-3.000,1.270,0.000
2025-12-05T03:24:47.446839,-1.500,-3.000,1.270,0.000
2025-12-05T03:24:47.447067,-1.500,-3.000,1.270,0.000
2025-12-05T03:24:47.447325,-1.500,-3.000,1.270,0.000
2025-12-05T03:24:47.447561,-1.500,-3.000,1.270,0.000
2025-12-05T03:24:47.447807,-1.500,-3.000,1.270,0.000
2025-12-05T03:24:47.459464,-1.500,-3.000,1.270,0.000
2025-12-05T03:24:47.478175,-1.500,-3.000,1.270,0.000
2025-12-05T03:24:47.491824,-1.500,-3.000,1.270,0.000
2025-12-05T03:24:47.506023,-1.500,-3.000,1.270,0.000
2025-12-05T03:24:47.521195,-1.500,-3.000,1.270,0.000
2025-12-05T03:24:47.536294,-1.500,-3.000,1.270,0.000
2025-12-05T03:24:47.560307,-1.500,-3.000,1.270,0.000
2025-12-05T03:24:47.579929,-1.500,-3.000,1.270,0.000
2025-12-05T03:24:47.592093,-1.500,-3.000,1.270,0.000
2025-12-05T03:24:47.609030,-1.500,-3.000,1.270,0.000
2025-12-05T03:24:47.625106,-1.500,-3.000,1.270,0.000
2025-12-05T03:24:47.641975,-1.500,-3.000,1.270,0.000
2025-12-05T03:24:47.657248,-1.500,-3.000,1.270,0.000
2025-12-05T03:24:47.672520,-1.500,-3.000,1.270,0.000
2025-12-05T03:24:47.687321,-1.500,-3.000,1.270,0.000
2025-12-05T03:24:47.703044,-1.500,-3.000,1.270,0.000
2025-12-05T03:24:47.718304,-1.500,-3.000,1.270,0.000
2025-12-05T03:24:47.734093,-1.500,-3.000,1.270,0.000
2025-12-05T03:24:47.750425,-1.500,-3.000,1.270,0.000
2025-12-05T03:24:47.768523,-1.500,-3.000,1.270,0.000
2025-12-05T03:24:47.786377,-1.500,-3.000,1.270,0.000
2025-12-05T03:24:47.810305,-1.500,-3.000,1.270,0.000
2025-12-05T03:24:47.826422,-1.500,-3.000,1.270,0.000
2025-12-05T03:24:47.841459,-1.500,-3.000,1.270,0.000
2025-12-05T03:24:47.869494,-1.500,-3.000,1.270,0.000
2025-12-05T03:24:47.887563,-1.500,-3.000,1.270,0.000
2025-12-05T03:24:47.903016,-1.500,-3.000,1.270,0.000
2025-12-05T03:24:47.919721,-1.500,-3.000,1.270,0.000
2025-12-05T03:24:47.935217,-1.500,-3.000,1.270,0.000
2025-12-05T03:24:47.951244,-1.500,-3.000,1.270,0.000
2025-12-05T03:24:47.964984,-1.500,-3.000,1.270,0.000
2025-12-05T03:24:47.979333,-1.500,-3.000,1.270,0.000
2025-12-05T03:24:47.993287,-1.500,-3.000,1.270,0.000
2025-12-05T03:24:48.007370,-1.500,-3.000,1.270,0.000
2025-12-05T03:24:48.022574,-1.500,-3.000,1.270,0.000
2025-12-05T03:24:48.037563,-1.500,-3.000,1.270,0.000
2025-12-05T03:24:48.054496,-1.500,-3.000,1.270,0.000
2025-12-05T03:24:48.069481,-1.500,-3.000,1.270,0.000
2025-12-05T03:24:48.084908,-1.500,-3.000,1.270,0.000
2025-12-05T03:24:48.104506,-1.500,-3.000,1.270,0.000
2025-12-05T03:24:48.120222,-1.500,-3.000,1.270,0.000
2025-12-05T03:24:48.137964,-1.500,-3.000,1.270,0.000
2025-12-05T03:24:48.156720,-1.500,-3.000,1.270,0.000
2025-12-05T03:24:48.187880,-1.500,-3.000,1.270,0.000
2025-12-05T03:24:48.203801,-1.500,-3.000,1.270,0.000
2025-12-05T03:24:48.220980,-1.500,-3.000,1.270,0.000
2025-12-05T03:24:48.238281,-1.500,-3.000,1.270,0.000
2025-12-05T03:24:48.253690,-1.500,-3.000,1.270,0.000
2025-12-05T03:24:48.264422,-1.500,-3.000,1.270,0.000
2025-12-05T03:24:48.280628,-1.500,-3.000,1.270,0.000
2025-12-05T03:24:48.295104,-1.500,-3.000,1.270,0.000
2025-12-05T03:24:48.312548,-1.500,-3.000,1.270,0.000
2025-12-05T03:24:48.327874,-1.500,-3.000,1.270,0.000
2025-12-05T03:24:48.341651,-1.500,-3.000,1.270,0.000
2025-12-05T03:24:48.357981,-1.500,-3.000,1.270,0.000
2025-12-05T03:24:48.374090,-1.500,-3.000,1.270,0.000
2025-12-05T03:24:48.389317,-1.500,-3.000,1.270,0.000
2025-12-05T03:24:48.406457,-1.500,-3.000,1.270,0.000
2025-12-05T03:24:48.424660,-1.500,-3.000,1.270,0.000
2025-12-05T03:24:48.442179,-1.500,-3.000,1.270,0.000
2025-12-05T03:24:48.457459,-1.500,-3.000,1.270,0.000
2025-12-05T03:24:48.474976,-1.500,-3.000,1.270,0.000
2025-12-05T03:24:48.494083,-1.500,-3.000,1.270,0.000
2025-12-05T03:24:48.512958,-1.500,-3.000,1.270,0.000
2025-12-05T03:24:48.529144,-1.500,-3.000,1.270,0.000
2025-12-05T03:24:48.546327,-1.500,-3.000,1.270,0.000
2025-12-05T03:24:48.563147,-1.500,-3.000,1.270,0.000
2025-12-05T03:24:48.579732,-1.500,-3.000,1.270,0.000
2025-12-05T03:24:48.596253,-1.500,-3.000,1.270,0.000
2025-12-05T03:24:48.610000,-1.500,-3.000,1.270,0.000
2025-12-05T03:24:48.623977,-1.500,-3.000,1.270,0.000
2025-12-05T03:24:48.638861,-1.500,-3.000,1.270,0.000
2025-12-05T03:24:48.654417,-1.500,-3.000,1.270,0.000
2025-12-05T03:24:48.670253,-1.500,-3.000,1.270,0.000
2025-12-05T03:24:48.687486,-1.500,-3.000,1.270,0.000
2025-12-05T03:24:48.704809,-1.500,-3.000,1.270,0.000
2025-12-05T03:24:48.721689,-1.500,-3.000,1.270,0.000
2025-12-05T03:24:48.740138,-1.500,-3.000,1.270,0.000
2025-12-05T03:24:48.757277,-1.500,-3.000,1.270,0.000
2025-12-05T03:24:48.775588,-1.500,-3.000,1.270,0.000
2025-12-05T03:24:48.801359,-1.500,-3.000,1.270,0.000
2025-12-05T03:24:48.818999,-1.500,-3.000,1.270,0.000
2025-12-05T03:24:48.877990,-1.500,-3.000,1.270,0.000
2025-12-05T03:24:48.894161,-1.500,-3.000,1.270,0.000
2025-12-05T03:24:48.908636,-1.500,-3.000,1.270,0.000
2025-12-05T03:24:48.923553,-1.500,-3.000,1.270,0.000
2025-12-05T03:24:48.937706,-1.500,-3.000,1.270,0.000
2025-12-05T03:24:48.970010,-1.500,-3.000,1.270,0.000
2025-12-05T03:24:48.973707,-1.500,-3.000,1.270,0.000
2025-12-05T03:24:48.987181,-1.500,-3.000,1.270,0.000
2025-12-05T03:24:49.001978,-1.500,-3.000,1.270,0.000
2025-12-05T03:24:49.012202,-1.500,-3.000,1.270,0.000
2025-12-05T03:24:49.024592,-1.500,-3.000,1.270,0.000
2025-12-05T03:24:49.039568,-1.500,-3.000,1.270,0.000
2025-12-05T03:24:49.054720,-1.500,-3.000,1.270,0.000
2025-12-05T03:24:49.072496,-1.500,-3.000,1.270,0.000
2025-12-05T03:24:49.083099,-1.500,-3.000,1.270,0.000
2025-12-05T03:24:49.103492,-1.500,-3.000,1.270,0.000
2025-12-05T03:24:49.118576,-1.500,-3.000,1.270,0.000
2025-12-05T03:24:49.136922,-1.500,-3.000,1.270,0.000
2025-12-05T03:24:49.153320,-1.500,-3.000,1.270,0.000
2025-12-05T03:24:49.171228,-1.500,-3.000,1.270,0.000
2025-12-05T03:24:49.192574,-1.500,-3.000,1.270,0.000
2025-12-05T03:24:49.206962,-1.500,-3.000,1.270,0.000
2025-12-05T03:24:49.231653,-1.500,-3.000,1.270,0.000
2025-12-05T03:24:49.238778,-1.500,-3.000,1.270,0.000
2025-12-05T03:24:49.253289,-1.500,-3.000,1.270,0.000
2025-12-05T03:24:49.270337,-1.500,-3.000,1.270,0.000
2025-12-05T03:24:49.283598,-1.500,-3.000,1.270,0.000
2025-12-05T03:24:49.298343,-1.500,-3.000,1.270,0.000
2025-12-05T03:24:49.313714,-1.500,-3.000,1.270,0.000
2025-12-05T03:24:49.329339,-1.500,-3.000,1.270,0.000
2025-12-05T03:24:49.345119,-1.500,-3.000,1.270,0.000
2025-12-05T03:24:49.360654,-1.500,-3.000,1.270,0.000
2025-12-05T03:24:49.378550,-1.500,-3.000,1.270,0.000
2025-12-05T03:24:49.396588,-1.500,-3.000,1.270,0.000
2025-12-05T03:24:49.412693,-1.500,-3.000,1.270,0.000
2025-12-05T03:24:49.430870,-1.500,-3.000,1.270,0.000
2025-12-05T03:24:49.450009,-1.500,-3.000,1.270,0.000
2025-12-05T03:24:49.467098,-1.500,-3.000,1.270,0.000
2025-12-05T03:24:49.484811,-1.500,-3.000,1.270,0.000
2025-12-05T03:24:49.503003,-1.500,-3.000,1.270,0.000
2025-12-05T03:24:49.521300,-1.500,-3.000,1.270,0.000
2025-12-05T03:24:49.536380,-1.500,-3.000,1.270,0.000
2025-12-05T03:24:49.551673,-1.500,-3.000,1.270,0.000
2025-12-05T03:24:49.568287,-1.500,-3.000,1.270,0.000
2025-12-05T03:24:49.583283,-1.500,-3.000,1.270,0.000
2025-12-05T03:24:49.597929,-1.500,-3.000,1.270,0.000
2025-12-05T03:24:49.612718,-1.500,-3.000,1.270,0.000
2025-12-05T03:24:49.627341,-1.500,-3.000,1.270,0.000
2025-12-05T03:24:49.642602,-1.500,-3.000,1.270,0.000
2025-12-05T03:24:49.659095,-1.500,-3.000,1.270,0.000
2025-12-05T03:24:49.675339,-1.500,-3.000,1.270,0.000
2025-12-05T03:24:49.692178,-1.500,-3.000,1.270,0.000
2025-12-05T03:24:49.709183,-1.500,-3.000,1.270,0.000
2025-12-05T03:24:49.731258,-1.500,-3.000,1.270,0.000
2025-12-05T03:24:49.750661,-1.500,-3.000,1.270,0.000
2025-12-05T03:24:49.768732,-1.500,-3.000,1.270,0.000
2025-12-05T03:24:49.817955,-1.500,-3.000,1.270,0.000
2025-12-05T03:24:49.839075,-1.500,-3.000,1.270,0.000
2025-12-05T03:24:49.848155,-1.500,-3.000,1.270,0.000
2025-12-05T03:24:49.863877,-1.500,-3.000,1.270,0.000
2025-12-05T03:24:49.878237,-1.500,-3.000,1.270,0.000
2025-12-05T03:24:49.891950,-1.500,-3.000,1.270,0.000
2025-12-05T03:24:49.907951,-1.500,-3.000,1.270,0.000
2025-12-05T03:24:49.922275,-1.500,-3.000,1.270,0.000
2025-12-05T03:24:49.935706,-1.500,-3.000,1.270,0.000
2025-12-05T03:24:49.950001,-1.500,-3.000,1.270,0.000
2025-12-05T03:24:49.962672,-1.500,-3.000,1.270,0.000
2025-12-05T03:24:49.978097,-1.500,-3.000,1.270,0.000
2025-12-05T03:24:49.995581,-1.500,-3.000,1.270,0.000
2025-12-05T03:24:50.010456,-1.500,-3.000,1.270,0.000
2025-12-05T03:24:50.030624,-1.500,-3.000,1.270,0.000
2025-12-05T03:24:50.045421,-1.500,-3.000,1.270,0.000
2025-12-05T03:24:50.063604,-1.500,-3.000,1.270,0.000
2025-12-05T03:24:50.080891,-1.500,-3.000,1.270,0.000
2025-12-05T03:24:50.098817,-1.500,-3.000,1.270,0.000
2025-12-05T03:24:50.115034,-1.500,-3.000,1.270,0.000
2025-12-05T03:24:50.132904,-1.500,-3.000,1.270,0.000
2025-12-05T03:24:50.149537,-1.500,-3.000,1.270,0.000
2025-12-05T03:24:50.163942,-1.500,-3.000,1.270,0.000
2025-12-05T03:24:50.180379,-1.500,-3.000,1.270,0.000
2025-12-05T03:24:50.195292,-1.500,-3.000,1.270,0.000
2025-12-05T03:24:50.212328,-1.500,-3.000,1.270,0.000
2025-12-05T03:24:50.226612,-1.500,-3.000,1.270,0.000
2025-12-05T03:24:50.243739,-1.500,-3.000,1.270,0.000
2025-12-05T03:24:50.260239,-1.500,-3.000,1.270,0.000
2025-12-05T03:24:50.277257,-1.500,-3.000,1.270,0.000
2025-12-05T03:24:50.292940,-1.500,-3.000,1.270,0.000
2025-12-05T03:24:50.310486,-1.500,-3.000,1.270,0.000
2025-12-05T03:24:50.328599,-1.500,-3.000,1.270,0.000
2025-12-05T03:24:50.344584,-1.500,-3.000,1.270,0.000
2025-12-05T03:24:50.361845,-1.500,-3.000,1.270,0.000
2025-12-05T03:24:50.382055,-1.500,-3.000,1.270,0.000
2025-12-05T03:24:50.395508,-1.500,-3.000,1.270,0.000
2025-12-05T03:24:50.411518,-1.500,-3.000,1.270,0.000
2025-12-05T03:24:50.426916,-1.500,-3.000,1.270,0.000
2025-12-05T03:24:50.442389,-1.500,-3.000,1.270,0.000
2025-12-05T03:24:50.457032,-1.500,-3.000,1.270,0.000
2025-12-05T03:24:50.472851,-1.500,-3.000,1.270,0.000
2025-12-05T03:24:50.488349,-1.500,-3.000,1.270,0.000
2025-12-05T03:24:50.507858,-1.500,-3.000,1.270,0.000
2025-12-05T03:24:50.523060,-1.500,-3.000,1.270,0.000
2025-12-05T03:24:50.540936,-1.500,-3.000,1.270,0.000
2025-12-05T03:24:50.558134,-1.500,-3.000,1.270,0.000
2025-12-05T03:24:50.578602,-1.500,-3.000,1.270,0.000
2025-12-05T03:24:50.591847,-1.500,-3.000,1.270,0.000
2025-12-05T03:24:50.608691,-1.500,-3.000,1.270,0.000
2025-12-05T03:24:50.625790,-1.500,-3.000,1.270,0.000
2025-12-05T03:24:50.643980,-1.500,-3.000,1.270,0.000
2025-12-05T03:24:50.660189,-1.500,-3.000,1.270,0.000
2025-12-05T03:24:50.676160,-1.500,-3.000,1.270,0.000
2025-12-05T03:24:50.691897,-1.500,-3.000,1.270,0.000
2025-12-05T03:24:50.707201,-1.500,-3.000,1.270,0.000
2025-12-05T03:24:50.721551,-1.500,-3.000,1.270,0.000
2025-12-05T03:24:50.736138,-1.500,-3.000,1.270,0.000
2025-12-05T03:24:50.751441,-1.500,-3.000,1.270,0.000
2025-12-05T03:24:50.767957,-1.500,-3.000,1.270,0.000
2025-12-05T03:24:50.784331,-1.500,-3.000,1.270,0.000
2025-12-05T03:24:50.801353,-1.500,-3.000,1.270,0.000
2025-12-05T03:24:50.818007,-1.500,-3.000,1.270,0.000
2025-12-05T03:24:50.835010,-1.500,-3.000,1.270,0.000
2025-12-05T03:24:50.853221,-1.500,-3.000,1.270,0.000
2025-12-05T03:24:50.872313,-1.500,-3.000,1.270,0.000
2025-12-05T03:24:50.889341,-1.500,-3.000,1.270,0.000
2025-12-05T03:24:50.906985,-1.500,-3.000,1.270,0.000
2025-12-05T03:24:50.924975,-1.500,-3.000,1.270,0.000
2025-12-05T03:24:50.943196,-1.500,-3.000,1.270,0.000
2025-12-05T03:24:50.960004,-1.500,-3.000,1.270,0.000
2025-12-05T03:24:50.976347,-1.500,-3.000,1.270,0.000
2025-12-05T03:24:50.991677,-1.500,-3.000,1.270,0.000
2025-12-05T03:24:51.004130,-1.500,-3.000,1.270,0.000
2025-12-05T03:24:51.018356,-1.500,-3.000,1.270,0.000
2025-12-05T03:24:51.033046,-1.500,-3.000,1.270,0.000
2025-12-05T03:24:51.048221,-1.500,-3.000,1.270,0.000
2025-12-05T03:24:51.065995,-1.500,-3.000,1.270,0.000
2025-12-05T03:24:51.084009,-1.500,-3.000,1.270,0.000
2025-12-05T03:24:51.101478,-1.500,-3.000,1.270,0.000
2025-12-05T03:24:51.119516,-1.500,-3.000,1.270,0.000
2025-12-05T03:24:51.137240,-1.500,-3.000,1.270,0.000
2025-12-05T03:24:51.155407,-1.500,-3.000,1.270,0.000
2025-12-05T03:24:51.173102,-1.500,-3.000,1.270,0.000
2025-12-05T03:24:51.189128,-1.500,-3.000,1.270,0.000
2025-12-05T03:24:51.207719,-1.500,-3.000,1.270,0.000
2025-12-05T03:24:51.221929,-1.500,-3.000,1.270,0.000
2025-12-05T03:24:51.238130,-1.500,-3.000,1.270,0.000
2025-12-05T03:24:51.253415,-1.500,-3.000,1.270,0.000
2025-12-05T03:24:51.269851,-1.500,-3.000,1.270,0.000
2025-12-05T03:24:51.286920,-1.500,-3.000,1.270,0.000
2025-12-05T03:24:51.300957,-1.500,-3.000,1.270,0.000
2025-12-05T03:24:51.316290,-1.500,-3.000,1.270,0.000
2025-12-05T03:24:51.331315,-1.500,-3.000,1.270,0.000
2025-12-05T03:24:51.348578,-1.500,-3.000,1.270,0.000
2025-12-05T03:24:51.364745,-1.500,-3.000,1.270,0.000
2025-12-05T03:24:51.381681,-1.500,-3.000,1.270,0.000
2025-12-05T03:24:51.400112,-1.500,-3.000,1.270,0.000
2025-12-05T03:24:51.441802,-1.500,-3.000,1.270,0.000
2025-12-05T03:24:51.459122,-1.500,-3.000,1.270,0.000
2025-12-05T03:24:51.475618,-1.500,-3.000,1.270,0.000
2025-12-05T03:24:51.493019,-1.500,-3.000,1.270,0.000
2025-12-05T03:24:51.508468,-1.500,-3.000,1.270,0.000
2025-12-05T03:24:51.523753,-1.500,-3.000,1.270,0.000
2025-12-05T03:24:51.539628,-1.500,-3.000,1.270,0.000
2025-12-05T03:24:51.554462,-1.500,-3.000,1.270,0.000
2025-12-05T03:24:51.568670,-1.500,-3.000,1.270,0.000
2025-12-05T03:24:51.584161,-1.500,-3.000,1.270,0.000
2025-12-05T03:24:51.603701,-1.500,-3.000,1.270,0.000
2025-12-05T03:24:51.617621,-1.500,-3.000,1.270,0.000
2025-12-05T03:24:51.634730,-1.500,-3.000,1.270,0.000
2025-12-05T03:24:51.651817,-1.500,-3.000,1.270,0.000
2025-12-05T03:24:51.665591,-1.500,-3.000,1.270,0.000
2025-12-05T03:24:51.683412,-1.500,-3.000,1.270,0.000
2025-12-05T03:24:51.699483,-1.500,-3.000,1.270,0.000
2025-12-05T03:24:51.716121,-1.500,-3.000,1.270,0.000
2025-12-05T03:24:51.734318,-1.500,-3.000,1.270,0.000
2025-12-05T03:24:51.751017,-1.500,-3.000,1.270,0.000
2025-12-05T03:24:51.767163,-1.500,-3.000,1.270,0.000
2025-12-05T03:24:51.782442,-1.500,-3.000,1.270,0.000
2025-12-05T03:24:51.797952,-1.500,-3.000,1.270,0.000
2025-12-05T03:24:51.812871,-1.500,-3.000,1.270,0.000
2025-12-05T03:24:51.828230,-1.500,-3.000,1.270,0.000
2025-12-05T03:24:51.844692,-1.500,-3.000,1.270,0.000
2025-12-05T03:24:51.861239,-1.500,-3.000,1.270,0.000
2025-12-05T03:24:51.878498,-1.500,-3.000,1.270,0.000
2025-12-05T03:24:51.895384,-1.500,-3.000,1.270,0.000
2025-12-05T03:24:51.914301,-1.500,-3.000,1.270,0.000
2025-12-05T03:24:51.933811,-1.500,-3.000,1.270,0.000
2025-12-05T03:24:51.951860,-1.500,-3.000,1.270,0.000
2025-12-05T03:24:51.970226,-1.500,-3.000,1.270,0.000
2025-12-05T03:24:51.986571,-1.500,-3.000,1.270,0.000
2025-12-05T03:24:52.001165,-1.500,-3.000,1.270,0.000
2025-12-05T03:24:52.018081,-1.500,-3.000,1.270,0.000
2025-12-05T03:24:52.033415,-1.500,-3.000,1.270,0.000
2025-12-05T03:24:52.047736,-1.500,-3.000,1.270,0.000
2025-12-05T03:24:52.061796,-1.500,-3.000,1.270,0.000
2025-12-05T03:24:52.077720,-1.500,-3.000,1.270,0.000
2025-12-05T03:24:52.093173,-1.500,-3.000,1.270,0.000
2025-12-05T03:24:52.109792,-1.500,-3.000,1.270,0.000
2025-12-05T03:24:52.126688,-1.500,-3.000,1.270,0.000
2025-12-05T03:24:52.143536,-1.500,-3.000,1.270,0.000
2025-12-05T03:24:52.160025,-1.500,-3.000,1.270,0.000
2025-12-05T03:24:52.177550,-1.500,-3.000,1.270,0.000
2025-12-05T03:24:52.196575,-1.500,-3.000,1.270,0.000
2025-12-05T03:24:52.211585,-1.500,-3.000,1.270,0.000
2025-12-05T03:24:52.229312,-1.500,-3.000,1.270,0.000
2025-12-05T03:24:52.247527,-1.500,-3.000,1.270,0.000
2025-12-05T03:24:52.265051,-1.500,-3.000,1.270,0.000
2025-12-05T03:24:52.282796,-1.500,-3.000,1.270,0.000
2025-12-05T03:24:52.300522,-1.500,-3.000,1.270,0.000
2025-12-05T03:24:52.313352,-1.500,-3.000,1.270,0.000
2025-12-05T03:24:52.328297,-1.500,-3.000,1.270,0.000
2025-12-05T03:24:52.342008,-1.500,-3.000,1.270,0.000
2025-12-05T03:24:52.355741,-1.500,-3.000,1.270,0.000
2025-12-05T03:24:52.372959,-1.500,-3.000,1.270,0.000
2025-12-05T03:24:52.388124,-1.500,-3.000,1.270,0.000
2025-12-05T03:24:52.405102,-1.500,-3.000,1.270,0.000
2025-12-05T03:24:52.422400,-1.500,-3.000,1.270,0.000
2025-12-05T03:24:52.439970,-1.500,-3.000,1.270,0.000
2025-12-05T03:24:52.456972,-1.500,-3.000,1.270,0.000
2025-12-05T03:24:52.476055,-1.500,-3.000,1.270,0.000
2025-12-05T03:24:52.492264,-1.500,-3.000,1.270,0.000
2025-12-05T03:24:52.509715,-1.500,-3.000,1.270,0.000
2025-12-05T03:24:52.529027,-1.500,-3.000,1.270,0.000
2025-12-05T03:24:52.547421,-1.500,-3.000,1.270,0.000
2025-12-05T03:24:52.562680,-1.500,-3.000,1.270,0.000
2025-12-05T03:24:52.578604,-1.500,-3.000,1.270,0.000
2025-12-05T03:24:52.594936,-1.500,-3.000,1.270,0.000
2025-12-05T03:24:52.610536,-1.500,-3.000,1.270,0.000
2025-12-05T03:24:52.622601,-1.500,-3.000,1.270,0.000
2025-12-05T03:24:52.638012,-1.500,-3.000,1.270,0.000
2025-12-05T03:24:52.652729,-1.500,-3.000,1.270,0.000
2025-12-05T03:24:52.682182,-1.500,-3.000,1.270,0.000
2025-12-05T03:24:52.699247,-1.500,-3.000,1.270,0.000
2025-12-05T03:24:52.708608,-1.500,-3.000,1.270,0.000
2025-12-05T03:24:52.722548,-1.500,-3.000,1.270,0.000
2025-12-05T03:24:52.738889,-1.500,-3.000,1.270,0.000
2025-12-05T03:24:52.754406,-1.500,-3.000,1.270,0.000
2025-12-05T03:24:52.770395,-1.500,-3.000,1.270,0.000
2025-12-05T03:24:52.783845,-1.500,-3.000,1.270,0.000
2025-12-05T03:24:52.798240,-1.500,-3.000,1.270,0.000
2025-12-05T03:24:52.812400,-1.500,-3.000,1.270,0.000
2025-12-05T03:24:52.826526,-1.500,-3.000,1.270,0.000
2025-12-05T03:24:52.842244,-1.500,-3.000,1.270,0.000
2025-12-05T03:24:52.859131,-1.500,-3.000,1.270,0.000
2025-12-05T03:24:52.874450,-1.500,-3.000,1.270,0.000
2025-12-05T03:24:52.891864,-1.500,-3.000,1.270,0.000
2025-12-05T03:24:52.908397,-1.500,-3.000,1.270,0.000
2025-12-05T03:24:52.926700,-1.500,-3.000,1.270,0.000
2025-12-05T03:24:52.945692,-1.500,-3.000,1.270,0.000
2025-12-05T03:24:52.965938,-1.500,-3.000,1.270,0.000
2025-12-05T03:24:52.986487,-1.500,-3.000,1.270,0.000
2025-12-05T03:24:53.003679,-1.500,-3.000,1.270,0.000
2025-12-05T03:24:53.019429,-1.500,-3.000,1.270,0.000
2025-12-05T03:24:53.039619,-1.500,-3.000,1.270,0.000
2025-12-05T03:24:53.055147,-1.500,-3.000,1.270,0.000
2025-12-05T03:24:53.070344,-1.500,-3.000,1.270,0.000
2025-12-05T03:24:53.083251,-1.500,-3.000,1.270,0.000
2025-12-05T03:24:53.097213,-1.500,-3.000,1.270,0.000
2025-12-05T03:24:53.112506,-1.500,-3.000,1.270,0.000
2025-12-05T03:24:53.128192,-1.500,-3.000,1.270,0.000
2025-12-05T03:24:53.141961,-1.500,-3.000,1.270,0.000
2025-12-05T03:24:53.158135,-1.500,-3.000,1.270,0.000
2025-12-05T03:24:53.174334,-1.500,-3.000,1.270,0.000
2025-12-05T03:24:53.191999,-1.500,-3.000,1.270,0.000
2025-12-05T03:24:53.207801,-1.500,-3.000,1.270,0.000
2025-12-05T03:24:53.224450,-1.500,-3.000,1.270,0.000
2025-12-05T03:24:53.242935,-1.500,-3.000,1.270,0.000
2025-12-05T03:24:53.258707,-1.500,-3.000,1.270,0.000
2025-12-05T03:24:53.279545,-1.500,-3.000,1.270,0.000
2025-12-05T03:24:53.298188,-1.500,-3.000,1.270,0.000
2025-12-05T03:24:53.313534,-1.500,-3.000,1.270,0.000
2025-12-05T03:24:53.329671,-1.500,-3.000,1.270,0.000
2025-12-05T03:24:53.347547,-1.500,-3.000,1.270,0.000
2025-12-05T03:24:53.362504,-1.500,-3.000,1.270,0.000
2025-12-05T03:24:53.378201,-1.500,-3.000,1.270,0.000
2025-12-05T03:24:53.392812,-1.500,-3.000,1.270,0.000
2025-12-05T03:24:53.408026,-1.500,-3.000,1.270,0.000
2025-12-05T03:24:53.422998,-1.500,-3.000,1.270,0.000
2025-12-05T03:24:53.440030,-1.500,-3.000,1.270,0.000
2025-12-05T03:24:53.459463,-1.500,-3.000,1.270,0.000
2025-12-05T03:24:53.475420,-1.500,-3.000,1.270,0.000
2025-12-05T03:24:53.492078,-1.500,-3.000,1.270,0.000
2025-12-05T03:24:53.510045,-1.500,-3.000,1.270,0.000
2025-12-05T03:24:53.528359,-1.500,-3.000,1.270,0.000
2025-12-05T03:24:53.545746,-1.500,-3.000,1.270,0.000
2025-12-05T03:24:53.563062,-1.500,-3.000,1.270,0.000
2025-12-05T03:24:53.591126,-1.500,-3.000,1.270,0.000
2025-12-05T03:24:53.601535,-1.500,-3.000,1.270,0.000
2025-12-05T03:24:53.623399,-1.500,-3.000,1.270,0.000
2025-12-05T03:24:53.635792,-1.500,-3.000,1.270,0.000
2025-12-05T03:24:53.649428,-1.500,-3.000,1.270,0.000
2025-12-05T03:24:53.661737,-1.500,-3.000,1.270,0.000
2025-12-05T03:24:53.675946,-1.500,-3.000,1.270,0.000
2025-12-05T03:24:53.688469,-1.500,-3.000,1.270,0.000
2025-12-05T03:24:53.702073,-1.500,-3.000,1.270,0.000
2025-12-05T03:24:53.717935,-1.500,-3.000,1.270,0.000
2025-12-05T03:24:53.730460,-1.500,-3.000,1.270,0.000
2025-12-05T03:24:53.746405,-1.500,-3.000,1.270,0.000
2025-12-05T03:24:53.762481,-1.500,-3.000,1.270,0.000
2025-12-05T03:24:53.777011,-1.500,-3.000,1.270,0.000
2025-12-05T03:24:53.792710,-1.500,-3.000,1.270,0.000
2025-12-05T03:24:53.811323,-1.500,-3.000,1.270,0.000
2025-12-05T03:24:53.826031,-1.500,-3.000,1.270,0.000
2025-12-05T03:24:53.843691,-1.500,-3.000,1.270,0.000
2025-12-05T03:24:53.861011,-1.500,-3.000,1.270,0.000
2025-12-05T03:24:53.878754,-1.500,-3.000,1.270,0.000
2025-12-05T03:24:53.896301,-1.500,-3.000,1.270,0.000
2025-12-05T03:24:53.914226,-1.500,-3.000,1.270,0.000
2025-12-05T03:24:53.930107,-1.500,-3.000,1.270,0.000
2025-12-05T03:24:53.946114,-1.500,-3.000,1.270,0.000
2025-12-05T03:24:53.962376,-1.500,-3.000,1.270,0.000
2025-12-05T03:24:53.978560,-1.500,-3.000,1.270,0.000
2025-12-05T03:24:53.993240,-1.500,-3.000,1.270,0.000
2025-12-05T03:24:54.010267,-1.500,-3.000,1.270,0.000
2025-12-05T03:24:54.026590,-1.500,-3.000,1.270,0.000
2025-12-05T03:24:54.043883,-1.500,-3.000,1.270,0.000
2025-12-05T03:24:54.060981,-1.500,-3.000,1.270,0.000
2025-12-05T03:24:54.082286,-1.500,-3.000,1.270,0.000
2025-12-05T03:24:54.099150,-1.500,-3.000,1.270,0.000
2025-12-05T03:24:54.116125,-1.500,-3.000,1.270,0.000
2025-12-05T03:24:54.132664,-1.500,-3.000,1.270,0.000
2025-12-05T03:24:54.148142,-1.500,-3.000,1.270,0.000
2025-12-05T03:24:54.164789,-1.500,-3.000,1.270,0.000
2025-12-05T03:24:54.179220,-1.500,-3.000,1.270,0.000
2025-12-05T03:24:54.193419,-1.500,-3.000,1.270,0.000
2025-12-05T03:24:54.208187,-1.500,-3.000,1.270,0.000
2025-12-05T03:24:54.221914,-1.500,-3.000,1.270,0.000
2025-12-05T03:24:54.237103,-1.500,-3.000,1.270,0.000
2025-12-05T03:24:54.252187,-1.500,-3.000,1.270,0.000
2025-12-05T03:24:54.272210,-1.500,-3.000,1.270,0.000
2025-12-05T03:24:54.287544,-1.500,-3.000,1.270,0.000
2025-12-05T03:24:54.307205,-1.500,-3.000,1.270,0.000
2025-12-05T03:24:54.323350,-1.500,-3.000,1.270,0.000
2025-12-05T03:24:54.341606,-1.500,-3.000,1.270,0.000
2025-12-05T03:24:54.359358,-1.500,-3.000,1.270,0.000
2025-12-05T03:24:54.377163,-1.500,-3.000,1.270,0.000
2025-12-05T03:24:54.393814,-1.500,-3.000,1.270,0.000
2025-12-05T03:24:54.408982,-1.500,-3.000,1.270,0.000
2025-12-05T03:24:54.425979,-1.500,-3.000,1.270,0.000
2025-12-05T03:24:54.441524,-1.500,-3.000,1.270,0.000
2025-12-05T03:24:54.458181,-1.500,-3.000,1.270,0.000
2025-12-05T03:24:54.472456,-1.500,-3.000,1.270,0.000
2025-12-05T03:24:54.487164,-1.500,-3.000,1.270,0.000
2025-12-05T03:24:54.501780,-1.500,-3.000,1.270,0.000
2025-12-05T03:24:54.518148,-1.500,-3.000,1.270,0.000
2025-12-05T03:24:54.534682,-1.500,-3.000,1.270,0.000
2025-12-05T03:24:54.550418,-1.500,-3.000,1.270,0.000
2025-12-05T03:24:54.569139,-1.500,-3.000,1.270,0.000
2025-12-05T03:24:54.588162,-1.500,-3.000,1.270,0.000
2025-12-05T03:24:54.604259,-1.500,-3.000,1.270,0.000
2025-12-05T03:24:54.622091,-1.500,-3.000,1.270,0.000
2025-12-05T03:24:54.639512,-1.500,-3.000,1.270,0.000
2025-12-05T03:24:54.657605,-1.500,-3.000,1.270,0.000
2025-12-05T03:24:54.673684,-1.500,-3.000,1.270,0.000
2025-12-05T03:24:54.691085,-1.500,-3.000,1.270,0.000
2025-12-05T03:24:54.710444,-1.500,-3.000,1.270,0.000
2025-12-05T03:24:54.724620,-1.500,-3.000,1.270,0.000
2025-12-05T03:24:54.740910,-1.500,-3.000,1.270,0.000
2025-12-05T03:24:54.754646,-1.500,-3.000,1.270,0.000
2025-12-05T03:24:54.769434,-1.500,-3.000,1.270,0.000
2025-12-05T03:24:54.781971,-1.500,-3.000,1.270,0.000
2025-12-05T03:24:54.797404,-1.500,-3.000,1.270,0.000
2025-12-05T03:24:54.812037,-1.500,-3.000,1.270,0.000
2025-12-05T03:24:54.828112,-1.500,-3.000,1.270,0.000
2025-12-05T03:24:54.844376,-1.500,-3.000,1.270,0.000
2025-12-05T03:24:54.861013,-1.500,-3.000,1.270,0.000
2025-12-05T03:24:54.878504,-1.500,-3.000,1.270,0.000
2025-12-05T03:24:54.896043,-1.500,-3.000,1.270,0.000
2025-12-05T03:24:54.913097,-1.500,-3.000,1.270,0.000
2025-12-05T03:24:54.931331,-1.500,-3.000,1.270,0.000
2025-12-05T03:24:54.949061,-1.500,-3.000,1.270,0.000
2025-12-05T03:24:54.966406,-1.500,-3.000,1.270,0.000
2025-12-05T03:24:54.982785,-1.500,-3.000,1.270,0.000
2025-12-05T03:24:54.998698,-1.500,-3.000,1.270,0.000
2025-12-05T03:24:55.013489,-1.500,-3.000,1.270,0.000
2025-12-05T03:24:55.037507,-1.500,-3.000,1.270,0.000
2025-12-05T03:24:55.051222,-1.500,-3.000,1.270,0.000
2025-12-05T03:24:55.066701,-1.500,-3.000,1.270,0.000
2025-12-05T03:24:55.079159,-1.500,-3.000,1.270,0.000
2025-12-05T03:24:55.094184,-1.500,-3.000,1.270,0.000
2025-12-05T03:24:55.109551,-1.500,-3.000,1.270,0.000
2025-12-05T03:24:55.124431,-1.500,-3.000,1.270,0.000
2025-12-05T03:24:55.142422,-1.500,-3.000,1.270,0.000
2025-12-05T03:24:55.159038,-1.500,-3.000,1.270,0.000
2025-12-05T03:24:55.175818,-1.500,-3.000,1.270,0.000
2025-12-05T03:24:55.193401,-1.500,-3.000,1.270,0.000
2025-12-05T03:24:55.210789,-1.500,-3.000,1.270,0.000
2025-12-05T03:24:55.229221,-1.500,-3.000,1.270,0.000
2025-12-05T03:24:55.248805,-1.500,-3.000,1.270,0.000
2025-12-05T03:24:55.262923,-1.500,-3.000,1.270,0.000
2025-12-05T03:24:55.281297,-1.500,-3.000,1.270,0.000
2025-12-05T03:24:55.298498,-1.500,-3.000,1.270,0.000
2025-12-05T03:24:55.315692,-1.500,-3.000,1.270,0.000
2025-12-05T03:24:55.340294,-1.500,-3.000,1.270,0.000
2025-12-05T03:24:55.350984,-1.500,-3.000,1.270,0.000
2025-12-05T03:24:55.366565,-1.500,-3.000,1.270,0.000
2025-12-05T03:24:55.378870,-1.500,-3.000,1.270,0.000
2025-12-05T03:24:55.392586,-1.500,-3.000,1.270,0.000
2025-12-05T03:24:55.407151,-1.500,-3.000,1.270,0.000
2025-12-05T03:24:55.423892,-1.500,-3.000,1.270,0.000
2025-12-05T03:24:55.436213,-1.500,-3.000,1.270,0.000
2025-12-05T03:24:55.451222,-1.500,-3.000,1.270,0.000
2025-12-05T03:24:55.467731,-1.500,-3.000,1.270,0.000
2025-12-05T03:24:55.485962,-1.500,-3.000,1.270,0.000
2025-12-05T03:24:55.501810,-1.500,-3.000,1.270,0.000
2025-12-05T03:24:55.520393,-1.500,-3.000,1.270,0.000
2025-12-05T03:24:55.539006,-1.500,-3.000,1.270,0.000
2025-12-05T03:24:55.558713,-1.500,-3.000,1.270,0.000
2025-12-05T03:24:55.575584,-1.500,-3.000,1.270,0.000
2025-12-05T03:24:55.592675,-1.500,-3.000,1.270,0.000
2025-12-05T03:24:55.610642,-1.500,-3.000,1.270,0.000
2025-12-05T03:24:55.627108,-1.500,-3.000,1.270,0.000
2025-12-05T03:24:55.643040,-1.500,-3.000,1.270,0.000
2025-12-05T03:24:55.657606,-1.500,-3.000,1.270,0.000
2025-12-05T03:24:55.673957,-1.500,-3.000,1.270,0.000
2025-12-05T03:24:55.688439,-1.500,-3.000,1.270,0.000
2025-12-05T03:24:55.705696,-1.500,-3.000,1.270,0.000
2025-12-05T03:24:55.721274,-1.500,-3.000,1.270,0.000
2025-12-05T03:24:55.739176,-1.500,-3.000,1.270,0.000
2025-12-05T03:24:55.755040,-1.500,-3.000,1.270,0.000
2025-12-05T03:24:55.771725,-1.500,-3.000,1.270,0.000
2025-12-05T03:24:55.791359,-1.500,-3.000,1.270,0.000
2025-12-05T03:24:55.808541,-1.500,-3.000,1.270,0.000
2025-12-05T03:24:55.825399,-1.500,-3.000,1.270,0.000
2025-12-05T03:24:55.843220,-1.500,-3.000,1.270,0.000
2025-12-05T03:24:55.858056,-1.500,-3.000,1.270,0.000
2025-12-05T03:24:55.873531,-1.500,-3.000,1.270,0.000
2025-12-05T03:24:55.888300,-1.500,-3.000,1.270,0.000
2025-12-05T03:24:55.901676,-1.500,-3.000,1.270,0.000
2025-12-05T03:24:55.916046,-1.500,-3.000,1.270,0.000
2025-12-05T03:24:55.931773,-1.500,-3.000,1.270,0.000
2025-12-05T03:24:55.949925,-1.500,-3.000,1.270,0.000
2025-12-05T03:24:55.966339,-1.500,-3.000,1.270,0.000
2025-12-05T03:24:55.984367,-1.500,-3.000,1.270,0.000
2025-12-05T03:24:56.001965,-1.500,-3.000,1.270,0.000
2025-12-05T03:24:56.019796,-1.500,-3.000,1.270,0.000
2025-12-05T03:24:56.036113,-1.500,-3.000,1.270,0.000
2025-12-05T03:24:56.054376,-1.500,-3.000,1.270,0.000
2025-12-05T03:24:56.072349,-1.500,-3.000,1.270,0.000
2025-12-05T03:24:56.090126,-1.500,-3.000,1.270,0.000
2025-12-05T03:24:56.108384,-1.500,-3.000,1.270,0.000
2025-12-05T03:24:56.123071,-1.500,-3.000,1.270,0.000
2025-12-05T03:24:56.138205,-1.500,-3.000,1.270,0.000
2025-12-05T03:24:56.153164,-1.500,-3.000,1.270,0.000
2025-12-05T03:24:56.166728,-1.500,-3.000,1.270,0.000
2025-12-05T03:24:56.182557,-1.500,-3.000,1.270,0.000
2025-12-05T03:24:56.199231,-1.500,-3.000,1.270,0.000
2025-12-05T03:24:56.215818,-1.500,-3.000,1.270,0.000
2025-12-05T03:24:56.231664,-1.500,-3.000,1.270,0.000
2025-12-05T03:24:56.254424,-1.500,-3.000,1.270,0.000
2025-12-05T03:24:56.270188,-1.500,-3.000,1.270,0.000
2025-12-05T03:24:56.288569,-1.500,-3.000,1.270,0.000
2025-12-05T03:24:56.305983,-1.500,-3.000,1.270,0.000
2025-12-05T03:24:56.321485,-1.500,-3.000,1.270,0.000
2025-12-05T03:24:56.337225,-1.500,-3.000,1.270,0.000
2025-12-05T03:24:56.352213,-1.500,-3.000,1.270,0.000
2025-12-05T03:24:56.365972,-1.500,-3.000,1.270,0.000
2025-12-05T03:24:56.383396,-1.500,-3.000,1.270,0.000
2025-12-05T03:24:56.397238,-1.500,-3.000,1.270,0.000
2025-12-05T03:24:56.412893,-1.500,-3.000,1.270,0.000
2025-12-05T03:24:56.430134,-1.500,-3.000,1.270,0.000
2025-12-05T03:24:56.448209,-1.500,-3.000,1.270,0.000
2025-12-05T03:24:56.467193,-1.500,-3.000,1.270,0.000
2025-12-05T03:24:56.483265,-1.500,-3.000,1.270,0.000
2025-12-05T03:24:56.502544,-1.500,-3.000,1.270,0.000
2025-12-05T03:24:56.519232,-1.500,-3.000,1.270,0.000
2025-12-05T03:24:56.537227,-1.500,-3.000,1.270,0.000
2025-12-05T03:24:56.560599,-1.500,-3.000,1.270,0.000
2025-12-05T03:24:56.576245,-1.500,-3.000,1.270,0.000
2025-12-05T03:24:56.591920,-1.500,-3.000,1.270,0.000
2025-12-05T03:24:56.609013,-1.500,-3.000,1.270,0.000
2025-12-05T03:24:56.624832,-1.500,-3.000,1.270,0.000
2025-12-05T03:24:56.636902,-1.500,-3.000,1.270,0.000
2025-12-05T03:24:56.651627,-1.500,-3.000,1.270,0.000
2025-12-05T03:24:56.663705,-1.500,-3.000,1.270,0.000
2025-12-05T03:24:56.677579,-1.500,-3.000,1.270,0.000
2025-12-05T03:24:56.693126,-1.500,-3.000,1.270,0.000
2025-12-05T03:24:56.710606,-1.500,-3.000,1.270,0.000
2025-12-05T03:24:56.722328,-1.500,-3.000,1.270,0.000
2025-12-05T03:24:56.737454,-1.500,-3.000,1.270,0.000
2025-12-05T03:24:56.754070,-1.500,-3.000,1.270,0.000
2025-12-05T03:24:56.770594,-1.500,-3.000,1.270,0.000
2025-12-05T03:24:56.788026,-1.500,-3.000,1.270,0.000
2025-12-05T03:24:56.806821,-1.500,-3.000,1.270,0.000
2025-12-05T03:24:56.824184,-1.500,-3.000,1.270,0.000
2025-12-05T03:24:56.840877,-1.500,-3.000,1.270,0.000
2025-12-05T03:24:56.857199,-1.500,-3.000,1.270,0.000
2025-12-05T03:24:56.873813,-1.500,-3.000,1.270,0.000
2025-12-05T03:24:56.890565,-1.500,-3.000,1.270,0.000
2025-12-05T03:24:56.907696,-1.500,-3.000,1.270,0.000
2025-12-05T03:24:56.924399,-1.500,-3.000,1.270,0.000
2025-12-05T03:24:56.938894,-1.500,-3.000,1.270,0.000
2025-12-05T03:24:56.953310,-1.500,-3.000,1.270,0.000
2025-12-05T03:24:56.968174,-1.500,-3.000,1.270,0.000
2025-12-05T03:24:56.984406,-1.500,-3.000,1.270,0.000
2025-12-05T03:24:57.001209,-1.500,-3.000,1.270,0.000
2025-12-05T03:24:57.018088,-1.500,-3.000,1.270,0.000
2025-12-05T03:24:57.036224,-1.500,-3.000,1.270,0.000
2025-12-05T03:24:57.053992,-1.500,-3.000,1.270,0.000
2025-12-05T03:24:57.072750,-1.500,-3.000,1.270,0.000
2025-12-05T03:24:57.090665,-1.500,-3.000,1.270,0.000
2025-12-05T03:24:57.106885,-1.500,-3.000,1.270,0.000
2025-12-05T03:24:57.122128,-1.500,-3.000,1.270,0.000
2025-12-05T03:24:57.137900,-1.500,-3.000,1.270,0.000
2025-12-05T03:24:57.153328,-1.500,-3.000,1.270,0.000
2025-12-05T03:24:57.168516,-1.500,-3.000,1.270,0.000
2025-12-05T03:24:57.182868,-1.500,-3.000,1.270,0.000
2025-12-05T03:24:57.199397,-1.500,-3.000,1.270,0.000
2025-12-05T03:24:57.214342,-1.500,-3.000,1.270,0.000
2025-12-05T03:24:57.231528,-1.500,-3.000,1.270,0.000
2025-12-05T03:24:57.249469,-1.500,-3.000,1.270,0.000
2025-12-05T03:24:57.269358,-1.500,-3.000,1.270,0.000
2025-12-05T03:24:57.283734,-1.500,-3.000,1.270,0.000
2025-12-05T03:24:57.301692,-1.500,-3.000,1.270,0.000
2025-12-05T03:24:57.319337,-1.500,-3.000,1.270,0.000
2025-12-05T03:24:57.337269,-1.500,-3.000,1.270,0.000
2025-12-05T03:24:57.354028,-1.500,-3.000,1.270,0.000
2025-12-05T03:24:57.371398,-1.500,-3.000,1.270,0.000
2025-12-05T03:24:57.387969,-1.500,-3.000,1.270,0.000
2025-12-05T03:24:57.403397,-1.500,-3.000,1.270,0.000
2025-12-05T03:24:57.417645,-1.500,-3.000,1.270,0.000
2025-12-05T03:24:57.432120,-1.500,-3.000,1.270,0.000
2025-12-05T03:24:57.448269,-1.500,-3.000,1.270,0.000
2025-12-05T03:24:57.463494,-1.500,-3.000,1.270,0.000
2025-12-05T03:24:57.479153,-1.500,-3.000,1.270,0.000
2025-12-05T03:24:57.495336,-1.500,-3.000,1.270,0.000
2025-12-05T03:24:57.515835,-1.500,-3.000,1.270,0.000
2025-12-05T03:24:57.532318,-1.500,-3.000,1.270,0.000
2025-12-05T03:24:57.549219,-1.500,-3.000,1.270,0.000
2025-12-05T03:24:57.569126,-1.500,-3.000,1.270,0.000
2025-12-05T03:24:57.589294,-1.500,-3.000,1.270,0.000
2025-12-05T03:24:57.604378,-1.500,-3.000,1.270,0.000
2025-12-05T03:24:57.620987,-1.500,-3.000,1.270,0.000
2025-12-05T03:24:57.636631,-1.500,-3.000,1.270,0.000
2025-12-05T03:24:57.655033,-1.500,-3.000,1.270,0.000
2025-12-05T03:24:57.672905,-1.500,-3.000,1.270,0.000
2025-12-05T03:24:57.687660,-1.500,-3.000,1.270,0.000
2025-12-05T03:24:57.702172,-1.500,-3.000,1.270,0.000
2025-12-05T03:24:57.716279,-1.500,-3.000,1.270,0.000
2025-12-05T03:24:57.730934,-1.500,-3.000,1.270,0.000
2025-12-05T03:24:57.746550,-1.500,-3.000,1.270,0.000
2025-12-05T03:24:57.761866,-1.500,-3.000,1.270,0.000
2025-12-05T03:24:57.777706,-1.500,-3.000,1.270,0.000
2025-12-05T03:24:57.795033,-1.500,-3.000,1.270,0.000
2025-12-05T03:24:57.812423,-1.500,-3.000,1.270,0.000
2025-12-05T03:24:57.830745,-1.500,-3.000,1.270,0.000
2025-12-05T03:24:57.848104,-1.500,-3.000,1.270,0.000
2025-12-05T03:24:57.866844,-1.500,-3.000,1.270,0.000
2025-12-05T03:24:57.882783,-1.500,-3.000,1.270,0.000
2025-12-05T03:24:57.900516,-1.500,-3.000,1.270,0.000
2025-12-05T03:24:57.918006,-1.500,-3.000,1.270,0.000
2025-12-05T03:24:57.934028,-1.500,-3.000,1.270,0.000
2025-12-05T03:24:57.949996,-1.500,-3.000,1.270,0.000
2025-12-05T03:24:57.965569,-1.500,-3.000,1.270,0.000
2025-12-05T03:24:57.980654,-1.500,-3.000,1.270,0.000
2025-12-05T03:24:57.995137,-1.500,-3.000,1.270,0.000
2025-12-05T03:24:58.011615,-1.500,-3.000,1.270,0.000
2025-12-05T03:24:58.026621,-1.500,-3.000,1.270,0.000
2025-12-05T03:24:58.043833,-1.500,-3.000,1.270,0.000
2025-12-05T03:24:58.060866,-1.500,-3.000,1.270,0.000
2025-12-05T03:24:58.077990,-1.500,-3.000,1.270,0.000
2025-12-05T03:24:58.098318,-1.500,-3.000,1.270,0.000
2025-12-05T03:24:58.114185,-1.500,-3.000,1.270,0.000
2025-12-05T03:24:58.132282,-1.500,-3.000,1.270,0.000
2025-12-05T03:24:58.150321,-1.500,-3.000,1.270,0.000
2025-12-05T03:24:58.167430,-1.500,-3.000,1.270,0.000
2025-12-05T03:24:58.183141,-1.500,-3.000,1.270,0.000
2025-12-05T03:24:58.199358,-1.500,-3.000,1.270,0.000
2025-12-05T03:24:58.214637,-1.500,-3.000,1.270,0.000
2025-12-05T03:24:58.229604,-1.500,-3.000,1.270,0.000
2025-12-05T03:24:58.245931,-1.500,-3.000,1.270,0.000
2025-12-05T03:24:58.262221,-1.500,-3.000,1.270,0.000
2025-12-05T03:24:58.278035,-1.500,-3.000,1.270,0.000
2025-12-05T03:24:58.292343,-1.500,-3.000,1.270,0.000
2025-12-05T03:24:58.309839,-1.500,-3.000,1.270,0.000
2025-12-05T03:24:58.327051,-1.500,-3.000,1.270,0.000
2025-12-05T03:24:58.344492,-1.500,-3.000,1.270,0.000
2025-12-05T03:24:58.362978,-1.500,-3.000,1.270,0.000
2025-12-05T03:24:58.380317,-1.500,-3.000,1.270,0.000
2025-12-05T03:24:58.403097,-1.500,-3.000,1.270,0.000
2025-12-05T03:24:58.418680,-1.500,-3.000,1.270,0.000
2025-12-05T03:24:58.435810,-1.500,-3.000,1.270,0.000
2025-12-05T03:24:58.452411,-1.500,-3.000,1.270,0.000
2025-12-05T03:24:58.469969,-1.500,-3.000,1.270,0.000
2025-12-05T03:24:58.483832,-1.500,-3.000,1.270,0.000
2025-12-05T03:24:58.501433,-1.500,-3.000,1.270,0.000
2025-12-05T03:24:58.516241,-1.500,-3.000,1.270,0.000
2025-12-05T03:24:58.532706,-1.500,-3.000,1.270,0.000
2025-12-05T03:24:58.545404,-1.500,-3.000,1.270,0.000
2025-12-05T03:24:58.562113,-1.500,-3.000,1.270,0.000
2025-12-05T03:24:58.576987,-1.500,-3.000,1.270,0.000
2025-12-05T03:24:58.594080,-1.500,-3.000,1.270,0.000
2025-12-05T03:24:58.610178,-1.500,-3.000,1.270,0.000
2025-12-05T03:24:58.625512,-1.500,-3.000,1.270,0.000
2025-12-05T03:24:58.642975,-1.500,-3.000,1.270,0.000
2025-12-05T03:24:58.661940,-1.500,-3.000,1.270,0.000
2025-12-05T03:24:58.679434,-1.500,-3.000,1.270,0.000
2025-12-05T03:24:58.699385,-1.500,-3.000,1.270,0.000
2025-12-05T03:24:58.711345,-1.500,-3.000,1.270,0.000
2025-12-05T03:24:58.729048,-1.500,-3.000,1.270,0.000
2025-12-05T03:24:58.745257,-1.500,-3.000,1.270,0.000
2025-12-05T03:24:58.761826,-1.500,-3.000,1.270,0.000
2025-12-05T03:24:58.777719,-1.500,-3.000,1.270,0.000
2025-12-05T03:24:58.793972,-1.500,-3.000,1.270,0.000
2025-12-05T03:24:58.807664,-1.500,-3.000,1.270,0.000
2025-12-05T03:24:58.823107,-1.500,-3.000,1.270,0.000
2025-12-05T03:24:58.839745,-1.500,-3.000,1.270,0.000
2025-12-05T03:24:58.854567,-1.500,-3.000,1.270,0.000
2025-12-05T03:24:58.870446,-1.500,-3.000,1.270,0.000
2025-12-05T03:24:58.888906,-1.500,-3.000,1.270,0.000
2025-12-05T03:24:58.905693,-1.500,-3.000,1.270,0.000
2025-12-05T03:24:58.925013,-1.500,-3.000,1.270,0.000
2025-12-05T03:24:58.943204,-1.500,-3.000,1.270,0.000
2025-12-05T03:24:58.959031,-1.500,-3.000,1.270,0.000
2025-12-05T03:24:58.976537,-1.500,-3.000,1.270,0.000
2025-12-05T03:24:58.992955,-1.500,-3.000,1.270,0.000
2025-12-05T03:24:59.010358,-1.500,-3.000,1.270,0.000
2025-12-05T03:24:59.031781,-1.500,-3.000,1.270,0.000
2025-12-05T03:24:59.046017,-1.500,-3.000,1.270,0.000
2025-12-05T03:24:59.062158,-1.500,-3.000,1.270,0.000
2025-12-05T03:24:59.074976,-1.500,-3.000,1.270,0.000
2025-12-05T03:24:59.087437,-1.500,-3.000,1.270,0.000
2025-12-05T03:24:59.103376,-1.500,-3.000,1.270,0.000
2025-12-05T03:24:59.119174,-1.500,-3.000,1.270,0.000
2025-12-05T03:24:59.136241,-1.500,-3.000,1.270,0.000
2025-12-05T03:24:59.153328,-1.500,-3.000,1.270,0.000
2025-12-05T03:24:59.170854,-1.500,-3.000,1.270,0.000
2025-12-05T03:24:59.188725,-1.500,-3.000,1.270,0.000
2025-12-05T03:24:59.206163,-1.500,-3.000,1.270,0.000
2025-12-05T03:24:59.224187,-1.500,-3.000,1.270,0.000
2025-12-05T03:24:59.240909,-1.500,-3.000,1.270,0.000
2025-12-05T03:24:59.257535,-1.500,-3.000,1.270,0.000
2025-12-05T03:24:59.274228,-1.500,-3.000,1.270,0.000
2025-12-05T03:24:59.290288,-1.500,-3.000,1.270,0.000
2025-12-05T03:24:59.307718,-1.500,-3.000,1.270,0.000
2025-12-05T03:24:59.322930,-1.500,-3.000,1.270,0.000
2025-12-05T03:24:59.338030,-1.500,-3.000,1.270,0.000
2025-12-05T03:24:59.354663,-1.500,-3.000,1.270,0.000
2025-12-05T03:24:59.371175,-1.500,-3.000,1.270,0.000
2025-12-05T03:24:59.388103,-1.500,-3.000,1.270,0.000
2025-12-05T03:24:59.405885,-1.500,-3.000,1.270,0.000
2025-12-05T03:24:59.424066,-1.500,-3.000,1.270,0.000
2025-12-05T03:24:59.441514,-1.500,-3.000,1.270,0.000
2025-12-05T03:24:59.459367,-1.500,-3.000,1.270,0.000
2025-12-05T03:24:59.477578,-1.500,-3.000,1.270,0.000
2025-12-05T03:24:59.493282,-1.500,-3.000,1.270,0.000
2025-12-05T03:24:59.510417,-1.500,-3.000,1.270,0.000
2025-12-05T03:24:59.527829,-1.500,-3.000,1.270,0.000
2025-12-05T03:24:59.542081,-1.500,-3.000,1.270,0.000
2025-12-05T03:24:59.558336,-1.500,-3.000,1.270,0.000
2025-12-05T03:24:59.573207,-1.500,-3.000,1.270,0.000
2025-12-05T03:24:59.590722,-1.500,-3.000,1.270,0.000
2025-12-05T03:24:59.607043,-1.500,-3.000,1.270,0.000
2025-12-05T03:24:59.623870,-1.500,-3.000,1.270,0.000
2025-12-05T03:24:59.639532,-1.500,-3.000,1.270,0.000
2025-12-05T03:24:59.656063,-1.500,-3.000,1.270,0.000
2025-12-05T03:24:59.673212,-1.500,-3.000,1.270,0.000
2025-12-05T03:24:59.690268,-1.500,-3.000,1.270,0.000
2025-12-05T03:24:59.707688,-1.500,-3.000,1.270,0.000
2025-12-05T03:24:59.724974,-1.500,-3.000,1.270,0.000
2025-12-05T03:24:59.739545,-1.500,-3.000,1.270,0.000
2025-12-05T03:24:59.753713,-1.500,-3.000,1.270,0.000
2025-12-05T03:24:59.770521,-1.500,-3.000,1.270,0.000
2025-12-05T03:24:59.785672,-1.500,-3.000,1.270,0.000
2025-12-05T03:24:59.801915,-1.500,-3.000,1.270,0.000
2025-12-05T03:24:59.820619,-1.500,-3.000,1.270,0.000
2025-12-05T03:24:59.836414,-1.500,-3.000,1.270,0.000
2025-12-05T03:24:59.853816,-1.500,-3.000,1.270,0.000
2025-12-05T03:24:59.871953,-1.500,-3.000,1.270,0.000
2025-12-05T03:24:59.889629,-1.500,-3.000,1.270,0.000
2025-12-05T03:24:59.907643,-1.500,-3.000,1.270,0.000
2025-12-05T03:24:59.923409,-1.500,-3.000,1.270,0.000
2025-12-05T03:24:59.940409,-1.500,-3.000,1.270,0.000
2025-12-05T03:24:59.963096,-1.500,-3.000,1.270,0.000
2025-12-05T03:24:59.978890,-1.500,-3.000,1.270,0.000
2025-12-05T03:24:59.994329,-1.500,-3.000,1.270,0.000
2025-12-05T03:25:00.009625,-1.500,-3.000,1.270,0.000
2025-12-05T03:25:00.026312,-1.500,-3.000,1.270,0.000
2025-12-05T03:25:00.040074,-1.500,-3.000,1.270,0.000
2025-12-05T03:25:00.055317,-1.500,-3.000,1.270,0.000
2025-12-05T03:25:00.068882,-1.500,-3.000,1.270,0.000
2025-12-05T03:25:00.084109,-1.500,-3.000,1.270,0.000
2025-12-05T03:25:00.095607,-1.500,-3.000,1.270,0.000
2025-12-05T03:25:00.112259,-1.500,-3.000,1.270,0.000
2025-12-05T03:25:00.125610,-1.500,-3.000,1.270,0.000
2025-12-05T03:25:00.140651,-1.500,-3.000,1.270,0.000
2025-12-05T03:25:00.154553,-1.500,-3.000,1.270,0.000
2025-12-05T03:25:00.170648,-1.500,-3.000,1.270,0.000
2025-12-05T03:25:00.187032,-1.500,-3.000,1.270,0.000
2025-12-05T03:25:00.204273,-1.500,-3.000,1.270,0.000
2025-12-05T03:25:00.221166,-1.500,-3.000,1.270,0.000
2025-12-05T03:25:00.239576,-1.500,-3.000,1.270,0.000
2025-12-05T03:25:00.257257,-1.500,-3.000,1.270,0.000
2025-12-05T03:25:00.277202,-1.500,-3.000,1.270,0.000
2025-12-05T03:25:00.293352,-1.500,-3.000,1.270,0.000
2025-12-05T03:25:00.311418,-1.500,-3.000,1.270,0.000
2025-12-05T03:25:00.328490,-1.500,-3.000,1.270,0.000
2025-12-05T03:25:00.346260,-1.500,-3.000,1.270,0.000
2025-12-05T03:25:00.359907,-1.500,-3.000,1.270,0.000
2025-12-05T03:25:00.379995,-1.500,-3.000,1.270,0.000
2025-12-05T03:25:00.389901,-1.500,-3.000,1.270,0.000
2025-12-05T03:25:00.403565,-1.500,-3.000,1.270,0.000
2025-12-05T03:25:00.419102,-1.500,-3.000,1.270,0.000
2025-12-05T03:25:00.435033,-1.500,-3.000,1.270,0.000
2025-12-05T03:25:00.451310,-1.500,-3.000,1.270,0.000
2025-12-05T03:25:00.468474,-1.500,-3.000,1.270,0.000
2025-12-05T03:25:00.486110,-1.500,-3.000,1.270,0.000
2025-12-05T03:25:00.503989,-1.500,-3.000,1.270,0.000
2025-12-05T03:25:00.521734,-1.500,-3.000,1.270,0.000
2025-12-05T03:25:00.541577,-1.500,-3.000,1.270,0.000
2025-12-05T03:25:00.560000,-1.500,-3.000,1.270,0.000
2025-12-05T03:25:00.580064,-1.500,-3.000,1.270,0.000
2025-12-05T03:25:00.595264,-1.500,-3.000,1.270,0.000
2025-12-05T03:25:00.611005,-1.500,-3.000,1.270,0.000
2025-12-05T03:25:00.625975,-1.500,-3.000,1.270,0.000
2025-12-05T03:25:00.641852,-1.500,-3.000,1.270,0.000
2025-12-05T03:25:00.655972,-1.500,-3.000,1.270,0.000
2025-12-05T03:25:00.671346,-1.500,-3.000,1.270,0.000
2025-12-05T03:25:00.686552,-1.500,-3.000,1.270,0.000
2025-12-05T03:25:00.706805,-1.500,-3.000,1.270,0.000
2025-12-05T03:25:00.720360,-1.500,-3.000,1.270,0.000
2025-12-05T03:25:00.736497,-1.500,-3.000,1.270,0.000
2025-12-05T03:25:00.753570,-1.500,-3.000,1.270,0.000
2025-12-05T03:25:00.771363,-1.500,-3.000,1.270,0.000
2025-12-05T03:25:00.789113,-1.500,-3.000,1.270,0.000
2025-12-05T03:25:00.807218,-1.500,-3.000,1.270,0.000
2025-12-05T03:25:00.824275,-1.500,-3.000,1.270,0.000
2025-12-05T03:25:00.840756,-1.500,-3.000,1.270,0.000
2025-12-05T03:25:00.855977,-1.500,-3.000,1.270,0.000
2025-12-05T03:25:00.870644,-1.500,-3.000,1.270,0.000
2025-12-05T03:25:00.884968,-1.500,-3.000,1.270,0.000
2025-12-05T03:25:00.899571,-1.500,-3.000,1.270,0.000
2025-12-05T03:25:00.915223,-1.500,-3.000,1.270,0.000
2025-12-05T03:25:00.930342,-1.500,-3.000,1.270,0.000
2025-12-05T03:25:00.946520,-1.500,-3.000,1.270,0.000
2025-12-05T03:25:00.963995,-1.500,-3.000,1.270,0.000
2025-12-05T03:25:00.980066,-1.500,-3.000,1.270,0.000
2025-12-05T03:25:00.997363,-1.500,-3.000,1.270,0.000
2025-12-05T03:25:01.015934,-1.500,-3.000,1.270,0.000
2025-12-05T03:25:01.032874,-1.500,-3.000,1.270,0.000
2025-12-05T03:25:01.050192,-1.500,-3.000,1.270,0.000
2025-12-05T03:25:01.070582,-1.500,-3.000,1.270,0.000
2025-12-05T03:25:01.083730,-1.500,-3.000,1.270,0.000
2025-12-05T03:25:01.099753,-1.500,-3.000,1.270,0.000
2025-12-05T03:25:01.116074,-1.500,-3.000,1.270,0.000
2025-12-05T03:25:01.132986,-1.500,-3.000,1.270,0.000
2025-12-05T03:25:01.148815,-1.500,-3.000,1.270,0.000
2025-12-05T03:25:01.164157,-1.500,-3.000,1.270,0.000
2025-12-05T03:25:01.178807,-1.500,-3.000,1.270,0.000
2025-12-05T03:25:01.197016,-1.500,-3.000,1.270,0.000
2025-12-05T03:25:01.210551,-1.500,-3.000,1.270,0.000
2025-12-05T03:25:01.226250,-1.500,-3.000,1.270,0.000
2025-12-05T03:25:01.241683,-1.500,-3.000,1.270,0.000
2025-12-05T03:25:01.259462,-1.500,-3.000,1.270,0.000
2025-12-05T03:25:01.277155,-1.500,-3.000,1.270,0.000
2025-12-05T03:25:01.294359,-1.500,-3.000,1.270,0.000
2025-12-05T03:25:01.310983,-1.500,-3.000,1.270,0.000
2025-12-05T03:25:01.328316,-1.500,-3.000,1.270,0.000
2025-12-05T03:25:01.346250,-1.500,-3.000,1.270,0.000
2025-12-05T03:25:01.363601,-1.500,-3.000,1.270,0.000
2025-12-05T03:25:01.380406,-1.500,-3.000,1.270,0.000
2025-12-05T03:25:01.395863,-1.500,-3.000,1.270,0.000
2025-12-05T03:25:01.411948,-1.500,-3.000,1.270,0.000
2025-12-05T03:25:01.428527,-1.500,-3.000,1.270,0.000
2025-12-05T03:25:01.444125,-1.500,-3.000,1.270,0.000
2025-12-05T03:25:01.459386,-1.500,-3.000,1.270,0.000
2025-12-05T03:25:01.475887,-1.500,-3.000,1.270,0.000
2025-12-05T03:25:01.493035,-1.500,-3.000,1.270,0.000
2025-12-05T03:25:01.509802,-1.500,-3.000,1.270,0.000
2025-12-05T03:25:01.526120,-1.500,-3.000,1.270,0.000
2025-12-05T03:25:01.544148,-1.500,-3.000,1.270,0.000
2025-12-05T03:25:01.563432,-1.500,-3.000,1.270,0.000
2025-12-05T03:25:01.581143,-1.500,-3.000,1.270,0.000
2025-12-05T03:25:01.599990,-1.500,-3.000,1.270,0.000
2025-12-05T03:25:01.616729,-1.500,-3.000,1.270,0.000
2025-12-05T03:25:01.635335,-1.500,-3.000,1.270,0.000
2025-12-05T03:25:01.652705,-1.500,-3.000,1.270,0.000
2025-12-05T03:25:01.669183,-1.500,-3.000,1.270,0.000
2025-12-05T03:25:01.684983,-1.500,-3.000,1.270,0.000
2025-12-05T03:25:01.701201,-1.500,-3.000,1.270,0.000
2025-12-05T03:25:01.712959,-1.500,-3.000,1.270,0.000
2025-12-05T03:25:01.729069,-1.500,-3.000,1.270,0.000
2025-12-05T03:25:01.746604,-1.500,-3.000,1.270,0.000
2025-12-05T03:25:01.761803,-1.500,-3.000,1.270,0.000
2025-12-05T03:25:01.776711,-1.500,-3.000,1.270,0.000
2025-12-05T03:25:01.792392,-1.500,-3.000,1.270,0.000
2025-12-05T03:25:01.809506,-1.500,-3.000,1.270,0.000
2025-12-05T03:25:01.832265,-1.500,-3.000,1.270,0.000
2025-12-05T03:25:01.848945,-1.500,-3.000,1.270,0.000
2025-12-05T03:25:01.863451,-1.500,-3.000,1.270,0.000
2025-12-05T03:25:01.880756,-1.500,-3.000,1.270,0.000
2025-12-05T03:25:01.897164,-1.500,-3.000,1.270,0.000
2025-12-05T03:25:01.912470,-1.500,-3.000,1.270,0.000
2025-12-05T03:25:01.927015,-1.500,-3.000,1.270,0.000
2025-12-05T03:25:01.942095,-1.500,-3.000,1.270,0.000
2025-12-05T03:25:01.957556,-1.500,-3.000,1.270,0.000
2025-12-05T03:25:01.970908,-1.500,-3.000,1.270,0.000
2025-12-05T03:25:01.988804,-1.500,-3.000,1.270,0.000
2025-12-05T03:25:02.004481,-1.500,-3.000,1.270,0.000
2025-12-05T03:25:02.020127,-1.500,-3.000,1.270,0.000
2025-12-05T03:25:02.036494,-1.500,-3.000,1.270,0.000
2025-12-05T03:25:02.054803,-1.500,-3.000,1.270,0.000
2025-12-05T03:25:02.072176,-1.500,-3.000,1.270,0.000
2025-12-05T03:25:02.088883,-1.500,-3.000,1.270,0.000
2025-12-05T03:25:02.106074,-1.500,-3.000,1.270,0.000
2025-12-05T03:25:02.123669,-1.500,-3.000,1.270,0.000
2025-12-05T03:25:02.139462,-1.500,-3.000,1.270,0.000
2025-12-05T03:25:02.155181,-1.500,-3.000,1.270,0.000
2025-12-05T03:25:02.171088,-1.500,-3.000,1.270,0.000
2025-12-05T03:25:02.187996,-1.500,-3.000,1.270,0.000
2025-12-05T03:25:02.202670,-1.500,-3.000,1.270,0.000
2025-12-05T03:25:02.218044,-1.500,-3.000,1.270,0.000
2025-12-05T03:25:02.232946,-1.500,-3.000,1.270,0.000
2025-12-05T03:25:02.251151,-1.500,-3.000,1.270,0.000
2025-12-05T03:25:02.266045,-1.500,-3.000,1.270,0.000
2025-12-05T03:25:02.282171,-1.500,-3.000,1.270,0.000
2025-12-05T03:25:02.298271,-1.500,-3.000,1.270,0.000
2025-12-05T03:25:02.315570,-1.500,-3.000,1.270,0.000
2025-12-05T03:25:02.333137,-1.500,-3.000,1.270,0.000
2025-12-05T03:25:02.351781,-1.500,-3.000,1.270,0.000
2025-12-05T03:25:02.369273,-1.500,-3.000,1.270,0.000
2025-12-05T03:25:02.387057,-1.500,-3.000,1.270,0.000
2025-12-05T03:25:02.404144,-1.500,-3.000,1.270,0.000
2025-12-05T03:25:02.421049,-1.500,-3.000,1.270,0.000
2025-12-05T03:25:02.435961,-1.500,-3.000,1.270,0.000
2025-12-05T03:25:02.456501,-1.500,-3.000,1.270,0.000
2025-12-05T03:25:02.470682,-1.500,-3.000,1.270,0.000
2025-12-05T03:25:02.485996,-1.500,-3.000,1.270,0.000
2025-12-05T03:25:02.497916,-1.500,-3.000,1.270,0.000
2025-12-05T03:25:02.513877,-1.500,-3.000,1.270,0.000
2025-12-05T03:25:02.527597,-1.500,-3.000,1.270,0.000
2025-12-05T03:25:02.543325,-1.500,-3.000,1.270,0.000
2025-12-05T03:25:02.559066,-1.500,-3.000,1.270,0.000
2025-12-05T03:25:02.573949,-1.500,-3.000,1.270,0.000
2025-12-05T03:25:02.592842,-1.500,-3.000,1.270,0.000
2025-12-05T03:25:02.610849,-1.500,-3.000,1.270,0.000
2025-12-05T03:25:02.627555,-1.500,-3.000,1.270,0.000
2025-12-05T03:25:02.645492,-1.500,-3.000,1.270,0.000
2025-12-05T03:25:02.665470,-1.500,-3.000,1.270,0.000
2025-12-05T03:25:02.682869,-1.500,-3.000,1.270,0.000
2025-12-05T03:25:02.700275,-1.500,-3.000,1.270,0.000
2025-12-05T03:25:02.715521,-1.500,-3.000,1.270,0.000
2025-12-05T03:25:02.731286,-1.500,-3.000,1.270,0.000
2025-12-05T03:25:02.748593,-1.500,-3.000,1.270,0.000
2025-12-05T03:25:02.762451,-1.500,-3.000,1.270,0.000
2025-12-05T03:25:02.777963,-1.500,-3.000,1.270,0.000
2025-12-05T03:25:02.792398,-1.500,-3.000,1.270,0.000
2025-12-05T03:25:02.807724,-1.500,-3.000,1.270,0.000
2025-12-05T03:25:02.823931,-1.500,-3.000,1.270,0.000
2025-12-05T03:25:02.840465,-1.500,-3.000,1.270,0.000
2025-12-05T03:25:02.858991,-1.500,-3.000,1.270,0.000
2025-12-05T03:25:02.874262,-1.500,-3.000,1.270,0.000
2025-12-05T03:25:02.891272,-1.500,-3.000,1.270,0.000
2025-12-05T03:25:02.909571,-1.500,-3.000,1.270,0.000
2025-12-05T03:25:02.928205,-1.500,-3.000,1.270,0.000
2025-12-05T03:25:02.946261,-1.500,-3.000,1.270,0.000
2025-12-05T03:25:02.962231,-1.500,-3.000,1.270,0.000
2025-12-05T03:25:02.980952,-1.500,-3.000,1.270,0.000
2025-12-05T03:25:02.996140,-1.500,-3.000,1.270,0.000
2025-12-05T03:25:03.013133,-1.500,-3.000,1.270,0.000
2025-12-05T03:25:03.029185,-1.500,-3.000,1.270,0.000
2025-12-05T03:25:03.045207,-1.500,-3.000,1.270,0.000
2025-12-05T03:25:03.060638,-1.500,-3.000,1.270,0.000
2025-12-05T03:25:03.083665,-1.500,-3.000,1.270,0.000
2025-12-05T03:25:03.095105,-1.500,-3.000,1.270,0.000
2025-12-05T03:25:03.108995,-1.500,-3.000,1.270,0.000
2025-12-05T03:25:03.122853,-1.500,-3.000,1.270,0.000
2025-12-05T03:25:03.138494,-1.500,-3.000,1.270,0.000
2025-12-05T03:25:03.154679,-1.500,-3.000,1.270,0.000
2025-12-05T03:25:03.171432,-1.500,-3.000,1.270,0.000
2025-12-05T03:25:03.189103,-1.500,-3.000,1.270,0.000
2025-12-05T03:25:03.207463,-1.500,-3.000,1.270,0.000
2025-12-05T03:25:03.224213,-1.500,-3.000,1.270,0.000
2025-12-05T03:25:03.240236,-1.500,-3.000,1.270,0.000
2025-12-05T03:25:03.259528,-1.500,-3.000,1.270,0.000
2025-12-05T03:25:03.274674,-1.500,-3.000,1.270,0.000
2025-12-05T03:25:03.292973,-1.500,-3.000,1.270,0.000
2025-12-05T03:25:03.309570,-1.500,-3.000,1.270,0.000
2025-12-05T03:25:03.326717,-1.500,-3.000,1.270,0.000
2025-12-05T03:25:03.342202,-1.500,-3.000,1.270,0.000
2025-12-05T03:25:03.356755,-1.500,-3.000,1.270,0.000
2025-12-05T03:25:03.371799,-1.500,-3.000,1.270,0.000
2025-12-05T03:25:03.385752,-1.500,-3.000,1.270,0.000
2025-12-05T03:25:03.401363,-1.500,-3.000,1.270,0.000
2025-12-05T03:25:03.415961,-1.500,-3.000,1.270,0.000
2025-12-05T03:25:03.432377,-1.500,-3.000,1.270,0.000
2025-12-05T03:25:03.449111,-1.500,-3.000,1.270,0.000
2025-12-05T03:25:03.466009,-1.500,-3.000,1.270,0.000
2025-12-05T03:25:03.483042,-1.500,-3.000,1.270,0.000
2025-12-05T03:25:03.500118,-1.500,-3.000,1.270,0.000
2025-12-05T03:25:03.518172,-1.500,-3.000,1.270,0.000
2025-12-05T03:25:03.538094,-1.500,-3.000,1.270,0.000
2025-12-05T03:25:03.555914,-1.500,-3.000,1.270,0.000
2025-12-05T03:25:03.573883,-1.500,-3.000,1.270,0.000
2025-12-05T03:25:03.593001,-1.500,-3.000,1.270,0.000
2025-12-05T03:25:03.607657,-1.500,-3.000,1.270,0.000
2025-12-05T03:25:03.623930,-1.500,-3.000,1.270,0.000
2025-12-05T03:25:03.638961,-1.500,-3.000,1.270,0.000
2025-12-05T03:25:03.653777,-1.500,-3.000,1.270,0.000
2025-12-05T03:25:03.669415,-1.500,-3.000,1.270,0.000
2025-12-05T03:25:03.680888,-1.500,-3.000,1.270,0.000
2025-12-05T03:25:03.706487,-1.500,-3.000,1.270,0.000
2025-12-05T03:25:03.718823,-1.500,-3.000,1.270,0.000
2025-12-05T03:25:03.735172,-1.500,-3.000,1.270,0.000
2025-12-05T03:25:03.751462,-1.500,-3.000,1.270,0.000
2025-12-05T03:25:03.767954,-1.500,-3.000,1.270,0.000
2025-12-05T03:25:03.785544,-1.500,-3.000,1.270,0.000
2025-12-05T03:25:03.801311,-1.500,-3.000,1.270,0.000
2025-12-05T03:25:03.818041,-1.500,-3.000,1.270,0.000
2025-12-05T03:25:03.837514,-1.500,-3.000,1.270,0.000
2025-12-05T03:25:03.852952,-1.500,-3.000,1.270,0.000
2025-12-05T03:25:03.867966,-1.500,-3.000,1.270,0.000
2025-12-05T03:25:03.880182,-1.500,-3.000,1.270,0.000
2025-12-05T03:25:03.895271,-1.500,-3.000,1.270,0.000
2025-12-05T03:25:03.910068,-1.500,-3.000,1.270,0.000
2025-12-05T03:25:03.926576,-1.500,-3.000,1.270,0.000
2025-12-05T03:25:03.943401,-1.500,-3.000,1.270,0.000
2025-12-05T03:25:03.961126,-1.500,-3.000,1.270,0.000
2025-12-05T03:25:03.979815,-1.500,-3.000,1.270,0.000
2025-12-05T03:25:03.998058,-1.500,-3.000,1.270,0.000
2025-12-05T03:25:04.021045,-1.500,-3.000,1.270,0.000
2025-12-05T03:25:04.038382,-1.500,-3.000,1.270,0.000
2025-12-05T03:25:04.054630,-1.500,-3.000,1.270,0.000
2025-12-05T03:25:04.078569,-1.500,-3.000,1.270,0.000
2025-12-05T03:25:04.095008,-1.500,-3.000,1.270,0.000
2025-12-05T03:25:04.109706,-1.500,-3.000,1.270,0.000
2025-12-05T03:25:04.123924,-1.500,-3.000,1.270,0.000
2025-12-05T03:25:04.138508,-1.500,-3.000,1.270,0.000
2025-12-05T03:25:04.152038,-1.500,-3.000,1.270,0.000
2025-12-05T03:25:04.165245,-1.500,-3.000,1.270,0.000
2025-12-05T03:25:04.183338,-1.500,-3.000,1.270,0.000
2025-12-05T03:25:04.197686,-1.500,-3.000,1.270,0.000
2025-12-05T03:25:04.212950,-1.491,-3.000,1.270,0.000
2025-12-05T03:25:04.231853,-1.482,-3.000,1.270,0.000
2025-12-05T03:25:04.245414,-1.473,-3.000,1.270,0.000
2025-12-05T03:25:04.261856,-1.464,-3.000,1.270,0.000
2025-12-05T03:25:04.278653,-1.455,-3.000,1.270,0.000
2025-12-05T03:25:04.295793,-1.446,-3.000,1.270,0.000
2025-12-05T03:25:04.312458,-1.436,-3.000,1.270,0.000
2025-12-05T03:25:04.332411,-1.427,-3.000,1.270,0.000
2025-12-05T03:25:04.347070,-1.418,-3.000,1.270,0.000
2025-12-05T03:25:04.366115,-1.409,-3.000,1.270,0.000
2025-12-05T03:25:04.383826,-1.399,-3.000,1.270,0.000
2025-12-05T03:25:04.403316,-1.390,-3.000,1.270,0.000
2025-12-05T03:25:04.415487,-1.381,-3.000,1.270,0.000
2025-12-05T03:25:04.431155,-1.371,-3.000,1.270,0.000
2025-12-05T03:25:04.446024,-1.362,-3.000,1.270,0.000
2025-12-05T03:25:04.462446,-1.352,-3.000,1.270,0.000
2025-12-05T03:25:04.477150,-1.343,-3.000,1.270,0.000
2025-12-05T03:25:04.492221,-1.334,-3.000,1.270,0.000
2025-12-05T03:25:04.508561,-1.324,-3.000,1.270,0.000
2025-12-05T03:25:04.525942,-1.315,-3.000,1.270,0.000
2025-12-05T03:25:04.542520,-1.305,-3.000,1.270,0.000
2025-12-05T03:25:04.559226,-1.296,-3.000,1.270,0.000
2025-12-05T03:25:04.576904,-1.286,-3.000,1.270,0.000
2025-12-05T03:25:04.595776,-1.277,-3.000,1.270,0.000
2025-12-05T03:25:04.613637,-1.268,-3.000,1.270,0.000
2025-12-05T03:25:04.629846,-1.258,-3.000,1.270,0.000
2025-12-05T03:25:04.647129,-1.249,-3.000,1.270,0.000
2025-12-05T03:25:04.664922,-1.239,-3.000,1.270,0.000
2025-12-05T03:25:04.680347,-1.230,-3.000,1.270,0.000
2025-12-05T03:25:04.696565,-1.220,-3.000,1.270,0.000
2025-12-05T03:25:04.710117,-1.210,-3.000,1.270,0.000
2025-12-05T03:25:04.723840,-1.201,-3.000,1.270,0.000
2025-12-05T03:25:04.740056,-1.191,-3.000,1.270,0.000
2025-12-05T03:25:04.754826,-1.182,-3.000,1.270,0.000
2025-12-05T03:25:04.771802,-1.172,-3.000,1.270,0.000
2025-12-05T03:25:04.789546,-1.163,-3.000,1.270,0.000
2025-12-05T03:25:04.805522,-1.153,-3.000,1.270,0.000
2025-12-05T03:25:04.824296,-1.144,-3.000,1.270,0.000
2025-12-05T03:25:04.842393,-1.134,-3.000,1.270,0.000
2025-12-05T03:25:04.859380,-1.125,-3.000,1.270,0.000
2025-12-05T03:25:04.875751,-1.115,-3.000,1.270,0.000
2025-12-05T03:25:04.893960,-1.105,-3.000,1.270,0.000
2025-12-05T03:25:04.910800,-1.096,-3.000,1.270,0.000
2025-12-05T03:25:04.927210,-1.086,-3.000,1.270,0.000
2025-12-05T03:25:04.947856,-1.077,-3.000,1.270,0.000
2025-12-05T03:25:04.960567,-1.067,-3.000,1.270,0.000
2025-12-05T03:25:04.975110,-1.057,-3.000,1.270,0.000
2025-12-05T03:25:04.989178,-1.048,-3.000,1.270,0.000
2025-12-05T03:25:05.004192,-1.038,-3.000,1.270,0.000
2025-12-05T03:25:05.020084,-1.029,-3.000,1.270,0.000
2025-12-05T03:25:05.035957,-1.019,-3.000,1.270,0.000
2025-12-05T03:25:05.053151,-1.009,-3.000,1.270,0.000
2025-12-05T03:25:05.068683,-1.000,-3.000,1.270,0.000
2025-12-05T03:25:05.085324,-0.990,-3.000,1.270,0.000
2025-12-05T03:25:05.106356,-0.980,-3.000,1.270,0.000
2025-12-05T03:25:05.122413,-0.971,-3.000,1.270,0.000
2025-12-05T03:25:05.141042,-0.961,-3.000,1.270,0.000
2025-12-05T03:25:05.159038,-0.952,-3.000,1.270,0.000
2025-12-05T03:25:05.176148,-0.942,-3.000,1.270,0.000
2025-12-05T03:25:05.194879,-0.932,-3.000,1.270,0.000
2025-12-05T03:25:05.210203,-0.923,-3.000,1.270,0.000
2025-12-05T03:25:05.226296,-0.913,-3.000,1.270,0.000
2025-12-05T03:25:05.240499,-0.903,-3.000,1.270,0.000
2025-12-05T03:25:05.256300,-0.894,-3.000,1.270,0.000
2025-12-05T03:25:05.274478,-0.884,-3.000,1.270,0.000
2025-12-05T03:25:05.288554,-0.874,-3.000,1.270,0.000
2025-12-05T03:25:05.301617,-0.865,-3.000,1.270,0.000
2025-12-05T03:25:05.320472,-0.855,-3.000,1.270,0.000
2025-12-05T03:25:05.336951,-0.845,-3.000,1.270,0.000
2025-12-05T03:25:05.354284,-0.836,-3.000,1.270,0.000
2025-12-05T03:25:05.371330,-0.826,-3.000,1.270,0.000
2025-12-05T03:25:05.388169,-0.816,-3.000,1.270,0.000
2025-12-05T03:25:05.406720,-0.807,-3.000,1.270,0.000
2025-12-05T03:25:05.424840,-0.797,-3.000,1.270,0.000
2025-12-05T03:25:05.441948,-0.787,-3.000,1.270,0.000
2025-12-05T03:25:05.457558,-0.778,-3.000,1.270,0.000
2025-12-05T03:25:05.471419,-0.768,-3.000,1.270,0.000
2025-12-05T03:25:05.485362,-0.758,-3.000,1.270,0.000
2025-12-05T03:25:05.499689,-0.758,-3.000,1.270,0.014
2025-12-05T03:25:05.516348,-0.757,-3.000,1.270,0.029
2025-12-05T03:25:05.530482,-0.756,-3.000,1.270,0.043
2025-12-05T03:25:05.547294,-0.756,-3.000,1.270,0.058
2025-12-05T03:25:05.567719,-0.755,-3.000,1.270,0.072
2025-12-05T03:25:05.583168,-0.754,-3.000,1.270,0.086
2025-12-05T03:25:05.599483,-0.754,-3.000,1.270,0.101
2025-12-05T03:25:05.618098,-0.753,-3.000,1.270,0.115
2025-12-05T03:25:05.634418,-0.753,-3.000,1.270,0.129
2025-12-05T03:25:05.652025,-0.752,-3.000,1.270,0.144
2025-12-05T03:25:05.668825,-0.752,-3.000,1.270,0.158
2025-12-05T03:25:05.684383,-0.751,-3.000,1.270,0.172
2025-12-05T03:25:05.701163,-0.751,-3.000,1.270,0.186
2025-12-05T03:25:05.715502,-0.750,-3.000,1.270,0.200
2025-12-05T03:25:05.731976,-0.750,-3.000,1.270,0.214
2025-12-05T03:25:05.749401,-0.749,-3.000,1.270,0.228
2025-12-05T03:25:05.766871,-0.749,-3.000,1.270,0.242
2025-12-05T03:25:05.785569,-0.749,-3.000,1.270,0.256
2025-12-05T03:25:05.802603,-0.748,-3.000,1.270,0.270
2025-12-05T03:25:05.822425,-0.748,-3.000,1.270,0.284
2025-12-05T03:25:05.838044,-0.747,-3.000,1.270,0.298
2025-12-05T03:25:05.857460,-0.740,-2.995,1.270,0.298
2025-12-05T03:25:05.878843,-0.732,-2.990,1.270,0.298
2025-12-05T03:25:05.894449,-0.724,-2.985,1.270,0.298
2025-12-05T03:25:05.909000,-0.716,-2.980,1.270,0.298
2025-12-05T03:25:05.925021,-0.709,-2.974,1.270,0.298
2025-12-05T03:25:05.940971,-0.701,-2.969,1.270,0.298
2025-12-05T03:25:05.955538,-0.693,-2.964,1.270,0.298
2025-12-05T03:25:05.972799,-0.685,-2.959,1.270,0.298
2025-12-05T03:25:05.987667,-0.678,-2.954,1.270,0.298
2025-12-05T03:25:06.004405,-0.670,-2.948,1.270,0.298
2025-12-05T03:25:06.018184,-0.662,-2.943,1.270,0.298
2025-12-05T03:25:06.035015,-0.654,-2.938,1.270,0.298
2025-12-05T03:25:06.050431,-0.646,-2.933,1.270,0.298
2025-12-05T03:25:06.070144,-0.639,-2.928,1.270,0.298
2025-12-05T03:25:06.084208,-0.631,-2.922,1.270,0.298
2025-12-05T03:25:06.100190,-0.623,-2.917,1.270,0.298
2025-12-05T03:25:06.120259,-0.615,-2.912,1.270,0.298
2025-12-05T03:25:06.137395,-0.607,-2.906,1.270,0.298
2025-12-05T03:25:06.155791,-0.599,-2.901,1.270,0.298
2025-12-05T03:25:06.173429,-0.592,-2.896,1.270,0.298
2025-12-05T03:25:06.191586,-0.584,-2.891,1.270,0.298
2025-12-05T03:25:06.207717,-0.576,-2.885,1.270,0.298
2025-12-05T03:25:06.222591,-0.568,-2.880,1.270,0.298
2025-12-05T03:25:06.236501,-0.560,-2.875,1.270,0.298
2025-12-05T03:25:06.251081,-0.552,-2.869,1.270,0.298
2025-12-05T03:25:06.265268,-0.544,-2.864,1.270,0.298
2025-12-05T03:25:06.279351,-0.537,-2.859,1.270,0.298
2025-12-05T03:25:06.293837,-0.529,-2.853,1.270,0.298
2025-12-05T03:25:06.310371,-0.528,-2.853,1.270,0.312
2025-12-05T03:25:06.324073,-0.528,-2.853,1.270,0.325
2025-12-05T03:25:06.340713,-0.527,-2.852,1.270,0.339
2025-12-05T03:25:06.356546,-0.527,-2.852,1.270,0.352
2025-12-05T03:25:06.374465,-0.526,-2.852,1.270,0.366
2025-12-05T03:25:06.392939,-0.526,-2.852,1.270,0.379
2025-12-05T03:25:06.409795,-0.525,-2.851,1.270,0.392
2025-12-05T03:25:06.427163,-0.525,-2.851,1.270,0.406
2025-12-05T03:25:06.445000,-0.525,-2.851,1.270,0.419
2025-12-05T03:25:06.461790,-0.524,-2.851,1.270,0.432
2025-12-05T03:25:06.479718,-0.524,-2.851,1.270,0.445
2025-12-05T03:25:06.503328,-0.523,-2.851,1.270,0.458
2025-12-05T03:25:06.520713,-0.523,-2.850,1.270,0.470
2025-12-05T03:25:06.533421,-0.523,-2.850,1.270,0.483
2025-12-05T03:25:06.549330,-0.522,-2.850,1.270,0.495
2025-12-05T03:25:06.562450,-0.522,-2.850,1.270,0.508
2025-12-05T03:25:06.576280,-0.522,-2.850,1.270,0.520
2025-12-05T03:25:06.591269,-0.522,-2.850,1.270,0.533
2025-12-05T03:25:06.604020,-0.521,-2.849,1.270,0.545
2025-12-05T03:25:06.620191,-0.517,-2.841,1.270,0.545
2025-12-05T03:25:06.635948,-0.513,-2.833,1.270,0.545
2025-12-05T03:25:06.650709,-0.510,-2.824,1.270,0.545
2025-12-05T03:25:06.667898,-0.506,-2.816,1.270,0.545
2025-12-05T03:25:06.684848,-0.502,-2.808,1.270,0.545
2025-12-05T03:25:06.701339,-0.498,-2.799,1.270,0.545
2025-12-05T03:25:06.718125,-0.494,-2.791,1.270,0.545
2025-12-05T03:25:06.736245,-0.490,-2.782,1.270,0.545
2025-12-05T03:25:06.754601,-0.486,-2.774,1.270,0.545
2025-12-05T03:25:06.772360,-0.482,-2.765,1.270,0.545
2025-12-05T03:25:06.789896,-0.482,-2.765,1.270,0.557
2025-12-05T03:25:06.805888,-0.482,-2.765,1.270,0.569
2025-12-05T03:25:06.823002,-0.481,-2.765,1.270,0.580
2025-12-05T03:25:06.839432,-0.481,-2.764,1.270,0.592
2025-12-05T03:25:06.854642,-0.481,-2.764,1.270,0.604
2025-12-05T03:25:06.870529,-0.481,-2.764,1.270,0.615
2025-12-05T03:25:06.884345,-0.480,-2.763,1.270,0.626
2025-12-05T03:25:06.901276,-0.480,-2.763,1.270,0.637
2025-12-05T03:25:06.915452,-0.480,-2.763,1.270,0.648
2025-12-05T03:25:06.933087,-0.480,-2.763,1.270,0.659
2025-12-05T03:25:06.949440,-0.480,-2.763,1.270,0.670
2025-12-05T03:25:06.969086,-0.479,-2.762,1.270,0.681
2025-12-05T03:25:06.986675,-0.479,-2.762,1.270,0.691
2025-12-05T03:25:07.004678,-0.479,-2.762,1.270,0.702
2025-12-05T03:25:07.023701,-0.479,-2.762,1.270,0.712
2025-12-05T03:25:07.041942,-0.479,-2.762,1.270,0.722
2025-12-05T03:25:07.059129,-0.478,-2.761,1.270,0.732
2025-12-05T03:25:07.079494,-0.478,-2.761,1.270,0.741
2025-12-05T03:25:07.094744,-0.478,-2.761,1.270,0.751
2025-12-05T03:25:07.109822,-0.478,-2.761,1.270,0.760
2025-12-05T03:25:07.124931,-0.478,-2.761,1.270,0.770
2025-12-05T03:25:07.140081,-0.478,-2.761,1.270,0.779
2025-12-05T03:25:07.154230,-0.478,-2.761,1.270,0.788
2025-12-05T03:25:07.168012,-0.478,-2.760,1.270,0.797
2025-12-05T03:25:07.182227,-0.477,-2.760,1.270,0.805
2025-12-05T03:25:07.198384,-0.477,-2.760,1.270,0.814
2025-12-05T03:25:07.213596,-0.477,-2.760,1.270,0.822
2025-12-05T03:25:07.231154,-0.477,-2.760,1.270,0.830
2025-12-05T03:25:07.245461,-0.477,-2.760,1.270,0.838
2025-12-05T03:25:07.263341,-0.477,-2.760,1.270,0.846
2025-12-05T03:25:07.283642,-0.477,-2.760,1.270,0.853
2025-12-05T03:25:07.296842,-0.477,-2.759,1.270,0.861
2025-12-05T03:25:07.312968,-0.481,-2.752,1.270,0.861
2025-12-05T03:25:07.333995,-0.485,-2.744,1.270,0.861
2025-12-05T03:25:07.353936,-0.489,-2.736,1.270,0.861
2025-12-05T03:25:07.367577,-0.494,-2.728,1.270,0.861
2025-12-05T03:25:07.384423,-0.498,-2.720,1.270,0.861
2025-12-05T03:25:07.399169,-0.502,-2.712,1.270,0.861
2025-12-05T03:25:07.420538,-0.507,-2.703,1.270,0.861
2025-12-05T03:25:07.433663,-0.511,-2.695,1.270,0.861
2025-12-05T03:25:07.447365,-0.515,-2.687,1.270,0.861
2025-12-05T03:25:07.462779,-0.520,-2.679,1.270,0.861
2025-12-05T03:25:07.478471,-0.524,-2.671,1.270,0.861
2025-12-05T03:25:07.494941,-0.528,-2.663,1.270,0.861
2025-12-05T03:25:07.509377,-0.533,-2.655,1.270,0.861
2025-12-05T03:25:07.526433,-0.537,-2.647,1.270,0.861
2025-12-05T03:25:07.543155,-0.541,-2.638,1.270,0.861
2025-12-05T03:25:07.561115,-0.546,-2.630,1.270,0.861
2025-12-05T03:25:07.577994,-0.550,-2.622,1.270,0.861
2025-12-05T03:25:07.597374,-0.555,-2.614,1.270,0.861
2025-12-05T03:25:07.609453,-0.559,-2.606,1.270,0.861
2025-12-05T03:25:07.627483,-0.564,-2.598,1.270,0.861
2025-12-05T03:25:07.644361,-0.568,-2.589,1.270,0.861
2025-12-05T03:25:07.661349,-0.572,-2.581,1.270,0.861
2025-12-05T03:25:07.677725,-0.577,-2.573,1.270,0.861
2025-12-05T03:25:07.692833,-0.581,-2.565,1.270,0.861
2025-12-05T03:25:07.706275,-0.586,-2.556,1.270,0.861
2025-12-05T03:25:07.722599,-0.590,-2.548,1.270,0.861
2025-12-05T03:25:07.738100,-0.595,-2.540,1.270,0.861
2025-12-05T03:25:07.754421,-0.599,-2.531,1.270,0.861
2025-12-05T03:25:07.773252,-0.604,-2.523,1.270,0.861
2025-12-05T03:25:07.794846,-0.608,-2.515,1.270,0.861
2025-12-05T03:25:07.807580,-0.613,-2.506,1.270,0.861
2025-12-05T03:25:07.826736,-0.617,-2.498,1.270,0.861
2025-12-05T03:25:07.842469,-0.622,-2.490,1.270,0.861
2025-12-05T03:25:07.859473,-0.627,-2.482,1.270,0.861
2025-12-05T03:25:07.875918,-0.631,-2.473,1.270,0.861
2025-12-05T03:25:07.892605,-0.636,-2.465,1.270,0.861
2025-12-05T03:25:07.908381,-0.640,-2.456,1.270,0.861
2025-12-05T03:25:07.924908,-0.645,-2.448,1.270,0.861
2025-12-05T03:25:07.939569,-0.649,-2.440,1.270,0.861
2025-12-05T03:25:07.956635,-0.654,-2.431,1.270,0.861
2025-12-05T03:25:07.972571,-0.658,-2.423,1.270,0.861
2025-12-05T03:25:07.991498,-0.663,-2.415,1.270,0.861
2025-12-05T03:25:08.008483,-0.668,-2.406,1.270,0.861
2025-12-05T03:25:08.025512,-0.672,-2.398,1.270,0.861
2025-12-05T03:25:08.043054,-0.677,-2.389,1.270,0.861
2025-12-05T03:25:08.060736,-0.681,-2.381,1.270,0.861
2025-12-05T03:25:08.079382,-0.686,-2.373,1.270,0.861
2025-12-05T03:25:08.094462,-0.690,-2.364,1.270,0.861
2025-12-05T03:25:08.111076,-0.695,-2.356,1.270,0.861
2025-12-05T03:25:08.126560,-0.700,-2.347,1.270,0.861
2025-12-05T03:25:08.143058,-0.704,-2.339,1.270,0.861
2025-12-05T03:25:08.157909,-0.709,-2.331,1.270,0.861
2025-12-05T03:25:08.175319,-0.713,-2.322,1.270,0.861
2025-12-05T03:25:08.192923,-0.718,-2.314,1.270,0.861
2025-12-05T03:25:08.208290,-0.718,-2.313,1.270,0.853
2025-12-05T03:25:08.228020,-0.719,-2.313,1.270,0.846
2025-12-05T03:25:08.243680,-0.719,-2.312,1.270,0.838
2025-12-05T03:25:08.259262,-0.719,-2.312,1.270,0.830
2025-12-05T03:25:08.273887,-0.719,-2.311,1.270,0.822
2025-12-05T03:25:08.289288,-0.720,-2.311,1.270,0.814
2025-12-05T03:25:08.303437,-0.720,-2.310,1.270,0.805
2025-12-05T03:25:08.318795,-0.720,-2.310,1.270,0.797
2025-12-05T03:25:08.341498,-0.720,-2.309,1.270,0.788
2025-12-05T03:25:08.357384,-0.721,-2.309,1.270,0.779
2025-12-05T03:25:08.370674,-0.721,-2.308,1.270,0.770
2025-12-05T03:25:08.391615,-0.721,-2.308,1.270,0.760
2025-12-05T03:25:08.409160,-0.721,-2.308,1.270,0.751
2025-12-05T03:25:08.425976,-0.721,-2.307,1.270,0.741
2025-12-05T03:25:08.440792,-0.722,-2.307,1.270,0.732
2025-12-05T03:25:08.459067,-0.722,-2.307,1.270,0.722
2025-12-05T03:25:08.474902,-0.722,-2.306,1.270,0.712
2025-12-05T03:25:08.487742,-0.722,-2.306,1.270,0.702
2025-12-05T03:25:08.503084,-0.722,-2.306,1.270,0.691
2025-12-05T03:25:08.518784,-0.722,-2.305,1.270,0.681
2025-12-05T03:25:08.534792,-0.723,-2.305,1.270,0.670
2025-12-05T03:25:08.552958,-0.723,-2.305,1.270,0.659
2025-12-05T03:25:08.569235,-0.723,-2.305,1.270,0.648
2025-12-05T03:25:08.588190,-0.723,-2.304,1.270,0.637
2025-12-05T03:25:08.603915,-0.723,-2.304,1.270,0.626
2025-12-05T03:25:08.623236,-0.723,-2.304,1.270,0.615
2025-12-05T03:25:08.646451,-0.723,-2.304,1.270,0.604
2025-12-05T03:25:08.661003,-0.723,-2.304,1.270,0.604
2025-12-05T03:25:08.677668,-0.723,-2.304,1.270,0.604
2025-12-05T03:25:08.694325,-0.723,-2.304,1.270,0.604
2025-12-05T03:25:08.709854,-0.723,-2.304,1.270,0.604
2025-12-05T03:25:08.725164,-0.723,-2.304,1.270,0.604
2025-12-05T03:25:08.740496,-0.723,-2.304,1.270,0.604
2025-12-05T03:25:08.755740,-0.723,-2.304,1.270,0.604
2025-12-05T03:25:08.770791,-0.723,-2.304,1.270,0.604
2025-12-05T03:25:08.786488,-0.723,-2.304,1.270,0.604
2025-12-05T03:25:08.798671,-0.723,-2.304,1.270,0.604
2025-12-05T03:25:08.814474,-0.723,-2.304,1.270,0.604
2025-12-05T03:25:08.830674,-0.723,-2.304,1.270,0.604
2025-12-05T03:25:08.847409,-0.723,-2.304,1.270,0.604
2025-12-05T03:25:08.865418,-0.723,-2.304,1.270,0.604
2025-12-05T03:25:08.884078,-0.723,-2.304,1.270,0.604
2025-12-05T03:25:08.901534,-0.722,-2.292,1.270,0.604
2025-12-05T03:25:08.920303,-0.720,-2.283,1.270,0.604
2025-12-05T03:25:08.937702,-0.718,-2.274,1.270,0.604
2025-12-05T03:25:08.955797,-0.715,-2.266,1.270,0.604
2025-12-05T03:25:08.972671,-0.713,-2.257,1.270,0.604
2025-12-05T03:25:08.990937,-0.710,-2.248,1.270,0.604
2025-12-05T03:25:09.006931,-0.708,-2.239,1.270,0.604
2025-12-05T03:25:09.021675,-0.705,-2.230,1.270,0.604
2025-12-05T03:25:09.036099,-0.703,-2.221,1.270,0.604
2025-12-05T03:25:09.050283,-0.701,-2.212,1.270,0.604
2025-12-05T03:25:09.067421,-0.698,-2.202,1.270,0.604
2025-12-05T03:25:09.081866,-0.696,-2.193,1.270,0.604
2025-12-05T03:25:09.098834,-0.693,-2.184,1.270,0.604
2025-12-05T03:25:09.115912,-0.691,-2.175,1.270,0.604
2025-12-05T03:25:09.134097,-0.688,-2.166,1.270,0.604
2025-12-05T03:25:09.151890,-0.686,-2.157,1.270,0.604
2025-12-05T03:25:09.168065,-0.683,-2.148,1.270,0.604
2025-12-05T03:25:09.188095,-0.681,-2.139,1.270,0.604
2025-12-05T03:25:09.205510,-0.678,-2.130,1.270,0.604
2025-12-05T03:25:09.224609,-0.676,-2.120,1.270,0.604
2025-12-05T03:25:09.242506,-0.673,-2.111,1.270,0.604
2025-12-05T03:25:09.260207,-0.670,-2.102,1.270,0.604
2025-12-05T03:25:09.275334,-0.668,-2.093,1.270,0.604
2025-12-05T03:25:09.292015,-0.665,-2.084,1.270,0.604
2025-12-05T03:25:09.308889,-0.663,-2.075,1.270,0.604
2025-12-05T03:25:09.322629,-0.660,-2.065,1.270,0.604
2025-12-05T03:25:09.336698,-0.658,-2.056,1.270,0.604
2025-12-05T03:25:09.352113,-0.655,-2.047,1.270,0.604
2025-12-05T03:25:09.366388,-0.653,-2.038,1.270,0.604
2025-12-05T03:25:09.382144,-0.650,-2.029,1.270,0.604
2025-12-05T03:25:09.398409,-0.648,-2.019,1.270,0.604
2025-12-05T03:25:09.416926,-0.645,-2.010,1.270,0.604
2025-12-05T03:25:09.436688,-0.642,-2.001,1.270,0.604
2025-12-05T03:25:09.453918,-0.640,-1.992,1.270,0.604
2025-12-05T03:25:09.473381,-0.637,-1.982,1.270,0.604
2025-12-05T03:25:09.491018,-0.635,-1.973,1.270,0.604
2025-12-05T03:25:09.508648,-0.632,-1.964,1.270,0.604
2025-12-05T03:25:09.526092,-0.630,-1.955,1.270,0.604
2025-12-05T03:25:09.542033,-0.627,-1.945,1.270,0.604
2025-12-05T03:25:09.556970,-0.624,-1.936,1.270,0.604
2025-12-05T03:25:09.585394,-0.622,-1.927,1.270,0.604
2025-12-05T03:25:09.602351,-0.619,-1.918,1.270,0.604
2025-12-05T03:25:09.615370,-0.617,-1.908,1.270,0.604
2025-12-05T03:25:09.628662,-0.614,-1.899,1.270,0.604
2025-12-05T03:25:09.642017,-0.611,-1.890,1.270,0.604
2025-12-05T03:25:09.655242,-0.609,-1.881,1.270,0.604
2025-12-05T03:25:09.669451,-0.606,-1.871,1.270,0.604
2025-12-05T03:25:09.684561,-0.604,-1.862,1.270,0.604
2025-12-05T03:25:09.694976,-0.601,-1.853,1.270,0.604
2025-12-05T03:25:09.711582,-0.599,-1.844,1.270,0.604
2025-12-05T03:25:09.726303,-0.596,-1.834,1.270,0.604
2025-12-05T03:25:09.739701,-0.593,-1.825,1.270,0.604
2025-12-05T03:25:09.753930,-0.593,-1.825,1.270,0.604
2025-12-05T03:25:09.769928,-0.593,-1.825,1.270,0.604
2025-12-05T03:25:09.786748,-0.593,-1.825,1.270,0.604
2025-12-05T03:25:09.806661,-0.593,-1.825,1.270,0.604
2025-12-05T03:25:09.823749,-0.593,-1.825,1.270,0.604
2025-12-05T03:25:09.841850,-0.593,-1.825,1.270,0.604
2025-12-05T03:25:09.859021,-0.593,-1.825,1.270,0.604
2025-12-05T03:25:09.878471,-0.593,-1.825,1.270,0.604
2025-12-05T03:25:09.895335,-0.593,-1.825,1.270,0.604
2025-12-05T03:25:09.912375,-0.593,-1.825,1.270,0.604
2025-12-05T03:25:09.929245,-0.593,-1.825,1.270,0.604
2025-12-05T03:25:09.945020,-0.593,-1.825,1.270,0.604
2025-12-05T03:25:09.959466,-0.593,-1.825,1.270,0.604
2025-12-05T03:25:09.974414,-0.593,-1.825,1.270,0.604
2025-12-05T03:25:09.989445,-0.593,-1.825,1.270,0.604
2025-12-05T03:25:10.005966,-0.593,-1.825,1.270,0.604
2025-12-05T03:25:10.020007,-0.593,-1.825,1.270,0.604
2025-12-05T03:25:10.036899,-0.593,-1.825,1.270,0.604
2025-12-05T03:25:10.052584,-0.593,-1.825,1.270,0.604
2025-12-05T03:25:10.074488,-0.593,-1.825,1.270,0.604
2025-12-05T03:25:10.104264,-0.593,-1.825,1.270,0.604
2025-12-05T03:25:10.121205,-0.593,-1.825,1.270,0.604
2025-12-05T03:25:10.139262,-0.593,-1.825,1.270,0.604
2025-12-05T03:25:10.155400,-0.593,-1.825,1.270,0.604
2025-12-05T03:25:10.172460,-0.593,-1.825,1.270,0.604
2025-12-05T03:25:10.188385,-0.593,-1.825,1.270,0.604
2025-12-05T03:25:10.202242,-0.593,-1.825,1.270,0.604
2025-12-05T03:25:10.216348,-0.593,-1.825,1.270,0.604
2025-12-05T03:25:10.229889,-0.593,-1.825,1.270,0.604
2025-12-05T03:25:10.243687,-0.593,-1.825,1.270,0.604
2025-12-05T03:25:10.257253,-0.593,-1.825,1.270,0.604
2025-12-05T03:25:10.274035,-0.593,-1.825,1.270,0.604
2025-12-05T03:25:10.287692,-0.593,-1.825,1.270,0.604
2025-12-05T03:25:10.306100,-0.593,-1.825,1.270,0.604
2025-12-05T03:25:10.323445,-0.593,-1.825,1.270,0.604
2025-12-05T03:25:10.342566,-0.593,-1.825,1.270,0.604
2025-12-05T03:25:10.358487,-0.593,-1.825,1.270,0.604
2025-12-05T03:25:10.375850,-0.593,-1.825,1.270,0.604
2025-12-05T03:25:10.394603,-0.593,-1.825,1.270,0.604
2025-12-05T03:25:10.412910,-0.593,-1.825,1.270,0.604
2025-12-05T03:25:10.428134,-0.593,-1.825,1.270,0.604
2025-12-05T03:25:10.444565,-0.593,-1.825,1.270,0.604
2025-12-05T03:25:10.458908,-0.593,-1.825,1.270,0.604
2025-12-05T03:25:10.476101,-0.593,-1.825,1.270,0.604
2025-12-05T03:25:10.496254,-0.593,-1.825,1.270,0.604
2025-12-05T03:25:10.509374,-0.593,-1.825,1.270,0.604
2025-12-05T03:25:10.523247,-0.593,-1.825,1.270,0.604
2025-12-05T03:25:10.539528,-0.593,-1.825,1.270,0.604
2025-12-05T03:25:10.552810,-0.593,-1.825,1.270,0.604
2025-12-05T03:25:10.568623,-0.593,-1.825,1.270,0.604
2025-12-05T03:25:10.584230,-0.593,-1.825,1.270,0.604
2025-12-05T03:25:10.602972,-0.593,-1.825,1.270,0.604
2025-12-05T03:25:10.618110,-0.593,-1.825,1.270,0.604
2025-12-05T03:25:10.634911,-0.593,-1.825,1.270,0.604
2025-12-05T03:25:10.652901,-0.593,-1.825,1.270,0.604
2025-12-05T03:25:10.670972,-0.593,-1.825,1.270,0.604
2025-12-05T03:25:10.690285,-0.593,-1.825,1.270,0.604
2025-12-05T03:25:10.706140,-0.593,-1.825,1.270,0.604
2025-12-05T03:25:10.723277,-0.593,-1.825,1.270,0.604
2025-12-05T03:25:10.740532,-0.593,-1.825,1.270,0.604
2025-12-05T03:25:10.757368,-0.593,-1.825,1.270,0.604
2025-12-05T03:25:10.773684,-0.593,-1.825,1.270,0.604
2025-12-05T03:25:10.789304,-0.593,-1.825,1.270,0.604
2025-12-05T03:25:10.803611,-0.593,-1.825,1.270,0.604
2025-12-05T03:25:10.817296,-0.593,-1.825,1.270,0.604
2025-12-05T03:25:10.832108,-0.593,-1.825,1.270,0.604
2025-12-05T03:25:10.848402,-0.593,-1.825,1.270,0.604
2025-12-05T03:25:10.864312,-0.593,-1.825,1.270,0.604
2025-12-05T03:25:10.881009,-0.593,-1.825,1.270,0.604
2025-12-05T03:25:10.897460,-0.593,-1.825,1.270,0.604
2025-12-05T03:25:10.915163,-0.593,-1.825,1.270,0.604
2025-12-05T03:25:10.933033,-0.593,-1.825,1.270,0.604
2025-12-05T03:25:10.950234,-0.593,-1.825,1.270,0.604
2025-12-05T03:25:10.966069,-0.593,-1.825,1.270,0.604
2025-12-05T03:25:10.984492,-0.593,-1.825,1.270,0.604
2025-12-05T03:25:11.001408,-0.593,-1.825,1.270,0.604
2025-12-05T03:25:11.016457,-0.593,-1.825,1.270,0.604
2025-12-05T03:25:11.034373,-0.593,-1.825,1.270,0.604
2025-12-05T03:25:11.049954,-0.593,-1.825,1.270,0.604
2025-12-05T03:25:11.065064,-0.593,-1.825,1.270,0.604
2025-12-05T03:25:11.080644,-0.593,-1.825,1.270,0.604
2025-12-05T03:25:11.096847,-0.593,-1.825,1.270,0.604
2025-12-05T03:25:11.119022,-0.593,-1.825,1.270,0.604
2025-12-05T03:25:11.135717,-0.593,-1.825,1.270,0.604
2025-12-05T03:25:11.152341,-0.593,-1.825,1.270,0.604
2025-12-05T03:25:11.168121,-0.593,-1.825,1.270,0.604
2025-12-05T03:25:11.185489,-0.593,-1.825,1.270,0.604
2025-12-05T03:25:11.198685,-0.593,-1.825,1.270,0.604
2025-12-05T03:25:11.213416,-0.593,-1.825,1.270,0.604
2025-12-05T03:25:11.229990,-0.593,-1.825,1.270,0.604
2025-12-05T03:25:11.243992,-0.593,-1.825,1.270,0.604
2025-12-05T03:25:11.259399,-0.593,-1.825,1.270,0.604
2025-12-05T03:25:11.274325,-0.593,-1.825,1.270,0.604
2025-12-05T03:25:11.291140,-0.593,-1.825,1.270,0.604
2025-12-05T03:25:11.307606,-0.593,-1.825,1.270,0.604
2025-12-05T03:25:11.324152,-0.593,-1.825,1.270,0.604
2025-12-05T03:25:11.340440,-0.593,-1.825,1.270,0.604
2025-12-05T03:25:11.358186,-0.593,-1.825,1.270,0.604
2025-12-05T03:25:11.377369,-0.593,-1.825,1.270,0.604
2025-12-05T03:25:11.394524,-0.593,-1.825,1.270,0.604
2025-12-05T03:25:11.412791,-0.593,-1.825,1.270,0.604
2025-12-05T03:25:11.429226,-0.593,-1.825,1.270,0.604
2025-12-05T03:25:11.444883,-0.593,-1.825,1.270,0.604
2025-12-05T03:25:11.461938,-0.593,-1.825,1.270,0.604
2025-12-05T03:25:11.477238,-0.593,-1.825,1.270,0.604
2025-12-05T03:25:11.492922,-0.593,-1.825,1.270,0.604
2025-12-05T03:25:11.507059,-0.593,-1.825,1.270,0.604
2025-12-05T03:25:11.524137,-0.593,-1.825,1.270,0.604
2025-12-05T03:25:11.539435,-0.593,-1.825,1.270,0.604
2025-12-05T03:25:11.556440,-0.593,-1.825,1.270,0.604
2025-12-05T03:25:11.573384,-0.593,-1.825,1.270,0.604
2025-12-05T03:25:11.590950,-0.593,-1.825,1.270,0.604
2025-12-05T03:25:11.607451,-0.593,-1.825,1.270,0.604
2025-12-05T03:25:11.625177,-0.593,-1.825,1.270,0.604
2025-12-05T03:25:11.643269,-0.593,-1.825,1.270,0.604
2025-12-05T03:25:11.660555,-0.593,-1.825,1.270,0.604
2025-12-05T03:25:11.678631,-0.593,-1.825,1.270,0.604
2025-12-05T03:25:11.693982,-0.593,-1.825,1.270,0.604
2025-12-05T03:25:11.709988,-0.593,-1.825,1.270,0.604
2025-12-05T03:25:11.726485,-0.593,-1.825,1.270,0.604
2025-12-05T03:25:11.748496,-0.593,-1.825,1.270,0.604
2025-12-05T03:25:11.761460,-0.593,-1.825,1.270,0.604
2025-12-05T03:25:11.776441,-0.593,-1.825,1.270,0.604
2025-12-05T03:25:11.789370,-0.593,-1.825,1.270,0.604
2025-12-05T03:25:11.803114,-0.593,-1.825,1.270,0.604
2025-12-05T03:25:11.821209,-0.593,-1.825,1.270,0.604
2025-12-05T03:25:11.833882,-0.593,-1.825,1.270,0.604
2025-12-05T03:25:11.847624,-0.593,-1.825,1.270,0.604
2025-12-05T03:25:11.863490,-0.593,-1.825,1.270,0.604
2025-12-05T03:25:11.879646,-0.593,-1.825,1.270,0.604
2025-12-05T03:25:11.897651,-0.593,-1.825,1.270,0.604
2025-12-05T03:25:11.916289,-0.593,-1.825,1.270,0.604
2025-12-05T03:25:11.932948,-0.593,-1.825,1.270,0.604
2025-12-05T03:25:11.950717,-0.593,-1.825,1.270,0.604
2025-12-05T03:25:11.967793,-0.593,-1.825,1.270,0.604
2025-12-05T03:25:11.984174,-0.593,-1.825,1.270,0.604
2025-12-05T03:25:12.001861,-0.593,-1.825,1.270,0.604
2025-12-05T03:25:12.017518,-0.593,-1.825,1.270,0.604
2025-12-05T03:25:12.034593,-0.593,-1.825,1.270,0.604
2025-12-05T03:25:12.050402,-0.593,-1.825,1.270,0.604
2025-12-05T03:25:12.067019,-0.593,-1.825,1.270,0.604
2025-12-05T03:25:12.081916,-0.593,-1.825,1.270,0.604
2025-12-05T03:25:12.097744,-0.593,-1.825,1.270,0.604
2025-12-05T03:25:12.115340,-0.593,-1.825,1.270,0.604
2025-12-05T03:25:12.133950,-0.593,-1.825,1.270,0.604
2025-12-05T03:25:12.150851,-0.593,-1.825,1.270,0.604
2025-12-05T03:25:12.169104,-0.593,-1.825,1.270,0.604
2025-12-05T03:25:12.185485,-0.593,-1.825,1.270,0.604
2025-12-05T03:25:12.201669,-0.593,-1.825,1.270,0.604
2025-12-05T03:25:12.219594,-0.593,-1.825,1.270,0.604
2025-12-05T03:25:12.236656,-0.593,-1.825,1.270,0.604
2025-12-05T03:25:12.252872,-0.593,-1.825,1.270,0.604
2025-12-05T03:25:12.268053,-0.593,-1.825,1.270,0.604
2025-12-05T03:25:12.284361,-0.593,-1.825,1.270,0.604
2025-12-05T03:25:12.300598,-0.593,-1.825,1.270,0.604
2025-12-05T03:25:12.316878,-0.593,-1.825,1.270,0.604
2025-12-05T03:25:12.330394,-0.593,-1.825,1.270,0.604
2025-12-05T03:25:12.347491,-0.593,-1.825,1.270,0.604
2025-12-05T03:25:12.367260,-0.593,-1.825,1.270,0.604
2025-12-05T03:25:12.382829,-0.593,-1.825,1.270,0.604
2025-12-05T03:25:12.399410,-0.593,-1.825,1.270,0.604
2025-12-05T03:25:12.415827,-0.593,-1.825,1.270,0.604
2025-12-05T03:25:12.432098,-0.593,-1.825,1.270,0.604
2025-12-05T03:25:12.449054,-0.593,-1.825,1.270,0.604
2025-12-05T03:25:12.464095,-0.593,-1.825,1.270,0.604
2025-12-05T03:25:12.480477,-0.593,-1.825,1.270,0.604
2025-12-05T03:25:12.494620,-0.593,-1.825,1.270,0.604
2025-12-05T03:25:12.512173,-0.593,-1.825,1.270,0.604
2025-12-05T03:25:12.528008,-0.593,-1.825,1.270,0.604
2025-12-05T03:25:12.544270,-0.593,-1.825,1.270,0.604
2025-12-05T03:25:12.561973,-0.593,-1.825,1.270,0.604
2025-12-05T03:25:12.579029,-0.593,-1.825,1.270,0.604
2025-12-05T03:25:12.600287,-0.593,-1.825,1.270,0.604
2025-12-05T03:25:12.613490,-0.593,-1.825,1.270,0.604
2025-12-05T03:25:12.633830,-0.593,-1.825,1.270,0.604
2025-12-05T03:25:12.650961,-0.593,-1.825,1.270,0.604
2025-12-05T03:25:12.673103,-0.593,-1.825,1.270,0.604
2025-12-05T03:25:12.687814,-0.593,-1.825,1.270,0.604
2025-12-05T03:25:12.704673,-0.593,-1.825,1.270,0.604
2025-12-05T03:25:12.719950,-0.593,-1.825,1.270,0.604
2025-12-05T03:25:12.734087,-0.593,-1.825,1.270,0.604
2025-12-05T03:25:12.749062,-0.593,-1.825,1.270,0.604
2025-12-05T03:25:12.763923,-0.593,-1.825,1.270,0.604
2025-12-05T03:25:12.779265,-0.593,-1.825,1.270,0.604
2025-12-05T03:25:12.793479,-0.593,-1.825,1.270,0.604
2025-12-05T03:25:12.808846,-0.593,-1.825,1.270,0.604
2025-12-05T03:25:12.824152,-0.593,-1.825,1.270,0.604
2025-12-05T03:25:12.841013,-0.593,-1.825,1.270,0.604
2025-12-05T03:25:12.858181,-0.593,-1.825,1.270,0.604
2025-12-05T03:25:12.874568,-0.593,-1.825,1.270,0.604
2025-12-05T03:25:12.891320,-0.593,-1.825,1.270,0.604
2025-12-05T03:25:12.909827,-0.593,-1.825,1.270,0.604
2025-12-05T03:25:12.926790,-0.593,-1.825,1.270,0.604
2025-12-05T03:25:12.944826,-0.593,-1.825,1.270,0.604
2025-12-05T03:25:12.961867,-0.593,-1.825,1.270,0.604
2025-12-05T03:25:12.980265,-0.593,-1.825,1.270,0.604
2025-12-05T03:25:12.996793,-0.593,-1.825,1.270,0.604
2025-12-05T03:25:13.012980,-0.593,-1.825,1.270,0.604
2025-12-05T03:25:13.030269,-0.593,-1.825,1.270,0.604
2025-12-05T03:25:13.046147,-0.593,-1.825,1.270,0.604
2025-12-05T03:25:13.061167,-0.593,-1.825,1.270,0.604
2025-12-05T03:25:13.076886,-0.593,-1.825,1.270,0.604
2025-12-05T03:25:13.091127,-0.593,-1.825,1.270,0.604
2025-12-05T03:25:13.106424,-0.593,-1.825,1.270,0.604
2025-12-05T03:25:13.122969,-0.593,-1.825,1.270,0.604
2025-12-05T03:25:13.138726,-0.593,-1.825,1.270,0.604
2025-12-05T03:25:13.159661,-0.593,-1.825,1.270,0.604
2025-12-05T03:25:13.176261,-0.593,-1.825,1.270,0.604
2025-12-05T03:25:13.192430,-0.593,-1.825,1.270,0.604
2025-12-05T03:25:13.210581,-0.593,-1.825,1.270,0.604
2025-12-05T03:25:13.229168,-0.593,-1.825,1.270,0.604
2025-12-05T03:25:13.248130,-0.593,-1.825,1.270,0.604
2025-12-05T03:25:13.264748,-0.593,-1.825,1.270,0.604
2025-12-05T03:25:13.285495,-0.593,-1.825,1.270,0.604
2025-12-05T03:25:13.301603,-0.593,-1.825,1.270,0.604
2025-12-05T03:25:13.319607,-0.593,-1.825,1.270,0.604
2025-12-05T03:25:13.332268,-0.593,-1.825,1.270,0.604
2025-12-05T03:25:13.347123,-0.593,-1.825,1.270,0.604
2025-12-05T03:25:13.362318,-0.593,-1.825,1.270,0.604
2025-12-05T03:25:13.377261,-0.593,-1.825,1.270,0.604
2025-12-05T03:25:13.392021,-0.593,-1.825,1.270,0.604
2025-12-05T03:25:13.406155,-0.593,-1.825,1.270,0.604
2025-12-05T03:25:13.422386,-0.593,-1.825,1.270,0.604
2025-12-05T03:25:13.439870,-0.593,-1.825,1.270,0.604
2025-12-05T03:25:13.456136,-0.593,-1.825,1.270,0.604
2025-12-05T03:25:13.472835,-0.593,-1.825,1.270,0.604
2025-12-05T03:25:13.491430,-0.593,-1.825,1.270,0.604
2025-12-05T03:25:13.509260,-0.593,-1.825,1.270,0.604
2025-12-05T03:25:13.525581,-0.593,-1.825,1.270,0.604
2025-12-05T03:25:13.545448,-0.593,-1.825,1.270,0.604
2025-12-05T03:25:13.562710,-0.593,-1.825,1.270,0.604
2025-12-05T03:25:13.580563,-0.593,-1.825,1.270,0.604
2025-12-05T03:25:13.597054,-0.593,-1.825,1.270,0.604
2025-12-05T03:25:13.612801,-0.593,-1.825,1.270,0.604
2025-12-05T03:25:13.629888,-0.593,-1.825,1.270,0.604
2025-12-05T03:25:13.647219,-0.593,-1.825,1.270,0.604
2025-12-05T03:25:13.661044,-0.593,-1.825,1.270,0.604
2025-12-05T03:25:13.677106,-0.593,-1.825,1.270,0.604
2025-12-05T03:25:13.690355,-0.593,-1.825,1.270,0.604
2025-12-05T03:25:13.707275,-0.593,-1.825,1.270,0.604
2025-12-05T03:25:13.720904,-0.593,-1.825,1.270,0.604
2025-12-05T03:25:13.737715,-0.593,-1.825,1.270,0.604
2025-12-05T03:25:13.754117,-0.593,-1.825,1.270,0.604
2025-12-05T03:25:13.771271,-0.593,-1.825,1.270,0.604
2025-12-05T03:25:13.789250,-0.593,-1.825,1.270,0.604
2025-12-05T03:25:13.806546,-0.593,-1.825,1.270,0.604
2025-12-05T03:25:13.825380,-0.593,-1.825,1.270,0.604
2025-12-05T03:25:13.844850,-0.593,-1.825,1.270,0.604
2025-12-05T03:25:13.859607,-0.593,-1.825,1.270,0.604
2025-12-05T03:25:13.879131,-0.593,-1.825,1.270,0.604
2025-12-05T03:25:13.895089,-0.593,-1.825,1.270,0.604
2025-12-05T03:25:13.911850,-0.593,-1.825,1.270,0.604
2025-12-05T03:25:13.927846,-0.593,-1.825,1.270,0.604
2025-12-05T03:25:13.943029,-0.593,-1.825,1.270,0.604
2025-12-05T03:25:13.959384,-0.593,-1.825,1.270,0.604
2025-12-05T03:25:13.974657,-0.593,-1.825,1.270,0.604
2025-12-05T03:25:13.986637,-0.593,-1.825,1.270,0.604
2025-12-05T03:25:13.999463,-0.593,-1.825,1.270,0.604
2025-12-05T03:25:14.015505,-0.593,-1.825,1.270,0.604
2025-12-05T03:25:14.030840,-0.593,-1.825,1.270,0.604
2025-12-05T03:25:14.048218,-0.593,-1.825,1.270,0.604
2025-12-05T03:25:14.063947,-0.593,-1.825,1.270,0.604
2025-12-05T03:25:14.081102,-0.593,-1.825,1.270,0.604
2025-12-05T03:25:14.099289,-0.593,-1.825,1.270,0.604
2025-12-05T03:25:14.115472,-0.593,-1.825,1.270,0.604
2025-12-05T03:25:14.134299,-0.593,-1.825,1.270,0.604
2025-12-05T03:25:14.150829,-0.593,-1.825,1.270,0.604
2025-12-05T03:25:14.168272,-0.593,-1.825,1.270,0.604
2025-12-05T03:25:14.184331,-0.593,-1.825,1.270,0.604
2025-12-05T03:25:14.204180,-0.593,-1.825,1.270,0.604
2025-12-05T03:25:14.220423,-0.593,-1.825,1.270,0.604
2025-12-05T03:25:14.236662,-0.593,-1.825,1.270,0.604
2025-12-05T03:25:14.251031,-0.593,-1.825,1.270,0.604
2025-12-05T03:25:14.266499,-0.593,-1.825,1.270,0.604
2025-12-05T03:25:14.281047,-0.593,-1.825,1.270,0.604
2025-12-05T03:25:14.298333,-0.593,-1.825,1.270,0.604
2025-12-05T03:25:14.312701,-0.593,-1.825,1.270,0.604
2025-12-05T03:25:14.330322,-0.593,-1.825,1.270,0.604
2025-12-05T03:25:14.347582,-0.593,-1.825,1.270,0.604
2025-12-05T03:25:14.367058,-0.593,-1.825,1.270,0.604
2025-12-05T03:25:14.383522,-0.593,-1.825,1.270,0.604
2025-12-05T03:25:14.401450,-0.593,-1.825,1.270,0.604
2025-12-05T03:25:14.418171,-0.593,-1.825,1.270,0.604
2025-12-05T03:25:14.435558,-0.593,-1.825,1.270,0.604
2025-12-05T03:25:14.451550,-0.593,-1.825,1.270,0.604
2025-12-05T03:25:14.469143,-0.593,-1.825,1.270,0.604
2025-12-05T03:25:14.485219,-0.593,-1.825,1.270,0.604
2025-12-05T03:25:14.506589,-0.593,-1.825,1.270,0.604
2025-12-05T03:25:14.521277,-0.593,-1.825,1.270,0.604
2025-12-05T03:25:14.536318,-0.593,-1.825,1.270,0.604
2025-12-05T03:25:14.550249,-0.593,-1.825,1.270,0.604
2025-12-05T03:25:14.566039,-0.593,-1.825,1.270,0.604
2025-12-05T03:25:14.580516,-0.593,-1.825,1.270,0.604
2025-12-05T03:25:14.597631,-0.593,-1.825,1.270,0.604
2025-12-05T03:25:14.611039,-0.593,-1.825,1.270,0.604
2025-12-05T03:25:14.626347,-0.593,-1.825,1.270,0.604
2025-12-05T03:25:14.643179,-0.593,-1.825,1.270,0.604
2025-12-05T03:25:14.660308,-0.593,-1.825,1.270,0.604
2025-12-05T03:25:14.677746,-0.593,-1.825,1.270,0.604
2025-12-05T03:25:14.695781,-0.593,-1.825,1.270,0.604
2025-12-05T03:25:14.712219,-0.593,-1.825,1.270,0.604
2025-12-05T03:25:14.729393,-0.593,-1.825,1.270,0.604
2025-12-05T03:25:14.746546,-0.593,-1.825,1.270,0.604
2025-12-05T03:25:14.764537,-0.593,-1.825,1.270,0.604
2025-12-05T03:25:14.782078,-0.593,-1.825,1.270,0.604
2025-12-05T03:25:14.797703,-0.593,-1.825,1.270,0.604
2025-12-05T03:25:14.813735,-0.593,-1.825,1.270,0.604
2025-12-05T03:25:14.829216,-0.593,-1.825,1.270,0.604
2025-12-05T03:25:14.844952,-0.593,-1.825,1.270,0.604
2025-12-05T03:25:14.859298,-0.593,-1.825,1.270,0.604
2025-12-05T03:25:14.875226,-0.593,-1.825,1.270,0.604
2025-12-05T03:25:14.890378,-0.593,-1.825,1.270,0.604
2025-12-05T03:25:14.907860,-0.593,-1.825,1.270,0.604
2025-12-05T03:25:14.924009,-0.593,-1.825,1.270,0.604
2025-12-05T03:25:14.940718,-0.593,-1.825,1.270,0.604
2025-12-05T03:25:14.957012,-0.593,-1.825,1.270,0.604
2025-12-05T03:25:14.975441,-0.593,-1.825,1.270,0.604
2025-12-05T03:25:14.993732,-0.593,-1.825,1.270,0.604
2025-12-05T03:25:15.010708,-0.593,-1.825,1.270,0.604
2025-12-05T03:25:15.029114,-0.593,-1.825,1.270,0.604
2025-12-05T03:25:15.046419,-0.593,-1.825,1.270,0.604
2025-12-05T03:25:15.062617,-0.593,-1.825,1.270,0.604
2025-12-05T03:25:15.079302,-0.593,-1.825,1.270,0.604
2025-12-05T03:25:15.095189,-0.593,-1.825,1.270,0.604
2025-12-05T03:25:15.108812,-0.593,-1.825,1.270,0.604
2025-12-05T03:25:15.128210,-0.593,-1.825,1.270,0.604
2025-12-05T03:25:15.141646,-0.593,-1.825,1.270,0.604
2025-12-05T03:25:15.154863,-0.593,-1.825,1.270,0.604
2025-12-05T03:25:15.169866,-0.593,-1.825,1.270,0.604
2025-12-05T03:25:15.185840,-0.593,-1.825,1.270,0.604
2025-12-05T03:25:15.200472,-0.593,-1.825,1.270,0.604
2025-12-05T03:25:15.216335,-0.593,-1.825,1.270,0.604
2025-12-05T03:25:15.232800,-0.593,-1.825,1.270,0.604
2025-12-05T03:25:15.249441,-0.593,-1.825,1.270,0.604
2025-12-05T03:25:15.266139,-0.593,-1.825,1.270,0.604
2025-12-05T03:25:15.286093,-0.593,-1.825,1.270,0.604
2025-12-05T03:25:15.304075,-0.593,-1.825,1.270,0.604
2025-12-05T03:25:15.323687,-0.593,-1.825,1.270,0.604
2025-12-05T03:25:15.339190,-0.593,-1.825,1.270,0.604
2025-12-05T03:25:15.358894,-0.593,-1.825,1.270,0.604
2025-12-05T03:25:15.374975,-0.593,-1.825,1.270,0.604
2025-12-05T03:25:15.391526,-0.593,-1.825,1.270,0.604
2025-12-05T03:25:15.407987,-0.593,-1.825,1.270,0.604
2025-12-05T03:25:15.424910,-0.593,-1.825,1.270,0.604
2025-12-05T03:25:15.439180,-0.593,-1.825,1.270,0.604
2025-12-05T03:25:15.453799,-0.593,-1.825,1.270,0.604
2025-12-05T03:25:15.470211,-0.593,-1.825,1.270,0.604
2025-12-05T03:25:15.486057,-0.593,-1.825,1.270,0.604
2025-12-05T03:25:15.501216,-0.593,-1.825,1.270,0.604
2025-12-05T03:25:15.518593,-0.593,-1.825,1.270,0.604
2025-12-05T03:25:15.535172,-0.593,-1.825,1.270,0.604
2025-12-05T03:25:15.551870,-0.593,-1.825,1.270,0.604
2025-12-05T03:25:15.569216,-0.593,-1.825,1.270,0.604
2025-12-05T03:25:15.586926,-0.593,-1.825,1.270,0.604
2025-12-05T03:25:15.604569,-0.593,-1.825,1.270,0.604
2025-12-05T03:25:15.619358,-0.593,-1.825,1.270,0.604
2025-12-05T03:25:15.638258,-0.593,-1.825,1.270,0.604
2025-12-05T03:25:15.654837,-0.593,-1.825,1.270,0.604
2025-12-05T03:25:15.670575,-0.593,-1.825,1.270,0.604
2025-12-05T03:25:15.686467,-0.593,-1.825,1.270,0.604
2025-12-05T03:25:15.700313,-0.593,-1.825,1.270,0.604
2025-12-05T03:25:15.715148,-0.593,-1.825,1.270,0.604
2025-12-05T03:25:15.729811,-0.593,-1.825,1.270,0.604
2025-12-05T03:25:15.753514,-0.593,-1.825,1.270,0.604
2025-12-05T03:25:15.767075,-0.593,-1.825,1.270,0.604
2025-12-05T03:25:15.783346,-0.593,-1.825,1.270,0.604
2025-12-05T03:25:15.804422,-0.593,-1.825,1.270,0.604
2025-12-05T03:25:15.819152,-0.593,-1.825,1.270,0.604
2025-12-05T03:25:15.834193,-0.593,-1.825,1.270,0.604
2025-12-05T03:25:15.851417,-0.593,-1.825,1.270,0.604
2025-12-05T03:25:15.866135,-0.593,-1.825,1.270,0.604
2025-12-05T03:25:15.882683,-0.593,-1.825,1.270,0.604
2025-12-05T03:25:15.897313,-0.593,-1.825,1.270,0.604
2025-12-05T03:25:15.914903,-0.593,-1.825,1.270,0.604
2025-12-05T03:25:15.929349,-0.593,-1.825,1.270,0.604
2025-12-05T03:25:15.944247,-0.593,-1.825,1.270,0.604
2025-12-05T03:25:15.960955,-0.593,-1.825,1.270,0.604
2025-12-05T03:25:15.977566,-0.593,-1.825,1.270,0.604
2025-12-05T03:25:15.994189,-0.593,-1.825,1.270,0.604
2025-12-05T03:25:16.011730,-0.593,-1.825,1.270,0.604
2025-12-05T03:25:16.029026,-0.593,-1.825,1.270,0.604
2025-12-05T03:25:16.046512,-0.593,-1.825,1.270,0.604
2025-12-05T03:25:16.063065,-0.593,-1.825,1.270,0.604
2025-12-05T03:25:16.081883,-0.593,-1.825,1.270,0.604
2025-12-05T03:25:16.097177,-0.593,-1.825,1.270,0.604
2025-12-05T03:25:16.113651,-0.593,-1.825,1.270,0.604
2025-12-05T03:25:16.128258,-0.593,-1.825,1.270,0.604
2025-12-05T03:25:16.144875,-0.593,-1.825,1.270,0.604
2025-12-05T03:25:16.158943,-0.593,-1.825,1.270,0.604
2025-12-05T03:25:16.175106,-0.593,-1.825,1.270,0.604
2025-12-05T03:25:16.190245,-0.593,-1.825,1.270,0.604
2025-12-05T03:25:16.207404,-0.593,-1.825,1.270,0.604
2025-12-05T03:25:16.223798,-0.593,-1.825,1.270,0.604
2025-12-05T03:25:16.240367,-0.593,-1.825,1.270,0.604
2025-12-05T03:25:16.257134,-0.593,-1.825,1.270,0.604
2025-12-05T03:25:16.275135,-0.593,-1.825,1.270,0.604
2025-12-05T03:25:16.293059,-0.593,-1.825,1.270,0.604
2025-12-05T03:25:16.311054,-0.593,-1.825,1.270,0.604
2025-12-05T03:25:16.330065,-0.593,-1.825,1.270,0.604
2025-12-05T03:25:16.350372,-0.593,-1.825,1.270,0.604
2025-12-05T03:25:16.364310,-0.593,-1.825,1.270,0.604
2025-12-05T03:25:16.380508,-0.593,-1.825,1.270,0.604
2025-12-05T03:25:16.395020,-0.593,-1.825,1.270,0.604
2025-12-05T03:25:16.410337,-0.593,-1.825,1.270,0.604
2025-12-05T03:25:16.427479,-0.593,-1.825,1.270,0.604
2025-12-05T03:25:16.443133,-0.593,-1.825,1.270,0.604
2025-12-05T03:25:16.457228,-0.593,-1.825,1.270,0.604
2025-12-05T03:25:16.473447,-0.593,-1.825,1.270,0.604
2025-12-05T03:25:16.490323,-0.593,-1.825,1.270,0.604
2025-12-05T03:25:16.509229,-0.593,-1.825,1.270,0.604
2025-12-05T03:25:16.526532,-0.593,-1.825,1.270,0.604
2025-12-05T03:25:16.543565,-0.593,-1.825,1.270,0.604
2025-12-05T03:25:16.562339,-0.593,-1.825,1.270,0.604
2025-12-05T03:25:16.579922,-0.593,-1.825,1.270,0.604
2025-12-05T03:25:16.598393,-0.593,-1.825,1.270,0.604
2025-12-05T03:25:16.616380,-0.593,-1.825,1.270,0.604
2025-12-05T03:25:16.631483,-0.593,-1.825,1.270,0.604
2025-12-05T03:25:16.651538,-0.538,-1.440,1.270,0.615
2025-12-05T03:25:16.665158,-0.538,-1.440,1.270,0.626
2025-12-05T03:25:16.680924,-0.538,-1.440,1.270,0.637
2025-12-05T03:25:16.694258,-0.538,-1.440,1.270,0.648
2025-12-05T03:25:16.710965,-0.539,-1.440,1.270,0.659
2025-12-05T03:25:16.724079,-0.539,-1.440,1.270,0.670
2025-12-05T03:25:16.739476,-0.540,-1.440,1.270,0.681
2025-12-05T03:25:16.755808,-0.541,-1.440,1.270,0.691
2025-12-05T03:25:16.772752,-0.542,-1.440,1.270,0.702
2025-12-05T03:25:16.789807,-0.543,-1.440,1.270,0.712
2025-12-05T03:25:16.808462,-0.544,-1.440,1.270,0.722
2025-12-05T03:25:16.826188,-0.545,-1.440,1.270,0.732
2025-12-05T03:25:16.842753,-0.546,-1.440,1.270,0.741
2025-12-05T03:25:16.861233,-0.547,-1.440,1.270,0.751
2025-12-05T03:25:16.876713,-0.548,-1.440,1.270,0.760
2025-12-05T03:25:16.894234,-0.549,-1.440,1.270,0.770
2025-12-05T03:25:16.911530,-0.550,-1.440,1.270,0.779
2025-12-05T03:25:16.927269,-0.551,-1.440,1.270,0.788
2025-12-05T03:25:16.941916,-0.552,-1.440,1.270,0.797
2025-12-05T03:25:16.956735,-0.553,-1.440,1.270,0.805
2025-12-05T03:25:16.977752,-0.553,-1.440,1.270,0.814
2025-12-05T03:25:16.990787,-0.554,-1.440,1.270,0.822
2025-12-05T03:25:17.005439,-0.555,-1.440,1.270,0.830
2025-12-05T03:25:17.021115,-0.556,-1.440,1.270,0.838
2025-12-05T03:25:17.045238,-0.556,-1.440,1.270,0.846
2025-12-05T03:25:17.058914,-0.557,-1.440,1.270,0.853
2025-12-05T03:25:17.076077,-0.557,-1.440,1.270,0.861
2025-12-05T03:25:17.089558,-0.558,-1.440,1.270,0.868
2025-12-05T03:25:17.104011,-0.559,-1.440,1.270,0.875
2025-12-05T03:25:17.117050,-0.559,-1.440,1.270,0.882
2025-12-05T03:25:17.133815,-0.560,-1.440,1.270,0.889
2025-12-05T03:25:17.149119,-0.560,-1.440,1.270,0.895
2025-12-05T03:25:17.164257,-0.561,-1.440,1.270,0.901
2025-12-05T03:25:17.183361,-0.561,-1.440,1.270,0.908
2025-12-05T03:25:17.197477,-0.562,-1.440,1.270,0.914
2025-12-05T03:25:17.215001,-0.562,-1.440,1.270,0.919
2025-12-05T03:25:17.234659,-0.563,-1.440,1.270,0.925
2025-12-05T03:25:17.251637,-0.563,-1.440,1.270,0.930
2025-12-05T03:25:17.269375,-0.563,-1.440,1.270,0.935
2025-12-05T03:25:17.286217,-0.564,-1.440,1.270,0.940
2025-12-05T03:25:17.301900,-0.564,-1.440,1.270,0.945
2025-12-05T03:25:17.318050,-0.565,-1.440,1.270,0.950
2025-12-05T03:25:17.334600,-0.565,-1.440,1.270,0.954
2025-12-05T03:25:17.349747,-0.565,-1.440,1.270,0.958
2025-12-05T03:25:17.363462,-0.566,-1.440,1.270,0.962
2025-12-05T03:25:17.380130,-0.566,-1.440,1.270,0.966
2025-12-05T03:25:17.395574,-0.566,-1.440,1.270,0.970
2025-12-05T03:25:17.412057,-0.567,-1.440,1.270,0.973
2025-12-05T03:25:17.429205,-0.567,-1.440,1.270,0.977
2025-12-05T03:25:17.447791,-0.567,-1.440,1.270,0.980
2025-12-05T03:25:17.465756,-0.567,-1.440,1.270,0.982
2025-12-05T03:25:17.483367,-0.568,-1.440,1.270,0.985
2025-12-05T03:25:17.502042,-0.568,-1.440,1.270,0.987
2025-12-05T03:25:17.520062,-0.568,-1.440,1.270,0.989
2025-12-05T03:25:17.536158,-0.568,-1.440,1.270,0.991
2025-12-05T03:25:17.555375,-0.569,-1.440,1.270,0.993
2025-12-05T03:25:17.573429,-0.569,-1.440,1.270,0.995
2025-12-05T03:25:17.589812,-0.569,-1.440,1.270,0.996
2025-12-05T03:25:17.605285,-0.569,-1.440,1.270,0.997
2025-12-05T03:25:17.620947,-0.570,-1.440,1.270,0.998
2025-12-05T03:25:17.635747,-0.570,-1.440,1.270,0.999
2025-12-05T03:25:17.651268,-0.570,-1.440,1.270,1.000
2025-12-05T03:25:17.664142,-0.570,-1.440,1.270,1.000
2025-12-05T03:25:17.679302,-0.570,-1.440,1.270,1.000
2025-12-05T03:25:17.738173,-0.570,-1.440,1.270,-1.000
2025-12-05T03:25:17.755996,-0.571,-1.440,1.270,-1.000
2025-12-05T03:25:17.768203,-0.571,-1.440,1.270,-0.999
2025-12-05T03:25:17.780040,-0.571,-1.440,1.270,-0.998
2025-12-05T03:25:17.793286,-0.571,-1.440,1.270,-0.997
2025-12-05T03:25:17.807641,-0.571,-1.440,1.270,-0.996
2025-12-05T03:25:17.823282,-0.571,-1.440,1.270,-0.995
2025-12-05T03:25:17.834064,-0.571,-1.440,1.270,-0.994
2025-12-05T03:25:17.845705,-0.572,-1.440,1.270,-0.992
2025-12-05T03:25:17.856141,-0.572,-1.440,1.270,-0.990
2025-12-05T03:25:17.867707,-0.572,-1.440,1.270,-0.988
2025-12-05T03:25:17.882445,-0.572,-1.440,1.270,-0.985
2025-12-05T03:25:17.901188,-0.572,-1.440,1.270,-0.983
2025-12-05T03:25:17.913723,-0.572,-1.440,1.270,-0.980
2025-12-05T03:25:17.929458,-0.572,-1.440,1.270,-0.977
2025-12-05T03:25:17.945020,-0.572,-1.440,1.270,-0.974
2025-12-05T03:25:17.959571,-0.572,-1.440,1.270,-0.970
2025-12-05T03:25:17.975223,-0.573,-1.440,1.270,-0.967
2025-12-05T03:25:17.992222,-0.573,-1.440,1.270,-0.963
2025-12-05T03:25:18.009272,-0.573,-1.440,1.270,-0.959
2025-12-05T03:25:18.027477,-0.580,-1.445,1.270,-0.959
2025-12-05T03:25:18.044228,-0.588,-1.450,1.270,-0.959
2025-12-05T03:25:18.061277,-0.596,-1.455,1.270,-0.959
2025-12-05T03:25:18.079823,-0.603,-1.460,1.270,-0.959
2025-12-05T03:25:18.097533,-0.611,-1.465,1.270,-0.959
2025-12-05T03:25:18.113480,-0.619,-1.470,1.270,-0.959
2025-12-05T03:25:18.133497,-0.626,-1.475,1.270,-0.959
2025-12-05T03:25:18.144989,-0.634,-1.480,1.270,-0.959
2025-12-05T03:25:18.160728,-0.642,-1.485,1.270,-0.959
2025-12-05T03:25:18.175960,-0.650,-1.490,1.270,-0.959
2025-12-05T03:25:18.192034,-0.657,-1.495,1.270,-0.959
2025-12-05T03:25:18.206681,-0.665,-1.500,1.270,-0.959
2025-12-05T03:25:18.222432,-0.673,-1.505,1.270,-0.959
2025-12-05T03:25:18.237688,-0.681,-1.510,1.270,-0.959
2025-12-05T03:25:18.253362,-0.689,-1.515,1.270,-0.959
2025-12-05T03:25:18.272353,-0.696,-1.520,1.270,-0.959
2025-12-05T03:25:18.287506,-0.704,-1.525,1.270,-0.959
2025-12-05T03:25:18.307176,-0.712,-1.530,1.270,-0.959
2025-12-05T03:25:18.325752,-0.720,-1.535,1.270,-0.959
2025-12-05T03:25:18.343134,-0.728,-1.540,1.270,-0.959
2025-12-05T03:25:18.360643,-0.736,-1.545,1.270,-0.959
2025-12-05T03:25:18.377282,-0.744,-1.550,1.270,-0.959
2025-12-05T03:25:18.393920,-0.751,-1.555,1.270,-0.959
2025-12-05T03:25:18.408806,-0.759,-1.560,1.270,-0.959
2025-12-05T03:25:18.424576,-0.767,-1.565,1.270,-0.959
2025-12-05T03:25:18.439641,-0.775,-1.570,1.270,-0.959
2025-12-05T03:25:18.455738,-0.783,-1.575,1.270,-0.959
2025-12-05T03:25:18.471307,-0.791,-1.581,1.270,-0.959
2025-12-05T03:25:18.486950,-0.799,-1.586,1.270,-0.959
2025-12-05T03:25:18.505254,-0.807,-1.591,1.270,-0.959
2025-12-05T03:25:18.527782,-0.815,-1.596,1.270,-0.959
2025-12-05T03:25:18.545313,-0.823,-1.601,1.270,-0.959
2025-12-05T03:25:18.560450,-0.831,-1.606,1.270,-0.959
2025-12-05T03:25:18.577887,-0.839,-1.611,1.270,-0.959
2025-12-05T03:25:18.593143,-0.847,-1.617,1.270,-0.959
2025-12-05T03:25:18.607951,-0.855,-1.622,1.270,-0.959
2025-12-05T03:25:18.621613,-0.863,-1.627,1.270,-0.959
2025-12-05T03:25:18.639622,-0.871,-1.632,1.270,-0.959
2025-12-05T03:25:18.656531,-0.879,-1.637,1.270,-0.959
2025-12-05T03:25:18.670974,-0.887,-1.642,1.270,-0.959
2025-12-05T03:25:18.686249,-0.895,-1.647,1.270,-0.959
2025-12-05T03:25:18.700772,-0.903,-1.653,1.270,-0.959
2025-12-05T03:25:18.716051,-0.911,-1.658,1.270,-0.959
2025-12-05T03:25:18.733074,-0.919,-1.663,1.270,-0.959
2025-12-05T03:25:18.749808,-0.927,-1.668,1.270,-0.959
2025-12-05T03:25:18.767464,-0.935,-1.673,1.270,-0.959
2025-12-05T03:25:18.786736,-0.943,-1.679,1.270,-0.959
2025-12-05T03:25:18.802513,-0.951,-1.684,1.270,-0.959
2025-12-05T03:25:18.819187,-0.959,-1.689,1.270,-0.959
2025-12-05T03:25:18.835417,-0.967,-1.694,1.270,-0.959
2025-12-05T03:25:18.854110,-0.975,-1.699,1.270,-0.959
2025-12-05T03:25:18.870539,-0.984,-1.705,1.270,-0.959
2025-12-05T03:25:18.887722,-0.992,-1.710,1.270,-0.959
2025-12-05T03:25:18.903965,-1.000,-1.715,1.270,-0.959
2025-12-05T03:25:18.919551,-1.008,-1.720,1.270,-0.959
2025-12-05T03:25:18.934389,-1.016,-1.725,1.270,-0.959
2025-12-05T03:25:18.950127,-1.024,-1.731,1.270,-0.959
2025-12-05T03:25:18.964785,-1.032,-1.736,1.270,-0.959
2025-12-05T03:25:18.984104,-1.040,-1.741,1.270,-0.959
2025-12-05T03:25:18.999176,-1.048,-1.746,1.270,-0.959
2025-12-05T03:25:19.022891,-1.056,-1.751,1.270,-0.959
2025-12-05T03:25:19.032967,-1.064,-1.757,1.270,-0.959
2025-12-05T03:25:19.050662,-1.072,-1.762,1.270,-0.959
2025-12-05T03:25:19.068869,-1.081,-1.767,1.270,-0.959
2025-12-05T03:25:19.084035,-1.089,-1.772,1.270,-0.959
2025-12-05T03:25:19.101623,-1.097,-1.778,1.270,-0.959
2025-12-05T03:25:19.118922,-1.105,-1.783,1.270,-0.959
2025-12-05T03:25:19.135311,-1.113,-1.788,1.270,-0.959
2025-12-05T03:25:19.157482,-1.114,-1.788,1.270,-0.963
2025-12-05T03:25:19.172063,-1.114,-1.789,1.270,-0.967
2025-12-05T03:25:19.187182,-1.115,-1.789,1.270,-0.970
2025-12-05T03:25:19.201319,-1.115,-1.789,1.270,-0.974
2025-12-05T03:25:19.217484,-1.116,-1.790,1.270,-0.977
2025-12-05T03:25:19.231354,-1.116,-1.790,1.270,-0.980
2025-12-05T03:25:19.246649,-1.117,-1.790,1.270,-0.983
2025-12-05T03:25:19.262058,-1.117,-1.791,1.270,-0.985
2025-12-05T03:25:19.277208,-1.118,-1.791,1.270,-0.988
2025-12-05T03:25:19.296313,-1.118,-1.791,1.270,-0.990
2025-12-05T03:25:19.311415,-1.118,-1.791,1.270,-0.992
2025-12-05T03:25:19.327485,-1.119,-1.792,1.270,-0.994
2025-12-05T03:25:19.343823,-1.119,-1.792,1.270,-0.995
2025-12-05T03:25:19.362129,-1.120,-1.792,1.270,-0.996
2025-12-05T03:25:19.380028,-1.120,-1.792,1.270,-0.997
2025-12-05T03:25:19.398148,-1.120,-1.793,1.270,-0.998
2025-12-05T03:25:19.416689,-1.121,-1.793,1.270,-0.999
2025-12-05T03:25:19.432630,-1.121,-1.793,1.270,-1.000
2025-12-05T03:25:19.448385,-1.121,-1.793,1.270,-1.000
2025-12-05T03:25:19.462456,-1.121,-1.793,1.270,1.000
2025-12-05T03:25:19.478962,-1.122,-1.794,1.270,1.000
2025-12-05T03:25:19.492291,-1.122,-1.794,1.270,1.000
2025-12-05T03:25:19.508231,-1.122,-1.794,1.270,0.999
2025-12-05T03:25:19.525284,-1.132,-1.793,1.270,0.999
2025-12-05T03:25:19.542745,-1.141,-1.793,1.270,0.999
2025-12-05T03:25:19.559989,-1.150,-1.792,1.270,0.999
2025-12-05T03:25:19.576469,-1.159,-1.791,1.270,0.999
2025-12-05T03:25:19.595135,-1.168,-1.791,1.270,0.999
2025-12-05T03:25:19.610068,-1.178,-1.790,1.270,0.999
2025-12-05T03:25:19.630362,-1.187,-1.789,1.270,0.999
2025-12-05T03:25:19.649508,-1.196,-1.789,1.270,0.999
2025-12-05T03:25:19.663367,-1.206,-1.788,1.270,0.999
2025-12-05T03:25:19.681592,-1.215,-1.787,1.270,0.999
2025-12-05T03:25:19.699583,-1.224,-1.787,1.270,0.999
2025-12-05T03:25:19.714994,-1.234,-1.786,1.270,0.999
2025-12-05T03:25:19.731049,-1.243,-1.785,1.270,0.999
2025-12-05T03:25:19.746411,-1.252,-1.785,1.270,0.999
2025-12-05T03:25:19.762139,-1.262,-1.784,1.270,0.999
2025-12-05T03:25:19.784894,-1.271,-1.783,1.270,0.999
2025-12-05T03:25:19.796021,-1.280,-1.782,1.270,0.999
2025-12-05T03:25:19.810535,-1.290,-1.782,1.270,0.999
2025-12-05T03:25:19.826414,-1.299,-1.781,1.270,0.999
2025-12-05T03:25:19.842587,-1.309,-1.780,1.270,0.999
2025-12-05T03:25:19.861175,-1.318,-1.780,1.270,0.999
2025-12-05T03:25:19.875953,-1.328,-1.779,1.270,0.999
2025-12-05T03:25:19.891827,-1.337,-1.778,1.270,0.999
2025-12-05T03:25:19.908915,-1.346,-1.777,1.270,0.999
2025-12-05T03:25:19.927135,-1.356,-1.776,1.270,0.999
2025-12-05T03:25:19.944905,-1.365,-1.776,1.270,0.999
2025-12-05T03:25:19.961061,-1.375,-1.775,1.270,0.999
2025-12-05T03:25:19.979552,-1.384,-1.774,1.270,0.999
2025-12-05T03:25:19.994460,-1.394,-1.773,1.270,0.999
2025-12-05T03:25:20.011548,-1.403,-1.773,1.270,0.999
2025-12-05T03:25:20.027127,-1.413,-1.772,1.270,0.999
2025-12-05T03:25:20.042089,-1.422,-1.771,1.270,0.999
2025-12-05T03:25:20.063217,-1.432,-1.770,1.270,0.999
2025-12-05T03:25:20.083852,-1.441,-1.770,1.270,0.999
2025-12-05T03:25:20.099345,-1.451,-1.769,1.270,0.999
2025-12-05T03:25:20.113073,-1.460,-1.768,1.270,0.999
2025-12-05T03:25:20.130827,-1.470,-1.767,1.270,0.999
2025-12-05T03:25:20.144740,-1.480,-1.766,1.270,0.999
2025-12-05T03:25:20.160389,-1.489,-1.766,1.270,0.999
2025-12-05T03:25:20.177456,-1.499,-1.765,1.270,0.999
2025-12-05T03:25:20.191939,-1.508,-1.764,1.270,0.999
2025-12-05T03:25:20.209292,-1.518,-1.763,1.270,0.999
2025-12-05T03:25:20.225567,-1.527,-1.762,1.270,0.999
2025-12-05T03:25:20.242094,-1.537,-1.762,1.270,0.999
2025-12-05T03:25:20.259482,-1.546,-1.761,1.270,0.999
2025-12-05T03:25:20.276929,-1.556,-1.760,1.270,0.999
2025-12-05T03:25:20.294119,-1.566,-1.759,1.270,0.999
2025-12-05T03:25:20.312140,-1.575,-1.758,1.270,0.999
2025-12-05T03:25:20.327864,-1.585,-1.757,1.270,0.999
2025-12-05T03:25:20.345901,-1.594,-1.757,1.270,0.999
2025-12-05T03:25:20.360717,-1.604,-1.756,1.270,0.999
2025-12-05T03:25:20.375250,-1.614,-1.755,1.270,0.999
2025-12-05T03:25:20.387099,-1.623,-1.754,1.270,0.999
2025-12-05T03:25:20.402504,-1.633,-1.753,1.270,0.999
2025-12-05T03:25:20.416733,-1.642,-1.753,1.270,0.999
2025-12-05T03:25:20.433691,-1.652,-1.752,1.270,0.999
2025-12-05T03:25:20.450754,-1.662,-1.751,1.270,0.999
2025-12-05T03:25:20.467780,-1.671,-1.750,1.270,0.999
2025-12-05T03:25:20.484865,-1.681,-1.749,1.270,0.999
2025-12-05T03:25:20.501225,-1.690,-1.748,1.270,0.999
2025-12-05T03:25:20.519571,-1.700,-1.748,1.270,0.999
2025-12-05T03:25:20.537689,-1.710,-1.747,1.270,0.999
2025-12-05T03:25:20.554691,-1.719,-1.746,1.270,0.999
2025-12-05T03:25:20.573157,-1.729,-1.745,1.270,0.999
2025-12-05T03:25:20.590437,-1.738,-1.744,1.270,0.999
2025-12-05T03:25:20.608389,-1.748,-1.743,1.270,0.999
2025-12-05T03:25:20.625574,-1.758,-1.743,1.270,0.999
2025-12-05T03:25:20.641987,-1.767,-1.742,1.270,0.999
2025-12-05T03:25:20.656687,-1.777,-1.741,1.270,0.999
2025-12-05T03:25:20.672388,-1.787,-1.740,1.270,0.999
2025-12-05T03:25:20.686349,-1.796,-1.739,1.270,0.999
2025-12-05T03:25:20.705663,-1.806,-1.738,1.270,0.999
2025-12-05T03:25:20.718950,-1.815,-1.737,1.270,0.999
2025-12-05T03:25:20.735683,-1.825,-1.737,1.270,0.999
2025-12-05T03:25:20.752509,-1.835,-1.736,1.270,0.999
2025-12-05T03:25:20.769530,-1.844,-1.735,1.270,0.999
2025-12-05T03:25:20.784545,-1.854,-1.734,1.270,0.999
2025-12-05T03:25:20.803909,-1.864,-1.733,1.270,0.999
2025-12-05T03:25:20.821169,-1.873,-1.732,1.270,0.999
2025-12-05T03:25:20.839353,-1.883,-1.732,1.270,0.999
2025-12-05T03:25:20.857112,-1.893,-1.731,1.270,0.999
2025-12-05T03:25:20.873142,-1.902,-1.730,1.270,0.999
2025-12-05T03:25:20.890507,-1.912,-1.729,1.270,0.999
2025-12-05T03:25:20.905988,-1.922,-1.728,1.270,0.999
2025-12-05T03:25:20.923460,-1.931,-1.727,1.270,0.999
2025-12-05T03:25:20.936937,-1.941,-1.726,1.270,0.999
2025-12-05T03:25:20.951608,-1.951,-1.726,1.270,0.999
2025-12-05T03:25:20.969827,-1.960,-1.725,1.270,0.999
2025-12-05T03:25:20.983886,-1.970,-1.724,1.270,0.999
2025-12-05T03:25:21.001560,-1.979,-1.723,1.270,0.999
2025-12-05T03:25:21.018302,-1.989,-1.722,1.270,0.999
2025-12-05T03:25:21.033456,-1.999,-1.721,1.270,0.999
2025-12-05T03:25:21.051530,-2.008,-1.721,1.270,0.999
2025-12-05T03:25:21.068457,-2.018,-1.720,1.270,0.999
2025-12-05T03:25:21.087983,-2.028,-1.719,1.270,0.999
2025-12-05T03:25:21.105649,-2.037,-1.718,1.270,0.999
2025-12-05T03:25:21.122317,-2.047,-1.717,1.270,0.999
2025-12-05T03:25:21.141862,-2.057,-1.716,1.270,0.999
2025-12-05T03:25:21.158949,-2.066,-1.715,1.270,0.999
2025-12-05T03:25:21.177082,-2.076,-1.715,1.270,0.999
2025-12-05T03:25:21.190294,-2.086,-1.714,1.270,0.999
2025-12-05T03:25:21.204807,-2.095,-1.713,1.270,0.999
2025-12-05T03:25:21.220254,-2.105,-1.712,1.270,0.999
2025-12-05T03:25:21.236197,-2.115,-1.711,1.270,0.999
2025-12-05T03:25:21.250483,-2.124,-1.710,1.270,0.999
2025-12-05T03:25:21.267195,-2.134,-1.709,1.270,0.999
2025-12-05T03:25:21.281994,-2.144,-1.709,1.270,0.999
2025-12-05T03:25:21.298686,-2.153,-1.708,1.270,0.999
2025-12-05T03:25:21.314749,-2.163,-1.707,1.270,0.999
2025-12-05T03:25:21.337859,-2.173,-1.706,1.270,0.999
2025-12-05T03:25:21.354468,-2.182,-1.705,1.270,0.999
2025-12-05T03:25:21.371852,-2.192,-1.704,1.270,0.999
2025-12-05T03:25:21.387648,-2.202,-1.703,1.270,0.999
2025-12-05T03:25:21.402935,-2.211,-1.703,1.270,0.999
2025-12-05T03:25:21.418781,-2.221,-1.702,1.270,0.999
2025-12-05T03:25:21.434456,-2.231,-1.701,1.270,0.999
2025-12-05T03:25:21.448503,-2.240,-1.700,1.270,0.999
2025-12-05T03:25:21.460366,-2.250,-1.699,1.270,0.999
2025-12-05T03:25:21.474439,-2.260,-1.698,1.270,0.999
2025-12-05T03:25:21.489386,-2.260,-1.698,1.270,0.998
2025-12-05T03:25:21.505047,-2.261,-1.698,1.270,0.997
2025-12-05T03:25:21.520567,-2.262,-1.698,1.270,0.996
2025-12-05T03:25:21.537762,-2.263,-1.698,1.270,0.995
2025-12-05T03:25:21.554960,-2.263,-1.698,1.270,0.993
2025-12-05T03:25:21.571759,-2.264,-1.698,1.270,0.991
2025-12-05T03:25:21.589919,-2.264,-1.698,1.270,0.989
2025-12-05T03:25:21.609017,-2.265,-1.698,1.270,0.987
2025-12-05T03:25:21.625908,-2.266,-1.698,1.270,0.985
2025-12-05T03:25:21.643059,-2.266,-1.698,1.270,0.982
2025-12-05T03:25:21.660507,-2.267,-1.698,1.270,0.980
2025-12-05T03:25:21.677643,-2.267,-1.698,1.270,0.977
2025-12-05T03:25:21.701508,-2.268,-1.698,1.270,0.973
2025-12-05T03:25:21.706462,-2.268,-1.698,1.270,0.970
2025-12-05T03:25:21.724050,-2.269,-1.698,1.270,0.966
2025-12-05T03:25:21.737744,-2.269,-1.698,1.270,0.962
2025-12-05T03:25:21.754539,-2.269,-1.697,1.270,0.958
2025-12-05T03:25:21.769347,-2.270,-1.697,1.270,0.954
2025-12-05T03:25:21.785667,-2.270,-1.697,1.270,0.950
2025-12-05T03:25:21.804038,-2.271,-1.697,1.270,0.945
2025-12-05T03:25:21.819482,-2.271,-1.697,1.270,0.940
2025-12-05T03:25:21.837166,-2.271,-1.697,1.270,0.935
2025-12-05T03:25:21.856970,-2.272,-1.697,1.270,0.930
2025-12-05T03:25:21.873689,-2.272,-1.697,1.270,0.925
2025-12-05T03:25:21.891264,-2.272,-1.697,1.270,0.919
2025-12-05T03:25:21.908863,-2.273,-1.697,1.270,0.914
2025-12-05T03:25:21.925682,-2.273,-1.697,1.270,0.908
2025-12-05T03:25:21.944224,-2.273,-1.697,1.270,0.901
2025-12-05T03:25:21.969397,-2.274,-1.697,1.270,0.895
2025-12-05T03:25:21.983877,-2.274,-1.697,1.270,0.889
2025-12-05T03:25:21.999087,-2.274,-1.697,1.270,0.882
2025-12-05T03:25:22.013260,-2.274,-1.697,1.270,0.875
2025-12-05T03:25:22.027387,-2.275,-1.697,1.270,0.868
2025-12-05T03:25:22.041900,-2.275,-1.697,1.270,0.861
2025-12-05T03:25:22.057469,-2.275,-1.697,1.270,0.853
2025-12-05T03:25:22.069187,-2.275,-1.697,1.270,0.846
2025-12-05T03:25:22.088428,-2.276,-1.697,1.270,0.838
2025-12-05T03:25:22.100727,-2.276,-1.697,1.270,0.830
2025-12-05T03:25:22.116168,-2.276,-1.697,1.270,0.822
2025-12-05T03:25:22.132445,-2.276,-1.697,1.270,0.814
2025-12-05T03:25:22.151235,-2.276,-1.697,1.270,0.805
2025-12-05T03:25:22.166452,-2.276,-1.697,1.270,0.797
2025-12-05T03:25:22.183429,-2.277,-1.697,1.270,0.788
2025-12-05T03:25:22.200361,-2.277,-1.697,1.270,0.779
2025-12-05T03:25:22.216575,-2.277,-1.697,1.270,0.770
2025-12-05T03:25:22.234896,-2.277,-1.697,1.270,0.760
2025-12-05T03:25:22.251729,-2.277,-1.697,1.270,0.751
2025-12-05T03:25:22.269969,-2.277,-1.697,1.270,0.741
2025-12-05T03:25:22.285244,-2.278,-1.697,1.270,0.732
2025-12-05T03:25:22.302245,-2.278,-1.697,1.270,0.722
2025-12-05T03:25:22.318107,-2.278,-1.697,1.270,0.712
2025-12-05T03:25:22.334479,-2.278,-1.697,1.270,0.702
2025-12-05T03:25:22.351044,-2.278,-1.697,1.270,0.691
2025-12-05T03:25:22.365281,-2.278,-1.697,1.270,0.681
2025-12-05T03:25:22.380267,-2.278,-1.697,1.270,0.670
2025-12-05T03:25:22.396847,-2.278,-1.697,1.270,0.659
2025-12-05T03:25:22.413125,-2.279,-1.697,1.270,0.648
2025-12-05T03:25:22.427870,-2.279,-1.697,1.270,0.637
2025-12-05T03:25:22.443231,-2.279,-1.697,1.270,0.626
2025-12-05T03:25:22.462283,-2.279,-1.697,1.270,0.615
2025-12-05T03:25:22.480444,-2.279,-1.697,1.270,0.604
2025-12-05T03:25:22.497892,-2.277,-1.688,1.270,0.604
2025-12-05T03:25:22.515492,-2.274,-1.679,1.270,0.604
2025-12-05T03:25:22.533061,-2.272,-1.671,1.270,0.604
2025-12-05T03:25:22.546331,-2.270,-1.662,1.270,0.604
2025-12-05T03:25:22.561697,-2.267,-1.653,1.270,0.604
2025-12-05T03:25:22.578878,-2.265,-1.645,1.270,0.604
2025-12-05T03:25:22.593912,-2.262,-1.636,1.270,0.604
2025-12-05T03:25:22.608424,-2.260,-1.627,1.270,0.604
2025-12-05T03:25:22.623635,-2.258,-1.618,1.270,0.604
2025-12-05T03:25:22.638591,-2.255,-1.609,1.270,0.604
2025-12-05T03:25:22.653776,-2.253,-1.601,1.270,0.604
2025-12-05T03:25:22.671202,-2.250,-1.592,1.270,0.604
2025-12-05T03:25:22.687814,-2.248,-1.583,1.270,0.604
2025-12-05T03:25:22.704258,-2.245,-1.574,1.270,0.604
2025-12-05T03:25:22.721981,-2.243,-1.565,1.270,0.604
2025-12-05T03:25:22.740396,-2.240,-1.556,1.270,0.604
2025-12-05T03:25:22.757768,-2.238,-1.547,1.270,0.604
2025-12-05T03:25:22.775334,-2.236,-1.538,1.270,0.604
2025-12-05T03:25:22.792417,-2.233,-1.529,1.270,0.604
2025-12-05T03:25:22.809630,-2.231,-1.520,1.270,0.604
2025-12-05T03:25:22.826083,-2.228,-1.511,1.270,0.604
2025-12-05T03:25:22.841158,-2.226,-1.502,1.270,0.604
2025-12-05T03:25:22.855545,-2.226,-1.502,1.270,0.592
2025-12-05T03:25:22.873188,-2.225,-1.501,1.270,0.580
2025-12-05T03:25:22.890107,-2.225,-1.501,1.270,0.569
2025-12-05T03:25:22.904825,-2.225,-1.501,1.270,0.557
2025-12-05T03:25:22.924551,-2.225,-1.500,1.270,0.545
2025-12-05T03:25:22.942199,-2.225,-1.500,1.270,0.533
2025-12-05T03:25:22.958234,-2.225,-1.500,1.270,0.520
2025-12-05T03:25:22.977458,-2.225,-1.499,1.270,0.508
2025-12-05T03:25:22.994249,-2.225,-1.499,1.270,0.495
2025-12-05T03:25:23.012947,-2.225,-1.499,1.270,0.483
2025-12-05T03:25:23.029090,-2.225,-1.499,1.270,0.470
2025-12-05T03:25:23.045160,-2.225,-1.498,1.270,0.458
2025-12-05T03:25:23.062041,-2.225,-1.498,1.270,0.445
2025-12-05T03:25:23.079412,-2.225,-1.498,1.270,0.432
2025-12-05T03:25:23.092962,-2.225,-1.498,1.270,0.419
2025-12-05T03:25:23.109038,-2.225,-1.497,1.270,0.406
2025-12-05T03:25:23.124723,-2.225,-1.497,1.270,0.392
2025-12-05T03:25:23.140267,-2.225,-1.497,1.270,0.379
2025-12-05T03:25:23.153537,-2.225,-1.497,1.270,0.366
2025-12-05T03:25:23.169342,-2.225,-1.496,1.270,0.352
2025-12-05T03:25:23.186016,-2.225,-1.496,1.270,0.339
2025-12-05T03:25:23.209782,-2.225,-1.496,1.270,0.325
2025-12-05T03:25:23.226162,-2.224,-1.496,1.270,0.312
2025-12-05T03:25:23.241838,-2.224,-1.496,1.270,0.298
2025-12-05T03:25:23.259599,-2.224,-1.496,1.270,0.284
2025-12-05T03:25:23.276922,-2.224,-1.495,1.270,0.270
2025-12-05T03:25:23.291497,-2.224,-1.495,1.270,0.256
2025-12-05T03:25:23.306569,-2.224,-1.495,1.270,0.242
2025-12-05T03:25:23.322014,-2.224,-1.495,1.270,0.228
2025-12-05T03:25:23.336935,-2.224,-1.495,1.270,0.214
2025-12-05T03:25:23.351267,-2.224,-1.495,1.270,0.200
2025-12-05T03:25:23.367666,-2.224,-1.495,1.270,0.186
2025-12-05T03:25:23.382018,-2.224,-1.494,1.270,0.172
2025-12-05T03:25:23.397681,-2.224,-1.494,1.270,0.158
2025-12-05T03:25:23.416452,-2.224,-1.494,1.270,0.144
2025-12-05T03:25:23.434645,-2.224,-1.494,1.270,0.129
2025-12-05T03:25:23.451546,-2.224,-1.494,1.270,0.115
2025-12-05T03:25:23.468505,-2.215,-1.492,1.270,0.115
2025-12-05T03:25:23.487273,-2.207,-1.490,1.270,0.115
2025-12-05T03:25:23.512818,-2.198,-1.487,1.270,0.115
2025-12-05T03:25:23.529667,-2.189,-1.485,1.270,0.115
2025-12-05T03:25:23.547368,-2.180,-1.483,1.270,0.115
2025-12-05T03:25:23.564594,-2.171,-1.481,1.270,0.115
2025-12-05T03:25:23.582480,-2.162,-1.479,1.270,0.115
2025-12-05T03:25:23.593457,-2.154,-1.477,1.270,0.115
2025-12-05T03:25:23.608221,-2.145,-1.474,1.270,0.115
2025-12-05T03:25:23.621861,-2.136,-1.472,1.270,0.115
2025-12-05T03:25:23.637440,-2.127,-1.470,1.270,0.115
2025-12-05T03:25:23.652664,-2.118,-1.468,1.270,0.115
2025-12-05T03:25:23.667743,-2.109,-1.466,1.270,0.115
2025-12-05T03:25:23.682765,-2.100,-1.464,1.270,0.115
2025-12-05T03:25:23.698224,-2.091,-1.461,1.270,0.115
2025-12-05T03:25:23.715374,-2.082,-1.459,1.270,0.115
2025-12-05T03:25:23.732268,-2.073,-1.457,1.270,0.115
2025-12-05T03:25:23.750471,-2.064,-1.455,1.270,0.115
2025-12-05T03:25:23.774608,-2.055,-1.453,1.270,0.115
2025-12-05T03:25:23.791317,-2.046,-1.450,1.270,0.115
2025-12-05T03:25:23.810614,-2.036,-1.448,1.270,0.115
2025-12-05T03:25:23.827594,-2.027,-1.446,1.270,0.115
2025-12-05T03:25:23.842473,-2.018,-1.444,1.270,0.115
2025-12-05T03:25:23.860058,-2.009,-1.442,1.270,0.115
2025-12-05T03:25:23.874369,-2.000,-1.440,1.270,0.115
2025-12-05T03:25:23.889384,-1.991,-1.437,1.270,0.115
2025-12-05T03:25:23.901943,-1.982,-1.435,1.270,0.115
2025-12-05T03:25:23.918540,-1.972,-1.433,1.270,0.115
2025-12-05T03:25:23.937767,-1.963,-1.431,1.270,0.115
2025-12-05T03:25:23.948589,-1.954,-1.429,1.270,0.115
2025-12-05T03:25:23.966078,-1.945,-1.426,1.270,0.115
2025-12-05T03:25:23.982404,-1.936,-1.424,1.270,0.115
2025-12-05T03:25:24.001847,-1.926,-1.422,1.270,0.115
2025-12-05T03:25:24.019577,-1.917,-1.420,1.270,0.115
2025-12-05T03:25:24.035529,-1.908,-1.418,1.270,0.115
2025-12-05T03:25:24.053518,-1.899,-1.415,1.270,0.115
2025-12-05T03:25:24.072253,-1.889,-1.413,1.270,0.115
2025-12-05T03:25:24.087326,-1.880,-1.411,1.270,0.115
2025-12-05T03:25:24.107717,-1.871,-1.409,1.270,0.115
2025-12-05T03:25:24.122772,-1.862,-1.407,1.270,0.115
2025-12-05T03:25:24.137955,-1.852,-1.404,1.270,0.115
2025-12-05T03:25:24.153255,-1.843,-1.402,1.270,0.115
2025-12-05T03:25:24.168822,-1.834,-1.400,1.270,0.115
2025-12-05T03:25:24.186911,-1.824,-1.398,1.270,0.115
2025-12-05T03:25:24.202128,-1.815,-1.396,1.270,0.115
2025-12-05T03:25:24.216349,-1.806,-1.393,1.270,0.115
2025-12-05T03:25:24.234091,-1.797,-1.391,1.270,0.115
2025-12-05T03:25:24.251227,-1.787,-1.389,1.270,0.115
2025-12-05T03:25:24.269471,-1.778,-1.387,1.270,0.115
2025-12-05T03:25:24.287693,-1.769,-1.385,1.270,0.115
2025-12-05T03:25:24.306222,-1.759,-1.382,1.270,0.115
2025-12-05T03:25:24.323092,-1.750,-1.380,1.270,0.115
2025-12-05T03:25:24.338871,-1.741,-1.378,1.270,0.115
2025-12-05T03:25:24.355341,-1.731,-1.376,1.270,0.115
2025-12-05T03:25:24.371475,-1.722,-1.374,1.270,0.115
2025-12-05T03:25:24.385151,-1.713,-1.371,1.270,0.115
2025-12-05T03:25:24.402062,-1.703,-1.369,1.270,0.115
2025-12-05T03:25:24.415284,-1.694,-1.367,1.270,0.115
2025-12-05T03:25:24.441025,-1.684,-1.365,1.270,0.115
2025-12-05T03:25:24.452448,-1.675,-1.362,1.270,0.115
2025-12-05T03:25:24.466842,-1.674,-1.362,1.270,0.129
2025-12-05T03:25:24.483346,-1.674,-1.362,1.270,0.144
2025-12-05T03:25:24.500811,-1.673,-1.362,1.270,0.158
2025-12-05T03:25:24.517278,-1.673,-1.362,1.270,0.172
2025-12-05T03:25:24.535206,-1.672,-1.362,1.270,0.186
2025-12-05T03:25:24.552000,-1.672,-1.362,1.270,0.200
2025-12-05T03:25:24.567711,-1.671,-1.361,1.270,0.214
2025-12-05T03:25:24.586506,-1.671,-1.361,1.270,0.228
2025-12-05T03:25:24.606231,-1.670,-1.361,1.270,0.242
2025-12-05T03:25:24.616544,-1.670,-1.361,1.270,0.256
2025-12-05T03:25:24.634279,-1.669,-1.361,1.270,0.270
2025-12-05T03:25:24.647613,-1.669,-1.361,1.270,0.284
2025-12-05T03:25:24.662556,-1.668,-1.361,1.270,0.298
2025-12-05T03:25:24.678480,-1.668,-1.361,1.270,0.312
2025-12-05T03:25:24.692989,-1.667,-1.360,1.270,0.325
2025-12-05T03:25:24.709383,-1.667,-1.360,1.270,0.325
2025-12-05T03:25:24.727406,-1.667,-1.360,1.270,0.325
2025-12-05T03:25:24.745928,-1.667,-1.360,1.270,0.325
2025-12-05T03:25:24.769221,-1.667,-1.360,1.270,0.325
2025-12-05T03:25:24.776082,-1.667,-1.360,1.270,0.325
2025-12-05T03:25:24.794380,-1.667,-1.360,1.270,0.325
2025-12-05T03:25:24.811556,-1.667,-1.360,1.270,0.325
2025-12-05T03:25:24.830222,-1.667,-1.360,1.270,0.325
2025-12-05T03:25:24.846474,-1.667,-1.360,1.270,0.325
2025-12-05T03:25:24.865869,-1.667,-1.360,1.270,0.325
2025-12-05T03:25:24.883311,-1.667,-1.360,1.270,0.325
2025-12-05T03:25:24.900872,-1.667,-1.360,1.270,0.325
2025-12-05T03:25:24.916093,-1.667,-1.360,1.270,0.325
2025-12-05T03:25:24.933772,-1.667,-1.360,1.270,0.325
2025-12-05T03:25:24.946742,-1.667,-1.360,1.270,0.325
2025-12-05T03:25:24.962654,-1.667,-1.360,1.270,0.325
2025-12-05T03:25:24.978405,-1.667,-1.360,1.270,0.325
2025-12-05T03:25:24.993242,-1.667,-1.360,1.270,0.325
2025-12-05T03:25:25.007841,-1.667,-1.360,1.270,0.325
2025-12-05T03:25:25.024240,-1.667,-1.360,1.270,0.325
2025-12-05T03:25:25.040087,-1.667,-1.360,1.270,0.325
2025-12-05T03:25:25.057938,-1.667,-1.360,1.270,0.325
2025-12-05T03:25:25.074493,-1.667,-1.360,1.270,0.325
2025-12-05T03:25:25.092250,-1.667,-1.360,1.270,0.325
2025-12-05T03:25:25.110518,-1.667,-1.360,1.270,0.325
2025-12-05T03:25:25.128720,-1.667,-1.360,1.270,0.325
2025-12-05T03:25:25.145585,-1.667,-1.360,1.270,0.325
2025-12-05T03:25:25.163532,-1.667,-1.360,1.270,0.325
2025-12-05T03:25:25.180389,-1.667,-1.360,1.270,0.325
2025-12-05T03:25:25.196401,-1.667,-1.360,1.270,0.325
2025-12-05T03:25:25.211442,-1.667,-1.360,1.270,0.325
2025-12-05T03:25:25.227894,-1.667,-1.360,1.270,0.325
2025-12-05T03:25:25.241202,-1.667,-1.360,1.270,0.325
2025-12-05T03:25:25.256934,-1.667,-1.360,1.270,0.325
2025-12-05T03:25:25.271343,-1.667,-1.360,1.270,0.325
2025-12-05T03:25:25.288624,-1.667,-1.360,1.270,0.325
2025-12-05T03:25:25.305027,-1.667,-1.360,1.270,0.325
2025-12-05T03:25:25.323218,-1.667,-1.360,1.270,0.325
2025-12-05T03:25:25.341116,-1.667,-1.360,1.270,0.325
2025-12-05T03:25:25.361539,-1.667,-1.360,1.270,0.325
2025-12-05T03:25:25.378552,-1.667,-1.360,1.270,0.325
2025-12-05T03:25:25.393884,-1.667,-1.360,1.270,0.325
2025-12-05T03:25:25.413362,-1.667,-1.360,1.270,0.325
2025-12-05T03:25:25.429971,-1.667,-1.360,1.270,0.325
2025-12-05T03:25:25.445506,-1.667,-1.360,1.270,0.325
2025-12-05T03:25:25.461907,-1.667,-1.360,1.270,0.325
2025-12-05T03:25:25.476342,-1.667,-1.360,1.270,0.325
2025-12-05T03:25:25.490150,-1.667,-1.360,1.270,0.325
2025-12-05T03:25:25.506664,-1.667,-1.360,1.270,0.325
2025-12-05T03:25:25.524177,-1.667,-1.360,1.270,0.325
2025-12-05T03:25:25.539486,-1.667,-1.360,1.270,0.325
2025-12-05T03:25:25.556099,-1.667,-1.360,1.270,0.325
2025-12-05T03:25:25.574230,-1.667,-1.360,1.270,0.325
2025-12-05T03:25:25.591408,-1.667,-1.360,1.270,0.325
2025-12-05T03:25:25.608181,-1.667,-1.360,1.270,0.325
2025-12-05T03:25:25.625446,-1.667,-1.360,1.270,0.325
2025-12-05T03:25:25.642500,-1.667,-1.360,1.270,0.325
2025-12-05T03:25:25.663816,-1.667,-1.360,1.270,0.325
2025-12-05T03:25:25.680037,-1.667,-1.360,1.270,0.325
2025-12-05T03:25:25.697389,-1.667,-1.360,1.270,0.325
2025-12-05T03:25:25.711995,-1.667,-1.360,1.270,0.325
2025-12-05T03:25:25.727760,-1.667,-1.360,1.270,0.325
2025-12-05T03:25:25.743293,-1.667,-1.360,1.270,0.325
2025-12-05T03:25:25.760053,-1.667,-1.360,1.270,0.325
2025-12-05T03:25:25.773577,-1.667,-1.360,1.270,0.325
2025-12-05T03:25:25.785825,-1.667,-1.360,1.270,0.325
2025-12-05T03:25:25.801272,-1.667,-1.360,1.270,0.325
2025-12-05T03:25:25.815475,-1.667,-1.360,1.270,0.325
2025-12-05T03:25:25.831897,-1.667,-1.360,1.270,0.325
2025-12-05T03:25:25.850192,-1.667,-1.360,1.270,0.325
2025-12-05T03:25:25.866043,-1.667,-1.360,1.270,0.325
2025-12-05T03:25:25.884269,-1.667,-1.360,1.270,0.325
2025-12-05T03:25:25.901592,-1.667,-1.360,1.270,0.325
2025-12-05T03:25:25.920486,-1.667,-1.360,1.270,0.325
2025-12-05T03:25:25.937791,-1.667,-1.360,1.270,0.325
2025-12-05T03:25:25.955269,-1.667,-1.360,1.270,0.325
2025-12-05T03:25:25.972059,-1.667,-1.360,1.270,0.325
2025-12-05T03:25:25.988511,-1.667,-1.360,1.270,0.325
2025-12-05T03:25:26.005089,-1.667,-1.360,1.270,0.325
2025-12-05T03:25:26.021154,-1.667,-1.360,1.270,0.325
2025-12-05T03:25:26.036041,-1.667,-1.360,1.270,0.325
2025-12-05T03:25:26.052357,-1.667,-1.360,1.270,0.325
2025-12-05T03:25:26.063911,-1.667,-1.360,1.270,0.325
2025-12-05T03:25:26.080092,-1.667,-1.360,1.270,0.325
2025-12-05T03:25:26.098048,-1.667,-1.360,1.270,0.325
2025-12-05T03:25:26.115327,-1.667,-1.360,1.270,0.325
2025-12-05T03:25:26.132046,-1.667,-1.360,1.270,0.325
2025-12-05T03:25:26.148579,-1.667,-1.360,1.270,0.325
2025-12-05T03:25:26.166998,-1.667,-1.360,1.270,0.325
2025-12-05T03:25:26.186068,-1.667,-1.360,1.270,0.325
2025-12-05T03:25:26.201542,-1.667,-1.360,1.270,0.325
2025-12-05T03:25:26.220122,-1.667,-1.360,1.270,0.325
2025-12-05T03:25:26.238136,-1.667,-1.360,1.270,0.325
2025-12-05T03:25:26.255351,-1.667,-1.360,1.270,0.325
2025-12-05T03:25:26.271051,-1.667,-1.360,1.270,0.325
2025-12-05T03:25:26.285058,-1.667,-1.360,1.270,0.325
2025-12-05T03:25:26.299773,-1.667,-1.360,1.270,0.325
2025-12-05T03:25:26.315843,-1.667,-1.360,1.270,0.325
2025-12-05T03:25:26.329568,-1.667,-1.360,1.270,0.325
2025-12-05T03:25:26.346819,-1.667,-1.360,1.270,0.325
2025-12-05T03:25:26.362967,-1.667,-1.360,1.270,0.325
2025-12-05T03:25:26.380333,-1.667,-1.360,1.270,0.325
2025-12-05T03:25:26.396843,-1.667,-1.360,1.270,0.325
2025-12-05T03:25:26.414957,-1.667,-1.360,1.270,0.325
2025-12-05T03:25:26.431304,-1.667,-1.360,1.270,0.325
2025-12-05T03:25:26.448715,-1.667,-1.360,1.270,0.325
2025-12-05T03:25:26.465703,-1.667,-1.360,1.270,0.325
2025-12-05T03:25:26.484690,-1.667,-1.360,1.270,0.325
2025-12-05T03:25:26.499591,-1.667,-1.360,1.270,0.325
2025-12-05T03:25:26.517452,-1.667,-1.360,1.270,0.325
2025-12-05T03:25:26.532520,-1.667,-1.360,1.270,0.325
2025-12-05T03:25:26.547351,-1.667,-1.360,1.270,0.325
2025-12-05T03:25:26.563048,-1.667,-1.360,1.270,0.325
2025-12-05T03:25:26.585968,-1.667,-1.360,1.270,0.325
2025-12-05T03:25:26.599928,-1.667,-1.360,1.270,0.325
2025-12-05T03:25:26.617418,-1.667,-1.360,1.270,0.325
2025-12-05T03:25:26.631995,-1.667,-1.360,1.270,0.325
2025-12-05T03:25:26.646700,-1.667,-1.360,1.270,0.325
2025-12-05T03:25:26.663514,-1.667,-1.360,1.270,0.325
2025-12-05T03:25:26.680353,-1.667,-1.360,1.270,0.325
2025-12-05T03:25:26.695725,-1.667,-1.360,1.270,0.325
2025-12-05T03:25:26.709870,-1.667,-1.360,1.270,0.325
2025-12-05T03:25:26.729722,-1.667,-1.360,1.270,0.325
2025-12-05T03:25:26.739641,-1.667,-1.360,1.270,0.325
2025-12-05T03:25:26.757231,-1.667,-1.360,1.270,0.325
2025-12-05T03:25:26.774443,-1.667,-1.360,1.270,0.325
2025-12-05T03:25:26.791758,-1.667,-1.360,1.270,0.325
2025-12-05T03:25:26.808326,-1.667,-1.360,1.270,0.325
2025-12-05T03:25:26.827140,-1.667,-1.360,1.270,0.325
2025-12-05T03:25:26.844336,-1.667,-1.360,1.270,0.325
2025-12-05T03:25:26.861721,-1.667,-1.360,1.270,0.325
2025-12-05T03:25:26.879697,-1.667,-1.360,1.270,0.325
2025-12-05T03:25:26.895582,-1.667,-1.360,1.270,0.325
2025-12-05T03:25:26.911948,-1.667,-1.360,1.270,0.325
2025-12-05T03:25:26.927052,-1.667,-1.360,1.270,0.325
2025-12-05T03:25:26.943183,-1.667,-1.360,1.270,0.325
2025-12-05T03:25:26.956923,-1.667,-1.360,1.270,0.325
2025-12-05T03:25:26.973409,-1.667,-1.360,1.270,0.325
2025-12-05T03:25:26.988906,-1.667,-1.360,1.270,0.325
2025-12-05T03:25:27.005080,-1.667,-1.360,1.270,0.325
2025-12-05T03:25:27.021496,-1.667,-1.360,1.270,0.325
2025-12-05T03:25:27.041103,-1.667,-1.360,1.270,0.325
2025-12-05T03:25:27.056976,-1.667,-1.360,1.270,0.325
2025-12-05T03:25:27.076339,-1.667,-1.360,1.270,0.325
2025-12-05T03:25:27.092972,-1.667,-1.360,1.270,0.325
2025-12-05T03:25:27.112232,-1.667,-1.360,1.270,0.325
2025-12-05T03:25:27.128821,-1.667,-1.360,1.270,0.325
2025-12-05T03:25:27.147605,-1.667,-1.360,1.270,0.325
2025-12-05T03:25:27.164615,-1.667,-1.360,1.270,0.325
2025-12-05T03:25:27.181341,-1.667,-1.360,1.270,0.325
2025-12-05T03:25:27.196698,-1.667,-1.360,1.270,0.325
2025-12-05T03:25:27.210265,-1.667,-1.360,1.270,0.325
2025-12-05T03:25:27.226398,-1.667,-1.360,1.270,0.325
2025-12-05T03:25:27.240832,-1.667,-1.360,1.270,0.325
2025-12-05T03:25:27.256909,-1.667,-1.360,1.270,0.325
2025-12-05T03:25:27.271908,-1.667,-1.360,1.270,0.325
2025-12-05T03:25:27.289074,-1.667,-1.360,1.270,0.325
2025-12-05T03:25:27.304398,-1.667,-1.360,1.270,0.325
2025-12-05T03:25:27.322472,-1.667,-1.360,1.270,0.325
2025-12-05T03:25:27.339906,-1.667,-1.360,1.270,0.325
2025-12-05T03:25:27.356908,-1.667,-1.360,1.270,0.325
2025-12-05T03:25:27.375649,-1.667,-1.360,1.270,0.325
2025-12-05T03:25:27.393120,-1.667,-1.360,1.270,0.325
2025-12-05T03:25:27.409017,-1.667,-1.360,1.270,0.325
2025-12-05T03:25:27.426716,-1.667,-1.360,1.270,0.325
2025-12-05T03:25:27.445060,-1.667,-1.360,1.270,0.325
2025-12-05T03:25:27.459976,-1.667,-1.360,1.270,0.325
2025-12-05T03:25:27.474978,-1.667,-1.360,1.270,0.325
2025-12-05T03:25:27.491341,-1.667,-1.360,1.270,0.325
2025-12-05T03:25:27.513635,-1.667,-1.360,1.270,0.325
2025-12-05T03:25:27.529119,-1.667,-1.360,1.270,0.325
2025-12-05T03:25:27.543207,-1.667,-1.360,1.270,0.325
2025-12-05T03:25:27.557574,-1.667,-1.360,1.270,0.325
2025-12-05T03:25:27.573435,-1.667,-1.360,1.270,0.325
2025-12-05T03:25:27.587484,-1.667,-1.360,1.270,0.325
2025-12-05T03:25:27.607589,-1.667,-1.360,1.270,0.325
2025-12-05T03:25:27.618064,-1.667,-1.360,1.270,0.325
2025-12-05T03:25:27.633307,-1.667,-1.360,1.270,0.325
2025-12-05T03:25:27.649853,-1.667,-1.360,1.270,0.325
2025-12-05T03:25:27.667869,-1.667,-1.360,1.270,0.325
2025-12-05T03:25:27.684476,-1.667,-1.360,1.270,0.325
2025-12-05T03:25:27.702053,-1.667,-1.360,1.270,0.325
2025-12-05T03:25:27.720023,-1.667,-1.360,1.270,0.325
2025-12-05T03:25:27.737763,-1.667,-1.360,1.270,0.325
2025-12-05T03:25:27.757345,-1.667,-1.360,1.270,0.325
2025-12-05T03:25:27.772603,-1.667,-1.360,1.270,0.325
2025-12-05T03:25:27.788562,-1.667,-1.360,1.270,0.325
2025-12-05T03:25:27.804089,-1.667,-1.360,1.270,0.325
2025-12-05T03:25:27.819003,-1.667,-1.360,1.270,0.325
2025-12-05T03:25:27.833947,-1.667,-1.360,1.270,0.325
2025-12-05T03:25:27.848941,-1.667,-1.360,1.270,0.325
2025-12-05T03:25:27.863375,-1.667,-1.360,1.270,0.325
2025-12-05T03:25:27.878954,-1.667,-1.360,1.270,0.325
2025-12-05T03:25:27.894373,-1.667,-1.360,1.270,0.325
2025-12-05T03:25:27.910799,-1.667,-1.360,1.270,0.325
2025-12-05T03:25:27.929287,-1.667,-1.360,1.270,0.325
2025-12-05T03:25:27.945866,-1.667,-1.360,1.270,0.325
2025-12-05T03:25:27.963581,-1.667,-1.360,1.270,0.325
2025-12-05T03:25:27.981860,-1.667,-1.360,1.270,0.325
2025-12-05T03:25:27.998775,-1.667,-1.360,1.270,0.325
2025-12-05T03:25:28.015977,-1.667,-1.360,1.270,0.325
2025-12-05T03:25:28.034449,-1.667,-1.360,1.270,0.325
2025-12-05T03:25:28.050901,-1.667,-1.360,1.270,0.325
2025-12-05T03:25:28.067392,-1.667,-1.360,1.270,0.325
2025-12-05T03:25:28.083476,-1.667,-1.360,1.270,0.325
2025-12-05T03:25:28.097929,-1.667,-1.360,1.270,0.325
2025-12-05T03:25:28.111629,-1.667,-1.360,1.270,0.325
2025-12-05T03:25:28.131971,-1.667,-1.360,1.270,0.325
2025-12-05T03:25:28.146517,-1.667,-1.360,1.270,0.325
2025-12-05T03:25:28.165070,-1.667,-1.360,1.270,0.325
2025-12-05T03:25:28.181708,-1.667,-1.360,1.270,0.325
2025-12-05T03:25:28.200731,-1.667,-1.360,1.270,0.325
2025-12-05T03:25:28.217672,-1.667,-1.360,1.270,0.325
2025-12-05T03:25:28.235604,-1.667,-1.360,1.270,0.325
2025-12-05T03:25:28.251357,-1.667,-1.360,1.270,0.325
2025-12-05T03:25:28.267744,-1.667,-1.360,1.270,0.325
2025-12-05T03:25:28.284625,-1.667,-1.360,1.270,0.325
2025-12-05T03:25:28.301485,-1.667,-1.360,1.270,0.325
2025-12-05T03:25:28.315667,-1.667,-1.360,1.270,0.325
2025-12-05T03:25:28.331994,-1.667,-1.360,1.270,0.325
2025-12-05T03:25:28.346002,-1.667,-1.360,1.270,0.325
2025-12-05T03:25:28.363152,-1.667,-1.360,1.270,0.325
2025-12-05T03:25:28.378417,-1.667,-1.360,1.270,0.325
2025-12-05T03:25:28.393654,-1.667,-1.360,1.270,0.325
2025-12-05T03:25:28.410289,-1.667,-1.360,1.270,0.325
2025-12-05T03:25:28.425591,-1.667,-1.360,1.270,0.325
2025-12-05T03:25:28.445431,-1.667,-1.360,1.270,0.325
2025-12-05T03:25:28.462417,-1.667,-1.360,1.270,0.325
2025-12-05T03:25:28.479161,-1.667,-1.360,1.270,0.325
2025-12-05T03:25:28.498542,-1.667,-1.360,1.270,0.325
2025-12-05T03:25:28.513608,-1.667,-1.360,1.270,0.325
2025-12-05T03:25:28.531152,-1.667,-1.360,1.270,0.325
2025-12-05T03:25:28.546387,-1.667,-1.360,1.270,0.325
2025-12-05T03:25:28.562660,-1.667,-1.360,1.270,0.325
2025-12-05T03:25:28.575251,-1.667,-1.360,1.270,0.325
2025-12-05T03:25:28.591015,-1.667,-1.360,1.270,0.325
2025-12-05T03:25:28.607538,-1.667,-1.360,1.270,0.325
2025-12-05T03:25:28.624577,-1.667,-1.360,1.270,0.325
2025-12-05T03:25:28.640897,-1.667,-1.360,1.270,0.325
2025-12-05T03:25:28.659516,-1.667,-1.360,1.270,0.325
2025-12-05T03:25:28.676627,-1.667,-1.360,1.270,0.325
2025-12-05T03:25:28.695788,-1.667,-1.360,1.270,0.325
2025-12-05T03:25:28.708442,-1.667,-1.360,1.270,0.325
2025-12-05T03:25:28.725414,-1.667,-1.360,1.270,0.325
2025-12-05T03:25:28.743394,-1.667,-1.360,1.270,0.325
2025-12-05T03:25:28.761394,-1.667,-1.360,1.270,0.325
2025-12-05T03:25:28.777001,-1.667,-1.360,1.270,0.325
2025-12-05T03:25:28.792205,-1.667,-1.360,1.270,0.325
2025-12-05T03:25:28.807389,-1.667,-1.360,1.270,0.325
2025-12-05T03:25:28.822227,-1.667,-1.360,1.270,0.325
2025-12-05T03:25:28.838037,-1.667,-1.360,1.270,0.325
2025-12-05T03:25:28.855250,-1.667,-1.360,1.270,0.325
2025-12-05T03:25:28.870777,-1.667,-1.360,1.270,0.325
2025-12-05T03:25:28.888046,-1.667,-1.360,1.270,0.325
2025-12-05T03:25:28.905296,-1.667,-1.360,1.270,0.325
2025-12-05T03:25:28.924456,-1.667,-1.360,1.270,0.325
2025-12-05T03:25:28.940476,-1.667,-1.360,1.270,0.325
2025-12-05T03:25:28.957071,-1.667,-1.360,1.270,0.325
2025-12-05T03:25:28.974595,-1.667,-1.360,1.270,0.325
2025-12-05T03:25:28.992405,-1.667,-1.360,1.270,0.325
2025-12-05T03:25:29.008788,-1.667,-1.360,1.270,0.325
2025-12-05T03:25:29.024241,-1.667,-1.360,1.270,0.325
2025-12-05T03:25:29.039030,-1.667,-1.360,1.270,0.325
2025-12-05T03:25:29.054359,-1.667,-1.360,1.270,0.325
2025-12-05T03:25:29.067674,-1.667,-1.360,1.270,0.325
2025-12-05T03:25:29.083150,-1.667,-1.360,1.270,0.325
2025-12-05T03:25:29.097998,-1.667,-1.360,1.270,0.325
2025-12-05T03:25:29.115457,-1.667,-1.360,1.270,0.325
2025-12-05T03:25:29.132376,-1.667,-1.360,1.270,0.325
2025-12-05T03:25:29.150489,-1.667,-1.360,1.270,0.325
2025-12-05T03:25:29.167768,-1.667,-1.360,1.270,0.325
2025-12-05T03:25:29.186769,-1.667,-1.360,1.270,0.325
2025-12-05T03:25:29.203739,-1.667,-1.360,1.270,0.325
2025-12-05T03:25:29.222387,-1.667,-1.360,1.270,0.325
2025-12-05T03:25:29.238734,-1.667,-1.360,1.270,0.325
2025-12-05T03:25:29.256774,-1.667,-1.360,1.270,0.325
2025-12-05T03:25:29.274350,-1.667,-1.360,1.270,0.325
2025-12-05T03:25:29.290288,-1.667,-1.360,1.270,0.325
2025-12-05T03:25:29.306018,-1.667,-1.360,1.270,0.325
2025-12-05T03:25:29.321007,-1.667,-1.360,1.270,0.325
2025-12-05T03:25:29.337060,-1.667,-1.360,1.270,0.325
2025-12-05T03:25:29.352532,-1.667,-1.360,1.270,0.325
2025-12-05T03:25:29.366544,-1.667,-1.360,1.270,0.325
2025-12-05T03:25:29.388324,-1.667,-1.360,1.270,0.325
2025-12-05T03:25:29.403688,-1.667,-1.360,1.270,0.325
2025-12-05T03:25:29.417725,-1.667,-1.360,1.270,0.325
2025-12-05T03:25:29.436705,-1.667,-1.360,1.270,0.325
2025-12-05T03:25:29.454379,-1.667,-1.360,1.270,0.325
2025-12-05T03:25:29.469392,-1.667,-1.360,1.270,0.325
2025-12-05T03:25:29.487062,-1.667,-1.360,1.270,0.325
2025-12-05T03:25:29.501663,-1.667,-1.360,1.270,0.325
2025-12-05T03:25:29.517949,-1.667,-1.360,1.270,0.325
2025-12-05T03:25:29.534277,-1.667,-1.360,1.270,0.325
2025-12-05T03:25:29.550989,-1.667,-1.360,1.270,0.325
2025-12-05T03:25:29.568367,-1.667,-1.360,1.270,0.325
2025-12-05T03:25:29.584306,-1.667,-1.360,1.270,0.325
2025-12-05T03:25:29.602491,-1.667,-1.360,1.270,0.325
2025-12-05T03:25:29.620028,-1.667,-1.360,1.270,0.325
2025-12-05T03:25:29.637011,-1.667,-1.360,1.270,0.325
2025-12-05T03:25:29.654143,-1.667,-1.360,1.270,0.325
2025-12-05T03:25:29.671342,-1.667,-1.360,1.270,0.325
2025-12-05T03:25:29.692933,-1.667,-1.360,1.270,0.325
2025-12-05T03:25:29.707017,-1.667,-1.360,1.270,0.325
2025-12-05T03:25:29.720746,-1.667,-1.360,1.270,0.325
2025-12-05T03:25:29.735465,-1.667,-1.360,1.270,0.325
2025-12-05T03:25:29.751388,-1.667,-1.360,1.270,0.325
2025-12-05T03:25:29.762039,-1.667,-1.360,1.270,0.325
2025-12-05T03:25:29.776481,-1.667,-1.360,1.270,0.325
2025-12-05T03:25:29.791599,-1.667,-1.360,1.270,0.325
2025-12-05T03:25:29.807539,-1.667,-1.360,1.270,0.325
2025-12-05T03:25:29.827399,-1.667,-1.360,1.270,0.325
2025-12-05T03:25:29.841361,-1.667,-1.360,1.270,0.325
2025-12-05T03:25:29.860696,-1.667,-1.360,1.270,0.325
2025-12-05T03:25:29.877326,-1.667,-1.360,1.270,0.325
2025-12-05T03:25:29.894568,-1.667,-1.360,1.270,0.325
2025-12-05T03:25:29.912284,-1.667,-1.360,1.270,0.325
2025-12-05T03:25:29.929509,-1.667,-1.360,1.270,0.325
2025-12-05T03:25:29.947423,-1.667,-1.360,1.270,0.325
2025-12-05T03:25:29.963156,-1.667,-1.360,1.270,0.325
2025-12-05T03:25:29.977953,-1.667,-1.360,1.270,0.325
2025-12-05T03:25:29.994124,-1.667,-1.360,1.270,0.325
2025-12-05T03:25:30.006359,-1.667,-1.360,1.270,0.325
2025-12-05T03:25:30.021251,-1.667,-1.360,1.270,0.325
2025-12-05T03:25:30.036632,-1.667,-1.360,1.270,0.325
2025-12-05T03:25:30.053695,-1.667,-1.360,1.270,0.325
2025-12-05T03:25:30.071251,-1.667,-1.360,1.270,0.325
2025-12-05T03:25:30.088780,-1.667,-1.360,1.270,0.325
2025-12-05T03:25:30.106087,-1.667,-1.360,1.270,0.325
2025-12-05T03:25:30.123927,-1.667,-1.360,1.270,0.325
2025-12-05T03:25:30.140763,-1.667,-1.360,1.270,0.325
2025-12-05T03:25:30.157495,-1.667,-1.360,1.270,0.325
2025-12-05T03:25:30.173875,-1.667,-1.360,1.270,0.325
2025-12-05T03:25:30.189433,-1.667,-1.360,1.270,0.325
2025-12-05T03:25:30.206972,-1.667,-1.360,1.270,0.325
2025-12-05T03:25:30.221057,-1.667,-1.360,1.270,0.325
2025-12-05T03:25:30.235659,-1.667,-1.360,1.270,0.325
2025-12-05T03:25:30.250325,-1.667,-1.360,1.270,0.325
2025-12-05T03:25:30.268356,-1.667,-1.360,1.270,0.325
2025-12-05T03:25:30.285467,-1.667,-1.360,1.270,0.325
2025-12-05T03:25:30.306444,-1.667,-1.360,1.270,0.325
2025-12-05T03:25:30.322460,-1.667,-1.360,1.270,0.325
2025-12-05T03:25:30.340860,-1.667,-1.360,1.270,0.325
2025-12-05T03:25:30.359077,-1.667,-1.360,1.270,0.325
2025-12-05T03:25:30.378975,-1.667,-1.360,1.270,0.325
2025-12-05T03:25:30.390886,-1.667,-1.360,1.270,0.325
2025-12-05T03:25:30.407280,-1.667,-1.360,1.270,0.325
2025-12-05T03:25:30.429654,-1.667,-1.360,1.270,0.325
2025-12-05T03:25:30.439075,-1.667,-1.360,1.270,0.325
2025-12-05T03:25:30.453383,-1.667,-1.360,1.270,0.325
2025-12-05T03:25:30.467864,-1.667,-1.360,1.270,0.325
2025-12-05T03:25:30.482617,-1.667,-1.360,1.270,0.325
2025-12-05T03:25:30.497927,-1.667,-1.360,1.270,0.325
2025-12-05T03:25:30.515521,-1.667,-1.360,1.270,0.325
2025-12-05T03:25:30.532372,-1.667,-1.360,1.270,0.325
2025-12-05T03:25:30.548932,-1.667,-1.360,1.270,0.325
2025-12-05T03:25:30.566651,-1.667,-1.360,1.270,0.325
2025-12-05T03:25:30.584057,-1.667,-1.360,1.270,0.325
2025-12-05T03:25:30.603182,-1.667,-1.360,1.270,0.325
2025-12-05T03:25:30.618465,-1.667,-1.360,1.270,0.325
2025-12-05T03:25:30.635583,-1.667,-1.360,1.270,0.325
2025-12-05T03:25:30.652199,-1.667,-1.360,1.270,0.325
2025-12-05T03:25:30.668518,-1.667,-1.360,1.270,0.325
2025-12-05T03:25:30.681941,-1.667,-1.360,1.270,0.325
2025-12-05T03:25:30.697591,-1.667,-1.360,1.270,0.325
2025-12-05T03:25:30.713106,-1.667,-1.360,1.270,0.325
2025-12-05T03:25:30.729003,-1.667,-1.360,1.270,0.325
2025-12-05T03:25:30.746202,-1.667,-1.360,1.270,0.325
2025-12-05T03:25:30.762181,-1.667,-1.360,1.270,0.325
2025-12-05T03:25:30.779557,-1.667,-1.360,1.270,0.325
2025-12-05T03:25:30.797310,-1.667,-1.360,1.270,0.325
2025-12-05T03:25:30.814082,-1.667,-1.360,1.270,0.325
2025-12-05T03:25:30.832440,-1.667,-1.360,1.270,0.325
2025-12-05T03:25:30.849438,-1.667,-1.360,1.270,0.325
2025-12-05T03:25:30.868284,-1.667,-1.360,1.270,0.325
2025-12-05T03:25:30.883215,-1.667,-1.360,1.270,0.325
2025-12-05T03:25:30.899172,-1.667,-1.360,1.270,0.325
2025-12-05T03:25:30.916289,-1.667,-1.360,1.270,0.325
2025-12-05T03:25:30.937722,-1.667,-1.360,1.270,0.325
2025-12-05T03:25:30.949964,-1.667,-1.360,1.270,0.325
2025-12-05T03:25:30.964661,-1.667,-1.360,1.270,0.325
2025-12-05T03:25:30.978749,-1.667,-1.360,1.270,0.325
2025-12-05T03:25:30.994220,-1.667,-1.360,1.270,0.325
2025-12-05T03:25:31.010042,-1.667,-1.360,1.270,0.325
2025-12-05T03:25:31.024585,-1.667,-1.360,1.270,0.325
2025-12-05T03:25:31.042191,-1.667,-1.360,1.270,0.325
2025-12-05T03:25:31.058167,-1.667,-1.360,1.270,0.325
2025-12-05T03:25:31.073234,-1.667,-1.360,1.270,0.325
2025-12-05T03:25:31.089653,-1.667,-1.360,1.270,0.325
2025-12-05T03:25:31.106834,-1.667,-1.360,1.270,0.325
2025-12-05T03:25:31.125066,-1.667,-1.360,1.270,0.325
2025-12-05T03:25:31.142904,-1.667,-1.360,1.270,0.325
2025-12-05T03:25:31.160002,-1.667,-1.360,1.270,0.325
2025-12-05T03:25:31.177422,-1.667,-1.360,1.270,0.325
2025-12-05T03:25:31.194164,-1.667,-1.360,1.270,0.325
2025-12-05T03:25:31.209936,-1.667,-1.360,1.270,0.325
2025-12-05T03:25:31.223610,-1.667,-1.360,1.270,0.325
2025-12-05T03:25:31.239399,-1.667,-1.360,1.270,0.325
2025-12-05T03:25:31.254190,-1.667,-1.360,1.270,0.325
2025-12-05T03:25:31.269832,-1.667,-1.360,1.270,0.325
2025-12-05T03:25:31.284561,-1.667,-1.360,1.270,0.325
2025-12-05T03:25:31.301648,-1.667,-1.360,1.270,0.325
2025-12-05T03:25:31.319971,-1.667,-1.360,1.270,0.325
2025-12-05T03:25:31.336575,-1.667,-1.360,1.270,0.325
2025-12-05T03:25:31.355663,-1.667,-1.360,1.270,0.325
2025-12-05T03:25:31.371877,-1.667,-1.360,1.270,0.325
2025-12-05T03:25:31.392526,-1.667,-1.360,1.270,0.325
2025-12-05T03:25:31.408685,-1.667,-1.360,1.270,0.325
2025-12-05T03:25:31.426455,-1.667,-1.360,1.270,0.325
2025-12-05T03:25:31.443105,-1.667,-1.360,1.270,0.325
2025-12-05T03:25:31.459063,-1.667,-1.360,1.270,0.325
2025-12-05T03:25:31.475386,-1.667,-1.360,1.270,0.325
2025-12-05T03:25:31.491230,-1.667,-1.360,1.270,0.325
2025-12-05T03:25:31.506503,-1.667,-1.360,1.270,0.325
2025-12-05T03:25:31.522449,-1.667,-1.360,1.270,0.325
2025-12-05T03:25:31.538563,-1.667,-1.360,1.270,0.325
2025-12-05T03:25:31.561139,-1.667,-1.360,1.270,0.325
2025-12-05T03:25:31.576126,-1.667,-1.360,1.270,0.325
2025-12-05T03:25:31.590858,-1.667,-1.360,1.270,0.325
2025-12-05T03:25:31.606163,-1.667,-1.360,1.270,0.325
2025-12-05T03:25:31.620776,-1.667,-1.360,1.270,0.325
2025-12-05T03:25:31.637576,-1.667,-1.360,1.270,0.325
2025-12-05T03:25:31.654739,-1.667,-1.360,1.270,0.325
2025-12-05T03:25:31.671743,-1.667,-1.360,1.270,0.325
2025-12-05T03:25:31.687370,-1.667,-1.360,1.270,0.325
2025-12-05T03:25:31.704259,-1.667,-1.360,1.270,0.325
2025-12-05T03:25:31.723610,-1.667,-1.360,1.270,0.325
2025-12-05T03:25:31.738907,-1.667,-1.360,1.270,0.325
2025-12-05T03:25:31.756491,-1.667,-1.360,1.270,0.325
2025-12-05T03:25:31.773268,-1.667,-1.360,1.270,0.325
2025-12-05T03:25:31.789283,-1.667,-1.360,1.270,0.325
2025-12-05T03:25:31.805543,-1.667,-1.360,1.270,0.325
2025-12-05T03:25:31.820756,-1.667,-1.360,1.270,0.325
2025-12-05T03:25:31.836237,-1.667,-1.360,1.270,0.325
2025-12-05T03:25:31.855669,-1.667,-1.360,1.270,0.325
2025-12-05T03:25:31.870321,-1.667,-1.360,1.270,0.325
2025-12-05T03:25:31.886911,-1.667,-1.360,1.270,0.325
2025-12-05T03:25:31.903936,-1.667,-1.360,1.270,0.325
2025-12-05T03:25:31.920203,-1.667,-1.360,1.270,0.325
2025-12-05T03:25:31.936072,-1.667,-1.360,1.270,0.325
2025-12-05T03:25:31.952270,-1.667,-1.360,1.270,0.325
2025-12-05T03:25:31.968112,-1.667,-1.360,1.270,0.325
2025-12-05T03:25:31.984479,-1.667,-1.360,1.270,0.325
2025-12-05T03:25:31.998405,-1.667,-1.360,1.270,0.325
2025-12-05T03:25:32.014603,-1.667,-1.360,1.270,0.325
2025-12-05T03:25:32.031502,-1.667,-1.360,1.270,0.325
2025-12-05T03:25:32.048149,-1.667,-1.360,1.270,0.325
2025-12-05T03:25:32.065871,-1.667,-1.360,1.270,0.325
2025-12-05T03:25:32.084453,-1.667,-1.360,1.270,0.325
2025-12-05T03:25:32.100373,-1.667,-1.360,1.270,0.325
2025-12-05T03:25:32.116458,-1.667,-1.360,1.270,0.325
2025-12-05T03:25:32.132369,-1.667,-1.360,1.270,0.325
2025-12-05T03:25:32.149193,-0.940,-1.299,1.270,0.339
2025-12-05T03:25:32.166280,-0.940,-1.299,1.270,0.352
2025-12-05T03:25:32.179569,-0.940,-1.299,1.270,0.366
2025-12-05T03:25:32.191601,-0.940,-1.299,1.270,0.379
2025-12-05T03:25:32.205686,-0.940,-1.299,1.270,0.392
2025-12-05T03:25:32.221355,-0.940,-1.299,1.270,0.406
2025-12-05T03:25:32.235821,-0.940,-1.299,1.270,0.419
2025-12-05T03:25:32.250375,-0.940,-1.299,1.270,0.432
2025-12-05T03:25:32.267350,-0.940,-1.299,1.270,0.445
2025-12-05T03:25:32.283776,-0.940,-1.299,1.270,0.458
2025-12-05T03:25:32.301460,-0.940,-1.299,1.270,0.470
2025-12-05T03:25:32.317607,-0.940,-1.299,1.270,0.483
2025-12-05T03:25:32.335167,-0.940,-1.299,1.270,0.495
2025-12-05T03:25:32.353123,-0.940,-1.299,1.270,0.508
2025-12-05T03:25:32.372465,-0.940,-1.299,1.270,0.520
2025-12-05T03:25:32.390990,-0.940,-1.299,1.270,0.533
2025-12-05T03:25:32.407098,-0.940,-1.299,1.270,0.545
2025-12-05T03:25:32.425661,-0.940,-1.299,1.270,0.557
2025-12-05T03:25:32.442288,-0.940,-1.299,1.270,0.569
2025-12-05T03:25:32.458928,-0.940,-1.299,1.270,0.580
2025-12-05T03:25:32.472704,-0.940,-1.299,1.270,0.592
2025-12-05T03:25:32.488943,-0.940,-1.299,1.270,0.604
2025-12-05T03:25:32.503327,-0.940,-1.299,1.270,0.615
2025-12-05T03:25:32.519262,-0.940,-1.299,1.270,0.626
2025-12-05T03:25:32.535055,-0.940,-1.299,1.270,0.637
2025-12-05T03:25:32.552236,-0.940,-1.299,1.270,0.648
2025-12-05T03:25:32.569454,-0.940,-1.299,1.270,0.659
2025-12-05T03:25:32.586882,-0.940,-1.299,1.270,0.670
2025-12-05T03:25:32.605545,-0.940,-1.299,1.270,0.681
2025-12-05T03:25:32.620916,-0.940,-1.299,1.270,0.691
2025-12-05T03:25:32.639455,-0.940,-1.299,1.270,0.702
2025-12-05T03:25:32.656700,-0.940,-1.299,1.270,0.712
2025-12-05T03:25:32.673475,-0.940,-1.299,1.270,0.722
2025-12-05T03:25:32.692626,-0.940,-1.299,1.270,0.732
2025-12-05T03:25:32.706002,-0.940,-1.299,1.270,0.741
2025-12-05T03:25:32.722134,-0.940,-1.299,1.270,0.751
2025-12-05T03:25:32.739852,-0.940,-1.299,1.270,0.760
2025-12-05T03:25:32.753951,-0.940,-1.299,1.270,0.770
2025-12-05T03:25:32.768806,-0.940,-1.299,1.270,0.779
2025-12-05T03:25:32.783441,-0.940,-1.299,1.270,0.788
2025-12-05T03:25:32.803964,-0.940,-1.299,1.270,0.797
2025-12-05T03:25:32.817189,-0.940,-1.299,1.270,0.805
2025-12-05T03:25:32.833189,-0.940,-1.299,1.270,0.814
2025-12-05T03:25:32.849829,-0.940,-1.299,1.270,0.822
2025-12-05T03:25:32.865499,-0.940,-1.299,1.270,0.830
2025-12-05T03:25:32.883307,-0.940,-1.299,1.270,0.838
2025-12-05T03:25:32.900664,-0.940,-1.299,1.270,0.846
2025-12-05T03:25:32.919699,-0.940,-1.299,1.270,0.853
2025-12-05T03:25:32.936298,-0.940,-1.299,1.270,0.861
2025-12-05T03:25:32.954143,-0.940,-1.299,1.270,0.868
2025-12-05T03:25:32.971295,-0.940,-1.299,1.270,0.875
2025-12-05T03:25:32.985459,-0.940,-1.299,1.270,0.882
2025-12-05T03:25:33.003102,-0.940,-1.299,1.270,0.889
2025-12-05T03:25:33.017021,-0.940,-1.299,1.270,0.895
2025-12-05T03:25:33.036249,-0.940,-1.299,1.270,0.901
2025-12-05T03:25:33.051028,-0.940,-1.299,1.270,0.908
2025-12-05T03:25:33.066603,-0.940,-1.299,1.270,0.914
2025-12-05T03:25:33.084261,-0.940,-1.299,1.270,0.919
2025-12-05T03:25:33.105346,-0.940,-1.299,1.270,0.925
2025-12-05T03:25:33.121340,-0.940,-1.299,1.270,0.930
2025-12-05T03:25:33.136115,-0.940,-1.299,1.270,0.935
2025-12-05T03:25:33.151237,-0.940,-1.299,1.270,0.940
2025-12-05T03:25:33.165085,-0.940,-1.299,1.270,0.945
2025-12-05T03:25:33.181003,-0.940,-1.299,1.270,0.950
2025-12-05T03:25:33.200919,-0.940,-1.299,1.270,0.954
2025-12-05T03:25:33.211654,-0.940,-1.299,1.270,0.958
2025-12-05T03:25:33.223746,-0.940,-1.299,1.270,0.962
2025-12-05T03:25:33.239632,-0.940,-1.299,1.270,0.966
2025-12-05T03:25:33.255921,-0.940,-1.299,1.270,0.970
2025-12-05T03:25:33.272908,-0.940,-1.299,1.270,0.973
2025-12-05T03:25:33.291926,-0.940,-1.299,1.270,0.977
2025-12-05T03:25:33.309074,-0.940,-1.299,1.270,0.980
2025-12-05T03:25:33.327109,-0.940,-1.299,1.270,0.982
2025-12-05T03:25:33.346079,-0.940,-1.299,1.270,0.985
2025-12-05T03:25:33.364563,-0.940,-1.299,1.270,0.987
2025-12-05T03:25:33.382479,-0.940,-1.299,1.270,0.989
2025-12-05T03:25:33.400407,-0.940,-1.299,1.270,0.991
2025-12-05T03:25:33.416171,-0.940,-1.299,1.270,0.993
2025-12-05T03:25:33.434195,-0.949,-1.297,1.270,0.993
2025-12-05T03:25:33.447880,-0.958,-1.294,1.270,0.993
2025-12-05T03:25:33.464571,-0.966,-1.292,1.270,0.993
2025-12-05T03:25:33.478812,-0.975,-1.290,1.270,0.993
2025-12-05T03:25:33.493580,-0.984,-1.288,1.270,0.993
2025-12-05T03:25:33.509674,-0.993,-1.286,1.270,0.993
2025-12-05T03:25:33.526561,-1.002,-1.284,1.270,0.993
2025-12-05T03:25:33.542777,-1.011,-1.282,1.270,0.993
2025-12-05T03:25:33.558645,-1.020,-1.280,1.270,0.993
2025-12-05T03:25:33.576026,-1.028,-1.278,1.270,0.993
2025-12-05T03:25:33.594111,-1.037,-1.276,1.270,0.993
2025-12-05T03:25:33.611722,-1.046,-1.273,1.270,0.993
2025-12-05T03:25:33.629725,-1.055,-1.271,1.270,0.993
2025-12-05T03:25:33.646776,-1.064,-1.269,1.270,0.993
2025-12-05T03:25:33.662144,-1.073,-1.267,1.270,0.993
2025-12-05T03:25:33.680415,-1.082,-1.265,1.270,0.993
2025-12-05T03:25:33.697647,-1.091,-1.263,1.270,0.993
2025-12-05T03:25:33.712400,-1.100,-1.261,1.270,0.993
2025-12-05T03:25:33.732709,-1.109,-1.259,1.270,0.993
2025-12-05T03:25:33.747401,-1.119,-1.256,1.270,0.993
2025-12-05T03:25:33.763011,-1.128,-1.254,1.270,0.993
2025-12-05T03:25:33.774917,-1.137,-1.252,1.270,0.993
2025-12-05T03:25:33.789512,-1.146,-1.250,1.270,0.993
2025-12-05T03:25:33.803361,-1.155,-1.248,1.270,0.993
2025-12-05T03:25:33.819104,-1.164,-1.246,1.270,0.993
2025-12-05T03:25:33.834077,-1.173,-1.243,1.270,0.993
2025-12-05T03:25:33.852353,-1.182,-1.241,1.270,0.993
2025-12-05T03:25:33.868124,-1.192,-1.239,1.270,0.993
2025-12-05T03:25:33.884356,-1.201,-1.237,1.270,0.993
2025-12-05T03:25:33.902880,-1.210,-1.235,1.270,0.993
2025-12-05T03:25:33.918399,-1.219,-1.233,1.270,0.993
2025-12-05T03:25:33.937740,-1.220,-1.232,1.270,0.995
2025-12-05T03:25:33.954708,-1.220,-1.232,1.270,0.996
2025-12-05T03:25:33.971551,-1.220,-1.232,1.270,0.997
2025-12-05T03:25:33.989542,-1.221,-1.232,1.270,0.998
2025-12-05T03:25:34.007945,-1.221,-1.232,1.270,0.999
2025-12-05T03:25:34.034044,-1.222,-1.232,1.270,1.000
2025-12-05T03:25:34.046972,-1.222,-1.232,1.270,1.000
2025-12-05T03:25:34.064581,-1.223,-1.232,1.270,1.000
2025-12-05T03:25:34.077549,-1.223,-1.232,1.270,-1.000
2025-12-05T03:25:34.091671,-1.223,-1.232,1.270,-1.000
2025-12-05T03:25:34.103622,-1.224,-1.231,1.270,-0.999
2025-12-05T03:25:34.117440,-1.224,-1.231,1.270,-0.998
2025-12-05T03:25:34.130391,-1.224,-1.231,1.270,-0.997
2025-12-05T03:25:34.146202,-1.225,-1.231,1.270,-0.996
2025-12-05T03:25:34.158750,-1.225,-1.231,1.270,-0.995
2025-12-05T03:25:34.174371,-1.225,-1.231,1.270,-0.994
2025-12-05T03:25:34.188402,-1.225,-1.231,1.270,-0.992
2025-12-05T03:25:34.206036,-1.226,-1.231,1.270,-0.990
2025-12-05T03:25:34.225160,-1.226,-1.231,1.270,-0.988
2025-12-05T03:25:34.239181,-1.226,-1.231,1.270,-0.985
2025-12-05T03:25:34.258368,-1.226,-1.231,1.270,-0.983
2025-12-05T03:25:34.278983,-1.227,-1.231,1.270,-0.980
2025-12-05T03:25:34.292841,-1.227,-1.231,1.270,-0.977
2025-12-05T03:25:34.308110,-1.227,-1.231,1.270,-0.974
2025-12-05T03:25:34.325792,-1.227,-1.231,1.270,-0.970
2025-12-05T03:25:34.344679,-1.228,-1.231,1.270,-0.967
2025-12-05T03:25:34.361242,-1.228,-1.230,1.270,-0.963
2025-12-05T03:25:34.376574,-1.228,-1.230,1.270,-0.959
2025-12-05T03:25:34.392927,-1.228,-1.230,1.270,-0.955
2025-12-05T03:25:34.407218,-1.228,-1.230,1.270,-0.951
2025-12-05T03:25:34.422525,-1.228,-1.230,1.270,-0.946
2025-12-05T03:25:34.438511,-1.229,-1.230,1.270,-0.941
2025-12-05T03:25:34.456154,-1.229,-1.230,1.270,-0.936
2025-12-05T03:25:34.473117,-1.229,-1.230,1.270,-0.931
2025-12-05T03:25:34.489291,-1.229,-1.230,1.270,-0.926
2025-12-05T03:25:34.507951,-1.229,-1.230,1.270,-0.920
2025-12-05T03:25:34.526616,-1.229,-1.230,1.270,-0.915
2025-12-05T03:25:34.544697,-1.229,-1.230,1.270,-0.909
2025-12-05T03:25:34.561398,-1.230,-1.230,1.270,-0.903
2025-12-05T03:25:34.580583,-1.230,-1.230,1.270,-0.896
2025-12-05T03:25:34.598318,-1.230,-1.230,1.270,-0.890
2025-12-05T03:25:34.613734,-1.230,-1.230,1.270,-0.883
2025-12-05T03:25:34.630426,-1.230,-1.230,1.270,-0.876
2025-12-05T03:25:34.648189,-1.230,-1.230,1.270,-0.869
2025-12-05T03:25:34.663844,-1.230,-1.230,1.270,-0.862
2025-12-05T03:25:34.677976,-1.230,-1.230,1.270,-0.855
2025-12-05T03:25:34.695163,-1.231,-1.230,1.270,-0.847
2025-12-05T03:25:34.710124,-1.231,-1.230,1.270,-0.839
2025-12-05T03:25:34.723011,-1.231,-1.230,1.270,-0.831
2025-12-05T03:25:34.737303,-1.231,-1.230,1.270,-0.823
2025-12-05T03:25:34.750884,-1.231,-1.230,1.270,-0.815
2025-12-05T03:25:34.766299,-1.231,-1.230,1.270,-0.807
2025-12-05T03:25:34.783049,-1.231,-1.230,1.270,-0.798
2025-12-05T03:25:34.799893,-1.231,-1.230,1.270,-0.789
2025-12-05T03:25:34.816344,-1.231,-1.230,1.270,-0.780
2025-12-05T03:25:34.837184,-1.231,-1.230,1.270,-0.771
2025-12-05T03:25:34.852202,-1.231,-1.230,1.270,-0.762
2025-12-05T03:25:34.868847,-1.231,-1.230,1.270,-0.753
2025-12-05T03:25:34.885860,-1.231,-1.230,1.270,-0.743
2025-12-05T03:25:34.904841,-1.232,-1.230,1.270,-0.733
2025-12-05T03:25:34.922949,-1.232,-1.230,1.270,-0.723
2025-12-05T03:25:34.941591,-1.232,-1.239,1.270,-0.723
2025-12-05T03:25:34.957524,-1.233,-1.247,1.270,-0.723
2025-12-05T03:25:34.974846,-1.233,-1.248,1.270,-0.713
2025-12-05T03:25:34.990161,-1.233,-1.248,1.270,-0.703
2025-12-05T03:25:35.005864,-1.233,-1.248,1.270,-0.693
2025-12-05T03:25:35.021059,-1.233,-1.248,1.270,-0.683
2025-12-05T03:25:35.037259,-1.233,-1.248,1.270,-0.672
2025-12-05T03:25:35.047760,-1.233,-1.248,1.270,-0.661
2025-12-05T03:25:35.064615,-1.233,-1.248,1.270,-0.650
2025-12-05T03:25:35.081628,-1.233,-1.248,1.270,-0.639
2025-12-05T03:25:35.093868,-1.233,-1.248,1.270,-0.628
2025-12-05T03:25:35.109898,-1.233,-1.248,1.270,-0.617
2025-12-05T03:25:35.127863,-1.233,-1.248,1.270,-0.605
2025-12-05T03:25:35.145386,-1.233,-1.248,1.270,-0.594
2025-12-05T03:25:35.162167,-1.233,-1.248,1.270,-0.582
2025-12-05T03:25:35.181166,-1.233,-1.248,1.270,-0.571
2025-12-05T03:25:35.198168,-1.233,-1.248,1.270,-0.559
2025-12-05T03:25:35.216521,-1.233,-1.248,1.270,-0.547
2025-12-05T03:25:35.232997,-1.233,-1.248,1.270,-0.535
2025-12-05T03:25:35.252183,-1.233,-1.248,1.270,-0.522
2025-12-05T03:25:35.267152,-1.233,-1.248,1.270,-0.510
2025-12-05T03:25:35.279611,-1.233,-1.248,1.270,-0.498
2025-12-05T03:25:35.296478,-1.233,-1.248,1.270,-0.485
2025-12-05T03:25:35.310129,-1.233,-1.248,1.270,-0.472
2025-12-05T03:25:35.325963,-1.233,-1.248,1.270,-0.460
2025-12-05T03:25:35.341325,-1.233,-1.248,1.270,-0.447
2025-12-05T03:25:35.357228,-1.234,-1.248,1.270,-0.434
2025-12-05T03:25:35.372900,-1.234,-1.248,1.270,-0.421
2025-12-05T03:25:35.390905,-1.234,-1.248,1.270,-0.408
2025-12-05T03:25:35.408529,-1.234,-1.248,1.270,-0.395
2025-12-05T03:25:35.426209,-1.234,-1.248,1.270,-0.381
2025-12-05T03:25:35.444996,-1.234,-1.248,1.270,-0.368
2025-12-05T03:25:35.461618,-1.234,-1.248,1.270,-0.355
2025-12-05T03:25:35.480552,-1.234,-1.248,1.270,-0.341
2025-12-05T03:25:35.497579,-1.234,-1.248,1.270,-0.327
2025-12-05T03:25:35.514470,-1.234,-1.248,1.270,-0.314
2025-12-05T03:25:35.530182,-1.234,-1.248,1.270,-0.300
2025-12-05T03:25:35.547021,-1.234,-1.248,1.270,-0.286
2025-12-05T03:25:35.564826,-1.234,-1.248,1.270,-0.273
2025-12-05T03:25:35.578331,-1.234,-1.248,1.270,-0.259
2025-12-05T03:25:35.599533,-1.234,-1.248,1.270,-0.245
2025-12-05T03:25:35.613178,-1.234,-1.248,1.270,-0.231
2025-12-05T03:25:35.628726,-1.234,-1.248,1.270,-0.217
2025-12-05T03:25:35.643987,-1.234,-1.248,1.270,-0.203
2025-12-05T03:25:35.659946,-1.234,-1.248,1.270,-0.188
2025-12-05T03:25:35.676149,-1.234,-1.248,1.270,-0.174
2025-12-05T03:25:35.693351,-1.234,-1.248,1.270,-0.160
2025-12-05T03:25:35.712402,-1.234,-1.248,1.270,-0.146
2025-12-05T03:25:35.730615,-1.234,-1.248,1.270,-0.132
2025-12-05T03:25:35.748333,-1.234,-1.248,1.270,-0.117
2025-12-05T03:25:35.763485,-1.234,-1.248,1.270,-0.103
2025-12-05T03:25:35.780945,-1.234,-1.248,1.270,-0.089
2025-12-05T03:25:35.796419,-1.234,-1.248,1.270,-0.074
2025-12-05T03:25:35.811625,-1.234,-1.248,1.270,-0.060
2025-12-05T03:25:35.832016,-1.234,-1.248,1.270,-0.046
2025-12-05T03:25:35.844676,-1.234,-1.248,1.270,-0.031
2025-12-05T03:25:35.862092,-1.234,-1.248,1.270,-0.017
2025-12-05T03:25:35.877213,-1.234,-1.248,1.270,-0.002
2025-12-05T03:25:35.892514,-1.234,-1.248,1.270,0.012
2025-12-05T03:25:35.907156,-1.234,-1.248,1.270,0.026
2025-12-05T03:25:35.922778,-1.234,-1.248,1.270,0.041
2025-12-05T03:25:35.937591,-1.234,-1.248,1.270,0.055
2025-12-05T03:25:35.958594,-1.234,-1.248,1.270,0.070
2025-12-05T03:25:35.971330,-1.234,-1.248,1.270,0.084
2025-12-05T03:25:35.987977,-1.234,-1.248,1.270,0.098
2025-12-05T03:25:36.004612,-1.234,-1.248,1.270,0.113
2025-12-05T03:25:36.022099,-1.234,-1.248,1.270,0.127
2025-12-05T03:25:36.041115,-1.234,-1.248,1.270,0.141
2025-12-05T03:25:36.057704,-1.234,-1.248,1.270,0.155
2025-12-05T03:25:36.078587,-1.234,-1.248,1.270,0.170
2025-12-05T03:25:36.096160,-1.234,-1.248,1.270,0.184
2025-12-05T03:25:36.114791,-1.234,-1.248,1.270,0.198
2025-12-05T03:25:36.131064,-1.234,-1.248,1.270,0.212
2025-12-05T03:25:36.147756,-1.234,-1.248,1.270,0.226
2025-12-05T03:25:36.164458,-1.234,-1.248,1.270,0.240
2025-12-05T03:25:36.179785,-1.234,-1.248,1.270,0.254
2025-12-05T03:25:36.194751,-1.234,-1.248,1.270,0.268
2025-12-05T03:25:36.212325,-1.234,-1.248,1.270,0.282
2025-12-05T03:25:36.227267,-1.234,-1.248,1.270,0.296
2025-12-05T03:25:36.241371,-1.234,-1.248,1.270,0.309
2025-12-05T03:25:36.255493,-1.234,-1.248,1.270,0.323
2025-12-05T03:25:36.269759,-1.234,-1.248,1.270,0.337
2025-12-05T03:25:36.286251,-1.234,-1.249,1.270,0.350
2025-12-05T03:25:36.303149,-1.234,-1.249,1.270,0.363
2025-12-05T03:25:36.316595,-1.234,-1.249,1.270,0.377
2025-12-05T03:25:36.334101,-1.234,-1.249,1.270,0.390
2025-12-05T03:25:36.351173,-1.234,-1.249,1.270,0.403
2025-12-05T03:25:36.368185,-1.234,-1.249,1.270,0.417
2025-12-05T03:25:36.386994,-1.234,-1.249,1.270,0.430
2025-12-05T03:25:36.403175,-1.234,-1.249,1.270,0.443
2025-12-05T03:25:36.421327,-1.234,-1.249,1.270,0.455
2025-12-05T03:25:36.437246,-1.234,-1.249,1.270,0.468
2025-12-05T03:25:36.456753,-1.234,-1.249,1.270,0.481
2025-12-05T03:25:36.475771,-1.234,-1.249,1.270,0.493
2025-12-05T03:25:36.491531,-1.234,-1.249,1.270,0.506
2025-12-05T03:25:36.507547,-1.234,-1.249,1.270,0.518
2025-12-05T03:25:36.530507,-1.234,-1.249,1.270,0.531
2025-12-05T03:25:36.544850,-1.234,-1.249,1.270,0.543
2025-12-05T03:25:36.558483,-1.234,-1.249,1.270,0.555
2025-12-05T03:25:36.574612,-1.234,-1.249,1.270,0.567
2025-12-05T03:25:36.589684,-1.234,-1.249,1.270,0.578
2025-12-05T03:25:36.603695,-1.234,-1.249,1.270,0.590
2025-12-05T03:25:36.616151,-1.234,-1.249,1.270,0.602
2025-12-05T03:25:36.630257,-1.234,-1.249,1.270,0.613
2025-12-05T03:25:36.645661,-1.234,-1.249,1.270,0.624
2025-12-05T03:25:36.661223,-1.234,-1.249,1.270,0.636
2025-12-05T03:25:36.676786,-1.234,-1.249,1.270,0.647
2025-12-05T03:25:36.694590,-1.234,-1.249,1.270,0.658
2025-12-05T03:25:36.709968,-1.234,-1.249,1.270,0.668
2025-12-05T03:25:36.726331,-1.234,-1.249,1.270,0.679
2025-12-05T03:25:36.745653,-1.234,-1.249,1.270,0.690
2025-12-05T03:25:36.763491,-1.234,-1.249,1.270,0.700
2025-12-05T03:25:36.781692,-1.234,-1.249,1.270,0.710
2025-12-05T03:25:36.798999,-1.234,-1.249,1.270,0.720
2025-12-05T03:25:36.815227,-1.234,-1.249,1.270,0.730
2025-12-05T03:25:36.830584,-1.234,-1.249,1.270,0.740
2025-12-05T03:25:36.846774,-1.234,-1.249,1.270,0.749
2025-12-05T03:25:36.862452,-1.234,-1.249,1.270,0.759
2025-12-05T03:25:36.876371,-1.234,-1.249,1.270,0.768
2025-12-05T03:25:36.892598,-1.234,-1.249,1.270,0.777
2025-12-05T03:25:36.906512,-1.234,-1.249,1.270,0.786
2025-12-05T03:25:36.923979,-1.234,-1.249,1.270,0.795
2025-12-05T03:25:36.939723,-1.234,-1.249,1.270,0.804
2025-12-05T03:25:36.958607,-1.234,-1.249,1.270,0.812
2025-12-05T03:25:36.974509,-1.234,-1.249,1.270,0.821
2025-12-05T03:25:36.991631,-1.234,-1.249,1.270,0.829
2025-12-05T03:25:37.008405,-1.234,-1.249,1.270,0.837
2025-12-05T03:25:37.025924,-1.234,-1.249,1.270,0.844
2025-12-05T03:25:37.045606,-1.234,-1.249,1.270,0.852
2025-12-05T03:25:37.062218,-1.234,-1.249,1.270,0.860
2025-12-05T03:25:37.079010,-1.234,-1.249,1.270,0.867
2025-12-05T03:25:37.093874,-1.234,-1.249,1.270,0.874
2025-12-05T03:25:37.110554,-1.234,-1.249,1.270,0.881
2025-12-05T03:25:37.125649,-1.234,-1.249,1.270,0.888
2025-12-05T03:25:37.147485,-1.234,-1.249,1.270,0.894
2025-12-05T03:25:37.161538,-1.234,-1.249,1.270,0.900
2025-12-05T03:25:37.176334,-1.234,-1.249,1.270,0.907
2025-12-05T03:25:37.191130,-1.234,-1.249,1.270,0.913
2025-12-05T03:25:37.209027,-1.234,-1.249,1.270,0.918
2025-12-05T03:25:37.221882,-1.234,-1.249,1.270,0.924
2025-12-05T03:25:37.237488,-1.241,-1.242,1.270,0.924
2025-12-05T03:25:37.254935,-1.247,-1.236,1.270,0.924
2025-12-05T03:25:37.270160,-1.253,-1.230,1.270,0.924
2025-12-05T03:25:37.286902,-1.260,-1.223,1.270,0.924
2025-12-05T03:25:37.302890,-1.266,-1.217,1.270,0.924
2025-12-05T03:25:37.321862,-1.273,-1.210,1.270,0.924
2025-12-05T03:25:37.342397,-1.279,-1.204,1.270,0.924
2025-12-05T03:25:37.360286,-1.285,-1.197,1.270,0.924
2025-12-05T03:25:37.378984,-1.292,-1.191,1.270,0.924
2025-12-05T03:25:37.395282,-1.298,-1.185,1.270,0.924
2025-12-05T03:25:37.412241,-1.305,-1.178,1.270,0.924
2025-12-05T03:25:37.429055,-1.311,-1.172,1.270,0.924
2025-12-05T03:25:37.454827,-1.318,-1.165,1.270,0.924
2025-12-05T03:25:37.470564,-1.324,-1.158,1.270,0.924
2025-12-05T03:25:37.484188,-1.331,-1.152,1.270,0.924
2025-12-05T03:25:37.497649,-1.338,-1.145,1.270,0.924
2025-12-05T03:25:37.511808,-1.344,-1.139,1.270,0.924
2025-12-05T03:25:37.526202,-1.351,-1.132,1.270,0.924
2025-12-05T03:25:37.543039,-1.357,-1.126,1.270,0.924
2025-12-05T03:25:37.556347,-1.364,-1.119,1.270,0.924
2025-12-05T03:25:37.570879,-1.370,-1.113,1.270,0.924
2025-12-05T03:25:37.585556,-1.377,-1.106,1.270,0.924
2025-12-05T03:25:37.601169,-1.384,-1.099,1.270,0.924
2025-12-05T03:25:37.617190,-1.390,-1.093,1.270,0.924
2025-12-05T03:25:37.634383,-1.397,-1.086,1.270,0.924
2025-12-05T03:25:37.651559,-1.403,-1.080,1.270,0.924
2025-12-05T03:25:37.668935,-1.410,-1.074,1.270,0.924
2025-12-05T03:25:37.687429,-1.410,-1.074,1.270,0.929
2025-12-05T03:25:37.703278,-1.411,-1.076,1.270,0.935
2025-12-05T03:25:37.719837,-1.411,-1.077,1.270,0.940
2025-12-05T03:25:37.737590,-1.411,-1.079,1.270,0.944
2025-12-05T03:25:37.757206,-1.411,-1.081,1.270,0.949
2025-12-05T03:25:37.772127,-1.411,-1.084,1.270,0.954
2025-12-05T03:25:37.793526,-1.412,-1.086,1.270,0.958
2025-12-05T03:25:37.803302,-1.412,-1.088,1.270,0.962
2025-12-05T03:25:37.817587,-1.412,-1.091,1.270,0.966
2025-12-05T03:25:37.833982,-1.412,-1.093,1.270,0.969
2025-12-05T03:25:37.850723,-1.412,-1.095,1.270,0.973
2025-12-05T03:25:37.867005,-1.412,-1.097,1.270,0.976
2025-12-05T03:25:37.884394,-1.412,-1.099,1.270,0.979
2025-12-05T03:25:37.901353,-1.413,-1.101,1.270,0.982
2025-12-05T03:25:37.917726,-1.413,-1.103,1.270,0.984
2025-12-05T03:25:37.935765,-1.413,-1.105,1.270,0.987
2025-12-05T03:25:37.953242,-1.413,-1.107,1.270,0.989
2025-12-05T03:25:37.971906,-1.413,-1.108,1.270,0.991
2025-12-05T03:25:37.990553,-1.413,-1.110,1.270,0.993
2025-12-05T03:25:38.007896,-1.413,-1.112,1.270,0.995
2025-12-05T03:25:38.023329,-1.413,-1.113,1.270,0.996
2025-12-05T03:25:38.041019,-1.414,-1.115,1.270,0.997
2025-12-05T03:25:38.061167,-1.414,-1.116,1.270,0.998
2025-12-05T03:25:38.075620,-1.414,-1.118,1.270,0.999
2025-12-05T03:25:38.091832,-1.414,-1.119,1.270,0.999
2025-12-05T03:25:38.107181,-1.414,-1.120,1.270,1.000
2025-12-05T03:25:38.120751,-1.423,-1.121,1.270,1.000
2025-12-05T03:25:38.134539,-1.432,-1.122,1.270,1.000
2025-12-05T03:25:38.150397,-1.441,-1.123,1.270,1.000
2025-12-05T03:25:38.166167,-1.450,-1.124,1.270,1.000
2025-12-05T03:25:38.180126,-1.459,-1.124,1.270,1.000
2025-12-05T03:25:38.198863,-1.468,-1.125,1.270,1.000
2025-12-05T03:25:38.213492,-1.478,-1.126,1.270,1.000
2025-12-05T03:25:38.231321,-1.487,-1.126,1.270,1.000
2025-12-05T03:25:38.246700,-1.496,-1.127,1.270,1.000
2025-12-05T03:25:38.265350,-1.505,-1.128,1.270,1.000
2025-12-05T03:25:38.283093,-1.514,-1.128,1.270,1.000
2025-12-05T03:25:38.302348,-1.524,-1.129,1.270,1.000
2025-12-05T03:25:38.320644,-1.533,-1.129,1.270,1.000
2025-12-05T03:25:38.336529,-1.542,-1.130,1.270,1.000
2025-12-05T03:25:38.351706,-1.552,-1.130,1.270,1.000
2025-12-05T03:25:38.370175,-1.561,-1.130,1.270,1.000
2025-12-05T03:25:38.391048,-1.570,-1.131,1.270,1.000
2025-12-05T03:25:38.403573,-1.579,-1.131,1.270,1.000
2025-12-05T03:25:38.418752,-1.589,-1.132,1.270,1.000
2025-12-05T03:25:38.434470,-1.598,-1.132,1.270,1.000
2025-12-05T03:25:38.451266,-1.608,-1.132,1.270,1.000
2025-12-05T03:25:38.466326,-1.617,-1.132,1.270,1.000
2025-12-05T03:25:38.480736,-1.626,-1.133,1.270,1.000
2025-12-05T03:25:38.496611,-1.636,-1.133,1.270,1.000
2025-12-05T03:25:38.513401,-1.645,-1.133,1.270,1.000
2025-12-05T03:25:38.529812,-1.655,-1.133,1.270,1.000
2025-12-05T03:25:38.546191,-1.664,-1.133,1.270,1.000
2025-12-05T03:25:38.563571,-1.673,-1.134,1.270,1.000
2025-12-05T03:25:38.578574,-1.683,-1.134,1.270,1.000
2025-12-05T03:25:38.596267,-1.692,-1.134,1.270,1.000
2025-12-05T03:25:38.616288,-1.702,-1.134,1.270,1.000
2025-12-05T03:25:38.634930,-1.711,-1.134,1.270,1.000
2025-12-05T03:25:38.649249,-1.721,-1.134,1.270,1.000
2025-12-05T03:25:38.664935,-1.730,-1.134,1.270,1.000
2025-12-05T03:25:38.686119,-1.740,-1.134,1.270,1.000
2025-12-05T03:25:38.700315,-1.749,-1.134,1.270,1.000
2025-12-05T03:25:38.714902,-1.759,-1.134,1.270,1.000
2025-12-05T03:25:38.730622,-1.768,-1.134,1.270,1.000
2025-12-05T03:25:38.745332,-1.778,-1.134,1.270,1.000
2025-12-05T03:25:38.761301,-1.787,-1.134,1.270,1.000
2025-12-05T03:25:38.777937,-1.797,-1.134,1.270,1.000
2025-12-05T03:25:38.794966,-1.807,-1.134,1.270,1.000
2025-12-05T03:25:38.812511,-1.816,-1.134,1.270,1.000
2025-12-05T03:25:38.829305,-1.826,-1.134,1.270,1.000
2025-12-05T03:25:38.848120,-1.835,-1.134,1.270,1.000
2025-12-05T03:25:38.865988,-1.845,-1.134,1.270,1.000
2025-12-05T03:25:38.883459,-1.854,-1.134,1.270,1.000
2025-12-05T03:25:38.899897,-1.864,-1.134,1.270,1.000
2025-12-05T03:25:38.913886,-1.873,-1.134,1.270,1.000
2025-12-05T03:25:38.930713,-1.883,-1.134,1.270,1.000
2025-12-05T03:25:38.946422,-1.893,-1.133,1.270,1.000
2025-12-05T03:25:38.960467,-1.902,-1.133,1.270,1.000
2025-12-05T03:25:38.975029,-1.912,-1.133,1.270,1.000
2025-12-05T03:25:38.991947,-1.921,-1.133,1.270,1.000
2025-12-05T03:25:39.006693,-1.931,-1.133,1.270,1.000
2025-12-05T03:25:39.024609,-1.941,-1.133,1.270,1.000
2025-12-05T03:25:39.041279,-1.950,-1.132,1.270,1.000
2025-12-05T03:25:39.057553,-1.960,-1.132,1.270,1.000
2025-12-05T03:25:39.074948,-1.970,-1.132,1.270,1.000
2025-12-05T03:25:39.092436,-1.979,-1.132,1.270,1.000
2025-12-05T03:25:39.110176,-1.989,-1.132,1.270,1.000
2025-12-05T03:25:39.128292,-1.998,-1.132,1.270,1.000
2025-12-05T03:25:39.146211,-2.008,-1.131,1.270,1.000
2025-12-05T03:25:39.164355,-2.018,-1.131,1.270,1.000
2025-12-05T03:25:39.181957,-2.027,-1.131,1.270,1.000
2025-12-05T03:25:39.197172,-2.037,-1.131,1.270,1.000
2025-12-05T03:25:39.212714,-2.047,-1.131,1.270,1.000
2025-12-05T03:25:39.232529,-2.056,-1.130,1.270,1.000
2025-12-05T03:25:39.247942,-2.066,-1.130,1.270,1.000
2025-12-05T03:25:39.261590,-2.076,-1.130,1.270,1.000
2025-12-05T03:25:39.278482,-2.085,-1.130,1.270,1.000
2025-12-05T03:25:39.292539,-2.095,-1.129,1.270,1.000
2025-12-05T03:25:39.308122,-2.104,-1.129,1.270,1.000
2025-12-05T03:25:39.323190,-2.114,-1.129,1.270,1.000
2025-12-05T03:25:39.339387,-2.124,-1.129,1.270,1.000
2025-12-05T03:25:39.357535,-2.133,-1.128,1.270,1.000
2025-12-05T03:25:39.373408,-2.143,-1.128,1.270,1.000
2025-12-05T03:25:39.387604,-2.153,-1.128,1.270,1.000
2025-12-05T03:25:39.406738,-2.162,-1.128,1.270,1.000
2025-12-05T03:25:39.434048,-2.172,-1.127,1.270,1.000
2025-12-05T03:25:39.448432,-2.182,-1.127,1.270,1.000
2025-12-05T03:25:39.465012,-2.191,-1.127,1.270,1.000
2025-12-05T03:25:39.482282,-2.201,-1.127,1.270,1.000
2025-12-05T03:25:39.498330,-2.211,-1.126,1.270,1.000
2025-12-05T03:25:39.514127,-2.220,-1.126,1.270,1.000
2025-12-05T03:25:39.529467,-2.230,-1.126,1.270,1.000
2025-12-05T03:25:39.544314,-2.240,-1.125,1.270,1.000
2025-12-05T03:25:39.559131,-2.249,-1.125,1.270,1.000
2025-12-05T03:25:39.572473,-2.259,-1.125,1.270,1.000
2025-12-05T03:25:39.585911,-2.269,-1.125,1.270,1.000
2025-12-05T03:25:39.605391,-2.278,-1.124,1.270,1.000
2025-12-05T03:25:39.618601,-2.288,-1.124,1.270,1.000
2025-12-05T03:25:39.633823,-2.298,-1.124,1.270,1.000
2025-12-05T03:25:39.649779,-2.308,-1.123,1.270,1.000
2025-12-05T03:25:39.668167,-2.317,-1.123,1.270,1.000
2025-12-05T03:25:39.684356,-2.327,-1.123,1.270,1.000
2025-12-05T03:25:39.701278,-2.337,-1.122,1.270,1.000
2025-12-05T03:25:39.719094,-2.346,-1.122,1.270,1.000
2025-12-05T03:25:39.736271,-2.356,-1.122,1.270,1.000
2025-12-05T03:25:39.753822,-2.366,-1.122,1.270,1.000
2025-12-05T03:25:39.772107,-2.375,-1.121,1.270,1.000
2025-12-05T03:25:39.788939,-2.385,-1.121,1.270,1.000
2025-12-05T03:25:39.804368,-2.395,-1.121,1.270,1.000
2025-12-05T03:25:39.819983,-2.404,-1.120,1.270,1.000
2025-12-05T03:25:39.835888,-2.414,-1.120,1.270,1.000
2025-12-05T03:25:39.853786,-2.424,-1.120,1.270,1.000
2025-12-05T03:25:39.867322,-2.433,-1.119,1.270,1.000
2025-12-05T03:25:39.881626,-2.443,-1.119,1.270,1.000
2025-12-05T03:25:39.898475,-2.453,-1.119,1.270,1.000
2025-12-05T03:25:39.914275,-2.463,-1.118,1.270,1.000
2025-12-05T03:25:39.933914,-2.472,-1.118,1.270,1.000
2025-12-05T03:25:39.949716,-2.482,-1.118,1.270,1.000
2025-12-05T03:25:39.967717,-2.492,-1.117,1.270,1.000
2025-12-05T03:25:39.987034,-2.501,-1.117,1.270,1.000
2025-12-05T03:25:40.003722,-2.511,-1.117,1.270,1.000
2025-12-05T03:25:40.022385,-2.521,-1.116,1.270,1.000
2025-12-05T03:25:40.038031,-2.530,-1.116,1.270,1.000
2025-12-05T03:25:40.053359,-2.540,-1.116,1.270,1.000
2025-12-05T03:25:40.070791,-2.550,-1.115,1.270,1.000
2025-12-05T03:25:40.098974,-2.559,-1.115,1.270,1.000
2025-12-05T03:25:40.112571,-2.569,-1.115,1.270,1.000
2025-12-05T03:25:40.129767,-2.579,-1.114,1.270,1.000
2025-12-05T03:25:40.143993,-2.589,-1.114,1.270,1.000
2025-12-05T03:25:40.157099,-2.598,-1.114,1.270,1.000
2025-12-05T03:25:40.174534,-2.608,-1.113,1.270,1.000
2025-12-05T03:25:40.186024,-2.618,-1.113,1.270,1.000
2025-12-05T03:25:40.201109,-2.618,-1.113,1.270,0.999
2025-12-05T03:25:40.214524,-2.619,-1.113,1.270,0.999
2025-12-05T03:25:40.229177,-2.620,-1.113,1.270,0.998
2025-12-05T03:25:40.242949,-2.621,-1.113,1.270,0.997
2025-12-05T03:25:40.257327,-2.621,-1.113,1.270,0.996
2025-12-05T03:25:40.272627,-2.622,-1.113,1.270,0.995
2025-12-05T03:25:40.286272,-2.622,-1.113,1.270,0.993
2025-12-05T03:25:40.302376,-2.623,-1.113,1.270,0.991
2025-12-05T03:25:40.316510,-2.624,-1.113,1.270,0.989
2025-12-05T03:25:40.335069,-2.624,-1.113,1.270,0.987
2025-12-05T03:25:40.350575,-2.625,-1.113,1.270,0.984
2025-12-05T03:25:40.369569,-2.625,-1.113,1.270,0.982
2025-12-05T03:25:40.386582,-2.626,-1.113,1.270,0.979
2025-12-05T03:25:40.404325,-2.626,-1.113,1.270,0.976
2025-12-05T03:25:40.420393,-2.627,-1.113,1.270,0.973
2025-12-05T03:25:40.440546,-2.627,-1.113,1.270,0.969
2025-12-05T03:25:40.461045,-2.627,-1.113,1.270,0.966
2025-12-05T03:25:40.474566,-2.628,-1.113,1.270,0.962
2025-12-05T03:25:40.488442,-2.628,-1.113,1.270,0.962
2025-12-05T03:25:40.506466,-2.628,-1.113,1.270,0.962
2025-12-05T03:25:40.527937,-2.628,-1.113,1.270,0.962
2025-12-05T03:25:40.543132,-2.628,-1.113,1.270,0.962
2025-12-05T03:25:40.558432,-2.628,-1.113,1.270,0.962
2025-12-05T03:25:40.573409,-2.628,-1.113,1.270,0.962
2025-12-05T03:25:40.587622,-2.628,-1.113,1.270,0.962
2025-12-05T03:25:40.602822,-2.628,-1.113,1.270,0.962
2025-12-05T03:25:40.617707,-2.628,-1.113,1.270,0.962
2025-12-05T03:25:40.633218,-2.628,-1.113,1.270,0.962
2025-12-05T03:25:40.647411,-2.628,-1.113,1.270,0.962
2025-12-05T03:25:40.665835,-2.628,-1.113,1.270,0.962
2025-12-05T03:25:40.678359,-2.628,-1.113,1.270,0.962
2025-12-05T03:25:40.694782,-2.628,-1.113,1.270,0.962
2025-12-05T03:25:40.711932,-2.628,-1.113,1.270,0.962
2025-12-05T03:25:40.728665,-2.628,-1.113,1.270,0.962
2025-12-05T03:25:40.747596,-2.628,-1.113,1.270,0.962
2025-12-05T03:25:40.764782,-2.628,-1.113,1.270,0.962
2025-12-05T03:25:40.782523,-2.628,-1.113,1.270,0.962
2025-12-05T03:25:40.800679,-2.628,-1.113,1.270,0.962
2025-12-05T03:25:40.818016,-2.628,-1.113,1.270,0.962
2025-12-05T03:25:40.833178,-2.628,-1.113,1.270,0.962
2025-12-05T03:25:40.850424,-2.628,-1.113,1.270,0.962
2025-12-05T03:25:40.865987,-2.628,-1.113,1.270,0.962
2025-12-05T03:25:40.881023,-2.628,-1.113,1.270,0.962
2025-12-05T03:25:40.895496,-2.628,-1.113,1.270,0.962
2025-12-05T03:25:40.910618,-2.628,-1.113,1.270,0.962
2025-12-05T03:25:40.925513,-2.628,-1.113,1.270,0.962
2025-12-05T03:25:40.940109,-2.628,-1.113,1.270,0.962
2025-12-05T03:25:40.959201,-2.628,-1.113,1.270,0.962
2025-12-05T03:25:40.974546,-2.628,-1.113,1.270,0.962
2025-12-05T03:25:40.992724,-2.628,-1.113,1.270,0.962
2025-12-05T03:25:41.011231,-2.628,-1.113,1.270,0.962
2025-12-05T03:25:41.028045,-2.628,-1.113,1.270,0.962
2025-12-05T03:25:41.046360,-2.628,-1.113,1.270,0.962
2025-12-05T03:25:41.065188,-2.628,-1.113,1.270,0.962
2025-12-05T03:25:41.080020,-2.628,-1.113,1.270,0.962
2025-12-05T03:25:41.099512,-2.628,-1.113,1.270,0.962
2025-12-05T03:25:41.115031,-2.628,-1.113,1.270,0.962
2025-12-05T03:25:41.132771,-2.628,-1.113,1.270,0.962
2025-12-05T03:25:41.157842,-2.628,-1.113,1.270,0.962
2025-12-05T03:25:41.171960,-2.628,-1.113,1.270,0.962
2025-12-05T03:25:41.188163,-2.628,-1.113,1.270,0.962
2025-12-05T03:25:41.202087,-2.628,-1.113,1.270,0.962
2025-12-05T03:25:41.216742,-2.628,-1.113,1.270,0.962
2025-12-05T03:25:41.229381,-2.628,-1.113,1.270,0.962
2025-12-05T03:25:41.242792,-2.628,-1.113,1.270,0.962
2025-12-05T03:25:41.255942,-2.628,-1.113,1.270,0.962
2025-12-05T03:25:41.269294,-2.628,-1.113,1.270,0.962
2025-12-05T03:25:41.284182,-2.628,-1.113,1.270,0.962
2025-12-05T03:25:41.300953,-2.628,-1.113,1.270,0.962
2025-12-05T03:25:41.316611,-2.628,-1.113,1.270,0.962
2025-12-05T03:25:41.333593,-2.628,-1.113,1.270,0.962
2025-12-05T03:25:41.351315,-2.628,-1.113,1.270,0.962
2025-12-05T03:25:41.367748,-2.628,-1.113,1.270,0.962
2025-12-05T03:25:41.386050,-2.628,-1.113,1.270,0.962
2025-12-05T03:25:41.402339,-2.628,-1.113,1.270,0.962
2025-12-05T03:25:41.420303,-2.628,-1.113,1.270,0.962
2025-12-05T03:25:41.437577,-2.628,-1.113,1.270,0.962
2025-12-05T03:25:41.453324,-2.628,-1.113,1.270,0.962
2025-12-05T03:25:41.467698,-2.628,-1.113,1.270,0.962
2025-12-05T03:25:41.483406,-2.628,-1.113,1.270,0.962
2025-12-05T03:25:41.498892,-2.628,-1.113,1.270,0.962
2025-12-05T03:25:41.514661,-2.628,-1.113,1.270,0.962
2025-12-05T03:25:41.530678,-2.628,-1.113,1.270,0.962
2025-12-05T03:25:41.546998,-2.628,-1.113,1.270,0.962
2025-12-05T03:25:41.566812,-2.628,-1.113,1.270,0.962
2025-12-05T03:25:41.582948,-2.628,-1.113,1.270,0.962
2025-12-05T03:25:41.599615,-2.628,-1.113,1.270,0.962
2025-12-05T03:25:41.616744,-2.628,-1.113,1.270,0.962
2025-12-05T03:25:41.633311,-2.628,-1.113,1.270,0.962
2025-12-05T03:25:41.648477,-2.628,-1.113,1.270,0.962
2025-12-05T03:25:41.664036,-2.628,-1.113,1.270,0.962
2025-12-05T03:25:41.678611,-2.628,-1.113,1.270,0.962
2025-12-05T03:25:41.692654,-2.628,-1.113,1.270,0.962
2025-12-05T03:25:41.708371,-2.628,-1.113,1.270,0.962
2025-12-05T03:25:41.723409,-2.628,-1.113,1.270,0.962
2025-12-05T03:25:41.741388,-2.628,-1.113,1.270,0.962
2025-12-05T03:25:41.759996,-2.628,-1.113,1.270,0.962
2025-12-05T03:25:41.776826,-2.628,-1.113,1.270,0.962
2025-12-05T03:25:41.792588,-2.628,-1.113,1.270,0.962
2025-12-05T03:25:41.810888,-2.628,-1.113,1.270,0.962
2025-12-05T03:25:41.828791,-2.628,-1.113,1.270,0.962
2025-12-05T03:25:41.846372,-2.628,-1.113,1.270,0.962
2025-12-05T03:25:41.862778,-2.628,-1.113,1.270,0.962
2025-12-05T03:25:41.878980,-2.628,-1.113,1.270,0.962
2025-12-05T03:25:41.895319,-2.628,-1.113,1.270,0.962
2025-12-05T03:25:41.911148,-2.628,-1.113,1.270,0.962
2025-12-05T03:25:41.926193,-2.628,-1.113,1.270,0.962
2025-12-05T03:25:41.940778,-2.628,-1.113,1.270,0.962
2025-12-05T03:25:41.955512,-2.628,-1.113,1.270,0.962
2025-12-05T03:25:41.971605,-2.628,-1.113,1.270,0.962
2025-12-05T03:25:41.988717,-2.628,-1.113,1.270,0.962
2025-12-05T03:25:42.004099,-2.628,-1.113,1.270,0.962
2025-12-05T03:25:42.021219,-2.628,-1.113,1.270,0.962
2025-12-05T03:25:42.039222,-2.628,-1.113,1.270,0.962
2025-12-05T03:25:42.057389,-2.628,-1.113,1.270,0.962
2025-12-05T03:25:42.075600,-2.628,-1.113,1.270,0.962
2025-12-05T03:25:42.093204,-2.628,-1.113,1.270,0.962
2025-12-05T03:25:42.111610,-2.628,-1.113,1.270,0.962
2025-12-05T03:25:42.128154,-2.628,-1.113,1.270,0.962
2025-12-05T03:25:42.144939,-2.628,-1.113,1.270,0.962
2025-12-05T03:25:42.159967,-2.628,-1.113,1.270,0.962
2025-12-05T03:25:42.175622,-2.628,-1.113,1.270,0.962
2025-12-05T03:25:42.191289,-2.628,-1.113,1.270,0.962
2025-12-05T03:25:42.203169,-2.628,-1.113,1.270,0.962
2025-12-05T03:25:42.218050,-2.628,-1.113,1.270,0.962
2025-12-05T03:25:42.233001,-2.628,-1.113,1.270,0.962
2025-12-05T03:25:42.247986,-2.628,-1.113,1.270,0.962
2025-12-05T03:25:42.264329,-2.628,-1.113,1.270,0.962
2025-12-05T03:25:42.281137,-2.628,-1.113,1.270,0.962
2025-12-05T03:25:42.300029,-2.628,-1.113,1.270,0.962
2025-12-05T03:25:42.317106,-2.628,-1.113,1.270,0.962
2025-12-05T03:25:42.334181,-2.628,-1.113,1.270,0.962
2025-12-05T03:25:42.352978,-2.628,-1.113,1.270,0.962
2025-12-05T03:25:42.369974,-2.628,-1.113,1.270,0.962
2025-12-05T03:25:42.390598,-2.628,-1.113,1.270,0.962
2025-12-05T03:25:42.408027,-2.628,-1.113,1.270,0.962
2025-12-05T03:25:42.424756,-2.628,-1.113,1.270,0.962
2025-12-05T03:25:42.439686,-2.628,-1.113,1.270,0.962
2025-12-05T03:25:42.454189,-2.628,-1.113,1.270,0.962
2025-12-05T03:25:42.470186,-2.628,-1.113,1.270,0.962
2025-12-05T03:25:42.484129,-2.628,-1.113,1.270,0.962
2025-12-05T03:25:42.499123,-2.628,-1.113,1.270,0.962
2025-12-05T03:25:42.512396,-2.628,-1.113,1.270,0.962
2025-12-05T03:25:42.526984,-2.628,-1.113,1.270,0.962
2025-12-05T03:25:42.542063,-2.628,-1.113,1.270,0.962
2025-12-05T03:25:42.557507,-2.628,-1.113,1.270,0.962
2025-12-05T03:25:42.574418,-2.628,-1.113,1.270,0.962
2025-12-05T03:25:42.591152,-2.628,-1.113,1.270,0.962
2025-12-05T03:25:42.610135,-2.628,-1.113,1.270,0.962
2025-12-05T03:25:42.626239,-2.628,-1.113,1.270,0.962
2025-12-05T03:25:42.642623,-2.628,-1.113,1.270,0.962
2025-12-05T03:25:42.660955,-2.628,-1.113,1.270,0.962
2025-12-05T03:25:42.681296,-2.628,-1.113,1.270,0.962
2025-12-05T03:25:42.698096,-2.628,-1.113,1.270,0.962
2025-12-05T03:25:42.711455,-2.628,-1.113,1.270,0.962
2025-12-05T03:25:42.729079,-2.628,-1.113,1.270,0.962
2025-12-05T03:25:42.746039,-2.628,-1.113,1.270,0.962
2025-12-05T03:25:42.762308,-2.628,-1.113,1.270,0.962
2025-12-05T03:25:42.778255,-2.628,-1.113,1.270,0.962
2025-12-05T03:25:42.794085,-2.628,-1.113,1.270,0.962
2025-12-05T03:25:42.807404,-2.628,-1.113,1.270,0.962
2025-12-05T03:25:42.823525,-2.628,-1.113,1.270,0.962
2025-12-05T03:25:42.838694,-2.628,-1.113,1.270,0.962
2025-12-05T03:25:42.855176,-2.628,-1.113,1.270,0.962
2025-12-05T03:25:42.872272,-2.628,-1.113,1.270,0.962
2025-12-05T03:25:42.889986,-2.628,-1.113,1.270,0.962
2025-12-05T03:25:42.907247,-2.628,-1.113,1.270,0.962
2025-12-05T03:25:42.924998,-2.628,-1.113,1.270,0.962
2025-12-05T03:25:42.944256,-2.628,-1.113,1.270,0.962
2025-12-05T03:25:42.962460,-2.628,-1.113,1.270,0.962
2025-12-05T03:25:42.980330,-2.628,-1.113,1.270,0.962
2025-12-05T03:25:42.997452,-2.628,-1.113,1.270,0.962
2025-12-05T03:25:43.015915,-2.628,-1.113,1.270,0.962
2025-12-05T03:25:43.032870,-2.628,-1.113,1.270,0.962
2025-12-05T03:25:43.048447,-2.628,-1.113,1.270,0.962
2025-12-05T03:25:43.063459,-2.628,-1.113,1.270,0.962
2025-12-05T03:25:43.079378,-2.628,-1.113,1.270,0.962
2025-12-05T03:25:43.096873,-2.628,-1.113,1.270,0.962
2025-12-05T03:25:43.108975,-2.628,-1.113,1.270,0.962
2025-12-05T03:25:43.127326,-2.628,-1.113,1.270,0.962
2025-12-05T03:25:43.144772,-2.628,-1.113,1.270,0.962
2025-12-05T03:25:43.161976,-2.628,-1.113,1.270,0.962
2025-12-05T03:25:43.179841,-2.628,-1.113,1.270,0.962
2025-12-05T03:25:43.196991,-2.628,-1.113,1.270,0.962
2025-12-05T03:25:43.215441,-2.628,-1.113,1.270,0.962
2025-12-05T03:25:43.232788,-2.628,-1.113,1.270,0.962
2025-12-05T03:25:43.249516,-2.628,-1.113,1.270,0.962
2025-12-05T03:25:43.266479,-2.628,-1.113,1.270,0.962
2025-12-05T03:25:43.281410,-2.628,-1.113,1.270,0.962
2025-12-05T03:25:43.297899,-2.628,-1.113,1.270,0.962
2025-12-05T03:25:43.321649,-2.628,-1.113,1.270,0.962
2025-12-05T03:25:43.334346,-2.628,-1.113,1.270,0.962
2025-12-05T03:25:43.347577,-2.628,-1.113,1.270,0.962
2025-12-05T03:25:43.361890,-2.628,-1.113,1.270,0.962
2025-12-05T03:25:43.374357,-2.628,-1.113,1.270,0.962
2025-12-05T03:25:43.391561,-2.628,-1.113,1.270,0.962
2025-12-05T03:25:43.405722,-2.628,-1.113,1.270,0.962
2025-12-05T03:25:43.421331,-2.628,-1.113,1.270,0.962
2025-12-05T03:25:43.437053,-2.628,-1.113,1.270,0.962
2025-12-05T03:25:43.454053,-2.628,-1.113,1.270,0.962
2025-12-05T03:25:43.470974,-2.628,-1.113,1.270,0.962
2025-12-05T03:25:43.488600,-2.628,-1.113,1.270,0.962
2025-12-05T03:25:43.504666,-2.628,-1.113,1.270,0.962
2025-12-05T03:25:43.523048,-2.628,-1.113,1.270,0.962
2025-12-05T03:25:43.541638,-2.628,-1.113,1.270,0.962
2025-12-05T03:25:43.560658,-2.628,-1.113,1.270,0.962
2025-12-05T03:25:43.576877,-2.628,-1.113,1.270,0.962
2025-12-05T03:25:43.594941,-2.628,-1.113,1.270,0.962
2025-12-05T03:25:43.612733,-2.628,-1.113,1.270,0.962
2025-12-05T03:25:43.630652,-2.628,-1.113,1.270,0.962
2025-12-05T03:25:43.646173,-2.628,-1.113,1.270,0.962
2025-12-05T03:25:43.663314,-2.628,-1.113,1.270,0.962
2025-12-05T03:25:43.676779,-2.628,-1.113,1.270,0.962
2025-12-05T03:25:43.692643,-2.628,-1.113,1.270,0.962
2025-12-05T03:25:43.706818,-2.628,-1.113,1.270,0.962
2025-12-05T03:25:43.720234,-2.628,-1.113,1.270,0.962
2025-12-05T03:25:43.735254,-2.628,-1.113,1.270,0.962
2025-12-05T03:25:43.751030,-2.628,-1.113,1.270,0.962
2025-12-05T03:25:43.769038,-2.628,-1.113,1.270,0.962
2025-12-05T03:25:43.783548,-2.628,-1.113,1.270,0.958
2025-12-05T03:25:43.801196,-2.628,-1.113,1.270,0.954
2025-12-05T03:25:43.818180,-2.628,-1.113,1.270,0.949
2025-12-05T03:25:43.836415,-2.628,-1.113,1.270,0.944
2025-12-05T03:25:43.853786,-2.628,-1.113,1.270,0.940
2025-12-05T03:25:43.873264,-2.628,-1.113,1.270,0.935
2025-12-05T03:25:43.887816,-2.628,-1.113,1.270,0.929
2025-12-05T03:25:43.903137,-2.628,-1.113,1.270,0.924
2025-12-05T03:25:43.920592,-2.628,-1.113,1.270,0.918
2025-12-05T03:25:43.941825,-2.628,-1.113,1.270,0.913
2025-12-05T03:25:43.955008,-2.628,-1.113,1.270,0.907
2025-12-05T03:25:43.970329,-2.628,-1.113,1.270,0.900
2025-12-05T03:25:43.985112,-2.628,-1.113,1.270,0.894
2025-12-05T03:25:44.000373,-2.628,-1.113,1.270,0.888
2025-12-05T03:25:44.015943,-2.628,-1.113,1.270,0.881
2025-12-05T03:25:44.042415,-2.628,-1.113,1.270,0.874
2025-12-05T03:25:44.067448,-2.628,-1.113,1.270,0.867
2025-12-05T03:25:44.093206,-2.628,-1.113,1.270,0.860
2025-12-05T03:25:44.117411,-2.628,-1.113,1.270,0.852
2025-12-05T03:25:44.143878,-2.628,-1.113,1.270,0.844
2025-12-05T03:25:44.172616,-2.628,-1.113,1.270,0.837
2025-12-05T03:25:44.202125,-2.628,-1.113,1.270,0.829
2025-12-05T03:25:44.230126,-2.628,-1.113,1.270,0.821
2025-12-05T03:25:44.241723,-2.628,-1.113,1.270,0.812
2025-12-05T03:25:44.253164,-2.628,-1.113,1.270,0.804
2025-12-05T03:25:44.263360,-2.628,-1.113,1.270,0.795
2025-12-05T03:25:44.274663,-2.628,-1.113,1.270,0.786
2025-12-05T03:25:44.288829,-2.628,-1.113,1.270,0.777
2025-12-05T03:25:44.296073,-2.628,-1.113,1.270,0.768
2025-12-05T03:25:44.306294,-2.628,-1.113,1.270,0.759
2025-12-05T03:25:44.322692,-2.628,-1.113,1.270,0.749
2025-12-05T03:25:44.331529,-2.628,-1.113,1.270,0.740
2025-12-05T03:25:44.350385,-2.628,-1.113,1.270,0.730
2025-12-05T03:25:44.361085,-2.628,-1.113,1.270,0.720
2025-12-05T03:25:44.378934,-2.628,-1.113,1.270,0.710
2025-12-05T03:25:44.390342,-2.628,-1.113,1.270,0.700
2025-12-05T03:25:44.406610,-2.628,-1.113,1.270,0.690
2025-12-05T03:25:44.420516,-2.628,-1.113,1.270,0.679
2025-12-05T03:25:44.435911,-2.628,-1.113,1.270,0.668
2025-12-05T03:25:44.448581,-2.628,-1.113,1.270,0.658
2025-12-05T03:25:44.465630,-2.628,-1.113,1.270,0.647
2025-12-05T03:25:44.482319,-2.628,-1.113,1.270,0.636
2025-12-05T03:25:44.500057,-2.628,-1.113,1.270,0.624
2025-12-05T03:25:44.515880,-2.628,-1.113,1.270,0.613
2025-12-05T03:25:44.528384,-2.628,-1.113,1.270,0.602
2025-12-05T03:25:44.547628,-2.628,-1.113,1.270,0.590
2025-12-05T03:25:44.566616,-2.628,-1.113,1.270,0.578
2025-12-05T03:25:44.585883,-2.628,-1.113,1.270,0.567
2025-12-05T03:25:44.603772,-2.628,-1.113,1.270,0.555
2025-12-05T03:25:44.620445,-2.628,-1.113,1.270,0.543
2025-12-05T03:25:44.636943,-2.628,-1.113,1.270,0.531
2025-12-05T03:25:44.653468,-2.628,-1.113,1.270,0.518
2025-12-05T03:25:44.669458,-2.628,-1.113,1.270,0.506
2025-12-05T03:25:44.685101,-2.628,-1.113,1.270,0.493
2025-12-05T03:25:44.700911,-2.628,-1.113,1.270,0.481
2025-12-05T03:25:44.713358,-2.628,-1.113,1.270,0.468
2025-12-05T03:25:44.727827,-2.628,-1.113,1.270,0.455
2025-12-05T03:25:44.743020,-2.628,-1.113,1.270,0.443
2025-12-05T03:25:44.759743,-2.628,-1.113,1.270,0.430
2025-12-05T03:25:44.777263,-2.628,-1.113,1.270,0.417
2025-12-05T03:25:44.795420,-2.628,-1.113,1.270,0.403
2025-12-05T03:25:44.813353,-2.628,-1.113,1.270,0.390
2025-12-05T03:25:44.829722,-2.628,-1.113,1.270,0.377
2025-12-05T03:25:44.849119,-2.628,-1.113,1.270,0.363
2025-12-05T03:25:44.873572,-2.628,-1.113,1.270,0.350
2025-12-05T03:25:44.886991,-2.628,-1.113,1.270,0.337
2025-12-05T03:25:44.904166,-2.628,-1.113,1.270,0.323
2025-12-05T03:25:44.920063,-2.628,-1.113,1.270,0.309
2025-12-05T03:25:44.936720,-2.628,-1.113,1.270,0.296
2025-12-05T03:25:44.947397,-2.628,-1.113,1.270,0.282
2025-12-05T03:25:44.961330,-2.628,-1.113,1.270,0.268
2025-12-05T03:25:44.974932,-2.628,-1.113,1.270,0.254
2025-12-05T03:25:44.990925,-2.628,-1.113,1.270,0.240
2025-12-05T03:25:45.007605,-2.628,-1.113,1.270,0.226
2025-12-05T03:25:45.024574,-2.628,-1.113,1.270,0.212
2025-12-05T03:25:45.041309,-2.628,-1.113,1.270,0.198
2025-12-05T03:25:45.058381,-2.628,-1.113,1.270,0.184
2025-12-05T03:25:45.076312,-2.628,-1.113,1.270,0.170
2025-12-05T03:25:45.094492,-2.628,-1.113,1.270,0.155
2025-12-05T03:25:45.112528,-2.628,-1.113,1.270,0.141
2025-12-05T03:25:45.130874,-2.628,-1.113,1.270,0.127
2025-12-05T03:25:45.150104,-2.628,-1.113,1.270,0.113
2025-12-05T03:25:45.168949,-2.628,-1.113,1.270,0.098
2025-12-05T03:25:45.183033,-2.628,-1.113,1.270,0.084
2025-12-05T03:25:45.197958,-2.628,-1.113,1.270,0.070
2025-12-05T03:25:45.215690,-2.628,-1.113,1.270,0.055
2025-12-05T03:25:45.230646,-2.628,-1.113,1.270,0.041
2025-12-05T03:25:45.244439,-2.628,-1.113,1.270,0.026
2025-12-05T03:25:45.257125,-2.628,-1.113,1.270,0.012
2025-12-05T03:25:45.271914,-2.628,-1.113,1.270,-0.002
2025-12-05T03:25:45.285596,-2.628,-1.113,1.270,-0.017
2025-12-05T03:25:45.301203,-2.628,-1.113,1.270,-0.031
2025-12-05T03:25:45.316934,-2.628,-1.113,1.270,-0.046
2025-12-05T03:25:45.334442,-2.628,-1.113,1.270,-0.060
2025-12-05T03:25:45.351132,-2.628,-1.113,1.270,-0.074
2025-12-05T03:25:45.367941,-2.628,-1.113,1.270,-0.089
2025-12-05T03:25:45.384702,-2.628,-1.113,1.270,-0.103
2025-12-05T03:25:45.402048,-2.628,-1.113,1.270,-0.117
2025-12-05T03:25:45.422493,-2.628,-1.113,1.270,-0.132
2025-12-05T03:25:45.439334,-2.628,-1.113,1.270,-0.146
2025-12-05T03:25:45.458038,-2.628,-1.113,1.270,-0.160
2025-12-05T03:25:45.474711,-2.628,-1.113,1.270,-0.174
2025-12-05T03:25:45.490410,-2.628,-1.113,1.270,-0.188
2025-12-05T03:25:45.508183,-2.628,-1.113,1.270,-0.203
2025-12-05T03:25:45.525032,-2.628,-1.113,1.270,-0.217
2025-12-05T03:25:45.540713,-2.628,-1.113,1.270,-0.231
2025-12-05T03:25:45.556451,-2.628,-1.113,1.270,-0.245
2025-12-05T03:25:45.572220,-2.628,-1.113,1.270,-0.259
2025-12-05T03:25:45.589300,-2.628,-1.113,1.270,-0.273
2025-12-05T03:25:45.603090,-2.628,-1.113,1.270,-0.286
2025-12-05T03:25:45.619352,-2.620,-1.118,1.270,-0.286
2025-12-05T03:25:45.634287,-2.613,-1.123,1.270,-0.286
2025-12-05T03:25:45.649968,-2.605,-1.128,1.270,-0.286
2025-12-05T03:25:45.666003,-2.598,-1.133,1.270,-0.286
2025-12-05T03:25:45.683640,-2.590,-1.138,1.270,-0.286
2025-12-05T03:25:45.700462,-2.583,-1.143,1.270,-0.286
2025-12-05T03:25:45.719649,-2.575,-1.148,1.270,-0.286
2025-12-05T03:25:45.735512,-2.567,-1.153,1.270,-0.286
2025-12-05T03:25:45.754143,-2.560,-1.158,1.270,-0.286
2025-12-05T03:25:45.771182,-2.552,-1.163,1.270,-0.286
2025-12-05T03:25:45.798282,-2.544,-1.168,1.270,-0.286
2025-12-05T03:25:45.813542,-2.537,-1.173,1.270,-0.286
2025-12-05T03:25:45.829058,-2.529,-1.178,1.270,-0.286
2025-12-05T03:25:45.844943,-2.521,-1.183,1.270,-0.286
2025-12-05T03:25:45.860679,-2.514,-1.188,1.270,-0.286
2025-12-05T03:25:45.876172,-2.506,-1.193,1.270,-0.286
2025-12-05T03:25:45.893363,-2.498,-1.198,1.270,-0.286
2025-12-05T03:25:45.907969,-2.490,-1.203,1.270,-0.286
2025-12-05T03:25:45.921679,-2.483,-1.208,1.270,-0.286
2025-12-05T03:25:45.935886,-2.475,-1.214,1.270,-0.286
2025-12-05T03:25:45.952542,-2.467,-1.219,1.270,-0.286
2025-12-05T03:25:45.964503,-2.459,-1.224,1.270,-0.286
2025-12-05T03:25:45.981813,-2.451,-1.229,1.270,-0.286
2025-12-05T03:25:45.995161,-2.443,-1.234,1.270,-0.286
2025-12-05T03:25:46.008792,-2.436,-1.239,1.270,-0.286
2025-12-05T03:25:46.025444,-2.428,-1.244,1.270,-0.286
2025-12-05T03:25:46.041879,-2.420,-1.250,1.270,-0.286
2025-12-05T03:25:46.058137,-2.412,-1.255,1.270,-0.286
2025-12-05T03:25:46.076553,-2.404,-1.260,1.270,-0.286
2025-12-05T03:25:46.094555,-2.396,-1.265,1.270,-0.286
2025-12-05T03:25:46.114366,-2.388,-1.270,1.270,-0.286
2025-12-05T03:25:46.133091,-2.380,-1.275,1.270,-0.286
2025-12-05T03:25:46.149987,-2.372,-1.281,1.270,-0.286
2025-12-05T03:25:46.166046,-2.365,-1.286,1.270,-0.286
2025-12-05T03:25:46.184060,-2.357,-1.291,1.270,-0.286
2025-12-05T03:25:46.200303,-2.349,-1.296,1.270,-0.286
2025-12-05T03:25:46.216778,-2.341,-1.301,1.270,-0.286
2025-12-05T03:25:46.232110,-2.333,-1.307,1.270,-0.286
2025-12-05T03:25:46.247759,-2.325,-1.312,1.270,-0.286
2025-12-05T03:25:46.262880,-2.317,-1.317,1.270,-0.286
2025-12-05T03:25:46.278823,-2.309,-1.322,1.270,-0.286
2025-12-05T03:25:46.296109,-2.301,-1.328,1.270,-0.286
2025-12-05T03:25:46.310519,-2.293,-1.333,1.270,-0.286
2025-12-05T03:25:46.328199,-2.285,-1.338,1.270,-0.286
2025-12-05T03:25:46.345507,-2.277,-1.343,1.270,-0.286
2025-12-05T03:25:46.361866,-2.269,-1.348,1.270,-0.286
2025-12-05T03:25:46.378780,-2.261,-1.354,1.270,-0.286
2025-12-05T03:25:46.397926,-2.253,-1.359,1.270,-0.286
2025-12-05T03:25:46.415750,-2.245,-1.364,1.270,-0.286
2025-12-05T03:25:46.433524,-2.237,-1.369,1.270,-0.286
2025-12-05T03:25:46.449229,-2.229,-1.375,1.270,-0.286
2025-12-05T03:25:46.465733,-2.221,-1.380,1.270,-0.286
2025-12-05T03:25:46.481682,-2.213,-1.385,1.270,-0.286
2025-12-05T03:25:46.497330,-2.205,-1.391,1.270,-0.286
2025-12-05T03:25:46.516250,-2.197,-1.396,1.270,-0.286
2025-12-05T03:25:46.528452,-2.189,-1.401,1.270,-0.286
2025-12-05T03:25:46.545016,-2.181,-1.406,1.270,-0.286
2025-12-05T03:25:46.559130,-2.173,-1.412,1.270,-0.286
2025-12-05T03:25:46.576812,-2.165,-1.417,1.270,-0.286
2025-12-05T03:25:46.593630,-2.157,-1.422,1.270,-0.286
2025-12-05T03:25:46.608008,-2.149,-1.427,1.270,-0.286
2025-12-05T03:25:46.625424,-2.141,-1.433,1.270,-0.286
2025-12-05T03:25:46.644330,-2.133,-1.438,1.270,-0.286
2025-12-05T03:25:46.662792,-2.125,-1.443,1.270,-0.286
2025-12-05T03:25:46.679351,-2.117,-1.449,1.270,-0.286
2025-12-05T03:25:46.697996,-2.108,-1.454,1.270,-0.286
2025-12-05T03:25:46.715333,-2.100,-1.459,1.270,-0.286
2025-12-05T03:25:46.729816,-2.092,-1.464,1.270,-0.286
2025-12-05T03:25:46.747357,-2.084,-1.470,1.270,-0.286
2025-12-05T03:25:46.761616,-2.076,-1.475,1.270,-0.286
2025-12-05T03:25:46.776750,-2.068,-1.480,1.270,-0.286
2025-12-05T03:25:46.791330,-2.060,-1.486,1.270,-0.286
2025-12-05T03:25:46.806472,-2.052,-1.491,1.270,-0.286
2025-12-05T03:25:46.821892,-2.044,-1.496,1.270,-0.286
2025-12-05T03:25:46.835969,-2.036,-1.501,1.270,-0.286
2025-12-05T03:25:46.852527,-2.028,-1.507,1.270,-0.286
2025-12-05T03:25:46.870732,-2.020,-1.512,1.270,-0.286
2025-12-05T03:25:46.886309,-2.012,-1.517,1.270,-0.286
2025-12-05T03:25:46.902941,-2.004,-1.523,1.270,-0.286
2025-12-05T03:25:46.921556,-1.996,-1.528,1.270,-0.286
2025-12-05T03:25:46.942930,-1.987,-1.533,1.270,-0.286
2025-12-05T03:25:46.957248,-1.979,-1.539,1.270,-0.286
2025-12-05T03:25:46.977243,-1.971,-1.544,1.270,-0.286
2025-12-05T03:25:46.994373,-1.963,-1.549,1.270,-0.286
2025-12-05T03:25:47.011786,-1.955,-1.555,1.270,-0.286
2025-12-05T03:25:47.027953,-1.947,-1.560,1.270,-0.286
2025-12-05T03:25:47.043227,-1.939,-1.565,1.270,-0.286
2025-12-05T03:25:47.057430,-1.931,-1.570,1.270,-0.286
2025-12-05T03:25:47.071742,-1.923,-1.576,1.270,-0.286
2025-12-05T03:25:47.088661,-1.915,-1.581,1.270,-0.286
2025-12-05T03:25:47.100895,-1.914,-1.581,1.270,-0.300
2025-12-05T03:25:47.116630,-1.913,-1.582,1.270,-0.314
2025-12-05T03:25:47.133439,-1.913,-1.582,1.270,-0.327
2025-12-05T03:25:47.150585,-1.912,-1.583,1.270,-0.341
2025-12-05T03:25:47.167764,-1.912,-1.583,1.270,-0.355
2025-12-05T03:25:47.185738,-1.911,-1.583,1.270,-0.368
2025-12-05T03:25:47.205744,-1.911,-1.584,1.270,-0.381
2025-12-05T03:25:47.222657,-1.910,-1.584,1.270,-0.395
2025-12-05T03:25:47.240633,-1.910,-1.584,1.270,-0.408
2025-12-05T03:25:47.258525,-1.909,-1.584,1.270,-0.421
2025-12-05T03:25:47.274883,-1.909,-1.585,1.270,-0.434
2025-12-05T03:25:47.291451,-1.909,-1.585,1.270,-0.447
2025-12-05T03:25:47.306808,-1.908,-1.585,1.270,-0.460
2025-12-05T03:25:47.324190,-1.908,-1.586,1.270,-0.472
2025-12-05T03:25:47.346764,-1.907,-1.586,1.270,-0.485
2025-12-05T03:25:47.359470,-1.907,-1.586,1.270,-0.498
2025-12-05T03:25:47.373201,-1.907,-1.586,1.270,-0.510
2025-12-05T03:25:47.387662,-1.906,-1.586,1.270,-0.522
2025-12-05T03:25:47.402179,-1.906,-1.587,1.270,-0.535
2025-12-05T03:25:47.417927,-1.906,-1.587,1.270,-0.547
2025-12-05T03:25:47.434487,-1.905,-1.587,1.270,-0.559
2025-12-05T03:25:47.452455,-1.905,-1.587,1.270,-0.571
2025-12-05T03:25:47.470599,-1.905,-1.587,1.270,-0.582
2025-12-05T03:25:47.487406,-1.905,-1.588,1.270,-0.594
2025-12-05T03:25:47.504420,-1.904,-1.588,1.270,-0.605
2025-12-05T03:25:47.521895,-1.904,-1.588,1.270,-0.617
2025-12-05T03:25:47.539572,-1.904,-1.588,1.270,-0.628
2025-12-05T03:25:47.557324,-1.904,-1.588,1.270,-0.639
2025-12-05T03:25:47.573910,-1.903,-1.588,1.270,-0.650
2025-12-05T03:25:47.590268,-1.903,-1.589,1.270,-0.661
2025-12-05T03:25:47.609684,-1.903,-1.589,1.270,-0.672
2025-12-05T03:25:47.625037,-1.903,-1.589,1.270,-0.683
2025-12-05T03:25:47.647359,-1.903,-1.589,1.270,-0.693
2025-12-05T03:25:47.662310,-1.902,-1.589,1.270,-0.703
2025-12-05T03:25:47.676280,-1.902,-1.589,1.270,-0.713
2025-12-05T03:25:47.689875,-1.902,-1.589,1.270,-0.723
2025-12-05T03:25:47.703792,-1.902,-1.589,1.270,-0.733
2025-12-05T03:25:47.715982,-1.902,-1.590,1.270,-0.743
2025-12-05T03:25:47.729972,-1.901,-1.590,1.270,-0.753
2025-12-05T03:25:47.743078,-1.901,-1.590,1.270,-0.762
2025-12-05T03:25:47.755037,-1.903,-1.599,1.270,-0.762
2025-12-05T03:25:47.772907,-1.904,-1.608,1.270,-0.762
2025-12-05T03:25:47.785134,-1.905,-1.617,1.270,-0.762
2025-12-05T03:25:47.799785,-1.907,-1.626,1.270,-0.762
2025-12-05T03:25:47.814268,-1.908,-1.635,1.270,-0.762
2025-12-05T03:25:47.831050,-1.909,-1.644,1.270,-0.762
2025-12-05T03:25:47.848101,-1.911,-1.653,1.270,-0.762
2025-12-05T03:25:47.865505,-1.912,-1.662,1.270,-0.762
2025-12-05T03:25:47.883489,-1.913,-1.671,1.270,-0.762
2025-12-05T03:25:47.900775,-1.915,-1.680,1.270,-0.762
2025-12-05T03:25:47.919875,-1.916,-1.689,1.270,-0.762
2025-12-05T03:25:47.934757,-1.917,-1.698,1.270,-0.762
2025-12-05T03:25:47.956918,-1.919,-1.708,1.270,-0.762
2025-12-05T03:25:47.973573,-1.920,-1.717,1.270,-0.762
2025-12-05T03:25:47.989488,-1.922,-1.726,1.270,-0.762
2025-12-05T03:25:48.006557,-1.923,-1.735,1.270,-0.762
2025-12-05T03:25:48.022737,-1.924,-1.744,1.270,-0.762
2025-12-05T03:25:48.038694,-1.926,-1.754,1.270,-0.762
2025-12-05T03:25:48.054182,-1.927,-1.763,1.270,-0.762
2025-12-05T03:25:48.068531,-1.929,-1.772,1.270,-0.762
2025-12-05T03:25:48.083272,-1.930,-1.781,1.270,-0.762
2025-12-05T03:25:48.100582,-1.932,-1.791,1.270,-0.762
2025-12-05T03:25:48.118021,-1.933,-1.800,1.270,-0.762
2025-12-05T03:25:48.130853,-1.934,-1.809,1.270,-0.762
2025-12-05T03:25:48.147879,-1.936,-1.819,1.270,-0.762
2025-12-05T03:25:48.163212,-1.937,-1.828,1.270,-0.762
2025-12-05T03:25:48.180212,-1.939,-1.837,1.270,-0.762
2025-12-05T03:25:48.196743,-1.940,-1.846,1.270,-0.762
2025-12-05T03:25:48.215486,-1.942,-1.856,1.270,-0.762
2025-12-05T03:25:48.233077,-1.943,-1.865,1.270,-0.762
2025-12-05T03:25:48.251444,-1.945,-1.875,1.270,-0.762
2025-12-05T03:25:48.266121,-1.946,-1.884,1.270,-0.762
2025-12-05T03:25:48.284230,-1.948,-1.893,1.270,-0.762
2025-12-05T03:25:48.300012,-1.949,-1.903,1.270,-0.762
2025-12-05T03:25:48.314799,-1.951,-1.912,1.270,-0.762
2025-12-05T03:25:48.329798,-1.952,-1.921,1.270,-0.762
2025-12-05T03:25:48.345693,-1.954,-1.931,1.270,-0.762
2025-12-05T03:25:48.361051,-1.955,-1.940,1.270,-0.762
2025-12-05T03:25:48.379877,-1.955,-1.941,1.270,-0.753
2025-12-05T03:25:48.397008,-1.955,-1.941,1.270,-0.743
2025-12-05T03:25:48.414363,-1.955,-1.942,1.270,-0.733
2025-12-05T03:25:48.431081,-1.955,-1.942,1.270,-0.723
2025-12-05T03:25:48.447749,-1.955,-1.943,1.270,-0.713
2025-12-05T03:25:48.465656,-1.955,-1.943,1.270,-0.703
2025-12-05T03:25:48.484164,-1.955,-1.944,1.270,-0.693
2025-12-05T03:25:48.501994,-1.955,-1.944,1.270,-0.683
2025-12-05T03:25:48.520139,-1.955,-1.945,1.270,-0.672
2025-12-05T03:25:48.536621,-1.955,-1.945,1.270,-0.661
2025-12-05T03:25:48.552902,-1.955,-1.946,1.270,-0.650
2025-12-05T03:25:48.566852,-1.955,-1.946,1.270,-0.639
2025-12-05T03:25:48.581541,-1.956,-1.946,1.270,-0.628
2025-12-05T03:25:48.595727,-1.956,-1.947,1.270,-0.617
2025-12-05T03:25:48.613206,-1.956,-1.947,1.270,-0.605
2025-12-05T03:25:48.625513,-1.956,-1.947,1.270,-0.594
2025-12-05T03:25:48.641833,-1.956,-1.948,1.270,-0.582
2025-12-05T03:25:48.658843,-1.956,-1.948,1.270,-0.571
2025-12-05T03:25:48.676923,-1.956,-1.948,1.270,-0.559
2025-12-05T03:25:48.694118,-1.956,-1.949,1.270,-0.547
2025-12-05T03:25:48.709455,-1.956,-1.949,1.270,-0.535
2025-12-05T03:25:48.728025,-1.956,-1.949,1.270,-0.522
2025-12-05T03:25:48.747007,-1.956,-1.949,1.270,-0.510
2025-12-05T03:25:48.764545,-1.956,-1.950,1.270,-0.498
2025-12-05T03:25:48.782847,-1.956,-1.950,1.270,-0.485
2025-12-05T03:25:48.798898,-1.956,-1.950,1.270,-0.472
2025-12-05T03:25:48.815116,-1.956,-1.950,1.270,-0.460
2025-12-05T03:25:48.832018,-1.956,-1.951,1.270,-0.447
2025-12-05T03:25:48.847929,-1.956,-1.951,1.270,-0.434
2025-12-05T03:25:48.861581,-1.956,-1.951,1.270,-0.421
2025-12-05T03:25:48.881592,-1.950,-1.958,1.270,-0.421
2025-12-05T03:25:48.893712,-1.944,-1.965,1.270,-0.421
2025-12-05T03:25:48.909007,-1.939,-1.972,1.270,-0.421
2025-12-05T03:25:48.924578,-1.933,-1.979,1.270,-0.421
2025-12-05T03:25:48.940623,-1.927,-1.986,1.270,-0.421
2025-12-05T03:25:48.953557,-1.921,-1.994,1.270,-0.421
2025-12-05T03:25:48.969042,-1.915,-2.001,1.270,-0.421
2025-12-05T03:25:48.987491,-1.909,-2.008,1.270,-0.421
2025-12-05T03:25:49.009645,-1.903,-2.015,1.270,-0.421
2025-12-05T03:25:49.021479,-1.898,-2.022,1.270,-0.421
2025-12-05T03:25:49.041591,-1.892,-2.029,1.270,-0.421
2025-12-05T03:25:49.057772,-1.886,-2.036,1.270,-0.421
2025-12-05T03:25:49.074112,-1.880,-2.044,1.270,-0.421
2025-12-05T03:25:49.095740,-1.874,-2.051,1.270,-0.421
2025-12-05T03:25:49.113505,-1.868,-2.058,1.270,-0.421
2025-12-05T03:25:49.130386,-1.862,-2.065,1.270,-0.421
2025-12-05T03:25:49.146683,-1.856,-2.072,1.270,-0.421
2025-12-05T03:25:49.163230,-1.850,-2.080,1.270,-0.421
2025-12-05T03:25:49.187046,-1.844,-2.087,1.270,-0.421
2025-12-05T03:25:49.200130,-1.838,-2.094,1.270,-0.421
2025-12-05T03:25:49.214981,-1.832,-2.101,1.270,-0.421
2025-12-05T03:25:49.228095,-1.826,-2.108,1.270,-0.421
2025-12-05T03:25:49.238648,-1.820,-2.116,1.270,-0.421
2025-12-05T03:25:49.250930,-1.814,-2.123,1.270,-0.421
2025-12-05T03:25:49.265196,-1.808,-2.130,1.270,-0.421
2025-12-05T03:25:49.279960,-1.802,-2.137,1.270,-0.421
2025-12-05T03:25:49.297196,-1.796,-2.145,1.270,-0.421
2025-12-05T03:25:49.312993,-1.789,-2.152,1.270,-0.421
2025-12-05T03:25:49.330136,-1.783,-2.159,1.270,-0.421
2025-12-05T03:25:49.346923,-1.777,-2.167,1.270,-0.421
2025-12-05T03:25:49.364266,-1.771,-2.174,1.270,-0.421
2025-12-05T03:25:49.382917,-1.765,-2.181,1.270,-0.421
2025-12-05T03:25:49.401251,-1.759,-2.188,1.270,-0.421
2025-12-05T03:25:49.418541,-1.753,-2.196,1.270,-0.421
2025-12-05T03:25:49.434366,-1.747,-2.203,1.270,-0.421
2025-12-05T03:25:49.450777,-1.741,-2.210,1.270,-0.421
2025-12-05T03:25:49.465309,-1.735,-2.218,1.270,-0.421
2025-12-05T03:25:49.480201,-1.728,-2.225,1.270,-0.421
2025-12-05T03:25:49.494091,-1.722,-2.232,1.270,-0.421
2025-12-05T03:25:49.511320,-1.716,-2.240,1.270,-0.421
2025-12-05T03:25:49.526909,-1.710,-2.247,1.270,-0.421
2025-12-05T03:25:49.542688,-1.704,-2.254,1.270,-0.421
2025-12-05T03:25:49.559060,-1.698,-2.262,1.270,-0.421
2025-12-05T03:25:49.577547,-1.691,-2.269,1.270,-0.421
2025-12-05T03:25:49.595574,-1.685,-2.276,1.270,-0.421
2025-12-05T03:25:49.613770,-1.679,-2.284,1.270,-0.421
2025-12-05T03:25:49.634194,-1.673,-2.291,1.270,-0.421
2025-12-05T03:25:49.651953,-1.667,-2.298,1.270,-0.421
2025-12-05T03:25:49.669946,-1.661,-2.306,1.270,-0.421
2025-12-05T03:25:49.686457,-1.654,-2.313,1.270,-0.421
2025-12-05T03:25:49.706454,-1.648,-2.320,1.270,-0.421
2025-12-05T03:25:49.722729,-1.642,-2.328,1.270,-0.421
2025-12-05T03:25:49.738511,-1.636,-2.335,1.270,-0.421
2025-12-05T03:25:49.755020,-1.630,-2.342,1.270,-0.421
2025-12-05T03:25:49.770690,-1.624,-2.350,1.270,-0.421
2025-12-05T03:25:49.786323,-1.617,-2.357,1.270,-0.421
2025-12-05T03:25:49.801179,-1.611,-2.364,1.270,-0.421
2025-12-05T03:25:49.819071,-1.605,-2.372,1.270,-0.421
2025-12-05T03:25:49.834080,-1.599,-2.379,1.270,-0.421
2025-12-05T03:25:49.847509,-1.592,-2.387,1.270,-0.421
2025-12-05T03:25:49.867622,-1.586,-2.394,1.270,-0.421
2025-12-05T03:25:49.880498,-1.580,-2.401,1.270,-0.421
2025-12-05T03:25:49.897134,-1.574,-2.409,1.270,-0.421
2025-12-05T03:25:49.916693,-1.568,-2.416,1.270,-0.421
2025-12-05T03:25:49.934157,-1.561,-2.423,1.270,-0.421
2025-12-05T03:25:49.948747,-1.555,-2.431,1.270,-0.421
2025-12-05T03:25:49.967478,-1.549,-2.438,1.270,-0.421
2025-12-05T03:25:49.980557,-1.543,-2.446,1.270,-0.421
2025-12-05T03:25:49.998534,-1.537,-2.453,1.270,-0.421
2025-12-05T03:25:50.013166,-1.530,-2.460,1.270,-0.421
2025-12-05T03:25:50.033686,-1.524,-2.468,1.270,-0.421
2025-12-05T03:25:50.050605,-1.518,-2.475,1.270,-0.421
2025-12-05T03:25:50.067132,-1.512,-2.482,1.270,-0.421
2025-12-05T03:25:50.086170,-1.505,-2.490,1.270,-0.421
2025-12-05T03:25:50.110462,-1.499,-2.497,1.270,-0.421
2025-12-05T03:25:50.124924,-1.493,-2.505,1.270,-0.421
2025-12-05T03:25:50.139465,-1.487,-2.512,1.270,-0.421
2025-12-05T03:25:50.156499,-1.480,-2.519,1.270,-0.421
2025-12-05T03:25:50.171189,-1.474,-2.527,1.270,-0.421
2025-12-05T03:25:50.186969,-1.468,-2.534,1.270,-0.421
2025-12-05T03:25:50.203260,-1.462,-2.542,1.270,-0.421
2025-12-05T03:25:50.215438,-1.455,-2.549,1.270,-0.421
2025-12-05T03:25:50.230135,-1.449,-2.556,1.270,-0.421
2025-12-05T03:25:50.243990,-1.443,-2.564,1.270,-0.421
2025-12-05T03:25:50.258082,-1.437,-2.571,1.270,-0.421
2025-12-05T03:25:50.275399,-1.430,-2.579,1.270,-0.421
2025-12-05T03:25:50.291357,-1.424,-2.586,1.270,-0.421
2025-12-05T03:25:50.307756,-1.418,-2.593,1.270,-0.421
2025-12-05T03:25:50.321979,-1.412,-2.601,1.270,-0.421
2025-12-05T03:25:50.338132,-1.405,-2.608,1.270,-0.421
2025-12-05T03:25:50.356867,-1.399,-2.616,1.270,-0.421
2025-12-05T03:25:50.374438,-1.393,-2.623,1.270,-0.421
2025-12-05T03:25:50.392208,-1.387,-2.630,1.270,-0.421
2025-12-05T03:25:50.408339,-1.380,-2.638,1.270,-0.421
2025-12-05T03:25:50.425390,-1.374,-2.645,1.270,-0.421
2025-12-05T03:25:50.441611,-1.368,-2.653,1.270,-0.421
2025-12-05T03:25:50.458830,-1.362,-2.660,1.270,-0.421
2025-12-05T03:25:50.474156,-1.355,-2.667,1.270,-0.421
2025-12-05T03:25:50.488861,-1.349,-2.675,1.270,-0.421
2025-12-05T03:25:50.504451,-1.343,-2.682,1.270,-0.421
2025-12-05T03:25:50.520301,-1.337,-2.690,1.270,-0.421
2025-12-05T03:25:50.535215,-1.330,-2.697,1.270,-0.421
2025-12-05T03:25:50.551517,-1.324,-2.704,1.270,-0.421
2025-12-05T03:25:50.568703,-1.318,-2.712,1.270,-0.421
2025-12-05T03:25:50.587540,-1.312,-2.719,1.270,-0.421
2025-12-05T03:25:50.602653,-1.305,-2.727,1.270,-0.421
2025-12-05T03:25:50.620624,-1.299,-2.734,1.270,-0.421
2025-12-05T03:25:50.637265,-1.293,-2.741,1.270,-0.421
2025-12-05T03:25:50.656663,-1.287,-2.749,1.270,-0.421
2025-12-05T03:25:50.673794,-1.280,-2.756,1.270,-0.421
2025-12-05T03:25:50.691259,-1.274,-2.764,1.270,-0.421
2025-12-05T03:25:50.706403,-1.268,-2.771,1.270,-0.421
2025-12-05T03:25:50.724682,-1.262,-2.779,1.270,-0.421
2025-12-05T03:25:50.737006,-1.255,-2.786,1.270,-0.421
2025-12-05T03:25:50.754071,-1.249,-2.793,1.270,-0.421
2025-12-05T03:25:50.768762,-1.243,-2.801,1.270,-0.421
2025-12-05T03:25:50.785096,-1.237,-2.808,1.270,-0.421
2025-12-05T03:25:50.799722,-1.230,-2.816,1.270,-0.421
2025-12-05T03:25:50.816425,-1.224,-2.823,1.270,-0.421
2025-12-05T03:25:50.831897,-1.218,-2.830,1.270,-0.421
2025-12-05T03:25:50.850146,-1.211,-2.838,1.270,-0.421
2025-12-05T03:25:50.868128,-1.205,-2.845,1.270,-0.421
2025-12-05T03:25:50.885276,-1.199,-2.853,1.270,-0.421
2025-12-05T03:25:50.903506,-1.193,-2.860,1.270,-0.421
2025-12-05T03:25:50.920859,-1.186,-2.867,1.270,-0.421
2025-12-05T03:25:50.938234,-1.180,-2.875,1.270,-0.421
2025-12-05T03:25:50.954683,-1.174,-2.882,1.270,-0.421
2025-12-05T03:25:50.970845,-1.168,-2.890,1.270,-0.421
2025-12-05T03:25:50.988488,-1.161,-2.897,1.270,-0.421
2025-12-05T03:25:51.003672,-1.155,-2.905,1.270,-0.421
2025-12-05T03:25:51.020239,-1.149,-2.912,1.270,-0.421
2025-12-05T03:25:51.034716,-1.143,-2.919,1.270,-0.421
2025-12-05T03:25:51.047633,-1.136,-2.927,1.270,-0.421
2025-12-05T03:25:51.065344,-1.130,-2.934,1.270,-0.421
2025-12-05T03:25:51.085388,-1.124,-2.942,1.270,-0.421
2025-12-05T03:25:51.096377,-1.117,-2.949,1.270,-0.421
2025-12-05T03:25:51.115267,-1.111,-2.956,1.270,-0.421
2025-12-05T03:25:51.132362,-1.105,-2.964,1.270,-0.421
2025-12-05T03:25:51.150500,-1.099,-2.971,1.270,-0.421
2025-12-05T03:25:51.168201,-1.098,-2.972,1.270,-0.434
2025-12-05T03:25:51.185641,-1.098,-2.972,1.270,-0.447
2025-12-05T03:25:51.203274,-1.097,-2.973,1.270,-0.460
2025-12-05T03:25:51.220528,-1.097,-2.973,1.270,-0.472
2025-12-05T03:25:51.236793,-1.096,-2.974,1.270,-0.485
2025-12-05T03:25:51.255679,-1.096,-2.974,1.270,-0.498
2025-12-05T03:25:51.272359,-1.096,-2.975,1.270,-0.510
2025-12-05T03:25:51.290515,-1.095,-2.975,1.270,-0.522
2025-12-05T03:25:51.303673,-1.095,-2.976,1.270,-0.535
2025-12-05T03:25:51.318529,-1.094,-2.976,1.270,-0.547
2025-12-05T03:25:51.332001,-1.094,-2.977,1.270,-0.559
2025-12-05T03:25:51.357204,-1.094,-2.977,1.270,-0.571
2025-12-05T03:25:51.369749,-1.093,-2.977,1.270,-0.582
2025-12-05T03:25:51.383992,-1.093,-2.978,1.270,-0.594
2025-12-05T03:25:51.397274,-1.093,-2.978,1.270,-0.605
2025-12-05T03:25:51.410275,-1.093,-2.978,1.270,-0.617
2025-12-05T03:25:51.426190,-1.092,-2.979,1.270,-0.628
2025-12-05T03:25:51.440381,-1.092,-2.979,1.270,-0.639
2025-12-05T03:25:51.458064,-1.092,-2.979,1.270,-0.650
2025-12-05T03:25:51.472522,-1.092,-2.980,1.270,-0.661
2025-12-05T03:25:51.491040,-1.090,-2.989,1.270,-0.661
2025-12-05T03:25:51.507920,-1.089,-2.998,1.270,-0.661
2025-12-05T03:25:51.525726,-1.087,-3.007,1.270,-0.661
2025-12-05T03:25:51.544380,-1.086,-3.017,1.270,-0.661
2025-12-05T03:25:51.561334,-1.085,-3.026,1.270,-0.661
2025-12-05T03:25:51.579325,-1.083,-3.035,1.270,-0.661
2025-12-05T03:25:51.599005,-1.082,-3.044,1.270,-0.661
2025-12-05T03:25:51.615846,-1.081,-3.054,1.270,-0.661
2025-12-05T03:25:51.632033,-1.079,-3.063,1.270,-0.661
2025-12-05T03:25:51.650581,-1.078,-3.072,1.270,-0.661
2025-12-05T03:25:51.664381,-1.077,-3.081,1.270,-0.661
2025-12-05T03:25:51.680089,-1.075,-3.091,1.270,-0.661
2025-12-05T03:25:51.694012,-1.074,-3.100,1.270,-0.661
2025-12-05T03:25:51.709361,-1.073,-3.109,1.270,-0.661
2025-12-05T03:25:51.725615,-1.071,-3.119,1.270,-0.661
2025-12-05T03:25:51.740959,-1.070,-3.128,1.270,-0.661
2025-12-05T03:25:51.757291,-1.069,-3.138,1.270,-0.661
2025-12-05T03:25:51.773741,-1.068,-3.147,1.270,-0.661
2025-12-05T03:25:51.791413,-1.066,-3.156,1.270,-0.661
2025-12-05T03:25:51.810037,-1.065,-3.166,1.270,-0.661
2025-12-05T03:25:51.826343,-1.064,-3.175,1.270,-0.661
2025-12-05T03:25:51.845190,-1.062,-3.185,1.270,-0.661
2025-12-05T03:25:51.862892,-1.061,-3.194,1.270,-0.661
2025-12-05T03:25:51.880342,-1.060,-3.203,1.270,-0.661
2025-12-05T03:25:51.897880,-1.058,-3.213,1.270,-0.661
2025-12-05T03:25:51.913489,-1.057,-3.222,1.270,-0.661
2025-12-05T03:25:51.930164,-1.056,-3.232,1.270,-0.661
2025-12-05T03:25:51.945338,-1.055,-3.241,1.270,-0.661
2025-12-05T03:25:51.960653,-1.053,-3.251,1.270,-0.661
2025-12-05T03:25:51.981703,-1.052,-3.260,1.270,-0.661
2025-12-05T03:25:51.995557,-1.051,-3.270,1.270,-0.661
2025-12-05T03:25:52.009346,-1.050,-3.279,1.270,-0.661
2025-12-05T03:25:52.024184,-1.048,-3.289,1.270,-0.661
2025-12-05T03:25:52.038680,-1.047,-3.298,1.270,-0.661
2025-12-05T03:25:52.055504,-1.046,-3.307,1.270,-0.661
2025-12-05T03:25:52.071366,-1.044,-3.317,1.270,-0.661
2025-12-05T03:25:52.085167,-1.043,-3.327,1.270,-0.661
2025-12-05T03:25:52.109524,-1.042,-3.336,1.270,-0.661
2025-12-05T03:25:52.124545,-1.041,-3.346,1.270,-0.661
2025-12-05T03:25:52.142612,-1.039,-3.355,1.270,-0.661
2025-12-05T03:25:52.158410,-1.038,-3.365,1.270,-0.661
2025-12-05T03:25:52.178313,-1.037,-3.374,1.270,-0.661
2025-12-05T03:25:52.193553,-1.036,-3.384,1.270,-0.661
2025-12-05T03:25:52.210368,-1.034,-3.393,1.270,-0.661
2025-12-05T03:25:52.225171,-1.033,-3.403,1.270,-0.661
2025-12-05T03:25:52.238699,-1.032,-3.412,1.270,-0.661
2025-12-05T03:25:52.257127,-1.031,-3.422,1.270,-0.661
2025-12-05T03:25:52.273660,-1.029,-3.431,1.270,-0.661
2025-12-05T03:25:52.290056,-1.028,-3.441,1.270,-0.661
2025-12-05T03:25:52.306364,-1.027,-3.450,1.270,-0.661
2025-12-05T03:25:52.324673,-1.026,-3.460,1.270,-0.661
2025-12-05T03:25:52.342726,-1.024,-3.470,1.270,-0.661
2025-12-05T03:25:52.361443,-1.023,-3.479,1.270,-0.661
2025-12-05T03:25:52.378338,-1.022,-3.489,1.270,-0.661
2025-12-05T03:25:52.396124,-1.021,-3.498,1.270,-0.661
2025-12-05T03:25:52.412972,-1.019,-3.508,1.270,-0.661
2025-12-05T03:25:52.431686,-1.018,-3.517,1.270,-0.661
2025-12-05T03:25:52.446888,-1.017,-3.527,1.270,-0.661
2025-12-05T03:25:52.463189,-1.016,-3.537,1.270,-0.661
2025-12-05T03:25:52.478321,-1.014,-3.546,1.270,-0.661
2025-12-05T03:25:52.491364,-1.013,-3.556,1.270,-0.661
2025-12-05T03:25:52.507614,-1.012,-3.565,1.270,-0.661
2025-12-05T03:25:52.521583,-1.011,-3.575,1.270,-0.661
2025-12-05T03:25:52.537507,-1.010,-3.584,1.270,-0.661
2025-12-05T03:25:52.552579,-1.008,-3.594,1.270,-0.661
2025-12-05T03:25:52.570028,-1.007,-3.604,1.270,-0.661
2025-12-05T03:25:52.585905,-1.006,-3.613,1.270,-0.661
2025-12-05T03:25:52.607068,-1.005,-3.623,1.270,-0.661
2025-12-05T03:25:52.623579,-1.003,-3.632,1.270,-0.661
2025-12-05T03:25:52.641615,-1.002,-3.642,1.270,-0.661
2025-12-05T03:25:52.659444,-1.001,-3.652,1.270,-0.661
2025-12-05T03:25:52.678474,-1.000,-3.661,1.270,-0.661
2025-12-05T03:25:52.696697,-0.998,-3.671,1.270,-0.661
2025-12-05T03:25:52.709961,-0.997,-3.680,1.270,-0.661
2025-12-05T03:25:52.725097,-0.996,-3.690,1.270,-0.661
2025-12-05T03:25:52.741677,-0.995,-3.700,1.270,-0.661
2025-12-05T03:25:52.755483,-0.993,-3.709,1.270,-0.661
2025-12-05T03:25:52.769724,-0.992,-3.719,1.270,-0.661
2025-12-05T03:25:52.786090,-0.991,-3.728,1.270,-0.661
2025-12-05T03:25:52.801802,-0.990,-3.738,1.270,-0.661
2025-12-05T03:25:52.817845,-0.989,-3.748,1.270,-0.661
2025-12-05T03:25:52.834308,-0.987,-3.757,1.270,-0.661
2025-12-05T03:25:52.850681,-0.987,-3.757,1.270,-0.661
2025-12-05T03:25:52.868878,-0.987,-3.757,1.270,-0.661
2025-12-05T03:25:52.886246,-0.987,-3.757,1.270,-0.661
2025-12-05T03:25:52.905796,-0.987,-3.757,1.270,-0.661
2025-12-05T03:25:52.925572,-0.987,-3.757,1.270,-0.661
2025-12-05T03:25:52.942340,-0.987,-3.757,1.270,-0.661
2025-12-05T03:25:52.959597,-0.987,-3.757,1.270,-0.661
2025-12-05T03:25:52.975067,-0.987,-3.757,1.270,-0.661
2025-12-05T03:25:52.992746,-0.987,-3.757,1.270,-0.661
2025-12-05T03:25:53.009173,-0.987,-3.757,1.270,-0.661
2025-12-05T03:25:53.023069,-0.987,-3.757,1.270,-0.661
2025-12-05T03:25:53.040734,-0.987,-3.757,1.270,-0.661
2025-12-05T03:25:53.052633,-0.987,-3.757,1.270,-0.661
2025-12-05T03:25:53.068334,-0.987,-3.757,1.270,-0.661
2025-12-05T03:25:53.082269,-0.987,-3.757,1.270,-0.661
2025-12-05T03:25:53.099444,-0.987,-3.757,1.270,-0.661
2025-12-05T03:25:53.113050,-0.987,-3.757,1.270,-0.661
2025-12-05T03:25:53.129397,-0.987,-3.757,1.270,-0.661
2025-12-05T03:25:53.146876,-0.987,-3.757,1.270,-0.661
2025-12-05T03:25:53.164262,-0.987,-3.757,1.270,-0.661
2025-12-05T03:25:53.181699,-0.987,-3.757,1.270,-0.661
2025-12-05T03:25:53.203139,-0.987,-3.757,1.270,-0.661
2025-12-05T03:25:53.218306,-0.987,-3.757,1.270,-0.661
2025-12-05T03:25:53.241333,-0.987,-3.757,1.270,-0.661
2025-12-05T03:25:53.257577,-0.987,-3.757,1.270,-0.661
2025-12-05T03:25:53.274180,-0.987,-3.757,1.270,-0.661
2025-12-05T03:25:53.291148,-0.987,-3.757,1.270,-0.661
2025-12-05T03:25:53.305715,-0.987,-3.757,1.270,-0.661
2025-12-05T03:25:53.323532,-0.987,-3.757,1.270,-0.661
2025-12-05T03:25:53.347569,-0.987,-3.757,1.270,-0.661
2025-12-05T03:25:53.359779,-0.987,-3.757,1.270,-0.661
2025-12-05T03:25:53.371935,-0.987,-3.757,1.270,-0.661
2025-12-05T03:25:53.386443,-0.987,-3.757,1.270,-0.661
2025-12-05T03:25:53.402940,-0.987,-3.757,1.270,-0.661
2025-12-05T03:25:53.417605,-0.987,-3.757,1.270,-0.661
2025-12-05T03:25:53.433669,-0.987,-3.757,1.270,-0.661
2025-12-05T03:25:53.450585,-0.987,-3.757,1.270,-0.661
2025-12-05T03:25:53.468377,-0.987,-3.757,1.270,-0.661
2025-12-05T03:25:53.487860,-0.987,-3.757,1.270,-0.661
2025-12-05T03:25:53.503605,-0.987,-3.757,1.270,-0.661
2025-12-05T03:25:53.519612,-0.987,-3.757,1.270,-0.661
2025-12-05T03:25:53.535670,-0.987,-3.757,1.270,-0.661
2025-12-05T03:25:53.553386,-0.987,-3.757,1.270,-0.661
2025-12-05T03:25:53.570749,-0.987,-3.757,1.270,-0.661
2025-12-05T03:25:53.588043,-0.987,-3.757,1.270,-0.661
2025-12-05T03:25:53.603717,-0.987,-3.757,1.270,-0.661
2025-12-05T03:25:53.619494,-0.987,-3.757,1.270,-0.661
2025-12-05T03:25:53.634002,-0.987,-3.757,1.270,-0.661
2025-12-05T03:25:53.650196,-0.987,-3.757,1.270,-0.661
2025-12-05T03:25:53.664729,-0.987,-3.757,1.270,-0.661
2025-12-05T03:25:53.677342,-0.987,-3.757,1.270,-0.661
2025-12-05T03:25:53.692270,-0.987,-3.757,1.270,-0.661
2025-12-05T03:25:53.707376,-0.987,-3.757,1.270,-0.661
2025-12-05T03:25:53.725062,-0.987,-3.757,1.270,-0.661
2025-12-05T03:25:53.742023,-0.987,-3.757,1.270,-0.661
2025-12-05T03:25:53.758973,-0.987,-3.757,1.270,-0.661
2025-12-05T03:25:53.779042,-0.987,-3.757,1.270,-0.661
2025-12-05T03:25:53.797626,-0.987,-3.757,1.270,-0.661
2025-12-05T03:25:53.813994,-0.987,-3.757,1.270,-0.661
2025-12-05T03:25:53.830735,-0.987,-3.757,1.270,-0.661
2025-12-05T03:25:53.847555,-0.987,-3.757,1.270,-0.661
2025-12-05T03:25:53.864536,-0.987,-3.757,1.270,-0.661
2025-12-05T03:25:53.879621,-0.987,-3.757,1.270,-0.661
2025-12-05T03:25:53.894500,-0.987,-3.757,1.270,-0.661
2025-12-05T03:25:53.912265,-0.987,-3.757,1.270,-0.661
2025-12-05T03:25:53.929608,-0.987,-3.757,1.270,-0.661
2025-12-05T03:25:53.941638,-0.987,-3.757,1.270,-0.661
2025-12-05T03:25:53.956671,-0.987,-3.757,1.270,-0.661
2025-12-05T03:25:53.974194,-0.987,-3.757,1.270,-0.661
2025-12-05T03:25:53.991666,-0.987,-3.757,1.270,-0.661
2025-12-05T03:25:54.009520,-0.987,-3.757,1.270,-0.661
2025-12-05T03:25:54.027319,-0.987,-3.757,1.270,-0.661
2025-12-05T03:25:54.044190,-0.987,-3.757,1.270,-0.661
2025-12-05T03:25:54.061694,-0.987,-3.757,1.270,-0.661
2025-12-05T03:25:54.079908,-0.987,-3.757,1.270,-0.661
2025-12-05T03:25:54.095225,-0.987,-3.757,1.270,-0.661
2025-12-05T03:25:54.111614,-0.987,-3.757,1.270,-0.661
2025-12-05T03:25:54.129389,-0.987,-3.757,1.270,-0.661
2025-12-05T03:25:54.146342,-0.987,-3.757,1.270,-0.661
2025-12-05T03:25:54.163951,-0.987,-3.757,1.270,-0.661
2025-12-05T03:25:54.179981,-0.987,-3.757,1.270,-0.661
2025-12-05T03:25:54.195714,-0.987,-3.757,1.270,-0.661
2025-12-05T03:25:54.209322,-0.987,-3.757,1.270,-0.661
2025-12-05T03:25:54.225617,-0.987,-3.757,1.270,-0.661
2025-12-05T03:25:54.241368,-0.987,-3.757,1.270,-0.661
2025-12-05T03:25:54.258156,-0.987,-3.757,1.270,-0.661
2025-12-05T03:25:54.275104,-0.987,-3.757,1.270,-0.661
2025-12-05T03:25:54.292254,-0.987,-3.757,1.270,-0.661
2025-12-05T03:25:54.310322,-0.987,-3.757,1.270,-0.661
2025-12-05T03:25:54.327086,-0.987,-3.757,1.270,-0.661
2025-12-05T03:25:54.344295,-0.987,-3.757,1.270,-0.661
2025-12-05T03:25:54.361938,-0.987,-3.757,1.270,-0.661
2025-12-05T03:25:54.380269,-0.987,-3.757,1.270,-0.661
2025-12-05T03:25:54.396773,-0.987,-3.757,1.270,-0.661
2025-12-05T03:25:54.412150,-0.987,-3.757,1.270,-0.661
2025-12-05T03:25:54.428201,-0.987,-3.757,1.270,-0.661
2025-12-05T03:25:54.443999,-0.987,-3.757,1.270,-0.661
2025-12-05T03:25:54.459688,-0.987,-3.757,1.270,-0.661
2025-12-05T03:25:54.473728,-0.987,-3.757,1.270,-0.661
2025-12-05T03:25:54.487522,-0.987,-3.757,1.270,-0.661
2025-12-05T03:25:54.504230,-0.987,-3.757,1.270,-0.661
2025-12-05T03:25:54.518684,-0.987,-3.757,1.270,-0.661
2025-12-05T03:25:54.535846,-0.987,-3.757,1.270,-0.661
2025-12-05T03:25:54.551115,-0.987,-3.757,1.270,-0.661
2025-12-05T03:25:54.570208,-0.987,-3.757,1.270,-0.661
2025-12-05T03:25:54.583824,-0.987,-3.757,1.270,-0.661
2025-12-05T03:25:54.600016,-0.987,-3.757,1.270,-0.661
2025-12-05T03:25:54.618228,-0.987,-3.757,1.270,-0.661
2025-12-05T03:25:54.635805,-0.987,-3.757,1.270,-0.661
2025-12-05T03:25:54.653792,-0.987,-3.757,1.270,-0.661
2025-12-05T03:25:54.671183,-0.987,-3.757,1.270,-0.661
2025-12-05T03:25:54.686673,-0.987,-3.757,1.270,-0.661
2025-12-05T03:25:54.702828,-0.987,-3.757,1.270,-0.661
2025-12-05T03:25:54.719060,-0.987,-3.757,1.270,-0.661
2025-12-05T03:25:54.734677,-0.987,-3.757,1.270,-0.661
2025-12-05T03:25:54.748726,-0.987,-3.757,1.270,-0.661
2025-12-05T03:25:54.764320,-0.987,-3.757,1.270,-0.661
2025-12-05T03:25:54.783398,-0.987,-3.757,1.270,-0.661
2025-12-05T03:25:54.798234,-0.987,-3.757,1.270,-0.661
2025-12-05T03:25:54.816233,-0.987,-3.757,1.270,-0.661
2025-12-05T03:25:54.833451,-0.987,-3.757,1.270,-0.661
2025-12-05T03:25:54.851107,-0.987,-3.757,1.270,-0.661
2025-12-05T03:25:54.868328,-0.987,-3.757,1.270,-0.661
2025-12-05T03:25:54.884878,-0.987,-3.757,1.270,-0.661
2025-12-05T03:25:54.901611,-0.987,-3.757,1.270,-0.661
2025-12-05T03:25:54.918556,-0.987,-3.757,1.270,-0.661
2025-12-05T03:25:54.935182,-0.987,-3.757,1.270,-0.661
2025-12-05T03:25:54.951099,-0.987,-3.757,1.270,-0.661
2025-12-05T03:25:54.965793,-0.987,-3.757,1.270,-0.661
2025-12-05T03:25:54.982299,-0.987,-3.757,1.270,-0.661
2025-12-05T03:25:54.995599,-0.987,-3.757,1.270,-0.661
2025-12-05T03:25:55.012491,-0.987,-3.757,1.270,-0.661
2025-12-05T03:25:55.028920,-0.987,-3.757,1.270,-0.661
2025-12-05T03:25:55.051177,-0.987,-3.757,1.270,-0.661
2025-12-05T03:25:55.070085,-0.987,-3.757,1.270,-0.661
2025-12-05T03:25:55.093785,-0.987,-3.757,1.270,-0.661
2025-12-05T03:25:55.112173,-0.987,-3.757,1.270,-0.661
2025-12-05T03:25:55.128307,-0.987,-3.757,1.270,-0.661
2025-12-05T03:25:55.144493,-0.987,-3.757,1.270,-0.661
2025-12-05T03:25:55.161893,-0.987,-3.757,1.270,-0.661
2025-12-05T03:25:55.177555,-0.987,-3.757,1.270,-0.661
2025-12-05T03:25:55.193484,-0.987,-3.757,1.270,-0.661
2025-12-05T03:25:55.207889,-0.987,-3.757,1.270,-0.661
2025-12-05T03:25:55.223723,-0.987,-3.757,1.270,-0.661
2025-12-05T03:25:55.238026,-0.987,-3.757,1.270,-0.661
2025-12-05T03:25:55.253082,-0.987,-3.757,1.270,-0.661
2025-12-05T03:25:55.267992,-0.987,-3.757,1.270,-0.661
2025-12-05T03:25:55.284632,-0.987,-3.757,1.270,-0.661
2025-12-05T03:25:55.300902,-0.987,-3.757,1.270,-0.661
2025-12-05T03:25:55.319028,-0.987,-3.757,1.270,-0.661
2025-12-05T03:25:55.335783,-0.987,-3.757,1.270,-0.661
2025-12-05T03:25:55.355012,-0.987,-3.757,1.270,-0.661
2025-12-05T03:25:55.371334,-0.987,-3.757,1.270,-0.661
2025-12-05T03:25:55.389303,-0.987,-3.757,1.270,-0.661
2025-12-05T03:25:55.406870,-0.987,-3.757,1.270,-0.661
2025-12-05T03:25:55.423155,-0.987,-3.757,1.270,-0.661
2025-12-05T03:25:55.440284,-0.987,-3.757,1.270,-0.661
2025-12-05T03:25:55.456509,-0.987,-3.757,1.270,-0.661
2025-12-05T03:25:55.472082,-0.987,-3.757,1.270,-0.661
2025-12-05T03:25:55.486075,-0.987,-3.757,1.270,-0.661
2025-12-05T03:25:55.502243,-0.987,-3.757,1.270,-0.661
2025-12-05T03:25:55.518072,-0.987,-3.757,1.270,-0.661
2025-12-05T03:25:55.536173,-0.987,-3.757,1.270,-0.661
2025-12-05T03:25:55.550206,-0.987,-3.757,1.270,-0.661
2025-12-05T03:25:55.568864,-0.987,-3.757,1.270,-0.661
2025-12-05T03:25:55.586474,-0.987,-3.757,1.270,-0.661
2025-12-05T03:25:55.603163,-0.987,-3.757,1.270,-0.661
2025-12-05T03:25:55.621595,-0.987,-3.757,1.270,-0.661
2025-12-05T03:25:55.639190,-0.987,-3.757,1.270,-0.661
2025-12-05T03:25:55.658551,-0.987,-3.757,1.270,-0.661
2025-12-05T03:25:55.673788,-0.987,-3.757,1.270,-0.661
2025-12-05T03:25:55.688130,-0.987,-3.757,1.270,-0.661
2025-12-05T03:25:55.706171,-0.987,-3.757,1.270,-0.661
2025-12-05T03:25:55.722643,-0.987,-3.757,1.270,-0.661
2025-12-05T03:25:55.735650,-0.987,-3.757,1.270,-0.661
2025-12-05T03:25:55.751049,-0.987,-3.757,1.270,-0.661
2025-12-05T03:25:55.765996,-0.987,-3.757,1.270,-0.661
2025-12-05T03:25:55.782466,-0.987,-3.757,1.270,-0.661
2025-12-05T03:25:55.799160,-0.987,-3.757,1.270,-0.661
2025-12-05T03:25:55.814677,-0.987,-3.757,1.270,-0.661
2025-12-05T03:25:55.832496,-0.987,-3.757,1.270,-0.661
2025-12-05T03:25:55.850601,-0.987,-3.757,1.270,-0.661
2025-12-05T03:25:55.867881,-0.987,-3.757,1.270,-0.661
2025-12-05T03:25:55.886768,-0.987,-3.757,1.270,-0.661
2025-12-05T03:25:55.904320,-0.987,-3.757,1.270,-0.661
2025-12-05T03:25:55.922926,-0.987,-3.757,1.270,-0.661
2025-12-05T03:25:55.941234,-0.987,-3.757,1.270,-0.661
2025-12-05T03:25:55.958053,-0.987,-3.757,1.270,-0.661
2025-12-05T03:25:55.972701,-0.987,-3.757,1.270,-0.661
2025-12-05T03:25:55.988900,-0.987,-3.757,1.270,-0.661
2025-12-05T03:25:56.003260,-0.987,-3.757,1.270,-0.661
2025-12-05T03:25:56.018158,-0.987,-3.757,1.270,-0.661
2025-12-05T03:25:56.035000,-0.987,-3.757,1.270,-0.661
2025-12-05T03:25:56.051292,-0.987,-3.757,1.270,-0.661
2025-12-05T03:25:56.066273,-0.987,-3.757,1.270,-0.661
2025-12-05T03:25:56.083355,-0.987,-3.757,1.270,-0.661
2025-12-05T03:25:56.102409,-0.987,-3.757,1.270,-0.661
2025-12-05T03:25:56.118145,-0.987,-3.757,1.270,-0.661
2025-12-05T03:25:56.137275,-0.987,-3.757,1.270,-0.661
2025-12-05T03:25:56.153753,-0.987,-3.757,1.270,-0.661
2025-12-05T03:25:56.170785,-0.987,-3.757,1.270,-0.661
2025-12-05T03:25:56.188315,-0.987,-3.757,1.270,-0.661
2025-12-05T03:25:56.204429,-0.987,-3.757,1.270,-0.661
2025-12-05T03:25:56.222175,-0.987,-3.757,1.270,-0.661
2025-12-05T03:25:56.238726,-0.987,-3.757,1.270,-0.661
2025-12-05T03:25:56.254773,-0.987,-3.757,1.270,-0.661
2025-12-05T03:25:56.268103,-0.987,-3.757,1.270,-0.661
2025-12-05T03:25:56.283668,-0.987,-3.757,1.270,-0.661
2025-12-05T03:25:56.298027,-0.987,-3.757,1.270,-0.661
2025-12-05T03:25:56.316257,-0.987,-3.757,1.270,-0.661
2025-12-05T03:25:56.331442,-0.987,-3.757,1.270,-0.661
2025-12-05T03:25:56.356061,-0.987,-3.757,1.270,-0.661
2025-12-05T03:25:56.370173,-0.987,-3.757,1.270,-0.661
2025-12-05T03:25:56.387677,-0.987,-3.757,1.270,-0.661
2025-12-05T03:25:56.402452,-0.987,-3.757,1.270,-0.661
2025-12-05T03:25:56.420109,-0.987,-3.757,1.270,-0.661
2025-12-05T03:25:56.435196,-0.987,-3.757,1.270,-0.661
2025-12-05T03:25:56.453171,-0.987,-3.757,1.270,-0.661
2025-12-05T03:25:56.464091,-0.987,-3.757,1.270,-0.661
2025-12-05T03:25:56.479156,-0.987,-3.757,1.270,-0.661
2025-12-05T03:25:56.493638,-0.987,-3.757,1.270,-0.661
2025-12-05T03:25:56.510190,-0.987,-3.757,1.270,-0.661
2025-12-05T03:25:56.526018,-0.987,-3.757,1.270,-0.661
2025-12-05T03:25:56.541680,-0.987,-3.757,1.270,-0.661
2025-12-05T03:25:56.558005,-0.987,-3.757,1.270,-0.661
2025-12-05T03:25:56.575768,-0.987,-3.757,1.270,-0.661
2025-12-05T03:25:56.593749,-0.987,-3.757,1.270,-0.661
2025-12-05T03:25:56.610184,-0.987,-3.757,1.270,-0.661
2025-12-05T03:25:56.629621,-0.987,-3.757,1.270,-0.661
2025-12-05T03:25:56.647122,-0.987,-3.757,1.270,-0.661
2025-12-05T03:25:56.662871,-0.987,-3.757,1.270,-0.661
2025-12-05T03:25:56.678233,-0.987,-3.757,1.270,-0.661
2025-12-05T03:25:56.696083,-0.987,-3.757,1.270,-0.661
2025-12-05T03:25:56.709761,-0.987,-3.757,1.270,-0.661
2025-12-05T03:25:56.724081,-0.987,-3.757,1.270,-0.661
2025-12-05T03:25:56.737833,-0.987,-3.757,1.270,-0.661
2025-12-05T03:25:56.752618,-0.987,-3.757,1.270,-0.661
2025-12-05T03:25:56.773324,-0.987,-3.757,1.270,-0.661
2025-12-05T03:25:56.785658,-0.987,-3.757,1.270,-0.661
2025-12-05T03:25:56.802529,-0.987,-3.757,1.270,-0.661
2025-12-05T03:25:56.819915,-0.987,-3.757,1.270,-0.661
2025-12-05T03:25:56.838021,-0.987,-3.757,1.270,-0.661
2025-12-05T03:25:56.855399,-0.987,-3.757,1.270,-0.661
2025-12-05T03:25:56.873948,-0.987,-3.757,1.270,-0.661
2025-12-05T03:25:56.890774,-0.987,-3.757,1.270,-0.661
2025-12-05T03:25:56.907984,-0.987,-3.757,1.270,-0.661
2025-12-05T03:25:56.925902,-0.987,-3.757,1.270,-0.661
2025-12-05T03:25:56.942717,-0.987,-3.757,1.270,-0.661
2025-12-05T03:25:56.961537,-0.987,-3.757,1.270,-0.661
2025-12-05T03:25:56.983401,-0.987,-3.757,1.270,-0.661
2025-12-05T03:25:56.996576,-0.987,-3.757,1.270,-0.661
2025-12-05T03:25:57.010656,-0.987,-3.757,1.270,-0.661
2025-12-05T03:25:57.026107,-0.987,-3.757,1.270,-0.661
2025-12-05T03:25:57.040187,-0.987,-3.757,1.270,-0.661
2025-12-05T03:25:57.056130,-0.987,-3.757,1.270,-0.661
2025-12-05T03:25:57.072638,-0.987,-3.757,1.270,-0.661
2025-12-05T03:25:57.089201,-0.987,-3.757,1.270,-0.661
2025-12-05T03:25:57.105914,-0.987,-3.757,1.270,-0.661
2025-12-05T03:25:57.122009,-0.987,-3.757,1.270,-0.661
2025-12-05T03:25:57.138778,-0.987,-3.757,1.270,-0.661
2025-12-05T03:25:57.156732,-0.987,-3.757,1.270,-0.661
2025-12-05T03:25:57.174027,-0.987,-3.757,1.270,-0.661
2025-12-05T03:25:57.193903,-0.987,-3.757,1.270,-0.661
2025-12-05T03:25:57.209786,-0.987,-3.757,1.270,-0.661
2025-12-05T03:25:57.226844,-0.987,-3.757,1.270,-0.661
2025-12-05T03:25:57.240155,-0.987,-3.757,1.270,-0.661
2025-12-05T03:25:57.256672,-0.987,-3.757,1.270,-0.661
2025-12-05T03:25:57.270041,-0.987,-3.757,1.270,-0.661
2025-12-05T03:25:57.281702,-0.987,-3.757,1.270,-0.661
2025-12-05T03:25:57.296226,-0.987,-3.757,1.270,-0.661
2025-12-05T03:25:57.311151,-0.987,-3.757,1.270,-0.661
2025-12-05T03:25:57.326891,-0.987,-3.757,1.270,-0.661
2025-12-05T03:25:57.343099,-0.987,-3.757,1.270,-0.661
2025-12-05T03:25:57.360409,-0.987,-3.757,1.270,-0.661
2025-12-05T03:25:57.378362,-0.987,-3.757,1.270,-0.661
2025-12-05T03:25:57.394056,-0.987,-3.757,1.270,-0.661
2025-12-05T03:25:57.413438,-0.987,-3.757,1.270,-0.661
2025-12-05T03:25:57.431538,-0.987,-3.757,1.270,-0.661
2025-12-05T03:25:57.449598,-0.987,-3.757,1.270,-0.661
2025-12-05T03:25:57.465976,-0.987,-3.757,1.270,-0.661
2025-12-05T03:25:57.483140,-0.987,-3.757,1.270,-0.661
2025-12-05T03:25:57.499449,-0.987,-3.757,1.270,-0.661
2025-12-05T03:25:57.514541,-0.987,-3.757,1.270,-0.661
2025-12-05T03:25:57.530275,-0.987,-3.757,1.270,-0.661
2025-12-05T03:25:57.544218,-0.987,-3.757,1.270,-0.661
2025-12-05T03:25:57.558324,-0.987,-3.757,1.270,-0.661
2025-12-05T03:25:57.574068,-0.987,-3.757,1.270,-0.661
2025-12-05T03:25:57.594760,-0.987,-3.757,1.270,-0.661
2025-12-05T03:25:57.609742,-0.987,-3.757,1.270,-0.661
2025-12-05T03:25:57.624875,-0.987,-3.757,1.270,-0.661
2025-12-05T03:25:57.641084,-0.987,-3.757,1.270,-0.661
2025-12-05T03:25:57.659267,-0.987,-3.757,1.270,-0.661
2025-12-05T03:25:57.678504,-0.987,-3.757,1.270,-0.661
2025-12-05T03:25:57.696048,-0.987,-3.757,1.270,-0.661
2025-12-05T03:25:57.710703,-0.987,-3.757,1.270,-0.661
2025-12-05T03:25:57.730480,-0.987,-3.757,1.270,-0.661
2025-12-05T03:25:57.746654,-0.987,-3.757,1.270,-0.661
2025-12-05T03:25:57.764478,-0.987,-3.757,1.270,-0.661
2025-12-05T03:25:57.776522,-0.987,-3.757,1.270,-0.661
2025-12-05T03:25:57.791538,-0.987,-3.757,1.270,-0.661
2025-12-05T03:25:57.805228,-0.987,-3.757,1.270,-0.661
2025-12-05T03:25:57.822178,-0.987,-3.757,1.270,-0.661
2025-12-05T03:25:57.837732,-0.987,-3.757,1.270,-0.661
2025-12-05T03:25:57.854059,-0.987,-3.757,1.270,-0.661
2025-12-05T03:25:57.873413,-0.987,-3.757,1.270,-0.661
2025-12-05T03:25:57.889195,-0.987,-3.757,1.270,-0.661
2025-12-05T03:25:57.904932,-0.987,-3.757,1.270,-0.661
2025-12-05T03:25:57.923068,-0.987,-3.757,1.270,-0.661
2025-12-05T03:25:57.940304,-0.987,-3.757,1.270,-0.661
2025-12-05T03:25:57.957370,-0.987,-3.757,1.270,-0.661
2025-12-05T03:25:57.975044,-0.987,-3.757,1.270,-0.661
2025-12-05T03:25:57.990125,-0.987,-3.757,1.270,-0.661
2025-12-05T03:25:58.007312,-0.987,-3.757,1.270,-0.661
2025-12-05T03:25:58.023291,-0.987,-3.757,1.270,-0.661
2025-12-05T03:25:58.038748,-0.987,-3.757,1.270,-0.661
2025-12-05T03:25:58.054689,-0.987,-3.757,1.270,-0.661
2025-12-05T03:25:58.071567,-0.987,-3.757,1.270,-0.661
2025-12-05T03:25:58.089325,-0.987,-3.757,1.270,-0.661
2025-12-05T03:25:58.103771,-0.987,-3.757,1.270,-0.661
2025-12-05T03:25:58.120192,-0.987,-3.757,1.270,-0.661
2025-12-05T03:25:58.138024,-0.987,-3.757,1.270,-0.661
2025-12-05T03:25:58.156263,-0.987,-3.757,1.270,-0.661
2025-12-05T03:25:58.175795,-0.987,-3.757,1.270,-0.661
2025-12-05T03:25:58.193395,-0.987,-3.757,1.270,-0.661
2025-12-05T03:25:58.210463,-0.987,-3.757,1.270,-0.661
2025-12-05T03:25:58.226549,-0.987,-3.757,1.270,-0.661
2025-12-05T03:25:58.243358,-0.987,-3.757,1.270,-0.661
2025-12-05T03:25:58.258788,-0.987,-3.757,1.270,-0.661
2025-12-05T03:25:58.274922,-0.987,-3.757,1.270,-0.661
2025-12-05T03:25:58.290963,-0.987,-3.757,1.270,-0.661
2025-12-05T03:25:58.306254,-0.987,-3.757,1.270,-0.661
2025-12-05T03:25:58.321378,-0.987,-3.757,1.270,-0.661
2025-12-05T03:25:58.338274,-0.987,-3.757,1.270,-0.661
2025-12-05T03:25:58.355149,-0.987,-3.757,1.270,-0.661
2025-12-05T03:25:58.371857,-0.987,-3.757,1.270,-0.661
2025-12-05T03:25:58.389388,-0.987,-3.757,1.270,-0.661
2025-12-05T03:25:58.407355,-0.987,-3.757,1.270,-0.661
2025-12-05T03:25:58.424009,-0.987,-3.757,1.270,-0.661
2025-12-05T03:25:58.441683,-0.987,-3.757,1.270,-0.661
2025-12-05T03:25:58.461645,-0.987,-3.757,1.270,-0.661
2025-12-05T03:25:58.475286,-0.987,-3.757,1.270,-0.661
2025-12-05T03:25:58.492728,-0.987,-3.757,1.270,-0.661
2025-12-05T03:25:58.507401,-0.987,-3.757,1.270,-0.661
2025-12-05T03:25:58.529432,-0.987,-3.757,1.270,-0.661
2025-12-05T03:25:58.543780,-0.987,-3.757,1.270,-0.661
2025-12-05T03:25:58.559673,-0.987,-3.757,1.270,-0.661
2025-12-05T03:25:58.570972,-0.987,-3.757,1.270,-0.661
2025-12-05T03:25:58.584861,-0.987,-3.757,1.270,-0.661
2025-12-05T03:25:58.599984,-0.987,-3.757,1.270,-0.661
2025-12-05T03:25:58.617041,-0.987,-3.757,1.270,-0.661
2025-12-05T03:25:58.630988,-0.987,-3.757,1.270,-0.661
2025-12-05T03:25:58.648946,-0.987,-3.757,1.270,-0.661
2025-12-05T03:25:58.664314,-0.987,-3.757,1.270,-0.661
2025-12-05T03:25:58.683508,-0.987,-3.757,1.270,-0.661
2025-12-05T03:25:58.701161,-0.987,-3.757,1.270,-0.661
2025-12-05T03:25:58.715881,-0.987,-3.757,1.270,-0.661
2025-12-05T03:25:58.733406,-0.987,-3.757,1.270,-0.661
2025-12-05T03:25:58.750771,-0.987,-3.757,1.270,-0.661
2025-12-05T03:25:58.766778,-0.987,-3.757,1.270,-0.661
2025-12-05T03:25:58.783762,-0.987,-3.757,1.270,-0.661
2025-12-05T03:25:58.800217,-0.987,-3.757,1.270,-0.661
2025-12-05T03:25:58.817525,-0.987,-3.757,1.270,-0.661
2025-12-05T03:25:58.831666,-0.987,-3.757,1.270,-0.661
2025-12-05T03:25:58.846646,-0.987,-3.757,1.270,-0.661
2025-12-05T03:25:58.867162,-0.987,-3.757,1.270,-0.661
2025-12-05T03:25:58.879742,-0.987,-3.757,1.270,-0.661
2025-12-05T03:25:58.896851,-0.987,-3.757,1.270,-0.661
2025-12-05T03:25:58.913667,-0.987,-3.757,1.270,-0.661
2025-12-05T03:25:58.932465,-0.987,-3.757,1.270,-0.661
2025-12-05T03:25:58.949742,-0.987,-3.757,1.270,-0.661
2025-12-05T03:25:58.968309,-0.987,-3.757,1.270,-0.661
2025-12-05T03:25:58.986021,-0.987,-3.757,1.270,-0.661
2025-12-05T03:25:59.003166,-0.987,-3.757,1.270,-0.661
2025-12-05T03:25:59.020744,-0.987,-3.757,1.270,-0.661
2025-12-05T03:25:59.035940,-0.987,-3.757,1.270,-0.661
2025-12-05T03:25:59.053395,-0.987,-3.757,1.270,-0.661
2025-12-05T03:25:59.069332,-0.987,-3.757,1.270,-0.661
2025-12-05T03:25:59.087333,-0.987,-3.757,1.270,-0.661
2025-12-05T03:25:59.103302,-0.987,-3.757,1.270,-0.661
2025-12-05T03:25:59.116639,-0.987,-3.757,1.270,-0.661
2025-12-05T03:25:59.131614,-0.987,-3.757,1.270,-0.661
2025-12-05T03:25:59.154402,-0.987,-3.757,1.270,-0.661
2025-12-05T03:25:59.167284,-0.987,-3.757,1.270,-0.661
2025-12-05T03:25:59.183557,-0.987,-3.757,1.270,-0.661
2025-12-05T03:25:59.201224,-0.987,-3.757,1.270,-0.661
2025-12-05T03:25:59.219101,-0.987,-3.757,1.270,-0.661
2025-12-05T03:25:59.235437,-0.987,-3.757,1.270,-0.661
2025-12-05T03:25:59.255211,-0.987,-3.757,1.270,-0.661
2025-12-05T03:25:59.272098,-0.987,-3.757,1.270,-0.661
2025-12-05T03:25:59.288246,-0.987,-3.757,1.270,-0.661
2025-12-05T03:25:59.303792,-0.987,-3.757,1.270,-0.661
2025-12-05T03:25:59.319450,-0.987,-3.757,1.270,-0.661
2025-12-05T03:25:59.336130,-0.987,-3.757,1.270,-0.661
2025-12-05T03:25:59.353583,-0.987,-3.757,1.270,-0.661
2025-12-05T03:25:59.364694,-0.987,-3.757,1.270,-0.661
2025-12-05T03:25:59.380366,-0.987,-3.757,1.270,-0.661
2025-12-05T03:25:59.399207,-0.987,-3.757,1.270,-0.661
2025-12-05T03:25:59.414657,-0.987,-3.757,1.270,-0.661
2025-12-05T03:25:59.431261,-0.987,-3.757,1.270,-0.661
2025-12-05T03:25:59.454173,-0.987,-3.757,1.270,-0.661
2025-12-05T03:25:59.470745,-0.987,-3.757,1.270,-0.661
2025-12-05T03:25:59.489364,-0.987,-3.757,1.270,-0.661
2025-12-05T03:25:59.504573,-0.987,-3.757,1.270,-0.661
2025-12-05T03:25:59.521019,-0.987,-3.757,1.270,-0.661
2025-12-05T03:25:59.535760,-0.987,-3.757,1.270,-0.661
2025-12-05T03:25:59.553021,-0.987,-3.757,1.270,-0.661
2025-12-05T03:25:59.566717,-0.987,-3.757,1.270,-0.661
2025-12-05T03:25:59.579940,-0.987,-3.757,1.270,-0.661
2025-12-05T03:25:59.595749,-0.987,-3.757,1.270,-0.661
2025-12-05T03:25:59.609746,-0.987,-3.757,1.270,-0.661
2025-12-05T03:25:59.625116,-0.987,-3.757,1.270,-0.661
2025-12-05T03:25:59.640753,-0.987,-3.757,1.270,-0.661
2025-12-05T03:25:59.658298,-0.987,-3.757,1.270,-0.661
2025-12-05T03:25:59.674621,-0.987,-3.757,1.270,-0.661
2025-12-05T03:25:59.693473,-0.987,-3.757,1.270,-0.661
2025-12-05T03:25:59.708870,-0.987,-3.757,1.270,-0.661
2025-12-05T03:25:59.728368,-0.987,-3.757,1.270,-0.661
2025-12-05T03:25:59.746498,-0.987,-3.757,1.270,-0.661
2025-12-05T03:25:59.762479,-0.987,-3.757,1.270,-0.661
2025-12-05T03:25:59.781541,-0.987,-3.757,1.270,-0.661
2025-12-05T03:25:59.797561,-0.987,-3.757,1.270,-0.661
2025-12-05T03:25:59.814130,-0.987,-3.757,1.270,-0.661
2025-12-05T03:25:59.829357,-0.987,-3.757,1.270,-0.661
2025-12-05T03:25:59.842893,-0.987,-3.757,1.270,-0.661
2025-12-05T03:25:59.857283,-0.987,-3.757,1.270,-0.661
2025-12-05T03:25:59.871594,-0.987,-3.757,1.270,-0.661
2025-12-05T03:25:59.887420,-0.987,-3.757,1.270,-0.661
2025-12-05T03:25:59.902578,-0.987,-3.757,1.270,-0.661
2025-12-05T03:25:59.920796,-0.987,-3.757,1.270,-0.661
2025-12-05T03:25:59.935634,-0.987,-3.757,1.270,-0.661
2025-12-05T03:25:59.953137,-0.987,-3.757,1.270,-0.661
2025-12-05T03:25:59.970646,-0.987,-3.757,1.270,-0.661
2025-12-05T03:25:59.987715,-0.987,-3.757,1.270,-0.661
2025-12-05T03:26:00.007073,-0.987,-3.757,1.270,-0.661
2025-12-05T03:26:00.022696,-0.987,-3.757,1.270,-0.661
2025-12-05T03:26:00.040354,-0.987,-3.757,1.270,-0.661
2025-12-05T03:26:00.056431,-0.987,-3.757,1.270,-0.661
2025-12-05T03:26:00.080208,-0.987,-3.757,1.270,-0.661
2025-12-05T03:26:00.093471,-0.987,-3.757,1.270,-0.661
2025-12-05T03:26:00.109469,-0.987,-3.757,1.270,-0.661
2025-12-05T03:26:00.124801,-0.987,-3.757,1.270,-0.661
2025-12-05T03:26:00.139505,-0.987,-3.757,1.270,-0.661
2025-12-05T03:26:00.154539,-0.987,-3.757,1.270,-0.661
2025-12-05T03:26:00.169213,-0.987,-3.757,1.270,-0.661
2025-12-05T03:26:00.183343,-0.987,-3.757,1.270,-0.661
2025-12-05T03:26:00.201108,-0.987,-3.757,1.270,-0.661
2025-12-05T03:26:00.216009,-0.987,-3.757,1.270,-0.661
2025-12-05T03:26:00.235062,-0.987,-3.757,1.270,-0.661
2025-12-05T03:26:00.250563,-0.987,-3.757,1.270,-0.661
2025-12-05T03:26:00.267633,-0.987,-3.757,1.270,-0.661
2025-12-05T03:26:00.283739,-0.987,-3.757,1.270,-0.661
2025-12-05T03:26:00.302721,-0.987,-3.757,1.270,-0.661
2025-12-05T03:26:00.320379,-0.987,-3.757,1.270,-0.661
2025-12-05T03:26:00.339597,-0.987,-3.757,1.270,-0.661
2025-12-05T03:26:00.355654,-0.987,-3.757,1.270,-0.661
2025-12-05T03:26:00.381362,-0.987,-3.757,1.270,-0.661
2025-12-05T03:26:00.396603,-0.987,-3.757,1.270,-0.661
2025-12-05T03:26:00.413203,-0.987,-3.757,1.270,-0.661
2025-12-05T03:26:00.428370,-0.987,-3.757,1.270,-0.661
2025-12-05T03:26:00.445867,-0.987,-3.757,1.270,-0.661
2025-12-05T03:26:00.459785,-0.987,-3.757,1.270,-0.661
2025-12-05T03:26:00.474314,-0.987,-3.757,1.270,-0.661
2025-12-05T03:26:00.487991,-0.987,-3.757,1.270,-0.661
2025-12-05T03:26:00.501426,-0.987,-3.757,1.270,-0.661
2025-12-05T03:26:00.515843,-0.987,-3.757,1.270,-0.661
2025-12-05T03:26:00.530495,-0.987,-3.757,1.270,-0.661
2025-12-05T03:26:00.546163,-0.987,-3.757,1.270,-0.661
2025-12-05T03:26:00.561397,-0.987,-3.757,1.270,-0.661
2025-12-05T03:26:00.577386,-0.987,-3.757,1.270,-0.661
2025-12-05T03:26:00.594762,-0.987,-3.757,1.270,-0.661
2025-12-05T03:26:00.613029,-0.987,-3.757,1.270,-0.661
2025-12-05T03:26:00.631758,-0.987,-3.757,1.270,-0.661
2025-12-05T03:26:00.653344,-0.987,-3.757,1.270,-0.661
2025-12-05T03:26:00.670347,-0.987,-3.757,1.270,-0.661
2025-12-05T03:26:00.689774,-0.987,-3.757,1.270,-0.661
2025-12-05T03:26:00.704390,-0.987,-3.757,1.270,-0.661
2025-12-05T03:26:00.721656,-0.987,-3.757,1.270,-0.661
2025-12-05T03:26:00.738858,-0.987,-3.757,1.270,-0.661
2025-12-05T03:26:00.754248,-0.987,-3.757,1.270,-0.661
2025-12-05T03:26:00.770415,-0.987,-3.757,1.270,-0.661
2025-12-05T03:26:00.785971,-0.987,-3.757,1.270,-0.661
2025-12-05T03:26:00.801684,-0.987,-3.757,1.270,-0.661
2025-12-05T03:26:00.815153,-0.987,-3.757,1.270,-0.661
2025-12-05T03:26:00.829481,-0.987,-3.757,1.270,-0.661
2025-12-05T03:26:00.844717,-0.987,-3.757,1.270,-0.661
2025-12-05T03:26:00.862871,-0.987,-3.757,1.270,-0.661
2025-12-05T03:26:00.877219,-0.987,-3.757,1.270,-0.661
2025-12-05T03:26:00.894616,-0.987,-3.757,1.270,-0.661
2025-12-05T03:26:00.915353,-0.987,-3.757,1.270,-0.661
2025-12-05T03:26:00.932439,-0.987,-3.757,1.270,-0.661
2025-12-05T03:26:00.951302,-0.987,-3.757,1.270,-0.661
2025-12-05T03:26:00.969204,-0.987,-3.757,1.270,-0.661
2025-12-05T03:26:00.989839,-0.987,-3.757,1.270,-0.661
2025-12-05T03:26:01.000691,-0.987,-3.757,1.270,-0.661
2025-12-05T03:26:01.017350,-0.987,-3.757,1.270,-0.661
2025-12-05T03:26:01.031028,-0.987,-3.757,1.270,-0.661
2025-12-05T03:26:01.046672,-0.987,-3.757,1.270,-0.661
2025-12-05T03:26:01.061409,-0.987,-3.757,1.270,-0.661
2025-12-05T03:26:01.076137,-0.987,-3.757,1.270,-0.661
2025-12-05T03:26:01.092987,-0.987,-3.757,1.270,-0.661
2025-12-05T03:26:01.109461,-0.987,-3.757,1.270,-0.661
2025-12-05T03:26:01.125266,-0.987,-3.757,1.270,-0.661
2025-12-05T03:26:01.143102,-0.987,-3.757,1.270,-0.661
2025-12-05T03:26:01.161622,-0.987,-3.757,1.270,-0.661
2025-12-05T03:26:01.179187,-0.987,-3.757,1.270,-0.661
2025-12-05T03:26:01.197025,-0.987,-3.757,1.270,-0.661
2025-12-05T03:26:01.217063,-0.987,-3.757,1.270,-0.661
2025-12-05T03:26:01.234058,-0.987,-3.757,1.270,-0.661
2025-12-05T03:26:01.250961,-0.987,-3.757,1.270,-0.661
2025-12-05T03:26:01.266516,-0.987,-3.757,1.270,-0.661
2025-12-05T03:26:01.280455,-0.987,-3.757,1.270,-0.661
2025-12-05T03:26:01.297781,-0.987,-3.757,1.270,-0.661
2025-12-05T03:26:01.318646,-0.987,-3.757,1.270,-0.661
2025-12-05T03:26:01.330403,-0.987,-3.757,1.270,-0.661
2025-12-05T03:26:01.343948,-0.987,-3.757,1.270,-0.661
2025-12-05T03:26:01.359214,-0.987,-3.757,1.270,-0.661
2025-12-05T03:26:01.373363,-0.987,-3.757,1.270,-0.661
2025-12-05T03:26:01.390476,-0.987,-3.757,1.270,-0.661
2025-12-05T03:26:01.406634,-0.987,-3.757,1.270,-0.661
2025-12-05T03:26:01.424437,-0.987,-3.757,1.270,-0.661
2025-12-05T03:26:01.440628,-0.987,-3.757,1.270,-0.661
2025-12-05T03:26:01.459282,-0.987,-3.757,1.270,-0.661
2025-12-05T03:26:01.476496,-0.987,-3.757,1.270,-0.661
2025-12-05T03:26:01.493938,-0.987,-3.757,1.270,-0.661
2025-12-05T03:26:01.511447,-0.987,-3.757,1.270,-0.661
2025-12-05T03:26:01.530206,-0.987,-3.757,1.270,-0.661
2025-12-05T03:26:01.547578,-0.987,-3.757,1.270,-0.661
2025-12-05T03:26:01.563888,-0.987,-3.757,1.270,-0.661
2025-12-05T03:26:01.577840,-0.987,-3.757,1.270,-0.661
2025-12-05T03:26:01.593512,-0.987,-3.757,1.270,-0.661
2025-12-05T03:26:01.608253,-0.987,-3.757,1.270,-0.661
2025-12-05T03:26:01.621995,-0.987,-3.757,1.270,-0.661
2025-12-05T03:26:01.635241,-0.987,-3.757,1.270,-0.661
2025-12-05T03:26:01.650927,-0.987,-3.757,1.270,-0.661
2025-12-05T03:26:01.666174,-0.987,-3.757,1.270,-0.661
2025-12-05T03:26:01.682788,-0.987,-3.757,1.270,-0.661
2025-12-05T03:26:01.698424,-0.987,-3.757,1.270,-0.661
2025-12-05T03:26:01.720375,-0.987,-3.757,1.270,-0.661
2025-12-05T03:26:01.737596,-0.987,-3.757,1.270,-0.661
2025-12-05T03:26:01.755693,-0.987,-3.757,1.270,-0.661
2025-12-05T03:26:01.774467,-0.987,-3.757,1.270,-0.661
2025-12-05T03:26:01.791295,-0.987,-3.757,1.270,-0.661
2025-12-05T03:26:01.806889,-0.987,-3.757,1.270,-0.661
2025-12-05T03:26:01.822050,-0.987,-3.757,1.270,-0.661
2025-12-05T03:26:01.838504,-0.987,-3.757,1.270,-0.661
2025-12-05T03:26:01.854948,-0.987,-3.757,1.270,-0.661
2025-12-05T03:26:01.871113,-0.987,-3.757,1.270,-0.661
2025-12-05T03:26:01.883762,-0.987,-3.757,1.270,-0.661
2025-12-05T03:26:01.900599,-0.987,-3.757,1.270,-0.661
2025-12-05T03:26:01.916133,-0.987,-3.757,1.270,-0.661
2025-12-05T03:26:01.937240,-0.987,-3.757,1.270,-0.661
2025-12-05T03:26:01.953027,-0.987,-3.757,1.270,-0.661
2025-12-05T03:26:01.970113,-0.987,-3.757,1.270,-0.661
2025-12-05T03:26:01.987026,-0.987,-3.757,1.270,-0.661
2025-12-05T03:26:02.004911,-0.987,-3.757,1.270,-0.661
2025-12-05T03:26:02.022980,-0.987,-3.757,1.270,-0.661
2025-12-05T03:26:02.040335,-0.987,-3.757,1.270,-0.661
2025-12-05T03:26:02.058648,-0.987,-3.757,1.270,-0.661
2025-12-05T03:26:02.071269,-0.987,-3.757,1.270,-0.661
2025-12-05T03:26:02.085781,-0.987,-3.757,1.270,-0.661
2025-12-05T03:26:02.101597,-0.987,-3.757,1.270,-0.661
2025-12-05T03:26:02.115648,-0.987,-3.757,1.270,-0.661
2025-12-05T03:26:02.131203,-0.987,-3.757,1.270,-0.661
2025-12-05T03:26:02.146975,-0.987,-3.757,1.270,-0.661
2025-12-05T03:26:02.163455,-0.987,-3.757,1.270,-0.661
2025-12-05T03:26:02.179334,-0.987,-3.757,1.270,-0.661
2025-12-05T03:26:02.197400,-0.987,-3.757,1.270,-0.661
2025-12-05T03:26:02.214836,-0.987,-3.757,1.270,-0.661
2025-12-05T03:26:02.232356,-0.987,-3.757,1.270,-0.661
2025-12-05T03:26:02.251158,-0.987,-3.757,1.270,-0.661
2025-12-05T03:26:02.268416,-0.987,-3.757,1.270,-0.661
2025-12-05T03:26:02.285461,-0.987,-3.757,1.270,-0.661
2025-12-05T03:26:02.303209,-0.987,-3.757,1.270,-0.661
2025-12-05T03:26:02.321419,-0.987,-3.757,1.270,-0.661
2025-12-05T03:26:02.336603,-0.987,-3.757,1.270,-0.661
2025-12-05T03:26:02.353313,-0.987,-3.757,1.270,-0.661
2025-12-05T03:26:02.367634,-0.987,-3.757,1.270,-0.661
2025-12-05T03:26:02.384251,-0.987,-3.757,1.270,-0.661
2025-12-05T03:26:02.398662,-0.987,-3.757,1.270,-0.661
2025-12-05T03:26:02.414981,-0.987,-3.757,1.270,-0.661
2025-12-05T03:26:02.431254,-0.987,-3.757,1.270,-0.661
2025-12-05T03:26:02.447667,-0.987,-3.757,1.270,-0.661
2025-12-05T03:26:02.463164,-0.987,-3.757,1.270,-0.661
2025-12-05T03:26:02.482787,-0.987,-3.757,1.270,-0.661
2025-12-05T03:26:02.501010,-0.987,-3.757,1.270,-0.661
2025-12-05T03:26:02.521338,-0.987,-3.757,1.270,-0.661
2025-12-05T03:26:02.537112,-0.987,-3.757,1.270,-0.661
2025-12-05T03:26:02.550985,-0.987,-3.757,1.270,-0.661
2025-12-05T03:26:02.567981,-0.987,-3.757,1.270,-0.661
2025-12-05T03:26:02.583294,-0.987,-3.757,1.270,-0.661
2025-12-05T03:26:02.598058,-0.987,-3.757,1.270,-0.661
2025-12-05T03:26:02.616075,-0.987,-3.757,1.270,-0.661
2025-12-05T03:26:02.629959,-0.987,-3.757,1.270,-0.661
2025-12-05T03:26:02.644882,-0.987,-3.757,1.270,-0.661
2025-12-05T03:26:02.659734,-0.987,-3.757,1.270,-0.661
2025-12-05T03:26:02.677065,-0.987,-3.757,1.270,-0.661
2025-12-05T03:26:02.693916,-0.987,-3.757,1.270,-0.661
2025-12-05T03:26:02.711495,-0.987,-3.757,1.270,-0.661
2025-12-05T03:26:02.727158,-0.987,-3.757,1.270,-0.661
2025-12-05T03:26:02.744626,-0.987,-3.757,1.270,-0.661
2025-12-05T03:26:02.763792,-0.987,-3.757,1.270,-0.661
2025-12-05T03:26:02.783223,-0.987,-3.757,1.270,-0.661
2025-12-05T03:26:02.797798,-0.987,-3.757,1.270,-0.661
2025-12-05T03:26:02.814846,-0.987,-3.757,1.270,-0.661
2025-12-05T03:26:02.831540,-0.987,-3.757,1.270,-0.661
2025-12-05T03:26:02.848181,-0.987,-3.757,1.270,-0.661
2025-12-05T03:26:02.865795,-0.987,-3.757,1.270,-0.661
2025-12-05T03:26:02.880552,-0.987,-3.757,1.270,-0.661
2025-12-05T03:26:02.894506,-0.987,-3.757,1.270,-0.661
2025-12-05T03:26:02.909503,-0.987,-3.757,1.270,-0.661
2025-12-05T03:26:02.925306,-0.987,-3.757,1.270,-0.661
2025-12-05T03:26:02.941147,-0.987,-3.757,1.270,-0.661
2025-12-05T03:26:02.956923,-0.987,-3.757,1.270,-0.661
2025-12-05T03:26:02.972715,-0.987,-3.757,1.270,-0.661
2025-12-05T03:26:02.990136,-0.987,-3.757,1.270,-0.661
2025-12-05T03:26:03.005792,-0.987,-3.757,1.270,-0.661
2025-12-05T03:26:03.024356,-0.987,-3.757,1.270,-0.661
2025-12-05T03:26:03.044057,-0.987,-3.757,1.270,-0.661
2025-12-05T03:26:03.062715,-0.987,-3.757,1.270,-0.661
2025-12-05T03:26:03.081509,-0.987,-3.757,1.270,-0.661
2025-12-05T03:26:03.096564,-0.987,-3.757,1.270,-0.661
2025-12-05T03:26:03.114953,-0.987,-3.757,1.270,-0.661
2025-12-05T03:26:03.130574,-0.987,-3.757,1.270,-0.661
2025-12-05T03:26:03.146713,-0.987,-3.757,1.270,-0.661
2025-12-05T03:26:03.161704,-0.987,-3.757,1.270,-0.661
2025-12-05T03:26:03.178013,-0.987,-3.757,1.270,-0.661
2025-12-05T03:26:03.192804,-0.987,-3.757,1.270,-0.661
2025-12-05T03:26:03.207048,-0.987,-3.757,1.270,-0.661
2025-12-05T03:26:03.223233,-0.987,-3.757,1.270,-0.661
2025-12-05T03:26:03.239505,-0.987,-3.757,1.270,-0.661
2025-12-05T03:26:03.255953,-0.987,-3.757,1.270,-0.661
2025-12-05T03:26:03.272375,-0.987,-3.757,1.270,-0.661
2025-12-05T03:26:03.290126,-0.987,-3.757,1.270,-0.661
2025-12-05T03:26:03.308076,-0.987,-3.757,1.270,-0.661
2025-12-05T03:26:03.325727,-0.987,-3.757,1.270,-0.661
2025-12-05T03:26:03.345543,-0.987,-3.757,1.270,-0.661
