timestamp,x,y,z,orientation_z
2025-12-05T03:06:39.586358,0.000,5.000,1.270,0.000
2025-12-05T03:06:39.615891,0.000,5.000,1.270,0.000
2025-12-05T03:06:39.646598,0.000,5.000,1.270,0.000
2025-12-05T03:06:39.674631,0.000,5.000,1.270,0.000
2025-12-05T03:06:39.709235,0.000,5.000,1.270,0.000
2025-12-05T03:06:39.737460,0.000,5.000,1.270,0.000
2025-12-05T03:06:39.769292,0.000,5.000,1.270,0.000
2025-12-05T03:06:39.806036,0.000,5.000,1.270,0.000
2025-12-05T03:06:39.838573,0.000,5.000,1.270,0.000
2025-12-05T03:06:39.871852,0.000,5.000,1.270,0.000
2025-12-05T03:06:39.903038,0.000,5.000,1.270,0.000
2025-12-05T03:06:39.932915,0.000,5.000,1.270,0.000
2025-12-05T03:06:39.968228,0.000,5.000,1.270,0.000
2025-12-05T03:06:40.000102,0.000,5.000,1.270,0.000
2025-12-05T03:06:40.030334,0.000,5.000,1.270,0.000
2025-12-05T03:06:40.065035,0.000,5.000,1.270,0.000
2025-12-05T03:06:40.096573,0.000,5.000,1.270,0.000
2025-12-05T03:06:40.130625,0.000,5.000,1.270,0.000
2025-12-05T03:06:40.161863,0.000,5.000,1.270,0.000
2025-12-05T03:06:40.191140,0.000,5.000,1.270,0.000
2025-12-05T03:06:40.222987,0.000,5.000,1.270,0.000
2025-12-05T03:06:40.257113,0.000,5.000,1.270,0.000
2025-12-05T03:06:40.291178,0.000,5.000,1.270,0.000
2025-12-05T03:06:40.325568,0.000,5.000,1.270,0.000
2025-12-05T03:06:40.360308,0.000,5.000,1.270,0.000
2025-12-05T03:06:40.392537,0.000,5.000,1.270,0.000
2025-12-05T03:06:40.421902,0.000,5.000,1.270,0.000
2025-12-05T03:06:40.456649,0.000,5.000,1.270,0.000
2025-12-05T03:06:40.488915,0.000,5.000,1.270,0.000
2025-12-05T03:06:40.520150,0.000,5.000,1.270,0.000
2025-12-05T03:06:40.552275,0.000,5.000,1.270,0.000
2025-12-05T03:06:40.585294,0.000,5.000,1.270,0.000
2025-12-05T03:06:40.617258,0.000,5.000,1.270,0.000
2025-12-05T03:06:40.651753,0.000,5.000,1.270,0.000
2025-12-05T03:06:40.684222,0.000,5.000,1.270,0.000
2025-12-05T03:06:40.717371,0.000,5.000,1.270,0.000
2025-12-05T03:06:40.746961,0.000,5.000,1.270,0.000
2025-12-05T03:06:40.777867,0.000,5.000,1.270,0.000
2025-12-05T03:06:40.815541,0.000,5.000,1.270,0.000
2025-12-05T03:06:40.838352,0.000,5.000,1.270,0.000
2025-12-05T03:06:40.871486,0.000,5.000,1.270,0.000
2025-12-05T03:06:40.905441,0.000,5.000,1.270,0.000
2025-12-05T03:06:40.940397,0.000,5.000,1.270,0.000
2025-12-05T03:06:40.972713,0.000,5.000,1.270,0.000
2025-12-05T03:06:41.007724,0.000,5.000,1.270,0.000
2025-12-05T03:06:41.040549,0.000,5.000,1.270,0.000
2025-12-05T03:06:41.072604,0.000,5.000,1.270,0.000
2025-12-05T03:06:41.103409,0.000,5.000,1.270,0.000
2025-12-05T03:06:41.132665,0.000,5.000,1.270,0.000
2025-12-05T03:06:41.165289,0.000,5.000,1.270,0.000
2025-12-05T03:06:41.197405,0.000,5.000,1.270,0.000
2025-12-05T03:06:41.232965,0.000,5.000,1.270,0.000
2025-12-05T03:06:41.266281,0.000,5.000,1.270,0.000
2025-12-05T03:06:41.297903,0.000,5.000,1.270,0.000
2025-12-05T03:06:41.331317,0.000,5.000,1.270,0.000
2025-12-05T03:06:41.363070,0.000,5.000,1.270,0.000
2025-12-05T03:06:41.395986,0.000,5.000,1.270,0.000
2025-12-05T03:06:41.426478,0.000,5.000,1.270,0.000
2025-12-05T03:06:41.459919,0.000,5.000,1.270,0.000
2025-12-05T03:06:41.492440,0.000,5.000,1.270,0.000
2025-12-05T03:06:41.525843,0.000,5.000,1.270,0.000
2025-12-05T03:06:41.560238,0.000,5.000,1.270,0.000
2025-12-05T03:06:41.599371,0.000,5.000,1.270,0.000
2025-12-05T03:06:41.621108,0.000,5.000,1.270,0.000
2025-12-05T03:06:41.655699,0.000,5.000,1.270,0.000
2025-12-05T03:06:41.686071,0.000,5.000,1.270,0.000
2025-12-05T03:06:41.719854,0.000,5.000,1.270,0.000
2025-12-05T03:06:41.752834,0.000,5.000,1.270,0.000
2025-12-05T03:06:41.783800,0.000,5.000,1.270,0.000
2025-12-05T03:06:41.815353,0.000,5.000,1.270,0.000
2025-12-05T03:06:41.846852,0.000,5.000,1.270,0.000
2025-12-05T03:06:41.882863,0.000,5.000,1.270,0.000
2025-12-05T03:06:41.913655,0.000,5.000,1.270,0.000
2025-12-05T03:06:41.947483,0.000,5.000,1.270,0.000
2025-12-05T03:06:41.982298,0.000,5.000,1.270,0.000
2025-12-05T03:06:42.017042,0.000,5.000,1.270,0.000
2025-12-05T03:06:42.047496,0.000,5.000,1.270,0.000
2025-12-05T03:06:42.078627,0.000,5.000,1.270,0.000
2025-12-05T03:06:42.108266,0.000,5.000,1.270,0.000
2025-12-05T03:06:42.139707,0.000,5.000,1.270,0.000
2025-12-05T03:06:42.171704,0.000,5.000,1.270,0.000
2025-12-05T03:06:42.201854,0.000,5.000,1.270,0.000
2025-12-05T03:06:42.232096,0.000,5.000,1.270,0.000
2025-12-05T03:06:42.269720,0.000,5.000,1.270,0.000
2025-12-05T03:06:42.306586,0.000,5.000,1.270,0.000
2025-12-05T03:06:42.339026,0.000,5.000,1.270,0.000
2025-12-05T03:06:42.372275,0.000,5.000,1.270,0.000
2025-12-05T03:06:42.407290,0.000,5.000,1.270,0.000
2025-12-05T03:06:42.439186,0.000,5.000,1.270,0.000
2025-12-05T03:06:42.472319,0.000,5.000,1.270,0.000
2025-12-05T03:06:42.503352,0.000,5.000,1.270,0.000
2025-12-05T03:06:42.531520,0.000,5.000,1.270,0.000
2025-12-05T03:06:42.563813,0.000,5.000,1.270,0.000
2025-12-05T03:06:42.593955,0.000,5.000,1.270,0.000
2025-12-05T03:06:42.628546,0.000,5.000,1.270,0.000
2025-12-05T03:06:42.659640,0.000,5.000,1.270,0.000
2025-12-05T03:06:42.691148,0.000,5.000,1.270,0.000
2025-12-05T03:06:42.728225,0.000,5.000,1.270,0.000
2025-12-05T03:06:42.758328,0.000,5.000,1.270,0.000
2025-12-05T03:06:42.789386,0.000,5.000,1.270,0.000
2025-12-05T03:06:42.821630,0.000,5.000,1.270,0.000
2025-12-05T03:06:42.853202,0.000,5.000,1.270,0.000
2025-12-05T03:06:42.884990,0.000,5.000,1.270,0.000
2025-12-05T03:06:42.918854,0.000,5.000,1.270,0.000
2025-12-05T03:06:42.950262,0.000,5.000,1.270,0.000
2025-12-05T03:06:42.983559,0.000,5.000,1.270,0.000
2025-12-05T03:06:43.020071,0.000,5.000,1.270,0.000
2025-12-05T03:06:43.053596,0.000,5.000,1.270,0.000
2025-12-05T03:06:43.087076,0.000,5.000,1.270,0.000
2025-12-05T03:06:43.119370,0.000,5.000,1.270,0.000
2025-12-05T03:06:43.151582,0.000,5.000,1.270,0.000
2025-12-05T03:06:43.181943,0.000,5.000,1.270,0.000
2025-12-05T03:06:43.211408,0.000,5.000,1.270,0.000
2025-12-05T03:06:43.243272,0.000,5.000,1.270,0.000
2025-12-05T03:06:43.275619,0.000,5.000,1.270,0.000
2025-12-05T03:06:43.309311,0.000,5.000,1.270,0.000
2025-12-05T03:06:43.340536,0.000,5.000,1.270,0.000
2025-12-05T03:06:43.374416,0.000,5.000,1.270,0.000
2025-12-05T03:06:43.632855,0.000,5.000,1.270,0.000
2025-12-05T03:06:43.673038,0.000,5.000,1.270,0.000
2025-12-05T03:06:43.703728,0.000,5.000,1.270,0.000
2025-12-05T03:06:43.732944,0.000,5.000,1.270,0.000
2025-12-05T03:06:43.761854,0.000,5.000,1.270,0.000
2025-12-05T03:06:43.786444,0.000,5.000,1.270,0.000
2025-12-05T03:06:43.815453,0.000,5.000,1.270,0.000
2025-12-05T03:06:43.844285,0.000,5.000,1.270,0.000
2025-12-05T03:06:43.874773,0.000,5.000,1.270,0.000
2025-12-05T03:06:43.907496,0.000,5.000,1.270,0.000
2025-12-05T03:06:43.931549,0.000,5.000,1.270,0.000
2025-12-05T03:06:43.966202,0.000,5.000,1.270,0.000
2025-12-05T03:06:43.999423,0.000,5.000,1.270,0.000
2025-12-05T03:06:44.033537,0.000,5.000,1.270,0.000
2025-12-05T03:06:44.067881,0.000,5.000,1.270,0.000
2025-12-05T03:06:44.099792,0.000,5.000,1.270,0.000
2025-12-05T03:06:44.133366,0.000,5.000,1.270,0.000
2025-12-05T03:06:44.164358,0.000,5.000,1.270,0.000
2025-12-05T03:06:44.194090,0.000,5.000,1.270,0.000
2025-12-05T03:06:44.226896,0.000,5.000,1.270,0.000
2025-12-05T03:06:44.258228,0.000,5.000,1.270,0.000
2025-12-05T03:06:44.291122,0.000,5.000,1.270,0.000
2025-12-05T03:06:44.326192,0.000,5.000,1.270,0.000
2025-12-05T03:06:44.357333,0.000,5.000,1.270,0.000
2025-12-05T03:06:44.389148,0.000,5.000,1.270,0.000
2025-12-05T03:06:44.422662,0.000,5.000,1.270,0.000
2025-12-05T03:06:44.455623,0.000,5.000,1.270,0.000
2025-12-05T03:06:44.483999,0.000,5.000,1.270,0.000
2025-12-05T03:06:44.518862,0.000,5.000,1.270,0.000
2025-12-05T03:06:44.549999,0.000,5.000,1.270,0.000
2025-12-05T03:06:44.583773,0.000,5.000,1.270,0.000
2025-12-05T03:06:44.620874,0.000,5.000,1.270,0.000
2025-12-05T03:06:44.652228,0.000,5.000,1.270,0.000
2025-12-05T03:06:44.683794,0.000,5.000,1.270,0.000
2025-12-05T03:06:44.716038,0.000,5.000,1.270,0.000
2025-12-05T03:06:44.746521,0.000,5.000,1.270,0.000
2025-12-05T03:06:44.777750,0.000,5.000,1.270,0.000
2025-12-05T03:06:44.809505,0.000,5.000,1.270,0.000
2025-12-05T03:06:44.840374,0.000,5.000,1.270,0.000
2025-12-05T03:06:44.880059,0.000,5.000,1.270,0.000
2025-12-05T03:06:44.909576,0.000,5.000,1.270,0.000
2025-12-05T03:06:44.941826,0.000,5.000,1.270,0.000
2025-12-05T03:06:44.974805,0.000,5.000,1.270,0.000
2025-12-05T03:06:45.008311,0.000,5.000,1.270,0.000
2025-12-05T03:06:45.038492,0.000,5.000,1.270,0.000
2025-12-05T03:06:45.070358,0.000,5.000,1.270,0.000
2025-12-05T03:06:45.103171,0.000,5.000,1.270,0.000
2025-12-05T03:06:45.136246,0.000,5.000,1.270,0.000
2025-12-05T03:06:45.171701,0.000,5.000,1.270,0.000
2025-12-05T03:06:45.208687,0.000,5.000,1.270,0.000
2025-12-05T03:06:45.241266,0.000,5.000,1.270,0.000
2025-12-05T03:06:45.274761,0.000,5.000,1.270,0.000
2025-12-05T03:06:45.307351,0.000,5.000,1.270,0.000
2025-12-05T03:06:45.337028,0.000,5.000,1.270,0.000
2025-12-05T03:06:45.367838,0.000,5.000,1.270,0.000
2025-12-05T03:06:45.429545,0.000,5.000,1.270,0.000
2025-12-05T03:06:45.641968,0.000,5.000,1.270,0.000
2025-12-05T03:06:45.821298,0.000,5.000,1.270,0.000
2025-12-05T03:06:45.926638,0.000,5.000,1.270,0.000
2025-12-05T03:06:45.948555,0.000,5.000,1.270,0.000
2025-12-05T03:06:45.976576,0.000,5.000,1.270,0.000
2025-12-05T03:06:46.007067,0.000,5.000,1.270,0.000
2025-12-05T03:06:46.033044,0.000,5.000,1.270,0.000
2025-12-05T03:06:46.063386,0.000,5.000,1.270,0.000
2025-12-05T03:06:46.092968,0.000,5.000,1.270,0.000
2025-12-05T03:06:46.260678,0.000,5.000,1.270,0.000
2025-12-05T03:06:46.511759,0.000,5.000,1.270,0.000
2025-12-05T03:06:46.885539,0.000,5.000,1.270,0.000
2025-12-05T03:06:46.898361,0.000,5.000,1.270,0.000
2025-12-05T03:06:46.923213,0.000,5.000,1.270,0.000
2025-12-05T03:06:46.944766,0.000,5.000,1.270,0.000
2025-12-05T03:06:46.968591,0.000,5.000,1.270,0.000
2025-12-05T03:06:47.001153,0.000,5.000,1.270,0.000
2025-12-05T03:06:47.024706,0.000,5.000,1.270,0.000
2025-12-05T03:06:47.053019,0.000,5.000,1.270,0.000
2025-12-05T03:06:47.081007,0.000,5.000,1.270,0.000
2025-12-05T03:06:47.109268,0.000,5.000,1.270,0.000
2025-12-05T03:06:47.139793,0.000,5.000,1.270,0.000
2025-12-05T03:06:47.171523,0.000,5.000,1.270,0.000
2025-12-05T03:06:47.202788,0.000,5.000,1.270,0.000
2025-12-05T03:06:47.234171,0.000,5.000,1.270,0.000
2025-12-05T03:06:47.271847,0.000,5.000,1.270,0.000
2025-12-05T03:06:47.308239,0.000,5.000,1.270,0.000
2025-12-05T03:06:47.341238,0.000,5.000,1.270,0.000
2025-12-05T03:06:47.372459,0.000,5.000,1.270,0.000
2025-12-05T03:06:47.401752,0.000,5.000,1.270,0.000
2025-12-05T03:06:47.430968,0.000,5.000,1.270,0.000
2025-12-05T03:06:47.466859,0.000,5.000,1.270,0.000
2025-12-05T03:06:47.497107,0.000,5.000,1.270,0.000
2025-12-05T03:06:47.529105,0.000,5.000,1.270,0.000
2025-12-05T03:06:47.566502,0.000,5.000,1.270,0.000
2025-12-05T03:06:47.605287,0.000,5.000,1.270,0.000
2025-12-05T03:06:47.629837,0.000,5.000,1.270,0.000
2025-12-05T03:06:47.662586,0.000,5.000,1.270,0.000
2025-12-05T03:06:47.691077,0.000,5.000,1.270,0.000
2025-12-05T03:06:47.724602,0.000,5.000,1.270,0.000
2025-12-05T03:06:47.760852,0.000,5.000,1.270,0.000
2025-12-05T03:06:47.792004,0.000,5.000,1.270,0.000
2025-12-05T03:06:47.826987,0.000,5.000,1.270,0.000
2025-12-05T03:06:47.863766,0.000,5.000,1.270,0.000
2025-12-05T03:06:47.893227,0.000,5.000,1.270,0.000
2025-12-05T03:06:47.925161,0.000,5.000,1.270,0.000
2025-12-05T03:06:47.958827,0.000,5.000,1.270,0.000
2025-12-05T03:06:47.993108,0.000,5.000,1.270,0.000
2025-12-05T03:06:48.026390,0.000,5.000,1.270,0.000
2025-12-05T03:06:48.059174,0.000,5.000,1.270,0.000
2025-12-05T03:06:48.087566,0.000,5.000,1.270,0.000
2025-12-05T03:06:48.122550,0.000,5.000,1.270,0.000
2025-12-05T03:06:48.152370,0.000,5.000,1.270,0.000
2025-12-05T03:06:48.184273,0.000,5.000,1.270,0.000
2025-12-05T03:06:48.218762,0.000,5.000,1.270,0.000
2025-12-05T03:06:48.253050,0.000,5.000,1.270,0.000
2025-12-05T03:06:48.285172,0.000,5.000,1.270,0.000
2025-12-05T03:06:48.318496,0.000,5.000,1.270,0.000
2025-12-05T03:06:48.350360,0.000,5.000,1.270,0.000
2025-12-05T03:06:48.377281,0.000,5.000,1.270,0.000
2025-12-05T03:06:48.410983,0.000,5.000,1.270,0.000
2025-12-05T03:06:48.443536,0.000,5.000,1.270,0.000
2025-12-05T03:06:48.472083,0.000,5.000,1.270,0.000
2025-12-05T03:06:48.507726,0.000,5.000,1.270,0.000
2025-12-05T03:06:48.540554,0.000,5.000,1.270,0.000
2025-12-05T03:06:48.573451,0.000,5.000,1.270,0.000
2025-12-05T03:06:48.606856,0.000,5.000,1.270,0.000
2025-12-05T03:06:48.632434,0.000,5.000,1.270,0.000
2025-12-05T03:06:48.663510,0.000,5.000,1.270,0.000
2025-12-05T03:06:48.696701,0.000,5.000,1.270,0.000
2025-12-05T03:06:48.726843,0.000,5.000,1.270,0.000
2025-12-05T03:06:48.765613,0.000,5.000,1.270,0.000
2025-12-05T03:06:48.796134,0.000,5.000,1.270,0.000
2025-12-05T03:06:48.827157,0.000,5.000,1.270,0.000
2025-12-05T03:06:48.859111,0.000,5.000,1.270,0.000
2025-12-05T03:06:48.891193,0.000,5.000,1.270,0.000
2025-12-05T03:06:48.918433,0.000,5.000,1.270,0.000
2025-12-05T03:06:48.954426,0.000,5.000,1.270,0.000
2025-12-05T03:06:48.987198,0.000,5.000,1.270,0.000
2025-12-05T03:06:49.025504,0.000,5.000,1.270,0.000
2025-12-05T03:06:49.059559,0.000,5.000,1.270,0.000
2025-12-05T03:06:49.090036,0.000,5.000,1.270,0.000
2025-12-05T03:06:49.120514,0.000,5.000,1.270,0.000
2025-12-05T03:06:49.153414,0.000,5.000,1.270,0.000
2025-12-05T03:06:49.181519,0.000,5.000,1.270,0.000
2025-12-05T03:06:49.215220,0.000,5.000,1.270,0.000
2025-12-05T03:06:49.245959,0.000,5.000,1.270,0.000
2025-12-05T03:06:49.277027,0.000,5.000,1.270,0.000
2025-12-05T03:06:49.309123,0.000,5.000,1.270,0.000
2025-12-05T03:06:49.341849,0.000,5.000,1.270,0.000
2025-12-05T03:06:49.376117,0.000,5.000,1.270,0.000
2025-12-05T03:06:49.410294,0.000,5.000,1.270,0.000
2025-12-05T03:06:49.440461,0.000,5.000,1.270,0.000
2025-12-05T03:06:49.473227,0.000,5.000,1.270,0.000
2025-12-05T03:06:49.505897,0.000,5.000,1.270,0.000
2025-12-05T03:06:49.536552,0.000,5.000,1.270,0.000
2025-12-05T03:06:49.569663,0.000,5.000,1.270,0.000
2025-12-05T03:06:49.601527,0.000,5.000,1.270,0.000
2025-12-05T03:06:49.633803,0.000,5.000,1.270,0.000
2025-12-05T03:06:49.664890,0.000,5.000,1.270,0.000
2025-12-05T03:06:49.699514,0.000,5.000,1.270,0.000
2025-12-05T03:06:49.730873,0.000,5.000,1.270,0.000
2025-12-05T03:06:49.761035,0.000,5.000,1.270,0.000
2025-12-05T03:06:49.795668,0.000,5.000,1.270,0.000
2025-12-05T03:06:49.827918,0.000,5.000,1.270,0.000
2025-12-05T03:06:49.860292,0.000,5.000,1.270,0.000
2025-12-05T03:06:49.892787,0.000,5.000,1.270,0.000
2025-12-05T03:06:49.927699,0.000,5.000,1.270,0.000
2025-12-05T03:06:49.960049,0.000,5.000,1.270,0.000
2025-12-05T03:06:49.992540,0.000,5.000,1.270,0.000
2025-12-05T03:06:50.023390,0.000,5.000,1.270,0.000
2025-12-05T03:06:50.056316,0.000,5.000,1.270,0.000
2025-12-05T03:06:50.082777,0.000,5.000,1.270,0.000
2025-12-05T03:06:50.118791,0.000,5.000,1.270,0.000
2025-12-05T03:06:50.150780,0.000,5.000,1.270,0.000
2025-12-05T03:06:50.185092,0.000,5.000,1.270,0.000
2025-12-05T03:06:50.223024,0.000,5.000,1.270,0.000
2025-12-05T03:06:50.253830,0.000,5.000,1.270,0.000
2025-12-05T03:06:50.286174,0.000,5.000,1.270,0.000
2025-12-05T03:06:50.319885,0.000,5.000,1.270,0.000
2025-12-05T03:06:50.348266,0.000,5.000,1.270,0.000
2025-12-05T03:06:50.382136,0.000,5.000,1.270,0.000
2025-12-05T03:06:50.416770,0.000,5.000,1.270,0.000
2025-12-05T03:06:50.448375,0.000,5.000,1.270,0.000
2025-12-05T03:06:50.480104,0.000,5.000,1.270,0.000
2025-12-05T03:06:50.510508,0.000,5.000,1.270,0.000
2025-12-05T03:06:50.542186,0.000,5.000,1.270,0.000
2025-12-05T03:06:50.575894,0.000,5.000,1.270,0.000
2025-12-05T03:06:50.605235,0.000,5.000,1.270,0.000
2025-12-05T03:06:50.641563,0.000,5.000,1.270,0.000
2025-12-05T03:06:50.677511,0.000,5.000,1.270,0.000
2025-12-05T03:06:50.704060,0.000,5.000,1.270,0.000
2025-12-05T03:06:50.734584,0.000,5.000,1.270,0.000
2025-12-05T03:06:50.766581,0.000,5.000,1.270,0.000
2025-12-05T03:06:50.798801,0.000,5.000,1.270,0.000
2025-12-05T03:06:50.831162,0.000,5.000,1.270,0.000
2025-12-05T03:06:50.863377,0.000,5.000,1.270,0.000
2025-12-05T03:06:50.895710,0.000,5.000,1.270,0.000
2025-12-05T03:06:50.929569,0.000,5.000,1.270,0.000
2025-12-05T03:06:50.963976,0.000,5.000,1.270,0.000
2025-12-05T03:06:51.001697,0.000,5.000,1.270,0.000
2025-12-05T03:06:51.033771,0.000,5.000,1.270,0.000
2025-12-05T03:06:51.063664,0.000,5.000,1.270,0.000
2025-12-05T03:06:51.093758,0.000,5.000,1.270,0.000
2025-12-05T03:06:51.126125,0.000,5.000,1.270,0.000
2025-12-05T03:06:51.161580,0.000,5.000,1.270,0.000
2025-12-05T03:06:51.197716,0.000,5.000,1.270,0.000
2025-12-05T03:06:51.230336,0.000,5.000,1.270,0.000
2025-12-05T03:06:51.266138,0.000,5.000,1.270,0.000
2025-12-05T03:06:51.296133,0.000,5.000,1.270,0.000
2025-12-05T03:06:51.325710,0.000,5.000,1.270,0.000
2025-12-05T03:06:51.356514,0.000,5.000,1.270,0.000
2025-12-05T03:06:51.387154,0.000,5.000,1.270,0.000
2025-12-05T03:06:51.420046,0.000,5.000,1.270,0.000
2025-12-05T03:06:51.452575,0.000,5.000,1.270,0.000
2025-12-05T03:06:51.486965,0.000,5.000,1.270,0.000
2025-12-05T03:06:51.521456,0.000,5.000,1.270,0.000
2025-12-05T03:06:51.551790,0.000,5.000,1.270,0.000
2025-12-05T03:06:51.586573,0.000,5.000,1.270,0.000
2025-12-05T03:06:51.617794,0.000,5.000,1.270,0.000
2025-12-05T03:06:51.651585,0.000,5.000,1.270,0.000
2025-12-05T03:06:51.680756,0.000,5.000,1.270,0.000
2025-12-05T03:06:51.712750,0.000,5.000,1.270,0.000
2025-12-05T03:06:51.746164,0.000,5.000,1.270,0.000
2025-12-05T03:06:51.784806,0.000,5.000,1.270,0.000
2025-12-05T03:06:51.818004,0.000,5.000,1.270,0.000
2025-12-05T03:06:51.852142,0.000,5.000,1.270,0.000
2025-12-05T03:06:51.879928,0.000,5.000,1.270,0.000
2025-12-05T03:06:51.911824,0.000,5.000,1.270,0.000
2025-12-05T03:06:51.941522,0.000,5.000,1.270,0.000
2025-12-05T03:06:51.971859,0.000,5.000,1.270,0.000
2025-12-05T03:06:52.004157,0.000,5.000,1.270,0.000
2025-12-05T03:06:52.035780,0.000,5.000,1.270,0.000
2025-12-05T03:06:52.073184,0.000,5.000,1.270,0.000
2025-12-05T03:06:52.107413,0.000,5.000,1.270,0.000
2025-12-05T03:06:52.139465,0.000,5.000,1.270,0.000
2025-12-05T03:06:52.169477,0.000,5.000,1.270,0.000
2025-12-05T03:06:52.202182,0.000,5.000,1.270,0.000
2025-12-05T03:06:52.233328,0.000,5.000,1.270,0.000
2025-12-05T03:06:52.266125,0.000,5.000,1.270,0.000
2025-12-05T03:06:52.297949,0.000,5.000,1.270,0.000
2025-12-05T03:06:52.330974,0.000,5.000,1.270,0.000
2025-12-05T03:06:52.362762,0.000,5.000,1.270,0.000
2025-12-05T03:06:52.395472,0.000,5.000,1.270,0.000
2025-12-05T03:06:52.430685,0.000,5.000,1.270,0.000
2025-12-05T03:06:52.463285,0.000,5.000,1.270,0.000
2025-12-05T03:06:52.491044,0.000,5.000,1.270,0.000
2025-12-05T03:06:52.523808,0.000,5.000,1.270,0.000
2025-12-05T03:06:52.558692,0.000,5.000,1.270,0.000
2025-12-05T03:06:52.590882,0.000,5.000,1.270,0.000
2025-12-05T03:06:52.622725,0.000,5.000,1.270,0.000
2025-12-05T03:06:52.658655,0.000,5.000,1.270,0.000
2025-12-05T03:06:52.691733,0.000,5.000,1.270,0.000
2025-12-05T03:06:52.721717,0.000,5.000,1.270,0.000
2025-12-05T03:06:52.750101,0.000,5.000,1.270,0.000
2025-12-05T03:06:52.782394,0.000,5.000,1.270,0.000
2025-12-05T03:06:52.816115,0.000,5.000,1.270,0.000
2025-12-05T03:06:52.851769,0.000,5.000,1.270,0.000
2025-12-05T03:06:52.885173,0.000,5.000,1.270,0.000
2025-12-05T03:06:52.915148,0.000,5.000,1.270,0.000
2025-12-05T03:06:52.944749,0.000,5.000,1.270,0.000
2025-12-05T03:06:52.975330,0.000,5.000,1.270,0.000
2025-12-05T03:06:53.005673,0.000,5.000,1.270,0.000
2025-12-05T03:06:53.040112,0.000,5.000,1.270,0.000
2025-12-05T03:06:53.072593,0.000,5.000,1.270,0.000
2025-12-05T03:06:53.109738,0.000,5.000,1.270,0.000
2025-12-05T03:06:53.143405,0.000,5.000,1.270,0.000
2025-12-05T03:06:53.176858,0.000,5.000,1.270,0.000
2025-12-05T03:06:53.210610,0.000,5.000,1.270,0.000
2025-12-05T03:06:53.241278,0.000,5.000,1.270,0.000
2025-12-05T03:06:53.274350,0.000,5.000,1.270,0.000
2025-12-05T03:06:53.306844,0.000,5.000,1.270,0.000
2025-12-05T03:06:53.335414,0.000,5.000,1.270,0.000
2025-12-05T03:06:53.368573,0.000,5.000,1.270,0.000
2025-12-05T03:06:53.401074,0.000,5.000,1.270,0.000
2025-12-05T03:06:53.433520,0.000,5.000,1.270,0.000
2025-12-05T03:06:53.465568,0.000,5.000,1.270,0.000
2025-12-05T03:06:53.501629,0.000,5.000,1.270,0.000
2025-12-05T03:06:53.533683,0.000,5.000,1.270,0.000
2025-12-05T03:06:53.565530,0.000,5.000,1.270,0.000
2025-12-05T03:06:53.598038,0.000,5.000,1.270,0.000
2025-12-05T03:06:53.626739,0.000,5.000,1.270,0.000
2025-12-05T03:06:53.659481,0.000,5.000,1.270,0.000
2025-12-05T03:06:53.692890,0.000,5.000,1.270,0.000
2025-12-05T03:06:53.725453,0.000,5.000,1.270,0.000
2025-12-05T03:06:53.763169,0.000,5.000,1.270,0.000
2025-12-05T03:06:53.794548,0.000,5.000,1.270,0.000
2025-12-05T03:06:53.827801,0.000,5.000,1.270,0.000
2025-12-05T03:06:53.861604,0.000,5.000,1.270,0.000
2025-12-05T03:06:53.893886,0.000,5.000,1.270,0.000
2025-12-05T03:06:53.920725,0.000,5.000,1.270,0.000
2025-12-05T03:06:53.959518,0.000,5.000,1.270,0.000
2025-12-05T03:06:53.987704,0.000,5.000,1.270,0.000
2025-12-05T03:06:54.018813,0.000,5.000,1.270,0.000
2025-12-05T03:06:54.050446,0.000,5.000,1.270,0.000
2025-12-05T03:06:54.083844,0.000,5.000,1.270,0.000
2025-12-05T03:06:54.115759,0.000,5.000,1.270,0.000
2025-12-05T03:06:54.148038,0.000,5.000,1.270,0.000
2025-12-05T03:06:54.180369,0.000,5.000,1.270,0.000
2025-12-05T03:06:54.218599,0.000,5.000,1.270,0.000
2025-12-05T03:06:54.249955,0.000,5.000,1.270,0.000
2025-12-05T03:06:54.280380,0.000,5.000,1.270,0.000
2025-12-05T03:06:54.312723,0.000,5.000,1.270,0.000
2025-12-05T03:06:54.344661,0.000,5.000,1.270,0.000
2025-12-05T03:06:54.378277,0.000,5.000,1.270,0.000
2025-12-05T03:06:54.410690,0.000,5.000,1.270,0.000
2025-12-05T03:06:54.444840,0.000,5.000,1.270,0.000
2025-12-05T03:06:54.478771,0.000,5.000,1.270,0.000
2025-12-05T03:06:54.510474,0.000,5.000,1.270,0.000
2025-12-05T03:06:54.543106,0.000,5.000,1.270,0.000
2025-12-05T03:06:54.574395,0.000,5.000,1.270,0.000
2025-12-05T03:06:54.605925,0.000,5.000,1.270,0.000
2025-12-05T03:06:54.634835,0.000,5.000,1.270,0.000
2025-12-05T03:06:54.667452,0.000,5.000,1.270,0.000
2025-12-05T03:06:54.702481,0.000,5.000,1.270,0.000
2025-12-05T03:06:54.734521,0.000,5.000,1.270,0.000
2025-12-05T03:06:54.767077,0.000,5.000,1.270,0.000
2025-12-05T03:06:54.799874,0.000,5.000,1.270,0.000
2025-12-05T03:06:54.831561,0.000,5.000,1.270,0.000
2025-12-05T03:06:54.864031,0.000,5.000,1.270,0.000
2025-12-05T03:06:54.897045,0.000,5.000,1.270,0.000
2025-12-05T03:06:54.927156,0.000,5.000,1.270,0.000
2025-12-05T03:06:54.962896,0.000,5.000,1.270,0.000
2025-12-05T03:06:54.992915,0.000,5.000,1.270,0.000
2025-12-05T03:06:55.025290,0.000,5.000,1.270,0.000
2025-12-05T03:06:55.055748,0.000,5.000,1.270,0.000
2025-12-05T03:06:55.085803,0.000,5.000,1.270,0.000
2025-12-05T03:06:55.119468,0.000,5.000,1.270,0.000
2025-12-05T03:06:55.150750,0.000,5.000,1.270,0.000
2025-12-05T03:06:55.183891,0.000,5.000,1.270,0.000
2025-12-05T03:06:55.219926,0.000,5.000,1.270,0.000
2025-12-05T03:06:55.252390,0.000,5.000,1.270,0.000
2025-12-05T03:06:55.283701,0.000,5.000,1.270,0.000
2025-12-05T03:06:55.315882,0.000,5.000,1.270,0.000
2025-12-05T03:06:55.348589,0.000,5.000,1.270,0.000
2025-12-05T03:06:55.378589,0.000,5.000,1.270,0.000
2025-12-05T03:06:55.414057,0.000,5.000,1.270,0.000
2025-12-05T03:06:55.446720,0.000,5.000,1.270,0.000
2025-12-05T03:06:55.480128,0.000,5.000,1.270,0.000
2025-12-05T03:06:55.513294,0.000,5.000,1.270,0.000
2025-12-05T03:06:55.546746,0.000,5.000,1.270,0.000
2025-12-05T03:06:55.578128,0.000,5.000,1.270,0.000
2025-12-05T03:06:55.611169,0.000,5.000,1.270,0.000
2025-12-05T03:06:55.641506,0.000,5.000,1.270,0.000
2025-12-05T03:06:55.678023,0.000,5.000,1.270,0.000
2025-12-05T03:06:55.708888,0.000,5.000,1.270,0.000
2025-12-05T03:06:55.740617,0.000,5.000,1.270,0.000
2025-12-05T03:06:55.774827,0.000,5.000,1.270,0.000
2025-12-05T03:06:55.804610,0.000,5.000,1.270,0.000
2025-12-05T03:06:55.835698,0.000,5.000,1.270,0.000
2025-12-05T03:06:55.868762,0.000,5.000,1.270,0.000
2025-12-05T03:06:55.902166,0.000,5.000,1.270,0.000
2025-12-05T03:06:55.931001,0.000,5.000,1.270,0.000
2025-12-05T03:06:55.963271,0.000,5.000,1.270,0.000
2025-12-05T03:06:56.001812,0.000,5.000,1.270,0.000
2025-12-05T03:06:56.035949,0.000,5.000,1.270,0.000
2025-12-05T03:06:56.070255,0.000,5.000,1.270,0.000
2025-12-05T03:06:56.100574,0.000,5.000,1.270,0.000
2025-12-05T03:06:56.128879,0.000,5.000,1.270,0.000
2025-12-05T03:06:56.159759,0.000,5.000,1.270,0.000
2025-12-05T03:06:56.191480,0.000,5.000,1.270,0.000
2025-12-05T03:06:56.225111,0.000,5.000,1.270,0.000
2025-12-05T03:06:56.258039,0.000,5.000,1.270,0.000
2025-12-05T03:06:56.294516,0.000,5.000,1.270,0.000
2025-12-05T03:06:56.327219,0.000,5.000,1.270,0.000
2025-12-05T03:06:56.361121,0.000,5.000,1.270,0.000
2025-12-05T03:06:56.393686,0.000,5.000,1.270,0.000
2025-12-05T03:06:56.424975,0.000,5.000,1.270,0.000
2025-12-05T03:06:56.457790,0.000,5.000,1.270,0.000
2025-12-05T03:06:56.489919,0.000,5.000,1.270,0.000
2025-12-05T03:06:56.521404,0.000,5.000,1.270,0.000
2025-12-05T03:06:56.554333,0.000,5.000,1.270,0.000
2025-12-05T03:06:56.586263,0.000,5.000,1.270,0.000
2025-12-05T03:06:56.620788,0.000,5.000,1.270,0.000
2025-12-05T03:06:56.653159,0.000,5.000,1.270,0.000
2025-12-05T03:06:56.681995,0.000,5.000,1.270,0.000
2025-12-05T03:06:56.718113,0.000,5.000,1.270,0.000
2025-12-05T03:06:56.749185,0.000,5.000,1.270,0.000
2025-12-05T03:06:56.779594,0.000,5.000,1.270,0.000
2025-12-05T03:06:56.811711,0.000,5.000,1.270,0.000
2025-12-05T03:06:56.844676,0.000,5.000,1.270,0.000
2025-12-05T03:06:56.877332,0.000,5.000,1.270,0.000
2025-12-05T03:06:56.908838,0.000,5.000,1.270,0.000
2025-12-05T03:06:56.942984,0.000,5.000,1.270,0.000
2025-12-05T03:06:56.969609,0.000,5.000,1.270,0.000
2025-12-05T03:06:57.002875,0.000,5.000,1.270,0.000
2025-12-05T03:06:57.035372,0.000,5.000,1.270,0.000
2025-12-05T03:06:57.067354,0.000,5.000,1.270,0.000
2025-12-05T03:06:57.103741,0.000,5.000,1.270,0.000
2025-12-05T03:06:57.138494,0.000,5.000,1.270,0.000
2025-12-05T03:06:57.170506,0.000,5.000,1.270,0.000
2025-12-05T03:06:57.203871,0.000,5.000,1.270,0.000
2025-12-05T03:06:57.230923,0.000,5.000,1.270,0.000
2025-12-05T03:06:57.266890,0.000,5.000,1.270,0.000
2025-12-05T03:06:57.300413,0.000,5.000,1.270,0.000
2025-12-05T03:06:57.331844,0.000,5.000,1.270,0.000
2025-12-05T03:06:57.367102,0.000,5.000,1.270,0.000
2025-12-05T03:06:57.399001,0.000,5.000,1.270,0.000
2025-12-05T03:06:57.430752,0.000,5.000,1.270,0.000
2025-12-05T03:06:57.464347,0.000,5.000,1.270,0.000
2025-12-05T03:06:57.494285,0.000,5.000,1.270,0.000
2025-12-05T03:06:57.525753,0.000,5.000,1.270,0.000
2025-12-05T03:06:57.556996,0.000,5.000,1.270,0.000
2025-12-05T03:06:57.591690,0.000,5.000,1.270,0.000
2025-12-05T03:06:57.624808,0.000,5.000,1.270,0.000
2025-12-05T03:06:57.660114,0.000,5.000,1.270,0.000
2025-12-05T03:06:57.693372,0.000,5.000,1.270,0.000
2025-12-05T03:06:57.725003,0.000,5.000,1.270,0.000
2025-12-05T03:06:57.758445,0.000,5.000,1.270,0.000
2025-12-05T03:06:57.785726,0.000,5.000,1.270,0.000
2025-12-05T03:06:57.816802,0.000,5.000,1.270,0.000
2025-12-05T03:06:57.849913,0.000,5.000,1.270,0.000
2025-12-05T03:06:57.880554,0.000,5.000,1.270,0.000
2025-12-05T03:06:57.916529,0.000,5.000,1.270,0.000
2025-12-05T03:06:57.947754,0.000,5.000,1.270,0.000
2025-12-05T03:06:57.982443,0.000,5.000,1.270,0.000
2025-12-05T03:06:58.010962,0.000,5.000,1.270,0.000
2025-12-05T03:06:58.044224,0.000,5.000,1.270,0.000
2025-12-05T03:06:58.075985,0.000,5.000,1.270,0.000
2025-12-05T03:06:58.111957,0.000,5.000,1.270,0.000
2025-12-05T03:06:58.142869,0.000,5.000,1.270,0.000
2025-12-05T03:06:58.174670,0.000,5.000,1.270,0.000
2025-12-05T03:06:58.205413,0.000,5.000,1.270,0.000
2025-12-05T03:06:58.239582,0.000,5.000,1.270,0.000
2025-12-05T03:06:58.272660,0.000,5.000,1.270,0.000
2025-12-05T03:06:58.303718,0.000,5.000,1.270,0.000
2025-12-05T03:06:58.333206,0.000,5.000,1.270,0.000
2025-12-05T03:06:58.362580,0.000,5.000,1.270,0.000
2025-12-05T03:06:58.395273,0.000,5.000,1.270,0.000
2025-12-05T03:06:58.428331,0.000,5.000,1.270,0.000
2025-12-05T03:06:58.461702,0.000,5.000,1.270,0.000
2025-12-05T03:06:58.495585,0.000,5.000,1.270,0.000
2025-12-05T03:06:58.526736,0.000,5.000,1.270,0.000
2025-12-05T03:06:58.559572,0.000,5.000,1.270,0.000
2025-12-05T03:06:58.593948,0.000,5.000,1.270,0.000
2025-12-05T03:06:58.626980,0.000,5.000,1.270,0.000
2025-12-05T03:06:58.657752,0.000,5.000,1.270,0.000
2025-12-05T03:06:58.688995,0.000,5.000,1.270,0.000
2025-12-05T03:06:58.721924,0.000,5.000,1.270,0.000
2025-12-05T03:06:58.756135,0.000,5.000,1.270,0.000
2025-12-05T03:06:58.787642,0.000,5.000,1.270,0.000
2025-12-05T03:06:58.818995,0.000,5.000,1.270,0.000
2025-12-05T03:06:58.849364,0.000,5.000,1.270,0.000
2025-12-05T03:06:58.882150,0.000,5.000,1.270,0.000
2025-12-05T03:06:58.917565,0.000,5.000,1.270,0.000
2025-12-05T03:06:58.950070,0.000,5.000,1.270,0.000
2025-12-05T03:06:58.982708,0.000,5.000,1.270,0.000
2025-12-05T03:06:59.017910,0.000,5.000,1.270,0.000
2025-12-05T03:06:59.049877,0.000,5.000,1.270,0.000
2025-12-05T03:06:59.083736,0.000,5.000,1.270,0.000
2025-12-05T03:06:59.117894,0.000,5.000,1.270,0.000
2025-12-05T03:06:59.149984,0.000,5.000,1.270,0.000
2025-12-05T03:06:59.177029,0.000,5.000,1.270,0.000
2025-12-05T03:06:59.208764,0.000,5.000,1.270,0.000
2025-12-05T03:06:59.241348,0.000,5.000,1.270,0.000
2025-12-05T03:06:59.272027,0.000,5.000,1.270,0.000
2025-12-05T03:06:59.303003,0.000,5.000,1.270,0.000
2025-12-05T03:06:59.337866,0.000,5.000,1.270,0.000
2025-12-05T03:06:59.371143,0.000,5.000,1.270,0.000
2025-12-05T03:06:59.402644,0.000,5.000,1.270,0.000
2025-12-05T03:06:59.435488,0.000,5.000,1.270,0.000
2025-12-05T03:06:59.467788,0.000,5.000,1.270,0.000
2025-12-05T03:06:59.499208,0.000,5.000,1.270,0.000
2025-12-05T03:06:59.532207,0.000,5.000,1.270,0.000
2025-12-05T03:06:59.570069,0.000,5.000,1.270,0.000
2025-12-05T03:06:59.601738,0.000,5.000,1.270,0.000
2025-12-05T03:06:59.633930,0.000,5.000,1.270,0.000
2025-12-05T03:06:59.664603,0.000,5.000,1.270,0.000
2025-12-05T03:06:59.694580,0.000,5.000,1.270,0.000
2025-12-05T03:06:59.728076,0.000,5.000,1.270,0.000
2025-12-05T03:06:59.761779,0.000,5.000,1.270,0.000
2025-12-05T03:06:59.795768,0.000,5.000,1.270,0.000
2025-12-05T03:06:59.826576,0.000,5.000,1.270,0.000
2025-12-05T03:06:59.859785,0.000,5.000,1.270,0.000
2025-12-05T03:06:59.892835,0.000,5.000,1.270,0.000
2025-12-05T03:06:59.926097,0.000,5.000,1.270,0.000
2025-12-05T03:06:59.960385,0.000,5.000,1.270,0.000
2025-12-05T03:06:59.984568,0.000,5.000,1.270,0.000
2025-12-05T03:07:00.016111,0.000,5.000,1.270,0.000
2025-12-05T03:07:00.048196,0.000,5.000,1.270,0.000
2025-12-05T03:07:00.078217,0.000,5.000,1.270,0.000
2025-12-05T03:07:00.110499,0.000,5.000,1.270,0.000
2025-12-05T03:07:00.143354,0.000,5.000,1.270,0.000
2025-12-05T03:07:00.180684,0.000,5.000,1.270,0.000
2025-12-05T03:07:00.217297,0.000,5.000,1.270,0.000
2025-12-05T03:07:00.251213,0.000,5.000,1.270,0.000
2025-12-05T03:07:00.284058,0.000,5.000,1.270,0.000
2025-12-05T03:07:00.318078,0.000,5.000,1.270,0.000
2025-12-05T03:07:00.349627,0.000,5.000,1.270,0.000
2025-12-05T03:07:00.376792,0.000,5.000,1.270,0.000
2025-12-05T03:07:00.407899,0.000,5.000,1.270,0.000
2025-12-05T03:07:00.437593,0.000,5.000,1.270,0.000
2025-12-05T03:07:00.469528,0.000,5.000,1.270,0.000
2025-12-05T03:07:00.501941,0.000,5.000,1.270,0.000
2025-12-05T03:07:00.535743,0.000,5.000,1.270,0.000
2025-12-05T03:07:00.574600,0.000,5.000,1.270,0.000
2025-12-05T03:07:00.606333,0.000,5.000,1.270,0.000
2025-12-05T03:07:00.638602,0.000,5.000,1.270,0.000
2025-12-05T03:07:00.668291,0.000,5.000,1.270,0.000
2025-12-05T03:07:00.703831,0.000,5.000,1.270,0.000
2025-12-05T03:07:00.734752,0.000,5.000,1.270,0.000
2025-12-05T03:07:00.763331,0.000,5.000,1.270,0.000
2025-12-05T03:07:00.792936,0.000,5.000,1.270,0.000
2025-12-05T03:07:00.829888,0.000,5.000,1.270,0.000
2025-12-05T03:07:00.864112,0.000,5.000,1.270,0.000
2025-12-05T03:07:00.901584,0.000,5.000,1.270,0.000
2025-12-05T03:07:00.933057,0.000,5.000,1.270,0.000
2025-12-05T03:07:00.966605,0.000,5.000,1.270,0.000
2025-12-05T03:07:00.997221,0.000,5.000,1.270,0.000
2025-12-05T03:07:01.028607,0.000,5.000,1.270,0.000
2025-12-05T03:07:01.061225,0.000,5.000,1.270,0.000
2025-12-05T03:07:01.094390,0.000,5.000,1.270,0.000
2025-12-05T03:07:01.126593,0.000,5.000,1.270,0.000
2025-12-05T03:07:01.160617,0.000,5.000,1.270,0.000
2025-12-05T03:07:01.192911,0.000,5.000,1.270,0.000
2025-12-05T03:07:01.225514,0.000,5.000,1.270,0.000
2025-12-05T03:07:01.258602,0.000,5.000,1.270,0.000
2025-12-05T03:07:01.285491,0.000,5.000,1.270,0.000
2025-12-05T03:07:01.318365,0.000,5.000,1.270,0.000
2025-12-05T03:07:01.354075,0.000,5.000,1.270,0.000
2025-12-05T03:07:01.385855,0.000,5.000,1.270,0.000
2025-12-05T03:07:01.422210,0.000,5.000,1.270,0.000
2025-12-05T03:07:01.448901,0.000,5.000,1.270,0.000
2025-12-05T03:07:01.483677,0.000,5.000,1.270,0.000
2025-12-05T03:07:01.515559,0.000,5.000,1.270,0.000
2025-12-05T03:07:01.547666,0.000,5.000,1.270,0.000
2025-12-05T03:07:01.579454,0.000,5.000,1.270,0.000
2025-12-05T03:07:01.612817,0.000,5.000,1.270,0.000
2025-12-05T03:07:01.645614,0.000,5.000,1.270,0.000
2025-12-05T03:07:01.678577,0.000,5.000,1.270,0.000
2025-12-05T03:07:01.710310,0.000,5.000,1.270,0.000
2025-12-05T03:07:01.744022,0.000,5.000,1.270,0.000
2025-12-05T03:07:01.776437,0.000,5.000,1.270,0.000
2025-12-05T03:07:01.808058,0.000,5.000,1.270,0.000
2025-12-05T03:07:01.842374,0.000,5.000,1.270,0.000
2025-12-05T03:07:01.873442,0.000,5.000,1.270,0.000
2025-12-05T03:07:01.908142,0.000,5.000,1.270,0.000
2025-12-05T03:07:01.939716,0.000,5.000,1.270,0.000
2025-12-05T03:07:01.975114,0.000,5.000,1.270,0.000
2025-12-05T03:07:02.007899,0.000,5.000,1.270,0.000
2025-12-05T03:07:02.035594,0.000,5.000,1.270,0.000
2025-12-05T03:07:02.067629,0.000,5.000,1.270,0.000
2025-12-05T03:07:02.102668,0.000,5.000,1.270,0.000
2025-12-05T03:07:02.132019,0.000,5.000,1.270,0.000
2025-12-05T03:07:02.165789,0.000,5.000,1.270,0.000
2025-12-05T03:07:02.201335,0.000,5.000,1.270,0.000
2025-12-05T03:07:02.232563,0.000,5.000,1.270,0.000
2025-12-05T03:07:02.265427,0.000,5.000,1.270,0.000
2025-12-05T03:07:02.296724,0.000,5.000,1.270,0.000
2025-12-05T03:07:02.327497,0.000,5.000,1.270,0.000
2025-12-05T03:07:02.355296,0.000,5.000,1.270,0.000
2025-12-05T03:07:02.387866,0.000,5.000,1.270,0.000
2025-12-05T03:07:02.420347,0.000,5.000,1.270,0.000
2025-12-05T03:07:02.451944,0.000,5.000,1.270,0.000
2025-12-05T03:07:02.497848,0.000,5.000,1.270,0.000
2025-12-05T03:07:02.518641,0.000,5.000,1.270,0.000
2025-12-05T03:07:02.550525,0.000,5.000,1.270,0.000
2025-12-05T03:07:02.583776,0.000,5.000,1.270,0.000
2025-12-05T03:07:02.614743,0.000,5.000,1.270,0.000
2025-12-05T03:07:02.648054,0.000,5.000,1.270,0.000
2025-12-05T03:07:02.679693,0.000,5.000,1.270,0.000
2025-12-05T03:07:02.713198,0.000,5.000,1.270,0.000
2025-12-05T03:07:02.741973,0.000,5.000,1.270,0.000
2025-12-05T03:07:02.774911,0.000,5.000,1.270,0.000
2025-12-05T03:07:02.811295,0.000,5.000,1.270,0.000
2025-12-05T03:07:02.846300,0.000,5.000,1.270,0.000
2025-12-05T03:07:02.881726,0.000,5.000,1.270,0.000
2025-12-05T03:07:02.918436,0.000,5.000,1.270,0.000
2025-12-05T03:07:02.948492,0.000,5.000,1.270,0.000
2025-12-05T03:07:02.979822,0.000,5.000,1.270,0.000
2025-12-05T03:07:03.013558,0.000,5.000,1.270,0.000
2025-12-05T03:07:03.042474,0.000,5.000,1.270,0.000
2025-12-05T03:07:03.072031,0.000,5.000,1.270,0.000
2025-12-05T03:07:03.104470,0.000,5.000,1.270,0.000
2025-12-05T03:07:03.135926,0.000,5.000,1.270,0.000
2025-12-05T03:07:03.170782,0.000,5.000,1.270,0.000
2025-12-05T03:07:03.205155,0.000,5.000,1.270,0.000
2025-12-05T03:07:03.236621,0.000,5.000,1.270,0.000
2025-12-05T03:07:03.270042,0.000,5.000,1.270,0.000
2025-12-05T03:07:03.301612,0.000,5.000,1.270,0.000
2025-12-05T03:07:03.331906,0.000,5.000,1.270,0.000
2025-12-05T03:07:03.365344,0.000,5.000,1.270,0.000
2025-12-05T03:07:03.397346,0.000,5.000,1.270,0.000
2025-12-05T03:07:03.427223,0.000,5.000,1.270,0.000
2025-12-05T03:07:03.461608,0.000,5.000,1.270,0.000
2025-12-05T03:07:03.495473,0.000,5.000,1.270,0.000
2025-12-05T03:07:03.528366,0.000,5.000,1.270,0.000
2025-12-05T03:07:03.563858,0.000,5.000,1.270,0.000
2025-12-05T03:07:03.595565,0.000,5.000,1.270,0.000
2025-12-05T03:07:03.623897,0.000,5.000,1.270,0.000
2025-12-05T03:07:03.664267,0.000,5.000,1.270,0.000
2025-12-05T03:07:03.687131,0.000,5.000,1.270,0.000
2025-12-05T03:07:03.719006,0.000,5.000,1.270,0.000
2025-12-05T03:07:03.750754,0.000,5.000,1.270,0.000
2025-12-05T03:07:03.786848,0.000,5.000,1.270,0.000
2025-12-05T03:07:03.820743,0.000,5.000,1.270,0.000
2025-12-05T03:07:03.852919,0.000,5.000,1.270,0.000
2025-12-05T03:07:03.884772,0.000,5.000,1.270,0.000
2025-12-05T03:07:03.915228,0.000,5.000,1.270,0.000
2025-12-05T03:07:03.950167,0.000,5.000,1.270,0.000
2025-12-05T03:07:03.983081,0.000,5.000,1.270,0.000
2025-12-05T03:07:04.015694,0.000,5.000,1.270,0.000
2025-12-05T03:07:04.044675,0.000,5.000,1.270,0.000
2025-12-05T03:07:04.076292,0.000,5.000,1.270,0.000
2025-12-05T03:07:04.110017,0.000,5.000,1.270,0.000
2025-12-05T03:07:04.142733,0.000,5.000,1.270,0.000
2025-12-05T03:07:04.176785,0.000,5.000,1.270,0.000
2025-12-05T03:07:04.209015,0.000,5.000,1.270,0.000
2025-12-05T03:07:04.241913,0.000,5.000,1.270,0.000
2025-12-05T03:07:04.274024,0.000,5.000,1.270,0.000
2025-12-05T03:07:04.306039,0.000,5.000,1.270,0.000
2025-12-05T03:07:04.336394,0.000,5.000,1.270,0.000
2025-12-05T03:07:04.368597,0.000,5.000,1.270,0.000
2025-12-05T03:07:04.404961,0.000,5.000,1.270,0.000
2025-12-05T03:07:04.436635,0.000,5.000,1.270,0.000
2025-12-05T03:07:04.469896,0.000,5.000,1.270,0.000
2025-12-05T03:07:04.501846,0.000,5.000,1.270,0.000
2025-12-05T03:07:04.533831,0.000,5.000,1.270,0.000
2025-12-05T03:07:04.564754,0.000,5.000,1.270,0.000
2025-12-05T03:07:04.597646,0.000,5.000,1.270,0.000
2025-12-05T03:07:04.630164,0.000,5.000,1.270,0.000
2025-12-05T03:07:04.664085,0.000,5.000,1.270,0.000
2025-12-05T03:07:04.697408,0.000,5.000,1.270,0.000
2025-12-05T03:07:04.730102,0.000,5.000,1.270,0.000
2025-12-05T03:07:04.763147,0.000,5.000,1.270,0.000
2025-12-05T03:07:04.794229,0.000,5.000,1.270,0.000
2025-12-05T03:07:04.824475,0.000,5.000,1.270,0.000
2025-12-05T03:07:04.860132,0.000,5.000,1.270,0.000
2025-12-05T03:07:04.891370,0.000,5.000,1.270,0.000
2025-12-05T03:07:04.924358,0.000,5.000,1.270,0.000
2025-12-05T03:07:04.960741,0.000,5.000,1.270,0.000
2025-12-05T03:07:04.991109,0.000,5.000,1.270,0.000
2025-12-05T03:07:05.021254,0.000,5.000,1.270,0.000
2025-12-05T03:07:05.056044,0.000,5.000,1.270,0.000
2025-12-05T03:07:05.085370,0.000,5.000,1.270,0.000
2025-12-05T03:07:05.119524,0.000,5.000,1.270,0.000
2025-12-05T03:07:05.150583,0.000,5.000,1.270,0.000
2025-12-05T03:07:05.183818,0.000,5.000,1.270,0.000
2025-12-05T03:07:05.217638,0.000,5.000,1.270,0.000
2025-12-05T03:07:05.254338,0.000,5.000,1.270,0.000
2025-12-05T03:07:05.285447,0.000,5.000,1.270,0.000
2025-12-05T03:07:05.318730,0.000,5.000,1.270,0.000
2025-12-05T03:07:05.353764,0.000,5.000,1.270,0.000
2025-12-05T03:07:05.380787,0.000,5.000,1.270,0.000
2025-12-05T03:07:05.411674,0.000,5.000,1.270,0.000
2025-12-05T03:07:05.443782,0.000,5.000,1.270,0.000
2025-12-05T03:07:05.475833,0.000,5.000,1.270,0.000
2025-12-05T03:07:05.510092,0.000,5.000,1.270,0.000
2025-12-05T03:07:05.541991,0.000,5.000,1.270,0.000
2025-12-05T03:07:05.576497,0.000,5.000,1.270,0.000
2025-12-05T03:07:05.610614,0.000,5.000,1.270,0.000
2025-12-05T03:07:05.644723,0.000,5.000,1.270,0.000
2025-12-05T03:07:05.674316,0.000,5.000,1.270,0.000
2025-12-05T03:07:05.704643,0.000,5.000,1.270,0.000
2025-12-05T03:07:05.731959,0.000,5.000,1.270,0.000
2025-12-05T03:07:05.762932,0.000,5.000,1.270,0.000
2025-12-05T03:07:05.795108,0.000,5.000,1.270,0.000
2025-12-05T03:07:05.827902,0.000,5.000,1.270,0.000
2025-12-05T03:07:05.863518,0.000,5.000,1.270,0.000
2025-12-05T03:07:05.895518,0.000,5.000,1.270,0.000
2025-12-05T03:07:05.930651,0.000,5.000,1.270,0.000
2025-12-05T03:07:05.965989,0.000,5.000,1.270,0.000
2025-12-05T03:07:05.996460,0.000,5.000,1.270,0.000
2025-12-05T03:07:06.024901,0.000,5.000,1.270,0.000
2025-12-05T03:07:06.057746,0.000,5.000,1.270,0.000
2025-12-05T03:07:06.089579,0.000,5.000,1.270,0.000
2025-12-05T03:07:06.122123,0.000,5.000,1.270,0.000
2025-12-05T03:07:06.158440,0.000,5.000,1.270,0.000
2025-12-05T03:07:06.190928,0.000,5.000,1.270,0.000
2025-12-05T03:07:06.219900,0.000,5.000,1.270,0.000
2025-12-05T03:07:06.252813,0.000,5.000,1.270,0.000
2025-12-05T03:07:06.283201,0.000,5.000,1.270,0.000
2025-12-05T03:07:06.312086,0.000,5.000,1.270,0.000
2025-12-05T03:07:06.341729,0.000,5.000,1.270,0.000
2025-12-05T03:07:06.375504,0.000,5.000,1.270,0.000
2025-12-05T03:07:06.409913,0.000,5.000,1.270,0.000
2025-12-05T03:07:06.444373,0.000,5.000,1.270,0.000
2025-12-05T03:07:06.476941,0.000,5.000,1.270,0.000
2025-12-05T03:07:06.511202,0.000,5.000,1.270,0.000
2025-12-05T03:07:06.542768,0.000,5.000,1.270,0.000
2025-12-05T03:07:06.572690,0.000,5.000,1.270,0.000
2025-12-05T03:07:06.605892,0.000,5.000,1.270,0.000
2025-12-05T03:07:06.636609,0.000,5.000,1.270,0.000
2025-12-05T03:07:06.663994,0.000,5.000,1.270,0.000
2025-12-05T03:07:06.697167,0.000,5.000,1.270,0.000
2025-12-05T03:07:06.731613,0.000,5.000,1.270,0.000
2025-12-05T03:07:06.762350,0.000,5.000,1.270,0.000
2025-12-05T03:07:06.794935,0.000,5.000,1.270,0.000
2025-12-05T03:07:06.827556,0.000,5.000,1.270,0.000
2025-12-05T03:07:06.859668,0.000,5.000,1.270,0.000
2025-12-05T03:07:06.894003,0.000,5.000,1.270,0.000
2025-12-05T03:07:06.926901,0.000,5.000,1.270,0.000
2025-12-05T03:07:06.959370,0.000,5.000,1.270,0.000
2025-12-05T03:07:06.991509,0.000,5.000,1.270,0.000
2025-12-05T03:07:07.024655,0.000,5.000,1.270,0.000
2025-12-05T03:07:07.055179,0.000,5.000,1.270,0.000
2025-12-05T03:07:07.087492,0.000,5.000,1.270,0.000
2025-12-05T03:07:07.120119,0.000,5.000,1.270,0.000
2025-12-05T03:07:07.157770,0.000,5.000,1.270,0.000
2025-12-05T03:07:07.192216,0.000,5.000,1.270,0.000
2025-12-05T03:07:07.226688,0.000,5.000,1.270,0.000
2025-12-05T03:07:07.254801,0.000,5.000,1.270,0.000
2025-12-05T03:07:07.284351,0.000,5.000,1.270,0.000
2025-12-05T03:07:07.321299,0.000,5.000,1.270,0.000
2025-12-05T03:07:07.350870,0.000,5.000,1.270,0.000
2025-12-05T03:07:07.380708,0.000,5.000,1.270,0.000
2025-12-05T03:07:07.410200,0.000,5.000,1.270,0.000
2025-12-05T03:07:07.452725,0.000,5.000,1.270,0.000
2025-12-05T03:07:07.477418,0.000,5.000,1.270,0.000
2025-12-05T03:07:07.514923,0.000,5.000,1.270,0.000
2025-12-05T03:07:07.545353,0.000,5.000,1.270,0.000
2025-12-05T03:07:07.580202,0.000,5.000,1.270,0.000
2025-12-05T03:07:07.615891,0.000,5.000,1.270,0.000
2025-12-05T03:07:07.645363,0.000,5.000,1.270,0.000
2025-12-05T03:07:07.676068,0.000,5.000,1.270,0.000
2025-12-05T03:07:07.709608,0.000,5.000,1.270,0.000
2025-12-05T03:07:07.740530,0.000,5.000,1.270,0.000
2025-12-05T03:07:07.769574,0.000,5.000,1.270,0.000
2025-12-05T03:07:07.805328,0.000,5.000,1.270,0.000
2025-12-05T03:07:07.834639,0.000,5.000,1.270,0.000
2025-12-05T03:07:07.866756,0.000,5.000,1.270,0.000
2025-12-05T03:07:07.903629,0.000,5.000,1.270,0.000
2025-12-05T03:07:07.934302,0.000,5.000,1.270,0.000
2025-12-05T03:07:07.966929,0.000,5.000,1.270,0.000
2025-12-05T03:07:07.999608,0.000,5.000,1.270,0.000
2025-12-05T03:07:08.029470,0.000,5.000,1.270,0.000
2025-12-05T03:07:08.061879,0.000,5.000,1.270,0.000
2025-12-05T03:07:08.097863,0.000,5.000,1.270,0.000
2025-12-05T03:07:08.131391,0.000,5.000,1.270,0.000
2025-12-05T03:07:08.165731,0.000,5.000,1.270,0.000
2025-12-05T03:07:08.201807,0.000,5.000,1.270,0.000
2025-12-05T03:07:08.233629,0.000,5.000,1.270,0.000
2025-12-05T03:07:08.264120,0.000,5.000,1.270,0.000
2025-12-05T03:07:08.292947,0.000,5.000,1.270,0.000
2025-12-05T03:07:08.326812,0.000,5.000,1.270,0.000
2025-12-05T03:07:08.357975,0.000,5.000,1.270,0.000
2025-12-05T03:07:08.389446,0.000,5.000,1.270,0.000
2025-12-05T03:07:08.421353,0.000,5.000,1.270,0.000
2025-12-05T03:07:08.458547,0.000,5.000,1.270,0.000
2025-12-05T03:07:08.491919,0.000,5.000,1.270,0.000
2025-12-05T03:07:08.523134,0.000,5.000,1.270,0.000
2025-12-05T03:07:08.557892,0.000,5.000,1.270,0.000
2025-12-05T03:07:08.584615,0.000,5.000,1.270,0.000
2025-12-05T03:07:08.616221,0.000,5.000,1.270,0.000
2025-12-05T03:07:08.653796,0.000,5.000,1.270,0.000
2025-12-05T03:07:08.684225,0.000,5.000,1.270,0.000
2025-12-05T03:07:08.724211,0.000,5.000,1.270,0.000
2025-12-05T03:07:08.750919,0.000,5.000,1.270,0.000
2025-12-05T03:07:08.785007,0.000,5.000,1.270,0.000
2025-12-05T03:07:08.814510,0.000,5.000,1.270,0.000
2025-12-05T03:07:08.845293,0.000,5.000,1.270,0.000
2025-12-05T03:07:08.879473,0.000,5.000,1.270,0.000
2025-12-05T03:07:08.906539,0.000,5.000,1.270,0.000
2025-12-05T03:07:08.941495,0.000,5.000,1.270,0.000
2025-12-05T03:07:08.970161,0.000,5.000,1.270,0.000
2025-12-05T03:07:09.003666,0.000,5.000,1.270,0.000
2025-12-05T03:07:09.036787,0.000,5.000,1.270,0.000
2025-12-05T03:07:09.071641,0.000,5.000,1.270,0.000
2025-12-05T03:07:09.102427,0.000,5.000,1.270,0.000
2025-12-05T03:07:09.134857,0.000,5.000,1.270,0.000
2025-12-05T03:07:09.168087,0.000,5.000,1.270,0.000
2025-12-05T03:07:09.202590,0.000,5.000,1.270,0.000
2025-12-05T03:07:09.228224,0.000,5.000,1.270,0.000
2025-12-05T03:07:09.265186,0.000,5.000,1.270,0.000
2025-12-05T03:07:09.297643,0.000,5.000,1.270,0.000
2025-12-05T03:07:09.334661,0.000,5.000,1.270,0.000
2025-12-05T03:07:09.371528,0.000,5.000,1.270,0.000
2025-12-05T03:07:09.400820,0.000,5.000,1.270,0.000
2025-12-05T03:07:09.433876,0.000,5.000,1.270,0.000
2025-12-05T03:07:09.464519,0.000,5.000,1.270,0.000
2025-12-05T03:07:09.494184,0.000,5.000,1.270,0.000
2025-12-05T03:07:09.524661,0.000,5.000,1.270,0.000
2025-12-05T03:07:09.554038,0.000,5.000,1.270,0.000
2025-12-05T03:07:09.588552,0.000,5.000,1.270,0.000
2025-12-05T03:07:09.619424,0.000,5.000,1.270,0.000
2025-12-05T03:07:09.661027,0.000,5.000,1.270,0.000
2025-12-05T03:07:09.691060,0.000,5.000,1.270,0.000
2025-12-05T03:07:09.725860,0.000,5.000,1.270,0.000
2025-12-05T03:07:09.752925,0.000,5.000,1.270,0.000
2025-12-05T03:07:09.796304,0.018,5.000,1.270,0.000
2025-12-05T03:07:09.815718,0.036,5.000,1.270,0.000
2025-12-05T03:07:09.848585,0.054,5.000,1.270,0.000
2025-12-05T03:07:09.878711,0.073,5.000,1.270,0.000
2025-12-05T03:07:09.909986,0.091,5.000,1.270,0.000
2025-12-05T03:07:09.945438,0.110,5.000,1.270,0.000
2025-12-05T03:07:09.984974,0.129,5.000,1.270,0.000
2025-12-05T03:07:10.014171,0.148,5.000,1.270,0.000
2025-12-05T03:07:10.046187,0.167,5.000,1.270,0.000
2025-12-05T03:07:10.078777,0.186,5.000,1.270,0.000
2025-12-05T03:07:10.115503,0.206,5.000,1.270,0.000
2025-12-05T03:07:10.147168,0.225,5.000,1.270,0.000
2025-12-05T03:07:10.178404,0.245,5.000,1.270,0.000
2025-12-05T03:07:10.205266,0.264,5.000,1.270,0.000
2025-12-05T03:07:10.236303,0.284,5.000,1.270,0.000
2025-12-05T03:07:10.269969,0.303,5.000,1.270,0.000
2025-12-05T03:07:10.304596,0.323,5.000,1.270,0.000
2025-12-05T03:07:10.336519,0.343,5.000,1.270,0.000
2025-12-05T03:07:10.372999,0.362,5.000,1.270,0.000
2025-12-05T03:07:10.404195,0.364,5.000,1.270,0.029
2025-12-05T03:07:10.437733,0.366,5.000,1.270,0.058
2025-12-05T03:07:10.469502,0.368,5.000,1.270,0.086
2025-12-05T03:07:10.497293,0.369,5.000,1.270,0.115
2025-12-05T03:07:10.529704,0.371,5.000,1.270,0.144
2025-12-05T03:07:10.563464,0.372,5.000,1.270,0.172
2025-12-05T03:07:10.596027,0.373,5.000,1.270,0.200
2025-12-05T03:07:10.628821,0.375,5.000,1.270,0.228
2025-12-05T03:07:10.662671,0.376,5.000,1.270,0.256
2025-12-05T03:07:10.692844,0.377,5.000,1.270,0.284
2025-12-05T03:07:10.726415,0.378,5.000,1.270,0.312
2025-12-05T03:07:10.759894,0.379,5.000,1.270,0.339
2025-12-05T03:07:10.788180,0.380,5.000,1.270,0.366
2025-12-05T03:07:10.829979,0.380,5.000,1.270,0.392
2025-12-05T03:07:10.859480,0.381,5.000,1.270,0.419
2025-12-05T03:07:10.886049,0.382,5.000,1.270,0.445
2025-12-05T03:07:10.920095,0.383,5.000,1.270,0.470
2025-12-05T03:07:10.952880,0.383,5.000,1.270,0.495
2025-12-05T03:07:10.983670,0.384,5.000,1.270,0.520
2025-12-05T03:07:11.019902,0.384,5.000,1.270,0.545
2025-12-05T03:07:11.052717,0.385,5.000,1.270,0.569
2025-12-05T03:07:11.083472,0.385,5.000,1.270,0.592
2025-12-05T03:07:11.113167,0.386,5.000,1.270,0.615
2025-12-05T03:07:11.146179,0.386,5.000,1.270,0.637
2025-12-05T03:07:11.177513,0.387,5.000,1.270,0.659
2025-12-05T03:07:11.216394,0.387,5.000,1.270,0.681
2025-12-05T03:07:11.258107,0.387,5.000,1.270,0.702
2025-12-05T03:07:11.288033,0.388,5.000,1.270,0.722
2025-12-05T03:07:11.324632,0.388,5.000,1.270,0.741
2025-12-05T03:07:11.354071,0.388,5.000,1.270,0.760
2025-12-05T03:07:11.386773,0.388,5.000,1.270,0.779
2025-12-05T03:07:11.418338,0.389,5.000,1.270,0.797
2025-12-05T03:07:11.452088,0.389,5.000,1.270,0.814
2025-12-05T03:07:11.483208,0.389,5.000,1.270,0.830
2025-12-05T03:07:11.519092,0.389,5.000,1.270,0.846
2025-12-05T03:07:11.551447,0.390,5.000,1.270,0.861
2025-12-05T03:07:11.583459,0.390,5.000,1.270,0.875
2025-12-05T03:07:11.614178,0.390,5.000,1.270,0.889
2025-12-05T03:07:11.641688,0.390,5.000,1.270,0.901
2025-12-05T03:07:11.676850,0.390,5.000,1.270,0.914
2025-12-05T03:07:11.708047,0.390,5.000,1.270,0.925
2025-12-05T03:07:11.737178,0.390,5.000,1.270,0.935
2025-12-05T03:07:11.770948,0.391,5.000,1.270,0.945
2025-12-05T03:07:11.800107,0.391,5.000,1.270,0.954
2025-12-05T03:07:11.835876,0.391,5.000,1.270,0.962
2025-12-05T03:07:11.869869,0.391,5.000,1.270,0.970
2025-12-05T03:07:11.909287,0.391,5.000,1.270,0.977
2025-12-05T03:07:11.936689,0.391,5.000,1.270,0.982
2025-12-05T03:07:11.971716,0.391,5.000,1.270,0.977
2025-12-05T03:07:12.005037,0.391,5.000,1.270,0.970
2025-12-05T03:07:12.033152,0.391,5.000,1.270,0.962
2025-12-05T03:07:12.071018,0.391,5.000,1.270,0.954
2025-12-05T03:07:12.101900,0.391,5.000,1.270,0.945
2025-12-05T03:07:12.134057,0.391,5.000,1.270,0.935
2025-12-05T03:07:12.164608,0.392,5.000,1.270,0.925
2025-12-05T03:07:12.193189,0.392,5.000,1.270,0.914
2025-12-05T03:07:12.225586,0.392,5.000,1.270,0.901
2025-12-05T03:07:12.259586,0.392,5.000,1.270,0.889
2025-12-05T03:07:12.291962,0.392,5.000,1.270,0.875
2025-12-05T03:07:12.326480,0.392,5.000,1.270,0.861
2025-12-05T03:07:12.358981,0.392,5.000,1.270,0.846
2025-12-05T03:07:12.392432,0.392,5.000,1.270,0.830
2025-12-05T03:07:12.423131,0.392,5.000,1.270,0.814
2025-12-05T03:07:12.453993,0.392,5.000,1.270,0.797
2025-12-05T03:07:12.485550,0.392,5.000,1.270,0.779
2025-12-05T03:07:12.526143,0.392,5.000,1.270,0.760
2025-12-05T03:07:12.554188,0.392,5.000,1.270,0.741
2025-12-05T03:07:12.592439,0.392,5.000,1.270,0.722
2025-12-05T03:07:12.618447,0.392,5.000,1.270,0.702
2025-12-05T03:07:12.656911,0.392,5.000,1.270,0.681
2025-12-05T03:07:12.681704,0.392,5.000,1.270,0.659
2025-12-05T03:07:12.717461,0.392,5.000,1.270,0.637
2025-12-05T03:07:12.748044,0.392,5.000,1.270,0.615
2025-12-05T03:07:12.779326,0.392,5.000,1.270,0.592
2025-12-05T03:07:12.816193,0.392,5.000,1.270,0.569
2025-12-05T03:07:12.838638,0.392,5.000,1.270,0.545
2025-12-05T03:07:12.876021,0.392,5.000,1.270,0.520
2025-12-05T03:07:12.907929,0.392,5.000,1.270,0.495
2025-12-05T03:07:12.937948,0.392,5.000,1.270,0.470
2025-12-05T03:07:12.970367,0.392,5.000,1.270,0.445
2025-12-05T03:07:13.007173,0.392,5.000,1.270,0.419
2025-12-05T03:07:13.042533,0.392,5.000,1.270,0.392
2025-12-05T03:07:13.073114,0.392,5.000,1.270,0.366
2025-12-05T03:07:13.106180,0.392,5.000,1.270,0.339
2025-12-05T03:07:13.141763,0.392,5.000,1.270,0.312
2025-12-05T03:07:13.170283,0.392,5.000,1.270,0.284
2025-12-05T03:07:13.207855,0.392,5.000,1.270,0.256
2025-12-05T03:07:13.233443,0.392,5.000,1.270,0.228
2025-12-05T03:07:13.265950,0.392,5.000,1.270,0.200
2025-12-05T03:07:13.300282,0.392,5.000,1.270,0.172
2025-12-05T03:07:13.333362,0.392,5.000,1.270,0.144
2025-12-05T03:07:13.366632,0.392,5.000,1.270,0.115
2025-12-05T03:07:13.400441,0.392,5.000,1.270,0.086
2025-12-05T03:07:13.437563,0.392,5.000,1.270,0.058
2025-12-05T03:07:13.466110,0.392,5.000,1.270,0.029
2025-12-05T03:07:13.500482,0.392,5.000,1.270,-0.000
2025-12-05T03:07:13.533861,0.392,5.000,1.270,-0.029
2025-12-05T03:07:13.560499,0.392,5.000,1.270,-0.058
2025-12-05T03:07:13.594648,0.392,5.000,1.270,-0.086
2025-12-05T03:07:13.624778,0.392,5.000,1.270,-0.115
2025-12-05T03:07:13.658736,0.392,5.000,1.270,-0.144
2025-12-05T03:07:13.690767,0.392,5.000,1.270,-0.172
2025-12-05T03:07:13.724046,0.392,5.000,1.270,-0.200
2025-12-05T03:07:13.758151,0.392,5.000,1.270,-0.228
2025-12-05T03:07:13.791639,0.392,5.000,1.270,-0.256
2025-12-05T03:07:13.821595,0.392,5.000,1.270,-0.284
2025-12-05T03:07:13.856929,0.392,5.000,1.270,-0.312
2025-12-05T03:07:13.883704,0.392,5.000,1.270,-0.339
2025-12-05T03:07:13.916460,0.392,5.000,1.270,-0.366
2025-12-05T03:07:13.949604,0.392,5.000,1.270,-0.392
2025-12-05T03:07:13.979743,0.392,5.000,1.270,-0.419
2025-12-05T03:07:14.012595,0.392,5.000,1.270,-0.445
2025-12-05T03:07:14.042875,0.392,5.000,1.270,-0.419
2025-12-05T03:07:14.078575,0.392,5.000,1.270,-0.392
2025-12-05T03:07:14.114759,0.392,5.000,1.270,-0.366
2025-12-05T03:07:14.145554,0.392,5.000,1.270,-0.339
2025-12-05T03:07:14.180592,0.392,5.000,1.270,-0.312
2025-12-05T03:07:14.212658,0.392,5.000,1.270,-0.284
2025-12-05T03:07:14.241289,0.392,5.000,1.270,-0.256
2025-12-05T03:07:14.276164,0.392,5.000,1.270,-0.228
2025-12-05T03:07:14.304637,0.392,5.000,1.270,-0.200
2025-12-05T03:07:14.335052,0.392,5.000,1.270,-0.172
2025-12-05T03:07:14.373532,0.392,5.000,1.270,-0.144
2025-12-05T03:07:14.407710,0.392,5.000,1.270,-0.115
2025-12-05T03:07:14.441235,0.392,5.000,1.270,-0.086
2025-12-05T03:07:14.475680,0.392,5.000,1.270,-0.058
2025-12-05T03:07:14.508075,0.410,4.998,1.270,-0.058
2025-12-05T03:07:14.540115,0.428,4.996,1.270,-0.058
2025-12-05T03:07:14.567630,0.446,4.994,1.270,-0.058
2025-12-05T03:07:14.596773,0.464,4.992,1.270,-0.058
2025-12-05T03:07:14.632156,0.483,4.990,1.270,-0.058
2025-12-05T03:07:14.662788,0.501,4.987,1.270,-0.058
2025-12-05T03:07:14.693148,0.520,4.985,1.270,-0.058
2025-12-05T03:07:14.730854,0.539,4.983,1.270,-0.058
2025-12-05T03:07:14.761855,0.558,4.981,1.270,-0.058
2025-12-05T03:07:14.794716,0.577,4.979,1.270,-0.058
2025-12-05T03:07:14.826091,0.596,4.976,1.270,-0.058
2025-12-05T03:07:14.857359,0.615,4.974,1.270,-0.058
2025-12-05T03:07:14.886710,0.634,4.972,1.270,-0.058
2025-12-05T03:07:14.917448,0.653,4.970,1.270,-0.058
2025-12-05T03:07:14.947234,0.673,4.968,1.270,-0.058
2025-12-05T03:07:14.985925,0.692,4.965,1.270,-0.058
2025-12-05T03:07:15.017630,0.712,4.963,1.270,-0.058
2025-12-05T03:07:15.055356,0.731,4.961,1.270,-0.058
2025-12-05T03:07:15.085726,0.751,4.959,1.270,-0.058
2025-12-05T03:07:15.122223,0.770,4.956,1.270,-0.058
2025-12-05T03:07:15.153530,0.790,4.954,1.270,-0.058
2025-12-05T03:07:15.188462,0.810,4.952,1.270,-0.058
2025-12-05T03:07:15.218394,0.829,4.949,1.270,-0.058
2025-12-05T03:07:15.252038,0.849,4.947,1.270,-0.058
2025-12-05T03:07:15.282251,0.869,4.945,1.270,-0.058
2025-12-05T03:07:15.314552,0.889,4.943,1.270,-0.058
2025-12-05T03:07:15.343447,0.891,4.942,1.270,-0.029
2025-12-05T03:07:15.375518,0.893,4.942,1.270,-0.000
2025-12-05T03:07:15.416152,0.895,4.942,1.270,0.029
2025-12-05T03:07:15.447296,0.897,4.942,1.270,0.058
2025-12-05T03:07:15.479887,0.898,4.941,1.270,0.086
2025-12-05T03:07:15.517647,0.900,4.941,1.270,0.115
2025-12-05T03:07:15.542981,0.901,4.941,1.270,0.144
2025-12-05T03:07:15.575725,0.903,4.941,1.270,0.172
2025-12-05T03:07:15.602585,0.904,4.941,1.270,0.200
2025-12-05T03:07:15.639310,0.905,4.941,1.270,0.228
2025-12-05T03:07:15.671785,0.906,4.941,1.270,0.256
2025-12-05T03:07:15.706790,0.907,4.940,1.270,0.284
2025-12-05T03:07:15.747524,0.923,4.950,1.270,0.284
2025-12-05T03:07:15.779334,0.939,4.960,1.270,0.284
2025-12-05T03:07:15.817940,0.955,4.970,1.270,0.284
2025-12-05T03:07:15.845189,0.971,4.980,1.270,0.284
2025-12-05T03:07:15.878008,0.988,4.990,1.270,0.284
2025-12-05T03:07:15.906234,1.004,5.000,1.270,0.284
2025-12-05T03:07:15.937304,1.020,5.010,1.270,0.284
2025-12-05T03:07:15.973787,1.037,5.020,1.270,0.284
2025-12-05T03:07:16.002392,1.053,5.030,1.270,0.284
2025-12-05T03:07:16.037540,1.070,5.041,1.270,0.284
2025-12-05T03:07:16.070009,1.086,5.051,1.270,0.284
2025-12-05T03:07:16.103308,1.103,5.061,1.270,0.284
2025-12-05T03:07:16.134706,1.120,5.072,1.270,0.284
2025-12-05T03:07:16.168112,1.136,5.082,1.270,0.284
2025-12-05T03:07:16.200471,1.153,5.093,1.270,0.284
2025-12-05T03:07:16.231528,1.170,5.104,1.270,0.284
2025-12-05T03:07:16.264472,1.187,5.114,1.270,0.284
2025-12-05T03:07:16.298706,1.203,5.125,1.270,0.284
2025-12-05T03:07:16.327696,1.220,5.136,1.270,0.284
2025-12-05T03:07:16.361643,1.237,5.146,1.270,0.284
2025-12-05T03:07:16.396903,1.254,5.157,1.270,0.284
2025-12-05T03:07:16.430479,1.271,5.168,1.270,0.284
2025-12-05T03:07:16.462200,1.288,5.179,1.270,0.284
2025-12-05T03:07:16.495773,1.305,5.190,1.270,0.284
2025-12-05T03:07:16.525165,1.322,5.200,1.270,0.284
2025-12-05T03:07:16.559297,1.339,5.211,1.270,0.284
2025-12-05T03:07:16.592621,1.356,5.222,1.270,0.284
2025-12-05T03:07:16.625742,1.373,5.233,1.270,0.284
2025-12-05T03:07:16.658368,1.390,5.244,1.270,0.284
2025-12-05T03:07:16.686516,1.407,5.255,1.270,0.284
2025-12-05T03:07:16.729543,1.424,5.266,1.270,0.284
2025-12-05T03:07:16.748803,1.441,5.277,1.270,0.284
2025-12-05T03:07:16.781631,1.458,5.288,1.270,0.284
2025-12-05T03:07:16.813687,1.475,5.299,1.270,0.284
2025-12-05T03:07:16.849058,1.492,5.310,1.270,0.284
2025-12-05T03:07:16.898675,1.509,5.321,1.270,0.284
2025-12-05T03:07:16.916768,1.526,5.332,1.270,0.284
2025-12-05T03:07:16.960316,1.543,5.343,1.270,0.284
2025-12-05T03:07:16.985338,1.560,5.354,1.270,0.284
2025-12-05T03:07:17.018094,1.577,5.365,1.270,0.284
2025-12-05T03:07:17.046532,1.594,5.376,1.270,0.284
2025-12-05T03:07:17.077762,1.612,5.387,1.270,0.284
2025-12-05T03:07:17.110082,1.629,5.398,1.270,0.284
2025-12-05T03:07:17.142230,1.646,5.409,1.270,0.284
2025-12-05T03:07:17.177214,1.663,5.421,1.270,0.284
2025-12-05T03:07:17.209708,1.680,5.432,1.270,0.284
2025-12-05T03:07:17.241814,1.697,5.443,1.270,0.284
2025-12-05T03:07:17.275038,1.714,5.454,1.270,0.284
2025-12-05T03:07:17.303600,1.732,5.465,1.270,0.284
2025-12-05T03:07:17.335777,1.749,5.476,1.270,0.284
2025-12-05T03:07:17.370030,1.766,5.487,1.270,0.284
2025-12-05T03:07:17.404667,1.783,5.498,1.270,0.284
2025-12-05T03:07:17.432863,1.800,5.509,1.270,0.284
2025-12-05T03:07:17.469653,1.817,5.521,1.270,0.284
2025-12-05T03:07:17.500175,1.835,5.532,1.270,0.284
2025-12-05T03:07:17.534846,1.852,5.543,1.270,0.284
2025-12-05T03:07:17.571450,1.869,5.554,1.270,0.284
2025-12-05T03:07:17.600702,1.886,5.565,1.270,0.284
2025-12-05T03:07:17.629100,1.903,5.576,1.270,0.284
2025-12-05T03:07:17.663737,1.920,5.587,1.270,0.284
2025-12-05T03:07:17.692715,1.938,5.598,1.270,0.284
2025-12-05T03:07:17.752157,1.955,5.610,1.270,0.284
2025-12-05T03:07:17.789319,1.972,5.621,1.270,0.284
2025-12-05T03:07:17.812844,1.989,5.632,1.270,0.284
2025-12-05T03:07:17.839081,2.006,5.643,1.270,0.284
2025-12-05T03:07:17.867531,2.023,5.654,1.270,0.284
2025-12-05T03:07:17.898162,2.041,5.665,1.270,0.284
2025-12-05T03:07:17.929610,2.058,5.677,1.270,0.284
2025-12-05T03:07:17.958648,2.075,5.688,1.270,0.284
2025-12-05T03:07:17.989466,2.077,5.689,1.270,0.256
2025-12-05T03:07:18.022934,2.079,5.690,1.270,0.228
2025-12-05T03:07:18.053416,2.081,5.692,1.270,0.200
2025-12-05T03:07:18.095073,2.083,5.693,1.270,0.172
2025-12-05T03:07:18.128375,2.084,5.694,1.270,0.144
2025-12-05T03:07:18.154023,2.086,5.695,1.270,0.115
2025-12-05T03:07:18.192338,2.087,5.696,1.270,0.086
2025-12-05T03:07:18.220242,2.089,5.697,1.270,0.058
2025-12-05T03:07:18.254480,2.090,5.697,1.270,0.029
2025-12-05T03:07:18.284818,2.109,5.699,1.270,0.029
2025-12-05T03:07:18.318561,2.128,5.701,1.270,0.029
2025-12-05T03:07:18.351993,2.148,5.703,1.270,0.029
2025-12-05T03:07:18.383910,2.167,5.704,1.270,0.029
2025-12-05T03:07:18.410277,2.186,5.706,1.270,0.029
2025-12-05T03:07:18.445429,2.206,5.708,1.270,0.029
2025-12-05T03:07:18.477418,2.225,5.709,1.270,0.029
2025-12-05T03:07:18.505632,2.245,5.711,1.270,0.029
2025-12-05T03:07:18.542047,2.265,5.712,1.270,0.029
2025-12-05T03:07:18.572733,2.284,5.714,1.270,0.029
2025-12-05T03:07:18.602905,2.304,5.715,1.270,0.029
2025-12-05T03:07:18.638659,2.324,5.717,1.270,0.029
2025-12-05T03:07:18.670260,2.344,5.718,1.270,0.029
2025-12-05T03:07:18.703827,2.364,5.720,1.270,0.029
2025-12-05T03:07:18.730063,2.384,5.721,1.270,0.029
2025-12-05T03:07:18.768094,2.403,5.723,1.270,0.029
2025-12-05T03:07:18.798669,2.423,5.724,1.270,0.029
2025-12-05T03:07:18.835092,2.443,5.725,1.270,0.029
2025-12-05T03:07:18.868063,2.464,5.727,1.270,0.029
2025-12-05T03:07:18.904586,2.484,5.728,1.270,0.029
2025-12-05T03:07:18.931542,2.504,5.729,1.270,0.029
2025-12-05T03:07:18.967451,2.524,5.731,1.270,0.029
2025-12-05T03:07:18.995583,2.544,5.732,1.270,0.029
2025-12-05T03:07:19.024448,2.564,5.733,1.270,0.029
2025-12-05T03:07:19.060419,2.584,5.735,1.270,0.029
2025-12-05T03:07:19.091587,2.605,5.736,1.270,0.029
2025-12-05T03:07:19.120965,2.625,5.737,1.270,0.029
2025-12-05T03:07:19.162956,2.645,5.739,1.270,0.029
2025-12-05T03:07:19.191249,2.665,5.740,1.270,0.029
2025-12-05T03:07:19.227134,2.686,5.741,1.270,0.029
2025-12-05T03:07:19.261268,2.706,5.742,1.270,0.029
2025-12-05T03:07:19.287729,2.726,5.744,1.270,0.029
2025-12-05T03:07:19.317929,2.746,5.745,1.270,0.029
2025-12-05T03:07:19.352417,2.767,5.746,1.270,0.029
2025-12-05T03:07:19.383678,2.787,5.747,1.270,0.029
2025-12-05T03:07:19.418307,2.807,5.749,1.270,0.029
2025-12-05T03:07:19.449639,2.828,5.750,1.270,0.029
2025-12-05T03:07:19.483854,2.848,5.751,1.270,0.029
2025-12-05T03:07:19.514925,2.868,5.752,1.270,0.029
2025-12-05T03:07:19.544101,2.889,5.754,1.270,0.029
2025-12-05T03:07:19.574700,2.909,5.755,1.270,0.029
2025-12-05T03:07:19.605331,2.930,5.756,1.270,0.029
2025-12-05T03:07:19.640360,2.950,5.757,1.270,0.029
2025-12-05T03:07:19.673770,2.952,5.758,1.270,-0.000
2025-12-05T03:07:19.707945,2.955,5.758,1.270,-0.029
2025-12-05T03:07:19.737933,2.957,5.758,1.270,-0.058
2025-12-05T03:07:19.769795,2.959,5.758,1.270,-0.086
2025-12-05T03:07:19.802615,2.961,5.758,1.270,-0.115
2025-12-05T03:07:19.836781,2.963,5.758,1.270,-0.144
2025-12-05T03:07:19.872797,2.964,5.758,1.270,-0.172
2025-12-05T03:07:19.901084,2.966,5.759,1.270,-0.200
2025-12-05T03:07:19.931990,2.968,5.759,1.270,-0.228
2025-12-05T03:07:19.964246,2.969,5.759,1.270,-0.256
2025-12-05T03:07:19.998795,2.970,5.759,1.270,-0.284
2025-12-05T03:07:20.025635,2.971,5.759,1.270,-0.312
2025-12-05T03:07:20.058527,2.973,5.759,1.270,-0.339
2025-12-05T03:07:20.093710,2.974,5.759,1.270,-0.366
2025-12-05T03:07:20.128839,2.988,5.747,1.270,-0.366
2025-12-05T03:07:20.161803,3.002,5.735,1.270,-0.366
2025-12-05T03:07:20.196780,3.016,5.722,1.270,-0.366
2025-12-05T03:07:20.224493,3.030,5.710,1.270,-0.366
2025-12-05T03:07:20.253847,3.045,5.697,1.270,-0.366
2025-12-05T03:07:20.283562,3.059,5.685,1.270,-0.366
2025-12-05T03:07:20.318756,3.074,5.672,1.270,-0.366
2025-12-05T03:07:20.351622,3.088,5.659,1.270,-0.366
2025-12-05T03:07:20.383091,3.102,5.646,1.270,-0.366
2025-12-05T03:07:20.420233,3.117,5.633,1.270,-0.366
2025-12-05T03:07:20.453051,3.132,5.620,1.270,-0.366
2025-12-05T03:07:20.486734,3.146,5.607,1.270,-0.366
2025-12-05T03:07:20.518755,3.161,5.594,1.270,-0.366
2025-12-05T03:07:20.549187,3.175,5.581,1.270,-0.366
2025-12-05T03:07:20.578434,3.190,5.568,1.270,-0.366
2025-12-05T03:07:20.611315,3.205,5.554,1.270,-0.366
2025-12-05T03:07:20.640874,3.219,5.541,1.270,-0.366
2025-12-05T03:07:20.677159,3.233,5.528,1.270,-0.366
2025-12-05T03:07:20.709071,3.247,5.515,1.270,-0.366
2025-12-05T03:07:20.739510,3.260,5.502,1.270,-0.366
2025-12-05T03:07:20.774566,3.273,5.488,1.270,-0.366
2025-12-05T03:07:20.805481,3.287,5.475,1.270,-0.366
2025-12-05T03:07:20.838102,3.300,5.461,1.270,-0.366
2025-12-05T03:07:20.869242,3.314,5.447,1.270,-0.366
2025-12-05T03:07:20.901555,3.327,5.433,1.270,-0.366
2025-12-05T03:07:20.933772,3.341,5.419,1.270,-0.366
2025-12-05T03:07:20.969091,3.354,5.405,1.270,-0.366
2025-12-05T03:07:21.000932,3.368,5.392,1.270,-0.366
2025-12-05T03:07:21.036018,3.382,5.378,1.270,-0.366
2025-12-05T03:07:21.068659,3.396,5.364,1.270,-0.366
2025-12-05T03:07:21.101385,3.410,5.350,1.270,-0.366
2025-12-05T03:07:21.130522,3.424,5.336,1.270,-0.366
2025-12-05T03:07:21.169045,3.438,5.322,1.270,-0.366
2025-12-05T03:07:21.200793,3.452,5.308,1.270,-0.366
2025-12-05T03:07:21.233252,3.467,5.294,1.270,-0.366
2025-12-05T03:07:21.263816,3.481,5.280,1.270,-0.366
2025-12-05T03:07:21.291354,3.495,5.266,1.270,-0.366
2025-12-05T03:07:21.325419,3.509,5.253,1.270,-0.366
2025-12-05T03:07:21.354680,3.522,5.240,1.270,-0.366
2025-12-05T03:07:21.388416,3.535,5.227,1.270,-0.366
2025-12-05T03:07:21.421481,3.548,5.214,1.270,-0.366
2025-12-05T03:07:21.450633,3.561,5.201,1.270,-0.366
2025-12-05T03:07:21.488928,3.574,5.188,1.270,-0.366
2025-12-05T03:07:21.519127,3.587,5.175,1.270,-0.366
2025-12-05T03:07:21.549202,3.600,5.162,1.270,-0.366
2025-12-05T03:07:21.582709,3.613,5.149,1.270,-0.366
2025-12-05T03:07:21.613712,3.626,5.136,1.270,-0.366
2025-12-05T03:07:21.647463,3.639,5.123,1.270,-0.366
2025-12-05T03:07:21.681553,3.653,5.110,1.270,-0.366
2025-12-05T03:07:21.714036,3.666,5.097,1.270,-0.366
2025-12-05T03:07:21.746687,3.679,5.084,1.270,-0.366
2025-12-05T03:07:21.777971,3.693,5.071,1.270,-0.366
2025-12-05T03:07:21.814528,3.706,5.058,1.270,-0.366
2025-12-05T03:07:21.842586,3.720,5.045,1.270,-0.366
2025-12-05T03:07:21.880270,3.733,5.034,1.270,-0.366
2025-12-05T03:07:21.908596,3.746,5.022,1.270,-0.366
2025-12-05T03:07:21.937953,3.746,5.023,1.270,-0.339
2025-12-05T03:07:21.975070,3.745,5.025,1.270,-0.312
2025-12-05T03:07:22.007606,3.745,5.026,1.270,-0.284
2025-12-05T03:07:22.039559,3.744,5.028,1.270,-0.256
2025-12-05T03:07:22.072691,3.744,5.029,1.270,-0.228
2025-12-05T03:07:22.103325,3.744,5.030,1.270,-0.200
2025-12-05T03:07:22.139833,3.743,5.031,1.270,-0.172
2025-12-05T03:07:22.168827,3.743,5.032,1.270,-0.144
2025-12-05T03:07:22.201813,3.743,5.033,1.270,-0.115
2025-12-05T03:07:22.234080,3.742,5.034,1.270,-0.086
2025-12-05T03:07:22.270661,3.742,5.035,1.270,-0.058
2025-12-05T03:07:22.296502,3.742,5.036,1.270,-0.029
2025-12-05T03:07:22.330252,3.742,5.036,1.270,-0.000
2025-12-05T03:07:22.357644,3.741,5.037,1.270,0.029
2025-12-05T03:07:22.389926,3.741,5.038,1.270,0.058
2025-12-05T03:07:22.421514,3.741,5.038,1.270,0.086
2025-12-05T03:07:22.459536,3.741,5.039,1.270,0.115
2025-12-05T03:07:22.492845,3.741,5.039,1.270,0.144
2025-12-05T03:07:22.525092,3.741,5.040,1.270,0.172
2025-12-05T03:07:22.558562,3.740,5.040,1.270,0.200
2025-12-05T03:07:22.589472,3.740,5.041,1.270,0.228
2025-12-05T03:07:22.625950,3.740,5.041,1.270,0.256
2025-12-05T03:07:22.654916,3.740,5.042,1.270,0.284
2025-12-05T03:07:22.684592,3.740,5.042,1.270,0.312
2025-12-05T03:07:22.714836,3.740,5.042,1.270,0.339
2025-12-05T03:07:22.747772,3.740,5.043,1.270,0.366
2025-12-05T03:07:22.779029,3.740,5.043,1.270,0.392
2025-12-05T03:07:22.807638,3.740,5.043,1.270,0.419
2025-12-05T03:07:22.842543,3.740,5.043,1.270,0.445
2025-12-05T03:07:22.875111,3.740,5.044,1.270,0.470
2025-12-05T03:07:22.911256,3.739,5.044,1.270,0.495
2025-12-05T03:07:22.941619,3.739,5.044,1.270,0.520
2025-12-05T03:07:22.974860,3.739,5.044,1.270,0.545
2025-12-05T03:07:23.006761,3.739,5.045,1.270,0.569
2025-12-05T03:07:23.038090,3.739,5.045,1.270,0.592
2025-12-05T03:07:23.071132,3.739,5.045,1.270,0.615
2025-12-05T03:07:23.103127,3.739,5.045,1.270,0.637
2025-12-05T03:07:23.137021,3.739,5.045,1.270,0.659
2025-12-05T03:07:23.172005,3.739,5.045,1.270,0.681
2025-12-05T03:07:23.209570,3.739,5.045,1.270,0.702
2025-12-05T03:07:23.237464,3.739,5.046,1.270,0.722
2025-12-05T03:07:23.270617,3.739,5.046,1.270,0.741
2025-12-05T03:07:23.303358,3.739,5.046,1.270,0.760
2025-12-05T03:07:23.335619,3.739,5.046,1.270,0.779
2025-12-05T03:07:23.369393,3.739,5.046,1.270,0.797
2025-12-05T03:07:23.400818,3.739,5.046,1.270,0.814
2025-12-05T03:07:23.435908,3.739,5.046,1.270,0.830
2025-12-05T03:07:23.464943,3.739,5.046,1.270,0.846
2025-12-05T03:07:23.495256,3.739,5.046,1.270,0.861
2025-12-05T03:07:23.528620,3.739,5.046,1.270,0.875
2025-12-05T03:07:23.560794,3.739,5.046,1.270,0.889
2025-12-05T03:07:23.594037,3.739,5.046,1.270,0.901
2025-12-05T03:07:23.626212,3.739,5.046,1.270,0.914
2025-12-05T03:07:23.660500,3.739,5.047,1.270,0.925
2025-12-05T03:07:23.694755,3.739,5.047,1.270,0.935
2025-12-05T03:07:23.729085,3.739,5.047,1.270,0.945
2025-12-05T03:07:23.761139,3.739,5.047,1.270,0.954
2025-12-05T03:07:23.790827,3.739,5.047,1.270,0.962
2025-12-05T03:07:23.821933,3.739,5.047,1.270,0.970
2025-12-05T03:07:23.855969,3.739,5.047,1.270,0.977
2025-12-05T03:07:23.889240,3.739,5.047,1.270,0.982
2025-12-05T03:07:23.923993,3.739,5.047,1.270,0.987
2025-12-05T03:07:23.952667,3.739,5.047,1.270,0.991
2025-12-05T03:07:23.986821,3.721,5.051,1.270,0.991
2025-12-05T03:07:24.019720,3.704,5.056,1.270,0.991
2025-12-05T03:07:24.045607,3.686,5.061,1.270,0.991
2025-12-05T03:07:24.081064,3.668,5.066,1.270,0.991
2025-12-05T03:07:24.111692,3.651,5.071,1.270,0.991
2025-12-05T03:07:24.145195,3.633,5.075,1.270,0.991
2025-12-05T03:07:24.177450,3.614,5.080,1.270,0.991
2025-12-05T03:07:24.211153,3.596,5.085,1.270,0.991
2025-12-05T03:07:24.245173,3.578,5.090,1.270,0.991
2025-12-05T03:07:24.277166,3.559,5.095,1.270,0.991
2025-12-05T03:07:24.309572,3.541,5.100,1.270,0.991
2025-12-05T03:07:24.342700,3.522,5.105,1.270,0.991
2025-12-05T03:07:24.371156,3.504,5.110,1.270,0.991
2025-12-05T03:07:24.404906,3.485,5.115,1.270,0.991
2025-12-05T03:07:24.433377,3.466,5.120,1.270,0.991
2025-12-05T03:07:24.466746,3.447,5.125,1.270,0.991
2025-12-05T03:07:24.503941,3.428,5.130,1.270,0.991
2025-12-05T03:07:24.535017,3.409,5.135,1.270,0.991
2025-12-05T03:07:24.565807,3.390,5.140,1.270,0.991
2025-12-05T03:07:24.601510,3.371,5.146,1.270,0.991
2025-12-05T03:07:24.628926,3.352,5.151,1.270,0.991
2025-12-05T03:07:24.666679,3.333,5.156,1.270,0.991
2025-12-05T03:07:24.697720,3.313,5.161,1.270,0.991
2025-12-05T03:07:24.731598,3.294,5.166,1.270,0.991
2025-12-05T03:07:24.758707,3.275,5.171,1.270,0.991
2025-12-05T03:07:24.789177,3.256,5.176,1.270,0.991
2025-12-05T03:07:24.821253,3.236,5.182,1.270,0.991
2025-12-05T03:07:24.858947,3.217,5.187,1.270,0.991
2025-12-05T03:07:24.889664,3.197,5.192,1.270,0.991
2025-12-05T03:07:24.921960,3.178,5.197,1.270,0.991
2025-12-05T03:07:24.955450,3.158,5.202,1.270,0.991
2025-12-05T03:07:24.985337,3.139,5.208,1.270,0.991
2025-12-05T03:07:25.016839,3.119,5.213,1.270,0.991
2025-12-05T03:07:25.052300,3.100,5.218,1.270,0.991
2025-12-05T03:07:25.086473,3.080,5.223,1.270,0.991
2025-12-05T03:07:25.119829,3.061,5.229,1.270,0.991
2025-12-05T03:07:25.149554,3.041,5.234,1.270,0.991
2025-12-05T03:07:25.180687,3.022,5.239,1.270,0.991
2025-12-05T03:07:25.210856,3.002,5.244,1.270,0.991
2025-12-05T03:07:25.241750,2.982,5.250,1.270,0.991
2025-12-05T03:07:25.276249,2.963,5.255,1.270,0.991
2025-12-05T03:07:25.307264,2.943,5.260,1.270,0.991
2025-12-05T03:07:25.336969,2.923,5.265,1.270,0.991
2025-12-05T03:07:25.376829,2.904,5.271,1.270,0.991
2025-12-05T03:07:25.405551,2.884,5.276,1.270,0.991
2025-12-05T03:07:25.435909,2.864,5.281,1.270,0.991
2025-12-05T03:07:25.470703,2.845,5.286,1.270,0.991
2025-12-05T03:07:25.502558,2.825,5.292,1.270,0.991
2025-12-05T03:07:25.534521,2.805,5.297,1.270,0.991
2025-12-05T03:07:25.568853,2.786,5.302,1.270,0.991
2025-12-05T03:07:25.605899,2.766,5.308,1.270,0.991
2025-12-05T03:07:25.637192,2.746,5.313,1.270,0.991
2025-12-05T03:07:25.669252,2.726,5.318,1.270,0.991
2025-12-05T03:07:25.702235,2.707,5.323,1.270,0.991
2025-12-05T03:07:25.728791,2.687,5.329,1.270,0.991
2025-12-05T03:07:25.763146,2.667,5.334,1.270,0.991
2025-12-05T03:07:25.793609,2.648,5.339,1.270,0.991
2025-12-05T03:07:25.828530,2.628,5.345,1.270,0.991
2025-12-05T03:07:25.865661,2.608,5.350,1.270,0.991
2025-12-05T03:07:25.901469,2.588,5.355,1.270,0.991
2025-12-05T03:07:25.928843,2.568,5.360,1.270,0.991
2025-12-05T03:07:25.966448,2.549,5.366,1.270,0.991
2025-12-05T03:07:25.994416,2.529,5.371,1.270,0.991
2025-12-05T03:07:26.028573,2.509,5.376,1.270,0.991
2025-12-05T03:07:26.059007,2.489,5.382,1.270,0.991
2025-12-05T03:07:26.090648,2.470,5.387,1.270,0.991
2025-12-05T03:07:26.120232,2.450,5.392,1.270,0.991
2025-12-05T03:07:26.150471,2.430,5.398,1.270,0.991
2025-12-05T03:07:26.187741,2.410,5.403,1.270,0.991
2025-12-05T03:07:26.222723,2.390,5.408,1.270,0.991
2025-12-05T03:07:26.255686,2.371,5.413,1.270,0.991
2025-12-05T03:07:26.285320,2.351,5.419,1.270,0.991
2025-12-05T03:07:26.319006,2.331,5.424,1.270,0.991
2025-12-05T03:07:26.351402,2.311,5.429,1.270,0.991
2025-12-05T03:07:26.381119,2.292,5.435,1.270,0.991
2025-12-05T03:07:26.414658,2.272,5.440,1.270,0.991
2025-12-05T03:07:26.446224,2.252,5.445,1.270,0.991
2025-12-05T03:07:26.482095,2.232,5.451,1.270,0.991
2025-12-05T03:07:26.516975,2.212,5.456,1.270,0.991
2025-12-05T03:07:26.549400,2.193,5.461,1.270,0.991
2025-12-05T03:07:26.585930,2.173,5.466,1.270,0.991
2025-12-05T03:07:26.616536,2.153,5.472,1.270,0.991
2025-12-05T03:07:26.647269,2.133,5.477,1.270,0.991
2025-12-05T03:07:26.677670,2.113,5.482,1.270,0.991
2025-12-05T03:07:26.709979,2.094,5.488,1.270,0.991
2025-12-05T03:07:26.741961,2.074,5.493,1.270,0.991
2025-12-05T03:07:26.775747,2.054,5.498,1.270,0.991
2025-12-05T03:07:26.812027,2.034,5.504,1.270,0.991
2025-12-05T03:07:26.843670,2.014,5.509,1.270,0.991
2025-12-05T03:07:26.874648,1.995,5.514,1.270,0.991
2025-12-05T03:07:26.907977,1.975,5.519,1.270,0.991
2025-12-05T03:07:26.936968,1.955,5.525,1.270,0.991
2025-12-05T03:07:26.979045,1.935,5.530,1.270,0.991
2025-12-05T03:07:27.008586,1.915,5.535,1.270,0.991
2025-12-05T03:07:27.034851,1.896,5.541,1.270,0.991
2025-12-05T03:07:27.069666,1.876,5.546,1.270,0.991
2025-12-05T03:07:27.103518,1.856,5.551,1.270,0.991
2025-12-05T03:07:27.126851,1.836,5.557,1.270,0.991
2025-12-05T03:07:27.157750,1.816,5.562,1.270,0.991
2025-12-05T03:07:27.186397,1.797,5.567,1.270,0.991
2025-12-05T03:07:27.224160,1.777,5.572,1.270,0.991
2025-12-05T03:07:27.253815,1.757,5.578,1.270,0.991
2025-12-05T03:07:27.284970,1.737,5.583,1.270,0.991
2025-12-05T03:07:27.320110,1.717,5.588,1.270,0.991
2025-12-05T03:07:27.351940,1.697,5.594,1.270,0.991
2025-12-05T03:07:27.386626,1.678,5.599,1.270,0.991
2025-12-05T03:07:27.416104,1.658,5.604,1.270,0.991
2025-12-05T03:07:27.449596,1.638,5.610,1.270,0.991
2025-12-05T03:07:27.482686,1.618,5.615,1.270,0.991
2025-12-05T03:07:27.514487,1.598,5.620,1.270,0.991
2025-12-05T03:07:27.547159,1.579,5.625,1.270,0.991
2025-12-05T03:07:27.582481,1.559,5.631,1.270,0.991
2025-12-05T03:07:27.614769,1.539,5.636,1.270,0.991
2025-12-05T03:07:27.645082,1.519,5.641,1.270,0.991
2025-12-05T03:07:27.677180,1.499,5.647,1.270,0.991
2025-12-05T03:07:27.709461,1.480,5.652,1.270,0.991
2025-12-05T03:07:27.741919,1.460,5.657,1.270,0.991
2025-12-05T03:07:27.773482,1.440,5.663,1.270,0.991
2025-12-05T03:07:27.822565,1.420,5.668,1.270,0.991
2025-12-05T03:07:27.842162,1.400,5.673,1.270,0.991
2025-12-05T03:07:27.878553,1.381,5.679,1.270,0.991
2025-12-05T03:07:27.910101,1.361,5.684,1.270,0.991
2025-12-05T03:07:27.943010,1.341,5.689,1.270,0.991
2025-12-05T03:07:27.974629,1.321,5.694,1.270,0.991
2025-12-05T03:07:28.005198,1.319,5.695,1.270,0.995
2025-12-05T03:07:28.037796,1.316,5.696,1.270,0.997
2025-12-05T03:07:28.073099,1.314,5.696,1.270,0.999
2025-12-05T03:07:28.109743,1.312,5.697,1.270,1.000
2025-12-05T03:07:28.139426,1.310,5.697,1.270,-1.000
2025-12-05T03:07:28.178461,1.308,5.698,1.270,-0.999
2025-12-05T03:07:28.213324,1.307,5.698,1.270,-0.997
2025-12-05T03:07:28.240457,1.305,5.699,1.270,-0.995
2025-12-05T03:07:28.274529,1.304,5.699,1.270,-0.992
2025-12-05T03:07:28.303148,1.302,5.699,1.270,-0.988
2025-12-05T03:07:28.331099,1.301,5.700,1.270,-0.983
2025-12-05T03:07:28.368241,1.300,5.700,1.270,-0.977
2025-12-05T03:07:28.393969,1.299,5.700,1.270,-0.970
2025-12-05T03:07:28.429813,1.298,5.701,1.270,-0.963
2025-12-05T03:07:28.461089,1.281,5.692,1.270,-0.963
2025-12-05T03:07:28.494461,1.265,5.683,1.270,-0.963
2025-12-05T03:07:28.529965,1.248,5.673,1.270,-0.963
2025-12-05T03:07:28.562086,1.232,5.664,1.270,-0.963
2025-12-05T03:07:28.595041,1.215,5.655,1.270,-0.963
2025-12-05T03:07:28.626257,1.199,5.645,1.270,-0.963
2025-12-05T03:07:28.657953,1.182,5.636,1.270,-0.963
2025-12-05T03:07:28.687230,1.165,5.626,1.270,-0.963
2025-12-05T03:07:28.718511,1.148,5.616,1.270,-0.963
2025-12-05T03:07:28.748452,1.131,5.607,1.270,-0.963
2025-12-05T03:07:28.783074,1.114,5.597,1.270,-0.963
2025-12-05T03:07:28.819303,1.098,5.587,1.270,-0.963
2025-12-05T03:07:28.849344,1.081,5.577,1.270,-0.963
2025-12-05T03:07:28.886572,1.064,5.567,1.270,-0.963
2025-12-05T03:07:28.920396,1.046,5.557,1.270,-0.963
2025-12-05T03:07:28.949533,1.029,5.547,1.270,-0.963
2025-12-05T03:07:28.978605,1.012,5.537,1.270,-0.963
2025-12-05T03:07:29.009738,0.995,5.527,1.270,-0.963
2025-12-05T03:07:29.042069,0.978,5.517,1.270,-0.963
2025-12-05T03:07:29.076709,0.961,5.507,1.270,-0.963
2025-12-05T03:07:29.106960,0.959,5.506,1.270,-0.955
2025-12-05T03:07:29.139904,0.957,5.505,1.270,-0.946
2025-12-05T03:07:29.175460,0.955,5.504,1.270,-0.936
2025-12-05T03:07:29.207315,0.954,5.503,1.270,-0.926
2025-12-05T03:07:29.245338,0.952,5.503,1.270,-0.915
2025-12-05T03:07:29.274829,0.951,5.502,1.270,-0.903
2025-12-05T03:07:29.303366,0.950,5.501,1.270,-0.890
2025-12-05T03:07:29.333329,0.949,5.501,1.270,-0.876
2025-12-05T03:07:29.371453,0.938,5.485,1.270,-0.876
2025-12-05T03:07:29.403059,0.927,5.469,1.270,-0.876
2025-12-05T03:07:29.437676,0.916,5.453,1.270,-0.876
2025-12-05T03:07:29.471797,0.906,5.437,1.270,-0.876
2025-12-05T03:07:29.498609,0.895,5.421,1.270,-0.876
2025-12-05T03:07:29.535414,0.884,5.405,1.270,-0.876
2025-12-05T03:07:29.570472,0.873,5.389,1.270,-0.876
2025-12-05T03:07:29.597718,0.863,5.373,1.270,-0.876
2025-12-05T03:07:29.630509,0.852,5.356,1.270,-0.876
2025-12-05T03:07:29.669139,0.841,5.340,1.270,-0.876
2025-12-05T03:07:29.706523,0.830,5.324,1.270,-0.876
2025-12-05T03:07:29.734605,0.819,5.307,1.270,-0.876
2025-12-05T03:07:29.765793,0.808,5.290,1.270,-0.876
2025-12-05T03:07:29.800302,0.797,5.274,1.270,-0.876
2025-12-05T03:07:29.828599,0.787,5.257,1.270,-0.876
2025-12-05T03:07:29.858183,0.776,5.240,1.270,-0.876
2025-12-05T03:07:29.894370,0.765,5.224,1.270,-0.876
2025-12-05T03:07:29.926034,0.754,5.207,1.270,-0.876
2025-12-05T03:07:29.956883,0.743,5.190,1.270,-0.876
2025-12-05T03:07:29.991529,0.732,5.173,1.270,-0.876
2025-12-05T03:07:30.024558,0.731,5.172,1.270,-0.862
2025-12-05T03:07:30.059480,0.730,5.170,1.270,-0.847
2025-12-05T03:07:30.090818,0.728,5.168,1.270,-0.831
2025-12-05T03:07:30.123677,0.727,5.167,1.270,-0.815
2025-12-05T03:07:30.155829,0.726,5.166,1.270,-0.798
2025-12-05T03:07:30.184810,0.725,5.164,1.270,-0.780
2025-12-05T03:07:30.219111,0.721,5.146,1.270,-0.780
2025-12-05T03:07:30.249867,0.716,5.127,1.270,-0.780
2025-12-05T03:07:30.282619,0.711,5.108,1.270,-0.780
2025-12-05T03:07:30.320509,0.706,5.089,1.270,-0.780
2025-12-05T03:07:30.360460,0.702,5.070,1.270,-0.780
2025-12-05T03:07:30.384388,0.697,5.051,1.270,-0.780
2025-12-05T03:07:30.417817,0.692,5.032,1.270,-0.780
2025-12-05T03:07:30.451653,0.688,5.013,1.270,-0.780
2025-12-05T03:07:30.481095,0.683,4.994,1.270,-0.780
2025-12-05T03:07:30.514255,0.678,4.974,1.270,-0.780
2025-12-05T03:07:30.545402,0.674,4.955,1.270,-0.780
2025-12-05T03:07:30.576702,0.669,4.936,1.270,-0.780
2025-12-05T03:07:30.613809,0.664,4.916,1.270,-0.780
2025-12-05T03:07:30.646486,0.660,4.897,1.270,-0.780
2025-12-05T03:07:30.677394,0.655,4.877,1.270,-0.780
2025-12-05T03:07:30.712964,0.651,4.858,1.270,-0.780
2025-12-05T03:07:30.740892,0.646,4.838,1.270,-0.780
2025-12-05T03:07:30.776715,0.642,4.819,1.270,-0.780
2025-12-05T03:07:30.805780,0.637,4.799,1.270,-0.780
2025-12-05T03:07:30.838013,0.632,4.779,1.270,-0.780
2025-12-05T03:07:30.884959,0.628,4.760,1.270,-0.780
2025-12-05T03:07:30.910196,0.623,4.740,1.270,-0.780
2025-12-05T03:07:30.942050,0.623,4.738,1.270,-0.762
2025-12-05T03:07:30.974683,0.622,4.736,1.270,-0.743
2025-12-05T03:07:31.009357,0.622,4.734,1.270,-0.723
2025-12-05T03:07:31.036680,0.621,4.732,1.270,-0.703
2025-12-05T03:07:31.069940,0.621,4.730,1.270,-0.683
2025-12-05T03:07:31.096748,0.621,4.711,1.270,-0.683
2025-12-05T03:07:31.135746,0.622,4.691,1.270,-0.683
2025-12-05T03:07:31.169846,0.623,4.672,1.270,-0.683
2025-12-05T03:07:31.199732,0.624,4.652,1.270,-0.683
2025-12-05T03:07:31.229646,0.625,4.633,1.270,-0.683
2025-12-05T03:07:31.261774,0.626,4.613,1.270,-0.683
2025-12-05T03:07:31.293223,0.627,4.593,1.270,-0.683
2025-12-05T03:07:31.325871,0.628,4.573,1.270,-0.683
2025-12-05T03:07:31.359575,0.629,4.553,1.270,-0.683
2025-12-05T03:07:31.393229,0.630,4.533,1.270,-0.683
2025-12-05T03:07:31.426829,0.631,4.513,1.270,-0.683
2025-12-05T03:07:31.459668,0.632,4.493,1.270,-0.683
2025-12-05T03:07:31.489899,0.633,4.473,1.270,-0.683
2025-12-05T03:07:31.521525,0.634,4.453,1.270,-0.683
2025-12-05T03:07:31.551492,0.635,4.433,1.270,-0.683
2025-12-05T03:07:31.583369,0.636,4.413,1.270,-0.683
2025-12-05T03:07:31.619726,0.638,4.393,1.270,-0.683
2025-12-05T03:07:31.652083,0.639,4.373,1.270,-0.683
2025-12-05T03:07:31.690720,0.640,4.353,1.270,-0.683
2025-12-05T03:07:31.719452,0.641,4.333,1.270,-0.683
2025-12-05T03:07:31.751368,0.642,4.312,1.270,-0.683
2025-12-05T03:07:31.781839,0.644,4.292,1.270,-0.683
2025-12-05T03:07:31.815585,0.645,4.272,1.270,-0.683
2025-12-05T03:07:31.845579,0.646,4.252,1.270,-0.683
2025-12-05T03:07:31.876646,0.648,4.231,1.270,-0.683
2025-12-05T03:07:31.910164,0.649,4.211,1.270,-0.683
2025-12-05T03:07:31.944933,0.650,4.191,1.270,-0.683
2025-12-05T03:07:31.977795,0.651,4.171,1.270,-0.683
2025-12-05T03:07:32.013315,0.653,4.150,1.270,-0.683
2025-12-05T03:07:32.045420,0.654,4.130,1.270,-0.683
2025-12-05T03:07:32.080002,0.655,4.110,1.270,-0.683
2025-12-05T03:07:32.107794,0.657,4.089,1.270,-0.683
2025-12-05T03:07:32.136253,0.658,4.069,1.270,-0.683
2025-12-05T03:07:32.169255,0.659,4.049,1.270,-0.683
2025-12-05T03:07:32.196455,0.661,4.028,1.270,-0.683
2025-12-05T03:07:32.229561,0.662,4.008,1.270,-0.683
2025-12-05T03:07:32.261316,0.663,3.988,1.270,-0.683
2025-12-05T03:07:32.297669,0.665,3.967,1.270,-0.683
2025-12-05T03:07:32.335542,0.666,3.947,1.270,-0.683
2025-12-05T03:07:32.362016,0.667,3.926,1.270,-0.683
2025-12-05T03:07:32.398971,0.669,3.906,1.270,-0.683
2025-12-05T03:07:32.424984,0.670,3.886,1.270,-0.683
2025-12-05T03:07:32.463671,0.671,3.865,1.270,-0.683
2025-12-05T03:07:32.490178,0.673,3.845,1.270,-0.683
2025-12-05T03:07:32.520595,0.674,3.824,1.270,-0.683
2025-12-05T03:07:32.551009,0.676,3.804,1.270,-0.683
2025-12-05T03:07:32.588553,0.677,3.784,1.270,-0.683
2025-12-05T03:07:32.623500,0.678,3.763,1.270,-0.683
2025-12-05T03:07:32.663426,0.680,3.743,1.270,-0.683
2025-12-05T03:07:32.696489,0.681,3.722,1.270,-0.683
2025-12-05T03:07:32.727465,0.682,3.702,1.270,-0.683
2025-12-05T03:07:32.758828,0.684,3.682,1.270,-0.683
2025-12-05T03:07:32.796458,0.685,3.661,1.270,-0.683
2025-12-05T03:07:32.821219,0.687,3.641,1.270,-0.683
2025-12-05T03:07:32.850123,0.688,3.620,1.270,-0.683
2025-12-05T03:07:32.888154,0.689,3.600,1.270,-0.683
2025-12-05T03:07:32.918891,0.691,3.579,1.270,-0.683
2025-12-05T03:07:32.953920,0.692,3.559,1.270,-0.683
2025-12-05T03:07:32.983526,0.693,3.539,1.270,-0.683
2025-12-05T03:07:33.022086,0.695,3.518,1.270,-0.683
2025-12-05T03:07:33.052978,0.696,3.498,1.270,-0.683
2025-12-05T03:07:33.085212,0.698,3.477,1.270,-0.683
2025-12-05T03:07:33.119898,0.699,3.457,1.270,-0.683
2025-12-05T03:07:33.145246,0.700,3.436,1.270,-0.683
2025-12-05T03:07:33.179356,0.702,3.416,1.270,-0.683
2025-12-05T03:07:33.213172,0.703,3.395,1.270,-0.683
2025-12-05T03:07:33.246028,0.705,3.375,1.270,-0.683
2025-12-05T03:07:33.281151,0.706,3.355,1.270,-0.683
2025-12-05T03:07:33.310166,0.707,3.334,1.270,-0.683
2025-12-05T03:07:33.342482,0.709,3.314,1.270,-0.683
2025-12-05T03:07:33.374490,0.710,3.293,1.270,-0.683
2025-12-05T03:07:33.414225,0.712,3.273,1.270,-0.683
2025-12-05T03:07:33.442415,0.713,3.252,1.270,-0.683
2025-12-05T03:07:33.474156,0.714,3.232,1.270,-0.683
2025-12-05T03:07:33.506221,0.716,3.211,1.270,-0.683
2025-12-05T03:07:33.535179,0.717,3.191,1.270,-0.683
2025-12-05T03:07:33.575937,0.719,3.170,1.270,-0.683
2025-12-05T03:07:33.602140,0.720,3.150,1.270,-0.683
2025-12-05T03:07:33.633623,0.721,3.130,1.270,-0.683
2025-12-05T03:07:33.668945,0.723,3.109,1.270,-0.683
2025-12-05T03:07:33.701759,0.724,3.089,1.270,-0.683
2025-12-05T03:07:33.735260,0.726,3.068,1.270,-0.683
2025-12-05T03:07:33.766577,0.727,3.048,1.270,-0.683
2025-12-05T03:07:33.794478,0.728,3.027,1.270,-0.683
2025-12-05T03:07:33.825903,0.730,3.007,1.270,-0.683
2025-12-05T03:07:33.857221,0.731,2.986,1.270,-0.683
2025-12-05T03:07:33.891960,0.733,2.966,1.270,-0.683
2025-12-05T03:07:33.923788,0.734,2.945,1.270,-0.683
2025-12-05T03:07:33.959502,0.735,2.925,1.270,-0.683
2025-12-05T03:07:33.992553,0.737,2.905,1.270,-0.683
2025-12-05T03:07:34.024547,0.737,2.902,1.270,-0.661
2025-12-05T03:07:34.058600,0.737,2.900,1.270,-0.639
2025-12-05T03:07:34.090093,0.737,2.897,1.270,-0.617
2025-12-05T03:07:34.121009,0.737,2.895,1.270,-0.594
2025-12-05T03:07:34.154402,0.738,2.893,1.270,-0.571
2025-12-05T03:07:34.186622,0.738,2.891,1.270,-0.547
2025-12-05T03:07:34.219244,0.738,2.890,1.270,-0.522
2025-12-05T03:07:34.249615,0.738,2.888,1.270,-0.498
2025-12-05T03:07:34.282158,0.738,2.886,1.270,-0.472
2025-12-05T03:07:34.329390,0.738,2.885,1.270,-0.447
2025-12-05T03:07:34.356923,0.738,2.884,1.270,-0.421
2025-12-05T03:07:34.389331,0.738,2.882,1.270,-0.395
2025-12-05T03:07:34.417649,0.738,2.881,1.270,-0.368
2025-12-05T03:07:34.448039,0.738,2.880,1.270,-0.341
2025-12-05T03:07:34.479708,0.738,2.879,1.270,-0.314
2025-12-05T03:07:34.512575,0.739,2.878,1.270,-0.286
2025-12-05T03:07:34.544094,0.739,2.877,1.270,-0.259
2025-12-05T03:07:34.576885,0.739,2.876,1.270,-0.231
2025-12-05T03:07:34.611816,0.739,2.876,1.270,-0.203
2025-12-05T03:07:34.642717,0.755,2.868,1.270,-0.203
2025-12-05T03:07:34.674788,0.772,2.860,1.270,-0.203
2025-12-05T03:07:34.701907,0.789,2.852,1.270,-0.203
2025-12-05T03:07:34.735762,0.806,2.844,1.270,-0.203
2025-12-05T03:07:34.766430,0.823,2.836,1.270,-0.203
2025-12-05T03:07:34.802325,0.840,2.828,1.270,-0.203
2025-12-05T03:07:34.837308,0.857,2.820,1.270,-0.203
2025-12-05T03:07:34.872154,0.874,2.812,1.270,-0.203
2025-12-05T03:07:34.901002,0.892,2.805,1.270,-0.203
2025-12-05T03:07:34.936680,0.909,2.797,1.270,-0.203
2025-12-05T03:07:34.967864,0.927,2.789,1.270,-0.203
2025-12-05T03:07:35.001503,0.945,2.781,1.270,-0.203
2025-12-05T03:07:35.033047,0.962,2.773,1.270,-0.203
2025-12-05T03:07:35.066639,0.980,2.765,1.270,-0.203
2025-12-05T03:07:35.095021,0.998,2.757,1.270,-0.203
2025-12-05T03:07:35.127411,1.016,2.749,1.270,-0.203
2025-12-05T03:07:35.162873,1.034,2.740,1.270,-0.203
2025-12-05T03:07:35.198160,1.036,2.740,1.270,-0.231
2025-12-05T03:07:35.228158,1.037,2.739,1.270,-0.259
2025-12-05T03:07:35.262904,1.039,2.738,1.270,-0.286
2025-12-05T03:07:35.293577,1.040,2.737,1.270,-0.314
2025-12-05T03:07:35.330192,1.041,2.736,1.270,-0.341
2025-12-05T03:07:35.358878,1.043,2.736,1.270,-0.368
2025-12-05T03:07:35.389619,1.044,2.735,1.270,-0.395
2025-12-05T03:07:35.414532,1.045,2.734,1.270,-0.421
2025-12-05T03:07:35.448998,1.046,2.734,1.270,-0.447
2025-12-05T03:07:35.480234,1.046,2.733,1.270,-0.472
2025-12-05T03:07:35.512341,1.057,2.718,1.270,-0.472
2025-12-05T03:07:35.547730,1.068,2.703,1.270,-0.472
2025-12-05T03:07:35.584137,1.079,2.687,1.270,-0.472
2025-12-05T03:07:35.621963,1.090,2.671,1.270,-0.472
2025-12-05T03:07:35.653974,1.101,2.655,1.270,-0.472
2025-12-05T03:07:35.687784,1.112,2.640,1.270,-0.472
2025-12-05T03:07:35.717569,1.123,2.624,1.270,-0.472
2025-12-05T03:07:35.746494,1.133,2.608,1.270,-0.472
2025-12-05T03:07:35.776555,1.144,2.591,1.270,-0.472
2025-12-05T03:07:35.809408,1.156,2.575,1.270,-0.472
2025-12-05T03:07:35.842813,1.167,2.559,1.270,-0.472
2025-12-05T03:07:35.872068,1.178,2.543,1.270,-0.472
2025-12-05T03:07:35.912827,1.189,2.527,1.270,-0.472
2025-12-05T03:07:35.941234,1.200,2.510,1.270,-0.472
2025-12-05T03:07:35.976837,1.211,2.494,1.270,-0.472
2025-12-05T03:07:36.006162,1.222,2.477,1.270,-0.472
2025-12-05T03:07:36.040974,1.233,2.461,1.270,-0.472
2025-12-05T03:07:36.075895,1.234,2.459,1.270,-0.498
2025-12-05T03:07:36.105753,1.236,2.458,1.270,-0.522
2025-12-05T03:07:36.134807,1.237,2.456,1.270,-0.547
2025-12-05T03:07:36.165869,1.238,2.455,1.270,-0.571
2025-12-05T03:07:36.195267,1.239,2.454,1.270,-0.594
2025-12-05T03:07:36.231399,1.240,2.453,1.270,-0.617
2025-12-05T03:07:36.265807,1.240,2.451,1.270,-0.639
2025-12-05T03:07:36.295305,1.241,2.450,1.270,-0.661
2025-12-05T03:07:36.328422,1.242,2.449,1.270,-0.683
2025-12-05T03:07:36.367489,1.243,2.449,1.270,-0.703
2025-12-05T03:07:36.395606,1.243,2.448,1.270,-0.723
2025-12-05T03:07:36.426104,1.244,2.447,1.270,-0.743
2025-12-05T03:07:36.457150,1.244,2.446,1.270,-0.762
2025-12-05T03:07:36.489723,1.245,2.446,1.270,-0.780
2025-12-05T03:07:36.521871,1.245,2.445,1.270,-0.798
2025-12-05T03:07:36.552953,1.246,2.444,1.270,-0.815
2025-12-05T03:07:36.591377,1.246,2.444,1.270,-0.831
2025-12-05T03:07:36.624133,1.247,2.443,1.270,-0.847
2025-12-05T03:07:36.654816,1.247,2.443,1.270,-0.862
2025-12-05T03:07:36.686839,1.247,2.442,1.270,-0.876
2025-12-05T03:07:36.717085,1.238,2.427,1.270,-0.876
2025-12-05T03:07:36.748989,1.229,2.411,1.270,-0.876
2025-12-05T03:07:36.780857,1.219,2.395,1.270,-0.876
2025-12-05T03:07:36.812936,1.210,2.379,1.270,-0.876
2025-12-05T03:07:36.845748,1.200,2.363,1.270,-0.876
2025-12-05T03:07:36.880501,1.190,2.347,1.270,-0.876
2025-12-05T03:07:36.909874,1.180,2.331,1.270,-0.876
2025-12-05T03:07:36.943849,1.171,2.315,1.270,-0.876
2025-12-05T03:07:36.977862,1.161,2.299,1.270,-0.876
2025-12-05T03:07:37.007269,1.151,2.282,1.270,-0.876
2025-12-05T03:07:37.040794,1.140,2.266,1.270,-0.876
2025-12-05T03:07:37.077748,1.130,2.250,1.270,-0.876
2025-12-05T03:07:37.109029,1.120,2.233,1.270,-0.876
2025-12-05T03:07:37.144106,1.119,2.232,1.270,-0.862
2025-12-05T03:07:37.174358,1.119,2.230,1.270,-0.847
2025-12-05T03:07:37.209582,1.118,2.229,1.270,-0.831
2025-12-05T03:07:37.234734,1.118,2.228,1.270,-0.815
2025-12-05T03:07:37.268493,1.117,2.227,1.270,-0.798
2025-12-05T03:07:37.297077,1.117,2.226,1.270,-0.780
2025-12-05T03:07:37.330216,1.116,2.225,1.270,-0.762
2025-12-05T03:07:37.361235,1.116,2.224,1.270,-0.743
2025-12-05T03:07:37.393239,1.115,2.223,1.270,-0.723
2025-12-05T03:07:37.422724,1.114,2.204,1.270,-0.723
2025-12-05T03:07:37.462181,1.113,2.185,1.270,-0.723
2025-12-05T03:07:37.495111,1.112,2.166,1.270,-0.723
2025-12-05T03:07:37.525984,1.111,2.147,1.270,-0.723
2025-12-05T03:07:37.558426,1.110,2.128,1.270,-0.723
2025-12-05T03:07:37.589163,1.108,2.109,1.270,-0.723
2025-12-05T03:07:37.623910,1.107,2.090,1.270,-0.723
2025-12-05T03:07:37.655358,1.106,2.070,1.270,-0.723
2025-12-05T03:07:37.685145,1.105,2.051,1.270,-0.723
2025-12-05T03:07:37.720251,1.104,2.032,1.270,-0.723
2025-12-05T03:07:37.755091,1.103,2.012,1.270,-0.723
2025-12-05T03:07:37.787817,1.102,1.992,1.270,-0.723
2025-12-05T03:07:37.826339,1.101,1.973,1.270,-0.723
2025-12-05T03:07:37.850209,1.100,1.953,1.270,-0.723
2025-12-05T03:07:37.884815,1.099,1.933,1.270,-0.723
2025-12-05T03:07:37.914514,1.098,1.913,1.270,-0.723
2025-12-05T03:07:37.949838,1.097,1.894,1.270,-0.723
2025-12-05T03:07:37.979344,1.096,1.874,1.270,-0.723
2025-12-05T03:07:38.011196,1.095,1.854,1.270,-0.723
2025-12-05T03:07:38.046932,1.094,1.834,1.270,-0.723
2025-12-05T03:07:38.078139,1.092,1.814,1.270,-0.723
2025-12-05T03:07:38.113482,1.091,1.794,1.270,-0.723
2025-12-05T03:07:38.144858,1.090,1.774,1.270,-0.723
2025-12-05T03:07:38.179887,1.089,1.753,1.270,-0.723
2025-12-05T03:07:38.210823,1.088,1.733,1.270,-0.723
2025-12-05T03:07:38.243465,1.087,1.713,1.270,-0.723
2025-12-05T03:07:38.270779,1.086,1.693,1.270,-0.723
2025-12-05T03:07:38.305820,1.085,1.673,1.270,-0.723
2025-12-05T03:07:38.336176,1.084,1.653,1.270,-0.723
2025-12-05T03:07:38.365204,1.083,1.632,1.270,-0.723
2025-12-05T03:07:38.403093,1.082,1.612,1.270,-0.723
2025-12-05T03:07:38.435480,1.081,1.592,1.270,-0.723
2025-12-05T03:07:38.470079,1.080,1.572,1.270,-0.723
2025-12-05T03:07:38.497922,1.079,1.551,1.270,-0.723
2025-12-05T03:07:38.528026,1.078,1.531,1.270,-0.723
2025-12-05T03:07:38.565597,1.077,1.511,1.270,-0.723
2025-12-05T03:07:38.595855,1.077,1.490,1.270,-0.723
2025-12-05T03:07:38.630034,1.076,1.470,1.270,-0.723
2025-12-05T03:07:38.661708,1.075,1.450,1.270,-0.723
2025-12-05T03:07:38.693253,1.074,1.429,1.270,-0.723
2025-12-05T03:07:38.736407,1.073,1.409,1.270,-0.723
2025-12-05T03:07:38.757212,1.072,1.389,1.270,-0.723
2025-12-05T03:07:38.787898,1.071,1.368,1.270,-0.723
2025-12-05T03:07:38.823722,1.070,1.348,1.270,-0.723
2025-12-05T03:07:38.850518,1.069,1.328,1.270,-0.723
2025-12-05T03:07:38.886739,1.068,1.307,1.270,-0.723
2025-12-05T03:07:38.924658,1.067,1.287,1.270,-0.723
2025-12-05T03:07:38.954509,1.066,1.266,1.270,-0.723
2025-12-05T03:07:38.982678,1.065,1.246,1.270,-0.723
2025-12-05T03:07:39.018166,1.064,1.226,1.270,-0.723
2025-12-05T03:07:39.050752,1.063,1.205,1.270,-0.723
2025-12-05T03:07:39.082694,1.062,1.185,1.270,-0.723
2025-12-05T03:07:39.120240,1.061,1.164,1.270,-0.723
2025-12-05T03:07:39.150151,1.060,1.144,1.270,-0.723
2025-12-05T03:07:39.182382,1.059,1.123,1.270,-0.723
2025-12-05T03:07:39.212414,1.058,1.103,1.270,-0.723
2025-12-05T03:07:39.246790,1.057,1.083,1.270,-0.723
2025-12-05T03:07:39.277202,1.056,1.062,1.270,-0.723
2025-12-05T03:07:39.305734,1.055,1.042,1.270,-0.723
2025-12-05T03:07:39.339132,1.054,1.021,1.270,-0.723
2025-12-05T03:07:39.376219,1.053,1.001,1.270,-0.723
2025-12-05T03:07:39.414189,1.052,0.980,1.270,-0.723
2025-12-05T03:07:39.444267,1.051,0.960,1.270,-0.723
2025-12-05T03:07:39.480052,1.050,0.939,1.270,-0.723
2025-12-05T03:07:39.507558,1.049,0.919,1.270,-0.723
2025-12-05T03:07:39.536154,1.048,0.898,1.270,-0.723
2025-12-05T03:07:39.571859,1.047,0.878,1.270,-0.723
2025-12-05T03:07:39.602088,1.046,0.858,1.270,-0.723
2025-12-05T03:07:39.643468,1.046,0.837,1.270,-0.723
2025-12-05T03:07:39.667401,1.045,0.817,1.270,-0.723
2025-12-05T03:07:39.712418,1.044,0.796,1.270,-0.723
2025-12-05T03:07:39.784252,1.043,0.776,1.270,-0.723
2025-12-05T03:07:39.800597,1.042,0.755,1.270,-0.723
2025-12-05T03:07:39.846168,1.041,0.735,1.270,-0.723
2025-12-05T03:07:39.867338,1.040,0.714,1.270,-0.723
2025-12-05T03:07:39.896216,1.039,0.694,1.270,-0.723
2025-12-05T03:07:39.923691,1.038,0.673,1.270,-0.723
2025-12-05T03:07:39.950541,1.037,0.653,1.270,-0.723
2025-12-05T03:07:39.984192,1.036,0.632,1.270,-0.723
2025-12-05T03:07:40.020630,1.035,0.612,1.270,-0.723
2025-12-05T03:07:40.048097,1.034,0.591,1.270,-0.723
2025-12-05T03:07:40.084185,1.033,0.571,1.270,-0.723
2025-12-05T03:07:40.118084,1.032,0.550,1.270,-0.723
2025-12-05T03:07:40.151942,1.031,0.530,1.270,-0.723
2025-12-05T03:07:40.182124,1.030,0.509,1.270,-0.723
2025-12-05T03:07:40.215436,1.029,0.489,1.270,-0.723
2025-12-05T03:07:40.243889,1.028,0.469,1.270,-0.723
2025-12-05T03:07:40.275631,1.027,0.448,1.270,-0.723
2025-12-05T03:07:40.310373,1.026,0.428,1.270,-0.723
2025-12-05T03:07:40.343342,1.025,0.407,1.270,-0.723
2025-12-05T03:07:40.376596,1.024,0.387,1.270,-0.723
2025-12-05T03:07:40.412727,1.023,0.366,1.270,-0.723
2025-12-05T03:07:40.444095,1.022,0.346,1.270,-0.723
2025-12-05T03:07:40.478621,1.022,0.325,1.270,-0.723
2025-12-05T03:07:40.510321,1.021,0.305,1.270,-0.723
2025-12-05T03:07:40.541768,1.020,0.284,1.270,-0.723
2025-12-05T03:07:40.571765,1.019,0.264,1.270,-0.723
2025-12-05T03:07:40.601697,1.018,0.243,1.270,-0.723
2025-12-05T03:07:40.633723,1.017,0.223,1.270,-0.723
2025-12-05T03:07:40.671134,1.016,0.202,1.270,-0.723
2025-12-05T03:07:40.704526,1.015,0.182,1.270,-0.723
2025-12-05T03:07:40.734605,1.014,0.161,1.270,-0.723
2025-12-05T03:07:40.763656,1.013,0.141,1.270,-0.723
2025-12-05T03:07:40.797429,1.012,0.120,1.270,-0.723
2025-12-05T03:07:40.825420,1.011,0.100,1.270,-0.723
2025-12-05T03:07:40.862051,1.010,0.079,1.270,-0.723
2025-12-05T03:07:40.895801,1.009,0.059,1.270,-0.723
2025-12-05T03:07:40.926057,1.008,0.038,1.270,-0.723
2025-12-05T03:07:40.960903,1.007,0.018,1.270,-0.723
2025-12-05T03:07:40.997552,1.006,-0.003,1.270,-0.723
2025-12-05T03:07:41.028079,1.005,-0.023,1.270,-0.723
2025-12-05T03:07:41.058114,1.004,-0.044,1.270,-0.723
2025-12-05T03:07:41.089015,1.003,-0.064,1.270,-0.723
2025-12-05T03:07:41.115009,1.002,-0.084,1.270,-0.723
2025-12-05T03:07:41.150339,1.001,-0.105,1.270,-0.723
2025-12-05T03:07:41.182383,1.000,-0.125,1.270,-0.723
2025-12-05T03:07:41.214042,0.999,-0.146,1.270,-0.723
2025-12-05T03:07:41.244441,0.998,-0.166,1.270,-0.723
2025-12-05T03:07:41.280856,0.998,-0.187,1.270,-0.723
2025-12-05T03:07:41.315677,0.997,-0.207,1.270,-0.723
2025-12-05T03:07:41.346989,0.996,-0.228,1.270,-0.723
2025-12-05T03:07:41.380220,0.995,-0.248,1.270,-0.723
2025-12-05T03:07:41.412370,0.994,-0.269,1.270,-0.723
2025-12-05T03:07:41.447750,0.993,-0.289,1.270,-0.723
2025-12-05T03:07:41.480856,0.992,-0.310,1.270,-0.723
2025-12-05T03:07:41.513357,0.991,-0.330,1.270,-0.723
2025-12-05T03:07:41.541439,0.990,-0.351,1.270,-0.723
2025-12-05T03:07:41.570256,0.989,-0.371,1.270,-0.723
2025-12-05T03:07:41.603573,0.988,-0.392,1.270,-0.723
2025-12-05T03:07:41.632965,0.987,-0.412,1.270,-0.723
2025-12-05T03:07:41.672802,0.986,-0.433,1.270,-0.723
2025-12-05T03:07:41.702648,0.985,-0.453,1.270,-0.723
2025-12-05T03:07:41.739882,0.984,-0.474,1.270,-0.723
2025-12-05T03:07:41.767431,0.983,-0.494,1.270,-0.723
2025-12-05T03:07:41.799682,0.982,-0.515,1.270,-0.723
2025-12-05T03:07:41.828921,0.981,-0.535,1.270,-0.723
2025-12-05T03:07:41.865427,0.980,-0.556,1.270,-0.723
2025-12-05T03:07:41.896110,0.979,-0.576,1.270,-0.723
2025-12-05T03:07:41.927584,0.978,-0.597,1.270,-0.723
2025-12-05T03:07:41.962365,0.977,-0.617,1.270,-0.723
2025-12-05T03:07:41.994145,0.976,-0.638,1.270,-0.723
2025-12-05T03:07:42.028141,0.975,-0.658,1.270,-0.723
2025-12-05T03:07:42.058440,0.975,-0.679,1.270,-0.723
2025-12-05T03:07:42.089831,0.974,-0.699,1.270,-0.723
2025-12-05T03:07:42.119962,0.973,-0.720,1.270,-0.723
2025-12-05T03:07:42.151801,0.972,-0.740,1.270,-0.723
2025-12-05T03:07:42.180979,0.971,-0.760,1.270,-0.723
2025-12-05T03:07:42.210483,0.970,-0.781,1.270,-0.723
2025-12-05T03:07:42.249678,0.969,-0.801,1.270,-0.723
2025-12-05T03:07:42.277476,0.968,-0.822,1.270,-0.723
2025-12-05T03:07:42.312317,0.967,-0.842,1.270,-0.723
2025-12-05T03:07:42.347271,0.966,-0.863,1.270,-0.723
2025-12-05T03:07:42.377548,0.965,-0.883,1.270,-0.723
2025-12-05T03:07:42.412609,0.964,-0.904,1.270,-0.723
2025-12-05T03:07:42.461453,0.963,-0.924,1.270,-0.723
2025-12-05T03:07:42.477996,0.962,-0.945,1.270,-0.723
2025-12-05T03:07:42.516612,0.961,-0.965,1.270,-0.723
2025-12-05T03:07:42.547211,0.960,-0.986,1.270,-0.723
2025-12-05T03:07:42.574567,0.959,-1.006,1.270,-0.723
2025-12-05T03:07:42.604149,0.958,-1.027,1.270,-0.723
2025-12-05T03:07:42.635714,0.957,-1.047,1.270,-0.723
2025-12-05T03:07:42.668941,0.956,-1.068,1.270,-0.723
2025-12-05T03:07:42.701140,0.955,-1.088,1.270,-0.723
2025-12-05T03:07:42.737203,0.954,-1.109,1.270,-0.723
2025-12-05T03:07:42.763523,0.953,-1.129,1.270,-0.723
2025-12-05T03:07:42.799811,0.952,-1.150,1.270,-0.723
2025-12-05T03:07:42.832355,0.951,-1.170,1.270,-0.723
2025-12-05T03:07:42.863314,0.951,-1.191,1.270,-0.723
2025-12-05T03:07:42.894043,0.950,-1.211,1.270,-0.723
2025-12-05T03:07:42.925687,0.949,-1.232,1.270,-0.723
2025-12-05T03:07:42.959047,0.948,-1.252,1.270,-0.723
2025-12-05T03:07:42.995027,0.947,-1.273,1.270,-0.723
2025-12-05T03:07:43.022692,0.946,-1.293,1.270,-0.723
2025-12-05T03:07:43.061373,0.945,-1.314,1.270,-0.723
2025-12-05T03:07:43.092329,0.944,-1.334,1.270,-0.723
2025-12-05T03:07:43.124203,0.943,-1.355,1.270,-0.723
2025-12-05T03:07:43.158002,0.942,-1.375,1.270,-0.723
2025-12-05T03:07:43.184753,0.941,-1.396,1.270,-0.723
2025-12-05T03:07:43.216700,0.940,-1.416,1.270,-0.723
2025-12-05T03:07:43.252931,0.939,-1.437,1.270,-0.723
2025-12-05T03:07:43.285160,0.938,-1.457,1.270,-0.723
2025-12-05T03:07:43.318625,0.937,-1.477,1.270,-0.723
2025-12-05T03:07:43.351260,0.936,-1.498,1.270,-0.723
2025-12-05T03:07:43.379715,0.935,-1.518,1.270,-0.723
2025-12-05T03:07:43.411779,0.934,-1.539,1.270,-0.723
2025-12-05T03:07:43.443387,0.933,-1.559,1.270,-0.723
2025-12-05T03:07:43.475226,0.932,-1.580,1.270,-0.723
2025-12-05T03:07:43.511869,0.931,-1.600,1.270,-0.723
2025-12-05T03:07:43.538520,0.930,-1.621,1.270,-0.723
2025-12-05T03:07:43.570717,0.929,-1.641,1.270,-0.723
2025-12-05T03:07:43.604871,0.928,-1.662,1.270,-0.723
2025-12-05T03:07:43.636317,0.928,-1.682,1.270,-0.723
2025-12-05T03:07:43.672572,0.927,-1.703,1.270,-0.723
2025-12-05T03:07:43.715647,0.926,-1.723,1.270,-0.723
2025-12-05T03:07:43.758097,0.925,-1.744,1.270,-0.723
2025-12-05T03:07:43.784929,0.924,-1.764,1.270,-0.723
2025-12-05T03:07:43.833106,0.923,-1.785,1.270,-0.723
2025-12-05T03:07:43.864070,0.922,-1.805,1.270,-0.723
2025-12-05T03:07:43.890662,0.921,-1.826,1.270,-0.723
2025-12-05T03:07:43.913469,0.920,-1.846,1.270,-0.723
2025-12-05T03:07:43.944117,0.919,-1.867,1.270,-0.723
2025-12-05T03:07:43.971927,0.918,-1.887,1.270,-0.723
2025-12-05T03:07:44.001324,0.917,-1.908,1.270,-0.723
2025-12-05T03:07:44.031908,0.916,-1.928,1.270,-0.723
2025-12-05T03:07:44.068239,0.915,-1.949,1.270,-0.723
2025-12-05T03:07:44.100563,0.914,-1.969,1.270,-0.723
2025-12-05T03:07:44.130259,0.913,-1.990,1.270,-0.723
2025-12-05T03:07:44.166036,0.912,-2.010,1.270,-0.723
2025-12-05T03:07:44.196937,0.911,-2.031,1.270,-0.723
2025-12-05T03:07:44.232117,0.910,-2.051,1.270,-0.723
2025-12-05T03:07:44.265885,0.909,-2.072,1.270,-0.723
2025-12-05T03:07:44.290794,0.908,-2.092,1.270,-0.723
2025-12-05T03:07:44.324112,0.907,-2.113,1.270,-0.723
2025-12-05T03:07:44.357984,0.906,-2.133,1.270,-0.723
2025-12-05T03:07:44.391276,0.905,-2.153,1.270,-0.723
2025-12-05T03:07:44.426762,0.904,-2.174,1.270,-0.723
2025-12-05T03:07:44.454953,0.904,-2.194,1.270,-0.723
2025-12-05T03:07:44.487032,0.903,-2.215,1.270,-0.723
2025-12-05T03:07:44.524576,0.902,-2.235,1.270,-0.723
2025-12-05T03:07:44.553882,0.901,-2.256,1.270,-0.723
2025-12-05T03:07:44.587449,0.900,-2.276,1.270,-0.723
2025-12-05T03:07:44.616726,0.899,-2.297,1.270,-0.723
2025-12-05T03:07:44.650638,0.898,-2.317,1.270,-0.723
2025-12-05T03:07:44.685616,0.897,-2.338,1.270,-0.723
2025-12-05T03:07:44.721322,0.896,-2.358,1.270,-0.723
2025-12-05T03:07:44.748157,0.895,-2.379,1.270,-0.723
2025-12-05T03:07:44.778741,0.894,-2.399,1.270,-0.723
2025-12-05T03:07:44.814062,0.893,-2.420,1.270,-0.723
2025-12-05T03:07:44.846210,0.892,-2.440,1.270,-0.723
2025-12-05T03:07:44.879186,0.891,-2.461,1.270,-0.723
2025-12-05T03:07:44.912368,0.890,-2.481,1.270,-0.723
2025-12-05T03:07:44.946405,0.889,-2.502,1.270,-0.723
2025-12-05T03:07:44.978004,0.888,-2.522,1.270,-0.723
2025-12-05T03:07:45.013719,0.887,-2.543,1.270,-0.723
2025-12-05T03:07:45.043758,0.886,-2.563,1.270,-0.723
2025-12-05T03:07:45.075666,0.885,-2.584,1.270,-0.723
2025-12-05T03:07:45.104247,0.884,-2.604,1.270,-0.723
2025-12-05T03:07:45.136098,0.883,-2.625,1.270,-0.723
2025-12-05T03:07:45.165247,0.883,-2.627,1.270,-0.703
2025-12-05T03:07:45.200808,0.883,-2.630,1.270,-0.683
2025-12-05T03:07:45.235694,0.883,-2.632,1.270,-0.661
2025-12-05T03:07:45.266773,0.883,-2.634,1.270,-0.639
2025-12-05T03:07:45.300517,0.883,-2.636,1.270,-0.617
2025-12-05T03:07:45.332872,0.883,-2.638,1.270,-0.594
2025-12-05T03:07:45.366605,0.883,-2.640,1.270,-0.571
2025-12-05T03:07:45.390078,0.883,-2.641,1.270,-0.547
2025-12-05T03:07:45.423164,0.883,-2.643,1.270,-0.522
2025-12-05T03:07:45.458054,0.882,-2.644,1.270,-0.498
2025-12-05T03:07:45.494224,0.882,-2.646,1.270,-0.472
2025-12-05T03:07:45.527377,0.882,-2.647,1.270,-0.447
2025-12-05T03:07:45.557924,0.882,-2.648,1.270,-0.421
2025-12-05T03:07:45.592113,0.882,-2.649,1.270,-0.395
2025-12-05T03:07:45.622980,0.882,-2.650,1.270,-0.368
2025-12-05T03:07:45.655541,0.882,-2.651,1.270,-0.341
2025-12-05T03:07:45.688209,0.882,-2.652,1.270,-0.314
2025-12-05T03:07:45.725865,0.882,-2.653,1.270,-0.286
2025-12-05T03:07:45.753997,0.882,-2.654,1.270,-0.259
2025-12-05T03:07:45.786886,0.882,-2.654,1.270,-0.231
2025-12-05T03:07:45.817644,0.882,-2.655,1.270,-0.203
2025-12-05T03:07:45.850810,0.882,-2.656,1.270,-0.174
2025-12-05T03:07:45.884546,0.882,-2.656,1.270,-0.146
2025-12-05T03:07:45.921808,0.882,-2.657,1.270,-0.117
2025-12-05T03:07:45.953238,0.882,-2.657,1.270,-0.089
2025-12-05T03:07:45.982719,0.882,-2.658,1.270,-0.060
2025-12-05T03:07:46.010768,0.882,-2.658,1.270,-0.031
2025-12-05T03:07:46.043741,0.882,-2.659,1.270,-0.002
2025-12-05T03:07:46.073377,0.882,-2.659,1.270,0.026
2025-12-05T03:07:46.106835,0.882,-2.659,1.270,0.055
2025-12-05T03:07:46.135145,0.882,-2.660,1.270,0.084
2025-12-05T03:07:46.173598,0.882,-2.660,1.270,0.113
2025-12-05T03:07:46.211395,0.882,-2.660,1.270,0.141
2025-12-05T03:07:46.240520,0.882,-2.661,1.270,0.170
2025-12-05T03:07:46.278939,0.882,-2.661,1.270,0.198
2025-12-05T03:07:46.313210,0.882,-2.661,1.270,0.226
2025-12-05T03:07:46.339077,0.882,-2.662,1.270,0.254
2025-12-05T03:07:46.375488,0.882,-2.662,1.270,0.282
2025-12-05T03:07:46.406873,0.882,-2.662,1.270,0.309
2025-12-05T03:07:46.436837,0.882,-2.662,1.270,0.337
2025-12-05T03:07:46.469805,0.882,-2.662,1.270,0.363
2025-12-05T03:07:46.496773,0.882,-2.663,1.270,0.390
2025-12-05T03:07:46.527724,0.882,-2.663,1.270,0.417
2025-12-05T03:07:46.564309,0.882,-2.663,1.270,0.443
2025-12-05T03:07:46.590201,0.882,-2.663,1.270,0.468
2025-12-05T03:07:46.625709,0.882,-2.663,1.270,0.493
2025-12-05T03:07:46.664779,0.882,-2.663,1.270,0.518
2025-12-05T03:07:46.695424,0.882,-2.663,1.270,0.543
2025-12-05T03:07:46.728877,0.882,-2.663,1.270,0.567
2025-12-05T03:07:46.763737,0.882,-2.664,1.270,0.590
2025-12-05T03:07:46.795064,0.882,-2.664,1.270,0.613
2025-12-05T03:07:46.824204,0.882,-2.664,1.270,0.636
2025-12-05T03:07:46.860010,0.882,-2.664,1.270,0.658
2025-12-05T03:07:46.892414,0.882,-2.664,1.270,0.679
2025-12-05T03:07:46.926027,0.882,-2.664,1.270,0.700
2025-12-05T03:07:46.961607,0.882,-2.664,1.270,0.720
2025-12-05T03:07:46.995863,0.882,-2.664,1.270,0.740
2025-12-05T03:07:47.023606,0.882,-2.664,1.270,0.759
2025-12-05T03:07:47.050262,0.882,-2.664,1.270,0.777
2025-12-05T03:07:47.081969,0.882,-2.664,1.270,0.795
2025-12-05T03:07:47.112383,0.882,-2.664,1.270,0.812
2025-12-05T03:07:47.146577,0.882,-2.664,1.270,0.829
2025-12-05T03:07:47.176851,0.882,-2.664,1.270,0.844
2025-12-05T03:07:47.217177,0.882,-2.664,1.270,0.860
2025-12-05T03:07:47.249776,0.882,-2.665,1.270,0.874
2025-12-05T03:07:47.281948,0.882,-2.665,1.270,0.888
2025-12-05T03:07:47.315157,0.882,-2.665,1.270,0.900
2025-12-05T03:07:47.345352,0.882,-2.665,1.270,0.913
2025-12-05T03:07:47.376676,0.882,-2.665,1.270,0.924
2025-12-05T03:07:47.410244,0.882,-2.665,1.270,0.935
2025-12-05T03:07:47.444926,0.882,-2.665,1.270,0.944
2025-12-05T03:07:47.473822,0.882,-2.665,1.270,0.954
2025-12-05T03:07:47.511430,0.882,-2.665,1.270,0.962
2025-12-05T03:07:47.541851,0.882,-2.665,1.270,0.969
2025-12-05T03:07:47.574039,0.882,-2.665,1.270,0.976
2025-12-05T03:07:47.606450,0.882,-2.665,1.270,0.982
2025-12-05T03:07:47.632110,0.882,-2.665,1.270,0.987
2025-12-05T03:07:47.670032,0.882,-2.665,1.270,0.991
2025-12-05T03:07:47.702781,0.882,-2.665,1.270,0.995
2025-12-05T03:07:47.732860,0.882,-2.665,1.270,0.997
2025-12-05T03:07:47.783721,0.882,-2.665,1.270,0.999
2025-12-05T03:07:47.806753,0.882,-2.665,1.270,1.000
2025-12-05T03:07:47.843884,0.882,-2.665,1.270,-1.000
2025-12-05T03:07:47.875398,0.882,-2.665,1.270,-0.999
2025-12-05T03:07:47.912168,0.882,-2.665,1.270,-0.998
2025-12-05T03:07:47.932352,0.882,-2.665,1.270,-0.995
2025-12-05T03:07:47.965759,0.882,-2.665,1.270,-0.992
2025-12-05T03:07:47.998836,0.882,-2.665,1.270,-0.988
2025-12-05T03:07:48.032198,0.882,-2.665,1.270,-0.983
2025-12-05T03:07:48.064209,0.882,-2.665,1.270,-0.978
2025-12-05T03:07:48.098806,0.882,-2.665,1.270,-0.971
2025-12-05T03:07:48.129827,0.882,-2.665,1.270,-0.964
2025-12-05T03:07:48.170982,0.882,-2.665,1.270,-0.956
2025-12-05T03:07:48.207620,0.882,-2.665,1.270,-0.947
2025-12-05T03:07:48.237107,0.882,-2.665,1.270,-0.937
2025-12-05T03:07:48.268813,0.882,-2.665,1.270,-0.927
2025-12-05T03:07:48.301770,0.882,-2.665,1.270,-0.916
2025-12-05T03:07:48.333232,0.882,-2.665,1.270,-0.904
2025-12-05T03:07:48.367069,0.882,-2.665,1.270,-0.891
2025-12-05T03:07:48.398147,0.882,-2.665,1.270,-0.877
2025-12-05T03:07:48.428829,0.882,-2.665,1.270,-0.863
2025-12-05T03:07:48.461752,0.882,-2.665,1.270,-0.848
2025-12-05T03:07:48.495907,0.882,-2.665,1.270,-0.833
2025-12-05T03:07:48.525752,0.882,-2.665,1.270,-0.816
2025-12-05T03:07:48.561007,0.882,-2.665,1.270,-0.799
2025-12-05T03:07:48.590351,0.882,-2.665,1.270,-0.782
2025-12-05T03:07:48.621180,0.882,-2.665,1.270,-0.764
2025-12-05T03:07:48.650871,0.882,-2.665,1.270,-0.745
2025-12-05T03:07:48.687987,0.882,-2.665,1.270,-0.725
2025-12-05T03:07:48.716432,0.882,-2.665,1.270,-0.705
2025-12-05T03:07:48.754188,0.882,-2.665,1.270,-0.684
2025-12-05T03:07:48.786883,0.882,-2.665,1.270,-0.663
2025-12-05T03:07:48.819441,0.882,-2.665,1.270,-0.641
2025-12-05T03:07:48.849256,0.882,-2.665,1.270,-0.619
2025-12-05T03:07:48.880894,0.882,-2.665,1.270,-0.596
2025-12-05T03:07:48.911463,0.882,-2.665,1.270,-0.573
2025-12-05T03:07:48.946440,0.882,-2.665,1.270,-0.549
2025-12-05T03:07:48.980983,0.882,-2.665,1.270,-0.524
2025-12-05T03:07:49.017315,0.882,-2.665,1.270,-0.500
2025-12-05T03:07:49.046439,0.882,-2.665,1.270,-0.474
2025-12-05T03:07:49.081085,0.882,-2.665,1.270,-0.449
2025-12-05T03:07:49.112051,0.882,-2.665,1.270,-0.423
2025-12-05T03:07:49.153403,0.882,-2.665,1.270,-0.397
2025-12-05T03:07:49.180432,0.882,-2.665,1.270,-0.370
2025-12-05T03:07:49.211270,0.882,-2.665,1.270,-0.343
2025-12-05T03:07:49.238384,0.882,-2.665,1.270,-0.316
2025-12-05T03:07:49.267988,0.882,-2.665,1.270,-0.289
2025-12-05T03:07:49.303226,0.882,-2.665,1.270,-0.261
2025-12-05T03:07:49.334468,0.882,-2.665,1.270,-0.233
2025-12-05T03:07:49.365853,0.882,-2.665,1.270,-0.205
2025-12-05T03:07:49.401322,0.882,-2.665,1.270,-0.177
2025-12-05T03:07:49.434472,0.882,-2.665,1.270,-0.148
2025-12-05T03:07:49.468101,0.882,-2.665,1.270,-0.120
2025-12-05T03:07:49.506812,0.882,-2.665,1.270,-0.091
2025-12-05T03:07:49.534317,0.882,-2.665,1.270,-0.062
2025-12-05T03:07:49.565184,0.882,-2.665,1.270,-0.034
2025-12-05T03:07:49.598243,0.882,-2.665,1.270,-0.005
2025-12-05T03:07:49.628673,0.882,-2.665,1.270,0.024
2025-12-05T03:07:49.659824,0.882,-2.665,1.270,0.053
2025-12-05T03:07:49.688640,0.882,-2.665,1.270,0.082
2025-12-05T03:07:49.719436,0.882,-2.665,1.270,0.110
2025-12-05T03:07:49.759866,0.882,-2.665,1.270,0.139
2025-12-05T03:07:49.789343,0.882,-2.665,1.270,0.167
2025-12-05T03:07:49.824007,0.882,-2.665,1.270,0.196
2025-12-05T03:07:49.854886,0.882,-2.665,1.270,0.224
2025-12-05T03:07:49.881666,0.882,-2.665,1.270,0.252
2025-12-05T03:07:49.913324,0.882,-2.665,1.270,0.279
2025-12-05T03:07:49.948539,0.882,-2.665,1.270,0.307
2025-12-05T03:07:49.980632,0.882,-2.665,1.270,0.334
2025-12-05T03:07:50.018717,0.882,-2.665,1.270,0.361
2025-12-05T03:07:50.049092,0.882,-2.665,1.270,0.388
2025-12-05T03:07:50.080576,0.882,-2.665,1.270,0.414
2025-12-05T03:07:50.115092,0.882,-2.665,1.270,0.440
2025-12-05T03:07:50.143419,0.882,-2.665,1.270,0.466
2025-12-05T03:07:50.175669,0.882,-2.665,1.270,0.491
2025-12-05T03:07:50.203242,0.882,-2.665,1.270,0.516
2025-12-05T03:07:50.239327,0.882,-2.665,1.270,0.541
2025-12-05T03:07:50.269773,0.882,-2.665,1.270,0.565
2025-12-05T03:07:50.307944,0.882,-2.665,1.270,0.588
2025-12-05T03:07:50.345209,0.882,-2.665,1.270,0.611
2025-12-05T03:07:50.376659,0.882,-2.665,1.270,0.634
2025-12-05T03:07:50.409033,0.882,-2.665,1.270,0.656
2025-12-05T03:07:50.439998,0.882,-2.665,1.270,0.677
2025-12-05T03:07:50.472936,0.882,-2.665,1.270,0.698
2025-12-05T03:07:50.502477,0.882,-2.665,1.270,0.718
2025-12-05T03:07:50.535121,0.882,-2.665,1.270,0.738
2025-12-05T03:07:50.566471,0.882,-2.665,1.270,0.757
2025-12-05T03:07:50.606237,0.882,-2.665,1.270,0.776
2025-12-05T03:07:50.635959,0.882,-2.665,1.270,0.794
2025-12-05T03:07:50.673914,0.882,-2.665,1.270,0.811
2025-12-05T03:07:50.702724,0.882,-2.665,1.270,0.827
2025-12-05T03:07:50.735681,0.882,-2.665,1.270,0.843
2025-12-05T03:07:50.765886,0.882,-2.665,1.270,0.858
2025-12-05T03:07:50.795402,0.882,-2.665,1.270,0.873
2025-12-05T03:07:50.827509,0.882,-2.665,1.270,0.886
2025-12-05T03:07:50.854064,0.882,-2.665,1.270,0.899
2025-12-05T03:07:50.887778,0.882,-2.665,1.270,0.912
2025-12-05T03:07:50.923482,0.882,-2.665,1.270,0.923
2025-12-05T03:07:50.959107,0.882,-2.665,1.270,0.934
2025-12-05T03:07:50.992792,0.882,-2.665,1.270,0.944
2025-12-05T03:07:51.024279,0.882,-2.665,1.270,0.953
2025-12-05T03:07:51.057227,0.882,-2.665,1.270,0.961
2025-12-05T03:07:51.084198,0.882,-2.665,1.270,0.969
2025-12-05T03:07:51.117847,0.882,-2.665,1.270,0.975
2025-12-05T03:07:51.149596,0.882,-2.665,1.270,0.981
2025-12-05T03:07:51.180791,0.882,-2.665,1.270,0.987
2025-12-05T03:07:51.213657,0.882,-2.665,1.270,0.991
2025-12-05T03:07:51.246043,0.882,-2.665,1.270,0.994
2025-12-05T03:07:51.282865,0.882,-2.665,1.270,0.997
2025-12-05T03:07:51.315506,0.882,-2.665,1.270,0.999
2025-12-05T03:07:51.350280,0.882,-2.665,1.270,1.000
2025-12-05T03:07:51.385896,0.882,-2.665,1.270,-1.000
2025-12-05T03:07:51.414768,0.882,-2.665,1.270,-0.999
2025-12-05T03:07:51.450017,0.882,-2.665,1.270,-0.998
2025-12-05T03:07:51.480975,0.882,-2.665,1.270,-0.996
2025-12-05T03:07:51.509690,0.882,-2.665,1.270,-0.992
2025-12-05T03:07:51.540641,0.882,-2.665,1.270,-0.988
2025-12-05T03:07:51.578036,0.882,-2.665,1.270,-0.984
2025-12-05T03:07:51.606884,0.882,-2.665,1.270,-0.978
2025-12-05T03:07:51.643599,0.882,-2.665,1.270,-0.972
2025-12-05T03:07:51.679513,0.882,-2.665,1.270,-0.964
2025-12-05T03:07:51.712807,0.882,-2.665,1.270,-0.956
2025-12-05T03:07:51.741136,0.882,-2.665,1.270,-0.948
2025-12-05T03:07:51.770233,0.882,-2.665,1.270,-0.938
2025-12-05T03:07:51.803179,0.882,-2.665,1.270,-0.928
2025-12-05T03:07:51.836917,0.882,-2.665,1.270,-0.916
2025-12-05T03:07:51.867317,0.882,-2.665,1.270,-0.905
2025-12-05T03:07:51.904702,0.882,-2.665,1.270,-0.892
2025-12-05T03:07:51.932443,0.882,-2.665,1.270,-0.879
2025-12-05T03:07:51.962515,0.882,-2.665,1.270,-0.864
2025-12-05T03:07:51.989856,0.882,-2.665,1.270,-0.850
2025-12-05T03:07:52.025648,0.882,-2.665,1.270,-0.834
2025-12-05T03:07:52.061467,0.882,-2.665,1.270,-0.818
2025-12-05T03:07:52.091607,0.882,-2.665,1.270,-0.801
2025-12-05T03:07:52.125116,0.882,-2.665,1.270,-0.783
2025-12-05T03:07:52.158118,0.882,-2.665,1.270,-0.765
2025-12-05T03:07:52.190145,0.882,-2.665,1.270,-0.746
2025-12-05T03:07:52.221797,0.882,-2.665,1.270,-0.727
2025-12-05T03:07:52.255371,0.882,-2.665,1.270,-0.707
2025-12-05T03:07:52.285904,0.882,-2.665,1.270,-0.686
2025-12-05T03:07:52.320786,0.882,-2.665,1.270,-0.665
2025-12-05T03:07:52.354181,0.882,-2.665,1.270,-0.643
2025-12-05T03:07:52.384749,0.882,-2.665,1.270,-0.621
2025-12-05T03:07:52.421106,0.882,-2.665,1.270,-0.598
2025-12-05T03:07:52.451550,0.882,-2.665,1.270,-0.574
2025-12-05T03:07:52.481429,0.882,-2.665,1.270,-0.551
2025-12-05T03:07:52.514482,0.882,-2.665,1.270,-0.526
2025-12-05T03:07:52.545846,0.882,-2.665,1.270,-0.502
2025-12-05T03:07:52.581973,0.882,-2.665,1.270,-0.477
2025-12-05T03:07:52.616174,0.882,-2.665,1.270,-0.451
2025-12-05T03:07:52.644716,0.882,-2.665,1.270,-0.425
2025-12-05T03:07:52.679367,0.882,-2.665,1.270,-0.399
2025-12-05T03:07:52.711915,0.882,-2.665,1.270,-0.372
2025-12-05T03:07:52.742054,0.882,-2.665,1.270,-0.346
2025-12-05T03:07:52.771370,0.882,-2.665,1.270,-0.318
2025-12-05T03:07:52.807022,0.882,-2.665,1.270,-0.291
2025-12-05T03:07:52.839098,0.882,-2.665,1.270,-0.263
2025-12-05T03:07:52.876753,0.882,-2.665,1.270,-0.235
2025-12-05T03:07:52.907127,0.882,-2.665,1.270,-0.207
2025-12-05T03:07:52.940170,0.882,-2.665,1.270,-0.179
2025-12-05T03:07:52.977328,0.882,-2.665,1.270,-0.151
2025-12-05T03:07:53.007993,0.882,-2.665,1.270,-0.122
2025-12-05T03:07:53.034622,0.882,-2.665,1.270,-0.093
2025-12-05T03:07:53.066864,0.882,-2.665,1.270,-0.065
2025-12-05T03:07:53.097277,0.882,-2.665,1.270,-0.036
2025-12-05T03:07:53.130616,0.882,-2.665,1.270,-0.007
2025-12-05T03:07:53.165994,0.882,-2.665,1.270,0.022
2025-12-05T03:07:53.197496,0.882,-2.665,1.270,0.050
2025-12-05T03:07:53.230579,0.882,-2.665,1.270,0.079
2025-12-05T03:07:53.266294,0.882,-2.665,1.270,0.108
2025-12-05T03:07:53.292510,0.882,-2.665,1.270,0.136
2025-12-05T03:07:53.330000,0.882,-2.665,1.270,0.165
2025-12-05T03:07:53.362253,0.882,-2.665,1.270,0.193
2025-12-05T03:07:53.391940,0.882,-2.665,1.270,0.221
2025-12-05T03:07:53.422709,0.882,-2.665,1.270,0.249
2025-12-05T03:07:53.459077,0.882,-2.665,1.270,0.277
2025-12-05T03:07:53.494985,0.882,-2.665,1.270,0.305
2025-12-05T03:07:53.525731,0.882,-2.665,1.270,0.332
2025-12-05T03:07:53.554494,0.882,-2.665,1.270,0.359
2025-12-05T03:07:53.588494,0.882,-2.665,1.270,0.386
2025-12-05T03:07:53.620198,0.882,-2.665,1.270,0.412
2025-12-05T03:07:53.653610,0.882,-2.665,1.270,0.438
2025-12-05T03:07:53.684030,0.882,-2.665,1.270,0.464
2025-12-05T03:07:53.717681,0.882,-2.665,1.270,0.489
2025-12-05T03:07:53.747403,0.882,-2.665,1.270,0.514
2025-12-05T03:07:53.779110,0.882,-2.665,1.270,0.539
2025-12-05T03:07:53.813679,0.882,-2.665,1.270,0.563
2025-12-05T03:07:53.848964,0.882,-2.665,1.270,0.586
2025-12-05T03:07:53.882749,0.882,-2.665,1.270,0.609
2025-12-05T03:07:53.910141,0.882,-2.665,1.270,0.632
2025-12-05T03:07:53.943966,0.882,-2.665,1.270,0.654
2025-12-05T03:07:53.976121,0.882,-2.665,1.270,0.675
2025-12-05T03:07:54.005997,0.882,-2.665,1.270,0.696
2025-12-05T03:07:54.041351,0.882,-2.665,1.270,0.717
2025-12-05T03:07:54.071690,0.882,-2.665,1.270,0.737
2025-12-05T03:07:54.103923,0.882,-2.665,1.270,0.756
2025-12-05T03:07:54.137534,0.882,-2.665,1.270,0.774
2025-12-05T03:07:54.170848,0.882,-2.665,1.270,0.792
2025-12-05T03:07:54.204461,0.882,-2.665,1.270,0.809
2025-12-05T03:07:54.240097,0.882,-2.665,1.270,0.826
2025-12-05T03:07:54.269949,0.882,-2.665,1.270,0.842
2025-12-05T03:07:54.305042,0.882,-2.665,1.270,0.857
2025-12-05T03:07:54.333131,0.882,-2.665,1.270,0.872
2025-12-05T03:07:54.361428,0.882,-2.665,1.270,0.885
2025-12-05T03:07:54.391702,0.882,-2.665,1.270,0.898
2025-12-05T03:07:54.425497,0.882,-2.665,1.270,0.911
2025-12-05T03:07:54.459554,0.882,-2.665,1.270,0.922
2025-12-05T03:07:54.496391,0.882,-2.665,1.270,0.933
2025-12-05T03:07:54.530339,0.882,-2.665,1.270,0.943
2025-12-05T03:07:54.562302,0.882,-2.665,1.270,0.952
2025-12-05T03:07:54.595411,0.882,-2.665,1.270,0.961
2025-12-05T03:07:54.623145,0.882,-2.665,1.270,0.968
2025-12-05T03:07:54.657895,0.882,-2.665,1.270,0.975
2025-12-05T03:07:54.684113,0.882,-2.665,1.270,0.981
2025-12-05T03:07:54.718268,0.882,-2.665,1.270,0.986
2025-12-05T03:07:54.751271,0.882,-2.665,1.270,0.990
2025-12-05T03:07:54.782272,0.882,-2.665,1.270,0.994
2025-12-05T03:07:54.819333,0.882,-2.665,1.270,0.997
2025-12-05T03:07:54.851620,0.882,-2.665,1.270,0.999
2025-12-05T03:07:54.883788,0.882,-2.665,1.270,1.000
2025-12-05T03:07:54.915961,0.882,-2.665,1.270,-1.000
2025-12-05T03:07:54.947322,0.882,-2.665,1.270,-0.999
2025-12-05T03:07:54.978488,0.882,-2.665,1.270,-0.998
2025-12-05T03:07:55.013843,0.882,-2.665,1.270,-0.996
2025-12-05T03:07:55.041434,0.882,-2.665,1.270,-0.993
2025-12-05T03:07:55.073532,0.882,-2.665,1.270,-0.989
2025-12-05T03:07:55.110430,0.882,-2.665,1.270,-0.984
2025-12-05T03:07:55.143585,0.882,-2.665,1.270,-0.979
2025-12-05T03:07:55.173757,0.882,-2.665,1.270,-0.972
2025-12-05T03:07:55.208686,0.882,-2.665,1.270,-0.965
2025-12-05T03:07:55.236386,0.882,-2.665,1.270,-0.957
2025-12-05T03:07:55.271942,0.882,-2.665,1.270,-0.948
2025-12-05T03:07:55.306062,0.882,-2.665,1.270,-0.939
2025-12-05T03:07:55.338759,0.882,-2.665,1.270,-0.929
2025-12-05T03:07:55.370499,0.882,-2.665,1.270,-0.917
2025-12-05T03:07:55.403074,0.882,-2.665,1.270,-0.906
2025-12-05T03:07:55.438945,0.882,-2.665,1.270,-0.893
2025-12-05T03:07:55.472744,0.882,-2.665,1.270,-0.880
2025-12-05T03:07:55.502140,0.882,-2.665,1.270,-0.866
2025-12-05T03:07:55.533853,0.882,-2.665,1.270,-0.851
2025-12-05T03:07:55.562421,0.882,-2.665,1.270,-0.835
2025-12-05T03:07:55.594177,0.882,-2.665,1.270,-0.819
2025-12-05T03:07:55.625060,0.882,-2.665,1.270,-0.802
2025-12-05T03:07:55.660208,0.882,-2.665,1.270,-0.785
2025-12-05T03:07:55.687808,0.882,-2.665,1.270,-0.767
2025-12-05T03:07:55.721548,0.882,-2.665,1.270,-0.748
2025-12-05T03:07:55.759368,0.882,-2.665,1.270,-0.728
2025-12-05T03:07:55.789460,0.882,-2.665,1.270,-0.708
2025-12-05T03:07:55.824224,0.882,-2.665,1.270,-0.688
2025-12-05T03:07:55.853905,0.882,-2.665,1.270,-0.667
2025-12-05T03:07:55.886361,0.882,-2.665,1.270,-0.645
2025-12-05T03:07:55.921615,0.882,-2.665,1.270,-0.623
2025-12-05T03:07:55.953596,0.882,-2.665,1.270,-0.600
2025-12-05T03:07:55.982183,0.882,-2.665,1.270,-0.576
2025-12-05T03:07:56.018873,0.882,-2.665,1.270,-0.553
2025-12-05T03:07:56.050470,0.882,-2.665,1.270,-0.528
2025-12-05T03:07:56.083894,0.882,-2.665,1.270,-0.504
2025-12-05T03:07:56.113341,0.882,-2.665,1.270,-0.479
2025-12-05T03:07:56.141542,0.882,-2.665,1.270,-0.453
2025-12-05T03:07:56.176154,0.882,-2.665,1.270,-0.427
2025-12-05T03:07:56.211506,0.882,-2.665,1.270,-0.401
2025-12-05T03:07:56.242339,0.882,-2.665,1.270,-0.375
2025-12-05T03:07:56.274811,0.882,-2.665,1.270,-0.348
2025-12-05T03:07:56.312424,0.882,-2.665,1.270,-0.321
2025-12-05T03:07:56.343362,0.882,-2.665,1.270,-0.293
2025-12-05T03:07:56.376866,0.882,-2.665,1.270,-0.266
2025-12-05T03:07:56.410052,0.882,-2.665,1.270,-0.238
2025-12-05T03:07:56.439752,0.882,-2.665,1.270,-0.210
2025-12-05T03:07:56.474973,0.882,-2.665,1.270,-0.181
2025-12-05T03:07:56.509144,0.882,-2.665,1.270,-0.153
2025-12-05T03:07:56.548160,0.882,-2.665,1.270,-0.124
2025-12-05T03:07:56.573435,0.882,-2.665,1.270,-0.096
2025-12-05T03:07:56.604210,0.882,-2.665,1.270,-0.067
2025-12-05T03:07:56.633841,0.882,-2.665,1.270,-0.038
2025-12-05T03:07:56.666396,0.882,-2.665,1.270,-0.010
2025-12-05T03:07:56.702834,0.882,-2.665,1.270,0.019
2025-12-05T03:07:56.734425,0.882,-2.665,1.270,0.048
2025-12-05T03:07:56.764417,0.882,-2.665,1.270,0.077
2025-12-05T03:07:56.799768,0.882,-2.665,1.270,0.105
2025-12-05T03:07:56.826125,0.882,-2.665,1.270,0.134
2025-12-05T03:07:56.859362,0.882,-2.665,1.270,0.163
2025-12-05T03:07:56.891523,0.882,-2.665,1.270,0.191
2025-12-05T03:07:56.924410,0.882,-2.665,1.270,0.219
2025-12-05T03:07:56.960645,0.882,-2.665,1.270,0.247
2025-12-05T03:07:56.993332,0.882,-2.665,1.270,0.275
2025-12-05T03:07:57.023486,0.882,-2.665,1.270,0.302
2025-12-05T03:07:57.054902,0.882,-2.665,1.270,0.330
2025-12-05T03:07:57.086027,0.882,-2.665,1.270,0.357
2025-12-05T03:07:57.119278,0.882,-2.665,1.270,0.384
2025-12-05T03:07:57.148504,0.882,-2.665,1.270,0.410
2025-12-05T03:07:57.184384,0.882,-2.665,1.270,0.436
2025-12-05T03:07:57.217392,0.882,-2.665,1.270,0.462
2025-12-05T03:07:57.251208,0.882,-2.665,1.270,0.487
2025-12-05T03:07:57.282165,0.882,-2.665,1.270,0.512
2025-12-05T03:07:57.310727,0.890,-2.649,1.270,0.512
2025-12-05T03:07:57.345221,0.899,-2.633,1.270,0.512
2025-12-05T03:07:57.375720,0.907,-2.617,1.270,0.512
2025-12-05T03:07:57.409910,0.916,-2.601,1.270,0.512
2025-12-05T03:07:57.442549,0.925,-2.585,1.270,0.512
2025-12-05T03:07:57.477846,0.934,-2.568,1.270,0.512
2025-12-05T03:07:57.510507,0.943,-2.552,1.270,0.512
2025-12-05T03:07:57.543489,0.952,-2.535,1.270,0.512
2025-12-05T03:07:57.573512,0.961,-2.519,1.270,0.512
2025-12-05T03:07:57.608451,0.970,-2.502,1.270,0.512
2025-12-05T03:07:57.635461,0.979,-2.485,1.270,0.512
2025-12-05T03:07:57.669188,0.988,-2.468,1.270,0.512
2025-12-05T03:07:57.702433,0.997,-2.451,1.270,0.512
2025-12-05T03:07:57.734660,1.006,-2.434,1.270,0.512
2025-12-05T03:07:57.767592,1.016,-2.417,1.270,0.512
2025-12-05T03:07:57.805132,1.025,-2.400,1.270,0.512
2025-12-05T03:07:57.836678,1.034,-2.382,1.270,0.512
2025-12-05T03:07:57.869530,1.044,-2.365,1.270,0.512
2025-12-05T03:07:57.901740,1.053,-2.348,1.270,0.512
2025-12-05T03:07:57.931853,1.062,-2.330,1.270,0.512
2025-12-05T03:07:57.960685,1.072,-2.313,1.270,0.512
2025-12-05T03:07:57.992398,1.081,-2.295,1.270,0.512
2025-12-05T03:07:58.024304,1.091,-2.278,1.270,0.512
2025-12-05T03:07:58.058633,1.100,-2.260,1.270,0.512
2025-12-05T03:07:58.093878,1.110,-2.243,1.270,0.512
2025-12-05T03:07:58.127014,1.119,-2.225,1.270,0.512
2025-12-05T03:07:58.159491,1.129,-2.208,1.270,0.512
2025-12-05T03:07:58.193239,1.138,-2.190,1.270,0.512
2025-12-05T03:07:58.222294,1.148,-2.172,1.270,0.512
2025-12-05T03:07:58.255316,1.157,-2.155,1.270,0.512
2025-12-05T03:07:58.282540,1.167,-2.137,1.270,0.512
2025-12-05T03:07:58.318209,1.177,-2.119,1.270,0.512
2025-12-05T03:07:58.350019,1.186,-2.101,1.270,0.512
2025-12-05T03:07:58.386065,1.187,-2.099,1.270,0.537
2025-12-05T03:07:58.417246,1.188,-2.097,1.270,0.561
2025-12-05T03:07:58.452950,1.189,-2.096,1.270,0.584
2025-12-05T03:07:58.483225,1.190,-2.094,1.270,0.607
2025-12-05T03:07:58.515504,1.191,-2.092,1.270,0.630
2025-12-05T03:07:58.548914,1.192,-2.091,1.270,0.652
2025-12-05T03:07:58.582148,1.193,-2.090,1.270,0.674
2025-12-05T03:07:58.609557,1.193,-2.088,1.270,0.695
2025-12-05T03:07:58.645289,1.194,-2.087,1.270,0.715
2025-12-05T03:07:58.680057,1.195,-2.086,1.270,0.735
2025-12-05T03:07:58.712787,1.195,-2.085,1.270,0.754
2025-12-05T03:07:58.742358,1.196,-2.084,1.270,0.773
2025-12-05T03:07:58.773401,1.196,-2.083,1.270,0.791
2025-12-05T03:07:58.807804,1.197,-2.082,1.270,0.808
2025-12-05T03:07:58.836454,1.197,-2.081,1.270,0.825
2025-12-05T03:07:58.870955,1.197,-2.081,1.270,0.841
2025-12-05T03:07:58.904589,1.198,-2.080,1.270,0.856
2025-12-05T03:07:58.935724,1.198,-2.079,1.270,0.870
2025-12-05T03:07:58.971342,1.198,-2.079,1.270,0.884
2025-12-05T03:07:59.002025,1.199,-2.078,1.270,0.897
2025-12-05T03:07:59.036500,1.199,-2.078,1.270,0.910
2025-12-05T03:07:59.068047,1.199,-2.077,1.270,0.921
2025-12-05T03:07:59.099799,1.200,-2.077,1.270,0.932
2025-12-05T03:07:59.127746,1.200,-2.076,1.270,0.942
2025-12-05T03:07:59.158876,1.200,-2.076,1.270,0.951
2025-12-05T03:07:59.193733,1.200,-2.075,1.270,0.960
2025-12-05T03:07:59.226751,1.185,-2.065,1.270,0.960
2025-12-05T03:07:59.257796,1.170,-2.055,1.270,0.960
2025-12-05T03:07:59.291174,1.155,-2.045,1.270,0.960
2025-12-05T03:07:59.321707,1.140,-2.035,1.270,0.960
2025-12-05T03:07:59.350580,1.124,-2.025,1.270,0.960
2025-12-05T03:07:59.388418,1.109,-2.014,1.270,0.960
2025-12-05T03:07:59.419867,1.093,-2.004,1.270,0.960
2025-12-05T03:07:59.451541,1.077,-1.994,1.270,0.960
2025-12-05T03:07:59.487981,1.061,-1.983,1.270,0.960
2025-12-05T03:07:59.519143,1.045,-1.973,1.270,0.960
2025-12-05T03:07:59.553032,1.029,-1.962,1.270,0.960
2025-12-05T03:07:59.579065,1.013,-1.952,1.270,0.960
2025-12-05T03:07:59.610386,0.997,-1.941,1.270,0.960
2025-12-05T03:07:59.642396,0.981,-1.930,1.270,0.960
2025-12-05T03:07:59.680220,0.964,-1.920,1.270,0.960
2025-12-05T03:07:59.710645,0.948,-1.909,1.270,0.960
2025-12-05T03:07:59.743612,0.932,-1.898,1.270,0.960
2025-12-05T03:07:59.774808,0.915,-1.888,1.270,0.960
2025-12-05T03:07:59.806064,0.899,-1.877,1.270,0.960
2025-12-05T03:07:59.838416,0.897,-1.876,1.270,0.968
2025-12-05T03:07:59.870655,0.896,-1.875,1.270,0.974
2025-12-05T03:07:59.907108,0.894,-1.874,1.270,0.980
2025-12-05T03:07:59.939374,0.893,-1.873,1.270,0.986
2025-12-05T03:07:59.980211,0.892,-1.872,1.270,0.990
2025-12-05T03:08:00.005271,0.891,-1.871,1.270,0.994
2025-12-05T03:08:00.039099,0.890,-1.871,1.270,0.997
2025-12-05T03:08:00.072252,0.889,-1.870,1.270,0.999
2025-12-05T03:08:00.103367,0.888,-1.869,1.270,1.000
2025-12-05T03:08:00.132935,0.887,-1.869,1.270,-1.000
2025-12-05T03:08:00.168491,0.886,-1.868,1.270,-0.999
2025-12-05T03:08:00.203098,0.886,-1.868,1.270,-0.998
2025-12-05T03:08:00.233789,0.885,-1.867,1.270,-0.996
2025-12-05T03:08:00.265503,0.884,-1.867,1.270,-0.993
2025-12-05T03:08:00.294048,0.884,-1.866,1.270,-0.989
2025-12-05T03:08:00.323264,0.883,-1.866,1.270,-0.984
2025-12-05T03:08:00.360462,0.883,-1.865,1.270,-0.979
2025-12-05T03:08:00.393794,0.882,-1.865,1.270,-0.973
2025-12-05T03:08:00.420645,0.882,-1.865,1.270,-0.966
2025-12-05T03:08:00.460668,0.881,-1.864,1.270,-0.958
2025-12-05T03:08:00.489803,0.881,-1.864,1.270,-0.949
2025-12-05T03:08:00.526244,0.880,-1.864,1.270,-0.940
2025-12-05T03:08:00.555909,0.880,-1.864,1.270,-0.929
2025-12-05T03:08:00.587240,0.880,-1.863,1.270,-0.918
2025-12-05T03:08:00.619060,0.879,-1.863,1.270,-0.907
2025-12-05T03:08:00.654196,0.879,-1.863,1.270,-0.894
2025-12-05T03:08:00.681753,0.879,-1.863,1.270,-0.881
2025-12-05T03:08:00.718650,0.879,-1.863,1.270,-0.867
2025-12-05T03:08:00.745172,0.878,-1.862,1.270,-0.852
2025-12-05T03:08:00.783640,0.878,-1.862,1.270,-0.837
2025-12-05T03:08:00.813571,0.878,-1.862,1.270,-0.821
2025-12-05T03:08:00.847541,0.878,-1.862,1.270,-0.804
2025-12-05T03:08:00.878293,0.878,-1.862,1.270,-0.786
2025-12-05T03:08:00.910999,0.877,-1.862,1.270,-0.768
2025-12-05T03:08:00.940788,0.877,-1.862,1.270,-0.749
2025-12-05T03:08:00.976982,0.877,-1.861,1.270,-0.730
2025-12-05T03:08:01.010338,0.877,-1.861,1.270,-0.710
2025-12-05T03:08:01.043985,0.877,-1.861,1.270,-0.689
2025-12-05T03:08:01.076885,0.877,-1.861,1.270,-0.668
2025-12-05T03:08:01.107306,0.877,-1.861,1.270,-0.647
2025-12-05T03:08:01.142739,0.877,-1.861,1.270,-0.624
2025-12-05T03:08:01.169750,0.876,-1.861,1.270,-0.602
2025-12-05T03:08:01.202135,0.876,-1.861,1.270,-0.578
2025-12-05T03:08:01.231932,0.876,-1.861,1.270,-0.555
2025-12-05T03:08:01.268974,0.876,-1.861,1.270,-0.530
2025-12-05T03:08:01.298510,0.876,-1.861,1.270,-0.506
2025-12-05T03:08:01.330178,0.876,-1.861,1.270,-0.481
2025-12-05T03:08:01.368872,0.876,-1.861,1.270,-0.455
2025-12-05T03:08:01.402337,0.876,-1.861,1.270,-0.430
2025-12-05T03:08:01.433857,0.876,-1.860,1.270,-0.403
2025-12-05T03:08:01.465730,0.876,-1.860,1.270,-0.377
2025-12-05T03:08:01.491486,0.876,-1.860,1.270,-0.350
2025-12-05T03:08:01.520583,0.876,-1.860,1.270,-0.323
2025-12-05T03:08:01.558749,0.876,-1.860,1.270,-0.295
2025-12-05T03:08:01.589802,0.876,-1.860,1.270,-0.268
2025-12-05T03:08:01.624535,0.876,-1.860,1.270,-0.240
2025-12-05T03:08:01.661404,0.876,-1.860,1.270,-0.212
2025-12-05T03:08:01.692047,0.875,-1.860,1.270,-0.184
2025-12-05T03:08:01.723398,0.875,-1.860,1.270,-0.155
2025-12-05T03:08:01.755851,0.875,-1.860,1.270,-0.127
2025-12-05T03:08:01.786410,0.875,-1.860,1.270,-0.098
2025-12-05T03:08:01.820502,0.875,-1.860,1.270,-0.070
2025-12-05T03:08:01.848295,0.875,-1.860,1.270,-0.041
2025-12-05T03:08:01.881156,0.875,-1.860,1.270,-0.012
2025-12-05T03:08:01.916955,0.875,-1.860,1.270,0.017
2025-12-05T03:08:01.952062,0.875,-1.860,1.270,0.046
2025-12-05T03:08:01.984275,0.875,-1.860,1.270,0.074
2025-12-05T03:08:02.018443,0.875,-1.860,1.270,0.103
2025-12-05T03:08:02.050019,0.875,-1.860,1.270,0.132
2025-12-05T03:08:02.082213,0.875,-1.860,1.270,0.160
2025-12-05T03:08:02.111937,0.875,-1.860,1.270,0.189
2025-12-05T03:08:02.142484,0.875,-1.860,1.270,0.217
2025-12-05T03:08:02.175452,0.891,-1.852,1.270,0.217
2025-12-05T03:08:02.211062,0.908,-1.845,1.270,0.217
2025-12-05T03:08:02.247539,0.924,-1.837,1.270,0.217
2025-12-05T03:08:02.277265,0.941,-1.829,1.270,0.217
2025-12-05T03:08:02.313349,0.958,-1.821,1.270,0.217
2025-12-05T03:08:02.346127,0.975,-1.813,1.270,0.217
2025-12-05T03:08:02.376505,0.992,-1.806,1.270,0.217
2025-12-05T03:08:02.407106,1.009,-1.798,1.270,0.217
2025-12-05T03:08:02.437307,1.026,-1.790,1.270,0.217
2025-12-05T03:08:02.467033,1.043,-1.781,1.270,0.217
2025-12-05T03:08:02.496611,1.061,-1.773,1.270,0.217
2025-12-05T03:08:02.531339,1.078,-1.765,1.270,0.217
2025-12-05T03:08:02.564913,1.096,-1.757,1.270,0.217
2025-12-05T03:08:02.597856,1.113,-1.749,1.270,0.217
2025-12-05T03:08:02.631018,1.131,-1.741,1.270,0.217
2025-12-05T03:08:02.663328,1.148,-1.732,1.270,0.217
2025-12-05T03:08:02.693362,1.166,-1.724,1.270,0.217
2025-12-05T03:08:02.727839,1.184,-1.716,1.270,0.217
2025-12-05T03:08:02.756455,1.202,-1.707,1.270,0.217
2025-12-05T03:08:02.794514,1.220,-1.699,1.270,0.217
2025-12-05T03:08:02.821059,1.238,-1.691,1.270,0.217
2025-12-05T03:08:02.858932,1.256,-1.682,1.270,0.217
2025-12-05T03:08:02.890777,1.274,-1.674,1.270,0.217
2025-12-05T03:08:02.922445,1.292,-1.665,1.270,0.217
2025-12-05T03:08:02.953105,1.310,-1.657,1.270,0.217
2025-12-05T03:08:02.985152,1.328,-1.648,1.270,0.217
2025-12-05T03:08:03.013390,1.346,-1.640,1.270,0.217
2025-12-05T03:08:03.048748,1.364,-1.631,1.270,0.217
2025-12-05T03:08:03.081983,1.383,-1.623,1.270,0.217
2025-12-05T03:08:03.116295,1.401,-1.614,1.270,0.217
2025-12-05T03:08:03.145829,1.419,-1.606,1.270,0.217
2025-12-05T03:08:03.179071,1.437,-1.597,1.270,0.217
2025-12-05T03:08:03.209602,1.456,-1.589,1.270,0.217
2025-12-05T03:08:03.242872,1.474,-1.580,1.270,0.217
2025-12-05T03:08:03.274925,1.492,-1.572,1.270,0.217
2025-12-05T03:08:03.305961,1.494,-1.571,1.270,0.189
2025-12-05T03:08:03.342927,1.496,-1.570,1.270,0.160
2025-12-05T03:08:03.377773,1.498,-1.569,1.270,0.132
2025-12-05T03:08:03.409880,1.500,-1.568,1.270,0.103
2025-12-05T03:08:03.438962,1.502,-1.567,1.270,0.074
2025-12-05T03:08:03.469943,1.503,-1.567,1.270,0.046
2025-12-05T03:08:03.502096,1.505,-1.566,1.270,0.017
2025-12-05T03:08:03.536067,1.506,-1.565,1.270,-0.012
2025-12-05T03:08:03.573773,1.507,-1.565,1.270,-0.041
2025-12-05T03:08:03.602632,1.508,-1.564,1.270,-0.070
2025-12-05T03:08:03.636099,1.509,-1.564,1.270,-0.098
2025-12-05T03:08:03.666536,1.510,-1.563,1.270,-0.127
2025-12-05T03:08:03.698046,1.511,-1.563,1.270,-0.155
2025-12-05T03:08:03.728754,1.512,-1.562,1.270,-0.184
2025-12-05T03:08:03.763310,1.513,-1.562,1.270,-0.212
2025-12-05T03:08:03.790367,1.514,-1.561,1.270,-0.240
2025-12-05T03:08:03.826859,1.515,-1.561,1.270,-0.268
2025-12-05T03:08:03.858121,1.515,-1.561,1.270,-0.295
2025-12-05T03:08:03.892878,1.516,-1.561,1.270,-0.323
2025-12-05T03:08:03.927209,1.517,-1.560,1.270,-0.350
2025-12-05T03:08:03.960954,1.517,-1.560,1.270,-0.377
2025-12-05T03:08:03.993354,1.518,-1.560,1.270,-0.403
2025-12-05T03:08:04.025842,1.518,-1.560,1.270,-0.430
2025-12-05T03:08:04.055091,1.519,-1.559,1.270,-0.455
2025-12-05T03:08:04.086200,1.519,-1.559,1.270,-0.481
2025-12-05T03:08:04.115867,1.519,-1.559,1.270,-0.506
2025-12-05T03:08:04.149504,1.520,-1.559,1.270,-0.530
2025-12-05T03:08:04.182447,1.520,-1.559,1.270,-0.555
2025-12-05T03:08:04.222295,1.521,-1.558,1.270,-0.578
2025-12-05T03:08:04.251264,1.521,-1.558,1.270,-0.602
2025-12-05T03:08:04.286367,1.521,-1.558,1.270,-0.624
2025-12-05T03:08:04.316520,1.521,-1.558,1.270,-0.647
2025-12-05T03:08:04.345262,1.522,-1.558,1.270,-0.668
2025-12-05T03:08:04.377722,1.522,-1.558,1.270,-0.689
2025-12-05T03:08:04.415029,1.522,-1.558,1.270,-0.710
2025-12-05T03:08:04.446285,1.522,-1.558,1.270,-0.730
2025-12-05T03:08:04.480032,1.522,-1.557,1.270,-0.749
2025-12-05T03:08:04.510878,1.523,-1.557,1.270,-0.768
2025-12-05T03:08:04.539825,1.523,-1.557,1.270,-0.786
2025-12-05T03:08:04.572860,1.523,-1.557,1.270,-0.804
2025-12-05T03:08:04.605076,1.523,-1.557,1.270,-0.821
2025-12-05T03:08:04.637500,1.523,-1.557,1.270,-0.837
2025-12-05T03:08:04.672894,1.523,-1.557,1.270,-0.852
2025-12-05T03:08:04.705430,1.524,-1.557,1.270,-0.867
2025-12-05T03:08:04.738203,1.524,-1.557,1.270,-0.881
2025-12-05T03:08:04.770982,1.524,-1.557,1.270,-0.894
2025-12-05T03:08:04.808119,1.524,-1.557,1.270,-0.907
2025-12-05T03:08:04.834486,1.524,-1.557,1.270,-0.918
2025-12-05T03:08:04.866990,1.524,-1.557,1.270,-0.929
2025-12-05T03:08:04.896780,1.524,-1.557,1.270,-0.940
2025-12-05T03:08:04.930914,1.524,-1.557,1.270,-0.949
2025-12-05T03:08:04.963320,1.524,-1.557,1.270,-0.958
2025-12-05T03:08:04.995624,1.524,-1.557,1.270,-0.966
2025-12-05T03:08:05.031049,1.524,-1.557,1.270,-0.973
2025-12-05T03:08:05.064725,1.524,-1.557,1.270,-0.979
2025-12-05T03:08:05.094818,1.525,-1.557,1.270,-0.984
2025-12-05T03:08:05.124978,1.525,-1.556,1.270,-0.989
2025-12-05T03:08:05.158697,1.525,-1.556,1.270,-0.993
2025-12-05T03:08:05.191418,1.525,-1.556,1.270,-0.996
2025-12-05T03:08:05.225880,1.525,-1.556,1.270,-0.998
2025-12-05T03:08:05.257522,1.525,-1.556,1.270,-0.999
2025-12-05T03:08:05.289253,1.525,-1.556,1.270,-1.000
2025-12-05T03:08:05.326619,1.525,-1.556,1.270,1.000
2025-12-05T03:08:05.359980,1.525,-1.556,1.270,0.999
2025-12-05T03:08:05.391294,1.525,-1.556,1.270,0.997
2025-12-05T03:08:05.421121,1.525,-1.556,1.270,0.994
2025-12-05T03:08:05.454251,1.525,-1.556,1.270,0.990
2025-12-05T03:08:05.483800,1.525,-1.556,1.270,0.986
2025-12-05T03:08:05.514087,1.525,-1.556,1.270,0.980
2025-12-05T03:08:05.545301,1.525,-1.556,1.270,0.974
2025-12-05T03:08:05.578251,1.525,-1.556,1.270,0.968
2025-12-05T03:08:05.608032,1.525,-1.556,1.270,0.960
2025-12-05T03:08:05.642984,1.525,-1.556,1.270,0.951
2025-12-05T03:08:05.680524,1.525,-1.556,1.270,0.942
2025-12-05T03:08:05.715355,1.525,-1.556,1.270,0.932
2025-12-05T03:08:05.743742,1.525,-1.556,1.270,0.921
2025-12-05T03:08:05.776375,1.525,-1.556,1.270,0.910
2025-12-05T03:08:05.810274,1.525,-1.556,1.270,0.897
2025-12-05T03:08:05.841824,1.525,-1.556,1.270,0.884
2025-12-05T03:08:05.873412,1.525,-1.556,1.270,0.870
2025-12-05T03:08:05.907170,1.525,-1.556,1.270,0.856
2025-12-05T03:08:05.939193,1.525,-1.556,1.270,0.841
2025-12-05T03:08:05.970848,1.525,-1.556,1.270,0.825
2025-12-05T03:08:06.004433,1.525,-1.556,1.270,0.808
2025-12-05T03:08:06.038528,1.525,-1.556,1.270,0.791
2025-12-05T03:08:06.070160,1.525,-1.556,1.270,0.773
2025-12-05T03:08:06.102244,1.525,-1.556,1.270,0.754
2025-12-05T03:08:06.136766,1.525,-1.556,1.270,0.735
2025-12-05T03:08:06.184293,1.525,-1.556,1.270,0.715
2025-12-05T03:08:06.212866,1.525,-1.556,1.270,0.695
2025-12-05T03:08:06.242541,1.525,-1.556,1.270,0.674
2025-12-05T03:08:06.271130,1.525,-1.556,1.270,0.652
2025-12-05T03:08:06.303224,1.525,-1.556,1.270,0.630
2025-12-05T03:08:06.326022,1.525,-1.556,1.270,0.607
2025-12-05T03:08:06.360462,1.525,-1.556,1.270,0.584
2025-12-05T03:08:06.390931,1.525,-1.556,1.270,0.561
2025-12-05T03:08:06.424910,1.525,-1.556,1.270,0.537
2025-12-05T03:08:06.459227,1.525,-1.556,1.270,0.512
2025-12-05T03:08:06.489214,1.525,-1.556,1.270,0.487
2025-12-05T03:08:06.523488,1.525,-1.556,1.270,0.462
2025-12-05T03:08:06.557349,1.525,-1.556,1.270,0.436
2025-12-05T03:08:06.583855,1.525,-1.556,1.270,0.410
2025-12-05T03:08:06.623149,1.525,-1.556,1.270,0.384
2025-12-05T03:08:06.654249,1.525,-1.556,1.270,0.357
2025-12-05T03:08:06.681761,1.525,-1.556,1.270,0.330
2025-12-05T03:08:06.718383,1.525,-1.556,1.270,0.302
2025-12-05T03:08:06.749719,1.525,-1.556,1.270,0.275
2025-12-05T03:08:06.782533,1.525,-1.556,1.270,0.247
2025-12-05T03:08:06.815456,1.525,-1.556,1.270,0.219
2025-12-05T03:08:06.844381,1.525,-1.556,1.270,0.191
2025-12-05T03:08:06.877648,1.525,-1.556,1.270,0.163
2025-12-05T03:08:06.907409,1.525,-1.556,1.270,0.134
2025-12-05T03:08:06.944096,1.525,-1.556,1.270,0.105
2025-12-05T03:08:06.978043,1.525,-1.556,1.270,0.077
2025-12-05T03:08:07.010878,1.525,-1.556,1.270,0.048
2025-12-05T03:08:07.039673,1.525,-1.556,1.270,0.019
2025-12-05T03:08:07.076012,1.525,-1.556,1.270,-0.010
2025-12-05T03:08:07.105779,1.525,-1.556,1.270,-0.038
2025-12-05T03:08:07.133756,1.525,-1.556,1.270,-0.067
2025-12-05T03:08:07.171986,1.525,-1.556,1.270,-0.096
2025-12-05T03:08:07.203838,1.525,-1.556,1.270,-0.124
2025-12-05T03:08:07.237926,1.525,-1.556,1.270,-0.153
2025-12-05T03:08:07.268758,1.525,-1.556,1.270,-0.181
2025-12-05T03:08:07.302862,1.525,-1.556,1.270,-0.210
2025-12-05T03:08:07.335908,1.525,-1.556,1.270,-0.238
2025-12-05T03:08:07.367045,1.525,-1.556,1.270,-0.266
2025-12-05T03:08:07.395117,1.525,-1.556,1.270,-0.293
2025-12-05T03:08:07.425662,1.525,-1.556,1.270,-0.321
2025-12-05T03:08:07.455846,1.525,-1.556,1.270,-0.348
2025-12-05T03:08:07.490249,1.525,-1.556,1.270,-0.375
2025-12-05T03:08:07.525959,1.525,-1.556,1.270,-0.401
2025-12-05T03:08:07.557552,1.525,-1.556,1.270,-0.427
2025-12-05T03:08:07.588930,1.525,-1.556,1.270,-0.453
2025-12-05T03:08:07.626691,1.525,-1.556,1.270,-0.479
2025-12-05T03:08:07.660471,1.525,-1.556,1.270,-0.504
2025-12-05T03:08:07.690493,1.525,-1.556,1.270,-0.528
2025-12-05T03:08:07.723323,1.525,-1.556,1.270,-0.553
2025-12-05T03:08:07.754762,1.525,-1.556,1.270,-0.576
2025-12-05T03:08:07.786292,1.525,-1.556,1.270,-0.600
2025-12-05T03:08:07.821167,1.525,-1.556,1.270,-0.623
2025-12-05T03:08:07.850499,1.525,-1.556,1.270,-0.645
2025-12-05T03:08:07.884130,1.525,-1.556,1.270,-0.667
2025-12-05T03:08:07.917396,1.525,-1.556,1.270,-0.688
2025-12-05T03:08:07.949974,1.525,-1.556,1.270,-0.708
2025-12-05T03:08:07.983750,1.525,-1.574,1.270,-0.708
2025-12-05T03:08:08.011039,1.525,-1.592,1.270,-0.708
2025-12-05T03:08:08.042589,1.525,-1.610,1.270,-0.708
2025-12-05T03:08:08.075885,1.525,-1.629,1.270,-0.708
2025-12-05T03:08:08.112436,1.525,-1.647,1.270,-0.708
2025-12-05T03:08:08.144259,1.525,-1.666,1.270,-0.708
2025-12-05T03:08:08.175112,1.525,-1.685,1.270,-0.708
2025-12-05T03:08:08.226150,1.525,-1.704,1.270,-0.708
2025-12-05T03:08:08.243067,1.525,-1.723,1.270,-0.708
2025-12-05T03:08:08.282044,1.525,-1.742,1.270,-0.708
2025-12-05T03:08:08.314837,1.525,-1.761,1.270,-0.708
2025-12-05T03:08:08.347420,1.525,-1.780,1.270,-0.708
2025-12-05T03:08:08.375807,1.524,-1.799,1.270,-0.708
2025-12-05T03:08:08.404950,1.524,-1.819,1.270,-0.708
2025-12-05T03:08:08.433673,1.524,-1.838,1.270,-0.708
2025-12-05T03:08:08.463802,1.524,-1.858,1.270,-0.708
2025-12-05T03:08:08.492470,1.524,-1.877,1.270,-0.708
2025-12-05T03:08:08.524017,1.524,-1.897,1.270,-0.708
2025-12-05T03:08:08.561441,1.524,-1.917,1.270,-0.708
2025-12-05T03:08:08.596437,1.524,-1.937,1.270,-0.708
2025-12-05T03:08:08.625890,1.524,-1.921,1.270,-0.708
2025-12-05T03:08:08.658254,1.524,-1.904,1.270,-0.708
2025-12-05T03:08:08.688889,1.524,-1.888,1.270,-0.708
2025-12-05T03:08:08.725795,1.524,-1.871,1.270,-0.708
2025-12-05T03:08:08.755421,1.524,-1.854,1.270,-0.708
2025-12-05T03:08:08.786364,1.524,-1.837,1.270,-0.708
2025-12-05T03:08:08.823783,1.524,-1.819,1.270,-0.708
2025-12-05T03:08:08.854050,1.524,-1.801,1.270,-0.708
2025-12-05T03:08:08.887908,1.525,-1.784,1.270,-0.708
2025-12-05T03:08:08.918453,1.525,-1.765,1.270,-0.708
2025-12-05T03:08:08.952902,1.525,-1.747,1.270,-0.708
2025-12-05T03:08:08.977631,1.525,-1.729,1.270,-0.708
2025-12-05T03:08:09.015599,1.525,-1.710,1.270,-0.708
2025-12-05T03:08:09.046110,1.525,-1.692,1.270,-0.708
2025-12-05T03:08:09.076505,1.525,-1.673,1.270,-0.708
2025-12-05T03:08:09.116013,1.525,-1.654,1.270,-0.708
2025-12-05T03:08:09.147526,1.525,-1.635,1.270,-0.708
2025-12-05T03:08:09.180218,1.525,-1.616,1.270,-0.708
2025-12-05T03:08:09.216393,1.525,-1.597,1.270,-0.708
2025-12-05T03:08:09.245895,1.525,-1.578,1.270,-0.708
2025-12-05T03:08:09.276975,1.525,-1.559,1.270,-0.708
2025-12-05T03:08:09.309279,1.525,-1.539,1.270,-0.708
2025-12-05T03:08:09.344031,1.525,-1.520,1.270,-0.708
2025-12-05T03:08:09.377696,1.526,-1.500,1.270,-0.708
2025-12-05T03:08:09.413261,1.526,-1.481,1.270,-0.708
2025-12-05T03:08:09.444907,1.526,-1.461,1.270,-0.708
2025-12-05T03:08:09.475270,1.526,-1.441,1.270,-0.708
2025-12-05T03:08:09.513592,1.526,-1.422,1.270,-0.708
2025-12-05T03:08:09.536139,1.526,-1.402,1.270,-0.708
2025-12-05T03:08:09.572382,1.526,-1.382,1.270,-0.708
2025-12-05T03:08:09.606663,1.526,-1.362,1.270,-0.708
2025-12-05T03:08:09.636056,1.526,-1.342,1.270,-0.708
2025-12-05T03:08:09.671016,1.526,-1.322,1.270,-0.708
2025-12-05T03:08:09.701433,1.526,-1.302,1.270,-0.708
2025-12-05T03:08:09.736958,1.526,-1.282,1.270,-0.708
2025-12-05T03:08:09.769913,1.526,-1.262,1.270,-0.708
2025-12-05T03:08:09.796076,1.526,-1.242,1.270,-0.708
2025-12-05T03:08:09.829022,1.527,-1.222,1.270,-0.708
2025-12-05T03:08:09.858938,1.527,-1.202,1.270,-0.708
2025-12-05T03:08:09.892631,1.527,-1.181,1.270,-0.708
2025-12-05T03:08:09.927434,1.527,-1.161,1.270,-0.708
2025-12-05T03:08:09.958529,1.527,-1.141,1.270,-0.708
2025-12-05T03:08:09.992333,1.527,-1.121,1.270,-0.708
2025-12-05T03:08:10.026483,1.527,-1.101,1.270,-0.708
2025-12-05T03:08:10.058494,1.527,-1.080,1.270,-0.708
2025-12-05T03:08:10.090392,1.527,-1.060,1.270,-0.708
2025-12-05T03:08:10.123281,1.527,-1.040,1.270,-0.708
2025-12-05T03:08:10.153981,1.527,-1.019,1.270,-0.708
2025-12-05T03:08:10.187004,1.527,-0.999,1.270,-0.708
2025-12-05T03:08:10.218998,1.527,-0.979,1.270,-0.708
2025-12-05T03:08:10.255665,1.527,-0.958,1.270,-0.708
2025-12-05T03:08:10.285662,1.528,-0.938,1.270,-0.708
2025-12-05T03:08:10.318136,1.527,-0.954,1.270,-0.708
2025-12-05T03:08:10.349113,1.527,-0.969,1.270,-0.708
2025-12-05T03:08:10.381279,1.527,-0.985,1.270,-0.708
2025-12-05T03:08:10.414528,1.527,-1.002,1.270,-0.708
2025-12-05T03:08:10.448963,1.527,-1.018,1.270,-0.708
2025-12-05T03:08:10.482421,1.527,-1.035,1.270,-0.708
2025-12-05T03:08:10.514717,1.527,-1.052,1.270,-0.708
2025-12-05T03:08:10.545706,1.527,-1.070,1.270,-0.708
2025-12-05T03:08:10.580743,1.527,-1.087,1.270,-0.708
2025-12-05T03:08:10.609496,1.527,-1.105,1.270,-0.708
2025-12-05T03:08:10.639597,1.527,-1.123,1.270,-0.708
2025-12-05T03:08:10.674811,1.527,-1.141,1.270,-0.708
2025-12-05T03:08:10.705051,1.527,-1.159,1.270,-0.708
2025-12-05T03:08:10.737057,1.527,-1.178,1.270,-0.708
2025-12-05T03:08:10.769470,1.527,-1.196,1.270,-0.708
2025-12-05T03:08:10.803175,1.527,-1.215,1.270,-0.708
2025-12-05T03:08:10.837708,1.526,-1.234,1.270,-0.708
2025-12-05T03:08:10.871344,1.526,-1.252,1.270,-0.708
2025-12-05T03:08:10.902129,1.526,-1.271,1.270,-0.708
2025-12-05T03:08:10.931931,1.526,-1.291,1.270,-0.708
2025-12-05T03:08:10.966302,1.526,-1.310,1.270,-0.708
2025-12-05T03:08:10.997421,1.526,-1.329,1.270,-0.708
2025-12-05T03:08:11.033807,1.526,-1.348,1.270,-0.708
2025-12-05T03:08:11.067663,1.526,-1.368,1.270,-0.708
2025-12-05T03:08:11.103858,1.526,-1.369,1.270,-0.688
2025-12-05T03:08:11.132519,1.526,-1.371,1.270,-0.667
2025-12-05T03:08:11.161548,1.526,-1.372,1.270,-0.645
2025-12-05T03:08:11.194188,1.526,-1.373,1.270,-0.623
2025-12-05T03:08:11.225496,1.526,-1.375,1.270,-0.600
2025-12-05T03:08:11.254210,1.526,-1.376,1.270,-0.576
2025-12-05T03:08:11.288107,1.526,-1.377,1.270,-0.553
2025-12-05T03:08:11.324856,1.526,-1.378,1.270,-0.528
2025-12-05T03:08:11.362848,1.526,-1.379,1.270,-0.504
2025-12-05T03:08:11.393034,1.526,-1.380,1.270,-0.479
2025-12-05T03:08:11.426483,1.526,-1.380,1.270,-0.453
2025-12-05T03:08:11.453813,1.526,-1.381,1.270,-0.427
2025-12-05T03:08:11.489105,1.526,-1.382,1.270,-0.401
2025-12-05T03:08:11.520305,1.526,-1.382,1.270,-0.375
2025-12-05T03:08:11.553001,1.526,-1.383,1.270,-0.348
2025-12-05T03:08:11.584811,1.526,-1.384,1.270,-0.321
2025-12-05T03:08:11.619624,1.526,-1.384,1.270,-0.293
2025-12-05T03:08:11.654262,1.526,-1.385,1.270,-0.266
2025-12-05T03:08:11.688147,1.526,-1.385,1.270,-0.238
2025-12-05T03:08:11.720429,1.526,-1.386,1.270,-0.210
2025-12-05T03:08:11.753302,1.526,-1.386,1.270,-0.181
2025-12-05T03:08:11.779990,1.526,-1.386,1.270,-0.153
2025-12-05T03:08:11.810517,1.526,-1.387,1.270,-0.124
2025-12-05T03:08:11.842160,1.526,-1.387,1.270,-0.096
2025-12-05T03:08:11.875807,1.526,-1.387,1.270,-0.067
2025-12-05T03:08:11.906120,1.526,-1.388,1.270,-0.038
2025-12-05T03:08:11.937376,1.526,-1.388,1.270,-0.010
2025-12-05T03:08:11.975765,1.526,-1.388,1.270,0.019
2025-12-05T03:08:12.012822,1.526,-1.389,1.270,0.048
2025-12-05T03:08:12.045638,1.526,-1.389,1.270,0.077
2025-12-05T03:08:12.074121,1.526,-1.389,1.270,0.105
2025-12-05T03:08:12.106982,1.526,-1.389,1.270,0.134
2025-12-05T03:08:12.135903,1.526,-1.389,1.270,0.163
2025-12-05T03:08:12.177277,1.526,-1.390,1.270,0.191
2025-12-05T03:08:12.206117,1.526,-1.390,1.270,0.219
2025-12-05T03:08:12.233385,1.526,-1.390,1.270,0.247
2025-12-05T03:08:12.267760,1.526,-1.390,1.270,0.275
2025-12-05T03:08:12.293108,1.526,-1.390,1.270,0.302
2025-12-05T03:08:12.327721,1.526,-1.390,1.270,0.330
2025-12-05T03:08:12.360319,1.526,-1.390,1.270,0.357
2025-12-05T03:08:12.389521,1.526,-1.390,1.270,0.384
2025-12-05T03:08:12.426279,1.526,-1.391,1.270,0.410
2025-12-05T03:08:12.462048,1.526,-1.391,1.270,0.436
2025-12-05T03:08:12.495179,1.526,-1.391,1.270,0.462
2025-12-05T03:08:12.524204,1.526,-1.391,1.270,0.487
2025-12-05T03:08:12.558418,1.526,-1.391,1.270,0.512
2025-12-05T03:08:12.591495,1.534,-1.375,1.270,0.512
2025-12-05T03:08:12.626115,1.543,-1.359,1.270,0.512
2025-12-05T03:08:12.654184,1.552,-1.343,1.270,0.512
2025-12-05T03:08:12.686447,1.560,-1.327,1.270,0.512
2025-12-05T03:08:12.726921,1.569,-1.311,1.270,0.512
2025-12-05T03:08:12.761706,1.578,-1.295,1.270,0.512
2025-12-05T03:08:12.796689,1.587,-1.278,1.270,0.512
2025-12-05T03:08:12.825610,1.596,-1.262,1.270,0.512
2025-12-05T03:08:12.866632,1.605,-1.245,1.270,0.512
2025-12-05T03:08:12.894528,1.614,-1.228,1.270,0.512
2025-12-05T03:08:12.923925,1.623,-1.211,1.270,0.512
2025-12-05T03:08:12.953468,1.632,-1.195,1.270,0.512
2025-12-05T03:08:12.984349,1.642,-1.178,1.270,0.512
2025-12-05T03:08:13.013405,1.651,-1.161,1.270,0.512
2025-12-05T03:08:13.045841,1.660,-1.143,1.270,0.512
2025-12-05T03:08:13.078739,1.669,-1.126,1.270,0.512
2025-12-05T03:08:13.117979,1.679,-1.109,1.270,0.512
2025-12-05T03:08:13.145919,1.688,-1.092,1.270,0.512
2025-12-05T03:08:13.180797,1.697,-1.074,1.270,0.512
2025-12-05T03:08:13.215177,1.707,-1.057,1.270,0.512
2025-12-05T03:08:13.250018,1.716,-1.040,1.270,0.512
2025-12-05T03:08:13.275315,1.726,-1.022,1.270,0.512
2025-12-05T03:08:13.310456,1.735,-1.005,1.270,0.512
2025-12-05T03:08:13.343489,1.736,-1.003,1.270,0.537
2025-12-05T03:08:13.371913,1.737,-1.001,1.270,0.561
2025-12-05T03:08:13.407396,1.738,-1.000,1.270,0.584
2025-12-05T03:08:13.439625,1.739,-0.998,1.270,0.607
2025-12-05T03:08:13.472241,1.739,-0.997,1.270,0.630
2025-12-05T03:08:13.507411,1.740,-0.996,1.270,0.652
2025-12-05T03:08:13.539077,1.741,-0.994,1.270,0.674
2025-12-05T03:08:13.572544,1.741,-0.993,1.270,0.695
2025-12-05T03:08:13.602831,1.742,-0.992,1.270,0.715
2025-12-05T03:08:13.628896,1.742,-0.973,1.270,0.715
2025-12-05T03:08:13.667237,1.742,-0.954,1.270,0.715
2025-12-05T03:08:13.699723,1.742,-0.935,1.270,0.715
2025-12-05T03:08:13.732526,1.742,-0.916,1.270,0.715
2025-12-05T03:08:13.767328,1.742,-0.897,1.270,0.715
2025-12-05T03:08:13.801021,1.742,-0.878,1.270,0.715
2025-12-05T03:08:13.835128,1.742,-0.858,1.270,0.715
2025-12-05T03:08:13.866137,1.742,-0.839,1.270,0.715
2025-12-05T03:08:13.900251,1.742,-0.819,1.270,0.715
2025-12-05T03:08:13.928355,1.742,-0.800,1.270,0.715
2025-12-05T03:08:13.962861,1.742,-0.780,1.270,0.715
2025-12-05T03:08:13.997694,1.741,-0.760,1.270,0.715
2025-12-05T03:08:14.030155,1.741,-0.740,1.270,0.715
2025-12-05T03:08:14.064830,1.741,-0.721,1.270,0.715
2025-12-05T03:08:14.098097,1.741,-0.701,1.270,0.715
2025-12-05T03:08:14.125222,1.740,-0.681,1.270,0.715
2025-12-05T03:08:14.158742,1.740,-0.661,1.270,0.715
2025-12-05T03:08:14.188492,1.740,-0.641,1.270,0.715
2025-12-05T03:08:14.218436,1.740,-0.621,1.270,0.715
2025-12-05T03:08:14.258322,1.739,-0.601,1.270,0.715
2025-12-05T03:08:14.282328,1.739,-0.581,1.270,0.715
2025-12-05T03:08:14.319006,1.739,-0.561,1.270,0.715
2025-12-05T03:08:14.348600,1.738,-0.541,1.270,0.715
2025-12-05T03:08:14.382826,1.738,-0.520,1.270,0.715
2025-12-05T03:08:14.421775,1.738,-0.500,1.270,0.715
2025-12-05T03:08:14.449384,1.737,-0.480,1.270,0.715
2025-12-05T03:08:14.479623,1.737,-0.460,1.270,0.715
2025-12-05T03:08:14.511789,1.737,-0.440,1.270,0.715
2025-12-05T03:08:14.549031,1.736,-0.419,1.270,0.715
2025-12-05T03:08:14.578793,1.736,-0.399,1.270,0.715
2025-12-05T03:08:14.616545,1.735,-0.379,1.270,0.715
2025-12-05T03:08:14.648432,1.735,-0.358,1.270,0.715
2025-12-05T03:08:14.680766,1.735,-0.338,1.270,0.715
2025-12-05T03:08:14.712381,1.734,-0.318,1.270,0.715
2025-12-05T03:08:14.741280,1.734,-0.297,1.270,0.715
2025-12-05T03:08:14.766751,1.733,-0.277,1.270,0.715
2025-12-05T03:08:14.799905,1.733,-0.257,1.270,0.715
2025-12-05T03:08:14.835509,1.733,-0.236,1.270,0.715
2025-12-05T03:08:14.871650,1.732,-0.216,1.270,0.715
2025-12-05T03:08:14.901444,1.732,-0.196,1.270,0.715
2025-12-05T03:08:14.936720,1.731,-0.175,1.270,0.715
2025-12-05T03:08:14.967821,1.731,-0.155,1.270,0.715
2025-12-05T03:08:14.998277,1.730,-0.134,1.270,0.715
2025-12-05T03:08:15.027242,1.730,-0.114,1.270,0.715
2025-12-05T03:08:15.059763,1.730,-0.094,1.270,0.715
2025-12-05T03:08:15.091430,1.729,-0.073,1.270,0.715
2025-12-05T03:08:15.124350,1.729,-0.053,1.270,0.715
2025-12-05T03:08:15.159107,1.728,-0.032,1.270,0.715
2025-12-05T03:08:15.192685,1.728,-0.012,1.270,0.715
2025-12-05T03:08:15.224943,1.727,0.008,1.270,0.715
2025-12-05T03:08:15.262632,1.727,0.029,1.270,0.715
2025-12-05T03:08:15.292473,1.726,0.049,1.270,0.715
2025-12-05T03:08:15.323592,1.726,0.070,1.270,0.715
2025-12-05T03:08:15.357388,1.726,0.090,1.270,0.715
2025-12-05T03:08:15.382960,1.725,0.111,1.270,0.715
2025-12-05T03:08:15.423206,1.725,0.131,1.270,0.715
2025-12-05T03:08:15.447388,1.724,0.152,1.270,0.715
2025-12-05T03:08:15.480030,1.724,0.172,1.270,0.715
2025-12-05T03:08:15.514063,1.723,0.193,1.270,0.715
2025-12-05T03:08:15.546105,1.723,0.213,1.270,0.715
2025-12-05T03:08:15.578895,1.722,0.234,1.270,0.715
2025-12-05T03:08:15.612358,1.722,0.254,1.270,0.715
2025-12-05T03:08:15.643646,1.721,0.274,1.270,0.715
2025-12-05T03:08:15.680181,1.721,0.295,1.270,0.715
2025-12-05T03:08:15.704534,1.721,0.315,1.270,0.715
2025-12-05T03:08:15.733700,1.720,0.336,1.270,0.715
2025-12-05T03:08:15.770280,1.720,0.356,1.270,0.715
2025-12-05T03:08:15.809745,1.719,0.377,1.270,0.715
2025-12-05T03:08:15.840801,1.719,0.397,1.270,0.715
2025-12-05T03:08:15.873764,1.718,0.418,1.270,0.715
2025-12-05T03:08:15.906471,1.718,0.438,1.270,0.715
2025-12-05T03:08:15.939221,1.717,0.459,1.270,0.715
2025-12-05T03:08:15.969754,1.717,0.479,1.270,0.715
2025-12-05T03:08:16.004668,1.716,0.500,1.270,0.715
2025-12-05T03:08:16.035530,1.716,0.520,1.270,0.715
2025-12-05T03:08:16.064789,1.715,0.541,1.270,0.715
2025-12-05T03:08:16.098813,1.715,0.561,1.270,0.715
2025-12-05T03:08:16.133754,1.715,0.582,1.270,0.715
2025-12-05T03:08:16.170137,1.714,0.602,1.270,0.715
2025-12-05T03:08:16.202895,1.714,0.623,1.270,0.715
2025-12-05T03:08:16.237894,1.713,0.643,1.270,0.715
2025-12-05T03:08:16.265006,1.713,0.664,1.270,0.715
2025-12-05T03:08:16.300104,1.712,0.684,1.270,0.715
2025-12-05T03:08:16.328740,1.712,0.705,1.270,0.715
2025-12-05T03:08:16.362159,1.711,0.725,1.270,0.715
2025-12-05T03:08:16.392275,1.711,0.746,1.270,0.715
2025-12-05T03:08:16.430224,1.710,0.766,1.270,0.715
2025-12-05T03:08:16.466155,1.710,0.787,1.270,0.715
2025-12-05T03:08:16.495977,1.709,0.807,1.270,0.715
2025-12-05T03:08:16.525323,1.709,0.828,1.270,0.715
2025-12-05T03:08:16.557978,1.708,0.848,1.270,0.715
2025-12-05T03:08:16.589063,1.708,0.869,1.270,0.715
2025-12-05T03:08:16.622040,1.708,0.889,1.270,0.715
2025-12-05T03:08:16.653664,1.707,0.910,1.270,0.715
2025-12-05T03:08:16.687441,1.707,0.930,1.270,0.715
2025-12-05T03:08:16.722409,1.706,0.951,1.270,0.715
2025-12-05T03:08:16.750868,1.706,0.971,1.270,0.715
2025-12-05T03:08:16.785901,1.705,0.992,1.270,0.715
2025-12-05T03:08:16.819633,1.705,1.012,1.270,0.715
2025-12-05T03:08:16.850006,1.704,1.033,1.270,0.715
2025-12-05T03:08:16.885217,1.704,1.053,1.270,0.715
2025-12-05T03:08:16.918261,1.703,1.074,1.270,0.715
2025-12-05T03:08:16.952879,1.703,1.094,1.270,0.715
2025-12-05T03:08:16.983038,1.702,1.115,1.270,0.715
2025-12-05T03:08:17.016276,1.702,1.135,1.270,0.715
2025-12-05T03:08:17.042910,1.701,1.156,1.270,0.715
2025-12-05T03:08:17.071314,1.701,1.176,1.270,0.715
2025-12-05T03:08:17.107821,1.701,1.197,1.270,0.715
2025-12-05T03:08:17.135376,1.700,1.217,1.270,0.715
2025-12-05T03:08:17.175740,1.700,1.238,1.270,0.715
2025-12-05T03:08:17.207834,1.699,1.258,1.270,0.715
2025-12-05T03:08:17.238060,1.699,1.279,1.270,0.715
2025-12-05T03:08:17.271343,1.698,1.299,1.270,0.715
2025-12-05T03:08:17.302331,1.698,1.320,1.270,0.715
2025-12-05T03:08:17.333997,1.697,1.340,1.270,0.715
2025-12-05T03:08:17.362985,1.697,1.361,1.270,0.715
2025-12-05T03:08:17.394305,1.696,1.381,1.270,0.715
2025-12-05T03:08:17.424514,1.696,1.402,1.270,0.715
2025-12-05T03:08:17.455588,1.695,1.422,1.270,0.715
2025-12-05T03:08:17.492712,1.695,1.443,1.270,0.715
2025-12-05T03:08:17.528573,1.694,1.463,1.270,0.715
2025-12-05T03:08:17.558146,1.694,1.484,1.270,0.715
2025-12-05T03:08:17.590225,1.693,1.504,1.270,0.715
2025-12-05T03:08:17.622024,1.693,1.525,1.270,0.715
2025-12-05T03:08:17.662477,1.693,1.545,1.270,0.715
2025-12-05T03:08:17.682284,1.692,1.566,1.270,0.715
2025-12-05T03:08:17.739745,1.692,1.586,1.270,0.715
2025-12-05T03:08:17.762040,1.691,1.607,1.270,0.715
2025-12-05T03:08:17.829267,1.691,1.627,1.270,0.715
2025-12-05T03:08:17.893834,1.690,1.648,1.270,0.715
2025-12-05T03:08:17.936352,1.690,1.668,1.270,0.715
2025-12-05T03:08:17.963133,1.689,1.689,1.270,0.715
2025-12-05T03:08:17.996529,1.689,1.709,1.270,0.715
2025-12-05T03:08:18.023545,1.688,1.730,1.270,0.715
2025-12-05T03:08:18.049470,1.688,1.750,1.270,0.715
2025-12-05T03:08:18.079373,1.687,1.771,1.270,0.715
2025-12-05T03:08:18.113614,1.687,1.791,1.270,0.715
2025-12-05T03:08:18.141738,1.686,1.812,1.270,0.715
2025-12-05T03:08:18.185154,1.686,1.832,1.270,0.715
2025-12-05T03:08:18.208534,1.686,1.853,1.270,0.715
2025-12-05T03:08:18.242123,1.685,1.873,1.270,0.715
2025-12-05T03:08:18.278036,1.685,1.894,1.270,0.715
2025-12-05T03:08:18.306059,1.684,1.914,1.270,0.715
2025-12-05T03:08:18.334541,1.684,1.935,1.270,0.715
2025-12-05T03:08:18.367092,1.683,1.955,1.270,0.715
2025-12-05T03:08:18.398785,1.683,1.976,1.270,0.715
2025-12-05T03:08:18.434400,1.682,1.996,1.270,0.715
2025-12-05T03:08:18.471264,1.682,2.017,1.270,0.715
2025-12-05T03:08:18.509159,1.681,2.037,1.270,0.715
2025-12-05T03:08:18.542303,1.681,2.058,1.270,0.715
2025-12-05T03:08:18.578823,1.680,2.078,1.270,0.715
2025-12-05T03:08:18.609644,1.680,2.099,1.270,0.715
2025-12-05T03:08:18.636359,1.679,2.119,1.270,0.715
2025-12-05T03:08:18.664829,1.679,2.140,1.270,0.715
2025-12-05T03:08:18.695378,1.678,2.160,1.270,0.715
2025-12-05T03:08:18.730623,1.678,2.181,1.270,0.715
2025-12-05T03:08:18.763919,1.678,2.201,1.270,0.715
2025-12-05T03:08:18.797763,1.677,2.222,1.270,0.715
2025-12-05T03:08:18.832037,1.677,2.242,1.270,0.715
2025-12-05T03:08:18.863312,1.676,2.263,1.270,0.715
2025-12-05T03:08:18.894282,1.676,2.283,1.270,0.715
2025-12-05T03:08:18.925409,1.675,2.304,1.270,0.715
2025-12-05T03:08:18.959072,1.675,2.324,1.270,0.715
2025-12-05T03:08:18.991332,1.674,2.345,1.270,0.715
2025-12-05T03:08:19.022744,1.674,2.365,1.270,0.715
2025-12-05T03:08:19.061283,1.673,2.386,1.270,0.715
2025-12-05T03:08:19.095312,1.673,2.406,1.270,0.715
2025-12-05T03:08:19.123278,1.672,2.427,1.270,0.715
2025-12-05T03:08:19.157882,1.672,2.447,1.270,0.715
2025-12-05T03:08:19.183129,1.671,2.468,1.270,0.715
2025-12-05T03:08:19.217843,1.671,2.468,1.270,0.715
2025-12-05T03:08:19.246918,1.671,2.468,1.270,0.715
2025-12-05T03:08:19.285110,1.671,2.468,1.270,0.715
2025-12-05T03:08:19.311925,1.671,2.468,1.270,0.715
2025-12-05T03:08:19.352370,1.671,2.468,1.270,0.715
2025-12-05T03:08:19.380037,1.671,2.468,1.270,0.715
2025-12-05T03:08:19.414008,1.671,2.468,1.270,0.715
2025-12-05T03:08:19.441424,1.671,2.468,1.270,0.715
2025-12-05T03:08:19.477903,1.671,2.468,1.270,0.715
2025-12-05T03:08:19.505536,1.671,2.468,1.270,0.715
2025-12-05T03:08:19.542866,1.671,2.468,1.270,0.715
2025-12-05T03:08:19.575938,1.671,2.468,1.270,0.715
2025-12-05T03:08:19.605807,1.671,2.468,1.270,0.715
2025-12-05T03:08:19.636759,1.671,2.468,1.270,0.715
2025-12-05T03:08:19.669631,1.671,2.468,1.270,0.715
2025-12-05T03:08:19.702772,1.671,2.468,1.270,0.715
2025-12-05T03:08:19.731419,1.671,2.468,1.270,0.715
2025-12-05T03:08:19.764692,1.671,2.468,1.270,0.715
2025-12-05T03:08:19.801766,1.671,2.468,1.270,0.715
2025-12-05T03:08:19.833101,1.671,2.468,1.270,0.715
2025-12-05T03:08:19.865005,1.671,2.468,1.270,0.715
2025-12-05T03:08:19.897073,1.671,2.468,1.270,0.715
2025-12-05T03:08:19.926328,1.671,2.468,1.270,0.715
2025-12-05T03:08:19.961294,1.671,2.468,1.270,0.715
2025-12-05T03:08:19.995336,1.671,2.468,1.270,0.715
2025-12-05T03:08:20.024882,1.671,2.468,1.270,0.715
2025-12-05T03:08:20.064130,1.671,2.468,1.270,0.715
2025-12-05T03:08:20.090691,1.671,2.468,1.270,0.715
2025-12-05T03:08:20.129018,1.671,2.468,1.270,0.715
2025-12-05T03:08:20.160336,1.671,2.468,1.270,0.715
2025-12-05T03:08:20.194940,1.671,2.468,1.270,0.715
2025-12-05T03:08:20.227576,1.671,2.468,1.270,0.715
2025-12-05T03:08:20.262240,1.671,2.468,1.270,0.715
2025-12-05T03:08:20.291383,1.671,2.468,1.270,0.715
2025-12-05T03:08:20.323298,1.671,2.468,1.270,0.715
2025-12-05T03:08:20.359379,1.671,2.468,1.270,0.715
2025-12-05T03:08:20.388730,1.671,2.468,1.270,0.715
2025-12-05T03:08:20.422022,1.671,2.468,1.270,0.715
2025-12-05T03:08:20.459003,1.671,2.468,1.270,0.715
2025-12-05T03:08:20.488902,1.671,2.468,1.270,0.715
2025-12-05T03:08:20.523817,1.671,2.468,1.270,0.715
2025-12-05T03:08:20.554813,1.671,2.468,1.270,0.715
2025-12-05T03:08:20.583356,1.671,2.468,1.270,0.715
2025-12-05T03:08:20.620381,1.671,2.468,1.270,0.715
2025-12-05T03:08:20.656290,1.671,2.468,1.270,0.715
2025-12-05T03:08:20.684495,1.671,2.468,1.270,0.715
2025-12-05T03:08:20.719228,1.671,2.468,1.270,0.715
2025-12-05T03:08:20.744074,1.671,2.468,1.270,0.715
2025-12-05T03:08:20.773357,1.671,2.468,1.270,0.715
2025-12-05T03:08:20.807964,1.671,2.468,1.270,0.715
2025-12-05T03:08:20.841782,1.671,2.468,1.270,0.715
2025-12-05T03:08:20.872075,1.671,2.468,1.270,0.715
2025-12-05T03:08:20.906318,1.671,2.468,1.270,0.715
2025-12-05T03:08:20.940554,1.671,2.468,1.270,0.715
2025-12-05T03:08:20.974744,1.671,2.468,1.270,0.715
2025-12-05T03:08:21.012671,1.671,2.468,1.270,0.715
2025-12-05T03:08:21.038648,1.671,2.468,1.270,0.715
2025-12-05T03:08:21.075379,1.671,2.468,1.270,0.715
2025-12-05T03:08:21.107057,1.671,2.468,1.270,0.715
2025-12-05T03:08:21.137177,1.671,2.468,1.270,0.715
2025-12-05T03:08:21.171322,1.671,2.468,1.270,0.715
2025-12-05T03:08:21.202316,1.671,2.468,1.270,0.715
2025-12-05T03:08:21.232218,1.671,2.468,1.270,0.715
2025-12-05T03:08:21.265719,1.671,2.468,1.270,0.715
2025-12-05T03:08:21.319085,1.671,2.468,1.270,0.715
2025-12-05T03:08:21.328816,1.671,2.468,1.270,0.715
2025-12-05T03:08:21.367764,1.671,2.468,1.270,0.715
2025-12-05T03:08:21.398425,1.671,2.468,1.270,0.715
2025-12-05T03:08:21.431147,1.671,2.468,1.270,0.715
2025-12-05T03:08:21.459298,1.671,2.468,1.270,0.715
2025-12-05T03:08:21.492380,1.671,2.468,1.270,0.715
2025-12-05T03:08:21.524106,1.671,2.468,1.270,0.715
2025-12-05T03:08:21.556524,1.671,2.468,1.270,0.715
2025-12-05T03:08:21.590636,1.671,2.468,1.270,0.715
2025-12-05T03:08:21.622216,1.671,2.468,1.270,0.715
2025-12-05T03:08:21.653576,1.671,2.468,1.270,0.715
2025-12-05T03:08:21.687922,1.671,2.468,1.270,0.715
2025-12-05T03:08:21.718923,1.671,2.468,1.270,0.715
2025-12-05T03:08:21.754570,1.671,2.468,1.270,0.715
2025-12-05T03:08:21.787324,1.671,2.468,1.270,0.715
2025-12-05T03:08:21.818807,1.671,2.468,1.270,0.715
2025-12-05T03:08:21.844928,1.671,2.468,1.270,0.715
2025-12-05T03:08:21.875175,1.671,2.468,1.270,0.715
2025-12-05T03:08:21.908757,1.671,2.468,1.270,0.715
2025-12-05T03:08:21.940220,1.671,2.468,1.270,0.715
2025-12-05T03:08:21.972220,1.671,2.468,1.270,0.715
2025-12-05T03:08:22.008858,1.671,2.468,1.270,0.715
2025-12-05T03:08:22.043289,1.671,2.468,1.270,0.715
2025-12-05T03:08:22.076522,1.671,2.468,1.270,0.715
2025-12-05T03:08:22.110475,1.671,2.468,1.270,0.715
2025-12-05T03:08:22.140347,1.671,2.468,1.270,0.715
2025-12-05T03:08:22.170473,1.671,2.468,1.270,0.715
2025-12-05T03:08:22.201404,1.671,2.468,1.270,0.715
2025-12-05T03:08:22.232089,1.671,2.468,1.270,0.715
2025-12-05T03:08:22.265427,1.671,2.468,1.270,0.715
2025-12-05T03:08:22.298244,1.671,2.468,1.270,0.715
2025-12-05T03:08:22.333656,1.671,2.468,1.270,0.715
2025-12-05T03:08:22.366376,1.671,2.468,1.270,0.715
2025-12-05T03:08:22.397371,1.671,2.468,1.270,0.715
2025-12-05T03:08:22.429687,1.671,2.468,1.270,0.715
2025-12-05T03:08:22.462290,1.671,2.468,1.270,0.715
2025-12-05T03:08:22.494389,1.671,2.468,1.270,0.715
2025-12-05T03:08:22.524644,1.671,2.468,1.270,0.715
2025-12-05T03:08:22.556475,1.671,2.468,1.270,0.715
2025-12-05T03:08:22.591728,1.671,2.468,1.270,0.715
2025-12-05T03:08:22.625417,1.671,2.468,1.270,0.715
2025-12-05T03:08:22.658527,1.671,2.468,1.270,0.715
2025-12-05T03:08:22.687892,1.671,2.468,1.270,0.715
2025-12-05T03:08:22.723740,1.671,2.468,1.270,0.715
2025-12-05T03:08:22.751335,1.671,2.468,1.270,0.715
2025-12-05T03:08:22.780478,1.671,2.468,1.270,0.715
2025-12-05T03:08:22.815848,1.671,2.468,1.270,0.715
2025-12-05T03:08:22.846629,1.671,2.468,1.270,0.715
2025-12-05T03:08:22.880751,1.671,2.468,1.270,0.715
2025-12-05T03:08:22.917238,1.671,2.468,1.270,0.715
2025-12-05T03:08:22.947913,1.671,2.468,1.270,0.715
2025-12-05T03:08:22.980421,1.671,2.468,1.270,0.715
2025-12-05T03:08:23.012156,1.671,2.468,1.270,0.715
2025-12-05T03:08:23.042240,1.671,2.468,1.270,0.715
2025-12-05T03:08:23.075001,1.671,2.468,1.270,0.715
2025-12-05T03:08:23.110476,1.671,2.468,1.270,0.715
2025-12-05T03:08:23.144413,1.671,2.468,1.270,0.715
2025-12-05T03:08:23.175606,1.671,2.468,1.270,0.715
2025-12-05T03:08:23.209300,1.671,2.468,1.270,0.715
2025-12-05T03:08:23.239843,1.671,2.468,1.270,0.715
2025-12-05T03:08:23.274483,1.671,2.468,1.270,0.715
2025-12-05T03:08:23.306920,1.671,2.468,1.270,0.715
2025-12-05T03:08:23.336201,1.671,2.468,1.270,0.715
2025-12-05T03:08:23.371207,1.671,2.468,1.270,0.715
2025-12-05T03:08:23.402787,1.671,2.468,1.270,0.715
2025-12-05T03:08:23.436365,1.671,2.468,1.270,0.715
2025-12-05T03:08:23.470326,1.671,2.468,1.270,0.715
2025-12-05T03:08:23.501002,1.671,2.468,1.270,0.715
2025-12-05T03:08:23.532023,1.671,2.468,1.270,0.715
2025-12-05T03:08:23.560326,1.671,2.468,1.270,0.715
2025-12-05T03:08:23.591230,1.671,2.468,1.270,0.715
2025-12-05T03:08:23.622409,1.671,2.468,1.270,0.715
2025-12-05T03:08:23.653748,1.671,2.468,1.270,0.715
2025-12-05T03:08:23.685864,1.671,2.468,1.270,0.715
2025-12-05T03:08:23.721951,1.671,2.468,1.270,0.715
2025-12-05T03:08:23.753729,1.671,2.468,1.270,0.715
2025-12-05T03:08:23.786806,1.671,2.468,1.270,0.715
2025-12-05T03:08:23.816542,1.671,2.468,1.270,0.715
2025-12-05T03:08:23.848384,1.671,2.468,1.270,0.715
2025-12-05T03:08:23.882172,1.671,2.468,1.270,0.715
2025-12-05T03:08:23.913749,1.671,2.468,1.270,0.715
2025-12-05T03:08:23.945293,1.671,2.468,1.270,0.715
2025-12-05T03:08:23.977466,1.671,2.468,1.270,0.715
2025-12-05T03:08:24.011245,1.671,2.468,1.270,0.715
2025-12-05T03:08:24.044877,1.671,2.468,1.270,0.715
2025-12-05T03:08:24.076283,1.671,2.468,1.270,0.715
2025-12-05T03:08:24.108648,1.671,2.468,1.270,0.715
2025-12-05T03:08:24.138545,1.671,2.468,1.270,0.715
2025-12-05T03:08:24.173872,1.671,2.468,1.270,0.715
2025-12-05T03:08:24.206580,1.671,2.468,1.270,0.715
2025-12-05T03:08:24.240077,1.671,2.468,1.270,0.715
2025-12-05T03:08:24.274516,1.671,2.468,1.270,0.715
2025-12-05T03:08:24.306670,1.671,2.468,1.270,0.715
2025-12-05T03:08:24.335861,1.671,2.468,1.270,0.715
2025-12-05T03:08:24.371004,1.671,2.468,1.270,0.715
2025-12-05T03:08:24.403305,1.671,2.468,1.270,0.715
2025-12-05T03:08:24.431151,1.671,2.468,1.270,0.715
2025-12-05T03:08:24.465675,1.671,2.468,1.270,0.715
2025-12-05T03:08:24.498175,1.671,2.468,1.270,0.715
2025-12-05T03:08:24.529870,1.671,2.468,1.270,0.715
2025-12-05T03:08:24.561854,1.671,2.468,1.270,0.715
2025-12-05T03:08:24.596591,1.671,2.468,1.270,0.715
2025-12-05T03:08:24.631007,1.671,2.468,1.270,0.715
2025-12-05T03:08:24.669834,1.671,2.468,1.270,0.715
2025-12-05T03:08:24.701778,1.671,2.468,1.270,0.715
2025-12-05T03:08:24.734941,1.671,2.468,1.270,0.715
2025-12-05T03:08:24.763563,1.671,2.468,1.270,0.715
2025-12-05T03:08:24.795715,1.671,2.468,1.270,0.715
2025-12-05T03:08:24.826272,1.671,2.468,1.270,0.715
2025-12-05T03:08:24.860516,1.671,2.468,1.270,0.715
2025-12-05T03:08:24.892524,1.671,2.468,1.270,0.715
2025-12-05T03:08:24.924696,1.671,2.468,1.270,0.715
2025-12-05T03:08:24.961663,1.671,2.468,1.270,0.715
2025-12-05T03:08:24.994537,1.671,2.468,1.270,0.715
2025-12-05T03:08:25.026144,1.671,2.468,1.270,0.715
2025-12-05T03:08:25.056647,1.671,2.468,1.270,0.715
2025-12-05T03:08:25.083855,1.671,2.468,1.270,0.715
2025-12-05T03:08:25.116459,1.671,2.468,1.270,0.715
2025-12-05T03:08:25.147344,1.671,2.468,1.270,0.715
2025-12-05T03:08:25.179160,1.671,2.468,1.270,0.715
2025-12-05T03:08:25.212048,1.671,2.468,1.270,0.715
2025-12-05T03:08:25.247438,1.671,2.468,1.270,0.715
2025-12-05T03:08:25.283697,1.671,2.468,1.270,0.715
2025-12-05T03:08:25.318341,1.671,2.468,1.270,0.715
2025-12-05T03:08:25.350361,1.671,2.468,1.270,0.715
2025-12-05T03:08:25.381838,1.671,2.468,1.270,0.715
2025-12-05T03:08:25.411523,1.671,2.468,1.270,0.715
2025-12-05T03:08:25.441865,1.671,2.468,1.270,0.715
2025-12-05T03:08:25.476188,1.671,2.468,1.270,0.715
2025-12-05T03:08:25.511285,1.671,2.468,1.270,0.715
2025-12-05T03:08:25.543583,1.671,2.468,1.270,0.715
2025-12-05T03:08:25.576639,1.671,2.468,1.270,0.715
2025-12-05T03:08:25.611031,1.671,2.468,1.270,0.715
2025-12-05T03:08:25.644048,1.671,2.468,1.270,0.715
2025-12-05T03:08:25.674702,1.671,2.468,1.270,0.715
2025-12-05T03:08:25.706105,1.671,2.468,1.270,0.715
2025-12-05T03:08:25.734058,1.671,2.468,1.270,0.715
2025-12-05T03:08:25.765641,1.671,2.468,1.270,0.715
2025-12-05T03:08:25.796982,1.671,2.468,1.270,0.715
2025-12-05T03:08:25.829264,1.671,2.468,1.270,0.715
2025-12-05T03:08:25.863366,1.671,2.468,1.270,0.715
2025-12-05T03:08:25.895893,1.671,2.468,1.270,0.715
2025-12-05T03:08:25.930440,1.671,2.468,1.270,0.715
2025-12-05T03:08:25.964694,1.671,2.468,1.270,0.715
2025-12-05T03:08:25.997215,1.671,2.468,1.270,0.715
2025-12-05T03:08:26.059075,1.671,2.468,1.270,0.715
2025-12-05T03:08:26.085654,1.671,2.468,1.270,0.715
2025-12-05T03:08:26.130680,1.671,2.468,1.270,0.715
2025-12-05T03:08:26.165246,1.671,2.468,1.270,0.715
2025-12-05T03:08:26.204533,1.671,2.468,1.270,0.715
2025-12-05T03:08:26.229487,1.671,2.468,1.270,0.715
2025-12-05T03:08:26.254481,1.671,2.468,1.270,0.715
2025-12-05T03:08:26.281608,1.671,2.468,1.270,0.715
2025-12-05T03:08:26.305264,1.671,2.468,1.270,0.715
2025-12-05T03:08:26.332475,1.671,2.468,1.270,0.715
2025-12-05T03:08:26.361731,1.671,2.468,1.270,0.715
2025-12-05T03:08:26.389276,1.671,2.468,1.270,0.715
2025-12-05T03:08:26.415087,1.671,2.468,1.270,0.715
2025-12-05T03:08:26.449180,1.671,2.468,1.270,0.715
2025-12-05T03:08:26.483489,1.671,2.468,1.270,0.715
2025-12-05T03:08:26.512290,1.671,2.468,1.270,0.715
2025-12-05T03:08:26.547544,1.671,2.468,1.270,0.715
2025-12-05T03:08:26.580808,1.671,2.468,1.270,0.715
2025-12-05T03:08:26.618091,1.671,2.468,1.270,0.715
2025-12-05T03:08:26.647888,1.671,2.468,1.270,0.715
2025-12-05T03:08:26.682614,1.671,2.468,1.270,0.715
2025-12-05T03:08:26.717538,1.671,2.468,1.270,0.715
2025-12-05T03:08:26.746561,1.671,2.468,1.270,0.715
2025-12-05T03:08:26.777385,1.671,2.468,1.270,0.715
2025-12-05T03:08:26.806854,1.671,2.468,1.270,0.715
2025-12-05T03:08:26.837168,1.671,2.468,1.270,0.715
2025-12-05T03:08:26.872604,1.671,2.468,1.270,0.715
2025-12-05T03:08:26.908625,1.671,2.468,1.270,0.715
2025-12-05T03:08:26.942201,1.671,2.468,1.270,0.715
2025-12-05T03:08:26.973204,1.671,2.468,1.270,0.715
2025-12-05T03:08:27.006240,1.671,2.468,1.270,0.715
2025-12-05T03:08:27.032311,1.671,2.468,1.270,0.715
2025-12-05T03:08:27.067729,1.671,2.468,1.270,0.715
2025-12-05T03:08:27.100101,1.671,2.468,1.270,0.715
2025-12-05T03:08:27.131147,1.671,2.468,1.270,0.715
2025-12-05T03:08:27.168764,1.671,2.468,1.270,0.715
2025-12-05T03:08:27.199583,1.671,2.468,1.270,0.715
2025-12-05T03:08:27.232503,1.671,2.468,1.270,0.715
2025-12-05T03:08:27.264431,1.671,2.468,1.270,0.715
2025-12-05T03:08:27.293002,1.671,2.468,1.270,0.715
2025-12-05T03:08:27.325887,1.671,2.468,1.270,0.715
2025-12-05T03:08:27.357968,1.671,2.468,1.270,0.715
2025-12-05T03:08:27.392198,1.671,2.468,1.270,0.715
2025-12-05T03:08:27.425628,1.671,2.468,1.270,0.715
2025-12-05T03:08:27.459257,1.671,2.468,1.270,0.715
2025-12-05T03:08:27.492855,1.671,2.468,1.270,0.715
2025-12-05T03:08:27.523266,1.671,2.468,1.270,0.715
2025-12-05T03:08:27.552881,1.671,2.468,1.270,0.715
2025-12-05T03:08:27.588044,1.671,2.468,1.270,0.715
2025-12-05T03:08:27.620030,1.671,2.468,1.270,0.715
2025-12-05T03:08:27.656649,1.671,2.468,1.270,0.715
2025-12-05T03:08:27.685778,1.671,2.468,1.270,0.715
2025-12-05T03:08:27.720906,1.671,2.468,1.270,0.715
2025-12-05T03:08:27.752583,1.671,2.468,1.270,0.715
2025-12-05T03:08:27.782236,1.671,2.468,1.270,0.715
2025-12-05T03:08:27.823815,1.671,2.468,1.270,0.715
2025-12-05T03:08:27.849334,1.671,2.468,1.270,0.715
2025-12-05T03:08:27.882708,1.671,2.468,1.270,0.715
2025-12-05T03:08:27.915368,1.671,2.468,1.270,0.715
2025-12-05T03:08:27.946155,1.671,2.468,1.270,0.715
2025-12-05T03:08:27.981451,1.671,2.468,1.270,0.715
2025-12-05T03:08:28.014420,1.671,2.468,1.270,0.715
2025-12-05T03:08:28.044788,1.671,2.468,1.270,0.715
2025-12-05T03:08:28.077605,1.671,2.468,1.270,0.715
2025-12-05T03:08:28.110235,1.671,2.468,1.270,0.715
2025-12-05T03:08:28.140240,1.671,2.468,1.270,0.715
2025-12-05T03:08:28.174939,1.671,2.468,1.270,0.715
2025-12-05T03:08:28.206046,1.671,2.468,1.270,0.715
2025-12-05T03:08:28.238346,1.671,2.468,1.270,0.715
2025-12-05T03:08:28.270563,1.671,2.468,1.270,0.715
2025-12-05T03:08:28.303564,1.671,2.468,1.270,0.715
2025-12-05T03:08:28.332830,1.671,2.468,1.270,0.715
2025-12-05T03:08:28.368741,1.671,2.468,1.270,0.715
2025-12-05T03:08:28.399932,1.671,2.468,1.270,0.715
2025-12-05T03:08:28.430551,1.671,2.468,1.270,0.715
2025-12-05T03:08:28.464129,1.671,2.468,1.270,0.715
2025-12-05T03:08:28.497150,1.671,2.468,1.270,0.715
2025-12-05T03:08:28.530043,1.671,2.468,1.270,0.715
2025-12-05T03:08:28.565657,1.671,2.468,1.270,0.715
2025-12-05T03:08:28.599344,1.671,2.468,1.270,0.715
2025-12-05T03:08:28.631599,1.671,2.468,1.270,0.715
2025-12-05T03:08:28.661008,1.671,2.468,1.270,0.715
2025-12-05T03:08:28.692631,1.671,2.468,1.270,0.715
2025-12-05T03:08:28.723045,1.671,2.468,1.270,0.715
2025-12-05T03:08:28.756800,1.671,2.468,1.270,0.715
2025-12-05T03:08:28.788594,1.671,2.468,1.270,0.715
2025-12-05T03:08:28.820116,1.671,2.468,1.270,0.715
2025-12-05T03:08:28.851383,1.671,2.468,1.270,0.715
2025-12-05T03:08:28.884821,1.671,2.468,1.270,0.715
2025-12-05T03:08:28.921953,1.671,2.468,1.270,0.715
2025-12-05T03:08:28.954198,1.671,2.468,1.270,0.715
2025-12-05T03:08:28.984623,1.671,2.468,1.270,0.715
2025-12-05T03:08:29.016601,1.671,2.468,1.270,0.715
2025-12-05T03:08:29.049258,1.671,2.468,1.270,0.715
2025-12-05T03:08:29.081926,1.671,2.468,1.270,0.715
2025-12-05T03:08:29.114310,1.671,2.468,1.270,0.715
2025-12-05T03:08:29.146878,1.671,2.468,1.270,0.715
2025-12-05T03:08:29.180303,1.671,2.468,1.270,0.715
2025-12-05T03:08:29.215413,1.671,2.468,1.270,0.715
2025-12-05T03:08:29.244804,1.671,2.468,1.270,0.715
2025-12-05T03:08:29.278257,1.671,2.468,1.270,0.715
2025-12-05T03:08:29.308181,1.671,2.468,1.270,0.715
2025-12-05T03:08:29.339442,1.671,2.468,1.270,0.715
2025-12-05T03:08:29.371480,1.671,2.468,1.270,0.715
2025-12-05T03:08:29.408834,1.671,2.468,1.270,0.715
2025-12-05T03:08:29.440075,1.671,2.468,1.270,0.715
2025-12-05T03:08:29.471451,1.671,2.468,1.270,0.715
2025-12-05T03:08:29.505037,1.671,2.468,1.270,0.715
2025-12-05T03:08:29.535808,1.671,2.468,1.270,0.715
2025-12-05T03:08:29.570947,1.671,2.468,1.270,0.715
2025-12-05T03:08:29.601763,1.671,2.468,1.270,0.715
2025-12-05T03:08:29.632324,1.671,2.468,1.270,0.715
2025-12-05T03:08:29.665624,1.671,2.468,1.270,0.715
2025-12-05T03:08:29.703185,1.671,2.468,1.270,0.715
2025-12-05T03:08:29.734240,1.671,2.468,1.270,0.715
2025-12-05T03:08:29.766357,1.671,2.468,1.270,0.715
2025-12-05T03:08:29.796809,1.671,2.468,1.270,0.715
2025-12-05T03:08:29.827842,1.671,2.468,1.270,0.715
2025-12-05T03:08:29.862462,1.671,2.468,1.270,0.715
2025-12-05T03:08:29.895145,1.671,2.468,1.270,0.715
2025-12-05T03:08:29.926452,1.671,2.468,1.270,0.715
2025-12-05T03:08:29.960760,1.671,2.468,1.270,0.715
2025-12-05T03:08:29.996018,1.671,2.468,1.270,0.715
2025-12-05T03:08:30.025162,1.671,2.468,1.270,0.715
2025-12-05T03:08:30.060499,1.671,2.468,1.270,0.715
2025-12-05T03:08:30.089389,1.671,2.468,1.270,0.715
2025-12-05T03:08:30.120426,1.671,2.468,1.270,0.715
2025-12-05T03:08:30.151873,1.671,2.468,1.270,0.715
2025-12-05T03:08:30.184597,1.671,2.468,1.270,0.715
2025-12-05T03:08:30.220525,1.671,2.468,1.270,0.715
2025-12-05T03:08:30.253619,1.671,2.468,1.270,0.715
2025-12-05T03:08:30.284386,1.671,2.468,1.270,0.715
2025-12-05T03:08:30.318110,1.671,2.468,1.270,0.715
2025-12-05T03:08:30.346766,1.671,2.468,1.270,0.715
2025-12-05T03:08:30.378341,1.671,2.468,1.270,0.715
2025-12-05T03:08:30.408934,1.671,2.468,1.270,0.715
2025-12-05T03:08:30.438666,1.671,2.468,1.270,0.715
2025-12-05T03:08:30.472479,1.671,2.468,1.270,0.715
2025-12-05T03:08:30.508316,1.671,2.468,1.270,0.715
2025-12-05T03:08:30.540359,1.671,2.468,1.270,0.715
2025-12-05T03:08:30.572665,1.671,2.468,1.270,0.715
2025-12-05T03:08:30.602556,1.671,2.468,1.270,0.715
2025-12-05T03:08:30.634792,1.671,2.468,1.270,0.715
2025-12-05T03:08:30.671567,1.671,2.468,1.270,0.715
2025-12-05T03:08:30.710177,1.671,2.468,1.270,0.715
2025-12-05T03:08:30.737290,1.671,2.468,1.270,0.715
2025-12-05T03:08:30.769541,1.671,2.468,1.270,0.715
2025-12-05T03:08:30.800250,1.671,2.468,1.270,0.715
2025-12-05T03:08:30.830201,1.671,2.468,1.270,0.715
2025-12-05T03:08:30.865101,1.671,2.468,1.270,0.715
2025-12-05T03:08:30.896652,1.671,2.468,1.270,0.715
2025-12-05T03:08:30.927329,1.671,2.468,1.270,0.715
2025-12-05T03:08:30.960439,1.671,2.468,1.270,0.715
2025-12-05T03:08:30.993642,1.671,2.468,1.270,0.715
2025-12-05T03:08:31.026288,1.671,2.468,1.270,0.715
2025-12-05T03:08:31.062115,1.671,2.468,1.270,0.715
2025-12-05T03:08:31.095455,1.671,2.468,1.270,0.715
2025-12-05T03:08:31.128528,1.671,2.468,1.270,0.715
2025-12-05T03:08:31.164540,1.671,2.468,1.270,0.715
2025-12-05T03:08:31.190423,1.671,2.468,1.270,0.715
2025-12-05T03:08:31.226061,1.671,2.468,1.270,0.715
2025-12-05T03:08:31.257343,1.671,2.468,1.270,0.715
2025-12-05T03:08:31.290184,1.671,2.468,1.270,0.715
2025-12-05T03:08:31.323960,1.671,2.468,1.270,0.715
2025-12-05T03:08:31.359027,1.671,2.468,1.270,0.715
2025-12-05T03:08:31.389610,1.671,2.468,1.270,0.715
2025-12-05T03:08:31.422621,1.671,2.468,1.270,0.715
2025-12-05T03:08:31.455624,1.671,2.468,1.270,0.715
2025-12-05T03:08:31.569758,1.671,2.468,1.270,0.715
2025-12-05T03:08:31.601436,1.671,2.468,1.270,0.715
2025-12-05T03:08:31.631911,1.671,2.468,1.270,0.715
2025-12-05T03:08:31.662146,1.671,2.468,1.270,0.715
2025-12-05T03:08:31.690474,1.671,2.468,1.270,0.715
2025-12-05T03:08:31.722326,1.671,2.468,1.270,0.715
2025-12-05T03:08:31.751623,1.671,2.468,1.270,0.715
2025-12-05T03:08:31.782612,1.671,2.468,1.270,0.715
2025-12-05T03:08:31.816288,1.671,2.468,1.270,0.715
2025-12-05T03:08:31.848332,1.671,2.468,1.270,0.715
2025-12-05T03:08:31.880598,1.671,2.468,1.270,0.715
2025-12-05T03:08:31.916256,1.671,2.468,1.270,0.715
2025-12-05T03:08:31.950245,1.671,2.468,1.270,0.715
2025-12-05T03:08:31.981577,1.671,2.468,1.270,0.715
2025-12-05T03:08:32.012250,1.671,2.468,1.270,0.715
2025-12-05T03:08:32.043855,1.671,2.468,1.270,0.715
2025-12-05T03:08:32.075549,1.671,2.468,1.270,0.715
2025-12-05T03:08:32.108873,1.671,2.468,1.270,0.715
2025-12-05T03:08:32.141684,1.671,2.468,1.270,0.715
2025-12-05T03:08:32.175074,1.671,2.468,1.270,0.715
2025-12-05T03:08:32.210003,1.671,2.468,1.270,0.715
2025-12-05T03:08:32.240824,1.671,2.468,1.270,0.715
2025-12-05T03:08:32.276631,1.671,2.468,1.270,0.715
2025-12-05T03:08:32.311298,1.671,2.468,1.270,0.715
2025-12-05T03:08:32.338443,1.671,2.468,1.270,0.715
2025-12-05T03:08:32.369110,1.671,2.468,1.270,0.715
2025-12-05T03:08:32.401645,1.671,2.468,1.270,0.715
2025-12-05T03:08:32.434018,1.671,2.468,1.270,0.715
2025-12-05T03:08:32.465880,1.671,2.468,1.270,0.715
2025-12-05T03:08:32.502526,1.671,2.468,1.270,0.715
2025-12-05T03:08:32.534782,1.671,2.468,1.270,0.715
2025-12-05T03:08:32.567245,1.671,2.468,1.270,0.715
2025-12-05T03:08:32.599502,1.671,2.468,1.270,0.715
2025-12-05T03:08:32.631317,1.671,2.468,1.270,0.715
2025-12-05T03:08:32.661873,1.671,2.468,1.270,0.715
2025-12-05T03:08:32.689195,1.671,2.468,1.270,0.715
2025-12-05T03:08:32.720104,1.671,2.468,1.270,0.715
2025-12-05T03:08:32.754226,1.671,2.468,1.270,0.715
2025-12-05T03:08:32.785878,1.671,2.468,1.270,0.715
2025-12-05T03:08:32.817935,1.671,2.468,1.270,0.715
2025-12-05T03:08:32.844995,1.671,2.468,1.270,0.715
2025-12-05T03:08:32.878853,1.671,2.468,1.270,0.715
2025-12-05T03:08:32.919306,1.671,2.468,1.270,0.715
2025-12-05T03:08:32.952228,1.671,2.468,1.270,0.715
2025-12-05T03:08:32.984020,1.671,2.468,1.270,0.715
2025-12-05T03:08:33.018711,1.671,2.468,1.270,0.715
2025-12-05T03:08:33.049543,1.671,2.468,1.270,0.715
2025-12-05T03:08:33.081021,1.671,2.468,1.270,0.715
2025-12-05T03:08:33.114073,1.671,2.468,1.270,0.715
2025-12-05T03:08:33.149687,1.671,2.468,1.270,0.715
2025-12-05T03:08:33.181565,1.671,2.468,1.270,0.715
2025-12-05T03:08:33.213233,1.671,2.468,1.270,0.715
2025-12-05T03:08:33.245506,1.671,2.468,1.270,0.715
2025-12-05T03:08:33.275402,1.671,2.468,1.270,0.715
2025-12-05T03:08:33.307238,1.671,2.468,1.270,0.715
2025-12-05T03:08:33.341631,1.671,2.468,1.270,0.715
2025-12-05T03:08:33.376462,1.671,2.468,1.270,0.715
2025-12-05T03:08:33.412256,1.671,2.468,1.270,0.715
2025-12-05T03:08:33.445262,1.671,2.468,1.270,0.715
2025-12-05T03:08:33.477023,1.671,2.468,1.270,0.715
2025-12-05T03:08:33.508957,1.671,2.468,1.270,0.715
2025-12-05T03:08:33.548781,1.671,2.468,1.270,0.715
2025-12-05T03:08:33.573945,1.671,2.468,1.270,0.715
2025-12-05T03:08:33.605852,1.671,2.468,1.270,0.715
2025-12-05T03:08:33.638210,1.671,2.468,1.270,0.715
2025-12-05T03:08:33.669678,1.671,2.468,1.270,0.715
2025-12-05T03:08:33.701421,1.671,2.468,1.270,0.715
2025-12-05T03:08:33.730654,1.671,2.468,1.270,0.715
2025-12-05T03:08:33.768651,1.671,2.468,1.270,0.715
2025-12-05T03:08:33.802765,1.671,2.468,1.270,0.715
2025-12-05T03:08:33.835148,1.671,2.468,1.270,0.715
2025-12-05T03:08:33.868944,1.671,2.468,1.270,0.715
2025-12-05T03:08:33.903433,1.671,2.468,1.270,0.715
2025-12-05T03:08:33.931407,1.671,2.468,1.270,0.715
2025-12-05T03:08:33.960274,1.671,2.468,1.270,0.715
2025-12-05T03:08:33.992742,1.671,2.468,1.270,0.715
2025-12-05T03:08:34.025097,1.671,2.468,1.270,0.715
2025-12-05T03:08:34.058156,1.671,2.468,1.270,0.715
2025-12-05T03:08:34.090908,1.671,2.468,1.270,0.715
2025-12-05T03:08:34.124508,1.671,2.468,1.270,0.715
2025-12-05T03:08:34.157197,1.671,2.468,1.270,0.715
2025-12-05T03:08:34.190139,1.671,2.468,1.270,0.715
2025-12-05T03:08:34.220893,1.671,2.468,1.270,0.715
2025-12-05T03:08:34.252762,1.671,2.468,1.270,0.715
2025-12-05T03:08:34.285008,1.671,2.468,1.270,0.715
2025-12-05T03:08:34.316752,1.671,2.468,1.270,0.715
2025-12-05T03:08:34.354876,1.671,2.468,1.270,0.715
2025-12-05T03:08:34.386468,1.671,2.468,1.270,0.715
2025-12-05T03:08:34.416610,1.671,2.468,1.270,0.715
2025-12-05T03:08:34.447537,1.671,2.468,1.270,0.715
2025-12-05T03:08:34.478833,1.671,2.468,1.270,0.715
2025-12-05T03:08:34.508766,1.671,2.468,1.270,0.715
2025-12-05T03:08:34.542074,1.671,2.468,1.270,0.715
2025-12-05T03:08:34.576574,1.671,2.468,1.270,0.715
2025-12-05T03:08:34.610379,1.671,2.468,1.270,0.715
2025-12-05T03:08:34.642535,1.671,2.468,1.270,0.715
2025-12-05T03:08:34.674880,1.671,2.468,1.270,0.715
2025-12-05T03:08:34.708634,1.671,2.468,1.270,0.715
2025-12-05T03:08:34.734924,1.671,2.468,1.270,0.715
2025-12-05T03:08:34.768837,1.671,2.468,1.270,0.715
2025-12-05T03:08:34.802617,1.671,2.468,1.270,0.715
2025-12-05T03:08:34.831837,1.671,2.468,1.270,0.715
2025-12-05T03:08:34.867069,1.671,2.468,1.270,0.715
2025-12-05T03:08:34.899295,1.671,2.468,1.270,0.715
2025-12-05T03:08:34.931845,1.671,2.468,1.270,0.715
2025-12-05T03:08:34.965747,1.671,2.468,1.270,0.715
2025-12-05T03:08:35.005676,1.671,2.468,1.270,0.715
2025-12-05T03:08:35.029779,1.671,2.468,1.270,0.715
2025-12-05T03:08:35.062626,1.671,2.468,1.270,0.715
2025-12-05T03:08:35.095951,1.671,2.468,1.270,0.715
2025-12-05T03:08:35.134652,1.671,2.468,1.270,0.715
2025-12-05T03:08:35.168043,1.671,2.468,1.270,0.715
2025-12-05T03:08:35.203769,1.671,2.468,1.270,0.715
2025-12-05T03:08:35.236998,1.671,2.468,1.270,0.715
2025-12-05T03:08:35.274455,1.671,2.468,1.270,0.715
2025-12-05T03:08:35.303494,1.671,2.468,1.270,0.715
2025-12-05T03:08:35.335479,1.671,2.468,1.270,0.715
2025-12-05T03:08:35.363759,1.671,2.468,1.270,0.715
2025-12-05T03:08:35.394700,1.671,2.468,1.270,0.715
2025-12-05T03:08:35.434326,1.671,2.468,1.270,0.715
2025-12-05T03:08:35.462809,1.671,2.468,1.270,0.715
2025-12-05T03:08:35.490723,1.671,2.468,1.270,0.715
2025-12-05T03:08:35.524439,1.671,2.468,1.270,0.715
2025-12-05T03:08:35.560872,1.671,2.468,1.270,0.715
2025-12-05T03:08:35.590622,1.671,2.468,1.270,0.715
2025-12-05T03:08:35.627424,1.671,2.468,1.270,0.715
2025-12-05T03:08:35.654450,1.671,2.468,1.270,0.715
2025-12-05T03:08:35.685684,1.671,2.468,1.270,0.715
2025-12-05T03:08:35.721266,1.671,2.468,1.270,0.715
2025-12-05T03:08:35.753265,1.671,2.468,1.270,0.715
2025-12-05T03:08:35.788828,1.671,2.468,1.270,0.715
2025-12-05T03:08:35.819161,1.671,2.468,1.270,0.715
2025-12-05T03:08:35.849302,1.671,2.468,1.270,0.715
2025-12-05T03:08:35.882752,1.671,2.468,1.270,0.715
2025-12-05T03:08:35.914592,1.671,2.468,1.270,0.715
2025-12-05T03:08:35.947149,1.671,2.468,1.270,0.715
2025-12-05T03:08:35.980314,1.671,2.468,1.270,0.715
2025-12-05T03:08:36.016351,1.671,2.468,1.270,0.715
2025-12-05T03:08:36.051394,1.671,2.468,1.270,0.715
2025-12-05T03:08:36.084506,1.671,2.468,1.270,0.715
2025-12-05T03:08:36.114953,1.671,2.468,1.270,0.715
2025-12-05T03:08:36.144517,1.671,2.468,1.270,0.715
2025-12-05T03:08:36.174892,1.671,2.468,1.270,0.715
2025-12-05T03:08:36.210660,1.671,2.468,1.270,0.715
2025-12-05T03:08:36.243364,1.671,2.468,1.270,0.715
2025-12-05T03:08:36.277174,1.671,2.468,1.270,0.715
2025-12-05T03:08:36.311196,1.671,2.468,1.270,0.715
2025-12-05T03:08:36.342140,1.671,2.468,1.270,0.715
2025-12-05T03:08:36.373799,1.671,2.468,1.270,0.715
2025-12-05T03:08:36.404329,1.671,2.468,1.270,0.715
2025-12-05T03:08:36.434686,1.671,2.468,1.270,0.715
2025-12-05T03:08:36.467630,1.671,2.468,1.270,0.715
2025-12-05T03:08:36.501073,1.671,2.468,1.270,0.715
2025-12-05T03:08:36.534423,1.671,2.468,1.270,0.715
2025-12-05T03:08:36.570071,1.671,2.468,1.270,0.715
2025-12-05T03:08:36.601335,1.671,2.468,1.270,0.715
2025-12-05T03:08:36.634648,1.671,2.468,1.270,0.715
2025-12-05T03:08:36.666847,1.671,2.468,1.270,0.715
2025-12-05T03:08:36.696000,1.671,2.468,1.270,0.715
2025-12-05T03:08:36.728751,1.671,2.468,1.270,0.715
2025-12-05T03:08:36.761244,1.671,2.468,1.270,0.715
2025-12-05T03:08:36.791274,1.671,2.468,1.270,0.715
2025-12-05T03:08:36.824199,1.671,2.468,1.270,0.715
2025-12-05T03:08:36.858586,1.671,2.468,1.270,0.715
2025-12-05T03:08:36.890540,1.671,2.468,1.270,0.715
2025-12-05T03:08:36.922727,1.671,2.468,1.270,0.715
2025-12-05T03:08:36.954311,1.671,2.468,1.270,0.715
2025-12-05T03:08:36.987427,1.671,2.468,1.270,0.715
2025-12-05T03:08:37.020001,1.671,2.468,1.270,0.715
2025-12-05T03:08:37.054945,1.671,2.468,1.270,0.715
2025-12-05T03:08:37.085889,1.671,2.468,1.270,0.715
2025-12-05T03:08:37.118037,1.671,2.468,1.270,0.715
2025-12-05T03:08:37.149508,1.671,2.468,1.270,0.715
2025-12-05T03:08:37.184316,1.671,2.468,1.270,0.715
2025-12-05T03:08:37.219383,1.671,2.468,1.270,0.715
2025-12-05T03:08:37.250094,1.671,2.468,1.270,0.715
2025-12-05T03:08:37.284419,1.671,2.468,1.270,0.715
2025-12-05T03:08:37.317518,1.671,2.468,1.270,0.715
2025-12-05T03:08:37.349482,1.671,2.468,1.270,0.715
2025-12-05T03:08:37.380825,1.671,2.468,1.270,0.715
2025-12-05T03:08:37.413361,1.671,2.468,1.270,0.715
2025-12-05T03:08:37.446175,1.671,2.468,1.270,0.715
2025-12-05T03:08:37.479336,1.671,2.468,1.270,0.715
2025-12-05T03:08:37.512435,1.671,2.468,1.270,0.715
2025-12-05T03:08:37.546265,1.671,2.468,1.270,0.715
2025-12-05T03:08:37.578707,1.671,2.468,1.270,0.715
2025-12-05T03:08:37.614258,1.671,2.468,1.270,0.715
2025-12-05T03:08:37.647293,1.671,2.468,1.270,0.715
2025-12-05T03:08:37.678900,1.671,2.468,1.270,0.715
2025-12-05T03:08:37.709673,1.671,2.468,1.270,0.715
2025-12-05T03:08:37.739121,1.671,2.468,1.270,0.715
2025-12-05T03:08:37.772486,1.671,2.468,1.270,0.715
2025-12-05T03:08:37.805095,1.671,2.468,1.270,0.715
2025-12-05T03:08:37.836289,1.671,2.468,1.270,0.715
2025-12-05T03:08:37.869265,1.671,2.468,1.270,0.715
2025-12-05T03:08:37.904155,1.671,2.468,1.270,0.715
2025-12-05T03:08:37.933937,1.671,2.468,1.270,0.715
2025-12-05T03:08:37.967822,1.671,2.468,1.270,0.715
2025-12-05T03:08:38.001134,1.671,2.468,1.270,0.715
2025-12-05T03:08:38.032078,1.671,2.468,1.270,0.715
2025-12-05T03:08:38.062242,1.671,2.468,1.270,0.715
2025-12-05T03:08:38.092645,1.671,2.468,1.270,0.715
2025-12-05T03:08:38.126954,1.671,2.468,1.270,0.715
2025-12-05T03:08:38.160786,1.671,2.468,1.270,0.715
2025-12-05T03:08:38.193377,1.671,2.468,1.270,0.715
2025-12-05T03:08:38.227431,1.671,2.468,1.270,0.715
2025-12-05T03:08:38.263402,1.671,2.468,1.270,0.715
2025-12-05T03:08:38.292882,1.671,2.468,1.270,0.715
2025-12-05T03:08:38.325206,1.671,2.468,1.270,0.715
2025-12-05T03:08:38.362100,1.671,2.468,1.270,0.715
2025-12-05T03:08:38.388474,1.671,2.468,1.270,0.715
2025-12-05T03:08:38.420868,1.671,2.468,1.270,0.715
2025-12-05T03:08:38.456814,1.671,2.468,1.270,0.715
2025-12-05T03:08:38.489598,1.671,2.468,1.270,0.715
2025-12-05T03:08:38.520311,1.671,2.468,1.270,0.715
2025-12-05T03:08:38.552603,1.671,2.468,1.270,0.715
2025-12-05T03:08:38.580911,1.671,2.468,1.270,0.715
2025-12-05T03:08:38.613147,1.671,2.468,1.270,0.715
2025-12-05T03:08:38.644322,1.671,2.468,1.270,0.715
2025-12-05T03:08:38.673940,1.671,2.468,1.270,0.715
2025-12-05T03:08:38.709081,1.671,2.468,1.270,0.715
2025-12-05T03:08:38.741256,1.671,2.468,1.270,0.715
2025-12-05T03:08:38.771911,1.671,2.468,1.270,0.715
2025-12-05T03:08:38.807071,1.671,2.468,1.270,0.715
2025-12-05T03:08:38.839649,1.671,2.468,1.270,0.715
2025-12-05T03:08:38.873185,1.671,2.468,1.270,0.715
2025-12-05T03:08:38.920049,1.671,2.468,1.270,0.715
2025-12-05T03:08:38.941640,1.671,2.468,1.270,0.715
2025-12-05T03:08:38.971408,1.671,2.468,1.270,0.715
2025-12-05T03:08:39.003294,1.671,2.468,1.270,0.715
2025-12-05T03:08:39.100615,1.671,2.468,1.270,0.715
2025-12-05T03:08:39.127880,1.671,2.468,1.270,0.715
2025-12-05T03:08:39.199452,1.671,2.468,1.270,0.715
2025-12-05T03:08:39.254866,1.671,2.468,1.270,0.715
2025-12-05T03:08:39.279718,1.671,2.468,1.270,0.715
2025-12-05T03:08:39.304633,1.671,2.468,1.270,0.715
2025-12-05T03:08:39.329722,1.671,2.468,1.270,0.715
2025-12-05T03:08:39.353116,1.671,2.468,1.270,0.715
2025-12-05T03:08:39.377833,1.671,2.468,1.270,0.715
2025-12-05T03:08:39.403214,1.671,2.468,1.270,0.715
2025-12-05T03:08:39.430907,1.671,2.468,1.270,0.715
2025-12-05T03:08:39.459183,1.671,2.468,1.270,0.715
2025-12-05T03:08:39.488792,1.671,2.468,1.270,0.715
2025-12-05T03:08:39.518767,1.671,2.468,1.270,0.715
2025-12-05T03:08:39.552080,1.671,2.468,1.270,0.715
2025-12-05T03:08:39.584794,1.671,2.468,1.270,0.715
2025-12-05T03:08:39.622816,1.671,2.468,1.270,0.715
2025-12-05T03:08:39.648490,1.671,2.468,1.270,0.715
2025-12-05T03:08:39.682942,1.671,2.468,1.270,0.715
2025-12-05T03:08:39.718168,1.671,2.468,1.270,0.715
2025-12-05T03:08:39.753603,1.671,2.468,1.270,0.715
2025-12-05T03:08:39.792702,1.671,2.468,1.270,0.715
2025-12-05T03:08:39.825373,1.671,2.468,1.270,0.715
2025-12-05T03:08:39.859302,1.671,2.468,1.270,0.715
2025-12-05T03:08:39.891113,1.671,2.468,1.270,0.715
2025-12-05T03:08:39.920350,1.671,2.468,1.270,0.715
2025-12-05T03:08:39.953711,1.671,2.468,1.270,0.715
2025-12-05T03:08:39.987047,1.671,2.468,1.270,0.715
2025-12-05T03:08:40.017476,1.671,2.468,1.270,0.715
2025-12-05T03:08:40.049369,1.671,2.468,1.270,0.715
2025-12-05T03:08:40.083848,1.671,2.468,1.270,0.715
2025-12-05T03:08:40.109428,1.671,2.468,1.270,0.715
2025-12-05T03:08:40.147244,1.671,2.468,1.270,0.715
2025-12-05T03:08:40.178626,1.671,2.468,1.270,0.715
2025-12-05T03:08:40.215074,1.671,2.468,1.270,0.715
2025-12-05T03:08:40.249526,1.671,2.468,1.270,0.715
2025-12-05T03:08:40.279576,1.671,2.468,1.270,0.715
2025-12-05T03:08:40.310488,1.671,2.468,1.270,0.715
2025-12-05T03:08:40.341780,1.671,2.468,1.270,0.715
2025-12-05T03:08:40.371684,1.671,2.468,1.270,0.715
2025-12-05T03:08:40.406479,1.671,2.468,1.270,0.715
2025-12-05T03:08:40.439893,1.671,2.468,1.270,0.715
2025-12-05T03:08:40.473796,1.671,2.468,1.270,0.715
2025-12-05T03:08:40.508590,1.671,2.468,1.270,0.715
2025-12-05T03:08:40.540707,1.671,2.468,1.270,0.715
2025-12-05T03:08:40.571890,1.671,2.468,1.270,0.715
2025-12-05T03:08:40.604642,1.671,2.468,1.270,0.715
2025-12-05T03:08:40.634954,1.671,2.468,1.270,0.715
2025-12-05T03:08:40.670425,1.671,2.468,1.270,0.715
2025-12-05T03:08:40.702337,1.671,2.468,1.270,0.715
2025-12-05T03:08:40.735071,1.671,2.468,1.270,0.715
2025-12-05T03:08:40.767774,1.671,2.468,1.270,0.715
2025-12-05T03:08:40.800243,1.671,2.468,1.270,0.715
2025-12-05T03:08:40.830831,1.671,2.468,1.270,0.715
2025-12-05T03:08:40.863033,1.671,2.468,1.270,0.715
2025-12-05T03:08:40.893039,1.671,2.468,1.270,0.715
2025-12-05T03:08:40.925066,1.671,2.468,1.270,0.715
2025-12-05T03:08:40.959725,1.671,2.468,1.270,0.715
2025-12-05T03:08:40.996678,1.671,2.468,1.270,0.715
2025-12-05T03:08:41.029808,1.671,2.468,1.270,0.715
2025-12-05T03:08:41.060929,1.671,2.468,1.270,0.715
2025-12-05T03:08:41.093656,1.671,2.468,1.270,0.715
2025-12-05T03:08:41.124803,1.671,2.468,1.270,0.715
2025-12-05T03:08:41.165270,1.671,2.468,1.270,0.715
2025-12-05T03:08:41.191316,1.671,2.468,1.270,0.715
2025-12-05T03:08:41.224479,1.671,2.468,1.270,0.715
2025-12-05T03:08:41.255967,1.671,2.468,1.270,0.715
2025-12-05T03:08:41.289695,1.671,2.468,1.270,0.715
2025-12-05T03:08:41.322715,1.671,2.468,1.270,0.715
2025-12-05T03:08:41.353285,1.671,2.468,1.270,0.715
2025-12-05T03:08:41.380126,1.671,2.468,1.270,0.715
2025-12-05T03:08:41.411345,1.671,2.468,1.270,0.715
2025-12-05T03:08:41.444240,1.671,2.468,1.270,0.715
2025-12-05T03:08:41.475248,1.671,2.468,1.270,0.715
2025-12-05T03:08:41.510175,1.671,2.468,1.270,0.715
2025-12-05T03:08:41.542187,1.671,2.468,1.270,0.715
2025-12-05T03:08:41.580776,1.671,2.468,1.270,0.715
2025-12-05T03:08:41.608915,1.671,2.468,1.270,0.715
2025-12-05T03:08:41.641124,1.671,2.468,1.270,0.715
2025-12-05T03:08:41.676740,1.671,2.468,1.270,0.715
2025-12-05T03:08:41.709174,1.671,2.468,1.270,0.715
2025-12-05T03:08:41.746316,1.671,2.468,1.270,0.715
2025-12-05T03:08:41.774354,1.671,2.468,1.270,0.715
2025-12-05T03:08:41.808791,1.671,2.468,1.270,0.715
2025-12-05T03:08:41.841886,1.671,2.468,1.270,0.715
2025-12-05T03:08:41.872950,1.671,2.468,1.270,0.715
2025-12-05T03:08:41.902685,1.671,2.468,1.270,0.715
2025-12-05T03:08:41.931866,1.671,2.468,1.270,0.715
2025-12-05T03:08:41.960277,1.671,2.468,1.270,0.715
2025-12-05T03:08:41.992040,1.671,2.468,1.270,0.715
2025-12-05T03:08:42.020814,1.671,2.468,1.270,0.715
2025-12-05T03:08:42.051463,1.671,2.468,1.270,0.715
2025-12-05T03:08:42.086301,1.671,2.468,1.270,0.715
2025-12-05T03:08:42.119466,1.671,2.468,1.270,0.715
2025-12-05T03:08:42.151231,1.671,2.468,1.270,0.715
2025-12-05T03:08:42.183639,1.671,2.468,1.270,0.715
2025-12-05T03:08:42.217275,1.671,2.468,1.270,0.715
2025-12-05T03:08:42.248226,1.671,2.468,1.270,0.715
2025-12-05T03:08:42.286141,1.671,2.468,1.270,0.715
2025-12-05T03:08:42.313226,1.671,2.468,1.270,0.715
2025-12-05T03:08:42.345620,1.671,2.468,1.270,0.715
2025-12-05T03:08:42.384380,1.671,2.468,1.270,0.715
2025-12-05T03:08:42.413084,1.671,2.468,1.270,0.715
2025-12-05T03:08:42.441960,1.671,2.468,1.270,0.715
2025-12-05T03:08:42.473203,1.671,2.468,1.270,0.715
2025-12-05T03:08:42.508240,1.671,2.468,1.270,0.715
2025-12-05T03:08:42.540953,1.671,2.468,1.270,0.715
2025-12-05T03:08:42.571473,1.671,2.468,1.270,0.715
2025-12-05T03:08:42.603912,1.671,2.468,1.270,0.715
2025-12-05T03:08:42.634887,1.671,2.468,1.270,0.715
2025-12-05T03:08:42.671410,1.671,2.468,1.270,0.715
2025-12-05T03:08:42.698739,1.671,2.468,1.270,0.715
2025-12-05T03:08:42.737609,1.671,2.468,1.270,0.715
2025-12-05T03:08:42.769801,1.671,2.468,1.270,0.715
2025-12-05T03:08:42.805187,1.671,2.468,1.270,0.715
2025-12-05T03:08:42.834085,1.671,2.468,1.270,0.715
2025-12-05T03:08:42.864288,1.671,2.468,1.270,0.715
2025-12-05T03:08:42.896169,1.671,2.468,1.270,0.715
2025-12-05T03:08:42.927436,1.671,2.468,1.270,0.715
2025-12-05T03:08:42.961516,1.671,2.468,1.270,0.715
2025-12-05T03:08:42.995016,1.671,2.468,1.270,0.715
2025-12-05T03:08:43.028322,1.671,2.468,1.270,0.715
2025-12-05T03:08:43.062574,1.671,2.468,1.270,0.715
2025-12-05T03:08:43.094495,1.671,2.468,1.270,0.715
2025-12-05T03:08:43.124882,1.671,2.468,1.270,0.715
2025-12-05T03:08:43.156679,1.671,2.468,1.270,0.715
2025-12-05T03:08:43.185426,1.671,2.468,1.270,0.715
2025-12-05T03:08:43.215733,1.671,2.468,1.270,0.715
2025-12-05T03:08:43.247489,1.671,2.468,1.270,0.715
2025-12-05T03:08:43.279816,1.671,2.468,1.270,0.715
2025-12-05T03:08:43.313541,1.671,2.468,1.270,0.715
2025-12-05T03:08:43.348014,1.671,2.468,1.270,0.715
2025-12-05T03:08:43.387382,1.671,2.468,1.270,0.715
2025-12-05T03:08:43.419431,1.671,2.468,1.270,0.715
2025-12-05T03:08:43.452791,1.671,2.468,1.270,0.715
2025-12-05T03:08:43.482818,1.671,2.468,1.270,0.715
2025-12-05T03:08:43.515521,1.671,2.468,1.270,0.715
2025-12-05T03:08:43.547374,1.671,2.468,1.270,0.715
2025-12-05T03:08:43.578161,1.671,2.468,1.270,0.715
2025-12-05T03:08:43.606142,1.671,2.468,1.270,0.715
2025-12-05T03:08:43.638881,1.671,2.468,1.270,0.715
2025-12-05T03:08:43.672839,1.671,2.468,1.270,0.715
2025-12-05T03:08:43.706521,1.671,2.468,1.270,0.715
2025-12-05T03:08:43.738654,1.671,2.468,1.270,0.715
2025-12-05T03:08:43.770328,1.671,2.468,1.270,0.715
2025-12-05T03:08:43.802311,1.671,2.468,1.270,0.715
2025-12-05T03:08:43.835039,1.671,2.468,1.270,0.715
2025-12-05T03:08:43.866531,1.671,2.468,1.270,0.715
2025-12-05T03:08:43.905742,1.671,2.468,1.270,0.715
2025-12-05T03:08:43.939392,1.671,2.468,1.270,0.715
2025-12-05T03:08:43.967801,1.671,2.468,1.270,0.715
2025-12-05T03:08:44.001240,1.671,2.468,1.270,0.715
2025-12-05T03:08:44.032616,1.671,2.468,1.270,0.715
2025-12-05T03:08:44.066038,1.671,2.468,1.270,0.715
2025-12-05T03:08:44.100714,1.671,2.468,1.270,0.715
2025-12-05T03:08:44.133546,1.671,2.468,1.270,0.715
2025-12-05T03:08:44.164592,1.671,2.468,1.270,0.715
2025-12-05T03:08:44.194217,1.671,2.468,1.270,0.715
2025-12-05T03:08:44.230961,1.671,2.468,1.270,0.715
2025-12-05T03:08:44.254463,1.671,2.468,1.270,0.715
2025-12-05T03:08:44.283705,1.671,2.468,1.270,0.715
2025-12-05T03:08:44.320796,1.671,2.468,1.270,0.715
2025-12-05T03:08:44.354485,1.671,2.468,1.270,0.715
2025-12-05T03:08:44.388944,1.671,2.468,1.270,0.715
2025-12-05T03:08:44.422145,1.671,2.468,1.270,0.715
2025-12-05T03:08:44.453196,1.671,2.468,1.270,0.715
2025-12-05T03:08:44.486122,1.671,2.468,1.270,0.715
2025-12-05T03:08:44.518426,1.671,2.468,1.270,0.715
2025-12-05T03:08:44.548174,1.671,2.468,1.270,0.715
2025-12-05T03:08:44.577453,1.671,2.468,1.270,0.715
2025-12-05T03:08:44.608125,1.671,2.468,1.270,0.715
2025-12-05T03:08:44.641881,1.671,2.468,1.270,0.715
2025-12-05T03:08:44.674436,1.671,2.468,1.270,0.715
2025-12-05T03:08:44.705678,1.671,2.468,1.270,0.715
2025-12-05T03:08:44.737458,1.671,2.468,1.270,0.715
2025-12-05T03:08:44.769993,1.671,2.468,1.270,0.715
2025-12-05T03:08:44.802884,1.671,2.468,1.270,0.715
2025-12-05T03:08:44.835218,1.671,2.468,1.270,0.715
2025-12-05T03:08:44.868659,1.671,2.468,1.270,0.715
2025-12-05T03:08:44.903836,1.671,2.468,1.270,0.715
2025-12-05T03:08:44.937651,1.671,2.468,1.270,0.715
2025-12-05T03:08:44.968391,1.671,2.468,1.270,0.715
2025-12-05T03:08:45.000305,1.671,2.468,1.270,0.715
2025-12-05T03:08:45.031513,1.671,2.468,1.270,0.715
2025-12-05T03:08:45.064476,1.671,2.468,1.270,0.715
2025-12-05T03:08:45.096814,1.671,2.468,1.270,0.715
2025-12-05T03:08:45.127907,1.671,2.468,1.270,0.715
2025-12-05T03:08:45.164093,1.671,2.468,1.270,0.715
2025-12-05T03:08:45.196166,1.671,2.468,1.270,0.715
2025-12-05T03:08:45.230421,1.671,2.468,1.270,0.715
2025-12-05T03:08:45.265233,1.671,2.468,1.270,0.715
2025-12-05T03:08:45.293895,1.671,2.468,1.270,0.715
2025-12-05T03:08:45.327457,1.671,2.468,1.270,0.715
2025-12-05T03:08:45.360580,1.671,2.468,1.270,0.715
2025-12-05T03:08:45.393281,1.671,2.468,1.270,0.715
2025-12-05T03:08:45.425200,1.671,2.468,1.270,0.715
2025-12-05T03:08:45.462789,1.671,2.468,1.270,0.715
2025-12-05T03:08:45.492478,1.671,2.468,1.270,0.715
2025-12-05T03:08:45.523504,1.671,2.468,1.270,0.715
2025-12-05T03:08:45.561440,1.671,2.468,1.270,0.715
2025-12-05T03:08:45.586344,1.671,2.468,1.270,0.715
2025-12-05T03:08:45.616417,1.671,2.468,1.270,0.715
2025-12-05T03:08:45.647928,1.671,2.468,1.270,0.715
2025-12-05T03:08:45.678557,1.671,2.468,1.270,0.715
2025-12-05T03:08:45.713911,1.671,2.468,1.270,0.715
2025-12-05T03:08:45.745786,1.671,2.468,1.270,0.715
2025-12-05T03:08:45.778523,1.671,2.468,1.270,0.715
2025-12-05T03:08:45.813428,1.671,2.468,1.270,0.715
2025-12-05T03:08:45.841051,1.671,2.468,1.270,0.715
2025-12-05T03:08:45.881650,1.671,2.468,1.270,0.715
2025-12-05T03:08:45.913421,1.671,2.468,1.270,0.715
2025-12-05T03:08:45.941373,1.671,2.468,1.270,0.715
2025-12-05T03:08:45.971523,1.671,2.468,1.270,0.715
2025-12-05T03:08:46.004041,1.671,2.468,1.270,0.715
2025-12-05T03:08:46.036385,1.671,2.468,1.270,0.715
2025-12-05T03:08:46.066149,1.671,2.468,1.270,0.715
2025-12-05T03:08:46.097947,1.671,2.468,1.270,0.715
2025-12-05T03:08:46.129938,1.671,2.468,1.270,0.715
2025-12-05T03:08:46.167172,1.671,2.468,1.270,0.715
2025-12-05T03:08:46.201217,1.671,2.468,1.270,0.715
2025-12-05T03:08:46.232516,1.671,2.468,1.270,0.715
2025-12-05T03:08:46.267954,1.671,2.468,1.270,0.715
2025-12-05T03:08:46.293222,1.671,2.468,1.270,0.715
2025-12-05T03:08:46.327679,1.671,2.468,1.270,0.715
2025-12-05T03:08:46.361367,1.671,2.468,1.270,0.715
2025-12-05T03:08:46.393434,1.671,2.468,1.270,0.715
2025-12-05T03:08:46.428799,1.671,2.468,1.270,0.715
2025-12-05T03:08:46.462514,1.671,2.468,1.270,0.715
2025-12-05T03:08:46.494652,1.671,2.468,1.270,0.715
2025-12-05T03:08:46.525476,1.671,2.468,1.270,0.715
2025-12-05T03:08:46.558104,1.671,2.468,1.270,0.715
2025-12-05T03:08:46.586703,1.671,2.468,1.270,0.715
2025-12-05T03:08:46.618479,1.671,2.468,1.270,0.715
2025-12-05T03:08:46.650394,1.671,2.468,1.270,0.715
2025-12-05T03:08:46.679537,1.671,2.468,1.270,0.715
2025-12-05T03:08:46.713465,1.671,2.468,1.270,0.715
2025-12-05T03:08:46.746181,1.671,2.468,1.270,0.715
2025-12-05T03:08:46.780542,1.671,2.468,1.270,0.715
2025-12-05T03:08:46.817046,1.671,2.468,1.270,0.715
2025-12-05T03:08:46.848484,1.671,2.468,1.270,0.715
2025-12-05T03:08:46.880709,1.671,2.468,1.270,0.715
2025-12-05T03:08:46.912468,1.671,2.468,1.270,0.715
2025-12-05T03:08:46.943243,1.671,2.468,1.270,0.715
2025-12-05T03:08:46.976732,1.671,2.468,1.270,0.715
2025-12-05T03:08:47.008130,1.671,2.468,1.270,0.715
2025-12-05T03:08:47.042506,1.671,2.468,1.270,0.715
2025-12-05T03:08:47.071859,1.671,2.468,1.270,0.715
2025-12-05T03:08:47.107719,1.671,2.468,1.270,0.715
2025-12-05T03:08:47.140558,1.671,2.468,1.270,0.715
2025-12-05T03:08:47.172378,1.671,2.468,1.270,0.715
2025-12-05T03:08:47.204441,1.671,2.468,1.270,0.715
2025-12-05T03:08:47.232729,1.671,2.468,1.270,0.715
2025-12-05T03:08:47.265360,1.671,2.468,1.270,0.715
2025-12-05T03:08:47.298010,1.671,2.468,1.270,0.715
2025-12-05T03:08:47.328494,1.671,2.468,1.270,0.715
2025-12-05T03:08:47.363784,1.671,2.468,1.270,0.715
2025-12-05T03:08:47.393415,1.671,2.468,1.270,0.715
2025-12-05T03:08:47.428441,1.671,2.468,1.270,0.715
2025-12-05T03:08:47.459337,1.671,2.468,1.270,0.715
2025-12-05T03:08:47.491519,1.671,2.468,1.270,0.715
2025-12-05T03:08:47.524583,1.671,2.468,1.270,0.715
2025-12-05T03:08:47.557306,1.671,2.468,1.270,0.715
2025-12-05T03:08:47.586483,1.671,2.468,1.270,0.715
2025-12-05T03:08:47.620709,1.671,2.468,1.270,0.715
2025-12-05T03:08:47.650301,1.671,2.468,1.270,0.715
2025-12-05T03:08:47.683406,1.671,2.468,1.270,0.715
2025-12-05T03:08:47.722270,1.671,2.468,1.270,0.715
2025-12-05T03:08:47.753350,1.671,2.468,1.270,0.715
2025-12-05T03:08:47.786466,1.671,2.468,1.270,0.715
2025-12-05T03:08:47.816577,1.671,2.468,1.270,0.715
2025-12-05T03:08:47.847685,1.671,2.468,1.270,0.715
2025-12-05T03:08:47.880579,1.671,2.468,1.270,0.715
2025-12-05T03:08:47.911795,1.671,2.468,1.270,0.715
2025-12-05T03:08:47.943544,1.671,2.468,1.270,0.715
2025-12-05T03:08:47.975351,1.671,2.468,1.270,0.715
2025-12-05T03:08:48.010875,1.671,2.468,1.270,0.715
2025-12-05T03:08:48.047497,1.671,2.468,1.270,0.715
2025-12-05T03:08:48.080059,1.671,2.468,1.270,0.715
2025-12-05T03:08:48.114860,1.671,2.468,1.270,0.715
2025-12-05T03:08:48.146536,1.671,2.468,1.270,0.715
2025-12-05T03:08:48.176847,1.671,2.468,1.270,0.715
2025-12-05T03:08:48.211296,1.671,2.468,1.270,0.715
2025-12-05T03:08:48.241846,1.671,2.468,1.270,0.715
2025-12-05T03:08:48.274820,1.671,2.468,1.270,0.715
2025-12-05T03:08:48.308457,1.671,2.468,1.270,0.715
2025-12-05T03:08:48.340409,1.671,2.468,1.270,0.715
2025-12-05T03:08:48.373026,1.671,2.468,1.270,0.715
2025-12-05T03:08:48.405048,1.671,2.468,1.270,0.715
2025-12-05T03:08:48.436530,1.671,2.468,1.270,0.715
2025-12-05T03:08:48.470416,1.671,2.468,1.270,0.715
2025-12-05T03:08:48.504157,1.671,2.468,1.270,0.715
2025-12-05T03:08:48.534854,1.671,2.468,1.270,0.715
2025-12-05T03:08:48.570083,1.671,2.468,1.270,0.715
2025-12-05T03:08:48.604567,1.671,2.468,1.270,0.715
2025-12-05T03:08:48.632085,1.671,2.468,1.270,0.715
2025-12-05T03:08:48.665287,1.671,2.468,1.270,0.715
2025-12-05T03:08:48.694161,1.671,2.468,1.270,0.715
2025-12-05T03:08:48.732040,1.671,2.468,1.270,0.715
2025-12-05T03:08:48.756402,1.671,2.468,1.270,0.715
2025-12-05T03:08:48.790138,1.671,2.468,1.270,0.715
2025-12-05T03:08:48.822696,1.671,2.468,1.270,0.715
2025-12-05T03:08:48.855974,1.671,2.468,1.270,0.715
2025-12-05T03:08:48.887485,1.671,2.468,1.270,0.715
2025-12-05T03:08:48.921620,1.671,2.468,1.270,0.715
2025-12-05T03:08:48.953901,1.671,2.468,1.270,0.715
2025-12-05T03:08:48.983958,1.671,2.468,1.270,0.715
2025-12-05T03:08:49.017022,1.671,2.468,1.270,0.715
2025-12-05T03:08:49.052170,1.671,2.468,1.270,0.715
2025-12-05T03:08:49.085870,1.671,2.468,1.270,0.715
2025-12-05T03:08:49.122468,1.671,2.468,1.270,0.715
2025-12-05T03:08:49.154114,1.671,2.468,1.270,0.715
2025-12-05T03:08:49.186418,1.671,2.468,1.270,0.715
2025-12-05T03:08:49.217275,1.671,2.468,1.270,0.715
2025-12-05T03:08:49.247853,1.671,2.468,1.270,0.715
2025-12-05T03:08:49.276718,1.671,2.468,1.270,0.715
2025-12-05T03:08:49.309338,1.671,2.468,1.270,0.715
2025-12-05T03:08:49.341814,1.671,2.468,1.270,0.715
2025-12-05T03:08:49.376676,1.671,2.468,1.270,0.715
2025-12-05T03:08:49.414056,1.671,2.468,1.270,0.715
2025-12-05T03:08:49.447971,1.671,2.468,1.270,0.715
2025-12-05T03:08:49.478531,1.671,2.468,1.270,0.715
2025-12-05T03:08:49.514312,1.671,2.468,1.270,0.715
2025-12-05T03:08:49.546211,1.671,2.468,1.270,0.715
2025-12-05T03:08:49.576817,1.671,2.468,1.270,0.715
2025-12-05T03:08:49.609490,1.671,2.468,1.270,0.715
2025-12-05T03:08:49.638426,1.671,2.468,1.270,0.715
2025-12-05T03:08:49.674112,1.671,2.468,1.270,0.715
2025-12-05T03:08:49.705758,1.671,2.468,1.270,0.715
2025-12-05T03:08:49.737246,1.671,2.468,1.270,0.715
2025-12-05T03:08:49.770981,1.671,2.468,1.270,0.715
2025-12-05T03:08:49.801354,1.671,2.468,1.270,0.715
2025-12-05T03:08:49.834514,1.671,2.468,1.270,0.715
2025-12-05T03:08:49.870638,1.671,2.468,1.270,0.715
2025-12-05T03:08:49.907142,1.671,2.468,1.270,0.715
2025-12-05T03:08:49.934517,1.671,2.468,1.270,0.715
2025-12-05T03:08:49.966016,1.671,2.468,1.270,0.715
2025-12-05T03:08:50.000104,1.671,2.468,1.270,0.715
2025-12-05T03:08:50.029699,1.671,2.468,1.270,0.715
2025-12-05T03:08:50.063641,1.671,2.468,1.270,0.715
2025-12-05T03:08:50.094985,1.671,2.468,1.270,0.715
2025-12-05T03:08:50.128633,1.671,2.468,1.270,0.715
2025-12-05T03:08:50.164076,1.671,2.468,1.270,0.715
2025-12-05T03:08:50.195999,1.671,2.468,1.270,0.715
2025-12-05T03:08:50.228654,1.671,2.468,1.270,0.715
2025-12-05T03:08:50.259678,1.671,2.468,1.270,0.715
2025-12-05T03:08:50.290978,1.671,2.468,1.270,0.715
2025-12-05T03:08:50.322511,1.671,2.468,1.270,0.715
2025-12-05T03:08:50.353107,1.671,2.468,1.270,0.715
2025-12-05T03:08:50.387273,1.671,2.468,1.270,0.715
2025-12-05T03:08:50.422491,1.671,2.468,1.270,0.715
2025-12-05T03:08:50.454384,1.671,2.468,1.270,0.715
2025-12-05T03:08:50.487839,1.671,2.468,1.270,0.715
2025-12-05T03:08:50.518473,1.671,2.468,1.270,0.715
2025-12-05T03:08:50.549503,1.671,2.468,1.270,0.715
2025-12-05T03:08:50.579686,1.671,2.468,1.270,0.715
2025-12-05T03:08:50.612287,1.671,2.468,1.270,0.715
2025-12-05T03:08:50.646866,1.671,2.468,1.270,0.715
2025-12-05T03:08:50.680011,1.671,2.468,1.270,0.715
2025-12-05T03:08:50.714978,1.671,2.468,1.270,0.715
2025-12-05T03:08:50.744335,1.671,2.468,1.270,0.715
2025-12-05T03:08:50.775455,1.671,2.468,1.270,0.715
2025-12-05T03:08:50.808117,1.671,2.468,1.270,0.715
2025-12-05T03:08:50.837653,1.671,2.468,1.270,0.715
2025-12-05T03:08:50.872437,1.671,2.468,1.270,0.715
2025-12-05T03:08:50.902036,1.671,2.468,1.270,0.715
2025-12-05T03:08:50.936583,1.671,2.468,1.270,0.715
2025-12-05T03:08:50.970440,1.671,2.468,1.270,0.715
2025-12-05T03:08:51.001930,1.671,2.468,1.270,0.715
2025-12-05T03:08:51.031701,1.671,2.468,1.270,0.715
2025-12-05T03:08:51.068213,1.671,2.468,1.270,0.715
2025-12-05T03:08:51.104499,1.671,2.468,1.270,0.715
2025-12-05T03:08:51.137990,1.671,2.468,1.270,0.715
2025-12-05T03:08:51.173125,1.671,2.468,1.270,0.715
2025-12-05T03:08:51.202058,1.671,2.468,1.270,0.715
2025-12-05T03:08:51.234135,1.671,2.468,1.270,0.715
2025-12-05T03:08:51.267731,1.671,2.468,1.270,0.715
2025-12-05T03:08:51.302397,1.671,2.468,1.270,0.715
2025-12-05T03:08:51.334250,1.671,2.468,1.270,0.715
2025-12-05T03:08:51.366235,1.671,2.468,1.270,0.715
2025-12-05T03:08:51.398261,1.671,2.468,1.270,0.715
2025-12-05T03:08:51.429439,1.671,2.468,1.270,0.715
2025-12-05T03:08:51.462305,1.671,2.468,1.270,0.715
2025-12-05T03:08:51.495963,1.671,2.468,1.270,0.715
2025-12-05T03:08:51.529505,1.671,2.468,1.270,0.715
2025-12-05T03:08:51.564861,1.671,2.468,1.270,0.715
2025-12-05T03:08:51.602201,1.671,2.468,1.270,0.715
2025-12-05T03:08:51.635168,1.671,2.468,1.270,0.715
2025-12-05T03:08:51.664920,1.671,2.468,1.270,0.715
2025-12-05T03:08:51.696584,1.671,2.468,1.270,0.715
2025-12-05T03:08:51.727378,1.671,2.468,1.270,0.715
2025-12-05T03:08:51.758644,1.671,2.468,1.270,0.715
2025-12-05T03:08:51.791164,1.671,2.468,1.270,0.715
2025-12-05T03:08:51.822544,1.671,2.468,1.270,0.715
2025-12-05T03:08:51.857666,1.671,2.468,1.270,0.715
2025-12-05T03:08:51.887900,1.671,2.468,1.270,0.715
2025-12-05T03:08:51.921574,1.671,2.468,1.270,0.715
2025-12-05T03:08:51.953821,1.671,2.468,1.270,0.715
2025-12-05T03:08:51.984815,1.671,2.468,1.270,0.715
2025-12-05T03:08:52.018254,1.671,2.468,1.270,0.715
2025-12-05T03:08:52.050593,1.671,2.468,1.270,0.715
2025-12-05T03:08:52.081152,1.671,2.468,1.270,0.715
2025-12-05T03:08:52.111143,1.671,2.468,1.270,0.715
2025-12-05T03:08:52.145620,1.671,2.468,1.270,0.715
2025-12-05T03:08:52.176160,1.671,2.468,1.270,0.715
2025-12-05T03:08:52.210139,1.671,2.468,1.270,0.715
2025-12-05T03:08:52.244215,1.671,2.468,1.270,0.715
2025-12-05T03:08:52.275975,1.671,2.468,1.270,0.715
2025-12-05T03:08:52.307227,1.671,2.468,1.270,0.715
2025-12-05T03:08:52.339983,1.671,2.468,1.270,0.715
2025-12-05T03:08:52.374082,1.671,2.468,1.270,0.715
2025-12-05T03:08:52.406784,1.671,2.468,1.270,0.715
2025-12-05T03:08:52.440463,1.671,2.468,1.270,0.715
2025-12-05T03:08:52.475061,1.671,2.468,1.270,0.715
2025-12-05T03:08:52.503247,1.671,2.468,1.270,0.715
2025-12-05T03:08:52.536757,1.671,2.468,1.270,0.715
2025-12-05T03:08:52.568249,1.671,2.468,1.270,0.715
2025-12-05T03:08:52.601591,1.671,2.468,1.270,0.715
2025-12-05T03:08:52.635788,1.671,2.468,1.270,0.715
2025-12-05T03:08:52.670322,1.671,2.468,1.270,0.715
2025-12-05T03:08:52.702677,1.671,2.468,1.270,0.715
2025-12-05T03:08:52.751513,1.671,2.468,1.270,0.715
2025-12-05T03:08:52.771865,1.671,2.468,1.270,0.715
2025-12-05T03:08:52.804430,1.671,2.468,1.270,0.715
2025-12-05T03:08:52.830275,1.671,2.468,1.270,0.715
2025-12-05T03:08:52.858041,1.671,2.468,1.270,0.715
2025-12-05T03:08:52.886268,1.671,2.468,1.270,0.715
2025-12-05T03:08:52.920867,1.671,2.468,1.270,0.715
2025-12-05T03:08:52.951753,1.671,2.468,1.270,0.715
2025-12-05T03:08:52.984486,1.671,2.468,1.270,0.715
2025-12-05T03:08:53.017081,1.671,2.468,1.270,0.715
2025-12-05T03:08:53.048063,1.671,2.468,1.270,0.715
2025-12-05T03:08:53.083458,1.671,2.468,1.270,0.715
2025-12-05T03:08:53.118475,1.671,2.468,1.270,0.715
2025-12-05T03:08:53.151664,1.671,2.468,1.270,0.715
2025-12-05T03:08:53.182281,1.671,2.468,1.270,0.715
2025-12-05T03:08:53.214378,1.671,2.468,1.270,0.715
2025-12-05T03:08:53.247728,1.671,2.468,1.270,0.715
2025-12-05T03:08:53.277263,1.671,2.468,1.270,0.715
2025-12-05T03:08:53.311967,1.671,2.468,1.270,0.715
2025-12-05T03:08:53.343288,1.671,2.468,1.270,0.715
2025-12-05T03:08:53.379077,1.671,2.468,1.270,0.715
2025-12-05T03:08:53.414343,1.671,2.468,1.270,0.715
2025-12-05T03:08:53.446824,1.671,2.468,1.270,0.715
2025-12-05T03:08:53.477935,1.671,2.468,1.270,0.715
2025-12-05T03:08:53.509137,1.671,2.468,1.270,0.715
2025-12-05T03:08:53.539543,1.671,2.468,1.270,0.715
2025-12-05T03:08:53.574910,1.671,2.468,1.270,0.715
2025-12-05T03:08:53.617073,1.671,2.468,1.270,0.715
2025-12-05T03:08:53.642973,1.671,2.468,1.270,0.715
2025-12-05T03:08:53.675698,1.671,2.468,1.270,0.715
2025-12-05T03:08:53.707135,1.671,2.468,1.270,0.715
2025-12-05T03:08:53.734651,1.671,2.468,1.270,0.715
2025-12-05T03:08:53.765907,1.671,2.468,1.270,0.715
2025-12-05T03:08:53.794691,1.671,2.468,1.270,0.715
2025-12-05T03:08:53.826748,1.671,2.468,1.270,0.715
2025-12-05T03:08:53.862941,1.671,2.468,1.270,0.715
2025-12-05T03:08:53.894105,1.671,2.468,1.270,0.715
2025-12-05T03:08:53.929294,1.671,2.468,1.270,0.715
2025-12-05T03:08:53.960394,1.671,2.468,1.270,0.715
2025-12-05T03:08:53.992580,1.671,2.468,1.270,0.715
2025-12-05T03:08:54.043431,1.671,2.468,1.270,0.715
2025-12-05T03:08:54.073622,1.671,2.468,1.270,0.715
2025-12-05T03:08:54.103259,1.671,2.468,1.270,0.715
2025-12-05T03:08:54.129791,1.671,2.468,1.270,0.715
2025-12-05T03:08:54.157573,1.671,2.468,1.270,0.715
2025-12-05T03:08:54.186533,1.671,2.468,1.270,0.715
2025-12-05T03:08:54.219862,1.671,2.468,1.270,0.715
2025-12-05T03:08:54.248175,1.671,2.468,1.270,0.715
2025-12-05T03:08:54.279774,1.671,2.468,1.270,0.715
2025-12-05T03:08:54.311985,1.671,2.468,1.270,0.715
2025-12-05T03:08:54.343799,1.671,2.468,1.270,0.715
2025-12-05T03:08:54.377258,1.671,2.468,1.270,0.715
2025-12-05T03:08:54.410291,1.671,2.468,1.270,0.715
2025-12-05T03:08:54.446339,1.671,2.468,1.270,0.715
2025-12-05T03:08:54.479641,1.671,2.468,1.270,0.715
2025-12-05T03:08:54.513929,1.671,2.468,1.270,0.715
2025-12-05T03:08:54.546709,1.671,2.468,1.270,0.715
2025-12-05T03:08:54.574533,1.671,2.468,1.270,0.715
2025-12-05T03:08:54.605750,1.671,2.468,1.270,0.715
2025-12-05T03:08:54.637693,1.671,2.468,1.270,0.715
2025-12-05T03:08:54.670739,1.671,2.468,1.270,0.715
2025-12-05T03:08:54.705329,1.671,2.468,1.270,0.715
2025-12-05T03:08:54.738947,1.671,2.468,1.270,0.715
2025-12-05T03:08:54.767668,1.671,2.468,1.270,0.715
2025-12-05T03:08:54.798354,1.671,2.468,1.270,0.715
2025-12-05T03:08:54.829779,1.671,2.468,1.270,0.715
2025-12-05T03:08:54.863790,1.671,2.468,1.270,0.715
2025-12-05T03:08:54.899331,1.671,2.468,1.270,0.715
2025-12-05T03:08:54.932729,1.671,2.468,1.270,0.715
2025-12-05T03:08:54.967019,1.671,2.468,1.270,0.715
2025-12-05T03:08:55.003586,1.671,2.468,1.270,0.715
2025-12-05T03:08:55.035743,1.671,2.468,1.270,0.715
2025-12-05T03:08:55.065251,1.671,2.468,1.270,0.715
2025-12-05T03:08:55.094542,1.671,2.468,1.270,0.715
2025-12-05T03:08:55.126052,1.671,2.468,1.270,0.715
2025-12-05T03:08:55.164455,1.671,2.468,1.270,0.715
2025-12-05T03:08:55.196804,1.671,2.468,1.270,0.715
2025-12-05T03:08:55.229358,1.671,2.468,1.270,0.715
2025-12-05T03:08:55.263455,1.671,2.468,1.270,0.715
2025-12-05T03:08:55.293474,1.671,2.468,1.270,0.715
2025-12-05T03:08:55.323325,1.671,2.468,1.270,0.715
2025-12-05T03:08:55.354644,1.671,2.468,1.270,0.715
2025-12-05T03:08:55.386360,1.671,2.468,1.270,0.715
2025-12-05T03:08:55.418708,1.671,2.468,1.270,0.715
2025-12-05T03:08:55.454147,1.671,2.468,1.270,0.715
2025-12-05T03:08:55.486876,1.671,2.468,1.270,0.715
2025-12-05T03:08:55.521150,1.671,2.468,1.270,0.715
2025-12-05T03:08:55.552540,1.671,2.468,1.270,0.715
2025-12-05T03:08:55.582437,1.671,2.468,1.270,0.715
2025-12-05T03:08:55.616560,1.671,2.468,1.270,0.715
2025-12-05T03:08:55.649329,1.671,2.468,1.270,0.715
2025-12-05T03:08:55.682027,1.671,2.468,1.270,0.715
2025-12-05T03:08:55.717239,1.671,2.468,1.270,0.715
2025-12-05T03:08:55.748330,1.671,2.468,1.270,0.715
2025-12-05T03:08:55.782437,1.671,2.468,1.270,0.715
2025-12-05T03:08:55.816090,1.671,2.468,1.270,0.715
2025-12-05T03:08:55.851621,1.671,2.468,1.270,0.715
2025-12-05T03:08:55.889500,1.671,2.468,1.270,0.715
2025-12-05T03:08:55.909930,1.671,2.468,1.270,0.715
2025-12-05T03:08:55.943462,1.671,2.468,1.270,0.715
2025-12-05T03:08:55.971344,1.671,2.468,1.270,0.715
2025-12-05T03:08:56.004555,1.671,2.468,1.270,0.715
2025-12-05T03:08:56.039586,1.671,2.468,1.270,0.715
2025-12-05T03:08:56.074609,1.671,2.468,1.270,0.715
2025-12-05T03:08:56.102562,1.671,2.468,1.270,0.715
2025-12-05T03:08:56.135397,1.671,2.468,1.270,0.715
2025-12-05T03:08:56.168334,1.671,2.468,1.270,0.715
2025-12-05T03:08:56.200304,1.671,2.468,1.270,0.715
2025-12-05T03:08:56.231841,1.671,2.468,1.270,0.715
2025-12-05T03:08:56.264314,1.671,2.468,1.270,0.715
2025-12-05T03:08:56.302657,1.671,2.468,1.270,0.715
2025-12-05T03:08:56.331025,1.671,2.468,1.270,0.715
2025-12-05T03:08:56.363962,1.671,2.468,1.270,0.715
2025-12-05T03:08:56.393794,1.671,2.468,1.270,0.715
2025-12-05T03:08:56.425055,1.671,2.468,1.270,0.715
2025-12-05T03:08:56.455730,1.671,2.468,1.270,0.715
2025-12-05T03:08:56.486150,1.671,2.468,1.270,0.715
2025-12-05T03:08:56.518339,1.671,2.468,1.270,0.715
2025-12-05T03:08:56.549652,1.671,2.468,1.270,0.715
2025-12-05T03:08:56.586010,1.671,2.468,1.270,0.715
2025-12-05T03:08:56.622642,1.671,2.468,1.270,0.715
2025-12-05T03:08:56.657954,1.671,2.468,1.270,0.715
2025-12-05T03:08:56.688870,1.671,2.468,1.270,0.715
2025-12-05T03:08:56.721524,1.671,2.468,1.270,0.715
2025-12-05T03:08:56.752109,1.671,2.468,1.270,0.715
2025-12-05T03:08:56.781382,1.671,2.468,1.270,0.715
2025-12-05T03:08:56.816342,1.671,2.468,1.270,0.715
2025-12-05T03:08:56.847165,1.671,2.468,1.270,0.715
2025-12-05T03:08:56.882615,1.671,2.468,1.270,0.715
2025-12-05T03:08:56.917577,1.671,2.468,1.270,0.715
2025-12-05T03:08:56.951538,1.671,2.468,1.270,0.715
2025-12-05T03:08:56.981850,1.671,2.468,1.270,0.715
2025-12-05T03:08:57.009679,1.671,2.468,1.270,0.715
2025-12-05T03:08:57.040955,1.671,2.468,1.270,0.715
2025-12-05T03:08:57.073141,1.671,2.468,1.270,0.715
2025-12-05T03:08:57.107664,1.671,2.468,1.270,0.715
2025-12-05T03:08:57.140658,1.671,2.468,1.270,0.715
2025-12-05T03:08:57.171877,1.671,2.468,1.270,0.715
2025-12-05T03:08:57.204111,1.671,2.468,1.270,0.715
2025-12-05T03:08:57.233687,1.671,2.468,1.270,0.715
2025-12-05T03:08:57.270451,1.671,2.468,1.270,0.715
2025-12-05T03:08:57.302800,1.671,2.468,1.270,0.715
2025-12-05T03:08:57.332094,1.671,2.468,1.270,0.715
2025-12-05T03:08:57.364265,1.671,2.468,1.270,0.715
2025-12-05T03:08:57.393555,1.671,2.468,1.270,0.715
2025-12-05T03:08:57.423464,1.671,2.468,1.270,0.715
2025-12-05T03:08:57.455442,1.671,2.468,1.270,0.715
2025-12-05T03:08:57.487664,1.671,2.468,1.270,0.715
2025-12-05T03:08:57.522954,1.671,2.468,1.270,0.715
2025-12-05T03:08:57.555086,1.671,2.468,1.270,0.715
2025-12-05T03:08:57.588580,1.671,2.468,1.270,0.715
2025-12-05T03:08:57.622137,1.671,2.468,1.270,0.715
2025-12-05T03:08:57.654392,1.671,2.468,1.270,0.715
2025-12-05T03:08:57.686033,1.671,2.468,1.270,0.715
2025-12-05T03:08:57.720746,1.671,2.468,1.270,0.715
2025-12-05T03:08:57.753376,1.671,2.468,1.270,0.715
2025-12-05T03:08:57.784938,1.671,2.468,1.270,0.715
2025-12-05T03:08:57.817784,1.671,2.468,1.270,0.715
2025-12-05T03:08:57.849300,1.671,2.468,1.270,0.715
2025-12-05T03:08:57.883342,1.671,2.468,1.270,0.715
2025-12-05T03:08:57.912757,1.671,2.468,1.270,0.715
2025-12-05T03:08:57.949012,1.671,2.468,1.270,0.715
2025-12-05T03:08:57.979809,1.671,2.468,1.270,0.715
2025-12-05T03:08:58.013293,1.671,2.468,1.270,0.715
2025-12-05T03:08:58.045129,1.671,2.468,1.270,0.715
2025-12-05T03:08:58.076605,1.671,2.468,1.270,0.715
2025-12-05T03:08:58.110954,1.671,2.468,1.270,0.715
2025-12-05T03:08:58.142991,1.671,2.468,1.270,0.715
2025-12-05T03:08:58.175508,1.671,2.468,1.270,0.715
2025-12-05T03:08:58.210658,1.671,2.468,1.270,0.715
2025-12-05T03:08:58.243017,1.671,2.468,1.270,0.715
2025-12-05T03:08:58.280809,1.671,2.468,1.270,0.715
2025-12-05T03:08:58.303509,1.671,2.468,1.270,0.715
2025-12-05T03:08:58.334283,1.671,2.468,1.270,0.715
2025-12-05T03:08:58.369205,1.671,2.468,1.270,0.715
2025-12-05T03:08:58.401302,1.671,2.468,1.270,0.715
2025-12-05T03:08:58.433676,1.671,2.468,1.270,0.715
2025-12-05T03:08:58.469111,1.671,2.468,1.270,0.715
2025-12-05T03:08:58.506205,1.671,2.468,1.270,0.715
2025-12-05T03:08:58.533608,1.671,2.468,1.270,0.715
2025-12-05T03:08:58.566473,1.671,2.468,1.270,0.715
2025-12-05T03:08:58.598248,1.671,2.468,1.270,0.715
2025-12-05T03:08:58.626387,1.671,2.468,1.270,0.715
2025-12-05T03:08:58.660295,1.671,2.468,1.270,0.715
2025-12-05T03:08:58.690484,1.671,2.468,1.270,0.715
2025-12-05T03:08:58.724905,1.671,2.468,1.270,0.715
2025-12-05T03:08:58.755010,1.671,2.468,1.270,0.715
2025-12-05T03:08:58.788021,1.671,2.468,1.270,0.715
2025-12-05T03:08:58.825079,1.671,2.468,1.270,0.715
2025-12-05T03:08:58.856407,1.671,2.468,1.270,0.715
2025-12-05T03:08:58.888478,1.671,2.468,1.270,0.715
2025-12-05T03:08:58.923796,1.671,2.468,1.270,0.715
2025-12-05T03:08:58.951282,1.671,2.468,1.270,0.715
2025-12-05T03:08:58.984862,1.671,2.468,1.270,0.715
2025-12-05T03:08:59.016748,1.671,2.468,1.270,0.715
2025-12-05T03:08:59.047357,1.671,2.468,1.270,0.715
2025-12-05T03:08:59.079280,1.671,2.468,1.270,0.715
2025-12-05T03:08:59.118554,1.671,2.468,1.270,0.715
2025-12-05T03:08:59.155919,1.671,2.468,1.270,0.715
2025-12-05T03:08:59.186751,1.671,2.468,1.270,0.715
2025-12-05T03:08:59.218652,1.671,2.468,1.270,0.715
2025-12-05T03:08:59.250494,1.671,2.468,1.270,0.715
2025-12-05T03:08:59.280021,1.671,2.468,1.270,0.715
2025-12-05T03:08:59.309252,1.671,2.468,1.270,0.715
2025-12-05T03:08:59.340285,1.671,2.468,1.270,0.715
2025-12-05T03:08:59.375010,1.671,2.468,1.270,0.715
2025-12-05T03:08:59.410712,1.671,2.468,1.270,0.715
2025-12-05T03:08:59.442132,1.671,2.468,1.270,0.715
2025-12-05T03:08:59.477274,1.671,2.468,1.270,0.715
2025-12-05T03:08:59.506257,1.671,2.468,1.270,0.715
2025-12-05T03:08:59.534565,1.671,2.468,1.270,0.715
2025-12-05T03:08:59.570705,1.671,2.468,1.270,0.715
2025-12-05T03:08:59.599205,1.671,2.468,1.270,0.715
2025-12-05T03:08:59.630738,1.671,2.468,1.270,0.715
2025-12-05T03:08:59.667738,1.671,2.468,1.270,0.715
2025-12-05T03:08:59.700804,1.671,2.468,1.270,0.715
2025-12-05T03:08:59.732947,1.671,2.468,1.270,0.715
2025-12-05T03:08:59.762828,1.671,2.468,1.270,0.715
2025-12-05T03:08:59.793576,1.671,2.468,1.270,0.715
2025-12-05T03:08:59.833034,1.671,2.468,1.270,0.715
2025-12-05T03:08:59.865658,1.671,2.468,1.270,0.715
2025-12-05T03:08:59.894169,1.671,2.468,1.270,0.715
2025-12-05T03:08:59.925480,1.671,2.468,1.270,0.715
2025-12-05T03:08:59.956131,1.671,2.468,1.270,0.715
2025-12-05T03:08:59.989579,1.671,2.468,1.270,0.715
2025-12-05T03:09:00.026873,1.671,2.468,1.270,0.715
2025-12-05T03:09:00.054142,1.671,2.468,1.270,0.715
2025-12-05T03:09:00.085946,1.671,2.468,1.270,0.715
2025-12-05T03:09:00.120049,1.671,2.468,1.270,0.715
2025-12-05T03:09:00.151253,1.671,2.468,1.270,0.715
2025-12-05T03:09:00.184975,1.671,2.468,1.270,0.715
2025-12-05T03:09:00.216793,1.671,2.468,1.270,0.715
2025-12-05T03:09:00.247737,1.671,2.468,1.270,0.715
2025-12-05T03:09:00.282727,1.671,2.468,1.270,0.715
2025-12-05T03:09:00.315738,1.671,2.468,1.270,0.715
2025-12-05T03:09:00.346374,1.671,2.468,1.270,0.715
2025-12-05T03:09:00.378711,1.671,2.468,1.270,0.715
2025-12-05T03:09:00.406438,1.671,2.468,1.270,0.715
2025-12-05T03:09:00.439206,1.671,2.468,1.270,0.715
2025-12-05T03:09:00.472336,1.671,2.468,1.270,0.715
2025-12-05T03:09:00.505266,1.671,2.468,1.270,0.715
2025-12-05T03:09:00.537562,1.671,2.468,1.270,0.715
2025-12-05T03:09:00.575699,1.671,2.468,1.270,0.715
2025-12-05T03:09:00.609349,1.671,2.468,1.270,0.715
2025-12-05T03:09:00.645648,1.671,2.468,1.270,0.715
2025-12-05T03:09:00.674920,1.671,2.468,1.270,0.715
2025-12-05T03:09:00.707641,1.671,2.468,1.270,0.715
2025-12-05T03:09:00.737840,1.671,2.468,1.270,0.715
2025-12-05T03:09:00.774264,1.671,2.468,1.270,0.715
2025-12-05T03:09:00.805719,1.671,2.468,1.270,0.715
2025-12-05T03:09:00.836389,1.671,2.468,1.270,0.715
2025-12-05T03:09:00.869030,1.671,2.468,1.270,0.715
2025-12-05T03:09:00.897628,1.671,2.468,1.270,0.715
2025-12-05T03:09:00.929742,1.671,2.468,1.270,0.715
2025-12-05T03:09:00.966106,1.671,2.468,1.270,0.715
2025-12-05T03:09:00.998086,1.671,2.468,1.270,0.715
2025-12-05T03:09:01.030168,1.671,2.468,1.270,0.715
2025-12-05T03:09:01.068197,1.671,2.468,1.270,0.715
2025-12-05T03:09:01.101461,1.671,2.468,1.270,0.715
2025-12-05T03:09:01.132977,1.671,2.468,1.270,0.715
2025-12-05T03:09:01.166583,1.671,2.468,1.270,0.715
2025-12-05T03:09:01.197899,1.671,2.468,1.270,0.715
2025-12-05T03:09:01.227232,1.671,2.468,1.270,0.715
2025-12-05T03:09:01.260775,1.671,2.468,1.270,0.715
2025-12-05T03:09:01.293644,1.671,2.468,1.270,0.715
2025-12-05T03:09:01.325257,1.671,2.468,1.270,0.715
2025-12-05T03:09:01.362361,1.671,2.468,1.270,0.715
2025-12-05T03:09:01.394258,1.671,2.468,1.270,0.715
2025-12-05T03:09:01.427387,1.671,2.468,1.270,0.715
2025-12-05T03:09:01.459488,1.671,2.468,1.270,0.715
2025-12-05T03:09:01.491152,1.671,2.468,1.270,0.715
2025-12-05T03:09:01.517090,1.671,2.468,1.270,0.715
2025-12-05T03:09:01.548758,1.671,2.468,1.270,0.715
2025-12-05T03:09:01.581463,1.671,2.468,1.270,0.715
2025-12-05T03:09:01.618577,1.671,2.468,1.270,0.715
2025-12-05T03:09:01.647605,1.671,2.468,1.270,0.715
2025-12-05T03:09:01.680100,1.671,2.468,1.270,0.715
2025-12-05T03:09:01.716953,1.671,2.468,1.270,0.715
2025-12-05T03:09:01.746427,1.671,2.468,1.270,0.715
2025-12-05T03:09:01.776600,1.671,2.468,1.270,0.715
2025-12-05T03:09:01.805830,1.671,2.468,1.270,0.715
2025-12-05T03:09:01.835817,1.671,2.468,1.270,0.715
2025-12-05T03:09:01.866155,1.671,2.468,1.270,0.715
2025-12-05T03:09:01.898159,1.671,2.468,1.270,0.715
2025-12-05T03:09:01.933064,1.671,2.468,1.270,0.715
2025-12-05T03:09:01.971413,1.671,2.468,1.270,0.715
2025-12-05T03:09:02.015504,1.671,2.468,1.270,0.715
2025-12-05T03:09:02.044771,1.671,2.468,1.270,0.715
2025-12-05T03:09:02.075532,1.671,2.468,1.270,0.715
2025-12-05T03:09:02.104471,1.671,2.468,1.270,0.715
2025-12-05T03:09:02.132427,1.671,2.468,1.270,0.715
2025-12-05T03:09:02.164761,1.671,2.468,1.270,0.715
2025-12-05T03:09:02.194487,1.671,2.468,1.270,0.715
2025-12-05T03:09:02.225929,1.671,2.468,1.270,0.715
2025-12-05T03:09:02.260505,1.671,2.468,1.270,0.715
2025-12-05T03:09:02.295389,1.671,2.468,1.270,0.715
2025-12-05T03:09:02.327109,1.671,2.468,1.270,0.715
2025-12-05T03:09:02.363073,1.671,2.468,1.270,0.715
2025-12-05T03:09:02.394339,1.671,2.468,1.270,0.715
2025-12-05T03:09:02.426125,1.671,2.468,1.270,0.715
2025-12-05T03:09:02.459369,1.671,2.468,1.270,0.715
2025-12-05T03:09:02.487625,1.671,2.468,1.270,0.715
2025-12-05T03:09:02.516621,1.671,2.468,1.270,0.715
2025-12-05T03:09:02.548434,1.671,2.468,1.270,0.715
2025-12-05T03:09:02.582392,1.671,2.468,1.270,0.715
2025-12-05T03:09:02.617296,1.671,2.468,1.270,0.715
2025-12-05T03:09:02.649706,1.671,2.468,1.270,0.715
2025-12-05T03:09:02.680261,1.671,2.468,1.270,0.715
2025-12-05T03:09:02.712791,1.671,2.468,1.270,0.715
2025-12-05T03:09:02.749338,1.671,2.468,1.270,0.715
2025-12-05T03:09:02.774736,1.671,2.468,1.270,0.715
2025-12-05T03:09:02.805815,1.671,2.468,1.270,0.715
2025-12-05T03:09:02.835797,1.671,2.468,1.270,0.715
2025-12-05T03:09:02.872375,1.671,2.468,1.270,0.715
2025-12-05T03:09:02.903838,1.671,2.468,1.270,0.715
2025-12-05T03:09:02.937275,1.671,2.468,1.270,0.715
2025-12-05T03:09:02.972955,1.671,2.468,1.270,0.715
2025-12-05T03:09:03.008598,1.671,2.468,1.270,0.715
2025-12-05T03:09:03.043641,1.671,2.468,1.270,0.715
2025-12-05T03:09:03.075767,1.671,2.468,1.270,0.715
2025-12-05T03:09:03.106989,1.671,2.468,1.270,0.715
2025-12-05T03:09:03.135043,1.671,2.468,1.270,0.715
2025-12-05T03:09:03.164362,1.671,2.468,1.270,0.715
2025-12-05T03:09:03.195922,1.671,2.468,1.270,0.715
2025-12-05T03:09:03.228112,1.671,2.468,1.270,0.715
2025-12-05T03:09:03.262577,1.671,2.468,1.270,0.715
2025-12-05T03:09:03.293704,1.671,2.468,1.270,0.715
2025-12-05T03:09:03.327013,1.671,2.468,1.270,0.715
2025-12-05T03:09:03.362760,1.671,2.468,1.270,0.715
2025-12-05T03:09:03.395691,1.671,2.468,1.270,0.715
2025-12-05T03:09:03.426806,1.671,2.468,1.270,0.715
2025-12-05T03:09:03.456756,1.671,2.468,1.270,0.715
2025-12-05T03:09:03.485238,1.671,2.468,1.270,0.715
2025-12-05T03:09:03.518439,1.671,2.468,1.270,0.715
2025-12-05T03:09:03.549982,1.671,2.468,1.270,0.715
2025-12-05T03:09:03.583061,1.671,2.468,1.270,0.715
2025-12-05T03:09:03.619072,1.671,2.468,1.270,0.715
2025-12-05T03:09:03.651432,1.671,2.468,1.270,0.715
2025-12-05T03:09:03.691658,1.671,2.468,1.270,0.715
2025-12-05T03:09:03.716299,1.671,2.468,1.270,0.715
2025-12-05T03:09:03.751923,1.671,2.468,1.270,0.715
2025-12-05T03:09:03.787546,1.671,2.468,1.270,0.715
2025-12-05T03:09:03.816214,1.671,2.468,1.270,0.715
2025-12-05T03:09:03.844407,1.671,2.468,1.270,0.715
2025-12-05T03:09:03.871957,1.671,2.468,1.270,0.715
2025-12-05T03:09:03.902189,1.671,2.468,1.270,0.715
2025-12-05T03:09:03.931690,1.671,2.468,1.270,0.715
2025-12-05T03:09:03.966301,1.671,2.468,1.270,0.715
2025-12-05T03:09:03.998366,1.671,2.468,1.270,0.715
2025-12-05T03:09:04.030919,1.671,2.468,1.270,0.715
2025-12-05T03:09:04.068486,1.671,2.468,1.270,0.715
2025-12-05T03:09:04.101154,1.671,2.468,1.270,0.715
2025-12-05T03:09:04.131540,1.671,2.468,1.270,0.715
2025-12-05T03:09:04.163810,1.671,2.468,1.270,0.715
2025-12-05T03:09:04.196064,1.671,2.468,1.270,0.715
2025-12-05T03:09:04.227352,1.671,2.468,1.270,0.715
2025-12-05T03:09:04.262863,1.671,2.468,1.270,0.715
2025-12-05T03:09:04.295833,1.671,2.468,1.270,0.715
2025-12-05T03:09:04.329192,1.671,2.468,1.270,0.715
2025-12-05T03:09:04.363559,1.671,2.468,1.270,0.715
2025-12-05T03:09:04.394477,1.671,2.468,1.270,0.715
2025-12-05T03:09:04.424998,1.671,2.468,1.270,0.715
2025-12-05T03:09:04.457536,1.671,2.468,1.270,0.715
2025-12-05T03:09:04.492032,1.671,2.468,1.270,0.715
2025-12-05T03:09:04.523178,1.671,2.468,1.270,0.715
2025-12-05T03:09:04.637592,1.671,2.468,1.270,0.715
2025-12-05T03:09:04.683514,1.671,2.468,1.270,0.715
2025-12-05T03:09:04.702216,1.671,2.468,1.270,0.715
2025-12-05T03:09:04.736276,1.671,2.468,1.270,0.715
2025-12-05T03:09:04.761843,1.671,2.468,1.270,0.715
2025-12-05T03:09:04.791891,1.671,2.468,1.270,0.715
2025-12-05T03:09:04.824302,1.671,2.468,1.270,0.715
2025-12-05T03:09:04.857749,1.671,2.468,1.270,0.715
2025-12-05T03:09:04.892237,1.671,2.468,1.270,0.715
2025-12-05T03:09:04.927211,1.671,2.468,1.270,0.715
2025-12-05T03:09:04.959280,1.671,2.468,1.270,0.715
2025-12-05T03:09:04.992474,1.671,2.468,1.270,0.715
2025-12-05T03:09:05.024860,1.671,2.468,1.270,0.715
2025-12-05T03:09:05.054336,1.671,2.468,1.270,0.715
2025-12-05T03:09:05.085805,1.671,2.468,1.270,0.715
2025-12-05T03:09:05.120647,1.671,2.468,1.270,0.715
2025-12-05T03:09:05.152224,1.671,2.468,1.270,0.715
2025-12-05T03:09:05.184692,1.671,2.468,1.270,0.715
2025-12-05T03:09:05.220002,1.671,2.468,1.270,0.715
2025-12-05T03:09:05.253792,1.671,2.468,1.270,0.715
2025-12-05T03:09:05.285605,1.671,2.468,1.270,0.715
2025-12-05T03:09:05.316875,1.671,2.468,1.270,0.715
2025-12-05T03:09:05.351700,1.671,2.468,1.270,0.715
2025-12-05T03:09:05.400345,1.671,2.468,1.270,0.715
2025-12-05T03:09:05.431045,1.671,2.468,1.270,0.715
2025-12-05T03:09:05.460253,1.671,2.468,1.270,0.715
2025-12-05T03:09:05.488581,1.671,2.468,1.270,0.715
2025-12-05T03:09:05.516672,1.671,2.468,1.270,0.715
2025-12-05T03:09:05.545246,1.671,2.468,1.270,0.715
2025-12-05T03:09:05.575177,1.671,2.468,1.270,0.715
2025-12-05T03:09:05.606232,1.671,2.468,1.270,0.715
2025-12-05T03:09:05.637935,1.671,2.468,1.270,0.715
2025-12-05T03:09:05.670302,1.671,2.468,1.270,0.715
2025-12-05T03:09:05.700613,1.671,2.468,1.270,0.715
2025-12-05T03:09:05.734438,1.671,2.468,1.270,0.715
2025-12-05T03:09:05.768552,1.671,2.468,1.270,0.715
2025-12-05T03:09:05.801298,1.671,2.468,1.270,0.715
2025-12-05T03:09:05.835199,1.671,2.468,1.270,0.715
2025-12-05T03:09:05.866279,1.671,2.468,1.270,0.715
2025-12-05T03:09:05.899995,1.671,2.468,1.270,0.715
2025-12-05T03:09:05.929169,1.671,2.468,1.270,0.715
2025-12-05T03:09:05.963486,1.671,2.468,1.270,0.715
2025-12-05T03:09:05.994951,1.671,2.468,1.270,0.715
2025-12-05T03:09:06.025468,1.671,2.468,1.270,0.715
2025-12-05T03:09:06.062326,1.671,2.468,1.270,0.715
2025-12-05T03:09:06.098438,1.671,2.468,1.270,0.715
2025-12-05T03:09:06.134114,1.671,2.468,1.270,0.715
2025-12-05T03:09:06.162097,1.671,2.468,1.270,0.715
2025-12-05T03:09:06.193752,1.671,2.468,1.270,0.715
2025-12-05T03:09:06.226301,1.671,2.468,1.270,0.715
2025-12-05T03:09:06.260315,1.671,2.468,1.270,0.715
2025-12-05T03:09:06.293626,1.671,2.468,1.270,0.715
2025-12-05T03:09:06.326190,1.671,2.468,1.270,0.715
2025-12-05T03:09:06.370710,1.671,2.468,1.270,0.715
2025-12-05T03:09:06.401418,1.671,2.468,1.270,0.715
2025-12-05T03:09:06.449019,1.671,2.468,1.270,0.715
2025-12-05T03:09:06.463133,1.671,2.468,1.270,0.715
2025-12-05T03:09:06.492523,1.671,2.468,1.270,0.715
2025-12-05T03:09:06.520676,1.671,2.468,1.270,0.715
2025-12-05T03:09:06.553744,1.671,2.468,1.270,0.715
2025-12-05T03:09:06.582214,1.671,2.468,1.270,0.715
2025-12-05T03:09:06.613670,1.671,2.468,1.270,0.715
2025-12-05T03:09:06.643949,1.671,2.468,1.270,0.715
2025-12-05T03:09:06.675206,1.671,2.468,1.270,0.715
2025-12-05T03:09:06.712563,1.671,2.468,1.270,0.715
2025-12-05T03:09:06.742623,1.671,2.468,1.270,0.715
2025-12-05T03:09:06.774540,1.671,2.468,1.270,0.715
2025-12-05T03:09:06.808182,1.671,2.468,1.270,0.715
2025-12-05T03:09:06.837399,1.671,2.468,1.270,0.715
2025-12-05T03:09:06.872496,1.671,2.468,1.270,0.715
2025-12-05T03:09:06.904196,1.671,2.468,1.270,0.715
2025-12-05T03:09:06.940272,1.671,2.468,1.270,0.715
2025-12-05T03:09:06.973564,1.671,2.468,1.270,0.715
2025-12-05T03:09:07.005353,1.671,2.468,1.270,0.715
2025-12-05T03:09:07.034846,1.671,2.468,1.270,0.715
2025-12-05T03:09:07.067977,1.671,2.468,1.270,0.715
2025-12-05T03:09:07.104369,1.671,2.468,1.270,0.715
2025-12-05T03:09:07.131620,1.671,2.468,1.270,0.715
2025-12-05T03:09:07.168552,1.671,2.468,1.270,0.715
2025-12-05T03:09:07.199955,1.671,2.468,1.270,0.715
2025-12-05T03:09:07.232109,1.671,2.468,1.270,0.715
2025-12-05T03:09:07.264088,1.671,2.468,1.270,0.715
2025-12-05T03:09:07.296752,1.671,2.468,1.270,0.715
2025-12-05T03:09:07.326297,1.671,2.468,1.270,0.715
2025-12-05T03:09:07.360651,1.671,2.468,1.270,0.715
2025-12-05T03:09:07.393075,1.671,2.468,1.270,0.715
2025-12-05T03:09:07.425858,1.671,2.468,1.270,0.715
2025-12-05T03:09:07.458664,1.671,2.468,1.270,0.715
2025-12-05T03:09:07.492917,1.671,2.468,1.270,0.715
2025-12-05T03:09:07.527076,1.671,2.468,1.270,0.715
2025-12-05T03:09:07.570268,1.671,2.468,1.270,0.715
2025-12-05T03:09:07.602449,1.671,2.468,1.270,0.715
2025-12-05T03:09:07.632827,1.671,2.468,1.270,0.715
2025-12-05T03:09:07.664660,1.671,2.468,1.270,0.715
2025-12-05T03:09:07.691902,1.671,2.468,1.270,0.715
2025-12-05T03:09:07.723018,1.671,2.468,1.270,0.715
2025-12-05T03:09:07.754044,1.671,2.468,1.270,0.715
2025-12-05T03:09:07.786756,1.671,2.468,1.270,0.715
2025-12-05T03:09:07.818785,1.671,2.468,1.270,0.715
2025-12-05T03:09:07.855030,1.671,2.468,1.270,0.715
2025-12-05T03:09:07.886184,1.671,2.468,1.270,0.715
2025-12-05T03:09:07.917712,1.671,2.468,1.270,0.715
2025-12-05T03:09:07.948990,1.671,2.468,1.270,0.715
2025-12-05T03:09:07.979684,1.671,2.468,1.270,0.715
2025-12-05T03:09:08.013445,1.671,2.468,1.270,0.715
2025-12-05T03:09:08.045440,1.671,2.468,1.270,0.715
2025-12-05T03:09:08.077485,1.671,2.468,1.270,0.715
2025-12-05T03:09:08.110857,1.671,2.468,1.270,0.715
2025-12-05T03:09:08.144693,1.671,2.468,1.270,0.715
2025-12-05T03:09:08.175171,1.671,2.468,1.270,0.715
2025-12-05T03:09:08.206036,1.671,2.468,1.270,0.715
2025-12-05T03:09:08.240808,1.671,2.468,1.270,0.715
2025-12-05T03:09:08.270400,1.671,2.468,1.270,0.715
2025-12-05T03:09:08.302940,1.671,2.468,1.270,0.715
2025-12-05T03:09:08.334417,1.671,2.468,1.270,0.715
2025-12-05T03:09:08.371653,1.671,2.468,1.270,0.715
2025-12-05T03:09:08.401828,1.671,2.468,1.270,0.715
2025-12-05T03:09:08.435519,1.671,2.468,1.270,0.715
2025-12-05T03:09:08.470494,1.671,2.468,1.270,0.715
2025-12-05T03:09:08.503122,1.671,2.468,1.270,0.715
2025-12-05T03:09:08.534835,1.671,2.468,1.270,0.715
2025-12-05T03:09:08.566296,1.671,2.468,1.270,0.715
2025-12-05T03:09:08.595255,1.671,2.468,1.270,0.715
2025-12-05T03:09:08.630912,1.671,2.468,1.270,0.715
2025-12-05T03:09:08.660795,1.671,2.468,1.270,0.715
2025-12-05T03:09:08.694827,1.671,2.468,1.270,0.715
2025-12-05T03:09:08.729327,1.671,2.468,1.270,0.715
2025-12-05T03:09:08.759787,1.671,2.468,1.270,0.715
2025-12-05T03:09:08.790358,1.671,2.468,1.270,0.715
2025-12-05T03:09:08.820014,1.671,2.468,1.270,0.715
2025-12-05T03:09:08.849831,1.671,2.468,1.270,0.715
2025-12-05T03:09:08.883119,1.671,2.468,1.270,0.715
2025-12-05T03:09:08.915351,1.671,2.468,1.270,0.715
2025-12-05T03:09:08.952866,1.671,2.468,1.270,0.715
2025-12-05T03:09:08.985551,1.671,2.468,1.270,0.715
2025-12-05T03:09:09.021908,1.671,2.468,1.270,0.715
2025-12-05T03:09:09.054244,1.671,2.468,1.270,0.715
2025-12-05T03:09:09.085012,1.671,2.468,1.270,0.715
2025-12-05T03:09:09.114427,1.671,2.468,1.270,0.715
2025-12-05T03:09:09.145732,1.671,2.468,1.270,0.715
2025-12-05T03:09:09.179643,1.671,2.468,1.270,0.715
2025-12-05T03:09:09.214790,1.671,2.468,1.270,0.715
2025-12-05T03:09:09.243461,1.671,2.468,1.270,0.715
2025-12-05T03:09:09.274844,1.671,2.468,1.270,0.715
2025-12-05T03:09:09.306818,1.671,2.468,1.270,0.715
2025-12-05T03:09:09.335141,1.671,2.468,1.270,0.715
2025-12-05T03:09:09.371276,1.671,2.468,1.270,0.715
2025-12-05T03:09:09.408473,1.671,2.468,1.270,0.715
2025-12-05T03:09:09.441071,1.671,2.468,1.270,0.715
2025-12-05T03:09:09.475127,1.671,2.468,1.270,0.715
2025-12-05T03:09:09.504628,1.671,2.468,1.270,0.715
2025-12-05T03:09:09.532316,1.671,2.468,1.270,0.715
2025-12-05T03:09:09.565342,1.671,2.468,1.270,0.715
2025-12-05T03:09:09.595104,1.671,2.468,1.270,0.715
2025-12-05T03:09:09.625599,1.671,2.468,1.270,0.715
2025-12-05T03:09:09.656314,1.671,2.468,1.270,0.715
2025-12-05T03:09:09.698175,1.671,2.468,1.270,0.715
2025-12-05T03:09:09.728339,1.671,2.468,1.270,0.715
2025-12-05T03:09:09.763803,1.671,2.468,1.270,0.715
2025-12-05T03:09:09.791154,1.671,2.468,1.270,0.715
2025-12-05T03:09:09.823217,1.671,2.468,1.270,0.715
2025-12-05T03:09:09.854163,1.671,2.468,1.270,0.715
2025-12-05T03:09:09.884834,1.671,2.468,1.270,0.715
2025-12-05T03:09:09.918365,1.671,2.468,1.270,0.715
2025-12-05T03:09:09.951703,1.671,2.468,1.270,0.715
2025-12-05T03:09:09.984005,1.671,2.468,1.270,0.715
2025-12-05T03:09:10.016026,1.671,2.468,1.270,0.715
2025-12-05T03:09:10.047823,1.671,2.468,1.270,0.715
2025-12-05T03:09:10.080200,1.671,2.468,1.270,0.715
2025-12-05T03:09:10.108409,1.671,2.468,1.270,0.715
2025-12-05T03:09:10.141034,1.671,2.468,1.270,0.715
2025-12-05T03:09:10.172479,1.671,2.468,1.270,0.715
2025-12-05T03:09:10.206828,1.671,2.468,1.270,0.715
2025-12-05T03:09:10.239267,1.671,2.468,1.270,0.715
2025-12-05T03:09:10.272957,1.671,2.468,1.270,0.715
2025-12-05T03:09:10.304501,1.671,2.468,1.270,0.715
2025-12-05T03:09:10.335320,1.671,2.468,1.270,0.715
2025-12-05T03:09:10.369018,1.671,2.468,1.270,0.715
2025-12-05T03:09:10.397489,1.671,2.468,1.270,0.715
2025-12-05T03:09:10.431267,1.671,2.468,1.270,0.715
2025-12-05T03:09:10.463625,1.671,2.468,1.270,0.715
2025-12-05T03:09:10.500464,1.671,2.468,1.270,0.715
2025-12-05T03:09:10.530664,1.671,2.468,1.270,0.715
2025-12-05T03:09:10.564863,1.671,2.468,1.270,0.715
2025-12-05T03:09:10.599555,1.671,2.468,1.270,0.715
2025-12-05T03:09:10.643269,1.671,2.468,1.270,0.715
2025-12-05T03:09:10.667570,1.671,2.468,1.270,0.715
2025-12-05T03:09:10.697390,1.671,2.468,1.270,0.715
2025-12-05T03:09:10.721471,1.671,2.468,1.270,0.715
2025-12-05T03:09:10.750216,1.671,2.468,1.270,0.715
2025-12-05T03:09:10.783071,1.671,2.468,1.270,0.715
2025-12-05T03:09:10.813215,1.671,2.468,1.270,0.715
2025-12-05T03:09:10.845987,1.671,2.468,1.270,0.715
2025-12-05T03:09:10.876670,1.671,2.468,1.270,0.715
2025-12-05T03:09:10.910119,1.671,2.468,1.270,0.715
2025-12-05T03:09:10.947459,1.671,2.468,1.270,0.715
2025-12-05T03:09:10.983237,1.671,2.468,1.270,0.715
2025-12-05T03:09:11.017438,1.671,2.468,1.270,0.715
2025-12-05T03:09:11.054708,1.671,2.468,1.270,0.715
2025-12-05T03:09:11.082066,1.671,2.468,1.270,0.715
2025-12-05T03:09:11.117484,1.671,2.468,1.270,0.715
2025-12-05T03:09:11.143495,1.671,2.468,1.270,0.715
2025-12-05T03:09:11.177414,1.671,2.468,1.270,0.715
2025-12-05T03:09:11.208133,1.671,2.468,1.270,0.715
2025-12-05T03:09:11.240521,1.671,2.468,1.270,0.715
2025-12-05T03:09:11.275779,1.671,2.468,1.270,0.715
2025-12-05T03:09:11.312311,1.671,2.468,1.270,0.715
2025-12-05T03:09:11.344803,1.671,2.468,1.270,0.715
2025-12-05T03:09:11.376005,1.671,2.468,1.270,0.715
2025-12-05T03:09:11.407510,1.671,2.468,1.270,0.715
2025-12-05T03:09:11.437337,1.671,2.468,1.270,0.715
2025-12-05T03:09:11.466539,1.671,2.468,1.270,0.715
2025-12-05T03:09:11.497451,1.671,2.468,1.270,0.715
2025-12-05T03:09:11.532377,1.671,2.468,1.270,0.715
2025-12-05T03:09:11.565668,1.671,2.468,1.270,0.715
2025-12-05T03:09:11.599505,1.671,2.468,1.270,0.715
2025-12-05T03:09:11.633924,1.671,2.468,1.270,0.715
2025-12-05T03:09:11.664081,1.671,2.468,1.270,0.715
2025-12-05T03:09:11.694861,1.671,2.468,1.270,0.715
2025-12-05T03:09:11.728501,1.671,2.468,1.270,0.715
2025-12-05T03:09:11.757471,1.671,2.468,1.270,0.715
2025-12-05T03:09:11.791581,1.671,2.468,1.270,0.715
2025-12-05T03:09:11.826273,1.671,2.468,1.270,0.715
2025-12-05T03:09:11.859103,1.671,2.468,1.270,0.715
2025-12-05T03:09:11.894439,1.671,2.468,1.270,0.715
2025-12-05T03:09:11.922567,1.671,2.468,1.270,0.715
2025-12-05T03:09:11.956089,1.671,2.468,1.270,0.715
2025-12-05T03:09:11.992586,1.671,2.468,1.270,0.715
2025-12-05T03:09:12.024623,1.671,2.468,1.270,0.715
2025-12-05T03:09:12.059404,1.671,2.468,1.270,0.715
2025-12-05T03:09:12.090372,1.671,2.468,1.270,0.715
2025-12-05T03:09:12.122138,1.671,2.468,1.270,0.715
2025-12-05T03:09:12.156010,1.671,2.468,1.270,0.715
2025-12-05T03:09:12.189164,1.671,2.468,1.270,0.715
2025-12-05T03:09:12.224806,1.671,2.468,1.270,0.715
2025-12-05T03:09:12.257147,1.671,2.468,1.270,0.715
2025-12-05T03:09:12.286080,1.671,2.468,1.270,0.715
2025-12-05T03:09:12.319755,1.671,2.468,1.270,0.715
2025-12-05T03:09:12.348202,1.671,2.468,1.270,0.715
2025-12-05T03:09:12.379146,1.671,2.468,1.270,0.715
2025-12-05T03:09:12.411203,1.671,2.468,1.270,0.715
2025-12-05T03:09:12.443523,1.671,2.468,1.270,0.715
2025-12-05T03:09:12.475209,1.671,2.468,1.270,0.715
2025-12-05T03:09:12.505879,1.671,2.468,1.270,0.715
2025-12-05T03:09:12.541375,1.671,2.468,1.270,0.715
2025-12-05T03:09:12.573229,1.671,2.468,1.270,0.715
2025-12-05T03:09:12.607110,1.671,2.468,1.270,0.715
2025-12-05T03:09:12.636221,1.671,2.468,1.270,0.715
2025-12-05T03:09:12.667512,1.671,2.468,1.270,0.715
2025-12-05T03:09:12.700437,1.671,2.468,1.270,0.715
2025-12-05T03:09:12.732564,1.671,2.468,1.270,0.715
2025-12-05T03:09:12.764403,1.671,2.468,1.270,0.715
2025-12-05T03:09:12.805617,1.671,2.468,1.270,0.715
2025-12-05T03:09:12.838634,1.671,2.468,1.270,0.715
2025-12-05T03:09:12.872627,1.671,2.468,1.270,0.715
2025-12-05T03:09:12.905754,1.671,2.468,1.270,0.715
2025-12-05T03:09:12.938938,1.671,2.468,1.270,0.715
2025-12-05T03:09:12.970648,1.671,2.468,1.270,0.715
2025-12-05T03:09:13.002627,1.671,2.468,1.270,0.715
2025-12-05T03:09:13.030536,1.671,2.468,1.270,0.715
2025-12-05T03:09:13.065389,1.671,2.468,1.270,0.715
2025-12-05T03:09:13.099363,1.671,2.468,1.270,0.715
2025-12-05T03:09:13.135747,1.671,2.468,1.270,0.715
2025-12-05T03:09:13.165789,1.671,2.468,1.270,0.715
2025-12-05T03:09:13.197056,1.671,2.468,1.270,0.715
2025-12-05T03:09:13.226746,1.671,2.468,1.270,0.715
2025-12-05T03:09:13.258650,1.671,2.468,1.270,0.715
2025-12-05T03:09:13.290350,1.671,2.468,1.270,0.715
2025-12-05T03:09:13.322294,1.671,2.468,1.270,0.715
2025-12-05T03:09:13.357694,1.671,2.468,1.270,0.715
2025-12-05T03:09:13.389269,1.671,2.468,1.270,0.715
2025-12-05T03:09:13.423227,1.671,2.468,1.270,0.715
2025-12-05T03:09:13.455928,1.671,2.468,1.270,0.715
2025-12-05T03:09:13.485254,1.671,2.468,1.270,0.715
2025-12-05T03:09:13.514554,1.671,2.468,1.270,0.715
2025-12-05T03:09:13.549833,1.671,2.468,1.270,0.715
2025-12-05T03:09:13.577141,1.671,2.468,1.270,0.715
2025-12-05T03:09:13.616238,1.671,2.468,1.270,0.715
2025-12-05T03:09:13.643009,1.671,2.468,1.270,0.715
2025-12-05T03:09:13.674436,1.671,2.468,1.270,0.715
2025-12-05T03:09:13.706590,1.671,2.468,1.270,0.715
2025-12-05T03:09:13.737069,1.671,2.468,1.270,0.715
2025-12-05T03:09:13.769286,1.671,2.468,1.270,0.715
2025-12-05T03:09:13.804566,1.671,2.468,1.270,0.715
2025-12-05T03:09:13.837738,1.671,2.468,1.270,0.715
2025-12-05T03:09:13.873954,1.671,2.468,1.270,0.715
2025-12-05T03:09:13.904444,1.671,2.468,1.270,0.715
2025-12-05T03:09:13.936942,1.671,2.468,1.270,0.715
2025-12-05T03:09:13.970211,1.671,2.468,1.270,0.715
2025-12-05T03:09:14.001334,1.671,2.468,1.270,0.715
2025-12-05T03:09:14.032456,1.671,2.468,1.270,0.715
2025-12-05T03:09:14.065825,1.671,2.468,1.270,0.715
2025-12-05T03:09:14.097610,1.671,2.468,1.270,0.715
2025-12-05T03:09:14.133724,1.671,2.468,1.270,0.715
2025-12-05T03:09:14.169087,1.671,2.468,1.270,0.715
2025-12-05T03:09:14.198046,1.671,2.468,1.270,0.715
2025-12-05T03:09:14.231402,1.671,2.468,1.270,0.715
2025-12-05T03:09:14.264522,1.671,2.468,1.270,0.715
2025-12-05T03:09:14.290874,1.671,2.468,1.270,0.715
2025-12-05T03:09:14.321166,1.671,2.468,1.270,0.715
2025-12-05T03:09:14.352752,1.671,2.468,1.270,0.715
2025-12-05T03:09:14.387584,1.671,2.468,1.270,0.715
2025-12-05T03:09:14.423596,1.671,2.468,1.270,0.715
2025-12-05T03:09:14.460852,1.671,2.468,1.270,0.715
2025-12-05T03:09:14.491131,1.671,2.468,1.270,0.715
2025-12-05T03:09:14.521326,1.671,2.468,1.270,0.715
2025-12-05T03:09:14.554588,1.671,2.468,1.270,0.715
2025-12-05T03:09:14.585443,1.671,2.468,1.270,0.715
2025-12-05T03:09:14.617290,1.671,2.468,1.270,0.715
2025-12-05T03:09:14.650488,1.671,2.468,1.270,0.715
2025-12-05T03:09:14.682320,1.671,2.468,1.270,0.715
2025-12-05T03:09:14.715821,1.671,2.468,1.270,0.715
2025-12-05T03:09:14.750685,1.671,2.468,1.270,0.715
2025-12-05T03:09:14.775117,1.671,2.468,1.270,0.715
2025-12-05T03:09:14.807290,1.671,2.468,1.270,0.715
2025-12-05T03:09:14.837899,1.671,2.468,1.270,0.715
2025-12-05T03:09:14.870634,1.671,2.468,1.270,0.715
2025-12-05T03:09:14.903174,1.671,2.468,1.270,0.715
2025-12-05T03:09:14.938259,1.671,2.468,1.270,0.715
2025-12-05T03:09:14.972055,1.671,2.468,1.270,0.715
2025-12-05T03:09:15.002666,1.671,2.468,1.270,0.715
2025-12-05T03:09:15.035865,1.671,2.468,1.270,0.715
2025-12-05T03:09:15.069861,1.671,2.468,1.270,0.715
2025-12-05T03:09:15.102396,1.671,2.468,1.270,0.715
2025-12-05T03:09:15.135317,1.671,2.468,1.270,0.715
2025-12-05T03:09:15.166701,1.671,2.468,1.270,0.715
2025-12-05T03:09:15.199384,1.671,2.468,1.270,0.715
2025-12-05T03:09:15.231269,1.671,2.468,1.270,0.715
2025-12-05T03:09:15.264370,1.671,2.468,1.270,0.715
2025-12-05T03:09:15.294408,1.671,2.468,1.270,0.715
2025-12-05T03:09:15.328413,1.671,2.468,1.270,0.715
2025-12-05T03:09:15.361769,1.671,2.468,1.270,0.715
2025-12-05T03:09:15.395056,1.671,2.468,1.270,0.715
2025-12-05T03:09:15.425866,1.671,2.468,1.270,0.715
2025-12-05T03:09:15.456842,1.671,2.468,1.270,0.715
2025-12-05T03:09:15.488510,1.671,2.468,1.270,0.715
2025-12-05T03:09:15.520779,1.671,2.468,1.270,0.715
2025-12-05T03:09:15.555384,1.671,2.468,1.270,0.715
2025-12-05T03:09:15.585840,1.671,2.468,1.270,0.715
2025-12-05T03:09:15.620303,1.671,2.468,1.270,0.715
2025-12-05T03:09:15.651802,1.671,2.468,1.270,0.715
2025-12-05T03:09:15.684494,1.671,2.468,1.270,0.715
2025-12-05T03:09:15.716807,1.671,2.468,1.270,0.715
2025-12-05T03:09:15.751380,1.671,2.468,1.270,0.715
2025-12-05T03:09:15.782259,1.671,2.468,1.270,0.715
2025-12-05T03:09:15.810459,1.671,2.468,1.270,0.715
2025-12-05T03:09:15.842199,1.671,2.468,1.270,0.715
2025-12-05T03:09:15.875698,1.671,2.468,1.270,0.715
2025-12-05T03:09:15.914870,1.671,2.468,1.270,0.715
2025-12-05T03:09:15.972431,1.671,2.468,1.270,0.715
2025-12-05T03:09:16.014493,1.671,2.468,1.270,0.715
2025-12-05T03:09:16.043739,1.671,2.468,1.270,0.715
2025-12-05T03:09:16.074113,1.671,2.468,1.270,0.715
2025-12-05T03:09:16.103424,1.671,2.468,1.270,0.715
2025-12-05T03:09:16.133768,1.671,2.468,1.270,0.715
2025-12-05T03:09:16.167542,1.671,2.468,1.270,0.715
2025-12-05T03:09:16.199713,1.671,2.468,1.270,0.715
2025-12-05T03:09:16.234946,1.671,2.468,1.270,0.715
2025-12-05T03:09:16.258693,1.671,2.468,1.270,0.715
2025-12-05T03:09:16.291869,1.671,2.468,1.270,0.715
2025-12-05T03:09:16.326487,1.671,2.468,1.270,0.715
2025-12-05T03:09:16.365090,1.671,2.468,1.270,0.715
2025-12-05T03:09:16.398175,1.671,2.468,1.270,0.715
2025-12-05T03:09:16.432395,1.671,2.468,1.270,0.715
2025-12-05T03:09:16.466318,1.671,2.468,1.270,0.715
2025-12-05T03:09:16.493187,1.671,2.468,1.270,0.715
2025-12-05T03:09:16.524405,1.671,2.468,1.270,0.715
2025-12-05T03:09:16.559186,1.671,2.468,1.270,0.715
2025-12-05T03:09:16.592121,1.671,2.468,1.270,0.715
2025-12-05T03:09:16.625743,1.671,2.468,1.270,0.715
2025-12-05T03:09:16.658577,1.671,2.468,1.270,0.715
2025-12-05T03:09:16.692770,1.671,2.468,1.270,0.715
2025-12-05T03:09:16.729007,1.671,2.468,1.270,0.715
2025-12-05T03:09:16.754088,1.671,2.468,1.270,0.715
2025-12-05T03:09:16.783979,1.671,2.468,1.270,0.715
2025-12-05T03:09:16.814253,1.671,2.468,1.270,0.715
2025-12-05T03:09:16.845719,1.671,2.468,1.270,0.715
2025-12-05T03:09:16.878329,1.671,2.468,1.270,0.715
2025-12-05T03:09:16.910151,1.671,2.468,1.270,0.715
2025-12-05T03:09:16.958936,1.671,2.468,1.270,0.715
2025-12-05T03:09:16.987258,1.671,2.468,1.270,0.715
2025-12-05T03:09:17.022535,1.671,2.468,1.270,0.715
2025-12-05T03:09:17.057522,1.671,2.468,1.270,0.715
2025-12-05T03:09:17.085821,1.671,2.468,1.270,0.715
2025-12-05T03:09:17.131623,1.671,2.468,1.270,0.715
2025-12-05T03:09:17.153941,1.671,2.468,1.270,0.715
2025-12-05T03:09:17.183810,1.671,2.468,1.270,0.715
2025-12-05T03:09:17.213861,1.671,2.468,1.270,0.715
2025-12-05T03:09:17.246102,1.671,2.468,1.270,0.715
2025-12-05T03:09:17.278221,1.671,2.468,1.270,0.715
2025-12-05T03:09:17.310226,1.671,2.468,1.270,0.715
2025-12-05T03:09:17.344435,1.671,2.468,1.270,0.715
2025-12-05T03:09:17.378981,1.671,2.468,1.270,0.715
2025-12-05T03:09:17.412168,1.671,2.468,1.270,0.715
2025-12-05T03:09:17.444631,1.671,2.468,1.270,0.715
2025-12-05T03:09:17.472303,1.671,2.468,1.270,0.715
2025-12-05T03:09:17.505117,1.671,2.468,1.270,0.715
2025-12-05T03:09:17.538779,1.671,2.468,1.270,0.715
2025-12-05T03:09:17.571570,1.671,2.468,1.270,0.715
2025-12-05T03:09:17.606035,1.671,2.468,1.270,0.715
2025-12-05T03:09:17.638979,1.671,2.468,1.270,0.715
2025-12-05T03:09:17.673146,1.671,2.468,1.270,0.715
2025-12-05T03:09:17.709114,1.671,2.468,1.270,0.715
2025-12-05T03:09:17.793490,1.671,2.468,1.270,0.715
2025-12-05T03:09:17.815399,1.671,2.468,1.270,0.715
2025-12-05T03:09:17.841536,1.671,2.468,1.270,0.715
2025-12-05T03:09:17.873036,1.671,2.468,1.270,0.715
2025-12-05T03:09:17.897220,1.671,2.468,1.270,0.715
2025-12-05T03:09:17.922142,1.671,2.468,1.270,0.715
2025-12-05T03:09:17.949181,1.671,2.468,1.270,0.715
2025-12-05T03:09:17.977773,1.671,2.468,1.270,0.715
2025-12-05T03:09:18.008876,1.671,2.468,1.270,0.715
2025-12-05T03:09:18.038890,1.671,2.468,1.270,0.715
2025-12-05T03:09:18.070717,1.671,2.468,1.270,0.715
2025-12-05T03:09:18.104408,1.671,2.468,1.270,0.715
2025-12-05T03:09:18.134607,1.671,2.468,1.270,0.715
2025-12-05T03:09:18.167724,1.671,2.468,1.270,0.715
2025-12-05T03:09:18.203482,1.671,2.468,1.270,0.715
2025-12-05T03:09:18.234879,1.671,2.468,1.270,0.715
2025-12-05T03:09:18.267657,1.671,2.468,1.270,0.715
2025-12-05T03:09:18.299050,1.671,2.468,1.270,0.715
2025-12-05T03:09:18.330419,1.671,2.468,1.270,0.715
2025-12-05T03:09:18.364200,1.671,2.468,1.270,0.715
2025-12-05T03:09:18.395926,1.671,2.468,1.270,0.715
2025-12-05T03:09:18.428429,1.671,2.468,1.270,0.715
2025-12-05T03:09:18.464757,1.671,2.468,1.270,0.715
2025-12-05T03:09:18.494836,1.671,2.468,1.270,0.715
2025-12-05T03:09:18.528316,1.671,2.468,1.270,0.715
2025-12-05T03:09:18.558107,1.671,2.468,1.270,0.715
2025-12-05T03:09:18.590640,1.671,2.468,1.270,0.715
2025-12-05T03:09:18.620889,1.671,2.468,1.270,0.715
2025-12-05T03:09:18.655344,1.671,2.468,1.270,0.715
2025-12-05T03:09:18.687150,1.671,2.468,1.270,0.715
2025-12-05T03:09:18.721631,1.671,2.468,1.270,0.715
2025-12-05T03:09:18.753362,1.671,2.468,1.270,0.715
2025-12-05T03:09:18.785428,1.671,2.468,1.270,0.715
2025-12-05T03:09:18.817290,1.671,2.468,1.270,0.715
2025-12-05T03:09:18.848897,1.671,2.468,1.270,0.715
2025-12-05T03:09:18.882253,1.671,2.468,1.270,0.715
2025-12-05T03:09:18.913339,1.671,2.468,1.270,0.715
2025-12-05T03:09:18.948354,1.671,2.468,1.270,0.715
2025-12-05T03:09:18.981364,1.671,2.468,1.270,0.715
2025-12-05T03:09:19.017747,1.671,2.468,1.270,0.715
2025-12-05T03:09:19.048640,1.671,2.468,1.270,0.715
2025-12-05T03:09:19.079624,1.671,2.468,1.270,0.715
2025-12-05T03:09:19.109100,1.671,2.468,1.270,0.715
2025-12-05T03:09:19.141050,1.671,2.468,1.270,0.715
2025-12-05T03:09:19.174261,1.671,2.468,1.270,0.715
2025-12-05T03:09:19.206128,1.671,2.468,1.270,0.715
2025-12-05T03:09:19.240909,1.671,2.468,1.270,0.715
2025-12-05T03:09:19.280547,1.671,2.468,1.270,0.715
2025-12-05T03:09:19.308590,1.671,2.468,1.270,0.715
2025-12-05T03:09:19.340631,1.671,2.468,1.270,0.715
2025-12-05T03:09:19.370022,1.671,2.468,1.270,0.715
2025-12-05T03:09:19.404510,1.671,2.468,1.270,0.715
2025-12-05T03:09:19.435931,1.671,2.468,1.270,0.715
2025-12-05T03:09:19.472020,1.671,2.468,1.270,0.715
2025-12-05T03:09:19.503147,1.671,2.468,1.270,0.715
2025-12-05T03:09:19.534601,1.671,2.468,1.270,0.715
2025-12-05T03:09:19.567173,1.671,2.468,1.270,0.715
2025-12-05T03:09:19.600308,1.671,2.468,1.270,0.715
2025-12-05T03:09:19.631706,1.671,2.468,1.270,0.715
2025-12-05T03:09:19.662991,1.671,2.468,1.270,0.715
2025-12-05T03:09:19.700553,1.671,2.468,1.270,0.715
2025-12-05T03:09:19.731452,1.671,2.468,1.270,0.715
2025-12-05T03:09:19.765405,1.671,2.468,1.270,0.715
2025-12-05T03:09:19.794599,1.671,2.468,1.270,0.715
2025-12-05T03:09:19.824955,1.671,2.468,1.270,0.715
2025-12-05T03:09:19.856685,1.671,2.468,1.270,0.715
2025-12-05T03:09:19.889131,1.671,2.468,1.270,0.715
2025-12-05T03:09:19.920911,1.671,2.468,1.270,0.715
2025-12-05T03:09:19.957502,1.671,2.468,1.270,0.715
2025-12-05T03:09:19.988499,1.671,2.468,1.270,0.715
2025-12-05T03:09:20.019310,1.671,2.468,1.270,0.715
2025-12-05T03:09:20.053768,1.671,2.468,1.270,0.715
2025-12-05T03:09:20.085843,1.671,2.468,1.270,0.715
2025-12-05T03:09:20.118182,1.671,2.468,1.270,0.715
2025-12-05T03:09:20.149565,1.671,2.468,1.270,0.715
2025-12-05T03:09:20.183494,1.671,2.468,1.270,0.715
2025-12-05T03:09:20.215718,1.671,2.468,1.270,0.715
2025-12-05T03:09:20.252610,1.671,2.468,1.270,0.715
2025-12-05T03:09:20.282151,1.671,2.468,1.270,0.715
2025-12-05T03:09:20.316286,1.671,2.468,1.270,0.715
2025-12-05T03:09:20.351908,1.671,2.468,1.270,0.715
2025-12-05T03:09:20.384901,1.671,2.468,1.270,0.715
2025-12-05T03:09:20.415281,1.671,2.468,1.270,0.715
2025-12-05T03:09:20.443798,1.671,2.468,1.270,0.715
2025-12-05T03:09:20.473152,1.671,2.468,1.270,0.715
2025-12-05T03:09:20.508608,1.671,2.468,1.270,0.715
2025-12-05T03:09:20.540805,1.671,2.468,1.270,0.715
2025-12-05T03:09:20.573137,1.671,2.468,1.270,0.715
2025-12-05T03:09:20.608687,1.671,2.468,1.270,0.715
2025-12-05T03:09:20.641920,1.671,2.468,1.270,0.715
2025-12-05T03:09:20.674717,1.671,2.468,1.270,0.715
2025-12-05T03:09:20.706854,1.671,2.468,1.270,0.715
2025-12-05T03:09:20.736394,1.671,2.468,1.270,0.715
2025-12-05T03:09:20.769192,1.671,2.468,1.270,0.715
2025-12-05T03:09:20.801478,1.671,2.468,1.270,0.715
2025-12-05T03:09:20.833534,1.671,2.468,1.270,0.715
2025-12-05T03:09:20.866159,1.671,2.468,1.270,0.715
2025-12-05T03:09:20.898509,1.671,2.468,1.270,0.715
2025-12-05T03:09:20.931969,1.671,2.468,1.270,0.715
2025-12-05T03:09:20.968403,1.671,2.468,1.270,0.715
2025-12-05T03:09:21.001088,1.671,2.468,1.270,0.715
2025-12-05T03:09:21.032947,1.671,2.468,1.270,0.715
2025-12-05T03:09:21.061729,1.671,2.468,1.270,0.715
2025-12-05T03:09:21.090175,1.671,2.468,1.270,0.715
2025-12-05T03:09:21.121165,1.671,2.468,1.270,0.715
2025-12-05T03:09:21.153548,1.671,2.468,1.270,0.715
2025-12-05T03:09:21.187371,1.671,2.468,1.270,0.715
2025-12-05T03:09:21.222575,1.671,2.468,1.270,0.715
2025-12-05T03:09:21.254610,1.671,2.468,1.270,0.715
2025-12-05T03:09:21.285821,1.671,2.468,1.270,0.715
2025-12-05T03:09:21.319855,1.671,2.468,1.270,0.715
2025-12-05T03:09:21.351187,1.671,2.468,1.270,0.715
2025-12-05T03:09:21.384507,1.671,2.468,1.270,0.715
2025-12-05T03:09:21.415577,1.671,2.468,1.270,0.715
2025-12-05T03:09:21.447892,1.671,2.468,1.270,0.715
2025-12-05T03:09:21.482756,1.671,2.468,1.270,0.715
2025-12-05T03:09:21.515739,1.671,2.468,1.270,0.715
2025-12-05T03:09:21.547370,1.671,2.468,1.270,0.715
2025-12-05T03:09:21.580030,1.671,2.468,1.270,0.715
2025-12-05T03:09:21.608922,1.671,2.468,1.270,0.715
2025-12-05T03:09:21.643716,1.671,2.468,1.270,0.715
2025-12-05T03:09:21.675929,1.671,2.468,1.270,0.715
2025-12-05T03:09:21.711803,1.671,2.468,1.270,0.715
2025-12-05T03:09:21.743349,1.671,2.468,1.270,0.715
2025-12-05T03:09:21.775925,1.671,2.468,1.270,0.715
2025-12-05T03:09:21.809160,1.671,2.468,1.270,0.715
2025-12-05T03:09:21.837504,1.671,2.468,1.270,0.715
2025-12-05T03:09:21.871735,1.671,2.468,1.270,0.715
2025-12-05T03:09:21.902947,1.671,2.468,1.270,0.715
2025-12-05T03:09:21.935140,1.671,2.468,1.270,0.715
2025-12-05T03:09:21.968368,1.671,2.468,1.270,0.715
2025-12-05T03:09:22.003434,1.671,2.468,1.270,0.715
2025-12-05T03:09:22.036578,1.671,2.468,1.270,0.715
2025-12-05T03:09:22.068627,1.671,2.468,1.270,0.715
2025-12-05T03:09:22.100535,1.671,2.468,1.270,0.715
2025-12-05T03:09:22.130945,1.671,2.468,1.270,0.715
2025-12-05T03:09:22.166395,1.671,2.468,1.270,0.715
2025-12-05T03:09:22.193283,1.671,2.468,1.270,0.715
2025-12-05T03:09:22.225391,1.671,2.468,1.270,0.715
2025-12-05T03:09:22.261575,1.671,2.468,1.270,0.715
2025-12-05T03:09:22.294432,1.671,2.468,1.270,0.715
2025-12-05T03:09:22.326571,1.671,2.468,1.270,0.715
2025-12-05T03:09:22.359434,1.671,2.468,1.270,0.715
2025-12-05T03:09:22.389343,1.671,2.468,1.270,0.715
2025-12-05T03:09:22.420027,1.671,2.468,1.270,0.715
2025-12-05T03:09:22.455543,1.671,2.468,1.270,0.715
2025-12-05T03:09:22.485744,1.671,2.468,1.270,0.715
2025-12-05T03:09:22.519595,1.671,2.468,1.270,0.715
2025-12-05T03:09:22.555901,1.671,2.468,1.270,0.715
2025-12-05T03:09:22.587354,1.671,2.468,1.270,0.715
2025-12-05T03:09:22.620185,1.671,2.468,1.270,0.715
2025-12-05T03:09:22.651628,1.671,2.468,1.270,0.715
2025-12-05T03:09:22.680868,1.671,2.468,1.270,0.715
2025-12-05T03:09:22.716018,1.671,2.468,1.270,0.715
2025-12-05T03:09:22.748744,1.671,2.468,1.270,0.715
2025-12-05T03:09:22.780333,1.671,2.468,1.270,0.715
2025-12-05T03:09:22.813948,1.671,2.468,1.270,0.715
2025-12-05T03:09:22.846256,1.671,2.468,1.270,0.715
2025-12-05T03:09:22.874622,1.671,2.468,1.270,0.715
2025-12-05T03:09:22.906310,1.671,2.468,1.270,0.715
2025-12-05T03:09:22.937460,1.671,2.468,1.270,0.715
2025-12-05T03:09:22.969454,1.671,2.468,1.270,0.715
2025-12-05T03:09:23.004759,1.671,2.468,1.270,0.715
2025-12-05T03:09:23.035687,1.671,2.468,1.270,0.715
2025-12-05T03:09:23.070999,1.671,2.468,1.270,0.715
2025-12-05T03:09:23.103699,1.671,2.468,1.270,0.715
2025-12-05T03:09:23.134628,1.671,2.468,1.270,0.715
2025-12-05T03:09:23.166690,1.671,2.468,1.270,0.715
2025-12-05T03:09:23.197838,1.671,2.468,1.270,0.715
2025-12-05T03:09:23.229376,1.671,2.468,1.270,0.715
2025-12-05T03:09:23.260435,1.671,2.468,1.270,0.715
2025-12-05T03:09:23.297051,1.671,2.468,1.270,0.715
2025-12-05T03:09:23.329533,1.671,2.468,1.270,0.715
2025-12-05T03:09:23.361796,1.671,2.468,1.270,0.715
2025-12-05T03:09:23.393194,1.671,2.468,1.270,0.715
2025-12-05T03:09:23.425980,1.671,2.468,1.270,0.715
2025-12-05T03:09:23.459563,1.671,2.468,1.270,0.715
2025-12-05T03:09:23.493095,1.671,2.468,1.270,0.715
2025-12-05T03:09:23.524842,1.671,2.468,1.270,0.715
2025-12-05T03:09:23.555900,1.671,2.468,1.270,0.715
2025-12-05T03:09:23.586217,1.671,2.468,1.270,0.715
2025-12-05T03:09:23.619830,1.671,2.468,1.270,0.715
2025-12-05T03:09:23.656983,1.671,2.468,1.270,0.715
2025-12-05T03:09:23.690395,1.671,2.468,1.270,0.715
2025-12-05T03:09:23.729618,1.671,2.468,1.270,0.715
2025-12-05T03:09:23.755279,1.671,2.468,1.270,0.715
2025-12-05T03:09:23.785195,1.671,2.468,1.270,0.715
2025-12-05T03:09:23.818647,1.671,2.468,1.270,0.715
2025-12-05T03:09:23.850157,1.671,2.468,1.270,0.715
2025-12-05T03:09:23.896276,1.671,2.468,1.270,0.715
2025-12-05T03:09:23.913472,1.671,2.468,1.270,0.715
2025-12-05T03:09:23.948342,1.671,2.468,1.270,0.715
2025-12-05T03:09:23.979689,1.671,2.468,1.270,0.715
2025-12-05T03:09:24.013216,1.671,2.468,1.270,0.715
2025-12-05T03:09:24.057483,1.671,2.468,1.270,0.715
2025-12-05T03:09:24.086343,1.671,2.468,1.270,0.715
2025-12-05T03:09:24.119817,1.671,2.468,1.270,0.715
2025-12-05T03:09:24.149586,1.671,2.468,1.270,0.715
2025-12-05T03:09:24.181771,1.671,2.468,1.270,0.715
2025-12-05T03:09:24.219192,1.671,2.468,1.270,0.715
2025-12-05T03:09:24.246334,1.671,2.468,1.270,0.715
2025-12-05T03:09:24.277183,1.671,2.468,1.270,0.715
2025-12-05T03:09:24.310510,1.671,2.468,1.270,0.715
2025-12-05T03:09:24.341542,1.671,2.468,1.270,0.715
2025-12-05T03:09:24.374474,1.671,2.468,1.270,0.715
2025-12-05T03:09:24.409899,1.671,2.468,1.270,0.715
2025-12-05T03:09:24.443958,1.671,2.468,1.270,0.715
2025-12-05T03:09:24.478528,1.671,2.468,1.270,0.715
2025-12-05T03:09:24.510238,1.671,2.468,1.270,0.715
2025-12-05T03:09:24.542359,1.671,2.468,1.270,0.715
2025-12-05T03:09:24.572250,1.671,2.468,1.270,0.715
2025-12-05T03:09:24.610280,1.671,2.468,1.270,0.715
2025-12-05T03:09:24.640355,1.671,2.468,1.270,0.715
2025-12-05T03:09:24.671639,1.671,2.468,1.270,0.715
2025-12-05T03:09:24.701709,1.671,2.468,1.270,0.715
2025-12-05T03:09:24.734838,1.671,2.468,1.270,0.715
2025-12-05T03:09:24.767865,1.671,2.468,1.270,0.715
2025-12-05T03:09:24.801597,1.671,2.468,1.270,0.715
2025-12-05T03:09:24.833726,1.671,2.468,1.270,0.715
2025-12-05T03:09:24.866596,1.671,2.468,1.270,0.715
2025-12-05T03:09:24.898094,1.671,2.468,1.270,0.715
2025-12-05T03:09:24.930498,1.671,2.468,1.270,0.715
2025-12-05T03:09:24.964021,1.671,2.468,1.270,0.715
2025-12-05T03:09:24.999240,1.671,2.468,1.270,0.715
2025-12-05T03:09:25.032902,1.671,2.468,1.270,0.715
2025-12-05T03:09:25.063391,1.671,2.468,1.270,0.715
2025-12-05T03:09:25.093803,1.671,2.468,1.270,0.715
2025-12-05T03:09:25.124272,1.671,2.468,1.270,0.715
2025-12-05T03:09:25.159859,1.671,2.468,1.270,0.715
2025-12-05T03:09:25.192496,1.671,2.468,1.270,0.715
2025-12-05T03:09:25.225782,1.671,2.468,1.270,0.715
2025-12-05T03:09:25.259529,1.671,2.468,1.270,0.715
2025-12-05T03:09:25.291605,1.671,2.468,1.270,0.715
2025-12-05T03:09:25.322410,1.671,2.468,1.270,0.715
2025-12-05T03:09:25.353199,1.671,2.468,1.270,0.715
2025-12-05T03:09:25.385122,1.671,2.468,1.270,0.715
2025-12-05T03:09:25.417421,1.671,2.468,1.270,0.715
2025-12-05T03:09:25.453575,1.671,2.468,1.270,0.715
2025-12-05T03:09:25.486445,1.671,2.468,1.270,0.715
2025-12-05T03:09:25.518528,1.671,2.468,1.270,0.715
2025-12-05T03:09:25.551001,1.671,2.468,1.270,0.715
2025-12-05T03:09:25.581602,1.671,2.468,1.270,0.715
2025-12-05T03:09:25.614851,1.671,2.468,1.270,0.715
2025-12-05T03:09:25.647843,1.671,2.468,1.270,0.715
2025-12-05T03:09:25.681495,1.671,2.468,1.270,0.715
2025-12-05T03:09:25.716402,1.671,2.468,1.270,0.715
2025-12-05T03:09:25.748974,1.671,2.468,1.270,0.715
2025-12-05T03:09:25.780797,1.671,2.468,1.270,0.715
2025-12-05T03:09:25.811689,1.671,2.468,1.270,0.715
2025-12-05T03:09:25.845175,1.671,2.468,1.270,0.715
2025-12-05T03:09:25.873047,1.671,2.468,1.270,0.715
2025-12-05T03:09:25.908653,1.671,2.468,1.270,0.715
2025-12-05T03:09:25.941590,1.671,2.468,1.270,0.715
2025-12-05T03:09:25.974146,1.671,2.468,1.270,0.715
2025-12-05T03:09:26.007160,1.671,2.468,1.270,0.715
2025-12-05T03:09:26.039901,1.671,2.468,1.270,0.715
2025-12-05T03:09:26.070710,1.671,2.468,1.270,0.715
2025-12-05T03:09:26.101823,1.671,2.468,1.270,0.715
2025-12-05T03:09:26.131631,1.671,2.468,1.270,0.715
2025-12-05T03:09:26.166394,1.671,2.468,1.270,0.715
2025-12-05T03:09:26.200734,1.671,2.468,1.270,0.715
2025-12-05T03:09:26.231462,1.671,2.468,1.270,0.715
2025-12-05T03:09:26.263844,1.671,2.468,1.270,0.715
2025-12-05T03:09:26.300600,1.671,2.468,1.270,0.715
2025-12-05T03:09:26.332557,1.671,2.468,1.270,0.715
2025-12-05T03:09:26.366617,1.671,2.468,1.270,0.715
2025-12-05T03:09:26.397442,1.671,2.468,1.270,0.715
2025-12-05T03:09:26.427665,1.671,2.468,1.270,0.715
2025-12-05T03:09:26.461511,1.671,2.468,1.270,0.715
2025-12-05T03:09:26.493078,1.671,2.468,1.270,0.715
2025-12-05T03:09:26.525736,1.671,2.468,1.270,0.715
2025-12-05T03:09:26.558292,1.671,2.468,1.270,0.715
2025-12-05T03:09:26.591925,1.671,2.468,1.270,0.715
2025-12-05T03:09:26.627990,1.671,2.468,1.270,0.715
2025-12-05T03:09:26.663537,1.671,2.468,1.270,0.715
2025-12-05T03:09:26.694872,1.671,2.468,1.270,0.715
2025-12-05T03:09:26.725690,1.671,2.468,1.270,0.715
2025-12-05T03:09:26.757390,1.671,2.468,1.270,0.715
2025-12-05T03:09:26.787273,1.671,2.468,1.270,0.715
2025-12-05T03:09:26.820105,1.671,2.468,1.270,0.715
2025-12-05T03:09:26.854364,1.671,2.468,1.270,0.715
2025-12-05T03:09:26.886404,1.671,2.468,1.270,0.715
2025-12-05T03:09:26.920430,1.671,2.468,1.270,0.715
2025-12-05T03:09:26.954007,1.671,2.468,1.270,0.715
2025-12-05T03:09:26.987908,1.671,2.468,1.270,0.715
2025-12-05T03:09:27.019164,1.671,2.468,1.270,0.715
2025-12-05T03:09:27.051551,1.671,2.468,1.270,0.715
2025-12-05T03:09:27.081523,1.671,2.468,1.270,0.715
2025-12-05T03:09:27.109108,1.671,2.468,1.270,0.715
2025-12-05T03:09:27.140641,1.671,2.468,1.270,0.715
2025-12-05T03:09:27.173827,1.671,2.468,1.270,0.715
2025-12-05T03:09:27.209497,1.671,2.468,1.270,0.715
2025-12-05T03:09:27.242874,1.671,2.468,1.270,0.715
2025-12-05T03:09:27.273747,1.671,2.468,1.270,0.715
2025-12-05T03:09:27.306293,1.671,2.468,1.270,0.715
2025-12-05T03:09:27.336477,1.671,2.468,1.270,0.715
2025-12-05T03:09:27.367899,1.671,2.468,1.270,0.715
2025-12-05T03:09:27.399615,1.671,2.468,1.270,0.715
2025-12-05T03:09:27.432014,1.671,2.468,1.270,0.715
2025-12-05T03:09:27.466566,1.671,2.468,1.270,0.715
2025-12-05T03:09:27.497609,1.671,2.468,1.270,0.715
2025-12-05T03:09:27.529312,1.671,2.468,1.270,0.715
2025-12-05T03:09:27.560993,1.671,2.468,1.270,0.715
2025-12-05T03:09:27.590503,1.671,2.468,1.270,0.715
2025-12-05T03:09:27.623287,1.671,2.468,1.270,0.715
2025-12-05T03:09:27.657015,1.671,2.468,1.270,0.715
2025-12-05T03:09:27.690114,1.671,2.468,1.270,0.715
2025-12-05T03:09:27.722962,1.671,2.468,1.270,0.715
2025-12-05T03:09:27.756876,1.671,2.468,1.270,0.715
2025-12-05T03:09:27.796953,1.671,2.468,1.270,0.715
2025-12-05T03:09:27.829958,1.671,2.468,1.270,0.715
2025-12-05T03:09:27.865187,1.671,2.468,1.270,0.715
2025-12-05T03:09:27.898179,1.671,2.468,1.270,0.715
2025-12-05T03:09:27.921320,1.671,2.468,1.270,0.715
2025-12-05T03:09:27.950867,1.671,2.468,1.270,0.715
2025-12-05T03:09:27.978639,1.671,2.468,1.270,0.715
2025-12-05T03:09:28.006282,1.671,2.468,1.270,0.715
2025-12-05T03:09:28.037500,1.671,2.468,1.270,0.715
2025-12-05T03:09:28.072287,1.671,2.468,1.270,0.715
2025-12-05T03:09:28.102797,1.671,2.468,1.270,0.715
2025-12-05T03:09:28.134258,1.671,2.468,1.270,0.715
2025-12-05T03:09:28.168085,1.671,2.468,1.270,0.715
2025-12-05T03:09:28.199975,1.671,2.468,1.270,0.715
2025-12-05T03:09:28.234085,1.671,2.468,1.270,0.715
2025-12-05T03:09:28.268160,1.671,2.468,1.270,0.715
2025-12-05T03:09:28.300602,1.671,2.468,1.270,0.715
2025-12-05T03:09:28.331511,1.671,2.468,1.270,0.715
2025-12-05T03:09:28.364802,1.671,2.468,1.270,0.715
2025-12-05T03:09:28.394334,1.671,2.468,1.270,0.715
2025-12-05T03:09:28.424035,1.671,2.468,1.270,0.715
2025-12-05T03:09:28.467813,1.671,2.468,1.270,0.715
2025-12-05T03:09:28.505108,1.671,2.468,1.270,0.715
2025-12-05T03:09:28.528924,1.671,2.468,1.270,0.715
2025-12-05T03:09:28.557487,1.671,2.468,1.270,0.715
2025-12-05T03:09:28.585666,1.671,2.468,1.270,0.715
2025-12-05T03:09:28.617190,1.671,2.468,1.270,0.715
2025-12-05T03:09:28.648557,1.671,2.468,1.270,0.715
2025-12-05T03:09:28.681148,1.671,2.468,1.270,0.715
2025-12-05T03:09:28.714298,1.671,2.468,1.270,0.715
2025-12-05T03:09:28.748689,1.671,2.468,1.270,0.715
2025-12-05T03:09:28.781145,1.671,2.468,1.270,0.715
2025-12-05T03:09:28.813191,1.671,2.468,1.270,0.715
2025-12-05T03:09:28.845782,1.671,2.468,1.270,0.715
2025-12-05T03:09:28.875055,1.671,2.468,1.270,0.715
2025-12-05T03:09:28.905327,1.671,2.468,1.270,0.715
2025-12-05T03:09:28.938634,1.671,2.468,1.270,0.715
2025-12-05T03:09:28.971329,1.671,2.468,1.270,0.715
2025-12-05T03:09:29.003786,1.671,2.468,1.270,0.715
2025-12-05T03:09:29.037536,1.671,2.468,1.270,0.715
2025-12-05T03:09:29.075861,1.671,2.468,1.270,0.715
2025-12-05T03:09:29.108199,1.671,2.468,1.270,0.715
2025-12-05T03:09:29.140023,1.671,2.468,1.270,0.715
2025-12-05T03:09:29.171823,1.671,2.468,1.270,0.715
2025-12-05T03:09:29.203138,1.671,2.468,1.270,0.715
2025-12-05T03:09:29.233627,1.671,2.468,1.270,0.715
2025-12-05T03:09:29.264569,1.671,2.468,1.270,0.715
2025-12-05T03:09:29.295041,1.671,2.468,1.270,0.715
2025-12-05T03:09:29.327615,1.671,2.468,1.270,0.715
2025-12-05T03:09:29.360226,1.671,2.468,1.270,0.715
2025-12-05T03:09:29.394438,1.671,2.468,1.270,0.715
2025-12-05T03:09:29.428546,1.671,2.468,1.270,0.715
2025-12-05T03:09:29.463418,1.671,2.468,1.270,0.715
2025-12-05T03:09:29.499207,1.671,2.468,1.270,0.715
2025-12-05T03:09:29.532368,1.671,2.468,1.270,0.715
2025-12-05T03:09:29.565019,1.671,2.468,1.270,0.715
2025-12-05T03:09:29.596115,1.671,2.468,1.270,0.715
2025-12-05T03:09:29.625200,1.671,2.468,1.270,0.715
2025-12-05T03:09:29.656991,1.671,2.468,1.270,0.715
2025-12-05T03:09:29.689092,1.671,2.468,1.270,0.715
2025-12-05T03:09:29.721186,1.671,2.468,1.270,0.715
2025-12-05T03:09:29.757401,1.671,2.468,1.270,0.715
2025-12-05T03:09:29.789082,1.671,2.468,1.270,0.715
2025-12-05T03:09:29.821143,1.671,2.468,1.270,0.715
2025-12-05T03:09:29.853700,1.671,2.468,1.270,0.715
2025-12-05T03:09:29.884113,1.671,2.468,1.270,0.715
2025-12-05T03:09:29.919872,1.671,2.468,1.270,0.715
2025-12-05T03:09:29.951018,1.671,2.468,1.270,0.715
2025-12-05T03:09:29.986547,1.671,2.468,1.270,0.715
2025-12-05T03:09:30.019527,1.671,2.468,1.270,0.715
2025-12-05T03:09:30.051839,1.671,2.468,1.270,0.715
2025-12-05T03:09:30.080264,1.671,2.468,1.270,0.715
2025-12-05T03:09:30.143314,1.671,2.468,1.270,0.715
2025-12-05T03:09:30.186352,1.671,2.468,1.270,0.715
2025-12-05T03:09:30.243039,1.671,2.468,1.270,0.715
2025-12-05T03:09:30.264750,1.671,2.468,1.270,0.715
2025-12-05T03:09:30.295255,1.671,2.468,1.270,0.715
2025-12-05T03:09:30.325810,1.671,2.468,1.270,0.715
2025-12-05T03:09:30.353819,1.671,2.468,1.270,0.715
2025-12-05T03:09:30.384933,1.671,2.468,1.270,0.715
2025-12-05T03:09:30.407682,1.671,2.468,1.270,0.715
2025-12-05T03:09:30.436712,1.671,2.468,1.270,0.715
2025-12-05T03:09:30.467441,1.671,2.468,1.270,0.715
2025-12-05T03:09:30.500682,1.671,2.468,1.270,0.715
2025-12-05T03:09:30.529913,1.671,2.468,1.270,0.715
2025-12-05T03:09:30.568600,1.671,2.468,1.270,0.715
2025-12-05T03:09:30.594795,1.671,2.468,1.270,0.715
2025-12-05T03:09:30.629676,1.671,2.468,1.270,0.715
2025-12-05T03:09:30.663518,1.671,2.468,1.270,0.715
2025-12-05T03:09:30.699538,1.671,2.468,1.270,0.715
2025-12-05T03:09:30.728753,1.671,2.468,1.270,0.715
2025-12-05T03:09:30.760403,1.671,2.468,1.270,0.715
2025-12-05T03:09:30.792579,1.671,2.468,1.270,0.715
2025-12-05T03:09:30.824549,1.671,2.468,1.270,0.715
2025-12-05T03:09:30.857267,1.671,2.468,1.270,0.715
2025-12-05T03:09:30.896989,1.671,2.468,1.270,0.715
2025-12-05T03:09:30.929969,1.671,2.468,1.270,0.715
2025-12-05T03:09:30.964343,1.671,2.468,1.270,0.715
2025-12-05T03:09:30.995829,1.671,2.468,1.270,0.715
2025-12-05T03:09:31.026677,1.671,2.468,1.270,0.715
2025-12-05T03:09:31.059735,1.671,2.468,1.270,0.715
2025-12-05T03:09:31.088190,1.671,2.468,1.270,0.715
2025-12-05T03:09:31.114416,1.671,2.468,1.270,0.715
2025-12-05T03:09:31.151303,1.671,2.468,1.270,0.715
2025-12-05T03:09:31.178522,1.671,2.468,1.270,0.715
2025-12-05T03:09:31.212533,1.671,2.468,1.270,0.715
2025-12-05T03:09:31.247164,1.671,2.468,1.270,0.715
2025-12-05T03:09:31.282297,1.671,2.468,1.270,0.715
2025-12-05T03:09:31.316125,1.671,2.468,1.270,0.715
2025-12-05T03:09:31.349760,1.671,2.468,1.270,0.715
2025-12-05T03:09:31.378396,1.671,2.468,1.270,0.715
2025-12-05T03:09:31.411505,1.671,2.468,1.270,0.715
2025-12-05T03:09:31.443640,1.671,2.468,1.270,0.715
2025-12-05T03:09:31.475755,1.671,2.468,1.270,0.715
2025-12-05T03:09:31.508400,1.671,2.468,1.270,0.715
2025-12-05T03:09:31.541623,1.671,2.468,1.270,0.715
2025-12-05T03:09:31.573653,1.671,2.468,1.270,0.715
2025-12-05T03:09:31.607236,1.671,2.468,1.270,0.715
2025-12-05T03:09:31.637695,1.671,2.468,1.270,0.715
2025-12-05T03:09:31.672886,1.671,2.468,1.270,0.715
2025-12-05T03:09:31.705012,1.671,2.468,1.270,0.715
2025-12-05T03:09:31.732873,1.671,2.468,1.270,0.715
2025-12-05T03:09:31.765192,1.671,2.468,1.270,0.715
2025-12-05T03:09:31.796920,1.671,2.468,1.270,0.715
2025-12-05T03:09:31.829833,1.671,2.468,1.270,0.715
2025-12-05T03:09:31.865775,1.671,2.468,1.270,0.715
2025-12-05T03:09:31.897245,1.671,2.468,1.270,0.715
2025-12-05T03:09:31.929884,1.671,2.468,1.270,0.715
2025-12-05T03:09:31.961695,1.671,2.468,1.270,0.715
2025-12-05T03:09:31.992669,1.671,2.468,1.270,0.715
2025-12-05T03:09:32.024466,1.671,2.468,1.270,0.715
2025-12-05T03:09:32.059817,1.671,2.468,1.270,0.715
2025-12-05T03:09:32.092272,1.671,2.468,1.270,0.715
2025-12-05T03:09:32.126574,1.671,2.468,1.270,0.715
2025-12-05T03:09:32.159856,1.671,2.468,1.270,0.715
2025-12-05T03:09:32.192285,1.671,2.468,1.270,0.715
2025-12-05T03:09:32.223815,1.671,2.468,1.270,0.715
2025-12-05T03:09:32.255646,1.671,2.468,1.270,0.715
2025-12-05T03:09:32.289591,1.671,2.468,1.270,0.715
2025-12-05T03:09:32.321212,1.671,2.468,1.270,0.715
2025-12-05T03:09:32.356746,1.671,2.468,1.270,0.715
2025-12-05T03:09:32.389228,1.671,2.468,1.270,0.715
2025-12-05T03:09:32.419244,1.671,2.468,1.270,0.715
2025-12-05T03:09:32.451174,1.671,2.468,1.270,0.715
2025-12-05T03:09:32.482262,1.671,2.468,1.270,0.715
2025-12-05T03:09:32.515719,1.671,2.468,1.270,0.715
2025-12-05T03:09:32.547561,1.671,2.468,1.270,0.715
2025-12-05T03:09:32.579915,1.671,2.468,1.270,0.715
2025-12-05T03:09:32.615879,1.671,2.468,1.270,0.715
2025-12-05T03:09:32.648580,1.671,2.468,1.270,0.715
2025-12-05T03:09:32.682357,1.671,2.468,1.270,0.715
2025-12-05T03:09:32.716569,1.671,2.468,1.270,0.715
2025-12-05T03:09:32.746023,1.671,2.468,1.270,0.715
2025-12-05T03:09:32.784433,1.671,2.468,1.270,0.715
2025-12-05T03:09:32.814821,1.671,2.468,1.270,0.715
2025-12-05T03:09:32.846212,1.671,2.468,1.270,0.715
2025-12-05T03:09:32.869484,1.671,2.468,1.270,0.715
2025-12-05T03:09:32.900981,1.671,2.468,1.270,0.715
2025-12-05T03:09:32.932157,1.671,2.468,1.270,0.715
2025-12-05T03:09:32.966769,1.671,2.468,1.270,0.715
2025-12-05T03:09:32.997802,1.671,2.468,1.270,0.715
2025-12-05T03:09:33.031469,1.671,2.468,1.270,0.715
2025-12-05T03:09:33.066988,1.671,2.468,1.270,0.715
2025-12-05T03:09:33.098862,1.671,2.468,1.270,0.715
2025-12-05T03:09:33.133467,1.671,2.468,1.270,0.715
2025-12-05T03:09:33.166906,1.671,2.468,1.270,0.715
2025-12-05T03:09:33.200257,1.671,2.468,1.270,0.715
2025-12-05T03:09:33.230808,1.671,2.468,1.270,0.715
2025-12-05T03:09:33.259619,1.671,2.468,1.270,0.715
2025-12-05T03:09:33.289899,1.671,2.468,1.270,0.715
2025-12-05T03:09:33.321791,1.671,2.468,1.270,0.715
2025-12-05T03:09:33.356093,1.671,2.468,1.270,0.715
2025-12-05T03:09:33.387225,1.671,2.468,1.270,0.715
2025-12-05T03:09:33.421676,1.671,2.468,1.270,0.715
2025-12-05T03:09:33.456141,1.671,2.468,1.270,0.715
2025-12-05T03:09:33.488756,1.671,2.468,1.270,0.715
2025-12-05T03:09:33.520627,1.671,2.468,1.270,0.715
2025-12-05T03:09:33.552521,1.671,2.468,1.270,0.715
2025-12-05T03:09:33.582411,1.671,2.468,1.270,0.715
2025-12-05T03:09:33.616640,1.671,2.468,1.270,0.715
2025-12-05T03:09:33.646935,1.671,2.468,1.270,0.715
2025-12-05T03:09:33.680828,1.671,2.468,1.270,0.715
2025-12-05T03:09:33.715188,1.671,2.468,1.270,0.715
2025-12-05T03:09:33.748573,1.671,2.468,1.270,0.715
2025-12-05T03:09:33.787208,1.671,2.468,1.270,0.715
2025-12-05T03:09:33.847983,1.671,2.468,1.270,0.715
2025-12-05T03:09:33.873196,1.671,2.468,1.270,0.715
2025-12-05T03:09:33.904840,1.671,2.468,1.270,0.715
2025-12-05T03:09:33.929839,1.671,2.468,1.270,0.715
2025-12-05T03:09:33.956807,1.671,2.468,1.270,0.715
2025-12-05T03:09:33.985228,1.671,2.468,1.270,0.715
2025-12-05T03:09:34.017704,1.671,2.468,1.270,0.715
2025-12-05T03:09:34.048814,1.671,2.468,1.270,0.715
2025-12-05T03:09:34.082961,1.671,2.468,1.270,0.715
2025-12-05T03:09:34.114965,1.671,2.468,1.270,0.715
2025-12-05T03:09:34.147390,1.671,2.468,1.270,0.715
2025-12-05T03:09:34.182821,1.671,2.468,1.270,0.715
2025-12-05T03:09:34.217385,1.671,2.468,1.270,0.715
2025-12-05T03:09:34.250075,1.671,2.468,1.270,0.715
2025-12-05T03:09:34.279507,1.671,2.468,1.270,0.715
2025-12-05T03:09:34.313457,1.671,2.468,1.270,0.715
2025-12-05T03:09:34.343339,1.671,2.468,1.270,0.715
2025-12-05T03:09:34.377389,1.671,2.468,1.270,0.715
2025-12-05T03:09:34.413524,1.671,2.468,1.270,0.715
2025-12-05T03:09:34.447585,1.671,2.468,1.270,0.715
2025-12-05T03:09:34.476964,1.671,2.468,1.270,0.715
2025-12-05T03:09:34.516025,1.671,2.468,1.270,0.715
2025-12-05T03:09:34.545511,1.671,2.468,1.270,0.715
2025-12-05T03:09:34.577287,1.671,2.468,1.270,0.715
2025-12-05T03:09:34.610525,1.671,2.468,1.270,0.715
2025-12-05T03:09:34.640521,1.671,2.468,1.270,0.715
2025-12-05T03:09:34.673210,1.671,2.468,1.270,0.715
2025-12-05T03:09:34.706912,1.671,2.468,1.270,0.715
2025-12-05T03:09:34.735166,1.671,2.468,1.270,0.715
2025-12-05T03:09:34.766968,1.671,2.468,1.270,0.715
2025-12-05T03:09:34.799330,1.671,2.468,1.270,0.715
2025-12-05T03:09:34.833544,1.671,2.468,1.270,0.715
2025-12-05T03:09:34.868200,1.671,2.468,1.270,0.715
2025-12-05T03:09:34.900266,1.671,2.468,1.270,0.715
2025-12-05T03:09:34.930378,1.671,2.468,1.270,0.715
2025-12-05T03:09:34.962901,1.671,2.468,1.270,0.715
2025-12-05T03:09:34.997781,1.671,2.468,1.270,0.715
2025-12-05T03:09:35.028828,1.671,2.468,1.270,0.715
2025-12-05T03:09:35.063773,1.671,2.468,1.270,0.715
2025-12-05T03:09:35.094010,1.671,2.468,1.270,0.715
2025-12-05T03:09:35.125399,1.671,2.468,1.270,0.715
2025-12-05T03:09:35.155472,1.671,2.468,1.270,0.715
2025-12-05T03:09:35.187707,1.671,2.468,1.270,0.715
2025-12-05T03:09:35.222995,1.671,2.468,1.270,0.715
2025-12-05T03:09:35.256042,1.671,2.468,1.270,0.715
2025-12-05T03:09:35.290012,1.671,2.468,1.270,0.715
2025-12-05T03:09:35.320337,1.671,2.468,1.270,0.715
2025-12-05T03:09:35.352431,1.671,2.468,1.270,0.715
2025-12-05T03:09:35.389506,1.671,2.468,1.270,0.715
2025-12-05T03:09:35.417206,1.671,2.468,1.270,0.715
2025-12-05T03:09:35.451386,1.671,2.468,1.270,0.715
2025-12-05T03:09:35.484264,1.671,2.468,1.270,0.715
2025-12-05T03:09:35.517919,1.671,2.468,1.270,0.715
2025-12-05T03:09:35.547893,1.671,2.468,1.270,0.715
2025-12-05T03:09:35.580493,1.671,2.468,1.270,0.715
2025-12-05T03:09:35.611965,1.671,2.468,1.270,0.715
2025-12-05T03:09:35.645482,1.671,2.468,1.270,0.715
2025-12-05T03:09:35.677684,1.671,2.468,1.270,0.715
2025-12-05T03:09:35.710116,1.671,2.468,1.270,0.715
2025-12-05T03:09:35.743676,1.671,2.468,1.270,0.715
2025-12-05T03:09:35.777681,1.671,2.468,1.270,0.715
2025-12-05T03:09:35.809850,1.671,2.468,1.270,0.715
2025-12-05T03:09:35.841970,1.671,2.468,1.270,0.715
2025-12-05T03:09:35.873814,1.671,2.468,1.270,0.715
2025-12-05T03:09:35.902595,1.671,2.468,1.270,0.715
2025-12-05T03:09:35.935268,1.671,2.468,1.270,0.715
2025-12-05T03:09:35.970445,1.671,2.468,1.270,0.715
2025-12-05T03:09:36.006708,1.671,2.468,1.270,0.715
2025-12-05T03:09:36.039951,1.671,2.468,1.270,0.715
2025-12-05T03:09:36.072511,1.671,2.468,1.270,0.715
2025-12-05T03:09:36.102793,1.671,2.468,1.270,0.715
2025-12-05T03:09:36.135761,1.671,2.468,1.270,0.715
2025-12-05T03:09:36.167215,1.671,2.468,1.270,0.715
2025-12-05T03:09:36.199547,1.671,2.468,1.270,0.715
2025-12-05T03:09:36.229553,1.671,2.468,1.270,0.715
2025-12-05T03:09:36.263162,1.671,2.468,1.270,0.715
2025-12-05T03:09:36.294882,1.671,2.468,1.270,0.715
2025-12-05T03:09:36.329888,1.671,2.468,1.270,0.715
2025-12-05T03:09:36.365104,1.671,2.468,1.270,0.715
2025-12-05T03:09:36.402409,1.671,2.468,1.270,0.715
2025-12-05T03:09:36.435980,1.671,2.468,1.270,0.715
2025-12-05T03:09:36.467587,1.671,2.468,1.270,0.715
2025-12-05T03:09:36.498998,1.671,2.468,1.270,0.715
2025-12-05T03:09:36.529288,1.671,2.468,1.270,0.715
2025-12-05T03:09:36.555949,1.671,2.468,1.270,0.715
2025-12-05T03:09:36.587837,1.671,2.468,1.270,0.715
2025-12-05T03:09:36.621618,1.671,2.468,1.270,0.715
2025-12-05T03:09:36.655750,1.671,2.468,1.270,0.715
2025-12-05T03:09:36.692964,1.671,2.468,1.270,0.715
2025-12-05T03:09:36.725009,1.671,2.468,1.270,0.715
2025-12-05T03:09:36.754539,1.671,2.468,1.270,0.715
2025-12-05T03:09:36.787618,1.671,2.468,1.270,0.715
2025-12-05T03:09:36.819750,1.671,2.468,1.270,0.715
2025-12-05T03:09:36.850923,1.671,2.468,1.270,0.715
2025-12-05T03:09:36.877469,1.671,2.468,1.270,0.715
2025-12-05T03:09:36.906119,1.671,2.468,1.270,0.715
2025-12-05T03:09:36.936417,1.671,2.468,1.270,0.715
2025-12-05T03:09:36.983708,1.671,2.468,1.270,0.715
2025-12-05T03:09:37.007887,1.671,2.468,1.270,0.715
2025-12-05T03:09:37.041948,1.671,2.468,1.270,0.715
2025-12-05T03:09:37.074169,1.671,2.468,1.270,0.715
2025-12-05T03:09:37.102865,1.671,2.468,1.270,0.715
2025-12-05T03:09:37.132212,1.671,2.468,1.270,0.715
2025-12-05T03:09:37.166806,1.671,2.468,1.270,0.715
2025-12-05T03:09:37.196702,1.671,2.468,1.270,0.715
2025-12-05T03:09:37.231120,1.671,2.468,1.270,0.715
2025-12-05T03:09:37.267528,1.671,2.468,1.270,0.715
2025-12-05T03:09:37.299539,1.671,2.468,1.270,0.715
2025-12-05T03:09:37.331703,1.671,2.468,1.270,0.715
2025-12-05T03:09:37.363714,1.671,2.468,1.270,0.715
2025-12-05T03:09:37.395309,1.671,2.468,1.270,0.715
2025-12-05T03:09:37.427857,1.671,2.468,1.270,0.715
2025-12-05T03:09:37.462678,1.671,2.468,1.270,0.715
2025-12-05T03:09:37.491325,1.671,2.468,1.270,0.715
2025-12-05T03:09:37.524402,1.671,2.468,1.270,0.715
2025-12-05T03:09:37.558623,1.671,2.468,1.270,0.715
2025-12-05T03:09:37.591139,1.671,2.468,1.270,0.715
2025-12-05T03:09:37.623616,1.671,2.468,1.270,0.715
2025-12-05T03:09:37.655899,1.671,2.468,1.270,0.715
2025-12-05T03:09:37.687276,1.671,2.468,1.270,0.715
2025-12-05T03:09:37.720185,1.671,2.468,1.270,0.715
2025-12-05T03:09:37.758407,1.671,2.468,1.270,0.715
2025-12-05T03:09:37.788620,1.671,2.468,1.270,0.715
2025-12-05T03:09:37.821099,1.671,2.468,1.270,0.715
2025-12-05T03:09:37.851541,1.671,2.468,1.270,0.715
2025-12-05T03:09:37.880432,1.671,2.468,1.270,0.715
2025-12-05T03:09:37.911592,1.671,2.468,1.270,0.715
2025-12-05T03:09:37.944337,1.671,2.468,1.270,0.715
2025-12-05T03:09:37.978023,1.671,2.468,1.270,0.715
2025-12-05T03:09:38.009646,1.671,2.468,1.270,0.715
2025-12-05T03:09:38.043721,1.671,2.468,1.270,0.715
2025-12-05T03:09:38.077182,1.671,2.468,1.270,0.715
2025-12-05T03:09:38.109594,1.671,2.468,1.270,0.715
2025-12-05T03:09:38.141827,1.671,2.468,1.270,0.715
2025-12-05T03:09:38.171941,1.671,2.468,1.270,0.715
2025-12-05T03:09:38.202304,1.671,2.468,1.270,0.715
2025-12-05T03:09:38.234676,1.671,2.468,1.270,0.715
2025-12-05T03:09:38.267626,1.671,2.468,1.270,0.715
2025-12-05T03:09:38.303303,1.671,2.468,1.270,0.715
2025-12-05T03:09:38.335378,1.671,2.468,1.270,0.715
2025-12-05T03:09:38.372149,1.671,2.468,1.270,0.715
2025-12-05T03:09:38.403701,1.671,2.468,1.270,0.715
2025-12-05T03:09:38.435148,1.671,2.468,1.270,0.715
2025-12-05T03:09:38.466004,1.671,2.468,1.270,0.715
2025-12-05T03:09:38.493876,1.671,2.468,1.270,0.715
2025-12-05T03:09:38.526497,1.671,2.468,1.270,0.715
2025-12-05T03:09:38.560804,1.671,2.468,1.270,0.715
2025-12-05T03:09:38.593202,1.671,2.468,1.270,0.715
2025-12-05T03:09:38.627346,1.671,2.468,1.270,0.715
2025-12-05T03:09:38.661420,1.671,2.468,1.270,0.715
2025-12-05T03:09:38.694196,1.671,2.468,1.270,0.715
2025-12-05T03:09:38.728594,1.671,2.468,1.270,0.715
2025-12-05T03:09:38.754733,1.671,2.468,1.270,0.715
2025-12-05T03:09:38.784898,1.671,2.468,1.270,0.715
2025-12-05T03:09:38.812122,1.671,2.468,1.270,0.715
2025-12-05T03:09:38.846579,1.671,2.468,1.270,0.715
2025-12-05T03:09:38.881687,1.671,2.468,1.270,0.715
2025-12-05T03:09:38.916359,1.671,2.468,1.270,0.715
2025-12-05T03:09:38.949476,1.671,2.468,1.270,0.715
2025-12-05T03:09:38.979416,1.671,2.468,1.270,0.715
2025-12-05T03:09:39.012378,1.671,2.468,1.270,0.715
2025-12-05T03:09:39.047422,1.671,2.468,1.270,0.715
2025-12-05T03:09:39.078120,1.671,2.468,1.270,0.715
2025-12-05T03:09:39.108532,1.671,2.468,1.270,0.715
2025-12-05T03:09:39.137265,1.671,2.468,1.270,0.715
2025-12-05T03:09:39.173874,1.671,2.468,1.270,0.715
2025-12-05T03:09:39.205242,1.671,2.468,1.270,0.715
2025-12-05T03:09:39.238883,1.671,2.468,1.270,0.715
2025-12-05T03:09:39.273727,1.671,2.468,1.270,0.715
2025-12-05T03:09:39.302331,1.671,2.468,1.270,0.715
2025-12-05T03:09:39.335038,1.671,2.468,1.270,0.715
2025-12-05T03:09:39.367080,1.671,2.468,1.270,0.715
2025-12-05T03:09:39.399403,1.671,2.468,1.270,0.715
2025-12-05T03:09:39.431389,1.671,2.468,1.270,0.715
2025-12-05T03:09:39.460659,1.671,2.468,1.270,0.715
2025-12-05T03:09:39.494658,1.671,2.468,1.270,0.715
2025-12-05T03:09:39.528634,1.671,2.468,1.270,0.715
2025-12-05T03:09:39.564688,1.671,2.468,1.270,0.715
2025-12-05T03:09:39.602094,1.671,2.468,1.270,0.715
2025-12-05T03:09:39.633481,1.671,2.468,1.270,0.715
2025-12-05T03:09:39.664840,1.671,2.468,1.270,0.715
2025-12-05T03:09:39.701797,1.671,2.468,1.270,0.715
2025-12-05T03:09:39.726952,1.671,2.468,1.270,0.715
2025-12-05T03:09:39.765239,1.671,2.468,1.270,0.715
2025-12-05T03:09:39.801669,1.671,2.468,1.270,0.715
2025-12-05T03:09:39.831746,1.671,2.468,1.270,0.715
2025-12-05T03:09:39.863994,1.671,2.468,1.270,0.715
2025-12-05T03:09:39.894347,1.671,2.468,1.270,0.715
2025-12-05T03:09:39.935090,1.671,2.468,1.270,0.715
2025-12-05T03:09:39.957029,1.671,2.468,1.270,0.715
2025-12-05T03:09:39.992879,1.671,2.468,1.270,0.715
2025-12-05T03:09:40.022803,1.671,2.468,1.270,0.715
2025-12-05T03:09:40.120181,1.671,2.468,1.270,0.715
2025-12-05T03:09:40.169588,1.671,2.468,1.270,0.715
2025-12-05T03:09:40.208843,1.671,2.468,1.270,0.715
2025-12-05T03:09:40.221471,1.671,2.468,1.270,0.715
2025-12-05T03:09:40.251314,1.671,2.468,1.270,0.715
2025-12-05T03:09:40.276439,1.671,2.468,1.270,0.715
2025-12-05T03:09:40.303941,1.671,2.468,1.270,0.715
2025-12-05T03:09:40.330862,1.671,2.468,1.270,0.715
2025-12-05T03:09:40.363363,1.671,2.468,1.270,0.715
2025-12-05T03:09:40.394496,1.671,2.468,1.270,0.715
2025-12-05T03:09:40.426280,1.671,2.468,1.270,0.715
2025-12-05T03:09:40.456324,1.671,2.468,1.270,0.715
2025-12-05T03:09:40.490007,1.671,2.468,1.270,0.715
2025-12-05T03:09:40.526213,1.671,2.468,1.270,0.715
2025-12-05T03:09:40.559745,1.671,2.468,1.270,0.715
2025-12-05T03:09:40.593213,1.671,2.468,1.270,0.715
2025-12-05T03:09:40.625563,1.671,2.468,1.270,0.715
2025-12-05T03:09:40.657803,1.671,2.468,1.270,0.715
2025-12-05T03:09:40.686416,1.671,2.468,1.270,0.715
2025-12-05T03:09:40.718437,1.671,2.468,1.270,0.715
2025-12-05T03:09:40.748541,1.671,2.468,1.270,0.715
2025-12-05T03:09:40.776615,1.671,2.468,1.270,0.715
2025-12-05T03:09:40.816185,1.671,2.468,1.270,0.715
2025-12-05T03:09:40.847439,1.671,2.468,1.270,0.715
2025-12-05T03:09:40.882489,1.671,2.468,1.270,0.715
2025-12-05T03:09:40.916036,1.671,2.468,1.270,0.715
2025-12-05T03:09:40.947623,1.671,2.468,1.270,0.715
2025-12-05T03:09:40.978360,1.671,2.468,1.270,0.715
2025-12-05T03:09:41.007987,1.671,2.468,1.270,0.715
2025-12-05T03:09:41.042053,1.671,2.468,1.270,0.715
2025-12-05T03:09:41.076783,1.671,2.468,1.270,0.715
2025-12-05T03:09:41.107980,1.671,2.468,1.270,0.715
2025-12-05T03:09:41.141170,1.671,2.468,1.270,0.715
2025-12-05T03:09:41.171653,1.671,2.468,1.270,0.715
2025-12-05T03:09:41.206707,1.671,2.468,1.270,0.715
2025-12-05T03:09:41.233930,1.671,2.468,1.270,0.715
2025-12-05T03:09:41.268771,1.671,2.468,1.270,0.715
2025-12-05T03:09:41.303970,1.671,2.468,1.270,0.715
2025-12-05T03:09:41.340443,1.671,2.468,1.270,0.715
2025-12-05T03:09:41.376141,1.671,2.468,1.270,0.715
2025-12-05T03:09:41.404500,1.671,2.468,1.270,0.715
2025-12-05T03:09:41.431511,1.671,2.468,1.270,0.715
2025-12-05T03:09:41.468763,1.671,2.468,1.270,0.715
2025-12-05T03:09:41.498689,1.671,2.468,1.270,0.715
2025-12-05T03:09:41.531227,1.671,2.468,1.270,0.715
2025-12-05T03:09:41.563459,1.671,2.468,1.270,0.715
2025-12-05T03:09:41.602284,1.671,2.468,1.270,0.715
2025-12-05T03:09:41.635844,1.671,2.468,1.270,0.715
2025-12-05T03:09:41.669229,1.671,2.468,1.270,0.715
2025-12-05T03:09:41.701451,1.671,2.468,1.270,0.715
2025-12-05T03:09:41.729169,1.671,2.468,1.270,0.715
2025-12-05T03:09:41.759191,1.671,2.468,1.270,0.715
2025-12-05T03:09:41.793558,1.671,2.468,1.270,0.715
2025-12-05T03:09:41.827392,1.671,2.468,1.270,0.715
2025-12-05T03:09:41.861229,1.671,2.468,1.270,0.715
2025-12-05T03:09:41.903257,1.671,2.468,1.270,0.715
2025-12-05T03:09:41.935487,1.671,2.468,1.270,0.715
2025-12-05T03:09:41.969001,1.671,2.468,1.270,0.715
2025-12-05T03:09:42.001173,1.671,2.468,1.270,0.715
2025-12-05T03:09:42.028110,1.671,2.468,1.270,0.715
2025-12-05T03:09:42.062522,1.671,2.468,1.270,0.715
2025-12-05T03:09:42.089963,1.671,2.468,1.270,0.715
2025-12-05T03:09:42.123328,1.671,2.468,1.270,0.715
2025-12-05T03:09:42.155164,1.671,2.468,1.270,0.715
2025-12-05T03:09:42.188146,1.671,2.468,1.270,0.715
2025-12-05T03:09:42.223598,1.671,2.468,1.270,0.715
2025-12-05T03:09:42.253453,1.671,2.468,1.270,0.715
2025-12-05T03:09:42.285484,1.671,2.468,1.270,0.715
2025-12-05T03:09:42.315153,1.671,2.468,1.270,0.715
2025-12-05T03:09:42.346134,1.671,2.468,1.270,0.715
2025-12-05T03:09:42.380704,1.671,2.468,1.270,0.715
2025-12-05T03:09:42.416907,1.671,2.468,1.270,0.715
2025-12-05T03:09:42.449363,1.671,2.468,1.270,0.715
2025-12-05T03:09:42.488748,1.671,2.468,1.270,0.715
2025-12-05T03:09:42.518584,1.671,2.468,1.270,0.715
2025-12-05T03:09:42.550029,1.671,2.468,1.270,0.715
2025-12-05T03:09:42.578424,1.671,2.468,1.270,0.715
2025-12-05T03:09:42.608695,1.671,2.468,1.270,0.715
2025-12-05T03:09:42.636845,1.671,2.468,1.270,0.715
2025-12-05T03:09:42.666333,1.671,2.468,1.270,0.715
2025-12-05T03:09:42.701458,1.671,2.468,1.270,0.715
2025-12-05T03:09:42.732281,1.671,2.468,1.270,0.715
2025-12-05T03:09:42.767248,1.671,2.468,1.270,0.715
2025-12-05T03:09:42.799426,1.671,2.468,1.270,0.715
2025-12-05T03:09:42.831436,1.671,2.468,1.270,0.715
2025-12-05T03:09:42.863300,1.671,2.468,1.270,0.715
2025-12-05T03:09:42.896576,1.671,2.468,1.270,0.715
2025-12-05T03:09:42.936454,1.671,2.468,1.270,0.715
2025-12-05T03:09:42.967842,1.671,2.468,1.270,0.715
2025-12-05T03:09:43.001602,1.671,2.468,1.270,0.715
2025-12-05T03:09:43.027455,1.671,2.468,1.270,0.715
2025-12-05T03:09:43.059115,1.671,2.468,1.270,0.715
2025-12-05T03:09:43.086849,1.671,2.468,1.270,0.715
2025-12-05T03:09:43.124294,1.671,2.468,1.270,0.715
2025-12-05T03:09:43.150623,1.671,2.468,1.270,0.715
2025-12-05T03:09:43.184918,1.671,2.468,1.270,0.715
2025-12-05T03:09:43.217502,1.671,2.468,1.270,0.715
2025-12-05T03:09:43.250393,1.671,2.468,1.270,0.715
2025-12-05T03:09:43.281568,1.671,2.468,1.270,0.715
2025-12-05T03:09:43.311409,1.671,2.468,1.270,0.715
2025-12-05T03:09:43.343404,1.671,2.468,1.270,0.715
2025-12-05T03:09:43.376365,1.671,2.468,1.270,0.715
2025-12-05T03:09:43.410842,1.671,2.468,1.270,0.715
2025-12-05T03:09:43.444043,1.671,2.468,1.270,0.715
2025-12-05T03:09:43.477176,1.671,2.468,1.270,0.715
2025-12-05T03:09:43.511920,1.671,2.468,1.270,0.715
2025-12-05T03:09:43.542830,1.671,2.468,1.270,0.715
2025-12-05T03:09:43.571042,1.671,2.468,1.270,0.715
2025-12-05T03:09:43.600607,1.671,2.468,1.270,0.715
2025-12-05T03:09:43.632787,1.671,2.468,1.270,0.715
2025-12-05T03:09:43.667613,1.671,2.468,1.270,0.715
2025-12-05T03:09:43.699299,1.671,2.468,1.270,0.715
2025-12-05T03:09:43.731468,1.671,2.468,1.270,0.715
2025-12-05T03:09:43.770457,1.671,2.468,1.270,0.715
2025-12-05T03:09:43.802747,1.671,2.468,1.270,0.715
2025-12-05T03:09:43.831538,1.671,2.468,1.270,0.715
2025-12-05T03:09:43.863301,1.671,2.468,1.270,0.715
2025-12-05T03:09:43.894910,1.671,2.468,1.270,0.715
2025-12-05T03:09:43.922049,1.671,2.468,1.270,0.715
2025-12-05T03:09:43.961238,1.671,2.468,1.270,0.715
2025-12-05T03:09:43.994171,1.671,2.468,1.270,0.715
2025-12-05T03:09:44.026854,1.671,2.468,1.270,0.715
2025-12-05T03:09:44.060248,1.671,2.468,1.270,0.715
2025-12-05T03:09:44.085809,1.671,2.468,1.270,0.715
2025-12-05T03:09:44.118398,1.671,2.468,1.270,0.715
2025-12-05T03:09:44.149931,1.671,2.468,1.270,0.715
2025-12-05T03:09:44.182315,1.671,2.468,1.270,0.715
2025-12-05T03:09:44.213544,1.671,2.468,1.270,0.715
2025-12-05T03:09:44.246026,1.671,2.468,1.270,0.715
2025-12-05T03:09:44.276876,1.671,2.468,1.270,0.715
2025-12-05T03:09:44.312650,1.671,2.468,1.270,0.715
2025-12-05T03:09:44.345381,1.671,2.468,1.270,0.715
2025-12-05T03:09:44.378815,1.671,2.468,1.270,0.715
2025-12-05T03:09:44.414508,1.671,2.468,1.270,0.715
2025-12-05T03:09:44.446146,1.671,2.468,1.270,0.715
2025-12-05T03:09:44.475497,1.671,2.468,1.270,0.715
2025-12-05T03:09:44.506930,1.671,2.468,1.270,0.715
2025-12-05T03:09:44.530972,1.671,2.468,1.270,0.715
2025-12-05T03:09:44.569457,1.671,2.468,1.270,0.715
2025-12-05T03:09:44.601255,1.671,2.468,1.270,0.715
2025-12-05T03:09:44.635760,1.671,2.468,1.270,0.715
2025-12-05T03:09:44.666044,1.671,2.468,1.270,0.715
2025-12-05T03:09:44.698975,1.671,2.468,1.270,0.715
2025-12-05T03:09:44.730936,1.671,2.468,1.270,0.715
2025-12-05T03:09:44.762815,1.671,2.468,1.270,0.715
2025-12-05T03:09:44.793676,1.671,2.468,1.270,0.715
2025-12-05T03:09:44.825439,1.671,2.468,1.270,0.715
2025-12-05T03:09:44.859209,1.671,2.468,1.270,0.715
2025-12-05T03:09:44.889794,1.671,2.468,1.270,0.715
2025-12-05T03:09:44.925850,1.671,2.468,1.270,0.715
2025-12-05T03:09:44.960641,1.671,2.468,1.270,0.715
2025-12-05T03:09:44.993745,1.671,2.468,1.270,0.715
2025-12-05T03:09:45.026162,1.671,2.468,1.270,0.715
2025-12-05T03:09:45.058141,1.671,2.468,1.270,0.715
2025-12-05T03:09:45.085923,1.671,2.468,1.270,0.715
2025-12-05T03:09:45.116988,1.671,2.468,1.270,0.715
2025-12-05T03:09:45.150510,1.671,2.468,1.270,0.715
2025-12-05T03:09:45.186839,1.671,2.468,1.270,0.715
2025-12-05T03:09:45.219391,1.671,2.468,1.270,0.715
2025-12-05T03:09:45.252550,1.671,2.468,1.270,0.715
2025-12-05T03:09:45.285971,1.671,2.468,1.270,0.715
2025-12-05T03:09:45.318776,1.671,2.468,1.270,0.715
2025-12-05T03:09:45.349886,1.671,2.468,1.270,0.715
