timestamp,x,y,z,orientation_z
2025-12-05T03:10:26.914989,0.000,5.000,1.270,0.000
2025-12-05T03:10:26.937693,0.000,5.000,1.270,0.000
2025-12-05T03:10:26.964537,0.000,5.000,1.270,0.000
2025-12-05T03:10:26.988593,0.000,5.000,1.270,0.000
2025-12-05T03:10:27.017298,0.000,5.000,1.270,0.000
2025-12-05T03:10:27.042990,0.000,5.000,1.270,0.000
2025-12-05T03:10:27.073431,0.000,5.000,1.270,0.000
2025-12-05T03:10:27.103813,0.000,5.000,1.270,0.000
2025-12-05T03:10:27.132498,0.000,5.000,1.270,0.000
2025-12-05T03:10:27.164128,0.000,5.000,1.270,0.000
2025-12-05T03:10:27.194713,0.000,5.000,1.270,0.000
2025-12-05T03:10:27.230180,0.000,5.000,1.270,0.000
2025-12-05T03:10:27.265071,0.000,5.000,1.270,0.000
2025-12-05T03:10:27.618115,0.000,5.000,1.270,0.000
2025-12-05T03:10:27.651500,0.000,5.000,1.270,0.000
2025-12-05T03:10:27.682527,0.000,5.000,1.270,0.000
2025-12-05T03:10:27.722406,0.000,5.000,1.270,0.000
2025-12-05T03:10:27.748092,0.000,5.000,1.270,0.000
2025-12-05T03:10:27.784994,0.000,5.000,1.270,0.000
2025-12-05T03:10:27.811968,0.000,5.000,1.270,0.000
2025-12-05T03:10:27.843442,0.000,5.000,1.270,0.000
2025-12-05T03:10:27.876030,0.000,5.000,1.270,0.000
2025-12-05T03:10:27.903717,0.000,5.000,1.270,0.000
2025-12-05T03:10:27.936184,0.000,5.000,1.270,0.000
2025-12-05T03:10:27.975278,0.000,5.000,1.270,0.000
2025-12-05T03:10:28.008909,0.000,5.000,1.270,0.000
2025-12-05T03:10:28.043242,0.000,5.000,1.270,0.000
2025-12-05T03:10:28.072491,0.000,5.000,1.270,0.000
2025-12-05T03:10:28.105430,0.000,5.000,1.270,0.000
2025-12-05T03:10:28.136969,0.000,5.000,1.270,0.000
2025-12-05T03:10:28.168608,0.000,5.000,1.270,0.000
2025-12-05T03:10:28.206712,0.000,5.000,1.270,0.000
2025-12-05T03:10:28.242884,0.000,5.000,1.270,0.000
2025-12-05T03:10:28.269777,0.000,5.000,1.270,0.000
2025-12-05T03:10:28.304851,0.000,5.000,1.270,0.000
2025-12-05T03:10:28.329524,0.000,5.000,1.270,0.000
2025-12-05T03:10:28.358164,0.000,5.000,1.270,0.000
2025-12-05T03:10:28.393131,0.000,5.000,1.270,0.000
2025-12-05T03:10:28.425967,0.000,5.000,1.270,0.000
2025-12-05T03:10:28.461670,0.000,5.000,1.270,0.000
2025-12-05T03:10:28.490288,0.000,5.000,1.270,0.000
2025-12-05T03:10:28.522198,0.000,5.000,1.270,0.000
2025-12-05T03:10:28.554991,0.000,5.000,1.270,0.000
2025-12-05T03:10:28.585826,0.000,5.000,1.270,0.000
2025-12-05T03:10:28.617979,0.000,5.000,1.270,0.000
2025-12-05T03:10:28.649237,0.000,5.000,1.270,0.000
2025-12-05T03:10:28.681192,0.000,5.000,1.270,0.000
2025-12-05T03:10:28.714239,0.000,5.000,1.270,0.000
2025-12-05T03:10:28.744500,0.000,5.000,1.270,0.000
2025-12-05T03:10:28.780479,0.000,5.000,1.270,0.000
2025-12-05T03:10:28.812124,0.000,5.000,1.270,0.000
2025-12-05T03:10:28.846904,0.000,5.000,1.270,0.000
2025-12-05T03:10:28.878460,0.000,5.000,1.270,0.000
2025-12-05T03:10:28.911022,0.000,5.000,1.270,0.000
2025-12-05T03:10:28.945828,0.000,5.000,1.270,0.000
2025-12-05T03:10:28.977065,0.000,5.000,1.270,0.000
2025-12-05T03:10:29.010808,0.000,5.000,1.270,0.000
2025-12-05T03:10:29.044628,0.000,5.000,1.270,0.000
2025-12-05T03:10:29.075909,0.000,5.000,1.270,0.000
2025-12-05T03:10:29.107752,0.000,5.000,1.270,0.000
2025-12-05T03:10:29.141691,0.000,5.000,1.270,0.000
2025-12-05T03:10:29.176536,0.000,5.000,1.270,0.000
2025-12-05T03:10:29.212647,0.000,5.000,1.270,0.000
2025-12-05T03:10:29.244854,0.000,5.000,1.270,0.000
2025-12-05T03:10:29.276835,0.000,5.000,1.270,0.000
2025-12-05T03:10:29.306566,0.000,5.000,1.270,0.000
2025-12-05T03:10:29.335814,0.000,5.000,1.270,0.000
2025-12-05T03:10:29.365756,0.000,5.000,1.270,0.000
2025-12-05T03:10:29.398014,0.000,5.000,1.270,0.000
2025-12-05T03:10:29.428909,0.000,5.000,1.270,0.000
2025-12-05T03:10:29.461581,0.000,5.000,1.270,0.000
2025-12-05T03:10:29.497428,0.000,5.000,1.270,0.000
2025-12-05T03:10:29.531664,0.000,5.000,1.270,0.000
2025-12-05T03:10:29.563001,0.000,5.000,1.270,0.000
2025-12-05T03:10:29.594092,0.000,5.000,1.270,0.000
2025-12-05T03:10:29.627627,0.000,5.000,1.270,0.000
2025-12-05T03:10:29.657183,0.000,5.000,1.270,0.000
2025-12-05T03:10:29.689696,0.000,5.000,1.270,0.000
2025-12-05T03:10:29.722664,0.000,5.000,1.270,0.000
2025-12-05T03:10:29.761996,0.000,5.000,1.270,0.000
2025-12-05T03:10:29.792890,0.000,5.000,1.270,0.000
2025-12-05T03:10:29.824891,0.000,5.000,1.270,0.000
2025-12-05T03:10:29.855964,0.000,5.000,1.270,0.000
2025-12-05T03:10:29.884867,0.000,5.000,1.270,0.000
2025-12-05T03:10:29.917193,0.000,5.000,1.270,0.000
2025-12-05T03:10:29.950902,0.000,5.000,1.270,0.000
2025-12-05T03:10:29.981174,0.000,5.000,1.270,0.000
2025-12-05T03:10:30.014527,0.000,5.000,1.270,0.000
2025-12-05T03:10:30.046295,0.000,5.000,1.270,0.000
2025-12-05T03:10:30.079611,0.000,5.000,1.270,0.000
2025-12-05T03:10:30.114543,0.000,5.000,1.270,0.000
2025-12-05T03:10:30.150195,0.000,5.000,1.270,0.000
2025-12-05T03:10:30.181405,0.000,5.000,1.270,0.000
2025-12-05T03:10:30.216765,0.000,5.000,1.270,0.000
2025-12-05T03:10:30.252293,0.000,5.000,1.270,0.000
2025-12-05T03:10:30.286087,0.000,5.000,1.270,0.000
2025-12-05T03:10:30.319042,0.000,5.000,1.270,0.000
2025-12-05T03:10:30.348186,0.000,5.000,1.270,0.000
2025-12-05T03:10:30.379939,0.000,5.000,1.270,0.000
2025-12-05T03:10:30.412108,0.000,5.000,1.270,0.000
2025-12-05T03:10:30.441409,0.000,5.000,1.270,0.000
2025-12-05T03:10:30.473829,0.000,5.000,1.270,0.000
2025-12-05T03:10:30.509882,0.000,5.000,1.270,0.000
2025-12-05T03:10:30.540750,0.000,5.000,1.270,0.000
2025-12-05T03:10:30.574076,0.000,5.000,1.270,0.000
2025-12-05T03:10:30.604391,0.000,5.000,1.270,0.000
2025-12-05T03:10:30.662222,0.000,5.000,1.270,0.000
2025-12-05T03:10:30.690714,0.000,5.000,1.270,0.000
2025-12-05T03:10:30.717808,0.000,5.000,1.270,0.000
2025-12-05T03:10:30.759712,0.000,5.000,1.270,0.000
2025-12-05T03:10:30.786258,0.000,5.000,1.270,0.000
2025-12-05T03:10:30.814045,0.000,5.000,1.270,0.000
2025-12-05T03:10:30.842158,0.000,5.000,1.270,0.000
2025-12-05T03:10:30.872597,0.000,5.000,1.270,0.000
2025-12-05T03:10:30.902781,0.000,5.000,1.270,0.000
2025-12-05T03:10:30.934999,0.000,5.000,1.270,0.000
2025-12-05T03:10:30.967010,0.000,5.000,1.270,0.000
2025-12-05T03:10:30.999999,0.000,5.000,1.270,0.000
2025-12-05T03:10:31.031113,0.000,5.000,1.270,0.000
2025-12-05T03:10:31.066198,0.000,5.000,1.270,0.000
2025-12-05T03:10:31.101069,0.000,5.000,1.270,0.000
2025-12-05T03:10:31.134796,0.000,5.000,1.270,0.000
2025-12-05T03:10:31.169425,0.000,5.000,1.270,0.000
2025-12-05T03:10:31.202200,0.000,5.000,1.270,0.000
2025-12-05T03:10:31.229448,0.000,5.000,1.270,0.000
2025-12-05T03:10:31.261468,0.000,5.000,1.270,0.000
2025-12-05T03:10:31.294563,0.000,5.000,1.270,0.000
2025-12-05T03:10:31.328276,0.000,5.000,1.270,0.000
2025-12-05T03:10:31.360742,0.000,5.000,1.270,0.000
2025-12-05T03:10:31.393021,0.000,5.000,1.270,0.000
2025-12-05T03:10:31.424591,0.000,5.000,1.270,0.000
2025-12-05T03:10:31.459641,0.000,5.000,1.270,0.000
2025-12-05T03:10:31.488445,0.000,5.000,1.270,0.000
2025-12-05T03:10:31.520365,0.000,5.000,1.270,0.000
2025-12-05T03:10:31.552578,0.000,5.000,1.270,0.000
2025-12-05T03:10:31.588238,0.000,5.000,1.270,0.000
2025-12-05T03:10:31.621995,0.000,5.000,1.270,0.000
2025-12-05T03:10:31.656973,0.000,5.000,1.270,0.000
2025-12-05T03:10:31.704117,0.000,5.000,1.270,0.000
2025-12-05T03:10:31.734750,0.000,5.000,1.270,0.000
2025-12-05T03:10:31.766260,0.000,5.000,1.270,0.000
2025-12-05T03:10:31.798471,0.000,5.000,1.270,0.000
2025-12-05T03:10:31.828762,0.000,5.000,1.270,0.000
2025-12-05T03:10:31.858708,0.000,5.000,1.270,0.000
2025-12-05T03:10:31.890876,0.000,5.000,1.270,0.000
2025-12-05T03:10:31.924268,0.000,5.000,1.270,0.000
2025-12-05T03:10:31.957005,0.000,5.000,1.270,0.000
2025-12-05T03:10:31.992487,0.000,5.000,1.270,0.000
2025-12-05T03:10:32.026560,0.000,5.000,1.270,0.000
2025-12-05T03:10:32.062859,0.000,5.000,1.270,0.000
2025-12-05T03:10:32.093816,0.000,5.000,1.270,0.000
2025-12-05T03:10:32.123619,0.000,5.000,1.270,0.000
2025-12-05T03:10:32.153159,0.000,5.000,1.270,0.000
2025-12-05T03:10:32.184028,0.000,5.000,1.270,0.000
2025-12-05T03:10:32.220905,0.000,5.000,1.270,0.000
2025-12-05T03:10:32.252988,0.000,5.000,1.270,0.000
2025-12-05T03:10:32.285298,0.000,5.000,1.270,0.000
2025-12-05T03:10:32.318111,0.000,5.000,1.270,0.000
2025-12-05T03:10:32.347718,0.000,5.000,1.270,0.000
2025-12-05T03:10:32.379053,0.000,5.000,1.270,0.000
2025-12-05T03:10:32.415059,0.000,5.000,1.270,0.000
2025-12-05T03:10:32.444582,0.000,5.000,1.270,0.000
2025-12-05T03:10:32.476853,0.000,5.000,1.270,0.000
2025-12-05T03:10:32.512876,0.000,5.000,1.270,0.000
2025-12-05T03:10:32.545192,0.000,5.000,1.270,0.000
2025-12-05T03:10:32.577174,0.000,5.000,1.270,0.000
2025-12-05T03:10:32.610277,0.000,5.000,1.270,0.000
2025-12-05T03:10:32.640266,0.000,5.000,1.270,0.000
2025-12-05T03:10:32.673452,0.000,5.000,1.270,0.000
2025-12-05T03:10:32.707075,0.000,5.000,1.270,0.000
2025-12-05T03:10:32.736597,0.000,5.000,1.270,0.000
2025-12-05T03:10:32.788729,0.000,5.000,1.270,0.000
2025-12-05T03:10:32.801687,0.000,5.000,1.270,0.000
2025-12-05T03:10:32.834387,0.000,5.000,1.270,0.000
2025-12-05T03:10:32.866802,0.000,5.000,1.270,0.000
2025-12-05T03:10:32.898887,0.000,5.000,1.270,0.000
2025-12-05T03:10:32.929833,0.000,5.000,1.270,0.000
2025-12-05T03:10:32.964111,0.000,5.000,1.270,0.000
2025-12-05T03:10:32.995566,0.000,5.000,1.270,0.000
2025-12-05T03:10:33.027769,0.000,5.000,1.270,0.000
2025-12-05T03:10:33.062354,0.000,5.000,1.270,0.000
2025-12-05T03:10:33.094627,0.000,5.000,1.270,0.000
2025-12-05T03:10:33.127177,0.000,5.000,1.270,0.000
2025-12-05T03:10:33.159386,0.000,5.000,1.270,0.000
2025-12-05T03:10:33.189569,0.000,5.000,1.270,0.000
2025-12-05T03:10:33.223003,0.000,5.000,1.270,0.000
2025-12-05T03:10:33.257380,0.000,5.000,1.270,0.000
2025-12-05T03:10:33.288299,0.000,5.000,1.270,0.000
2025-12-05T03:10:33.323812,0.000,5.000,1.270,0.000
2025-12-05T03:10:33.357454,0.000,5.000,1.270,0.000
2025-12-05T03:10:33.389863,0.000,5.000,1.270,0.000
2025-12-05T03:10:33.420086,0.000,5.000,1.270,0.000
2025-12-05T03:10:33.453881,0.000,5.000,1.270,0.000
2025-12-05T03:10:33.485702,0.000,5.000,1.270,0.000
2025-12-05T03:10:33.517033,0.000,5.000,1.270,0.000
2025-12-05T03:10:33.548821,0.000,5.000,1.270,0.000
2025-12-05T03:10:33.582711,0.000,5.000,1.270,0.000
2025-12-05T03:10:33.617789,0.000,5.000,1.270,0.000
2025-12-05T03:10:33.654800,0.000,5.000,1.270,0.000
2025-12-05T03:10:33.686878,0.000,5.000,1.270,0.000
2025-12-05T03:10:33.720378,0.000,5.000,1.270,0.000
2025-12-05T03:10:33.749965,0.000,5.000,1.270,0.000
2025-12-05T03:10:33.779035,0.000,5.000,1.270,0.000
2025-12-05T03:10:33.809060,0.000,5.000,1.270,0.000
2025-12-05T03:10:33.839595,0.000,5.000,1.270,0.000
2025-12-05T03:10:33.871800,0.000,5.000,1.270,0.000
2025-12-05T03:10:33.907486,0.000,5.000,1.270,0.000
2025-12-05T03:10:33.939386,0.000,5.000,1.270,0.000
2025-12-05T03:10:33.971147,0.000,5.000,1.270,0.000
2025-12-05T03:10:34.004769,0.000,5.000,1.270,0.000
2025-12-05T03:10:34.032035,0.000,5.000,1.270,0.000
2025-12-05T03:10:34.065288,0.000,5.000,1.270,0.000
2025-12-05T03:10:34.097167,0.000,5.000,1.270,0.000
2025-12-05T03:10:34.129708,0.000,5.000,1.270,0.000
2025-12-05T03:10:34.165049,0.000,5.000,1.270,0.000
2025-12-05T03:10:34.197565,0.000,5.000,1.270,0.000
2025-12-05T03:10:34.229987,0.000,5.000,1.270,0.000
2025-12-05T03:10:34.262174,0.000,5.000,1.270,0.000
2025-12-05T03:10:34.292931,0.000,5.000,1.270,0.000
2025-12-05T03:10:34.322996,0.000,5.000,1.270,0.000
2025-12-05T03:10:34.356391,0.000,5.000,1.270,0.000
2025-12-05T03:10:34.388984,0.000,5.000,1.270,0.000
2025-12-05T03:10:34.424755,0.000,5.000,1.270,0.000
2025-12-05T03:10:34.457949,0.000,5.000,1.270,0.000
2025-12-05T03:10:34.490452,0.000,5.000,1.270,0.000
2025-12-05T03:10:34.521012,0.000,5.000,1.270,0.000
2025-12-05T03:10:34.553454,0.000,5.000,1.270,0.000
2025-12-05T03:10:34.586033,0.000,5.000,1.270,0.000
2025-12-05T03:10:34.617621,0.000,5.000,1.270,0.000
2025-12-05T03:10:34.652299,0.000,5.000,1.270,0.000
2025-12-05T03:10:34.685232,0.000,5.000,1.270,0.000
2025-12-05T03:10:34.717005,0.000,5.000,1.270,0.000
2025-12-05T03:10:34.748093,0.000,5.000,1.270,0.000
2025-12-05T03:10:34.776222,0.000,5.000,1.270,0.000
2025-12-05T03:10:34.807237,0.000,5.000,1.270,0.000
2025-12-05T03:10:34.839012,0.000,5.000,1.270,0.000
2025-12-05T03:10:34.870828,0.000,5.000,1.270,0.000
2025-12-05T03:10:34.902873,0.000,5.000,1.270,0.000
2025-12-05T03:10:34.938779,0.000,5.000,1.270,0.000
2025-12-05T03:10:34.972735,0.000,5.000,1.270,0.000
2025-12-05T03:10:35.006953,0.000,5.000,1.270,0.000
2025-12-05T03:10:35.039658,0.000,5.000,1.270,0.000
2025-12-05T03:10:35.071993,0.000,5.000,1.270,0.000
2025-12-05T03:10:35.105178,0.000,5.000,1.270,0.000
2025-12-05T03:10:35.134929,0.000,5.000,1.270,0.000
2025-12-05T03:10:35.169500,0.000,5.000,1.270,0.000
2025-12-05T03:10:35.202637,0.000,5.000,1.270,0.000
2025-12-05T03:10:35.233603,0.000,5.000,1.270,0.000
2025-12-05T03:10:35.269052,0.000,5.000,1.270,0.000
2025-12-05T03:10:35.301168,0.000,5.000,1.270,0.000
2025-12-05T03:10:35.332863,0.000,5.000,1.270,0.000
2025-12-05T03:10:35.364760,0.000,5.000,1.270,0.000
2025-12-05T03:10:35.394868,0.000,5.000,1.270,0.000
2025-12-05T03:10:35.426510,0.000,5.000,1.270,0.000
2025-12-05T03:10:35.461640,0.000,5.000,1.270,0.000
2025-12-05T03:10:35.494224,0.000,5.000,1.270,0.000
2025-12-05T03:10:35.528550,0.000,5.000,1.270,0.000
2025-12-05T03:10:35.557996,0.000,5.000,1.270,0.000
2025-12-05T03:10:35.588916,0.000,5.000,1.270,0.000
2025-12-05T03:10:35.620132,0.000,5.000,1.270,0.000
2025-12-05T03:10:35.652881,0.000,5.000,1.270,0.000
2025-12-05T03:10:35.688338,0.000,5.000,1.270,0.000
2025-12-05T03:10:35.725128,0.000,5.000,1.270,0.000
2025-12-05T03:10:35.758779,0.000,5.000,1.270,0.000
2025-12-05T03:10:35.790978,0.000,5.000,1.270,0.000
2025-12-05T03:10:35.823132,0.000,5.000,1.270,0.000
2025-12-05T03:10:35.852513,0.000,5.000,1.270,0.000
2025-12-05T03:10:35.884177,0.000,5.000,1.270,0.000
2025-12-05T03:10:35.917913,0.000,5.000,1.270,0.000
2025-12-05T03:10:35.951239,0.000,5.000,1.270,0.000
2025-12-05T03:10:35.980282,0.000,5.000,1.270,0.000
2025-12-05T03:10:36.009454,0.000,5.000,1.270,0.000
2025-12-05T03:10:36.045332,0.000,5.000,1.270,0.000
2025-12-05T03:10:36.077604,0.000,5.000,1.270,0.000
2025-12-05T03:10:36.113393,0.000,5.000,1.270,0.000
2025-12-05T03:10:36.147115,0.000,5.000,1.270,0.000
2025-12-05T03:10:36.183024,0.000,5.000,1.270,0.000
2025-12-05T03:10:36.215700,0.000,5.000,1.270,0.000
2025-12-05T03:10:36.245034,0.000,5.000,1.270,0.000
2025-12-05T03:10:36.277933,0.000,5.000,1.270,0.000
2025-12-05T03:10:36.310178,0.000,5.000,1.270,0.000
2025-12-05T03:10:36.341468,0.000,5.000,1.270,0.000
2025-12-05T03:10:36.377516,0.000,5.000,1.270,0.000
2025-12-05T03:10:36.411518,0.000,5.000,1.270,0.000
2025-12-05T03:10:36.444681,0.000,5.000,1.270,0.000
2025-12-05T03:10:36.479578,0.000,5.000,1.270,0.000
2025-12-05T03:10:36.505176,0.000,5.000,1.270,0.000
2025-12-05T03:10:36.536950,0.000,5.000,1.270,0.000
2025-12-05T03:10:36.567575,0.000,5.000,1.270,0.000
2025-12-05T03:10:36.602305,0.000,5.000,1.270,0.000
2025-12-05T03:10:36.638503,0.000,5.000,1.270,0.000
2025-12-05T03:10:36.669185,0.000,5.000,1.270,0.000
2025-12-05T03:10:36.703420,0.000,5.000,1.270,0.000
2025-12-05T03:10:36.734847,0.000,5.000,1.270,0.000
2025-12-05T03:10:36.763330,0.000,5.000,1.270,0.000
2025-12-05T03:10:36.794492,0.000,5.000,1.270,0.000
2025-12-05T03:10:36.824753,0.000,5.000,1.270,0.000
2025-12-05T03:10:36.864572,0.000,5.000,1.270,0.000
2025-12-05T03:10:36.893911,0.000,5.000,1.270,0.000
2025-12-05T03:10:36.927206,0.000,5.000,1.270,0.000
2025-12-05T03:10:36.959633,0.000,5.000,1.270,0.000
2025-12-05T03:10:36.990650,0.000,5.000,1.270,0.000
2025-12-05T03:10:37.020619,0.000,5.000,1.270,0.000
2025-12-05T03:10:37.055514,0.000,5.000,1.270,0.000
2025-12-05T03:10:37.089192,0.000,5.000,1.270,0.000
2025-12-05T03:10:37.121516,0.000,5.000,1.270,0.000
2025-12-05T03:10:37.155551,0.000,5.000,1.270,0.000
2025-12-05T03:10:37.188733,0.000,5.000,1.270,0.000
2025-12-05T03:10:37.220333,0.000,5.000,1.270,0.000
2025-12-05T03:10:37.252268,0.000,5.000,1.270,0.000
2025-12-05T03:10:37.281264,0.000,5.000,1.270,0.000
2025-12-05T03:10:37.316457,0.000,5.000,1.270,0.000
2025-12-05T03:10:37.352877,0.000,5.000,1.270,0.000
2025-12-05T03:10:37.386716,0.000,5.000,1.270,0.000
2025-12-05T03:10:37.417100,0.000,5.000,1.270,0.000
2025-12-05T03:10:37.447511,0.000,5.000,1.270,0.000
2025-12-05T03:10:37.477519,0.000,5.000,1.270,0.000
2025-12-05T03:10:37.512230,0.000,5.000,1.270,0.000
2025-12-05T03:10:37.543595,0.000,5.000,1.270,0.000
2025-12-05T03:10:37.578466,0.000,5.000,1.270,0.000
2025-12-05T03:10:37.609856,0.000,5.000,1.270,0.000
2025-12-05T03:10:37.643269,0.000,5.000,1.270,0.000
2025-12-05T03:10:37.676374,0.000,5.000,1.270,0.000
2025-12-05T03:10:37.708531,0.000,5.000,1.270,0.000
2025-12-05T03:10:37.739089,0.000,5.000,1.270,0.000
2025-12-05T03:10:37.776547,0.000,5.000,1.270,0.000
2025-12-05T03:10:37.804869,0.000,5.000,1.270,0.000
2025-12-05T03:10:37.836553,0.000,5.000,1.270,0.000
2025-12-05T03:10:37.868370,0.000,5.000,1.270,0.000
2025-12-05T03:10:37.903472,0.000,5.000,1.270,0.000
2025-12-05T03:10:37.937643,0.000,5.000,1.270,0.000
2025-12-05T03:10:37.969280,0.000,5.000,1.270,0.000
2025-12-05T03:10:38.001690,0.000,5.000,1.270,0.000
2025-12-05T03:10:38.031739,0.000,5.000,1.270,0.000
2025-12-05T03:10:38.065568,0.000,5.000,1.270,0.000
2025-12-05T03:10:38.099031,0.000,5.000,1.270,0.000
2025-12-05T03:10:38.131383,0.000,5.000,1.270,0.000
2025-12-05T03:10:38.163370,0.000,5.000,1.270,0.000
2025-12-05T03:10:38.195328,0.000,5.000,1.270,0.000
2025-12-05T03:10:38.225971,0.000,5.000,1.270,0.000
2025-12-05T03:10:38.254104,0.000,5.000,1.270,0.000
2025-12-05T03:10:38.285434,0.000,5.000,1.270,0.000
2025-12-05T03:10:38.321042,0.000,5.000,1.270,0.000
2025-12-05T03:10:38.355815,0.000,5.000,1.270,0.000
2025-12-05T03:10:38.387108,0.000,5.000,1.270,0.000
2025-12-05T03:10:38.420977,0.000,5.000,1.270,0.000
2025-12-05T03:10:38.453984,0.000,5.000,1.270,0.000
2025-12-05T03:10:38.492729,0.000,5.000,1.270,0.000
2025-12-05T03:10:38.516460,0.000,5.000,1.270,0.000
2025-12-05T03:10:38.548848,0.000,5.000,1.270,0.000
2025-12-05T03:10:38.579688,0.000,5.000,1.270,0.000
2025-12-05T03:10:38.615938,0.000,5.000,1.270,0.000
2025-12-05T03:10:38.652114,0.000,5.000,1.270,0.000
2025-12-05T03:10:38.684265,0.000,5.000,1.270,0.000
2025-12-05T03:10:38.715036,0.000,5.000,1.270,0.000
2025-12-05T03:10:38.739773,0.000,5.000,1.270,0.000
2025-12-05T03:10:38.767649,0.000,5.000,1.270,0.000
2025-12-05T03:10:38.801375,0.000,5.000,1.270,0.000
2025-12-05T03:10:38.831925,0.000,5.000,1.270,0.000
2025-12-05T03:10:38.865045,0.000,5.000,1.270,0.000
2025-12-05T03:10:38.894153,0.000,5.000,1.270,0.000
2025-12-05T03:10:38.928429,0.000,5.000,1.270,0.000
2025-12-05T03:10:38.965071,0.000,5.000,1.270,0.000
2025-12-05T03:10:39.002160,0.000,5.000,1.270,0.000
2025-12-05T03:10:39.035853,0.000,5.000,1.270,0.000
2025-12-05T03:10:39.064918,0.000,5.000,1.270,0.000
2025-12-05T03:10:39.095793,0.000,5.000,1.270,0.000
2025-12-05T03:10:39.129225,0.000,5.000,1.270,0.000
2025-12-05T03:10:39.160797,0.000,5.000,1.270,0.000
2025-12-05T03:10:39.192112,0.000,5.000,1.270,0.000
2025-12-05T03:10:39.222966,0.000,5.000,1.270,0.000
2025-12-05T03:10:39.256867,0.000,5.000,1.270,0.000
2025-12-05T03:10:39.287685,0.000,5.000,1.270,0.000
2025-12-05T03:10:39.320843,0.000,5.000,1.270,0.000
2025-12-05T03:10:39.357099,0.000,5.000,1.270,0.000
2025-12-05T03:10:39.389105,0.000,5.000,1.270,0.000
2025-12-05T03:10:39.422868,0.000,5.000,1.270,0.000
2025-12-05T03:10:39.453893,0.000,5.000,1.270,0.000
2025-12-05T03:10:39.483712,0.000,5.000,1.270,0.000
2025-12-05T03:10:39.520885,0.000,5.000,1.270,0.000
2025-12-05T03:10:39.559405,0.000,5.000,1.270,0.000
2025-12-05T03:10:39.587806,0.000,5.000,1.270,0.000
2025-12-05T03:10:39.629287,0.000,5.000,1.270,0.000
2025-12-05T03:10:39.652717,0.000,5.000,1.270,0.000
2025-12-05T03:10:39.681830,0.000,5.000,1.270,0.000
2025-12-05T03:10:39.713680,0.000,5.000,1.270,0.000
2025-12-05T03:10:39.744935,0.000,5.000,1.270,0.000
2025-12-05T03:10:39.779903,0.000,5.000,1.270,0.000
2025-12-05T03:10:39.809596,0.000,5.000,1.270,0.000
2025-12-05T03:10:39.845202,0.000,5.000,1.270,0.000
2025-12-05T03:10:39.875522,0.000,5.000,1.270,0.000
2025-12-05T03:10:39.909035,0.000,5.000,1.270,0.000
2025-12-05T03:10:39.938078,0.000,5.000,1.270,0.000
2025-12-05T03:10:39.968924,0.000,5.000,1.270,0.000
2025-12-05T03:10:40.002466,0.000,5.000,1.270,0.000
2025-12-05T03:10:40.032301,0.000,5.000,1.270,0.000
2025-12-05T03:10:40.069109,0.000,5.000,1.270,0.000
2025-12-05T03:10:40.106597,0.000,5.000,1.270,0.000
2025-12-05T03:10:40.129016,0.000,5.000,1.270,0.000
2025-12-05T03:10:40.160601,0.000,5.000,1.270,0.000
2025-12-05T03:10:40.188466,0.000,5.000,1.270,0.000
2025-12-05T03:10:40.224102,0.000,5.000,1.270,0.000
2025-12-05T03:10:40.255863,0.000,5.000,1.270,0.000
2025-12-05T03:10:40.291716,0.000,5.000,1.270,0.000
2025-12-05T03:10:40.326792,0.000,5.000,1.270,0.000
2025-12-05T03:10:40.361714,0.000,5.000,1.270,0.000
2025-12-05T03:10:40.393084,0.000,5.000,1.270,0.000
2025-12-05T03:10:40.424774,0.000,5.000,1.270,0.000
2025-12-05T03:10:40.458947,0.000,5.000,1.270,0.000
2025-12-05T03:10:40.490101,0.000,5.000,1.270,0.000
2025-12-05T03:10:40.521701,0.000,5.000,1.270,0.000
2025-12-05T03:10:40.553256,0.000,5.000,1.270,0.000
2025-12-05T03:10:40.587505,0.000,5.000,1.270,0.000
2025-12-05T03:10:40.623969,0.000,5.000,1.270,0.000
2025-12-05T03:10:40.655113,0.000,5.000,1.270,0.000
2025-12-05T03:10:40.686487,0.000,5.000,1.270,0.000
2025-12-05T03:10:40.719709,0.000,5.000,1.270,0.000
2025-12-05T03:10:40.749940,0.000,5.000,1.270,0.000
2025-12-05T03:10:40.780610,0.000,5.000,1.270,0.000
2025-12-05T03:10:40.811647,0.000,5.000,1.270,0.000
2025-12-05T03:10:40.842144,0.000,5.000,1.270,0.000
2025-12-05T03:10:40.876991,0.000,5.000,1.270,0.000
2025-12-05T03:10:40.913746,0.000,5.000,1.270,0.000
2025-12-05T03:10:40.946569,0.000,5.000,1.270,0.000
2025-12-05T03:10:40.982743,0.000,5.000,1.270,0.000
2025-12-05T03:10:41.019194,0.000,5.000,1.270,0.000
2025-12-05T03:10:41.051252,0.000,5.000,1.270,0.000
2025-12-05T03:10:41.081295,0.000,5.000,1.270,0.000
2025-12-05T03:10:41.111420,0.000,5.000,1.270,0.000
2025-12-05T03:10:41.138665,0.000,5.000,1.270,0.000
2025-12-05T03:10:41.169616,0.000,5.000,1.270,0.000
2025-12-05T03:10:41.203055,0.000,5.000,1.270,0.000
2025-12-05T03:10:41.234304,0.000,5.000,1.270,0.000
2025-12-05T03:10:41.270536,0.000,5.000,1.270,0.000
2025-12-05T03:10:41.300741,0.000,5.000,1.270,0.000
2025-12-05T03:10:41.332131,0.000,5.000,1.270,0.000
2025-12-05T03:10:41.364893,0.000,5.000,1.270,0.000
2025-12-05T03:10:41.394152,0.000,5.000,1.270,0.000
2025-12-05T03:10:41.427941,0.000,5.000,1.270,0.000
2025-12-05T03:10:41.458592,0.000,5.000,1.270,0.000
2025-12-05T03:10:41.493041,0.000,5.000,1.270,0.000
2025-12-05T03:10:41.529706,0.000,5.000,1.270,0.000
2025-12-05T03:10:41.563162,0.000,5.000,1.270,0.000
2025-12-05T03:10:41.595231,0.000,5.000,1.270,0.000
2025-12-05T03:10:41.628236,0.000,5.000,1.270,0.000
2025-12-05T03:10:41.659552,0.000,5.000,1.270,0.000
2025-12-05T03:10:41.687935,0.000,5.000,1.270,0.000
2025-12-05T03:10:41.718728,0.000,5.000,1.270,0.000
2025-12-05T03:10:41.750786,0.000,5.000,1.270,0.000
2025-12-05T03:10:41.782541,0.000,5.000,1.270,0.000
2025-12-05T03:10:41.816832,0.000,5.000,1.270,0.000
2025-12-05T03:10:41.849937,0.000,5.000,1.270,0.000
2025-12-05T03:10:41.883604,0.000,5.000,1.270,0.000
2025-12-05T03:10:41.914192,0.000,5.000,1.270,0.000
2025-12-05T03:10:41.946862,0.000,5.000,1.270,0.000
2025-12-05T03:10:41.978883,0.000,5.000,1.270,0.000
2025-12-05T03:10:42.011834,0.000,5.000,1.270,0.000
2025-12-05T03:10:42.045109,0.000,5.000,1.270,0.000
2025-12-05T03:10:42.078591,0.000,5.000,1.270,0.000
2025-12-05T03:10:42.109931,0.000,5.000,1.270,0.000
2025-12-05T03:10:42.141224,0.000,5.000,1.270,0.000
2025-12-05T03:10:42.174724,0.000,5.000,1.270,0.000
2025-12-05T03:10:42.207654,0.000,5.000,1.270,0.000
2025-12-05T03:10:42.236559,0.000,5.000,1.270,0.000
2025-12-05T03:10:42.270389,0.000,5.000,1.270,0.000
2025-12-05T03:10:42.303353,0.000,5.000,1.270,0.000
2025-12-05T03:10:42.335368,0.000,5.000,1.270,0.000
2025-12-05T03:10:42.368776,0.000,5.000,1.270,0.000
2025-12-05T03:10:42.399983,0.000,5.000,1.270,0.000
2025-12-05T03:10:42.430753,0.000,5.000,1.270,0.000
2025-12-05T03:10:42.464381,0.000,5.000,1.270,0.000
2025-12-05T03:10:42.496659,0.000,5.000,1.270,0.000
2025-12-05T03:10:42.528806,0.000,5.000,1.270,0.000
2025-12-05T03:10:42.561175,0.000,5.000,1.270,0.000
2025-12-05T03:10:42.594431,0.000,5.000,1.270,0.000
2025-12-05T03:10:42.627790,0.000,5.000,1.270,0.000
2025-12-05T03:10:42.666160,0.000,5.000,1.270,0.029
2025-12-05T03:10:42.701245,0.000,5.000,1.270,0.058
2025-12-05T03:10:42.733778,0.000,5.000,1.270,0.086
2025-12-05T03:10:42.761296,0.000,5.000,1.270,0.115
2025-12-05T03:10:42.791757,0.000,5.000,1.270,0.144
2025-12-05T03:10:42.826498,0.000,5.000,1.270,0.172
2025-12-05T03:10:42.861271,0.000,5.000,1.270,0.200
2025-12-05T03:10:42.891425,0.000,5.000,1.270,0.228
2025-12-05T03:10:42.922570,0.000,5.000,1.270,0.256
2025-12-05T03:10:42.955513,0.000,5.000,1.270,0.284
2025-12-05T03:10:42.987168,0.000,5.000,1.270,0.312
2025-12-05T03:10:43.018684,0.014,5.011,1.270,0.312
2025-12-05T03:10:43.050607,0.029,5.021,1.270,0.312
2025-12-05T03:10:43.084064,0.044,5.032,1.270,0.312
2025-12-05T03:10:43.121014,0.059,5.043,1.270,0.312
2025-12-05T03:10:43.154937,0.073,5.054,1.270,0.312
2025-12-05T03:10:43.191837,0.088,5.065,1.270,0.312
2025-12-05T03:10:43.219706,0.104,5.076,1.270,0.312
2025-12-05T03:10:43.252036,0.119,5.087,1.270,0.312
2025-12-05T03:10:43.284325,0.134,5.099,1.270,0.312
2025-12-05T03:10:43.322353,0.150,5.110,1.270,0.312
2025-12-05T03:10:43.346698,0.165,5.121,1.270,0.312
2025-12-05T03:10:43.379923,0.180,5.133,1.270,0.312
2025-12-05T03:10:43.414708,0.196,5.144,1.270,0.312
2025-12-05T03:10:43.448732,0.212,5.156,1.270,0.312
2025-12-05T03:10:43.479092,0.227,5.167,1.270,0.312
2025-12-05T03:10:43.513212,0.243,5.179,1.270,0.312
2025-12-05T03:10:43.542718,0.259,5.190,1.270,0.312
2025-12-05T03:10:43.577830,0.275,5.202,1.270,0.312
2025-12-05T03:10:43.611731,0.291,5.214,1.270,0.312
2025-12-05T03:10:43.646974,0.307,5.225,1.270,0.312
2025-12-05T03:10:43.674008,0.323,5.237,1.270,0.312
2025-12-05T03:10:43.704183,0.339,5.249,1.270,0.312
2025-12-05T03:10:43.737552,0.355,5.261,1.270,0.312
2025-12-05T03:10:43.763223,0.371,5.272,1.270,0.312
2025-12-05T03:10:43.794581,0.387,5.284,1.270,0.312
2025-12-05T03:10:43.828756,0.403,5.296,1.270,0.312
2025-12-05T03:10:43.864499,0.419,5.308,1.270,0.312
2025-12-05T03:10:43.895797,0.435,5.320,1.270,0.312
2025-12-05T03:10:43.930822,0.451,5.332,1.270,0.312
2025-12-05T03:10:43.964703,0.468,5.344,1.270,0.312
2025-12-05T03:10:43.995027,0.484,5.356,1.270,0.312
2025-12-05T03:10:44.024801,0.500,5.367,1.270,0.312
2025-12-05T03:10:44.059448,0.516,5.379,1.270,0.312
2025-12-05T03:10:44.088681,0.533,5.391,1.270,0.312
2025-12-05T03:10:44.122171,0.549,5.403,1.270,0.312
2025-12-05T03:10:44.156393,0.565,5.415,1.270,0.312
2025-12-05T03:10:44.187593,0.582,5.427,1.270,0.312
2025-12-05T03:10:44.220044,0.598,5.439,1.270,0.312
2025-12-05T03:10:44.250915,0.614,5.451,1.270,0.312
2025-12-05T03:10:44.285835,0.631,5.463,1.270,0.312
2025-12-05T03:10:44.316586,0.647,5.475,1.270,0.312
2025-12-05T03:10:44.350215,0.664,5.488,1.270,0.312
2025-12-05T03:10:44.385456,0.680,5.500,1.270,0.312
2025-12-05T03:10:44.411367,0.696,5.512,1.270,0.312
2025-12-05T03:10:44.446778,0.713,5.524,1.270,0.312
2025-12-05T03:10:44.477617,0.729,5.536,1.270,0.312
2025-12-05T03:10:44.509417,0.746,5.548,1.270,0.312
2025-12-05T03:10:44.542263,0.762,5.560,1.270,0.312
2025-12-05T03:10:44.576609,0.779,5.572,1.270,0.312
2025-12-05T03:10:44.613493,0.795,5.584,1.270,0.312
2025-12-05T03:10:44.641203,0.811,5.596,1.270,0.312
2025-12-05T03:10:44.671700,0.813,5.598,1.270,0.284
2025-12-05T03:10:44.707436,0.815,5.599,1.270,0.256
2025-12-05T03:10:44.738251,0.817,5.600,1.270,0.228
2025-12-05T03:10:44.767199,0.819,5.601,1.270,0.200
2025-12-05T03:10:44.799174,0.820,5.603,1.270,0.172
2025-12-05T03:10:44.831128,0.822,5.604,1.270,0.144
2025-12-05T03:10:44.866551,0.823,5.605,1.270,0.115
2025-12-05T03:10:44.900145,0.842,5.610,1.270,0.115
2025-12-05T03:10:44.931952,0.861,5.615,1.270,0.115
2025-12-05T03:10:44.966349,0.879,5.620,1.270,0.115
2025-12-05T03:10:45.000126,0.898,5.625,1.270,0.115
2025-12-05T03:10:45.031332,0.917,5.630,1.270,0.115
2025-12-05T03:10:45.063889,0.936,5.635,1.270,0.115
2025-12-05T03:10:45.094451,0.956,5.639,1.270,0.115
2025-12-05T03:10:45.128762,0.975,5.644,1.270,0.115
2025-12-05T03:10:45.162486,0.994,5.649,1.270,0.115
2025-12-05T03:10:45.195563,1.013,5.654,1.270,0.115
2025-12-05T03:10:45.229049,1.033,5.659,1.270,0.115
2025-12-05T03:10:45.263752,1.052,5.664,1.270,0.115
2025-12-05T03:10:45.294660,1.071,5.669,1.270,0.115
2025-12-05T03:10:45.323536,1.091,5.673,1.270,0.115
2025-12-05T03:10:45.356191,1.110,5.678,1.270,0.115
2025-12-05T03:10:45.389086,1.130,5.683,1.270,0.115
2025-12-05T03:10:45.421073,1.149,5.688,1.270,0.115
2025-12-05T03:10:45.453686,1.169,5.693,1.270,0.115
2025-12-05T03:10:45.489273,1.188,5.697,1.270,0.115
2025-12-05T03:10:45.527869,1.208,5.702,1.270,0.115
2025-12-05T03:10:45.560931,1.228,5.707,1.270,0.115
2025-12-05T03:10:45.593534,1.247,5.712,1.270,0.115
2025-12-05T03:10:45.621805,1.250,5.712,1.270,0.086
2025-12-05T03:10:45.658507,1.252,5.713,1.270,0.058
2025-12-05T03:10:45.689864,1.254,5.714,1.270,0.029
2025-12-05T03:10:45.725775,1.255,5.714,1.270,0.000
2025-12-05T03:10:45.752746,1.257,5.715,1.270,-0.029
2025-12-05T03:10:45.785655,1.259,5.715,1.270,-0.058
2025-12-05T03:10:45.816186,1.278,5.714,1.270,-0.058
2025-12-05T03:10:45.850063,1.297,5.712,1.270,-0.058
2025-12-05T03:10:45.879227,1.317,5.710,1.270,-0.058
2025-12-05T03:10:45.914598,1.336,5.709,1.270,-0.058
2025-12-05T03:10:45.943743,1.356,5.707,1.270,-0.058
2025-12-05T03:10:45.980818,1.375,5.705,1.270,-0.058
2025-12-05T03:10:46.018198,1.395,5.703,1.270,-0.058
2025-12-05T03:10:46.048133,1.415,5.701,1.270,-0.058
2025-12-05T03:10:46.081650,1.435,5.699,1.270,-0.058
2025-12-05T03:10:46.112698,1.454,5.697,1.270,-0.058
2025-12-05T03:10:46.143041,1.474,5.695,1.270,-0.058
2025-12-05T03:10:46.177277,1.494,5.693,1.270,-0.058
2025-12-05T03:10:46.208591,1.514,5.691,1.270,-0.058
2025-12-05T03:10:46.241291,1.534,5.689,1.270,-0.058
2025-12-05T03:10:46.270677,1.554,5.687,1.270,-0.058
2025-12-05T03:10:46.307716,1.574,5.685,1.270,-0.058
2025-12-05T03:10:46.344113,1.594,5.683,1.270,-0.058
2025-12-05T03:10:46.378971,1.614,5.681,1.270,-0.058
2025-12-05T03:10:46.410751,1.634,5.679,1.270,-0.058
2025-12-05T03:10:46.440911,1.654,5.677,1.270,-0.058
2025-12-05T03:10:46.474986,1.674,5.674,1.270,-0.058
2025-12-05T03:10:46.504888,1.694,5.672,1.270,-0.058
2025-12-05T03:10:46.537537,1.714,5.670,1.270,-0.058
2025-12-05T03:10:46.569734,1.734,5.668,1.270,-0.058
2025-12-05T03:10:46.602689,1.754,5.666,1.270,-0.058
2025-12-05T03:10:46.637656,1.775,5.664,1.270,-0.058
2025-12-05T03:10:46.668532,1.795,5.661,1.270,-0.058
2025-12-05T03:10:46.698366,1.797,5.661,1.270,-0.086
2025-12-05T03:10:46.728576,1.799,5.661,1.270,-0.115
2025-12-05T03:10:46.764856,1.802,5.661,1.270,-0.144
2025-12-05T03:10:46.793026,1.804,5.661,1.270,-0.172
2025-12-05T03:10:46.829038,1.805,5.661,1.270,-0.200
2025-12-05T03:10:46.865528,1.824,5.653,1.270,-0.200
2025-12-05T03:10:46.893885,1.842,5.646,1.270,-0.200
2025-12-05T03:10:46.925931,1.860,5.639,1.270,-0.200
2025-12-05T03:10:46.959144,1.878,5.632,1.270,-0.200
2025-12-05T03:10:46.993616,1.897,5.624,1.270,-0.200
2025-12-05T03:10:47.024685,1.915,5.617,1.270,-0.200
2025-12-05T03:10:47.059492,1.934,5.609,1.270,-0.200
2025-12-05T03:10:47.090446,1.952,5.602,1.270,-0.200
2025-12-05T03:10:47.123846,1.970,5.594,1.270,-0.200
2025-12-05T03:10:47.155744,1.989,5.587,1.270,-0.200
2025-12-05T03:10:47.183038,2.007,5.579,1.270,-0.200
2025-12-05T03:10:47.216417,2.026,5.572,1.270,-0.200
2025-12-05T03:10:47.243210,2.045,5.564,1.270,-0.200
2025-12-05T03:10:47.278502,2.063,5.556,1.270,-0.200
2025-12-05T03:10:47.313176,2.082,5.549,1.270,-0.200
2025-12-05T03:10:47.344472,2.100,5.541,1.270,-0.200
2025-12-05T03:10:47.379997,2.119,5.533,1.270,-0.200
2025-12-05T03:10:47.411588,2.138,5.525,1.270,-0.200
2025-12-05T03:10:47.443404,2.156,5.518,1.270,-0.200
2025-12-05T03:10:47.476923,2.175,5.510,1.270,-0.200
2025-12-05T03:10:47.503979,2.194,5.502,1.270,-0.200
2025-12-05T03:10:47.539028,2.212,5.494,1.270,-0.200
2025-12-05T03:10:47.573029,2.231,5.486,1.270,-0.200
2025-12-05T03:10:47.609230,2.250,5.479,1.270,-0.200
2025-12-05T03:10:47.636222,2.269,5.471,1.270,-0.200
2025-12-05T03:10:47.673056,2.287,5.463,1.270,-0.200
2025-12-05T03:10:47.703118,2.306,5.455,1.270,-0.200
2025-12-05T03:10:47.736797,2.325,5.447,1.270,-0.200
2025-12-05T03:10:47.770967,2.344,5.439,1.270,-0.200
2025-12-05T03:10:47.803910,2.362,5.431,1.270,-0.200
2025-12-05T03:10:47.831215,2.381,5.423,1.270,-0.200
2025-12-05T03:10:47.867131,2.400,5.415,1.270,-0.200
2025-12-05T03:10:47.893262,2.419,5.407,1.270,-0.200
2025-12-05T03:10:47.925465,2.437,5.399,1.270,-0.200
2025-12-05T03:10:47.959654,2.456,5.391,1.270,-0.200
2025-12-05T03:10:47.992885,2.459,5.391,1.270,-0.172
2025-12-05T03:10:48.029995,2.461,5.390,1.270,-0.144
2025-12-05T03:10:48.063095,2.463,5.389,1.270,-0.115
2025-12-05T03:10:48.095898,2.465,5.388,1.270,-0.086
2025-12-05T03:10:48.127654,2.466,5.387,1.270,-0.058
2025-12-05T03:10:48.160925,2.468,5.387,1.270,-0.029
2025-12-05T03:10:48.188950,2.470,5.386,1.270,0.000
2025-12-05T03:10:48.218508,2.471,5.386,1.270,0.029
2025-12-05T03:10:48.251527,2.472,5.385,1.270,0.058
2025-12-05T03:10:48.285574,2.492,5.387,1.270,0.058
2025-12-05T03:10:48.314936,2.511,5.388,1.270,0.058
2025-12-05T03:10:48.352006,2.530,5.390,1.270,0.058
2025-12-05T03:10:48.387324,2.549,5.391,1.270,0.058
2025-12-05T03:10:48.415478,2.569,5.393,1.270,0.058
2025-12-05T03:10:48.451637,2.588,5.395,1.270,0.058
2025-12-05T03:10:48.482795,2.608,5.397,1.270,0.058
2025-12-05T03:10:48.513887,2.627,5.399,1.270,0.058
2025-12-05T03:10:48.542785,2.647,5.401,1.270,0.058
2025-12-05T03:10:48.576050,2.666,5.402,1.270,0.058
2025-12-05T03:10:48.606698,2.686,5.404,1.270,0.058
2025-12-05T03:10:48.639018,2.706,5.406,1.270,0.058
2025-12-05T03:10:48.674798,2.726,5.408,1.270,0.058
2025-12-05T03:10:48.708941,2.745,5.410,1.270,0.058
2025-12-05T03:10:48.739207,2.765,5.412,1.270,0.058
2025-12-05T03:10:48.769153,2.785,5.414,1.270,0.058
2025-12-05T03:10:48.803525,2.805,5.417,1.270,0.058
2025-12-05T03:10:48.836822,2.825,5.419,1.270,0.058
2025-12-05T03:10:48.867025,2.845,5.421,1.270,0.058
2025-12-05T03:10:48.899934,2.865,5.423,1.270,0.058
2025-12-05T03:10:48.937642,2.885,5.425,1.270,0.058
2025-12-05T03:10:48.968943,2.905,5.427,1.270,0.058
2025-12-05T03:10:48.996975,2.925,5.429,1.270,0.058
2025-12-05T03:10:49.027627,2.927,5.429,1.270,0.029
2025-12-05T03:10:49.059262,2.930,5.430,1.270,0.000
2025-12-05T03:10:49.092013,2.932,5.430,1.270,-0.029
2025-12-05T03:10:49.124930,2.934,5.430,1.270,-0.058
2025-12-05T03:10:49.162430,2.935,5.430,1.270,-0.086
2025-12-05T03:10:49.191387,2.937,5.430,1.270,-0.115
2025-12-05T03:10:49.224396,2.938,5.430,1.270,-0.144
2025-12-05T03:10:49.255753,2.940,5.430,1.270,-0.172
2025-12-05T03:10:49.284754,2.958,5.424,1.270,-0.172
2025-12-05T03:10:49.323885,2.976,5.418,1.270,-0.172
2025-12-05T03:10:49.354289,2.995,5.412,1.270,-0.172
2025-12-05T03:10:49.387039,3.013,5.406,1.270,-0.172
2025-12-05T03:10:49.424953,3.032,5.400,1.270,-0.172
2025-12-05T03:10:49.458474,3.050,5.393,1.270,-0.172
2025-12-05T03:10:49.489517,3.069,5.387,1.270,-0.172
2025-12-05T03:10:49.519637,3.087,5.381,1.270,-0.172
2025-12-05T03:10:49.551501,3.106,5.374,1.270,-0.172
2025-12-05T03:10:49.581631,3.125,5.368,1.270,-0.172
2025-12-05T03:10:49.614108,3.143,5.361,1.270,-0.172
2025-12-05T03:10:49.647059,3.162,5.355,1.270,-0.172
2025-12-05T03:10:49.678811,3.181,5.348,1.270,-0.172
2025-12-05T03:10:49.714391,3.200,5.342,1.270,-0.172
2025-12-05T03:10:49.745699,3.219,5.335,1.270,-0.172
2025-12-05T03:10:49.782039,3.238,5.329,1.270,-0.172
2025-12-05T03:10:49.806700,3.256,5.322,1.270,-0.172
2025-12-05T03:10:49.836992,3.275,5.315,1.270,-0.172
2025-12-05T03:10:49.868702,3.294,5.309,1.270,-0.172
2025-12-05T03:10:49.901208,3.313,5.302,1.270,-0.172
2025-12-05T03:10:49.934216,3.332,5.295,1.270,-0.172
2025-12-05T03:10:49.968453,3.351,5.289,1.270,-0.172
2025-12-05T03:10:50.005366,3.370,5.282,1.270,-0.172
2025-12-05T03:10:50.038692,3.389,5.275,1.270,-0.172
2025-12-05T03:10:50.072084,3.409,5.268,1.270,-0.172
2025-12-05T03:10:50.102575,3.428,5.262,1.270,-0.172
2025-12-05T03:10:50.134230,3.447,5.255,1.270,-0.172
2025-12-05T03:10:50.161798,3.466,5.248,1.270,-0.172
2025-12-05T03:10:50.190588,3.485,5.241,1.270,-0.172
2025-12-05T03:10:50.224974,3.504,5.234,1.270,-0.172
2025-12-05T03:10:50.262530,3.522,5.228,1.270,-0.172
2025-12-05T03:10:50.294013,3.539,5.222,1.270,-0.172
2025-12-05T03:10:50.329202,3.555,5.215,1.270,-0.172
2025-12-05T03:10:50.362469,3.572,5.209,1.270,-0.172
2025-12-05T03:10:50.392605,3.588,5.203,1.270,-0.172
2025-12-05T03:10:50.425969,3.605,5.196,1.270,-0.172
2025-12-05T03:10:50.457364,3.588,5.202,1.270,-0.172
2025-12-05T03:10:50.486078,3.571,5.208,1.270,-0.172
2025-12-05T03:10:50.520472,3.553,5.214,1.270,-0.172
2025-12-05T03:10:50.557404,3.536,5.220,1.270,-0.172
2025-12-05T03:10:50.587523,3.518,5.226,1.270,-0.172
2025-12-05T03:10:50.620735,3.501,5.232,1.270,-0.172
2025-12-05T03:10:50.650529,3.483,5.238,1.270,-0.172
2025-12-05T03:10:50.681744,3.465,5.244,1.270,-0.172
2025-12-05T03:10:50.715246,3.447,5.250,1.270,-0.172
2025-12-05T03:10:50.744582,3.429,5.257,1.270,-0.172
2025-12-05T03:10:50.776049,3.411,5.263,1.270,-0.172
2025-12-05T03:10:50.803396,3.392,5.269,1.270,-0.172
2025-12-05T03:10:50.843739,3.374,5.276,1.270,-0.172
2025-12-05T03:10:50.875664,3.356,5.282,1.270,-0.172
2025-12-05T03:10:50.906593,3.337,5.289,1.270,-0.172
2025-12-05T03:10:50.936039,3.353,5.283,1.270,-0.172
2025-12-05T03:10:50.972945,3.368,5.277,1.270,-0.172
2025-12-05T03:10:51.003022,3.384,5.271,1.270,-0.172
2025-12-05T03:10:51.036266,3.400,5.266,1.270,-0.172
2025-12-05T03:10:51.065844,3.416,5.260,1.270,-0.172
2025-12-05T03:10:51.105722,3.432,5.254,1.270,-0.172
2025-12-05T03:10:51.135712,3.449,5.248,1.270,-0.172
2025-12-05T03:10:51.167904,3.466,5.242,1.270,-0.172
2025-12-05T03:10:51.199183,3.483,5.235,1.270,-0.172
2025-12-05T03:10:51.230886,3.500,5.229,1.270,-0.172
2025-12-05T03:10:51.263004,3.517,5.223,1.270,-0.172
2025-12-05T03:10:51.296662,3.534,5.217,1.270,-0.172
2025-12-05T03:10:51.331878,3.552,5.210,1.270,-0.172
2025-12-05T03:10:51.365722,3.569,5.204,1.270,-0.172
2025-12-05T03:10:51.396524,3.587,5.197,1.270,-0.172
2025-12-05T03:10:51.428747,3.605,5.191,1.270,-0.172
2025-12-05T03:10:51.459364,3.623,5.184,1.270,-0.172
2025-12-05T03:10:51.487863,3.641,5.178,1.270,-0.172
2025-12-05T03:10:51.519594,3.659,5.171,1.270,-0.172
2025-12-05T03:10:51.552886,3.677,5.165,1.270,-0.172
2025-12-05T03:10:51.587133,3.661,5.170,1.270,-0.172
2025-12-05T03:10:51.622704,3.646,5.176,1.270,-0.172
2025-12-05T03:10:51.657587,3.630,5.182,1.270,-0.172
2025-12-05T03:10:51.691504,3.613,5.188,1.270,-0.172
2025-12-05T03:10:51.737795,3.597,5.193,1.270,-0.172
2025-12-05T03:10:51.771742,3.580,5.199,1.270,-0.172
2025-12-05T03:10:51.791550,3.564,5.205,1.270,-0.172
2025-12-05T03:10:51.817407,3.547,5.211,1.270,-0.172
2025-12-05T03:10:51.844944,3.530,5.218,1.270,-0.172
2025-12-05T03:10:51.876027,3.513,5.224,1.270,-0.172
2025-12-05T03:10:51.902533,3.495,5.230,1.270,-0.172
2025-12-05T03:10:51.934670,3.478,5.236,1.270,-0.172
2025-12-05T03:10:51.963356,3.460,5.242,1.270,-0.172
2025-12-05T03:10:51.993929,3.442,5.249,1.270,-0.172
2025-12-05T03:10:52.026640,3.425,5.255,1.270,-0.172
2025-12-05T03:10:52.061568,3.407,5.262,1.270,-0.172
2025-12-05T03:10:52.089923,3.389,5.268,1.270,-0.172
2025-12-05T03:10:52.124288,3.371,5.275,1.270,-0.172
2025-12-05T03:10:52.163744,3.353,5.281,1.270,-0.172
2025-12-05T03:10:52.193639,3.334,5.288,1.270,-0.172
2025-12-05T03:10:52.224696,3.316,5.294,1.270,-0.172
2025-12-05T03:10:52.256327,3.298,5.301,1.270,-0.172
2025-12-05T03:10:52.286935,3.279,5.307,1.270,-0.172
2025-12-05T03:10:52.316110,3.261,5.314,1.270,-0.172
2025-12-05T03:10:52.348331,3.242,5.321,1.270,-0.172
2025-12-05T03:10:52.380725,3.224,5.327,1.270,-0.172
2025-12-05T03:10:52.412524,3.205,5.334,1.270,-0.172
2025-12-05T03:10:52.442844,3.186,5.341,1.270,-0.172
2025-12-05T03:10:52.476835,3.168,5.348,1.270,-0.172
2025-12-05T03:10:52.511532,3.149,5.354,1.270,-0.172
2025-12-05T03:10:52.546006,3.130,5.361,1.270,-0.172
2025-12-05T03:10:52.575554,3.111,5.368,1.270,-0.172
2025-12-05T03:10:52.610424,3.093,5.375,1.270,-0.172
2025-12-05T03:10:52.637453,3.074,5.381,1.270,-0.172
2025-12-05T03:10:52.672703,3.055,5.388,1.270,-0.172
2025-12-05T03:10:52.701626,3.036,5.395,1.270,-0.172
2025-12-05T03:10:52.736238,3.017,5.402,1.270,-0.172
2025-12-05T03:10:52.767885,2.998,5.409,1.270,-0.172
2025-12-05T03:10:52.805677,2.979,5.415,1.270,-0.172
2025-12-05T03:10:52.834644,2.960,5.422,1.270,-0.172
2025-12-05T03:10:52.866871,2.941,5.429,1.270,-0.172
2025-12-05T03:10:52.893065,2.922,5.436,1.270,-0.172
2025-12-05T03:10:52.926313,2.903,5.443,1.270,-0.172
2025-12-05T03:10:52.955100,2.884,5.450,1.270,-0.172
2025-12-05T03:10:52.989877,2.865,5.457,1.270,-0.172
2025-12-05T03:10:53.022436,2.846,5.464,1.270,-0.172
2025-12-05T03:10:53.052408,2.860,5.458,1.270,-0.172
2025-12-05T03:10:53.089857,2.875,5.453,1.270,-0.172
2025-12-05T03:10:53.124900,2.890,5.447,1.270,-0.172
2025-12-05T03:10:53.156224,2.906,5.442,1.270,-0.172
2025-12-05T03:10:53.187257,2.921,5.436,1.270,-0.172
2025-12-05T03:10:53.222722,2.937,5.430,1.270,-0.172
2025-12-05T03:10:53.254802,2.954,5.425,1.270,-0.172
2025-12-05T03:10:53.285896,2.970,5.419,1.270,-0.172
2025-12-05T03:10:53.315190,2.986,5.413,1.270,-0.172
2025-12-05T03:10:53.347789,3.003,5.407,1.270,-0.172
2025-12-05T03:10:53.380500,3.020,5.401,1.270,-0.172
2025-12-05T03:10:53.415903,3.037,5.395,1.270,-0.172
2025-12-05T03:10:53.450424,3.054,5.388,1.270,-0.172
2025-12-05T03:10:53.483853,3.072,5.382,1.270,-0.172
2025-12-05T03:10:53.519568,3.089,5.376,1.270,-0.172
2025-12-05T03:10:53.547791,3.107,5.370,1.270,-0.172
2025-12-05T03:10:53.577671,3.124,5.363,1.270,-0.172
2025-12-05T03:10:53.612100,3.108,5.369,1.270,-0.172
2025-12-05T03:10:53.644428,3.092,5.375,1.270,-0.172
2025-12-05T03:10:53.678041,3.076,5.381,1.270,-0.172
2025-12-05T03:10:53.706449,3.059,5.387,1.270,-0.172
2025-12-05T03:10:53.740015,3.042,5.393,1.270,-0.172
2025-12-05T03:10:53.768604,3.026,5.399,1.270,-0.172
2025-12-05T03:10:53.801611,3.009,5.405,1.270,-0.172
2025-12-05T03:10:53.838433,2.991,5.411,1.270,-0.172
2025-12-05T03:10:53.871635,2.974,5.417,1.270,-0.172
2025-12-05T03:10:53.906831,2.957,5.424,1.270,-0.172
2025-12-05T03:10:53.941658,2.939,5.430,1.270,-0.172
2025-12-05T03:10:53.972431,2.921,5.436,1.270,-0.172
2025-12-05T03:10:54.009027,2.904,5.443,1.270,-0.172
2025-12-05T03:10:54.030838,2.886,5.449,1.270,-0.172
2025-12-05T03:10:54.070137,2.868,5.456,1.270,-0.172
2025-12-05T03:10:54.103014,2.850,5.462,1.270,-0.172
2025-12-05T03:10:54.131618,2.865,5.456,1.270,-0.172
2025-12-05T03:10:54.168698,2.881,5.451,1.270,-0.172
2025-12-05T03:10:54.198573,2.897,5.445,1.270,-0.172
2025-12-05T03:10:54.230646,2.913,5.439,1.270,-0.172
2025-12-05T03:10:54.265543,2.930,5.433,1.270,-0.172
2025-12-05T03:10:54.291899,2.946,5.427,1.270,-0.172
2025-12-05T03:10:54.328110,2.963,5.421,1.270,-0.172
2025-12-05T03:10:54.359455,2.980,5.415,1.270,-0.172
2025-12-05T03:10:54.391977,2.997,5.409,1.270,-0.172
2025-12-05T03:10:54.425848,3.015,5.403,1.270,-0.172
2025-12-05T03:10:54.461294,3.032,5.396,1.270,-0.172
2025-12-05T03:10:54.495615,3.049,5.390,1.270,-0.172
2025-12-05T03:10:54.527800,3.067,5.384,1.270,-0.172
2025-12-05T03:10:54.556681,3.085,5.377,1.270,-0.172
2025-12-05T03:10:54.588470,3.103,5.371,1.270,-0.172
2025-12-05T03:10:54.620302,3.121,5.365,1.270,-0.172
2025-12-05T03:10:54.654576,3.121,5.365,1.270,-0.172
2025-12-05T03:10:54.685654,3.121,5.365,1.270,-0.172
2025-12-05T03:10:54.718728,3.121,5.365,1.270,-0.172
2025-12-05T03:10:54.749671,3.121,5.365,1.270,-0.172
2025-12-05T03:10:54.779435,3.121,5.365,1.270,-0.172
2025-12-05T03:10:54.812116,3.121,5.365,1.270,-0.172
2025-12-05T03:10:54.842006,3.121,5.365,1.270,-0.172
2025-12-05T03:10:54.875867,3.121,5.365,1.270,-0.172
2025-12-05T03:10:54.908085,3.121,5.365,1.270,-0.172
2025-12-05T03:10:54.941892,3.121,5.365,1.270,-0.172
2025-12-05T03:10:54.976205,3.121,5.365,1.270,-0.172
2025-12-05T03:10:55.011300,3.121,5.365,1.270,-0.172
2025-12-05T03:10:55.042014,3.121,5.365,1.270,-0.172
2025-12-05T03:10:55.075624,3.121,5.365,1.270,-0.172
2025-12-05T03:10:55.106946,3.121,5.365,1.270,-0.172
2025-12-05T03:10:55.136642,3.121,5.365,1.270,-0.172
2025-12-05T03:10:55.171980,3.121,5.365,1.270,-0.172
2025-12-05T03:10:55.200086,3.121,5.365,1.270,-0.172
2025-12-05T03:10:55.232290,3.121,5.365,1.270,-0.172
2025-12-05T03:10:55.269679,3.121,5.365,1.270,-0.172
2025-12-05T03:10:55.300922,3.121,5.365,1.270,-0.172
2025-12-05T03:10:55.329094,3.121,5.365,1.270,-0.172
2025-12-05T03:10:55.366338,3.121,5.365,1.270,-0.172
2025-12-05T03:10:55.394729,3.121,5.365,1.270,-0.172
2025-12-05T03:10:55.428863,3.121,5.365,1.270,-0.172
2025-12-05T03:10:55.462618,3.121,5.365,1.270,-0.172
2025-12-05T03:10:55.494891,3.121,5.365,1.270,-0.172
2025-12-05T03:10:55.528977,3.121,5.365,1.270,-0.172
2025-12-05T03:10:55.561763,3.121,5.365,1.270,-0.172
2025-12-05T03:10:55.594485,3.121,5.365,1.270,-0.172
2025-12-05T03:10:55.627457,3.121,5.365,1.270,-0.172
2025-12-05T03:10:55.658930,3.121,5.365,1.270,-0.172
2025-12-05T03:10:55.687939,3.121,5.365,1.270,-0.172
2025-12-05T03:10:55.722722,3.121,5.365,1.270,-0.172
2025-12-05T03:10:55.754850,3.121,5.365,1.270,-0.172
2025-12-05T03:10:55.787460,3.121,5.365,1.270,-0.172
2025-12-05T03:10:55.818533,3.121,5.365,1.270,-0.172
2025-12-05T03:10:55.851294,3.121,5.365,1.270,-0.172
2025-12-05T03:10:55.885619,3.121,5.365,1.270,-0.172
2025-12-05T03:10:55.918563,3.121,5.365,1.270,-0.172
2025-12-05T03:10:55.952110,3.121,5.365,1.270,-0.172
2025-12-05T03:10:55.980842,3.121,5.365,1.270,-0.172
2025-12-05T03:10:56.012553,3.121,5.365,1.270,-0.172
2025-12-05T03:10:56.044352,3.121,5.365,1.270,-0.172
2025-12-05T03:10:56.077215,3.121,5.365,1.270,-0.172
2025-12-05T03:10:56.110450,3.121,5.365,1.270,-0.172
2025-12-05T03:10:56.145870,3.121,5.365,1.270,-0.172
2025-12-05T03:10:56.179512,3.121,5.365,1.270,-0.172
2025-12-05T03:10:56.214131,3.121,5.365,1.270,-0.172
2025-12-05T03:10:56.245432,3.121,5.365,1.270,-0.172
2025-12-05T03:10:56.273191,3.121,5.365,1.270,-0.172
2025-12-05T03:10:56.301969,3.121,5.365,1.270,-0.172
2025-12-05T03:10:56.336892,3.121,5.365,1.270,-0.172
2025-12-05T03:10:56.368020,3.121,5.365,1.270,-0.172
2025-12-05T03:10:56.400562,3.121,5.365,1.270,-0.172
2025-12-05T03:10:56.434961,3.121,5.365,1.270,-0.172
2025-12-05T03:10:56.468374,3.121,5.365,1.270,-0.172
2025-12-05T03:10:56.502501,3.121,5.365,1.270,-0.172
2025-12-05T03:10:56.536681,3.121,5.365,1.270,-0.172
2025-12-05T03:10:56.569820,3.121,5.365,1.270,-0.172
2025-12-05T03:10:56.605550,3.260,5.314,1.270,-0.144
2025-12-05T03:10:56.634499,3.267,5.312,1.270,-0.115
2025-12-05T03:10:56.662697,3.274,5.309,1.270,-0.086
2025-12-05T03:10:56.694469,3.280,5.307,1.270,-0.058
2025-12-05T03:10:56.727749,3.286,5.305,1.270,-0.029
2025-12-05T03:10:56.759738,3.291,5.303,1.270,0.000
2025-12-05T03:10:56.794133,3.297,5.301,1.270,0.029
2025-12-05T03:10:56.828861,3.301,5.299,1.270,0.058
2025-12-05T03:10:56.865882,3.306,5.298,1.270,0.086
2025-12-05T03:10:56.897607,3.310,5.296,1.270,0.115
2025-12-05T03:10:56.928404,3.314,5.295,1.270,0.144
2025-12-05T03:10:56.957272,3.318,5.293,1.270,0.172
2025-12-05T03:10:56.989718,3.321,5.292,1.270,0.200
2025-12-05T03:10:57.024463,3.325,5.291,1.270,0.228
2025-12-05T03:10:57.061857,3.328,5.290,1.270,0.256
2025-12-05T03:10:57.093915,3.331,5.289,1.270,0.284
2025-12-05T03:10:57.126631,3.333,5.288,1.270,0.312
2025-12-05T03:10:57.153870,3.336,5.287,1.270,0.339
2025-12-05T03:10:57.182735,3.338,5.286,1.270,0.366
2025-12-05T03:10:57.215882,3.340,5.285,1.270,0.392
2025-12-05T03:10:57.245604,3.342,5.285,1.270,0.419
2025-12-05T03:10:57.274347,3.344,5.284,1.270,0.445
2025-12-05T03:10:57.312551,3.346,5.283,1.270,0.470
2025-12-05T03:10:57.344904,3.348,5.283,1.270,0.495
2025-12-05T03:10:57.379408,3.349,5.282,1.270,0.520
2025-12-05T03:10:57.410550,3.351,5.282,1.270,0.545
2025-12-05T03:10:57.445223,3.352,5.281,1.270,0.569
2025-12-05T03:10:57.473508,3.354,5.281,1.270,0.592
2025-12-05T03:10:57.506932,3.355,5.280,1.270,0.615
2025-12-05T03:10:57.540504,3.356,5.280,1.270,0.637
2025-12-05T03:10:57.570421,3.357,5.279,1.270,0.659
2025-12-05T03:10:57.603806,3.358,5.279,1.270,0.681
2025-12-05T03:10:57.640508,3.359,5.279,1.270,0.702
2025-12-05T03:10:57.673434,3.360,5.278,1.270,0.722
2025-12-05T03:10:57.704583,3.361,5.278,1.270,0.741
2025-12-05T03:10:57.733584,3.361,5.278,1.270,0.760
2025-12-05T03:10:57.764616,3.362,5.278,1.270,0.779
2025-12-05T03:10:57.796351,3.363,5.277,1.270,0.797
2025-12-05T03:10:57.831034,3.363,5.277,1.270,0.814
2025-12-05T03:10:57.863449,3.364,5.277,1.270,0.830
2025-12-05T03:10:57.898003,3.364,5.277,1.270,0.846
2025-12-05T03:10:57.927432,3.365,5.276,1.270,0.861
2025-12-05T03:10:57.959748,3.365,5.276,1.270,0.875
2025-12-05T03:10:57.991373,3.366,5.276,1.270,0.889
2025-12-05T03:10:58.023655,3.366,5.276,1.270,0.901
2025-12-05T03:10:58.058820,3.367,5.276,1.270,0.914
2025-12-05T03:10:58.088748,3.367,5.276,1.270,0.925
2025-12-05T03:10:58.119861,3.367,5.276,1.270,0.935
2025-12-05T03:10:58.159306,3.368,5.275,1.270,0.945
2025-12-05T03:10:58.188535,3.368,5.275,1.270,0.954
2025-12-05T03:10:58.220373,3.368,5.275,1.270,0.962
2025-12-05T03:10:58.251305,3.369,5.275,1.270,0.970
2025-12-05T03:10:58.282420,3.369,5.275,1.270,0.977
2025-12-05T03:10:58.318462,3.353,5.283,1.270,0.977
2025-12-05T03:10:58.346974,3.337,5.290,1.270,0.977
2025-12-05T03:10:58.380612,3.320,5.298,1.270,0.977
2025-12-05T03:10:58.410906,3.304,5.305,1.270,0.977
2025-12-05T03:10:58.445856,3.287,5.313,1.270,0.977
2025-12-05T03:10:58.480889,3.270,5.321,1.270,0.977
2025-12-05T03:10:58.516529,3.254,5.329,1.270,0.977
2025-12-05T03:10:58.547052,3.237,5.337,1.270,0.977
2025-12-05T03:10:58.577377,3.219,5.345,1.270,0.977
2025-12-05T03:10:58.611722,3.202,5.353,1.270,0.977
2025-12-05T03:10:58.641707,3.185,5.361,1.270,0.977
2025-12-05T03:10:58.675922,3.168,5.369,1.270,0.977
2025-12-05T03:10:58.711150,3.150,5.377,1.270,0.977
2025-12-05T03:10:58.741898,3.133,5.385,1.270,0.977
2025-12-05T03:10:58.775252,3.115,5.393,1.270,0.977
2025-12-05T03:10:58.807781,3.097,5.401,1.270,0.977
2025-12-05T03:10:58.840148,3.080,5.409,1.270,0.977
2025-12-05T03:10:58.872348,3.062,5.418,1.270,0.977
2025-12-05T03:10:58.904074,3.044,5.426,1.270,0.977
2025-12-05T03:10:58.933404,3.026,5.434,1.270,0.977
2025-12-05T03:10:58.969090,3.008,5.443,1.270,0.977
2025-12-05T03:10:58.998515,2.990,5.451,1.270,0.977
2025-12-05T03:10:59.032559,2.972,5.459,1.270,0.977
2025-12-05T03:10:59.064903,2.954,5.468,1.270,0.977
2025-12-05T03:10:59.096196,2.936,5.476,1.270,0.977
2025-12-05T03:10:59.130911,2.918,5.484,1.270,0.977
2025-12-05T03:10:59.162871,2.900,5.493,1.270,0.977
2025-12-05T03:10:59.198574,2.882,5.501,1.270,0.977
2025-12-05T03:10:59.228473,2.864,5.510,1.270,0.977
2025-12-05T03:10:59.263032,2.845,5.518,1.270,0.977
2025-12-05T03:10:59.298204,2.827,5.527,1.270,0.977
2025-12-05T03:10:59.330494,2.809,5.535,1.270,0.977
2025-12-05T03:10:59.359595,2.791,5.544,1.270,0.977
2025-12-05T03:10:59.388273,2.772,5.552,1.270,0.977
2025-12-05T03:10:59.424084,2.754,5.561,1.270,0.977
2025-12-05T03:10:59.454051,2.736,5.569,1.270,0.977
2025-12-05T03:10:59.484071,2.717,5.578,1.270,0.977
2025-12-05T03:10:59.515015,2.699,5.586,1.270,0.977
2025-12-05T03:10:59.543921,2.681,5.595,1.270,0.977
2025-12-05T03:10:59.577499,2.662,5.603,1.270,0.977
2025-12-05T03:10:59.612185,2.644,5.612,1.270,0.977
2025-12-05T03:10:59.649505,2.642,5.613,1.270,0.982
2025-12-05T03:10:59.680671,2.639,5.614,1.270,0.987
2025-12-05T03:10:59.719786,2.638,5.615,1.270,0.991
2025-12-05T03:10:59.747735,2.636,5.616,1.270,0.995
2025-12-05T03:10:59.777404,2.634,5.616,1.270,0.997
2025-12-05T03:10:59.812819,2.633,5.617,1.270,0.999
2025-12-05T03:10:59.844682,2.631,5.618,1.270,1.000
2025-12-05T03:10:59.874073,2.630,5.618,1.270,-1.000
2025-12-05T03:10:59.907057,2.628,5.619,1.270,-0.999
2025-12-05T03:10:59.937818,2.627,5.620,1.270,-0.997
2025-12-05T03:10:59.973351,2.626,5.620,1.270,-0.995
2025-12-05T03:11:00.014505,2.625,5.621,1.270,-0.992
2025-12-05T03:11:00.048659,2.624,5.621,1.270,-0.988
2025-12-05T03:11:00.073004,2.623,5.621,1.270,-0.983
2025-12-05T03:11:00.107619,2.622,5.622,1.270,-0.977
2025-12-05T03:11:00.139328,2.621,5.622,1.270,-0.970
2025-12-05T03:11:00.173434,2.621,5.623,1.270,-0.963
2025-12-05T03:11:00.198695,2.620,5.623,1.270,-0.955
2025-12-05T03:11:00.230854,2.619,5.623,1.270,-0.946
2025-12-05T03:11:00.269129,2.619,5.623,1.270,-0.936
2025-12-05T03:11:00.299574,2.618,5.624,1.270,-0.926
2025-12-05T03:11:00.336382,2.618,5.624,1.270,-0.915
2025-12-05T03:11:00.368350,2.617,5.624,1.270,-0.903
2025-12-05T03:11:00.396849,2.617,5.624,1.270,-0.890
2025-12-05T03:11:00.430066,2.616,5.625,1.270,-0.876
2025-12-05T03:11:00.463715,2.616,5.625,1.270,-0.862
2025-12-05T03:11:00.495580,2.615,5.625,1.270,-0.847
2025-12-05T03:11:00.529628,2.615,5.625,1.270,-0.831
2025-12-05T03:11:00.559082,2.615,5.625,1.270,-0.815
2025-12-05T03:11:00.587848,2.614,5.625,1.270,-0.798
2025-12-05T03:11:00.625605,2.614,5.626,1.270,-0.780
2025-12-05T03:11:00.651148,2.614,5.626,1.270,-0.762
2025-12-05T03:11:00.688443,2.614,5.626,1.270,-0.743
2025-12-05T03:11:00.723511,2.613,5.626,1.270,-0.723
2025-12-05T03:11:00.754028,2.613,5.626,1.270,-0.703
2025-12-05T03:11:00.789262,2.613,5.626,1.270,-0.683
2025-12-05T03:11:00.817644,2.613,5.626,1.270,-0.661
2025-12-05T03:11:00.849990,2.612,5.626,1.270,-0.639
2025-12-05T03:11:00.884865,2.612,5.626,1.270,-0.617
2025-12-05T03:11:00.916998,2.612,5.627,1.270,-0.594
2025-12-05T03:11:00.948000,2.612,5.627,1.270,-0.571
2025-12-05T03:11:00.981334,2.612,5.627,1.270,-0.547
2025-12-05T03:11:01.017904,2.612,5.627,1.270,-0.522
2025-12-05T03:11:01.050096,2.612,5.627,1.270,-0.498
2025-12-05T03:11:01.080370,2.611,5.627,1.270,-0.472
2025-12-05T03:11:01.111097,2.611,5.627,1.270,-0.447
2025-12-05T03:11:01.144620,2.611,5.627,1.270,-0.421
2025-12-05T03:11:01.176776,2.611,5.627,1.270,-0.395
2025-12-05T03:11:01.206393,2.611,5.627,1.270,-0.368
2025-12-05T03:11:01.242705,2.611,5.627,1.270,-0.341
2025-12-05T03:11:01.276619,2.611,5.627,1.270,-0.314
2025-12-05T03:11:01.308810,2.611,5.627,1.270,-0.286
2025-12-05T03:11:01.340891,2.611,5.627,1.270,-0.259
2025-12-05T03:11:01.372882,2.611,5.627,1.270,-0.231
2025-12-05T03:11:01.402690,2.611,5.627,1.270,-0.203
2025-12-05T03:11:01.433897,2.611,5.627,1.270,-0.174
2025-12-05T03:11:01.470615,2.610,5.627,1.270,-0.146
2025-12-05T03:11:01.501533,2.610,5.627,1.270,-0.117
2025-12-05T03:11:01.534588,2.610,5.627,1.270,-0.089
2025-12-05T03:11:01.569668,2.610,5.627,1.270,-0.060
2025-12-05T03:11:01.604096,2.610,5.627,1.270,-0.031
2025-12-05T03:11:01.631955,2.610,5.627,1.270,-0.002
2025-12-05T03:11:01.662770,2.610,5.627,1.270,0.026
2025-12-05T03:11:01.694048,2.610,5.627,1.270,0.055
2025-12-05T03:11:01.727868,2.610,5.627,1.270,0.084
2025-12-05T03:11:01.757664,2.610,5.627,1.270,0.113
2025-12-05T03:11:01.789481,2.610,5.627,1.270,0.141
2025-12-05T03:11:01.823504,2.610,5.627,1.270,0.170
2025-12-05T03:11:01.859875,2.610,5.628,1.270,0.198
2025-12-05T03:11:01.893310,2.627,5.634,1.270,0.198
2025-12-05T03:11:01.928107,2.643,5.641,1.270,0.198
2025-12-05T03:11:01.955833,2.660,5.649,1.270,0.198
2025-12-05T03:11:01.988136,2.677,5.656,1.270,0.198
2025-12-05T03:11:02.019765,2.694,5.663,1.270,0.198
2025-12-05T03:11:02.050756,2.711,5.670,1.270,0.198
2025-12-05T03:11:02.088636,2.728,5.677,1.270,0.198
2025-12-05T03:11:02.122222,2.746,5.685,1.270,0.198
2025-12-05T03:11:02.150225,2.763,5.692,1.270,0.198
2025-12-05T03:11:02.183866,2.781,5.700,1.270,0.198
2025-12-05T03:11:02.217444,2.799,5.707,1.270,0.198
2025-12-05T03:11:02.247022,2.816,5.714,1.270,0.198
2025-12-05T03:11:02.283017,2.834,5.722,1.270,0.198
2025-12-05T03:11:02.313624,2.852,5.730,1.270,0.198
2025-12-05T03:11:02.347882,2.870,5.737,1.270,0.198
2025-12-05T03:11:02.382833,2.888,5.745,1.270,0.198
2025-12-05T03:11:02.417012,2.906,5.752,1.270,0.198
2025-12-05T03:11:02.451146,2.924,5.760,1.270,0.198
2025-12-05T03:11:02.480039,2.926,5.761,1.270,0.226
2025-12-05T03:11:02.510946,2.927,5.761,1.270,0.254
2025-12-05T03:11:02.541907,2.929,5.762,1.270,0.282
2025-12-05T03:11:02.576325,2.930,5.762,1.270,0.309
2025-12-05T03:11:02.609760,2.931,5.763,1.270,0.337
2025-12-05T03:11:02.637917,2.933,5.764,1.270,0.363
2025-12-05T03:11:02.674057,2.934,5.764,1.270,0.390
2025-12-05T03:11:02.706613,2.935,5.764,1.270,0.417
2025-12-05T03:11:02.737443,2.936,5.765,1.270,0.443
2025-12-05T03:11:02.773078,2.937,5.765,1.270,0.468
2025-12-05T03:11:02.797326,2.937,5.766,1.270,0.493
2025-12-05T03:11:02.833661,2.938,5.766,1.270,0.518
2025-12-05T03:11:02.868633,2.939,5.766,1.270,0.543
2025-12-05T03:11:02.898584,2.940,5.767,1.270,0.567
2025-12-05T03:11:02.934991,2.940,5.767,1.270,0.590
2025-12-05T03:11:02.969101,2.941,5.767,1.270,0.613
2025-12-05T03:11:03.000560,2.942,5.767,1.270,0.636
2025-12-05T03:11:03.034587,2.942,5.768,1.270,0.658
2025-12-05T03:11:03.062284,2.943,5.768,1.270,0.679
2025-12-05T03:11:03.096282,2.943,5.768,1.270,0.700
2025-12-05T03:11:03.126078,2.943,5.768,1.270,0.720
2025-12-05T03:11:03.161916,2.944,5.768,1.270,0.740
2025-12-05T03:11:03.194385,2.944,5.768,1.270,0.759
2025-12-05T03:11:03.226060,2.945,5.769,1.270,0.777
2025-12-05T03:11:03.257912,2.945,5.769,1.270,0.795
2025-12-05T03:11:03.287944,2.945,5.769,1.270,0.812
2025-12-05T03:11:03.320388,2.946,5.769,1.270,0.829
2025-12-05T03:11:03.354072,2.946,5.769,1.270,0.844
2025-12-05T03:11:03.382471,2.946,5.769,1.270,0.860
2025-12-05T03:11:03.415501,2.946,5.769,1.270,0.874
2025-12-05T03:11:03.449033,2.947,5.769,1.270,0.888
2025-12-05T03:11:03.483273,2.947,5.770,1.270,0.900
2025-12-05T03:11:03.516123,2.947,5.770,1.270,0.913
2025-12-05T03:11:03.546216,2.947,5.770,1.270,0.913
2025-12-05T03:11:03.582332,2.947,5.770,1.270,0.913
2025-12-05T03:11:03.611631,2.947,5.770,1.270,0.913
2025-12-05T03:11:03.645627,2.947,5.770,1.270,0.913
2025-12-05T03:11:03.678515,2.947,5.770,1.270,0.913
2025-12-05T03:11:03.712471,2.947,5.770,1.270,0.913
2025-12-05T03:11:03.742692,2.947,5.770,1.270,0.913
2025-12-05T03:11:03.772654,2.947,5.770,1.270,0.913
2025-12-05T03:11:03.803897,2.947,5.770,1.270,0.913
2025-12-05T03:11:03.833366,2.947,5.770,1.270,0.913
2025-12-05T03:11:03.869405,2.947,5.770,1.270,0.913
2025-12-05T03:11:03.904188,2.947,5.770,1.270,0.913
2025-12-05T03:11:03.937315,2.947,5.770,1.270,0.913
2025-12-05T03:11:03.968473,2.947,5.770,1.270,0.913
2025-12-05T03:11:04.003834,2.947,5.770,1.270,0.913
2025-12-05T03:11:04.033890,2.947,5.770,1.270,0.913
2025-12-05T03:11:04.062927,2.947,5.770,1.270,0.913
2025-12-05T03:11:04.092147,2.947,5.770,1.270,0.913
2025-12-05T03:11:04.120456,2.947,5.770,1.270,0.913
2025-12-05T03:11:04.152968,2.947,5.770,1.270,0.913
2025-12-05T03:11:04.187983,2.947,5.770,1.270,0.913
2025-12-05T03:11:04.223375,2.947,5.770,1.270,0.913
2025-12-05T03:11:04.260237,2.947,5.770,1.270,0.913
2025-12-05T03:11:04.292114,2.947,5.770,1.270,0.913
2025-12-05T03:11:04.321926,2.947,5.770,1.270,0.913
2025-12-05T03:11:04.354061,2.947,5.770,1.270,0.913
2025-12-05T03:11:04.383689,2.947,5.770,1.270,0.913
2025-12-05T03:11:04.418805,2.951,5.771,1.270,0.924
2025-12-05T03:11:04.450980,2.952,5.772,1.270,0.935
2025-12-05T03:11:04.482327,2.952,5.772,1.270,0.944
2025-12-05T03:11:04.514564,2.952,5.772,1.270,0.954
2025-12-05T03:11:04.552028,2.952,5.772,1.270,0.962
2025-12-05T03:11:04.589624,2.952,5.772,1.270,0.969
2025-12-05T03:11:04.618363,2.953,5.772,1.270,0.976
2025-12-05T03:11:04.655177,2.953,5.772,1.270,0.982
2025-12-05T03:11:04.683450,2.953,5.772,1.270,0.987
2025-12-05T03:11:04.717316,2.953,5.772,1.270,0.991
2025-12-05T03:11:04.744852,2.953,5.772,1.270,0.995
2025-12-05T03:11:04.773420,2.953,5.772,1.270,0.997
2025-12-05T03:11:04.808332,2.953,5.772,1.270,0.999
2025-12-05T03:11:04.842718,2.953,5.772,1.270,1.000
2025-12-05T03:11:04.875918,2.954,5.772,1.270,-1.000
2025-12-05T03:11:04.903219,2.954,5.772,1.270,-0.999
2025-12-05T03:11:04.940374,2.954,5.772,1.270,-0.998
2025-12-05T03:11:04.973796,2.954,5.773,1.270,-0.995
2025-12-05T03:11:05.007362,2.954,5.773,1.270,-0.992
2025-12-05T03:11:05.040055,2.954,5.773,1.270,-0.988
2025-12-05T03:11:05.069751,2.954,5.773,1.270,-0.983
2025-12-05T03:11:05.103615,2.954,5.773,1.270,-0.978
2025-12-05T03:11:05.135026,2.954,5.773,1.270,-0.971
2025-12-05T03:11:05.172943,2.954,5.773,1.270,-0.964
2025-12-05T03:11:05.209660,2.954,5.773,1.270,-0.956
2025-12-05T03:11:05.238412,2.954,5.773,1.270,-0.947
2025-12-05T03:11:05.274671,2.954,5.773,1.270,-0.937
2025-12-05T03:11:05.306881,2.954,5.773,1.270,-0.927
2025-12-05T03:11:05.334895,2.954,5.773,1.270,-0.916
2025-12-05T03:11:05.364266,2.954,5.773,1.270,-0.904
2025-12-05T03:11:05.394875,2.954,5.773,1.270,-0.891
2025-12-05T03:11:05.426703,2.954,5.773,1.270,-0.877
2025-12-05T03:11:05.466266,2.955,5.773,1.270,-0.863
2025-12-05T03:11:05.495256,2.955,5.773,1.270,-0.848
2025-12-05T03:11:05.530929,2.955,5.773,1.270,-0.833
2025-12-05T03:11:05.559711,2.955,5.773,1.270,-0.816
2025-12-05T03:11:05.589440,2.955,5.773,1.270,-0.799
2025-12-05T03:11:05.622061,2.955,5.773,1.270,-0.782
2025-12-05T03:11:05.650468,2.955,5.773,1.270,-0.764
2025-12-05T03:11:05.681684,2.955,5.773,1.270,-0.745
2025-12-05T03:11:05.715145,2.955,5.773,1.270,-0.725
2025-12-05T03:11:05.747711,2.955,5.773,1.270,-0.705
2025-12-05T03:11:05.779754,2.955,5.773,1.270,-0.684
2025-12-05T03:11:05.816845,2.955,5.773,1.270,-0.663
2025-12-05T03:11:05.846645,2.955,5.773,1.270,-0.641
2025-12-05T03:11:05.879781,2.955,5.773,1.270,-0.619
2025-12-05T03:11:05.909477,2.955,5.773,1.270,-0.596
2025-12-05T03:11:05.942953,2.955,5.773,1.270,-0.573
2025-12-05T03:11:05.975415,2.955,5.773,1.270,-0.549
2025-12-05T03:11:06.012869,2.955,5.773,1.270,-0.524
2025-12-05T03:11:06.044007,2.955,5.773,1.270,-0.500
2025-12-05T03:11:06.076435,2.955,5.773,1.270,-0.474
2025-12-05T03:11:06.112843,2.955,5.773,1.270,-0.449
2025-12-05T03:11:06.143833,2.955,5.773,1.270,-0.423
2025-12-05T03:11:06.178730,2.955,5.773,1.270,-0.397
2025-12-05T03:11:06.204065,2.955,5.773,1.270,-0.370
2025-12-05T03:11:06.235491,2.955,5.773,1.270,-0.343
2025-12-05T03:11:06.265959,2.955,5.773,1.270,-0.316
2025-12-05T03:11:06.299314,2.955,5.773,1.270,-0.289
2025-12-05T03:11:06.329517,2.955,5.773,1.270,-0.261
2025-12-05T03:11:06.358819,2.955,5.773,1.270,-0.233
2025-12-05T03:11:06.392886,2.955,5.773,1.270,-0.205
2025-12-05T03:11:06.426072,2.955,5.773,1.270,-0.177
2025-12-05T03:11:06.463805,2.955,5.773,1.270,-0.148
2025-12-05T03:11:06.496672,2.955,5.773,1.270,-0.120
2025-12-05T03:11:06.528496,2.955,5.773,1.270,-0.091
2025-12-05T03:11:06.562482,2.955,5.773,1.270,-0.062
2025-12-05T03:11:06.593785,2.955,5.773,1.270,-0.034
2025-12-05T03:11:06.626067,2.955,5.773,1.270,-0.005
2025-12-05T03:11:06.657291,2.955,5.773,1.270,0.024
2025-12-05T03:11:06.685937,2.955,5.773,1.270,0.053
2025-12-05T03:11:06.720874,2.955,5.773,1.270,0.082
2025-12-05T03:11:06.753862,2.955,5.773,1.270,0.110
2025-12-05T03:11:06.788618,2.955,5.773,1.270,0.139
2025-12-05T03:11:06.819139,2.955,5.773,1.270,0.167
2025-12-05T03:11:06.851427,2.955,5.773,1.270,0.196
2025-12-05T03:11:06.884743,2.955,5.773,1.270,0.224
2025-12-05T03:11:06.916064,2.955,5.773,1.270,0.252
2025-12-05T03:11:06.949462,2.971,5.782,1.270,0.252
2025-12-05T03:11:06.978832,2.986,5.791,1.270,0.252
2025-12-05T03:11:07.012108,3.002,5.799,1.270,0.252
2025-12-05T03:11:07.048591,3.018,5.808,1.270,0.252
2025-12-05T03:11:07.076362,3.035,5.817,1.270,0.252
2025-12-05T03:11:07.110726,3.051,5.827,1.270,0.252
2025-12-05T03:11:07.144783,3.067,5.836,1.270,0.252
2025-12-05T03:11:07.174663,3.084,5.845,1.270,0.252
2025-12-05T03:11:07.208596,3.100,5.854,1.270,0.252
2025-12-05T03:11:07.242678,3.117,5.863,1.270,0.252
2025-12-05T03:11:07.279405,3.134,5.873,1.270,0.252
2025-12-05T03:11:07.302774,3.151,5.882,1.270,0.252
2025-12-05T03:11:07.340461,3.167,5.892,1.270,0.252
2025-12-05T03:11:07.370454,3.184,5.901,1.270,0.252
2025-12-05T03:11:07.403947,3.201,5.910,1.270,0.252
2025-12-05T03:11:07.436616,3.218,5.920,1.270,0.252
2025-12-05T03:11:07.469471,3.236,5.930,1.270,0.252
2025-12-05T03:11:07.501038,3.253,5.939,1.270,0.252
2025-12-05T03:11:07.537177,3.268,5.948,1.270,0.252
2025-12-05T03:11:07.572220,3.283,5.957,1.270,0.252
2025-12-05T03:11:07.604720,3.297,5.967,1.270,0.252
2025-12-05T03:11:07.631284,3.310,5.976,1.270,0.252
2025-12-05T03:11:07.666328,3.323,5.985,1.270,0.252
2025-12-05T03:11:07.696359,3.336,5.995,1.270,0.252
2025-12-05T03:11:07.727185,3.348,6.004,1.270,0.252
2025-12-05T03:11:07.761701,3.358,6.014,1.270,0.252
2025-12-05T03:11:07.792938,3.368,6.023,1.270,0.252
2025-12-05T03:11:07.826734,3.377,6.032,1.270,0.252
2025-12-05T03:11:07.862350,3.377,6.032,1.270,0.252
2025-12-05T03:11:07.892107,3.377,6.032,1.270,0.252
2025-12-05T03:11:07.924336,3.377,6.032,1.270,0.252
2025-12-05T03:11:07.953954,3.377,6.032,1.270,0.252
2025-12-05T03:11:07.984542,3.377,6.032,1.270,0.252
2025-12-05T03:11:08.019869,3.377,6.032,1.270,0.252
2025-12-05T03:11:08.048458,3.377,6.032,1.270,0.252
2025-12-05T03:11:08.082326,3.377,6.032,1.270,0.252
2025-12-05T03:11:08.119154,3.377,6.032,1.270,0.252
2025-12-05T03:11:08.154795,3.377,6.032,1.270,0.252
2025-12-05T03:11:08.187736,3.377,6.032,1.270,0.252
2025-12-05T03:11:08.218937,3.377,6.032,1.270,0.252
2025-12-05T03:11:08.253985,3.377,6.032,1.270,0.252
2025-12-05T03:11:08.281317,3.377,6.032,1.270,0.252
2025-12-05T03:11:08.310123,3.377,6.032,1.270,0.252
2025-12-05T03:11:08.342849,3.377,6.032,1.270,0.252
2025-12-05T03:11:08.379401,3.377,6.032,1.270,0.252
2025-12-05T03:11:08.413647,3.377,6.032,1.270,0.252
2025-12-05T03:11:08.443415,3.377,6.032,1.270,0.252
2025-12-05T03:11:08.477132,3.377,6.032,1.270,0.252
2025-12-05T03:11:08.508796,3.377,6.032,1.270,0.252
2025-12-05T03:11:08.538931,3.377,6.032,1.270,0.252
2025-12-05T03:11:08.571076,3.377,6.032,1.270,0.252
2025-12-05T03:11:08.600473,3.377,6.032,1.270,0.252
2025-12-05T03:11:08.632743,3.377,6.032,1.270,0.252
2025-12-05T03:11:08.670142,3.377,6.032,1.270,0.252
2025-12-05T03:11:08.708402,3.377,6.032,1.270,0.252
2025-12-05T03:11:08.740100,3.377,6.032,1.270,0.252
2025-12-05T03:11:08.772110,3.377,6.032,1.270,0.252
2025-12-05T03:11:08.806440,3.377,6.032,1.270,0.252
2025-12-05T03:11:08.837230,3.377,6.032,1.270,0.252
2025-12-05T03:11:08.868759,3.377,6.032,1.270,0.252
2025-12-05T03:11:08.897110,3.377,6.032,1.270,0.252
2025-12-05T03:11:08.925558,3.377,6.032,1.270,0.252
2025-12-05T03:11:08.956318,3.377,6.032,1.270,0.252
2025-12-05T03:11:08.990672,3.377,6.032,1.270,0.252
2025-12-05T03:11:09.023201,3.377,6.032,1.270,0.252
2025-12-05T03:11:09.058502,3.377,6.032,1.270,0.252
2025-12-05T03:11:09.094698,3.377,6.032,1.270,0.252
2025-12-05T03:11:09.121887,3.377,6.032,1.270,0.252
2025-12-05T03:11:09.151648,3.377,6.032,1.270,0.252
2025-12-05T03:11:09.185242,3.377,6.032,1.270,0.252
2025-12-05T03:11:09.216326,3.377,6.032,1.270,0.252
2025-12-05T03:11:09.251732,3.377,6.032,1.270,0.252
2025-12-05T03:11:09.285101,3.377,6.032,1.270,0.252
2025-12-05T03:11:09.317440,3.377,6.032,1.270,0.252
2025-12-05T03:11:09.351594,3.377,6.032,1.270,0.252
2025-12-05T03:11:09.382153,3.377,6.032,1.270,0.252
2025-12-05T03:11:09.415877,3.377,6.032,1.270,0.252
2025-12-05T03:11:09.446718,3.377,6.032,1.270,0.252
2025-12-05T03:11:09.479513,3.377,6.032,1.270,0.252
2025-12-05T03:11:09.515086,3.377,6.032,1.270,0.252
2025-12-05T03:11:09.548318,3.377,6.032,1.270,0.252
2025-12-05T03:11:09.580339,3.377,6.032,1.270,0.252
2025-12-05T03:11:09.609285,3.377,6.032,1.270,0.252
2025-12-05T03:11:09.639526,3.377,6.032,1.270,0.252
2025-12-05T03:11:09.674967,3.377,6.032,1.270,0.252
2025-12-05T03:11:09.711032,3.377,6.032,1.270,0.252
2025-12-05T03:11:09.744078,3.377,6.032,1.270,0.252
2025-12-05T03:11:09.774534,3.377,6.032,1.270,0.252
2025-12-05T03:11:09.809714,3.355,6.029,1.270,0.224
2025-12-05T03:11:09.835937,3.334,6.026,1.270,0.196
2025-12-05T03:11:09.870287,3.312,6.022,1.270,0.167
2025-12-05T03:11:09.899602,3.291,6.020,1.270,0.139
2025-12-05T03:11:09.928643,3.270,6.017,1.270,0.110
2025-12-05T03:11:09.962835,3.251,6.014,1.270,0.082
2025-12-05T03:11:09.994756,3.233,6.012,1.270,0.053
2025-12-05T03:11:10.031455,3.216,6.010,1.270,0.024
2025-12-05T03:11:10.065155,3.200,6.007,1.270,-0.005
2025-12-05T03:11:10.093898,3.184,6.005,1.270,-0.034
2025-12-05T03:11:10.123720,3.170,6.004,1.270,-0.062
2025-12-05T03:11:10.158882,3.157,6.002,1.270,-0.091
2025-12-05T03:11:10.188369,3.145,6.000,1.270,-0.120
2025-12-05T03:11:10.215806,3.133,5.999,1.270,-0.148
2025-12-05T03:11:10.252123,3.123,5.998,1.270,-0.177
2025-12-05T03:11:10.281263,3.112,5.996,1.270,-0.205
2025-12-05T03:11:10.315200,3.103,5.995,1.270,-0.233
2025-12-05T03:11:10.348034,3.094,5.994,1.270,-0.261
2025-12-05T03:11:10.382719,3.086,5.993,1.270,-0.289
2025-12-05T03:11:10.415746,3.078,5.992,1.270,-0.316
2025-12-05T03:11:10.453887,3.071,5.991,1.270,-0.343
2025-12-05T03:11:10.486045,3.064,5.990,1.270,-0.370
2025-12-05T03:11:10.521200,3.058,5.989,1.270,-0.397
2025-12-05T03:11:10.553536,3.052,5.989,1.270,-0.423
2025-12-05T03:11:10.583848,3.046,5.988,1.270,-0.449
2025-12-05T03:11:10.613609,3.041,5.987,1.270,-0.474
2025-12-05T03:11:10.647233,3.036,5.987,1.270,-0.500
2025-12-05T03:11:10.681186,3.031,5.986,1.270,-0.524
2025-12-05T03:11:10.711192,3.027,5.985,1.270,-0.549
2025-12-05T03:11:10.741969,3.023,5.985,1.270,-0.573
2025-12-05T03:11:10.774665,3.019,5.985,1.270,-0.596
2025-12-05T03:11:10.808723,3.016,5.984,1.270,-0.619
2025-12-05T03:11:10.842911,3.013,5.984,1.270,-0.641
2025-12-05T03:11:10.871282,3.010,5.983,1.270,-0.663
2025-12-05T03:11:10.908014,3.007,5.983,1.270,-0.684
2025-12-05T03:11:10.940669,3.004,5.983,1.270,-0.705
2025-12-05T03:11:10.971921,3.001,5.982,1.270,-0.725
2025-12-05T03:11:11.009384,2.999,5.982,1.270,-0.745
2025-12-05T03:11:11.040509,2.997,5.982,1.270,-0.764
2025-12-05T03:11:11.071669,2.995,5.981,1.270,-0.782
2025-12-05T03:11:11.102227,2.993,5.981,1.270,-0.799
2025-12-05T03:11:11.133049,2.991,5.981,1.270,-0.816
2025-12-05T03:11:11.166874,2.989,5.981,1.270,-0.833
2025-12-05T03:11:11.196135,2.988,5.981,1.270,-0.848
2025-12-05T03:11:11.232895,2.986,5.980,1.270,-0.863
2025-12-05T03:11:11.266733,2.985,5.980,1.270,-0.877
2025-12-05T03:11:11.297181,2.984,5.980,1.270,-0.891
2025-12-05T03:11:11.330524,2.972,5.965,1.270,-0.891
2025-12-05T03:11:11.361699,2.960,5.951,1.270,-0.891
2025-12-05T03:11:11.391646,2.948,5.936,1.270,-0.891
2025-12-05T03:11:11.428392,2.937,5.921,1.270,-0.891
2025-12-05T03:11:11.457441,2.925,5.906,1.270,-0.891
2025-12-05T03:11:11.492431,2.913,5.890,1.270,-0.891
2025-12-05T03:11:11.524534,2.901,5.875,1.270,-0.891
2025-12-05T03:11:11.558333,2.889,5.860,1.270,-0.891
2025-12-05T03:11:11.595851,2.877,5.844,1.270,-0.891
2025-12-05T03:11:11.625380,2.865,5.829,1.270,-0.891
2025-12-05T03:11:11.654984,2.854,5.813,1.270,-0.891
2025-12-05T03:11:11.688537,2.842,5.798,1.270,-0.891
2025-12-05T03:11:11.722686,2.830,5.782,1.270,-0.891
2025-12-05T03:11:11.754222,2.818,5.766,1.270,-0.891
2025-12-05T03:11:11.785794,2.806,5.750,1.270,-0.891
2025-12-05T03:11:11.820317,2.794,5.734,1.270,-0.891
2025-12-05T03:11:11.848000,2.782,5.718,1.270,-0.891
2025-12-05T03:11:11.884650,2.770,5.702,1.270,-0.891
2025-12-05T03:11:11.916802,2.758,5.686,1.270,-0.891
2025-12-05T03:11:11.942463,2.746,5.670,1.270,-0.891
2025-12-05T03:11:11.975419,2.734,5.654,1.270,-0.891
2025-12-05T03:11:12.007209,2.722,5.638,1.270,-0.891
2025-12-05T03:11:12.044186,2.710,5.622,1.270,-0.891
2025-12-05T03:11:12.077152,2.698,5.606,1.270,-0.891
2025-12-05T03:11:12.108865,2.686,5.590,1.270,-0.891
2025-12-05T03:11:12.144215,2.674,5.573,1.270,-0.891
2025-12-05T03:11:12.177070,2.662,5.557,1.270,-0.891
2025-12-05T03:11:12.207384,2.650,5.541,1.270,-0.891
2025-12-05T03:11:12.235762,2.638,5.525,1.270,-0.891
2025-12-05T03:11:12.267846,2.626,5.508,1.270,-0.891
2025-12-05T03:11:12.298451,2.614,5.492,1.270,-0.891
2025-12-05T03:11:12.332634,2.602,5.476,1.270,-0.891
2025-12-05T03:11:12.368590,2.590,5.459,1.270,-0.891
2025-12-05T03:11:12.399779,2.578,5.443,1.270,-0.891
2025-12-05T03:11:12.429670,2.566,5.426,1.270,-0.891
2025-12-05T03:11:12.465051,2.554,5.410,1.270,-0.891
2025-12-05T03:11:12.492984,2.542,5.394,1.270,-0.891
2025-12-05T03:11:12.528618,2.530,5.377,1.270,-0.891
2025-12-05T03:11:12.563065,2.518,5.361,1.270,-0.891
2025-12-05T03:11:12.595475,2.506,5.344,1.270,-0.891
2025-12-05T03:11:12.631333,2.494,5.328,1.270,-0.891
2025-12-05T03:11:12.661897,2.482,5.311,1.270,-0.891
2025-12-05T03:11:12.689549,2.470,5.295,1.270,-0.891
2025-12-05T03:11:12.719076,2.458,5.278,1.270,-0.891
2025-12-05T03:11:12.750061,2.446,5.262,1.270,-0.891
2025-12-05T03:11:12.784145,2.434,5.245,1.270,-0.891
2025-12-05T03:11:12.815553,2.422,5.229,1.270,-0.891
2025-12-05T03:11:12.851448,2.410,5.212,1.270,-0.891
2025-12-05T03:11:12.881544,2.398,5.196,1.270,-0.891
2025-12-05T03:11:12.914848,2.386,5.179,1.270,-0.891
2025-12-05T03:11:12.946049,2.374,5.163,1.270,-0.891
2025-12-05T03:11:12.978113,2.362,5.146,1.270,-0.891
2025-12-05T03:11:13.014462,2.350,5.130,1.270,-0.891
2025-12-05T03:11:13.045014,2.338,5.113,1.270,-0.891
2025-12-05T03:11:13.073849,2.326,5.097,1.270,-0.891
2025-12-05T03:11:13.111977,2.314,5.080,1.270,-0.891
2025-12-05T03:11:13.141262,2.302,5.064,1.270,-0.891
2025-12-05T03:11:13.176133,2.290,5.047,1.270,-0.891
2025-12-05T03:11:13.207473,2.278,5.030,1.270,-0.891
2025-12-05T03:11:13.239099,2.266,5.014,1.270,-0.891
2025-12-05T03:11:13.273852,2.254,4.997,1.270,-0.891
2025-12-05T03:11:13.305271,2.242,4.981,1.270,-0.891
2025-12-05T03:11:13.337300,2.230,4.964,1.270,-0.891
2025-12-05T03:11:13.373317,2.218,4.948,1.270,-0.891
2025-12-05T03:11:13.407096,2.206,4.931,1.270,-0.891
2025-12-05T03:11:13.440664,2.194,4.914,1.270,-0.891
2025-12-05T03:11:13.466644,2.181,4.898,1.270,-0.891
2025-12-05T03:11:13.494836,2.169,4.881,1.270,-0.891
2025-12-05T03:11:13.528384,2.157,4.865,1.270,-0.891
2025-12-05T03:11:13.562058,2.145,4.848,1.270,-0.891
2025-12-05T03:11:13.596860,2.133,4.832,1.270,-0.891
2025-12-05T03:11:13.628033,2.121,4.815,1.270,-0.891
2025-12-05T03:11:13.664909,2.109,4.798,1.270,-0.891
2025-12-05T03:11:13.697262,2.097,4.782,1.270,-0.891
2025-12-05T03:11:13.730984,2.085,4.765,1.270,-0.891
2025-12-05T03:11:13.763198,2.073,4.749,1.270,-0.891
2025-12-05T03:11:13.794382,2.061,4.732,1.270,-0.891
2025-12-05T03:11:13.823450,2.049,4.715,1.270,-0.891
2025-12-05T03:11:13.857658,2.037,4.699,1.270,-0.891
2025-12-05T03:11:13.886063,2.025,4.682,1.270,-0.891
2025-12-05T03:11:13.919643,2.013,4.666,1.270,-0.891
2025-12-05T03:11:13.956614,2.001,4.649,1.270,-0.891
2025-12-05T03:11:13.992706,1.989,4.633,1.270,-0.891
2025-12-05T03:11:14.023977,1.977,4.616,1.270,-0.891
2025-12-05T03:11:14.051549,1.965,4.599,1.270,-0.891
2025-12-05T03:11:14.084713,1.953,4.583,1.270,-0.891
2025-12-05T03:11:14.110352,1.941,4.566,1.270,-0.891
2025-12-05T03:11:14.142051,1.929,4.550,1.270,-0.891
2025-12-05T03:11:14.178558,1.917,4.533,1.270,-0.891
2025-12-05T03:11:14.213242,1.905,4.516,1.270,-0.891
2025-12-05T03:11:14.244469,1.893,4.500,1.270,-0.891
2025-12-05T03:11:14.278963,1.880,4.483,1.270,-0.891
2025-12-05T03:11:14.314074,1.868,4.467,1.270,-0.891
2025-12-05T03:11:14.346056,1.856,4.450,1.270,-0.891
2025-12-05T03:11:14.378216,1.844,4.433,1.270,-0.891
2025-12-05T03:11:14.407248,1.832,4.417,1.270,-0.891
2025-12-05T03:11:14.435970,1.820,4.400,1.270,-0.891
2025-12-05T03:11:14.467892,1.808,4.384,1.270,-0.891
2025-12-05T03:11:14.503985,1.796,4.367,1.270,-0.891
2025-12-05T03:11:14.538335,1.784,4.350,1.270,-0.891
2025-12-05T03:11:14.568763,1.772,4.334,1.270,-0.891
2025-12-05T03:11:14.608460,1.760,4.317,1.270,-0.891
2025-12-05T03:11:14.639313,1.748,4.301,1.270,-0.891
2025-12-05T03:11:14.672118,1.736,4.284,1.270,-0.891
2025-12-05T03:11:14.702845,1.724,4.267,1.270,-0.891
2025-12-05T03:11:14.734899,1.712,4.251,1.270,-0.891
2025-12-05T03:11:14.765301,1.700,4.234,1.270,-0.891
2025-12-05T03:11:14.794287,1.688,4.218,1.270,-0.891
2025-12-05T03:11:14.828497,1.676,4.201,1.270,-0.891
2025-12-05T03:11:14.864837,1.664,4.184,1.270,-0.891
2025-12-05T03:11:14.892888,1.652,4.168,1.270,-0.891
2025-12-05T03:11:14.928403,1.640,4.151,1.270,-0.891
2025-12-05T03:11:14.960472,1.628,4.135,1.270,-0.891
2025-12-05T03:11:14.995022,1.616,4.118,1.270,-0.891
2025-12-05T03:11:15.030479,1.604,4.101,1.270,-0.891
2025-12-05T03:11:15.067940,1.591,4.085,1.270,-0.891
2025-12-05T03:11:15.096181,1.590,4.083,1.270,-0.877
2025-12-05T03:11:15.124609,1.589,4.081,1.270,-0.863
2025-12-05T03:11:15.153508,1.587,4.079,1.270,-0.848
2025-12-05T03:11:15.186484,1.586,4.077,1.270,-0.833
2025-12-05T03:11:15.220357,1.585,4.076,1.270,-0.816
2025-12-05T03:11:15.254947,1.584,4.074,1.270,-0.799
2025-12-05T03:11:15.288979,1.583,4.073,1.270,-0.782
2025-12-05T03:11:15.322026,1.582,4.071,1.270,-0.764
2025-12-05T03:11:15.351906,1.581,4.070,1.270,-0.745
2025-12-05T03:11:15.385096,1.580,4.069,1.270,-0.725
2025-12-05T03:11:15.413970,1.579,4.068,1.270,-0.705
2025-12-05T03:11:15.444480,1.578,4.067,1.270,-0.684
2025-12-05T03:11:15.476219,1.578,4.066,1.270,-0.663
2025-12-05T03:11:15.523363,1.577,4.065,1.270,-0.641
2025-12-05T03:11:15.544270,1.577,4.064,1.270,-0.619
2025-12-05T03:11:15.578587,1.576,4.063,1.270,-0.596
2025-12-05T03:11:15.611608,1.575,4.063,1.270,-0.573
2025-12-05T03:11:15.641938,1.581,4.045,1.270,-0.573
2025-12-05T03:11:15.675245,1.587,4.028,1.270,-0.573
2025-12-05T03:11:15.708031,1.593,4.010,1.270,-0.573
2025-12-05T03:11:15.738555,1.599,3.992,1.270,-0.573
2025-12-05T03:11:15.769646,1.599,3.991,1.270,-0.596
2025-12-05T03:11:15.807378,1.598,3.990,1.270,-0.619
2025-12-05T03:11:15.838913,1.598,3.989,1.270,-0.641
2025-12-05T03:11:15.872652,1.598,3.988,1.270,-0.663
2025-12-05T03:11:15.902759,1.598,3.987,1.270,-0.684
2025-12-05T03:11:15.932355,1.598,3.987,1.270,-0.705
2025-12-05T03:11:15.964314,1.598,3.986,1.270,-0.725
2025-12-05T03:11:15.996879,1.598,3.985,1.270,-0.745
2025-12-05T03:11:16.031846,1.597,3.984,1.270,-0.764
2025-12-05T03:11:16.062249,1.597,3.984,1.270,-0.782
2025-12-05T03:11:16.095922,1.597,3.983,1.270,-0.799
2025-12-05T03:11:16.127102,1.597,3.983,1.270,-0.816
2025-12-05T03:11:16.161830,1.597,3.982,1.270,-0.833
2025-12-05T03:11:16.194283,1.597,3.982,1.270,-0.848
2025-12-05T03:11:16.225490,1.597,3.981,1.270,-0.863
2025-12-05T03:11:16.256963,1.597,3.981,1.270,-0.877
2025-12-05T03:11:16.291235,1.597,3.981,1.270,-0.891
2025-12-05T03:11:16.327455,1.597,3.980,1.270,-0.904
2025-12-05T03:11:16.355966,1.597,3.980,1.270,-0.916
2025-12-05T03:11:16.387145,1.597,3.980,1.270,-0.927
2025-12-05T03:11:16.419083,1.597,3.979,1.270,-0.937
2025-12-05T03:11:16.453106,1.597,3.979,1.270,-0.947
2025-12-05T03:11:16.485680,1.597,3.979,1.270,-0.956
2025-12-05T03:11:16.514485,1.597,3.979,1.270,-0.964
2025-12-05T03:11:16.551550,1.581,3.969,1.270,-0.964
2025-12-05T03:11:16.581535,1.566,3.960,1.270,-0.964
2025-12-05T03:11:16.617042,1.550,3.950,1.270,-0.964
2025-12-05T03:11:16.648118,1.534,3.940,1.270,-0.964
2025-12-05T03:11:16.682022,1.518,3.931,1.270,-0.964
2025-12-05T03:11:16.711800,1.502,3.921,1.270,-0.964
2025-12-05T03:11:16.741951,1.486,3.911,1.270,-0.964
2025-12-05T03:11:16.778999,1.470,3.901,1.270,-0.964
2025-12-05T03:11:16.811872,1.454,3.891,1.270,-0.964
2025-12-05T03:11:16.844545,1.437,3.881,1.270,-0.964
2025-12-05T03:11:16.876713,1.421,3.872,1.270,-0.964
2025-12-05T03:11:16.906555,1.404,3.862,1.270,-0.964
2025-12-05T03:11:16.941741,1.388,3.851,1.270,-0.964
2025-12-05T03:11:16.977820,1.371,3.841,1.270,-0.964
2025-12-05T03:11:17.008773,1.354,3.831,1.270,-0.964
2025-12-05T03:11:17.036394,1.337,3.821,1.270,-0.964
2025-12-05T03:11:17.071626,1.321,3.811,1.270,-0.964
2025-12-05T03:11:17.104548,1.304,3.801,1.270,-0.964
2025-12-05T03:11:17.132088,1.287,3.791,1.270,-0.964
2025-12-05T03:11:17.161777,1.270,3.780,1.270,-0.964
2025-12-05T03:11:17.194565,1.253,3.770,1.270,-0.964
2025-12-05T03:11:17.228274,1.236,3.760,1.270,-0.964
2025-12-05T03:11:17.264314,1.219,3.750,1.270,-0.964
2025-12-05T03:11:17.295032,1.202,3.739,1.270,-0.964
2025-12-05T03:11:17.328421,1.184,3.729,1.270,-0.964
2025-12-05T03:11:17.355676,1.167,3.719,1.270,-0.964
2025-12-05T03:11:17.385381,1.150,3.708,1.270,-0.964
2025-12-05T03:11:17.425267,1.133,3.698,1.270,-0.964
2025-12-05T03:11:17.453768,1.116,3.688,1.270,-0.964
2025-12-05T03:11:17.489112,1.098,3.677,1.270,-0.964
2025-12-05T03:11:17.522874,1.081,3.667,1.270,-0.964
2025-12-05T03:11:17.555434,1.064,3.656,1.270,-0.964
2025-12-05T03:11:17.588329,1.046,3.646,1.270,-0.964
2025-12-05T03:11:17.619529,1.029,3.636,1.270,-0.964
2025-12-05T03:11:17.651869,1.012,3.625,1.270,-0.964
2025-12-05T03:11:17.678152,0.994,3.615,1.270,-0.964
2025-12-05T03:11:17.715828,0.977,3.604,1.270,-0.964
2025-12-05T03:11:17.797560,0.960,3.594,1.270,-0.964
2025-12-05T03:11:17.806829,0.942,3.583,1.270,-0.964
2025-12-05T03:11:17.828619,0.925,3.573,1.270,-0.964
2025-12-05T03:11:17.858583,0.907,3.562,1.270,-0.964
2025-12-05T03:11:17.892264,0.905,3.561,1.270,-0.956
2025-12-05T03:11:17.917825,0.903,3.560,1.270,-0.947
2025-12-05T03:11:17.949607,0.901,3.559,1.270,-0.937
2025-12-05T03:11:17.975290,0.900,3.558,1.270,-0.927
2025-12-05T03:11:18.005017,0.898,3.557,1.270,-0.916
2025-12-05T03:11:18.044290,0.897,3.556,1.270,-0.904
2025-12-05T03:11:18.071484,0.895,3.555,1.270,-0.891
2025-12-05T03:11:18.112580,0.894,3.554,1.270,-0.877
2025-12-05T03:11:18.148673,0.893,3.554,1.270,-0.863
2025-12-05T03:11:18.176999,0.892,3.553,1.270,-0.848
2025-12-05T03:11:18.210791,0.890,3.552,1.270,-0.833
2025-12-05T03:11:18.240558,0.889,3.552,1.270,-0.816
2025-12-05T03:11:18.275160,0.889,3.551,1.270,-0.799
2025-12-05T03:11:18.304406,0.888,3.551,1.270,-0.782
2025-12-05T03:11:18.335373,0.883,3.533,1.270,-0.782
2025-12-05T03:11:18.368323,0.878,3.514,1.270,-0.782
2025-12-05T03:11:18.407444,0.873,3.496,1.270,-0.782
2025-12-05T03:11:18.439672,0.869,3.478,1.270,-0.782
2025-12-05T03:11:18.471130,0.864,3.459,1.270,-0.782
2025-12-05T03:11:18.502965,0.859,3.441,1.270,-0.782
2025-12-05T03:11:18.532454,0.854,3.422,1.270,-0.782
2025-12-05T03:11:18.567419,0.850,3.404,1.270,-0.782
2025-12-05T03:11:18.598367,0.845,3.385,1.270,-0.782
2025-12-05T03:11:18.628211,0.840,3.366,1.270,-0.782
2025-12-05T03:11:18.661853,0.835,3.347,1.270,-0.782
2025-12-05T03:11:18.697773,0.831,3.328,1.270,-0.782
2025-12-05T03:11:18.724901,0.826,3.309,1.270,-0.782
2025-12-05T03:11:18.759768,0.821,3.290,1.270,-0.782
2025-12-05T03:11:18.793495,0.817,3.271,1.270,-0.782
2025-12-05T03:11:18.820528,0.812,3.251,1.270,-0.782
2025-12-05T03:11:18.858890,0.807,3.232,1.270,-0.782
2025-12-05T03:11:18.892253,0.803,3.213,1.270,-0.782
2025-12-05T03:11:18.921967,0.798,3.193,1.270,-0.782
2025-12-05T03:11:18.956036,0.794,3.174,1.270,-0.782
2025-12-05T03:11:18.986782,0.789,3.154,1.270,-0.782
2025-12-05T03:11:19.017151,0.784,3.135,1.270,-0.782
2025-12-05T03:11:19.049025,0.780,3.115,1.270,-0.782
2025-12-05T03:11:19.081828,0.775,3.096,1.270,-0.782
2025-12-05T03:11:19.117353,0.770,3.076,1.270,-0.782
2025-12-05T03:11:19.143127,0.766,3.057,1.270,-0.782
2025-12-05T03:11:19.182402,0.761,3.037,1.270,-0.782
2025-12-05T03:11:19.212809,0.757,3.017,1.270,-0.782
2025-12-05T03:11:19.248125,0.752,2.998,1.270,-0.782
2025-12-05T03:11:19.277848,0.747,2.978,1.270,-0.782
2025-12-05T03:11:19.308138,0.743,2.958,1.270,-0.782
2025-12-05T03:11:19.339753,0.738,2.939,1.270,-0.782
2025-12-05T03:11:19.371445,0.734,2.919,1.270,-0.782
2025-12-05T03:11:19.407842,0.729,2.899,1.270,-0.782
2025-12-05T03:11:19.443835,0.724,2.879,1.270,-0.782
2025-12-05T03:11:19.472958,0.720,2.859,1.270,-0.782
2025-12-05T03:11:19.506632,0.715,2.840,1.270,-0.782
2025-12-05T03:11:19.540028,0.711,2.820,1.270,-0.782
2025-12-05T03:11:19.568756,0.706,2.800,1.270,-0.782
2025-12-05T03:11:19.604580,0.702,2.780,1.270,-0.782
2025-12-05T03:11:19.636497,0.697,2.760,1.270,-0.782
2025-12-05T03:11:19.667692,0.692,2.740,1.270,-0.782
2025-12-05T03:11:19.704989,0.688,2.721,1.270,-0.782
2025-12-05T03:11:19.734333,0.683,2.701,1.270,-0.782
2025-12-05T03:11:19.760392,0.679,2.681,1.270,-0.782
2025-12-05T03:11:19.793133,0.674,2.661,1.270,-0.782
2025-12-05T03:11:19.823742,0.670,2.641,1.270,-0.782
2025-12-05T03:11:19.858058,0.665,2.621,1.270,-0.782
2025-12-05T03:11:19.893011,0.660,2.601,1.270,-0.782
2025-12-05T03:11:19.923074,0.656,2.581,1.270,-0.782
2025-12-05T03:11:19.955710,0.651,2.561,1.270,-0.782
2025-12-05T03:11:19.995716,0.647,2.542,1.270,-0.782
2025-12-05T03:11:20.026843,0.642,2.522,1.270,-0.782
2025-12-05T03:11:20.058499,0.638,2.502,1.270,-0.782
2025-12-05T03:11:20.086049,0.633,2.482,1.270,-0.782
2025-12-05T03:11:20.118963,0.628,2.462,1.270,-0.782
2025-12-05T03:11:20.146605,0.624,2.442,1.270,-0.782
2025-12-05T03:11:20.180519,0.619,2.422,1.270,-0.782
2025-12-05T03:11:20.212643,0.615,2.402,1.270,-0.782
2025-12-05T03:11:20.242176,0.610,2.382,1.270,-0.782
2025-12-05T03:11:20.278377,0.606,2.362,1.270,-0.782
2025-12-05T03:11:20.313608,0.601,2.342,1.270,-0.782
2025-12-05T03:11:20.345681,0.596,2.322,1.270,-0.782
2025-12-05T03:11:20.377632,0.592,2.302,1.270,-0.782
2025-12-05T03:11:20.411227,0.587,2.282,1.270,-0.782
2025-12-05T03:11:20.443986,0.583,2.262,1.270,-0.782
2025-12-05T03:11:20.473628,0.578,2.242,1.270,-0.782
2025-12-05T03:11:20.506375,0.574,2.222,1.270,-0.782
2025-12-05T03:11:20.536359,0.569,2.202,1.270,-0.782
2025-12-05T03:11:20.566738,0.564,2.182,1.270,-0.782
2025-12-05T03:11:20.599050,0.560,2.162,1.270,-0.782
2025-12-05T03:11:20.636622,0.555,2.142,1.270,-0.782
2025-12-05T03:11:20.671263,0.551,2.122,1.270,-0.782
2025-12-05T03:11:20.710851,0.546,2.102,1.270,-0.782
2025-12-05T03:11:20.739133,0.542,2.082,1.270,-0.782
2025-12-05T03:11:20.774250,0.537,2.062,1.270,-0.782
2025-12-05T03:11:20.802961,0.533,2.042,1.270,-0.782
2025-12-05T03:11:20.831761,0.528,2.023,1.270,-0.782
2025-12-05T03:11:20.860954,0.523,2.003,1.270,-0.782
2025-12-05T03:11:20.888232,0.519,1.983,1.270,-0.782
2025-12-05T03:11:20.925769,0.514,1.963,1.270,-0.782
2025-12-05T03:11:20.957056,0.510,1.943,1.270,-0.782
2025-12-05T03:11:20.993916,0.505,1.923,1.270,-0.782
2025-12-05T03:11:21.027471,0.501,1.903,1.270,-0.782
2025-12-05T03:11:21.058701,0.496,1.883,1.270,-0.782
2025-12-05T03:11:21.092899,0.491,1.863,1.270,-0.782
2025-12-05T03:11:21.123326,0.487,1.843,1.270,-0.782
2025-12-05T03:11:21.158311,0.482,1.823,1.270,-0.782
2025-12-05T03:11:21.189135,0.478,1.803,1.270,-0.782
2025-12-05T03:11:21.219646,0.473,1.783,1.270,-0.782
2025-12-05T03:11:21.252010,0.469,1.763,1.270,-0.782
2025-12-05T03:11:21.283876,0.464,1.743,1.270,-0.782
2025-12-05T03:11:21.317888,0.459,1.723,1.270,-0.782
2025-12-05T03:11:21.353352,0.459,1.723,1.270,-0.782
2025-12-05T03:11:21.383836,0.459,1.723,1.270,-0.782
2025-12-05T03:11:21.414655,0.459,1.723,1.270,-0.782
2025-12-05T03:11:21.450022,0.459,1.723,1.270,-0.782
2025-12-05T03:11:21.481508,0.459,1.723,1.270,-0.782
2025-12-05T03:11:21.513642,0.459,1.723,1.270,-0.782
2025-12-05T03:11:21.543509,0.459,1.723,1.270,-0.782
2025-12-05T03:11:21.576566,0.459,1.723,1.270,-0.782
2025-12-05T03:11:21.610855,0.459,1.723,1.270,-0.782
2025-12-05T03:11:21.646323,0.459,1.723,1.270,-0.782
2025-12-05T03:11:21.677968,0.459,1.723,1.270,-0.782
2025-12-05T03:11:21.709487,0.459,1.723,1.270,-0.782
2025-12-05T03:11:21.740620,0.459,1.723,1.270,-0.782
2025-12-05T03:11:21.770076,0.459,1.723,1.270,-0.782
2025-12-05T03:11:21.801013,0.459,1.723,1.270,-0.782
2025-12-05T03:11:21.832532,0.459,1.723,1.270,-0.782
2025-12-05T03:11:21.860677,0.459,1.723,1.270,-0.782
2025-12-05T03:11:21.893932,0.459,1.723,1.270,-0.782
2025-12-05T03:11:21.931269,0.459,1.723,1.270,-0.782
2025-12-05T03:11:21.966650,0.459,1.723,1.270,-0.782
2025-12-05T03:11:22.000449,0.459,1.723,1.270,-0.782
2025-12-05T03:11:22.030554,0.459,1.723,1.270,-0.782
2025-12-05T03:11:22.064454,0.459,1.723,1.270,-0.782
2025-12-05T03:11:22.096167,0.459,1.723,1.270,-0.782
2025-12-05T03:11:22.129415,0.459,1.723,1.270,-0.782
2025-12-05T03:11:22.161435,0.459,1.723,1.270,-0.782
2025-12-05T03:11:22.191369,0.459,1.723,1.270,-0.782
2025-12-05T03:11:22.220885,0.459,1.723,1.270,-0.782
2025-12-05T03:11:22.256953,0.459,1.723,1.270,-0.782
2025-12-05T03:11:22.292577,0.459,1.723,1.270,-0.782
2025-12-05T03:11:22.326756,0.459,1.723,1.270,-0.782
2025-12-05T03:11:22.358252,0.459,1.723,1.270,-0.782
2025-12-05T03:11:22.391843,0.459,1.723,1.270,-0.782
2025-12-05T03:11:22.419997,0.459,1.723,1.270,-0.782
2025-12-05T03:11:22.456165,0.459,1.723,1.270,-0.782
2025-12-05T03:11:22.489316,0.459,1.723,1.270,-0.782
2025-12-05T03:11:22.524822,0.459,1.723,1.270,-0.782
2025-12-05T03:11:22.553628,0.459,1.723,1.270,-0.782
2025-12-05T03:11:22.587317,0.459,1.723,1.270,-0.782
2025-12-05T03:11:22.615768,0.459,1.723,1.270,-0.782
2025-12-05T03:11:22.646564,0.459,1.723,1.270,-0.782
2025-12-05T03:11:22.677332,0.459,1.723,1.270,-0.782
2025-12-05T03:11:22.710132,0.459,1.723,1.270,-0.782
2025-12-05T03:11:22.741229,0.459,1.723,1.270,-0.782
2025-12-05T03:11:22.773705,0.459,1.723,1.270,-0.782
2025-12-05T03:11:22.807585,0.459,1.723,1.270,-0.782
2025-12-05T03:11:22.839037,0.459,1.723,1.270,-0.782
2025-12-05T03:11:22.874220,0.459,1.723,1.270,-0.782
2025-12-05T03:11:22.907647,0.459,1.723,1.270,-0.782
2025-12-05T03:11:22.939449,0.459,1.723,1.270,-0.782
2025-12-05T03:11:22.967303,0.459,1.723,1.270,-0.782
2025-12-05T03:11:22.997340,0.459,1.723,1.270,-0.782
2025-12-05T03:11:23.028565,0.459,1.723,1.270,-0.782
2025-12-05T03:11:23.062873,0.459,1.723,1.270,-0.782
2025-12-05T03:11:23.098066,0.459,1.723,1.270,-0.782
2025-12-05T03:11:23.129953,0.459,1.723,1.270,-0.782
2025-12-05T03:11:23.161893,0.459,1.723,1.270,-0.782
2025-12-05T03:11:23.197741,0.459,1.723,1.270,-0.782
2025-12-05T03:11:23.231348,0.459,1.723,1.270,-0.782
2025-12-05T03:11:23.263045,0.459,1.723,1.270,-0.782
2025-12-05T03:11:23.292648,0.459,1.723,1.270,-0.782
2025-12-05T03:11:23.324604,0.459,1.723,1.270,-0.782
2025-12-05T03:11:23.356067,0.459,1.723,1.270,-0.782
2025-12-05T03:11:23.387282,0.459,1.723,1.270,-0.782
2025-12-05T03:11:23.418968,0.459,1.723,1.270,-0.782
2025-12-05T03:11:23.452292,0.459,1.723,1.270,-0.782
2025-12-05T03:11:23.485979,0.459,1.723,1.270,-0.782
2025-12-05T03:11:23.518714,0.459,1.723,1.270,-0.782
2025-12-05T03:11:23.555352,0.459,1.723,1.270,-0.782
2025-12-05T03:11:23.590243,0.459,1.723,1.270,-0.782
2025-12-05T03:11:23.618396,0.459,1.723,1.270,-0.782
2025-12-05T03:11:23.652598,0.459,1.723,1.270,-0.782
2025-12-05T03:11:23.684278,0.459,1.723,1.270,-0.782
2025-12-05T03:11:23.714700,0.459,1.723,1.270,-0.782
2025-12-05T03:11:23.747485,0.459,1.723,1.270,-0.782
2025-12-05T03:11:23.778580,0.459,1.723,1.270,-0.782
2025-12-05T03:11:23.819341,0.459,1.723,1.270,-0.782
2025-12-05T03:11:23.843988,0.459,1.723,1.270,-0.782
2025-12-05T03:11:23.877484,0.459,1.723,1.270,-0.782
2025-12-05T03:11:23.914247,0.459,1.723,1.270,-0.782
2025-12-05T03:11:23.953808,0.459,1.723,1.270,-0.782
2025-12-05T03:11:23.988328,0.459,1.723,1.270,-0.782
2025-12-05T03:11:24.018776,0.459,1.723,1.270,-0.782
2025-12-05T03:11:24.049833,0.459,1.723,1.270,-0.782
2025-12-05T03:11:24.080857,0.459,1.723,1.270,-0.782
2025-12-05T03:11:24.109281,0.459,1.723,1.270,-0.782
2025-12-05T03:11:24.143904,0.459,1.723,1.270,-0.782
2025-12-05T03:11:24.176836,0.459,1.723,1.270,-0.782
2025-12-05T03:11:24.209430,0.459,1.723,1.270,-0.782
2025-12-05T03:11:24.241775,0.459,1.723,1.270,-0.782
2025-12-05T03:11:24.276971,0.459,1.723,1.270,-0.782
2025-12-05T03:11:24.315696,0.459,1.723,1.270,-0.782
2025-12-05T03:11:24.351608,0.459,1.723,1.270,-0.782
2025-12-05T03:11:24.388463,0.459,1.723,1.270,-0.782
2025-12-05T03:11:24.417817,0.459,1.723,1.270,-0.782
2025-12-05T03:11:24.449776,0.459,1.723,1.270,-0.782
2025-12-05T03:11:24.481755,0.459,1.723,1.270,-0.782
2025-12-05T03:11:24.512958,0.459,1.723,1.270,-0.782
2025-12-05T03:11:24.543069,0.459,1.723,1.270,-0.782
2025-12-05T03:11:24.575848,0.459,1.723,1.270,-0.782
2025-12-05T03:11:24.607071,0.459,1.723,1.270,-0.782
2025-12-05T03:11:24.639992,0.459,1.723,1.270,-0.782
2025-12-05T03:11:24.673869,0.459,1.723,1.270,-0.782
2025-12-05T03:11:24.725093,0.459,1.723,1.270,-0.782
2025-12-05T03:11:24.751192,0.459,1.723,1.270,-0.782
2025-12-05T03:11:24.786725,0.459,1.723,1.270,-0.782
2025-12-05T03:11:24.815682,0.459,1.723,1.270,-0.782
2025-12-05T03:11:24.852602,0.459,1.723,1.270,-0.782
2025-12-05T03:11:24.881382,0.459,1.723,1.270,-0.782
2025-12-05T03:11:24.912249,0.459,1.723,1.270,-0.782
2025-12-05T03:11:24.944338,0.459,1.723,1.270,-0.782
2025-12-05T03:11:24.974525,0.459,1.723,1.270,-0.782
2025-12-05T03:11:25.006689,0.459,1.723,1.270,-0.782
2025-12-05T03:11:25.042202,0.459,1.723,1.270,-0.782
2025-12-05T03:11:25.071897,0.459,1.723,1.270,-0.782
2025-12-05T03:11:25.106754,0.459,1.723,1.270,-0.782
2025-12-05T03:11:25.135182,0.459,1.723,1.270,-0.782
2025-12-05T03:11:25.168801,0.459,1.723,1.270,-0.782
2025-12-05T03:11:25.200867,0.459,1.723,1.270,-0.782
2025-12-05T03:11:25.237303,0.459,1.723,1.270,-0.782
2025-12-05T03:11:25.268855,0.459,1.723,1.270,-0.782
2025-12-05T03:11:25.302192,0.459,1.723,1.270,-0.782
2025-12-05T03:11:25.336345,0.459,1.723,1.270,-0.782
2025-12-05T03:11:25.362319,0.459,1.723,1.270,-0.782
2025-12-05T03:11:25.389604,0.459,1.723,1.270,-0.782
2025-12-05T03:11:25.420040,0.459,1.723,1.270,-0.782
2025-12-05T03:11:25.454771,0.459,1.723,1.270,-0.782
2025-12-05T03:11:25.486324,0.459,1.723,1.270,-0.782
2025-12-05T03:11:25.516984,0.459,1.723,1.270,-0.782
2025-12-05T03:11:25.552760,0.459,1.723,1.270,-0.782
2025-12-05T03:11:25.589775,0.459,1.723,1.270,-0.782
2025-12-05T03:11:25.619013,0.459,1.723,1.270,-0.782
2025-12-05T03:11:25.654953,0.459,1.723,1.270,-0.782
2025-12-05T03:11:25.682983,0.459,1.723,1.270,-0.782
2025-12-05T03:11:25.713833,0.459,1.723,1.270,-0.782
2025-12-05T03:11:25.747081,0.459,1.723,1.270,-0.782
2025-12-05T03:11:25.779630,0.459,1.723,1.270,-0.782
2025-12-05T03:11:25.813891,0.459,1.723,1.270,-0.782
2025-12-05T03:11:25.847790,0.459,1.723,1.270,-0.782
2025-12-05T03:11:25.880389,0.459,1.723,1.270,-0.782
2025-12-05T03:11:25.911021,0.459,1.723,1.270,-0.782
2025-12-05T03:11:25.944629,0.459,1.723,1.270,-0.782
2025-12-05T03:11:25.975826,0.459,1.723,1.270,-0.782
2025-12-05T03:11:26.007818,0.459,1.723,1.270,-0.782
2025-12-05T03:11:26.041670,0.459,1.723,1.270,-0.782
2025-12-05T03:11:26.073371,0.459,1.723,1.270,-0.782
2025-12-05T03:11:26.107333,0.459,1.723,1.270,-0.782
2025-12-05T03:11:26.139525,0.459,1.723,1.270,-0.782
2025-12-05T03:11:26.169413,0.459,1.723,1.270,-0.782
2025-12-05T03:11:26.196828,0.459,1.723,1.270,-0.782
2025-12-05T03:11:26.229079,0.459,1.723,1.270,-0.782
2025-12-05T03:11:26.261888,0.459,1.723,1.270,-0.782
2025-12-05T03:11:26.297211,0.459,1.723,1.270,-0.782
2025-12-05T03:11:26.333316,0.459,1.723,1.270,-0.782
2025-12-05T03:11:26.362744,0.459,1.723,1.270,-0.782
2025-12-05T03:11:26.398821,0.459,1.723,1.270,-0.782
2025-12-05T03:11:26.432252,0.459,1.723,1.270,-0.782
2025-12-05T03:11:26.460975,0.459,1.723,1.270,-0.782
2025-12-05T03:11:26.497986,0.459,1.723,1.270,-0.782
2025-12-05T03:11:26.528877,0.459,1.723,1.270,-0.782
2025-12-05T03:11:26.564010,0.459,1.723,1.270,-0.782
2025-12-05T03:11:26.593456,0.459,1.723,1.270,-0.782
2025-12-05T03:11:26.629686,0.459,1.723,1.270,-0.782
2025-12-05T03:11:26.660311,0.459,1.723,1.270,-0.782
2025-12-05T03:11:26.693219,0.459,1.723,1.270,-0.782
2025-12-05T03:11:26.723504,0.459,1.723,1.270,-0.782
2025-12-05T03:11:26.751992,0.459,1.723,1.270,-0.782
2025-12-05T03:11:26.786989,0.459,1.723,1.270,-0.782
2025-12-05T03:11:26.817405,0.459,1.723,1.270,-0.782
2025-12-05T03:11:26.854555,0.459,1.723,1.270,-0.782
2025-12-05T03:11:26.885150,0.459,1.723,1.270,-0.782
2025-12-05T03:11:26.918584,0.459,1.723,1.270,-0.782
2025-12-05T03:11:26.953972,0.459,1.723,1.270,-0.782
2025-12-05T03:11:26.980972,0.459,1.723,1.270,-0.782
2025-12-05T03:11:27.014805,0.459,1.723,1.270,-0.782
2025-12-05T03:11:27.045847,0.459,1.723,1.270,-0.782
2025-12-05T03:11:27.077916,0.459,1.723,1.270,-0.782
2025-12-05T03:11:27.113239,0.459,1.723,1.270,-0.782
2025-12-05T03:11:27.145258,0.459,1.723,1.270,-0.782
2025-12-05T03:11:27.176344,0.459,1.723,1.270,-0.782
2025-12-05T03:11:27.209372,0.459,1.723,1.270,-0.782
2025-12-05T03:11:27.240625,0.459,1.723,1.270,-0.782
2025-12-05T03:11:27.270608,0.459,1.723,1.270,-0.782
2025-12-05T03:11:27.304057,0.459,1.723,1.270,-0.782
2025-12-05T03:11:27.335269,0.459,1.723,1.270,-0.782
2025-12-05T03:11:27.369601,0.459,1.723,1.270,-0.782
2025-12-05T03:11:27.403731,0.459,1.723,1.270,-0.782
2025-12-05T03:11:27.436766,0.459,1.723,1.270,-0.782
2025-12-05T03:11:27.468651,0.459,1.723,1.270,-0.782
2025-12-05T03:11:27.501422,0.459,1.723,1.270,-0.782
2025-12-05T03:11:27.533895,0.459,1.723,1.270,-0.782
2025-12-05T03:11:27.564984,0.459,1.723,1.270,-0.782
2025-12-05T03:11:27.596398,0.459,1.723,1.270,-0.782
2025-12-05T03:11:27.629574,0.459,1.723,1.270,-0.782
2025-12-05T03:11:27.661510,0.459,1.723,1.270,-0.782
2025-12-05T03:11:27.697855,0.459,1.723,1.270,-0.782
2025-12-05T03:11:27.733808,0.459,1.723,1.270,-0.782
2025-12-05T03:11:27.766906,0.459,1.723,1.270,-0.782
2025-12-05T03:11:27.799624,0.459,1.723,1.270,-0.782
2025-12-05T03:11:27.832194,0.459,1.723,1.270,-0.782
2025-12-05T03:11:27.864823,0.459,1.723,1.270,-0.782
2025-12-05T03:11:27.894317,0.459,1.723,1.270,-0.782
2025-12-05T03:11:27.927899,0.459,1.723,1.270,-0.782
2025-12-05T03:11:27.959703,0.459,1.723,1.270,-0.782
2025-12-05T03:11:27.994858,0.459,1.723,1.270,-0.782
2025-12-05T03:11:28.025376,0.459,1.723,1.270,-0.782
2025-12-05T03:11:28.059017,0.459,1.723,1.270,-0.782
2025-12-05T03:11:28.092596,0.459,1.723,1.270,-0.782
2025-12-05T03:11:28.123972,0.459,1.723,1.270,-0.782
2025-12-05T03:11:28.155818,0.459,1.723,1.270,-0.782
2025-12-05T03:11:28.187325,0.459,1.723,1.270,-0.782
2025-12-05T03:11:28.218673,0.459,1.723,1.270,-0.782
2025-12-05T03:11:28.251068,0.459,1.723,1.270,-0.782
2025-12-05T03:11:28.289861,0.459,1.723,1.270,-0.782
2025-12-05T03:11:28.319205,0.459,1.723,1.270,-0.782
2025-12-05T03:11:28.353476,0.459,1.723,1.270,-0.782
2025-12-05T03:11:28.385225,0.459,1.723,1.270,-0.782
2025-12-05T03:11:28.417322,0.459,1.723,1.270,-0.782
2025-12-05T03:11:28.449456,0.459,1.723,1.270,-0.782
2025-12-05T03:11:28.481512,0.459,1.723,1.270,-0.782
2025-12-05T03:11:28.515642,0.459,1.723,1.270,-0.782
2025-12-05T03:11:28.548570,0.459,1.723,1.270,-0.782
2025-12-05T03:11:28.583806,0.459,1.723,1.270,-0.782
2025-12-05T03:11:28.616177,0.459,1.723,1.270,-0.782
2025-12-05T03:11:28.645906,0.459,1.723,1.270,-0.782
2025-12-05T03:11:28.672601,0.459,1.723,1.270,-0.782
2025-12-05T03:11:28.704533,0.459,1.723,1.270,-0.782
2025-12-05T03:11:28.737650,0.459,1.723,1.270,-0.782
2025-12-05T03:11:28.769900,0.459,1.723,1.270,-0.782
2025-12-05T03:11:28.800863,0.459,1.723,1.270,-0.782
2025-12-05T03:11:28.837660,0.459,1.723,1.270,-0.782
2025-12-05T03:11:28.871695,0.459,1.723,1.270,-0.782
2025-12-05T03:11:28.902697,0.459,1.723,1.270,-0.782
2025-12-05T03:11:28.935298,0.459,1.723,1.270,-0.782
2025-12-05T03:11:28.964070,0.459,1.723,1.270,-0.782
2025-12-05T03:11:28.998830,0.459,1.723,1.270,-0.782
2025-12-05T03:11:29.035698,0.459,1.723,1.270,-0.782
2025-12-05T03:11:29.066680,0.459,1.723,1.270,-0.782
2025-12-05T03:11:29.099863,0.459,1.723,1.270,-0.782
2025-12-05T03:11:29.129540,0.459,1.723,1.270,-0.782
2025-12-05T03:11:29.157460,0.459,1.723,1.270,-0.782
2025-12-05T03:11:29.192038,0.459,1.723,1.270,-0.782
2025-12-05T03:11:29.223819,0.459,1.723,1.270,-0.782
2025-12-05T03:11:29.255913,0.459,1.723,1.270,-0.782
2025-12-05T03:11:29.284617,0.459,1.723,1.270,-0.782
2025-12-05T03:11:29.317130,0.459,1.723,1.270,-0.782
2025-12-05T03:11:29.356580,0.459,1.723,1.270,-0.782
2025-12-05T03:11:29.390276,0.459,1.723,1.270,-0.782
2025-12-05T03:11:29.420786,0.459,1.723,1.270,-0.782
2025-12-05T03:11:29.453763,0.459,1.723,1.270,-0.782
2025-12-05T03:11:29.485567,0.459,1.723,1.270,-0.782
2025-12-05T03:11:29.514631,0.459,1.723,1.270,-0.782
2025-12-05T03:11:29.548750,0.459,1.723,1.270,-0.782
2025-12-05T03:11:29.582644,0.459,1.723,1.270,-0.782
2025-12-05T03:11:29.613280,0.459,1.723,1.270,-0.782
2025-12-05T03:11:29.649985,0.459,1.723,1.270,-0.782
2025-12-05T03:11:29.683490,0.459,1.723,1.270,-0.782
2025-12-05T03:11:29.718957,0.459,1.723,1.270,-0.782
2025-12-05T03:11:29.750183,0.459,1.723,1.270,-0.782
2025-12-05T03:11:29.783483,0.459,1.723,1.270,-0.782
2025-12-05T03:11:29.811221,0.459,1.723,1.270,-0.782
2025-12-05T03:11:29.843982,0.459,1.723,1.270,-0.782
2025-12-05T03:11:29.876101,0.459,1.723,1.270,-0.782
2025-12-05T03:11:29.909212,0.459,1.723,1.270,-0.782
2025-12-05T03:11:29.940853,0.459,1.723,1.270,-0.782
2025-12-05T03:11:29.973876,0.459,1.723,1.270,-0.782
2025-12-05T03:11:30.008177,0.459,1.723,1.270,-0.782
2025-12-05T03:11:30.040409,0.459,1.723,1.270,-0.782
2025-12-05T03:11:30.069471,0.459,1.723,1.270,-0.782
2025-12-05T03:11:30.109003,0.459,1.723,1.270,-0.782
2025-12-05T03:11:30.136416,0.459,1.723,1.270,-0.782
2025-12-05T03:11:30.169338,0.459,1.723,1.270,-0.782
2025-12-05T03:11:30.201544,0.459,1.723,1.270,-0.782
2025-12-05T03:11:30.233238,0.459,1.723,1.270,-0.782
2025-12-05T03:11:30.261653,0.459,1.723,1.270,-0.782
2025-12-05T03:11:30.293344,0.459,1.723,1.270,-0.782
2025-12-05T03:11:30.324249,0.459,1.723,1.270,-0.782
2025-12-05T03:11:30.357233,0.459,1.723,1.270,-0.782
2025-12-05T03:11:30.391753,0.459,1.723,1.270,-0.782
2025-12-05T03:11:30.423849,0.459,1.723,1.270,-0.782
2025-12-05T03:11:30.455777,0.459,1.723,1.270,-0.782
2025-12-05T03:11:30.488754,0.459,1.723,1.270,-0.782
2025-12-05T03:11:30.521558,0.459,1.723,1.270,-0.782
2025-12-05T03:11:30.553398,0.459,1.723,1.270,-0.782
2025-12-05T03:11:30.582592,0.459,1.723,1.270,-0.782
2025-12-05T03:11:30.615939,0.459,1.723,1.270,-0.782
2025-12-05T03:11:30.651724,0.459,1.723,1.270,-0.782
2025-12-05T03:11:30.684403,0.459,1.723,1.270,-0.782
2025-12-05T03:11:30.717169,0.459,1.723,1.270,-0.782
2025-12-05T03:11:30.748946,0.459,1.723,1.270,-0.782
2025-12-05T03:11:30.781975,0.459,1.723,1.270,-0.782
2025-12-05T03:11:30.812849,0.459,1.723,1.270,-0.782
2025-12-05T03:11:30.846071,0.459,1.723,1.270,-0.782
2025-12-05T03:11:30.874311,0.459,1.723,1.270,-0.782
2025-12-05T03:11:30.906556,0.459,1.723,1.270,-0.782
2025-12-05T03:11:30.942211,0.459,1.723,1.270,-0.782
2025-12-05T03:11:30.975491,0.459,1.723,1.270,-0.782
2025-12-05T03:11:31.009291,0.459,1.723,1.270,-0.782
2025-12-05T03:11:31.044021,0.459,1.723,1.270,-0.782
2025-12-05T03:11:31.074993,0.459,1.723,1.270,-0.782
2025-12-05T03:11:31.106710,0.459,1.723,1.270,-0.782
2025-12-05T03:11:31.139968,0.459,1.723,1.270,-0.782
2025-12-05T03:11:31.167331,0.459,1.723,1.270,-0.782
2025-12-05T03:11:31.199541,0.459,1.723,1.270,-0.782
2025-12-05T03:11:31.231546,0.459,1.723,1.270,-0.782
2025-12-05T03:11:31.262470,0.459,1.723,1.270,-0.782
2025-12-05T03:11:31.299011,0.459,1.723,1.270,-0.782
2025-12-05T03:11:31.333479,0.459,1.723,1.270,-0.782
2025-12-05T03:11:31.360748,0.459,1.723,1.270,-0.782
2025-12-05T03:11:31.397772,0.459,1.723,1.270,-0.782
2025-12-05T03:11:31.426383,0.459,1.723,1.270,-0.782
2025-12-05T03:11:31.461797,0.459,1.723,1.270,-0.782
2025-12-05T03:11:31.493238,0.459,1.723,1.270,-0.782
2025-12-05T03:11:31.521872,0.459,1.723,1.270,-0.782
2025-12-05T03:11:31.550978,0.459,1.723,1.270,-0.782
2025-12-05T03:11:31.585599,0.459,1.723,1.270,-0.782
2025-12-05T03:11:31.614256,0.459,1.723,1.270,-0.782
2025-12-05T03:11:31.651333,0.459,1.723,1.270,-0.782
2025-12-05T03:11:31.686003,0.459,1.723,1.270,-0.782
2025-12-05T03:11:31.716928,0.459,1.723,1.270,-0.782
2025-12-05T03:11:31.751984,0.459,1.723,1.270,-0.782
2025-12-05T03:11:31.784757,0.459,1.723,1.270,-0.782
2025-12-05T03:11:31.811050,0.459,1.723,1.270,-0.782
2025-12-05T03:11:31.841310,0.459,1.723,1.270,-0.782
2025-12-05T03:11:31.873295,0.459,1.723,1.270,-0.782
2025-12-05T03:11:31.902365,0.459,1.723,1.270,-0.782
2025-12-05T03:11:31.933022,0.459,1.723,1.270,-0.782
2025-12-05T03:11:31.967977,0.459,1.723,1.270,-0.782
2025-12-05T03:11:32.006359,0.459,1.723,1.270,-0.782
2025-12-05T03:11:32.040452,0.459,1.723,1.270,-0.782
2025-12-05T03:11:32.072281,0.459,1.723,1.270,-0.782
2025-12-05T03:11:32.105095,0.459,1.723,1.270,-0.782
2025-12-05T03:11:32.135551,0.459,1.723,1.270,-0.782
2025-12-05T03:11:32.164791,0.459,1.723,1.270,-0.782
2025-12-05T03:11:32.193569,0.459,1.723,1.270,-0.782
2025-12-05T03:11:32.223879,0.459,1.723,1.270,-0.782
2025-12-05T03:11:32.256748,0.459,1.723,1.270,-0.782
2025-12-05T03:11:32.292723,0.459,1.723,1.270,-0.782
2025-12-05T03:11:32.327233,0.459,1.723,1.270,-0.782
2025-12-05T03:11:32.358577,0.459,1.723,1.270,-0.782
2025-12-05T03:11:32.392253,0.459,1.723,1.270,-0.782
2025-12-05T03:11:32.423016,0.459,1.723,1.270,-0.782
2025-12-05T03:11:32.456008,0.459,1.723,1.270,-0.782
2025-12-05T03:11:32.487371,0.459,1.723,1.270,-0.782
2025-12-05T03:11:32.517991,0.459,1.723,1.270,-0.782
2025-12-05T03:11:32.552620,0.459,1.723,1.270,-0.782
2025-12-05T03:11:32.584350,0.459,1.723,1.270,-0.782
2025-12-05T03:11:32.614024,0.459,1.723,1.270,-0.782
2025-12-05T03:11:32.648607,0.459,1.723,1.270,-0.782
2025-12-05T03:11:32.684645,0.459,1.723,1.270,-0.782
2025-12-05T03:11:32.716535,0.459,1.723,1.270,-0.782
2025-12-05T03:11:32.749955,0.459,1.723,1.270,-0.782
2025-12-05T03:11:32.780772,0.459,1.723,1.270,-0.782
2025-12-05T03:11:32.810877,0.459,1.723,1.270,-0.782
2025-12-05T03:11:32.844616,0.459,1.723,1.270,-0.782
2025-12-05T03:11:32.877398,0.459,1.723,1.270,-0.782
2025-12-05T03:11:32.910572,0.459,1.723,1.270,-0.782
2025-12-05T03:11:32.947180,0.459,1.723,1.270,-0.782
2025-12-05T03:11:32.979265,0.459,1.723,1.270,-0.782
2025-12-05T03:11:33.010373,0.459,1.723,1.270,-0.782
2025-12-05T03:11:33.044063,0.459,1.723,1.270,-0.782
2025-12-05T03:11:33.071498,0.459,1.723,1.270,-0.782
2025-12-05T03:11:33.100595,0.459,1.723,1.270,-0.782
2025-12-05T03:11:33.133102,0.459,1.723,1.270,-0.782
2025-12-05T03:11:33.162071,0.459,1.723,1.270,-0.782
2025-12-05T03:11:33.196098,0.459,1.723,1.270,-0.782
2025-12-05T03:11:33.232903,0.459,1.723,1.270,-0.782
2025-12-05T03:11:33.269693,0.459,1.723,1.270,-0.782
2025-12-05T03:11:33.303215,0.459,1.723,1.270,-0.782
2025-12-05T03:11:33.335512,0.459,1.723,1.270,-0.782
2025-12-05T03:11:33.365980,0.459,1.723,1.270,-0.782
2025-12-05T03:11:33.397780,0.459,1.723,1.270,-0.782
2025-12-05T03:11:33.431064,0.459,1.723,1.270,-0.782
2025-12-05T03:11:33.463475,0.459,1.723,1.270,-0.782
2025-12-05T03:11:33.493490,0.459,1.723,1.270,-0.782
2025-12-05T03:11:33.526396,0.459,1.723,1.270,-0.782
2025-12-05T03:11:33.560632,0.459,1.723,1.270,-0.782
2025-12-05T03:11:33.596872,0.459,1.723,1.270,-0.782
2025-12-05T03:11:33.631753,0.459,1.723,1.270,-0.782
2025-12-05T03:11:33.665067,0.459,1.723,1.270,-0.782
2025-12-05T03:11:33.697317,0.459,1.723,1.270,-0.782
2025-12-05T03:11:33.729936,0.459,1.723,1.270,-0.782
2025-12-05T03:11:33.760413,0.459,1.723,1.270,-0.782
2025-12-05T03:11:33.789991,0.459,1.723,1.270,-0.782
2025-12-05T03:11:33.818970,0.459,1.723,1.270,-0.782
2025-12-05T03:11:33.852747,0.459,1.723,1.270,-0.782
2025-12-05T03:11:33.886234,0.459,1.723,1.270,-0.782
2025-12-05T03:11:33.919338,0.459,1.723,1.270,-0.782
2025-12-05T03:11:33.956786,0.459,1.723,1.270,-0.782
2025-12-05T03:11:33.987881,0.459,1.723,1.270,-0.782
2025-12-05T03:11:34.018524,0.459,1.723,1.270,-0.782
2025-12-05T03:11:34.051693,0.459,1.723,1.270,-0.782
2025-12-05T03:11:34.082520,0.459,1.723,1.270,-0.782
2025-12-05T03:11:34.115300,0.459,1.723,1.270,-0.782
2025-12-05T03:11:34.145340,0.459,1.723,1.270,-0.782
2025-12-05T03:11:34.180543,0.459,1.723,1.270,-0.782
2025-12-05T03:11:34.213619,0.459,1.723,1.270,-0.782
2025-12-05T03:11:34.248013,0.459,1.723,1.270,-0.782
2025-12-05T03:11:34.279545,0.459,1.723,1.270,-0.782
2025-12-05T03:11:34.309775,0.459,1.723,1.270,-0.782
2025-12-05T03:11:34.343818,0.459,1.723,1.270,-0.782
2025-12-05T03:11:34.376405,0.459,1.723,1.270,-0.782
2025-12-05T03:11:34.409486,0.459,1.723,1.270,-0.782
2025-12-05T03:11:34.441428,0.459,1.723,1.270,-0.782
2025-12-05T03:11:34.473791,0.459,1.723,1.270,-0.782
2025-12-05T03:11:34.506778,0.459,1.723,1.270,-0.782
2025-12-05T03:11:34.545815,0.459,1.723,1.270,-0.782
2025-12-05T03:11:34.580588,0.459,1.723,1.270,-0.782
2025-12-05T03:11:34.613137,0.459,1.723,1.270,-0.782
2025-12-05T03:11:34.643992,0.459,1.723,1.270,-0.782
2025-12-05T03:11:34.674609,0.459,1.723,1.270,-0.782
2025-12-05T03:11:34.706555,0.459,1.723,1.270,-0.782
2025-12-05T03:11:34.738554,0.459,1.723,1.270,-0.782
2025-12-05T03:11:34.767487,0.459,1.723,1.270,-0.782
2025-12-05T03:11:34.803614,0.459,1.723,1.270,-0.782
2025-12-05T03:11:34.836596,0.459,1.723,1.270,-0.782
2025-12-05T03:11:34.869216,0.459,1.723,1.270,-0.782
2025-12-05T03:11:34.901865,0.459,1.723,1.270,-0.782
2025-12-05T03:11:34.933125,0.459,1.723,1.270,-0.782
2025-12-05T03:11:34.963048,0.459,1.723,1.270,-0.782
2025-12-05T03:11:34.997808,0.459,1.723,1.270,-0.782
2025-12-05T03:11:35.032665,0.459,1.723,1.270,-0.782
2025-12-05T03:11:35.065722,0.459,1.723,1.270,-0.782
2025-12-05T03:11:35.098160,0.459,1.723,1.270,-0.782
2025-12-05T03:11:35.130637,0.459,1.723,1.270,-0.782
2025-12-05T03:11:35.162456,0.459,1.723,1.270,-0.782
2025-12-05T03:11:35.195306,0.459,1.723,1.270,-0.782
2025-12-05T03:11:35.223497,0.459,1.723,1.270,-0.782
2025-12-05T03:11:35.255869,0.459,1.723,1.270,-0.782
2025-12-05T03:11:35.286882,0.459,1.723,1.270,-0.782
2025-12-05T03:11:35.320529,0.459,1.723,1.270,-0.782
2025-12-05T03:11:35.352141,0.459,1.723,1.270,-0.782
2025-12-05T03:11:35.388839,0.459,1.723,1.270,-0.782
2025-12-05T03:11:35.427584,0.459,1.723,1.270,-0.782
2025-12-05T03:11:35.460817,0.459,1.723,1.270,-0.782
2025-12-05T03:11:35.496936,0.459,1.723,1.270,-0.782
2025-12-05T03:11:35.529930,0.459,1.723,1.270,-0.782
2025-12-05T03:11:35.555285,0.459,1.723,1.270,-0.782
2025-12-05T03:11:35.589665,0.459,1.723,1.270,-0.782
2025-12-05T03:11:35.619088,0.459,1.723,1.270,-0.782
2025-12-05T03:11:35.655213,0.459,1.723,1.270,-0.782
2025-12-05T03:11:35.691901,0.459,1.723,1.270,-0.782
2025-12-05T03:11:35.716909,0.459,1.723,1.270,-0.782
2025-12-05T03:11:35.752739,0.459,1.723,1.270,-0.782
2025-12-05T03:11:35.784944,0.459,1.723,1.270,-0.782
2025-12-05T03:11:35.812569,0.459,1.723,1.270,-0.782
2025-12-05T03:11:35.844739,0.459,1.723,1.270,-0.782
2025-12-05T03:11:35.876480,0.459,1.723,1.270,-0.782
2025-12-05T03:11:35.908958,0.459,1.723,1.270,-0.782
2025-12-05T03:11:35.945557,0.459,1.723,1.270,-0.782
2025-12-05T03:11:35.977101,0.459,1.723,1.270,-0.782
2025-12-05T03:11:36.009572,0.459,1.723,1.270,-0.782
2025-12-05T03:11:36.043093,0.459,1.723,1.270,-0.782
2025-12-05T03:11:36.073386,0.459,1.723,1.270,-0.782
2025-12-05T03:11:36.103972,0.459,1.723,1.270,-0.782
2025-12-05T03:11:36.138701,0.459,1.723,1.270,-0.782
2025-12-05T03:11:36.171876,0.459,1.723,1.270,-0.782
2025-12-05T03:11:36.205910,0.459,1.723,1.270,-0.782
2025-12-05T03:11:36.240764,0.459,1.723,1.270,-0.782
2025-12-05T03:11:36.269721,0.459,1.723,1.270,-0.782
2025-12-05T03:11:36.306004,0.459,1.723,1.270,-0.782
2025-12-05T03:11:36.336694,0.459,1.723,1.270,-0.782
2025-12-05T03:11:36.364352,0.459,1.723,1.270,-0.782
2025-12-05T03:11:36.400428,0.459,1.723,1.270,-0.782
2025-12-05T03:11:36.430955,0.459,1.723,1.270,-0.782
2025-12-05T03:11:36.461897,0.459,1.723,1.270,-0.782
2025-12-05T03:11:36.500151,0.459,1.723,1.270,-0.782
2025-12-05T03:11:36.531936,0.459,1.723,1.270,-0.782
2025-12-05T03:11:36.564762,0.459,1.723,1.270,-0.782
2025-12-05T03:11:36.593433,0.459,1.723,1.270,-0.782
2025-12-05T03:11:36.625614,0.459,1.723,1.270,-0.782
2025-12-05T03:11:36.658280,0.459,1.723,1.270,-0.782
2025-12-05T03:11:36.693043,0.459,1.723,1.270,-0.782
2025-12-05T03:11:36.723909,0.459,1.723,1.270,-0.782
2025-12-05T03:11:36.753019,0.459,1.723,1.270,-0.782
2025-12-05T03:11:36.787538,0.459,1.723,1.270,-0.782
2025-12-05T03:11:36.821499,0.459,1.723,1.270,-0.782
2025-12-05T03:11:36.853092,0.459,1.723,1.270,-0.782
2025-12-05T03:11:36.884428,0.459,1.723,1.270,-0.782
2025-12-05T03:11:36.913177,0.459,1.723,1.270,-0.782
2025-12-05T03:11:36.945771,0.459,1.723,1.270,-0.782
2025-12-05T03:11:36.976035,0.459,1.723,1.270,-0.782
2025-12-05T03:11:37.007550,0.459,1.723,1.270,-0.782
2025-12-05T03:11:37.041396,0.459,1.723,1.270,-0.782
2025-12-05T03:11:37.072271,0.459,1.723,1.270,-0.782
2025-12-05T03:11:37.108318,0.459,1.723,1.270,-0.782
2025-12-05T03:11:37.150284,0.459,1.723,1.270,-0.782
2025-12-05T03:11:37.172889,0.459,1.723,1.270,-0.782
2025-12-05T03:11:37.202828,0.459,1.723,1.270,-0.782
2025-12-05T03:11:37.240814,0.459,1.723,1.270,-0.782
2025-12-05T03:11:37.268820,0.459,1.723,1.270,-0.782
2025-12-05T03:11:37.302916,0.459,1.723,1.270,-0.782
2025-12-05T03:11:37.333492,0.459,1.723,1.270,-0.782
2025-12-05T03:11:37.366796,0.459,1.723,1.270,-0.782
2025-12-05T03:11:37.400339,0.459,1.723,1.270,-0.782
2025-12-05T03:11:37.433510,0.459,1.723,1.270,-0.782
2025-12-05T03:11:37.466829,0.459,1.723,1.270,-0.782
2025-12-05T03:11:37.498033,0.459,1.723,1.270,-0.782
2025-12-05T03:11:37.528886,0.459,1.723,1.270,-0.782
2025-12-05T03:11:37.560848,0.459,1.723,1.270,-0.782
2025-12-05T03:11:37.594309,0.459,1.723,1.270,-0.782
2025-12-05T03:11:37.624303,0.459,1.723,1.270,-0.782
2025-12-05T03:11:37.659567,0.459,1.723,1.270,-0.782
2025-12-05T03:11:37.693594,0.459,1.723,1.270,-0.782
2025-12-05T03:11:37.722503,0.459,1.723,1.270,-0.782
2025-12-05T03:11:37.754792,0.459,1.723,1.270,-0.782
2025-12-05T03:11:37.787163,0.459,1.723,1.270,-0.782
2025-12-05T03:11:37.820415,0.459,1.723,1.270,-0.782
