timestamp,x,y,z,orientation_z
2025-12-04T18:15:39.005955,-1.500,-3.000,1.270,0.000
2025-12-04T18:15:39.018086,-1.500,-3.000,1.270,0.000
2025-12-04T18:15:39.033891,-1.500,-3.000,1.270,0.000
2025-12-04T18:15:39.049984,-1.500,-3.000,1.270,0.000
2025-12-04T18:15:39.066401,-1.500,-3.000,1.270,0.000
2025-12-04T18:15:39.083823,-1.500,-3.000,1.270,0.000
2025-12-04T18:15:39.101104,-1.500,-3.000,1.270,0.000
2025-12-04T18:15:39.119725,-1.500,-3.000,1.270,0.000
2025-12-04T18:15:39.138132,-1.500,-3.000,1.270,0.000
2025-12-04T18:15:39.154843,-1.500,-3.000,1.270,0.000
2025-12-04T18:15:39.172664,-1.500,-3.000,1.270,0.000
2025-12-04T18:15:39.197760,-1.500,-3.000,1.270,0.000
2025-12-04T18:15:39.213114,-1.500,-3.000,1.270,0.000
2025-12-04T18:15:39.229656,-1.500,-3.000,1.270,0.000
2025-12-04T18:15:39.243852,-1.500,-3.000,1.270,0.000
2025-12-04T18:15:39.259693,-1.500,-3.000,1.270,0.000
2025-12-04T18:15:39.274630,-1.500,-3.000,1.270,0.000
2025-12-04T18:15:39.289463,-1.500,-3.000,1.270,0.000
2025-12-04T18:15:39.303202,-1.500,-3.000,1.270,0.000
2025-12-04T18:15:39.319048,-1.500,-3.000,1.270,0.000
2025-12-04T18:15:39.333393,-1.500,-3.000,1.270,0.000
2025-12-04T18:15:39.349417,-1.500,-3.000,1.270,0.000
2025-12-04T18:15:39.365720,-1.500,-3.000,1.270,0.000
2025-12-04T18:15:39.381482,-1.500,-3.000,1.270,0.000
2025-12-04T18:15:39.400875,-1.500,-3.000,1.270,0.000
2025-12-04T18:15:39.424590,-1.500,-3.000,1.270,0.000
2025-12-04T18:15:39.433870,-1.500,-3.000,1.270,0.000
2025-12-04T18:15:39.451240,-1.500,-3.000,1.270,0.000
2025-12-04T18:15:39.470752,-1.500,-3.000,1.270,0.000
2025-12-04T18:15:39.486964,-1.500,-3.000,1.270,0.000
2025-12-04T18:15:39.505442,-1.500,-3.000,1.270,0.000
2025-12-04T18:15:39.520061,-1.500,-3.000,1.270,0.000
2025-12-04T18:15:39.536076,-1.500,-3.000,1.270,0.000
2025-12-04T18:15:39.550462,-1.500,-3.000,1.270,0.000
2025-12-04T18:15:39.567634,-1.500,-3.000,1.270,0.000
2025-12-04T18:15:39.582733,-1.500,-3.000,1.270,0.000
2025-12-04T18:15:39.595958,-1.500,-3.000,1.270,0.000
2025-12-04T18:15:39.612578,-1.500,-3.000,1.270,0.000
2025-12-04T18:15:39.629311,-1.500,-3.000,1.270,0.000
2025-12-04T18:15:39.645340,-1.500,-3.000,1.270,0.000
2025-12-04T18:15:39.662326,-1.500,-3.000,1.270,0.000
2025-12-04T18:15:39.682980,-1.500,-3.000,1.270,0.000
2025-12-04T18:15:39.699469,-1.500,-3.000,1.270,0.000
2025-12-04T18:15:39.718205,-1.500,-3.000,1.270,0.000
2025-12-04T18:15:39.735875,-1.500,-3.000,1.270,0.000
2025-12-04T18:15:39.754907,-1.500,-3.000,1.270,0.000
2025-12-04T18:15:39.773052,-1.500,-3.000,1.270,0.000
2025-12-04T18:15:39.785705,-1.500,-3.000,1.270,0.000
2025-12-04T18:15:39.801381,-1.500,-3.000,1.270,0.000
2025-12-04T18:15:39.815902,-1.500,-3.000,1.270,0.000
2025-12-04T18:15:39.833103,-1.500,-3.000,1.270,0.000
2025-12-04T18:15:39.846659,-1.500,-3.000,1.270,0.000
2025-12-04T18:15:39.859675,-1.500,-3.000,1.270,0.000
2025-12-04T18:15:39.875583,-1.500,-3.000,1.270,0.000
2025-12-04T18:15:39.893033,-1.500,-3.000,1.270,0.000
2025-12-04T18:15:39.913395,-1.500,-3.000,1.270,0.000
2025-12-04T18:15:39.925100,-1.500,-3.000,1.270,0.000
2025-12-04T18:15:39.942470,-1.500,-3.000,1.270,0.000
2025-12-04T18:15:39.960892,-1.500,-3.000,1.270,0.000
2025-12-04T18:15:39.977228,-1.500,-3.000,1.270,0.000
2025-12-04T18:15:39.994829,-1.500,-3.000,1.270,0.000
2025-12-04T18:15:40.010140,-1.500,-3.000,1.270,0.000
2025-12-04T18:15:40.027025,-1.500,-3.000,1.270,0.000
2025-12-04T18:15:40.042575,-1.500,-3.000,1.270,0.000
2025-12-04T18:15:40.058082,-1.500,-3.000,1.270,0.000
2025-12-04T18:15:40.075039,-1.500,-3.000,1.270,0.000
2025-12-04T18:15:40.089011,-1.500,-3.000,1.270,0.000
2025-12-04T18:15:40.106997,-1.500,-3.000,1.270,0.000
2025-12-04T18:15:40.123029,-1.500,-3.000,1.270,0.000
2025-12-04T18:15:40.138612,-1.500,-3.000,1.270,0.000
2025-12-04T18:15:40.155491,-1.500,-3.000,1.270,0.000
2025-12-04T18:15:40.171272,-1.500,-3.000,1.270,0.000
2025-12-04T18:15:40.191041,-1.500,-3.000,1.270,0.000
2025-12-04T18:15:40.206942,-1.500,-3.000,1.270,0.000
2025-12-04T18:15:40.223723,-1.500,-3.000,1.270,0.000
2025-12-04T18:15:40.242688,-1.500,-3.000,1.270,0.000
2025-12-04T18:15:40.260108,-1.500,-3.000,1.270,0.000
2025-12-04T18:15:40.276956,-1.500,-3.000,1.270,0.000
2025-12-04T18:15:40.293608,-1.500,-3.000,1.270,0.000
2025-12-04T18:15:40.314879,-1.500,-3.000,1.270,0.000
2025-12-04T18:15:40.324288,-1.500,-3.000,1.270,0.000
2025-12-04T18:15:40.338704,-1.500,-3.000,1.270,0.000
2025-12-04T18:15:40.352699,-1.500,-3.000,1.270,0.000
2025-12-04T18:15:40.368387,-1.500,-3.000,1.270,0.000
2025-12-04T18:15:40.383319,-1.500,-3.000,1.270,0.000
2025-12-04T18:15:40.398642,-1.500,-3.000,1.270,0.000
2025-12-04T18:15:40.414875,-1.500,-3.000,1.270,0.000
2025-12-04T18:15:40.431703,-1.500,-3.000,1.270,0.000
2025-12-04T18:15:40.447491,-1.500,-3.000,1.270,0.000
2025-12-04T18:15:40.464779,-1.500,-3.000,1.270,0.000
2025-12-04T18:15:40.481948,-1.500,-3.000,1.270,0.000
2025-12-04T18:15:40.500401,-1.500,-3.000,1.270,0.000
2025-12-04T18:15:40.517754,-1.500,-3.000,1.270,0.000
2025-12-04T18:15:40.535486,-1.500,-3.000,1.270,0.000
2025-12-04T18:15:40.552569,-1.500,-3.000,1.270,0.000
2025-12-04T18:15:40.569435,-1.500,-3.000,1.270,0.000
2025-12-04T18:15:40.584699,-1.500,-3.000,1.270,0.000
2025-12-04T18:15:40.601550,-1.500,-3.000,1.270,0.000
2025-12-04T18:15:40.617057,-1.500,-3.000,1.270,0.000
2025-12-04T18:15:40.633045,-1.500,-3.000,1.270,0.000
2025-12-04T18:15:40.646160,-1.500,-3.000,1.270,0.000
2025-12-04T18:15:40.662526,-1.500,-3.000,1.270,0.000
2025-12-04T18:15:40.739787,-1.500,-3.000,1.270,0.000
2025-12-04T18:15:40.754761,-1.500,-3.000,1.270,0.000
2025-12-04T18:15:40.769196,-1.500,-3.000,1.270,0.000
2025-12-04T18:15:40.782910,-1.500,-3.000,1.270,0.000
2025-12-04T18:15:40.795350,-1.500,-3.000,1.270,0.000
2025-12-04T18:15:40.807296,-1.500,-3.000,1.270,0.000
2025-12-04T18:15:40.820228,-1.500,-3.000,1.270,0.000
2025-12-04T18:15:40.832437,-1.500,-3.000,1.270,0.000
2025-12-04T18:15:40.843026,-1.500,-3.000,1.270,0.000
2025-12-04T18:15:40.855123,-1.500,-3.000,1.270,0.000
2025-12-04T18:15:40.867438,-1.500,-3.000,1.270,0.000
2025-12-04T18:15:40.881025,-1.500,-3.000,1.270,0.000
2025-12-04T18:15:40.894868,-1.500,-3.000,1.270,0.000
2025-12-04T18:15:40.908853,-1.500,-3.000,1.270,0.000
2025-12-04T18:15:40.923173,-1.500,-3.000,1.270,0.000
2025-12-04T18:15:40.935108,-1.500,-3.000,1.270,0.000
2025-12-04T18:15:40.952820,-1.500,-3.000,1.270,0.000
2025-12-04T18:15:40.969340,-1.500,-3.000,1.270,0.000
2025-12-04T18:15:40.986048,-1.500,-3.000,1.270,0.000
2025-12-04T18:15:41.004473,-1.500,-3.000,1.270,0.000
2025-12-04T18:15:41.020828,-1.500,-3.000,1.270,0.000
2025-12-04T18:15:41.039584,-1.500,-3.000,1.270,0.000
2025-12-04T18:15:41.056150,-1.500,-3.000,1.270,0.000
2025-12-04T18:15:41.074902,-1.500,-3.000,1.270,0.000
2025-12-04T18:15:41.091931,-1.500,-3.000,1.270,0.000
2025-12-04T18:15:41.111062,-1.500,-3.000,1.270,0.000
2025-12-04T18:15:41.126543,-1.500,-3.000,1.270,0.000
2025-12-04T18:15:41.144530,-1.500,-3.000,1.270,0.000
2025-12-04T18:15:41.159642,-1.500,-3.000,1.270,0.000
2025-12-04T18:15:41.174319,-1.500,-3.000,1.270,0.000
2025-12-04T18:15:41.187330,-1.500,-3.000,1.270,0.000
2025-12-04T18:15:41.204474,-1.500,-3.000,1.270,0.000
2025-12-04T18:15:41.220834,-1.500,-3.000,1.270,0.000
2025-12-04T18:15:41.240161,-1.500,-3.000,1.270,0.000
2025-12-04T18:15:41.251253,-1.500,-3.000,1.270,0.000
2025-12-04T18:15:41.269134,-1.500,-3.000,1.270,0.000
2025-12-04T18:15:41.286354,-1.500,-3.000,1.270,0.000
2025-12-04T18:15:41.302632,-1.500,-3.000,1.270,0.000
2025-12-04T18:15:41.320982,-1.500,-3.000,1.270,0.000
2025-12-04T18:15:41.338630,-1.500,-3.000,1.270,0.000
2025-12-04T18:15:41.355949,-1.500,-3.000,1.270,0.000
2025-12-04T18:15:41.373887,-1.500,-3.000,1.270,0.000
2025-12-04T18:15:41.390018,-1.500,-3.000,1.270,0.000
2025-12-04T18:15:41.406922,-1.500,-3.000,1.270,0.000
2025-12-04T18:15:41.422999,-1.500,-3.000,1.270,0.000
2025-12-04T18:15:41.438064,-1.500,-3.000,1.270,0.000
2025-12-04T18:15:41.451519,-1.500,-3.000,1.270,0.000
2025-12-04T18:15:41.466363,-1.500,-3.000,1.270,0.000
2025-12-04T18:15:41.482083,-1.500,-3.000,1.270,0.000
2025-12-04T18:15:41.499397,-1.500,-3.000,1.270,0.000
2025-12-04T18:15:41.516106,-1.500,-3.000,1.270,0.000
2025-12-04T18:15:41.536654,-1.500,-3.000,1.270,0.000
2025-12-04T18:15:41.552361,-1.500,-3.000,1.270,0.000
2025-12-04T18:15:41.571814,-1.500,-3.000,1.270,0.000
2025-12-04T18:15:41.588872,-1.500,-3.000,1.270,0.000
2025-12-04T18:15:41.606343,-1.500,-3.000,1.270,0.000
2025-12-04T18:15:41.624797,-1.500,-3.000,1.270,0.000
2025-12-04T18:15:41.641806,-1.500,-3.000,1.270,0.000
2025-12-04T18:15:41.656492,-1.500,-3.000,1.270,0.000
2025-12-04T18:15:41.673018,-1.500,-3.000,1.270,0.000
2025-12-04T18:15:41.690329,-1.500,-3.000,1.270,0.000
2025-12-04T18:15:41.706399,-1.500,-3.000,1.270,0.000
2025-12-04T18:15:41.722052,-1.500,-3.000,1.270,0.000
2025-12-04T18:15:41.735441,-1.500,-3.000,1.270,0.000
2025-12-04T18:15:41.751236,-1.500,-3.000,1.270,0.000
2025-12-04T18:15:41.769072,-1.500,-3.000,1.270,0.000
2025-12-04T18:15:41.784131,-1.500,-3.000,1.270,0.000
2025-12-04T18:15:41.802753,-1.500,-3.000,1.270,0.000
2025-12-04T18:15:41.819950,-1.500,-3.000,1.270,0.000
2025-12-04T18:15:41.838060,-1.500,-3.000,1.270,0.000
2025-12-04T18:15:41.857082,-1.500,-3.000,1.270,0.000
2025-12-04T18:15:41.873600,-1.500,-3.000,1.270,0.000
2025-12-04T18:15:41.891818,-1.500,-3.000,1.270,0.000
2025-12-04T18:15:41.909394,-1.500,-3.000,1.270,0.000
2025-12-04T18:15:41.926851,-1.500,-3.000,1.270,0.000
2025-12-04T18:15:41.999785,-1.500,-3.000,1.270,0.000
2025-12-04T18:15:42.016869,-1.500,-3.000,1.270,0.000
2025-12-04T18:15:42.032690,-1.500,-3.000,1.270,0.000
2025-12-04T18:15:42.047642,-1.500,-3.000,1.270,0.000
2025-12-04T18:15:42.062479,-1.500,-3.000,1.270,0.000
2025-12-04T18:15:42.077104,-1.500,-3.000,1.270,0.000
2025-12-04T18:15:42.088813,-1.500,-3.000,1.270,0.000
2025-12-04T18:15:42.104490,-1.500,-3.000,1.270,0.000
2025-12-04T18:15:42.115931,-1.500,-3.000,1.270,0.000
2025-12-04T18:15:42.129067,-1.500,-3.000,1.270,0.000
2025-12-04T18:15:42.141697,-1.500,-3.000,1.270,0.000
2025-12-04T18:15:42.155286,-1.500,-3.000,1.270,0.000
2025-12-04T18:15:42.170498,-1.500,-3.000,1.270,0.000
2025-12-04T18:15:42.186415,-1.500,-3.000,1.270,0.000
2025-12-04T18:15:42.201630,-1.500,-3.000,1.270,0.000
2025-12-04T18:15:42.218267,-1.500,-3.000,1.270,0.000
2025-12-04T18:15:42.234485,-1.500,-3.000,1.270,0.000
2025-12-04T18:15:42.252201,-1.500,-3.000,1.270,0.000
2025-12-04T18:15:42.272160,-1.500,-3.000,1.270,0.000
2025-12-04T18:15:42.288225,-1.500,-3.000,1.270,0.000
2025-12-04T18:15:42.305468,-1.500,-3.000,1.270,0.000
2025-12-04T18:15:42.327860,-1.500,-3.000,1.270,0.000
2025-12-04T18:15:42.340910,-1.500,-3.000,1.270,0.000
2025-12-04T18:15:42.355340,-1.500,-3.000,1.270,0.000
2025-12-04T18:15:42.369605,-1.500,-3.000,1.270,0.000
2025-12-04T18:15:42.384700,-1.500,-3.000,1.270,0.000
2025-12-04T18:15:42.400054,-1.500,-3.000,1.270,0.000
2025-12-04T18:15:42.415097,-1.500,-3.000,1.270,0.000
2025-12-04T18:15:42.431012,-1.500,-3.000,1.270,0.000
2025-12-04T18:15:42.448072,-1.500,-3.000,1.270,0.000
2025-12-04T18:15:42.465140,-1.500,-3.000,1.270,0.000
2025-12-04T18:15:42.482994,-1.500,-3.000,1.270,0.000
2025-12-04T18:15:42.501177,-1.500,-3.000,1.270,0.000
2025-12-04T18:15:42.518684,-1.500,-3.000,1.270,0.000
2025-12-04T18:15:42.536124,-1.500,-3.000,1.270,0.000
2025-12-04T18:15:42.554098,-1.500,-3.000,1.270,0.000
2025-12-04T18:15:42.570915,-1.500,-3.000,1.270,0.000
2025-12-04T18:15:42.585689,-1.500,-3.000,1.270,0.000
2025-12-04T18:15:42.601619,-1.500,-3.000,1.270,0.000
2025-12-04T18:15:42.617317,-1.500,-3.000,1.270,0.000
2025-12-04T18:15:42.631267,-1.500,-3.000,1.270,0.000
2025-12-04T18:15:42.647708,-1.500,-3.000,1.270,0.000
2025-12-04T18:15:42.663084,-1.500,-3.000,1.270,0.000
2025-12-04T18:15:42.679750,-1.500,-3.000,1.270,0.000
2025-12-04T18:15:42.697333,-1.500,-3.000,1.270,0.000
2025-12-04T18:15:42.715784,-1.500,-3.000,1.270,0.000
2025-12-04T18:15:42.732470,-1.500,-3.000,1.270,0.000
2025-12-04T18:15:42.749367,-1.500,-3.000,1.270,0.000
2025-12-04T18:15:42.769587,-1.500,-3.000,1.270,0.000
2025-12-04T18:15:42.786754,-1.500,-3.000,1.270,0.000
2025-12-04T18:15:42.806334,-1.500,-3.000,1.270,0.000
2025-12-04T18:15:42.855900,-1.500,-3.000,1.270,0.000
2025-12-04T18:15:42.873363,-1.500,-3.000,1.270,0.000
2025-12-04T18:15:42.890057,-1.500,-3.000,1.270,0.000
2025-12-04T18:15:42.904337,-1.500,-3.000,1.270,0.000
2025-12-04T18:15:42.920041,-1.500,-3.000,1.270,0.000
2025-12-04T18:15:42.934110,-1.500,-3.000,1.270,0.000
2025-12-04T18:15:42.947766,-1.500,-3.000,1.270,0.000
2025-12-04T18:15:42.961147,-1.500,-3.000,1.270,0.000
2025-12-04T18:15:42.974685,-1.500,-3.000,1.270,0.000
2025-12-04T18:15:42.986768,-1.500,-3.000,1.270,0.000
2025-12-04T18:15:42.999761,-1.500,-3.000,1.270,0.000
2025-12-04T18:15:43.014137,-1.500,-3.000,1.270,0.000
2025-12-04T18:15:43.028085,-1.500,-3.000,1.270,0.000
2025-12-04T18:15:43.041702,-1.500,-3.000,1.270,0.000
2025-12-04T18:15:43.056702,-1.500,-3.000,1.270,0.000
2025-12-04T18:15:43.073006,-1.500,-3.000,1.270,0.000
2025-12-04T18:15:43.090168,-1.500,-3.000,1.270,0.000
2025-12-04T18:15:43.107278,-1.500,-3.000,1.270,0.000
2025-12-04T18:15:43.125012,-1.500,-3.000,1.270,0.000
2025-12-04T18:15:43.143301,-1.500,-3.000,1.270,0.000
2025-12-04T18:15:43.159609,-1.500,-3.000,1.270,0.000
2025-12-04T18:15:43.178055,-1.500,-3.000,1.270,0.000
2025-12-04T18:15:43.194940,-1.500,-3.000,1.270,0.000
2025-12-04T18:15:43.212436,-1.500,-3.000,1.270,0.000
2025-12-04T18:15:43.229615,-1.500,-3.000,1.270,0.000
2025-12-04T18:15:43.244754,-1.500,-3.000,1.270,0.000
2025-12-04T18:15:43.260715,-1.500,-3.000,1.270,0.000
2025-12-04T18:15:43.276617,-1.500,-3.000,1.270,0.000
2025-12-04T18:15:43.291307,-1.500,-3.000,1.270,0.000
2025-12-04T18:15:43.306902,-1.500,-3.000,1.270,0.000
2025-12-04T18:15:43.324162,-1.500,-3.000,1.270,0.000
2025-12-04T18:15:43.341138,-1.500,-3.000,1.270,0.000
2025-12-04T18:15:43.357631,-1.500,-3.000,1.270,0.000
2025-12-04T18:15:43.374449,-1.500,-3.000,1.270,0.000
2025-12-04T18:15:43.392366,-1.500,-3.000,1.270,0.000
2025-12-04T18:15:43.410792,-1.500,-3.000,1.270,0.000
2025-12-04T18:15:43.426655,-1.500,-3.000,1.270,0.000
2025-12-04T18:15:43.443776,-1.500,-3.000,1.270,0.000
2025-12-04T18:15:43.461998,-1.500,-3.000,1.270,0.000
2025-12-04T18:15:43.478844,-1.500,-3.000,1.270,0.000
2025-12-04T18:15:43.495435,-1.500,-3.000,1.270,0.000
2025-12-04T18:15:43.510216,-1.500,-3.000,1.270,0.000
2025-12-04T18:15:43.525769,-1.500,-3.000,1.270,0.000
2025-12-04T18:15:43.540444,-1.500,-3.000,1.270,0.000
2025-12-04T18:15:43.554223,-1.500,-3.000,1.270,0.000
2025-12-04T18:15:43.569271,-1.500,-3.000,1.270,0.000
2025-12-04T18:15:43.586083,-1.500,-3.000,1.270,0.000
2025-12-04T18:15:43.602639,-1.500,-3.000,1.270,0.000
2025-12-04T18:15:43.620572,-1.500,-3.000,1.270,0.000
2025-12-04T18:15:43.639504,-1.500,-3.000,1.270,0.000
2025-12-04T18:15:43.654749,-1.500,-3.000,1.270,0.000
2025-12-04T18:15:43.673650,-1.500,-3.000,1.270,0.000
2025-12-04T18:15:43.691832,-1.500,-3.000,1.270,0.000
2025-12-04T18:15:43.710148,-1.500,-3.000,1.270,0.000
2025-12-04T18:15:43.727153,-1.500,-3.000,1.270,0.000
2025-12-04T18:15:43.744746,-1.500,-3.000,1.270,0.000
2025-12-04T18:15:43.761351,-1.500,-3.000,1.270,0.000
2025-12-04T18:15:43.776658,-1.500,-3.000,1.270,0.000
2025-12-04T18:15:43.792916,-1.500,-3.000,1.270,0.000
2025-12-04T18:15:43.809110,-1.500,-3.000,1.270,0.000
2025-12-04T18:15:43.823635,-1.500,-3.000,1.270,0.000
2025-12-04T18:15:43.839065,-1.500,-3.000,1.270,0.000
2025-12-04T18:15:43.854142,-1.500,-3.000,1.270,0.000
2025-12-04T18:15:43.874154,-1.500,-3.000,1.270,0.000
2025-12-04T18:15:43.887479,-1.500,-3.000,1.270,0.000
2025-12-04T18:15:43.904617,-1.500,-3.000,1.270,0.000
2025-12-04T18:15:43.923199,-1.500,-3.000,1.270,0.000
2025-12-04T18:15:43.941720,-1.500,-3.000,1.270,0.000
2025-12-04T18:15:43.960387,-1.500,-3.000,1.270,0.000
2025-12-04T18:15:43.975803,-1.500,-3.000,1.270,0.000
2025-12-04T18:15:43.993042,-1.500,-3.000,1.270,0.000
2025-12-04T18:15:44.010376,-1.500,-3.000,1.270,0.000
2025-12-04T18:15:44.026544,-1.500,-3.000,1.270,0.000
2025-12-04T18:15:44.043480,-1.500,-3.000,1.270,0.000
2025-12-04T18:15:44.064035,-1.500,-3.000,1.270,0.000
2025-12-04T18:15:44.074454,-1.500,-3.000,1.270,0.000
2025-12-04T18:15:44.089352,-1.500,-3.000,1.270,0.000
2025-12-04T18:15:44.105427,-1.500,-3.000,1.270,0.000
2025-12-04T18:15:44.121005,-1.500,-3.000,1.270,0.000
2025-12-04T18:15:44.138129,-1.500,-3.000,1.270,0.000
2025-12-04T18:15:44.154524,-1.500,-3.000,1.270,0.000
2025-12-04T18:15:44.171914,-1.500,-3.000,1.270,0.000
2025-12-04T18:15:44.189327,-1.500,-3.000,1.270,0.000
2025-12-04T18:15:44.207024,-1.500,-3.000,1.270,0.000
2025-12-04T18:15:44.225626,-1.500,-3.000,1.270,0.000
2025-12-04T18:15:44.242819,-1.500,-3.000,1.270,0.000
2025-12-04T18:15:44.262859,-1.500,-3.000,1.270,0.000
2025-12-04T18:15:44.279922,-1.500,-3.000,1.270,0.000
2025-12-04T18:15:44.296900,-1.500,-3.000,1.270,0.000
2025-12-04T18:15:44.312803,-1.500,-3.000,1.270,0.000
2025-12-04T18:15:44.327806,-1.500,-3.000,1.270,0.000
2025-12-04T18:15:44.344044,-1.500,-3.000,1.270,0.000
2025-12-04T18:15:44.357972,-1.500,-3.000,1.270,0.000
2025-12-04T18:15:44.377186,-1.500,-3.000,1.270,0.000
2025-12-04T18:15:44.391324,-1.500,-3.000,1.270,0.000
2025-12-04T18:15:44.407900,-1.500,-3.000,1.270,0.000
2025-12-04T18:15:44.425986,-1.500,-3.000,1.270,0.000
2025-12-04T18:15:44.442213,-1.500,-3.000,1.270,0.000
2025-12-04T18:15:44.459633,-1.500,-3.000,1.270,0.000
2025-12-04T18:15:44.474848,-1.500,-3.000,1.270,0.000
2025-12-04T18:15:44.491177,-1.500,-3.000,1.270,0.000
2025-12-04T18:15:44.506305,-1.500,-3.000,1.270,0.000
2025-12-04T18:15:44.523112,-1.500,-3.000,1.270,0.000
2025-12-04T18:15:44.537555,-1.500,-3.000,1.270,0.000
2025-12-04T18:15:44.551735,-1.500,-3.000,1.270,0.000
2025-12-04T18:15:44.565327,-1.500,-3.000,1.270,0.000
2025-12-04T18:15:44.579927,-1.500,-3.000,1.270,0.000
2025-12-04T18:15:44.593630,-1.500,-3.000,1.270,0.000
2025-12-04T18:15:44.609893,-1.500,-3.000,1.270,0.000
2025-12-04T18:15:44.624894,-1.500,-3.000,1.270,0.000
2025-12-04T18:15:44.641697,-1.500,-3.000,1.270,0.000
2025-12-04T18:15:44.659157,-1.500,-3.000,1.270,0.000
2025-12-04T18:15:44.677229,-1.500,-3.000,1.270,0.000
2025-12-04T18:15:44.768730,-1.500,-3.000,1.270,0.000
2025-12-04T18:15:44.771568,-1.500,-3.000,1.270,0.000
2025-12-04T18:15:44.776449,-1.500,-3.000,1.270,0.000
2025-12-04T18:15:44.777104,-1.500,-3.000,1.270,0.000
2025-12-04T18:15:44.777766,-1.500,-3.000,1.270,0.000
2025-12-04T18:15:44.792236,-1.500,-3.000,1.270,0.000
2025-12-04T18:15:44.810424,-1.500,-3.000,1.270,0.000
2025-12-04T18:15:44.826806,-1.500,-3.000,1.270,0.000
2025-12-04T18:15:44.842677,-1.500,-3.000,1.270,0.000
2025-12-04T18:15:44.859898,-1.500,-3.000,1.270,0.000
2025-12-04T18:15:44.872868,-1.500,-3.000,1.270,0.000
2025-12-04T18:15:44.886385,-1.500,-3.000,1.270,0.000
2025-12-04T18:15:44.901958,-1.500,-3.000,1.270,0.000
2025-12-04T18:15:44.912865,-1.500,-3.000,1.270,0.000
2025-12-04T18:15:44.927346,-1.500,-3.000,1.270,0.000
2025-12-04T18:15:44.943441,-1.500,-3.000,1.270,0.000
2025-12-04T18:15:44.956094,-1.500,-3.000,1.270,0.000
2025-12-04T18:15:44.969776,-1.500,-3.000,1.270,0.000
2025-12-04T18:15:44.985464,-1.500,-3.000,1.270,0.000
2025-12-04T18:15:45.001164,-1.500,-3.000,1.270,0.000
2025-12-04T18:15:45.020125,-1.500,-3.000,1.270,0.000
2025-12-04T18:15:45.071657,-1.500,-3.000,1.270,0.000
2025-12-04T18:15:45.084841,-1.500,-3.000,1.270,0.000
2025-12-04T18:15:45.102777,-1.500,-3.000,1.270,0.000
2025-12-04T18:15:45.118889,-1.500,-3.000,1.270,0.000
2025-12-04T18:15:45.134976,-1.500,-3.000,1.270,0.000
2025-12-04T18:15:45.167672,-1.500,-3.000,1.270,0.000
2025-12-04T18:15:45.183059,-1.500,-3.000,1.270,0.000
2025-12-04T18:15:45.196937,-1.500,-3.000,1.270,0.000
2025-12-04T18:15:45.210788,-1.500,-3.000,1.270,0.000
2025-12-04T18:15:45.224555,-1.500,-3.000,1.270,0.000
2025-12-04T18:15:45.237822,-1.500,-3.000,1.270,0.000
2025-12-04T18:15:45.248934,-1.500,-3.000,1.270,0.000
2025-12-04T18:15:45.262513,-1.500,-3.000,1.270,0.000
2025-12-04T18:15:45.277294,-1.500,-3.000,1.270,0.000
2025-12-04T18:15:45.291728,-1.500,-3.000,1.270,0.000
2025-12-04T18:15:45.309529,-1.500,-3.000,1.270,0.000
2025-12-04T18:15:45.322596,-1.500,-3.000,1.270,0.000
2025-12-04T18:15:45.337361,-1.500,-3.000,1.270,0.000
2025-12-04T18:15:45.352360,-1.500,-3.000,1.270,0.000
2025-12-04T18:15:45.369102,-1.500,-3.000,1.270,0.000
2025-12-04T18:15:45.390559,-1.500,-3.000,1.270,0.000
2025-12-04T18:15:45.412152,-1.500,-3.000,1.270,0.000
2025-12-04T18:15:45.424997,-1.500,-3.000,1.270,0.000
2025-12-04T18:15:45.440995,-1.500,-3.000,1.270,0.000
2025-12-04T18:15:45.458697,-1.500,-3.000,1.270,0.000
2025-12-04T18:15:45.473913,-1.500,-3.000,1.270,0.000
2025-12-04T18:15:45.489758,-1.500,-3.000,1.270,0.000
2025-12-04T18:15:45.504220,-1.500,-3.000,1.270,0.000
2025-12-04T18:15:45.517475,-1.500,-3.000,1.270,0.000
2025-12-04T18:15:45.530099,-1.500,-3.000,1.270,0.000
2025-12-04T18:15:45.544695,-1.500,-3.000,1.270,0.000
2025-12-04T18:15:45.559901,-1.500,-3.000,1.270,0.000
2025-12-04T18:15:45.577103,-1.500,-3.000,1.270,0.000
2025-12-04T18:15:45.592537,-1.500,-3.000,1.270,0.000
2025-12-04T18:15:45.611381,-1.500,-3.000,1.270,0.000
2025-12-04T18:15:45.627061,-1.500,-3.000,1.270,0.000
2025-12-04T18:15:45.643607,-1.500,-3.000,1.270,0.000
2025-12-04T18:15:45.662591,-1.500,-3.000,1.270,0.000
2025-12-04T18:15:45.680277,-1.500,-3.000,1.270,0.000
2025-12-04T18:15:45.697359,-1.500,-3.000,1.270,0.000
2025-12-04T18:15:45.714524,-1.500,-3.000,1.270,0.000
2025-12-04T18:15:45.731537,-1.500,-3.000,1.270,0.000
2025-12-04T18:15:45.748069,-1.500,-3.000,1.270,0.000
2025-12-04T18:15:45.763377,-1.500,-3.000,1.270,0.000
2025-12-04T18:15:45.778973,-1.500,-3.000,1.270,0.000
2025-12-04T18:15:45.794027,-1.500,-3.000,1.270,0.000
2025-12-04T18:15:45.808874,-1.500,-3.000,1.270,0.000
2025-12-04T18:15:45.826591,-1.500,-3.000,1.270,0.000
2025-12-04T18:15:45.846079,-1.500,-3.000,1.270,0.000
2025-12-04T18:15:45.862164,-1.500,-3.000,1.270,0.000
2025-12-04T18:15:45.877750,-1.500,-3.000,1.270,0.000
2025-12-04T18:15:45.897100,-1.500,-3.000,1.270,0.000
2025-12-04T18:15:45.929406,-1.500,-3.000,1.270,0.000
2025-12-04T18:15:45.945566,-1.500,-3.000,1.270,0.000
2025-12-04T18:15:45.963150,-1.500,-3.000,1.270,0.000
2025-12-04T18:15:45.976138,-1.500,-3.000,1.270,0.000
2025-12-04T18:15:45.996562,-1.500,-3.000,1.270,0.000
2025-12-04T18:15:46.008510,-1.500,-3.000,1.270,0.000
2025-12-04T18:15:46.021990,-1.500,-3.000,1.270,0.000
2025-12-04T18:15:46.036867,-1.500,-3.000,1.270,0.000
2025-12-04T18:15:46.049328,-1.500,-3.000,1.270,0.000
2025-12-04T18:15:46.064130,-1.500,-3.000,1.270,0.000
2025-12-04T18:15:46.078650,-1.500,-3.000,1.270,0.000
2025-12-04T18:15:46.094563,-1.500,-3.000,1.270,0.000
2025-12-04T18:15:46.109731,-1.500,-3.000,1.270,0.000
2025-12-04T18:15:46.127596,-1.500,-3.000,1.270,0.000
2025-12-04T18:15:46.141520,-1.500,-3.000,1.270,0.000
2025-12-04T18:15:46.160638,-1.500,-3.000,1.270,0.000
2025-12-04T18:15:46.178948,-1.500,-3.000,1.270,0.000
2025-12-04T18:15:46.196983,-1.500,-3.000,1.270,0.000
2025-12-04T18:15:46.213023,-1.500,-3.000,1.270,0.000
2025-12-04T18:15:46.230560,-1.500,-3.000,1.270,0.000
2025-12-04T18:15:46.246898,-1.500,-3.000,1.270,0.000
2025-12-04T18:15:46.262918,-1.500,-3.000,1.270,0.000
2025-12-04T18:15:46.279580,-1.500,-3.000,1.270,0.000
2025-12-04T18:15:46.295512,-1.500,-3.000,1.270,0.000
2025-12-04T18:15:46.311706,-1.500,-3.000,1.270,0.000
2025-12-04T18:15:46.330859,-1.500,-3.000,1.270,0.000
2025-12-04T18:15:46.346720,-1.500,-3.000,1.270,0.000
2025-12-04T18:15:46.359881,-1.500,-3.000,1.270,0.000
2025-12-04T18:15:46.378692,-1.500,-3.000,1.270,0.000
2025-12-04T18:15:46.393499,-1.500,-3.000,1.270,0.000
2025-12-04T18:15:46.408533,-1.500,-3.000,1.270,0.000
2025-12-04T18:15:46.423628,-1.500,-3.000,1.270,0.000
2025-12-04T18:15:46.438148,-1.500,-3.000,1.270,0.000
2025-12-04T18:15:46.453343,-1.500,-3.000,1.270,0.000
2025-12-04T18:15:46.474966,-1.500,-3.000,1.270,0.000
2025-12-04T18:15:46.487717,-1.500,-3.000,1.270,0.000
2025-12-04T18:15:46.505295,-1.500,-3.000,1.270,0.000
2025-12-04T18:15:46.521386,-1.500,-3.000,1.270,0.000
2025-12-04T18:15:46.539876,-1.500,-3.000,1.270,0.000
2025-12-04T18:15:46.557852,-1.500,-3.000,1.270,0.000
2025-12-04T18:15:46.574998,-1.500,-3.000,1.270,0.000
2025-12-04T18:15:46.591709,-1.500,-3.000,1.270,0.000
2025-12-04T18:15:46.607099,-1.500,-3.000,1.270,0.000
2025-12-04T18:15:46.623683,-1.500,-3.000,1.270,0.000
2025-12-04T18:15:46.638178,-1.500,-3.000,1.270,0.000
2025-12-04T18:15:46.653737,-1.500,-3.000,1.270,0.000
2025-12-04T18:15:46.670342,-1.500,-3.000,1.270,0.000
2025-12-04T18:15:46.686697,-1.500,-3.000,1.270,0.000
2025-12-04T18:15:46.703771,-1.500,-3.000,1.270,0.000
2025-12-04T18:15:46.720765,-1.500,-3.000,1.270,0.000
2025-12-04T18:15:46.737307,-1.500,-3.000,1.270,0.000
2025-12-04T18:15:46.754780,-1.500,-3.000,1.270,0.000
2025-12-04T18:15:46.776095,-1.500,-3.000,1.270,0.000
2025-12-04T18:15:46.793669,-1.500,-3.000,1.270,0.000
2025-12-04T18:15:46.809716,-1.500,-3.000,1.270,0.000
2025-12-04T18:15:46.846975,-1.500,-3.000,1.270,0.000
2025-12-04T18:15:46.860315,-1.500,-3.000,1.270,0.000
2025-12-04T18:15:46.876397,-1.500,-3.000,1.270,0.000
2025-12-04T18:15:46.893930,-1.500,-3.000,1.270,0.000
2025-12-04T18:15:46.908443,-1.500,-3.000,1.270,0.000
2025-12-04T18:15:46.926119,-1.500,-3.000,1.270,0.000
2025-12-04T18:15:46.939329,-1.500,-3.000,1.270,0.000
2025-12-04T18:15:46.954593,-1.500,-3.000,1.270,0.000
2025-12-04T18:15:46.966108,-1.500,-3.000,1.270,0.000
2025-12-04T18:15:46.982809,-1.500,-3.000,1.270,0.000
2025-12-04T18:15:46.997627,-1.500,-3.000,1.270,0.000
2025-12-04T18:15:47.010662,-1.500,-3.000,1.270,0.000
2025-12-04T18:15:47.027715,-1.500,-3.000,1.270,0.000
2025-12-04T18:15:47.044077,-1.500,-3.000,1.270,0.000
2025-12-04T18:15:47.060500,-1.500,-3.000,1.270,0.000
2025-12-04T18:15:47.078348,-1.500,-3.000,1.270,0.000
2025-12-04T18:15:47.097871,-1.500,-3.000,1.270,0.000
2025-12-04T18:15:47.111928,-1.500,-3.000,1.270,0.000
2025-12-04T18:15:47.131562,-1.500,-3.000,1.270,0.000
2025-12-04T18:15:47.146986,-1.500,-3.000,1.270,0.000
2025-12-04T18:15:47.166422,-1.500,-3.000,1.270,0.000
2025-12-04T18:15:47.182759,-1.500,-3.000,1.270,0.000
2025-12-04T18:15:47.199517,-1.500,-3.000,1.270,0.000
2025-12-04T18:15:47.216306,-1.500,-3.000,1.270,0.000
2025-12-04T18:15:47.231541,-1.500,-3.000,1.270,0.000
2025-12-04T18:15:47.249843,-1.500,-3.000,1.270,0.000
2025-12-04T18:15:47.262736,-1.500,-3.000,1.270,0.000
2025-12-04T18:15:47.279112,-1.500,-3.000,1.270,0.000
2025-12-04T18:15:47.294172,-1.500,-3.000,1.270,0.000
2025-12-04T18:15:47.321089,-1.500,-3.000,1.270,0.000
2025-12-04T18:15:47.331121,-1.500,-3.000,1.270,0.000
2025-12-04T18:15:47.347211,-1.500,-3.000,1.270,0.000
2025-12-04T18:15:47.364964,-1.500,-3.000,1.270,0.000
2025-12-04T18:15:47.382290,-1.500,-3.000,1.270,0.000
2025-12-04T18:15:47.400838,-1.500,-3.000,1.270,0.000
2025-12-04T18:15:47.417812,-1.500,-3.000,1.270,0.000
2025-12-04T18:15:47.430112,-1.500,-3.000,1.270,0.000
2025-12-04T18:15:47.446244,-1.500,-3.000,1.270,0.000
2025-12-04T18:15:47.461420,-1.500,-3.000,1.270,0.000
2025-12-04T18:15:47.476914,-1.500,-3.000,1.270,0.000
2025-12-04T18:15:47.493223,-1.500,-3.000,1.270,0.000
2025-12-04T18:15:47.508995,-1.500,-3.000,1.270,0.000
2025-12-04T18:15:47.526163,-1.500,-3.000,1.270,0.000
2025-12-04T18:15:47.542104,-1.500,-3.000,1.270,0.000
2025-12-04T18:15:47.569089,-1.500,-3.000,1.270,0.000
2025-12-04T18:15:47.586214,-1.500,-3.000,1.270,0.000
2025-12-04T18:15:47.603349,-1.500,-3.000,1.270,0.000
2025-12-04T18:15:47.620109,-1.500,-3.000,1.270,0.000
2025-12-04T18:15:47.633995,-1.500,-3.000,1.270,0.000
2025-12-04T18:15:47.649703,-1.500,-3.000,1.270,0.000
2025-12-04T18:15:47.664044,-1.500,-3.000,1.270,0.000
2025-12-04T18:15:47.678536,-1.500,-3.000,1.270,0.000
2025-12-04T18:15:47.693060,-1.500,-3.000,1.270,0.000
2025-12-04T18:15:47.707472,-1.500,-3.000,1.270,0.000
2025-12-04T18:15:47.721600,-1.500,-3.000,1.270,0.000
2025-12-04T18:15:47.735499,-1.500,-3.000,1.270,0.000
2025-12-04T18:15:47.751332,-1.500,-3.000,1.270,0.000
2025-12-04T18:15:47.767971,-1.500,-3.000,1.270,0.000
2025-12-04T18:15:47.784933,-1.500,-3.000,1.270,0.000
2025-12-04T18:15:47.802820,-1.500,-3.000,1.270,0.000
2025-12-04T18:15:47.819317,-1.500,-3.000,1.270,0.000
2025-12-04T18:15:47.837993,-1.500,-3.000,1.270,0.000
2025-12-04T18:15:47.857586,-1.500,-3.000,1.270,0.000
2025-12-04T18:15:47.874623,-1.500,-3.000,1.270,0.000
2025-12-04T18:15:47.892831,-1.500,-3.000,1.270,0.000
2025-12-04T18:15:47.908536,-1.500,-3.000,1.270,0.000
2025-12-04T18:15:47.926647,-1.500,-3.000,1.270,0.000
2025-12-04T18:15:47.945169,-1.500,-3.000,1.270,0.000
2025-12-04T18:15:47.958612,-1.500,-3.000,1.270,0.000
2025-12-04T18:15:47.975678,-1.500,-3.000,1.270,0.000
2025-12-04T18:15:47.991585,-1.500,-3.000,1.270,0.000
2025-12-04T18:15:48.007818,-1.500,-3.000,1.270,0.000
2025-12-04T18:15:48.025462,-1.500,-3.000,1.270,0.000
2025-12-04T18:15:48.039195,-1.500,-3.000,1.270,0.000
2025-12-04T18:15:48.054415,-1.500,-3.000,1.270,0.000
2025-12-04T18:15:48.070450,-1.500,-3.000,1.270,0.000
2025-12-04T18:15:48.086178,-1.500,-3.000,1.270,0.000
2025-12-04T18:15:48.102867,-1.500,-3.000,1.270,0.000
2025-12-04T18:15:48.122001,-1.500,-3.000,1.270,0.000
2025-12-04T18:15:48.137612,-1.500,-3.000,1.270,0.000
2025-12-04T18:15:48.156233,-1.500,-3.000,1.270,0.000
2025-12-04T18:15:48.171546,-1.500,-3.000,1.270,0.000
2025-12-04T18:15:48.193411,-1.500,-3.000,1.270,0.000
2025-12-04T18:15:48.209955,-1.500,-3.000,1.270,0.000
2025-12-04T18:15:48.226815,-1.500,-3.000,1.270,0.000
2025-12-04T18:15:48.243903,-1.500,-3.000,1.270,0.000
2025-12-04T18:15:48.257868,-1.500,-3.000,1.270,0.000
2025-12-04T18:15:48.273187,-1.500,-3.000,1.270,0.000
2025-12-04T18:15:48.286929,-1.500,-3.000,1.270,0.000
2025-12-04T18:15:48.300869,-1.500,-3.000,1.270,0.000
2025-12-04T18:15:48.315816,-1.500,-3.000,1.270,0.000
2025-12-04T18:15:48.332001,-1.500,-3.000,1.270,0.000
2025-12-04T18:15:48.346754,-1.500,-3.000,1.270,0.000
2025-12-04T18:15:48.363585,-1.500,-3.000,1.270,0.000
2025-12-04T18:15:48.379036,-1.500,-3.000,1.270,0.000
2025-12-04T18:15:48.397714,-1.500,-3.000,1.270,0.000
2025-12-04T18:15:48.415099,-1.500,-3.000,1.270,0.000
2025-12-04T18:15:48.433455,-1.500,-3.000,1.270,0.000
2025-12-04T18:15:48.451709,-1.500,-3.000,1.270,0.000
2025-12-04T18:15:48.472013,-1.500,-3.000,1.270,0.000
2025-12-04T18:15:48.490961,-1.500,-3.000,1.270,0.000
2025-12-04T18:15:48.506261,-1.500,-3.000,1.270,0.000
2025-12-04T18:15:48.527226,-1.500,-3.000,1.270,0.000
2025-12-04T18:15:48.542878,-1.500,-3.000,1.270,0.000
2025-12-04T18:15:48.558562,-1.500,-3.000,1.270,0.000
2025-12-04T18:15:48.573419,-1.500,-3.000,1.270,0.000
2025-12-04T18:15:48.587771,-1.500,-3.000,1.270,0.000
2025-12-04T18:15:48.603024,-1.500,-3.000,1.270,0.000
2025-12-04T18:15:48.614722,-1.500,-3.000,1.270,0.000
2025-12-04T18:15:48.629083,-1.500,-3.000,1.270,0.000
2025-12-04T18:15:48.644479,-1.500,-3.000,1.270,0.000
2025-12-04T18:15:48.659551,-1.500,-3.000,1.270,0.000
2025-12-04T18:15:48.675175,-1.500,-3.000,1.270,0.000
2025-12-04T18:15:48.694589,-1.500,-3.000,1.270,0.000
2025-12-04T18:15:48.708539,-1.500,-3.000,1.270,0.000
2025-12-04T18:15:48.725610,-1.500,-3.000,1.270,0.000
2025-12-04T18:15:48.743498,-1.500,-3.000,1.270,0.000
2025-12-04T18:15:48.761903,-1.500,-3.000,1.270,0.000
2025-12-04T18:15:48.780160,-1.500,-3.000,1.270,0.000
2025-12-04T18:15:48.796494,-1.500,-3.000,1.270,0.000
2025-12-04T18:15:48.813732,-1.500,-3.000,1.270,0.000
2025-12-04T18:15:48.831674,-1.500,-3.000,1.270,0.000
2025-12-04T18:15:48.848493,-1.500,-3.000,1.270,0.000
2025-12-04T18:15:48.865362,-1.500,-3.000,1.270,0.000
2025-12-04T18:15:48.880803,-1.500,-3.000,1.270,0.000
2025-12-04T18:15:48.897372,-1.500,-3.000,1.270,0.000
2025-12-04T18:15:48.911593,-1.500,-3.000,1.270,0.000
2025-12-04T18:15:48.928121,-1.500,-3.000,1.270,0.000
2025-12-04T18:15:48.941423,-1.500,-3.000,1.270,0.000
2025-12-04T18:15:48.958565,-1.500,-3.000,1.270,0.000
2025-12-04T18:15:48.975587,-1.500,-3.000,1.270,0.000
2025-12-04T18:15:48.993416,-1.500,-3.000,1.270,0.000
2025-12-04T18:15:49.011756,-1.500,-3.000,1.270,0.000
2025-12-04T18:15:49.029477,-1.500,-3.000,1.270,0.000
2025-12-04T18:15:49.048502,-1.500,-3.000,1.270,0.000
2025-12-04T18:15:49.065363,-1.500,-3.000,1.270,0.000
2025-12-04T18:15:49.083055,-1.500,-3.000,1.270,0.000
2025-12-04T18:15:49.099970,-1.500,-3.000,1.270,0.000
2025-12-04T18:15:49.117478,-1.500,-3.000,1.270,0.000
2025-12-04T18:15:49.140670,-1.500,-3.000,1.270,0.000
2025-12-04T18:15:49.146749,-1.500,-3.000,1.270,0.000
2025-12-04T18:15:49.162813,-1.500,-3.000,1.270,0.000
2025-12-04T18:15:49.178656,-1.500,-3.000,1.270,0.000
2025-12-04T18:15:49.193577,-1.500,-3.000,1.270,0.000
2025-12-04T18:15:49.209166,-1.500,-3.000,1.270,0.000
2025-12-04T18:15:49.226398,-1.500,-3.000,1.270,0.000
2025-12-04T18:15:49.245897,-1.500,-3.000,1.270,0.000
2025-12-04T18:15:49.260569,-1.500,-3.000,1.270,0.000
2025-12-04T18:15:49.278193,-1.500,-3.000,1.270,0.000
2025-12-04T18:15:49.295845,-1.500,-3.000,1.270,0.000
2025-12-04T18:15:49.313597,-1.500,-3.000,1.270,0.000
2025-12-04T18:15:49.331704,-1.500,-3.000,1.270,0.000
2025-12-04T18:15:49.346954,-1.500,-3.000,1.270,0.000
2025-12-04T18:15:49.363967,-1.500,-3.000,1.270,0.000
2025-12-04T18:15:49.382744,-1.500,-3.000,1.270,0.000
2025-12-04T18:15:49.397652,-1.500,-3.000,1.270,0.000
2025-12-04T18:15:49.445003,-1.500,-3.000,1.270,0.000
2025-12-04T18:15:49.459164,-1.500,-3.000,1.270,0.000
2025-12-04T18:15:49.468855,-1.500,-3.000,1.270,0.000
2025-12-04T18:15:49.483186,-1.500,-3.000,1.270,0.000
2025-12-04T18:15:49.495514,-1.500,-3.000,1.270,0.000
2025-12-04T18:15:49.506886,-1.500,-3.000,1.270,0.000
2025-12-04T18:15:49.516699,-1.500,-3.000,1.270,0.000
2025-12-04T18:15:49.529033,-1.500,-3.000,1.270,0.000
2025-12-04T18:15:49.539757,-1.500,-3.000,1.270,0.000
2025-12-04T18:15:49.549852,-1.500,-3.000,1.270,0.000
2025-12-04T18:15:49.564454,-1.500,-3.000,1.270,0.000
2025-12-04T18:15:49.578656,-1.500,-3.000,1.270,0.000
2025-12-04T18:15:49.592145,-1.500,-3.000,1.270,0.000
2025-12-04T18:15:49.606825,-1.500,-3.000,1.270,0.000
2025-12-04T18:15:49.617967,-1.500,-3.000,1.270,0.000
2025-12-04T18:15:49.631391,-1.500,-3.000,1.270,0.000
2025-12-04T18:15:49.647995,-1.500,-3.000,1.270,0.000
2025-12-04T18:15:49.663604,-1.500,-3.000,1.270,0.000
2025-12-04T18:15:49.683058,-1.500,-3.000,1.270,0.000
2025-12-04T18:15:49.696039,-1.500,-3.000,1.270,0.000
2025-12-04T18:15:49.713580,-1.500,-3.000,1.270,0.000
2025-12-04T18:15:49.730853,-1.500,-3.000,1.270,0.000
2025-12-04T18:15:49.762765,-1.500,-3.000,1.270,0.000
2025-12-04T18:15:49.784564,-1.500,-3.000,1.270,0.000
2025-12-04T18:15:49.799901,-1.500,-3.000,1.270,0.000
2025-12-04T18:15:49.817263,-1.500,-3.000,1.270,0.000
2025-12-04T18:15:49.835837,-1.500,-3.000,1.270,0.000
2025-12-04T18:15:49.851098,-1.500,-3.000,1.270,0.000
2025-12-04T18:15:49.867989,-1.500,-3.000,1.270,0.000
2025-12-04T18:15:49.883934,-1.500,-3.000,1.270,0.000
2025-12-04T18:15:49.901731,-1.500,-3.000,1.270,0.000
2025-12-04T18:15:49.915515,-1.500,-3.000,1.270,0.000
2025-12-04T18:15:49.932060,-1.500,-3.000,1.270,0.000
2025-12-04T18:15:49.944677,-1.500,-3.000,1.270,0.000
2025-12-04T18:15:49.961447,-1.500,-3.000,1.270,0.000
2025-12-04T18:15:49.973591,-1.500,-3.000,1.270,0.000
2025-12-04T18:15:49.988440,-1.500,-3.000,1.270,0.000
2025-12-04T18:15:50.004160,-1.500,-3.000,1.270,0.000
2025-12-04T18:15:50.023246,-1.500,-3.000,1.270,0.000
2025-12-04T18:15:50.036634,-1.500,-3.000,1.270,0.000
2025-12-04T18:15:50.055558,-1.500,-3.000,1.270,0.000
2025-12-04T18:15:50.074313,-1.500,-3.000,1.270,0.000
2025-12-04T18:15:50.091899,-1.500,-3.000,1.270,0.000
2025-12-04T18:15:50.109480,-1.500,-3.000,1.270,0.000
2025-12-04T18:15:50.126960,-1.500,-3.000,1.270,0.000
2025-12-04T18:15:50.145922,-1.500,-3.000,1.270,0.000
2025-12-04T18:15:50.162112,-1.500,-3.000,1.270,0.000
2025-12-04T18:15:50.177878,-1.500,-3.000,1.270,0.000
2025-12-04T18:15:50.194206,-1.500,-3.000,1.270,0.000
2025-12-04T18:15:50.207971,-1.500,-3.000,1.270,0.000
2025-12-04T18:15:50.223537,-1.500,-3.000,1.270,0.000
2025-12-04T18:15:50.237983,-1.500,-3.000,1.270,0.000
2025-12-04T18:15:50.254110,-1.500,-3.000,1.270,0.000
2025-12-04T18:15:50.270712,-1.500,-3.000,1.270,0.000
2025-12-04T18:15:50.288892,-1.500,-3.000,1.270,0.000
2025-12-04T18:15:50.304617,-1.500,-3.000,1.270,0.000
2025-12-04T18:15:50.320689,-1.500,-3.000,1.270,0.000
2025-12-04T18:15:50.337944,-1.500,-3.000,1.270,0.000
2025-12-04T18:15:50.356019,-1.500,-3.000,1.270,0.000
2025-12-04T18:15:50.372391,-1.500,-3.000,1.270,0.000
2025-12-04T18:15:50.389185,-1.500,-3.000,1.270,0.000
2025-12-04T18:15:50.409500,-1.500,-3.000,1.270,0.000
2025-12-04T18:15:50.421488,-1.500,-3.000,1.270,0.000
2025-12-04T18:15:50.435808,-1.500,-3.000,1.270,0.000
2025-12-04T18:15:50.451501,-1.500,-3.000,1.270,0.000
2025-12-04T18:15:50.476738,-1.500,-3.000,1.270,0.000
2025-12-04T18:15:50.485388,-1.500,-3.000,1.270,0.000
2025-12-04T18:15:50.499424,-1.500,-3.000,1.270,0.000
2025-12-04T18:15:50.515780,-1.500,-3.000,1.270,0.000
2025-12-04T18:15:50.535080,-1.500,-3.000,1.270,0.000
2025-12-04T18:15:50.551814,-1.500,-3.000,1.270,0.000
2025-12-04T18:15:50.568566,-1.500,-3.000,1.270,0.000
2025-12-04T18:15:50.584848,-1.500,-3.000,1.270,0.000
2025-12-04T18:15:50.601373,-1.500,-3.000,1.270,0.000
2025-12-04T18:15:50.616860,-1.500,-3.000,1.270,0.000
2025-12-04T18:15:50.632603,-1.500,-3.000,1.270,0.000
2025-12-04T18:15:50.646950,-1.500,-3.000,1.270,0.000
2025-12-04T18:15:50.661450,-1.500,-3.000,1.270,0.000
2025-12-04T18:15:50.676319,-1.500,-3.000,1.270,0.000
2025-12-04T18:15:50.691935,-1.500,-3.000,1.270,0.000
2025-12-04T18:15:50.708308,-1.500,-3.000,1.270,0.000
2025-12-04T18:15:50.724954,-1.500,-3.000,1.270,0.000
2025-12-04T18:15:50.743271,-1.500,-3.000,1.270,0.000
2025-12-04T18:15:50.759371,-1.500,-3.000,1.270,0.000
2025-12-04T18:15:50.776787,-1.500,-3.000,1.270,0.000
2025-12-04T18:15:50.795854,-1.500,-3.000,1.270,0.000
2025-12-04T18:15:50.819977,-1.500,-3.000,1.270,0.000
2025-12-04T18:15:50.832602,-1.500,-3.000,1.270,0.000
2025-12-04T18:15:50.849151,-1.500,-3.000,1.270,0.000
2025-12-04T18:15:50.866027,-1.500,-3.000,1.270,0.000
2025-12-04T18:15:50.882571,-1.500,-3.000,1.270,0.000
2025-12-04T18:15:50.897685,-1.500,-3.000,1.270,0.000
2025-12-04T18:15:50.913779,-1.500,-3.000,1.270,0.000
2025-12-04T18:15:50.928241,-1.500,-3.000,1.270,0.000
2025-12-04T18:15:50.942128,-1.500,-3.000,1.270,0.000
2025-12-04T18:15:50.956290,-1.500,-3.000,1.270,0.000
2025-12-04T18:15:50.970445,-1.500,-3.000,1.270,0.000
2025-12-04T18:15:50.985735,-1.500,-3.000,1.270,0.000
2025-12-04T18:15:51.010682,-1.500,-3.000,1.270,0.000
2025-12-04T18:15:51.027984,-1.500,-3.000,1.270,0.000
2025-12-04T18:15:51.045324,-1.500,-3.000,1.270,0.000
2025-12-04T18:15:51.062130,-1.500,-3.000,1.270,0.000
2025-12-04T18:15:51.081505,-1.500,-3.000,1.270,0.000
2025-12-04T18:15:51.100361,-1.500,-3.000,1.270,0.000
2025-12-04T18:15:51.116637,-1.500,-3.000,1.270,0.000
2025-12-04T18:15:51.131307,-1.500,-3.000,1.270,0.000
2025-12-04T18:15:51.149756,-1.500,-3.000,1.270,0.000
2025-12-04T18:15:51.168007,-1.500,-3.000,1.270,0.000
2025-12-04T18:15:51.181945,-1.500,-3.000,1.270,0.000
2025-12-04T18:15:51.196711,-1.500,-3.000,1.270,0.000
2025-12-04T18:15:51.211802,-1.500,-3.000,1.270,0.000
2025-12-04T18:15:51.226348,-1.500,-3.000,1.270,0.000
2025-12-04T18:15:51.243440,-1.500,-3.000,1.270,0.000
2025-12-04T18:15:51.258542,-1.500,-3.000,1.270,0.000
2025-12-04T18:15:51.275421,-1.500,-3.000,1.270,0.000
2025-12-04T18:15:51.291752,-1.500,-3.000,1.270,0.000
2025-12-04T18:15:51.309037,-1.500,-3.000,1.270,0.000
2025-12-04T18:15:51.327244,-1.500,-3.000,1.270,0.000
2025-12-04T18:15:51.344172,-1.500,-3.000,1.270,0.000
2025-12-04T18:15:51.363403,-1.500,-3.000,1.270,0.000
2025-12-04T18:15:51.379656,-1.500,-3.000,1.270,0.000
2025-12-04T18:15:51.396057,-1.500,-3.000,1.270,0.000
2025-12-04T18:15:51.412594,-1.500,-3.000,1.270,0.000
2025-12-04T18:15:51.427812,-1.500,-3.000,1.270,0.000
2025-12-04T18:15:51.443988,-1.500,-3.000,1.270,0.000
2025-12-04T18:15:51.457699,-1.500,-3.000,1.270,0.000
2025-12-04T18:15:51.473012,-1.500,-3.000,1.270,0.000
2025-12-04T18:15:51.487079,-1.500,-3.000,1.270,0.000
2025-12-04T18:15:51.503107,-1.500,-3.000,1.270,0.000
2025-12-04T18:15:51.521711,-1.500,-3.000,1.270,0.000
2025-12-04T18:15:51.534139,-1.500,-3.000,1.270,0.000
2025-12-04T18:15:51.552150,-1.500,-3.000,1.270,0.000
2025-12-04T18:15:51.570914,-1.500,-3.000,1.270,0.000
2025-12-04T18:15:51.592021,-1.500,-3.000,1.270,0.000
2025-12-04T18:15:51.608048,-1.500,-3.000,1.270,0.000
2025-12-04T18:15:51.625516,-1.500,-3.000,1.270,0.000
2025-12-04T18:15:51.642715,-1.500,-3.000,1.270,0.000
2025-12-04T18:15:51.657495,-1.500,-3.000,1.270,0.000
2025-12-04T18:15:51.673805,-1.500,-3.000,1.270,0.000
2025-12-04T18:15:51.689225,-1.500,-3.000,1.270,0.000
2025-12-04T18:15:51.703579,-1.500,-3.000,1.270,0.000
2025-12-04T18:15:51.717627,-1.500,-3.000,1.270,0.000
2025-12-04T18:15:51.732286,-1.500,-3.000,1.270,0.000
2025-12-04T18:15:51.748021,-1.500,-3.000,1.270,0.000
2025-12-04T18:15:51.764442,-1.500,-3.000,1.270,0.000
2025-12-04T18:15:51.781497,-1.500,-3.000,1.270,0.000
2025-12-04T18:15:51.797480,-1.500,-3.000,1.270,0.000
2025-12-04T18:15:51.814697,-1.500,-3.000,1.270,0.000
2025-12-04T18:15:51.832054,-1.500,-3.000,1.270,0.000
2025-12-04T18:15:51.848820,-1.500,-3.000,1.270,0.000
2025-12-04T18:15:51.867647,-1.500,-3.000,1.270,0.000
2025-12-04T18:15:51.882693,-1.500,-3.000,1.270,0.000
2025-12-04T18:15:51.900598,-1.500,-3.000,1.270,0.000
2025-12-04T18:15:51.915415,-1.500,-3.000,1.270,0.000
2025-12-04T18:15:51.931880,-1.500,-3.000,1.270,0.000
2025-12-04T18:15:51.948607,-1.500,-3.000,1.270,0.000
2025-12-04T18:15:51.963957,-1.500,-3.000,1.270,0.000
2025-12-04T18:15:51.979373,-1.500,-3.000,1.270,0.000
2025-12-04T18:15:51.993997,-1.500,-3.000,1.270,0.000
2025-12-04T18:15:52.009428,-1.500,-3.000,1.270,0.000
2025-12-04T18:15:52.024299,-1.500,-3.000,1.270,0.000
2025-12-04T18:15:52.040985,-1.500,-3.000,1.270,0.000
2025-12-04T18:15:52.057841,-1.500,-3.000,1.270,0.000
2025-12-04T18:15:52.074661,-1.500,-3.000,1.270,0.000
2025-12-04T18:15:52.092398,-1.500,-3.000,1.270,0.000
2025-12-04T18:15:52.111654,-1.500,-3.000,1.270,0.000
2025-12-04T18:15:52.130089,-1.500,-3.000,1.270,0.000
2025-12-04T18:15:52.147698,-1.500,-3.000,1.270,0.000
2025-12-04T18:15:52.165478,-1.500,-3.000,1.270,0.000
2025-12-04T18:15:52.183049,-1.500,-3.000,1.270,0.000
2025-12-04T18:15:52.202111,-1.500,-3.000,1.270,0.000
2025-12-04T18:15:52.220498,-1.500,-3.000,1.270,0.000
2025-12-04T18:15:52.236339,-1.500,-3.000,1.270,0.000
2025-12-04T18:15:52.252020,-1.500,-3.000,1.270,0.000
2025-12-04T18:15:52.267704,-1.500,-3.000,1.270,0.000
2025-12-04T18:15:52.283063,-1.500,-3.000,1.270,0.000
2025-12-04T18:15:52.294297,-1.500,-3.000,1.270,0.000
2025-12-04T18:15:52.307113,-1.500,-3.000,1.270,0.000
2025-12-04T18:15:52.324244,-1.500,-3.000,1.270,0.000
2025-12-04T18:15:52.337134,-1.500,-3.000,1.270,0.000
2025-12-04T18:15:52.353174,-1.500,-3.000,1.270,0.000
2025-12-04T18:15:52.371004,-1.500,-3.000,1.270,0.000
2025-12-04T18:15:52.385788,-1.500,-3.000,1.270,0.000
2025-12-04T18:15:52.405139,-1.500,-3.000,1.270,0.000
2025-12-04T18:15:52.422462,-1.500,-3.000,1.270,0.000
2025-12-04T18:15:52.440739,-1.500,-3.000,1.270,0.000
2025-12-04T18:15:52.458757,-1.500,-3.000,1.270,0.000
2025-12-04T18:15:52.474774,-1.500,-3.000,1.270,0.000
2025-12-04T18:15:52.492279,-1.500,-3.000,1.270,0.000
2025-12-04T18:15:52.509423,-1.500,-3.000,1.270,0.000
2025-12-04T18:15:52.525995,-1.500,-3.000,1.270,0.000
2025-12-04T18:15:52.542322,-1.500,-3.000,1.270,0.000
2025-12-04T18:15:52.558093,-1.500,-3.000,1.270,0.000
2025-12-04T18:15:52.573810,-1.500,-3.000,1.270,0.000
2025-12-04T18:15:52.589277,-1.500,-3.000,1.270,0.000
2025-12-04T18:15:52.602612,-1.500,-3.000,1.270,0.000
2025-12-04T18:15:52.622420,-1.500,-3.000,1.270,0.000
2025-12-04T18:15:52.650404,-1.500,-3.000,1.270,0.000
2025-12-04T18:15:52.663360,-1.500,-3.000,1.270,0.000
2025-12-04T18:15:52.677685,-1.500,-3.000,1.270,0.000
2025-12-04T18:15:52.691079,-1.500,-3.000,1.270,0.000
2025-12-04T18:15:52.708628,-1.500,-3.000,1.270,0.000
2025-12-04T18:15:52.719695,-1.500,-3.000,1.270,0.000
2025-12-04T18:15:52.734276,-1.500,-3.000,1.270,0.000
2025-12-04T18:15:52.751554,-1.500,-3.000,1.270,0.000
2025-12-04T18:15:52.764450,-1.500,-3.000,1.270,0.000
2025-12-04T18:15:52.780239,-1.500,-3.000,1.270,0.000
2025-12-04T18:15:52.797807,-1.500,-3.000,1.270,0.000
2025-12-04T18:15:52.825313,-1.500,-3.000,1.270,0.000
2025-12-04T18:15:52.843454,-1.500,-3.000,1.270,0.000
2025-12-04T18:15:52.862460,-1.500,-3.000,1.270,0.000
2025-12-04T18:15:52.878679,-1.500,-3.000,1.270,0.000
2025-12-04T18:15:52.894417,-1.500,-3.000,1.270,0.000
2025-12-04T18:15:52.911429,-1.500,-3.000,1.270,0.000
2025-12-04T18:15:52.925025,-1.500,-3.000,1.270,0.000
2025-12-04T18:15:52.939833,-1.500,-3.000,1.270,0.000
2025-12-04T18:15:52.951459,-1.500,-3.000,1.270,0.000
2025-12-04T18:15:52.964614,-1.500,-3.000,1.270,0.000
2025-12-04T18:15:52.975800,-1.500,-3.000,1.270,0.000
2025-12-04T18:15:52.990294,-1.500,-3.000,1.270,0.000
2025-12-04T18:15:53.005207,-1.500,-3.000,1.270,0.000
2025-12-04T18:15:53.021406,-1.500,-3.000,1.270,0.000
2025-12-04T18:15:53.035470,-1.500,-3.000,1.270,0.000
2025-12-04T18:15:53.052451,-1.500,-3.000,1.270,0.000
2025-12-04T18:15:53.068476,-1.500,-3.000,1.270,0.000
2025-12-04T18:15:53.086530,-1.500,-3.000,1.270,0.000
2025-12-04T18:15:53.102389,-1.500,-3.000,1.270,0.000
2025-12-04T18:15:53.118861,-1.500,-3.000,1.270,0.000
2025-12-04T18:15:53.137560,-1.500,-3.000,1.270,0.000
2025-12-04T18:15:53.154549,-1.500,-3.000,1.270,0.000
2025-12-04T18:15:53.172938,-1.500,-3.000,1.270,0.000
2025-12-04T18:15:53.190704,-1.500,-3.000,1.270,0.000
2025-12-04T18:15:53.206092,-1.500,-3.000,1.270,0.000
2025-12-04T18:15:53.225003,-1.500,-3.000,1.270,0.000
2025-12-04T18:15:53.240182,-1.500,-3.000,1.270,0.000
2025-12-04T18:15:53.256123,-1.500,-3.000,1.270,0.000
2025-12-04T18:15:53.270781,-1.500,-3.000,1.270,0.000
2025-12-04T18:15:53.286629,-1.500,-3.000,1.270,0.000
2025-12-04T18:15:53.301222,-1.500,-3.000,1.270,0.000
2025-12-04T18:15:53.316062,-1.500,-3.000,1.270,0.000
2025-12-04T18:15:53.336409,-1.500,-3.000,1.270,0.000
2025-12-04T18:15:53.354055,-1.500,-3.000,1.270,0.000
2025-12-04T18:15:53.372292,-1.500,-3.000,1.270,0.000
2025-12-04T18:15:53.389201,-1.500,-3.000,1.270,0.000
2025-12-04T18:15:53.405997,-1.500,-3.000,1.270,0.000
2025-12-04T18:15:53.422922,-1.500,-3.000,1.270,0.000
2025-12-04T18:15:53.439551,-1.500,-3.000,1.270,0.000
2025-12-04T18:15:53.464338,-1.500,-3.000,1.270,0.000
2025-12-04T18:15:53.480071,-1.500,-3.000,1.270,0.000
2025-12-04T18:15:53.496190,-1.500,-3.000,1.270,0.000
2025-12-04T18:15:53.509852,-1.500,-3.000,1.270,0.000
2025-12-04T18:15:53.526936,-1.500,-3.000,1.270,0.000
2025-12-04T18:15:53.537830,-1.500,-3.000,1.270,0.000
2025-12-04T18:15:53.551431,-1.500,-3.000,1.270,0.000
2025-12-04T18:15:53.567793,-1.500,-3.000,1.270,0.000
2025-12-04T18:15:53.581853,-1.500,-3.000,1.270,0.000
2025-12-04T18:15:53.596729,-1.500,-3.000,1.270,0.000
2025-12-04T18:15:53.612809,-1.500,-3.000,1.270,0.000
2025-12-04T18:15:53.629732,-1.500,-3.000,1.270,0.000
2025-12-04T18:15:53.646729,-1.500,-3.000,1.270,0.000
2025-12-04T18:15:53.661495,-1.500,-3.000,1.270,0.000
2025-12-04T18:15:53.677958,-1.500,-3.000,1.270,0.000
2025-12-04T18:15:53.694792,-1.500,-3.000,1.270,0.000
2025-12-04T18:15:53.713638,-1.500,-3.000,1.270,0.000
2025-12-04T18:15:53.731986,-1.500,-3.000,1.270,0.000
2025-12-04T18:15:53.749504,-1.500,-3.000,1.270,0.000
2025-12-04T18:15:53.766818,-1.500,-3.000,1.270,0.000
2025-12-04T18:15:53.783368,-1.500,-3.000,1.270,0.000
2025-12-04T18:15:53.800084,-1.500,-3.000,1.270,0.000
2025-12-04T18:15:53.815789,-1.500,-3.000,1.270,0.000
2025-12-04T18:15:53.831462,-1.500,-3.000,1.270,0.000
2025-12-04T18:15:53.845673,-1.500,-3.000,1.270,0.000
2025-12-04T18:15:53.860737,-1.500,-3.000,1.270,0.000
2025-12-04T18:15:53.875112,-1.500,-3.000,1.270,0.000
2025-12-04T18:15:53.891241,-1.500,-3.000,1.270,0.000
2025-12-04T18:15:53.906872,-1.500,-3.000,1.270,0.000
2025-12-04T18:15:53.924660,-1.500,-3.000,1.270,0.000
2025-12-04T18:15:53.941829,-1.500,-3.000,1.270,0.000
2025-12-04T18:15:53.959527,-1.500,-3.000,1.270,0.000
2025-12-04T18:15:53.975958,-1.500,-3.000,1.270,0.000
2025-12-04T18:15:53.998393,-1.500,-3.000,1.270,0.000
2025-12-04T18:15:54.011236,-1.500,-3.000,1.270,0.000
2025-12-04T18:15:54.027115,-1.500,-3.000,1.270,0.000
2025-12-04T18:15:54.044990,-1.500,-3.000,1.270,0.000
2025-12-04T18:15:54.061788,-1.500,-3.000,1.270,0.000
2025-12-04T18:15:54.077512,-1.500,-3.000,1.270,0.000
2025-12-04T18:15:54.093174,-1.500,-3.000,1.270,0.000
2025-12-04T18:15:54.108952,-1.500,-3.000,1.270,0.000
2025-12-04T18:15:54.123696,-1.500,-3.000,1.270,0.000
2025-12-04T18:15:54.138337,-1.500,-3.000,1.270,0.000
2025-12-04T18:15:54.154084,-1.500,-3.000,1.270,0.000
2025-12-04T18:15:54.170716,-1.500,-3.000,1.270,0.000
2025-12-04T18:15:54.188687,-1.500,-3.000,1.270,0.000
2025-12-04T18:15:54.206156,-1.500,-3.000,1.270,0.000
2025-12-04T18:15:54.223816,-1.500,-3.000,1.270,0.000
2025-12-04T18:15:54.242949,-1.500,-3.000,1.270,0.000
2025-12-04T18:15:54.260557,-1.500,-3.000,1.270,0.000
2025-12-04T18:15:54.277445,-1.500,-3.000,1.270,0.000
2025-12-04T18:15:54.295843,-1.500,-3.000,1.270,0.000
2025-12-04T18:15:54.311470,-1.500,-3.000,1.270,0.000
2025-12-04T18:15:54.329034,-1.500,-3.000,1.270,0.000
2025-12-04T18:15:54.345909,-1.500,-3.000,1.270,0.000
2025-12-04T18:15:54.360940,-1.500,-3.000,1.270,0.000
2025-12-04T18:15:54.380322,-1.500,-3.000,1.270,0.000
2025-12-04T18:15:54.392507,-1.500,-3.000,1.270,0.000
2025-12-04T18:15:54.412629,-1.500,-3.000,1.270,0.000
2025-12-04T18:15:54.424713,-1.500,-3.000,1.270,0.000
2025-12-04T18:15:54.439637,-1.500,-3.000,1.270,0.000
2025-12-04T18:15:54.455037,-1.500,-3.000,1.270,0.000
2025-12-04T18:15:54.474116,-1.500,-3.000,1.270,0.000
2025-12-04T18:15:54.489825,-1.500,-3.000,1.270,0.000
2025-12-04T18:15:54.505671,-1.500,-3.000,1.270,0.000
2025-12-04T18:15:54.522854,-1.500,-3.000,1.270,0.000
2025-12-04T18:15:54.540884,-1.500,-3.000,1.270,0.000
2025-12-04T18:15:54.588791,-1.500,-3.000,1.270,0.000
2025-12-04T18:15:54.607144,-1.500,-3.000,1.270,0.000
2025-12-04T18:15:54.648758,-1.500,-3.000,1.270,0.000
2025-12-04T18:15:54.679179,-1.500,-3.000,1.270,0.000
2025-12-04T18:15:54.695103,-1.500,-3.000,1.270,0.000
2025-12-04T18:15:54.722507,-1.500,-3.000,1.270,0.000
2025-12-04T18:15:54.735971,-1.500,-3.000,1.270,0.000
2025-12-04T18:15:54.760761,-1.500,-3.000,1.270,0.000
2025-12-04T18:15:54.786328,-1.500,-3.000,1.270,0.000
2025-12-04T18:15:54.799145,-1.500,-3.000,1.270,0.000
2025-12-04T18:15:54.830350,-1.500,-3.000,1.270,0.000
2025-12-04T18:15:54.856606,-1.500,-3.000,1.270,0.000
2025-12-04T18:15:54.866805,-1.500,-3.000,1.270,0.000
2025-12-04T18:15:54.888011,-1.500,-3.000,1.270,0.000
2025-12-04T18:15:54.898503,-1.500,-3.000,1.270,0.000
2025-12-04T18:15:54.924956,-1.500,-3.000,1.270,0.000
2025-12-04T18:15:54.936548,-1.500,-3.000,1.270,0.000
2025-12-04T18:15:54.959402,-1.500,-3.000,1.270,0.000
2025-12-04T18:15:54.966494,-1.500,-3.000,1.270,0.000
2025-12-04T18:15:54.971779,-1.500,-3.000,1.270,0.000
2025-12-04T18:15:54.987234,-1.500,-3.000,1.270,0.000
2025-12-04T18:15:54.993620,-1.500,-3.000,1.270,0.000
2025-12-04T18:15:55.004808,-1.500,-3.000,1.270,0.000
2025-12-04T18:15:55.027537,-1.500,-3.000,1.270,0.000
2025-12-04T18:15:55.037235,-1.500,-3.000,1.270,0.000
2025-12-04T18:15:55.054636,-1.500,-3.000,1.270,0.000
2025-12-04T18:15:55.065398,-1.500,-3.000,1.270,0.000
2025-12-04T18:15:55.076436,-1.500,-3.000,1.270,0.000
2025-12-04T18:15:55.088873,-1.500,-3.000,1.270,0.000
2025-12-04T18:15:55.099492,-1.500,-3.000,1.270,0.000
2025-12-04T18:15:55.113556,-1.500,-3.000,1.270,0.000
2025-12-04T18:15:55.126443,-1.500,-3.000,1.270,0.000
2025-12-04T18:15:55.141368,-1.500,-3.000,1.270,0.000
2025-12-04T18:15:55.155810,-1.500,-3.000,1.270,0.000
2025-12-04T18:15:55.170415,-1.500,-3.000,1.270,0.000
2025-12-04T18:15:55.196903,-1.500,-3.000,1.270,0.000
2025-12-04T18:15:55.212837,-1.500,-3.000,1.270,0.000
2025-12-04T18:15:55.230209,-1.500,-3.000,1.270,0.000
2025-12-04T18:15:55.255198,-1.500,-3.000,1.270,0.000
2025-12-04T18:15:55.270295,-1.500,-3.000,1.270,0.000
2025-12-04T18:15:55.296972,-1.500,-3.000,1.270,0.000
2025-12-04T18:15:55.321239,-1.500,-3.000,1.270,0.000
2025-12-04T18:15:55.335381,-1.500,-3.000,1.270,0.000
2025-12-04T18:15:55.350792,-1.500,-3.000,1.270,0.000
2025-12-04T18:15:55.365190,-1.500,-3.000,1.270,0.000
2025-12-04T18:15:55.379210,-1.500,-3.000,1.270,0.000
2025-12-04T18:15:55.391858,-1.500,-3.000,1.270,0.000
2025-12-04T18:15:55.404137,-1.500,-3.000,1.270,0.000
2025-12-04T18:15:55.416124,-1.500,-3.000,1.270,0.000
2025-12-04T18:15:55.428506,-1.500,-3.000,1.270,0.000
2025-12-04T18:15:55.443626,-1.500,-3.000,1.270,0.000
2025-12-04T18:15:55.455937,-1.500,-3.000,1.270,0.000
2025-12-04T18:15:55.470759,-1.500,-3.000,1.270,0.000
2025-12-04T18:15:55.485394,-1.500,-3.000,1.270,0.000
2025-12-04T18:15:55.500900,-1.500,-3.000,1.270,0.000
2025-12-04T18:15:55.527105,-1.500,-3.000,1.270,0.000
2025-12-04T18:15:55.545186,-1.500,-3.000,1.270,0.000
2025-12-04T18:15:55.562218,-1.500,-3.000,1.270,0.000
2025-12-04T18:15:55.580207,-1.500,-3.000,1.270,0.000
2025-12-04T18:15:55.597129,-1.500,-3.000,1.270,0.000
2025-12-04T18:15:55.615101,-1.500,-3.000,1.270,0.000
2025-12-04T18:15:55.630951,-1.500,-3.000,1.270,0.000
2025-12-04T18:15:55.646550,-1.500,-3.000,1.270,0.000
2025-12-04T18:15:55.661411,-1.500,-3.000,1.270,0.000
2025-12-04T18:15:55.677223,-1.500,-3.000,1.270,0.000
2025-12-04T18:15:55.692739,-1.500,-3.000,1.270,0.000
2025-12-04T18:15:55.709055,-1.500,-3.000,1.270,0.000
2025-12-04T18:15:55.723039,-1.500,-3.000,1.270,0.000
2025-12-04T18:15:55.738778,-1.500,-3.000,1.270,0.000
2025-12-04T18:15:55.754917,-1.500,-3.000,1.270,0.000
2025-12-04T18:15:55.771841,-1.500,-3.000,1.270,0.000
2025-12-04T18:15:55.789236,-1.500,-3.000,1.270,0.000
2025-12-04T18:15:55.807047,-1.500,-3.000,1.270,0.000
2025-12-04T18:15:55.826338,-1.500,-3.000,1.270,0.000
2025-12-04T18:15:55.844176,-1.500,-3.000,1.270,0.000
2025-12-04T18:15:55.861794,-1.500,-3.000,1.270,0.000
2025-12-04T18:15:55.879377,-1.500,-3.000,1.270,0.000
2025-12-04T18:15:55.895420,-1.500,-3.000,1.270,0.000
2025-12-04T18:15:55.912030,-1.500,-3.000,1.270,0.000
2025-12-04T18:15:55.927828,-1.500,-3.000,1.270,0.000
2025-12-04T18:15:55.945313,-1.500,-3.000,1.270,0.000
2025-12-04T18:15:55.967451,-1.500,-3.000,1.270,0.000
2025-12-04T18:15:55.981025,-1.500,-3.000,1.270,0.000
2025-12-04T18:15:55.993822,-1.500,-3.000,1.270,0.000
2025-12-04T18:15:56.008235,-1.500,-3.000,1.270,0.000
2025-12-04T18:15:56.022303,-1.500,-3.000,1.270,0.000
2025-12-04T18:15:56.036890,-1.500,-3.000,1.270,0.000
2025-12-04T18:15:56.050207,-1.500,-3.000,1.270,0.000
2025-12-04T18:15:56.067414,-1.500,-3.000,1.270,0.000
2025-12-04T18:15:56.082752,-1.500,-3.000,1.270,0.000
2025-12-04T18:15:56.099763,-1.500,-3.000,1.270,0.000
2025-12-04T18:15:56.115490,-1.500,-3.000,1.270,0.000
2025-12-04T18:15:56.130931,-1.500,-3.000,1.270,0.000
2025-12-04T18:15:56.148315,-1.500,-3.000,1.270,0.000
2025-12-04T18:15:56.165605,-1.500,-3.000,1.270,0.000
2025-12-04T18:15:56.184290,-1.500,-3.000,1.270,0.000
2025-12-04T18:15:56.200987,-1.500,-3.000,1.270,0.000
2025-12-04T18:15:56.219200,-1.500,-3.000,1.270,0.000
2025-12-04T18:15:56.235669,-1.500,-3.000,1.270,0.000
2025-12-04T18:15:56.252510,-1.500,-3.000,1.270,0.000
2025-12-04T18:15:56.268150,-1.500,-3.000,1.270,0.000
2025-12-04T18:15:56.283616,-1.500,-3.000,1.270,0.000
2025-12-04T18:15:56.300026,-1.500,-3.000,1.270,0.000
2025-12-04T18:15:56.314352,-1.500,-3.000,1.270,0.000
2025-12-04T18:15:56.330591,-1.500,-3.000,1.270,0.000
2025-12-04T18:15:56.345703,-1.500,-3.000,1.270,0.000
2025-12-04T18:15:56.364537,-1.500,-3.000,1.270,0.000
2025-12-04T18:15:56.380158,-1.500,-3.000,1.270,0.000
2025-12-04T18:15:56.397531,-1.500,-3.000,1.270,0.000
2025-12-04T18:15:56.415342,-1.500,-3.000,1.270,0.000
2025-12-04T18:15:56.433690,-1.500,-3.000,1.270,0.000
2025-12-04T18:15:56.451879,-1.500,-3.000,1.270,0.000
2025-12-04T18:15:56.472644,-1.500,-3.000,1.270,0.000
2025-12-04T18:15:56.485777,-1.500,-3.000,1.270,0.000
2025-12-04T18:15:56.503355,-1.500,-3.000,1.270,0.000
2025-12-04T18:15:56.519394,-1.500,-3.000,1.270,0.000
2025-12-04T18:15:56.535569,-1.500,-3.000,1.270,0.000
2025-12-04T18:15:56.550318,-1.500,-3.000,1.270,0.000
2025-12-04T18:15:56.567647,-1.500,-3.000,1.270,0.000
2025-12-04T18:15:56.586927,-1.500,-3.000,1.270,0.000
2025-12-04T18:15:56.600338,-1.500,-3.000,1.270,0.000
2025-12-04T18:15:56.613719,-1.500,-3.000,1.270,0.000
2025-12-04T18:15:56.628817,-1.500,-3.000,1.270,0.000
2025-12-04T18:15:56.644366,-1.500,-3.000,1.270,0.000
2025-12-04T18:15:56.659225,-1.500,-3.000,1.270,0.000
2025-12-04T18:15:56.674560,-1.500,-3.000,1.270,0.000
2025-12-04T18:15:56.691656,-1.500,-3.000,1.270,0.000
2025-12-04T18:15:56.708647,-1.500,-3.000,1.270,0.000
2025-12-04T18:15:56.726758,-1.500,-3.000,1.270,0.000
2025-12-04T18:15:56.744529,-1.500,-3.000,1.270,0.000
2025-12-04T18:15:56.762792,-1.500,-3.000,1.270,0.000
2025-12-04T18:15:56.780855,-1.500,-3.000,1.270,0.000
2025-12-04T18:15:56.798031,-1.500,-3.000,1.270,0.000
2025-12-04T18:15:56.814104,-1.500,-3.000,1.270,0.000
2025-12-04T18:15:56.830701,-1.500,-3.000,1.270,0.000
2025-12-04T18:15:56.847450,-1.500,-3.000,1.270,0.000
2025-12-04T18:15:56.862636,-1.500,-3.000,1.270,0.000
2025-12-04T18:15:56.876978,-1.500,-3.000,1.270,0.000
2025-12-04T18:15:56.891804,-1.500,-3.000,1.270,0.000
2025-12-04T18:15:56.905870,-1.500,-3.000,1.270,0.000
2025-12-04T18:15:56.923053,-1.500,-3.000,1.270,0.000
2025-12-04T18:15:56.939190,-1.500,-3.000,1.270,0.000
2025-12-04T18:15:56.957566,-1.500,-3.000,1.270,0.000
2025-12-04T18:15:56.974352,-1.500,-3.000,1.270,0.000
2025-12-04T18:15:56.992591,-1.500,-3.000,1.270,0.000
2025-12-04T18:15:57.010605,-1.500,-3.000,1.270,0.000
2025-12-04T18:15:57.028294,-1.500,-3.000,1.270,0.000
2025-12-04T18:15:57.045650,-1.500,-3.000,1.270,0.000
2025-12-04T18:15:57.062859,-1.500,-3.000,1.270,0.000
2025-12-04T18:15:57.079899,-1.500,-3.000,1.270,0.000
2025-12-04T18:15:57.096958,-1.500,-3.000,1.270,0.000
2025-12-04T18:15:57.113097,-1.500,-3.000,1.270,0.000
2025-12-04T18:15:57.127809,-1.500,-3.000,1.270,0.000
2025-12-04T18:15:57.143769,-1.500,-3.000,1.270,0.000
2025-12-04T18:15:57.158224,-1.500,-3.000,1.270,0.000
2025-12-04T18:15:57.173679,-1.500,-3.000,1.270,0.000
2025-12-04T18:15:57.189499,-1.500,-3.000,1.270,0.000
2025-12-04T18:15:57.210855,-1.500,-3.000,1.270,0.000
2025-12-04T18:15:57.226726,-1.500,-3.000,1.270,0.000
2025-12-04T18:15:57.238585,-1.500,-3.000,1.270,0.000
2025-12-04T18:15:57.254560,-1.500,-3.000,1.270,0.000
2025-12-04T18:15:57.270751,-1.500,-3.000,1.270,0.000
2025-12-04T18:15:57.288527,-1.500,-3.000,1.270,0.000
2025-12-04T18:15:57.305684,-1.500,-3.000,1.270,0.000
2025-12-04T18:15:57.320761,-1.500,-3.000,1.270,0.000
2025-12-04T18:15:57.335609,-1.500,-3.000,1.270,0.000
2025-12-04T18:15:57.352295,-1.500,-3.000,1.270,0.000
2025-12-04T18:15:57.368767,-1.500,-3.000,1.270,0.000
2025-12-04T18:15:57.386301,-1.500,-3.000,1.270,0.000
2025-12-04T18:15:57.402822,-1.500,-3.000,1.270,0.000
2025-12-04T18:15:57.418868,-1.500,-3.000,1.270,0.000
2025-12-04T18:15:57.435422,-1.500,-3.000,1.270,0.000
2025-12-04T18:15:57.452204,-1.500,-3.000,1.270,0.000
2025-12-04T18:15:57.470579,-1.500,-3.000,1.270,0.000
2025-12-04T18:15:57.485553,-1.500,-3.000,1.270,0.000
2025-12-04T18:15:57.501489,-1.500,-3.000,1.270,0.000
2025-12-04T18:15:57.518565,-1.500,-3.000,1.270,0.000
2025-12-04T18:15:57.534552,-1.500,-3.000,1.270,0.000
2025-12-04T18:15:57.551852,-1.500,-3.000,1.270,0.000
2025-12-04T18:15:57.569236,-1.500,-3.000,1.270,0.000
2025-12-04T18:15:57.586220,-1.500,-3.000,1.270,0.000
2025-12-04T18:15:57.603395,-1.500,-3.000,1.270,0.000
2025-12-04T18:15:57.619109,-1.500,-3.000,1.270,0.000
2025-12-04T18:15:57.636197,-1.500,-3.000,1.270,0.000
2025-12-04T18:15:57.651734,-1.500,-3.000,1.270,0.000
2025-12-04T18:15:57.666428,-1.500,-3.000,1.270,0.000
2025-12-04T18:15:57.682179,-1.500,-3.000,1.270,0.000
2025-12-04T18:15:57.696671,-1.500,-3.000,1.270,0.000
2025-12-04T18:15:57.712870,-1.500,-3.000,1.270,0.000
2025-12-04T18:15:57.728876,-1.500,-3.000,1.270,0.000
2025-12-04T18:15:57.745645,-1.500,-3.000,1.270,0.000
2025-12-04T18:15:57.762032,-1.500,-3.000,1.270,0.000
2025-12-04T18:15:57.780841,-1.500,-3.000,1.270,0.000
2025-12-04T18:15:57.799059,-1.500,-3.000,1.270,0.000
2025-12-04T18:15:57.816081,-1.500,-3.000,1.270,0.000
2025-12-04T18:15:57.836460,-1.500,-3.000,1.270,0.000
2025-12-04T18:15:57.854203,-1.500,-3.000,1.270,0.000
2025-12-04T18:15:57.871650,-1.500,-3.000,1.270,0.000
2025-12-04T18:15:57.888574,-1.500,-3.000,1.270,0.000
2025-12-04T18:15:57.905495,-1.500,-3.000,1.270,0.000
2025-12-04T18:15:57.920376,-1.500,-3.000,1.270,0.000
2025-12-04T18:15:57.936920,-1.500,-3.000,1.270,0.000
2025-12-04T18:15:57.951612,-1.500,-3.000,1.270,0.000
2025-12-04T18:15:57.964112,-1.500,-3.000,1.270,0.000
2025-12-04T18:15:57.980481,-1.500,-3.000,1.270,0.000
2025-12-04T18:15:57.995176,-1.500,-3.000,1.270,0.000
2025-12-04T18:15:58.010599,-1.500,-3.000,1.270,0.000
2025-12-04T18:15:58.027964,-1.500,-3.000,1.270,0.000
2025-12-04T18:15:58.043879,-1.500,-3.000,1.270,0.000
2025-12-04T18:15:58.060978,-1.500,-3.000,1.270,0.000
2025-12-04T18:15:58.078502,-1.500,-3.000,1.270,0.000
2025-12-04T18:15:58.096335,-1.500,-3.000,1.270,0.000
2025-12-04T18:15:58.114623,-1.500,-3.000,1.270,0.000
2025-12-04T18:15:58.132149,-1.500,-3.000,1.270,0.000
2025-12-04T18:15:58.148570,-1.500,-3.000,1.270,0.000
2025-12-04T18:15:58.165759,-1.500,-3.000,1.270,0.000
2025-12-04T18:15:58.182413,-1.500,-3.000,1.270,0.000
2025-12-04T18:15:58.198766,-1.500,-3.000,1.270,0.000
2025-12-04T18:15:58.215419,-1.500,-3.000,1.270,0.000
2025-12-04T18:15:58.230712,-1.500,-3.000,1.270,0.000
2025-12-04T18:15:58.249592,-1.500,-3.000,1.270,0.000
2025-12-04T18:15:58.264907,-1.500,-3.000,1.270,0.000
2025-12-04T18:15:58.280971,-1.500,-3.000,1.270,0.000
2025-12-04T18:15:58.297134,-1.500,-3.000,1.270,0.000
2025-12-04T18:15:58.311636,-1.500,-3.000,1.270,0.000
2025-12-04T18:15:58.326024,-1.500,-3.000,1.270,0.000
2025-12-04T18:15:58.342153,-1.500,-3.000,1.270,0.000
2025-12-04T18:15:58.360457,-1.500,-3.000,1.270,0.000
2025-12-04T18:15:58.377573,-1.500,-3.000,1.270,0.000
2025-12-04T18:15:58.394496,-1.500,-3.000,1.270,0.000
2025-12-04T18:15:58.412642,-1.500,-3.000,1.270,0.000
2025-12-04T18:15:58.430791,-1.500,-3.000,1.270,0.000
2025-12-04T18:15:58.448873,-1.500,-3.000,1.270,0.000
2025-12-04T18:15:58.468445,-1.500,-3.000,1.270,0.000
2025-12-04T18:15:58.483553,-1.500,-3.000,1.270,0.000
2025-12-04T18:15:58.499572,-1.500,-3.000,1.270,0.000
2025-12-04T18:15:58.513890,-1.500,-3.000,1.270,0.000
2025-12-04T18:15:58.528498,-1.500,-3.000,1.270,0.000
2025-12-04T18:15:58.542919,-1.500,-3.000,1.270,0.000
2025-12-04T18:15:58.557412,-1.500,-3.000,1.270,0.000
2025-12-04T18:15:58.573073,-1.500,-3.000,1.270,0.000
2025-12-04T18:15:58.589094,-1.500,-3.000,1.270,0.000
2025-12-04T18:15:58.605355,-1.500,-3.000,1.270,0.000
2025-12-04T18:15:58.622049,-1.500,-3.000,1.270,0.000
2025-12-04T18:15:58.640393,-1.500,-3.000,1.270,0.000
2025-12-04T18:15:58.657498,-1.500,-3.000,1.270,0.000
2025-12-04T18:15:58.675034,-1.500,-3.000,1.270,0.000
2025-12-04T18:15:58.694808,-1.500,-3.000,1.270,0.000
2025-12-04T18:15:58.711228,-1.500,-3.000,1.270,0.000
2025-12-04T18:15:58.729043,-1.500,-3.000,1.270,0.000
2025-12-04T18:15:58.744038,-1.500,-3.000,1.270,0.000
2025-12-04T18:15:58.761035,-1.500,-3.000,1.270,0.000
2025-12-04T18:15:58.775521,-1.500,-3.000,1.270,0.000
2025-12-04T18:15:58.789060,-1.500,-3.000,1.270,0.000
2025-12-04T18:15:58.805570,-1.500,-3.000,1.270,0.000
2025-12-04T18:15:58.821070,-1.500,-3.000,1.270,0.000
2025-12-04T18:15:58.837971,-1.500,-3.000,1.270,0.000
2025-12-04T18:15:58.855428,-1.500,-3.000,1.270,0.000
2025-12-04T18:15:58.870411,-1.500,-3.000,1.270,0.000
2025-12-04T18:15:58.889603,-1.500,-3.000,1.270,0.000
2025-12-04T18:15:58.905565,-1.500,-3.000,1.270,0.000
2025-12-04T18:15:58.923206,-1.500,-3.000,1.270,0.000
2025-12-04T18:15:58.940618,-1.500,-3.000,1.270,0.000
2025-12-04T18:15:58.957818,-1.500,-3.000,1.270,0.000
2025-12-04T18:15:58.975803,-1.500,-3.000,1.270,0.000
2025-12-04T18:15:58.990944,-1.500,-3.000,1.270,0.000
2025-12-04T18:15:59.007601,-1.500,-3.000,1.270,0.000
2025-12-04T18:15:59.022671,-1.500,-3.000,1.270,0.000
2025-12-04T18:15:59.039548,-1.500,-3.000,1.270,0.000
2025-12-04T18:15:59.057236,-1.500,-3.000,1.270,0.000
2025-12-04T18:15:59.071108,-1.500,-3.000,1.270,0.000
2025-12-04T18:15:59.092042,-1.500,-3.000,1.270,0.000
2025-12-04T18:15:59.104691,-1.500,-3.000,1.270,0.000
2025-12-04T18:15:59.119094,-1.500,-3.000,1.270,0.000
2025-12-04T18:15:59.134514,-1.500,-3.000,1.270,0.000
2025-12-04T18:15:59.151399,-1.500,-3.000,1.270,0.000
2025-12-04T18:15:59.166972,-1.500,-3.000,1.270,0.000
2025-12-04T18:15:59.182675,-1.500,-3.000,1.270,0.000
2025-12-04T18:15:59.201887,-1.500,-3.000,1.270,0.000
2025-12-04T18:15:59.220451,-1.500,-3.000,1.270,0.000
2025-12-04T18:15:59.238311,-1.500,-3.000,1.270,0.000
2025-12-04T18:15:59.254379,-1.500,-3.000,1.270,0.000
2025-12-04T18:15:59.271640,-1.500,-3.000,1.270,0.000
2025-12-04T18:15:59.289092,-1.500,-3.000,1.270,0.000
2025-12-04T18:15:59.305015,-1.500,-3.000,1.270,0.000
2025-12-04T18:15:59.320618,-1.500,-3.000,1.270,0.000
2025-12-04T18:15:59.336458,-1.500,-3.000,1.270,0.000
2025-12-04T18:15:59.350639,-1.500,-3.000,1.270,0.000
2025-12-04T18:15:59.366326,-1.500,-3.000,1.270,0.000
2025-12-04T18:15:59.381778,-1.500,-3.000,1.270,0.000
2025-12-04T18:15:59.393954,-1.500,-3.000,1.270,0.000
2025-12-04T18:15:59.410421,-1.500,-3.000,1.270,0.000
2025-12-04T18:15:59.426992,-1.500,-3.000,1.270,0.000
2025-12-04T18:15:59.443504,-1.500,-3.000,1.270,0.000
2025-12-04T18:15:59.459783,-1.500,-3.000,1.270,0.000
2025-12-04T18:15:59.477016,-1.500,-3.000,1.270,0.000
2025-12-04T18:15:59.495294,-1.500,-3.000,1.270,0.000
2025-12-04T18:15:59.513952,-1.500,-3.000,1.270,0.000
2025-12-04T18:15:59.531201,-1.500,-3.000,1.270,0.000
2025-12-04T18:15:59.548952,-1.500,-3.000,1.270,0.000
2025-12-04T18:15:59.566777,-1.500,-3.000,1.270,0.000
2025-12-04T18:15:59.583227,-1.500,-3.000,1.270,0.000
2025-12-04T18:15:59.599763,-1.500,-3.000,1.270,0.000
2025-12-04T18:15:59.615894,-1.500,-3.000,1.270,0.000
2025-12-04T18:15:59.633062,-1.500,-3.000,1.270,0.000
2025-12-04T18:15:59.647056,-1.500,-3.000,1.270,0.000
2025-12-04T18:15:59.660865,-1.500,-3.000,1.270,0.000
2025-12-04T18:15:59.674685,-1.500,-3.000,1.270,0.000
2025-12-04T18:15:59.693766,-1.500,-3.000,1.270,0.000
2025-12-04T18:15:59.713899,-1.500,-3.000,1.270,0.000
2025-12-04T18:15:59.731817,-1.500,-3.000,1.270,0.000
2025-12-04T18:15:59.749618,-1.500,-3.000,1.270,0.000
2025-12-04T18:15:59.767081,-1.500,-3.000,1.270,0.000
2025-12-04T18:15:59.784511,-1.500,-3.000,1.270,0.000
2025-12-04T18:15:59.802750,-1.500,-3.000,1.270,0.000
2025-12-04T18:15:59.820235,-1.500,-3.000,1.270,0.000
2025-12-04T18:15:59.836947,-1.500,-3.000,1.270,0.000
2025-12-04T18:15:59.855073,-1.500,-3.000,1.270,0.000
2025-12-04T18:15:59.869435,-1.500,-3.000,1.270,0.000
2025-12-04T18:15:59.885368,-1.500,-3.000,1.270,0.000
2025-12-04T18:15:59.901581,-1.500,-3.000,1.270,0.000
2025-12-04T18:15:59.918111,-1.500,-3.000,1.270,0.000
2025-12-04T18:15:59.931076,-1.500,-3.000,1.270,0.000
2025-12-04T18:15:59.946822,-1.500,-3.000,1.270,0.000
2025-12-04T18:15:59.961080,-1.500,-3.000,1.270,0.000
2025-12-04T18:15:59.975018,-1.500,-3.000,1.270,0.000
2025-12-04T18:15:59.992166,-1.500,-3.000,1.270,0.000
2025-12-04T18:16:00.008675,-1.500,-3.000,1.270,0.000
2025-12-04T18:16:00.024423,-1.500,-3.000,1.270,0.000
2025-12-04T18:16:00.042132,-1.500,-3.000,1.270,0.000
2025-12-04T18:16:00.059389,-1.500,-3.000,1.270,0.000
2025-12-04T18:16:00.076802,-1.500,-3.000,1.270,0.000
2025-12-04T18:16:00.094823,-1.500,-3.000,1.270,0.000
2025-12-04T18:16:00.112124,-1.500,-3.000,1.270,0.000
2025-12-04T18:16:00.129176,-1.500,-3.000,1.270,0.000
2025-12-04T18:16:00.146412,-1.500,-3.000,1.270,0.000
2025-12-04T18:16:00.162743,-1.500,-3.000,1.270,0.000
2025-12-04T18:16:00.177579,-1.500,-3.000,1.270,0.000
2025-12-04T18:16:00.193930,-1.500,-3.000,1.270,0.000
2025-12-04T18:16:00.208694,-1.500,-3.000,1.270,0.000
2025-12-04T18:16:00.223974,-1.500,-3.000,1.270,0.000
2025-12-04T18:16:00.241970,-1.500,-3.000,1.270,0.000
2025-12-04T18:16:00.258222,-1.500,-3.000,1.270,0.000
2025-12-04T18:16:00.274054,-1.500,-3.000,1.270,0.000
2025-12-04T18:16:00.293545,-1.500,-3.000,1.270,0.000
2025-12-04T18:16:00.309107,-1.500,-3.000,1.270,0.000
2025-12-04T18:16:00.328102,-1.500,-3.000,1.270,0.000
2025-12-04T18:16:00.348970,-1.500,-3.000,1.270,0.000
2025-12-04T18:16:00.365212,-1.500,-3.000,1.270,0.000
2025-12-04T18:16:00.380273,-1.500,-3.000,1.270,0.000
2025-12-04T18:16:00.396322,-1.500,-3.000,1.270,0.000
2025-12-04T18:16:00.411369,-1.500,-3.000,1.270,0.000
2025-12-04T18:16:00.426135,-1.500,-3.000,1.270,0.000
2025-12-04T18:16:00.439357,-1.500,-3.000,1.270,0.000
2025-12-04T18:16:00.454920,-1.500,-3.000,1.270,0.000
2025-12-04T18:16:00.467166,-1.500,-3.000,1.270,0.000
2025-12-04T18:16:00.481943,-1.500,-3.000,1.270,0.000
2025-12-04T18:16:00.496527,-1.500,-3.000,1.270,0.000
2025-12-04T18:16:00.513493,-1.500,-3.000,1.270,0.000
2025-12-04T18:16:00.529393,-1.500,-3.000,1.270,0.000
2025-12-04T18:16:00.547217,-1.500,-3.000,1.270,0.000
2025-12-04T18:16:00.564837,-1.500,-3.000,1.270,0.000
2025-12-04T18:16:00.582521,-1.500,-3.000,1.270,0.000
2025-12-04T18:16:00.601053,-1.500,-3.000,1.270,0.000
2025-12-04T18:16:00.619155,-1.500,-3.000,1.270,0.000
2025-12-04T18:16:00.636157,-1.500,-3.000,1.270,0.000
2025-12-04T18:16:00.653537,-1.500,-3.000,1.270,0.000
2025-12-04T18:16:00.669677,-1.500,-3.000,1.270,0.000
2025-12-04T18:16:00.686777,-1.500,-3.000,1.270,0.000
2025-12-04T18:16:00.703221,-1.500,-3.000,1.270,0.000
2025-12-04T18:16:00.717592,-1.500,-3.000,1.270,0.000
2025-12-04T18:16:00.732737,-1.500,-3.000,1.270,0.000
2025-12-04T18:16:00.747928,-1.500,-3.000,1.270,0.000
2025-12-04T18:16:00.764696,-1.500,-3.000,1.270,0.000
2025-12-04T18:16:00.779064,-1.500,-3.000,1.270,0.000
2025-12-04T18:16:00.797507,-1.500,-3.000,1.270,0.000
2025-12-04T18:16:00.813633,-1.500,-3.000,1.270,0.000
2025-12-04T18:16:00.831516,-1.500,-3.000,1.270,0.000
2025-12-04T18:16:00.849188,-1.500,-3.000,1.270,0.000
2025-12-04T18:16:00.868168,-1.500,-3.000,1.270,0.000
2025-12-04T18:16:00.886486,-1.500,-3.000,1.270,0.000
2025-12-04T18:16:00.902811,-1.500,-3.000,1.270,0.000
2025-12-04T18:16:00.921057,-1.500,-3.000,1.270,0.000
2025-12-04T18:16:00.938456,-1.500,-3.000,1.270,0.000
2025-12-04T18:16:00.953282,-1.500,-3.000,1.270,0.000
2025-12-04T18:16:00.968005,-1.500,-3.000,1.270,0.000
2025-12-04T18:16:00.983712,-1.500,-3.000,1.270,0.000
2025-12-04T18:16:00.996942,-1.500,-3.000,1.270,0.000
2025-12-04T18:16:01.012338,-1.500,-3.000,1.270,0.000
2025-12-04T18:16:01.027656,-1.500,-3.000,1.270,0.000
2025-12-04T18:16:01.045535,-1.500,-3.000,1.270,0.000
2025-12-04T18:16:01.060835,-1.500,-3.000,1.270,0.000
2025-12-04T18:16:01.080329,-1.500,-3.000,1.270,0.000
2025-12-04T18:16:01.097845,-1.500,-3.000,1.270,0.000
2025-12-04T18:16:01.116115,-1.500,-3.000,1.270,0.000
2025-12-04T18:16:01.134344,-1.500,-3.000,1.270,0.000
2025-12-04T18:16:01.152624,-1.500,-3.000,1.270,0.000
2025-12-04T18:16:01.170403,-1.500,-3.000,1.270,0.000
2025-12-04T18:16:01.187783,-1.500,-3.000,1.270,0.000
2025-12-04T18:16:01.205421,-1.500,-3.000,1.270,0.000
2025-12-04T18:16:01.223270,-1.500,-3.000,1.270,0.000
2025-12-04T18:16:01.240069,-1.500,-3.000,1.270,0.000
2025-12-04T18:16:01.253190,-1.500,-3.000,1.270,0.000
2025-12-04T18:16:01.266720,-1.500,-3.000,1.270,0.000
2025-12-04T18:16:01.281130,-1.500,-3.000,1.270,0.000
2025-12-04T18:16:01.295097,-1.500,-3.000,1.270,0.000
2025-12-04T18:16:01.309969,-1.500,-3.000,1.270,0.000
2025-12-04T18:16:01.326237,-1.500,-3.000,1.270,0.000
2025-12-04T18:16:01.343088,-1.500,-3.000,1.270,0.000
2025-12-04T18:16:01.359570,-1.500,-3.000,1.270,0.000
2025-12-04T18:16:01.376346,-1.500,-3.000,1.270,0.000
2025-12-04T18:16:01.392305,-1.500,-3.000,1.270,0.000
2025-12-04T18:16:01.409831,-1.500,-3.000,1.270,0.000
2025-12-04T18:16:01.427625,-1.500,-3.000,1.270,0.000
2025-12-04T18:16:01.445641,-1.500,-3.000,1.270,0.000
2025-12-04T18:16:01.462805,-1.500,-3.000,1.270,0.000
2025-12-04T18:16:01.479595,-1.500,-3.000,1.270,0.000
2025-12-04T18:16:01.496685,-1.500,-3.000,1.270,0.000
2025-12-04T18:16:01.510992,-1.500,-3.000,1.270,0.000
2025-12-04T18:16:01.527054,-1.500,-3.000,1.270,0.000
2025-12-04T18:16:01.543006,-1.500,-3.000,1.270,0.000
2025-12-04T18:16:01.558037,-1.500,-3.000,1.270,0.000
2025-12-04T18:16:01.572228,-1.500,-3.000,1.270,0.000
2025-12-04T18:16:01.589687,-1.500,-3.000,1.270,0.000
2025-12-04T18:16:01.605553,-1.500,-3.000,1.270,0.000
2025-12-04T18:16:01.622709,-1.500,-3.000,1.270,0.000
2025-12-04T18:16:01.640506,-1.500,-3.000,1.270,0.000
2025-12-04T18:16:01.657918,-1.500,-3.000,1.270,0.000
2025-12-04T18:16:01.675681,-1.500,-3.000,1.270,0.000
2025-12-04T18:16:01.693797,-1.500,-3.000,1.270,0.000
2025-12-04T18:16:01.711329,-1.500,-3.000,1.270,0.000
2025-12-04T18:16:01.727020,-1.500,-3.000,1.270,0.000
2025-12-04T18:16:01.744121,-1.500,-3.000,1.270,0.000
2025-12-04T18:16:01.759813,-1.500,-3.000,1.270,0.000
2025-12-04T18:16:01.774862,-1.500,-3.000,1.270,0.000
2025-12-04T18:16:01.789935,-1.500,-3.000,1.270,0.000
2025-12-04T18:16:01.805686,-1.500,-3.000,1.270,0.000
2025-12-04T18:16:01.820699,-1.500,-3.000,1.270,0.000
2025-12-04T18:16:01.836196,-1.500,-3.000,1.270,0.000
2025-12-04T18:16:01.854518,-1.500,-3.000,1.270,0.000
2025-12-04T18:16:01.869997,-1.500,-3.000,1.270,0.000
2025-12-04T18:16:01.886411,-1.500,-3.000,1.270,0.000
2025-12-04T18:16:01.905402,-1.500,-3.000,1.270,0.000
2025-12-04T18:16:01.922110,-1.500,-3.000,1.270,0.000
2025-12-04T18:16:01.939479,-1.500,-3.000,1.270,0.000
2025-12-04T18:16:01.956407,-1.500,-3.000,1.270,0.000
2025-12-04T18:16:01.973357,-1.500,-3.000,1.270,0.000
2025-12-04T18:16:01.990765,-1.500,-3.000,1.270,0.000
2025-12-04T18:16:02.007521,-1.500,-3.000,1.270,0.000
2025-12-04T18:16:02.023989,-1.500,-3.000,1.270,0.000
2025-12-04T18:16:02.039851,-1.500,-3.000,1.270,0.000
2025-12-04T18:16:02.055460,-1.500,-3.000,1.270,0.000
2025-12-04T18:16:02.069289,-1.500,-3.000,1.270,0.000
2025-12-04T18:16:02.084403,-1.500,-3.000,1.270,0.000
2025-12-04T18:16:02.099938,-1.500,-3.000,1.270,0.000
2025-12-04T18:16:02.116962,-1.500,-3.000,1.270,0.000
2025-12-04T18:16:02.134189,-1.500,-3.000,1.270,0.000
2025-12-04T18:16:02.152335,-1.500,-3.000,1.270,0.000
2025-12-04T18:16:02.168932,-1.500,-3.000,1.270,0.000
2025-12-04T18:16:02.187991,-1.500,-3.000,1.270,0.000
2025-12-04T18:16:02.206172,-1.500,-3.000,1.270,0.000
2025-12-04T18:16:02.222903,-1.500,-3.000,1.270,0.000
2025-12-04T18:16:02.239974,-1.500,-3.000,1.270,0.000
2025-12-04T18:16:02.257905,-1.500,-3.000,1.270,0.000
2025-12-04T18:16:02.275224,-1.500,-3.000,1.270,0.000
2025-12-04T18:16:02.291559,-1.500,-3.000,1.270,0.000
2025-12-04T18:16:02.308111,-1.500,-3.000,1.270,0.000
2025-12-04T18:16:02.323726,-1.500,-3.000,1.270,0.000
2025-12-04T18:16:02.338958,-1.500,-3.000,1.270,0.000
2025-12-04T18:16:02.354614,-1.500,-3.000,1.270,0.000
2025-12-04T18:16:02.368296,-1.500,-3.000,1.270,0.000
2025-12-04T18:16:02.383525,-1.500,-3.000,1.270,0.000
2025-12-04T18:16:02.400731,-1.500,-3.000,1.270,0.000
2025-12-04T18:16:02.416297,-1.500,-3.000,1.270,0.000
2025-12-04T18:16:02.433803,-1.500,-3.000,1.270,0.000
2025-12-04T18:16:02.450681,-1.500,-3.000,1.270,0.000
2025-12-04T18:16:02.469173,-1.500,-3.000,1.270,0.000
2025-12-04T18:16:02.488616,-1.500,-3.000,1.270,0.000
2025-12-04T18:16:02.504393,-1.500,-3.000,1.270,0.000
2025-12-04T18:16:02.520608,-1.500,-3.000,1.270,0.000
2025-12-04T18:16:02.535661,-1.500,-3.000,1.270,0.000
2025-12-04T18:16:02.552990,-1.500,-3.000,1.270,0.000
2025-12-04T18:16:02.567498,-1.500,-3.000,1.270,0.000
2025-12-04T18:16:02.582499,-1.500,-3.000,1.270,0.000
2025-12-04T18:16:02.598295,-1.500,-3.000,1.270,0.000
2025-12-04T18:16:02.612283,-1.500,-3.000,1.270,0.000
2025-12-04T18:16:02.627369,-1.500,-3.000,1.270,0.000
2025-12-04T18:16:02.643120,-1.500,-3.000,1.270,0.000
2025-12-04T18:16:02.659148,-1.500,-3.000,1.270,0.000
2025-12-04T18:16:02.675084,-1.500,-3.000,1.270,0.000
2025-12-04T18:16:02.692590,-1.500,-3.000,1.270,0.000
2025-12-04T18:16:02.709699,-1.500,-3.000,1.270,0.000
2025-12-04T18:16:02.727231,-1.500,-3.000,1.270,0.000
2025-12-04T18:16:02.745169,-1.500,-3.000,1.270,0.000
2025-12-04T18:16:02.762996,-1.500,-3.000,1.270,0.000
2025-12-04T18:16:02.782576,-1.500,-3.000,1.270,0.000
2025-12-04T18:16:02.800629,-1.500,-3.000,1.270,0.000
2025-12-04T18:16:02.817346,-1.500,-3.000,1.270,0.000
2025-12-04T18:16:02.834649,-1.500,-3.000,1.270,0.000
2025-12-04T18:16:02.850398,-1.500,-3.000,1.270,0.000
2025-12-04T18:16:02.864493,-1.500,-3.000,1.270,0.000
2025-12-04T18:16:02.879628,-1.500,-3.000,1.270,0.000
2025-12-04T18:16:02.894335,-1.500,-3.000,1.270,0.000
2025-12-04T18:16:02.909786,-1.500,-3.000,1.270,0.000
2025-12-04T18:16:02.925917,-1.500,-3.000,1.270,0.000
2025-12-04T18:16:02.943374,-1.509,-3.000,1.270,0.000
2025-12-04T18:16:02.961177,-1.518,-3.000,1.270,0.000
2025-12-04T18:16:02.977985,-1.527,-3.000,1.270,0.000
2025-12-04T18:16:02.995379,-1.536,-3.000,1.270,0.000
2025-12-04T18:16:03.010969,-1.545,-3.000,1.270,0.000
2025-12-04T18:16:03.030841,-1.554,-3.000,1.270,0.000
2025-12-04T18:16:03.047517,-1.564,-3.000,1.270,0.000
2025-12-04T18:16:03.065716,-1.573,-3.000,1.270,0.000
2025-12-04T18:16:03.082651,-1.582,-3.000,1.270,0.000
2025-12-04T18:16:03.100610,-1.591,-3.000,1.270,0.000
2025-12-04T18:16:03.123015,-1.601,-3.000,1.270,0.000
2025-12-04T18:16:03.137308,-1.610,-3.000,1.270,0.000
2025-12-04T18:16:03.153056,-1.619,-3.000,1.270,0.000
2025-12-04T18:16:03.167825,-1.629,-3.000,1.270,0.000
2025-12-04T18:16:03.182718,-1.638,-3.000,1.270,0.000
2025-12-04T18:16:03.197324,-1.648,-3.000,1.270,0.000
2025-12-04T18:16:03.212728,-1.657,-3.000,1.270,0.000
2025-12-04T18:16:03.228041,-1.666,-3.000,1.270,0.000
2025-12-04T18:16:03.245097,-1.676,-3.000,1.270,0.000
2025-12-04T18:16:03.261534,-1.685,-3.000,1.270,0.000
2025-12-04T18:16:03.277681,-1.695,-3.000,1.270,0.000
2025-12-04T18:16:03.294066,-1.704,-3.000,1.270,0.000
2025-12-04T18:16:03.312477,-1.714,-3.000,1.270,0.000
2025-12-04T18:16:03.331371,-1.723,-3.000,1.270,0.000
2025-12-04T18:16:03.351417,-1.732,-3.000,1.270,0.000
2025-12-04T18:16:03.368787,-1.742,-3.000,1.270,0.000
2025-12-04T18:16:03.385089,-1.751,-3.000,1.270,0.000
2025-12-04T18:16:03.402631,-1.761,-3.000,1.270,0.000
2025-12-04T18:16:03.425730,-1.770,-3.000,1.270,0.000
2025-12-04T18:16:03.440639,-1.780,-3.000,1.270,0.000
2025-12-04T18:16:03.455644,-1.790,-3.000,1.270,0.000
2025-12-04T18:16:03.470734,-1.799,-3.000,1.270,0.000
2025-12-04T18:16:03.484674,-1.809,-3.000,1.270,0.000
2025-12-04T18:16:03.498538,-1.818,-3.000,1.270,0.000
2025-12-04T18:16:03.516176,-1.828,-3.000,1.270,0.000
2025-12-04T18:16:03.525835,-1.837,-3.000,1.270,0.000
2025-12-04T18:16:03.538583,-1.847,-3.000,1.270,0.000
2025-12-04T18:16:03.553047,-1.856,-3.000,1.270,0.000
2025-12-04T18:16:03.569053,-1.866,-3.000,1.270,0.000
2025-12-04T18:16:03.585980,-1.875,-3.000,1.270,0.000
2025-12-04T18:16:03.602542,-1.885,-3.000,1.270,0.000
2025-12-04T18:16:03.618788,-1.895,-3.000,1.270,0.000
2025-12-04T18:16:03.635453,-1.904,-3.000,1.270,0.000
2025-12-04T18:16:03.653728,-1.914,-3.000,1.270,0.000
2025-12-04T18:16:03.671777,-1.923,-3.000,1.270,0.000
2025-12-04T18:16:03.687977,-1.933,-3.000,1.270,0.000
2025-12-04T18:16:03.705885,-1.943,-3.000,1.270,0.000
2025-12-04T18:16:03.722161,-1.952,-3.000,1.270,0.000
2025-12-04T18:16:03.738975,-1.962,-3.000,1.270,0.000
2025-12-04T18:16:03.754892,-1.971,-3.000,1.270,0.000
2025-12-04T18:16:03.771883,-1.981,-3.000,1.270,0.000
2025-12-04T18:16:03.787413,-1.991,-3.000,1.270,0.000
2025-12-04T18:16:03.803871,-2.000,-3.000,1.270,0.000
2025-12-04T18:16:03.818219,-2.010,-3.000,1.270,0.000
2025-12-04T18:16:03.833160,-2.020,-3.000,1.270,0.000
2025-12-04T18:16:03.850143,-2.029,-3.000,1.270,0.000
2025-12-04T18:16:03.865412,-2.039,-3.000,1.270,0.000
2025-12-04T18:16:03.882887,-2.048,-3.000,1.270,0.000
2025-12-04T18:16:03.901475,-2.058,-3.000,1.270,0.000
2025-12-04T18:16:03.920088,-2.068,-3.000,1.270,0.000
2025-12-04T18:16:03.937638,-2.077,-3.000,1.270,0.000
2025-12-04T18:16:03.955622,-2.087,-3.000,1.270,0.000
2025-12-04T18:16:03.971786,-2.097,-3.000,1.270,0.000
2025-12-04T18:16:03.989592,-2.106,-3.000,1.270,0.000
2025-12-04T18:16:04.004442,-2.116,-3.000,1.270,0.000
2025-12-04T18:16:04.019317,-2.126,-3.000,1.270,0.000
2025-12-04T18:16:04.034628,-2.135,-3.000,1.270,0.000
2025-12-04T18:16:04.052129,-2.145,-3.000,1.270,0.000
2025-12-04T18:16:04.064705,-2.155,-3.000,1.270,0.000
2025-12-04T18:16:04.081713,-2.164,-3.000,1.270,0.000
2025-12-04T18:16:04.096520,-2.174,-3.000,1.270,0.000
2025-12-04T18:16:04.112542,-2.184,-3.000,1.270,0.000
2025-12-04T18:16:04.128802,-2.193,-3.000,1.270,0.000
2025-12-04T18:16:04.145624,-2.203,-3.000,1.270,0.000
2025-12-04T18:16:04.163265,-2.213,-3.000,1.270,0.000
2025-12-04T18:16:04.181069,-2.222,-3.000,1.270,0.000
2025-12-04T18:16:04.199583,-2.232,-3.000,1.270,0.000
2025-12-04T18:16:04.218049,-2.242,-3.000,1.270,0.000
2025-12-04T18:16:04.236275,-2.251,-3.000,1.270,0.000
2025-12-04T18:16:04.254765,-2.261,-3.000,1.270,0.000
2025-12-04T18:16:04.270592,-2.271,-3.000,1.270,0.000
2025-12-04T18:16:04.287772,-2.280,-3.000,1.270,0.000
2025-12-04T18:16:04.305108,-2.290,-3.000,1.270,0.000
2025-12-04T18:16:04.319420,-2.300,-3.000,1.270,0.000
2025-12-04T18:16:04.342094,-2.292,-3.000,1.270,0.000
2025-12-04T18:16:04.356645,-2.283,-3.000,1.270,0.000
2025-12-04T18:16:04.371157,-2.275,-3.000,1.270,0.000
2025-12-04T18:16:04.386370,-2.267,-3.000,1.270,0.000
2025-12-04T18:16:04.401242,-2.258,-3.000,1.270,0.000
2025-12-04T18:16:04.417430,-2.250,-3.000,1.270,0.000
2025-12-04T18:16:04.432197,-2.241,-3.000,1.270,0.000
2025-12-04T18:16:04.448934,-2.233,-3.000,1.270,0.000
2025-12-04T18:16:04.463704,-2.224,-3.000,1.270,0.000
2025-12-04T18:16:04.479105,-2.215,-3.000,1.270,0.000
2025-12-04T18:16:04.495185,-2.207,-3.000,1.270,0.000
2025-12-04T18:16:04.513472,-2.198,-3.000,1.270,0.000
2025-12-04T18:16:04.529848,-2.189,-3.000,1.270,0.000
2025-12-04T18:16:04.549187,-2.180,-3.000,1.270,0.000
2025-12-04T18:16:04.566912,-2.172,-3.000,1.270,0.000
2025-12-04T18:16:04.584054,-2.163,-3.000,1.270,0.000
2025-12-04T18:16:04.600271,-2.154,-3.000,1.270,0.000
2025-12-04T18:16:04.615923,-2.145,-3.000,1.270,0.000
2025-12-04T18:16:04.631929,-2.136,-3.000,1.270,0.000
2025-12-04T18:16:04.645161,-2.127,-3.000,1.270,0.000
2025-12-04T18:16:04.660218,-2.118,-3.000,1.270,0.000
2025-12-04T18:16:04.674795,-2.109,-3.000,1.270,0.000
2025-12-04T18:16:04.690975,-2.100,-3.000,1.270,0.000
2025-12-04T18:16:04.706810,-2.091,-3.000,1.270,0.000
2025-12-04T18:16:04.726325,-2.082,-3.000,1.270,0.000
2025-12-04T18:16:04.743279,-2.073,-3.000,1.270,0.000
2025-12-04T18:16:04.760990,-2.064,-3.000,1.270,0.000
2025-12-04T18:16:04.780795,-2.055,-3.000,1.270,0.000
2025-12-04T18:16:04.797984,-2.046,-3.000,1.270,0.000
2025-12-04T18:16:04.815802,-2.036,-3.000,1.270,0.000
2025-12-04T18:16:04.833216,-2.027,-3.000,1.270,0.000
2025-12-04T18:16:04.849624,-2.018,-3.000,1.270,0.000
2025-12-04T18:16:04.866459,-2.009,-3.000,1.270,0.000
2025-12-04T18:16:04.882584,-2.000,-3.000,1.270,0.000
2025-12-04T18:16:04.899582,-1.990,-3.000,1.270,0.000
2025-12-04T18:16:04.915630,-1.981,-3.000,1.270,0.000
2025-12-04T18:16:04.931104,-1.972,-3.000,1.270,0.000
2025-12-04T18:16:04.944940,-1.962,-3.000,1.270,0.000
2025-12-04T18:16:04.966381,-1.953,-3.000,1.270,0.000
2025-12-04T18:16:04.976456,-1.944,-3.000,1.270,0.000
2025-12-04T18:16:04.991450,-1.934,-3.000,1.270,0.000
2025-12-04T18:16:05.006566,-1.925,-3.000,1.270,0.000
2025-12-04T18:16:05.025078,-1.916,-3.000,1.270,0.000
2025-12-04T18:16:05.043903,-1.906,-3.000,1.270,0.000
2025-12-04T18:16:05.061113,-1.897,-3.000,1.270,0.000
2025-12-04T18:16:05.077031,-1.888,-3.000,1.270,0.000
2025-12-04T18:16:05.095481,-1.878,-3.000,1.270,0.000
2025-12-04T18:16:05.113515,-1.869,-3.000,1.270,0.000
2025-12-04T18:16:05.131207,-1.859,-3.000,1.270,0.000
2025-12-04T18:16:05.147206,-1.850,-3.000,1.270,0.000
2025-12-04T18:16:05.161152,-1.840,-3.000,1.270,0.000
2025-12-04T18:16:05.177905,-1.831,-3.000,1.270,0.000
2025-12-04T18:16:05.192927,-1.830,-3.000,1.270,-0.014
2025-12-04T18:16:05.206579,-1.830,-3.000,1.270,-0.029
2025-12-04T18:16:05.222430,-1.829,-3.000,1.270,-0.043
2025-12-04T18:16:05.236213,-1.829,-3.000,1.270,-0.058
2025-12-04T18:16:05.251629,-1.829,-3.000,1.270,-0.072
2025-12-04T18:16:05.267883,-1.828,-3.000,1.270,-0.086
2025-12-04T18:16:05.285210,-1.828,-3.000,1.270,-0.101
2025-12-04T18:16:05.304414,-1.827,-3.000,1.270,-0.115
2025-12-04T18:16:05.321036,-1.827,-3.000,1.270,-0.129
2025-12-04T18:16:05.340725,-1.827,-3.000,1.270,-0.144
2025-12-04T18:16:05.357672,-1.826,-3.000,1.270,-0.158
2025-12-04T18:16:05.374643,-1.826,-3.000,1.270,-0.172
2025-12-04T18:16:05.392143,-1.825,-3.000,1.270,-0.186
2025-12-04T18:16:05.409093,-1.825,-3.000,1.270,-0.200
2025-12-04T18:16:05.426639,-1.825,-3.000,1.270,-0.214
2025-12-04T18:16:05.442454,-1.825,-3.000,1.270,-0.228
2025-12-04T18:16:05.460213,-1.824,-3.000,1.270,-0.242
2025-12-04T18:16:05.474235,-1.824,-3.000,1.270,-0.256
2025-12-04T18:16:05.493879,-1.824,-3.000,1.270,-0.270
2025-12-04T18:16:05.505006,-1.823,-3.000,1.270,-0.284
2025-12-04T18:16:05.520832,-1.823,-3.000,1.270,-0.298
2025-12-04T18:16:05.539489,-1.823,-3.000,1.270,-0.312
2025-12-04T18:16:05.553766,-1.823,-3.000,1.270,-0.325
2025-12-04T18:16:05.568448,-1.822,-3.000,1.270,-0.339
2025-12-04T18:16:05.583301,-1.822,-3.000,1.270,-0.352
2025-12-04T18:16:05.600549,-1.822,-3.000,1.270,-0.366
2025-12-04T18:16:05.618774,-1.822,-3.000,1.270,-0.379
2025-12-04T18:16:05.636600,-1.822,-3.000,1.270,-0.392
2025-12-04T18:16:05.655648,-1.821,-3.000,1.270,-0.406
2025-12-04T18:16:05.671364,-1.821,-3.000,1.270,-0.419
2025-12-04T18:16:05.690026,-1.821,-3.000,1.270,-0.432
2025-12-04T18:16:05.707922,-1.821,-3.000,1.270,-0.445
2025-12-04T18:16:05.725025,-1.821,-3.000,1.270,-0.458
2025-12-04T18:16:05.739389,-1.821,-3.000,1.270,-0.470
2025-12-04T18:16:05.755287,-1.820,-3.000,1.270,-0.483
2025-12-04T18:16:05.769003,-1.820,-3.000,1.270,-0.495
2025-12-04T18:16:05.784175,-1.820,-3.000,1.270,-0.508
2025-12-04T18:16:05.798582,-1.820,-3.000,1.270,-0.520
2025-12-04T18:16:05.814106,-1.820,-3.000,1.270,-0.533
2025-12-04T18:16:05.830712,-1.820,-3.000,1.270,-0.545
2025-12-04T18:16:05.847139,-1.820,-3.000,1.270,-0.557
2025-12-04T18:16:05.863927,-1.819,-3.000,1.270,-0.569
2025-12-04T18:16:05.885285,-1.819,-3.000,1.270,-0.580
2025-12-04T18:16:05.901854,-1.819,-3.000,1.270,-0.592
2025-12-04T18:16:05.919298,-1.819,-3.000,1.270,-0.604
2025-12-04T18:16:05.936741,-1.819,-3.000,1.270,-0.615
2025-12-04T18:16:05.953951,-1.819,-3.000,1.270,-0.626
2025-12-04T18:16:05.970746,-1.819,-3.000,1.270,-0.637
2025-12-04T18:16:05.987218,-1.819,-3.000,1.270,-0.648
2025-12-04T18:16:06.001800,-1.819,-3.000,1.270,-0.659
2025-12-04T18:16:06.016699,-1.818,-3.000,1.270,-0.670
2025-12-04T18:16:06.034643,-1.818,-3.000,1.270,-0.681
2025-12-04T18:16:06.049338,-1.818,-3.000,1.270,-0.691
2025-12-04T18:16:06.067084,-1.818,-3.000,1.270,-0.702
2025-12-04T18:16:06.083760,-1.818,-3.000,1.270,-0.712
2025-12-04T18:16:06.101534,-1.818,-3.000,1.270,-0.722
2025-12-04T18:16:06.119999,-1.818,-3.000,1.270,-0.732
2025-12-04T18:16:06.136922,-1.818,-3.000,1.270,-0.741
2025-12-04T18:16:06.155154,-1.818,-3.000,1.270,-0.751
2025-12-04T18:16:06.171073,-1.817,-2.991,1.270,-0.751
2025-12-04T18:16:06.196684,-1.815,-2.982,1.270,-0.751
2025-12-04T18:16:06.211040,-1.814,-2.973,1.270,-0.751
2025-12-04T18:16:06.226001,-1.813,-2.964,1.270,-0.751
2025-12-04T18:16:06.243361,-1.812,-2.955,1.270,-0.751
2025-12-04T18:16:06.257994,-1.811,-2.946,1.270,-0.751
2025-12-04T18:16:06.272302,-1.809,-2.937,1.270,-0.751
2025-12-04T18:16:06.287264,-1.808,-2.928,1.270,-0.751
2025-12-04T18:16:06.298681,-1.807,-2.919,1.270,-0.751
2025-12-04T18:16:06.312171,-1.806,-2.910,1.270,-0.751
2025-12-04T18:16:06.326853,-1.804,-2.901,1.270,-0.751
2025-12-04T18:16:06.343301,-1.803,-2.892,1.270,-0.751
2025-12-04T18:16:06.357895,-1.802,-2.883,1.270,-0.751
2025-12-04T18:16:06.372030,-1.801,-2.874,1.270,-0.751
2025-12-04T18:16:06.388073,-1.800,-2.864,1.270,-0.751
2025-12-04T18:16:06.405054,-1.798,-2.855,1.270,-0.751
2025-12-04T18:16:06.421079,-1.797,-2.846,1.270,-0.751
2025-12-04T18:16:06.438244,-1.796,-2.837,1.270,-0.751
2025-12-04T18:16:06.458200,-1.795,-2.828,1.270,-0.751
2025-12-04T18:16:06.474986,-1.793,-2.818,1.270,-0.751
2025-12-04T18:16:06.490243,-1.792,-2.809,1.270,-0.751
2025-12-04T18:16:06.506157,-1.791,-2.800,1.270,-0.751
2025-12-04T18:16:06.524456,-1.790,-2.790,1.270,-0.751
2025-12-04T18:16:06.549780,-1.789,-2.781,1.270,-0.751
2025-12-04T18:16:06.563561,-1.787,-2.772,1.270,-0.751
2025-12-04T18:16:06.582080,-1.786,-2.763,1.270,-0.751
2025-12-04T18:16:06.597472,-1.785,-2.753,1.270,-0.751
2025-12-04T18:16:06.611843,-1.784,-2.744,1.270,-0.751
2025-12-04T18:16:06.627068,-1.782,-2.735,1.270,-0.751
2025-12-04T18:16:06.640450,-1.781,-2.725,1.270,-0.751
2025-12-04T18:16:06.655692,-1.780,-2.716,1.270,-0.751
2025-12-04T18:16:06.669848,-1.779,-2.706,1.270,-0.751
2025-12-04T18:16:06.685870,-1.780,-2.715,1.270,-0.751
2025-12-04T18:16:06.702102,-1.781,-2.723,1.270,-0.751
2025-12-04T18:16:06.715874,-1.782,-2.732,1.270,-0.751
2025-12-04T18:16:06.732690,-1.783,-2.740,1.270,-0.751
2025-12-04T18:16:06.749340,-1.784,-2.749,1.270,-0.751
2025-12-04T18:16:06.767791,-1.785,-2.757,1.270,-0.751
2025-12-04T18:16:06.785297,-1.786,-2.766,1.270,-0.751
2025-12-04T18:16:06.801258,-1.787,-2.775,1.270,-0.751
2025-12-04T18:16:06.818702,-1.788,-2.783,1.270,-0.751
2025-12-04T18:16:06.837497,-1.790,-2.792,1.270,-0.751
2025-12-04T18:16:06.854470,-1.791,-2.801,1.270,-0.751
2025-12-04T18:16:06.870114,-1.792,-2.810,1.270,-0.751
2025-12-04T18:16:06.886431,-1.793,-2.818,1.270,-0.751
2025-12-04T18:16:06.902312,-1.794,-2.827,1.270,-0.751
2025-12-04T18:16:06.916984,-1.795,-2.836,1.270,-0.751
2025-12-04T18:16:06.932395,-1.796,-2.845,1.270,-0.751
2025-12-04T18:16:06.947044,-1.797,-2.854,1.270,-0.751
2025-12-04T18:16:06.963799,-1.799,-2.863,1.270,-0.751
2025-12-04T18:16:06.979431,-1.800,-2.872,1.270,-0.751
2025-12-04T18:16:06.995969,-1.801,-2.881,1.270,-0.751
2025-12-04T18:16:07.013975,-1.802,-2.890,1.270,-0.751
2025-12-04T18:16:07.030882,-1.803,-2.899,1.270,-0.751
2025-12-04T18:16:07.049074,-1.804,-2.908,1.270,-0.751
2025-12-04T18:16:07.068156,-1.805,-2.917,1.270,-0.751
2025-12-04T18:16:07.083019,-1.807,-2.926,1.270,-0.751
2025-12-04T18:16:07.103528,-1.808,-2.935,1.270,-0.751
2025-12-04T18:16:07.125107,-1.809,-2.944,1.270,-0.751
2025-12-04T18:16:07.138544,-1.810,-2.953,1.270,-0.751
2025-12-04T18:16:07.155700,-1.811,-2.963,1.270,-0.751
2025-12-04T18:16:07.171632,-1.812,-2.972,1.270,-0.751
2025-12-04T18:16:07.186525,-1.814,-2.981,1.270,-0.751
2025-12-04T18:16:07.201849,-1.815,-2.990,1.270,-0.751
2025-12-04T18:16:07.215972,-1.816,-2.999,1.270,-0.751
2025-12-04T18:16:07.232352,-1.817,-3.009,1.270,-0.751
2025-12-04T18:16:07.253486,-1.818,-3.018,1.270,-0.751
2025-12-04T18:16:07.264790,-1.820,-3.027,1.270,-0.751
2025-12-04T18:16:07.280512,-1.821,-3.036,1.270,-0.751
2025-12-04T18:16:07.297866,-1.822,-3.046,1.270,-0.751
2025-12-04T18:16:07.316657,-1.823,-3.055,1.270,-0.751
2025-12-04T18:16:07.333474,-1.824,-3.064,1.270,-0.751
2025-12-04T18:16:07.349653,-1.826,-3.074,1.270,-0.751
2025-12-04T18:16:07.368403,-1.827,-3.083,1.270,-0.751
2025-12-04T18:16:07.387113,-1.828,-3.092,1.270,-0.751
2025-12-04T18:16:07.400547,-1.829,-3.102,1.270,-0.751
2025-12-04T18:16:07.419327,-1.830,-3.111,1.270,-0.751
2025-12-04T18:16:07.434680,-1.832,-3.120,1.270,-0.751
2025-12-04T18:16:07.449336,-1.833,-3.130,1.270,-0.751
2025-12-04T18:16:07.464204,-1.834,-3.139,1.270,-0.751
2025-12-04T18:16:07.478868,-1.835,-3.149,1.270,-0.751
2025-12-04T18:16:07.494778,-1.836,-3.158,1.270,-0.751
2025-12-04T18:16:07.513157,-1.838,-3.167,1.270,-0.751
2025-12-04T18:16:07.528679,-1.839,-3.177,1.270,-0.751
2025-12-04T18:16:07.546024,-1.840,-3.186,1.270,-0.751
2025-12-04T18:16:07.562209,-1.841,-3.196,1.270,-0.751
2025-12-04T18:16:07.578651,-1.842,-3.205,1.270,-0.751
2025-12-04T18:16:07.597718,-1.844,-3.215,1.270,-0.751
2025-12-04T18:16:07.614625,-1.845,-3.224,1.270,-0.751
2025-12-04T18:16:07.633951,-1.846,-3.233,1.270,-0.751
2025-12-04T18:16:07.651744,-1.847,-3.243,1.270,-0.751
2025-12-04T18:16:07.668181,-1.849,-3.252,1.270,-0.751
2025-12-04T18:16:07.684006,-1.850,-3.262,1.270,-0.751
2025-12-04T18:16:07.700411,-1.851,-3.271,1.270,-0.751
2025-12-04T18:16:07.716635,-1.852,-3.281,1.270,-0.751
2025-12-04T18:16:07.731869,-1.853,-3.290,1.270,-0.751
2025-12-04T18:16:07.753780,-1.855,-3.300,1.270,-0.751
2025-12-04T18:16:07.764613,-1.856,-3.309,1.270,-0.751
2025-12-04T18:16:07.778330,-1.857,-3.319,1.270,-0.751
2025-12-04T18:16:07.792112,-1.858,-3.328,1.270,-0.751
2025-12-04T18:16:07.807686,-1.860,-3.338,1.270,-0.751
2025-12-04T18:16:07.820953,-1.861,-3.347,1.270,-0.751
2025-12-04T18:16:07.837678,-1.862,-3.357,1.270,-0.751
2025-12-04T18:16:07.850121,-1.863,-3.366,1.270,-0.751
2025-12-04T18:16:07.866158,-1.864,-3.376,1.270,-0.751
2025-12-04T18:16:07.881326,-1.866,-3.385,1.270,-0.751
2025-12-04T18:16:07.899483,-1.867,-3.395,1.270,-0.751
2025-12-04T18:16:07.917599,-1.868,-3.405,1.270,-0.751
2025-12-04T18:16:07.935453,-1.869,-3.414,1.270,-0.751
2025-12-04T18:16:07.954558,-1.871,-3.424,1.270,-0.751
2025-12-04T18:16:07.970724,-1.872,-3.433,1.270,-0.751
2025-12-04T18:16:07.987412,-1.873,-3.443,1.270,-0.751
2025-12-04T18:16:08.005391,-1.874,-3.452,1.270,-0.751
2025-12-04T18:16:08.020881,-1.876,-3.462,1.270,-0.751
2025-12-04T18:16:08.036671,-1.877,-3.471,1.270,-0.751
2025-12-04T18:16:08.052803,-1.878,-3.481,1.270,-0.751
2025-12-04T18:16:08.068123,-1.879,-3.491,1.270,-0.751
2025-12-04T18:16:08.083909,-1.881,-3.500,1.270,-0.751
2025-12-04T18:16:08.098151,-1.882,-3.510,1.270,-0.751
2025-12-04T18:16:08.114728,-1.882,-3.510,1.270,-0.760
2025-12-04T18:16:08.132578,-1.882,-3.511,1.270,-0.770
2025-12-04T18:16:08.151409,-1.882,-3.512,1.270,-0.779
2025-12-04T18:16:08.167729,-1.882,-3.512,1.270,-0.788
2025-12-04T18:16:08.185100,-1.882,-3.513,1.270,-0.797
2025-12-04T18:16:08.205608,-1.882,-3.513,1.270,-0.805
2025-12-04T18:16:08.223376,-1.882,-3.514,1.270,-0.814
2025-12-04T18:16:08.240220,-1.882,-3.515,1.270,-0.822
2025-12-04T18:16:08.257633,-1.882,-3.515,1.270,-0.830
2025-12-04T18:16:08.277048,-1.883,-3.516,1.270,-0.838
2025-12-04T18:16:08.291783,-1.883,-3.516,1.270,-0.846
2025-12-04T18:16:08.309597,-1.883,-3.517,1.270,-0.853
2025-12-04T18:16:08.324280,-1.883,-3.517,1.270,-0.861
2025-12-04T18:16:08.341308,-1.883,-3.517,1.270,-0.868
2025-12-04T18:16:08.355544,-1.883,-3.518,1.270,-0.875
2025-12-04T18:16:08.369916,-1.883,-3.518,1.270,-0.882
2025-12-04T18:16:08.386664,-1.883,-3.519,1.270,-0.889
2025-12-04T18:16:08.403559,-1.883,-3.519,1.270,-0.895
2025-12-04T18:16:08.419183,-1.883,-3.519,1.270,-0.901
2025-12-04T18:16:08.437655,-1.883,-3.520,1.270,-0.908
2025-12-04T18:16:08.456615,-1.883,-3.520,1.270,-0.914
2025-12-04T18:16:08.474900,-1.883,-3.520,1.270,-0.919
2025-12-04T18:16:08.487879,-1.883,-3.521,1.270,-0.925
2025-12-04T18:16:08.503171,-1.883,-3.521,1.270,-0.930
2025-12-04T18:16:08.518482,-1.883,-3.521,1.270,-0.935
2025-12-04T18:16:08.532450,-1.883,-3.522,1.270,-0.940
2025-12-04T18:16:08.548991,-1.883,-3.522,1.270,-0.945
2025-12-04T18:16:08.563458,-1.883,-3.522,1.270,-0.950
2025-12-04T18:16:08.578957,-1.883,-3.523,1.270,-0.954
2025-12-04T18:16:08.593033,-1.883,-3.523,1.270,-0.958
2025-12-04T18:16:08.609867,-1.883,-3.523,1.270,-0.962
2025-12-04T18:16:08.625241,-1.883,-3.523,1.270,-0.966
2025-12-04T18:16:08.642938,-1.884,-3.523,1.270,-0.970
2025-12-04T18:16:08.665741,-1.884,-3.524,1.270,-0.973
2025-12-04T18:16:08.683978,-1.884,-3.524,1.270,-0.977
2025-12-04T18:16:08.700421,-1.884,-3.524,1.270,-0.980
2025-12-04T18:16:08.717571,-1.884,-3.524,1.270,-0.982
2025-12-04T18:16:08.734287,-1.884,-3.524,1.270,-0.985
2025-12-04T18:16:08.748496,-1.884,-3.525,1.270,-0.987
2025-12-04T18:16:08.765964,-1.884,-3.525,1.270,-0.989
2025-12-04T18:16:08.781013,-1.892,-3.528,1.270,-0.989
2025-12-04T18:16:08.795661,-1.901,-3.530,1.270,-0.989
2025-12-04T18:16:08.810476,-1.910,-3.533,1.270,-0.989
2025-12-04T18:16:08.828403,-1.918,-3.536,1.270,-0.989
2025-12-04T18:16:08.842801,-1.927,-3.539,1.270,-0.989
2025-12-04T18:16:08.858920,-1.936,-3.541,1.270,-0.989
2025-12-04T18:16:08.874900,-1.944,-3.544,1.270,-0.989
2025-12-04T18:16:08.891438,-1.953,-3.547,1.270,-0.989
2025-12-04T18:16:08.909073,-1.962,-3.550,1.270,-0.989
2025-12-04T18:16:08.923151,-1.971,-3.552,1.270,-0.989
2025-12-04T18:16:08.939984,-1.980,-3.555,1.270,-0.989
2025-12-04T18:16:08.958355,-1.988,-3.558,1.270,-0.989
2025-12-04T18:16:08.976699,-1.997,-3.561,1.270,-0.989
2025-12-04T18:16:08.994228,-2.006,-3.563,1.270,-0.989
2025-12-04T18:16:09.010401,-2.015,-3.566,1.270,-0.989
2025-12-04T18:16:09.038120,-2.024,-3.569,1.270,-0.989
2025-12-04T18:16:09.052223,-2.033,-3.572,1.270,-0.989
2025-12-04T18:16:09.069197,-2.042,-3.574,1.270,-0.989
2025-12-04T18:16:09.082898,-2.051,-3.577,1.270,-0.989
2025-12-04T18:16:09.098713,-2.060,-3.580,1.270,-0.989
2025-12-04T18:16:09.111551,-2.068,-3.583,1.270,-0.989
2025-12-04T18:16:09.126440,-2.077,-3.585,1.270,-0.989
2025-12-04T18:16:09.139812,-2.086,-3.588,1.270,-0.989
2025-12-04T18:16:09.154197,-2.095,-3.591,1.270,-0.989
2025-12-04T18:16:09.170472,-2.104,-3.594,1.270,-0.989
2025-12-04T18:16:09.188172,-2.113,-3.596,1.270,-0.989
2025-12-04T18:16:09.202170,-2.122,-3.599,1.270,-0.989
2025-12-04T18:16:09.218546,-2.132,-3.602,1.270,-0.989
2025-12-04T18:16:09.233804,-2.141,-3.605,1.270,-0.989
2025-12-04T18:16:09.252526,-2.150,-3.607,1.270,-0.989
2025-12-04T18:16:09.270233,-2.159,-3.610,1.270,-0.989
2025-12-04T18:16:09.286678,-2.168,-3.613,1.270,-0.989
2025-12-04T18:16:09.304610,-2.177,-3.616,1.270,-0.989
2025-12-04T18:16:09.322776,-2.186,-3.619,1.270,-0.989
2025-12-04T18:16:09.339571,-2.195,-3.621,1.270,-0.989
2025-12-04T18:16:09.357119,-2.204,-3.624,1.270,-0.989
2025-12-04T18:16:09.372970,-2.213,-3.627,1.270,-0.989
2025-12-04T18:16:09.391072,-2.222,-3.630,1.270,-0.989
2025-12-04T18:16:09.405160,-2.231,-3.632,1.270,-0.989
2025-12-04T18:16:09.422412,-2.241,-3.635,1.270,-0.989
2025-12-04T18:16:09.437085,-2.250,-3.638,1.270,-0.989
2025-12-04T18:16:09.452651,-2.259,-3.641,1.270,-0.989
2025-12-04T18:16:09.467869,-2.268,-3.643,1.270,-0.989
2025-12-04T18:16:09.484841,-2.277,-3.646,1.270,-0.989
2025-12-04T18:16:09.501730,-2.286,-3.649,1.270,-0.989
2025-12-04T18:16:09.516200,-2.295,-3.652,1.270,-0.989
2025-12-04T18:16:09.533558,-2.305,-3.655,1.270,-0.989
2025-12-04T18:16:09.553311,-2.314,-3.657,1.270,-0.989
2025-12-04T18:16:09.567241,-2.323,-3.660,1.270,-0.989
2025-12-04T18:16:09.587099,-2.332,-3.663,1.270,-0.989
2025-12-04T18:16:09.606311,-2.341,-3.666,1.270,-0.989
2025-12-04T18:16:09.622669,-2.350,-3.668,1.270,-0.989
2025-12-04T18:16:09.639509,-2.360,-3.671,1.270,-0.989
2025-12-04T18:16:09.656061,-2.369,-3.674,1.270,-0.989
2025-12-04T18:16:09.671987,-2.378,-3.677,1.270,-0.989
2025-12-04T18:16:09.688343,-2.387,-3.680,1.270,-0.989
2025-12-04T18:16:09.703185,-2.396,-3.682,1.270,-0.989
2025-12-04T18:16:09.716684,-2.406,-3.685,1.270,-0.989
2025-12-04T18:16:09.732938,-2.415,-3.688,1.270,-0.989
2025-12-04T18:16:09.748397,-2.424,-3.691,1.270,-0.989
2025-12-04T18:16:09.766247,-2.433,-3.693,1.270,-0.989
2025-12-04T18:16:09.783038,-2.443,-3.696,1.270,-0.989
2025-12-04T18:16:09.799447,-2.452,-3.699,1.270,-0.989
2025-12-04T18:16:09.818571,-2.461,-3.702,1.270,-0.989
2025-12-04T18:16:09.835777,-2.470,-3.705,1.270,-0.989
2025-12-04T18:16:09.854865,-2.479,-3.707,1.270,-0.989
2025-12-04T18:16:09.871740,-2.489,-3.710,1.270,-0.989
2025-12-04T18:16:09.889817,-2.498,-3.713,1.270,-0.989
2025-12-04T18:16:09.913340,-2.507,-3.716,1.270,-0.989
2025-12-04T18:16:09.928796,-2.516,-3.718,1.270,-0.989
2025-12-04T18:16:09.944426,-2.526,-3.721,1.270,-0.989
2025-12-04T18:16:09.960609,-2.535,-3.724,1.270,-0.989
2025-12-04T18:16:09.976513,-2.544,-3.727,1.270,-0.989
2025-12-04T18:16:09.992945,-2.553,-3.730,1.270,-0.989
2025-12-04T18:16:10.004568,-2.563,-3.732,1.270,-0.989
2025-12-04T18:16:10.018200,-2.572,-3.735,1.270,-0.989
2025-12-04T18:16:10.033371,-2.581,-3.738,1.270,-0.989
2025-12-04T18:16:10.046461,-2.590,-3.741,1.270,-0.989
2025-12-04T18:16:10.060839,-2.600,-3.743,1.270,-0.989
2025-12-04T18:16:10.076451,-2.609,-3.746,1.270,-0.989
2025-12-04T18:16:10.091898,-2.618,-3.749,1.270,-0.989
2025-12-04T18:16:10.107676,-2.628,-3.752,1.270,-0.989
2025-12-04T18:16:10.123263,-2.637,-3.755,1.270,-0.989
2025-12-04T18:16:10.139541,-2.646,-3.757,1.270,-0.989
2025-12-04T18:16:10.156579,-2.655,-3.760,1.270,-0.989
2025-12-04T18:16:10.173913,-2.665,-3.763,1.270,-0.989
2025-12-04T18:16:10.192386,-2.674,-3.766,1.270,-0.989
2025-12-04T18:16:10.210894,-2.683,-3.768,1.270,-0.989
2025-12-04T18:16:10.231360,-2.692,-3.771,1.270,-0.989
2025-12-04T18:16:10.247642,-2.702,-3.774,1.270,-0.989
2025-12-04T18:16:10.269722,-2.711,-3.777,1.270,-0.989
2025-12-04T18:16:10.284840,-2.720,-3.780,1.270,-0.989
2025-12-04T18:16:10.303853,-2.730,-3.782,1.270,-0.989
2025-12-04T18:16:10.320197,-2.739,-3.785,1.270,-0.989
2025-12-04T18:16:10.338550,-2.748,-3.788,1.270,-0.989
2025-12-04T18:16:10.353509,-2.757,-3.791,1.270,-0.989
2025-12-04T18:16:10.369854,-2.767,-3.793,1.270,-0.989
2025-12-04T18:16:10.386638,-2.776,-3.796,1.270,-0.989
2025-12-04T18:16:10.402207,-2.785,-3.799,1.270,-0.989
2025-12-04T18:16:10.415366,-2.795,-3.802,1.270,-0.989
2025-12-04T18:16:10.428882,-2.804,-3.805,1.270,-0.989
2025-12-04T18:16:10.445856,-2.813,-3.807,1.270,-0.989
2025-12-04T18:16:10.461125,-2.822,-3.810,1.270,-0.989
2025-12-04T18:16:10.476004,-2.832,-3.813,1.270,-0.989
2025-12-04T18:16:10.491497,-2.841,-3.816,1.270,-0.989
2025-12-04T18:16:10.506696,-2.850,-3.818,1.270,-0.989
2025-12-04T18:16:10.525577,-2.860,-3.821,1.270,-0.989
2025-12-04T18:16:10.541739,-2.869,-3.824,1.270,-0.989
2025-12-04T18:16:10.559831,-2.878,-3.827,1.270,-0.989
2025-12-04T18:16:10.579652,-2.887,-3.830,1.270,-0.989
2025-12-04T18:16:10.595215,-2.897,-3.832,1.270,-0.989
2025-12-04T18:16:10.611827,-2.906,-3.835,1.270,-0.989
2025-12-04T18:16:10.630343,-2.915,-3.838,1.270,-0.989
2025-12-04T18:16:10.645883,-2.925,-3.841,1.270,-0.989
2025-12-04T18:16:10.658729,-2.934,-3.843,1.270,-0.989
2025-12-04T18:16:10.675581,-2.943,-3.846,1.270,-0.989
2025-12-04T18:16:10.691561,-2.952,-3.849,1.270,-0.989
2025-12-04T18:16:10.708924,-2.962,-3.852,1.270,-0.989
2025-12-04T18:16:10.726514,-2.971,-3.855,1.270,-0.989
2025-12-04T18:16:10.742037,-2.980,-3.857,1.270,-0.989
2025-12-04T18:16:10.758426,-2.990,-3.860,1.270,-0.989
2025-12-04T18:16:10.775811,-2.999,-3.863,1.270,-0.989
2025-12-04T18:16:10.793776,-3.008,-3.866,1.270,-0.989
2025-12-04T18:16:10.813539,-3.018,-3.869,1.270,-0.989
2025-12-04T18:16:10.838753,-3.027,-3.871,1.270,-0.989
2025-12-04T18:16:10.855828,-3.036,-3.874,1.270,-0.989
2025-12-04T18:16:10.873425,-3.045,-3.877,1.270,-0.989
2025-12-04T18:16:10.889865,-3.055,-3.880,1.270,-0.989
2025-12-04T18:16:10.906091,-3.064,-3.882,1.270,-0.989
2025-12-04T18:16:10.922381,-3.073,-3.885,1.270,-0.989
2025-12-04T18:16:10.937984,-3.083,-3.888,1.270,-0.989
2025-12-04T18:16:10.951728,-3.092,-3.891,1.270,-0.989
2025-12-04T18:16:10.966238,-3.101,-3.894,1.270,-0.989
2025-12-04T18:16:10.980946,-3.111,-3.896,1.270,-0.989
2025-12-04T18:16:10.997633,-3.120,-3.899,1.270,-0.989
2025-12-04T18:16:11.012488,-3.129,-3.902,1.270,-0.989
2025-12-04T18:16:11.028609,-3.138,-3.905,1.270,-0.989
2025-12-04T18:16:11.045038,-3.148,-3.907,1.270,-0.989
2025-12-04T18:16:11.061291,-3.157,-3.910,1.270,-0.989
2025-12-04T18:16:11.077201,-3.166,-3.913,1.270,-0.989
2025-12-04T18:16:11.097430,-3.176,-3.916,1.270,-0.989
2025-12-04T18:16:11.114323,-3.185,-3.919,1.270,-0.989
2025-12-04T18:16:11.134985,-3.194,-3.921,1.270,-0.989
2025-12-04T18:16:11.151219,-3.204,-3.924,1.270,-0.989
2025-12-04T18:16:11.167695,-3.213,-3.927,1.270,-0.989
2025-12-04T18:16:11.184236,-3.222,-3.930,1.270,-0.989
2025-12-04T18:16:11.198936,-3.231,-3.932,1.270,-0.989
2025-12-04T18:16:11.214533,-3.241,-3.935,1.270,-0.989
2025-12-04T18:16:11.229162,-3.250,-3.938,1.270,-0.989
2025-12-04T18:16:11.245225,-3.259,-3.941,1.270,-0.989
2025-12-04T18:16:11.262400,-3.269,-3.944,1.270,-0.989
2025-12-04T18:16:11.279366,-3.278,-3.946,1.270,-0.989
2025-12-04T18:16:11.294699,-3.287,-3.949,1.270,-0.989
2025-12-04T18:16:11.310205,-3.297,-3.952,1.270,-0.989
2025-12-04T18:16:11.329696,-3.306,-3.955,1.270,-0.989
2025-12-04T18:16:11.344014,-3.315,-3.958,1.270,-0.989
2025-12-04T18:16:11.360614,-3.325,-3.960,1.270,-0.989
2025-12-04T18:16:11.379185,-3.334,-3.963,1.270,-0.989
2025-12-04T18:16:11.395720,-3.343,-3.966,1.270,-0.989
2025-12-04T18:16:11.414145,-3.352,-3.969,1.270,-0.989
2025-12-04T18:16:11.431653,-3.362,-3.971,1.270,-0.989
2025-12-04T18:16:11.447351,-3.371,-3.974,1.270,-0.989
2025-12-04T18:16:11.464077,-3.380,-3.977,1.270,-0.989
2025-12-04T18:16:11.479914,-3.390,-3.980,1.270,-0.989
2025-12-04T18:16:11.495150,-3.399,-3.983,1.270,-0.989
2025-12-04T18:16:11.510057,-3.408,-3.985,1.270,-0.989
2025-12-04T18:16:11.524441,-3.418,-3.988,1.270,-0.989
2025-12-04T18:16:11.541316,-3.427,-3.991,1.270,-0.989
2025-12-04T18:16:11.555842,-3.436,-3.994,1.270,-0.989
2025-12-04T18:16:11.572878,-3.446,-3.996,1.270,-0.989
2025-12-04T18:16:11.589448,-3.455,-3.999,1.270,-0.989
2025-12-04T18:16:11.605662,-3.464,-4.002,1.270,-0.989
2025-12-04T18:16:11.624412,-3.473,-4.005,1.270,-0.989
2025-12-04T18:16:11.641502,-3.483,-4.008,1.270,-0.989
2025-12-04T18:16:11.658756,-3.492,-4.010,1.270,-0.989
2025-12-04T18:16:11.678055,-3.501,-4.013,1.270,-0.989
2025-12-04T18:16:11.694672,-3.511,-4.016,1.270,-0.989
2025-12-04T18:16:11.713929,-3.520,-4.019,1.270,-0.989
2025-12-04T18:16:11.729173,-3.529,-4.021,1.270,-0.989
2025-12-04T18:16:11.745845,-3.539,-4.024,1.270,-0.989
2025-12-04T18:16:11.768048,-3.548,-4.027,1.270,-0.989
2025-12-04T18:16:11.783891,-3.557,-4.030,1.270,-0.989
2025-12-04T18:16:11.798607,-3.566,-4.033,1.270,-0.989
2025-12-04T18:16:11.813230,-3.576,-4.035,1.270,-0.989
2025-12-04T18:16:11.828381,-3.585,-4.038,1.270,-0.989
2025-12-04T18:16:11.842820,-3.594,-4.041,1.270,-0.989
2025-12-04T18:16:11.857556,-3.604,-4.044,1.270,-0.989
2025-12-04T18:16:11.872222,-3.613,-4.047,1.270,-0.989
2025-12-04T18:16:11.888385,-3.622,-4.049,1.270,-0.989
2025-12-04T18:16:11.904438,-3.632,-4.052,1.270,-0.989
2025-12-04T18:16:11.921074,-3.641,-4.055,1.270,-0.989
2025-12-04T18:16:11.937652,-3.650,-4.058,1.270,-0.989
2025-12-04T18:16:11.953871,-3.660,-4.060,1.270,-0.989
2025-12-04T18:16:11.972282,-3.669,-4.063,1.270,-0.989
2025-12-04T18:16:11.988855,-3.678,-4.066,1.270,-0.989
2025-12-04T18:16:12.006178,-3.687,-4.069,1.270,-0.989
2025-12-04T18:16:12.023973,-3.697,-4.072,1.270,-0.989
2025-12-04T18:16:12.043603,-3.706,-4.074,1.270,-0.989
2025-12-04T18:16:12.061751,-3.715,-4.077,1.270,-0.989
2025-12-04T18:16:12.078184,-3.725,-4.080,1.270,-0.989
2025-12-04T18:16:12.094607,-3.734,-4.083,1.270,-0.989
2025-12-04T18:16:12.109593,-3.743,-4.085,1.270,-0.989
2025-12-04T18:16:12.122167,-3.753,-4.088,1.270,-0.989
2025-12-04T18:16:12.135664,-3.762,-4.091,1.270,-0.989
2025-12-04T18:16:12.149601,-3.771,-4.094,1.270,-0.989
2025-12-04T18:16:12.164396,-3.781,-4.097,1.270,-0.989
2025-12-04T18:16:12.180055,-3.790,-4.099,1.270,-0.989
2025-12-04T18:16:12.195376,-3.799,-4.102,1.270,-0.989
2025-12-04T18:16:12.210845,-3.808,-4.105,1.270,-0.989
2025-12-04T18:16:12.229024,-3.818,-4.108,1.270,-0.989
2025-12-04T18:16:12.244468,-3.827,-4.111,1.270,-0.989
2025-12-04T18:16:12.262065,-3.836,-4.113,1.270,-0.989
2025-12-04T18:16:12.277782,-3.846,-4.116,1.270,-0.989
2025-12-04T18:16:12.299240,-3.855,-4.119,1.270,-0.989
2025-12-04T18:16:12.319819,-3.864,-4.122,1.270,-0.989
2025-12-04T18:16:12.334526,-3.865,-4.122,1.270,-0.991
2025-12-04T18:16:12.354693,-3.866,-4.122,1.270,-0.993
2025-12-04T18:16:12.371667,-3.866,-4.122,1.270,-0.995
2025-12-04T18:16:12.395005,-3.867,-4.122,1.270,-0.996
2025-12-04T18:16:12.409949,-3.868,-4.123,1.270,-0.997
2025-12-04T18:16:12.426481,-3.868,-4.123,1.270,-0.998
2025-12-04T18:16:12.443576,-3.869,-4.123,1.270,-0.999
2025-12-04T18:16:12.460222,-3.869,-4.123,1.270,-1.000
2025-12-04T18:16:12.477615,-3.870,-4.123,1.270,-1.000
2025-12-04T18:16:12.489791,-3.871,-4.123,1.270,-1.000
2025-12-04T18:16:12.502092,-3.871,-4.124,1.270,1.000
2025-12-04T18:16:12.515946,-3.872,-4.124,1.270,1.000
2025-12-04T18:16:12.528554,-3.872,-4.124,1.270,0.999
2025-12-04T18:16:12.542781,-3.873,-4.124,1.270,0.998
2025-12-04T18:16:12.558117,-3.873,-4.124,1.270,0.997
2025-12-04T18:16:12.573921,-3.873,-4.124,1.270,0.996
2025-12-04T18:16:12.588649,-3.874,-4.124,1.270,0.995
2025-12-04T18:16:12.605474,-3.874,-4.125,1.270,0.994
2025-12-04T18:16:12.622372,-3.875,-4.125,1.270,0.992
2025-12-04T18:16:12.639355,-3.875,-4.125,1.270,0.990
2025-12-04T18:16:12.656649,-3.875,-4.125,1.270,0.988
2025-12-04T18:16:12.672765,-3.876,-4.125,1.270,0.985
2025-12-04T18:16:12.695981,-3.876,-4.125,1.270,0.983
2025-12-04T18:16:12.712412,-3.876,-4.125,1.270,0.980
2025-12-04T18:16:12.728623,-3.877,-4.125,1.270,0.977
2025-12-04T18:16:12.746981,-3.877,-4.125,1.270,0.974
2025-12-04T18:16:12.764660,-3.877,-4.126,1.270,0.970
2025-12-04T18:16:12.779824,-3.878,-4.126,1.270,0.967
2025-12-04T18:16:12.795989,-3.878,-4.126,1.270,0.963
2025-12-04T18:16:12.810495,-3.878,-4.126,1.270,0.959
2025-12-04T18:16:12.827304,-3.878,-4.126,1.270,0.955
2025-12-04T18:16:12.842165,-3.879,-4.126,1.270,0.951
2025-12-04T18:16:12.858849,-3.879,-4.126,1.270,0.946
2025-12-04T18:16:12.873578,-3.879,-4.126,1.270,0.941
2025-12-04T18:16:12.888756,-3.886,-4.120,1.270,0.941
2025-12-04T18:16:12.905569,-3.893,-4.115,1.270,0.941
2025-12-04T18:16:12.922511,-3.901,-4.109,1.270,0.941
2025-12-04T18:16:12.940050,-3.908,-4.103,1.270,0.941
2025-12-04T18:16:12.958383,-3.915,-4.098,1.270,0.941
2025-12-04T18:16:12.976915,-3.922,-4.092,1.270,0.941
2025-12-04T18:16:13.000910,-3.929,-4.086,1.270,0.941
2025-12-04T18:16:13.016931,-3.936,-4.081,1.270,0.941
2025-12-04T18:16:13.037325,-3.944,-4.075,1.270,0.941
2025-12-04T18:16:13.051670,-3.951,-4.069,1.270,0.941
2025-12-04T18:16:13.065646,-3.958,-4.063,1.270,0.941
2025-12-04T18:16:13.081173,-3.965,-4.057,1.270,0.941
2025-12-04T18:16:13.096210,-3.973,-4.052,1.270,0.941
2025-12-04T18:16:13.110271,-3.980,-4.046,1.270,0.941
2025-12-04T18:16:13.124388,-3.987,-4.040,1.270,0.941
2025-12-04T18:16:13.137747,-3.995,-4.034,1.270,0.941
2025-12-04T18:16:13.152850,-4.002,-4.028,1.270,0.941
2025-12-04T18:16:13.168425,-4.009,-4.022,1.270,0.941
2025-12-04T18:16:13.182048,-4.016,-4.016,1.270,0.941
2025-12-04T18:16:13.197902,-4.024,-4.011,1.270,0.941
2025-12-04T18:16:13.213486,-4.031,-4.005,1.270,0.941
2025-12-04T18:16:13.230091,-4.038,-3.999,1.270,0.941
2025-12-04T18:16:13.248705,-4.046,-3.993,1.270,0.941
2025-12-04T18:16:13.266551,-4.053,-3.987,1.270,0.941
2025-12-04T18:16:13.284589,-4.060,-3.981,1.270,0.941
2025-12-04T18:16:13.301479,-4.068,-3.975,1.270,0.941
2025-12-04T18:16:13.318563,-4.075,-3.969,1.270,0.941
2025-12-04T18:16:13.336015,-4.082,-3.963,1.270,0.941
2025-12-04T18:16:13.353576,-4.090,-3.957,1.270,0.941
2025-12-04T18:16:13.368935,-4.097,-3.951,1.270,0.941
2025-12-04T18:16:13.386454,-4.105,-3.945,1.270,0.941
2025-12-04T18:16:13.401299,-4.112,-3.939,1.270,0.941
2025-12-04T18:16:13.417322,-4.119,-3.933,1.270,0.941
2025-12-04T18:16:13.431877,-4.127,-3.927,1.270,0.941
2025-12-04T18:16:13.447909,-4.134,-3.921,1.270,0.941
2025-12-04T18:16:13.472547,-4.142,-3.915,1.270,0.941
2025-12-04T18:16:13.488630,-4.149,-3.909,1.270,0.941
2025-12-04T18:16:13.504995,-4.156,-3.903,1.270,0.941
2025-12-04T18:16:13.520900,-4.164,-3.897,1.270,0.941
2025-12-04T18:16:13.536502,-4.171,-3.891,1.270,0.941
2025-12-04T18:16:13.552951,-4.179,-3.885,1.270,0.941
2025-12-04T18:16:13.567704,-4.186,-3.879,1.270,0.941
2025-12-04T18:16:13.584234,-4.193,-3.873,1.270,0.941
2025-12-04T18:16:13.598084,-4.201,-3.867,1.270,0.941
2025-12-04T18:16:13.619188,-4.208,-3.861,1.270,0.941
2025-12-04T18:16:13.630359,-4.216,-3.855,1.270,0.941
2025-12-04T18:16:13.644302,-4.223,-3.849,1.270,0.941
2025-12-04T18:16:13.658164,-4.230,-3.843,1.270,0.941
2025-12-04T18:16:13.671068,-4.238,-3.837,1.270,0.941
2025-12-04T18:16:13.685662,-4.245,-3.831,1.270,0.941
2025-12-04T18:16:13.700193,-4.253,-3.824,1.270,0.941
2025-12-04T18:16:13.715881,-4.260,-3.818,1.270,0.941
2025-12-04T18:16:13.733165,-4.268,-3.812,1.270,0.941
2025-12-04T18:16:13.750787,-4.275,-3.806,1.270,0.941
2025-12-04T18:16:13.768138,-4.283,-3.800,1.270,0.941
2025-12-04T18:16:13.786550,-4.290,-3.794,1.270,0.941
2025-12-04T18:16:13.803164,-4.297,-3.788,1.270,0.941
2025-12-04T18:16:13.821398,-4.305,-3.782,1.270,0.941
2025-12-04T18:16:13.839565,-4.312,-3.776,1.270,0.941
2025-12-04T18:16:13.854612,-4.320,-3.770,1.270,0.941
2025-12-04T18:16:13.872737,-4.327,-3.763,1.270,0.941
2025-12-04T18:16:13.886731,-4.335,-3.757,1.270,0.941
2025-12-04T18:16:13.904871,-4.342,-3.751,1.270,0.941
2025-12-04T18:16:13.921342,-4.350,-3.745,1.270,0.941
2025-12-04T18:16:13.936552,-4.357,-3.739,1.270,0.941
2025-12-04T18:16:13.951335,-4.365,-3.733,1.270,0.941
2025-12-04T18:16:13.966605,-4.372,-3.727,1.270,0.941
2025-12-04T18:16:13.986248,-4.379,-3.721,1.270,0.941
2025-12-04T18:16:14.001254,-4.387,-3.715,1.270,0.941
2025-12-04T18:16:14.015291,-4.394,-3.708,1.270,0.941
2025-12-04T18:16:14.032894,-4.402,-3.702,1.270,0.941
2025-12-04T18:16:14.051070,-4.409,-3.696,1.270,0.941
2025-12-04T18:16:14.070517,-4.417,-3.690,1.270,0.941
2025-12-04T18:16:14.086618,-4.424,-3.684,1.270,0.941
2025-12-04T18:16:14.104265,-4.432,-3.678,1.270,0.941
2025-12-04T18:16:14.119469,-4.439,-3.672,1.270,0.941
2025-12-04T18:16:14.137374,-4.447,-3.666,1.270,0.941
2025-12-04T18:16:14.152147,-4.454,-3.659,1.270,0.941
2025-12-04T18:16:14.167712,-4.462,-3.653,1.270,0.941
2025-12-04T18:16:14.183033,-4.469,-3.647,1.270,0.941
2025-12-04T18:16:14.197223,-4.477,-3.641,1.270,0.941
2025-12-04T18:16:14.213509,-4.484,-3.635,1.270,0.941
2025-12-04T18:16:14.234457,-4.492,-3.629,1.270,0.941
2025-12-04T18:16:14.249965,-4.499,-3.623,1.270,0.941
2025-12-04T18:16:14.264769,-4.507,-3.616,1.270,0.941
2025-12-04T18:16:14.282019,-4.514,-3.610,1.270,0.941
2025-12-04T18:16:14.300379,-4.521,-3.604,1.270,0.941
2025-12-04T18:16:14.316678,-4.529,-3.598,1.270,0.941
2025-12-04T18:16:14.332895,-4.536,-3.592,1.270,0.941
2025-12-04T18:16:14.348537,-4.544,-3.586,1.270,0.941
2025-12-04T18:16:14.363674,-4.551,-3.580,1.270,0.941
2025-12-04T18:16:14.381685,-4.559,-3.573,1.270,0.941
2025-12-04T18:16:14.397404,-4.566,-3.567,1.270,0.941
2025-12-04T18:16:14.413997,-4.574,-3.561,1.270,0.941
2025-12-04T18:16:14.432504,-4.581,-3.555,1.270,0.941
2025-12-04T18:16:14.450181,-4.589,-3.549,1.270,0.941
2025-12-04T18:16:14.469823,-4.596,-3.543,1.270,0.941
2025-12-04T18:16:14.484705,-4.604,-3.536,1.270,0.941
2025-12-04T18:16:14.502141,-4.611,-3.530,1.270,0.941
2025-12-04T18:16:14.518620,-4.619,-3.524,1.270,0.941
2025-12-04T18:16:14.539943,-4.626,-3.518,1.270,0.941
2025-12-04T18:16:14.553521,-4.634,-3.512,1.270,0.941
2025-12-04T18:16:14.569366,-4.641,-3.506,1.270,0.941
2025-12-04T18:16:14.583040,-4.649,-3.499,1.270,0.941
2025-12-04T18:16:14.598639,-4.656,-3.493,1.270,0.941
2025-12-04T18:16:14.613027,-4.664,-3.487,1.270,0.941
2025-12-04T18:16:14.629043,-4.671,-3.481,1.270,0.941
2025-12-04T18:16:14.643928,-4.679,-3.475,1.270,0.941
2025-12-04T18:16:14.659331,-4.686,-3.469,1.270,0.941
2025-12-04T18:16:14.674760,-4.694,-3.463,1.270,0.941
2025-12-04T18:16:14.690665,-4.701,-3.456,1.270,0.941
2025-12-04T18:16:14.710320,-4.709,-3.450,1.270,0.941
2025-12-04T18:16:14.727904,-4.716,-3.444,1.270,0.941
2025-12-04T18:16:14.744555,-4.724,-3.438,1.270,0.941
2025-12-04T18:16:14.763426,-4.731,-3.432,1.270,0.941
2025-12-04T18:16:14.782989,-4.739,-3.426,1.270,0.941
2025-12-04T18:16:14.800259,-4.746,-3.419,1.270,0.941
2025-12-04T18:16:14.819646,-4.754,-3.413,1.270,0.941
2025-12-04T18:16:14.842645,-4.761,-3.407,1.270,0.941
2025-12-04T18:16:14.856854,-4.769,-3.401,1.270,0.941
2025-12-04T18:16:14.871805,-4.776,-3.395,1.270,0.941
2025-12-04T18:16:14.890369,-4.784,-3.389,1.270,0.941
2025-12-04T18:16:14.906860,-4.791,-3.382,1.270,0.941
2025-12-04T18:16:14.922710,-4.799,-3.376,1.270,0.941
2025-12-04T18:16:14.939023,-4.806,-3.370,1.270,0.941
2025-12-04T18:16:14.951208,-4.814,-3.364,1.270,0.941
2025-12-04T18:16:14.969581,-4.821,-3.358,1.270,0.941
2025-12-04T18:16:14.980701,-4.829,-3.352,1.270,0.941
2025-12-04T18:16:14.994667,-4.836,-3.345,1.270,0.941
2025-12-04T18:16:15.009176,-4.844,-3.339,1.270,0.941
2025-12-04T18:16:15.024049,-4.851,-3.333,1.270,0.941
2025-12-04T18:16:15.040040,-4.859,-3.327,1.270,0.941
2025-12-04T18:16:15.055423,-4.866,-3.321,1.270,0.941
2025-12-04T18:16:15.072519,-4.874,-3.315,1.270,0.941
2025-12-04T18:16:15.090644,-4.881,-3.308,1.270,0.941
2025-12-04T18:16:15.105824,-4.889,-3.302,1.270,0.941
2025-12-04T18:16:15.124082,-4.896,-3.296,1.270,0.941
2025-12-04T18:16:15.142067,-4.904,-3.290,1.270,0.941
2025-12-04T18:16:15.161093,-4.911,-3.284,1.270,0.941
2025-12-04T18:16:15.179511,-4.919,-3.277,1.270,0.941
2025-12-04T18:16:15.196711,-4.926,-3.271,1.270,0.941
2025-12-04T18:16:15.214198,-4.934,-3.265,1.270,0.941
2025-12-04T18:16:15.232413,-4.941,-3.259,1.270,0.941
2025-12-04T18:16:15.250150,-4.949,-3.253,1.270,0.941
2025-12-04T18:16:15.265869,-4.956,-3.247,1.270,0.941
2025-12-04T18:16:15.282801,-4.964,-3.240,1.270,0.941
2025-12-04T18:16:15.299726,-4.971,-3.234,1.270,0.941
2025-12-04T18:16:15.311528,-4.979,-3.228,1.270,0.941
2025-12-04T18:16:15.324215,-4.986,-3.222,1.270,0.941
2025-12-04T18:16:15.337203,-4.994,-3.216,1.270,0.941
2025-12-04T18:16:15.351939,-5.001,-3.210,1.270,0.941
2025-12-04T18:16:15.367483,-5.009,-3.203,1.270,0.941
2025-12-04T18:16:15.382524,-5.016,-3.197,1.270,0.941
2025-12-04T18:16:15.400964,-5.024,-3.191,1.270,0.941
2025-12-04T18:16:15.419981,-5.031,-3.185,1.270,0.941
2025-12-04T18:16:15.435142,-5.039,-3.179,1.270,0.941
2025-12-04T18:16:15.458274,-5.046,-3.173,1.270,0.941
2025-12-04T18:16:15.494104,-5.054,-3.166,1.270,0.941
2025-12-04T18:16:15.548328,-5.061,-3.160,1.270,0.941
2025-12-04T18:16:15.578062,-5.069,-3.154,1.270,0.941
2025-12-04T18:16:15.591743,-5.076,-3.148,1.270,0.941
2025-12-04T18:16:15.603908,-5.084,-3.142,1.270,0.941
2025-12-04T18:16:15.618548,-5.091,-3.136,1.270,0.941
2025-12-04T18:16:15.633066,-5.099,-3.129,1.270,0.941
2025-12-04T18:16:15.646772,-5.106,-3.123,1.270,0.941
2025-12-04T18:16:15.669072,-5.114,-3.117,1.270,0.941
2025-12-04T18:16:15.682825,-5.121,-3.111,1.270,0.941
2025-12-04T18:16:15.696247,-5.129,-3.105,1.270,0.941
2025-12-04T18:16:15.708679,-5.136,-3.098,1.270,0.941
2025-12-04T18:16:15.721986,-5.144,-3.092,1.270,0.941
2025-12-04T18:16:15.735189,-5.151,-3.086,1.270,0.941
2025-12-04T18:16:15.750252,-5.159,-3.080,1.270,0.941
2025-12-04T18:16:15.773733,-5.166,-3.074,1.270,0.941
2025-12-04T18:16:15.787017,-5.174,-3.068,1.270,0.941
2025-12-04T18:16:15.803692,-5.181,-3.061,1.270,0.941
2025-12-04T18:16:15.818869,-5.189,-3.055,1.270,0.941
2025-12-04T18:16:15.837552,-5.196,-3.049,1.270,0.941
2025-12-04T18:16:15.855128,-5.204,-3.043,1.270,0.941
2025-12-04T18:16:15.875035,-5.211,-3.037,1.270,0.941
2025-12-04T18:16:15.890822,-5.219,-3.031,1.270,0.941
2025-12-04T18:16:15.907920,-5.226,-3.024,1.270,0.941
2025-12-04T18:16:15.923061,-5.234,-3.018,1.270,0.941
2025-12-04T18:16:15.941080,-5.241,-3.012,1.270,0.941
2025-12-04T18:16:15.955098,-5.249,-3.006,1.270,0.941
2025-12-04T18:16:15.974406,-5.256,-3.000,1.270,0.941
2025-12-04T18:16:15.984572,-5.264,-2.994,1.270,0.941
2025-12-04T18:16:15.999890,-5.271,-2.987,1.270,0.941
2025-12-04T18:16:16.015072,-5.279,-2.981,1.270,0.941
2025-12-04T18:16:16.030706,-5.286,-2.975,1.270,0.941
2025-12-04T18:16:16.046191,-5.294,-2.969,1.270,0.941
2025-12-04T18:16:16.065658,-5.301,-2.963,1.270,0.941
2025-12-04T18:16:16.080765,-5.309,-2.956,1.270,0.941
2025-12-04T18:16:16.095972,-5.316,-2.950,1.270,0.941
2025-12-04T18:16:16.112739,-5.324,-2.944,1.270,0.941
2025-12-04T18:16:16.130807,-5.331,-2.938,1.270,0.941
2025-12-04T18:16:16.149842,-5.339,-2.932,1.270,0.941
2025-12-04T18:16:16.167764,-5.346,-2.926,1.270,0.941
2025-12-04T18:16:16.186271,-5.353,-2.919,1.270,0.941
2025-12-04T18:16:16.203750,-5.361,-2.913,1.270,0.941
2025-12-04T18:16:16.220804,-5.368,-2.907,1.270,0.941
2025-12-04T18:16:16.236956,-5.369,-2.907,1.270,0.936
2025-12-04T18:16:16.256281,-5.370,-2.906,1.270,0.931
2025-12-04T18:16:16.274486,-5.370,-2.906,1.270,0.926
2025-12-04T18:16:16.288119,-5.371,-2.905,1.270,0.920
2025-12-04T18:16:16.301877,-5.371,-2.905,1.270,0.915
2025-12-04T18:16:16.316159,-5.372,-2.904,1.270,0.909
2025-12-04T18:16:16.331085,-5.372,-2.904,1.270,0.903
2025-12-04T18:16:16.347209,-5.373,-2.904,1.270,0.896
2025-12-04T18:16:16.361561,-5.373,-2.903,1.270,0.890
2025-12-04T18:16:16.378150,-5.374,-2.903,1.270,0.883
2025-12-04T18:16:16.397112,-5.374,-2.903,1.270,0.876
2025-12-04T18:16:16.411760,-5.374,-2.902,1.270,0.869
2025-12-04T18:16:16.428849,-5.375,-2.902,1.270,0.862
2025-12-04T18:16:16.446994,-5.375,-2.902,1.270,0.855
2025-12-04T18:16:16.465666,-5.375,-2.901,1.270,0.847
2025-12-04T18:16:16.480829,-5.376,-2.901,1.270,0.839
2025-12-04T18:16:16.498816,-5.376,-2.901,1.270,0.831
2025-12-04T18:16:16.516839,-5.376,-2.901,1.270,0.823
2025-12-04T18:16:16.529293,-5.377,-2.900,1.270,0.815
2025-12-04T18:16:16.544399,-5.377,-2.900,1.270,0.807
2025-12-04T18:16:16.559630,-5.377,-2.900,1.270,0.798
2025-12-04T18:16:16.574654,-5.378,-2.900,1.270,0.789
2025-12-04T18:16:16.590569,-5.378,-2.899,1.270,0.780
2025-12-04T18:16:16.604989,-5.378,-2.899,1.270,0.771
2025-12-04T18:16:16.625282,-5.378,-2.899,1.270,0.762
2025-12-04T18:16:16.641008,-5.379,-2.899,1.270,0.753
2025-12-04T18:16:16.659209,-5.379,-2.899,1.270,0.743
2025-12-04T18:16:16.675197,-5.380,-2.889,1.270,0.743
2025-12-04T18:16:16.693606,-5.381,-2.880,1.270,0.743
2025-12-04T18:16:16.710074,-5.382,-2.871,1.270,0.743
2025-12-04T18:16:16.726467,-5.384,-2.862,1.270,0.743
2025-12-04T18:16:16.743943,-5.385,-2.853,1.270,0.743
2025-12-04T18:16:16.760797,-5.386,-2.844,1.270,0.743
2025-12-04T18:16:16.776325,-5.387,-2.834,1.270,0.743
2025-12-04T18:16:16.791627,-5.388,-2.825,1.270,0.743
2025-12-04T18:16:16.805302,-5.389,-2.816,1.270,0.743
2025-12-04T18:16:16.820147,-5.390,-2.807,1.270,0.743
2025-12-04T18:16:16.835304,-5.391,-2.797,1.270,0.743
2025-12-04T18:16:16.849824,-5.393,-2.788,1.270,0.743
2025-12-04T18:16:16.867511,-5.394,-2.779,1.270,0.743
2025-12-04T18:16:16.882916,-5.395,-2.770,1.270,0.743
2025-12-04T18:16:16.900728,-5.396,-2.760,1.270,0.743
2025-12-04T18:16:16.918178,-5.397,-2.751,1.270,0.743
2025-12-04T18:16:16.936746,-5.398,-2.742,1.270,0.743
2025-12-04T18:16:16.955858,-5.399,-2.732,1.270,0.743
2025-12-04T18:16:16.972259,-5.400,-2.723,1.270,0.743
2025-12-04T18:16:16.990558,-5.401,-2.714,1.270,0.743
2025-12-04T18:16:17.006230,-5.402,-2.704,1.270,0.743
2025-12-04T18:16:17.032138,-5.404,-2.695,1.270,0.743
2025-12-04T18:16:17.048509,-5.405,-2.685,1.270,0.743
2025-12-04T18:16:17.064762,-5.406,-2.676,1.270,0.743
2025-12-04T18:16:17.080694,-5.407,-2.667,1.270,0.743
2025-12-04T18:16:17.095512,-5.408,-2.657,1.270,0.743
2025-12-04T18:16:17.108752,-5.409,-2.648,1.270,0.743
2025-12-04T18:16:17.124294,-5.410,-2.638,1.270,0.743
2025-12-04T18:16:17.137780,-5.411,-2.629,1.270,0.743
2025-12-04T18:16:17.154045,-5.412,-2.619,1.270,0.743
2025-12-04T18:16:17.166144,-5.413,-2.610,1.270,0.743
2025-12-04T18:16:17.181303,-5.414,-2.600,1.270,0.743
2025-12-04T18:16:17.197772,-5.415,-2.591,1.270,0.743
2025-12-04T18:16:17.214307,-5.416,-2.581,1.270,0.743
2025-12-04T18:16:17.232189,-5.417,-2.572,1.270,0.743
2025-12-04T18:16:17.249295,-5.419,-2.562,1.270,0.743
2025-12-04T18:16:17.267224,-5.420,-2.553,1.270,0.743
2025-12-04T18:16:17.284468,-5.421,-2.543,1.270,0.743
2025-12-04T18:16:17.303568,-5.422,-2.534,1.270,0.743
2025-12-04T18:16:17.320481,-5.423,-2.524,1.270,0.743
2025-12-04T18:16:17.337725,-5.424,-2.515,1.270,0.743
2025-12-04T18:16:17.353860,-5.425,-2.505,1.270,0.743
2025-12-04T18:16:17.370451,-5.426,-2.496,1.270,0.743
2025-12-04T18:16:17.385981,-5.427,-2.486,1.270,0.743
2025-12-04T18:16:17.400751,-5.428,-2.477,1.270,0.743
2025-12-04T18:16:17.415187,-5.429,-2.467,1.270,0.743
2025-12-04T18:16:17.430280,-5.430,-2.458,1.270,0.743
2025-12-04T18:16:17.446069,-5.431,-2.448,1.270,0.743
2025-12-04T18:16:17.459946,-5.432,-2.439,1.270,0.743
2025-12-04T18:16:17.475864,-5.433,-2.429,1.270,0.743
2025-12-04T18:16:17.490871,-5.434,-2.419,1.270,0.743
2025-12-04T18:16:17.507946,-5.435,-2.410,1.270,0.743
2025-12-04T18:16:17.527029,-5.436,-2.400,1.270,0.743
2025-12-04T18:16:17.547147,-5.437,-2.391,1.270,0.743
2025-12-04T18:16:17.562769,-5.438,-2.381,1.270,0.743
2025-12-04T18:16:17.580286,-5.439,-2.372,1.270,0.743
2025-12-04T18:16:17.597392,-5.440,-2.362,1.270,0.743
2025-12-04T18:16:17.616654,-5.441,-2.352,1.270,0.743
2025-12-04T18:16:17.631735,-5.442,-2.343,1.270,0.743
2025-12-04T18:16:17.648539,-5.444,-2.333,1.270,0.743
2025-12-04T18:16:17.662121,-5.445,-2.324,1.270,0.743
2025-12-04T18:16:17.677765,-5.446,-2.314,1.270,0.743
2025-12-04T18:16:17.692467,-5.447,-2.304,1.270,0.743
2025-12-04T18:16:17.708460,-5.448,-2.295,1.270,0.743
2025-12-04T18:16:17.725252,-5.449,-2.285,1.270,0.743
2025-12-04T18:16:17.742370,-5.450,-2.276,1.270,0.743
2025-12-04T18:16:17.758071,-5.451,-2.266,1.270,0.743
2025-12-04T18:16:17.775606,-5.452,-2.256,1.270,0.743
2025-12-04T18:16:17.794396,-5.453,-2.247,1.270,0.743
2025-12-04T18:16:17.813977,-5.454,-2.237,1.270,0.743
2025-12-04T18:16:17.830236,-5.455,-2.228,1.270,0.743
2025-12-04T18:16:17.848416,-5.456,-2.218,1.270,0.743
2025-12-04T18:16:17.866255,-5.457,-2.208,1.270,0.743
2025-12-04T18:16:17.882736,-5.458,-2.199,1.270,0.743
2025-12-04T18:16:17.899881,-5.459,-2.189,1.270,0.743
2025-12-04T18:16:17.914610,-5.459,-2.188,1.270,0.733
2025-12-04T18:16:17.929233,-5.459,-2.188,1.270,0.723
2025-12-04T18:16:17.943749,-5.459,-2.187,1.270,0.713
2025-12-04T18:16:17.958757,-5.459,-2.186,1.270,0.703
2025-12-04T18:16:17.972645,-5.459,-2.186,1.270,0.693
2025-12-04T18:16:17.987831,-5.459,-2.185,1.270,0.683
2025-12-04T18:16:18.004842,-5.459,-2.185,1.270,0.672
2025-12-04T18:16:18.020591,-5.460,-2.184,1.270,0.661
2025-12-04T18:16:18.035189,-5.460,-2.184,1.270,0.650
2025-12-04T18:16:18.054205,-5.460,-2.183,1.270,0.639
2025-12-04T18:16:18.071923,-5.460,-2.183,1.270,0.628
2025-12-04T18:16:18.088972,-5.460,-2.182,1.270,0.617
2025-12-04T18:16:18.107138,-5.460,-2.182,1.270,0.605
2025-12-04T18:16:18.125620,-5.460,-2.181,1.270,0.594
2025-12-04T18:16:18.144164,-5.460,-2.181,1.270,0.582
2025-12-04T18:16:18.159600,-5.460,-2.180,1.270,0.571
2025-12-04T18:16:18.177685,-5.460,-2.180,1.270,0.559
2025-12-04T18:16:18.192950,-5.460,-2.180,1.270,0.547
2025-12-04T18:16:18.210568,-5.460,-2.179,1.270,0.535
2025-12-04T18:16:18.224100,-5.460,-2.179,1.270,0.522
2025-12-04T18:16:18.242156,-5.460,-2.178,1.270,0.510
2025-12-04T18:16:18.255925,-5.460,-2.178,1.270,0.498
2025-12-04T18:16:18.277673,-5.460,-2.178,1.270,0.485
2025-12-04T18:16:18.289628,-5.465,-2.185,1.270,0.485
2025-12-04T18:16:18.304118,-5.470,-2.192,1.270,0.485
2025-12-04T18:16:18.317893,-5.475,-2.200,1.270,0.485
2025-12-04T18:16:18.331714,-5.480,-2.207,1.270,0.485
2025-12-04T18:16:18.348732,-5.484,-2.214,1.270,0.485
2025-12-04T18:16:18.363915,-5.489,-2.222,1.270,0.485
2025-12-04T18:16:18.382494,-5.494,-2.229,1.270,0.485
2025-12-04T18:16:18.398992,-5.499,-2.237,1.270,0.485
2025-12-04T18:16:18.417104,-5.504,-2.244,1.270,0.485
2025-12-04T18:16:18.434987,-5.509,-2.252,1.270,0.485
2025-12-04T18:16:18.453892,-5.514,-2.259,1.270,0.485
2025-12-04T18:16:18.473677,-5.519,-2.267,1.270,0.485
2025-12-04T18:16:18.485958,-5.523,-2.275,1.270,0.485
2025-12-04T18:16:18.502045,-5.528,-2.282,1.270,0.485
2025-12-04T18:16:18.517506,-5.533,-2.290,1.270,0.485
2025-12-04T18:16:18.533677,-5.538,-2.298,1.270,0.485
2025-12-04T18:16:18.548406,-5.543,-2.305,1.270,0.485
2025-12-04T18:16:18.566158,-5.548,-2.313,1.270,0.485
2025-12-04T18:16:18.581436,-5.553,-2.321,1.270,0.485
2025-12-04T18:16:18.593538,-5.558,-2.328,1.270,0.485
2025-12-04T18:16:18.608956,-5.563,-2.336,1.270,0.485
2025-12-04T18:16:18.631847,-5.568,-2.344,1.270,0.485
2025-12-04T18:16:18.640753,-5.573,-2.352,1.270,0.485
2025-12-04T18:16:18.658278,-5.578,-2.360,1.270,0.485
2025-12-04T18:16:18.676896,-5.583,-2.367,1.270,0.485
2025-12-04T18:16:18.695215,-5.588,-2.375,1.270,0.485
2025-12-04T18:16:18.712819,-5.593,-2.383,1.270,0.485
2025-12-04T18:16:18.730838,-5.598,-2.391,1.270,0.485
2025-12-04T18:16:18.750081,-5.603,-2.399,1.270,0.485
2025-12-04T18:16:18.769733,-5.608,-2.407,1.270,0.485
2025-12-04T18:16:18.783324,-5.613,-2.415,1.270,0.485
2025-12-04T18:16:18.800627,-5.618,-2.423,1.270,0.485
2025-12-04T18:16:18.816499,-5.623,-2.430,1.270,0.485
2025-12-04T18:16:18.833110,-5.628,-2.438,1.270,0.485
2025-12-04T18:16:18.848989,-5.633,-2.446,1.270,0.485
2025-12-04T18:16:18.869986,-5.638,-2.454,1.270,0.485
2025-12-04T18:16:18.882733,-5.643,-2.462,1.270,0.485
2025-12-04T18:16:18.896984,-5.648,-2.470,1.270,0.485
2025-12-04T18:16:18.911888,-5.653,-2.478,1.270,0.485
2025-12-04T18:16:18.927557,-5.658,-2.486,1.270,0.485
2025-12-04T18:16:18.942841,-5.663,-2.494,1.270,0.485
2025-12-04T18:16:18.960418,-5.668,-2.502,1.270,0.485
2025-12-04T18:16:18.975204,-5.673,-2.510,1.270,0.485
2025-12-04T18:16:18.991834,-5.678,-2.518,1.270,0.485
2025-12-04T18:16:19.008433,-5.679,-2.519,1.270,0.472
2025-12-04T18:16:19.027503,-5.679,-2.519,1.270,0.460
2025-12-04T18:16:19.046903,-5.679,-2.520,1.270,0.447
2025-12-04T18:16:19.064636,-5.680,-2.520,1.270,0.434
2025-12-04T18:16:19.080158,-5.680,-2.520,1.270,0.421
2025-12-04T18:16:19.098637,-5.680,-2.521,1.270,0.408
2025-12-04T18:16:19.113410,-5.680,-2.521,1.270,0.395
2025-12-04T18:16:19.130408,-5.681,-2.521,1.270,0.381
2025-12-04T18:16:19.146294,-5.681,-2.522,1.270,0.368
2025-12-04T18:16:19.162031,-5.681,-2.522,1.270,0.355
2025-12-04T18:16:19.177238,-5.681,-2.522,1.270,0.341
2025-12-04T18:16:19.198560,-5.682,-2.523,1.270,0.327
2025-12-04T18:16:19.212646,-5.682,-2.523,1.270,0.314
2025-12-04T18:16:19.230535,-5.682,-2.523,1.270,0.300
2025-12-04T18:16:19.240391,-5.682,-2.523,1.270,0.286
2025-12-04T18:16:19.257038,-5.682,-2.524,1.270,0.273
2025-12-04T18:16:19.270995,-5.683,-2.524,1.270,0.259
2025-12-04T18:16:19.287502,-5.683,-2.524,1.270,0.245
2025-12-04T18:16:19.304032,-5.683,-2.524,1.270,0.231
2025-12-04T18:16:19.322113,-5.683,-2.525,1.270,0.217
2025-12-04T18:16:19.339163,-5.683,-2.525,1.270,0.203
2025-12-04T18:16:19.355469,-5.683,-2.525,1.270,0.188
2025-12-04T18:16:19.373757,-5.684,-2.525,1.270,0.174
2025-12-04T18:16:19.391212,-5.684,-2.525,1.270,0.160
2025-12-04T18:16:19.409026,-5.684,-2.526,1.270,0.146
2025-12-04T18:16:19.427051,-5.684,-2.526,1.270,0.132
2025-12-04T18:16:19.443754,-5.684,-2.526,1.270,0.117
2025-12-04T18:16:19.460533,-5.684,-2.526,1.270,0.103
2025-12-04T18:16:19.497088,-5.684,-2.526,1.270,0.089
2025-12-04T18:16:19.515909,-5.685,-2.526,1.270,0.074
2025-12-04T18:16:19.566315,-5.685,-2.527,1.270,0.060
2025-12-04T18:16:19.581955,-5.685,-2.527,1.270,0.046
2025-12-04T18:16:19.598478,-5.676,-2.526,1.270,0.046
2025-12-04T18:16:19.615804,-5.667,-2.525,1.270,0.046
2025-12-04T18:16:19.628448,-5.658,-2.525,1.270,0.046
2025-12-04T18:16:19.639828,-5.649,-2.524,1.270,0.046
2025-12-04T18:16:19.650097,-5.640,-2.523,1.270,0.046
2025-12-04T18:16:19.661902,-5.631,-2.523,1.270,0.046
2025-12-04T18:16:19.674877,-5.622,-2.522,1.270,0.046
2025-12-04T18:16:19.681793,-5.613,-2.521,1.270,0.046
2025-12-04T18:16:19.694639,-5.604,-2.520,1.270,0.046
2025-12-04T18:16:19.707230,-5.595,-2.520,1.270,0.046
2025-12-04T18:16:19.720364,-5.586,-2.519,1.270,0.046
2025-12-04T18:16:19.733299,-5.577,-2.518,1.270,0.046
2025-12-04T18:16:19.746465,-5.568,-2.517,1.270,0.046
2025-12-04T18:16:19.761305,-5.559,-2.517,1.270,0.046
2025-12-04T18:16:19.775217,-5.550,-2.516,1.270,0.046
2025-12-04T18:16:19.791273,-5.541,-2.515,1.270,0.046
2025-12-04T18:16:19.806584,-5.532,-2.514,1.270,0.046
2025-12-04T18:16:19.825162,-5.522,-2.514,1.270,0.046
2025-12-04T18:16:19.840823,-5.513,-2.513,1.270,0.046
2025-12-04T18:16:19.857311,-5.504,-2.512,1.270,0.046
2025-12-04T18:16:19.874816,-5.495,-2.511,1.270,0.046
2025-12-04T18:16:19.893240,-5.485,-2.511,1.270,0.046
2025-12-04T18:16:19.912785,-5.476,-2.510,1.270,0.046
2025-12-04T18:16:19.929925,-5.467,-2.509,1.270,0.046
2025-12-04T18:16:19.948055,-5.458,-2.508,1.270,0.046
2025-12-04T18:16:19.965318,-5.448,-2.507,1.270,0.046
2025-12-04T18:16:19.979764,-5.439,-2.507,1.270,0.046
2025-12-04T18:16:19.997440,-5.430,-2.506,1.270,0.046
2025-12-04T18:16:20.011784,-5.420,-2.505,1.270,0.046
2025-12-04T18:16:20.027824,-5.411,-2.504,1.270,0.046
2025-12-04T18:16:20.042172,-5.401,-2.503,1.270,0.046
2025-12-04T18:16:20.056539,-5.392,-2.503,1.270,0.046
2025-12-04T18:16:20.072661,-5.383,-2.502,1.270,0.046
2025-12-04T18:16:20.088042,-5.373,-2.501,1.270,0.046
2025-12-04T18:16:20.104251,-5.364,-2.500,1.270,0.046
2025-12-04T18:16:20.122544,-5.354,-2.499,1.270,0.046
2025-12-04T18:16:20.138909,-5.345,-2.499,1.270,0.046
2025-12-04T18:16:20.154825,-5.336,-2.498,1.270,0.046
2025-12-04T18:16:20.172943,-5.326,-2.497,1.270,0.046
2025-12-04T18:16:20.192689,-5.317,-2.496,1.270,0.046
2025-12-04T18:16:20.210496,-5.307,-2.495,1.270,0.046
2025-12-04T18:16:20.228391,-5.298,-2.494,1.270,0.046
2025-12-04T18:16:20.246928,-5.288,-2.494,1.270,0.046
2025-12-04T18:16:20.265478,-5.279,-2.493,1.270,0.046
2025-12-04T18:16:20.280183,-5.269,-2.492,1.270,0.046
2025-12-04T18:16:20.297382,-5.260,-2.491,1.270,0.046
2025-12-04T18:16:20.312813,-5.250,-2.490,1.270,0.046
2025-12-04T18:16:20.329205,-5.241,-2.489,1.270,0.046
2025-12-04T18:16:20.342987,-5.231,-2.488,1.270,0.046
2025-12-04T18:16:20.359767,-5.222,-2.488,1.270,0.046
2025-12-04T18:16:20.371920,-5.212,-2.487,1.270,0.046
2025-12-04T18:16:20.386218,-5.203,-2.486,1.270,0.046
2025-12-04T18:16:20.400467,-5.193,-2.485,1.270,0.046
2025-12-04T18:16:20.417728,-5.184,-2.484,1.270,0.046
2025-12-04T18:16:20.431609,-5.174,-2.483,1.270,0.046
2025-12-04T18:16:20.453930,-5.165,-2.483,1.270,0.046
2025-12-04T18:16:20.468464,-5.155,-2.482,1.270,0.046
2025-12-04T18:16:20.483571,-5.146,-2.481,1.270,0.046
2025-12-04T18:16:20.501221,-5.136,-2.480,1.270,0.046
2025-12-04T18:16:20.517969,-5.126,-2.479,1.270,0.046
2025-12-04T18:16:20.535777,-5.117,-2.478,1.270,0.046
2025-12-04T18:16:20.551113,-5.125,-2.479,1.270,0.046
2025-12-04T18:16:20.568756,-5.133,-2.480,1.270,0.046
2025-12-04T18:16:20.584416,-5.142,-2.481,1.270,0.046
2025-12-04T18:16:20.600143,-5.150,-2.481,1.270,0.046
2025-12-04T18:16:20.613333,-5.159,-2.482,1.270,0.046
2025-12-04T18:16:20.627045,-5.167,-2.483,1.270,0.046
2025-12-04T18:16:20.644253,-5.176,-2.484,1.270,0.046
2025-12-04T18:16:20.663305,-5.184,-2.485,1.270,0.046
2025-12-04T18:16:20.678146,-5.193,-2.485,1.270,0.046
2025-12-04T18:16:20.694746,-5.202,-2.486,1.270,0.046
2025-12-04T18:16:20.712759,-5.210,-2.487,1.270,0.046
2025-12-04T18:16:20.729335,-5.219,-2.488,1.270,0.046
2025-12-04T18:16:20.748671,-5.228,-2.489,1.270,0.046
2025-12-04T18:16:20.764142,-5.236,-2.489,1.270,0.046
2025-12-04T18:16:20.781965,-5.245,-2.490,1.270,0.046
2025-12-04T18:16:20.798904,-5.254,-2.491,1.270,0.046
2025-12-04T18:16:20.815888,-5.263,-2.492,1.270,0.046
2025-12-04T18:16:20.833332,-5.272,-2.493,1.270,0.046
2025-12-04T18:16:20.848632,-5.281,-2.493,1.270,0.046
2025-12-04T18:16:20.865039,-5.290,-2.494,1.270,0.046
2025-12-04T18:16:20.878224,-5.299,-2.495,1.270,0.046
2025-12-04T18:16:20.893898,-5.308,-2.496,1.270,0.046
2025-12-04T18:16:20.911867,-5.317,-2.497,1.270,0.046
2025-12-04T18:16:20.929105,-5.326,-2.498,1.270,0.046
2025-12-04T18:16:20.944077,-5.335,-2.498,1.270,0.046
2025-12-04T18:16:20.963081,-5.344,-2.499,1.270,0.046
2025-12-04T18:16:20.982865,-5.353,-2.500,1.270,0.046
2025-12-04T18:16:20.996633,-5.362,-2.501,1.270,0.046
2025-12-04T18:16:21.015422,-5.362,-2.501,1.270,0.031
2025-12-04T18:16:21.032187,-5.363,-2.501,1.270,0.017
2025-12-04T18:16:21.051241,-5.363,-2.501,1.270,0.002
2025-12-04T18:16:21.067263,-5.363,-2.501,1.270,-0.012
2025-12-04T18:16:21.083586,-5.363,-2.501,1.270,-0.026
2025-12-04T18:16:21.099674,-5.363,-2.501,1.270,-0.041
2025-12-04T18:16:21.115789,-5.364,-2.501,1.270,-0.055
2025-12-04T18:16:21.130510,-5.364,-2.501,1.270,-0.070
2025-12-04T18:16:21.145249,-5.364,-2.501,1.270,-0.084
2025-12-04T18:16:21.161716,-5.364,-2.501,1.270,-0.098
2025-12-04T18:16:21.177856,-5.364,-2.501,1.270,-0.113
2025-12-04T18:16:21.194056,-5.364,-2.501,1.270,-0.127
2025-12-04T18:16:21.209795,-5.365,-2.501,1.270,-0.141
2025-12-04T18:16:21.227690,-5.365,-2.501,1.270,-0.155
2025-12-04T18:16:21.247078,-5.365,-2.501,1.270,-0.170
2025-12-04T18:16:21.263455,-5.365,-2.501,1.270,-0.184
2025-12-04T18:16:21.279711,-5.365,-2.501,1.270,-0.198
2025-12-04T18:16:21.298850,-5.365,-2.501,1.270,-0.212
2025-12-04T18:16:21.316680,-5.365,-2.501,1.270,-0.226
2025-12-04T18:16:21.334017,-5.365,-2.501,1.270,-0.240
2025-12-04T18:16:21.358488,-5.366,-2.501,1.270,-0.254
2025-12-04T18:16:21.372009,-5.366,-2.501,1.270,-0.268
2025-12-04T18:16:21.387391,-5.366,-2.501,1.270,-0.282
2025-12-04T18:16:21.401919,-5.358,-2.506,1.270,-0.282
2025-12-04T18:16:21.416660,-5.351,-2.511,1.270,-0.282
2025-12-04T18:16:21.428726,-5.343,-2.516,1.270,-0.282
2025-12-04T18:16:21.444119,-5.336,-2.521,1.270,-0.282
2025-12-04T18:16:21.458580,-5.328,-2.526,1.270,-0.282
2025-12-04T18:16:21.474072,-5.321,-2.531,1.270,-0.282
2025-12-04T18:16:21.489910,-5.313,-2.536,1.270,-0.282
2025-12-04T18:16:21.509651,-5.306,-2.541,1.270,-0.282
2025-12-04T18:16:21.524610,-5.298,-2.546,1.270,-0.282
2025-12-04T18:16:21.540085,-5.290,-2.551,1.270,-0.282
2025-12-04T18:16:21.558193,-5.283,-2.555,1.270,-0.282
2025-12-04T18:16:21.576104,-5.275,-2.560,1.270,-0.282
2025-12-04T18:16:21.595804,-5.267,-2.565,1.270,-0.282
2025-12-04T18:16:21.612991,-5.260,-2.570,1.270,-0.282
2025-12-04T18:16:21.632209,-5.252,-2.575,1.270,-0.282
2025-12-04T18:16:21.647860,-5.244,-2.580,1.270,-0.282
2025-12-04T18:16:21.664716,-5.236,-2.586,1.270,-0.282
2025-12-04T18:16:21.685063,-5.229,-2.591,1.270,-0.282
2025-12-04T18:16:21.702398,-5.221,-2.596,1.270,-0.282
2025-12-04T18:16:21.718854,-5.213,-2.601,1.270,-0.282
2025-12-04T18:16:21.730788,-5.205,-2.606,1.270,-0.282
2025-12-04T18:16:21.745203,-5.197,-2.611,1.270,-0.282
2025-12-04T18:16:21.757817,-5.190,-2.616,1.270,-0.282
2025-12-04T18:16:21.771831,-5.182,-2.621,1.270,-0.282
2025-12-04T18:16:21.785281,-5.174,-2.626,1.270,-0.282
2025-12-04T18:16:21.801842,-5.166,-2.631,1.270,-0.282
2025-12-04T18:16:21.817950,-5.158,-2.636,1.270,-0.282
2025-12-04T18:16:21.835070,-5.150,-2.641,1.270,-0.282
2025-12-04T18:16:21.850990,-5.142,-2.646,1.270,-0.282
2025-12-04T18:16:21.868952,-5.135,-2.651,1.270,-0.282
2025-12-04T18:16:21.886872,-5.127,-2.657,1.270,-0.282
2025-12-04T18:16:21.903695,-5.119,-2.662,1.270,-0.282
2025-12-04T18:16:21.921603,-5.111,-2.667,1.270,-0.282
2025-12-04T18:16:21.938100,-5.103,-2.672,1.270,-0.282
2025-12-04T18:16:21.955143,-5.095,-2.677,1.270,-0.282
2025-12-04T18:16:21.972547,-5.087,-2.682,1.270,-0.282
2025-12-04T18:16:21.993213,-5.079,-2.687,1.270,-0.282
2025-12-04T18:16:22.010011,-5.071,-2.692,1.270,-0.282
2025-12-04T18:16:22.027100,-5.063,-2.698,1.270,-0.282
2025-12-04T18:16:22.042687,-5.055,-2.703,1.270,-0.282
2025-12-04T18:16:22.057784,-5.047,-2.708,1.270,-0.282
2025-12-04T18:16:22.072418,-5.039,-2.713,1.270,-0.282
2025-12-04T18:16:22.087010,-5.031,-2.718,1.270,-0.282
2025-12-04T18:16:22.102686,-5.023,-2.723,1.270,-0.282
2025-12-04T18:16:22.119242,-5.015,-2.729,1.270,-0.282
2025-12-04T18:16:22.135435,-5.007,-2.734,1.270,-0.282
2025-12-04T18:16:22.152722,-4.999,-2.739,1.270,-0.282
2025-12-04T18:16:22.170637,-4.991,-2.744,1.270,-0.282
2025-12-04T18:16:22.188830,-4.983,-2.749,1.270,-0.282
2025-12-04T18:16:22.205807,-4.975,-2.754,1.270,-0.282
2025-12-04T18:16:22.223199,-4.967,-2.760,1.270,-0.282
2025-12-04T18:16:22.241106,-4.959,-2.765,1.270,-0.282
2025-12-04T18:16:22.262493,-4.951,-2.770,1.270,-0.282
2025-12-04T18:16:22.275340,-4.943,-2.775,1.270,-0.282
2025-12-04T18:16:22.298523,-4.935,-2.780,1.270,-0.282
2025-12-04T18:16:22.312568,-4.927,-2.786,1.270,-0.282
2025-12-04T18:16:22.327866,-4.918,-2.791,1.270,-0.282
2025-12-04T18:16:22.343184,-4.910,-2.796,1.270,-0.282
2025-12-04T18:16:22.357627,-4.902,-2.801,1.270,-0.282
2025-12-04T18:16:22.373616,-4.894,-2.806,1.270,-0.282
2025-12-04T18:16:22.392633,-4.886,-2.812,1.270,-0.282
2025-12-04T18:16:22.405480,-4.878,-2.817,1.270,-0.282
2025-12-04T18:16:22.421373,-4.870,-2.822,1.270,-0.282
2025-12-04T18:16:22.435749,-4.862,-2.827,1.270,-0.282
2025-12-04T18:16:22.450766,-4.854,-2.832,1.270,-0.282
2025-12-04T18:16:22.479692,-4.846,-2.838,1.270,-0.282
2025-12-04T18:16:22.498976,-4.838,-2.843,1.270,-0.282
2025-12-04T18:16:22.509031,-4.837,-2.843,1.270,-0.296
2025-12-04T18:16:22.525149,-4.837,-2.844,1.270,-0.309
2025-12-04T18:16:22.540130,-4.836,-2.844,1.270,-0.323
2025-12-04T18:16:22.555633,-4.836,-2.844,1.270,-0.337
2025-12-04T18:16:22.568807,-4.835,-2.845,1.270,-0.350
2025-12-04T18:16:22.582239,-4.835,-2.845,1.270,-0.363
2025-12-04T18:16:22.594874,-4.834,-2.845,1.270,-0.377
2025-12-04T18:16:22.607196,-4.834,-2.845,1.270,-0.390
2025-12-04T18:16:22.622098,-4.833,-2.846,1.270,-0.403
2025-12-04T18:16:22.636095,-4.833,-2.846,1.270,-0.417
2025-12-04T18:16:22.650315,-4.832,-2.846,1.270,-0.430
2025-12-04T18:16:22.666487,-4.832,-2.846,1.270,-0.443
2025-12-04T18:16:22.683180,-4.832,-2.847,1.270,-0.455
2025-12-04T18:16:22.698695,-4.831,-2.847,1.270,-0.468
2025-12-04T18:16:22.717810,-4.831,-2.847,1.270,-0.481
2025-12-04T18:16:22.737711,-4.831,-2.847,1.270,-0.493
2025-12-04T18:16:22.755174,-4.830,-2.848,1.270,-0.506
2025-12-04T18:16:22.773547,-4.830,-2.848,1.270,-0.518
2025-12-04T18:16:22.791718,-4.830,-2.848,1.270,-0.531
2025-12-04T18:16:22.810588,-4.829,-2.848,1.270,-0.543
2025-12-04T18:16:22.827728,-4.829,-2.848,1.270,-0.555
2025-12-04T18:16:22.841128,-4.829,-2.849,1.270,-0.567
2025-12-04T18:16:22.856944,-4.829,-2.849,1.270,-0.578
2025-12-04T18:16:22.870975,-4.828,-2.849,1.270,-0.590
2025-12-04T18:16:22.884807,-4.828,-2.849,1.270,-0.602
2025-12-04T18:16:22.904273,-4.828,-2.849,1.270,-0.613
2025-12-04T18:16:22.916921,-4.828,-2.849,1.270,-0.624
2025-12-04T18:16:22.930233,-4.827,-2.850,1.270,-0.636
2025-12-04T18:16:22.947186,-4.827,-2.850,1.270,-0.647
2025-12-04T18:16:22.962219,-4.827,-2.850,1.270,-0.658
2025-12-04T18:16:22.977981,-4.827,-2.850,1.270,-0.668
2025-12-04T18:16:22.994312,-4.827,-2.850,1.270,-0.679
2025-12-04T18:16:23.011548,-4.826,-2.850,1.270,-0.690
2025-12-04T18:16:23.027970,-4.826,-2.850,1.270,-0.700
2025-12-04T18:16:23.046334,-4.826,-2.850,1.270,-0.710
2025-12-04T18:16:23.064242,-4.826,-2.851,1.270,-0.720
2025-12-04T18:16:23.084621,-4.826,-2.851,1.270,-0.730
2025-12-04T18:16:23.101611,-4.826,-2.851,1.270,-0.740
2025-12-04T18:16:23.121039,-4.825,-2.851,1.270,-0.749
2025-12-04T18:16:23.137652,-4.825,-2.851,1.270,-0.759
2025-12-04T18:16:23.153576,-4.825,-2.851,1.270,-0.768
2025-12-04T18:16:23.170265,-4.825,-2.851,1.270,-0.777
2025-12-04T18:16:23.186532,-4.825,-2.851,1.270,-0.786
2025-12-04T18:16:23.208972,-4.825,-2.851,1.270,-0.795
2025-12-04T18:16:23.221258,-4.827,-2.860,1.270,-0.795
2025-12-04T18:16:23.236674,-4.829,-2.869,1.270,-0.795
2025-12-04T18:16:23.249875,-4.831,-2.878,1.270,-0.795
2025-12-04T18:16:23.263644,-4.834,-2.886,1.270,-0.795
2025-12-04T18:16:23.278730,-4.836,-2.895,1.270,-0.795
2025-12-04T18:16:23.293441,-4.838,-2.904,1.270,-0.795
2025-12-04T18:16:23.309870,-4.841,-2.913,1.270,-0.795
2025-12-04T18:16:23.326686,-4.843,-2.922,1.270,-0.795
2025-12-04T18:16:23.344129,-4.845,-2.931,1.270,-0.795
2025-12-04T18:16:23.361744,-4.848,-2.939,1.270,-0.795
2025-12-04T18:16:23.379384,-4.850,-2.948,1.270,-0.795
2025-12-04T18:16:23.396195,-4.852,-2.957,1.270,-0.795
2025-12-04T18:16:23.414889,-4.855,-2.966,1.270,-0.795
2025-12-04T18:16:23.431980,-4.857,-2.975,1.270,-0.795
2025-12-04T18:16:23.450527,-4.859,-2.984,1.270,-0.795
2025-12-04T18:16:23.467781,-4.862,-2.993,1.270,-0.795
2025-12-04T18:16:23.483982,-4.864,-3.002,1.270,-0.795
2025-12-04T18:16:23.500376,-4.867,-3.011,1.270,-0.795
2025-12-04T18:16:23.514827,-4.869,-3.020,1.270,-0.795
2025-12-04T18:16:23.529907,-4.871,-3.029,1.270,-0.795
2025-12-04T18:16:23.544678,-4.874,-3.038,1.270,-0.795
2025-12-04T18:16:23.559774,-4.876,-3.047,1.270,-0.795
2025-12-04T18:16:23.576317,-4.879,-3.056,1.270,-0.795
2025-12-04T18:16:23.592125,-4.881,-3.065,1.270,-0.795
2025-12-04T18:16:23.608135,-4.883,-3.074,1.270,-0.795
2025-12-04T18:16:23.624603,-4.886,-3.084,1.270,-0.795
2025-12-04T18:16:23.641941,-4.888,-3.093,1.270,-0.795
2025-12-04T18:16:23.658796,-4.891,-3.102,1.270,-0.795
2025-12-04T18:16:23.680388,-4.893,-3.111,1.270,-0.795
2025-12-04T18:16:23.693559,-4.896,-3.120,1.270,-0.795
2025-12-04T18:16:23.708875,-4.898,-3.129,1.270,-0.795
2025-12-04T18:16:23.724708,-4.901,-3.138,1.270,-0.795
2025-12-04T18:16:23.741434,-4.903,-3.148,1.270,-0.795
2025-12-04T18:16:23.759157,-4.905,-3.157,1.270,-0.795
2025-12-04T18:16:23.775508,-4.908,-3.166,1.270,-0.795
2025-12-04T18:16:23.788592,-4.910,-3.175,1.270,-0.795
2025-12-04T18:16:23.803100,-4.913,-3.184,1.270,-0.795
2025-12-04T18:16:23.822269,-4.915,-3.193,1.270,-0.795
2025-12-04T18:16:23.835195,-4.918,-3.203,1.270,-0.795
2025-12-04T18:16:23.852243,-4.920,-3.212,1.270,-0.795
2025-12-04T18:16:23.869489,-4.923,-3.221,1.270,-0.795
2025-12-04T18:16:23.886442,-4.925,-3.230,1.270,-0.795
2025-12-04T18:16:23.902687,-4.928,-3.239,1.270,-0.795
2025-12-04T18:16:23.919439,-4.930,-3.249,1.270,-0.795
2025-12-04T18:16:23.937302,-4.933,-3.258,1.270,-0.795
2025-12-04T18:16:23.955665,-4.935,-3.267,1.270,-0.795
2025-12-04T18:16:23.972449,-4.938,-3.276,1.270,-0.795
2025-12-04T18:16:23.990186,-4.940,-3.286,1.270,-0.795
2025-12-04T18:16:24.007082,-4.943,-3.295,1.270,-0.795
2025-12-04T18:16:24.024070,-4.945,-3.304,1.270,-0.795
2025-12-04T18:16:24.038999,-4.948,-3.313,1.270,-0.795
2025-12-04T18:16:24.056805,-4.950,-3.323,1.270,-0.795
2025-12-04T18:16:24.070113,-4.953,-3.332,1.270,-0.795
2025-12-04T18:16:24.085184,-4.955,-3.341,1.270,-0.795
2025-12-04T18:16:24.100318,-4.958,-3.350,1.270,-0.795
2025-12-04T18:16:24.117713,-4.960,-3.360,1.270,-0.795
2025-12-04T18:16:24.132815,-4.963,-3.369,1.270,-0.795
2025-12-04T18:16:24.149900,-4.965,-3.378,1.270,-0.795
2025-12-04T18:16:24.168973,-4.968,-3.387,1.270,-0.795
2025-12-04T18:16:24.186244,-4.971,-3.397,1.270,-0.795
2025-12-04T18:16:24.204936,-4.973,-3.406,1.270,-0.795
2025-12-04T18:16:24.222469,-4.976,-3.415,1.270,-0.795
2025-12-04T18:16:24.239473,-4.978,-3.425,1.270,-0.795
2025-12-04T18:16:24.258610,-4.981,-3.434,1.270,-0.795
2025-12-04T18:16:24.274933,-4.983,-3.443,1.270,-0.795
2025-12-04T18:16:24.292728,-4.986,-3.453,1.270,-0.795
2025-12-04T18:16:24.309156,-4.988,-3.462,1.270,-0.795
2025-12-04T18:16:24.323886,-4.991,-3.471,1.270,-0.795
2025-12-04T18:16:24.338546,-4.993,-3.480,1.270,-0.795
2025-12-04T18:16:24.354955,-4.996,-3.490,1.270,-0.795
2025-12-04T18:16:24.370616,-4.998,-3.499,1.270,-0.795
2025-12-04T18:16:24.384726,-5.001,-3.508,1.270,-0.795
2025-12-04T18:16:24.401873,-5.003,-3.518,1.270,-0.795
2025-12-04T18:16:24.419469,-5.006,-3.527,1.270,-0.795
2025-12-04T18:16:24.435583,-5.009,-3.536,1.270,-0.795
2025-12-04T18:16:24.452636,-5.011,-3.546,1.270,-0.795
2025-12-04T18:16:24.471934,-5.014,-3.555,1.270,-0.795
2025-12-04T18:16:24.485155,-5.016,-3.564,1.270,-0.795
2025-12-04T18:16:24.502436,-5.019,-3.574,1.270,-0.795
2025-12-04T18:16:24.520925,-5.021,-3.583,1.270,-0.795
2025-12-04T18:16:24.535890,-5.024,-3.592,1.270,-0.795
2025-12-04T18:16:24.552393,-5.026,-3.602,1.270,-0.795
2025-12-04T18:16:24.566213,-5.029,-3.611,1.270,-0.795
2025-12-04T18:16:24.582990,-5.031,-3.620,1.270,-0.795
2025-12-04T18:16:24.598599,-5.034,-3.629,1.270,-0.795
2025-12-04T18:16:24.614162,-5.036,-3.638,1.270,-0.795
2025-12-04T18:16:24.631300,-5.038,-3.646,1.270,-0.795
2025-12-04T18:16:24.647206,-5.039,-3.655,1.270,-0.795
2025-12-04T18:16:24.667513,-5.041,-3.663,1.270,-0.795
2025-12-04T18:16:24.683689,-5.042,-3.671,1.270,-0.795
2025-12-04T18:16:24.703681,-5.043,-3.679,1.270,-0.795
2025-12-04T18:16:24.721175,-5.044,-3.687,1.270,-0.795
2025-12-04T18:16:24.738100,-5.045,-3.695,1.270,-0.795
2025-12-04T18:16:24.753818,-5.045,-3.702,1.270,-0.795
2025-12-04T18:16:24.770720,-5.045,-3.709,1.270,-0.795
2025-12-04T18:16:24.789832,-5.045,-3.715,1.270,-0.795
2025-12-04T18:16:24.801529,-5.044,-3.722,1.270,-0.795
2025-12-04T18:16:24.823097,-5.043,-3.727,1.270,-0.795
2025-12-04T18:16:24.832280,-5.041,-3.733,1.270,-0.795
2025-12-04T18:16:24.848824,-5.040,-3.738,1.270,-0.795
2025-12-04T18:16:24.863647,-5.038,-3.743,1.270,-0.795
2025-12-04T18:16:24.878670,-5.035,-3.748,1.270,-0.795
2025-12-04T18:16:24.898831,-5.032,-3.753,1.270,-0.795
2025-12-04T18:16:24.913418,-5.029,-3.757,1.270,-0.795
2025-12-04T18:16:24.932104,-5.025,-3.761,1.270,-0.795
2025-12-04T18:16:24.949277,-5.021,-3.765,1.270,-0.795
2025-12-04T18:16:24.966487,-5.016,-3.769,1.270,-0.795
2025-12-04T18:16:24.982037,-5.011,-3.772,1.270,-0.795
2025-12-04T18:16:24.999725,-5.006,-3.776,1.270,-0.795
2025-12-04T18:16:25.018382,-5.001,-3.780,1.270,-0.795
2025-12-04T18:16:25.033096,-4.995,-3.783,1.270,-0.795
2025-12-04T18:16:25.053294,-4.989,-3.787,1.270,-0.795
2025-12-04T18:16:25.067275,-4.983,-3.791,1.270,-0.795
2025-12-04T18:16:25.080385,-4.977,-3.795,1.270,-0.795
2025-12-04T18:16:25.094815,-4.970,-3.799,1.270,-0.795
2025-12-04T18:16:25.110503,-4.964,-3.803,1.270,-0.795
2025-12-04T18:16:25.126532,-4.957,-3.807,1.270,-0.795
2025-12-04T18:16:25.141893,-4.951,-3.812,1.270,-0.795
2025-12-04T18:16:25.158759,-4.944,-3.816,1.270,-0.795
2025-12-04T18:16:25.175233,-4.938,-3.821,1.270,-0.795
2025-12-04T18:16:25.195823,-4.932,-3.826,1.270,-0.795
2025-12-04T18:16:25.211991,-4.926,-3.831,1.270,-0.795
2025-12-04T18:16:25.230413,-4.920,-3.836,1.270,-0.795
2025-12-04T18:16:25.248942,-4.914,-3.842,1.270,-0.795
2025-12-04T18:16:25.268144,-4.909,-3.847,1.270,-0.795
2025-12-04T18:16:25.286666,-4.903,-3.853,1.270,-0.795
2025-12-04T18:16:25.303820,-4.898,-3.859,1.270,-0.795
2025-12-04T18:16:25.321108,-4.894,-3.865,1.270,-0.795
2025-12-04T18:16:25.339121,-4.889,-3.871,1.270,-0.795
2025-12-04T18:16:25.363909,-4.885,-3.877,1.270,-0.795
2025-12-04T18:16:25.379094,-4.881,-3.883,1.270,-0.795
2025-12-04T18:16:25.395668,-4.878,-3.890,1.270,-0.795
2025-12-04T18:16:25.410392,-4.874,-3.896,1.270,-0.795
2025-12-04T18:16:25.424327,-4.871,-3.903,1.270,-0.795
2025-12-04T18:16:25.437528,-4.868,-3.910,1.270,-0.795
2025-12-04T18:16:25.450961,-4.865,-3.916,1.270,-0.795
2025-12-04T18:16:25.464508,-4.862,-3.923,1.270,-0.795
2025-12-04T18:16:25.478179,-4.860,-3.930,1.270,-0.795
2025-12-04T18:16:25.493440,-4.857,-3.937,1.270,-0.795
2025-12-04T18:16:25.507609,-4.855,-3.945,1.270,-0.795
2025-12-04T18:16:25.523323,-4.853,-3.952,1.270,-0.795
2025-12-04T18:16:25.540391,-4.851,-3.959,1.270,-0.795
2025-12-04T18:16:25.557327,-4.849,-3.967,1.270,-0.795
2025-12-04T18:16:25.573903,-4.848,-3.974,1.270,-0.795
2025-12-04T18:16:25.591273,-4.846,-3.982,1.270,-0.795
2025-12-04T18:16:25.608450,-4.845,-3.989,1.270,-0.795
2025-12-04T18:16:25.627084,-4.844,-3.997,1.270,-0.795
2025-12-04T18:16:25.645728,-4.843,-4.004,1.270,-0.795
2025-12-04T18:16:25.662747,-4.842,-4.012,1.270,-0.795
2025-12-04T18:16:25.676865,-4.841,-4.020,1.270,-0.795
2025-12-04T18:16:25.693917,-4.841,-4.020,1.270,-0.795
2025-12-04T18:16:25.710546,-4.841,-4.020,1.270,-0.795
2025-12-04T18:16:25.726871,-4.841,-4.020,1.270,-0.795
2025-12-04T18:16:25.742218,-4.841,-4.020,1.270,-0.795
2025-12-04T18:16:25.756523,-4.841,-4.020,1.270,-0.795
2025-12-04T18:16:25.771001,-4.841,-4.020,1.270,-0.795
2025-12-04T18:16:25.787952,-4.841,-4.020,1.270,-0.795
2025-12-04T18:16:25.804451,-4.841,-4.020,1.270,-0.795
2025-12-04T18:16:25.819671,-4.841,-4.020,1.270,-0.795
2025-12-04T18:16:25.838012,-4.841,-4.020,1.270,-0.795
2025-12-04T18:16:25.856201,-4.841,-4.020,1.270,-0.795
2025-12-04T18:16:25.873269,-4.841,-4.020,1.270,-0.795
2025-12-04T18:16:25.891179,-4.841,-4.020,1.270,-0.795
2025-12-04T18:16:25.909359,-4.841,-4.020,1.270,-0.795
2025-12-04T18:16:25.926511,-4.841,-4.020,1.270,-0.795
2025-12-04T18:16:25.942834,-4.841,-4.020,1.270,-0.795
2025-12-04T18:16:25.960176,-4.841,-4.020,1.270,-0.795
2025-12-04T18:16:25.980062,-4.841,-4.020,1.270,-0.795
2025-12-04T18:16:25.995097,-4.841,-4.020,1.270,-0.795
2025-12-04T18:16:26.009302,-4.841,-4.020,1.270,-0.795
2025-12-04T18:16:26.025562,-4.841,-4.020,1.270,-0.795
2025-12-04T18:16:26.039709,-4.841,-4.020,1.270,-0.795
2025-12-04T18:16:26.053830,-4.841,-4.020,1.270,-0.795
2025-12-04T18:16:26.065715,-4.841,-4.020,1.270,-0.795
2025-12-04T18:16:26.080066,-4.841,-4.020,1.270,-0.795
2025-12-04T18:16:26.095278,-4.841,-4.020,1.270,-0.795
2025-12-04T18:16:26.110876,-4.841,-4.020,1.270,-0.795
2025-12-04T18:16:26.125406,-4.841,-4.020,1.270,-0.795
2025-12-04T18:16:26.141599,-4.841,-4.020,1.270,-0.795
2025-12-04T18:16:26.158284,-4.841,-4.020,1.270,-0.795
2025-12-04T18:16:26.176135,-4.841,-4.020,1.270,-0.795
2025-12-04T18:16:26.192548,-4.841,-4.020,1.270,-0.795
2025-12-04T18:16:26.209470,-4.841,-4.020,1.270,-0.795
2025-12-04T18:16:26.230033,-4.841,-4.020,1.270,-0.795
2025-12-04T18:16:26.245866,-4.841,-4.020,1.270,-0.795
2025-12-04T18:16:26.266027,-4.841,-4.020,1.270,-0.795
2025-12-04T18:16:26.282893,-4.841,-4.020,1.270,-0.795
2025-12-04T18:16:26.298031,-4.841,-4.020,1.270,-0.795
2025-12-04T18:16:26.315551,-4.841,-4.020,1.270,-0.795
2025-12-04T18:16:26.330250,-4.841,-4.020,1.270,-0.795
2025-12-04T18:16:26.345814,-4.841,-4.020,1.270,-0.795
2025-12-04T18:16:26.360915,-4.841,-4.020,1.270,-0.795
2025-12-04T18:16:26.377018,-4.841,-4.020,1.270,-0.795
2025-12-04T18:16:26.391737,-4.841,-4.020,1.270,-0.795
2025-12-04T18:16:26.408739,-4.841,-4.020,1.270,-0.795
2025-12-04T18:16:26.425272,-4.841,-4.020,1.270,-0.795
2025-12-04T18:16:26.443193,-4.841,-4.020,1.270,-0.795
2025-12-04T18:16:26.458937,-4.841,-4.020,1.270,-0.795
2025-12-04T18:16:26.476397,-4.841,-4.020,1.270,-0.795
2025-12-04T18:16:26.492812,-4.841,-4.020,1.270,-0.795
2025-12-04T18:16:26.509294,-4.841,-4.020,1.270,-0.795
2025-12-04T18:16:26.526051,-4.841,-4.020,1.270,-0.795
2025-12-04T18:16:26.542846,-4.841,-4.020,1.270,-0.795
2025-12-04T18:16:26.559174,-4.841,-4.020,1.270,-0.795
2025-12-04T18:16:26.575996,-4.841,-4.020,1.270,-0.795
2025-12-04T18:16:26.591802,-4.841,-4.020,1.270,-0.795
2025-12-04T18:16:26.607726,-4.841,-4.020,1.270,-0.795
2025-12-04T18:16:26.621232,-4.841,-4.020,1.270,-0.795
2025-12-04T18:16:26.636429,-4.841,-4.020,1.270,-0.795
2025-12-04T18:16:26.651429,-4.841,-4.020,1.270,-0.795
2025-12-04T18:16:26.667337,-4.841,-4.020,1.270,-0.795
2025-12-04T18:16:26.683706,-4.841,-4.020,1.270,-0.795
2025-12-04T18:16:26.701908,-4.841,-4.020,1.270,-0.795
2025-12-04T18:16:26.719934,-4.841,-4.020,1.270,-0.795
2025-12-04T18:16:26.737456,-4.841,-4.020,1.270,-0.795
2025-12-04T18:16:26.757100,-4.841,-4.020,1.270,-0.795
2025-12-04T18:16:26.774084,-4.841,-4.020,1.270,-0.795
2025-12-04T18:16:26.791444,-4.841,-4.020,1.270,-0.795
2025-12-04T18:16:26.808212,-4.841,-4.020,1.270,-0.795
2025-12-04T18:16:26.826319,-4.841,-4.020,1.270,-0.795
2025-12-04T18:16:26.842450,-4.841,-4.020,1.270,-0.795
2025-12-04T18:16:26.857186,-4.841,-4.020,1.270,-0.795
2025-12-04T18:16:26.873565,-4.841,-4.020,1.270,-0.795
2025-12-04T18:16:26.888564,-4.841,-4.020,1.270,-0.795
2025-12-04T18:16:26.902276,-4.841,-4.020,1.270,-0.795
2025-12-04T18:16:26.916589,-4.841,-4.020,1.270,-0.795
2025-12-04T18:16:26.932608,-4.841,-4.020,1.270,-0.795
2025-12-04T18:16:26.948055,-4.841,-4.020,1.270,-0.795
2025-12-04T18:16:26.964989,-4.841,-4.020,1.270,-0.795
2025-12-04T18:16:26.981753,-4.841,-4.020,1.270,-0.795
2025-12-04T18:16:26.999819,-4.841,-4.020,1.270,-0.795
2025-12-04T18:16:27.019473,-4.841,-4.020,1.270,-0.795
2025-12-04T18:16:27.037433,-4.841,-4.020,1.270,-0.795
2025-12-04T18:16:27.054629,-4.841,-4.020,1.270,-0.795
2025-12-04T18:16:27.069904,-4.841,-4.020,1.270,-0.795
2025-12-04T18:16:27.089424,-4.841,-4.020,1.270,-0.795
2025-12-04T18:16:27.102797,-4.841,-4.020,1.270,-0.795
2025-12-04T18:16:27.118511,-4.841,-4.020,1.270,-0.795
2025-12-04T18:16:27.133102,-4.841,-4.020,1.270,-0.795
2025-12-04T18:16:27.149239,-4.841,-4.020,1.270,-0.795
2025-12-04T18:16:27.164745,-4.841,-4.020,1.270,-0.795
2025-12-04T18:16:27.180614,-4.841,-4.020,1.270,-0.795
2025-12-04T18:16:27.197543,-4.841,-4.020,1.270,-0.795
2025-12-04T18:16:27.217496,-4.841,-4.020,1.270,-0.795
2025-12-04T18:16:27.233821,-4.841,-4.020,1.270,-0.795
2025-12-04T18:16:27.251683,-4.841,-4.020,1.270,-0.795
2025-12-04T18:16:27.267719,-4.841,-4.020,1.270,-0.795
2025-12-04T18:16:27.284181,-4.841,-4.020,1.270,-0.795
2025-12-04T18:16:27.300888,-4.841,-4.020,1.270,-0.795
2025-12-04T18:16:27.315855,-4.841,-4.020,1.270,-0.795
2025-12-04T18:16:27.331047,-4.841,-4.020,1.270,-0.795
2025-12-04T18:16:27.346595,-4.841,-4.020,1.270,-0.795
2025-12-04T18:16:27.360718,-4.841,-4.020,1.270,-0.795
2025-12-04T18:16:27.376794,-4.841,-4.020,1.270,-0.795
2025-12-04T18:16:27.393563,-4.841,-4.020,1.270,-0.795
2025-12-04T18:16:27.410232,-4.841,-4.020,1.270,-0.795
2025-12-04T18:16:27.428748,-4.841,-4.020,1.270,-0.795
2025-12-04T18:16:27.445208,-4.841,-4.020,1.270,-0.795
2025-12-04T18:16:27.461860,-4.841,-4.020,1.270,-0.795
2025-12-04T18:16:27.480994,-4.841,-4.020,1.270,-0.795
2025-12-04T18:16:27.500763,-4.841,-4.020,1.270,-0.795
2025-12-04T18:16:27.521967,-4.841,-4.020,1.270,-0.795
2025-12-04T18:16:27.537912,-4.841,-4.020,1.270,-0.795
2025-12-04T18:16:27.555275,-4.841,-4.020,1.270,-0.795
2025-12-04T18:16:27.571244,-4.841,-4.020,1.270,-0.795
2025-12-04T18:16:27.587787,-4.841,-4.020,1.270,-0.795
2025-12-04T18:16:27.603027,-4.841,-4.020,1.270,-0.795
2025-12-04T18:16:27.618430,-4.841,-4.020,1.270,-0.795
2025-12-04T18:16:27.634195,-4.841,-4.020,1.270,-0.795
2025-12-04T18:16:27.647926,-4.841,-4.020,1.270,-0.795
2025-12-04T18:16:27.662876,-4.841,-4.020,1.270,-0.795
2025-12-04T18:16:27.677868,-4.841,-4.020,1.270,-0.795
2025-12-04T18:16:27.693407,-4.841,-4.020,1.270,-0.795
2025-12-04T18:16:27.709162,-4.841,-4.020,1.270,-0.795
2025-12-04T18:16:27.725232,-4.841,-4.020,1.270,-0.795
2025-12-04T18:16:27.743149,-4.841,-4.020,1.270,-0.795
2025-12-04T18:16:27.760732,-4.841,-4.020,1.270,-0.795
2025-12-04T18:16:27.779273,-4.841,-4.020,1.270,-0.795
2025-12-04T18:16:27.799709,-4.841,-4.020,1.270,-0.795
2025-12-04T18:16:27.816591,-4.841,-4.020,1.270,-0.795
2025-12-04T18:16:27.834540,-4.841,-4.020,1.270,-0.795
2025-12-04T18:16:27.852936,-4.841,-4.020,1.270,-0.795
2025-12-04T18:16:27.868850,-4.841,-4.020,1.270,-0.795
2025-12-04T18:16:27.883576,-4.841,-4.020,1.270,-0.795
2025-12-04T18:16:27.901250,-4.841,-4.020,1.270,-0.795
2025-12-04T18:16:27.914885,-4.841,-4.020,1.270,-0.795
2025-12-04T18:16:27.931851,-4.841,-4.020,1.270,-0.795
2025-12-04T18:16:27.946020,-4.841,-4.020,1.270,-0.795
2025-12-04T18:16:27.961121,-4.841,-4.020,1.270,-0.795
2025-12-04T18:16:27.973967,-4.841,-4.020,1.270,-0.795
2025-12-04T18:16:27.989144,-4.841,-4.020,1.270,-0.795
2025-12-04T18:16:28.006141,-4.841,-4.020,1.270,-0.795
2025-12-04T18:16:28.024276,-4.841,-4.020,1.270,-0.795
2025-12-04T18:16:28.039077,-4.841,-4.020,1.270,-0.795
2025-12-04T18:16:28.056954,-4.841,-4.020,1.270,-0.795
2025-12-04T18:16:28.076525,-4.841,-4.020,1.270,-0.795
2025-12-04T18:16:28.093260,-4.841,-4.020,1.270,-0.795
2025-12-04T18:16:28.111173,-4.841,-4.020,1.270,-0.795
2025-12-04T18:16:28.128757,-4.841,-4.020,1.270,-0.795
2025-12-04T18:16:28.151306,-4.841,-4.020,1.270,-0.795
2025-12-04T18:16:28.165402,-4.841,-4.020,1.270,-0.795
2025-12-04T18:16:28.177866,-4.841,-4.020,1.270,-0.795
2025-12-04T18:16:28.192639,-4.841,-4.020,1.270,-0.795
2025-12-04T18:16:28.207454,-4.841,-4.020,1.270,-0.795
2025-12-04T18:16:28.223027,-4.841,-4.020,1.270,-0.795
2025-12-04T18:16:28.237146,-4.841,-4.020,1.270,-0.795
2025-12-04T18:16:28.252629,-4.841,-4.020,1.270,-0.795
2025-12-04T18:16:28.268212,-4.841,-4.020,1.270,-0.795
2025-12-04T18:16:28.284506,-4.841,-4.020,1.270,-0.795
2025-12-04T18:16:28.300474,-4.841,-4.020,1.270,-0.795
2025-12-04T18:16:28.317797,-4.841,-4.020,1.270,-0.795
2025-12-04T18:16:28.334932,-4.841,-4.020,1.270,-0.795
2025-12-04T18:16:28.353460,-4.841,-4.020,1.270,-0.795
2025-12-04T18:16:28.374511,-4.841,-4.020,1.270,-0.795
2025-12-04T18:16:28.392531,-4.841,-4.020,1.270,-0.795
2025-12-04T18:16:28.408623,-4.841,-4.020,1.270,-0.795
2025-12-04T18:16:28.428276,-4.841,-4.020,1.270,-0.795
2025-12-04T18:16:28.444667,-4.841,-4.020,1.270,-0.795
2025-12-04T18:16:28.460201,-4.841,-4.020,1.270,-0.795
2025-12-04T18:16:28.475492,-4.841,-4.020,1.270,-0.795
2025-12-04T18:16:28.487900,-4.841,-4.020,1.270,-0.795
2025-12-04T18:16:28.502856,-4.841,-4.020,1.270,-0.795
2025-12-04T18:16:28.518420,-4.841,-4.020,1.270,-0.795
2025-12-04T18:16:28.533637,-4.841,-4.020,1.270,-0.795
2025-12-04T18:16:28.550912,-4.841,-4.020,1.270,-0.795
2025-12-04T18:16:28.567437,-4.841,-4.020,1.270,-0.795
2025-12-04T18:16:28.584299,-4.841,-4.020,1.270,-0.795
2025-12-04T18:16:28.601736,-4.841,-4.020,1.270,-0.795
2025-12-04T18:16:28.618427,-4.841,-4.020,1.270,-0.795
2025-12-04T18:16:28.638032,-4.841,-4.020,1.270,-0.795
2025-12-04T18:16:28.654453,-4.841,-4.020,1.270,-0.795
2025-12-04T18:16:28.673243,-4.841,-4.020,1.270,-0.795
2025-12-04T18:16:28.691285,-4.841,-4.020,1.270,-0.795
2025-12-04T18:16:28.708839,-4.841,-4.020,1.270,-0.795
2025-12-04T18:16:28.725018,-4.841,-4.020,1.270,-0.795
2025-12-04T18:16:28.741064,-4.841,-4.020,1.270,-0.795
2025-12-04T18:16:28.757220,-4.841,-4.020,1.270,-0.795
2025-12-04T18:16:28.779985,-4.841,-4.020,1.270,-0.795
2025-12-04T18:16:28.793179,-4.841,-4.020,1.270,-0.795
2025-12-04T18:16:28.806932,-4.841,-4.020,1.270,-0.795
2025-12-04T18:16:28.821994,-4.841,-4.020,1.270,-0.795
2025-12-04T18:16:28.836185,-4.841,-4.020,1.270,-0.795
2025-12-04T18:16:28.850172,-4.841,-4.020,1.270,-0.795
2025-12-04T18:16:28.864500,-4.841,-4.020,1.270,-0.795
2025-12-04T18:16:28.880648,-4.841,-4.020,1.270,-0.795
2025-12-04T18:16:28.896589,-4.841,-4.020,1.270,-0.795
2025-12-04T18:16:28.912234,-4.841,-4.020,1.270,-0.795
2025-12-04T18:16:28.928799,-4.841,-4.020,1.270,-0.795
2025-12-04T18:16:28.946999,-4.841,-4.020,1.270,-0.795
2025-12-04T18:16:28.965038,-4.841,-4.020,1.270,-0.795
2025-12-04T18:16:28.983376,-4.841,-4.020,1.270,-0.795
2025-12-04T18:16:29.001013,-4.841,-4.020,1.270,-0.795
2025-12-04T18:16:29.019411,-4.841,-4.020,1.270,-0.795
2025-12-04T18:16:29.037713,-4.841,-4.020,1.270,-0.795
2025-12-04T18:16:29.053698,-4.841,-4.020,1.270,-0.795
2025-12-04T18:16:29.070695,-4.841,-4.020,1.270,-0.795
2025-12-04T18:16:29.086213,-4.841,-4.020,1.270,-0.795
2025-12-04T18:16:29.100534,-4.841,-4.020,1.270,-0.795
2025-12-04T18:16:29.116337,-4.841,-4.020,1.270,-0.795
2025-12-04T18:16:29.130371,-4.841,-4.020,1.270,-0.795
2025-12-04T18:16:29.146120,-4.841,-4.020,1.270,-0.795
2025-12-04T18:16:29.161787,-4.841,-4.020,1.270,-0.795
2025-12-04T18:16:29.177166,-4.841,-4.020,1.270,-0.795
2025-12-04T18:16:29.194798,-4.841,-4.020,1.270,-0.795
2025-12-04T18:16:29.212118,-4.841,-4.020,1.270,-0.795
2025-12-04T18:16:29.229266,-4.841,-4.020,1.270,-0.795
2025-12-04T18:16:29.245864,-4.841,-4.020,1.270,-0.795
2025-12-04T18:16:29.261935,-4.841,-4.020,1.270,-0.795
2025-12-04T18:16:29.279307,-4.841,-4.020,1.270,-0.795
2025-12-04T18:16:29.297914,-4.841,-4.020,1.270,-0.795
2025-12-04T18:16:29.313556,-4.841,-4.020,1.270,-0.795
2025-12-04T18:16:29.329391,-4.841,-4.020,1.270,-0.795
2025-12-04T18:16:29.345668,-4.841,-4.020,1.270,-0.795
2025-12-04T18:16:29.361739,-4.841,-4.020,1.270,-0.795
2025-12-04T18:16:29.375824,-4.841,-4.020,1.270,-0.795
2025-12-04T18:16:29.396261,-4.841,-4.020,1.270,-0.795
2025-12-04T18:16:29.409101,-4.841,-4.020,1.270,-0.795
2025-12-04T18:16:29.422669,-4.841,-4.020,1.270,-0.795
2025-12-04T18:16:29.438884,-4.841,-4.020,1.270,-0.795
2025-12-04T18:16:29.454486,-4.841,-4.020,1.270,-0.795
2025-12-04T18:16:29.472336,-4.841,-4.020,1.270,-0.795
2025-12-04T18:16:29.487264,-4.841,-4.020,1.270,-0.795
2025-12-04T18:16:29.504495,-4.841,-4.020,1.270,-0.795
2025-12-04T18:16:29.522388,-4.841,-4.020,1.270,-0.795
2025-12-04T18:16:29.538410,-4.841,-4.020,1.270,-0.795
2025-12-04T18:16:29.556755,-4.841,-4.020,1.270,-0.795
2025-12-04T18:16:29.575472,-4.841,-4.020,1.270,-0.795
2025-12-04T18:16:29.594072,-4.841,-4.020,1.270,-0.795
2025-12-04T18:16:29.610636,-4.841,-4.020,1.270,-0.795
2025-12-04T18:16:29.628191,-4.841,-4.020,1.270,-0.795
2025-12-04T18:16:29.645727,-4.841,-4.020,1.270,-0.795
2025-12-04T18:16:29.662157,-4.841,-4.020,1.270,-0.795
2025-12-04T18:16:29.678097,-4.841,-4.020,1.270,-0.795
2025-12-04T18:16:29.694032,-4.841,-4.020,1.270,-0.795
2025-12-04T18:16:29.707975,-4.841,-4.020,1.270,-0.795
2025-12-04T18:16:29.723924,-4.841,-4.020,1.270,-0.795
2025-12-04T18:16:29.739511,-4.841,-4.020,1.270,-0.795
2025-12-04T18:16:29.754811,-4.841,-4.020,1.270,-0.795
2025-12-04T18:16:29.772103,-4.841,-4.020,1.270,-0.795
2025-12-04T18:16:29.789328,-4.841,-4.020,1.270,-0.795
2025-12-04T18:16:29.806804,-4.841,-4.020,1.270,-0.795
2025-12-04T18:16:29.823217,-4.841,-4.020,1.270,-0.795
2025-12-04T18:16:29.842003,-4.841,-4.020,1.270,-0.795
2025-12-04T18:16:29.860559,-4.841,-4.020,1.270,-0.795
2025-12-04T18:16:29.878929,-4.841,-4.020,1.270,-0.795
2025-12-04T18:16:29.895817,-4.841,-4.020,1.270,-0.795
2025-12-04T18:16:29.913882,-4.841,-4.020,1.270,-0.795
2025-12-04T18:16:29.931027,-4.841,-4.020,1.270,-0.795
2025-12-04T18:16:29.948562,-4.841,-4.020,1.270,-0.795
2025-12-04T18:16:29.964075,-4.841,-4.020,1.270,-0.795
2025-12-04T18:16:29.978584,-4.841,-4.020,1.270,-0.795
2025-12-04T18:16:29.998340,-4.841,-4.020,1.270,-0.795
2025-12-04T18:16:30.013031,-4.841,-4.020,1.270,-0.795
2025-12-04T18:16:30.026193,-4.841,-4.020,1.270,-0.795
2025-12-04T18:16:30.041771,-4.841,-4.020,1.270,-0.795
2025-12-04T18:16:30.055064,-4.841,-4.020,1.270,-0.795
2025-12-04T18:16:30.070710,-4.841,-4.020,1.270,-0.795
2025-12-04T18:16:30.087002,-4.841,-4.020,1.270,-0.795
2025-12-04T18:16:30.101603,-4.841,-4.020,1.270,-0.795
2025-12-04T18:16:30.119441,-4.841,-4.020,1.270,-0.795
2025-12-04T18:16:30.136574,-4.841,-4.020,1.270,-0.795
2025-12-04T18:16:30.154152,-4.841,-4.020,1.270,-0.795
2025-12-04T18:16:30.170657,-4.841,-4.020,1.270,-0.795
2025-12-04T18:16:30.189550,-4.841,-4.020,1.270,-0.795
2025-12-04T18:16:30.206170,-4.841,-4.020,1.270,-0.795
2025-12-04T18:16:30.222923,-4.841,-4.020,1.270,-0.795
2025-12-04T18:16:30.241809,-4.841,-4.020,1.270,-0.795
2025-12-04T18:16:30.257878,-4.841,-4.020,1.270,-0.795
2025-12-04T18:16:30.275188,-4.841,-4.020,1.270,-0.795
2025-12-04T18:16:30.290792,-4.841,-4.020,1.270,-0.795
2025-12-04T18:16:30.306771,-4.841,-4.020,1.270,-0.795
2025-12-04T18:16:30.317752,-4.841,-4.020,1.270,-0.795
2025-12-04T18:16:30.333193,-4.841,-4.020,1.270,-0.795
2025-12-04T18:16:30.348086,-4.841,-4.020,1.270,-0.795
2025-12-04T18:16:30.365633,-4.841,-4.020,1.270,-0.795
2025-12-04T18:16:30.381323,-4.841,-4.020,1.270,-0.795
2025-12-04T18:16:30.398946,-4.841,-4.020,1.270,-0.795
2025-12-04T18:16:30.416463,-4.841,-4.020,1.270,-0.795
2025-12-04T18:16:30.433720,-4.841,-4.020,1.270,-0.795
2025-12-04T18:16:30.453170,-4.841,-4.020,1.270,-0.795
2025-12-04T18:16:30.470614,-4.841,-4.020,1.270,-0.795
2025-12-04T18:16:30.487525,-4.841,-4.020,1.270,-0.795
2025-12-04T18:16:30.505604,-4.841,-4.020,1.270,-0.795
2025-12-04T18:16:30.521813,-4.841,-4.020,1.270,-0.795
2025-12-04T18:16:30.538417,-4.841,-4.020,1.270,-0.795
2025-12-04T18:16:30.553495,-4.841,-4.020,1.270,-0.795
2025-12-04T18:16:30.569498,-4.841,-4.020,1.270,-0.795
2025-12-04T18:16:30.584493,-4.841,-4.020,1.270,-0.795
2025-12-04T18:16:30.600185,-4.841,-4.020,1.270,-0.795
2025-12-04T18:16:30.619749,-4.841,-4.020,1.270,-0.795
2025-12-04T18:16:30.635695,-4.841,-4.020,1.270,-0.795
2025-12-04T18:16:30.651105,-4.841,-4.020,1.270,-0.795
2025-12-04T18:16:30.668932,-4.841,-4.020,1.270,-0.795
2025-12-04T18:16:30.686655,-4.841,-4.020,1.270,-0.795
2025-12-04T18:16:30.704264,-4.841,-4.020,1.270,-0.795
2025-12-04T18:16:30.723145,-4.841,-4.020,1.270,-0.795
2025-12-04T18:16:30.739888,-4.841,-4.020,1.270,-0.795
2025-12-04T18:16:30.756072,-4.841,-4.020,1.270,-0.795
2025-12-04T18:16:30.777788,-4.841,-4.020,1.270,-0.795
2025-12-04T18:16:30.792283,-4.841,-4.020,1.270,-0.795
2025-12-04T18:16:30.808563,-4.841,-4.020,1.270,-0.795
2025-12-04T18:16:30.824218,-4.841,-4.020,1.270,-0.795
2025-12-04T18:16:30.839507,-4.841,-4.020,1.270,-0.795
2025-12-04T18:16:30.853770,-4.841,-4.020,1.270,-0.795
2025-12-04T18:16:30.866805,-4.841,-4.020,1.270,-0.795
2025-12-04T18:16:30.880542,-4.841,-4.020,1.270,-0.795
2025-12-04T18:16:30.896290,-4.841,-4.020,1.270,-0.795
2025-12-04T18:16:30.911733,-4.841,-4.020,1.270,-0.795
2025-12-04T18:16:30.929044,-4.841,-4.020,1.270,-0.795
2025-12-04T18:16:30.945204,-4.841,-4.020,1.270,-0.795
2025-12-04T18:16:30.962213,-4.841,-4.020,1.270,-0.795
2025-12-04T18:16:30.980118,-4.841,-4.020,1.270,-0.795
2025-12-04T18:16:30.996805,-4.841,-4.020,1.270,-0.795
2025-12-04T18:16:31.015726,-4.841,-4.020,1.270,-0.795
2025-12-04T18:16:31.033269,-4.841,-4.020,1.270,-0.795
2025-12-04T18:16:31.051892,-4.841,-4.020,1.270,-0.795
2025-12-04T18:16:31.068664,-4.841,-4.020,1.270,-0.795
2025-12-04T18:16:31.084546,-4.841,-4.020,1.270,-0.795
2025-12-04T18:16:31.101465,-4.841,-4.020,1.270,-0.795
2025-12-04T18:16:31.117402,-4.841,-4.020,1.270,-0.795
2025-12-04T18:16:31.131720,-4.841,-4.020,1.270,-0.795
2025-12-04T18:16:31.146215,-4.841,-4.020,1.270,-0.795
2025-12-04T18:16:31.161281,-4.841,-4.020,1.270,-0.795
2025-12-04T18:16:31.177640,-4.841,-4.020,1.270,-0.795
2025-12-04T18:16:31.192945,-4.841,-4.020,1.270,-0.795
2025-12-04T18:16:31.210158,-4.841,-4.020,1.270,-0.795
2025-12-04T18:16:31.225980,-4.841,-4.020,1.270,-0.795
2025-12-04T18:16:31.248234,-4.841,-4.020,1.270,-0.795
2025-12-04T18:16:31.266422,-4.841,-4.020,1.270,-0.795
2025-12-04T18:16:31.283220,-4.841,-4.020,1.270,-0.795
2025-12-04T18:16:31.300319,-4.841,-4.020,1.270,-0.795
2025-12-04T18:16:31.317420,-4.841,-4.020,1.270,-0.795
2025-12-04T18:16:31.332528,-4.841,-4.020,1.270,-0.795
2025-12-04T18:16:31.349169,-4.841,-4.020,1.270,-0.795
2025-12-04T18:16:31.364509,-4.841,-4.020,1.270,-0.795
2025-12-04T18:16:31.378045,-4.841,-4.020,1.270,-0.795
2025-12-04T18:16:31.391838,-4.841,-4.020,1.270,-0.795
2025-12-04T18:16:31.405329,-4.841,-4.020,1.270,-0.795
2025-12-04T18:16:31.420357,-4.841,-4.020,1.270,-0.795
2025-12-04T18:16:31.437187,-4.841,-4.020,1.270,-0.795
2025-12-04T18:16:31.452758,-4.841,-4.020,1.270,-0.795
2025-12-04T18:16:31.469665,-4.841,-4.020,1.270,-0.795
2025-12-04T18:16:31.486373,-4.841,-4.020,1.270,-0.795
2025-12-04T18:16:31.505208,-4.841,-4.020,1.270,-0.795
2025-12-04T18:16:31.523911,-4.841,-4.020,1.270,-0.795
2025-12-04T18:16:31.540735,-4.841,-4.020,1.270,-0.795
2025-12-04T18:16:31.558787,-4.841,-4.020,1.270,-0.795
2025-12-04T18:16:31.574840,-4.841,-4.020,1.270,-0.795
2025-12-04T18:16:31.592408,-4.841,-4.020,1.270,-0.795
2025-12-04T18:16:31.608518,-4.841,-4.020,1.270,-0.795
2025-12-04T18:16:31.624685,-4.841,-4.020,1.270,-0.795
2025-12-04T18:16:31.641137,-4.841,-4.020,1.270,-0.795
2025-12-04T18:16:31.653631,-4.841,-4.020,1.270,-0.795
2025-12-04T18:16:31.668499,-4.841,-4.020,1.270,-0.795
2025-12-04T18:16:31.683859,-4.841,-4.020,1.270,-0.795
2025-12-04T18:16:31.701248,-4.841,-4.020,1.270,-0.795
2025-12-04T18:16:31.717984,-4.841,-4.020,1.270,-0.795
2025-12-04T18:16:31.737155,-4.841,-4.020,1.270,-0.795
2025-12-04T18:16:31.754046,-4.841,-4.020,1.270,-0.795
2025-12-04T18:16:31.771025,-4.841,-4.020,1.270,-0.795
2025-12-04T18:16:31.789662,-4.841,-4.020,1.270,-0.795
2025-12-04T18:16:31.806841,-4.841,-4.020,1.270,-0.795
2025-12-04T18:16:31.824018,-4.841,-4.020,1.270,-0.795
2025-12-04T18:16:31.842508,-4.841,-4.020,1.270,-0.795
2025-12-04T18:16:31.859504,-4.841,-4.020,1.270,-0.795
2025-12-04T18:16:31.875833,-4.841,-4.020,1.270,-0.795
2025-12-04T18:16:31.901672,-4.841,-4.020,1.270,-0.795
2025-12-04T18:16:31.921770,-4.841,-4.020,1.270,-0.795
2025-12-04T18:16:31.935552,-4.841,-4.020,1.270,-0.795
2025-12-04T18:16:31.951055,-4.841,-4.020,1.270,-0.795
2025-12-04T18:16:31.965401,-4.841,-4.020,1.270,-0.795
2025-12-04T18:16:31.983982,-4.841,-4.020,1.270,-0.795
2025-12-04T18:16:31.991363,-4.841,-4.020,1.270,-0.795
2025-12-04T18:16:32.002669,-4.841,-4.020,1.270,-0.795
2025-12-04T18:16:32.014647,-4.841,-4.020,1.270,-0.795
2025-12-04T18:16:32.028153,-4.841,-4.020,1.270,-0.795
2025-12-04T18:16:32.042309,-4.841,-4.020,1.270,-0.795
2025-12-04T18:16:32.056674,-4.841,-4.020,1.270,-0.795
2025-12-04T18:16:32.070483,-4.841,-4.020,1.270,-0.795
2025-12-04T18:16:32.086053,-4.841,-4.020,1.270,-0.795
2025-12-04T18:16:32.101249,-4.841,-4.020,1.270,-0.795
2025-12-04T18:16:32.117415,-4.841,-4.020,1.270,-0.795
2025-12-04T18:16:32.133402,-4.841,-4.020,1.270,-0.795
2025-12-04T18:16:32.151425,-4.841,-4.020,1.270,-0.795
2025-12-04T18:16:32.168761,-4.841,-4.020,1.270,-0.795
2025-12-04T18:16:32.186533,-4.841,-4.020,1.270,-0.795
2025-12-04T18:16:32.204699,-4.841,-4.020,1.270,-0.795
2025-12-04T18:16:32.224562,-4.841,-4.020,1.270,-0.795
2025-12-04T18:16:32.245471,-4.841,-4.020,1.270,-0.795
2025-12-04T18:16:32.259322,-4.841,-4.020,1.270,-0.795
2025-12-04T18:16:32.276747,-4.841,-4.020,1.270,-0.795
2025-12-04T18:16:32.293860,-4.841,-4.020,1.270,-0.795
2025-12-04T18:16:32.308327,-4.841,-4.020,1.270,-0.795
2025-12-04T18:16:32.323484,-4.841,-4.020,1.270,-0.795
2025-12-04T18:16:32.338522,-4.841,-4.020,1.270,-0.795
2025-12-04T18:16:32.353606,-4.841,-4.020,1.270,-0.795
2025-12-04T18:16:32.369641,-4.841,-4.020,1.270,-0.795
2025-12-04T18:16:32.385216,-4.841,-4.020,1.270,-0.795
2025-12-04T18:16:32.400286,-4.841,-4.020,1.270,-0.795
2025-12-04T18:16:32.419184,-4.841,-4.020,1.270,-0.795
2025-12-04T18:16:32.436875,-4.841,-4.020,1.270,-0.795
2025-12-04T18:16:32.451722,-4.841,-4.020,1.270,-0.795
2025-12-04T18:16:32.468214,-4.841,-4.020,1.270,-0.795
2025-12-04T18:16:32.484762,-4.841,-4.020,1.270,-0.795
2025-12-04T18:16:32.503560,-4.841,-4.020,1.270,-0.795
2025-12-04T18:16:32.519618,-4.841,-4.020,1.270,-0.795
2025-12-04T18:16:32.536132,-4.841,-4.020,1.270,-0.795
2025-12-04T18:16:32.551594,-4.841,-4.020,1.270,-0.795
2025-12-04T18:16:32.566865,-4.841,-4.020,1.270,-0.795
2025-12-04T18:16:32.581477,-4.841,-4.020,1.270,-0.795
2025-12-04T18:16:32.596679,-4.841,-4.020,1.270,-0.795
2025-12-04T18:16:32.612737,-4.841,-4.020,1.270,-0.795
2025-12-04T18:16:32.630116,-4.841,-4.020,1.270,-0.795
2025-12-04T18:16:32.646562,-4.841,-4.020,1.270,-0.795
2025-12-04T18:16:32.665223,-4.841,-4.020,1.270,-0.795
2025-12-04T18:16:32.683311,-4.841,-4.020,1.270,-0.795
2025-12-04T18:16:32.701223,-4.841,-4.020,1.270,-0.795
2025-12-04T18:16:32.719627,-4.841,-4.020,1.270,-0.795
2025-12-04T18:16:32.735074,-4.841,-4.020,1.270,-0.795
2025-12-04T18:16:32.753864,-4.841,-4.020,1.270,-0.795
2025-12-04T18:16:32.769062,-4.841,-4.020,1.270,-0.795
2025-12-04T18:16:32.792789,-4.841,-4.020,1.270,-0.795
2025-12-04T18:16:32.807417,-4.841,-4.020,1.270,-0.795
2025-12-04T18:16:32.821714,-4.841,-4.020,1.270,-0.795
2025-12-04T18:16:32.838518,-4.841,-4.020,1.270,-0.795
2025-12-04T18:16:32.853953,-4.841,-4.020,1.270,-0.795
2025-12-04T18:16:32.870129,-4.841,-4.020,1.270,-0.795
2025-12-04T18:16:32.883258,-4.841,-4.020,1.270,-0.795
2025-12-04T18:16:32.900999,-4.841,-4.020,1.270,-0.795
2025-12-04T18:16:32.915419,-4.841,-4.020,1.270,-0.795
2025-12-04T18:16:32.932134,-4.841,-4.020,1.270,-0.795
2025-12-04T18:16:32.949111,-4.841,-4.020,1.270,-0.795
2025-12-04T18:16:32.966098,-4.841,-4.020,1.270,-0.795
2025-12-04T18:16:32.984184,-4.841,-4.020,1.270,-0.795
2025-12-04T18:16:33.001773,-4.841,-4.020,1.270,-0.795
2025-12-04T18:16:33.019889,-4.841,-4.020,1.270,-0.795
2025-12-04T18:16:33.036499,-4.841,-4.020,1.270,-0.795
2025-12-04T18:16:33.052580,-4.841,-4.020,1.270,-0.795
2025-12-04T18:16:33.069739,-4.841,-4.020,1.270,-0.795
2025-12-04T18:16:33.081523,-4.841,-4.020,1.270,-0.795
2025-12-04T18:16:33.097248,-4.841,-4.020,1.270,-0.795
2025-12-04T18:16:33.110611,-4.841,-4.020,1.270,-0.795
2025-12-04T18:16:33.127824,-4.841,-4.020,1.270,-0.795
2025-12-04T18:16:33.142026,-4.841,-4.020,1.270,-0.795
2025-12-04T18:16:33.160048,-4.841,-4.020,1.270,-0.795
2025-12-04T18:16:33.176290,-4.841,-4.020,1.270,-0.795
2025-12-04T18:16:33.194883,-4.841,-4.020,1.270,-0.795
2025-12-04T18:16:33.212041,-4.841,-4.020,1.270,-0.795
2025-12-04T18:16:33.229298,-4.841,-4.020,1.270,-0.795
2025-12-04T18:16:33.246415,-4.841,-4.020,1.270,-0.795
2025-12-04T18:16:33.263833,-4.841,-4.020,1.270,-0.795
2025-12-04T18:16:33.282009,-4.841,-4.020,1.270,-0.795
2025-12-04T18:16:33.299411,-4.841,-4.020,1.270,-0.795
2025-12-04T18:16:33.314388,-4.841,-4.020,1.270,-0.795
2025-12-04T18:16:33.331089,-4.841,-4.020,1.270,-0.795
2025-12-04T18:16:33.346926,-4.841,-4.020,1.270,-0.795
2025-12-04T18:16:33.360119,-4.841,-4.020,1.270,-0.795
2025-12-04T18:16:33.392224,-4.841,-4.020,1.270,-0.795
