timestamp,x,y,z,orientation_z
2025-12-04T18:19:30.476326,-1.500,-3.000,1.270,0.000
2025-12-04T18:19:30.489582,-1.500,-3.000,1.270,0.000
2025-12-04T18:19:30.505400,-1.500,-3.000,1.270,0.000
2025-12-04T18:19:30.521921,-1.500,-3.000,1.270,0.000
2025-12-04T18:19:30.538410,-1.500,-3.000,1.270,0.000
2025-12-04T18:19:30.556679,-1.500,-3.000,1.270,0.000
2025-12-04T18:19:30.573332,-1.500,-3.000,1.270,0.000
2025-12-04T18:19:30.591259,-1.500,-3.000,1.270,0.000
2025-12-04T18:19:30.609043,-1.500,-3.000,1.270,0.000
2025-12-04T18:19:30.626604,-1.500,-3.000,1.270,0.000
2025-12-04T18:19:30.642984,-1.500,-3.000,1.270,0.000
2025-12-04T18:19:30.659951,-1.500,-3.000,1.270,0.000
2025-12-04T18:19:30.675626,-1.500,-3.000,1.270,0.000
2025-12-04T18:19:30.690985,-1.500,-3.000,1.270,0.000
2025-12-04T18:19:30.706666,-1.500,-3.000,1.270,0.000
2025-12-04T18:19:30.720930,-1.500,-3.000,1.270,0.000
2025-12-04T18:19:30.735109,-1.500,-3.000,1.270,0.000
2025-12-04T18:19:30.751164,-1.500,-3.000,1.270,0.000
2025-12-04T18:19:30.766648,-1.500,-3.000,1.270,0.000
2025-12-04T18:19:30.785796,-1.500,-3.000,1.270,0.000
2025-12-04T18:19:30.804665,-1.500,-3.000,1.270,0.000
2025-12-04T18:19:30.822521,-1.500,-3.000,1.270,0.000
2025-12-04T18:19:30.841813,-1.500,-3.000,1.270,0.000
2025-12-04T18:19:30.860265,-1.500,-3.000,1.270,0.000
2025-12-04T18:19:30.877862,-1.500,-3.000,1.270,0.000
2025-12-04T18:19:30.893916,-1.500,-3.000,1.270,0.000
2025-12-04T18:19:30.909069,-1.500,-3.000,1.270,0.000
2025-12-04T18:19:30.924068,-1.500,-3.000,1.270,0.000
2025-12-04T18:19:30.940077,-1.500,-3.000,1.270,0.000
2025-12-04T18:19:30.956267,-1.500,-3.000,1.270,0.000
2025-12-04T18:19:30.969105,-1.500,-3.000,1.270,0.000
2025-12-04T18:19:30.982318,-1.500,-3.000,1.270,0.000
2025-12-04T18:19:31.000018,-1.500,-3.000,1.270,0.000
2025-12-04T18:19:31.017087,-1.500,-3.000,1.270,0.000
2025-12-04T18:19:31.031440,-1.500,-3.000,1.270,0.000
2025-12-04T18:19:31.049522,-1.500,-3.000,1.270,0.000
2025-12-04T18:19:31.067589,-1.500,-3.000,1.270,0.000
2025-12-04T18:19:31.085073,-1.500,-3.000,1.270,0.000
2025-12-04T18:19:31.102284,-1.500,-3.000,1.270,0.000
2025-12-04T18:19:31.120504,-1.500,-3.000,1.270,0.000
2025-12-04T18:19:31.137666,-1.500,-3.000,1.270,0.000
2025-12-04T18:19:31.164093,-1.500,-3.000,1.270,0.000
2025-12-04T18:19:31.180180,-1.500,-3.000,1.270,0.000
2025-12-04T18:19:31.194243,-1.500,-3.000,1.270,0.000
2025-12-04T18:19:31.209996,-1.500,-3.000,1.270,0.000
2025-12-04T18:19:31.226546,-1.500,-3.000,1.270,0.000
2025-12-04T18:19:31.240872,-1.500,-3.000,1.270,0.000
2025-12-04T18:19:31.254327,-1.500,-3.000,1.270,0.000
2025-12-04T18:19:31.268998,-1.500,-3.000,1.270,0.000
2025-12-04T18:19:31.280839,-1.500,-3.000,1.270,0.000
2025-12-04T18:19:31.295940,-1.500,-3.000,1.270,0.000
2025-12-04T18:19:31.310064,-1.500,-3.000,1.270,0.000
2025-12-04T18:19:31.325669,-1.500,-3.000,1.270,0.000
2025-12-04T18:19:31.342317,-1.500,-3.000,1.270,0.000
2025-12-04T18:19:31.356243,-1.500,-3.000,1.270,0.000
2025-12-04T18:19:31.375095,-1.500,-3.000,1.270,0.000
2025-12-04T18:19:31.388822,-1.500,-3.000,1.270,0.000
2025-12-04T18:19:31.406634,-1.500,-3.000,1.270,0.000
2025-12-04T18:19:31.424661,-1.500,-3.000,1.270,0.000
2025-12-04T18:19:31.446881,-1.500,-3.000,1.270,0.000
2025-12-04T18:19:31.464878,-1.500,-3.000,1.270,0.000
2025-12-04T18:19:31.480646,-1.500,-3.000,1.270,0.000
2025-12-04T18:19:31.495493,-1.500,-3.000,1.270,0.000
2025-12-04T18:19:31.511197,-1.500,-3.000,1.270,0.000
2025-12-04T18:19:31.526131,-1.500,-3.000,1.270,0.000
2025-12-04T18:19:31.540478,-1.500,-3.000,1.270,0.000
2025-12-04T18:19:31.552566,-1.500,-3.000,1.270,0.000
2025-12-04T18:19:31.564628,-1.500,-3.000,1.270,0.000
2025-12-04T18:19:31.580861,-1.500,-3.000,1.270,0.000
2025-12-04T18:19:31.597993,-1.500,-3.000,1.270,0.000
2025-12-04T18:19:31.615340,-1.500,-3.000,1.270,0.000
2025-12-04T18:19:31.632055,-1.500,-3.000,1.270,0.000
2025-12-04T18:19:31.649691,-1.500,-3.000,1.270,0.000
2025-12-04T18:19:31.667142,-1.500,-3.000,1.270,0.000
2025-12-04T18:19:31.685492,-1.500,-3.000,1.270,0.000
2025-12-04T18:19:31.702059,-1.500,-3.000,1.270,0.000
2025-12-04T18:19:31.720270,-1.500,-3.000,1.270,0.000
2025-12-04T18:19:31.738175,-1.500,-3.000,1.270,0.000
2025-12-04T18:19:31.754659,-1.500,-3.000,1.270,0.000
2025-12-04T18:19:31.773831,-1.500,-3.000,1.270,0.000
2025-12-04T18:19:31.790081,-1.500,-3.000,1.270,0.000
2025-12-04T18:19:31.806251,-1.500,-3.000,1.270,0.000
2025-12-04T18:19:31.828358,-1.500,-3.000,1.270,0.000
2025-12-04T18:19:31.856989,-1.500,-3.000,1.270,0.000
2025-12-04T18:19:31.879642,-1.500,-3.000,1.270,0.000
2025-12-04T18:19:31.929662,-1.500,-3.000,1.270,0.000
2025-12-04T18:19:31.941893,-1.500,-3.000,1.270,0.000
2025-12-04T18:19:31.954685,-1.500,-3.000,1.270,0.000
2025-12-04T18:19:31.985424,-1.500,-3.000,1.270,0.000
2025-12-04T18:19:31.996208,-1.500,-3.000,1.270,0.000
2025-12-04T18:19:32.039156,-1.500,-3.000,1.270,0.000
2025-12-04T18:19:32.052035,-1.500,-3.000,1.270,0.000
2025-12-04T18:19:32.079745,-1.500,-3.000,1.270,0.000
2025-12-04T18:19:32.093331,-1.500,-3.000,1.270,0.000
2025-12-04T18:19:32.108591,-1.500,-3.000,1.270,0.000
2025-12-04T18:19:32.118101,-1.500,-3.000,1.270,0.000
2025-12-04T18:19:32.125149,-1.500,-3.000,1.270,0.000
2025-12-04T18:19:32.131494,-1.500,-3.000,1.270,0.000
2025-12-04T18:19:32.139150,-1.500,-3.000,1.270,0.000
2025-12-04T18:19:32.144626,-1.500,-3.000,1.270,0.000
2025-12-04T18:19:32.150526,-1.500,-3.000,1.270,0.000
2025-12-04T18:19:32.158293,-1.500,-3.000,1.270,0.000
2025-12-04T18:19:32.165315,-1.500,-3.000,1.270,0.000
2025-12-04T18:19:32.174844,-1.500,-3.000,1.270,0.000
2025-12-04T18:19:32.182654,-1.500,-3.000,1.270,0.000
2025-12-04T18:19:32.193436,-1.500,-3.000,1.270,0.000
2025-12-04T18:19:32.205508,-1.500,-3.000,1.270,0.000
2025-12-04T18:19:32.214622,-1.500,-3.000,1.270,0.000
2025-12-04T18:19:32.227030,-1.500,-3.000,1.270,0.000
2025-12-04T18:19:32.241701,-1.500,-3.000,1.270,0.000
2025-12-04T18:19:32.253761,-1.500,-3.000,1.270,0.000
2025-12-04T18:19:32.267530,-1.500,-3.000,1.270,0.000
2025-12-04T18:19:32.280705,-1.500,-3.000,1.270,0.000
2025-12-04T18:19:32.295657,-1.500,-3.000,1.270,0.000
2025-12-04T18:19:32.309299,-1.500,-3.000,1.270,0.000
2025-12-04T18:19:32.322925,-1.500,-3.000,1.270,0.000
2025-12-04T18:19:32.339465,-1.500,-3.000,1.270,0.000
2025-12-04T18:19:32.355174,-1.500,-3.000,1.270,0.000
2025-12-04T18:19:32.370980,-1.500,-3.000,1.270,0.000
2025-12-04T18:19:32.388156,-1.500,-3.000,1.270,0.000
2025-12-04T18:19:32.422583,-1.500,-3.000,1.270,0.000
2025-12-04T18:19:32.456254,-1.500,-3.000,1.270,0.000
2025-12-04T18:19:32.458898,-1.500,-3.000,1.270,0.000
2025-12-04T18:19:32.476134,-1.500,-3.000,1.270,0.000
2025-12-04T18:19:32.489386,-1.500,-3.000,1.270,0.000
2025-12-04T18:19:32.504559,-1.500,-3.000,1.270,0.000
2025-12-04T18:19:32.517508,-1.500,-3.000,1.270,0.000
2025-12-04T18:19:32.531620,-1.500,-3.000,1.270,0.000
2025-12-04T18:19:32.544689,-1.500,-3.000,1.270,0.000
2025-12-04T18:19:32.558963,-1.500,-3.000,1.270,0.000
2025-12-04T18:19:32.572584,-1.500,-3.000,1.270,0.000
2025-12-04T18:19:32.586609,-1.500,-3.000,1.270,0.000
2025-12-04T18:19:32.600463,-1.500,-3.000,1.270,0.000
2025-12-04T18:19:32.616632,-1.500,-3.000,1.270,0.000
2025-12-04T18:19:32.632188,-1.500,-3.000,1.270,0.000
2025-12-04T18:19:32.649758,-1.500,-3.000,1.270,0.000
2025-12-04T18:19:32.665950,-1.500,-3.000,1.270,0.000
2025-12-04T18:19:32.683787,-1.500,-3.000,1.270,0.000
2025-12-04T18:19:32.700684,-1.500,-3.000,1.270,0.000
2025-12-04T18:19:32.729140,-1.500,-3.000,1.270,0.000
2025-12-04T18:19:32.746534,-1.500,-3.000,1.270,0.000
2025-12-04T18:19:32.764184,-1.500,-3.000,1.270,0.000
2025-12-04T18:19:32.780577,-1.500,-3.000,1.270,0.000
2025-12-04T18:19:32.797101,-1.500,-3.000,1.270,0.000
2025-12-04T18:19:32.813178,-1.500,-3.000,1.270,0.000
2025-12-04T18:19:32.830974,-1.500,-3.000,1.270,0.000
2025-12-04T18:19:32.845998,-1.500,-3.000,1.270,0.000
2025-12-04T18:19:32.859970,-1.500,-3.000,1.270,0.000
2025-12-04T18:19:32.875441,-1.500,-3.000,1.270,0.000
2025-12-04T18:19:32.892051,-1.500,-3.000,1.270,0.000
2025-12-04T18:19:32.908835,-1.500,-3.000,1.270,0.000
2025-12-04T18:19:32.922828,-1.500,-3.000,1.270,0.000
2025-12-04T18:19:32.938534,-1.500,-3.000,1.270,0.000
2025-12-04T18:19:32.956417,-1.500,-3.000,1.270,0.000
2025-12-04T18:19:32.974294,-1.500,-3.000,1.270,0.000
2025-12-04T18:19:32.991337,-1.500,-3.000,1.270,0.000
2025-12-04T18:19:33.009488,-1.500,-3.000,1.270,0.000
2025-12-04T18:19:33.032276,-1.500,-3.000,1.270,0.000
2025-12-04T18:19:33.049407,-1.500,-3.000,1.270,0.000
2025-12-04T18:19:33.067229,-1.500,-3.000,1.270,0.000
2025-12-04T18:19:33.083544,-1.500,-3.000,1.270,0.000
2025-12-04T18:19:33.099891,-1.500,-3.000,1.270,0.000
2025-12-04T18:19:33.116351,-1.500,-3.000,1.270,0.000
2025-12-04T18:19:33.131609,-1.500,-3.000,1.270,0.000
2025-12-04T18:19:33.147057,-1.500,-3.000,1.270,0.000
2025-12-04T18:19:33.162050,-1.500,-3.000,1.270,0.000
2025-12-04T18:19:33.179281,-1.500,-3.000,1.270,0.000
2025-12-04T18:19:33.195055,-1.500,-3.000,1.270,0.000
2025-12-04T18:19:33.210736,-1.500,-3.000,1.270,0.000
2025-12-04T18:19:33.228401,-1.500,-3.000,1.270,0.000
2025-12-04T18:19:33.244857,-1.500,-3.000,1.270,0.000
2025-12-04T18:19:33.262618,-1.500,-3.000,1.270,0.000
2025-12-04T18:19:33.280853,-1.500,-3.000,1.270,0.000
2025-12-04T18:19:33.298075,-1.500,-3.000,1.270,0.000
2025-12-04T18:19:33.319702,-1.500,-3.000,1.270,0.000
2025-12-04T18:19:33.340099,-1.500,-3.000,1.270,0.000
2025-12-04T18:19:33.364847,-1.500,-3.000,1.270,0.000
2025-12-04T18:19:33.385708,-1.500,-3.000,1.270,0.000
2025-12-04T18:19:33.410646,-1.500,-3.000,1.270,0.000
2025-12-04T18:19:33.419255,-1.500,-3.000,1.270,0.000
2025-12-04T18:19:33.433327,-1.500,-3.000,1.270,0.000
2025-12-04T18:19:33.446358,-1.500,-3.000,1.270,0.000
2025-12-04T18:19:33.460198,-1.500,-3.000,1.270,0.000
2025-12-04T18:19:33.472818,-1.500,-3.000,1.270,0.000
2025-12-04T18:19:33.487958,-1.500,-3.000,1.270,0.000
2025-12-04T18:19:33.500841,-1.500,-3.000,1.270,0.000
2025-12-04T18:19:33.515507,-1.500,-3.000,1.270,0.000
2025-12-04T18:19:33.529240,-1.500,-3.000,1.270,0.000
2025-12-04T18:19:33.544070,-1.500,-3.000,1.270,0.000
2025-12-04T18:19:33.561876,-1.500,-3.000,1.270,0.000
2025-12-04T18:19:33.583797,-1.500,-3.000,1.270,0.000
2025-12-04T18:19:33.607580,-1.500,-3.000,1.270,0.000
2025-12-04T18:19:33.624065,-1.500,-3.000,1.270,0.000
2025-12-04T18:19:33.646635,-1.500,-3.000,1.270,0.000
2025-12-04T18:19:33.666293,-1.500,-3.000,1.270,0.000
2025-12-04T18:19:33.680340,-1.500,-3.000,1.270,0.000
2025-12-04T18:19:33.693819,-1.500,-3.000,1.270,0.000
2025-12-04T18:19:33.709010,-1.500,-3.000,1.270,0.000
2025-12-04T18:19:33.721701,-1.500,-3.000,1.270,0.000
2025-12-04T18:19:33.734792,-1.500,-3.000,1.270,0.000
2025-12-04T18:19:33.747610,-1.500,-3.000,1.270,0.000
2025-12-04T18:19:33.761822,-1.500,-3.000,1.270,0.000
2025-12-04T18:19:33.775035,-1.500,-3.000,1.270,0.000
2025-12-04T18:19:33.791728,-1.500,-3.000,1.270,0.000
2025-12-04T18:19:33.806947,-1.500,-3.000,1.270,0.000
2025-12-04T18:19:33.823605,-1.500,-3.000,1.270,0.000
2025-12-04T18:19:33.837512,-1.500,-3.000,1.270,0.000
2025-12-04T18:19:33.854169,-1.500,-3.000,1.270,0.000
2025-12-04T18:19:33.871278,-1.500,-3.000,1.270,0.000
2025-12-04T18:19:33.888718,-1.500,-3.000,1.270,0.000
2025-12-04T18:19:33.905603,-1.500,-3.000,1.270,0.000
2025-12-04T18:19:33.923229,-1.500,-3.000,1.270,0.000
2025-12-04T18:19:33.939191,-1.500,-3.000,1.270,0.000
2025-12-04T18:19:33.956761,-1.500,-3.000,1.270,0.000
2025-12-04T18:19:33.974301,-1.500,-3.000,1.270,0.000
2025-12-04T18:19:33.991154,-1.500,-3.000,1.270,0.000
2025-12-04T18:19:34.008178,-1.500,-3.000,1.270,0.000
2025-12-04T18:19:34.022938,-1.500,-3.000,1.270,0.000
2025-12-04T18:19:34.038653,-1.500,-3.000,1.270,0.000
2025-12-04T18:19:34.051664,-1.500,-3.000,1.270,0.000
2025-12-04T18:19:34.071675,-1.500,-3.000,1.270,0.000
2025-12-04T18:19:34.081654,-1.500,-3.000,1.270,0.000
2025-12-04T18:19:34.114487,-1.500,-3.000,1.270,0.000
2025-12-04T18:19:34.124463,-1.500,-3.000,1.270,0.000
2025-12-04T18:19:34.139327,-1.500,-3.000,1.270,0.000
2025-12-04T18:19:34.155290,-1.500,-3.000,1.270,0.000
2025-12-04T18:19:34.169813,-1.500,-3.000,1.270,0.000
2025-12-04T18:19:34.185140,-1.500,-3.000,1.270,0.000
2025-12-04T18:19:34.199921,-1.500,-3.000,1.270,0.000
2025-12-04T18:19:34.214707,-1.500,-3.000,1.270,0.000
2025-12-04T18:19:34.226932,-1.500,-3.000,1.270,0.000
2025-12-04T18:19:34.241626,-1.500,-3.000,1.270,0.000
2025-12-04T18:19:34.259035,-1.500,-3.000,1.270,0.000
2025-12-04T18:19:34.274454,-1.500,-3.000,1.270,0.000
2025-12-04T18:19:34.289658,-1.500,-3.000,1.270,0.000
2025-12-04T18:19:34.306025,-1.500,-3.000,1.270,0.000
2025-12-04T18:19:34.322020,-1.500,-3.000,1.270,0.000
2025-12-04T18:19:34.340022,-1.500,-3.000,1.270,0.000
2025-12-04T18:19:34.357122,-1.500,-3.000,1.270,0.000
2025-12-04T18:19:34.375273,-1.500,-3.000,1.270,0.000
2025-12-04T18:19:34.395569,-1.500,-3.000,1.270,0.000
2025-12-04T18:19:34.413694,-1.500,-3.000,1.270,0.000
2025-12-04T18:19:34.428968,-1.500,-3.000,1.270,0.000
2025-12-04T18:19:34.443155,-1.500,-3.000,1.270,0.000
2025-12-04T18:19:34.458899,-1.500,-3.000,1.270,0.000
2025-12-04T18:19:34.473881,-1.500,-3.000,1.270,0.000
2025-12-04T18:19:34.488188,-1.500,-3.000,1.270,0.000
2025-12-04T18:19:34.502236,-1.500,-3.000,1.270,0.000
2025-12-04T18:19:34.517807,-1.500,-3.000,1.270,0.000
2025-12-04T18:19:34.533058,-1.500,-3.000,1.270,0.000
2025-12-04T18:19:34.591765,-1.500,-3.000,1.270,0.000
2025-12-04T18:19:34.604103,-1.500,-3.000,1.270,0.000
2025-12-04T18:19:34.620624,-1.500,-3.000,1.270,0.000
2025-12-04T18:19:34.634392,-1.500,-3.000,1.270,0.000
2025-12-04T18:19:34.648799,-1.500,-3.000,1.270,0.000
2025-12-04T18:19:34.662740,-1.500,-3.000,1.270,0.000
2025-12-04T18:19:34.676168,-1.500,-3.000,1.270,0.000
2025-12-04T18:19:34.688072,-1.500,-3.000,1.270,0.000
2025-12-04T18:19:34.701029,-1.500,-3.000,1.270,0.000
2025-12-04T18:19:34.713823,-1.500,-3.000,1.270,0.000
2025-12-04T18:19:34.727479,-1.500,-3.000,1.270,0.000
2025-12-04T18:19:34.739267,-1.500,-3.000,1.270,0.000
2025-12-04T18:19:34.754848,-1.500,-3.000,1.270,0.000
2025-12-04T18:19:34.774692,-1.500,-3.000,1.270,0.000
2025-12-04T18:19:34.783957,-1.500,-3.000,1.270,0.000
2025-12-04T18:19:34.799222,-1.500,-3.000,1.270,0.000
2025-12-04T18:19:34.814648,-1.500,-3.000,1.270,0.000
2025-12-04T18:19:34.831342,-1.500,-3.000,1.270,0.000
2025-12-04T18:19:34.847306,-1.500,-3.000,1.270,0.000
2025-12-04T18:19:34.865037,-1.500,-3.000,1.270,0.000
2025-12-04T18:19:34.882792,-1.500,-3.000,1.270,0.000
2025-12-04T18:19:34.901943,-1.500,-3.000,1.270,0.000
2025-12-04T18:19:34.918716,-1.500,-3.000,1.270,0.000
2025-12-04T18:19:34.935612,-1.500,-3.000,1.270,0.000
2025-12-04T18:19:34.952095,-1.500,-3.000,1.270,0.000
2025-12-04T18:19:34.968634,-1.500,-3.000,1.270,0.000
2025-12-04T18:19:34.985070,-1.500,-3.000,1.270,0.000
2025-12-04T18:19:35.001216,-1.500,-3.000,1.270,0.000
2025-12-04T18:19:35.016211,-1.500,-3.000,1.270,0.000
2025-12-04T18:19:35.031069,-1.500,-3.000,1.270,0.000
2025-12-04T18:19:35.047305,-1.500,-3.000,1.270,0.000
2025-12-04T18:19:35.061798,-1.500,-3.000,1.270,0.000
2025-12-04T18:19:35.078646,-1.500,-3.000,1.270,0.000
2025-12-04T18:19:35.097449,-1.500,-3.000,1.270,0.000
2025-12-04T18:19:35.116153,-1.500,-3.000,1.270,0.000
2025-12-04T18:19:35.137232,-1.500,-3.000,1.270,0.000
2025-12-04T18:19:35.148022,-1.500,-3.000,1.270,0.000
2025-12-04T18:19:35.166880,-1.500,-3.000,1.270,0.000
2025-12-04T18:19:35.184027,-1.500,-3.000,1.270,0.000
2025-12-04T18:19:35.204571,-1.500,-3.000,1.270,0.000
2025-12-04T18:19:35.226708,-1.500,-3.000,1.270,0.000
2025-12-04T18:19:35.242323,-1.500,-3.000,1.270,0.000
2025-12-04T18:19:35.256191,-1.500,-3.000,1.270,0.000
2025-12-04T18:19:35.280489,-1.500,-3.000,1.270,0.000
2025-12-04T18:19:35.292927,-1.500,-3.000,1.270,0.000
2025-12-04T18:19:35.307699,-1.500,-3.000,1.270,0.000
2025-12-04T18:19:35.321755,-1.500,-3.000,1.270,0.000
2025-12-04T18:19:35.335579,-1.500,-3.000,1.270,0.000
2025-12-04T18:19:35.349033,-1.500,-3.000,1.270,0.000
2025-12-04T18:19:35.364866,-1.500,-3.000,1.270,0.000
2025-12-04T18:19:35.379320,-1.500,-3.000,1.270,0.000
2025-12-04T18:19:35.395721,-1.500,-3.000,1.270,0.000
2025-12-04T18:19:35.410748,-1.500,-3.000,1.270,0.000
2025-12-04T18:19:35.429178,-1.500,-3.000,1.270,0.000
2025-12-04T18:19:35.446825,-1.500,-3.000,1.270,0.000
2025-12-04T18:19:35.465110,-1.500,-3.000,1.270,0.000
2025-12-04T18:19:35.481045,-1.500,-3.000,1.270,0.000
2025-12-04T18:19:35.499922,-1.500,-3.000,1.270,0.000
2025-12-04T18:19:35.518397,-1.500,-3.000,1.270,0.000
2025-12-04T18:19:35.539234,-1.500,-3.000,1.270,0.000
2025-12-04T18:19:35.554478,-1.500,-3.000,1.270,0.000
2025-12-04T18:19:35.579708,-1.500,-3.000,1.270,0.000
2025-12-04T18:19:35.595899,-1.500,-3.000,1.270,0.000
2025-12-04T18:19:35.608493,-1.500,-3.000,1.270,0.000
2025-12-04T18:19:35.623055,-1.500,-3.000,1.270,0.000
2025-12-04T18:19:35.637177,-1.500,-3.000,1.270,0.000
2025-12-04T18:19:35.653724,-1.500,-3.000,1.270,0.000
2025-12-04T18:19:35.664503,-1.500,-3.000,1.270,0.000
2025-12-04T18:19:35.681219,-1.500,-3.000,1.270,0.000
2025-12-04T18:19:35.696729,-1.500,-3.000,1.270,0.000
2025-12-04T18:19:35.711075,-1.500,-3.000,1.270,0.000
2025-12-04T18:19:35.726992,-1.500,-3.000,1.270,0.000
2025-12-04T18:19:35.742908,-1.500,-3.000,1.270,0.000
2025-12-04T18:19:35.759830,-1.500,-3.000,1.270,0.000
2025-12-04T18:19:35.776928,-1.500,-3.000,1.270,0.000
2025-12-04T18:19:35.795611,-1.500,-3.000,1.270,0.000
2025-12-04T18:19:35.810100,-1.500,-3.000,1.270,0.000
2025-12-04T18:19:35.827561,-1.500,-3.000,1.270,0.000
2025-12-04T18:19:35.843906,-1.500,-3.000,1.270,0.000
2025-12-04T18:19:35.861987,-1.500,-3.000,1.270,0.000
2025-12-04T18:19:35.878494,-1.500,-3.000,1.270,0.000
2025-12-04T18:19:35.893965,-1.500,-3.000,1.270,0.000
2025-12-04T18:19:35.910398,-1.500,-3.000,1.270,0.000
2025-12-04T18:19:35.926051,-1.500,-3.000,1.270,0.000
2025-12-04T18:19:35.941718,-1.500,-3.000,1.270,0.000
2025-12-04T18:19:35.956787,-1.500,-3.000,1.270,0.000
2025-12-04T18:19:35.972727,-1.500,-3.000,1.270,0.000
2025-12-04T18:19:35.990706,-1.500,-3.000,1.270,0.000
2025-12-04T18:19:36.006912,-1.500,-3.000,1.270,0.000
2025-12-04T18:19:36.025024,-1.500,-3.000,1.270,0.000
2025-12-04T18:19:36.045140,-1.500,-3.000,1.270,0.000
2025-12-04T18:19:36.066103,-1.500,-3.000,1.270,0.000
2025-12-04T18:19:36.077959,-1.500,-3.000,1.270,0.000
2025-12-04T18:19:36.098168,-1.500,-3.000,1.270,0.000
2025-12-04T18:19:36.115043,-1.500,-3.000,1.270,0.000
2025-12-04T18:19:36.132074,-1.500,-3.000,1.270,0.000
2025-12-04T18:19:36.152513,-1.500,-3.000,1.270,0.000
2025-12-04T18:19:36.164288,-1.500,-3.000,1.270,0.000
2025-12-04T18:19:36.178920,-1.500,-3.000,1.270,0.000
2025-12-04T18:19:36.195620,-1.500,-3.000,1.270,0.000
2025-12-04T18:19:36.208501,-1.500,-3.000,1.270,0.000
2025-12-04T18:19:36.222819,-1.500,-3.000,1.270,0.000
2025-12-04T18:19:36.236614,-1.500,-3.000,1.270,0.000
2025-12-04T18:19:36.253795,-1.500,-3.000,1.270,0.000
2025-12-04T18:19:36.268822,-1.500,-3.000,1.270,0.000
2025-12-04T18:19:36.284341,-1.500,-3.000,1.270,0.000
2025-12-04T18:19:36.300419,-1.500,-3.000,1.270,0.000
2025-12-04T18:19:36.319099,-1.500,-3.000,1.270,0.000
2025-12-04T18:19:36.336810,-1.500,-3.000,1.270,0.000
2025-12-04T18:19:36.353034,-1.500,-3.000,1.270,0.000
2025-12-04T18:19:36.371866,-1.500,-3.000,1.270,0.000
2025-12-04T18:19:36.389239,-1.500,-3.000,1.270,0.000
2025-12-04T18:19:36.404509,-1.500,-3.000,1.270,0.000
2025-12-04T18:19:36.422432,-1.500,-3.000,1.270,0.000
2025-12-04T18:19:36.443906,-1.500,-3.000,1.270,0.000
2025-12-04T18:19:36.464101,-1.500,-3.000,1.270,0.000
2025-12-04T18:19:36.484347,-1.500,-3.000,1.270,0.000
2025-12-04T18:19:36.497310,-1.500,-3.000,1.270,0.000
2025-12-04T18:19:36.511345,-1.500,-3.000,1.270,0.000
2025-12-04T18:19:36.525956,-1.500,-3.000,1.270,0.000
2025-12-04T18:19:36.538682,-1.500,-3.000,1.270,0.000
2025-12-04T18:19:36.551424,-1.500,-3.000,1.270,0.000
2025-12-04T18:19:36.565756,-1.500,-3.000,1.270,0.000
2025-12-04T18:19:36.581595,-1.500,-3.000,1.270,0.000
2025-12-04T18:19:36.594990,-1.500,-3.000,1.270,0.000
2025-12-04T18:19:36.610557,-1.500,-3.000,1.270,0.000
2025-12-04T18:19:36.624919,-1.500,-3.000,1.270,0.000
2025-12-04T18:19:36.642067,-1.500,-3.000,1.270,0.000
2025-12-04T18:19:36.659601,-1.500,-3.000,1.270,0.000
2025-12-04T18:19:36.676431,-1.500,-3.000,1.270,0.000
2025-12-04T18:19:36.697759,-1.500,-3.000,1.270,0.000
2025-12-04T18:19:36.711766,-1.500,-3.000,1.270,0.000
2025-12-04T18:19:36.729506,-1.500,-3.000,1.270,0.000
2025-12-04T18:19:36.748139,-1.500,-3.000,1.270,0.000
2025-12-04T18:19:36.766318,-1.500,-3.000,1.270,0.000
2025-12-04T18:19:36.784213,-1.500,-3.000,1.270,0.000
2025-12-04T18:19:36.800335,-1.500,-3.000,1.270,0.000
2025-12-04T18:19:36.816423,-1.500,-3.000,1.270,0.000
2025-12-04T18:19:36.831301,-1.500,-3.000,1.270,0.000
2025-12-04T18:19:36.847184,-1.500,-3.000,1.270,0.000
2025-12-04T18:19:36.861541,-1.500,-3.000,1.270,0.000
2025-12-04T18:19:36.875246,-1.500,-3.000,1.270,0.000
2025-12-04T18:19:36.889529,-1.500,-3.000,1.270,0.000
2025-12-04T18:19:36.905324,-1.500,-3.000,1.270,0.000
2025-12-04T18:19:36.922038,-1.500,-3.000,1.270,0.000
2025-12-04T18:19:36.938148,-1.500,-3.000,1.270,0.000
2025-12-04T18:19:36.954123,-1.500,-3.000,1.270,0.000
2025-12-04T18:19:36.972501,-1.500,-3.000,1.270,0.000
2025-12-04T18:19:36.989621,-1.500,-3.000,1.270,0.000
2025-12-04T18:19:37.007743,-1.500,-3.000,1.270,0.000
2025-12-04T18:19:37.026297,-1.500,-3.000,1.270,0.000
2025-12-04T18:19:37.043494,-1.500,-3.000,1.270,0.000
2025-12-04T18:19:37.059660,-1.500,-3.000,1.270,0.000
2025-12-04T18:19:37.111394,-1.500,-3.000,1.270,0.000
2025-12-04T18:19:37.123904,-1.500,-3.000,1.270,0.000
2025-12-04T18:19:37.139930,-1.500,-3.000,1.270,0.000
2025-12-04T18:19:37.154697,-1.500,-3.000,1.270,0.000
2025-12-04T18:19:37.170124,-1.500,-3.000,1.270,0.000
2025-12-04T18:19:37.182354,-1.500,-3.000,1.270,0.000
2025-12-04T18:19:37.194967,-1.500,-3.000,1.270,0.000
2025-12-04T18:19:37.206593,-1.500,-3.000,1.270,0.000
2025-12-04T18:19:37.219722,-1.500,-3.000,1.270,0.000
2025-12-04T18:19:37.231485,-1.500,-3.000,1.270,0.000
2025-12-04T18:19:37.244915,-1.500,-3.000,1.270,0.000
2025-12-04T18:19:37.259348,-1.500,-3.000,1.270,0.000
2025-12-04T18:19:37.273791,-1.500,-3.000,1.270,0.000
2025-12-04T18:19:37.288574,-1.500,-3.000,1.270,0.000
2025-12-04T18:19:37.303862,-1.500,-3.000,1.270,0.000
2025-12-04T18:19:37.319815,-1.500,-3.000,1.270,0.000
2025-12-04T18:19:37.336163,-1.500,-3.000,1.270,0.000
2025-12-04T18:19:37.353198,-1.500,-3.000,1.270,0.000
2025-12-04T18:19:37.370072,-1.500,-3.000,1.270,0.000
2025-12-04T18:19:37.387103,-1.500,-3.000,1.270,0.000
2025-12-04T18:19:37.405392,-1.500,-3.000,1.270,0.000
2025-12-04T18:19:37.422711,-1.500,-3.000,1.270,0.000
2025-12-04T18:19:37.440338,-1.500,-3.000,1.270,0.000
2025-12-04T18:19:37.458765,-1.500,-3.000,1.270,0.000
2025-12-04T18:19:37.474705,-1.500,-3.000,1.270,0.000
2025-12-04T18:19:37.492655,-1.500,-3.000,1.270,0.000
2025-12-04T18:19:37.509653,-1.500,-3.000,1.270,0.000
2025-12-04T18:19:37.525490,-1.500,-3.000,1.270,0.000
2025-12-04T18:19:37.540593,-1.500,-3.000,1.270,0.000
2025-12-04T18:19:37.557140,-1.500,-3.000,1.270,0.000
2025-12-04T18:19:37.572687,-1.500,-3.000,1.270,0.000
2025-12-04T18:19:37.583173,-1.500,-3.000,1.270,0.000
2025-12-04T18:19:37.600004,-1.500,-3.000,1.270,0.000
2025-12-04T18:19:37.615279,-1.500,-3.000,1.270,0.000
2025-12-04T18:19:37.632707,-1.500,-3.000,1.270,0.000
2025-12-04T18:19:37.650187,-1.500,-3.000,1.270,0.000
2025-12-04T18:19:37.667305,-1.500,-3.000,1.270,0.000
2025-12-04T18:19:37.686384,-1.500,-3.000,1.270,0.000
2025-12-04T18:19:37.706172,-1.500,-3.000,1.270,0.000
2025-12-04T18:19:37.722095,-1.500,-3.000,1.270,0.000
2025-12-04T18:19:37.741215,-1.500,-3.000,1.270,0.000
2025-12-04T18:19:37.754382,-1.500,-3.000,1.270,0.000
2025-12-04T18:19:37.771065,-1.500,-3.000,1.270,0.000
2025-12-04T18:19:37.786993,-1.500,-3.000,1.270,0.000
2025-12-04T18:19:37.802004,-1.500,-3.000,1.270,0.000
2025-12-04T18:19:37.816015,-1.500,-3.000,1.270,0.000
2025-12-04T18:19:37.829790,-1.500,-3.000,1.270,0.000
2025-12-04T18:19:37.844504,-1.500,-3.000,1.270,0.000
2025-12-04T18:19:37.859890,-1.500,-3.000,1.270,0.000
2025-12-04T18:19:37.876716,-1.500,-3.000,1.270,0.000
2025-12-04T18:19:37.892184,-1.500,-3.000,1.270,0.000
2025-12-04T18:19:37.909892,-1.500,-3.000,1.270,0.000
2025-12-04T18:19:37.924671,-1.500,-3.000,1.270,0.000
2025-12-04T18:19:37.940541,-1.500,-3.000,1.270,0.000
2025-12-04T18:19:37.958588,-1.500,-3.000,1.270,0.000
2025-12-04T18:19:37.975243,-1.500,-3.000,1.270,0.000
2025-12-04T18:19:37.993234,-1.500,-3.000,1.270,0.000
2025-12-04T18:19:38.009909,-1.500,-3.000,1.270,0.000
2025-12-04T18:19:38.025875,-1.500,-3.000,1.270,0.000
2025-12-04T18:19:38.043585,-1.500,-3.000,1.270,0.000
2025-12-04T18:19:38.059438,-1.500,-3.000,1.270,0.000
2025-12-04T18:19:38.075560,-1.500,-3.000,1.270,0.000
2025-12-04T18:19:38.092260,-1.500,-3.000,1.270,0.000
2025-12-04T18:19:38.107415,-1.500,-3.000,1.270,0.000
2025-12-04T18:19:38.123206,-1.500,-3.000,1.270,0.000
2025-12-04T18:19:38.138881,-1.500,-3.000,1.270,0.000
2025-12-04T18:19:38.154799,-1.500,-3.000,1.270,0.000
2025-12-04T18:19:38.170655,-1.500,-3.000,1.270,0.000
2025-12-04T18:19:38.188310,-1.500,-3.000,1.270,0.000
2025-12-04T18:19:38.204117,-1.500,-3.000,1.270,0.000
2025-12-04T18:19:38.224764,-1.500,-3.000,1.270,0.000
2025-12-04T18:19:38.237696,-1.500,-3.000,1.270,0.000
2025-12-04T18:19:38.256976,-1.500,-3.000,1.270,0.000
2025-12-04T18:19:38.273775,-1.500,-3.000,1.270,0.000
2025-12-04T18:19:38.292074,-1.500,-3.000,1.270,0.000
2025-12-04T18:19:38.310469,-1.500,-3.000,1.270,0.000
2025-12-04T18:19:38.352435,-1.500,-3.000,1.270,0.000
2025-12-04T18:19:38.361025,-1.500,-3.000,1.270,0.000
2025-12-04T18:19:38.378011,-1.500,-3.000,1.270,0.000
2025-12-04T18:19:38.392688,-1.500,-3.000,1.270,0.000
2025-12-04T18:19:38.408011,-1.500,-3.000,1.270,0.000
2025-12-04T18:19:38.422899,-1.500,-3.000,1.270,0.000
2025-12-04T18:19:38.433937,-1.500,-3.000,1.270,0.000
2025-12-04T18:19:38.449160,-1.500,-3.000,1.270,0.000
2025-12-04T18:19:38.461823,-1.500,-3.000,1.270,0.000
2025-12-04T18:19:38.473748,-1.500,-3.000,1.270,0.000
2025-12-04T18:19:38.485691,-1.500,-3.000,1.270,0.000
2025-12-04T18:19:38.497160,-1.500,-3.000,1.270,0.000
2025-12-04T18:19:38.510757,-1.500,-3.000,1.270,0.000
2025-12-04T18:19:38.524259,-1.500,-3.000,1.270,0.000
2025-12-04T18:19:38.540517,-1.500,-3.000,1.270,0.000
2025-12-04T18:19:38.555595,-1.500,-3.000,1.270,0.000
2025-12-04T18:19:38.572275,-1.500,-3.000,1.270,0.000
2025-12-04T18:19:38.588264,-1.500,-3.000,1.270,0.000
2025-12-04T18:19:38.606918,-1.500,-3.000,1.270,0.000
2025-12-04T18:19:38.623930,-1.500,-3.000,1.270,0.000
2025-12-04T18:19:38.641679,-1.500,-3.000,1.270,0.000
2025-12-04T18:19:38.659643,-1.500,-3.000,1.270,0.000
2025-12-04T18:19:38.677661,-1.500,-3.000,1.270,0.000
2025-12-04T18:19:38.696166,-1.500,-3.000,1.270,0.000
2025-12-04T18:19:38.714165,-1.500,-3.000,1.270,0.000
2025-12-04T18:19:38.730039,-1.500,-3.000,1.270,0.000
2025-12-04T18:19:38.746752,-1.500,-3.000,1.270,0.000
2025-12-04T18:19:38.761342,-1.500,-3.000,1.270,0.000
2025-12-04T18:19:38.776261,-1.500,-3.000,1.270,0.000
2025-12-04T18:19:38.790309,-1.500,-3.000,1.270,0.000
2025-12-04T18:19:38.805000,-1.500,-3.000,1.270,0.000
2025-12-04T18:19:38.820000,-1.500,-3.000,1.270,0.000
2025-12-04T18:19:38.835025,-1.500,-3.000,1.270,0.000
2025-12-04T18:19:38.851007,-1.500,-3.000,1.270,0.000
2025-12-04T18:19:38.867577,-1.500,-3.000,1.270,0.000
2025-12-04T18:19:38.884996,-1.500,-3.000,1.270,0.000
2025-12-04T18:19:38.902980,-1.500,-3.000,1.270,0.000
2025-12-04T18:19:38.921627,-1.500,-3.000,1.270,0.000
2025-12-04T18:19:38.938070,-1.500,-3.000,1.270,0.000
2025-12-04T18:19:38.959245,-1.500,-3.000,1.270,0.000
2025-12-04T18:19:38.973479,-1.500,-3.000,1.270,0.000
2025-12-04T18:19:38.991200,-1.500,-3.000,1.270,0.000
2025-12-04T18:19:39.007404,-1.500,-3.000,1.270,0.000
2025-12-04T18:19:39.024540,-1.500,-3.000,1.270,0.000
2025-12-04T18:19:39.041731,-1.500,-3.000,1.270,0.000
2025-12-04T18:19:39.057683,-1.500,-3.000,1.270,0.000
2025-12-04T18:19:39.072813,-1.500,-3.000,1.270,0.000
2025-12-04T18:19:39.087327,-1.500,-3.000,1.270,0.000
2025-12-04T18:19:39.101408,-1.500,-3.000,1.270,0.000
2025-12-04T18:19:39.116632,-1.500,-3.000,1.270,0.000
2025-12-04T18:19:39.133472,-1.500,-3.000,1.270,0.000
2025-12-04T18:19:39.147512,-1.500,-3.000,1.270,0.000
2025-12-04T18:19:39.164956,-1.500,-3.000,1.270,0.000
2025-12-04T18:19:39.180921,-1.500,-3.000,1.270,0.000
2025-12-04T18:19:39.200964,-1.500,-3.000,1.270,0.000
2025-12-04T18:19:39.219180,-1.500,-3.000,1.270,0.000
2025-12-04T18:19:39.236818,-1.500,-3.000,1.270,0.000
2025-12-04T18:19:39.255320,-1.500,-3.000,1.270,0.000
2025-12-04T18:19:39.275683,-1.500,-3.000,1.270,0.000
2025-12-04T18:19:39.288885,-1.500,-3.000,1.270,0.000
2025-12-04T18:19:39.306523,-1.500,-3.000,1.270,0.000
2025-12-04T18:19:39.322742,-1.500,-3.000,1.270,0.000
2025-12-04T18:19:39.337745,-1.500,-3.000,1.270,0.000
2025-12-04T18:19:39.351105,-1.500,-3.000,1.270,0.000
2025-12-04T18:19:39.364873,-1.500,-3.000,1.270,0.000
2025-12-04T18:19:39.381532,-1.500,-3.000,1.270,0.000
2025-12-04T18:19:39.396541,-1.500,-3.000,1.270,0.000
2025-12-04T18:19:39.413399,-1.500,-3.000,1.270,0.000
2025-12-04T18:19:39.431453,-1.500,-3.000,1.270,0.000
2025-12-04T18:19:39.448542,-1.500,-3.000,1.270,0.000
2025-12-04T18:19:39.468413,-1.500,-3.000,1.270,0.000
2025-12-04T18:19:39.483004,-1.500,-3.000,1.270,0.000
2025-12-04T18:19:39.500529,-1.500,-3.000,1.270,0.000
2025-12-04T18:19:39.518126,-1.500,-3.000,1.270,0.000
2025-12-04T18:19:39.534099,-1.500,-3.000,1.270,0.000
2025-12-04T18:19:39.549133,-1.500,-3.000,1.270,0.000
2025-12-04T18:19:39.566204,-1.500,-3.000,1.270,0.000
2025-12-04T18:19:39.589723,-1.500,-3.000,1.270,0.000
2025-12-04T18:19:39.598989,-1.500,-3.000,1.270,0.000
2025-12-04T18:19:39.612879,-1.500,-3.000,1.270,0.000
2025-12-04T18:19:39.627949,-1.500,-3.000,1.270,0.000
2025-12-04T18:19:39.641063,-1.500,-3.000,1.270,0.000
2025-12-04T18:19:39.656413,-1.500,-3.000,1.270,0.000
2025-12-04T18:19:39.672206,-1.500,-3.000,1.270,0.000
2025-12-04T18:19:39.690864,-1.500,-3.000,1.270,0.000
2025-12-04T18:19:39.707538,-1.500,-3.000,1.270,0.000
2025-12-04T18:19:39.725180,-1.500,-3.000,1.270,0.000
2025-12-04T18:19:39.742416,-1.500,-3.000,1.270,0.000
2025-12-04T18:19:39.761556,-1.500,-3.000,1.270,0.000
2025-12-04T18:19:39.778638,-1.500,-3.000,1.270,0.000
2025-12-04T18:19:39.797730,-1.500,-3.000,1.270,0.000
2025-12-04T18:19:39.811910,-1.500,-3.000,1.270,0.000
2025-12-04T18:19:39.828405,-1.500,-3.000,1.270,0.000
2025-12-04T18:19:39.844323,-1.500,-3.000,1.270,0.000
2025-12-04T18:19:39.860224,-1.500,-3.000,1.270,0.000
2025-12-04T18:19:39.874114,-1.500,-3.000,1.270,0.000
2025-12-04T18:19:39.890486,-1.500,-3.000,1.270,0.000
2025-12-04T18:19:39.903844,-1.500,-3.000,1.270,0.000
2025-12-04T18:19:39.920356,-1.500,-3.000,1.270,0.000
2025-12-04T18:19:39.937330,-1.500,-3.000,1.270,0.000
2025-12-04T18:19:39.955775,-1.500,-3.000,1.270,0.000
2025-12-04T18:19:39.969189,-1.500,-3.000,1.270,0.000
2025-12-04T18:19:39.986124,-1.500,-3.000,1.270,0.000
2025-12-04T18:19:40.003989,-1.500,-3.000,1.270,0.000
2025-12-04T18:19:40.024096,-1.500,-3.000,1.270,0.000
2025-12-04T18:19:40.038799,-1.500,-3.000,1.270,0.000
2025-12-04T18:19:40.055338,-1.500,-3.000,1.270,0.000
2025-12-04T18:19:40.072061,-1.500,-3.000,1.270,0.000
2025-12-04T18:19:40.088125,-1.500,-3.000,1.270,0.000
2025-12-04T18:19:40.103626,-1.500,-3.000,1.270,0.000
2025-12-04T18:19:40.118772,-1.500,-3.000,1.270,0.000
2025-12-04T18:19:40.133424,-1.500,-3.000,1.270,0.000
2025-12-04T18:19:40.148884,-1.500,-3.000,1.270,0.000
2025-12-04T18:19:40.165145,-1.500,-3.000,1.270,0.000
2025-12-04T18:19:40.181209,-1.500,-3.000,1.270,0.000
2025-12-04T18:19:40.197355,-1.500,-3.000,1.270,0.000
2025-12-04T18:19:40.214400,-1.500,-3.000,1.270,0.000
2025-12-04T18:19:40.232555,-1.500,-3.000,1.270,0.000
2025-12-04T18:19:40.251453,-1.500,-3.000,1.270,0.000
2025-12-04T18:19:40.271146,-1.500,-3.000,1.270,0.000
2025-12-04T18:19:40.287462,-1.500,-3.000,1.270,0.000
2025-12-04T18:19:40.306003,-1.500,-3.000,1.270,0.000
2025-12-04T18:19:40.322881,-1.500,-3.000,1.270,0.000
2025-12-04T18:19:40.338802,-1.500,-3.000,1.270,0.000
2025-12-04T18:19:40.355245,-1.500,-3.000,1.270,0.000
2025-12-04T18:19:40.369905,-1.500,-3.000,1.270,0.000
2025-12-04T18:19:40.384669,-1.500,-3.000,1.270,0.000
2025-12-04T18:19:40.399067,-1.500,-3.000,1.270,0.000
2025-12-04T18:19:40.416068,-1.500,-3.000,1.270,0.000
2025-12-04T18:19:40.432449,-1.500,-3.000,1.270,0.000
2025-12-04T18:19:40.449842,-1.500,-3.000,1.270,0.000
2025-12-04T18:19:40.467510,-1.500,-3.000,1.270,0.000
2025-12-04T18:19:40.482255,-1.500,-3.000,1.270,0.000
2025-12-04T18:19:40.497930,-1.500,-3.000,1.270,0.000
2025-12-04T18:19:40.517501,-1.500,-3.000,1.270,0.000
2025-12-04T18:19:40.533620,-1.500,-3.000,1.270,0.000
2025-12-04T18:19:40.551618,-1.500,-3.000,1.270,0.000
2025-12-04T18:19:40.567796,-1.500,-3.000,1.270,0.000
2025-12-04T18:19:40.585376,-1.500,-3.000,1.270,0.000
2025-12-04T18:19:40.600404,-1.500,-3.000,1.270,0.000
2025-12-04T18:19:40.616049,-1.500,-3.000,1.270,0.000
2025-12-04T18:19:40.631696,-1.500,-3.000,1.270,0.000
2025-12-04T18:19:40.645477,-1.500,-3.000,1.270,0.000
2025-12-04T18:19:40.660787,-1.500,-3.000,1.270,0.000
2025-12-04T18:19:40.676098,-1.500,-3.000,1.270,0.000
2025-12-04T18:19:40.694249,-1.500,-3.000,1.270,0.000
2025-12-04T18:19:40.712284,-1.500,-3.000,1.270,0.000
2025-12-04T18:19:40.728853,-1.500,-3.000,1.270,0.000
2025-12-04T18:19:40.745996,-1.500,-3.000,1.270,0.000
2025-12-04T18:19:40.764187,-1.500,-3.000,1.270,0.000
2025-12-04T18:19:40.783711,-1.500,-3.000,1.270,0.000
2025-12-04T18:19:40.805013,-1.500,-3.000,1.270,0.000
2025-12-04T18:19:40.821090,-1.500,-3.000,1.270,0.000
2025-12-04T18:19:40.838765,-1.500,-3.000,1.270,0.000
2025-12-04T18:19:40.854159,-1.500,-3.000,1.270,0.000
2025-12-04T18:19:40.871594,-1.500,-3.000,1.270,0.000
2025-12-04T18:19:40.886457,-1.500,-3.000,1.270,0.000
2025-12-04T18:19:40.902648,-1.500,-3.000,1.270,0.000
2025-12-04T18:19:40.918441,-1.500,-3.000,1.270,0.000
2025-12-04T18:19:40.932087,-1.500,-3.000,1.270,0.000
2025-12-04T18:19:40.948180,-1.500,-3.000,1.270,0.000
2025-12-04T18:19:40.963110,-1.500,-3.000,1.270,0.000
2025-12-04T18:19:40.978539,-1.500,-3.000,1.270,0.000
2025-12-04T18:19:40.992026,-1.500,-3.000,1.270,0.000
2025-12-04T18:19:41.009528,-1.500,-3.000,1.270,0.000
2025-12-04T18:19:41.027735,-1.500,-3.000,1.270,0.000
2025-12-04T18:19:41.046581,-1.500,-3.000,1.270,0.000
2025-12-04T18:19:41.071903,-1.500,-3.000,1.270,0.000
2025-12-04T18:19:41.089246,-1.500,-3.000,1.270,0.000
2025-12-04T18:19:41.108772,-1.500,-3.000,1.270,0.000
2025-12-04T18:19:41.124139,-1.500,-3.000,1.270,0.000
2025-12-04T18:19:41.137771,-1.500,-3.000,1.270,0.000
2025-12-04T18:19:41.153684,-1.500,-3.000,1.270,0.000
2025-12-04T18:19:41.169047,-1.500,-3.000,1.270,0.000
2025-12-04T18:19:41.182501,-1.500,-3.000,1.270,0.000
2025-12-04T18:19:41.196881,-1.500,-3.000,1.270,0.000
2025-12-04T18:19:41.210724,-1.500,-3.000,1.270,0.000
2025-12-04T18:19:41.228307,-1.500,-3.000,1.270,0.000
2025-12-04T18:19:41.242339,-1.500,-3.000,1.270,0.000
2025-12-04T18:19:41.308755,-1.500,-3.000,1.270,0.000
2025-12-04T18:19:41.349328,-1.500,-3.000,1.270,0.000
2025-12-04T18:19:41.366106,-1.500,-3.000,1.270,0.000
2025-12-04T18:19:41.380183,-1.500,-3.000,1.270,0.000
2025-12-04T18:19:41.395500,-1.500,-3.000,1.270,0.000
2025-12-04T18:19:41.409410,-1.500,-3.000,1.270,0.000
2025-12-04T18:19:41.424063,-1.500,-3.000,1.270,0.000
2025-12-04T18:19:41.436830,-1.500,-3.000,1.270,0.000
2025-12-04T18:19:41.451065,-1.500,-3.000,1.270,0.000
2025-12-04T18:19:41.463619,-1.500,-3.000,1.270,0.000
2025-12-04T18:19:41.476533,-1.500,-3.000,1.270,0.000
2025-12-04T18:19:41.490215,-1.500,-3.000,1.270,0.000
2025-12-04T18:19:41.505922,-1.500,-3.000,1.270,0.000
2025-12-04T18:19:41.520921,-1.500,-3.000,1.270,0.000
2025-12-04T18:19:41.535874,-1.500,-3.000,1.270,0.000
2025-12-04T18:19:41.550105,-1.500,-3.000,1.270,0.000
2025-12-04T18:19:41.567693,-1.500,-3.000,1.270,0.000
2025-12-04T18:19:41.583162,-1.500,-3.000,1.270,0.000
2025-12-04T18:19:41.600358,-1.500,-3.000,1.270,0.000
2025-12-04T18:19:41.618965,-1.500,-3.000,1.270,0.000
2025-12-04T18:19:41.634713,-1.500,-3.000,1.270,0.000
2025-12-04T18:19:41.651714,-1.500,-3.000,1.270,0.000
2025-12-04T18:19:41.672705,-1.500,-3.000,1.270,0.000
2025-12-04T18:19:41.690215,-1.500,-3.000,1.270,0.000
2025-12-04T18:19:41.706336,-1.500,-3.000,1.270,0.000
2025-12-04T18:19:41.722189,-1.500,-3.000,1.270,0.000
2025-12-04T18:19:41.740082,-1.500,-3.000,1.270,0.000
2025-12-04T18:19:41.755001,-1.500,-3.000,1.270,0.000
2025-12-04T18:19:41.770686,-1.500,-3.000,1.270,0.000
2025-12-04T18:19:41.784861,-1.500,-3.000,1.270,0.000
2025-12-04T18:19:41.800457,-1.500,-3.000,1.270,0.000
2025-12-04T18:19:41.815930,-1.500,-3.000,1.270,0.000
2025-12-04T18:19:41.831792,-1.500,-3.000,1.270,0.000
2025-12-04T18:19:41.848312,-1.500,-3.000,1.270,0.000
2025-12-04T18:19:41.862983,-1.500,-3.000,1.270,0.000
2025-12-04T18:19:41.880687,-1.500,-3.000,1.270,0.000
2025-12-04T18:19:41.898160,-1.500,-3.000,1.270,0.000
2025-12-04T18:19:41.915130,-1.500,-3.000,1.270,0.000
2025-12-04T18:19:41.934308,-1.500,-3.000,1.270,0.000
2025-12-04T18:19:41.959974,-1.500,-3.000,1.270,0.000
2025-12-04T18:19:41.968069,-1.500,-3.000,1.270,0.000
2025-12-04T18:19:41.986079,-1.500,-3.000,1.270,0.000
2025-12-04T18:19:42.002167,-1.500,-3.000,1.270,0.000
2025-12-04T18:19:42.018036,-1.500,-3.000,1.270,0.000
2025-12-04T18:19:42.032058,-1.500,-3.000,1.270,0.000
2025-12-04T18:19:42.047748,-1.500,-3.000,1.270,0.000
2025-12-04T18:19:42.063200,-1.500,-3.000,1.270,0.000
2025-12-04T18:19:42.078595,-1.500,-3.000,1.270,0.000
2025-12-04T18:19:42.094330,-1.500,-3.000,1.270,0.000
2025-12-04T18:19:42.111424,-1.500,-3.000,1.270,0.000
2025-12-04T18:19:42.128590,-1.500,-3.000,1.270,0.000
2025-12-04T18:19:42.152258,-1.500,-3.000,1.270,0.000
2025-12-04T18:19:42.181851,-1.500,-3.000,1.270,0.000
2025-12-04T18:19:42.197109,-1.500,-3.000,1.270,0.000
2025-12-04T18:19:42.211839,-1.500,-3.000,1.270,0.000
2025-12-04T18:19:42.227822,-1.500,-3.000,1.270,0.000
2025-12-04T18:19:42.242608,-1.500,-3.000,1.270,0.000
2025-12-04T18:19:42.259297,-1.500,-3.000,1.270,0.000
2025-12-04T18:19:42.305682,-1.500,-3.000,1.270,0.000
2025-12-04T18:19:42.320321,-1.500,-3.000,1.270,0.000
2025-12-04T18:19:42.338078,-1.500,-3.000,1.270,0.000
2025-12-04T18:19:42.350829,-1.500,-3.000,1.270,0.000
2025-12-04T18:19:42.362680,-1.500,-3.000,1.270,0.000
2025-12-04T18:19:42.375330,-1.500,-3.000,1.270,0.000
2025-12-04T18:19:42.386973,-1.500,-3.000,1.270,0.000
2025-12-04T18:19:42.398848,-1.500,-3.000,1.270,0.000
2025-12-04T18:19:42.409136,-1.500,-3.000,1.270,0.000
2025-12-04T18:19:42.422409,-1.500,-3.000,1.270,0.000
2025-12-04T18:19:42.433104,-1.500,-3.000,1.270,0.000
2025-12-04T18:19:42.462205,-1.500,-3.000,1.270,0.000
2025-12-04T18:19:42.473645,-1.500,-3.000,1.270,0.000
2025-12-04T18:19:42.487142,-1.500,-3.000,1.270,0.000
2025-12-04T18:19:42.499819,-1.500,-3.000,1.270,0.000
2025-12-04T18:19:42.515182,-1.500,-3.000,1.270,0.000
2025-12-04T18:19:42.529698,-1.500,-3.000,1.270,0.000
2025-12-04T18:19:42.544457,-1.500,-3.000,1.270,0.000
2025-12-04T18:19:42.559599,-1.500,-3.000,1.270,0.000
2025-12-04T18:19:42.575746,-1.500,-3.000,1.270,0.000
2025-12-04T18:19:42.593191,-1.500,-3.000,1.270,0.000
2025-12-04T18:19:42.611430,-1.500,-3.000,1.270,0.000
2025-12-04T18:19:42.629635,-1.500,-3.000,1.270,0.000
2025-12-04T18:19:42.647824,-1.500,-3.000,1.270,0.000
2025-12-04T18:19:42.666019,-1.500,-3.000,1.270,0.000
2025-12-04T18:19:42.684894,-1.500,-3.000,1.270,0.000
2025-12-04T18:19:42.702336,-1.500,-3.000,1.270,0.000
2025-12-04T18:19:42.746498,-1.500,-3.000,1.270,0.000
2025-12-04T18:19:42.764880,-1.500,-3.000,1.270,0.000
2025-12-04T18:19:42.778893,-1.500,-3.000,1.270,0.000
2025-12-04T18:19:42.794802,-1.500,-3.000,1.270,0.000
2025-12-04T18:19:42.809089,-1.500,-3.000,1.270,0.000
2025-12-04T18:19:42.862650,-1.500,-3.000,1.270,0.000
2025-12-04T18:19:42.875711,-1.500,-3.000,1.270,0.000
2025-12-04T18:19:42.888215,-1.500,-3.000,1.270,0.000
2025-12-04T18:19:42.901947,-1.500,-3.000,1.270,0.000
2025-12-04T18:19:42.913399,-1.500,-3.000,1.270,0.000
2025-12-04T18:19:42.926250,-1.500,-3.000,1.270,0.000
2025-12-04T18:19:42.936830,-1.500,-3.000,1.270,0.000
2025-12-04T18:19:42.958218,-1.500,-3.000,1.270,0.000
2025-12-04T18:19:42.965824,-1.500,-3.000,1.270,0.000
2025-12-04T18:19:42.977409,-1.500,-3.000,1.270,0.000
2025-12-04T18:19:42.986091,-1.500,-3.000,1.270,0.000
2025-12-04T18:19:42.996073,-1.500,-3.000,1.270,0.000
2025-12-04T18:19:43.006952,-1.500,-3.000,1.270,0.000
2025-12-04T18:19:43.018117,-1.500,-3.000,1.270,0.000
2025-12-04T18:19:43.031092,-1.500,-3.000,1.270,0.000
2025-12-04T18:19:43.044060,-1.500,-3.000,1.270,0.000
2025-12-04T18:19:43.058716,-1.500,-3.000,1.270,0.000
2025-12-04T18:19:43.071461,-1.500,-3.000,1.270,0.000
2025-12-04T18:19:43.087143,-1.500,-3.000,1.270,0.000
2025-12-04T18:19:43.100687,-1.500,-3.000,1.270,0.000
2025-12-04T18:19:43.117159,-1.500,-3.000,1.270,0.000
2025-12-04T18:19:43.132715,-1.500,-3.000,1.270,0.000
2025-12-04T18:19:43.150358,-1.500,-3.000,1.270,0.000
2025-12-04T18:19:43.165233,-1.500,-3.000,1.270,0.000
2025-12-04T18:19:43.182397,-1.500,-3.000,1.270,0.000
2025-12-04T18:19:43.200779,-1.500,-3.000,1.270,0.000
2025-12-04T18:19:43.218334,-1.500,-3.000,1.270,0.000
2025-12-04T18:19:43.237460,-1.500,-3.000,1.270,0.000
2025-12-04T18:19:43.256513,-1.500,-3.000,1.270,0.000
2025-12-04T18:19:43.275283,-1.500,-3.000,1.270,0.000
2025-12-04T18:19:43.289835,-1.500,-3.000,1.270,0.000
2025-12-04T18:19:43.306937,-1.500,-3.000,1.270,0.000
2025-12-04T18:19:43.323970,-1.500,-3.000,1.270,0.000
2025-12-04T18:19:43.339807,-1.500,-3.000,1.270,0.000
2025-12-04T18:19:43.355065,-1.500,-3.000,1.270,0.000
2025-12-04T18:19:43.369907,-1.500,-3.000,1.270,0.000
2025-12-04T18:19:43.384658,-1.500,-3.000,1.270,0.000
2025-12-04T18:19:43.397682,-1.500,-3.000,1.270,0.000
2025-12-04T18:19:43.413074,-1.500,-3.000,1.270,0.000
2025-12-04T18:19:43.427870,-1.500,-3.000,1.270,0.000
2025-12-04T18:19:43.443080,-1.500,-3.000,1.270,0.000
2025-12-04T18:19:43.473362,-1.500,-3.000,1.270,0.000
2025-12-04T18:19:43.482411,-1.500,-3.000,1.270,0.000
2025-12-04T18:19:43.500902,-1.500,-3.000,1.270,0.000
2025-12-04T18:19:43.518182,-1.500,-3.000,1.270,0.000
2025-12-04T18:19:43.534868,-1.500,-3.000,1.270,0.000
2025-12-04T18:19:43.553347,-1.500,-3.000,1.270,0.000
2025-12-04T18:19:43.570826,-1.500,-3.000,1.270,0.000
2025-12-04T18:19:43.584849,-1.500,-3.000,1.270,0.000
2025-12-04T18:19:43.602300,-1.500,-3.000,1.270,0.000
2025-12-04T18:19:43.616283,-1.500,-3.000,1.270,0.000
2025-12-04T18:19:43.629943,-1.500,-3.000,1.270,0.000
2025-12-04T18:19:43.645940,-1.500,-3.000,1.270,0.000
2025-12-04T18:19:43.661158,-1.500,-3.000,1.270,0.000
2025-12-04T18:19:43.677919,-1.500,-3.000,1.270,0.000
2025-12-04T18:19:43.695657,-1.500,-3.000,1.270,0.000
2025-12-04T18:19:43.713945,-1.500,-3.000,1.270,0.000
2025-12-04T18:19:43.731883,-1.500,-3.000,1.270,0.000
2025-12-04T18:19:43.748688,-1.500,-3.000,1.270,0.000
2025-12-04T18:19:43.766843,-1.500,-3.000,1.270,0.000
2025-12-04T18:19:43.785074,-1.500,-3.000,1.270,0.000
2025-12-04T18:19:43.803626,-1.500,-3.000,1.270,0.000
2025-12-04T18:19:43.819731,-1.500,-3.000,1.270,0.000
2025-12-04T18:19:43.834542,-1.500,-3.000,1.270,0.000
2025-12-04T18:19:43.850356,-1.500,-3.000,1.270,0.000
2025-12-04T18:19:43.863063,-1.500,-3.000,1.270,0.000
2025-12-04T18:19:43.877915,-1.500,-3.000,1.270,0.000
2025-12-04T18:19:43.892116,-1.500,-3.000,1.270,0.000
2025-12-04T18:19:43.905986,-1.500,-3.000,1.270,0.000
2025-12-04T18:19:43.920885,-1.500,-3.000,1.270,0.000
2025-12-04T18:19:43.935492,-1.500,-3.000,1.270,0.000
2025-12-04T18:19:43.951010,-1.500,-3.000,1.270,0.000
2025-12-04T18:19:43.967194,-1.500,-3.000,1.270,0.000
2025-12-04T18:19:43.984263,-1.500,-3.000,1.270,0.000
2025-12-04T18:19:44.001928,-1.500,-3.000,1.270,0.000
2025-12-04T18:19:44.018840,-1.500,-3.000,1.270,0.000
2025-12-04T18:19:44.036044,-1.500,-3.000,1.270,0.000
2025-12-04T18:19:44.054766,-1.500,-3.000,1.270,0.000
2025-12-04T18:19:44.072754,-1.500,-3.000,1.270,0.000
2025-12-04T18:19:44.094418,-1.500,-3.000,1.270,0.000
2025-12-04T18:19:44.105831,-1.500,-3.000,1.270,0.000
2025-12-04T18:19:44.123180,-1.500,-3.000,1.270,0.000
2025-12-04T18:19:44.140250,-1.500,-3.000,1.270,0.000
2025-12-04T18:19:44.155851,-1.500,-3.000,1.270,0.000
2025-12-04T18:19:44.171814,-1.500,-3.000,1.270,0.000
2025-12-04T18:19:44.187442,-1.500,-3.000,1.270,0.000
2025-12-04T18:19:44.201758,-1.500,-3.000,1.270,0.000
2025-12-04T18:19:44.216807,-1.500,-3.000,1.270,0.000
2025-12-04T18:19:44.231992,-1.500,-3.000,1.270,0.000
2025-12-04T18:19:44.248227,-1.500,-3.000,1.270,0.000
2025-12-04T18:19:44.264161,-1.500,-3.000,1.270,0.000
2025-12-04T18:19:44.280515,-1.500,-3.000,1.270,0.000
2025-12-04T18:19:44.297714,-1.500,-3.000,1.270,0.000
2025-12-04T18:19:44.316696,-1.500,-3.000,1.270,0.000
2025-12-04T18:19:44.333680,-1.500,-3.000,1.270,0.000
2025-12-04T18:19:44.350775,-1.500,-3.000,1.270,0.000
2025-12-04T18:19:44.368650,-1.500,-3.000,1.270,0.000
2025-12-04T18:19:44.386079,-1.500,-3.000,1.270,0.000
2025-12-04T18:19:44.401875,-1.500,-3.000,1.270,0.000
2025-12-04T18:19:44.418348,-1.500,-3.000,1.270,0.000
2025-12-04T18:19:44.433533,-1.500,-3.000,1.270,0.000
2025-12-04T18:19:44.448564,-1.500,-3.000,1.270,0.000
2025-12-04T18:19:44.463451,-1.500,-3.000,1.270,0.000
2025-12-04T18:19:44.478163,-1.500,-3.000,1.270,0.000
2025-12-04T18:19:44.493226,-1.500,-3.000,1.270,0.000
2025-12-04T18:19:44.515046,-1.500,-3.000,1.270,0.000
2025-12-04T18:19:44.529869,-1.500,-3.000,1.270,0.000
2025-12-04T18:19:44.547012,-1.500,-3.000,1.270,0.000
2025-12-04T18:19:44.565382,-1.500,-3.000,1.270,0.000
2025-12-04T18:19:44.582197,-1.500,-3.000,1.270,0.000
2025-12-04T18:19:44.600236,-1.500,-3.000,1.270,0.000
2025-12-04T18:19:44.617401,-1.500,-3.000,1.270,0.000
2025-12-04T18:19:44.634838,-1.500,-3.000,1.270,0.000
2025-12-04T18:19:44.649940,-1.500,-3.000,1.270,0.000
2025-12-04T18:19:44.665396,-1.500,-3.000,1.270,0.000
2025-12-04T18:19:44.680756,-1.500,-3.000,1.270,0.000
2025-12-04T18:19:44.694978,-1.500,-3.000,1.270,0.000
2025-12-04T18:19:44.712758,-1.500,-3.000,1.270,0.000
2025-12-04T18:19:44.730170,-1.500,-3.000,1.270,0.000
2025-12-04T18:19:44.749651,-1.500,-3.000,1.270,0.000
2025-12-04T18:19:44.765742,-1.500,-3.000,1.270,0.000
2025-12-04T18:19:44.783618,-1.500,-3.000,1.270,0.000
2025-12-04T18:19:44.804086,-1.500,-3.000,1.270,0.000
2025-12-04T18:19:44.823608,-1.500,-3.000,1.270,0.000
2025-12-04T18:19:44.839668,-1.500,-3.000,1.270,0.000
2025-12-04T18:19:44.855288,-1.500,-3.000,1.270,0.000
2025-12-04T18:19:44.871295,-1.500,-3.000,1.270,0.000
2025-12-04T18:19:44.886346,-1.500,-3.000,1.270,0.000
2025-12-04T18:19:44.901988,-1.500,-3.000,1.270,0.000
2025-12-04T18:19:44.916172,-1.500,-3.000,1.270,0.000
2025-12-04T18:19:44.929158,-1.500,-3.000,1.270,0.000
2025-12-04T18:19:44.941688,-1.500,-3.000,1.270,0.000
2025-12-04T18:19:44.955696,-1.500,-3.000,1.270,0.000
2025-12-04T18:19:44.971348,-1.500,-3.000,1.270,0.000
2025-12-04T18:19:44.986077,-1.500,-3.000,1.270,0.000
2025-12-04T18:19:45.002110,-1.500,-3.000,1.270,0.000
2025-12-04T18:19:45.018977,-1.500,-3.000,1.270,0.000
2025-12-04T18:19:45.037833,-1.500,-3.000,1.270,0.000
2025-12-04T18:19:45.055919,-1.500,-3.000,1.270,0.000
2025-12-04T18:19:45.072600,-1.500,-3.000,1.270,0.000
2025-12-04T18:19:45.091594,-1.500,-3.000,1.270,0.000
2025-12-04T18:19:45.109397,-1.500,-3.000,1.270,0.000
2025-12-04T18:19:45.126150,-1.500,-3.000,1.270,0.000
2025-12-04T18:19:45.145060,-1.500,-3.000,1.270,0.000
2025-12-04T18:19:45.159923,-1.500,-3.000,1.270,0.000
2025-12-04T18:19:45.176848,-1.500,-3.000,1.270,0.000
2025-12-04T18:19:45.192638,-1.500,-3.000,1.270,0.000
2025-12-04T18:19:45.209081,-1.500,-3.000,1.270,0.000
2025-12-04T18:19:45.223501,-1.500,-3.000,1.270,0.000
2025-12-04T18:19:45.238346,-1.500,-3.000,1.270,0.000
2025-12-04T18:19:45.254339,-1.500,-3.000,1.270,0.000
2025-12-04T18:19:45.271215,-1.500,-3.000,1.270,0.000
2025-12-04T18:19:45.287842,-1.500,-3.000,1.270,0.000
2025-12-04T18:19:45.306331,-1.500,-3.000,1.270,0.000
2025-12-04T18:19:45.322074,-1.500,-3.000,1.270,0.000
2025-12-04T18:19:45.338719,-1.500,-3.000,1.270,0.000
2025-12-04T18:19:45.357039,-1.500,-3.000,1.270,0.000
2025-12-04T18:19:45.375001,-1.500,-3.000,1.270,0.000
2025-12-04T18:19:45.391231,-1.500,-3.000,1.270,0.000
2025-12-04T18:19:45.406330,-1.500,-3.000,1.270,0.000
2025-12-04T18:19:45.422695,-1.500,-3.000,1.270,0.000
2025-12-04T18:19:45.438542,-1.500,-3.000,1.270,0.000
2025-12-04T18:19:45.453531,-1.500,-3.000,1.270,0.000
2025-12-04T18:19:45.468595,-1.500,-3.000,1.270,0.000
2025-12-04T18:19:45.483277,-1.500,-3.000,1.270,0.000
2025-12-04T18:19:45.498966,-1.500,-3.000,1.270,0.000
2025-12-04T18:19:45.515271,-1.500,-3.000,1.270,0.000
2025-12-04T18:19:45.531868,-1.500,-3.000,1.270,0.000
2025-12-04T18:19:45.548420,-1.500,-3.000,1.270,0.000
2025-12-04T18:19:45.564753,-1.500,-3.000,1.270,0.000
2025-12-04T18:19:45.582872,-1.500,-3.000,1.270,0.000
2025-12-04T18:19:45.601566,-1.500,-3.000,1.270,0.000
2025-12-04T18:19:45.621073,-1.500,-3.000,1.270,0.000
2025-12-04T18:19:45.637805,-1.500,-3.000,1.270,0.000
2025-12-04T18:19:45.652779,-1.500,-3.000,1.270,0.000
2025-12-04T18:19:45.671822,-1.500,-3.000,1.270,0.000
2025-12-04T18:19:45.687857,-1.500,-3.000,1.270,0.000
2025-12-04T18:19:45.704327,-1.500,-3.000,1.270,0.000
2025-12-04T18:19:45.719672,-1.500,-3.000,1.270,0.000
2025-12-04T18:19:45.735177,-1.500,-3.000,1.270,0.000
2025-12-04T18:19:45.749039,-1.500,-3.000,1.270,0.000
2025-12-04T18:19:45.765602,-1.500,-3.000,1.270,0.000
2025-12-04T18:19:45.780998,-1.500,-3.000,1.270,0.000
2025-12-04T18:19:45.797153,-1.500,-3.000,1.270,0.000
2025-12-04T18:19:45.815951,-1.500,-3.000,1.270,0.000
2025-12-04T18:19:45.831612,-1.500,-3.000,1.270,0.000
2025-12-04T18:19:45.849281,-1.500,-3.000,1.270,0.000
2025-12-04T18:19:45.867163,-1.500,-3.000,1.270,0.000
2025-12-04T18:19:45.887181,-1.500,-3.000,1.270,0.000
2025-12-04T18:19:45.905142,-1.500,-3.000,1.270,0.000
2025-12-04T18:19:45.921868,-1.500,-3.000,1.270,0.000
2025-12-04T18:19:45.939108,-1.500,-3.000,1.270,0.000
2025-12-04T18:19:45.956234,-1.500,-3.000,1.270,0.000
2025-12-04T18:19:45.972725,-1.500,-3.000,1.270,0.000
2025-12-04T18:19:45.986033,-1.500,-3.000,1.270,0.000
2025-12-04T18:19:46.000707,-1.500,-3.000,1.270,0.000
2025-12-04T18:19:46.015950,-1.500,-3.000,1.270,0.000
2025-12-04T18:19:46.030629,-1.500,-3.000,1.270,0.000
2025-12-04T18:19:46.047347,-1.500,-3.000,1.270,0.000
2025-12-04T18:19:46.072074,-1.500,-3.000,1.270,0.000
2025-12-04T18:19:46.086380,-1.500,-3.000,1.270,0.000
2025-12-04T18:19:46.103542,-1.500,-3.000,1.270,0.000
2025-12-04T18:19:46.118138,-1.500,-3.000,1.270,0.000
2025-12-04T18:19:46.134224,-1.500,-3.000,1.270,0.000
2025-12-04T18:19:46.148473,-1.500,-3.000,1.270,0.000
2025-12-04T18:19:46.162019,-1.500,-3.000,1.270,0.000
2025-12-04T18:19:46.176567,-1.500,-3.000,1.270,0.000
2025-12-04T18:19:46.192035,-1.500,-3.000,1.270,0.000
2025-12-04T18:19:46.208070,-1.500,-3.000,1.270,0.000
2025-12-04T18:19:46.224314,-1.500,-3.000,1.270,0.000
2025-12-04T18:19:46.240977,-1.500,-3.000,1.270,0.000
2025-12-04T18:19:46.259150,-1.500,-3.000,1.270,0.000
2025-12-04T18:19:46.276733,-1.500,-3.000,1.270,0.000
2025-12-04T18:19:46.295639,-1.500,-3.000,1.270,0.000
2025-12-04T18:19:46.313829,-1.500,-3.000,1.270,0.000
2025-12-04T18:19:46.331930,-1.500,-3.000,1.270,0.000
2025-12-04T18:19:46.351645,-1.500,-3.000,1.270,0.000
2025-12-04T18:19:46.373543,-1.500,-3.000,1.270,0.000
2025-12-04T18:19:46.387732,-1.500,-3.000,1.270,0.000
2025-12-04T18:19:46.404863,-1.500,-3.000,1.270,0.000
2025-12-04T18:19:46.419490,-1.500,-3.000,1.270,0.000
2025-12-04T18:19:46.436717,-1.500,-3.000,1.270,0.000
2025-12-04T18:19:46.450956,-1.500,-3.000,1.270,0.000
2025-12-04T18:19:46.463100,-1.500,-3.000,1.270,0.000
2025-12-04T18:19:46.475951,-1.500,-3.000,1.270,0.000
2025-12-04T18:19:46.489912,-1.500,-3.000,1.270,0.000
2025-12-04T18:19:46.504153,-1.500,-3.000,1.270,0.000
2025-12-04T18:19:46.518733,-1.500,-3.000,1.270,0.000
2025-12-04T18:19:46.534085,-1.500,-3.000,1.270,0.000
2025-12-04T18:19:46.551110,-1.500,-3.000,1.270,0.000
2025-12-04T18:19:46.568057,-1.500,-3.000,1.270,0.000
2025-12-04T18:19:46.585377,-1.500,-3.000,1.270,0.000
2025-12-04T18:19:46.602405,-1.500,-3.000,1.270,0.000
2025-12-04T18:19:46.620375,-1.500,-3.000,1.270,0.000
2025-12-04T18:19:46.639100,-1.500,-3.000,1.270,0.000
2025-12-04T18:19:46.656309,-1.500,-3.000,1.270,0.000
2025-12-04T18:19:46.674309,-1.500,-3.000,1.270,0.000
2025-12-04T18:19:46.692325,-1.500,-3.000,1.270,0.000
2025-12-04T18:19:46.707358,-1.500,-3.000,1.270,0.000
2025-12-04T18:19:46.723628,-1.500,-3.000,1.270,0.000
2025-12-04T18:19:46.739160,-1.500,-3.000,1.270,0.000
2025-12-04T18:19:46.754933,-1.500,-3.000,1.270,0.000
2025-12-04T18:19:46.769107,-1.500,-3.000,1.270,0.000
2025-12-04T18:19:46.783765,-1.500,-3.000,1.270,0.000
2025-12-04T18:19:46.799259,-1.500,-3.000,1.270,0.000
2025-12-04T18:19:46.816711,-1.500,-3.000,1.270,0.000
2025-12-04T18:19:46.831366,-1.500,-3.000,1.270,0.000
2025-12-04T18:19:46.848940,-1.500,-3.000,1.270,0.000
2025-12-04T18:19:46.866652,-1.500,-3.000,1.270,0.000
2025-12-04T18:19:46.884266,-1.500,-3.000,1.270,0.000
2025-12-04T18:19:46.904624,-1.500,-3.000,1.270,0.000
2025-12-04T18:19:46.920898,-1.500,-3.000,1.270,0.000
2025-12-04T18:19:46.939818,-1.500,-3.000,1.270,0.000
2025-12-04T18:19:46.957470,-1.500,-3.000,1.270,0.000
2025-12-04T18:19:46.983817,-1.500,-3.000,1.270,0.000
2025-12-04T18:19:46.998267,-1.500,-3.000,1.270,0.000
2025-12-04T18:19:47.014049,-1.500,-3.000,1.270,0.000
2025-12-04T18:19:47.029327,-1.500,-3.000,1.270,0.000
2025-12-04T18:19:47.042873,-1.500,-3.000,1.270,0.000
2025-12-04T18:19:47.057341,-1.500,-3.000,1.270,0.000
2025-12-04T18:19:47.071007,-1.500,-3.000,1.270,0.000
2025-12-04T18:19:47.082924,-1.500,-3.000,1.270,0.000
2025-12-04T18:19:47.098282,-1.500,-3.000,1.270,0.000
2025-12-04T18:19:47.114140,-1.500,-3.000,1.270,0.000
2025-12-04T18:19:47.128492,-1.500,-3.000,1.270,0.000
2025-12-04T18:19:47.143190,-1.500,-3.000,1.270,0.000
2025-12-04T18:19:47.158517,-1.500,-3.000,1.270,0.000
2025-12-04T18:19:47.175974,-1.500,-3.000,1.270,0.000
2025-12-04T18:19:47.191699,-1.500,-3.000,1.270,0.000
2025-12-04T18:19:47.209832,-1.500,-3.000,1.270,0.000
2025-12-04T18:19:47.226880,-1.500,-3.000,1.270,0.000
2025-12-04T18:19:47.244418,-1.500,-3.000,1.270,0.000
2025-12-04T18:19:47.263357,-1.500,-3.000,1.270,0.000
2025-12-04T18:19:47.280645,-1.500,-3.000,1.270,0.000
2025-12-04T18:19:47.298146,-1.500,-3.000,1.270,0.000
2025-12-04T18:19:47.317499,-1.500,-3.000,1.270,0.000
2025-12-04T18:19:47.333058,-1.500,-3.000,1.270,0.000
2025-12-04T18:19:47.351354,-1.500,-3.000,1.270,0.000
2025-12-04T18:19:47.368090,-1.500,-3.000,1.270,0.000
2025-12-04T18:19:47.382341,-1.500,-3.000,1.270,0.000
2025-12-04T18:19:47.397457,-1.500,-3.000,1.270,0.000
2025-12-04T18:19:47.411946,-1.500,-3.000,1.270,0.000
2025-12-04T18:19:47.427211,-1.500,-3.000,1.270,0.000
2025-12-04T18:19:47.443844,-1.500,-3.000,1.270,0.000
2025-12-04T18:19:47.458671,-1.500,-3.000,1.270,0.000
2025-12-04T18:19:47.476476,-1.500,-3.000,1.270,0.000
2025-12-04T18:19:47.492995,-1.500,-3.000,1.270,0.000
2025-12-04T18:19:47.510433,-1.500,-3.000,1.270,0.000
2025-12-04T18:19:47.528286,-1.500,-3.000,1.270,0.000
2025-12-04T18:19:47.544323,-1.500,-3.000,1.270,0.000
2025-12-04T18:19:47.561366,-1.500,-3.000,1.270,0.000
2025-12-04T18:19:47.579082,-1.500,-3.000,1.270,0.000
2025-12-04T18:19:47.596429,-1.500,-3.000,1.270,0.000
2025-12-04T18:19:47.613302,-1.500,-3.000,1.270,0.000
2025-12-04T18:19:47.629710,-1.500,-3.000,1.270,0.000
2025-12-04T18:19:47.644813,-1.500,-3.000,1.270,0.000
2025-12-04T18:19:47.661182,-1.500,-3.000,1.270,0.000
2025-12-04T18:19:47.676165,-1.500,-3.000,1.270,0.000
2025-12-04T18:19:47.691854,-1.500,-3.000,1.270,0.000
2025-12-04T18:19:47.707133,-1.500,-3.000,1.270,0.000
2025-12-04T18:19:47.724241,-1.500,-3.000,1.270,0.000
2025-12-04T18:19:47.741091,-1.500,-3.000,1.270,0.000
2025-12-04T18:19:47.760210,-1.500,-3.000,1.270,0.000
2025-12-04T18:19:47.777436,-1.500,-3.000,1.270,0.000
2025-12-04T18:19:47.795645,-1.500,-3.000,1.270,0.000
2025-12-04T18:19:47.812581,-1.500,-3.000,1.270,0.000
2025-12-04T18:19:47.829650,-1.500,-3.000,1.270,0.000
2025-12-04T18:19:47.847269,-1.500,-3.000,1.270,0.000
2025-12-04T18:19:47.863960,-1.500,-3.000,1.270,0.000
2025-12-04T18:19:47.879856,-1.500,-3.000,1.270,0.000
2025-12-04T18:19:47.902878,-1.500,-3.000,1.270,0.000
2025-12-04T18:19:47.917254,-1.500,-3.000,1.270,0.000
2025-12-04T18:19:47.931273,-1.500,-3.000,1.270,0.000
2025-12-04T18:19:47.947042,-1.500,-3.000,1.270,0.000
2025-12-04T18:19:47.960480,-1.500,-3.000,1.270,0.000
2025-12-04T18:19:47.974085,-1.500,-3.000,1.270,0.000
2025-12-04T18:19:47.986912,-1.500,-3.000,1.270,0.000
2025-12-04T18:19:48.001863,-1.500,-3.000,1.270,0.000
2025-12-04T18:19:48.019356,-1.500,-3.000,1.270,0.000
2025-12-04T18:19:48.036117,-1.500,-3.000,1.270,0.000
2025-12-04T18:19:48.054250,-1.500,-3.000,1.270,0.000
2025-12-04T18:19:48.071849,-1.500,-3.000,1.270,0.000
2025-12-04T18:19:48.087609,-1.500,-3.000,1.270,0.000
2025-12-04T18:19:48.105010,-1.500,-3.000,1.270,0.000
2025-12-04T18:19:48.122427,-1.500,-3.000,1.270,0.000
2025-12-04T18:19:48.140604,-1.500,-3.000,1.270,0.000
2025-12-04T18:19:48.158792,-1.500,-3.000,1.270,0.000
2025-12-04T18:19:48.176987,-1.500,-3.000,1.270,0.000
2025-12-04T18:19:48.192722,-1.500,-3.000,1.270,0.000
2025-12-04T18:19:48.208613,-1.500,-3.000,1.270,0.000
2025-12-04T18:19:48.222364,-1.500,-3.000,1.270,0.000
2025-12-04T18:19:48.238541,-1.500,-3.000,1.270,0.000
2025-12-04T18:19:48.254293,-1.500,-3.000,1.270,0.000
2025-12-04T18:19:48.269812,-1.500,-3.000,1.270,0.000
2025-12-04T18:19:48.287279,-1.500,-3.000,1.270,0.000
2025-12-04T18:19:48.304435,-1.500,-3.000,1.270,0.000
2025-12-04T18:19:48.322583,-1.500,-3.000,1.270,0.000
2025-12-04T18:19:48.338064,-1.500,-3.000,1.270,0.000
2025-12-04T18:19:48.355162,-1.500,-3.000,1.270,0.000
2025-12-04T18:19:48.373727,-1.500,-3.000,1.270,0.000
2025-12-04T18:19:48.391367,-1.500,-3.000,1.270,0.000
2025-12-04T18:19:48.409430,-1.500,-3.000,1.270,0.000
2025-12-04T18:19:48.425773,-1.500,-3.000,1.270,0.000
2025-12-04T18:19:48.443157,-1.500,-3.000,1.270,0.000
2025-12-04T18:19:48.459618,-1.500,-3.000,1.270,0.000
2025-12-04T18:19:48.479847,-1.500,-3.000,1.270,0.000
2025-12-04T18:19:48.492232,-1.500,-3.000,1.270,0.000
2025-12-04T18:19:48.506337,-1.500,-3.000,1.270,0.000
2025-12-04T18:19:48.521270,-1.500,-3.000,1.270,0.000
2025-12-04T18:19:48.535257,-1.500,-3.000,1.270,0.000
2025-12-04T18:19:48.549760,-1.500,-3.000,1.270,0.000
2025-12-04T18:19:48.565082,-1.500,-3.000,1.270,0.000
2025-12-04T18:19:48.580912,-1.500,-3.000,1.270,0.000
2025-12-04T18:19:48.597293,-1.500,-3.000,1.270,0.000
2025-12-04T18:19:48.613580,-1.500,-3.000,1.270,0.000
2025-12-04T18:19:48.631407,-1.500,-3.000,1.270,0.000
2025-12-04T18:19:48.650032,-1.500,-3.000,1.270,0.000
2025-12-04T18:19:48.667155,-1.500,-3.000,1.270,0.000
2025-12-04T18:19:48.685169,-1.500,-3.000,1.270,0.000
2025-12-04T18:19:48.702068,-1.500,-3.000,1.270,0.000
2025-12-04T18:19:48.718487,-1.500,-3.000,1.270,0.000
2025-12-04T18:19:48.735229,-1.500,-3.000,1.270,0.000
2025-12-04T18:19:48.750796,-1.500,-3.000,1.270,0.000
2025-12-04T18:19:48.765659,-1.500,-3.000,1.270,0.000
2025-12-04T18:19:48.781072,-1.500,-3.000,1.270,0.000
2025-12-04T18:19:48.796456,-1.500,-3.000,1.270,0.000
2025-12-04T18:19:48.811005,-1.500,-3.000,1.270,0.000
2025-12-04T18:19:48.825677,-1.500,-3.000,1.270,0.000
2025-12-04T18:19:48.842003,-1.500,-3.000,1.270,0.000
2025-12-04T18:19:48.858117,-1.500,-3.000,1.270,0.000
2025-12-04T18:19:48.875985,-1.500,-3.000,1.270,0.000
2025-12-04T18:19:48.893382,-1.500,-3.000,1.270,0.000
2025-12-04T18:19:48.909849,-1.500,-3.000,1.270,0.000
2025-12-04T18:19:48.928538,-1.500,-3.000,1.270,0.000
2025-12-04T18:19:48.947661,-1.500,-3.000,1.270,0.000
2025-12-04T18:19:48.965605,-1.500,-3.000,1.270,0.000
2025-12-04T18:19:48.983134,-1.500,-3.000,1.270,0.000
2025-12-04T18:19:48.999994,-1.500,-3.000,1.270,0.000
2025-12-04T18:19:49.016798,-1.500,-3.000,1.270,0.000
2025-12-04T18:19:49.032289,-1.500,-3.000,1.270,0.000
2025-12-04T18:19:49.048837,-1.500,-3.000,1.270,0.000
2025-12-04T18:19:49.063763,-1.500,-3.000,1.270,0.000
2025-12-04T18:19:49.079068,-1.500,-3.000,1.270,0.000
2025-12-04T18:19:49.095388,-1.500,-3.000,1.270,0.000
2025-12-04T18:19:49.110585,-1.500,-3.000,1.270,0.000
2025-12-04T18:19:49.129291,-1.500,-3.000,1.270,0.000
2025-12-04T18:19:49.144370,-1.500,-3.000,1.270,0.000
2025-12-04T18:19:49.162632,-1.500,-3.000,1.270,0.000
2025-12-04T18:19:49.179276,-1.500,-3.000,1.270,0.000
2025-12-04T18:19:49.197767,-1.500,-3.000,1.270,0.000
2025-12-04T18:19:49.214976,-1.500,-3.000,1.270,0.000
2025-12-04T18:19:49.233676,-1.500,-3.000,1.270,0.000
2025-12-04T18:19:49.250138,-1.500,-3.000,1.270,0.000
2025-12-04T18:19:49.267106,-1.500,-3.000,1.270,0.000
2025-12-04T18:19:49.282819,-1.500,-3.000,1.270,0.000
2025-12-04T18:19:49.298167,-1.500,-3.000,1.270,0.000
2025-12-04T18:19:49.313257,-1.500,-3.000,1.270,0.000
2025-12-04T18:19:49.328385,-1.500,-3.000,1.270,0.000
2025-12-04T18:19:49.342915,-1.500,-3.000,1.270,0.000
2025-12-04T18:19:49.358467,-1.500,-3.000,1.270,0.000
2025-12-04T18:19:49.374132,-1.500,-3.000,1.270,0.000
2025-12-04T18:19:49.389206,-1.500,-3.000,1.270,0.000
2025-12-04T18:19:49.404861,-1.500,-3.000,1.270,0.000
2025-12-04T18:19:49.420877,-1.500,-3.000,1.270,0.000
2025-12-04T18:19:49.443384,-1.500,-3.000,1.270,0.000
2025-12-04T18:19:49.460364,-1.500,-3.000,1.270,0.000
2025-12-04T18:19:49.477059,-1.500,-3.000,1.270,0.000
2025-12-04T18:19:49.494095,-1.500,-3.000,1.270,0.000
2025-12-04T18:19:49.511003,-1.500,-3.000,1.270,0.000
2025-12-04T18:19:49.528315,-1.500,-3.000,1.270,0.000
2025-12-04T18:19:49.543307,-1.500,-3.000,1.270,0.000
2025-12-04T18:19:49.560525,-1.500,-3.000,1.270,0.000
2025-12-04T18:19:49.574661,-1.500,-3.000,1.270,0.000
2025-12-04T18:19:49.589857,-1.500,-3.000,1.270,0.000
2025-12-04T18:19:49.608224,-1.500,-3.000,1.270,0.000
2025-12-04T18:19:49.622315,-1.500,-3.000,1.270,0.000
2025-12-04T18:19:49.638149,-1.500,-3.000,1.270,0.000
2025-12-04T18:19:49.658836,-1.500,-3.000,1.270,0.000
2025-12-04T18:19:49.672691,-1.500,-3.000,1.270,0.000
2025-12-04T18:19:49.690444,-1.500,-3.000,1.270,0.000
2025-12-04T18:19:49.707749,-1.500,-3.000,1.270,0.000
2025-12-04T18:19:49.725842,-1.500,-3.000,1.270,0.000
2025-12-04T18:19:49.741589,-1.500,-3.000,1.270,0.000
2025-12-04T18:19:49.758335,-1.500,-3.000,1.270,0.000
2025-12-04T18:19:49.774955,-1.500,-3.000,1.270,0.000
2025-12-04T18:19:49.790054,-1.500,-3.000,1.270,0.000
2025-12-04T18:19:49.806007,-1.500,-3.000,1.270,0.000
2025-12-04T18:19:49.820148,-1.500,-3.000,1.270,0.000
2025-12-04T18:19:49.835560,-1.500,-3.000,1.270,0.000
2025-12-04T18:19:49.853452,-1.500,-3.000,1.270,0.000
2025-12-04T18:19:49.867493,-1.500,-3.000,1.270,0.000
2025-12-04T18:19:49.883500,-1.500,-3.000,1.270,0.000
2025-12-04T18:19:49.902454,-1.500,-3.000,1.270,0.000
2025-12-04T18:19:49.920448,-1.500,-3.000,1.270,0.000
2025-12-04T18:19:49.940013,-1.500,-3.000,1.270,0.000
2025-12-04T18:19:49.955017,-1.500,-3.000,1.270,0.000
2025-12-04T18:19:49.971927,-1.500,-3.000,1.270,0.000
2025-12-04T18:19:49.988938,-1.500,-3.000,1.270,0.000
2025-12-04T18:19:50.005490,-1.500,-3.000,1.270,0.000
2025-12-04T18:19:50.024911,-1.500,-3.000,1.270,0.000
2025-12-04T18:19:50.036460,-1.500,-3.000,1.270,0.000
2025-12-04T18:19:50.050996,-1.500,-3.000,1.270,0.000
2025-12-04T18:19:50.066263,-1.500,-3.000,1.270,0.000
2025-12-04T18:19:50.083612,-1.500,-3.000,1.270,0.000
2025-12-04T18:19:50.100167,-1.500,-3.000,1.270,0.000
2025-12-04T18:19:50.117510,-1.500,-3.000,1.270,0.000
2025-12-04T18:19:50.135191,-1.500,-3.000,1.270,0.000
2025-12-04T18:19:50.152079,-1.500,-3.000,1.270,0.000
2025-12-04T18:19:50.171462,-1.500,-3.000,1.270,0.000
2025-12-04T18:19:50.187500,-1.500,-3.000,1.270,0.000
2025-12-04T18:19:50.204543,-1.500,-3.000,1.270,0.000
2025-12-04T18:19:50.221350,-1.500,-3.000,1.270,0.000
2025-12-04T18:19:50.240176,-1.500,-3.000,1.270,0.000
2025-12-04T18:19:50.256129,-1.500,-3.000,1.270,0.000
2025-12-04T18:19:50.271619,-1.500,-3.000,1.270,0.000
2025-12-04T18:19:50.287025,-1.500,-3.000,1.270,0.000
2025-12-04T18:19:50.301373,-1.500,-3.000,1.270,0.000
2025-12-04T18:19:50.313968,-1.500,-3.000,1.270,0.000
2025-12-04T18:19:50.332242,-1.500,-3.000,1.270,0.000
2025-12-04T18:19:50.349290,-1.500,-3.000,1.270,0.000
2025-12-04T18:19:50.372238,-1.500,-3.000,1.270,0.000
2025-12-04T18:19:50.388626,-1.500,-3.000,1.270,0.000
2025-12-04T18:19:50.406068,-1.500,-3.000,1.270,0.000
2025-12-04T18:19:50.424190,-1.500,-3.000,1.270,0.000
2025-12-04T18:19:50.440957,-1.500,-3.000,1.270,0.000
2025-12-04T18:19:50.456996,-1.500,-3.000,1.270,0.000
2025-12-04T18:19:50.473075,-1.500,-3.000,1.270,0.000
2025-12-04T18:19:50.486802,-1.500,-3.000,1.270,0.000
2025-12-04T18:19:50.500589,-1.500,-3.000,1.270,0.000
2025-12-04T18:19:50.515494,-1.500,-3.000,1.270,0.000
2025-12-04T18:19:50.529912,-1.500,-3.000,1.270,0.000
2025-12-04T18:19:50.546218,-1.500,-3.000,1.270,0.000
2025-12-04T18:19:50.563022,-1.500,-3.000,1.270,0.000
2025-12-04T18:19:50.579112,-1.500,-3.000,1.270,0.000
2025-12-04T18:19:50.595521,-1.500,-3.000,1.270,0.000
2025-12-04T18:19:50.613212,-1.500,-3.000,1.270,0.000
2025-12-04T18:19:50.631065,-1.500,-3.000,1.270,0.000
2025-12-04T18:19:50.650479,-1.500,-3.000,1.270,0.000
2025-12-04T18:19:50.670300,-1.500,-3.000,1.270,0.000
2025-12-04T18:19:50.686708,-1.500,-3.000,1.270,0.000
2025-12-04T18:19:50.705146,-1.500,-3.000,1.270,0.000
2025-12-04T18:19:50.719231,-1.500,-3.000,1.270,0.000
2025-12-04T18:19:50.735075,-1.500,-3.000,1.270,0.000
2025-12-04T18:19:50.750378,-1.500,-3.000,1.270,0.000
2025-12-04T18:19:50.767420,-1.500,-3.000,1.270,0.000
2025-12-04T18:19:50.781902,-1.500,-3.000,1.270,0.000
2025-12-04T18:19:50.796882,-1.500,-3.000,1.270,0.000
2025-12-04T18:19:50.812633,-1.500,-3.000,1.270,0.000
2025-12-04T18:19:50.829933,-1.500,-3.000,1.270,0.000
2025-12-04T18:19:50.847296,-1.500,-3.000,1.270,0.000
2025-12-04T18:19:50.865185,-1.500,-3.000,1.270,0.000
2025-12-04T18:19:50.882946,-1.500,-3.000,1.270,0.000
2025-12-04T18:19:50.900164,-1.500,-3.000,1.270,0.000
2025-12-04T18:19:50.919991,-1.500,-3.000,1.270,0.000
2025-12-04T18:19:50.937742,-1.500,-3.000,1.270,0.000
2025-12-04T18:19:50.954211,-1.500,-3.000,1.270,0.000
2025-12-04T18:19:50.976899,-1.500,-3.000,1.270,0.000
2025-12-04T18:19:50.991474,-1.500,-3.000,1.270,0.000
2025-12-04T18:19:51.006168,-1.500,-3.000,1.270,0.000
2025-12-04T18:19:51.021321,-1.500,-3.000,1.270,0.000
2025-12-04T18:19:51.034457,-1.500,-3.000,1.270,0.000
2025-12-04T18:19:51.048826,-1.500,-3.000,1.270,0.000
2025-12-04T18:19:51.064062,-1.500,-3.000,1.270,0.000
2025-12-04T18:19:51.078750,-1.500,-3.000,1.270,0.000
2025-12-04T18:19:51.095180,-1.500,-3.000,1.270,0.000
2025-12-04T18:19:51.111781,-1.500,-3.000,1.270,0.000
2025-12-04T18:19:51.127917,-1.500,-3.000,1.270,0.000
2025-12-04T18:19:51.145873,-1.500,-3.000,1.270,0.000
2025-12-04T18:19:51.163121,-1.500,-3.000,1.270,0.000
2025-12-04T18:19:51.179917,-1.500,-3.000,1.270,0.000
2025-12-04T18:19:51.197188,-1.500,-3.000,1.270,0.000
2025-12-04T18:19:51.214875,-1.500,-3.000,1.270,0.000
2025-12-04T18:19:51.233603,-1.500,-3.000,1.270,0.000
2025-12-04T18:19:51.249093,-1.500,-3.000,1.270,0.000
2025-12-04T18:19:51.263995,-1.500,-3.000,1.270,0.000
2025-12-04T18:19:51.280314,-1.500,-3.000,1.270,0.000
2025-12-04T18:19:51.295153,-1.500,-3.000,1.270,0.000
2025-12-04T18:19:51.311789,-1.500,-3.000,1.270,0.000
2025-12-04T18:19:51.327068,-1.500,-3.000,1.270,0.000
2025-12-04T18:19:51.343489,-1.500,-3.000,1.270,0.000
2025-12-04T18:19:51.358705,-1.500,-3.000,1.270,0.000
2025-12-04T18:19:51.376131,-1.500,-3.000,1.270,0.000
2025-12-04T18:19:51.391511,-1.500,-3.000,1.270,0.000
2025-12-04T18:19:51.410894,-1.500,-3.000,1.270,-0.014
2025-12-04T18:19:51.427847,-1.500,-3.000,1.270,-0.029
2025-12-04T18:19:51.446440,-1.500,-3.000,1.270,-0.043
2025-12-04T18:19:51.471200,-1.500,-3.000,1.270,-0.058
2025-12-04T18:19:51.485089,-1.500,-3.000,1.270,-0.072
2025-12-04T18:19:51.503910,-1.500,-3.000,1.270,-0.086
2025-12-04T18:19:51.520013,-1.500,-3.000,1.270,-0.101
2025-12-04T18:19:51.534840,-1.500,-3.000,1.270,-0.115
2025-12-04T18:19:51.550940,-1.500,-3.000,1.270,-0.129
2025-12-04T18:19:51.565267,-1.500,-3.000,1.270,-0.144
2025-12-04T18:19:51.589423,-1.500,-3.000,1.270,-0.158
2025-12-04T18:19:51.600617,-1.500,-3.000,1.270,-0.172
2025-12-04T18:19:51.615862,-1.500,-3.000,1.270,-0.186
2025-12-04T18:19:51.630810,-1.500,-3.000,1.270,-0.200
2025-12-04T18:19:51.644770,-1.500,-3.000,1.270,-0.214
2025-12-04T18:19:51.656955,-1.500,-3.000,1.270,-0.228
2025-12-04T18:19:51.672033,-1.500,-3.000,1.270,-0.242
2025-12-04T18:19:51.687977,-1.500,-3.000,1.270,-0.256
2025-12-04T18:19:51.705286,-1.500,-3.000,1.270,-0.270
2025-12-04T18:19:51.723309,-1.500,-3.000,1.270,-0.284
2025-12-04T18:19:51.738038,-1.500,-3.000,1.270,-0.298
2025-12-04T18:19:51.754534,-1.500,-3.000,1.270,-0.312
2025-12-04T18:19:51.774452,-1.500,-3.000,1.270,-0.325
2025-12-04T18:19:51.789402,-1.500,-3.000,1.270,-0.339
2025-12-04T18:19:51.806962,-1.500,-3.000,1.270,-0.352
2025-12-04T18:19:51.824651,-1.500,-3.000,1.270,-0.366
2025-12-04T18:19:51.843326,-1.500,-3.000,1.270,-0.379
2025-12-04T18:19:51.859518,-1.500,-3.000,1.270,-0.392
2025-12-04T18:19:51.875478,-1.500,-3.000,1.270,-0.406
2025-12-04T18:19:51.892216,-1.500,-3.000,1.270,-0.419
2025-12-04T18:19:51.907476,-1.500,-3.000,1.270,-0.432
2025-12-04T18:19:51.921277,-1.500,-3.000,1.270,-0.445
2025-12-04T18:19:51.936786,-1.500,-3.000,1.270,-0.458
2025-12-04T18:19:51.954726,-1.500,-3.000,1.270,-0.470
2025-12-04T18:19:51.970908,-1.500,-3.000,1.270,-0.483
2025-12-04T18:19:51.987895,-1.500,-3.000,1.270,-0.495
2025-12-04T18:19:52.002416,-1.500,-3.000,1.270,-0.508
2025-12-04T18:19:52.022377,-1.500,-3.000,1.270,-0.520
2025-12-04T18:19:52.037233,-1.500,-3.000,1.270,-0.533
2025-12-04T18:19:52.055592,-1.500,-3.000,1.270,-0.545
2025-12-04T18:19:52.075273,-1.500,-3.000,1.270,-0.557
2025-12-04T18:19:52.091231,-1.500,-3.000,1.270,-0.569
2025-12-04T18:19:52.107872,-1.500,-3.000,1.270,-0.580
2025-12-04T18:19:52.124072,-1.500,-3.000,1.270,-0.592
2025-12-04T18:19:52.141050,-1.500,-3.000,1.270,-0.604
2025-12-04T18:19:52.158253,-1.500,-3.000,1.270,-0.615
2025-12-04T18:19:52.177429,-1.500,-3.000,1.270,-0.626
2025-12-04T18:19:52.194084,-1.500,-3.000,1.270,-0.637
2025-12-04T18:19:52.209853,-1.500,-3.000,1.270,-0.648
2025-12-04T18:19:52.223599,-1.500,-3.000,1.270,-0.637
2025-12-04T18:19:52.238827,-1.500,-3.000,1.270,-0.626
2025-12-04T18:19:52.250594,-1.500,-3.000,1.270,-0.615
2025-12-04T18:19:52.265731,-1.500,-3.000,1.270,-0.604
2025-12-04T18:19:52.280123,-1.500,-3.000,1.270,-0.592
2025-12-04T18:19:52.295631,-1.500,-3.000,1.270,-0.580
2025-12-04T18:19:52.311236,-1.500,-3.000,1.270,-0.569
2025-12-04T18:19:52.328268,-1.500,-3.000,1.270,-0.557
2025-12-04T18:19:52.345671,-1.500,-3.000,1.270,-0.545
2025-12-04T18:19:52.362700,-1.500,-3.000,1.270,-0.533
2025-12-04T18:19:52.379039,-1.500,-3.000,1.270,-0.520
2025-12-04T18:19:52.397228,-1.500,-3.000,1.270,-0.508
2025-12-04T18:19:52.416114,-1.500,-3.000,1.270,-0.495
2025-12-04T18:19:52.431883,-1.500,-3.000,1.270,-0.483
2025-12-04T18:19:52.451666,-1.500,-3.000,1.270,-0.470
2025-12-04T18:19:52.474912,-1.500,-3.000,1.270,-0.458
2025-12-04T18:19:52.483307,-1.500,-3.000,1.270,-0.445
2025-12-04T18:19:52.502005,-1.500,-3.000,1.270,-0.432
2025-12-04T18:19:52.515821,-1.500,-3.000,1.270,-0.419
2025-12-04T18:19:52.532172,-1.500,-3.000,1.270,-0.406
2025-12-04T18:19:52.546995,-1.500,-3.000,1.270,-0.392
2025-12-04T18:19:52.562513,-1.500,-3.000,1.270,-0.379
2025-12-04T18:19:52.576965,-1.500,-3.000,1.270,-0.366
2025-12-04T18:19:52.591240,-1.500,-3.000,1.270,-0.352
2025-12-04T18:19:52.607683,-1.500,-3.000,1.270,-0.339
2025-12-04T18:19:52.623304,-1.500,-3.000,1.270,-0.325
2025-12-04T18:19:52.640049,-1.500,-3.000,1.270,-0.312
2025-12-04T18:19:52.657196,-1.500,-3.000,1.270,-0.298
2025-12-04T18:19:52.674820,-1.500,-3.000,1.270,-0.284
2025-12-04T18:19:52.694197,-1.500,-3.000,1.270,-0.270
2025-12-04T18:19:52.712815,-1.500,-3.000,1.270,-0.256
2025-12-04T18:19:52.730074,-1.500,-3.000,1.270,-0.242
2025-12-04T18:19:52.748596,-1.500,-3.000,1.270,-0.228
2025-12-04T18:19:52.768182,-1.500,-3.000,1.270,-0.214
2025-12-04T18:19:52.782625,-1.500,-3.000,1.270,-0.200
2025-12-04T18:19:52.808212,-1.500,-3.000,1.270,-0.186
2025-12-04T18:19:52.821938,-1.500,-3.000,1.270,-0.172
2025-12-04T18:19:52.838472,-1.500,-3.000,1.270,-0.158
2025-12-04T18:19:52.850834,-1.500,-3.000,1.270,-0.144
2025-12-04T18:19:52.861837,-1.500,-3.000,1.270,-0.129
2025-12-04T18:19:52.875611,-1.500,-3.000,1.270,-0.115
2025-12-04T18:19:52.888617,-1.500,-3.000,1.270,-0.101
2025-12-04T18:19:52.903519,-1.500,-3.000,1.270,-0.086
2025-12-04T18:19:52.918228,-1.500,-3.000,1.270,-0.072
2025-12-04T18:19:52.934938,-1.500,-3.000,1.270,-0.058
2025-12-04T18:19:52.949323,-1.500,-3.000,1.270,-0.043
2025-12-04T18:19:52.967229,-1.500,-3.000,1.270,-0.029
2025-12-04T18:19:52.984099,-1.500,-3.000,1.270,-0.014
2025-12-04T18:19:53.002187,-1.500,-3.000,1.270,0.000
2025-12-04T18:19:53.020870,-1.500,-3.000,1.270,0.014
2025-12-04T18:19:53.036795,-1.500,-3.000,1.270,0.029
2025-12-04T18:19:53.053898,-1.500,-3.000,1.270,0.043
2025-12-04T18:19:53.072051,-1.500,-3.000,1.270,0.058
2025-12-04T18:19:53.089090,-1.500,-3.000,1.270,0.072
2025-12-04T18:19:53.105027,-1.500,-3.000,1.270,0.086
2025-12-04T18:19:53.120242,-1.500,-3.000,1.270,0.101
2025-12-04T18:19:53.135945,-1.500,-3.000,1.270,0.115
2025-12-04T18:19:53.150615,-1.500,-3.000,1.270,0.129
2025-12-04T18:19:53.166912,-1.500,-3.000,1.270,0.144
2025-12-04T18:19:53.182340,-1.500,-3.000,1.270,0.158
2025-12-04T18:19:53.198131,-1.500,-3.000,1.270,0.172
2025-12-04T18:19:53.214241,-1.500,-3.000,1.270,0.186
2025-12-04T18:19:53.232079,-1.500,-3.000,1.270,0.200
2025-12-04T18:19:53.250741,-1.500,-3.000,1.270,0.214
2025-12-04T18:19:53.269149,-1.500,-3.000,1.270,0.228
2025-12-04T18:19:53.286472,-1.500,-3.000,1.270,0.242
2025-12-04T18:19:53.304365,-1.500,-3.000,1.270,0.256
2025-12-04T18:19:53.323046,-1.500,-3.000,1.270,0.270
2025-12-04T18:19:53.339324,-1.500,-3.000,1.270,0.284
2025-12-04T18:19:53.357624,-1.500,-3.000,1.270,0.298
2025-12-04T18:19:53.372165,-1.500,-3.000,1.270,0.312
2025-12-04T18:19:53.392262,-1.500,-3.000,1.270,0.325
2025-12-04T18:19:53.406703,-1.500,-3.000,1.270,0.339
2025-12-04T18:19:53.420783,-1.500,-3.000,1.270,0.352
2025-12-04T18:19:53.433377,-1.500,-3.000,1.270,0.366
2025-12-04T18:19:53.448527,-1.500,-3.000,1.270,0.379
2025-12-04T18:19:53.462622,-1.500,-3.000,1.270,0.392
2025-12-04T18:19:53.477878,-1.500,-3.000,1.270,0.406
2025-12-04T18:19:53.493958,-1.494,-2.993,1.270,0.406
2025-12-04T18:19:53.508374,-1.488,-2.987,1.270,0.406
2025-12-04T18:19:53.525928,-1.482,-2.980,1.270,0.406
2025-12-04T18:19:53.543407,-1.476,-2.973,1.270,0.406
2025-12-04T18:19:53.561045,-1.470,-2.967,1.270,0.406
2025-12-04T18:19:53.578873,-1.464,-2.960,1.270,0.406
2025-12-04T18:19:53.597181,-1.458,-2.953,1.270,0.406
2025-12-04T18:19:53.613464,-1.451,-2.946,1.270,0.406
2025-12-04T18:19:53.631485,-1.445,-2.940,1.270,0.406
2025-12-04T18:19:53.648588,-1.439,-2.933,1.270,0.406
2025-12-04T18:19:53.664620,-1.433,-2.926,1.270,0.406
2025-12-04T18:19:53.681179,-1.427,-2.919,1.270,0.406
2025-12-04T18:19:53.697190,-1.421,-2.912,1.270,0.406
2025-12-04T18:19:53.720401,-1.414,-2.905,1.270,0.406
2025-12-04T18:19:53.732792,-1.408,-2.899,1.270,0.406
2025-12-04T18:19:53.752000,-1.402,-2.892,1.270,0.406
2025-12-04T18:19:53.761521,-1.396,-2.885,1.270,0.406
2025-12-04T18:19:53.773909,-1.390,-2.878,1.270,0.406
2025-12-04T18:19:53.789233,-1.383,-2.871,1.270,0.406
2025-12-04T18:19:53.804158,-1.377,-2.864,1.270,0.406
2025-12-04T18:19:53.816990,-1.371,-2.857,1.270,0.406
2025-12-04T18:19:53.834942,-1.365,-2.850,1.270,0.406
2025-12-04T18:19:53.849304,-1.358,-2.843,1.270,0.406
2025-12-04T18:19:53.864016,-1.352,-2.836,1.270,0.406
2025-12-04T18:19:53.881764,-1.346,-2.829,1.270,0.406
2025-12-04T18:19:53.899802,-1.339,-2.822,1.270,0.406
2025-12-04T18:19:53.915283,-1.333,-2.816,1.270,0.406
2025-12-04T18:19:53.936457,-1.327,-2.809,1.270,0.406
2025-12-04T18:19:53.953352,-1.320,-2.802,1.270,0.406
2025-12-04T18:19:53.970811,-1.314,-2.795,1.270,0.406
2025-12-04T18:19:53.987466,-1.308,-2.788,1.270,0.406
2025-12-04T18:19:54.002775,-1.301,-2.781,1.270,0.406
2025-12-04T18:19:54.018955,-1.295,-2.774,1.270,0.406
2025-12-04T18:19:54.034249,-1.289,-2.766,1.270,0.406
2025-12-04T18:19:54.050918,-1.282,-2.759,1.270,0.406
2025-12-04T18:19:54.064341,-1.276,-2.752,1.270,0.406
2025-12-04T18:19:54.079901,-1.270,-2.745,1.270,0.406
2025-12-04T18:19:54.096276,-1.263,-2.738,1.270,0.406
2025-12-04T18:19:54.112408,-1.257,-2.731,1.270,0.406
2025-12-04T18:19:54.129008,-1.250,-2.724,1.270,0.406
2025-12-04T18:19:54.148345,-1.244,-2.717,1.270,0.406
2025-12-04T18:19:54.165302,-1.238,-2.710,1.270,0.406
2025-12-04T18:19:54.183446,-1.231,-2.703,1.270,0.406
2025-12-04T18:19:54.200602,-1.225,-2.696,1.270,0.406
2025-12-04T18:19:54.219316,-1.218,-2.689,1.270,0.406
2025-12-04T18:19:54.237116,-1.212,-2.682,1.270,0.406
2025-12-04T18:19:54.253223,-1.206,-2.675,1.270,0.406
2025-12-04T18:19:54.269777,-1.199,-2.668,1.270,0.406
2025-12-04T18:19:54.285153,-1.193,-2.661,1.270,0.406
2025-12-04T18:19:54.300839,-1.186,-2.653,1.270,0.406
2025-12-04T18:19:54.315280,-1.180,-2.646,1.270,0.406
2025-12-04T18:19:54.338718,-1.173,-2.639,1.270,0.406
2025-12-04T18:19:54.351292,-1.167,-2.632,1.270,0.406
2025-12-04T18:19:54.365339,-1.161,-2.625,1.270,0.406
2025-12-04T18:19:54.379970,-1.154,-2.618,1.270,0.406
2025-12-04T18:19:54.396018,-1.148,-2.611,1.270,0.406
2025-12-04T18:19:54.412238,-1.141,-2.604,1.270,0.406
2025-12-04T18:19:54.428506,-1.135,-2.596,1.270,0.406
2025-12-04T18:19:54.444419,-1.128,-2.589,1.270,0.406
2025-12-04T18:19:54.464619,-1.122,-2.582,1.270,0.406
2025-12-04T18:19:54.478677,-1.115,-2.575,1.270,0.406
2025-12-04T18:19:54.494223,-1.109,-2.568,1.270,0.406
2025-12-04T18:19:54.513431,-1.103,-2.561,1.270,0.406
2025-12-04T18:19:54.532085,-1.096,-2.554,1.270,0.406
2025-12-04T18:19:54.548858,-1.090,-2.547,1.270,0.406
2025-12-04T18:19:54.565634,-1.083,-2.539,1.270,0.406
2025-12-04T18:19:54.581964,-1.077,-2.532,1.270,0.406
2025-12-04T18:19:54.598930,-1.070,-2.525,1.270,0.406
2025-12-04T18:19:54.615209,-1.064,-2.518,1.270,0.406
2025-12-04T18:19:54.631891,-1.057,-2.511,1.270,0.406
2025-12-04T18:19:54.645521,-1.051,-2.504,1.270,0.406
2025-12-04T18:19:54.658624,-1.044,-2.496,1.270,0.406
2025-12-04T18:19:54.676125,-1.038,-2.489,1.270,0.406
2025-12-04T18:19:54.693006,-1.031,-2.482,1.270,0.406
2025-12-04T18:19:54.709098,-1.025,-2.475,1.270,0.406
2025-12-04T18:19:54.726181,-1.018,-2.468,1.270,0.406
2025-12-04T18:19:54.743507,-1.012,-2.461,1.270,0.406
2025-12-04T18:19:54.761173,-1.005,-2.454,1.270,0.406
2025-12-04T18:19:54.779835,-0.999,-2.446,1.270,0.406
2025-12-04T18:19:54.798026,-0.992,-2.439,1.270,0.406
2025-12-04T18:19:54.814723,-0.986,-2.432,1.270,0.406
2025-12-04T18:19:54.829970,-0.979,-2.425,1.270,0.406
2025-12-04T18:19:54.846514,-0.973,-2.418,1.270,0.406
2025-12-04T18:19:54.866518,-0.966,-2.411,1.270,0.406
2025-12-04T18:19:54.878337,-0.960,-2.403,1.270,0.406
2025-12-04T18:19:54.893399,-0.954,-2.396,1.270,0.406
2025-12-04T18:19:54.910025,-0.947,-2.389,1.270,0.406
2025-12-04T18:19:54.926158,-0.941,-2.382,1.270,0.406
2025-12-04T18:19:54.945532,-0.934,-2.375,1.270,0.406
2025-12-04T18:19:54.967032,-0.928,-2.367,1.270,0.406
2025-12-04T18:19:54.985298,-0.921,-2.360,1.270,0.406
2025-12-04T18:19:54.997073,-0.915,-2.353,1.270,0.406
2025-12-04T18:19:55.011879,-0.908,-2.346,1.270,0.406
2025-12-04T18:19:55.027528,-0.902,-2.339,1.270,0.406
2025-12-04T18:19:55.042035,-0.895,-2.332,1.270,0.406
2025-12-04T18:19:55.056271,-0.889,-2.324,1.270,0.406
2025-12-04T18:19:55.069367,-0.882,-2.317,1.270,0.406
2025-12-04T18:19:55.083790,-0.876,-2.310,1.270,0.406
2025-12-04T18:19:55.097779,-0.869,-2.303,1.270,0.406
2025-12-04T18:19:55.112499,-0.863,-2.296,1.270,0.406
2025-12-04T18:19:55.128647,-0.856,-2.288,1.270,0.406
2025-12-04T18:19:55.144124,-0.850,-2.281,1.270,0.406
2025-12-04T18:19:55.161255,-0.843,-2.274,1.270,0.406
2025-12-04T18:19:55.178312,-0.837,-2.267,1.270,0.406
2025-12-04T18:19:55.195310,-0.830,-2.260,1.270,0.406
2025-12-04T18:19:55.214263,-0.824,-2.253,1.270,0.406
2025-12-04T18:19:55.232789,-0.817,-2.245,1.270,0.406
2025-12-04T18:19:55.250089,-0.810,-2.238,1.270,0.406
2025-12-04T18:19:55.267728,-0.804,-2.231,1.270,0.406
2025-12-04T18:19:55.283891,-0.797,-2.224,1.270,0.406
2025-12-04T18:19:55.302247,-0.791,-2.217,1.270,0.406
2025-12-04T18:19:55.316441,-0.784,-2.209,1.270,0.406
2025-12-04T18:19:55.331995,-0.778,-2.202,1.270,0.406
2025-12-04T18:19:55.347924,-0.771,-2.195,1.270,0.406
2025-12-04T18:19:55.362215,-0.765,-2.188,1.270,0.406
2025-12-04T18:19:55.376067,-0.764,-2.187,1.270,0.419
2025-12-04T18:19:55.393476,-0.764,-2.187,1.270,0.432
2025-12-04T18:19:55.407737,-0.763,-2.186,1.270,0.445
2025-12-04T18:19:55.424769,-0.763,-2.186,1.270,0.458
2025-12-04T18:19:55.444356,-0.763,-2.185,1.270,0.470
2025-12-04T18:19:55.461759,-0.762,-2.185,1.270,0.483
2025-12-04T18:19:55.478156,-0.762,-2.184,1.270,0.495
2025-12-04T18:19:55.503144,-0.761,-2.184,1.270,0.508
2025-12-04T18:19:55.521436,-0.761,-2.183,1.270,0.520
2025-12-04T18:19:55.536074,-0.761,-2.183,1.270,0.533
2025-12-04T18:19:55.558031,-0.760,-2.183,1.270,0.545
2025-12-04T18:19:55.576117,-0.760,-2.182,1.270,0.557
2025-12-04T18:19:55.591620,-0.760,-2.182,1.270,0.569
2025-12-04T18:19:55.606594,-0.756,-2.173,1.270,0.569
2025-12-04T18:19:55.622595,-0.753,-2.164,1.270,0.569
2025-12-04T18:19:55.637519,-0.749,-2.156,1.270,0.569
2025-12-04T18:19:55.654689,-0.746,-2.147,1.270,0.569
2025-12-04T18:19:55.669698,-0.742,-2.138,1.270,0.569
2025-12-04T18:19:55.686614,-0.739,-2.129,1.270,0.569
2025-12-04T18:19:55.703826,-0.735,-2.121,1.270,0.569
2025-12-04T18:19:55.722781,-0.732,-2.112,1.270,0.569
2025-12-04T18:19:55.738849,-0.728,-2.103,1.270,0.569
2025-12-04T18:19:55.756213,-0.725,-2.094,1.270,0.569
2025-12-04T18:19:55.774269,-0.721,-2.085,1.270,0.569
2025-12-04T18:19:55.791784,-0.718,-2.076,1.270,0.569
2025-12-04T18:19:55.807624,-0.714,-2.068,1.270,0.569
2025-12-04T18:19:55.825910,-0.711,-2.059,1.270,0.569
2025-12-04T18:19:55.843022,-0.708,-2.050,1.270,0.569
2025-12-04T18:19:55.860216,-0.704,-2.041,1.270,0.569
2025-12-04T18:19:55.875990,-0.701,-2.032,1.270,0.569
2025-12-04T18:19:55.890489,-0.697,-2.023,1.270,0.569
2025-12-04T18:19:55.904782,-0.694,-2.014,1.270,0.569
2025-12-04T18:19:55.920394,-0.690,-2.005,1.270,0.569
2025-12-04T18:19:55.932905,-0.687,-1.997,1.270,0.569
2025-12-04T18:19:55.946313,-0.683,-1.988,1.270,0.569
2025-12-04T18:19:55.964207,-0.680,-1.979,1.270,0.569
2025-12-04T18:19:55.978910,-0.676,-1.970,1.270,0.569
2025-12-04T18:19:55.995813,-0.673,-1.961,1.270,0.569
2025-12-04T18:19:56.013201,-0.669,-1.952,1.270,0.569
2025-12-04T18:19:56.029062,-0.666,-1.943,1.270,0.569
2025-12-04T18:19:56.044845,-0.663,-1.934,1.270,0.569
2025-12-04T18:19:56.061666,-0.659,-1.925,1.270,0.569
2025-12-04T18:19:56.080653,-0.656,-1.916,1.270,0.569
2025-12-04T18:19:56.097824,-0.652,-1.907,1.270,0.569
2025-12-04T18:19:56.114880,-0.649,-1.898,1.270,0.569
2025-12-04T18:19:56.133215,-0.645,-1.889,1.270,0.569
2025-12-04T18:19:56.148812,-0.642,-1.880,1.270,0.569
2025-12-04T18:19:56.165876,-0.638,-1.871,1.270,0.569
2025-12-04T18:19:56.187523,-0.635,-1.862,1.270,0.569
2025-12-04T18:19:56.201241,-0.632,-1.853,1.270,0.569
2025-12-04T18:19:56.216319,-0.628,-1.844,1.270,0.569
2025-12-04T18:19:56.232686,-0.625,-1.835,1.270,0.569
2025-12-04T18:19:56.246805,-0.621,-1.826,1.270,0.569
2025-12-04T18:19:56.261429,-0.618,-1.817,1.270,0.569
2025-12-04T18:19:56.276715,-0.614,-1.808,1.270,0.569
2025-12-04T18:19:56.292206,-0.611,-1.799,1.270,0.569
2025-12-04T18:19:56.308432,-0.607,-1.790,1.270,0.569
2025-12-04T18:19:56.325021,-0.604,-1.781,1.270,0.569
2025-12-04T18:19:56.343485,-0.601,-1.772,1.270,0.569
2025-12-04T18:19:56.360742,-0.597,-1.763,1.270,0.569
2025-12-04T18:19:56.380136,-0.594,-1.754,1.270,0.569
2025-12-04T18:19:56.395475,-0.590,-1.745,1.270,0.569
2025-12-04T18:19:56.414454,-0.587,-1.736,1.270,0.569
2025-12-04T18:19:56.431001,-0.583,-1.727,1.270,0.569
2025-12-04T18:19:56.449199,-0.580,-1.718,1.270,0.569
2025-12-04T18:19:56.472835,-0.576,-1.709,1.270,0.569
2025-12-04T18:19:56.488730,-0.573,-1.700,1.270,0.569
2025-12-04T18:19:56.504959,-0.570,-1.691,1.270,0.569
2025-12-04T18:19:56.519262,-0.566,-1.682,1.270,0.569
2025-12-04T18:19:56.533211,-0.563,-1.673,1.270,0.569
2025-12-04T18:19:56.547347,-0.559,-1.664,1.270,0.569
2025-12-04T18:19:56.560159,-0.556,-1.655,1.270,0.569
2025-12-04T18:19:56.573350,-0.552,-1.646,1.270,0.569
2025-12-04T18:19:56.587777,-0.549,-1.637,1.270,0.569
2025-12-04T18:19:56.604504,-0.545,-1.628,1.270,0.569
2025-12-04T18:19:56.616584,-0.542,-1.619,1.270,0.569
2025-12-04T18:19:56.640543,-0.539,-1.610,1.270,0.569
2025-12-04T18:19:56.650249,-0.536,-1.601,1.270,0.569
2025-12-04T18:19:56.667255,-0.533,-1.592,1.270,0.569
2025-12-04T18:19:56.686338,-0.530,-1.583,1.270,0.569
2025-12-04T18:19:56.702352,-0.528,-1.574,1.270,0.569
2025-12-04T18:19:56.717893,-0.526,-1.566,1.270,0.569
2025-12-04T18:19:56.737370,-0.524,-1.557,1.270,0.569
2025-12-04T18:19:56.752468,-0.523,-1.548,1.270,0.569
2025-12-04T18:19:56.770078,-0.522,-1.539,1.270,0.569
2025-12-04T18:19:56.786128,-0.521,-1.530,1.270,0.569
2025-12-04T18:19:56.802761,-0.521,-1.521,1.270,0.569
2025-12-04T18:19:56.817301,-0.520,-1.512,1.270,0.569
2025-12-04T18:19:56.832460,-0.520,-1.503,1.270,0.569
2025-12-04T18:19:56.846837,-0.520,-1.494,1.270,0.569
2025-12-04T18:19:56.864098,-0.520,-1.485,1.270,0.569
2025-12-04T18:19:56.879699,-0.521,-1.476,1.270,0.569
2025-12-04T18:19:56.897453,-0.521,-1.468,1.270,0.569
2025-12-04T18:19:56.915468,-0.522,-1.459,1.270,0.569
2025-12-04T18:19:56.930307,-0.522,-1.450,1.270,0.569
2025-12-04T18:19:56.947727,-0.523,-1.441,1.270,0.569
2025-12-04T18:19:56.966715,-0.524,-1.432,1.270,0.569
2025-12-04T18:19:56.983931,-0.524,-1.423,1.270,0.569
2025-12-04T18:19:57.002542,-0.525,-1.414,1.270,0.569
2025-12-04T18:19:57.024104,-0.525,-1.405,1.270,0.569
2025-12-04T18:19:57.036216,-0.526,-1.396,1.270,0.569
2025-12-04T18:19:57.050741,-0.527,-1.387,1.270,0.569
2025-12-04T18:19:57.067690,-0.527,-1.378,1.270,0.569
2025-12-04T18:19:57.084269,-0.527,-1.369,1.270,0.569
2025-12-04T18:19:57.097542,-0.528,-1.360,1.270,0.569
2025-12-04T18:19:57.111106,-0.528,-1.352,1.270,0.569
2025-12-04T18:19:57.126756,-0.528,-1.343,1.270,0.569
2025-12-04T18:19:57.142271,-0.528,-1.334,1.270,0.569
2025-12-04T18:19:57.159508,-0.529,-1.325,1.270,0.569
2025-12-04T18:19:57.175154,-0.529,-1.316,1.270,0.569
2025-12-04T18:19:57.192978,-0.529,-1.307,1.270,0.569
2025-12-04T18:19:57.211281,-0.529,-1.298,1.270,0.569
2025-12-04T18:19:57.228802,-0.529,-1.289,1.270,0.569
2025-12-04T18:19:57.247688,-0.529,-1.280,1.270,0.569
2025-12-04T18:19:57.265804,-0.529,-1.271,1.270,0.569
2025-12-04T18:19:57.282246,-0.528,-1.262,1.270,0.569
2025-12-04T18:19:57.301330,-0.528,-1.253,1.270,0.569
2025-12-04T18:19:57.318967,-0.528,-1.245,1.270,0.569
2025-12-04T18:19:57.337094,-0.528,-1.236,1.270,0.569
2025-12-04T18:19:57.353202,-0.528,-1.227,1.270,0.569
2025-12-04T18:19:57.371108,-0.528,-1.218,1.270,0.569
2025-12-04T18:19:57.387065,-0.528,-1.209,1.270,0.569
2025-12-04T18:19:57.403111,-0.528,-1.200,1.270,0.569
2025-12-04T18:19:57.417973,-0.528,-1.191,1.270,0.569
2025-12-04T18:19:57.434789,-0.528,-1.182,1.270,0.569
2025-12-04T18:19:57.446216,-0.527,-1.173,1.270,0.569
2025-12-04T18:19:57.461728,-0.527,-1.164,1.270,0.569
2025-12-04T18:19:57.476753,-0.527,-1.156,1.270,0.569
2025-12-04T18:19:57.492912,-0.527,-1.147,1.270,0.569
2025-12-04T18:19:57.510519,-0.526,-1.138,1.270,0.569
2025-12-04T18:19:57.528626,-0.524,-1.131,1.270,0.569
2025-12-04T18:19:57.546049,-0.521,-1.124,1.270,0.569
2025-12-04T18:19:57.563467,-0.518,-1.117,1.270,0.569
2025-12-04T18:19:57.581876,-0.515,-1.111,1.270,0.569
2025-12-04T18:19:57.599074,-0.512,-1.105,1.270,0.569
2025-12-04T18:19:57.616748,-0.508,-1.100,1.270,0.569
2025-12-04T18:19:57.636203,-0.505,-1.095,1.270,0.569
2025-12-04T18:19:57.653979,-0.502,-1.090,1.270,0.569
2025-12-04T18:19:57.668214,-0.499,-1.085,1.270,0.569
2025-12-04T18:19:57.684877,-0.495,-1.081,1.270,0.569
2025-12-04T18:19:57.700544,-0.492,-1.077,1.270,0.569
2025-12-04T18:19:57.714451,-0.492,-1.077,1.270,0.569
2025-12-04T18:19:57.735888,-0.492,-1.077,1.270,0.569
2025-12-04T18:19:57.746678,-0.492,-1.077,1.270,0.569
2025-12-04T18:19:57.760840,-0.492,-1.077,1.270,0.569
2025-12-04T18:19:57.775037,-0.492,-1.077,1.270,0.569
2025-12-04T18:19:57.790606,-0.492,-1.077,1.270,0.569
2025-12-04T18:19:57.805239,-0.492,-1.077,1.270,0.569
2025-12-04T18:19:57.822884,-0.492,-1.077,1.270,0.569
2025-12-04T18:19:57.838227,-0.492,-1.077,1.270,0.569
2025-12-04T18:19:57.853236,-0.492,-1.077,1.270,0.569
2025-12-04T18:19:57.872153,-0.492,-1.077,1.270,0.569
2025-12-04T18:19:57.887584,-0.492,-1.077,1.270,0.569
2025-12-04T18:19:57.903779,-0.492,-1.077,1.270,0.569
2025-12-04T18:19:57.921900,-0.492,-1.077,1.270,0.569
2025-12-04T18:19:57.938966,-0.492,-1.077,1.270,0.569
2025-12-04T18:19:57.956794,-0.492,-1.077,1.270,0.569
2025-12-04T18:19:57.975729,-0.492,-1.077,1.270,0.569
2025-12-04T18:19:57.992316,-0.492,-1.077,1.270,0.569
2025-12-04T18:19:58.009374,-0.492,-1.077,1.270,0.569
2025-12-04T18:19:58.025361,-0.492,-1.077,1.270,0.569
2025-12-04T18:19:58.039418,-0.492,-1.077,1.270,0.569
2025-12-04T18:19:58.053347,-0.492,-1.077,1.270,0.569
2025-12-04T18:19:58.069366,-0.492,-1.077,1.270,0.569
2025-12-04T18:19:58.084153,-0.492,-1.077,1.270,0.569
2025-12-04T18:19:58.101419,-0.492,-1.077,1.270,0.569
2025-12-04T18:19:58.117794,-0.492,-1.077,1.270,0.569
2025-12-04T18:19:58.132658,-0.492,-1.077,1.270,0.569
2025-12-04T18:19:58.149058,-0.492,-1.077,1.270,0.569
2025-12-04T18:19:58.166064,-0.492,-1.077,1.270,0.569
2025-12-04T18:19:58.183291,-0.492,-1.077,1.270,0.569
2025-12-04T18:19:58.202854,-0.492,-1.077,1.270,0.569
2025-12-04T18:19:58.219941,-0.492,-1.077,1.270,0.569
2025-12-04T18:19:58.236587,-0.492,-1.077,1.270,0.569
2025-12-04T18:19:58.253938,-0.492,-1.077,1.270,0.569
2025-12-04T18:19:58.269938,-0.492,-1.077,1.270,0.569
2025-12-04T18:19:58.286271,-0.492,-1.077,1.270,0.569
2025-12-04T18:19:58.302683,-0.492,-1.077,1.270,0.569
2025-12-04T18:19:58.317730,-0.492,-1.077,1.270,0.569
2025-12-04T18:19:58.331084,-0.492,-1.077,1.270,0.569
2025-12-04T18:19:58.356652,-0.492,-1.077,1.270,0.569
2025-12-04T18:19:58.369858,-0.492,-1.077,1.270,0.569
2025-12-04T18:19:58.383905,-0.492,-1.077,1.270,0.569
2025-12-04T18:19:58.398962,-0.492,-1.077,1.270,0.569
2025-12-04T18:19:58.414117,-0.492,-1.077,1.270,0.569
2025-12-04T18:19:58.428951,-0.492,-1.077,1.270,0.569
2025-12-04T18:19:58.447072,-0.492,-1.077,1.270,0.569
2025-12-04T18:19:58.464457,-0.492,-1.077,1.270,0.569
2025-12-04T18:19:58.481137,-0.492,-1.077,1.270,0.569
2025-12-04T18:19:58.495111,-0.492,-1.077,1.270,0.569
2025-12-04T18:19:58.511245,-0.492,-1.077,1.270,0.569
2025-12-04T18:19:58.529036,-0.492,-1.077,1.270,0.569
2025-12-04T18:19:58.547455,-0.492,-1.077,1.270,0.569
2025-12-04T18:19:58.564089,-0.492,-1.077,1.270,0.569
2025-12-04T18:19:58.581850,-0.492,-1.077,1.270,0.569
2025-12-04T18:19:58.598586,-0.492,-1.077,1.270,0.569
2025-12-04T18:19:58.615897,-0.492,-1.077,1.270,0.569
2025-12-04T18:19:58.630607,-0.492,-1.077,1.270,0.569
2025-12-04T18:19:58.643931,-0.492,-1.077,1.270,0.569
2025-12-04T18:19:58.657941,-0.492,-1.077,1.270,0.569
2025-12-04T18:19:58.673725,-0.492,-1.077,1.270,0.569
2025-12-04T18:19:58.689169,-0.492,-1.077,1.270,0.569
2025-12-04T18:19:58.704648,-0.492,-1.077,1.270,0.569
2025-12-04T18:19:58.719870,-0.492,-1.077,1.270,0.569
2025-12-04T18:19:58.739306,-0.492,-1.077,1.270,0.569
2025-12-04T18:19:58.754860,-0.492,-1.077,1.270,0.569
2025-12-04T18:19:58.770685,-0.492,-1.077,1.270,0.569
2025-12-04T18:19:58.787092,-0.492,-1.077,1.270,0.569
2025-12-04T18:19:58.806633,-0.492,-1.077,1.270,0.569
2025-12-04T18:19:58.828383,-0.492,-1.077,1.270,0.569
2025-12-04T18:19:58.845528,-0.492,-1.077,1.270,0.569
2025-12-04T18:19:58.863779,-0.492,-1.077,1.270,0.569
2025-12-04T18:19:58.881214,-0.492,-1.077,1.270,0.569
2025-12-04T18:19:58.899597,-0.492,-1.077,1.270,0.569
2025-12-04T18:19:58.915280,-0.492,-1.077,1.270,0.569
2025-12-04T18:19:58.931971,-0.492,-1.077,1.270,0.569
2025-12-04T18:19:58.953444,-0.492,-1.077,1.270,0.569
2025-12-04T18:19:58.966292,-0.492,-1.077,1.270,0.569
2025-12-04T18:19:58.980648,-0.492,-1.077,1.270,0.569
2025-12-04T18:19:58.995242,-0.492,-1.077,1.270,0.569
2025-12-04T18:19:59.010608,-0.492,-1.077,1.270,0.569
2025-12-04T18:19:59.026188,-0.492,-1.077,1.270,0.569
2025-12-04T18:19:59.041816,-0.492,-1.077,1.270,0.569
2025-12-04T18:19:59.058416,-0.492,-1.077,1.270,0.569
2025-12-04T18:19:59.075870,-0.492,-1.077,1.270,0.569
2025-12-04T18:19:59.093951,-0.492,-1.077,1.270,0.569
2025-12-04T18:19:59.111254,-0.492,-1.077,1.270,0.569
2025-12-04T18:19:59.129149,-0.492,-1.077,1.270,0.569
2025-12-04T18:19:59.147980,-0.492,-1.077,1.270,0.569
2025-12-04T18:19:59.164873,-0.492,-1.077,1.270,0.569
2025-12-04T18:19:59.181351,-0.492,-1.077,1.270,0.569
2025-12-04T18:19:59.198213,-0.492,-1.077,1.270,0.569
2025-12-04T18:19:59.211316,-0.492,-1.077,1.270,0.569
2025-12-04T18:19:59.225377,-0.492,-1.077,1.270,0.569
2025-12-04T18:19:59.240736,-0.492,-1.077,1.270,0.569
2025-12-04T18:19:59.255274,-0.492,-1.077,1.270,0.569
2025-12-04T18:19:59.270482,-0.492,-1.077,1.270,0.569
2025-12-04T18:19:59.285083,-0.492,-1.077,1.270,0.569
2025-12-04T18:19:59.301676,-0.492,-1.077,1.270,0.569
2025-12-04T18:19:59.317538,-0.492,-1.077,1.270,0.569
2025-12-04T18:19:59.336020,-0.492,-1.077,1.270,0.569
2025-12-04T18:19:59.352104,-0.492,-1.077,1.270,0.569
2025-12-04T18:19:59.370176,-0.492,-1.077,1.270,0.569
2025-12-04T18:19:59.389219,-0.492,-1.077,1.270,0.569
2025-12-04T18:19:59.409451,-0.492,-1.077,1.270,0.569
2025-12-04T18:19:59.425849,-0.492,-1.077,1.270,0.569
2025-12-04T18:19:59.443561,-0.492,-1.077,1.270,0.569
2025-12-04T18:19:59.459138,-0.492,-1.077,1.270,0.569
2025-12-04T18:19:59.476729,-0.492,-1.077,1.270,0.569
2025-12-04T18:19:59.492159,-0.492,-1.077,1.270,0.569
2025-12-04T18:19:59.508913,-0.492,-1.077,1.270,0.569
2025-12-04T18:19:59.523230,-0.492,-1.077,1.270,0.569
2025-12-04T18:19:59.539648,-0.492,-1.077,1.270,0.569
2025-12-04T18:19:59.551171,-0.492,-1.077,1.270,0.569
2025-12-04T18:19:59.574770,-0.492,-1.077,1.270,0.569
2025-12-04T18:19:59.588073,-0.492,-1.077,1.270,0.569
2025-12-04T18:19:59.604976,-0.492,-1.077,1.270,0.569
2025-12-04T18:19:59.620996,-0.492,-1.077,1.270,0.569
2025-12-04T18:19:59.638348,-0.492,-1.077,1.270,0.569
2025-12-04T18:19:59.655216,-0.492,-1.077,1.270,0.569
2025-12-04T18:19:59.672204,-0.492,-1.077,1.270,0.569
2025-12-04T18:19:59.687344,-0.492,-1.077,1.270,0.569
2025-12-04T18:19:59.703970,-0.492,-1.077,1.270,0.569
2025-12-04T18:19:59.720515,-0.492,-1.077,1.270,0.569
2025-12-04T18:19:59.737816,-0.492,-1.077,1.270,0.569
2025-12-04T18:19:59.754481,-0.492,-1.077,1.270,0.569
2025-12-04T18:19:59.771938,-0.492,-1.077,1.270,0.569
2025-12-04T18:19:59.791085,-0.492,-1.077,1.270,0.569
2025-12-04T18:19:59.806692,-0.492,-1.077,1.270,0.569
2025-12-04T18:19:59.821221,-0.492,-1.077,1.270,0.569
2025-12-04T18:19:59.836831,-0.492,-1.077,1.270,0.569
2025-12-04T18:19:59.850220,-0.492,-1.077,1.270,0.569
2025-12-04T18:19:59.866005,-0.492,-1.077,1.270,0.569
2025-12-04T18:19:59.883366,-0.492,-1.077,1.270,0.569
2025-12-04T18:19:59.899500,-0.492,-1.077,1.270,0.569
2025-12-04T18:19:59.917890,-0.492,-1.077,1.270,0.569
2025-12-04T18:19:59.934540,-0.492,-1.077,1.270,0.569
2025-12-04T18:19:59.953340,-0.492,-1.077,1.270,0.569
2025-12-04T18:19:59.968356,-0.492,-1.077,1.270,0.569
2025-12-04T18:19:59.984997,-0.492,-1.077,1.270,0.569
2025-12-04T18:20:00.005270,-0.492,-1.077,1.270,0.569
2025-12-04T18:20:00.022718,-0.492,-1.077,1.270,0.569
2025-12-04T18:20:00.034163,-0.492,-1.077,1.270,0.569
2025-12-04T18:20:00.051298,-0.492,-1.077,1.270,0.569
2025-12-04T18:20:00.065722,-0.492,-1.077,1.270,0.569
2025-12-04T18:20:00.080092,-0.492,-1.077,1.270,0.569
2025-12-04T18:20:00.093220,-0.492,-1.077,1.270,0.569
2025-12-04T18:20:00.110175,-0.492,-1.077,1.270,0.569
2025-12-04T18:20:00.125462,-0.492,-1.077,1.270,0.569
2025-12-04T18:20:00.141395,-0.492,-1.077,1.270,0.569
2025-12-04T18:20:00.157918,-0.492,-1.077,1.270,0.569
2025-12-04T18:20:00.176021,-0.492,-1.077,1.270,0.569
2025-12-04T18:20:00.197710,-0.492,-1.077,1.270,0.569
2025-12-04T18:20:00.215068,-0.492,-1.077,1.270,0.569
2025-12-04T18:20:00.233427,-0.492,-1.077,1.270,0.569
2025-12-04T18:20:00.250498,-0.492,-1.077,1.270,0.569
2025-12-04T18:20:00.265310,-0.492,-1.077,1.270,0.569
2025-12-04T18:20:00.279770,-0.492,-1.077,1.270,0.569
2025-12-04T18:20:00.295055,-0.492,-1.077,1.270,0.569
2025-12-04T18:20:00.310275,-0.492,-1.077,1.270,0.569
2025-12-04T18:20:00.326416,-0.492,-1.077,1.270,0.569
2025-12-04T18:20:00.342087,-0.492,-1.077,1.270,0.569
2025-12-04T18:20:00.360274,-0.492,-1.082,1.270,0.580
2025-12-04T18:20:00.376032,-0.492,-1.087,1.270,0.592
2025-12-04T18:20:00.394242,-0.492,-1.093,1.270,0.604
2025-12-04T18:20:00.411815,-0.492,-1.097,1.270,0.615
2025-12-04T18:20:00.427814,-0.492,-1.102,1.270,0.626
2025-12-04T18:20:00.445411,-0.492,-1.106,1.270,0.637
2025-12-04T18:20:00.463410,-0.492,-1.110,1.270,0.648
2025-12-04T18:20:00.479183,-0.492,-1.113,1.270,0.659
2025-12-04T18:20:00.497236,-0.492,-1.116,1.270,0.670
2025-12-04T18:20:00.512666,-0.492,-1.119,1.270,0.681
2025-12-04T18:20:00.527880,-0.492,-1.121,1.270,0.691
2025-12-04T18:20:00.542915,-0.492,-1.123,1.270,0.702
2025-12-04T18:20:00.558529,-0.492,-1.125,1.270,0.712
2025-12-04T18:20:00.573994,-0.492,-1.126,1.270,0.722
2025-12-04T18:20:00.591874,-0.492,-1.128,1.270,0.732
2025-12-04T18:20:00.607708,-0.492,-1.129,1.270,0.741
2025-12-04T18:20:00.626299,-0.493,-1.130,1.270,0.751
2025-12-04T18:20:00.643515,-0.493,-1.131,1.270,0.760
2025-12-04T18:20:00.661331,-0.493,-1.132,1.270,0.770
2025-12-04T18:20:00.680112,-0.493,-1.132,1.270,0.779
2025-12-04T18:20:00.697343,-0.493,-1.133,1.270,0.788
2025-12-04T18:20:00.715968,-0.493,-1.133,1.270,0.797
2025-12-04T18:20:00.733108,-0.493,-1.134,1.270,0.805
2025-12-04T18:20:00.748925,-0.493,-1.134,1.270,0.814
2025-12-04T18:20:00.766053,-0.493,-1.135,1.270,0.822
2025-12-04T18:20:00.781653,-0.493,-1.135,1.270,0.830
2025-12-04T18:20:00.806581,-0.493,-1.135,1.270,0.838
2025-12-04T18:20:00.819934,-0.493,-1.136,1.270,0.846
2025-12-04T18:20:00.834254,-0.493,-1.136,1.270,0.853
2025-12-04T18:20:00.847095,-0.493,-1.136,1.270,0.861
2025-12-04T18:20:00.860868,-0.493,-1.136,1.270,0.868
2025-12-04T18:20:00.874410,-0.493,-1.137,1.270,0.875
2025-12-04T18:20:00.891471,-0.493,-1.138,1.270,0.882
2025-12-04T18:20:00.906020,-0.493,-1.139,1.270,0.889
2025-12-04T18:20:00.921386,-0.494,-1.140,1.270,0.895
2025-12-04T18:20:00.937091,-0.495,-1.140,1.270,0.901
2025-12-04T18:20:00.955315,-0.495,-1.141,1.270,0.908
2025-12-04T18:20:00.972685,-0.496,-1.141,1.270,0.914
2025-12-04T18:20:00.990044,-0.497,-1.142,1.270,0.919
2025-12-04T18:20:01.006693,-0.499,-1.142,1.270,0.925
2025-12-04T18:20:01.025011,-0.500,-1.142,1.270,0.930
2025-12-04T18:20:01.040774,-0.501,-1.143,1.270,0.935
2025-12-04T18:20:01.057677,-0.502,-1.143,1.270,0.940
2025-12-04T18:20:01.073174,-0.503,-1.144,1.270,0.945
2025-12-04T18:20:01.088156,-0.504,-1.144,1.270,0.950
2025-12-04T18:20:01.106109,-0.505,-1.144,1.270,0.954
2025-12-04T18:20:01.120762,-0.506,-1.145,1.270,0.958
2025-12-04T18:20:01.134562,-0.507,-1.145,1.270,0.962
2025-12-04T18:20:01.149811,-0.509,-1.146,1.270,0.966
2025-12-04T18:20:01.166013,-0.510,-1.146,1.270,0.970
2025-12-04T18:20:01.181096,-0.511,-1.147,1.270,0.973
2025-12-04T18:20:01.197896,-0.512,-1.147,1.270,0.977
2025-12-04T18:20:01.216081,-0.513,-1.148,1.270,0.980
2025-12-04T18:20:01.235145,-0.514,-1.148,1.270,0.982
2025-12-04T18:20:01.251097,-0.515,-1.149,1.270,0.985
2025-12-04T18:20:01.267775,-0.516,-1.149,1.270,0.987
2025-12-04T18:20:01.285196,-0.517,-1.150,1.270,0.989
2025-12-04T18:20:01.302914,-0.518,-1.151,1.270,0.991
2025-12-04T18:20:01.322008,-0.520,-1.151,1.270,0.993
2025-12-04T18:20:01.337178,-0.521,-1.152,1.270,0.995
2025-12-04T18:20:01.353559,-0.531,-1.151,1.270,0.995
2025-12-04T18:20:01.368118,-0.541,-1.149,1.270,0.995
2025-12-04T18:20:01.382858,-0.550,-1.148,1.270,0.995
2025-12-04T18:20:01.398975,-0.559,-1.148,1.270,0.995
2025-12-04T18:20:01.420664,-0.567,-1.148,1.270,0.995
2025-12-04T18:20:01.431312,-0.575,-1.148,1.270,0.995
2025-12-04T18:20:01.447767,-0.583,-1.148,1.270,0.995
2025-12-04T18:20:01.463940,-0.590,-1.149,1.270,0.995
2025-12-04T18:20:01.481193,-0.597,-1.150,1.270,0.995
2025-12-04T18:20:01.499849,-0.604,-1.151,1.270,0.995
2025-12-04T18:20:01.517131,-0.610,-1.153,1.270,0.995
2025-12-04T18:20:01.534894,-0.617,-1.155,1.270,0.995
2025-12-04T18:20:01.552501,-0.624,-1.157,1.270,0.995
2025-12-04T18:20:01.568464,-0.631,-1.159,1.270,0.995
2025-12-04T18:20:01.584994,-0.639,-1.161,1.270,0.995
2025-12-04T18:20:01.599929,-0.646,-1.164,1.270,0.995
2025-12-04T18:20:01.614753,-0.654,-1.166,1.270,0.995
2025-12-04T18:20:01.628956,-0.661,-1.169,1.270,0.995
2025-12-04T18:20:01.645730,-0.669,-1.171,1.270,0.995
2025-12-04T18:20:01.660000,-0.677,-1.174,1.270,0.995
2025-12-04T18:20:01.675886,-0.685,-1.176,1.270,0.995
2025-12-04T18:20:01.692455,-0.693,-1.178,1.270,0.995
2025-12-04T18:20:01.710594,-0.701,-1.180,1.270,0.995
2025-12-04T18:20:01.728075,-0.709,-1.182,1.270,0.995
2025-12-04T18:20:01.744801,-0.718,-1.183,1.270,0.995
2025-12-04T18:20:01.764341,-0.726,-1.185,1.270,0.995
2025-12-04T18:20:01.782082,-0.734,-1.186,1.270,0.995
2025-12-04T18:20:01.798244,-0.743,-1.188,1.270,0.995
2025-12-04T18:20:01.815769,-0.751,-1.189,1.270,0.995
2025-12-04T18:20:01.831461,-0.759,-1.190,1.270,0.995
2025-12-04T18:20:01.848881,-0.768,-1.191,1.270,0.995
2025-12-04T18:20:01.864168,-0.776,-1.192,1.270,0.995
2025-12-04T18:20:01.880270,-0.785,-1.193,1.270,0.995
2025-12-04T18:20:01.894061,-0.794,-1.193,1.270,0.995
2025-12-04T18:20:01.908722,-0.802,-1.194,1.270,0.995
2025-12-04T18:20:01.924022,-0.811,-1.195,1.270,0.995
2025-12-04T18:20:01.941736,-0.820,-1.195,1.270,0.995
2025-12-04T18:20:01.955978,-0.828,-1.195,1.270,0.995
2025-12-04T18:20:01.975990,-0.837,-1.196,1.270,0.995
2025-12-04T18:20:01.994298,-0.846,-1.196,1.270,0.995
2025-12-04T18:20:02.011115,-0.854,-1.196,1.270,0.995
2025-12-04T18:20:02.029374,-0.863,-1.196,1.270,0.995
2025-12-04T18:20:02.051286,-0.872,-1.196,1.270,0.995
2025-12-04T18:20:02.069629,-0.881,-1.196,1.270,0.995
2025-12-04T18:20:02.086172,-0.890,-1.196,1.270,0.995
2025-12-04T18:20:02.102271,-0.899,-1.196,1.270,0.995
2025-12-04T18:20:02.119885,-0.908,-1.195,1.270,0.995
2025-12-04T18:20:02.133797,-0.917,-1.195,1.270,0.995
2025-12-04T18:20:02.149120,-0.926,-1.195,1.270,0.995
2025-12-04T18:20:02.166277,-0.935,-1.194,1.270,0.995
2025-12-04T18:20:02.182290,-0.944,-1.194,1.270,0.995
2025-12-04T18:20:02.194971,-0.953,-1.193,1.270,0.995
2025-12-04T18:20:02.211504,-0.962,-1.193,1.270,0.995
2025-12-04T18:20:02.226045,-0.971,-1.192,1.270,0.995
2025-12-04T18:20:02.243488,-0.980,-1.191,1.270,0.995
2025-12-04T18:20:02.259610,-0.989,-1.191,1.270,0.995
2025-12-04T18:20:02.279989,-0.998,-1.190,1.270,0.995
2025-12-04T18:20:02.295585,-1.007,-1.189,1.270,0.995
2025-12-04T18:20:02.313157,-1.016,-1.188,1.270,0.995
2025-12-04T18:20:02.330456,-1.025,-1.187,1.270,0.995
2025-12-04T18:20:02.354794,-1.034,-1.186,1.270,0.995
2025-12-04T18:20:02.370757,-1.044,-1.186,1.270,0.995
2025-12-04T18:20:02.390370,-1.053,-1.185,1.270,0.995
2025-12-04T18:20:02.401909,-1.062,-1.184,1.270,0.995
2025-12-04T18:20:02.417614,-1.071,-1.182,1.270,0.995
2025-12-04T18:20:02.430923,-1.080,-1.181,1.270,0.995
2025-12-04T18:20:02.447811,-1.090,-1.180,1.270,0.995
2025-12-04T18:20:02.465043,-1.099,-1.179,1.270,0.995
2025-12-04T18:20:02.475046,-1.108,-1.178,1.270,0.995
2025-12-04T18:20:02.489717,-1.117,-1.177,1.270,0.995
2025-12-04T18:20:02.508463,-1.127,-1.176,1.270,0.995
2025-12-04T18:20:02.520604,-1.136,-1.174,1.270,0.995
2025-12-04T18:20:02.538042,-1.145,-1.173,1.270,0.995
2025-12-04T18:20:02.553176,-1.154,-1.172,1.270,0.995
2025-12-04T18:20:02.573179,-1.164,-1.170,1.270,0.995
2025-12-04T18:20:02.589266,-1.173,-1.169,1.270,0.995
2025-12-04T18:20:02.606954,-1.182,-1.168,1.270,0.995
2025-12-04T18:20:02.625343,-1.192,-1.166,1.270,0.995
2025-12-04T18:20:02.644160,-1.201,-1.165,1.270,0.995
2025-12-04T18:20:02.660422,-1.210,-1.164,1.270,0.995
2025-12-04T18:20:02.677361,-1.220,-1.162,1.270,0.995
2025-12-04T18:20:02.694658,-1.229,-1.161,1.270,0.995
2025-12-04T18:20:02.710314,-1.238,-1.159,1.270,0.995
2025-12-04T18:20:02.726628,-1.248,-1.158,1.270,0.995
2025-12-04T18:20:02.741457,-1.257,-1.156,1.270,0.995
2025-12-04T18:20:02.757083,-1.266,-1.155,1.270,0.995
2025-12-04T18:20:02.772004,-1.276,-1.153,1.270,0.995
2025-12-04T18:20:02.788770,-1.285,-1.152,1.270,0.995
2025-12-04T18:20:02.806772,-1.295,-1.150,1.270,0.995
2025-12-04T18:20:02.823176,-1.304,-1.148,1.270,0.995
2025-12-04T18:20:02.839368,-1.313,-1.147,1.270,0.995
2025-12-04T18:20:02.855755,-1.323,-1.145,1.270,0.995
2025-12-04T18:20:02.875021,-1.332,-1.144,1.270,0.995
2025-12-04T18:20:02.893161,-1.342,-1.142,1.270,0.995
2025-12-04T18:20:02.911749,-1.351,-1.140,1.270,0.995
2025-12-04T18:20:02.927851,-1.360,-1.139,1.270,0.995
2025-12-04T18:20:02.946712,-1.370,-1.137,1.270,0.995
2025-12-04T18:20:02.962683,-1.379,-1.135,1.270,0.995
2025-12-04T18:20:02.976964,-1.389,-1.134,1.270,0.995
2025-12-04T18:20:02.993479,-1.398,-1.132,1.270,0.995
2025-12-04T18:20:03.009261,-1.407,-1.130,1.270,0.995
2025-12-04T18:20:03.023929,-1.417,-1.128,1.270,0.995
2025-12-04T18:20:03.038861,-1.426,-1.127,1.270,0.995
2025-12-04T18:20:03.054098,-1.436,-1.125,1.270,0.995
2025-12-04T18:20:03.070703,-1.445,-1.123,1.270,0.995
2025-12-04T18:20:03.088880,-1.455,-1.122,1.270,0.995
2025-12-04T18:20:03.104817,-1.464,-1.120,1.270,0.995
2025-12-04T18:20:03.122501,-1.473,-1.118,1.270,0.995
2025-12-04T18:20:03.139619,-1.483,-1.116,1.270,0.995
2025-12-04T18:20:03.158212,-1.492,-1.114,1.270,0.995
2025-12-04T18:20:03.174843,-1.502,-1.113,1.270,0.995
2025-12-04T18:20:03.192781,-1.511,-1.111,1.270,0.995
2025-12-04T18:20:03.211803,-1.521,-1.109,1.270,0.995
2025-12-04T18:20:03.227543,-1.530,-1.107,1.270,0.995
2025-12-04T18:20:03.243961,-1.540,-1.105,1.270,0.995
2025-12-04T18:20:03.259893,-1.549,-1.104,1.270,0.995
2025-12-04T18:20:03.283084,-1.559,-1.102,1.270,0.995
2025-12-04T18:20:03.296438,-1.568,-1.100,1.270,0.995
2025-12-04T18:20:03.310759,-1.577,-1.098,1.270,0.995
2025-12-04T18:20:03.324137,-1.587,-1.096,1.270,0.995
2025-12-04T18:20:03.337505,-1.596,-1.095,1.270,0.995
2025-12-04T18:20:03.351646,-1.606,-1.093,1.270,0.995
2025-12-04T18:20:03.365061,-1.615,-1.091,1.270,0.995
2025-12-04T18:20:03.381155,-1.624,-1.090,1.270,0.995
2025-12-04T18:20:03.395539,-1.633,-1.088,1.270,0.995
2025-12-04T18:20:03.410844,-1.643,-1.087,1.270,0.995
2025-12-04T18:20:03.427790,-1.652,-1.086,1.270,0.995
2025-12-04T18:20:03.444413,-1.661,-1.085,1.270,0.995
2025-12-04T18:20:03.462035,-1.671,-1.085,1.270,0.995
2025-12-04T18:20:03.478089,-1.680,-1.084,1.270,0.995
2025-12-04T18:20:03.498959,-1.689,-1.084,1.270,0.995
2025-12-04T18:20:03.512398,-1.699,-1.083,1.270,0.995
2025-12-04T18:20:03.530223,-1.708,-1.083,1.270,0.995
2025-12-04T18:20:03.548237,-1.717,-1.083,1.270,0.995
2025-12-04T18:20:03.565624,-1.727,-1.083,1.270,0.995
2025-12-04T18:20:03.581257,-1.736,-1.084,1.270,0.995
2025-12-04T18:20:03.599075,-1.745,-1.084,1.270,0.995
2025-12-04T18:20:03.613908,-1.755,-1.084,1.270,0.995
2025-12-04T18:20:03.629249,-1.764,-1.085,1.270,0.995
2025-12-04T18:20:03.644256,-1.773,-1.086,1.270,0.995
2025-12-04T18:20:03.660222,-1.782,-1.086,1.270,0.995
2025-12-04T18:20:03.676911,-1.792,-1.087,1.270,0.995
2025-12-04T18:20:03.693791,-1.801,-1.087,1.270,0.995
2025-12-04T18:20:03.711054,-1.810,-1.087,1.270,0.995
2025-12-04T18:20:03.729010,-1.820,-1.088,1.270,0.995
2025-12-04T18:20:03.745604,-1.829,-1.088,1.270,0.995
2025-12-04T18:20:03.764184,-1.838,-1.088,1.270,0.995
2025-12-04T18:20:03.782625,-1.848,-1.088,1.270,0.995
2025-12-04T18:20:03.800225,-1.857,-1.089,1.270,0.995
2025-12-04T18:20:03.816123,-1.866,-1.089,1.270,0.995
2025-12-04T18:20:03.832000,-1.876,-1.089,1.270,0.995
2025-12-04T18:20:03.845482,-1.885,-1.089,1.270,0.995
2025-12-04T18:20:03.860023,-1.894,-1.089,1.270,0.995
2025-12-04T18:20:03.873953,-1.903,-1.089,1.270,0.995
2025-12-04T18:20:03.889787,-1.913,-1.088,1.270,0.995
2025-12-04T18:20:03.907268,-1.922,-1.088,1.270,0.995
2025-12-04T18:20:03.924003,-1.931,-1.088,1.270,0.995
2025-12-04T18:20:03.941286,-1.941,-1.088,1.270,0.995
2025-12-04T18:20:03.958834,-1.950,-1.088,1.270,0.995
2025-12-04T18:20:03.976806,-1.959,-1.088,1.270,0.995
2025-12-04T18:20:03.995218,-1.969,-1.088,1.270,0.995
2025-12-04T18:20:04.011894,-1.978,-1.088,1.270,0.995
2025-12-04T18:20:04.030029,-1.987,-1.087,1.270,0.995
2025-12-04T18:20:04.047213,-1.997,-1.087,1.270,0.995
2025-12-04T18:20:04.064837,-2.006,-1.087,1.270,0.995
2025-12-04T18:20:04.080355,-2.015,-1.087,1.270,0.995
2025-12-04T18:20:04.094097,-2.025,-1.087,1.270,0.995
2025-12-04T18:20:04.108856,-2.034,-1.087,1.270,0.995
2025-12-04T18:20:04.123731,-2.043,-1.087,1.270,0.995
2025-12-04T18:20:04.139015,-2.052,-1.087,1.270,0.995
2025-12-04T18:20:04.154343,-2.062,-1.087,1.270,0.995
2025-12-04T18:20:04.168124,-2.071,-1.087,1.270,0.995
2025-12-04T18:20:04.187255,-2.080,-1.087,1.270,0.995
2025-12-04T18:20:04.201343,-2.090,-1.087,1.270,0.995
2025-12-04T18:20:04.219487,-2.099,-1.087,1.270,0.995
2025-12-04T18:20:04.236027,-2.108,-1.087,1.270,0.995
2025-12-04T18:20:04.253885,-2.118,-1.087,1.270,0.995
2025-12-04T18:20:04.272115,-2.127,-1.087,1.270,0.995
2025-12-04T18:20:04.289957,-2.136,-1.087,1.270,0.995
2025-12-04T18:20:04.306923,-2.146,-1.087,1.270,0.995
2025-12-04T18:20:04.326534,-2.155,-1.087,1.270,0.995
2025-12-04T18:20:04.342847,-2.164,-1.087,1.270,0.995
2025-12-04T18:20:04.361759,-2.174,-1.088,1.270,0.995
2025-12-04T18:20:04.377225,-2.183,-1.088,1.270,0.995
2025-12-04T18:20:04.393398,-2.192,-1.088,1.270,0.995
2025-12-04T18:20:04.409103,-2.202,-1.089,1.270,0.995
2025-12-04T18:20:04.424846,-2.211,-1.089,1.270,0.995
2025-12-04T18:20:04.438730,-2.220,-1.089,1.270,0.995
2025-12-04T18:20:04.455271,-2.230,-1.089,1.270,0.995
2025-12-04T18:20:04.473891,-2.239,-1.089,1.270,0.995
2025-12-04T18:20:04.486560,-2.248,-1.089,1.270,0.995
2025-12-04T18:20:04.498764,-2.258,-1.089,1.270,0.995
2025-12-04T18:20:04.516630,-2.267,-1.089,1.270,0.995
2025-12-04T18:20:04.534891,-2.276,-1.089,1.270,0.995
2025-12-04T18:20:04.550895,-2.285,-1.089,1.270,0.995
2025-12-04T18:20:04.566960,-2.295,-1.088,1.270,0.995
2025-12-04T18:20:04.585354,-2.304,-1.088,1.270,0.995
2025-12-04T18:20:04.603985,-2.313,-1.088,1.270,0.995
2025-12-04T18:20:04.620315,-2.323,-1.088,1.270,0.995
2025-12-04T18:20:04.636954,-2.332,-1.088,1.270,0.995
2025-12-04T18:20:04.653677,-2.341,-1.088,1.270,0.995
2025-12-04T18:20:04.668858,-2.351,-1.087,1.270,0.995
2025-12-04T18:20:04.686498,-2.360,-1.087,1.270,0.995
2025-12-04T18:20:04.698542,-2.369,-1.087,1.270,0.995
2025-12-04T18:20:04.713647,-2.379,-1.087,1.270,0.995
2025-12-04T18:20:04.729940,-2.388,-1.087,1.270,0.995
2025-12-04T18:20:04.746976,-2.397,-1.087,1.270,0.995
2025-12-04T18:20:04.764063,-2.406,-1.087,1.270,0.995
2025-12-04T18:20:04.781691,-2.416,-1.087,1.270,0.995
2025-12-04T18:20:04.799786,-2.425,-1.087,1.270,0.995
2025-12-04T18:20:04.822758,-2.434,-1.087,1.270,0.995
2025-12-04T18:20:04.838778,-2.444,-1.087,1.270,0.995
2025-12-04T18:20:04.856591,-2.453,-1.087,1.270,0.995
2025-12-04T18:20:04.872078,-2.462,-1.087,1.270,0.995
2025-12-04T18:20:04.889901,-2.472,-1.087,1.270,0.995
2025-12-04T18:20:04.903835,-2.481,-1.087,1.270,0.995
2025-12-04T18:20:04.920424,-2.490,-1.087,1.270,0.995
2025-12-04T18:20:04.934420,-2.500,-1.087,1.270,0.995
2025-12-04T18:20:04.949515,-2.509,-1.087,1.270,0.995
2025-12-04T18:20:04.965979,-2.518,-1.087,1.270,0.995
2025-12-04T18:20:04.980588,-2.528,-1.087,1.270,0.995
2025-12-04T18:20:04.997441,-2.537,-1.087,1.270,0.995
2025-12-04T18:20:05.013903,-2.546,-1.087,1.270,0.995
2025-12-04T18:20:05.029691,-2.556,-1.087,1.270,0.995
2025-12-04T18:20:05.047043,-2.565,-1.087,1.270,0.995
2025-12-04T18:20:05.065501,-2.574,-1.087,1.270,0.995
2025-12-04T18:20:05.084081,-2.584,-1.087,1.270,0.995
2025-12-04T18:20:05.100498,-2.593,-1.087,1.270,0.995
2025-12-04T18:20:05.125912,-2.602,-1.087,1.270,0.995
2025-12-04T18:20:05.146722,-2.611,-1.087,1.270,0.995
2025-12-04T18:20:05.162215,-2.621,-1.087,1.270,0.995
2025-12-04T18:20:05.178471,-2.630,-1.087,1.270,0.995
2025-12-04T18:20:05.193817,-2.639,-1.087,1.270,0.995
2025-12-04T18:20:05.208857,-2.648,-1.088,1.270,0.995
2025-12-04T18:20:05.224119,-2.658,-1.088,1.270,0.995
2025-12-04T18:20:05.240676,-2.667,-1.089,1.270,0.995
2025-12-04T18:20:05.257616,-2.676,-1.089,1.270,0.995
2025-12-04T18:20:05.270824,-2.676,-1.092,1.270,0.993
2025-12-04T18:20:05.284995,-2.677,-1.094,1.270,0.991
2025-12-04T18:20:05.300536,-2.677,-1.097,1.270,0.989
2025-12-04T18:20:05.315601,-2.678,-1.100,1.270,0.987
2025-12-04T18:20:05.331707,-2.678,-1.102,1.270,0.985
2025-12-04T18:20:05.346708,-2.678,-1.105,1.270,0.982
2025-12-04T18:20:05.363131,-2.679,-1.107,1.270,0.980
2025-12-04T18:20:05.380398,-2.679,-1.109,1.270,0.977
2025-12-04T18:20:05.397156,-2.679,-1.111,1.270,0.973
2025-12-04T18:20:05.416287,-2.680,-1.114,1.270,0.970
2025-12-04T18:20:05.432166,-2.680,-1.116,1.270,0.966
2025-12-04T18:20:05.449279,-2.680,-1.118,1.270,0.962
2025-12-04T18:20:05.467906,-2.681,-1.119,1.270,0.958
2025-12-04T18:20:05.484083,-2.681,-1.121,1.270,0.954
2025-12-04T18:20:05.500274,-2.681,-1.123,1.270,0.950
2025-12-04T18:20:05.517718,-2.681,-1.125,1.270,0.945
2025-12-04T18:20:05.532352,-2.682,-1.126,1.270,0.940
2025-12-04T18:20:05.547289,-2.682,-1.128,1.270,0.935
2025-12-04T18:20:05.561668,-2.682,-1.130,1.270,0.930
2025-12-04T18:20:05.581725,-2.682,-1.131,1.270,0.925
2025-12-04T18:20:05.596418,-2.683,-1.133,1.270,0.919
2025-12-04T18:20:05.611769,-2.683,-1.134,1.270,0.914
2025-12-04T18:20:05.627017,-2.683,-1.135,1.270,0.908
2025-12-04T18:20:05.643804,-2.683,-1.137,1.270,0.901
2025-12-04T18:20:05.660435,-2.689,-1.131,1.270,0.901
2025-12-04T18:20:05.681060,-2.695,-1.125,1.270,0.901
2025-12-04T18:20:05.697949,-2.701,-1.119,1.270,0.901
2025-12-04T18:20:05.715558,-2.706,-1.113,1.270,0.901
2025-12-04T18:20:05.730373,-2.712,-1.107,1.270,0.901
2025-12-04T18:20:05.748438,-2.718,-1.101,1.270,0.901
2025-12-04T18:20:05.763096,-2.724,-1.095,1.270,0.901
2025-12-04T18:20:05.778662,-2.730,-1.089,1.270,0.901
2025-12-04T18:20:05.792092,-2.736,-1.083,1.270,0.901
2025-12-04T18:20:05.808363,-2.741,-1.078,1.270,0.901
2025-12-04T18:20:05.823905,-2.747,-1.073,1.270,0.901
2025-12-04T18:20:05.841253,-2.753,-1.068,1.270,0.901
2025-12-04T18:20:05.858882,-2.759,-1.064,1.270,0.901
2025-12-04T18:20:05.878352,-2.765,-1.061,1.270,0.901
2025-12-04T18:20:05.894704,-2.771,-1.059,1.270,0.901
2025-12-04T18:20:05.912260,-2.776,-1.057,1.270,0.901
2025-12-04T18:20:05.930210,-2.782,-1.056,1.270,0.901
2025-12-04T18:20:05.948428,-2.788,-1.056,1.270,0.901
2025-12-04T18:20:05.962698,-2.793,-1.056,1.270,0.901
2025-12-04T18:20:05.977716,-2.799,-1.057,1.270,0.901
2025-12-04T18:20:05.997520,-2.805,-1.057,1.270,0.901
2025-12-04T18:20:06.012806,-2.810,-1.058,1.270,0.901
2025-12-04T18:20:06.027373,-2.816,-1.059,1.270,0.901
2025-12-04T18:20:06.043427,-2.822,-1.060,1.270,0.901
2025-12-04T18:20:06.056340,-2.827,-1.061,1.270,0.901
2025-12-04T18:20:06.072908,-2.833,-1.062,1.270,0.901
2025-12-04T18:20:06.088069,-2.838,-1.063,1.270,0.901
2025-12-04T18:20:06.103700,-2.844,-1.064,1.270,0.901
2025-12-04T18:20:06.123089,-2.850,-1.065,1.270,0.901
2025-12-04T18:20:06.138418,-2.855,-1.065,1.270,0.901
2025-12-04T18:20:06.155045,-2.861,-1.066,1.270,0.901
2025-12-04T18:20:06.173540,-2.866,-1.066,1.270,0.901
2025-12-04T18:20:06.192705,-2.872,-1.067,1.270,0.901
2025-12-04T18:20:06.211673,-2.878,-1.067,1.270,0.901
2025-12-04T18:20:06.227612,-2.883,-1.067,1.270,0.901
2025-12-04T18:20:06.246038,-2.889,-1.067,1.270,0.901
2025-12-04T18:20:06.262976,-2.895,-1.067,1.270,0.901
2025-12-04T18:20:06.281613,-2.900,-1.067,1.270,0.901
2025-12-04T18:20:06.295654,-2.906,-1.067,1.270,0.901
2025-12-04T18:20:06.310861,-2.906,-1.067,1.270,0.901
2025-12-04T18:20:06.326001,-2.906,-1.067,1.270,0.901
2025-12-04T18:20:06.340917,-2.906,-1.067,1.270,0.901
2025-12-04T18:20:06.357938,-2.906,-1.067,1.270,0.901
2025-12-04T18:20:06.383039,-2.906,-1.067,1.270,0.901
2025-12-04T18:20:06.397812,-2.906,-1.067,1.270,0.901
2025-12-04T18:20:06.413501,-2.906,-1.067,1.270,0.901
2025-12-04T18:20:06.427488,-2.906,-1.067,1.270,0.901
2025-12-04T18:20:06.443324,-2.906,-1.067,1.270,0.901
2025-12-04T18:20:06.457991,-2.906,-1.067,1.270,0.901
2025-12-04T18:20:06.482639,-2.906,-1.067,1.270,0.901
2025-12-04T18:20:06.489979,-2.906,-1.067,1.270,0.901
2025-12-04T18:20:06.502106,-2.906,-1.067,1.270,0.901
2025-12-04T18:20:06.514965,-2.906,-1.067,1.270,0.901
2025-12-04T18:20:06.529466,-2.906,-1.067,1.270,0.901
2025-12-04T18:20:06.543636,-2.906,-1.067,1.270,0.901
2025-12-04T18:20:06.557711,-2.906,-1.067,1.270,0.901
2025-12-04T18:20:06.573714,-2.906,-1.067,1.270,0.901
2025-12-04T18:20:06.589830,-2.906,-1.067,1.270,0.901
2025-12-04T18:20:06.606649,-2.906,-1.067,1.270,0.901
2025-12-04T18:20:06.623328,-2.906,-1.067,1.270,0.901
2025-12-04T18:20:06.642359,-2.906,-1.067,1.270,0.901
2025-12-04T18:20:06.658062,-2.906,-1.067,1.270,0.901
2025-12-04T18:20:06.674646,-2.906,-1.067,1.270,0.901
2025-12-04T18:20:06.698762,-2.906,-1.067,1.270,0.901
2025-12-04T18:20:06.708683,-2.906,-1.067,1.270,0.901
2025-12-04T18:20:06.725892,-2.906,-1.067,1.270,0.901
2025-12-04T18:20:06.742405,-2.906,-1.067,1.270,0.901
2025-12-04T18:20:06.758341,-2.906,-1.067,1.270,0.901
2025-12-04T18:20:06.775200,-2.906,-1.067,1.270,0.901
2025-12-04T18:20:06.791322,-2.906,-1.067,1.270,0.901
2025-12-04T18:20:06.806544,-2.906,-1.067,1.270,0.901
2025-12-04T18:20:06.819948,-2.906,-1.067,1.270,0.901
2025-12-04T18:20:06.835804,-2.906,-1.067,1.270,0.901
2025-12-04T18:20:06.851853,-2.906,-1.067,1.270,0.901
2025-12-04T18:20:06.867996,-2.906,-1.067,1.270,0.901
2025-12-04T18:20:06.885509,-2.906,-1.067,1.270,0.901
2025-12-04T18:20:06.902787,-2.906,-1.067,1.270,0.901
2025-12-04T18:20:06.924303,-2.906,-1.067,1.270,0.901
2025-12-04T18:20:06.941282,-2.906,-1.067,1.270,0.901
2025-12-04T18:20:06.960168,-2.906,-1.067,1.270,0.901
2025-12-04T18:20:06.976611,-2.906,-1.067,1.270,0.901
2025-12-04T18:20:06.995996,-2.906,-1.067,1.270,0.901
2025-12-04T18:20:07.011820,-2.906,-1.067,1.270,0.901
2025-12-04T18:20:07.028189,-2.906,-1.067,1.270,0.901
2025-12-04T18:20:07.044650,-2.906,-1.067,1.270,0.901
2025-12-04T18:20:07.060746,-2.906,-1.067,1.270,0.901
2025-12-04T18:20:07.073569,-2.906,-1.067,1.270,0.901
2025-12-04T18:20:07.088411,-2.906,-1.067,1.270,0.901
2025-12-04T18:20:07.103467,-2.906,-1.067,1.270,0.901
2025-12-04T18:20:07.118324,-2.906,-1.067,1.270,0.901
2025-12-04T18:20:07.135765,-2.906,-1.067,1.270,0.901
2025-12-04T18:20:07.153288,-2.906,-1.067,1.270,0.901
2025-12-04T18:20:07.169999,-2.906,-1.067,1.270,0.901
2025-12-04T18:20:07.188042,-2.906,-1.067,1.270,0.901
2025-12-04T18:20:07.202673,-2.906,-1.067,1.270,0.901
2025-12-04T18:20:07.219376,-2.906,-1.067,1.270,0.901
2025-12-04T18:20:07.235565,-2.906,-1.067,1.270,0.901
2025-12-04T18:20:07.254180,-2.906,-1.067,1.270,0.901
2025-12-04T18:20:07.270291,-2.906,-1.067,1.270,0.901
2025-12-04T18:20:07.286885,-2.906,-1.067,1.270,0.901
2025-12-04T18:20:07.308693,-2.906,-1.067,1.270,0.901
2025-12-04T18:20:07.323467,-2.906,-1.067,1.270,0.901
2025-12-04T18:20:07.338990,-2.906,-1.067,1.270,0.901
2025-12-04T18:20:07.352376,-2.906,-1.067,1.270,0.901
2025-12-04T18:20:07.365588,-2.906,-1.067,1.270,0.901
2025-12-04T18:20:07.383023,-2.906,-1.067,1.270,0.901
2025-12-04T18:20:07.399351,-2.906,-1.067,1.270,0.901
2025-12-04T18:20:07.416108,-2.906,-1.067,1.270,0.901
2025-12-04T18:20:07.432919,-2.906,-1.067,1.270,0.901
2025-12-04T18:20:07.450092,-2.906,-1.067,1.270,0.901
2025-12-04T18:20:07.466904,-2.906,-1.067,1.270,0.901
2025-12-04T18:20:07.486708,-2.906,-1.067,1.270,0.901
2025-12-04T18:20:07.505036,-2.906,-1.067,1.270,0.901
2025-12-04T18:20:07.521526,-2.906,-1.067,1.270,0.901
2025-12-04T18:20:07.538239,-2.906,-1.067,1.270,0.901
2025-12-04T18:20:07.556307,-2.906,-1.067,1.270,0.901
2025-12-04T18:20:07.572633,-2.906,-1.067,1.270,0.901
2025-12-04T18:20:07.587405,-2.906,-1.067,1.270,0.901
2025-12-04T18:20:07.609911,-2.906,-1.067,1.270,0.901
2025-12-04T18:20:07.624942,-2.906,-1.067,1.270,0.901
2025-12-04T18:20:07.639101,-2.906,-1.067,1.270,0.901
2025-12-04T18:20:07.655090,-2.906,-1.067,1.270,0.901
2025-12-04T18:20:07.671265,-2.906,-1.067,1.270,0.901
2025-12-04T18:20:07.684736,-2.906,-1.067,1.270,0.901
2025-12-04T18:20:07.699389,-2.906,-1.067,1.270,0.901
2025-12-04T18:20:07.715854,-2.906,-1.067,1.270,0.901
2025-12-04T18:20:07.732332,-2.906,-1.067,1.270,0.901
2025-12-04T18:20:07.747222,-2.906,-1.067,1.270,0.901
2025-12-04T18:20:07.763146,-2.906,-1.067,1.270,0.901
2025-12-04T18:20:07.780489,-2.906,-1.067,1.270,0.901
2025-12-04T18:20:07.798744,-2.906,-1.067,1.270,0.901
2025-12-04T18:20:07.815838,-2.906,-1.067,1.270,0.901
2025-12-04T18:20:07.833929,-2.906,-1.067,1.270,0.901
2025-12-04T18:20:07.851692,-2.906,-1.067,1.270,0.901
2025-12-04T18:20:07.868139,-2.906,-1.067,1.270,0.901
2025-12-04T18:20:07.884909,-2.906,-1.067,1.270,0.901
2025-12-04T18:20:07.901050,-2.906,-1.067,1.270,0.901
2025-12-04T18:20:07.915435,-2.906,-1.067,1.270,0.901
2025-12-04T18:20:07.930938,-2.906,-1.067,1.270,0.901
2025-12-04T18:20:07.946101,-2.906,-1.067,1.270,0.901
2025-12-04T18:20:07.959978,-2.906,-1.067,1.270,0.901
2025-12-04T18:20:07.978084,-2.906,-1.067,1.270,0.901
2025-12-04T18:20:07.994018,-2.906,-1.067,1.270,0.901
2025-12-04T18:20:08.010731,-2.906,-1.067,1.270,0.901
2025-12-04T18:20:08.028066,-2.906,-1.067,1.270,0.901
2025-12-04T18:20:08.045377,-2.906,-1.067,1.270,0.901
2025-12-04T18:20:08.063936,-2.906,-1.067,1.270,0.901
2025-12-04T18:20:08.082090,-2.906,-1.067,1.270,0.901
2025-12-04T18:20:08.099895,-2.906,-1.067,1.270,0.901
2025-12-04T18:20:08.118470,-2.906,-1.067,1.270,0.901
2025-12-04T18:20:08.135680,-2.906,-1.067,1.270,0.901
2025-12-04T18:20:08.153436,-2.906,-1.067,1.270,0.901
2025-12-04T18:20:08.170250,-2.906,-1.067,1.270,0.901
2025-12-04T18:20:08.186111,-2.906,-1.067,1.270,0.901
2025-12-04T18:20:08.201897,-2.906,-1.067,1.270,0.901
2025-12-04T18:20:08.215692,-2.906,-1.067,1.270,0.901
2025-12-04T18:20:08.230340,-2.906,-1.067,1.270,0.901
2025-12-04T18:20:08.245529,-2.906,-1.067,1.270,0.901
2025-12-04T18:20:08.261524,-2.906,-1.067,1.270,0.901
2025-12-04T18:20:08.279037,-2.906,-1.067,1.270,0.901
2025-12-04T18:20:08.296915,-2.906,-1.067,1.270,0.901
2025-12-04T18:20:08.312414,-2.906,-1.067,1.270,0.901
2025-12-04T18:20:08.328531,-2.906,-1.067,1.270,0.901
2025-12-04T18:20:08.346577,-2.906,-1.067,1.270,0.901
2025-12-04T18:20:08.365928,-2.906,-1.067,1.270,0.901
2025-12-04T18:20:08.384591,-2.906,-1.067,1.270,0.901
2025-12-04T18:20:08.400716,-2.906,-1.067,1.270,0.901
2025-12-04T18:20:08.419172,-2.906,-1.067,1.270,0.901
2025-12-04T18:20:08.436320,-2.906,-1.067,1.270,0.901
2025-12-04T18:20:08.451816,-2.906,-1.067,1.270,0.901
2025-12-04T18:20:08.466507,-2.906,-1.067,1.270,0.901
2025-12-04T18:20:08.481157,-2.906,-1.067,1.270,0.901
2025-12-04T18:20:08.493109,-2.906,-1.067,1.270,0.901
2025-12-04T18:20:08.508836,-2.906,-1.067,1.270,0.901
2025-12-04T18:20:08.527030,-2.906,-1.067,1.270,0.901
2025-12-04T18:20:08.542399,-2.906,-1.067,1.270,0.901
2025-12-04T18:20:08.558863,-2.906,-1.067,1.270,0.901
2025-12-04T18:20:08.576035,-2.906,-1.067,1.270,0.901
2025-12-04T18:20:08.593731,-2.906,-1.067,1.270,0.901
2025-12-04T18:20:08.611135,-2.906,-1.067,1.270,0.901
2025-12-04T18:20:08.631069,-2.906,-1.067,1.270,0.901
2025-12-04T18:20:08.648074,-2.906,-1.067,1.270,0.901
2025-12-04T18:20:08.665398,-2.906,-1.067,1.270,0.901
2025-12-04T18:20:08.682931,-2.906,-1.067,1.270,0.901
2025-12-04T18:20:08.699351,-2.906,-1.067,1.270,0.901
2025-12-04T18:20:08.717060,-2.906,-1.067,1.270,0.901
2025-12-04T18:20:08.733832,-2.906,-1.067,1.270,0.901
2025-12-04T18:20:08.749053,-2.906,-1.067,1.270,0.901
2025-12-04T18:20:08.763702,-2.906,-1.067,1.270,0.901
2025-12-04T18:20:08.778885,-2.906,-1.067,1.270,0.901
2025-12-04T18:20:08.795430,-2.906,-1.067,1.270,0.901
2025-12-04T18:20:08.807992,-2.906,-1.067,1.270,0.901
2025-12-04T18:20:08.824086,-2.906,-1.067,1.270,0.901
2025-12-04T18:20:08.839810,-2.906,-1.067,1.270,0.901
2025-12-04T18:20:08.857337,-2.906,-1.067,1.270,0.901
2025-12-04T18:20:08.874656,-2.906,-1.067,1.270,0.901
2025-12-04T18:20:08.892744,-2.906,-1.067,1.270,0.901
2025-12-04T18:20:08.911821,-2.906,-1.067,1.270,0.901
2025-12-04T18:20:08.929053,-2.906,-1.067,1.270,0.901
2025-12-04T18:20:08.947200,-2.906,-1.067,1.270,0.901
2025-12-04T18:20:08.965001,-2.906,-1.067,1.270,0.901
2025-12-04T18:20:08.980998,-2.906,-1.067,1.270,0.901
2025-12-04T18:20:08.997731,-2.906,-1.067,1.270,0.901
2025-12-04T18:20:09.013070,-2.906,-1.067,1.270,0.901
2025-12-04T18:20:09.028991,-2.906,-1.067,1.270,0.901
2025-12-04T18:20:09.043220,-2.906,-1.067,1.270,0.901
2025-12-04T18:20:09.057776,-2.906,-1.067,1.270,0.901
2025-12-04T18:20:09.073428,-2.906,-1.067,1.270,0.901
2025-12-04T18:20:09.088964,-2.906,-1.067,1.270,0.901
2025-12-04T18:20:09.106057,-2.906,-1.067,1.270,0.901
2025-12-04T18:20:09.122973,-2.906,-1.067,1.270,0.901
2025-12-04T18:20:09.141089,-2.906,-1.067,1.270,0.901
2025-12-04T18:20:09.160171,-2.906,-1.067,1.270,0.901
2025-12-04T18:20:09.179490,-2.906,-1.067,1.270,0.901
2025-12-04T18:20:09.195638,-2.906,-1.067,1.270,0.901
2025-12-04T18:20:09.213125,-2.906,-1.067,1.270,0.901
2025-12-04T18:20:09.229259,-2.906,-1.067,1.270,0.901
2025-12-04T18:20:09.246827,-2.906,-1.067,1.270,0.901
2025-12-04T18:20:09.262308,-2.906,-1.067,1.270,0.901
2025-12-04T18:20:09.278198,-2.906,-1.067,1.270,0.901
2025-12-04T18:20:09.293288,-2.906,-1.067,1.270,0.901
2025-12-04T18:20:09.308312,-2.906,-1.067,1.270,0.901
2025-12-04T18:20:09.324261,-2.906,-1.067,1.270,0.901
2025-12-04T18:20:09.340948,-2.906,-1.067,1.270,0.901
2025-12-04T18:20:09.356473,-2.906,-1.067,1.270,0.901
2025-12-04T18:20:09.375656,-2.906,-1.067,1.270,0.901
2025-12-04T18:20:09.393348,-2.906,-1.067,1.270,0.901
2025-12-04T18:20:09.411375,-2.906,-1.067,1.270,0.901
2025-12-04T18:20:09.429118,-2.906,-1.067,1.270,0.901
2025-12-04T18:20:09.445988,-2.906,-1.067,1.270,0.901
2025-12-04T18:20:09.467676,-2.906,-1.067,1.270,0.901
2025-12-04T18:20:09.481701,-2.906,-1.067,1.270,0.901
2025-12-04T18:20:09.496313,-2.906,-1.067,1.270,0.901
2025-12-04T18:20:09.511903,-2.906,-1.067,1.270,0.901
2025-12-04T18:20:09.525972,-2.906,-1.067,1.270,0.901
2025-12-04T18:20:09.540489,-2.906,-1.067,1.270,0.901
2025-12-04T18:20:09.555306,-2.906,-1.067,1.270,0.901
2025-12-04T18:20:09.570054,-2.906,-1.067,1.270,0.901
2025-12-04T18:20:09.584865,-2.906,-1.067,1.270,0.901
2025-12-04T18:20:09.600085,-2.906,-1.067,1.270,0.901
2025-12-04T18:20:09.617971,-2.906,-1.067,1.270,0.901
2025-12-04T18:20:09.633767,-2.906,-1.067,1.270,0.901
2025-12-04T18:20:09.652479,-2.906,-1.073,1.270,0.908
2025-12-04T18:20:09.670689,-2.906,-1.079,1.270,0.914
2025-12-04T18:20:09.686631,-2.906,-1.085,1.270,0.919
2025-12-04T18:20:09.705301,-2.906,-1.090,1.270,0.925
2025-12-04T18:20:09.722447,-2.906,-1.096,1.270,0.930
2025-12-04T18:20:09.740297,-2.905,-1.101,1.270,0.935
2025-12-04T18:20:09.755995,-2.905,-1.106,1.270,0.940
2025-12-04T18:20:09.772441,-2.905,-1.110,1.270,0.945
2025-12-04T18:20:09.789489,-2.905,-1.115,1.270,0.950
2025-12-04T18:20:09.804646,-2.904,-1.119,1.270,0.954
2025-12-04T18:20:09.819637,-2.904,-1.123,1.270,0.958
2025-12-04T18:20:09.834265,-2.904,-1.127,1.270,0.962
2025-12-04T18:20:09.849948,-2.904,-1.131,1.270,0.966
2025-12-04T18:20:09.866631,-2.903,-1.135,1.270,0.970
2025-12-04T18:20:09.882297,-2.903,-1.139,1.270,0.973
2025-12-04T18:20:09.902865,-2.903,-1.142,1.270,0.977
2025-12-04T18:20:09.917483,-2.903,-1.146,1.270,0.980
2025-12-04T18:20:09.935674,-2.902,-1.149,1.270,0.982
2025-12-04T18:20:09.952803,-2.902,-1.152,1.270,0.985
2025-12-04T18:20:09.970501,-2.902,-1.155,1.270,0.987
2025-12-04T18:20:09.988090,-2.901,-1.158,1.270,0.989
2025-12-04T18:20:10.003170,-2.901,-1.161,1.270,0.991
2025-12-04T18:20:10.019082,-2.901,-1.164,1.270,0.993
2025-12-04T18:20:10.033227,-2.901,-1.167,1.270,0.995
2025-12-04T18:20:10.048341,-2.900,-1.169,1.270,0.996
2025-12-04T18:20:10.063928,-2.900,-1.172,1.270,0.997
2025-12-04T18:20:10.085588,-2.900,-1.174,1.270,0.998
2025-12-04T18:20:10.099852,-2.900,-1.176,1.270,0.999
2025-12-04T18:20:10.116644,-2.899,-1.179,1.270,1.000
2025-12-04T18:20:10.132818,-2.899,-1.181,1.270,1.000
2025-12-04T18:20:10.153228,-2.899,-1.183,1.270,1.000
2025-12-04T18:20:10.171484,-2.899,-1.185,1.270,-1.000
2025-12-04T18:20:10.188176,-2.899,-1.187,1.270,-1.000
2025-12-04T18:20:10.203847,-2.898,-1.189,1.270,-0.999
2025-12-04T18:20:10.220450,-2.898,-1.191,1.270,-0.998
2025-12-04T18:20:10.236251,-2.898,-1.192,1.270,-0.997
2025-12-04T18:20:10.252252,-2.898,-1.194,1.270,-0.996
2025-12-04T18:20:10.266151,-2.898,-1.196,1.270,-0.995
2025-12-04T18:20:10.282365,-2.897,-1.197,1.270,-0.994
2025-12-04T18:20:10.297788,-2.897,-1.199,1.270,-0.992
2025-12-04T18:20:10.314360,-2.897,-1.200,1.270,-0.990
2025-12-04T18:20:10.330937,-2.897,-1.202,1.270,-0.988
2025-12-04T18:20:10.347054,-2.897,-1.203,1.270,-0.985
2025-12-04T18:20:10.365321,-2.897,-1.205,1.270,-0.983
2025-12-04T18:20:10.388166,-2.897,-1.206,1.270,-0.980
2025-12-04T18:20:10.404279,-2.896,-1.207,1.270,-0.977
2025-12-04T18:20:10.421797,-2.896,-1.208,1.270,-0.974
2025-12-04T18:20:10.436272,-2.896,-1.209,1.270,-0.970
2025-12-04T18:20:10.451185,-2.896,-1.211,1.270,-0.967
2025-12-04T18:20:10.465376,-2.896,-1.212,1.270,-0.963
2025-12-04T18:20:10.477224,-2.896,-1.213,1.270,-0.959
2025-12-04T18:20:10.492695,-2.896,-1.214,1.270,-0.955
2025-12-04T18:20:10.506130,-2.896,-1.215,1.270,-0.951
2025-12-04T18:20:10.521414,-2.895,-1.216,1.270,-0.946
2025-12-04T18:20:10.536438,-2.895,-1.217,1.270,-0.941
2025-12-04T18:20:10.553861,-2.895,-1.217,1.270,-0.936
2025-12-04T18:20:10.569799,-2.895,-1.218,1.270,-0.931
2025-12-04T18:20:10.587249,-2.895,-1.219,1.270,-0.926
2025-12-04T18:20:10.604533,-2.895,-1.220,1.270,-0.920
2025-12-04T18:20:10.622254,-2.895,-1.221,1.270,-0.915
2025-12-04T18:20:10.641263,-2.895,-1.221,1.270,-0.909
2025-12-04T18:20:10.658979,-2.895,-1.222,1.270,-0.903
2025-12-04T18:20:10.676290,-2.895,-1.223,1.270,-0.896
2025-12-04T18:20:10.694426,-2.895,-1.224,1.270,-0.890
2025-12-04T18:20:10.713284,-2.894,-1.224,1.270,-0.883
2025-12-04T18:20:10.728901,-2.894,-1.225,1.270,-0.876
2025-12-04T18:20:10.744292,-2.894,-1.225,1.270,-0.869
2025-12-04T18:20:10.762122,-2.894,-1.226,1.270,-0.862
2025-12-04T18:20:10.778287,-2.894,-1.227,1.270,-0.855
2025-12-04T18:20:10.791743,-2.894,-1.227,1.270,-0.847
2025-12-04T18:20:10.807901,-2.894,-1.228,1.270,-0.839
2025-12-04T18:20:10.822842,-2.894,-1.228,1.270,-0.831
2025-12-04T18:20:10.838521,-2.894,-1.229,1.270,-0.823
2025-12-04T18:20:10.853944,-2.894,-1.229,1.270,-0.815
2025-12-04T18:20:10.871536,-2.894,-1.230,1.270,-0.807
2025-12-04T18:20:10.886514,-2.894,-1.230,1.270,-0.798
2025-12-04T18:20:10.904980,-2.894,-1.230,1.270,-0.789
2025-12-04T18:20:10.922368,-2.894,-1.231,1.270,-0.780
2025-12-04T18:20:10.940801,-2.894,-1.231,1.270,-0.771
2025-12-04T18:20:10.959957,-2.894,-1.232,1.270,-0.762
2025-12-04T18:20:10.978988,-2.894,-1.232,1.270,-0.753
2025-12-04T18:20:10.993675,-2.894,-1.232,1.270,-0.743
2025-12-04T18:20:11.009201,-2.894,-1.233,1.270,-0.733
2025-12-04T18:20:11.023661,-2.893,-1.233,1.270,-0.723
2025-12-04T18:20:11.039777,-2.893,-1.233,1.270,-0.713
2025-12-04T18:20:11.053438,-2.893,-1.234,1.270,-0.703
2025-12-04T18:20:11.067790,-2.893,-1.234,1.270,-0.693
2025-12-04T18:20:11.082502,-2.893,-1.234,1.270,-0.683
2025-12-04T18:20:11.096597,-2.893,-1.235,1.270,-0.672
2025-12-04T18:20:11.112928,-2.893,-1.235,1.270,-0.661
2025-12-04T18:20:11.130103,-2.893,-1.235,1.270,-0.650
2025-12-04T18:20:11.147097,-2.893,-1.235,1.270,-0.639
2025-12-04T18:20:11.165356,-2.893,-1.236,1.270,-0.628
2025-12-04T18:20:11.182138,-2.893,-1.236,1.270,-0.617
2025-12-04T18:20:11.202891,-2.893,-1.236,1.270,-0.605
2025-12-04T18:20:11.218897,-2.893,-1.236,1.270,-0.594
2025-12-04T18:20:11.238422,-2.890,-1.245,1.270,-0.594
2025-12-04T18:20:11.255237,-2.888,-1.254,1.270,-0.594
2025-12-04T18:20:11.273798,-2.885,-1.263,1.270,-0.594
2025-12-04T18:20:11.290332,-2.882,-1.272,1.270,-0.594
2025-12-04T18:20:11.314663,-2.880,-1.280,1.270,-0.594
2025-12-04T18:20:11.329824,-2.877,-1.289,1.270,-0.594
2025-12-04T18:20:11.345489,-2.874,-1.298,1.270,-0.594
2025-12-04T18:20:11.361750,-2.872,-1.307,1.270,-0.594
2025-12-04T18:20:11.377342,-2.869,-1.316,1.270,-0.594
2025-12-04T18:20:11.389995,-2.866,-1.325,1.270,-0.594
2025-12-04T18:20:11.405625,-2.863,-1.334,1.270,-0.594
2025-12-04T18:20:11.417935,-2.861,-1.343,1.270,-0.594
2025-12-04T18:20:11.434315,-2.858,-1.352,1.270,-0.594
2025-12-04T18:20:11.446728,-2.855,-1.361,1.270,-0.594
2025-12-04T18:20:11.462275,-2.853,-1.370,1.270,-0.594
2025-12-04T18:20:11.479528,-2.850,-1.379,1.270,-0.594
2025-12-04T18:20:11.496515,-2.847,-1.388,1.270,-0.594
2025-12-04T18:20:11.512014,-2.844,-1.397,1.270,-0.594
2025-12-04T18:20:11.527861,-2.842,-1.406,1.270,-0.594
2025-12-04T18:20:11.545892,-2.839,-1.415,1.270,-0.594
2025-12-04T18:20:11.561322,-2.836,-1.424,1.270,-0.594
2025-12-04T18:20:11.579421,-2.833,-1.433,1.270,-0.594
2025-12-04T18:20:11.597823,-2.831,-1.442,1.270,-0.594
2025-12-04T18:20:11.614524,-2.828,-1.451,1.270,-0.594
2025-12-04T18:20:11.627193,-2.825,-1.460,1.270,-0.594
2025-12-04T18:20:11.642751,-2.822,-1.469,1.270,-0.594
2025-12-04T18:20:11.657908,-2.819,-1.478,1.270,-0.594
2025-12-04T18:20:11.672429,-2.817,-1.487,1.270,-0.594
2025-12-04T18:20:11.689515,-2.814,-1.496,1.270,-0.594
2025-12-04T18:20:11.703822,-2.811,-1.505,1.270,-0.594
2025-12-04T18:20:11.721784,-2.808,-1.514,1.270,-0.594
2025-12-04T18:20:11.742228,-2.805,-1.523,1.270,-0.594
2025-12-04T18:20:11.757593,-2.803,-1.533,1.270,-0.594
2025-12-04T18:20:11.774832,-2.800,-1.542,1.270,-0.594
2025-12-04T18:20:11.793389,-2.797,-1.551,1.270,-0.594
2025-12-04T18:20:11.809883,-2.794,-1.560,1.270,-0.594
2025-12-04T18:20:11.829353,-2.791,-1.569,1.270,-0.594
2025-12-04T18:20:11.846308,-2.789,-1.578,1.270,-0.594
2025-12-04T18:20:11.862587,-2.786,-1.587,1.270,-0.594
2025-12-04T18:20:11.878268,-2.783,-1.597,1.270,-0.594
2025-12-04T18:20:11.894817,-2.780,-1.606,1.270,-0.594
2025-12-04T18:20:11.908268,-2.777,-1.615,1.270,-0.594
2025-12-04T18:20:11.930301,-2.775,-1.624,1.270,-0.594
2025-12-04T18:20:11.943848,-2.772,-1.633,1.270,-0.594
2025-12-04T18:20:11.963999,-2.769,-1.642,1.270,-0.594
2025-12-04T18:20:11.977515,-2.766,-1.652,1.270,-0.594
2025-12-04T18:20:11.992654,-2.763,-1.661,1.270,-0.594
2025-12-04T18:20:12.009462,-2.761,-1.670,1.270,-0.594
2025-12-04T18:20:12.027075,-2.758,-1.679,1.270,-0.594
2025-12-04T18:20:12.043117,-2.755,-1.688,1.270,-0.594
2025-12-04T18:20:12.060843,-2.752,-1.697,1.270,-0.594
2025-12-04T18:20:12.074334,-2.749,-1.707,1.270,-0.594
2025-12-04T18:20:12.090187,-2.746,-1.716,1.270,-0.594
2025-12-04T18:20:12.107309,-2.744,-1.725,1.270,-0.594
2025-12-04T18:20:12.126448,-2.741,-1.734,1.270,-0.594
2025-12-04T18:20:12.143613,-2.738,-1.744,1.270,-0.594
2025-12-04T18:20:12.158860,-2.735,-1.753,1.270,-0.594
2025-12-04T18:20:12.175777,-2.732,-1.762,1.270,-0.594
2025-12-04T18:20:12.191081,-2.729,-1.771,1.270,-0.594
2025-12-04T18:20:12.205891,-2.727,-1.780,1.270,-0.594
2025-12-04T18:20:12.220870,-2.724,-1.790,1.270,-0.594
2025-12-04T18:20:12.234361,-2.721,-1.799,1.270,-0.594
2025-12-04T18:20:12.250938,-2.718,-1.808,1.270,-0.594
2025-12-04T18:20:12.270154,-2.715,-1.817,1.270,-0.594
2025-12-04T18:20:12.287629,-2.712,-1.826,1.270,-0.594
2025-12-04T18:20:12.304857,-2.710,-1.836,1.270,-0.594
2025-12-04T18:20:12.321571,-2.707,-1.845,1.270,-0.594
2025-12-04T18:20:12.341367,-2.704,-1.854,1.270,-0.594
2025-12-04T18:20:12.358260,-2.701,-1.863,1.270,-0.594
2025-12-04T18:20:12.379145,-2.698,-1.873,1.270,-0.594
2025-12-04T18:20:12.394998,-2.695,-1.882,1.270,-0.594
2025-12-04T18:20:12.413975,-2.692,-1.891,1.270,-0.594
2025-12-04T18:20:12.432756,-2.690,-1.900,1.270,-0.594
2025-12-04T18:20:12.448299,-2.687,-1.910,1.270,-0.594
2025-12-04T18:20:12.465205,-2.684,-1.919,1.270,-0.594
2025-12-04T18:20:12.479739,-2.681,-1.928,1.270,-0.594
2025-12-04T18:20:12.491910,-2.678,-1.937,1.270,-0.594
2025-12-04T18:20:12.506486,-2.675,-1.947,1.270,-0.594
2025-12-04T18:20:12.519938,-2.673,-1.956,1.270,-0.594
2025-12-04T18:20:12.535083,-2.670,-1.965,1.270,-0.594
2025-12-04T18:20:12.554999,-2.667,-1.974,1.270,-0.594
2025-12-04T18:20:12.568034,-2.664,-1.984,1.270,-0.594
2025-12-04T18:20:12.584306,-2.661,-1.993,1.270,-0.594
2025-12-04T18:20:12.601870,-2.658,-2.002,1.270,-0.594
2025-12-04T18:20:12.617667,-2.655,-2.011,1.270,-0.594
2025-12-04T18:20:12.635861,-2.653,-2.021,1.270,-0.594
2025-12-04T18:20:12.653040,-2.650,-2.030,1.270,-0.594
2025-12-04T18:20:12.671826,-2.647,-2.039,1.270,-0.594
2025-12-04T18:20:12.687227,-2.644,-2.048,1.270,-0.594
2025-12-04T18:20:12.703862,-2.641,-2.058,1.270,-0.594
2025-12-04T18:20:12.720651,-2.638,-2.067,1.270,-0.594
2025-12-04T18:20:12.735383,-2.636,-2.076,1.270,-0.594
2025-12-04T18:20:12.749926,-2.633,-2.085,1.270,-0.594
2025-12-04T18:20:12.768856,-2.630,-2.095,1.270,-0.594
2025-12-04T18:20:12.784699,-2.627,-2.104,1.270,-0.594
2025-12-04T18:20:12.802129,-2.624,-2.113,1.270,-0.594
2025-12-04T18:20:12.819543,-2.621,-2.123,1.270,-0.594
2025-12-04T18:20:12.837167,-2.618,-2.132,1.270,-0.594
2025-12-04T18:20:12.858823,-2.616,-2.141,1.270,-0.594
2025-12-04T18:20:12.875160,-2.613,-2.150,1.270,-0.594
2025-12-04T18:20:12.891953,-2.610,-2.160,1.270,-0.594
2025-12-04T18:20:12.908226,-2.607,-2.169,1.270,-0.594
2025-12-04T18:20:12.926160,-2.604,-2.178,1.270,-0.594
2025-12-04T18:20:12.942223,-2.601,-2.187,1.270,-0.594
2025-12-04T18:20:12.960947,-2.598,-2.197,1.270,-0.594
2025-12-04T18:20:12.973444,-2.596,-2.206,1.270,-0.594
2025-12-04T18:20:12.988422,-2.593,-2.215,1.270,-0.594
2025-12-04T18:20:13.002520,-2.590,-2.225,1.270,-0.594
2025-12-04T18:20:13.016585,-2.587,-2.234,1.270,-0.594
2025-12-04T18:20:13.031338,-2.584,-2.243,1.270,-0.594
2025-12-04T18:20:13.045827,-2.581,-2.252,1.270,-0.594
2025-12-04T18:20:13.062900,-2.578,-2.262,1.270,-0.594
2025-12-04T18:20:13.080531,-2.576,-2.271,1.270,-0.594
2025-12-04T18:20:13.096997,-2.573,-2.280,1.270,-0.594
2025-12-04T18:20:13.115418,-2.570,-2.289,1.270,-0.594
2025-12-04T18:20:13.130933,-2.567,-2.299,1.270,-0.594
2025-12-04T18:20:13.145179,-2.564,-2.308,1.270,-0.594
2025-12-04T18:20:13.160869,-2.561,-2.317,1.270,-0.594
2025-12-04T18:20:13.177926,-2.558,-2.327,1.270,-0.594
2025-12-04T18:20:13.196088,-2.556,-2.336,1.270,-0.594
2025-12-04T18:20:13.212571,-2.553,-2.345,1.270,-0.594
2025-12-04T18:20:13.229094,-2.550,-2.354,1.270,-0.594
2025-12-04T18:20:13.243409,-2.547,-2.364,1.270,-0.594
2025-12-04T18:20:13.260858,-2.544,-2.373,1.270,-0.594
2025-12-04T18:20:13.275068,-2.541,-2.382,1.270,-0.594
2025-12-04T18:20:13.290737,-2.538,-2.391,1.270,-0.594
2025-12-04T18:20:13.305165,-2.536,-2.401,1.270,-0.594
2025-12-04T18:20:13.321615,-2.533,-2.410,1.270,-0.594
2025-12-04T18:20:13.339326,-2.530,-2.419,1.270,-0.594
2025-12-04T18:20:13.354484,-2.527,-2.429,1.270,-0.594
2025-12-04T18:20:13.372513,-2.524,-2.438,1.270,-0.594
2025-12-04T18:20:13.390783,-2.521,-2.447,1.270,-0.594
2025-12-04T18:20:13.407619,-2.518,-2.456,1.270,-0.594
2025-12-04T18:20:13.425720,-2.516,-2.466,1.270,-0.594
2025-12-04T18:20:13.441915,-2.513,-2.475,1.270,-0.594
2025-12-04T18:20:13.461116,-2.510,-2.484,1.270,-0.594
2025-12-04T18:20:13.485860,-2.507,-2.494,1.270,-0.594
2025-12-04T18:20:13.499194,-2.504,-2.503,1.270,-0.594
2025-12-04T18:20:13.516076,-2.501,-2.512,1.270,-0.594
2025-12-04T18:20:13.531751,-2.498,-2.521,1.270,-0.594
2025-12-04T18:20:13.545865,-2.496,-2.531,1.270,-0.594
2025-12-04T18:20:13.561789,-2.493,-2.540,1.270,-0.594
2025-12-04T18:20:13.581151,-2.490,-2.549,1.270,-0.594
2025-12-04T18:20:13.595373,-2.487,-2.559,1.270,-0.594
2025-12-04T18:20:13.611292,-2.484,-2.568,1.270,-0.594
2025-12-04T18:20:13.625872,-2.481,-2.577,1.270,-0.594
2025-12-04T18:20:13.642040,-2.478,-2.586,1.270,-0.594
2025-12-04T18:20:13.655834,-2.476,-2.596,1.270,-0.594
2025-12-04T18:20:13.670591,-2.473,-2.605,1.270,-0.594
2025-12-04T18:20:13.686146,-2.470,-2.614,1.270,-0.594
2025-12-04T18:20:13.702698,-2.467,-2.623,1.270,-0.594
2025-12-04T18:20:13.718951,-2.464,-2.633,1.270,-0.594
2025-12-04T18:20:13.736500,-2.461,-2.642,1.270,-0.594
2025-12-04T18:20:13.754238,-2.458,-2.651,1.270,-0.594
2025-12-04T18:20:13.771603,-2.456,-2.661,1.270,-0.594
2025-12-04T18:20:13.789103,-2.453,-2.670,1.270,-0.594
2025-12-04T18:20:13.807029,-2.450,-2.679,1.270,-0.594
2025-12-04T18:20:13.825551,-2.447,-2.688,1.270,-0.594
2025-12-04T18:20:13.841115,-2.444,-2.698,1.270,-0.594
2025-12-04T18:20:13.856963,-2.441,-2.707,1.270,-0.594
2025-12-04T18:20:13.872399,-2.438,-2.716,1.270,-0.594
2025-12-04T18:20:13.887725,-2.436,-2.726,1.270,-0.594
2025-12-04T18:20:13.902259,-2.433,-2.735,1.270,-0.594
2025-12-04T18:20:13.919068,-2.430,-2.744,1.270,-0.594
2025-12-04T18:20:13.932892,-2.427,-2.753,1.270,-0.594
2025-12-04T18:20:13.949873,-2.424,-2.763,1.270,-0.594
2025-12-04T18:20:13.966577,-2.421,-2.772,1.270,-0.594
2025-12-04T18:20:13.984620,-2.418,-2.781,1.270,-0.594
2025-12-04T18:20:14.002164,-2.416,-2.791,1.270,-0.594
2025-12-04T18:20:14.021244,-2.413,-2.800,1.270,-0.594
2025-12-04T18:20:14.038651,-2.410,-2.809,1.270,-0.594
2025-12-04T18:20:14.056505,-2.407,-2.818,1.270,-0.594
2025-12-04T18:20:14.073905,-2.404,-2.828,1.270,-0.594
2025-12-04T18:20:14.089474,-2.401,-2.837,1.270,-0.594
2025-12-04T18:20:14.105317,-2.398,-2.846,1.270,-0.594
2025-12-04T18:20:14.122576,-2.396,-2.856,1.270,-0.594
2025-12-04T18:20:14.138625,-2.393,-2.865,1.270,-0.594
2025-12-04T18:20:14.154448,-2.390,-2.874,1.270,-0.594
2025-12-04T18:20:14.169035,-2.387,-2.883,1.270,-0.594
2025-12-04T18:20:14.184388,-2.384,-2.893,1.270,-0.594
2025-12-04T18:20:14.199760,-2.381,-2.902,1.270,-0.594
2025-12-04T18:20:14.216764,-2.378,-2.911,1.270,-0.594
2025-12-04T18:20:14.234495,-2.376,-2.921,1.270,-0.594
2025-12-04T18:20:14.251081,-2.373,-2.930,1.270,-0.594
2025-12-04T18:20:14.269058,-2.370,-2.939,1.270,-0.594
2025-12-04T18:20:14.285924,-2.367,-2.948,1.270,-0.594
2025-12-04T18:20:14.303174,-2.364,-2.958,1.270,-0.594
2025-12-04T18:20:14.320182,-2.361,-2.967,1.270,-0.594
2025-12-04T18:20:14.337113,-2.358,-2.976,1.270,-0.594
2025-12-04T18:20:14.352695,-2.355,-2.986,1.270,-0.594
2025-12-04T18:20:14.369268,-2.353,-2.995,1.270,-0.594
2025-12-04T18:20:14.384701,-2.350,-3.004,1.270,-0.594
2025-12-04T18:20:14.405078,-2.347,-3.013,1.270,-0.594
2025-12-04T18:20:14.419721,-2.344,-3.023,1.270,-0.594
2025-12-04T18:20:14.435393,-2.341,-3.032,1.270,-0.594
2025-12-04T18:20:14.448262,-2.338,-3.041,1.270,-0.594
2025-12-04T18:20:14.462197,-2.335,-3.051,1.270,-0.594
2025-12-04T18:20:14.476869,-2.333,-3.060,1.270,-0.594
2025-12-04T18:20:14.491811,-2.330,-3.069,1.270,-0.594
2025-12-04T18:20:14.508378,-2.327,-3.078,1.270,-0.594
2025-12-04T18:20:14.524577,-2.324,-3.088,1.270,-0.594
2025-12-04T18:20:14.543075,-2.321,-3.097,1.270,-0.594
2025-12-04T18:20:14.561838,-2.318,-3.106,1.270,-0.594
2025-12-04T18:20:14.578058,-2.315,-3.115,1.270,-0.594
2025-12-04T18:20:14.596377,-2.313,-3.125,1.270,-0.594
2025-12-04T18:20:14.616344,-2.310,-3.134,1.270,-0.594
2025-12-04T18:20:14.632021,-2.307,-3.143,1.270,-0.594
2025-12-04T18:20:14.648524,-2.304,-3.153,1.270,-0.594
2025-12-04T18:20:14.669633,-2.301,-3.162,1.270,-0.594
2025-12-04T18:20:14.683212,-2.298,-3.171,1.270,-0.594
2025-12-04T18:20:14.697716,-2.295,-3.180,1.270,-0.594
2025-12-04T18:20:14.713059,-2.293,-3.190,1.270,-0.594
2025-12-04T18:20:14.729086,-2.290,-3.199,1.270,-0.594
2025-12-04T18:20:14.745496,-2.287,-3.208,1.270,-0.594
2025-12-04T18:20:14.759601,-2.284,-3.218,1.270,-0.594
2025-12-04T18:20:14.778960,-2.281,-3.227,1.270,-0.594
2025-12-04T18:20:14.794312,-2.278,-3.236,1.270,-0.594
2025-12-04T18:20:14.813233,-2.275,-3.245,1.270,-0.594
2025-12-04T18:20:14.829861,-2.273,-3.255,1.270,-0.594
2025-12-04T18:20:14.847452,-2.270,-3.264,1.270,-0.594
2025-12-04T18:20:14.866364,-2.267,-3.273,1.270,-0.594
2025-12-04T18:20:14.880937,-2.264,-3.283,1.270,-0.594
2025-12-04T18:20:14.899321,-2.261,-3.292,1.270,-0.594
2025-12-04T18:20:14.917293,-2.258,-3.301,1.270,-0.594
2025-12-04T18:20:14.933879,-2.255,-3.310,1.270,-0.594
2025-12-04T18:20:14.949907,-2.253,-3.320,1.270,-0.594
2025-12-04T18:20:14.967929,-2.250,-3.329,1.270,-0.594
2025-12-04T18:20:14.979983,-2.247,-3.338,1.270,-0.594
2025-12-04T18:20:14.997248,-2.244,-3.348,1.270,-0.594
2025-12-04T18:20:15.011153,-2.241,-3.357,1.270,-0.594
2025-12-04T18:20:15.026732,-2.238,-3.366,1.270,-0.594
2025-12-04T18:20:15.043389,-2.235,-3.375,1.270,-0.594
2025-12-04T18:20:15.058188,-2.233,-3.385,1.270,-0.594
2025-12-04T18:20:15.074048,-2.230,-3.394,1.270,-0.594
2025-12-04T18:20:15.091361,-2.227,-3.403,1.270,-0.594
2025-12-04T18:20:15.109358,-2.224,-3.413,1.270,-0.594
2025-12-04T18:20:15.127325,-2.221,-3.422,1.270,-0.594
2025-12-04T18:20:15.144696,-2.218,-3.431,1.270,-0.594
2025-12-04T18:20:15.162872,-2.215,-3.440,1.270,-0.594
2025-12-04T18:20:15.180980,-2.212,-3.450,1.270,-0.594
2025-12-04T18:20:15.200255,-2.210,-3.459,1.270,-0.594
2025-12-04T18:20:15.217174,-2.207,-3.468,1.270,-0.594
2025-12-04T18:20:15.235070,-2.204,-3.478,1.270,-0.594
2025-12-04T18:20:15.248039,-2.201,-3.487,1.270,-0.594
2025-12-04T18:20:15.260882,-2.198,-3.496,1.270,-0.594
2025-12-04T18:20:15.275221,-2.195,-3.505,1.270,-0.594
2025-12-04T18:20:15.289423,-2.192,-3.515,1.270,-0.594
2025-12-04T18:20:15.304992,-2.190,-3.524,1.270,-0.594
2025-12-04T18:20:15.328307,-2.187,-3.533,1.270,-0.594
2025-12-04T18:20:15.342624,-2.184,-3.543,1.270,-0.594
2025-12-04T18:20:15.358407,-2.181,-3.552,1.270,-0.594
2025-12-04T18:20:15.375238,-2.178,-3.561,1.270,-0.594
2025-12-04T18:20:15.393762,-2.175,-3.570,1.270,-0.594
2025-12-04T18:20:15.410706,-2.172,-3.580,1.270,-0.594
2025-12-04T18:20:15.427726,-2.170,-3.589,1.270,-0.594
2025-12-04T18:20:15.443603,-2.167,-3.598,1.270,-0.594
2025-12-04T18:20:15.458720,-2.164,-3.608,1.270,-0.594
2025-12-04T18:20:15.573209,-2.161,-3.617,1.270,-0.594
2025-12-04T18:20:15.589508,-2.158,-3.626,1.270,-0.594
2025-12-04T18:20:15.602356,-2.155,-3.635,1.270,-0.594
2025-12-04T18:20:15.616510,-2.152,-3.645,1.270,-0.594
2025-12-04T18:20:15.630712,-2.150,-3.654,1.270,-0.594
2025-12-04T18:20:15.641383,-2.147,-3.663,1.270,-0.594
2025-12-04T18:20:15.659346,-2.144,-3.673,1.270,-0.594
2025-12-04T18:20:15.670593,-2.141,-3.682,1.270,-0.594
2025-12-04T18:20:15.680954,-2.138,-3.691,1.270,-0.594
2025-12-04T18:20:15.691555,-2.135,-3.700,1.270,-0.594
2025-12-04T18:20:15.706065,-2.132,-3.710,1.270,-0.594
2025-12-04T18:20:15.714531,-2.130,-3.719,1.270,-0.594
2025-12-04T18:20:15.728079,-2.127,-3.728,1.270,-0.594
2025-12-04T18:20:15.741518,-2.124,-3.738,1.270,-0.594
2025-12-04T18:20:15.757635,-2.121,-3.747,1.270,-0.594
2025-12-04T18:20:15.771482,-2.118,-3.756,1.270,-0.594
2025-12-04T18:20:15.786448,-2.115,-3.765,1.270,-0.594
2025-12-04T18:20:15.802667,-2.112,-3.775,1.270,-0.594
2025-12-04T18:20:15.818489,-2.110,-3.784,1.270,-0.594
2025-12-04T18:20:15.834240,-2.107,-3.793,1.270,-0.594
2025-12-04T18:20:15.852522,-2.104,-3.803,1.270,-0.594
2025-12-04T18:20:15.870115,-2.101,-3.812,1.270,-0.594
2025-12-04T18:20:15.885276,-2.098,-3.821,1.270,-0.594
2025-12-04T18:20:15.903646,-2.095,-3.830,1.270,-0.594
2025-12-04T18:20:15.920243,-2.092,-3.840,1.270,-0.594
2025-12-04T18:20:15.942626,-2.090,-3.849,1.270,-0.594
2025-12-04T18:20:15.960555,-2.087,-3.858,1.270,-0.594
2025-12-04T18:20:15.976551,-2.084,-3.868,1.270,-0.594
2025-12-04T18:20:15.992481,-2.081,-3.877,1.270,-0.594
2025-12-04T18:20:16.008425,-2.078,-3.886,1.270,-0.594
2025-12-04T18:20:16.024149,-2.075,-3.895,1.270,-0.594
2025-12-04T18:20:16.040219,-2.072,-3.905,1.270,-0.594
2025-12-04T18:20:16.055306,-2.070,-3.914,1.270,-0.594
2025-12-04T18:20:16.071387,-2.067,-3.923,1.270,-0.594
2025-12-04T18:20:16.085622,-2.064,-3.933,1.270,-0.594
2025-12-04T18:20:16.099352,-2.061,-3.942,1.270,-0.594
2025-12-04T18:20:16.116642,-2.058,-3.951,1.270,-0.594
2025-12-04T18:20:16.131431,-2.055,-3.960,1.270,-0.594
2025-12-04T18:20:16.148948,-2.052,-3.970,1.270,-0.594
2025-12-04T18:20:16.167308,-2.049,-3.979,1.270,-0.594
2025-12-04T18:20:16.184133,-2.047,-3.988,1.270,-0.594
2025-12-04T18:20:16.200645,-2.044,-3.998,1.270,-0.594
2025-12-04T18:20:16.219161,-2.041,-4.007,1.270,-0.594
2025-12-04T18:20:16.236889,-2.038,-4.016,1.270,-0.594
2025-12-04T18:20:16.254126,-2.035,-4.025,1.270,-0.594
2025-12-04T18:20:16.269766,-2.032,-4.035,1.270,-0.594
2025-12-04T18:20:16.286076,-2.029,-4.044,1.270,-0.594
2025-12-04T18:20:16.303573,-2.027,-4.053,1.270,-0.594
2025-12-04T18:20:16.315387,-2.024,-4.063,1.270,-0.594
2025-12-04T18:20:16.330339,-2.021,-4.072,1.270,-0.594
2025-12-04T18:20:16.344999,-2.018,-4.081,1.270,-0.594
2025-12-04T18:20:16.362179,-2.015,-4.090,1.270,-0.594
2025-12-04T18:20:16.380484,-2.012,-4.100,1.270,-0.594
2025-12-04T18:20:16.396952,-2.009,-4.109,1.270,-0.594
2025-12-04T18:20:16.414682,-2.007,-4.118,1.270,-0.594
2025-12-04T18:20:16.431774,-2.004,-4.128,1.270,-0.594
2025-12-04T18:20:16.450091,-2.001,-4.137,1.270,-0.594
2025-12-04T18:20:16.470052,-1.998,-4.146,1.270,-0.594
2025-12-04T18:20:16.483773,-1.995,-4.155,1.270,-0.594
2025-12-04T18:20:16.504238,-1.992,-4.165,1.270,-0.594
2025-12-04T18:20:16.518912,-1.989,-4.174,1.270,-0.594
2025-12-04T18:20:16.533571,-1.987,-4.183,1.270,-0.594
2025-12-04T18:20:16.550806,-1.984,-4.192,1.270,-0.594
2025-12-04T18:20:16.573283,-1.981,-4.202,1.270,-0.594
2025-12-04T18:20:16.585652,-1.978,-4.211,1.270,-0.594
2025-12-04T18:20:16.597758,-1.975,-4.220,1.270,-0.594
2025-12-04T18:20:16.612741,-1.972,-4.228,1.270,-0.594
2025-12-04T18:20:16.626095,-1.970,-4.235,1.270,-0.594
2025-12-04T18:20:16.640581,-1.967,-4.242,1.270,-0.594
2025-12-04T18:20:16.654753,-1.964,-4.248,1.270,-0.594
2025-12-04T18:20:16.670494,-1.962,-4.253,1.270,-0.594
2025-12-04T18:20:16.685102,-1.959,-4.257,1.270,-0.594
2025-12-04T18:20:16.710933,-1.957,-4.261,1.270,-0.594
2025-12-04T18:20:16.723317,-1.954,-4.263,1.270,-0.594
2025-12-04T18:20:16.740614,-1.951,-4.265,1.270,-0.594
2025-12-04T18:20:16.758364,-1.949,-4.266,1.270,-0.594
2025-12-04T18:20:16.775319,-1.946,-4.266,1.270,-0.594
2025-12-04T18:20:16.793960,-1.943,-4.266,1.270,-0.594
2025-12-04T18:20:16.811413,-1.941,-4.265,1.270,-0.594
2025-12-04T18:20:16.827703,-1.938,-4.264,1.270,-0.594
2025-12-04T18:20:16.844850,-1.935,-4.262,1.270,-0.594
2025-12-04T18:20:16.861229,-1.933,-4.261,1.270,-0.594
2025-12-04T18:20:16.879742,-1.930,-4.259,1.270,-0.594
2025-12-04T18:20:16.894342,-1.927,-4.257,1.270,-0.594
2025-12-04T18:20:16.908333,-1.925,-4.255,1.270,-0.594
2025-12-04T18:20:16.921153,-1.925,-4.255,1.270,-0.594
2025-12-04T18:20:16.937240,-1.925,-4.255,1.270,-0.594
2025-12-04T18:20:16.950221,-1.925,-4.255,1.270,-0.594
2025-12-04T18:20:16.968580,-1.925,-4.255,1.270,-0.594
2025-12-04T18:20:16.985414,-1.925,-4.255,1.270,-0.594
2025-12-04T18:20:17.002010,-1.925,-4.255,1.270,-0.594
2025-12-04T18:20:17.019373,-1.925,-4.255,1.270,-0.594
2025-12-04T18:20:17.035606,-1.925,-4.255,1.270,-0.594
2025-12-04T18:20:17.055236,-1.925,-4.255,1.270,-0.594
2025-12-04T18:20:17.071651,-1.925,-4.255,1.270,-0.594
2025-12-04T18:20:17.088236,-1.925,-4.255,1.270,-0.594
2025-12-04T18:20:17.105267,-1.925,-4.255,1.270,-0.594
2025-12-04T18:20:17.121697,-1.925,-4.255,1.270,-0.594
2025-12-04T18:20:17.138719,-1.925,-4.255,1.270,-0.594
2025-12-04T18:20:17.155656,-1.925,-4.255,1.270,-0.594
2025-12-04T18:20:17.171369,-1.925,-4.255,1.270,-0.594
2025-12-04T18:20:17.193712,-1.925,-4.255,1.270,-0.594
2025-12-04T18:20:17.207683,-1.925,-4.255,1.270,-0.594
2025-12-04T18:20:17.221516,-1.925,-4.255,1.270,-0.594
2025-12-04T18:20:17.236932,-1.925,-4.255,1.270,-0.594
2025-12-04T18:20:17.248952,-1.925,-4.255,1.270,-0.594
2025-12-04T18:20:17.265009,-1.925,-4.255,1.270,-0.594
2025-12-04T18:20:17.280168,-1.925,-4.255,1.270,-0.594
2025-12-04T18:20:17.295271,-1.925,-4.255,1.270,-0.594
2025-12-04T18:20:17.309872,-1.925,-4.255,1.270,-0.594
2025-12-04T18:20:17.327893,-1.925,-4.255,1.270,-0.594
2025-12-04T18:20:17.345067,-1.925,-4.255,1.270,-0.594
2025-12-04T18:20:17.362076,-1.925,-4.255,1.270,-0.594
2025-12-04T18:20:17.378663,-1.925,-4.255,1.270,-0.594
2025-12-04T18:20:17.395187,-1.925,-4.255,1.270,-0.594
2025-12-04T18:20:17.411776,-1.925,-4.255,1.270,-0.594
2025-12-04T18:20:17.428754,-1.925,-4.255,1.270,-0.594
2025-12-04T18:20:17.447723,-1.925,-4.255,1.270,-0.594
2025-12-04T18:20:17.464331,-1.925,-4.255,1.270,-0.594
2025-12-04T18:20:17.481132,-1.925,-4.255,1.270,-0.594
2025-12-04T18:20:17.495739,-1.925,-4.255,1.270,-0.594
2025-12-04T18:20:17.510163,-1.925,-4.255,1.270,-0.594
2025-12-04T18:20:17.524665,-1.925,-4.255,1.270,-0.594
2025-12-04T18:20:17.540125,-1.925,-4.255,1.270,-0.594
2025-12-04T18:20:17.555260,-1.925,-4.255,1.270,-0.594
2025-12-04T18:20:17.572691,-1.925,-4.255,1.270,-0.594
2025-12-04T18:20:17.589395,-1.925,-4.255,1.270,-0.594
2025-12-04T18:20:17.608504,-1.925,-4.255,1.270,-0.594
2025-12-04T18:20:17.626449,-1.925,-4.255,1.270,-0.594
2025-12-04T18:20:17.644407,-1.925,-4.255,1.270,-0.594
2025-12-04T18:20:17.660318,-1.925,-4.255,1.270,-0.594
2025-12-04T18:20:17.679425,-1.925,-4.255,1.270,-0.594
2025-12-04T18:20:17.696845,-1.925,-4.255,1.270,-0.594
2025-12-04T18:20:17.714173,-1.925,-4.255,1.270,-0.594
2025-12-04T18:20:17.729716,-1.925,-4.255,1.270,-0.594
2025-12-04T18:20:17.744776,-1.925,-4.255,1.270,-0.594
2025-12-04T18:20:17.761199,-1.925,-4.255,1.270,-0.594
2025-12-04T18:20:17.775924,-1.925,-4.255,1.270,-0.594
2025-12-04T18:20:17.791518,-1.925,-4.255,1.270,-0.594
2025-12-04T18:20:17.813359,-1.925,-4.255,1.270,-0.594
2025-12-04T18:20:17.826890,-1.925,-4.255,1.270,-0.594
2025-12-04T18:20:17.843202,-1.925,-4.255,1.270,-0.594
2025-12-04T18:20:17.859430,-1.925,-4.255,1.270,-0.594
2025-12-04T18:20:17.875862,-1.925,-4.255,1.270,-0.594
2025-12-04T18:20:17.893167,-1.925,-4.255,1.270,-0.594
2025-12-04T18:20:17.910089,-1.925,-4.255,1.270,-0.594
2025-12-04T18:20:17.927318,-1.925,-4.255,1.270,-0.594
2025-12-04T18:20:17.942510,-1.925,-4.255,1.270,-0.594
2025-12-04T18:20:17.960692,-1.925,-4.255,1.270,-0.594
2025-12-04T18:20:17.975216,-1.925,-4.255,1.270,-0.594
2025-12-04T18:20:17.997267,-1.925,-4.255,1.270,-0.594
2025-12-04T18:20:18.009990,-1.925,-4.255,1.270,-0.594
2025-12-04T18:20:18.024790,-1.925,-4.255,1.270,-0.594
2025-12-04T18:20:18.039324,-1.925,-4.255,1.270,-0.594
2025-12-04T18:20:18.054917,-1.925,-4.255,1.270,-0.594
2025-12-04T18:20:18.069669,-1.925,-4.255,1.270,-0.594
2025-12-04T18:20:18.085923,-1.925,-4.255,1.270,-0.594
2025-12-04T18:20:18.102027,-1.925,-4.255,1.270,-0.594
2025-12-04T18:20:18.117099,-1.925,-4.255,1.270,-0.594
2025-12-04T18:20:18.133737,-1.925,-4.255,1.270,-0.594
2025-12-04T18:20:18.152476,-1.925,-4.255,1.270,-0.594
2025-12-04T18:20:18.170498,-1.925,-4.255,1.270,-0.594
2025-12-04T18:20:18.188448,-1.925,-4.255,1.270,-0.594
2025-12-04T18:20:18.205813,-1.925,-4.255,1.270,-0.594
2025-12-04T18:20:18.223342,-1.925,-4.255,1.270,-0.594
2025-12-04T18:20:18.242721,-1.925,-4.255,1.270,-0.594
2025-12-04T18:20:18.259327,-1.925,-4.255,1.270,-0.594
2025-12-04T18:20:18.275994,-1.925,-4.255,1.270,-0.594
2025-12-04T18:20:18.291678,-1.925,-4.255,1.270,-0.594
2025-12-04T18:20:18.307560,-1.925,-4.255,1.270,-0.594
2025-12-04T18:20:18.321932,-1.925,-4.255,1.270,-0.594
2025-12-04T18:20:18.339058,-1.925,-4.255,1.270,-0.594
2025-12-04T18:20:18.354098,-1.925,-4.255,1.270,-0.594
2025-12-04T18:20:18.369478,-1.925,-4.255,1.270,-0.594
2025-12-04T18:20:18.383522,-1.925,-4.255,1.270,-0.594
2025-12-04T18:20:18.400678,-1.925,-4.255,1.270,-0.594
2025-12-04T18:20:18.416243,-1.925,-4.255,1.270,-0.594
2025-12-04T18:20:18.438293,-1.925,-4.255,1.270,-0.594
2025-12-04T18:20:18.454575,-1.925,-4.255,1.270,-0.594
2025-12-04T18:20:18.468719,-1.925,-4.255,1.270,-0.594
2025-12-04T18:20:18.485011,-1.925,-4.255,1.270,-0.594
2025-12-04T18:20:18.501716,-1.925,-4.255,1.270,-0.594
2025-12-04T18:20:18.518949,-1.925,-4.255,1.270,-0.594
2025-12-04T18:20:18.534153,-1.925,-4.255,1.270,-0.594
2025-12-04T18:20:18.549116,-1.925,-4.255,1.270,-0.594
2025-12-04T18:20:18.565377,-1.925,-4.255,1.270,-0.594
2025-12-04T18:20:18.581357,-1.925,-4.255,1.270,-0.594
2025-12-04T18:20:18.598217,-1.925,-4.255,1.270,-0.594
2025-12-04T18:20:18.614356,-1.925,-4.255,1.270,-0.594
2025-12-04T18:20:18.632441,-1.925,-4.255,1.270,-0.594
2025-12-04T18:20:18.650826,-1.925,-4.255,1.270,-0.594
2025-12-04T18:20:18.667528,-1.925,-4.255,1.270,-0.594
2025-12-04T18:20:18.687152,-1.925,-4.255,1.270,-0.594
2025-12-04T18:20:18.702376,-1.925,-4.255,1.270,-0.594
2025-12-04T18:20:18.721906,-1.925,-4.255,1.270,-0.594
2025-12-04T18:20:18.739509,-1.925,-4.255,1.270,-0.594
2025-12-04T18:20:18.754109,-1.925,-4.255,1.270,-0.594
2025-12-04T18:20:18.770557,-1.925,-4.255,1.270,-0.594
2025-12-04T18:20:18.785729,-1.925,-4.255,1.270,-0.594
2025-12-04T18:20:18.802406,-1.925,-4.255,1.270,-0.594
2025-12-04T18:20:18.817481,-1.925,-4.255,1.270,-0.594
2025-12-04T18:20:18.832191,-1.925,-4.255,1.270,-0.594
2025-12-04T18:20:18.849581,-1.925,-4.255,1.270,-0.594
2025-12-04T18:20:18.870469,-1.925,-4.255,1.270,-0.594
2025-12-04T18:20:18.885571,-1.925,-4.255,1.270,-0.594
2025-12-04T18:20:18.903792,-1.925,-4.255,1.270,-0.594
2025-12-04T18:20:18.921130,-1.925,-4.255,1.270,-0.594
2025-12-04T18:20:18.938031,-1.925,-4.255,1.270,-0.594
2025-12-04T18:20:18.951850,-1.925,-4.255,1.270,-0.594
2025-12-04T18:20:18.966294,-1.925,-4.255,1.270,-0.594
2025-12-04T18:20:18.982029,-1.925,-4.255,1.270,-0.594
2025-12-04T18:20:18.996699,-1.925,-4.255,1.270,-0.594
2025-12-04T18:20:19.012271,-1.925,-4.255,1.270,-0.594
2025-12-04T18:20:19.027142,-1.925,-4.255,1.270,-0.594
2025-12-04T18:20:19.043625,-1.925,-4.255,1.270,-0.594
2025-12-04T18:20:19.059125,-1.925,-4.255,1.270,-0.594
2025-12-04T18:20:19.075796,-1.925,-4.255,1.270,-0.594
2025-12-04T18:20:19.092671,-1.925,-4.255,1.270,-0.594
2025-12-04T18:20:19.109335,-1.925,-4.255,1.270,-0.594
2025-12-04T18:20:19.127379,-1.925,-4.255,1.270,-0.594
2025-12-04T18:20:19.146337,-1.925,-4.255,1.270,-0.594
2025-12-04T18:20:19.165846,-1.925,-4.255,1.270,-0.594
2025-12-04T18:20:19.184799,-1.925,-4.255,1.270,-0.594
2025-12-04T18:20:19.203696,-1.925,-4.255,1.270,-0.594
2025-12-04T18:20:19.219527,-1.925,-4.255,1.270,-0.594
2025-12-04T18:20:19.237433,-1.925,-4.255,1.270,-0.594
2025-12-04T18:20:19.253255,-1.925,-4.255,1.270,-0.594
2025-12-04T18:20:19.269393,-1.925,-4.255,1.270,-0.594
2025-12-04T18:20:19.284395,-1.925,-4.255,1.270,-0.594
2025-12-04T18:20:19.299337,-1.925,-4.255,1.270,-0.594
2025-12-04T18:20:19.315054,-1.925,-4.255,1.270,-0.594
2025-12-04T18:20:19.330599,-1.925,-4.255,1.270,-0.594
2025-12-04T18:20:19.347491,-1.925,-4.255,1.270,-0.594
2025-12-04T18:20:19.366653,-1.925,-4.255,1.270,-0.594
2025-12-04T18:20:19.380325,-1.925,-4.255,1.270,-0.594
2025-12-04T18:20:19.397825,-1.925,-4.255,1.270,-0.594
2025-12-04T18:20:19.415262,-1.925,-4.255,1.270,-0.594
2025-12-04T18:20:19.435628,-1.925,-4.255,1.270,-0.594
2025-12-04T18:20:19.453239,-1.925,-4.255,1.270,-0.594
2025-12-04T18:20:19.469891,-1.925,-4.255,1.270,-0.594
2025-12-04T18:20:19.488900,-1.925,-4.255,1.270,-0.594
2025-12-04T18:20:19.503824,-1.925,-4.255,1.270,-0.594
2025-12-04T18:20:19.521798,-1.925,-4.255,1.270,-0.594
2025-12-04T18:20:19.533680,-1.925,-4.255,1.270,-0.594
2025-12-04T18:20:19.548291,-1.925,-4.255,1.270,-0.594
2025-12-04T18:20:19.562635,-1.925,-4.255,1.270,-0.594
2025-12-04T18:20:19.577017,-1.925,-4.255,1.270,-0.594
2025-12-04T18:20:19.591925,-1.925,-4.255,1.270,-0.594
2025-12-04T18:20:19.608176,-1.925,-4.255,1.270,-0.594
2025-12-04T18:20:19.624382,-1.925,-4.255,1.270,-0.594
2025-12-04T18:20:19.642319,-1.925,-4.255,1.270,-0.594
2025-12-04T18:20:19.662319,-1.925,-4.255,1.270,-0.594
2025-12-04T18:20:19.679542,-1.925,-4.255,1.270,-0.594
2025-12-04T18:20:19.698344,-1.925,-4.255,1.270,-0.594
2025-12-04T18:20:19.717139,-1.925,-4.255,1.270,-0.594
2025-12-04T18:20:19.734868,-1.925,-4.255,1.270,-0.594
2025-12-04T18:20:19.753686,-1.925,-4.255,1.270,-0.594
2025-12-04T18:20:19.770907,-1.925,-4.255,1.270,-0.594
2025-12-04T18:20:19.789124,-1.925,-4.255,1.270,-0.594
2025-12-04T18:20:19.806751,-1.925,-4.255,1.270,-0.594
2025-12-04T18:20:19.823054,-1.925,-4.255,1.270,-0.594
2025-12-04T18:20:19.837314,-1.925,-4.255,1.270,-0.594
2025-12-04T18:20:19.849900,-1.925,-4.255,1.270,-0.594
2025-12-04T18:20:19.865808,-1.925,-4.255,1.270,-0.594
2025-12-04T18:20:19.879475,-1.925,-4.255,1.270,-0.594
2025-12-04T18:20:19.894207,-1.925,-4.255,1.270,-0.594
2025-12-04T18:20:19.909824,-1.925,-4.255,1.270,-0.594
2025-12-04T18:20:19.925453,-1.925,-4.255,1.270,-0.594
2025-12-04T18:20:19.943069,-1.925,-4.255,1.270,-0.594
2025-12-04T18:20:19.964898,-1.925,-4.255,1.270,-0.594
2025-12-04T18:20:19.981488,-1.925,-4.255,1.270,-0.594
2025-12-04T18:20:19.998204,-1.925,-4.255,1.270,-0.594
2025-12-04T18:20:20.015349,-1.925,-4.255,1.270,-0.594
2025-12-04T18:20:20.033915,-1.925,-4.255,1.270,-0.594
2025-12-04T18:20:20.051218,-1.925,-4.255,1.270,-0.594
2025-12-04T18:20:20.065523,-1.925,-4.255,1.270,-0.594
2025-12-04T18:20:20.083286,-1.925,-4.255,1.270,-0.594
2025-12-04T18:20:20.097949,-1.925,-4.255,1.270,-0.594
2025-12-04T18:20:20.113272,-1.925,-4.255,1.270,-0.594
2025-12-04T18:20:20.129229,-1.925,-4.255,1.270,-0.594
2025-12-04T18:20:20.144349,-1.925,-4.255,1.270,-0.594
2025-12-04T18:20:20.161254,-1.925,-4.255,1.270,-0.594
2025-12-04T18:20:20.178044,-1.925,-4.255,1.270,-0.594
2025-12-04T18:20:20.195485,-1.925,-4.255,1.270,-0.594
2025-12-04T18:20:20.213804,-1.925,-4.255,1.270,-0.594
2025-12-04T18:20:20.231226,-1.925,-4.255,1.270,-0.594
2025-12-04T18:20:20.248703,-1.925,-4.255,1.270,-0.594
2025-12-04T18:20:20.271194,-1.925,-4.255,1.270,-0.594
2025-12-04T18:20:20.286210,-1.925,-4.255,1.270,-0.594
2025-12-04T18:20:20.303736,-1.925,-4.255,1.270,-0.594
2025-12-04T18:20:20.321186,-1.925,-4.255,1.270,-0.594
2025-12-04T18:20:20.336535,-1.925,-4.255,1.270,-0.594
2025-12-04T18:20:20.351737,-1.925,-4.255,1.270,-0.594
2025-12-04T18:20:20.367184,-1.925,-4.255,1.270,-0.594
2025-12-04T18:20:20.382732,-1.925,-4.255,1.270,-0.594
2025-12-04T18:20:20.398415,-1.925,-4.255,1.270,-0.594
2025-12-04T18:20:20.413572,-1.925,-4.255,1.270,-0.594
2025-12-04T18:20:20.430343,-1.925,-4.255,1.270,-0.594
2025-12-04T18:20:20.446294,-1.925,-4.255,1.270,-0.594
2025-12-04T18:20:20.461547,-1.925,-4.255,1.270,-0.594
2025-12-04T18:20:20.478371,-1.925,-4.255,1.270,-0.594
2025-12-04T18:20:20.490773,-1.925,-4.255,1.270,-0.594
2025-12-04T18:20:20.508564,-1.925,-4.255,1.270,-0.594
2025-12-04T18:20:20.526515,-1.925,-4.255,1.270,-0.594
2025-12-04T18:20:20.542382,-1.925,-4.255,1.270,-0.594
2025-12-04T18:20:20.560442,-1.925,-4.255,1.270,-0.594
2025-12-04T18:20:20.579616,-1.925,-4.255,1.270,-0.594
2025-12-04T18:20:20.597994,-1.925,-4.255,1.270,-0.594
2025-12-04T18:20:20.615888,-1.925,-4.255,1.270,-0.594
2025-12-04T18:20:20.632660,-1.925,-4.255,1.270,-0.594
2025-12-04T18:20:20.648778,-1.925,-4.255,1.270,-0.594
2025-12-04T18:20:20.664651,-1.925,-4.255,1.270,-0.594
2025-12-04T18:20:20.680064,-1.925,-4.255,1.270,-0.594
2025-12-04T18:20:20.695014,-1.925,-4.255,1.270,-0.594
2025-12-04T18:20:20.709492,-1.925,-4.255,1.270,-0.594
2025-12-04T18:20:20.725251,-1.925,-4.255,1.270,-0.594
2025-12-04T18:20:20.740374,-1.925,-4.255,1.270,-0.594
2025-12-04T18:20:20.757396,-1.925,-4.255,1.270,-0.594
2025-12-04T18:20:20.774457,-1.925,-4.255,1.270,-0.594
2025-12-04T18:20:20.792716,-1.925,-4.255,1.270,-0.594
2025-12-04T18:20:20.809684,-1.925,-4.255,1.270,-0.594
2025-12-04T18:20:20.829090,-1.925,-4.255,1.270,-0.594
2025-12-04T18:20:20.846616,-1.925,-4.255,1.270,-0.594
2025-12-04T18:20:20.864196,-1.925,-4.255,1.270,-0.594
2025-12-04T18:20:20.880628,-1.925,-4.255,1.270,-0.594
2025-12-04T18:20:20.897147,-1.925,-4.255,1.270,-0.594
2025-12-04T18:20:20.913134,-1.925,-4.255,1.270,-0.594
2025-12-04T18:20:20.928269,-1.925,-4.255,1.270,-0.594
2025-12-04T18:20:20.943849,-1.925,-4.255,1.270,-0.594
2025-12-04T18:20:20.960352,-1.925,-4.255,1.270,-0.594
2025-12-04T18:20:20.975102,-1.925,-4.255,1.270,-0.594
2025-12-04T18:20:20.990854,-1.925,-4.255,1.270,-0.594
2025-12-04T18:20:21.007930,-1.925,-4.255,1.270,-0.594
2025-12-04T18:20:21.026645,-1.925,-4.255,1.270,-0.594
2025-12-04T18:20:21.043827,-1.925,-4.255,1.270,-0.594
2025-12-04T18:20:21.060595,-1.925,-4.255,1.270,-0.594
2025-12-04T18:20:21.078690,-1.925,-4.255,1.270,-0.594
2025-12-04T18:20:21.095591,-1.925,-4.255,1.270,-0.594
2025-12-04T18:20:21.113981,-1.925,-4.255,1.270,-0.594
2025-12-04T18:20:21.131210,-1.925,-4.255,1.270,-0.594
2025-12-04T18:20:21.148652,-1.925,-4.255,1.270,-0.594
2025-12-04T18:20:21.166028,-1.925,-4.255,1.270,-0.594
2025-12-04T18:20:21.180839,-1.925,-4.255,1.270,-0.594
2025-12-04T18:20:21.195422,-1.925,-4.255,1.270,-0.594
2025-12-04T18:20:21.210470,-1.925,-4.255,1.270,-0.594
2025-12-04T18:20:21.224896,-1.925,-4.255,1.270,-0.594
2025-12-04T18:20:21.240728,-1.925,-4.255,1.270,-0.594
2025-12-04T18:20:21.256651,-1.925,-4.255,1.270,-0.594
2025-12-04T18:20:21.273423,-1.925,-4.255,1.270,-0.594
2025-12-04T18:20:21.297934,-1.925,-4.255,1.270,-0.594
2025-12-04T18:20:21.308770,-1.925,-4.255,1.270,-0.594
2025-12-04T18:20:21.329552,-1.925,-4.255,1.270,-0.594
2025-12-04T18:20:21.345374,-1.925,-4.255,1.270,-0.594
2025-12-04T18:20:21.362250,-1.925,-4.255,1.270,-0.594
2025-12-04T18:20:21.378571,-1.925,-4.255,1.270,-0.594
2025-12-04T18:20:21.394955,-1.925,-4.255,1.270,-0.594
2025-12-04T18:20:21.410501,-1.925,-4.255,1.270,-0.594
2025-12-04T18:20:21.426491,-1.925,-4.255,1.270,-0.594
2025-12-04T18:20:21.440791,-1.925,-4.255,1.270,-0.594
2025-12-04T18:20:21.456366,-1.925,-4.255,1.270,-0.594
2025-12-04T18:20:21.471415,-1.925,-4.255,1.270,-0.594
2025-12-04T18:20:21.491540,-1.925,-4.255,1.270,-0.594
2025-12-04T18:20:21.507569,-1.925,-4.255,1.270,-0.594
2025-12-04T18:20:21.525250,-1.925,-4.255,1.270,-0.594
2025-12-04T18:20:21.541601,-1.925,-4.255,1.270,-0.594
2025-12-04T18:20:21.559432,-1.925,-4.255,1.270,-0.594
2025-12-04T18:20:21.577461,-1.925,-4.255,1.270,-0.594
2025-12-04T18:20:21.595203,-1.925,-4.255,1.270,-0.594
2025-12-04T18:20:21.610515,-1.925,-4.255,1.270,-0.594
2025-12-04T18:20:21.627720,-1.925,-4.255,1.270,-0.594
2025-12-04T18:20:21.646191,-1.925,-4.255,1.270,-0.594
2025-12-04T18:20:21.658239,-1.925,-4.255,1.270,-0.594
2025-12-04T18:20:21.672519,-1.925,-4.255,1.270,-0.594
2025-12-04T18:20:21.686150,-1.925,-4.255,1.270,-0.594
2025-12-04T18:20:21.700727,-1.925,-4.255,1.270,-0.594
2025-12-04T18:20:21.715732,-1.925,-4.255,1.270,-0.594
2025-12-04T18:20:21.731379,-1.925,-4.255,1.270,-0.594
2025-12-04T18:20:21.748167,-1.925,-4.255,1.270,-0.594
2025-12-04T18:20:21.764624,-1.925,-4.255,1.270,-0.594
2025-12-04T18:20:21.782451,-1.925,-4.255,1.270,-0.594
2025-12-04T18:20:21.799518,-1.925,-4.255,1.270,-0.594
2025-12-04T18:20:21.816710,-1.925,-4.255,1.270,-0.594
2025-12-04T18:20:21.835189,-1.925,-4.255,1.270,-0.594
2025-12-04T18:20:21.851832,-1.925,-4.255,1.270,-0.594
2025-12-04T18:20:21.871036,-1.925,-4.255,1.270,-0.594
2025-12-04T18:20:21.888590,-1.925,-4.255,1.270,-0.594
2025-12-04T18:20:21.904524,-1.925,-4.255,1.270,-0.594
2025-12-04T18:20:21.920437,-1.925,-4.255,1.270,-0.594
2025-12-04T18:20:21.935916,-1.925,-4.255,1.270,-0.594
2025-12-04T18:20:21.950828,-1.925,-4.255,1.270,-0.594
2025-12-04T18:20:21.968239,-1.925,-4.255,1.270,-0.594
2025-12-04T18:20:21.981612,-1.925,-4.255,1.270,-0.594
2025-12-04T18:20:21.999858,-1.925,-4.255,1.270,-0.594
2025-12-04T18:20:22.015589,-1.925,-4.255,1.270,-0.594
2025-12-04T18:20:22.033560,-1.925,-4.255,1.270,-0.594
2025-12-04T18:20:22.050633,-1.925,-4.255,1.270,-0.594
2025-12-04T18:20:22.068054,-1.925,-4.255,1.270,-0.594
2025-12-04T18:20:22.086153,-1.925,-4.255,1.270,-0.594
2025-12-04T18:20:22.103202,-1.925,-4.255,1.270,-0.594
2025-12-04T18:20:22.118907,-1.925,-4.255,1.270,-0.594
2025-12-04T18:20:22.135948,-1.925,-4.255,1.270,-0.594
2025-12-04T18:20:22.152433,-1.925,-4.255,1.270,-0.594
2025-12-04T18:20:22.167962,-1.925,-4.255,1.270,-0.594
2025-12-04T18:20:22.183201,-1.925,-4.255,1.270,-0.594
2025-12-04T18:20:22.197664,-1.925,-4.255,1.270,-0.594
2025-12-04T18:20:22.213506,-1.925,-4.255,1.270,-0.594
2025-12-04T18:20:22.228625,-1.925,-4.255,1.270,-0.594
2025-12-04T18:20:22.244559,-1.925,-4.255,1.270,-0.594
2025-12-04T18:20:22.261060,-1.925,-4.255,1.270,-0.594
2025-12-04T18:20:22.278140,-1.925,-4.255,1.270,-0.594
2025-12-04T18:20:22.295899,-1.925,-4.255,1.270,-0.594
2025-12-04T18:20:22.313624,-1.925,-4.255,1.270,-0.594
2025-12-04T18:20:22.331552,-1.925,-4.255,1.270,-0.594
2025-12-04T18:20:22.349231,-1.925,-4.255,1.270,-0.594
2025-12-04T18:20:22.370650,-1.925,-4.255,1.270,-0.594
2025-12-04T18:20:22.386561,-1.925,-4.255,1.270,-0.594
2025-12-04T18:20:22.401708,-1.925,-4.255,1.270,-0.594
2025-12-04T18:20:22.425069,-1.925,-4.255,1.270,-0.594
2025-12-04T18:20:22.439739,-1.925,-4.255,1.270,-0.594
2025-12-04T18:20:22.457380,-1.925,-4.255,1.270,-0.594
2025-12-04T18:20:22.482384,-1.925,-4.255,1.270,-0.594
2025-12-04T18:20:22.495331,-1.925,-4.255,1.270,-0.594
2025-12-04T18:20:22.512119,-1.925,-4.255,1.270,-0.594
2025-12-04T18:20:22.521676,-1.925,-4.255,1.270,-0.594
2025-12-04T18:20:22.536666,-1.925,-4.255,1.270,-0.594
2025-12-04T18:20:22.545957,-1.925,-4.255,1.270,-0.594
2025-12-04T18:20:22.580483,-1.925,-4.255,1.270,-0.594
2025-12-04T18:20:22.628200,-1.925,-4.255,1.270,-0.594
2025-12-04T18:20:22.637261,-1.925,-4.255,1.270,-0.594
2025-12-04T18:20:22.652853,-1.925,-4.255,1.270,-0.594
2025-12-04T18:20:22.665725,-1.925,-4.255,1.270,-0.594
2025-12-04T18:20:22.678794,-1.925,-4.255,1.270,-0.594
2025-12-04T18:20:22.689416,-1.925,-4.255,1.270,-0.594
2025-12-04T18:20:22.700014,-1.925,-4.255,1.270,-0.594
2025-12-04T18:20:22.709306,-1.925,-4.255,1.270,-0.594
2025-12-04T18:20:22.727558,-1.925,-4.255,1.270,-0.594
2025-12-04T18:20:22.735464,-1.925,-4.255,1.270,-0.594
2025-12-04T18:20:22.745225,-1.925,-4.255,1.270,-0.594
2025-12-04T18:20:22.756750,-1.925,-4.255,1.270,-0.594
2025-12-04T18:20:22.767459,-1.925,-4.255,1.270,-0.594
2025-12-04T18:20:22.792051,-1.925,-4.255,1.270,-0.594
2025-12-04T18:20:22.805589,-1.925,-4.255,1.270,-0.594
2025-12-04T18:20:22.820084,-1.925,-4.255,1.270,-0.594
2025-12-04T18:20:22.831769,-1.925,-4.255,1.270,-0.594
2025-12-04T18:20:22.845667,-1.925,-4.255,1.270,-0.594
2025-12-04T18:20:22.859435,-1.925,-4.255,1.270,-0.594
2025-12-04T18:20:22.875671,-1.925,-4.255,1.270,-0.594
2025-12-04T18:20:22.890727,-1.925,-4.255,1.270,-0.594
2025-12-04T18:20:22.907008,-1.925,-4.255,1.270,-0.594
2025-12-04T18:20:22.933511,-1.925,-4.255,1.270,-0.594
2025-12-04T18:20:22.961059,-1.925,-4.255,1.270,-0.594
2025-12-04T18:20:22.987352,-1.925,-4.255,1.270,-0.594
2025-12-04T18:20:23.016018,-1.925,-4.255,1.270,-0.594
2025-12-04T18:20:23.040817,-1.925,-4.255,1.270,-0.594
2025-12-04T18:20:23.056518,-1.925,-4.255,1.270,-0.594
2025-12-04T18:20:23.072066,-1.925,-4.255,1.270,-0.594
2025-12-04T18:20:23.095410,-1.925,-4.255,1.270,-0.594
2025-12-04T18:20:23.120761,-1.925,-4.255,1.270,-0.594
2025-12-04T18:20:23.136396,-1.925,-4.255,1.270,-0.594
2025-12-04T18:20:23.148130,-1.925,-4.255,1.270,-0.594
2025-12-04T18:20:23.162607,-1.925,-4.255,1.270,-0.594
2025-12-04T18:20:23.177363,-1.925,-4.255,1.270,-0.594
2025-12-04T18:20:23.192118,-1.925,-4.255,1.270,-0.594
2025-12-04T18:20:23.200936,-1.925,-4.255,1.270,-0.594
2025-12-04T18:20:23.217800,-1.925,-4.255,1.270,-0.594
2025-12-04T18:20:23.230453,-1.925,-4.255,1.270,-0.594
2025-12-04T18:20:23.245256,-1.925,-4.255,1.270,-0.594
2025-12-04T18:20:23.257469,-1.925,-4.255,1.270,-0.594
2025-12-04T18:20:23.270237,-1.925,-4.255,1.270,-0.594
2025-12-04T18:20:23.286858,-1.925,-4.255,1.270,-0.594
2025-12-04T18:20:23.303124,-1.925,-4.255,1.270,-0.594
2025-12-04T18:20:23.317304,-1.925,-4.255,1.270,-0.594
2025-12-04T18:20:23.339931,-1.925,-4.255,1.270,-0.594
2025-12-04T18:20:23.355326,-1.925,-4.255,1.270,-0.594
2025-12-04T18:20:23.371091,-1.925,-4.255,1.270,-0.594
2025-12-04T18:20:23.388591,-1.925,-4.255,1.270,-0.594
2025-12-04T18:20:23.405669,-1.925,-4.255,1.270,-0.594
2025-12-04T18:20:23.424073,-1.925,-4.255,1.270,-0.594
2025-12-04T18:20:23.441819,-1.925,-4.255,1.270,-0.594
2025-12-04T18:20:23.458927,-1.925,-4.255,1.270,-0.594
2025-12-04T18:20:23.474688,-1.925,-4.255,1.270,-0.594
2025-12-04T18:20:23.491001,-1.925,-4.255,1.270,-0.594
2025-12-04T18:20:23.507637,-1.925,-4.255,1.270,-0.594
2025-12-04T18:20:23.520742,-1.925,-4.255,1.270,-0.594
2025-12-04T18:20:23.534022,-1.925,-4.255,1.270,-0.594
2025-12-04T18:20:23.550940,-1.925,-4.255,1.270,-0.594
2025-12-04T18:20:23.568216,-1.925,-4.255,1.270,-0.594
2025-12-04T18:20:23.582536,-1.925,-4.255,1.270,-0.594
2025-12-04T18:20:23.599828,-1.925,-4.255,1.270,-0.594
2025-12-04T18:20:23.618016,-1.925,-4.255,1.270,-0.594
2025-12-04T18:20:23.647509,-1.925,-4.255,1.270,-0.594
2025-12-04T18:20:23.661942,-1.925,-4.255,1.270,-0.594
2025-12-04T18:20:23.678883,-1.925,-4.255,1.270,-0.594
2025-12-04T18:20:23.694911,-1.925,-4.255,1.270,-0.594
2025-12-04T18:20:23.711224,-1.925,-4.255,1.270,-0.594
2025-12-04T18:20:23.726960,-1.925,-4.255,1.270,-0.594
2025-12-04T18:20:23.742441,-1.925,-4.255,1.270,-0.594
2025-12-04T18:20:23.756789,-1.925,-4.255,1.270,-0.594
2025-12-04T18:20:23.773032,-1.925,-4.255,1.270,-0.594
2025-12-04T18:20:23.789658,-1.925,-4.255,1.270,-0.594
2025-12-04T18:20:23.806365,-1.925,-4.255,1.270,-0.594
2025-12-04T18:20:23.820266,-1.925,-4.255,1.270,-0.594
2025-12-04T18:20:23.834861,-1.925,-4.255,1.270,-0.594
2025-12-04T18:20:23.851764,-1.925,-4.255,1.270,-0.594
2025-12-04T18:20:23.866867,-1.925,-4.255,1.270,-0.594
2025-12-04T18:20:23.883705,-1.925,-4.255,1.270,-0.594
2025-12-04T18:20:23.901930,-1.925,-4.255,1.270,-0.594
2025-12-04T18:20:23.918296,-1.925,-4.255,1.270,-0.594
2025-12-04T18:20:23.934359,-1.925,-4.255,1.270,-0.594
2025-12-04T18:20:23.953558,-1.925,-4.255,1.270,-0.594
2025-12-04T18:20:23.969366,-1.925,-4.255,1.270,-0.594
2025-12-04T18:20:23.986406,-1.925,-4.255,1.270,-0.594
2025-12-04T18:20:24.001607,-1.925,-4.255,1.270,-0.594
2025-12-04T18:20:24.017156,-1.925,-4.255,1.270,-0.594
2025-12-04T18:20:24.031942,-1.925,-4.255,1.270,-0.594
2025-12-04T18:20:24.046087,-1.925,-4.255,1.270,-0.594
2025-12-04T18:20:24.062701,-1.925,-4.255,1.270,-0.594
2025-12-04T18:20:24.079844,-1.925,-4.255,1.270,-0.594
2025-12-04T18:20:24.094575,-1.925,-4.255,1.270,-0.594
2025-12-04T18:20:24.111036,-1.925,-4.255,1.270,-0.594
2025-12-04T18:20:24.128611,-1.925,-4.255,1.270,-0.594
2025-12-04T18:20:24.146345,-1.925,-4.255,1.270,-0.594
2025-12-04T18:20:24.163566,-1.925,-4.255,1.270,-0.594
2025-12-04T18:20:24.182319,-1.925,-4.255,1.270,-0.594
2025-12-04T18:20:24.199611,-1.925,-4.255,1.270,-0.594
2025-12-04T18:20:24.217256,-1.925,-4.255,1.270,-0.594
2025-12-04T18:20:24.234648,-1.925,-4.255,1.270,-0.594
2025-12-04T18:20:24.250883,-1.925,-4.255,1.270,-0.594
2025-12-04T18:20:24.267217,-1.925,-4.255,1.270,-0.594
2025-12-04T18:20:24.282768,-1.925,-4.255,1.270,-0.594
2025-12-04T18:20:24.298675,-1.925,-4.255,1.270,-0.594
2025-12-04T18:20:24.313692,-1.925,-4.255,1.270,-0.594
2025-12-04T18:20:24.328617,-1.925,-4.255,1.270,-0.594
2025-12-04T18:20:24.344515,-1.925,-4.255,1.270,-0.594
2025-12-04T18:20:24.362209,-1.925,-4.255,1.270,-0.594
2025-12-04T18:20:24.378408,-1.925,-4.255,1.270,-0.594
2025-12-04T18:20:24.397228,-1.925,-4.255,1.270,-0.594
2025-12-04T18:20:24.415917,-1.925,-4.255,1.270,-0.594
2025-12-04T18:20:24.434072,-1.925,-4.255,1.270,-0.594
2025-12-04T18:20:24.451768,-1.925,-4.255,1.270,-0.594
2025-12-04T18:20:24.474652,-1.925,-4.255,1.270,-0.594
2025-12-04T18:20:24.486471,-1.925,-4.255,1.270,-0.594
2025-12-04T18:20:24.502312,-1.925,-4.255,1.270,-0.594
2025-12-04T18:20:24.518352,-1.925,-4.255,1.270,-0.594
2025-12-04T18:20:24.532931,-1.925,-4.255,1.270,-0.594
2025-12-04T18:20:24.548650,-1.925,-4.255,1.270,-0.594
2025-12-04T18:20:24.563767,-1.925,-4.255,1.270,-0.594
2025-12-04T18:20:24.581642,-1.925,-4.255,1.270,-0.594
2025-12-04T18:20:24.595336,-1.925,-4.255,1.270,-0.594
2025-12-04T18:20:24.611480,-1.925,-4.255,1.270,-0.594
2025-12-04T18:20:24.628293,-1.925,-4.255,1.270,-0.594
2025-12-04T18:20:24.645954,-1.925,-4.255,1.270,-0.594
2025-12-04T18:20:24.662910,-1.925,-4.255,1.270,-0.594
2025-12-04T18:20:24.681535,-1.925,-4.255,1.270,-0.594
2025-12-04T18:20:24.699472,-1.925,-4.255,1.270,-0.594
2025-12-04T18:20:24.716419,-1.925,-4.255,1.270,-0.594
2025-12-04T18:20:24.732270,-1.925,-4.255,1.270,-0.594
2025-12-04T18:20:24.748745,-1.925,-4.255,1.270,-0.594
2025-12-04T18:20:24.765585,-1.925,-4.255,1.270,-0.594
2025-12-04T18:20:24.781204,-1.925,-4.255,1.270,-0.594
2025-12-04T18:20:24.796782,-1.925,-4.255,1.270,-0.594
2025-12-04T18:20:24.811467,-1.925,-4.255,1.270,-0.594
2025-12-04T18:20:24.828452,-1.925,-4.255,1.270,-0.594
2025-12-04T18:20:24.843876,-1.925,-4.255,1.270,-0.594
2025-12-04T18:20:24.861570,-1.925,-4.255,1.270,-0.594
2025-12-04T18:20:24.876077,-1.925,-4.255,1.270,-0.594
2025-12-04T18:20:24.893189,-1.925,-4.255,1.270,-0.594
2025-12-04T18:20:24.908928,-1.925,-4.255,1.270,-0.594
2025-12-04T18:20:24.927149,-1.925,-4.255,1.270,-0.594
2025-12-04T18:20:24.945264,-1.925,-4.255,1.270,-0.594
2025-12-04T18:20:24.962269,-1.925,-4.255,1.270,-0.594
2025-12-04T18:20:24.980181,-1.925,-4.255,1.270,-0.594
2025-12-04T18:20:24.996226,-1.925,-4.255,1.270,-0.594
2025-12-04T18:20:25.013543,-1.925,-4.255,1.270,-0.594
2025-12-04T18:20:25.029809,-1.925,-4.255,1.270,-0.594
2025-12-04T18:20:25.045471,-1.925,-4.255,1.270,-0.594
2025-12-04T18:20:25.059711,-1.925,-4.255,1.270,-0.594
2025-12-04T18:20:25.075364,-1.925,-4.255,1.270,-0.594
2025-12-04T18:20:25.091237,-1.925,-4.255,1.270,-0.594
2025-12-04T18:20:25.108854,-1.925,-4.255,1.270,-0.594
2025-12-04T18:20:25.125645,-1.925,-4.255,1.270,-0.594
2025-12-04T18:20:25.144222,-1.925,-4.255,1.270,-0.594
2025-12-04T18:20:25.160517,-1.925,-4.255,1.270,-0.594
2025-12-04T18:20:25.179751,-1.925,-4.255,1.270,-0.594
2025-12-04T18:20:25.199222,-1.925,-4.255,1.270,-0.594
2025-12-04T18:20:25.213944,-1.925,-4.255,1.270,-0.594
2025-12-04T18:20:25.232742,-1.925,-4.255,1.270,-0.594
2025-12-04T18:20:25.249446,-1.925,-4.255,1.270,-0.594
2025-12-04T18:20:25.267579,-1.925,-4.255,1.270,-0.594
2025-12-04T18:20:25.282769,-1.925,-4.255,1.270,-0.594
2025-12-04T18:20:25.301854,-1.925,-4.255,1.270,-0.594
2025-12-04T18:20:25.314630,-1.925,-4.255,1.270,-0.594
2025-12-04T18:20:25.329840,-1.925,-4.255,1.270,-0.594
2025-12-04T18:20:25.344733,-1.925,-4.255,1.270,-0.594
2025-12-04T18:20:25.361653,-1.925,-4.255,1.270,-0.594
2025-12-04T18:20:25.377164,-1.925,-4.255,1.270,-0.594
2025-12-04T18:20:25.390381,-1.925,-4.255,1.270,-0.594
2025-12-04T18:20:25.406244,-1.925,-4.255,1.270,-0.594
2025-12-04T18:20:25.426452,-1.925,-4.255,1.270,-0.594
2025-12-04T18:20:25.442499,-1.925,-4.255,1.270,-0.594
2025-12-04T18:20:25.459809,-1.925,-4.255,1.270,-0.594
2025-12-04T18:20:25.478478,-1.925,-4.255,1.270,-0.594
2025-12-04T18:20:25.495376,-1.925,-4.255,1.270,-0.594
2025-12-04T18:20:25.513002,-1.925,-4.255,1.270,-0.594
2025-12-04T18:20:25.530545,-1.925,-4.255,1.270,-0.594
2025-12-04T18:20:25.558325,-1.925,-4.255,1.270,-0.594
2025-12-04T18:20:25.586199,-1.925,-4.255,1.270,-0.594
2025-12-04T18:20:25.612513,-1.925,-4.255,1.270,-0.594
2025-12-04T18:20:25.628663,-1.925,-4.255,1.270,-0.594
2025-12-04T18:20:25.644950,-1.925,-4.255,1.270,-0.594
2025-12-04T18:20:25.660771,-1.925,-4.255,1.270,-0.594
2025-12-04T18:20:25.675928,-1.925,-4.255,1.270,-0.594
2025-12-04T18:20:25.691250,-1.925,-4.255,1.270,-0.594
2025-12-04T18:20:25.708324,-1.925,-4.255,1.270,-0.594
2025-12-04T18:20:25.721574,-1.925,-4.255,1.270,-0.594
2025-12-04T18:20:25.736539,-1.925,-4.255,1.270,-0.594
2025-12-04T18:20:25.747667,-1.925,-4.255,1.270,-0.594
2025-12-04T18:20:25.759477,-1.925,-4.255,1.270,-0.594
2025-12-04T18:20:25.772908,-1.925,-4.255,1.270,-0.594
2025-12-04T18:20:25.787041,-1.925,-4.255,1.270,-0.594
2025-12-04T18:20:25.802822,-1.925,-4.255,1.270,-0.594
2025-12-04T18:20:25.815529,-1.925,-4.255,1.270,-0.594
2025-12-04T18:20:25.833128,-1.925,-4.255,1.270,-0.594
2025-12-04T18:20:25.847302,-1.925,-4.255,1.270,-0.594
2025-12-04T18:20:25.864121,-1.925,-4.255,1.270,-0.594
2025-12-04T18:20:25.881302,-1.925,-4.255,1.270,-0.594
2025-12-04T18:20:25.898266,-1.925,-4.255,1.270,-0.594
2025-12-04T18:20:25.915383,-1.925,-4.255,1.270,-0.594
2025-12-04T18:20:25.932752,-1.925,-4.255,1.270,-0.594
2025-12-04T18:20:25.949420,-1.925,-4.255,1.270,-0.594
2025-12-04T18:20:25.967361,-1.925,-4.255,1.270,-0.594
2025-12-04T18:20:25.983277,-1.925,-4.255,1.270,-0.594
2025-12-04T18:20:26.000949,-1.925,-4.255,1.270,-0.594
