timestamp,x,y,z,orientation_z
2025-12-04T18:10:14.471543,0.000,0.000,1.270,0.000
2025-12-04T18:10:14.500589,0.000,0.000,1.270,0.000
2025-12-04T18:10:14.533371,0.000,0.000,1.270,0.000
2025-12-04T18:10:14.564085,0.000,0.000,1.270,0.000
2025-12-04T18:10:14.594612,0.000,0.000,1.270,0.000
2025-12-04T18:10:14.627628,0.000,0.000,1.270,0.000
2025-12-04T18:10:14.660908,0.000,0.000,1.270,0.000
2025-12-04T18:10:14.696606,0.000,0.000,1.270,0.000
2025-12-04T18:10:14.730146,0.000,0.000,1.270,0.000
2025-12-04T18:10:14.763962,0.000,0.000,1.270,0.000
2025-12-04T18:10:14.798058,0.000,0.000,1.270,0.000
2025-12-04T18:10:14.828891,0.000,0.000,1.270,0.000
2025-12-04T18:10:14.859748,0.000,0.000,1.270,0.000
2025-12-04T18:10:14.892872,0.000,0.000,1.270,0.000
2025-12-04T18:10:14.924254,0.000,0.000,1.270,0.000
2025-12-04T18:10:14.954473,0.000,0.000,1.270,0.000
2025-12-04T18:10:14.986493,0.000,0.000,1.270,0.000
2025-12-04T18:10:15.022846,0.000,0.000,1.270,0.000
2025-12-04T18:10:15.060536,0.000,0.000,1.270,0.000
2025-12-04T18:10:15.092023,0.000,0.000,1.270,0.000
2025-12-04T18:10:15.123174,0.000,0.000,1.270,0.000
2025-12-04T18:10:15.155855,0.000,0.000,1.270,0.000
2025-12-04T18:10:15.186052,0.000,0.000,1.270,0.000
2025-12-04T18:10:15.217485,0.000,0.000,1.270,0.000
2025-12-04T18:10:15.247956,0.000,0.000,1.270,0.000
2025-12-04T18:10:15.281310,0.000,0.000,1.270,0.000
2025-12-04T18:10:15.315491,0.000,0.000,1.270,0.000
2025-12-04T18:10:15.349401,0.000,0.000,1.270,0.000
2025-12-04T18:10:15.383773,0.000,0.000,1.270,0.000
2025-12-04T18:10:15.418789,0.000,0.000,1.270,0.000
2025-12-04T18:10:15.451247,0.000,0.000,1.270,0.000
2025-12-04T18:10:15.525326,0.000,0.000,1.270,0.000
2025-12-04T18:10:15.559851,0.000,0.000,1.270,0.000
2025-12-04T18:10:15.592409,0.000,0.000,1.270,0.000
2025-12-04T18:10:15.613107,0.000,0.000,1.270,0.000
2025-12-04T18:10:15.640675,0.000,0.000,1.270,0.000
2025-12-04T18:10:15.664931,0.000,0.000,1.270,0.000
2025-12-04T18:10:15.693180,0.000,0.000,1.270,0.000
2025-12-04T18:10:15.721568,0.000,0.000,1.270,0.000
2025-12-04T18:10:15.750026,0.000,0.000,1.270,0.000
2025-12-04T18:10:15.779706,0.000,0.000,1.270,0.000
2025-12-04T18:10:15.811476,0.000,0.000,1.270,0.000
2025-12-04T18:10:15.840613,0.000,0.000,1.270,0.000
2025-12-04T18:10:15.875149,0.000,0.000,1.270,0.000
2025-12-04T18:10:15.908194,0.000,0.000,1.270,0.000
2025-12-04T18:10:15.939733,0.000,0.000,1.270,0.000
2025-12-04T18:10:15.971276,0.000,0.000,1.270,0.000
2025-12-04T18:10:16.008175,0.000,0.000,1.270,0.000
2025-12-04T18:10:16.043314,0.000,0.000,1.270,0.000
2025-12-04T18:10:16.073930,0.000,0.000,1.270,0.000
2025-12-04T18:10:16.107780,0.000,0.000,1.270,0.000
2025-12-04T18:10:16.139699,0.000,0.000,1.270,0.000
2025-12-04T18:10:16.171306,0.000,0.000,1.270,0.000
2025-12-04T18:10:16.203812,0.000,0.000,1.270,0.000
2025-12-04T18:10:16.235697,0.000,0.000,1.270,0.000
2025-12-04T18:10:16.270583,0.000,0.000,1.270,0.000
2025-12-04T18:10:16.301168,0.000,0.000,1.270,0.000
2025-12-04T18:10:16.332293,0.000,0.000,1.270,0.000
2025-12-04T18:10:16.365517,0.000,0.000,1.270,0.000
2025-12-04T18:10:16.393609,0.000,0.000,1.270,0.000
2025-12-04T18:10:16.426874,0.000,0.000,1.270,0.000
2025-12-04T18:10:16.461802,0.000,0.000,1.270,0.000
2025-12-04T18:10:16.496186,0.000,0.000,1.270,0.000
2025-12-04T18:10:16.526359,0.000,0.000,1.270,0.000
2025-12-04T18:10:16.560882,0.000,0.000,1.270,0.000
2025-12-04T18:10:16.592921,0.000,0.000,1.270,0.000
2025-12-04T18:10:16.625125,0.000,0.000,1.270,0.000
2025-12-04T18:10:16.656605,0.000,0.000,1.270,0.000
2025-12-04T18:10:16.686948,0.000,0.000,1.270,0.000
2025-12-04T18:10:16.721739,0.000,0.000,1.270,0.000
2025-12-04T18:10:16.754739,0.000,0.000,1.270,0.000
2025-12-04T18:10:16.788036,0.000,0.000,1.270,0.000
2025-12-04T18:10:16.817508,0.000,0.000,1.270,0.000
2025-12-04T18:10:16.849250,0.000,0.000,1.270,0.000
2025-12-04T18:10:16.886858,0.000,0.000,1.270,0.000
2025-12-04T18:10:16.920432,0.000,0.000,1.270,0.000
2025-12-04T18:10:16.951735,0.000,0.000,1.270,0.000
2025-12-04T18:10:16.984882,0.000,0.000,1.270,0.000
2025-12-04T18:10:17.015516,0.000,0.000,1.270,0.000
2025-12-04T18:10:17.047509,0.000,0.000,1.270,0.000
2025-12-04T18:10:17.081995,0.000,0.000,1.270,0.000
2025-12-04T18:10:17.115275,0.000,0.000,1.270,0.000
2025-12-04T18:10:17.147629,0.000,0.000,1.270,0.000
2025-12-04T18:10:17.180912,0.000,0.000,1.270,0.000
2025-12-04T18:10:17.212471,0.000,0.000,1.270,0.000
2025-12-04T18:10:17.243951,0.000,0.000,1.270,0.000
2025-12-04T18:10:17.276798,0.000,0.000,1.270,0.000
2025-12-04T18:10:17.312154,0.000,0.000,1.270,0.000
2025-12-04T18:10:17.342810,0.000,0.000,1.270,0.000
2025-12-04T18:10:17.372845,0.000,0.000,1.270,0.000
2025-12-04T18:10:17.404714,0.000,0.000,1.270,0.000
2025-12-04T18:10:17.435432,0.000,0.000,1.270,0.000
2025-12-04T18:10:17.468439,0.000,0.000,1.270,0.000
2025-12-04T18:10:17.501351,0.000,0.000,1.270,0.000
2025-12-04T18:10:17.535435,0.000,0.000,1.270,0.000
2025-12-04T18:10:17.570504,0.000,0.000,1.270,0.000
2025-12-04T18:10:17.602269,0.000,0.000,1.270,0.000
2025-12-04T18:10:17.635036,0.000,0.000,1.270,0.000
2025-12-04T18:10:17.665568,0.000,0.000,1.270,0.000
2025-12-04T18:10:17.697296,0.000,0.000,1.270,0.000
2025-12-04T18:10:17.728978,0.000,0.000,1.270,0.000
2025-12-04T18:10:17.764317,0.000,0.000,1.270,0.000
2025-12-04T18:10:17.796353,0.000,0.000,1.270,0.000
2025-12-04T18:10:17.827646,0.000,0.000,1.270,0.000
2025-12-04T18:10:17.859542,0.000,0.000,1.270,0.000
2025-12-04T18:10:17.891335,0.000,0.000,1.270,0.000
2025-12-04T18:10:17.922830,0.000,0.000,1.270,0.000
2025-12-04T18:10:17.960497,0.000,0.000,1.270,0.000
2025-12-04T18:10:17.993246,0.000,0.000,1.270,0.000
2025-12-04T18:10:18.027913,0.000,0.000,1.270,0.000
2025-12-04T18:10:18.059060,0.000,0.000,1.270,0.000
2025-12-04T18:10:18.089588,0.000,0.000,1.270,0.000
2025-12-04T18:10:18.120678,0.000,0.000,1.270,0.000
2025-12-04T18:10:18.151525,0.000,0.000,1.270,0.000
2025-12-04T18:10:18.182199,0.000,0.000,1.270,0.000
2025-12-04T18:10:18.216930,0.000,0.000,1.270,0.000
2025-12-04T18:10:18.247704,0.000,0.000,1.270,0.000
2025-12-04T18:10:18.282120,0.000,0.000,1.270,0.000
2025-12-04T18:10:18.314656,0.000,0.000,1.270,0.000
2025-12-04T18:10:18.347460,0.000,0.000,1.270,0.000
2025-12-04T18:10:18.377076,0.000,0.000,1.270,0.000
2025-12-04T18:10:18.407360,0.000,0.000,1.270,0.000
2025-12-04T18:10:18.436595,0.000,0.000,1.270,0.000
2025-12-04T18:10:18.468842,0.000,0.000,1.270,0.000
2025-12-04T18:10:18.505467,0.000,0.000,1.270,0.000
2025-12-04T18:10:18.536828,0.000,0.000,1.270,0.000
2025-12-04T18:10:18.573283,0.000,0.000,1.270,0.000
2025-12-04T18:10:18.603717,0.000,0.000,1.270,0.000
2025-12-04T18:10:18.634991,0.000,0.000,1.270,0.000
2025-12-04T18:10:18.663668,0.000,0.000,1.270,0.000
2025-12-04T18:10:18.694884,0.000,0.000,1.270,0.000
2025-12-04T18:10:18.729703,0.000,0.000,1.270,0.000
2025-12-04T18:10:18.765799,0.000,0.000,1.270,0.000
2025-12-04T18:10:18.799583,0.000,0.000,1.270,0.000
2025-12-04T18:10:18.831382,0.000,0.000,1.270,0.000
2025-12-04T18:10:18.864677,0.000,0.000,1.270,0.000
2025-12-04T18:10:18.897339,0.000,0.000,1.270,0.000
2025-12-04T18:10:18.930247,0.000,0.000,1.270,0.000
2025-12-04T18:10:18.959902,0.000,0.000,1.270,0.000
2025-12-04T18:10:18.990936,0.000,0.000,1.270,0.000
2025-12-04T18:10:19.022967,0.000,0.000,1.270,0.000
2025-12-04T18:10:19.055974,0.000,0.000,1.270,0.000
2025-12-04T18:10:19.093043,0.000,0.000,1.270,0.000
2025-12-04T18:10:19.123516,0.000,0.000,1.270,0.000
2025-12-04T18:10:19.161183,0.000,0.000,1.270,0.000
2025-12-04T18:10:19.192039,0.000,0.000,1.270,0.000
2025-12-04T18:10:19.229544,0.000,0.000,1.270,0.000
2025-12-04T18:10:19.264197,0.000,0.000,1.270,0.000
2025-12-04T18:10:19.293501,0.000,0.000,1.270,0.000
2025-12-04T18:10:19.324748,0.000,0.000,1.270,0.000
2025-12-04T18:10:19.357044,0.000,0.000,1.270,0.000
2025-12-04T18:10:19.387673,0.000,0.000,1.270,0.000
2025-12-04T18:10:19.415480,0.000,0.000,1.270,0.000
2025-12-04T18:10:19.446054,0.000,0.000,1.270,0.000
2025-12-04T18:10:19.477724,0.000,0.000,1.270,0.000
2025-12-04T18:10:19.509416,0.000,0.000,1.270,0.000
2025-12-04T18:10:19.541368,0.000,0.000,1.270,0.000
2025-12-04T18:10:19.574854,0.000,0.000,1.270,0.000
2025-12-04T18:10:19.608607,0.000,0.000,1.270,0.000
2025-12-04T18:10:19.640666,0.000,0.000,1.270,0.000
2025-12-04T18:10:19.673666,0.000,0.000,1.270,0.000
2025-12-04T18:10:19.705466,0.000,0.000,1.270,0.000
2025-12-04T18:10:19.737126,0.000,0.000,1.270,0.000
2025-12-04T18:10:19.767110,0.000,0.000,1.270,0.000
2025-12-04T18:10:19.798802,0.000,0.000,1.270,0.000
2025-12-04T18:10:19.831686,0.000,0.000,1.270,0.000
2025-12-04T18:10:19.863748,0.000,0.000,1.270,0.000
2025-12-04T18:10:19.896935,0.000,0.000,1.270,0.000
2025-12-04T18:10:19.928637,0.000,0.000,1.270,0.000
2025-12-04T18:10:19.963823,0.000,0.000,1.270,0.000
2025-12-04T18:10:19.993616,0.000,0.000,1.270,0.000
2025-12-04T18:10:20.028493,0.000,0.000,1.270,0.000
2025-12-04T18:10:20.060345,0.000,0.000,1.270,0.000
2025-12-04T18:10:20.089796,0.000,0.000,1.270,0.000
2025-12-04T18:10:20.119720,0.000,0.000,1.270,0.000
2025-12-04T18:10:20.152066,0.000,0.000,1.270,0.000
2025-12-04T18:10:20.184023,0.000,0.000,1.270,0.000
2025-12-04T18:10:20.217269,0.000,0.000,1.270,0.000
2025-12-04T18:10:20.250802,0.000,0.000,1.270,0.000
2025-12-04T18:10:20.283243,0.000,0.000,1.270,0.000
2025-12-04T18:10:20.316087,0.000,0.000,1.270,0.000
2025-12-04T18:10:20.348842,0.000,0.000,1.270,0.000
2025-12-04T18:10:20.380802,0.000,0.000,1.270,0.000
2025-12-04T18:10:20.411862,0.000,0.000,1.270,0.000
2025-12-04T18:10:20.443678,0.000,0.000,1.270,0.000
2025-12-04T18:10:20.479893,0.000,0.000,1.270,0.000
2025-12-04T18:10:20.509178,0.000,0.000,1.270,0.000
2025-12-04T18:10:20.541526,0.000,0.000,1.270,0.000
2025-12-04T18:10:20.572530,0.000,0.000,1.270,0.000
2025-12-04T18:10:20.605116,0.000,0.000,1.270,0.000
2025-12-04T18:10:20.634793,0.000,0.000,1.270,0.000
2025-12-04T18:10:20.668952,0.000,0.000,1.270,0.000
2025-12-04T18:10:20.700696,0.000,0.000,1.270,0.000
2025-12-04T18:10:20.732758,0.000,0.000,1.270,0.000
2025-12-04T18:10:20.783530,0.000,0.000,1.270,0.000
2025-12-04T18:10:20.827276,0.000,0.000,1.270,0.000
2025-12-04T18:10:20.874882,0.000,0.000,1.270,0.000
2025-12-04T18:10:21.428738,0.000,0.000,1.270,0.000
2025-12-04T18:10:21.484147,0.000,0.000,1.270,0.000
2025-12-04T18:10:21.537973,0.000,0.000,1.270,0.000
2025-12-04T18:10:21.565642,0.000,0.000,1.270,0.000
2025-12-04T18:10:21.585682,0.000,0.000,1.270,0.000
2025-12-04T18:10:21.611276,0.000,0.000,1.270,0.000
2025-12-04T18:10:21.638951,0.000,0.000,1.270,0.000
2025-12-04T18:10:21.668659,0.000,0.000,1.270,0.000
2025-12-04T18:10:21.695837,0.000,0.000,1.270,0.000
2025-12-04T18:10:21.723643,0.000,0.000,1.270,0.000
2025-12-04T18:10:21.756163,0.000,0.000,1.270,0.000
2025-12-04T18:10:21.788994,0.000,0.000,1.270,0.000
2025-12-04T18:10:21.821309,0.000,0.000,1.270,0.000
2025-12-04T18:10:21.853029,0.000,0.000,1.270,0.000
2025-12-04T18:10:21.889125,0.000,0.000,1.270,0.000
2025-12-04T18:10:21.924374,0.000,0.000,1.270,0.000
2025-12-04T18:10:21.956252,0.000,0.000,1.270,0.000
2025-12-04T18:10:21.987812,0.000,0.000,1.270,0.000
2025-12-04T18:10:22.020360,0.000,0.000,1.270,0.000
2025-12-04T18:10:22.048327,0.000,0.000,1.270,0.000
2025-12-04T18:10:22.078597,0.000,0.000,1.270,0.000
2025-12-04T18:10:22.111906,0.000,0.000,1.270,0.000
2025-12-04T18:10:22.145317,0.000,0.000,1.270,0.000
2025-12-04T18:10:22.178358,0.000,0.000,1.270,0.000
2025-12-04T18:10:22.212757,0.000,0.000,1.270,0.000
2025-12-04T18:10:22.247880,0.000,0.000,1.270,0.000
2025-12-04T18:10:22.277244,0.000,0.000,1.270,0.000
2025-12-04T18:10:22.349554,0.000,0.000,1.270,0.000
2025-12-04T18:10:22.373464,0.000,0.000,1.270,0.000
2025-12-04T18:10:22.406876,0.000,0.000,1.270,0.000
2025-12-04T18:10:22.436009,0.000,0.000,1.270,0.000
2025-12-04T18:10:22.472905,0.000,0.000,1.270,0.000
2025-12-04T18:10:22.500866,0.000,0.000,1.270,0.000
2025-12-04T18:10:22.527700,0.000,0.000,1.270,0.000
2025-12-04T18:10:22.556124,0.000,0.000,1.270,0.000
2025-12-04T18:10:22.586669,0.000,0.000,1.270,0.000
2025-12-04T18:10:22.620810,0.000,0.000,1.270,0.000
2025-12-04T18:10:22.656171,0.000,0.000,1.270,0.000
2025-12-04T18:10:22.685492,0.000,0.000,1.270,0.000
2025-12-04T18:10:22.715120,0.000,0.000,1.270,0.000
2025-12-04T18:10:22.750593,0.000,0.000,1.270,0.000
2025-12-04T18:10:22.784868,0.000,0.000,1.270,0.000
2025-12-04T18:10:22.820378,0.000,0.000,1.270,0.000
2025-12-04T18:10:22.852728,0.000,0.000,1.270,0.000
2025-12-04T18:10:22.883503,0.000,0.000,1.270,0.000
2025-12-04T18:10:22.915952,0.000,0.000,1.270,0.000
2025-12-04T18:10:22.947074,0.000,0.000,1.270,0.000
2025-12-04T18:10:22.980579,0.000,0.000,1.270,0.000
2025-12-04T18:10:23.014090,0.000,0.000,1.270,0.000
2025-12-04T18:10:23.048281,0.000,0.000,1.270,0.000
2025-12-04T18:10:23.079619,0.000,0.000,1.270,0.000
2025-12-04T18:10:23.117826,0.000,0.000,1.270,0.000
2025-12-04T18:10:23.149032,0.000,0.000,1.270,0.000
2025-12-04T18:10:23.180672,0.000,0.000,1.270,0.000
2025-12-04T18:10:23.209542,0.000,0.000,1.270,0.000
2025-12-04T18:10:23.240001,0.000,0.000,1.270,0.000
2025-12-04T18:10:23.271738,0.000,0.000,1.270,0.000
2025-12-04T18:10:23.302564,0.000,0.000,1.270,0.000
2025-12-04T18:10:23.362895,0.000,0.000,1.270,0.000
2025-12-04T18:10:23.394180,0.000,0.000,1.270,0.000
2025-12-04T18:10:23.421874,0.000,0.000,1.270,0.000
2025-12-04T18:10:23.450604,0.000,0.000,1.270,0.000
2025-12-04T18:10:23.481422,0.000,0.000,1.270,0.000
2025-12-04T18:10:23.504962,0.000,0.000,1.270,0.000
2025-12-04T18:10:23.534450,0.000,0.000,1.270,0.000
2025-12-04T18:10:23.564712,0.000,0.000,1.270,0.000
2025-12-04T18:10:23.595735,0.000,0.000,1.270,0.000
2025-12-04T18:10:23.627775,0.000,0.000,1.270,0.000
2025-12-04T18:10:23.661511,0.000,0.000,1.270,0.000
2025-12-04T18:10:23.694143,0.000,0.000,1.270,0.000
2025-12-04T18:10:23.727694,0.000,0.000,1.270,0.000
2025-12-04T18:10:23.761138,0.000,0.000,1.270,0.000
2025-12-04T18:10:23.792928,0.000,0.000,1.270,0.000
2025-12-04T18:10:23.824310,0.000,0.000,1.270,0.000
2025-12-04T18:10:23.856993,0.000,0.000,1.270,0.000
2025-12-04T18:10:23.888951,0.000,0.000,1.270,0.000
2025-12-04T18:10:23.921257,0.000,0.000,1.270,0.000
2025-12-04T18:10:23.955584,0.000,0.000,1.270,0.000
2025-12-04T18:10:23.988889,0.000,0.000,1.270,0.000
2025-12-04T18:10:24.020269,0.000,0.000,1.270,0.000
2025-12-04T18:10:24.052351,0.000,0.000,1.270,0.000
2025-12-04T18:10:24.081937,0.000,0.000,1.270,0.000
2025-12-04T18:10:24.112924,0.000,0.000,1.270,0.000
2025-12-04T18:10:24.143002,0.000,0.000,1.270,0.000
2025-12-04T18:10:24.176620,0.000,0.000,1.270,0.000
2025-12-04T18:10:24.211556,0.000,0.000,1.270,0.000
2025-12-04T18:10:24.245176,0.000,0.000,1.270,0.000
2025-12-04T18:10:24.276194,0.000,0.000,1.270,0.000
2025-12-04T18:10:24.311025,0.000,0.000,1.270,0.000
2025-12-04T18:10:24.358715,0.000,0.000,1.270,0.000
2025-12-04T18:10:24.383069,0.000,0.000,1.270,0.000
2025-12-04T18:10:24.413975,0.000,0.000,1.270,0.000
2025-12-04T18:10:24.443682,0.000,0.000,1.270,0.000
2025-12-04T18:10:24.475012,0.000,0.000,1.270,0.000
2025-12-04T18:10:24.504723,0.000,0.000,1.270,0.000
2025-12-04T18:10:24.534508,0.000,0.000,1.270,0.000
2025-12-04T18:10:24.568845,0.000,0.000,1.270,0.000
2025-12-04T18:10:24.600911,0.000,0.000,1.270,0.000
2025-12-04T18:10:24.632998,0.000,0.000,1.270,0.000
2025-12-04T18:10:24.668022,0.000,0.000,1.270,0.000
2025-12-04T18:10:24.702618,0.000,0.000,1.270,0.000
2025-12-04T18:10:24.735840,0.000,0.000,1.270,0.000
2025-12-04T18:10:24.767462,0.000,0.000,1.270,0.000
2025-12-04T18:10:24.799277,0.000,0.000,1.270,0.000
2025-12-04T18:10:24.826827,0.000,0.000,1.270,0.000
2025-12-04T18:10:24.860491,0.000,0.000,1.270,0.000
2025-12-04T18:10:24.901390,0.000,0.000,1.270,0.000
2025-12-04T18:10:24.935288,0.000,0.000,1.270,0.000
2025-12-04T18:10:24.969571,0.000,0.000,1.270,0.000
2025-12-04T18:10:25.001439,0.000,0.000,1.270,0.000
2025-12-04T18:10:25.031574,0.000,0.000,1.270,0.000
2025-12-04T18:10:25.061686,0.000,0.000,1.270,0.000
2025-12-04T18:10:25.095627,0.000,0.000,1.270,0.000
2025-12-04T18:10:25.126970,0.000,0.000,1.270,0.000
2025-12-04T18:10:25.159289,0.000,0.000,1.270,0.000
2025-12-04T18:10:25.191897,0.000,0.000,1.270,0.000
2025-12-04T18:10:25.229868,0.000,0.000,1.270,0.000
2025-12-04T18:10:25.264093,0.000,0.000,1.270,0.000
2025-12-04T18:10:25.294893,0.000,0.000,1.270,0.000
2025-12-04T18:10:25.327152,0.000,0.000,1.270,0.000
2025-12-04T18:10:25.359142,0.000,0.000,1.270,0.000
2025-12-04T18:10:25.388893,0.000,0.000,1.270,0.000
2025-12-04T18:10:25.419289,0.000,0.000,1.270,0.000
2025-12-04T18:10:25.449436,0.000,0.000,1.270,0.000
2025-12-04T18:10:25.481184,0.000,0.000,1.270,0.000
2025-12-04T18:10:25.517257,0.000,0.000,1.270,0.000
2025-12-04T18:10:25.548035,0.000,0.000,1.270,0.000
2025-12-04T18:10:25.580301,0.000,0.000,1.270,0.000
2025-12-04T18:10:25.612649,0.000,0.000,1.270,0.000
2025-12-04T18:10:25.643279,0.000,0.000,1.270,0.000
2025-12-04T18:10:25.675770,0.000,0.000,1.270,0.000
2025-12-04T18:10:25.711649,0.000,0.000,1.270,0.000
2025-12-04T18:10:25.742968,0.000,0.000,1.270,0.000
2025-12-04T18:10:25.776659,0.000,0.000,1.270,0.000
2025-12-04T18:10:25.812082,0.000,0.000,1.270,0.000
2025-12-04T18:10:25.844111,0.000,0.000,1.270,0.000
2025-12-04T18:10:25.873229,0.000,0.000,1.270,0.000
2025-12-04T18:10:25.903869,0.000,0.000,1.270,0.000
2025-12-04T18:10:25.932535,0.000,0.000,1.270,0.000
2025-12-04T18:10:25.964702,0.000,0.000,1.270,0.000
2025-12-04T18:10:25.996141,0.000,0.000,1.270,0.000
2025-12-04T18:10:26.028325,0.000,0.000,1.270,0.000
2025-12-04T18:10:26.061531,0.000,0.000,1.270,0.000
2025-12-04T18:10:26.096416,0.000,0.000,1.270,0.000
2025-12-04T18:10:26.131812,0.000,0.000,1.270,0.000
2025-12-04T18:10:26.167682,0.000,0.000,1.270,0.000
2025-12-04T18:10:26.199885,0.000,0.000,1.270,0.000
2025-12-04T18:10:26.231736,0.000,0.000,1.270,0.000
2025-12-04T18:10:26.264028,0.000,0.000,1.270,0.000
2025-12-04T18:10:26.292400,0.000,0.000,1.270,0.000
2025-12-04T18:10:26.327174,0.000,0.000,1.270,0.000
2025-12-04T18:10:26.359720,0.000,0.000,1.270,0.000
2025-12-04T18:10:26.393473,0.000,0.000,1.270,0.000
2025-12-04T18:10:26.439815,0.000,0.000,1.270,0.000
2025-12-04T18:10:26.473251,0.000,0.000,1.270,0.000
2025-12-04T18:10:26.501427,0.000,0.000,1.270,0.000
2025-12-04T18:10:26.533906,0.000,0.000,1.270,0.000
2025-12-04T18:10:26.564349,0.000,0.000,1.270,0.000
2025-12-04T18:10:26.596203,0.000,0.000,1.270,0.000
2025-12-04T18:10:26.629347,0.000,0.000,1.270,0.000
2025-12-04T18:10:26.666532,0.000,0.000,1.270,0.000
2025-12-04T18:10:26.702047,0.000,0.000,1.270,0.000
2025-12-04T18:10:26.733858,0.000,0.000,1.270,0.000
2025-12-04T18:10:26.763958,0.000,0.000,1.270,0.000
2025-12-04T18:10:26.793253,0.000,0.000,1.270,0.000
2025-12-04T18:10:26.824094,0.000,0.000,1.270,0.000
2025-12-04T18:10:26.855159,0.000,0.000,1.270,0.000
2025-12-04T18:10:26.887003,0.000,0.000,1.270,0.000
2025-12-04T18:10:26.918483,0.000,0.000,1.270,0.000
2025-12-04T18:10:26.952356,0.000,0.000,1.270,0.000
2025-12-04T18:10:26.984654,0.000,0.000,1.270,0.000
2025-12-04T18:10:27.016937,0.000,0.000,1.270,0.000
2025-12-04T18:10:27.047769,0.000,0.000,1.270,0.000
2025-12-04T18:10:27.077941,0.000,0.000,1.270,0.000
2025-12-04T18:10:27.108787,0.000,0.000,1.270,0.000
2025-12-04T18:10:27.141338,0.000,0.000,1.270,0.000
2025-12-04T18:10:27.174713,0.000,0.000,1.270,0.000
2025-12-04T18:10:27.213086,0.000,0.000,1.270,0.000
2025-12-04T18:10:27.243425,0.000,0.000,1.270,0.000
2025-12-04T18:10:27.275165,0.000,0.000,1.270,0.000
2025-12-04T18:10:27.307014,0.000,0.000,1.270,0.000
2025-12-04T18:10:27.337837,0.000,0.000,1.270,0.000
2025-12-04T18:10:27.371179,0.000,0.000,1.270,0.000
2025-12-04T18:10:27.403884,0.000,0.000,1.270,0.000
2025-12-04T18:10:27.435832,0.000,0.000,1.270,0.000
2025-12-04T18:10:27.471125,0.000,0.000,1.270,0.000
2025-12-04T18:10:27.503911,0.000,0.000,1.270,0.000
2025-12-04T18:10:27.534624,0.000,0.000,1.270,0.000
2025-12-04T18:10:27.567240,0.000,0.000,1.270,0.000
2025-12-04T18:10:27.598662,0.000,0.000,1.270,0.000
2025-12-04T18:10:27.630854,0.000,0.000,1.270,0.000
2025-12-04T18:10:27.663763,0.000,0.000,1.270,0.000
2025-12-04T18:10:27.695096,0.000,0.000,1.270,0.000
2025-12-04T18:10:27.729818,0.000,0.000,1.270,0.000
2025-12-04T18:10:27.766879,0.000,0.000,1.270,0.000
2025-12-04T18:10:27.801630,0.000,0.000,1.270,0.000
2025-12-04T18:10:27.832414,0.000,0.000,1.270,0.000
2025-12-04T18:10:27.868902,0.000,0.000,1.270,0.000
2025-12-04T18:10:27.898531,0.000,0.000,1.270,0.000
2025-12-04T18:10:27.929491,0.000,0.000,1.270,0.000
2025-12-04T18:10:27.963433,0.000,0.000,1.270,0.000
2025-12-04T18:10:27.994892,0.000,0.000,1.270,0.000
2025-12-04T18:10:28.025116,0.000,0.000,1.270,0.000
2025-12-04T18:10:28.056746,0.000,0.000,1.270,0.000
2025-12-04T18:10:28.091015,0.000,0.000,1.270,0.000
2025-12-04T18:10:28.124921,0.000,0.000,1.270,0.000
2025-12-04T18:10:28.156920,0.000,0.000,1.270,0.000
2025-12-04T18:10:28.188015,0.000,0.000,1.270,0.000
2025-12-04T18:10:28.220467,0.000,0.000,1.270,0.000
2025-12-04T18:10:28.254190,0.000,0.000,1.270,0.000
2025-12-04T18:10:28.288471,0.000,0.000,1.270,0.000
2025-12-04T18:10:28.320837,0.000,0.000,1.270,0.000
2025-12-04T18:10:28.356200,0.000,0.000,1.270,0.000
2025-12-04T18:10:28.388570,0.000,0.000,1.270,0.000
2025-12-04T18:10:28.420003,0.000,0.000,1.270,0.000
2025-12-04T18:10:28.449743,0.000,0.000,1.270,0.000
2025-12-04T18:10:28.481027,0.000,0.000,1.270,0.000
2025-12-04T18:10:28.508142,0.000,0.000,1.270,0.000
2025-12-04T18:10:28.541014,0.000,0.000,1.270,0.000
2025-12-04T18:10:28.572953,0.000,0.000,1.270,0.000
2025-12-04T18:10:28.609133,0.000,0.000,1.270,0.000
2025-12-04T18:10:28.641980,0.000,0.000,1.270,0.000
2025-12-04T18:10:28.674999,0.000,0.000,1.270,0.000
2025-12-04T18:10:28.707709,0.000,0.000,1.270,0.000
2025-12-04T18:10:28.738112,0.000,0.000,1.270,0.000
2025-12-04T18:10:28.770933,0.000,0.000,1.270,0.000
2025-12-04T18:10:28.803929,0.000,0.000,1.270,0.000
2025-12-04T18:10:28.834904,0.000,0.000,1.270,0.000
2025-12-04T18:10:28.866683,0.000,0.000,1.270,0.000
2025-12-04T18:10:28.904077,0.000,0.000,1.270,0.000
2025-12-04T18:10:28.937886,0.000,0.000,1.270,0.000
2025-12-04T18:10:28.971188,0.000,0.000,1.270,0.000
2025-12-04T18:10:29.004181,0.000,0.000,1.270,0.000
2025-12-04T18:10:29.036064,0.000,0.000,1.270,0.000
2025-12-04T18:10:29.067831,0.000,0.000,1.270,0.000
2025-12-04T18:10:29.095267,0.000,0.000,1.270,0.000
2025-12-04T18:10:29.126936,0.000,0.000,1.270,0.000
2025-12-04T18:10:29.161176,0.000,0.000,1.270,0.000
2025-12-04T18:10:29.192748,0.000,0.000,1.270,0.000
2025-12-04T18:10:29.227332,0.000,0.000,1.270,0.000
2025-12-04T18:10:29.260942,0.000,0.000,1.270,0.000
2025-12-04T18:10:29.295195,0.000,0.000,1.270,0.000
2025-12-04T18:10:29.327948,0.000,0.000,1.270,0.000
2025-12-04T18:10:29.359250,0.000,0.000,1.270,0.000
2025-12-04T18:10:29.389828,0.000,0.000,1.270,0.000
2025-12-04T18:10:29.423868,0.000,0.000,1.270,0.000
2025-12-04T18:10:29.455993,0.000,0.000,1.270,0.000
2025-12-04T18:10:29.489096,0.000,0.000,1.270,0.000
2025-12-04T18:10:29.522865,0.000,0.000,1.270,0.000
2025-12-04T18:10:29.555490,0.000,0.000,1.270,0.000
2025-12-04T18:10:29.588379,0.000,0.000,1.270,0.000
2025-12-04T18:10:29.619253,0.000,0.000,1.270,0.000
2025-12-04T18:10:29.649642,0.000,0.000,1.270,0.000
2025-12-04T18:10:29.681640,0.000,0.000,1.270,0.000
2025-12-04T18:10:29.714909,0.000,0.000,1.270,0.000
2025-12-04T18:10:29.746906,0.000,0.000,1.270,0.000
2025-12-04T18:10:29.781096,0.000,0.000,1.270,0.000
2025-12-04T18:10:29.816629,0.000,0.000,1.270,0.000
2025-12-04T18:10:29.847028,0.000,0.000,1.270,0.000
2025-12-04T18:10:29.879779,0.000,0.000,1.270,0.000
2025-12-04T18:10:29.911453,0.000,0.000,1.270,0.000
2025-12-04T18:10:29.940505,0.000,0.000,1.270,0.000
2025-12-04T18:10:29.971589,0.000,0.000,1.270,0.000
2025-12-04T18:10:30.002971,0.000,0.000,1.270,0.000
2025-12-04T18:10:30.036049,0.000,0.000,1.270,0.000
2025-12-04T18:10:30.072602,0.000,0.000,1.270,0.000
2025-12-04T18:10:30.104193,0.000,0.000,1.270,0.000
2025-12-04T18:10:30.134294,0.000,0.000,1.270,0.000
2025-12-04T18:10:30.164077,0.000,0.000,1.270,0.000
2025-12-04T18:10:30.194459,0.000,0.000,1.270,0.000
2025-12-04T18:10:30.227290,0.000,0.000,1.270,0.000
2025-12-04T18:10:30.260669,0.000,0.000,1.270,0.000
2025-12-04T18:10:30.292904,0.000,0.000,1.270,0.000
2025-12-04T18:10:30.324747,0.000,0.000,1.270,0.000
2025-12-04T18:10:30.358286,0.000,0.000,1.270,0.000
2025-12-04T18:10:30.391674,0.000,0.000,1.270,0.000
2025-12-04T18:10:30.427925,0.000,0.000,1.270,0.000
2025-12-04T18:10:30.459366,0.000,0.000,1.270,0.000
2025-12-04T18:10:30.490505,0.000,0.000,1.270,0.000
2025-12-04T18:10:30.519938,0.000,0.000,1.270,0.000
2025-12-04T18:10:30.552502,0.000,0.000,1.270,0.000
2025-12-04T18:10:30.584918,0.000,0.000,1.270,0.000
2025-12-04T18:10:30.617125,0.000,0.000,1.270,0.000
2025-12-04T18:10:30.650132,0.000,0.000,1.270,0.000
2025-12-04T18:10:30.684692,0.000,0.000,1.270,0.000
2025-12-04T18:10:30.719557,0.000,0.000,1.270,0.000
2025-12-04T18:10:30.756549,0.000,0.000,1.270,0.000
2025-12-04T18:10:30.784257,0.000,0.000,1.270,0.000
2025-12-04T18:10:30.818995,0.000,0.000,1.270,0.000
2025-12-04T18:10:30.849455,0.000,0.000,1.270,0.000
2025-12-04T18:10:30.883489,0.000,0.000,1.270,0.000
2025-12-04T18:10:30.916660,0.000,0.000,1.270,0.000
2025-12-04T18:10:30.948060,0.000,0.000,1.270,0.000
2025-12-04T18:10:30.981775,0.000,0.000,1.270,0.000
2025-12-04T18:10:31.015303,0.000,0.000,1.270,0.000
2025-12-04T18:10:31.048494,0.000,0.000,1.270,0.000
2025-12-04T18:10:31.080557,0.000,0.000,1.270,0.000
2025-12-04T18:10:31.111268,0.000,0.000,1.270,0.000
2025-12-04T18:10:31.141894,0.000,0.000,1.270,0.000
2025-12-04T18:10:31.168615,0.000,0.000,1.270,0.000
2025-12-04T18:10:31.200664,0.000,0.000,1.270,0.000
2025-12-04T18:10:31.232474,0.000,0.000,1.270,0.000
2025-12-04T18:10:31.269223,0.000,0.000,1.270,0.000
2025-12-04T18:10:31.300964,0.000,0.000,1.270,0.000
2025-12-04T18:10:31.334487,0.000,0.000,1.270,0.000
2025-12-04T18:10:31.369045,0.000,0.000,1.270,0.000
2025-12-04T18:10:31.400420,0.000,0.000,1.270,0.000
2025-12-04T18:10:31.431967,0.000,0.000,1.270,0.000
2025-12-04T18:10:31.464475,0.000,0.000,1.270,0.000
2025-12-04T18:10:31.492755,0.000,0.000,1.270,0.000
2025-12-04T18:10:31.527066,0.000,0.000,1.270,0.000
2025-12-04T18:10:31.559653,0.000,0.000,1.270,0.000
2025-12-04T18:10:31.592655,0.000,0.000,1.270,0.000
2025-12-04T18:10:31.627752,0.000,0.000,1.270,0.000
2025-12-04T18:10:31.660060,0.000,0.000,1.270,0.000
2025-12-04T18:10:31.691386,0.000,0.000,1.270,0.000
2025-12-04T18:10:31.723016,0.000,0.000,1.270,0.000
2025-12-04T18:10:31.755065,0.000,0.000,1.270,0.000
2025-12-04T18:10:31.786793,0.000,0.000,1.270,0.000
2025-12-04T18:10:31.819334,0.000,0.000,1.270,0.000
2025-12-04T18:10:31.851172,0.000,0.000,1.270,0.000
2025-12-04T18:10:31.885239,0.000,0.000,1.270,0.000
2025-12-04T18:10:31.918611,0.000,0.000,1.270,0.000
2025-12-04T18:10:31.950967,0.000,0.000,1.270,0.000
2025-12-04T18:10:31.983242,0.000,0.000,1.270,0.000
2025-12-04T18:10:32.015682,0.000,0.000,1.270,0.000
2025-12-04T18:10:32.048237,0.000,0.000,1.270,0.000
2025-12-04T18:10:32.081156,0.000,0.000,1.270,0.000
2025-12-04T18:10:32.114510,0.000,0.000,1.270,0.000
2025-12-04T18:10:32.147693,0.000,0.000,1.270,0.000
2025-12-04T18:10:32.179635,0.000,0.000,1.270,0.000
2025-12-04T18:10:32.211653,0.000,0.000,1.270,0.000
2025-12-04T18:10:32.243432,0.000,0.000,1.270,0.000
2025-12-04T18:10:32.274008,0.000,0.000,1.270,0.000
2025-12-04T18:10:32.308988,0.000,0.000,1.270,0.000
2025-12-04T18:10:32.337877,0.000,0.000,1.270,0.000
2025-12-04T18:10:32.372728,0.000,0.000,1.270,0.000
2025-12-04T18:10:32.403595,0.000,0.000,1.270,0.000
2025-12-04T18:10:32.438260,0.000,0.000,1.270,0.000
2025-12-04T18:10:32.474143,0.000,0.000,1.270,0.000
2025-12-04T18:10:32.503789,0.000,0.000,1.270,0.000
2025-12-04T18:10:32.532995,0.000,0.000,1.270,0.000
2025-12-04T18:10:32.564871,0.000,0.000,1.270,0.000
2025-12-04T18:10:32.594990,0.000,0.000,1.270,0.000
2025-12-04T18:10:32.628318,0.000,0.000,1.270,0.000
2025-12-04T18:10:32.662265,0.000,0.000,1.270,0.000
2025-12-04T18:10:32.693941,0.000,0.000,1.270,0.000
2025-12-04T18:10:32.726845,0.000,0.000,1.270,0.000
2025-12-04T18:10:32.758974,0.000,0.000,1.270,0.000
2025-12-04T18:10:32.793555,0.000,0.000,1.270,0.000
2025-12-04T18:10:32.827141,0.000,0.000,1.270,0.000
2025-12-04T18:10:32.863836,0.000,0.000,1.270,0.000
2025-12-04T18:10:32.898806,0.000,0.000,1.270,0.000
2025-12-04T18:10:32.927094,0.000,0.000,1.270,0.000
2025-12-04T18:10:32.958814,0.000,0.000,1.270,0.000
2025-12-04T18:10:32.988606,0.000,0.000,1.270,0.000
2025-12-04T18:10:33.019428,0.000,0.000,1.270,0.000
2025-12-04T18:10:33.050579,0.000,0.000,1.270,0.000
2025-12-04T18:10:33.081870,0.000,0.000,1.270,0.000
2025-12-04T18:10:33.114233,0.000,0.000,1.270,0.000
2025-12-04T18:10:33.148996,0.000,0.000,1.270,0.000
2025-12-04T18:10:33.185656,0.000,0.000,1.270,0.000
2025-12-04T18:10:33.219940,0.000,0.000,1.270,0.000
2025-12-04T18:10:33.256551,0.000,0.000,1.270,0.000
2025-12-04T18:10:33.287950,0.000,0.000,1.270,0.000
2025-12-04T18:10:33.318793,0.000,0.000,1.270,0.000
2025-12-04T18:10:33.350850,0.000,0.000,1.270,0.000
2025-12-04T18:10:33.378622,0.000,0.000,1.270,0.000
2025-12-04T18:10:33.413019,0.000,0.000,1.270,0.000
2025-12-04T18:10:33.444627,0.000,0.000,1.270,0.000
2025-12-04T18:10:33.479527,0.000,0.000,1.270,-0.029
2025-12-04T18:10:33.515297,0.000,0.000,1.270,-0.058
2025-12-04T18:10:33.546496,0.000,0.000,1.270,-0.086
2025-12-04T18:10:33.579273,0.000,0.000,1.270,-0.115
2025-12-04T18:10:33.610771,0.000,0.000,1.270,-0.144
2025-12-04T18:10:33.640624,0.000,0.000,1.270,-0.172
2025-12-04T18:10:33.669998,0.000,0.000,1.270,-0.200
2025-12-04T18:10:33.702102,0.000,0.000,1.270,-0.228
2025-12-04T18:10:33.736164,0.000,0.000,1.270,-0.256
2025-12-04T18:10:33.770833,0.000,0.000,1.270,-0.284
2025-12-04T18:10:33.802806,0.000,0.000,1.270,-0.312
2025-12-04T18:10:33.834427,0.000,0.000,1.270,-0.339
2025-12-04T18:10:33.868378,0.000,0.000,1.270,-0.366
2025-12-04T18:10:33.900076,0.000,0.000,1.270,-0.392
2025-12-04T18:10:33.930519,0.000,0.000,1.270,-0.419
2025-12-04T18:10:33.962382,0.000,0.000,1.270,-0.445
2025-12-04T18:10:33.994462,0.000,0.000,1.270,-0.470
2025-12-04T18:10:34.024336,0.000,0.000,1.270,-0.495
2025-12-04T18:10:34.058296,0.000,0.000,1.270,-0.520
2025-12-04T18:10:34.095390,0.000,0.000,1.270,-0.545
2025-12-04T18:10:34.128754,0.000,0.000,1.270,-0.569
2025-12-04T18:10:34.164134,0.000,0.000,1.270,-0.592
2025-12-04T18:10:34.196794,0.000,0.000,1.270,-0.615
2025-12-04T18:10:34.231795,0.000,0.000,1.270,-0.637
2025-12-04T18:10:34.261980,0.000,0.000,1.270,-0.659
2025-12-04T18:10:34.290812,0.000,0.000,1.270,-0.681
2025-12-04T18:10:34.320984,0.000,0.000,1.270,-0.702
2025-12-04T18:10:34.351592,0.000,0.000,1.270,-0.722
2025-12-04T18:10:34.386019,0.000,0.000,1.270,-0.741
2025-12-04T18:10:34.424192,0.000,0.000,1.270,-0.760
2025-12-04T18:10:34.453617,0.000,0.000,1.270,-0.779
2025-12-04T18:10:34.484654,-0.004,-0.018,1.270,-0.779
2025-12-04T18:10:34.519254,-0.008,-0.035,1.270,-0.779
2025-12-04T18:10:34.551486,-0.012,-0.053,1.270,-0.779
2025-12-04T18:10:34.580350,-0.015,-0.071,1.270,-0.779
2025-12-04T18:10:34.614404,-0.019,-0.089,1.270,-0.779
2025-12-04T18:10:34.646714,-0.023,-0.107,1.270,-0.779
2025-12-04T18:10:34.678776,-0.027,-0.126,1.270,-0.779
2025-12-04T18:10:34.716385,-0.031,-0.144,1.270,-0.779
2025-12-04T18:10:34.749439,-0.035,-0.163,1.270,-0.779
2025-12-04T18:10:34.781479,-0.040,-0.181,1.270,-0.779
2025-12-04T18:10:34.813765,-0.044,-0.200,1.270,-0.779
2025-12-04T18:10:34.842960,-0.048,-0.219,1.270,-0.779
2025-12-04T18:10:34.877457,-0.052,-0.238,1.270,-0.779
2025-12-04T18:10:34.909927,-0.056,-0.257,1.270,-0.779
2025-12-04T18:10:34.940488,-0.060,-0.276,1.270,-0.779
2025-12-04T18:10:34.974545,-0.064,-0.295,1.270,-0.779
2025-12-04T18:10:35.010018,-0.068,-0.314,1.270,-0.779
2025-12-04T18:10:35.038635,-0.073,-0.333,1.270,-0.779
2025-12-04T18:10:35.072667,-0.077,-0.352,1.270,-0.779
2025-12-04T18:10:35.105433,-0.081,-0.372,1.270,-0.779
2025-12-04T18:10:35.138041,-0.085,-0.391,1.270,-0.779
2025-12-04T18:10:35.169766,-0.090,-0.411,1.270,-0.779
2025-12-04T18:10:35.201616,-0.094,-0.430,1.270,-0.779
2025-12-04T18:10:35.233281,-0.098,-0.449,1.270,-0.779
2025-12-04T18:10:35.269047,-0.102,-0.469,1.270,-0.779
2025-12-04T18:10:35.301982,-0.107,-0.489,1.270,-0.779
2025-12-04T18:10:35.330624,-0.111,-0.508,1.270,-0.779
2025-12-04T18:10:35.364449,-0.115,-0.528,1.270,-0.779
2025-12-04T18:10:35.396041,-0.119,-0.547,1.270,-0.779
2025-12-04T18:10:35.429078,-0.124,-0.567,1.270,-0.779
2025-12-04T18:10:35.460956,-0.128,-0.587,1.270,-0.779
2025-12-04T18:10:35.493106,-0.132,-0.606,1.270,-0.779
2025-12-04T18:10:35.525959,-0.137,-0.626,1.270,-0.779
2025-12-04T18:10:35.557786,-0.141,-0.646,1.270,-0.779
2025-12-04T18:10:35.594033,-0.145,-0.666,1.270,-0.779
2025-12-04T18:10:35.626908,-0.150,-0.685,1.270,-0.779
2025-12-04T18:10:35.656664,-0.154,-0.705,1.270,-0.779
2025-12-04T18:10:35.688622,-0.158,-0.725,1.270,-0.779
2025-12-04T18:10:35.718537,-0.163,-0.745,1.270,-0.779
2025-12-04T18:10:35.752396,-0.167,-0.765,1.270,-0.779
2025-12-04T18:10:35.787944,-0.171,-0.785,1.270,-0.779
2025-12-04T18:10:35.820760,-0.176,-0.804,1.270,-0.779
2025-12-04T18:10:35.853471,-0.180,-0.824,1.270,-0.779
2025-12-04T18:10:35.885636,-0.184,-0.844,1.270,-0.779
2025-12-04T18:10:35.918115,-0.189,-0.864,1.270,-0.779
2025-12-04T18:10:35.946846,-0.193,-0.884,1.270,-0.779
2025-12-04T18:10:35.976772,-0.197,-0.904,1.270,-0.779
2025-12-04T18:10:36.012505,-0.202,-0.924,1.270,-0.779
2025-12-04T18:10:36.045730,-0.206,-0.944,1.270,-0.779
2025-12-04T18:10:36.079345,-0.210,-0.964,1.270,-0.779
2025-12-04T18:10:36.113620,-0.215,-0.984,1.270,-0.779
2025-12-04T18:10:36.145039,-0.219,-1.004,1.270,-0.779
2025-12-04T18:10:36.176919,-0.223,-1.024,1.270,-0.779
2025-12-04T18:10:36.208113,-0.228,-1.044,1.270,-0.779
2025-12-04T18:10:36.240405,-0.232,-1.064,1.270,-0.779
2025-12-04T18:10:36.273438,-0.236,-1.084,1.270,-0.779
2025-12-04T18:10:36.302797,-0.241,-1.103,1.270,-0.779
2025-12-04T18:10:36.336053,-0.245,-1.123,1.270,-0.779
2025-12-04T18:10:36.373261,-0.249,-1.143,1.270,-0.779
2025-12-04T18:10:36.409456,-0.254,-1.163,1.270,-0.779
2025-12-04T18:10:36.446333,-0.258,-1.183,1.270,-0.779
2025-12-04T18:10:36.470660,-0.263,-1.203,1.270,-0.779
2025-12-04T18:10:36.502187,-0.267,-1.223,1.270,-0.779
2025-12-04T18:10:36.534152,-0.271,-1.243,1.270,-0.779
2025-12-04T18:10:36.564575,-0.276,-1.263,1.270,-0.779
2025-12-04T18:10:36.597069,-0.280,-1.283,1.270,-0.779
2025-12-04T18:10:36.629671,-0.284,-1.303,1.270,-0.779
2025-12-04T18:10:36.661656,-0.289,-1.323,1.270,-0.779
2025-12-04T18:10:36.696576,-0.293,-1.343,1.270,-0.779
2025-12-04T18:10:36.729836,-0.297,-1.363,1.270,-0.779
2025-12-04T18:10:36.762526,-0.302,-1.383,1.270,-0.779
2025-12-04T18:10:36.796718,-0.306,-1.403,1.270,-0.779
2025-12-04T18:10:36.831556,-0.311,-1.423,1.270,-0.779
2025-12-04T18:10:36.864750,-0.315,-1.443,1.270,-0.779
2025-12-04T18:10:36.895032,-0.319,-1.464,1.270,-0.779
2025-12-04T18:10:36.925759,-0.324,-1.484,1.270,-0.779
2025-12-04T18:10:36.955622,-0.328,-1.504,1.270,-0.779
2025-12-04T18:10:36.987808,-0.332,-1.524,1.270,-0.779
2025-12-04T18:10:37.020895,-0.337,-1.544,1.270,-0.779
2025-12-04T18:10:37.057827,-0.341,-1.564,1.270,-0.779
2025-12-04T18:10:37.089530,-0.346,-1.584,1.270,-0.779
2025-12-04T18:10:37.121349,-0.350,-1.604,1.270,-0.779
2025-12-04T18:10:37.154178,-0.354,-1.624,1.270,-0.779
2025-12-04T18:10:37.183027,-0.359,-1.644,1.270,-0.779
2025-12-04T18:10:37.216092,-0.363,-1.664,1.270,-0.779
2025-12-04T18:10:37.248819,-0.367,-1.684,1.270,-0.779
2025-12-04T18:10:37.279619,-0.372,-1.704,1.270,-0.779
2025-12-04T18:10:37.312749,-0.376,-1.724,1.270,-0.779
2025-12-04T18:10:37.347353,-0.380,-1.744,1.270,-0.779
2025-12-04T18:10:37.379560,-0.385,-1.764,1.270,-0.779
2025-12-04T18:10:37.413941,-0.389,-1.781,1.270,-0.779
2025-12-04T18:10:37.446059,-0.393,-1.797,1.270,-0.779
2025-12-04T18:10:37.476916,-0.397,-1.808,1.270,-0.779
2025-12-04T18:10:37.510047,-0.401,-1.815,1.270,-0.779
2025-12-04T18:10:37.539558,-0.405,-1.818,1.270,-0.779
2025-12-04T18:10:37.573368,-0.409,-1.819,1.270,-0.779
2025-12-04T18:10:37.602586,-0.413,-1.817,1.270,-0.779
2025-12-04T18:10:37.638015,-0.418,-1.814,1.270,-0.779
2025-12-04T18:10:37.669225,-0.424,-1.809,1.270,-0.779
2025-12-04T18:10:37.703003,-0.429,-1.804,1.270,-0.779
2025-12-04T18:10:37.734564,-0.435,-1.798,1.270,-0.779
2025-12-04T18:10:37.767340,-0.441,-1.793,1.270,-0.779
2025-12-04T18:10:37.797781,-0.447,-1.789,1.270,-0.779
2025-12-04T18:10:37.828940,-0.453,-1.785,1.270,-0.779
2025-12-04T18:10:37.864979,-0.459,-1.783,1.270,-0.779
2025-12-04T18:10:37.896419,-0.465,-1.782,1.270,-0.779
2025-12-04T18:10:37.927717,-0.470,-1.781,1.270,-0.779
2025-12-04T18:10:37.959685,-0.476,-1.782,1.270,-0.779
2025-12-04T18:10:37.995984,-0.481,-1.784,1.270,-0.779
2025-12-04T18:10:38.029500,-0.487,-1.786,1.270,-0.779
2025-12-04T18:10:38.066164,-0.492,-1.789,1.270,-0.779
2025-12-04T18:10:38.096912,-0.497,-1.792,1.270,-0.779
2025-12-04T18:10:38.129844,-0.502,-1.796,1.270,-0.779
2025-12-04T18:10:38.160821,-0.508,-1.800,1.270,-0.779
2025-12-04T18:10:38.190251,-0.513,-1.803,1.270,-0.779
2025-12-04T18:10:38.220731,-0.518,-1.806,1.270,-0.779
2025-12-04T18:10:38.251387,-0.523,-1.809,1.270,-0.779
2025-12-04T18:10:38.283639,-0.528,-1.811,1.270,-0.779
2025-12-04T18:10:38.318154,-0.533,-1.813,1.270,-0.779
2025-12-04T18:10:38.351372,-0.539,-1.814,1.270,-0.779
2025-12-04T18:10:38.385553,-0.544,-1.815,1.270,-0.779
2025-12-04T18:10:38.417896,-0.549,-1.815,1.270,-0.779
2025-12-04T18:10:38.449523,-0.553,-1.815,1.270,-0.779
2025-12-04T18:10:38.482872,-0.558,-1.815,1.270,-0.779
2025-12-04T18:10:38.511073,-0.563,-1.814,1.270,-0.779
2025-12-04T18:10:38.545375,-0.568,-1.813,1.270,-0.779
2025-12-04T18:10:38.577921,-0.573,-1.811,1.270,-0.779
2025-12-04T18:10:38.610179,-0.578,-1.810,1.270,-0.779
2025-12-04T18:10:38.641495,-0.582,-1.808,1.270,-0.779
2025-12-04T18:10:38.674571,-0.587,-1.807,1.270,-0.779
2025-12-04T18:10:38.707170,-0.592,-1.805,1.270,-0.779
2025-12-04T18:10:38.738515,-0.596,-1.804,1.270,-0.779
2025-12-04T18:10:38.775166,-0.596,-1.804,1.270,-0.779
2025-12-04T18:10:38.805541,-0.596,-1.804,1.270,-0.779
2025-12-04T18:10:38.838102,-0.596,-1.804,1.270,-0.779
2025-12-04T18:10:38.869655,-0.596,-1.804,1.270,-0.779
2025-12-04T18:10:38.900898,-0.596,-1.804,1.270,-0.779
2025-12-04T18:10:38.935180,-0.596,-1.804,1.270,-0.779
2025-12-04T18:10:38.971395,-0.596,-1.804,1.270,-0.779
2025-12-04T18:10:39.002507,-0.596,-1.804,1.270,-0.779
2025-12-04T18:10:39.041099,-0.596,-1.804,1.270,-0.779
2025-12-04T18:10:39.065253,-0.596,-1.804,1.270,-0.779
2025-12-04T18:10:39.095701,-0.596,-1.804,1.270,-0.779
2025-12-04T18:10:39.131184,-0.596,-1.804,1.270,-0.779
2025-12-04T18:10:39.161265,-0.596,-1.804,1.270,-0.779
2025-12-04T18:10:39.193247,-0.596,-1.804,1.270,-0.779
2025-12-04T18:10:39.229059,-0.596,-1.804,1.270,-0.779
2025-12-04T18:10:39.261397,-0.596,-1.804,1.270,-0.779
2025-12-04T18:10:39.294114,-0.596,-1.804,1.270,-0.779
2025-12-04T18:10:39.324731,-0.596,-1.804,1.270,-0.779
2025-12-04T18:10:39.357303,-0.596,-1.804,1.270,-0.779
2025-12-04T18:10:39.389650,-0.596,-1.804,1.270,-0.779
2025-12-04T18:10:39.419912,-0.596,-1.804,1.270,-0.779
2025-12-04T18:10:39.452141,-0.596,-1.804,1.270,-0.779
2025-12-04T18:10:39.484976,-0.596,-1.804,1.270,-0.779
2025-12-04T18:10:39.521295,-0.596,-1.804,1.270,-0.779
2025-12-04T18:10:39.556632,-0.596,-1.804,1.270,-0.779
2025-12-04T18:10:39.589147,-0.596,-1.804,1.270,-0.779
2025-12-04T18:10:39.620748,-0.596,-1.804,1.270,-0.779
2025-12-04T18:10:39.652834,-0.596,-1.804,1.270,-0.779
2025-12-04T18:10:39.681061,-0.596,-1.804,1.270,-0.779
2025-12-04T18:10:39.715768,-0.596,-1.804,1.270,-0.779
2025-12-04T18:10:39.747838,-0.596,-1.804,1.270,-0.779
2025-12-04T18:10:39.777499,-0.596,-1.804,1.270,-0.779
2025-12-04T18:10:39.812690,-0.596,-1.804,1.270,-0.779
2025-12-04T18:10:39.845351,-0.596,-1.804,1.270,-0.779
2025-12-04T18:10:39.876095,-0.596,-1.804,1.270,-0.779
2025-12-04T18:10:39.908709,-0.596,-1.804,1.270,-0.779
2025-12-04T18:10:39.938599,-0.596,-1.804,1.270,-0.779
2025-12-04T18:10:39.974491,-0.596,-1.804,1.270,-0.779
2025-12-04T18:10:40.005276,-0.596,-1.804,1.270,-0.779
2025-12-04T18:10:40.038164,-0.596,-1.804,1.270,-0.779
2025-12-04T18:10:40.072611,-0.596,-1.804,1.270,-0.779
2025-12-04T18:10:40.109102,-0.596,-1.804,1.270,-0.779
2025-12-04T18:10:40.139679,-0.596,-1.804,1.270,-0.779
2025-12-04T18:10:40.172393,-0.596,-1.804,1.270,-0.779
2025-12-04T18:10:40.203978,-0.596,-1.804,1.270,-0.779
2025-12-04T18:10:40.234083,-0.596,-1.804,1.270,-0.779
2025-12-04T18:10:40.263991,-0.596,-1.804,1.270,-0.779
2025-12-04T18:10:40.296094,-0.596,-1.804,1.270,-0.779
2025-12-04T18:10:40.327764,-0.596,-1.804,1.270,-0.779
2025-12-04T18:10:40.363650,-0.596,-1.804,1.270,-0.779
2025-12-04T18:10:40.395960,-0.596,-1.804,1.270,-0.779
2025-12-04T18:10:40.427547,-0.596,-1.804,1.270,-0.779
2025-12-04T18:10:40.459628,-0.596,-1.804,1.270,-0.779
2025-12-04T18:10:40.492276,-0.596,-1.804,1.270,-0.779
2025-12-04T18:10:40.520413,-0.596,-1.804,1.270,-0.779
2025-12-04T18:10:40.552834,-0.596,-1.804,1.270,-0.779
2025-12-04T18:10:40.585120,-0.596,-1.804,1.270,-0.779
2025-12-04T18:10:40.617612,-0.596,-1.804,1.270,-0.779
2025-12-04T18:10:40.654504,-0.596,-1.804,1.270,-0.779
2025-12-04T18:10:40.686477,-0.596,-1.804,1.270,-0.779
2025-12-04T18:10:40.718959,-0.596,-1.804,1.270,-0.779
2025-12-04T18:10:40.749605,-0.596,-1.804,1.270,-0.779
2025-12-04T18:10:40.781066,-0.596,-1.804,1.270,-0.779
2025-12-04T18:10:40.812300,-0.596,-1.804,1.270,-0.779
2025-12-04T18:10:40.842935,-0.596,-1.804,1.270,-0.779
2025-12-04T18:10:40.872795,-0.596,-1.804,1.270,-0.779
2025-12-04T18:10:40.909327,-0.596,-1.804,1.270,-0.779
2025-12-04T18:10:40.940366,-0.596,-1.804,1.270,-0.779
2025-12-04T18:10:40.972741,-0.596,-1.804,1.270,-0.779
2025-12-04T18:10:41.005380,-0.596,-1.804,1.270,-0.779
2025-12-04T18:10:41.035764,-0.596,-1.804,1.270,-0.779
2025-12-04T18:10:41.071069,-0.596,-1.804,1.270,-0.779
2025-12-04T18:10:41.103594,-0.596,-1.804,1.270,-0.779
2025-12-04T18:10:41.136037,-0.596,-1.804,1.270,-0.779
2025-12-04T18:10:41.172244,-0.596,-1.804,1.270,-0.779
2025-12-04T18:10:41.203204,-0.596,-1.804,1.270,-0.779
2025-12-04T18:10:41.235098,-0.596,-1.804,1.270,-0.779
2025-12-04T18:10:41.267746,-0.596,-1.804,1.270,-0.779
2025-12-04T18:10:41.298100,-0.596,-1.804,1.270,-0.779
2025-12-04T18:10:41.330584,-0.596,-1.804,1.270,-0.779
2025-12-04T18:10:41.364854,-0.596,-1.804,1.270,-0.779
2025-12-04T18:10:41.395330,-0.596,-1.804,1.270,-0.779
2025-12-04T18:10:41.428642,-0.596,-1.804,1.270,-0.779
2025-12-04T18:10:41.463876,-0.596,-1.804,1.270,-0.779
2025-12-04T18:10:41.495171,-0.596,-1.804,1.270,-0.779
2025-12-04T18:10:41.527291,-0.596,-1.804,1.270,-0.779
2025-12-04T18:10:41.560360,-0.596,-1.804,1.270,-0.779
2025-12-04T18:10:41.589113,-0.596,-1.804,1.270,-0.779
2025-12-04T18:10:41.618943,-0.596,-1.804,1.270,-0.779
2025-12-04T18:10:41.651510,-0.596,-1.804,1.270,-0.779
2025-12-04T18:10:41.682786,-0.596,-1.804,1.270,-0.779
2025-12-04T18:10:41.715052,-0.596,-1.804,1.270,-0.779
2025-12-04T18:10:41.749765,-0.596,-1.804,1.270,-0.779
2025-12-04T18:10:41.786493,-0.596,-1.804,1.270,-0.779
2025-12-04T18:10:41.819416,-0.596,-1.804,1.270,-0.779
2025-12-04T18:10:41.855560,-0.596,-1.804,1.270,-0.779
2025-12-04T18:10:41.887436,-0.596,-1.804,1.270,-0.779
2025-12-04T18:10:41.917844,-0.596,-1.804,1.270,-0.779
2025-12-04T18:10:41.946580,-0.596,-1.804,1.270,-0.779
2025-12-04T18:10:41.978710,-0.596,-1.804,1.270,-0.779
2025-12-04T18:10:42.013102,-0.596,-1.804,1.270,-0.779
2025-12-04T18:10:42.044504,-0.596,-1.804,1.270,-0.779
2025-12-04T18:10:42.078464,-0.596,-1.804,1.270,-0.779
2025-12-04T18:10:42.113625,-0.596,-1.804,1.270,-0.779
2025-12-04T18:10:42.146384,-0.596,-1.804,1.270,-0.779
2025-12-04T18:10:42.179810,-0.596,-1.804,1.270,-0.779
2025-12-04T18:10:42.212173,-0.596,-1.804,1.270,-0.779
2025-12-04T18:10:42.243863,-0.596,-1.804,1.270,-0.779
2025-12-04T18:10:42.276265,-0.596,-1.804,1.270,-0.779
2025-12-04T18:10:42.312571,-0.596,-1.804,1.270,-0.779
2025-12-04T18:10:42.343740,-0.596,-1.804,1.270,-0.779
2025-12-04T18:10:42.376173,-0.596,-1.804,1.270,-0.779
2025-12-04T18:10:42.408040,-0.596,-1.804,1.270,-0.779
2025-12-04T18:10:42.438643,-0.596,-1.804,1.270,-0.779
2025-12-04T18:10:42.470829,-0.596,-1.804,1.270,-0.779
2025-12-04T18:10:42.502453,-0.596,-1.804,1.270,-0.779
2025-12-04T18:10:42.533468,-0.596,-1.804,1.270,-0.779
2025-12-04T18:10:42.569272,-0.596,-1.804,1.270,-0.779
2025-12-04T18:10:42.604204,-0.596,-1.804,1.270,-0.779
2025-12-04T18:10:42.638769,-0.596,-1.804,1.270,-0.779
2025-12-04T18:10:42.670858,-0.596,-1.804,1.270,-0.779
2025-12-04T18:10:42.703377,-0.596,-1.804,1.270,-0.779
2025-12-04T18:10:42.734204,-0.596,-1.804,1.270,-0.779
2025-12-04T18:10:42.764106,-0.596,-1.804,1.270,-0.779
2025-12-04T18:10:42.790523,-0.596,-1.804,1.270,-0.779
2025-12-04T18:10:42.822342,-0.596,-1.804,1.270,-0.779
2025-12-04T18:10:42.853847,-0.596,-1.804,1.270,-0.779
2025-12-04T18:10:42.888363,-0.596,-1.804,1.270,-0.779
2025-12-04T18:10:42.922712,-0.596,-1.804,1.270,-0.779
2025-12-04T18:10:42.959368,-0.596,-1.804,1.270,-0.779
2025-12-04T18:10:42.987981,-0.596,-1.804,1.270,-0.779
2025-12-04T18:10:43.019615,-0.596,-1.804,1.270,-0.779
2025-12-04T18:10:43.052399,-0.596,-1.804,1.270,-0.779
2025-12-04T18:10:43.081556,-0.596,-1.804,1.270,-0.779
2025-12-04T18:10:43.115735,-0.596,-1.804,1.270,-0.779
2025-12-04T18:10:43.147851,-0.596,-1.804,1.270,-0.779
2025-12-04T18:10:43.181575,-0.596,-1.804,1.270,-0.779
2025-12-04T18:10:43.218340,-0.596,-1.804,1.270,-0.779
2025-12-04T18:10:43.250604,-0.596,-1.804,1.270,-0.779
2025-12-04T18:10:43.282391,-0.596,-1.804,1.270,-0.779
2025-12-04T18:10:43.314283,-0.596,-1.804,1.270,-0.779
2025-12-04T18:10:43.344838,-0.596,-1.804,1.270,-0.779
2025-12-04T18:10:43.376838,-0.596,-1.804,1.270,-0.779
2025-12-04T18:10:43.410107,-0.596,-1.804,1.270,-0.779
2025-12-04T18:10:43.441938,-0.596,-1.804,1.270,-0.779
2025-12-04T18:10:43.476742,-0.596,-1.804,1.270,-0.779
2025-12-04T18:10:43.507505,-0.596,-1.804,1.270,-0.779
2025-12-04T18:10:43.539854,-0.596,-1.804,1.270,-0.779
2025-12-04T18:10:43.572625,-0.596,-1.804,1.270,-0.779
2025-12-04T18:10:43.604082,-0.596,-1.804,1.270,-0.779
2025-12-04T18:10:43.632734,-0.596,-1.804,1.270,-0.779
2025-12-04T18:10:43.667785,-0.596,-1.804,1.270,-0.779
2025-12-04T18:10:43.700231,-0.596,-1.804,1.270,-0.779
2025-12-04T18:10:43.731331,-0.596,-1.804,1.270,-0.779
2025-12-04T18:10:43.764270,-0.596,-1.804,1.270,-0.779
2025-12-04T18:10:43.799391,-0.596,-1.804,1.270,-0.779
2025-12-04T18:10:43.833578,-0.596,-1.804,1.270,-0.779
2025-12-04T18:10:43.867516,-0.596,-1.804,1.270,-0.779
2025-12-04T18:10:43.899611,-0.596,-1.804,1.270,-0.779
2025-12-04T18:10:43.932320,-0.596,-1.804,1.270,-0.779
2025-12-04T18:10:43.964042,-0.596,-1.804,1.270,-0.779
2025-12-04T18:10:43.995848,-0.596,-1.804,1.270,-0.779
2025-12-04T18:10:44.027837,-0.596,-1.804,1.270,-0.779
2025-12-04T18:10:44.059900,-0.596,-1.804,1.270,-0.779
2025-12-04T18:10:44.094272,-0.596,-1.804,1.270,-0.779
2025-12-04T18:10:44.124992,-0.596,-1.804,1.270,-0.779
2025-12-04T18:10:44.160143,-0.596,-1.804,1.270,-0.779
2025-12-04T18:10:44.194243,-0.596,-1.804,1.270,-0.779
2025-12-04T18:10:44.228277,-0.596,-1.804,1.270,-0.779
2025-12-04T18:10:44.262984,-0.596,-1.787,1.270,-0.760
2025-12-04T18:10:44.294360,-0.596,-1.770,1.270,-0.741
2025-12-04T18:10:44.326742,-0.596,-1.753,1.270,-0.722
2025-12-04T18:10:44.360761,-0.596,-1.738,1.270,-0.702
2025-12-04T18:10:44.390299,-0.596,-1.723,1.270,-0.681
2025-12-04T18:10:44.423300,-0.596,-1.709,1.270,-0.659
2025-12-04T18:10:44.459851,-0.596,-1.697,1.270,-0.637
2025-12-04T18:10:44.490471,-0.596,-1.685,1.270,-0.615
2025-12-04T18:10:44.520792,-0.596,-1.674,1.270,-0.592
2025-12-04T18:10:44.553304,-0.596,-1.663,1.270,-0.569
2025-12-04T18:10:44.583442,-0.596,-1.653,1.270,-0.545
2025-12-04T18:10:44.617614,-0.596,-1.644,1.270,-0.520
2025-12-04T18:10:44.650492,-0.595,-1.636,1.270,-0.495
2025-12-04T18:10:44.682356,-0.595,-1.628,1.270,-0.470
2025-12-04T18:10:44.714845,-0.595,-1.620,1.270,-0.445
2025-12-04T18:10:44.751577,-0.595,-1.613,1.270,-0.419
2025-12-04T18:10:44.785563,-0.595,-1.606,1.270,-0.392
2025-12-04T18:10:44.820132,-0.595,-1.600,1.270,-0.366
2025-12-04T18:10:44.852331,-0.595,-1.595,1.270,-0.339
2025-12-04T18:10:44.884241,-0.595,-1.589,1.270,-0.312
2025-12-04T18:10:44.916462,-0.595,-1.584,1.270,-0.284
2025-12-04T18:10:44.945659,-0.595,-1.579,1.270,-0.256
2025-12-04T18:10:44.977055,-0.595,-1.575,1.270,-0.228
2025-12-04T18:10:45.013040,-0.595,-1.571,1.270,-0.200
2025-12-04T18:10:45.042258,-0.595,-1.567,1.270,-0.172
2025-12-04T18:10:45.075099,-0.595,-1.563,1.270,-0.144
2025-12-04T18:10:45.110400,-0.595,-1.560,1.270,-0.115
2025-12-04T18:10:45.140093,-0.595,-1.557,1.270,-0.086
2025-12-04T18:10:45.173684,-0.595,-1.554,1.270,-0.058
2025-12-04T18:10:45.205183,-0.595,-1.551,1.270,-0.029
2025-12-04T18:10:45.235686,-0.595,-1.548,1.270,-0.000
2025-12-04T18:10:45.268212,-0.577,-1.546,1.270,-0.000
2025-12-04T18:10:45.303253,-0.559,-1.544,1.270,-0.000
2025-12-04T18:10:45.335863,-0.541,-1.542,1.270,-0.000
2025-12-04T18:10:45.366821,-0.522,-1.540,1.270,-0.000
2025-12-04T18:10:45.403734,-0.504,-1.538,1.270,-0.000
2025-12-04T18:10:45.438438,-0.485,-1.536,1.270,-0.000
2025-12-04T18:10:45.472917,-0.466,-1.534,1.270,-0.000
2025-12-04T18:10:45.505202,-0.448,-1.533,1.270,-0.000
2025-12-04T18:10:45.537604,-0.429,-1.531,1.270,-0.000
2025-12-04T18:10:45.567919,-0.409,-1.530,1.270,-0.000
2025-12-04T18:10:45.601445,-0.390,-1.529,1.270,-0.000
2025-12-04T18:10:45.632220,-0.371,-1.527,1.270,-0.000
2025-12-04T18:10:45.669033,-0.352,-1.526,1.270,-0.000
2025-12-04T18:10:45.697339,-0.332,-1.525,1.270,-0.000
2025-12-04T18:10:45.729985,-0.313,-1.524,1.270,-0.000
2025-12-04T18:10:45.764628,-0.293,-1.523,1.270,-0.000
2025-12-04T18:10:45.795674,-0.274,-1.523,1.270,-0.000
2025-12-04T18:10:45.828240,-0.254,-1.522,1.270,-0.000
2025-12-04T18:10:45.859993,-0.234,-1.521,1.270,-0.000
2025-12-04T18:10:45.892467,-0.214,-1.520,1.270,-0.000
2025-12-04T18:10:45.924271,-0.195,-1.520,1.270,-0.000
2025-12-04T18:10:45.961171,-0.175,-1.519,1.270,-0.000
2025-12-04T18:10:45.992890,-0.155,-1.519,1.270,-0.000
2025-12-04T18:10:46.025298,-0.135,-1.518,1.270,-0.000
2025-12-04T18:10:46.059896,-0.115,-1.518,1.270,-0.000
2025-12-04T18:10:46.092385,-0.095,-1.517,1.270,-0.000
2025-12-04T18:10:46.124474,-0.075,-1.517,1.270,-0.000
2025-12-04T18:10:46.155458,-0.055,-1.516,1.270,-0.000
2025-12-04T18:10:46.182739,-0.035,-1.516,1.270,-0.000
2025-12-04T18:10:46.211969,-0.015,-1.516,1.270,-0.000
2025-12-04T18:10:46.246149,0.006,-1.515,1.270,-0.000
2025-12-04T18:10:46.277776,0.026,-1.515,1.270,-0.000
2025-12-04T18:10:46.312273,0.046,-1.515,1.270,-0.000
2025-12-04T18:10:46.344541,0.066,-1.514,1.270,-0.000
2025-12-04T18:10:46.379646,0.086,-1.514,1.270,-0.000
2025-12-04T18:10:46.410663,0.107,-1.514,1.270,-0.000
2025-12-04T18:10:46.451625,0.126,-1.514,1.270,-0.000
2025-12-04T18:10:46.471650,0.144,-1.513,1.270,-0.000
2025-12-04T18:10:46.506921,0.160,-1.513,1.270,-0.000
2025-12-04T18:10:46.537497,0.176,-1.513,1.270,-0.000
2025-12-04T18:10:46.571358,0.190,-1.513,1.270,-0.000
2025-12-04T18:10:46.605921,0.203,-1.513,1.270,-0.000
2025-12-04T18:10:46.637883,0.215,-1.513,1.270,-0.000
2025-12-04T18:10:46.669093,0.226,-1.513,1.270,-0.000
2025-12-04T18:10:46.701123,0.235,-1.513,1.270,-0.000
2025-12-04T18:10:46.732944,0.242,-1.512,1.270,-0.000
2025-12-04T18:10:46.768460,0.248,-1.512,1.270,-0.000
2025-12-04T18:10:46.805030,0.252,-1.512,1.270,-0.000
2025-12-04T18:10:46.835179,0.253,-1.511,1.270,-0.000
2025-12-04T18:10:46.867816,0.254,-1.510,1.270,-0.000
2025-12-04T18:10:46.897702,0.252,-1.509,1.270,-0.000
2025-12-04T18:10:46.927588,0.249,-1.509,1.270,-0.000
2025-12-04T18:10:46.960777,0.245,-1.508,1.270,-0.000
2025-12-04T18:10:46.990625,0.241,-1.506,1.270,-0.000
2025-12-04T18:10:47.023405,0.235,-1.505,1.270,-0.000
2025-12-04T18:10:47.061245,0.229,-1.504,1.270,-0.000
2025-12-04T18:10:47.091271,0.223,-1.503,1.270,-0.000
2025-12-04T18:10:47.124139,0.217,-1.503,1.270,-0.000
2025-12-04T18:10:47.156310,0.211,-1.502,1.270,-0.000
2025-12-04T18:10:47.185624,0.205,-1.501,1.270,-0.000
2025-12-04T18:10:47.215460,0.199,-1.500,1.270,-0.000
2025-12-04T18:10:47.244432,0.194,-1.500,1.270,-0.000
2025-12-04T18:10:47.276766,0.189,-1.499,1.270,-0.000
2025-12-04T18:10:47.313091,0.184,-1.498,1.270,-0.000
2025-12-04T18:10:47.342863,0.181,-1.498,1.270,-0.000
2025-12-04T18:10:47.377542,0.159,-1.497,1.270,0.029
2025-12-04T18:10:47.409889,0.138,-1.497,1.270,0.058
2025-12-04T18:10:47.439846,0.118,-1.496,1.270,0.086
2025-12-04T18:10:47.476843,0.099,-1.496,1.270,0.115
2025-12-04T18:10:47.507273,0.081,-1.496,1.270,0.144
2025-12-04T18:10:47.537599,0.064,-1.495,1.270,0.172
2025-12-04T18:10:47.572220,0.048,-1.495,1.270,0.200
2025-12-04T18:10:47.604039,0.034,-1.494,1.270,0.228
2025-12-04T18:10:47.633417,0.020,-1.494,1.270,0.256
2025-12-04T18:10:47.664960,0.007,-1.494,1.270,0.284
2025-12-04T18:10:47.699974,-0.005,-1.493,1.270,0.312
2025-12-04T18:10:47.733157,-0.017,-1.493,1.270,0.339
2025-12-04T18:10:47.765060,-0.027,-1.493,1.270,0.366
2025-12-04T18:10:47.797479,-0.024,-1.481,1.270,0.366
2025-12-04T18:10:47.831146,-0.020,-1.468,1.270,0.366
2025-12-04T18:10:47.865160,-0.015,-1.455,1.270,0.366
2025-12-04T18:10:47.896314,-0.010,-1.443,1.270,0.366
2025-12-04T18:10:47.927826,-0.004,-1.430,1.270,0.366
2025-12-04T18:10:47.957925,0.002,-1.417,1.270,0.366
2025-12-04T18:10:47.987724,0.010,-1.404,1.270,0.366
2025-12-04T18:10:48.023238,0.017,-1.391,1.270,0.366
2025-12-04T18:10:48.057980,0.025,-1.378,1.270,0.366
2025-12-04T18:10:48.091054,0.034,-1.365,1.270,0.366
2025-12-04T18:10:48.123058,0.043,-1.352,1.270,0.366
2025-12-04T18:10:48.155190,0.052,-1.338,1.270,0.366
2025-12-04T18:10:48.185539,0.062,-1.325,1.270,0.366
2025-12-04T18:10:48.218793,0.072,-1.312,1.270,0.366
2025-12-04T18:10:48.250366,0.082,-1.299,1.270,0.366
2025-12-04T18:10:48.279787,0.093,-1.285,1.270,0.366
2025-12-04T18:10:48.317756,0.104,-1.272,1.270,0.366
2025-12-04T18:10:48.347923,0.115,-1.258,1.270,0.366
2025-12-04T18:10:48.379925,0.126,-1.245,1.270,0.366
2025-12-04T18:10:48.413466,0.138,-1.231,1.270,0.366
2025-12-04T18:10:48.443295,0.150,-1.218,1.270,0.366
2025-12-04T18:10:48.475417,0.162,-1.204,1.270,0.366
2025-12-04T18:10:48.509623,0.174,-1.190,1.270,0.366
2025-12-04T18:10:48.540912,0.187,-1.177,1.270,0.366
2025-12-04T18:10:48.575069,0.199,-1.163,1.270,0.366
2025-12-04T18:10:48.608624,0.212,-1.150,1.270,0.366
2025-12-04T18:10:48.642449,0.225,-1.136,1.270,0.366
2025-12-04T18:10:48.674998,0.238,-1.122,1.270,0.366
2025-12-04T18:10:48.708757,0.251,-1.108,1.270,0.366
2025-12-04T18:10:48.738305,0.264,-1.095,1.270,0.366
2025-12-04T18:10:48.768238,0.278,-1.081,1.270,0.366
2025-12-04T18:10:48.800911,0.291,-1.067,1.270,0.366
2025-12-04T18:10:48.832342,0.305,-1.053,1.270,0.366
2025-12-04T18:10:48.865026,0.305,-1.052,1.270,0.339
2025-12-04T18:10:48.898178,0.306,-1.050,1.270,0.312
2025-12-04T18:10:48.930820,0.306,-1.049,1.270,0.284
2025-12-04T18:10:48.963927,0.307,-1.048,1.270,0.256
2025-12-04T18:10:48.995627,0.307,-1.046,1.270,0.228
2025-12-04T18:10:49.027434,0.308,-1.045,1.270,0.200
2025-12-04T18:10:49.061031,0.308,-1.044,1.270,0.172
2025-12-04T18:10:49.093239,0.308,-1.043,1.270,0.144
2025-12-04T18:10:49.124930,0.309,-1.042,1.270,0.115
2025-12-04T18:10:49.161071,0.309,-1.041,1.270,0.086
2025-12-04T18:10:49.193050,0.309,-1.041,1.270,0.058
2025-12-04T18:10:49.224791,0.310,-1.040,1.270,0.029
2025-12-04T18:10:49.254336,0.310,-1.039,1.270,-0.000
2025-12-04T18:10:49.284235,0.328,-1.038,1.270,-0.000
2025-12-04T18:10:49.324257,0.346,-1.038,1.270,-0.000
2025-12-04T18:10:49.352029,0.365,-1.037,1.270,-0.000
2025-12-04T18:10:49.383887,0.383,-1.037,1.270,-0.000
2025-12-04T18:10:49.413943,0.402,-1.036,1.270,-0.000
2025-12-04T18:10:49.448172,0.421,-1.036,1.270,-0.000
2025-12-04T18:10:49.480970,0.440,-1.035,1.270,-0.000
2025-12-04T18:10:49.513135,0.459,-1.035,1.270,-0.000
2025-12-04T18:10:49.542541,0.478,-1.034,1.270,-0.000
2025-12-04T18:10:49.574752,0.497,-1.034,1.270,-0.000
2025-12-04T18:10:49.609240,0.516,-1.034,1.270,-0.000
2025-12-04T18:10:49.642425,0.536,-1.033,1.270,-0.000
2025-12-04T18:10:49.674960,0.555,-1.033,1.270,-0.000
2025-12-04T18:10:49.711404,0.575,-1.033,1.270,-0.000
2025-12-04T18:10:49.747540,0.594,-1.032,1.270,-0.000
2025-12-04T18:10:49.778985,0.614,-1.032,1.270,-0.000
2025-12-04T18:10:49.813497,0.634,-1.032,1.270,-0.000
2025-12-04T18:10:49.841424,0.653,-1.032,1.270,-0.000
2025-12-04T18:10:49.871330,0.673,-1.032,1.270,-0.000
2025-12-04T18:10:49.903239,0.693,-1.031,1.270,-0.000
2025-12-04T18:10:49.934983,0.713,-1.031,1.270,-0.000
2025-12-04T18:10:49.970426,0.733,-1.031,1.270,-0.000
2025-12-04T18:10:50.002954,0.735,-1.031,1.270,-0.029
2025-12-04T18:10:50.035992,0.737,-1.031,1.270,-0.058
2025-12-04T18:10:50.071326,0.739,-1.031,1.270,-0.086
2025-12-04T18:10:50.104619,0.740,-1.030,1.270,-0.115
2025-12-04T18:10:50.134265,0.742,-1.030,1.270,-0.144
2025-12-04T18:10:50.169051,0.743,-1.030,1.270,-0.172
2025-12-04T18:10:50.199972,0.745,-1.030,1.270,-0.200
2025-12-04T18:10:50.232901,0.746,-1.030,1.270,-0.228
2025-12-04T18:10:50.264751,0.747,-1.030,1.270,-0.256
2025-12-04T18:10:50.296292,0.748,-1.030,1.270,-0.284
2025-12-04T18:10:50.327719,0.749,-1.030,1.270,-0.312
2025-12-04T18:10:50.360539,0.750,-1.030,1.270,-0.339
2025-12-04T18:10:50.394052,0.751,-1.030,1.270,-0.366
2025-12-04T18:10:50.431586,0.752,-1.030,1.270,-0.392
2025-12-04T18:10:50.466301,0.765,-1.042,1.270,-0.392
2025-12-04T18:10:50.496594,0.779,-1.055,1.270,-0.392
2025-12-04T18:10:50.530733,0.792,-1.068,1.270,-0.392
2025-12-04T18:10:50.559438,0.805,-1.082,1.270,-0.392
2025-12-04T18:10:50.590701,0.819,-1.095,1.270,-0.392
2025-12-04T18:10:50.623264,0.832,-1.108,1.270,-0.392
2025-12-04T18:10:50.657265,0.846,-1.122,1.270,-0.392
2025-12-04T18:10:50.691628,0.859,-1.136,1.270,-0.392
2025-12-04T18:10:50.726147,0.873,-1.149,1.270,-0.392
2025-12-04T18:10:50.760654,0.887,-1.163,1.270,-0.392
2025-12-04T18:10:50.792930,0.900,-1.177,1.270,-0.392
2025-12-04T18:10:50.824979,0.914,-1.191,1.270,-0.392
2025-12-04T18:10:50.856797,0.928,-1.205,1.270,-0.392
2025-12-04T18:10:50.886294,0.942,-1.219,1.270,-0.392
2025-12-04T18:10:50.919142,0.955,-1.233,1.270,-0.392
2025-12-04T18:10:50.956137,0.969,-1.247,1.270,-0.392
2025-12-04T18:10:50.987997,0.983,-1.261,1.270,-0.392
2025-12-04T18:10:51.019631,0.997,-1.275,1.270,-0.392
2025-12-04T18:10:51.052899,1.011,-1.289,1.270,-0.392
2025-12-04T18:10:51.082141,1.024,-1.301,1.270,-0.392
2025-12-04T18:10:51.115667,1.038,-1.314,1.270,-0.392
2025-12-04T18:10:51.148091,1.052,-1.325,1.270,-0.392
2025-12-04T18:10:51.179532,1.066,-1.336,1.270,-0.392
2025-12-04T18:10:51.209551,1.079,-1.346,1.270,-0.392
2025-12-04T18:10:51.244227,1.093,-1.355,1.270,-0.392
2025-12-04T18:10:51.276504,1.107,-1.363,1.270,-0.392
2025-12-04T18:10:51.311751,1.121,-1.370,1.270,-0.392
2025-12-04T18:10:51.344775,1.135,-1.375,1.270,-0.392
2025-12-04T18:10:51.376197,1.135,-1.375,1.270,-0.392
2025-12-04T18:10:51.408897,1.135,-1.375,1.270,-0.392
2025-12-04T18:10:51.438597,1.135,-1.375,1.270,-0.392
2025-12-04T18:10:51.472936,1.135,-1.375,1.270,-0.392
2025-12-04T18:10:51.502678,1.135,-1.375,1.270,-0.392
2025-12-04T18:10:51.533251,1.135,-1.375,1.270,-0.392
2025-12-04T18:10:51.564278,1.135,-1.375,1.270,-0.392
2025-12-04T18:10:51.599830,1.135,-1.375,1.270,-0.392
2025-12-04T18:10:51.633352,1.135,-1.375,1.270,-0.392
2025-12-04T18:10:51.668090,1.135,-1.375,1.270,-0.392
2025-12-04T18:10:51.700178,1.135,-1.375,1.270,-0.392
2025-12-04T18:10:51.732215,1.135,-1.375,1.270,-0.392
2025-12-04T18:10:51.766561,1.135,-1.375,1.270,-0.392
2025-12-04T18:10:51.794585,1.135,-1.375,1.270,-0.392
2025-12-04T18:10:51.825114,1.135,-1.375,1.270,-0.392
2025-12-04T18:10:51.857851,1.135,-1.375,1.270,-0.392
2025-12-04T18:10:51.889295,1.135,-1.375,1.270,-0.392
2025-12-04T18:10:51.922970,1.135,-1.375,1.270,-0.392
2025-12-04T18:10:51.954143,1.135,-1.375,1.270,-0.392
2025-12-04T18:10:51.987984,1.135,-1.375,1.270,-0.392
2025-12-04T18:10:52.022903,1.135,-1.375,1.270,-0.392
2025-12-04T18:10:52.055485,1.135,-1.375,1.270,-0.392
2025-12-04T18:10:52.086726,1.135,-1.375,1.270,-0.392
2025-12-04T18:10:52.118926,1.135,-1.375,1.270,-0.392
2025-12-04T18:10:52.150360,1.135,-1.375,1.270,-0.392
2025-12-04T18:10:52.181740,1.135,-1.375,1.270,-0.392
2025-12-04T18:10:52.213185,1.135,-1.375,1.270,-0.392
2025-12-04T18:10:52.246204,1.135,-1.375,1.270,-0.392
2025-12-04T18:10:52.279277,1.135,-1.375,1.270,-0.392
2025-12-04T18:10:52.314914,1.135,-1.375,1.270,-0.392
2025-12-04T18:10:52.346160,1.135,-1.375,1.270,-0.392
2025-12-04T18:10:52.377907,1.135,-1.375,1.270,-0.392
2025-12-04T18:10:52.409882,1.135,-1.375,1.270,-0.392
2025-12-04T18:10:52.439820,1.135,-1.375,1.270,-0.392
2025-12-04T18:10:52.472106,1.135,-1.375,1.270,-0.392
2025-12-04T18:10:52.503872,1.135,-1.375,1.270,-0.392
2025-12-04T18:10:52.535802,1.135,-1.375,1.270,-0.392
2025-12-04T18:10:52.569455,1.135,-1.375,1.270,-0.392
2025-12-04T18:10:52.603488,1.135,-1.375,1.270,-0.392
2025-12-04T18:10:52.635296,1.135,-1.375,1.270,-0.392
2025-12-04T18:10:52.668157,1.135,-1.375,1.270,-0.392
2025-12-04T18:10:52.698533,1.135,-1.375,1.270,-0.392
2025-12-04T18:10:52.729569,1.135,-1.375,1.270,-0.392
2025-12-04T18:10:52.764064,1.135,-1.375,1.270,-0.392
2025-12-04T18:10:52.797688,1.135,-1.375,1.270,-0.392
2025-12-04T18:10:52.832202,1.135,-1.375,1.270,-0.392
2025-12-04T18:10:52.866986,1.135,-1.375,1.270,-0.392
2025-12-04T18:10:52.902380,1.135,-1.375,1.270,-0.392
2025-12-04T18:10:52.934313,1.135,-1.375,1.270,-0.392
2025-12-04T18:10:52.966677,1.135,-1.375,1.270,-0.392
2025-12-04T18:10:52.997249,1.135,-1.375,1.270,-0.392
2025-12-04T18:10:53.026785,1.135,-1.375,1.270,-0.392
2025-12-04T18:10:53.059459,1.135,-1.375,1.270,-0.392
2025-12-04T18:10:53.090157,1.135,-1.375,1.270,-0.392
2025-12-04T18:10:53.122725,1.135,-1.375,1.270,-0.392
2025-12-04T18:10:53.153385,1.135,-1.375,1.270,-0.392
2025-12-04T18:10:53.188096,1.135,-1.375,1.270,-0.392
2025-12-04T18:10:53.221837,1.135,-1.375,1.270,-0.392
2025-12-04T18:10:53.254099,1.135,-1.375,1.270,-0.392
2025-12-04T18:10:53.286127,1.135,-1.375,1.270,-0.392
2025-12-04T18:10:53.317558,1.135,-1.375,1.270,-0.392
2025-12-04T18:10:53.349952,1.135,-1.375,1.270,-0.392
2025-12-04T18:10:53.382751,1.135,-1.375,1.270,-0.392
2025-12-04T18:10:53.413806,1.135,-1.375,1.270,-0.392
2025-12-04T18:10:53.450345,1.135,-1.375,1.270,-0.392
2025-12-04T18:10:53.481209,1.135,-1.375,1.270,-0.392
2025-12-04T18:10:53.512999,1.135,-1.375,1.270,-0.392
2025-12-04T18:10:53.543607,1.135,-1.375,1.270,-0.392
2025-12-04T18:10:53.573173,1.135,-1.375,1.270,-0.392
2025-12-04T18:10:53.607776,1.135,-1.375,1.270,-0.392
2025-12-04T18:10:53.639659,1.135,-1.375,1.270,-0.392
2025-12-04T18:10:53.670562,1.135,-1.375,1.270,-0.392
2025-12-04T18:10:53.708124,1.135,-1.375,1.270,-0.392
2025-12-04T18:10:53.739439,1.135,-1.375,1.270,-0.392
2025-12-04T18:10:53.771839,1.135,-1.375,1.270,-0.392
2025-12-04T18:10:53.803384,1.135,-1.375,1.270,-0.392
2025-12-04T18:10:53.837382,1.135,-1.375,1.270,-0.392
2025-12-04T18:10:53.868554,1.135,-1.375,1.270,-0.392
2025-12-04T18:10:53.900349,1.135,-1.375,1.270,-0.392
2025-12-04T18:10:53.933133,1.135,-1.375,1.270,-0.392
2025-12-04T18:10:53.967173,1.135,-1.375,1.270,-0.392
2025-12-04T18:10:54.000113,1.135,-1.375,1.270,-0.392
2025-12-04T18:10:54.033884,1.135,-1.375,1.270,-0.392
2025-12-04T18:10:54.067614,1.135,-1.375,1.270,-0.392
2025-12-04T18:10:54.100324,1.135,-1.375,1.270,-0.392
2025-12-04T18:10:54.128879,1.135,-1.375,1.270,-0.392
2025-12-04T18:10:54.159824,1.135,-1.375,1.270,-0.392
2025-12-04T18:10:54.192614,1.135,-1.375,1.270,-0.392
2025-12-04T18:10:54.227933,1.135,-1.375,1.270,-0.392
2025-12-04T18:10:54.262369,1.135,-1.375,1.270,-0.392
2025-12-04T18:10:54.294819,1.135,-1.375,1.270,-0.392
2025-12-04T18:10:54.326744,1.135,-1.375,1.270,-0.392
2025-12-04T18:10:54.359356,1.135,-1.375,1.270,-0.392
2025-12-04T18:10:54.387979,1.135,-1.375,1.270,-0.392
2025-12-04T18:10:54.420454,1.135,-1.375,1.270,-0.392
2025-12-04T18:10:54.449876,1.135,-1.375,1.270,-0.392
2025-12-04T18:10:54.481314,1.135,-1.375,1.270,-0.392
2025-12-04T18:10:54.515130,1.135,-1.375,1.270,-0.392
2025-12-04T18:10:54.547482,1.135,-1.375,1.270,-0.392
2025-12-04T18:10:54.579439,1.135,-1.375,1.270,-0.392
2025-12-04T18:10:54.613069,1.135,-1.375,1.270,-0.392
2025-12-04T18:10:54.642179,1.135,-1.375,1.270,-0.392
2025-12-04T18:10:54.673494,1.135,-1.375,1.270,-0.392
2025-12-04T18:10:54.710943,1.135,-1.375,1.270,-0.392
2025-12-04T18:10:54.739068,1.135,-1.375,1.270,-0.392
2025-12-04T18:10:54.772917,1.135,-1.375,1.270,-0.392
2025-12-04T18:10:54.807567,1.135,-1.375,1.270,-0.392
2025-12-04T18:10:54.839396,1.135,-1.375,1.270,-0.392
2025-12-04T18:10:54.871929,1.135,-1.375,1.270,-0.392
2025-12-04T18:10:54.904765,1.135,-1.355,1.270,-0.366
2025-12-04T18:10:54.934740,1.135,-1.335,1.270,-0.339
2025-12-04T18:10:54.967044,1.135,-1.315,1.270,-0.312
2025-12-04T18:10:54.997721,1.135,-1.296,1.270,-0.284
2025-12-04T18:10:55.031211,1.135,-1.277,1.270,-0.256
2025-12-04T18:10:55.066759,1.135,-1.259,1.270,-0.228
2025-12-04T18:10:55.097944,1.135,-1.243,1.270,-0.200
2025-12-04T18:10:55.130478,1.135,-1.228,1.270,-0.172
2025-12-04T18:10:55.161954,1.135,-1.213,1.270,-0.144
2025-12-04T18:10:55.192579,1.135,-1.200,1.270,-0.115
2025-12-04T18:10:55.222123,1.135,-1.187,1.270,-0.086
2025-12-04T18:10:55.253309,1.135,-1.176,1.270,-0.058
2025-12-04T18:10:55.285163,1.135,-1.164,1.270,-0.029
2025-12-04T18:10:55.319446,1.135,-1.154,1.270,-0.000
2025-12-04T18:10:55.356343,1.135,-1.145,1.270,0.029
2025-12-04T18:10:55.388218,1.135,-1.135,1.270,0.058
2025-12-04T18:10:55.418178,1.135,-1.127,1.270,0.086
2025-12-04T18:10:55.450913,1.135,-1.119,1.270,0.115
2025-12-04T18:10:55.481297,1.135,-1.112,1.270,0.144
2025-12-04T18:10:55.515941,1.135,-1.105,1.270,0.172
2025-12-04T18:10:55.547980,1.135,-1.098,1.270,0.200
2025-12-04T18:10:55.580148,1.135,-1.092,1.270,0.228
2025-12-04T18:10:55.616956,1.135,-1.086,1.270,0.256
2025-12-04T18:10:55.649256,1.135,-1.081,1.270,0.284
2025-12-04T18:10:55.679214,1.135,-1.076,1.270,0.312
2025-12-04T18:10:55.711937,1.135,-1.071,1.270,0.339
2025-12-04T18:10:55.739968,1.135,-1.067,1.270,0.366
2025-12-04T18:10:55.773401,1.135,-1.063,1.270,0.392
2025-12-04T18:10:55.804756,1.147,-1.046,1.270,0.392
2025-12-04T18:10:55.837087,1.160,-1.030,1.270,0.392
2025-12-04T18:10:55.872054,1.172,-1.013,1.270,0.392
2025-12-04T18:10:55.904462,1.185,-0.997,1.270,0.392
2025-12-04T18:10:55.939889,1.198,-0.980,1.270,0.392
2025-12-04T18:10:55.972581,1.211,-0.964,1.270,0.392
2025-12-04T18:10:56.003031,1.224,-0.948,1.270,0.392
2025-12-04T18:10:56.032300,1.237,-0.932,1.270,0.392
2025-12-04T18:10:56.066771,1.250,-0.916,1.270,0.392
2025-12-04T18:10:56.099370,1.263,-0.900,1.270,0.392
2025-12-04T18:10:56.131601,1.277,-0.884,1.270,0.392
2025-12-04T18:10:56.167625,1.290,-0.869,1.270,0.392
2025-12-04T18:10:56.200757,1.303,-0.853,1.270,0.392
2025-12-04T18:10:56.234547,1.317,-0.837,1.270,0.392
2025-12-04T18:10:56.268188,1.330,-0.822,1.270,0.392
2025-12-04T18:10:56.300746,1.344,-0.806,1.270,0.392
2025-12-04T18:10:56.336569,1.357,-0.791,1.270,0.392
2025-12-04T18:10:56.363780,1.371,-0.775,1.270,0.392
2025-12-04T18:10:56.390511,1.385,-0.760,1.270,0.392
2025-12-04T18:10:56.421348,1.398,-0.745,1.270,0.392
2025-12-04T18:10:56.454326,1.412,-0.729,1.270,0.392
2025-12-04T18:10:56.482033,1.413,-0.727,1.270,0.419
2025-12-04T18:10:56.512663,1.415,-0.725,1.270,0.445
2025-12-04T18:10:56.545460,1.416,-0.723,1.270,0.470
2025-12-04T18:10:56.579878,1.417,-0.721,1.270,0.495
2025-12-04T18:10:56.613627,1.418,-0.719,1.270,0.520
2025-12-04T18:10:56.648691,1.419,-0.717,1.270,0.545
2025-12-04T18:10:56.679927,1.420,-0.716,1.270,0.569
2025-12-04T18:10:56.712676,1.421,-0.714,1.270,0.592
2025-12-04T18:10:56.747620,1.421,-0.713,1.270,0.615
2025-12-04T18:10:56.777450,1.422,-0.711,1.270,0.637
2025-12-04T18:10:56.811038,1.423,-0.710,1.270,0.659
2025-12-04T18:10:56.845428,1.423,-0.709,1.270,0.681
2025-12-04T18:10:56.871794,1.424,-0.708,1.270,0.702
2025-12-04T18:10:56.905051,1.425,-0.707,1.270,0.722
2025-12-04T18:10:56.936340,1.425,-0.706,1.270,0.741
2025-12-04T18:10:56.971858,1.424,-0.687,1.270,0.741
2025-12-04T18:10:57.004826,1.423,-0.669,1.270,0.741
2025-12-04T18:10:57.037522,1.421,-0.650,1.270,0.741
2025-12-04T18:10:57.070321,1.420,-0.631,1.270,0.741
2025-12-04T18:10:57.104125,1.418,-0.611,1.270,0.741
2025-12-04T18:10:57.136582,1.417,-0.592,1.270,0.741
2025-12-04T18:10:57.168763,1.415,-0.573,1.270,0.741
2025-12-04T18:10:57.199955,1.414,-0.554,1.270,0.741
2025-12-04T18:10:57.234424,1.412,-0.534,1.270,0.741
2025-12-04T18:10:57.268535,1.411,-0.515,1.270,0.741
2025-12-04T18:10:57.305114,1.409,-0.495,1.270,0.741
2025-12-04T18:10:57.334682,1.407,-0.476,1.270,0.741
2025-12-04T18:10:57.365932,1.406,-0.456,1.270,0.741
2025-12-04T18:10:57.399747,1.404,-0.436,1.270,0.741
2025-12-04T18:10:57.428771,1.402,-0.417,1.270,0.741
2025-12-04T18:10:57.459967,1.400,-0.397,1.270,0.741
2025-12-04T18:10:57.490721,1.399,-0.377,1.270,0.741
2025-12-04T18:10:57.523251,1.397,-0.357,1.270,0.741
2025-12-04T18:10:57.559243,1.395,-0.337,1.270,0.741
2025-12-04T18:10:57.593036,1.393,-0.317,1.270,0.741
2025-12-04T18:10:57.626197,1.391,-0.297,1.270,0.741
2025-12-04T18:10:57.658824,1.389,-0.277,1.270,0.741
2025-12-04T18:10:57.688821,1.388,-0.257,1.270,0.741
2025-12-04T18:10:57.718817,1.386,-0.237,1.270,0.741
2025-12-04T18:10:57.751512,1.384,-0.217,1.270,0.741
2025-12-04T18:10:57.783629,1.382,-0.197,1.270,0.741
2025-12-04T18:10:57.815698,1.380,-0.177,1.270,0.741
2025-12-04T18:10:57.852097,1.378,-0.157,1.270,0.741
2025-12-04T18:10:57.883900,1.376,-0.137,1.270,0.741
2025-12-04T18:10:57.915658,1.374,-0.117,1.270,0.741
2025-12-04T18:10:57.942958,1.372,-0.097,1.270,0.741
2025-12-04T18:10:57.972772,1.370,-0.076,1.270,0.741
2025-12-04T18:10:58.009000,1.368,-0.056,1.270,0.741
2025-12-04T18:10:58.040605,1.366,-0.036,1.270,0.741
2025-12-04T18:10:58.075019,1.364,-0.016,1.270,0.741
2025-12-04T18:10:58.109130,1.363,0.004,1.270,0.741
2025-12-04T18:10:58.142465,1.361,0.025,1.270,0.741
2025-12-04T18:10:58.176132,1.359,0.045,1.270,0.741
2025-12-04T18:10:58.209484,1.357,0.065,1.270,0.741
2025-12-04T18:10:58.240377,1.355,0.086,1.270,0.741
2025-12-04T18:10:58.271433,1.353,0.106,1.270,0.741
2025-12-04T18:10:58.302543,1.351,0.126,1.270,0.741
2025-12-04T18:10:58.334603,1.349,0.146,1.270,0.741
2025-12-04T18:10:58.366794,1.347,0.167,1.270,0.741
2025-12-04T18:10:58.404702,1.345,0.187,1.270,0.741
2025-12-04T18:10:58.438636,1.343,0.207,1.270,0.741
2025-12-04T18:10:58.472916,1.341,0.228,1.270,0.741
2025-12-04T18:10:58.501903,1.339,0.248,1.270,0.741
2025-12-04T18:10:58.532990,1.337,0.268,1.270,0.741
2025-12-04T18:10:58.564847,1.335,0.289,1.270,0.741
2025-12-04T18:10:58.597445,1.333,0.309,1.270,0.741
2025-12-04T18:10:58.629742,1.331,0.329,1.270,0.741
2025-12-04T18:10:58.663888,1.329,0.350,1.270,0.741
2025-12-04T18:10:58.696788,1.327,0.370,1.270,0.741
2025-12-04T18:10:58.729276,1.325,0.390,1.270,0.741
2025-12-04T18:10:58.761465,1.323,0.411,1.270,0.741
2025-12-04T18:10:58.793610,1.320,0.431,1.270,0.741
2025-12-04T18:10:58.825592,1.318,0.452,1.270,0.741
2025-12-04T18:10:58.860496,1.316,0.472,1.270,0.741
2025-12-04T18:10:58.893531,1.314,0.492,1.270,0.741
2025-12-04T18:10:58.924849,1.312,0.513,1.270,0.741
2025-12-04T18:10:58.959639,1.310,0.533,1.270,0.741
2025-12-04T18:10:58.990045,1.308,0.553,1.270,0.741
2025-12-04T18:10:59.018903,1.306,0.574,1.270,0.741
2025-12-04T18:10:59.053592,1.304,0.594,1.270,0.741
2025-12-04T18:10:59.083661,1.302,0.615,1.270,0.741
2025-12-04T18:10:59.117181,1.300,0.635,1.270,0.741
2025-12-04T18:10:59.148789,1.298,0.655,1.270,0.741
2025-12-04T18:10:59.181656,1.296,0.676,1.270,0.741
2025-12-04T18:10:59.218482,1.294,0.696,1.270,0.741
2025-12-04T18:10:59.252134,1.292,0.716,1.270,0.741
2025-12-04T18:10:59.282588,1.290,0.737,1.270,0.741
2025-12-04T18:10:59.314579,1.288,0.757,1.270,0.741
2025-12-04T18:10:59.344950,1.286,0.778,1.270,0.741
2025-12-04T18:10:59.376142,1.284,0.798,1.270,0.741
2025-12-04T18:10:59.407741,1.282,0.818,1.270,0.741
2025-12-04T18:10:59.439676,1.280,0.839,1.270,0.741
2025-12-04T18:10:59.474714,1.278,0.859,1.270,0.741
2025-12-04T18:10:59.508484,1.276,0.880,1.270,0.741
2025-12-04T18:10:59.542137,1.274,0.900,1.270,0.741
2025-12-04T18:10:59.574728,1.272,0.920,1.270,0.741
2025-12-04T18:10:59.607746,1.270,0.941,1.270,0.741
2025-12-04T18:10:59.636777,1.268,0.961,1.270,0.741
2025-12-04T18:10:59.671121,1.266,0.982,1.270,0.741
2025-12-04T18:10:59.703219,1.264,1.002,1.270,0.741
2025-12-04T18:10:59.735178,1.262,1.022,1.270,0.741
2025-12-04T18:10:59.767862,1.260,1.043,1.270,0.741
2025-12-04T18:10:59.804695,1.258,1.063,1.270,0.741
2025-12-04T18:10:59.838118,1.255,1.084,1.270,0.741
2025-12-04T18:10:59.872225,1.253,1.104,1.270,0.741
2025-12-04T18:10:59.903906,1.251,1.124,1.270,0.741
2025-12-04T18:10:59.934528,1.249,1.145,1.270,0.741
2025-12-04T18:10:59.967539,1.247,1.165,1.270,0.741
2025-12-04T18:11:00.000466,1.245,1.186,1.270,0.741
2025-12-04T18:11:00.032423,1.243,1.206,1.270,0.741
2025-12-04T18:11:00.060040,1.241,1.226,1.270,0.741
2025-12-04T18:11:00.092634,1.239,1.247,1.270,0.741
2025-12-04T18:11:00.128855,1.237,1.267,1.270,0.741
2025-12-04T18:11:00.161160,1.237,1.270,1.270,0.722
2025-12-04T18:11:00.192602,1.237,1.272,1.270,0.702
2025-12-04T18:11:00.224774,1.236,1.274,1.270,0.681
2025-12-04T18:11:00.258182,1.236,1.277,1.270,0.659
2025-12-04T18:11:00.292045,1.236,1.279,1.270,0.637
2025-12-04T18:11:00.326304,1.236,1.280,1.270,0.615
2025-12-04T18:11:00.360334,1.236,1.282,1.270,0.592
2025-12-04T18:11:00.391840,1.235,1.284,1.270,0.569
2025-12-04T18:11:00.424589,1.235,1.285,1.270,0.545
2025-12-04T18:11:00.454292,1.235,1.287,1.270,0.520
2025-12-04T18:11:00.486204,1.235,1.288,1.270,0.495
2025-12-04T18:11:00.518153,1.235,1.289,1.270,0.470
2025-12-04T18:11:00.548358,1.235,1.290,1.270,0.445
2025-12-04T18:11:00.580587,1.235,1.291,1.270,0.419
2025-12-04T18:11:00.617650,1.235,1.293,1.270,0.392
2025-12-04T18:11:00.651296,1.235,1.293,1.270,0.366
2025-12-04T18:11:00.683271,1.234,1.294,1.270,0.339
2025-12-04T18:11:00.716526,1.234,1.295,1.270,0.312
2025-12-04T18:11:00.745871,1.234,1.296,1.270,0.284
2025-12-04T18:11:00.778278,1.234,1.297,1.270,0.256
2025-12-04T18:11:00.810963,1.234,1.297,1.270,0.228
2025-12-04T18:11:00.843620,1.234,1.298,1.270,0.200
2025-12-04T18:11:00.877439,1.250,1.306,1.270,0.200
2025-12-04T18:11:00.911581,1.267,1.313,1.270,0.200
2025-12-04T18:11:00.943040,1.284,1.321,1.270,0.200
2025-12-04T18:11:00.975789,1.301,1.329,1.270,0.200
2025-12-04T18:11:01.007833,1.318,1.336,1.270,0.200
2025-12-04T18:11:01.037912,1.335,1.344,1.270,0.200
2025-12-04T18:11:01.067975,1.352,1.352,1.270,0.200
2025-12-04T18:11:01.099947,1.369,1.360,1.270,0.200
2025-12-04T18:11:01.128987,1.387,1.368,1.270,0.200
2025-12-04T18:11:01.164780,1.404,1.375,1.270,0.200
2025-12-04T18:11:01.197747,1.422,1.383,1.270,0.200
2025-12-04T18:11:01.228675,1.440,1.391,1.270,0.200
2025-12-04T18:11:01.259929,1.457,1.399,1.270,0.200
2025-12-04T18:11:01.290752,1.475,1.407,1.270,0.200
2025-12-04T18:11:01.322440,1.493,1.415,1.270,0.200
2025-12-04T18:11:01.357667,1.511,1.423,1.270,0.200
2025-12-04T18:11:01.389163,1.529,1.430,1.270,0.200
2025-12-04T18:11:01.421718,1.547,1.438,1.270,0.200
2025-12-04T18:11:01.457846,1.565,1.446,1.270,0.200
2025-12-04T18:11:01.490075,1.583,1.454,1.270,0.200
2025-12-04T18:11:01.522947,1.602,1.462,1.270,0.200
2025-12-04T18:11:01.554966,1.620,1.470,1.270,0.200
2025-12-04T18:11:01.583708,1.638,1.478,1.270,0.200
2025-12-04T18:11:01.615881,1.656,1.486,1.270,0.200
2025-12-04T18:11:01.647562,1.675,1.494,1.270,0.200
2025-12-04T18:11:01.677233,1.693,1.502,1.270,0.200
2025-12-04T18:11:01.710516,1.712,1.510,1.270,0.200
2025-12-04T18:11:01.743626,1.730,1.518,1.270,0.200
2025-12-04T18:11:01.778035,1.749,1.526,1.270,0.200
2025-12-04T18:11:01.813782,1.767,1.534,1.270,0.200
2025-12-04T18:11:01.844228,1.786,1.542,1.270,0.200
2025-12-04T18:11:01.876283,1.804,1.550,1.270,0.200
2025-12-04T18:11:01.908568,1.823,1.558,1.270,0.200
2025-12-04T18:11:01.938341,1.841,1.566,1.270,0.200
2025-12-04T18:11:01.964919,1.860,1.574,1.270,0.200
2025-12-04T18:11:01.996901,1.879,1.582,1.270,0.200
2025-12-04T18:11:02.031127,1.897,1.590,1.270,0.200
2025-12-04T18:11:02.062201,1.916,1.598,1.270,0.200
2025-12-04T18:11:02.098171,1.935,1.606,1.270,0.200
2025-12-04T18:11:02.130347,1.953,1.614,1.270,0.200
2025-12-04T18:11:02.163958,1.972,1.622,1.270,0.200
2025-12-04T18:11:02.194796,1.991,1.630,1.270,0.200
2025-12-04T18:11:02.222657,2.009,1.638,1.270,0.200
2025-12-04T18:11:02.257483,2.028,1.646,1.270,0.200
2025-12-04T18:11:02.288731,2.030,1.647,1.270,0.172
2025-12-04T18:11:02.321811,2.032,1.648,1.270,0.144
2025-12-04T18:11:02.357979,2.034,1.649,1.270,0.115
2025-12-04T18:11:02.391229,2.036,1.650,1.270,0.086
2025-12-04T18:11:02.424907,2.038,1.650,1.270,0.058
2025-12-04T18:11:02.461148,2.040,1.651,1.270,0.029
2025-12-04T18:11:02.487991,2.041,1.652,1.270,-0.000
2025-12-04T18:11:02.516883,2.042,1.652,1.270,-0.029
2025-12-04T18:11:02.549498,2.044,1.653,1.270,-0.058
2025-12-04T18:11:02.581143,2.063,1.651,1.270,-0.058
2025-12-04T18:11:02.613848,2.082,1.650,1.270,-0.058
2025-12-04T18:11:02.651336,2.101,1.648,1.270,-0.058
2025-12-04T18:11:02.684604,2.120,1.647,1.270,-0.058
2025-12-04T18:11:02.716477,2.140,1.645,1.270,-0.058
2025-12-04T18:11:02.748562,2.159,1.643,1.270,-0.058
2025-12-04T18:11:02.778090,2.179,1.641,1.270,-0.058
2025-12-04T18:11:02.812520,2.198,1.639,1.270,-0.058
2025-12-04T18:11:02.843623,2.218,1.638,1.270,-0.058
2025-12-04T18:11:02.876210,2.237,1.636,1.270,-0.058
2025-12-04T18:11:02.911391,2.257,1.634,1.270,-0.058
2025-12-04T18:11:02.943963,2.277,1.632,1.270,-0.058
2025-12-04T18:11:02.977164,2.297,1.630,1.270,-0.058
2025-12-04T18:11:03.008978,2.316,1.628,1.270,-0.058
2025-12-04T18:11:03.037332,2.336,1.626,1.270,-0.058
2025-12-04T18:11:03.070997,2.356,1.624,1.270,-0.058
2025-12-04T18:11:03.103823,2.376,1.622,1.270,-0.058
2025-12-04T18:11:03.135527,2.396,1.620,1.270,-0.058
2025-12-04T18:11:03.164924,2.416,1.618,1.270,-0.058
2025-12-04T18:11:03.204143,2.436,1.615,1.270,-0.058
2025-12-04T18:11:03.238234,2.456,1.613,1.270,-0.058
2025-12-04T18:11:03.269572,2.476,1.611,1.270,-0.058
2025-12-04T18:11:03.300419,2.496,1.609,1.270,-0.058
2025-12-04T18:11:03.333289,2.516,1.607,1.270,-0.058
2025-12-04T18:11:03.365591,2.536,1.605,1.270,-0.058
2025-12-04T18:11:03.395300,2.556,1.602,1.270,-0.058
2025-12-04T18:11:03.424570,2.576,1.600,1.270,-0.058
2025-12-04T18:11:03.457692,2.597,1.598,1.270,-0.058
2025-12-04T18:11:03.489189,2.617,1.596,1.270,-0.058
2025-12-04T18:11:03.525154,2.637,1.594,1.270,-0.058
2025-12-04T18:11:03.557222,2.657,1.591,1.270,-0.058
2025-12-04T18:11:03.588537,2.677,1.589,1.270,-0.058
2025-12-04T18:11:03.622171,2.698,1.587,1.270,-0.058
2025-12-04T18:11:03.651648,2.718,1.585,1.270,-0.058
2025-12-04T18:11:03.683065,2.738,1.582,1.270,-0.058
2025-12-04T18:11:03.717382,2.758,1.580,1.270,-0.058
2025-12-04T18:11:03.753519,2.779,1.578,1.270,-0.058
2025-12-04T18:11:03.785782,2.799,1.575,1.270,-0.058
2025-12-04T18:11:03.817652,2.819,1.573,1.270,-0.058
2025-12-04T18:11:03.846465,2.839,1.571,1.270,-0.058
2025-12-04T18:11:03.875359,2.860,1.569,1.270,-0.058
2025-12-04T18:11:03.907229,2.880,1.566,1.270,-0.058
2025-12-04T18:11:03.940400,2.900,1.564,1.270,-0.058
2025-12-04T18:11:03.972748,2.920,1.562,1.270,-0.058
2025-12-04T18:11:04.008536,2.941,1.559,1.270,-0.058
2025-12-04T18:11:04.040686,2.961,1.557,1.270,-0.058
2025-12-04T18:11:04.073994,2.981,1.555,1.270,-0.058
2025-12-04T18:11:04.105653,3.002,1.552,1.270,-0.058
2025-12-04T18:11:04.135635,3.022,1.550,1.270,-0.058
2025-12-04T18:11:04.169225,3.042,1.548,1.270,-0.058
2025-12-04T18:11:04.199983,3.063,1.545,1.270,-0.058
2025-12-04T18:11:04.237103,3.083,1.543,1.270,-0.058
2025-12-04T18:11:04.271428,3.103,1.541,1.270,-0.058
2025-12-04T18:11:04.303973,3.124,1.538,1.270,-0.058
2025-12-04T18:11:04.334511,3.144,1.536,1.270,-0.058
2025-12-04T18:11:04.364672,3.164,1.534,1.270,-0.058
2025-12-04T18:11:04.394395,3.185,1.531,1.270,-0.058
2025-12-04T18:11:04.425113,3.205,1.529,1.270,-0.058
2025-12-04T18:11:04.456481,3.225,1.527,1.270,-0.058
2025-12-04T18:11:04.488689,3.246,1.524,1.270,-0.058
2025-12-04T18:11:04.522015,3.266,1.522,1.270,-0.058
2025-12-04T18:11:04.557214,3.286,1.520,1.270,-0.058
2025-12-04T18:11:04.589973,3.307,1.517,1.270,-0.058
2025-12-04T18:11:04.624101,3.327,1.515,1.270,-0.058
2025-12-04T18:11:04.657197,3.347,1.513,1.270,-0.058
2025-12-04T18:11:04.689544,3.368,1.510,1.270,-0.058
2025-12-04T18:11:04.719517,3.388,1.508,1.270,-0.058
2025-12-04T18:11:04.752181,3.408,1.506,1.270,-0.058
2025-12-04T18:11:04.782548,3.429,1.503,1.270,-0.058
2025-12-04T18:11:04.814322,3.449,1.501,1.270,-0.058
2025-12-04T18:11:04.849180,3.470,1.499,1.270,-0.058
2025-12-04T18:11:04.883647,3.490,1.496,1.270,-0.058
2025-12-04T18:11:04.915375,3.510,1.494,1.270,-0.058
2025-12-04T18:11:04.948369,3.531,1.492,1.270,-0.058
2025-12-04T18:11:04.980212,3.551,1.489,1.270,-0.058
2025-12-04T18:11:05.008801,3.571,1.487,1.270,-0.058
2025-12-04T18:11:05.043598,3.592,1.485,1.270,-0.058
2025-12-04T18:11:05.077111,3.612,1.482,1.270,-0.058
2025-12-04T18:11:05.110710,3.632,1.480,1.270,-0.058
2025-12-04T18:11:05.142903,3.653,1.477,1.270,-0.058
2025-12-04T18:11:05.175580,3.673,1.475,1.270,-0.058
2025-12-04T18:11:05.207815,3.694,1.473,1.270,-0.058
2025-12-04T18:11:05.235499,3.714,1.470,1.270,-0.058
2025-12-04T18:11:05.267940,3.734,1.468,1.270,-0.058
2025-12-04T18:11:05.300322,3.755,1.466,1.270,-0.058
2025-12-04T18:11:05.332967,3.775,1.463,1.270,-0.058
2025-12-04T18:11:05.368212,3.795,1.461,1.270,-0.058
2025-12-04T18:11:05.404566,3.816,1.459,1.270,-0.058
2025-12-04T18:11:05.432866,3.836,1.456,1.270,-0.058
2025-12-04T18:11:05.464080,3.856,1.454,1.270,-0.058
2025-12-04T18:11:05.497708,3.877,1.452,1.270,-0.058
2025-12-04T18:11:05.527677,3.897,1.449,1.270,-0.058
2025-12-04T18:11:05.561478,3.918,1.447,1.270,-0.058
2025-12-04T18:11:05.592638,3.938,1.445,1.270,-0.058
2025-12-04T18:11:05.625222,3.958,1.442,1.270,-0.058
2025-12-04T18:11:05.661247,3.979,1.440,1.270,-0.058
2025-12-04T18:11:05.696213,3.999,1.437,1.270,-0.058
2025-12-04T18:11:05.732110,4.019,1.435,1.270,-0.058
2025-12-04T18:11:05.761981,4.040,1.433,1.270,-0.058
2025-12-04T18:11:05.793363,4.060,1.430,1.270,-0.058
2025-12-04T18:11:05.823711,4.081,1.428,1.270,-0.058
2025-12-04T18:11:05.855172,4.101,1.426,1.270,-0.058
2025-12-04T18:11:05.886718,4.121,1.423,1.270,-0.058
2025-12-04T18:11:05.920498,4.142,1.421,1.270,-0.058
2025-12-04T18:11:05.956313,4.162,1.419,1.270,-0.058
2025-12-04T18:11:05.988064,4.182,1.416,1.270,-0.058
2025-12-04T18:11:06.019188,4.203,1.414,1.270,-0.058
2025-12-04T18:11:06.052941,4.223,1.412,1.270,-0.058
2025-12-04T18:11:06.080978,4.244,1.409,1.270,-0.058
2025-12-04T18:11:06.111592,4.264,1.407,1.270,-0.058
2025-12-04T18:11:06.143892,4.284,1.404,1.270,-0.058
2025-12-04T18:11:06.175834,4.305,1.402,1.270,-0.058
2025-12-04T18:11:06.210721,4.325,1.400,1.270,-0.058
2025-12-04T18:11:06.243653,4.345,1.397,1.270,-0.058
2025-12-04T18:11:06.274363,4.366,1.395,1.270,-0.058
2025-12-04T18:11:06.308140,4.386,1.393,1.270,-0.058
2025-12-04T18:11:06.337875,4.406,1.390,1.270,-0.058
2025-12-04T18:11:06.371844,4.427,1.388,1.270,-0.058
2025-12-04T18:11:06.402240,4.447,1.386,1.270,-0.058
2025-12-04T18:11:06.434596,4.450,1.385,1.270,-0.029
2025-12-04T18:11:06.468383,4.452,1.385,1.270,-0.000
2025-12-04T18:11:06.497983,4.454,1.385,1.270,0.029
2025-12-04T18:11:06.530730,4.457,1.385,1.270,0.058
2025-12-04T18:11:06.566532,4.459,1.384,1.270,0.086
2025-12-04T18:11:06.601377,4.460,1.384,1.270,0.115
2025-12-04T18:11:06.633107,4.462,1.384,1.270,0.144
2025-12-04T18:11:06.665519,4.464,1.384,1.270,0.172
2025-12-04T18:11:06.695558,4.465,1.384,1.270,0.200
2025-12-04T18:11:06.724618,4.467,1.383,1.270,0.228
2025-12-04T18:11:06.758676,4.484,1.391,1.270,0.228
2025-12-04T18:11:06.792695,4.501,1.399,1.270,0.228
2025-12-04T18:11:06.823899,4.519,1.407,1.270,0.228
2025-12-04T18:11:06.859711,4.537,1.415,1.270,0.228
2025-12-04T18:11:06.892848,4.554,1.423,1.270,0.228
2025-12-04T18:11:06.925354,4.572,1.431,1.270,0.228
2025-12-04T18:11:06.955551,4.589,1.440,1.270,0.228
2025-12-04T18:11:06.984677,4.607,1.448,1.270,0.228
2025-12-04T18:11:07.018507,4.625,1.456,1.270,0.228
2025-12-04T18:11:07.046992,4.643,1.465,1.270,0.228
2025-12-04T18:11:07.080851,4.661,1.473,1.270,0.228
2025-12-04T18:11:07.117731,4.679,1.482,1.270,0.228
2025-12-04T18:11:07.151001,4.697,1.490,1.270,0.228
2025-12-04T18:11:07.185428,4.714,1.499,1.270,0.228
2025-12-04T18:11:07.216406,4.732,1.507,1.270,0.228
2025-12-04T18:11:07.246985,4.750,1.516,1.270,0.228
2025-12-04T18:11:07.277165,4.768,1.525,1.270,0.228
2025-12-04T18:11:07.311631,4.787,1.533,1.270,0.228
2025-12-04T18:11:07.343627,4.805,1.542,1.270,0.228
2025-12-04T18:11:07.376655,4.823,1.551,1.270,0.228
2025-12-04T18:11:07.410206,4.841,1.560,1.270,0.228
2025-12-04T18:11:07.443334,4.859,1.568,1.270,0.228
2025-12-04T18:11:07.476554,4.877,1.577,1.270,0.228
2025-12-04T18:11:07.507849,4.895,1.586,1.270,0.228
2025-12-04T18:11:07.536790,4.913,1.595,1.270,0.228
2025-12-04T18:11:07.564639,4.932,1.604,1.270,0.228
2025-12-04T18:11:07.596999,4.950,1.613,1.270,0.228
2025-12-04T18:11:07.629959,4.968,1.621,1.270,0.228
2025-12-04T18:11:07.660332,4.986,1.630,1.270,0.228
2025-12-04T18:11:07.694675,5.004,1.639,1.270,0.228
2025-12-04T18:11:07.726825,5.023,1.648,1.270,0.228
2025-12-04T18:11:07.763244,5.041,1.657,1.270,0.228
2025-12-04T18:11:07.795390,5.059,1.666,1.270,0.228
2025-12-04T18:11:07.827536,5.061,1.667,1.270,0.200
2025-12-04T18:11:07.861128,5.063,1.668,1.270,0.172
2025-12-04T18:11:07.894238,5.065,1.669,1.270,0.144
2025-12-04T18:11:07.928468,5.067,1.670,1.270,0.115
2025-12-04T18:11:07.963730,5.086,1.675,1.270,0.115
2025-12-04T18:11:07.995154,5.105,1.680,1.270,0.115
2025-12-04T18:11:08.026962,5.125,1.684,1.270,0.115
2025-12-04T18:11:08.059584,5.144,1.689,1.270,0.115
2025-12-04T18:11:08.089940,5.163,1.694,1.270,0.115
2025-12-04T18:11:08.119211,5.183,1.699,1.270,0.115
2025-12-04T18:11:08.151771,5.202,1.704,1.270,0.115
2025-12-04T18:11:08.184902,5.222,1.708,1.270,0.115
2025-12-04T18:11:08.221462,5.241,1.713,1.270,0.115
2025-12-04T18:11:08.251695,5.260,1.718,1.270,0.115
2025-12-04T18:11:08.283676,5.280,1.723,1.270,0.115
2025-12-04T18:11:08.313882,5.300,1.728,1.270,0.115
2025-12-04T18:11:08.343402,5.319,1.732,1.270,0.115
2025-12-04T18:11:08.377370,5.339,1.737,1.270,0.115
2025-12-04T18:11:08.411890,5.358,1.742,1.270,0.115
2025-12-04T18:11:08.443880,5.378,1.747,1.270,0.115
2025-12-04T18:11:08.478884,5.398,1.751,1.270,0.115
2025-12-04T18:11:08.510364,5.417,1.756,1.270,0.115
2025-12-04T18:11:08.542354,5.437,1.761,1.270,0.115
2025-12-04T18:11:08.574288,5.457,1.766,1.270,0.115
2025-12-04T18:11:08.605364,5.459,1.766,1.270,0.086
2025-12-04T18:11:08.634191,5.461,1.767,1.270,0.058
2025-12-04T18:11:08.663565,5.463,1.767,1.270,0.029
2025-12-04T18:11:08.697289,5.465,1.768,1.270,-0.000
2025-12-04T18:11:08.728502,5.467,1.768,1.270,-0.029
2025-12-04T18:11:08.761499,5.469,1.769,1.270,-0.058
2025-12-04T18:11:08.794859,5.470,1.769,1.270,-0.086
2025-12-04T18:11:08.831057,5.489,1.767,1.270,-0.086
2025-12-04T18:11:08.868785,5.509,1.764,1.270,-0.086
2025-12-04T18:11:08.900384,5.528,1.761,1.270,-0.086
2025-12-04T18:11:08.932264,5.547,1.758,1.270,-0.086
2025-12-04T18:11:08.963822,5.566,1.755,1.270,-0.086
2025-12-04T18:11:08.991589,5.586,1.752,1.270,-0.086
2025-12-04T18:11:09.023349,5.605,1.749,1.270,-0.086
2025-12-04T18:11:09.059538,5.625,1.746,1.270,-0.086
2025-12-04T18:11:09.089745,5.644,1.743,1.270,-0.086
2025-12-04T18:11:09.124709,5.664,1.740,1.270,-0.086
2025-12-04T18:11:09.157657,5.684,1.737,1.270,-0.086
2025-12-04T18:11:09.188797,5.703,1.734,1.270,-0.086
2025-12-04T18:11:09.220089,5.723,1.731,1.270,-0.086
2025-12-04T18:11:09.252338,5.743,1.728,1.270,-0.086
2025-12-04T18:11:09.283179,5.762,1.725,1.270,-0.086
2025-12-04T18:11:09.315868,5.782,1.721,1.270,-0.086
2025-12-04T18:11:09.351196,5.802,1.718,1.270,-0.086
2025-12-04T18:11:09.383654,5.821,1.715,1.270,-0.086
2025-12-04T18:11:09.416414,5.838,1.713,1.270,-0.086
2025-12-04T18:11:09.449145,5.854,1.712,1.270,-0.086
2025-12-04T18:11:09.477988,5.868,1.713,1.270,-0.086
2025-12-04T18:11:09.511382,5.863,1.717,1.270,-0.115
2025-12-04T18:11:09.543682,5.858,1.722,1.270,-0.144
2025-12-04T18:11:09.575879,5.852,1.728,1.270,-0.172
2025-12-04T18:11:09.609262,5.846,1.733,1.270,-0.200
2025-12-04T18:11:09.643386,5.840,1.739,1.270,-0.228
2025-12-04T18:11:09.677065,5.835,1.743,1.270,-0.256
2025-12-04T18:11:09.704880,5.830,1.748,1.270,-0.284
2025-12-04T18:11:09.737233,5.825,1.752,1.270,-0.312
2025-12-04T18:11:09.768941,5.835,1.746,1.270,-0.312
2025-12-04T18:11:09.805376,5.845,1.739,1.270,-0.312
2025-12-04T18:11:09.837614,5.856,1.731,1.270,-0.312
2025-12-04T18:11:09.869674,5.867,1.724,1.270,-0.312
2025-12-04T18:11:09.903176,5.877,1.718,1.270,-0.312
2025-12-04T18:11:09.929862,5.886,1.712,1.270,-0.312
2025-12-04T18:11:09.962151,5.894,1.707,1.270,-0.312
2025-12-04T18:11:09.993991,5.901,1.703,1.270,-0.312
2025-12-04T18:11:10.026057,5.908,1.699,1.270,-0.312
2025-12-04T18:11:10.060628,5.913,1.696,1.270,-0.312
2025-12-04T18:11:10.092161,5.918,1.694,1.270,-0.312
2025-12-04T18:11:10.124488,5.922,1.693,1.270,-0.312
2025-12-04T18:11:10.160149,5.926,1.691,1.270,-0.312
2025-12-04T18:11:10.192355,5.929,1.691,1.270,-0.312
2025-12-04T18:11:10.224820,5.932,1.691,1.270,-0.312
2025-12-04T18:11:10.254387,5.935,1.691,1.270,-0.312
2025-12-04T18:11:10.284324,5.937,1.691,1.270,-0.312
2025-12-04T18:11:10.316510,5.939,1.692,1.270,-0.312
2025-12-04T18:11:10.347830,5.941,1.693,1.270,-0.312
2025-12-04T18:11:10.379055,5.941,1.693,1.270,-0.312
2025-12-04T18:11:10.409886,5.941,1.693,1.270,-0.312
2025-12-04T18:11:10.444569,5.941,1.693,1.270,-0.312
2025-12-04T18:11:10.481724,5.941,1.693,1.270,-0.312
2025-12-04T18:11:10.511617,5.941,1.693,1.270,-0.312
2025-12-04T18:11:10.547965,5.941,1.693,1.270,-0.312
2025-12-04T18:11:10.579171,5.941,1.693,1.270,-0.312
2025-12-04T18:11:10.611877,5.941,1.693,1.270,-0.312
2025-12-04T18:11:10.644669,5.941,1.693,1.270,-0.312
2025-12-04T18:11:10.673548,5.941,1.693,1.270,-0.312
2025-12-04T18:11:10.710297,5.941,1.693,1.270,-0.312
2025-12-04T18:11:10.743121,5.941,1.693,1.270,-0.312
2025-12-04T18:11:10.771728,5.941,1.693,1.270,-0.312
2025-12-04T18:11:10.808021,5.941,1.693,1.270,-0.312
2025-12-04T18:11:10.839314,5.941,1.693,1.270,-0.312
2025-12-04T18:11:10.872291,5.941,1.693,1.270,-0.312
2025-12-04T18:11:10.902848,5.941,1.693,1.270,-0.312
2025-12-04T18:11:10.933790,5.941,1.693,1.270,-0.312
2025-12-04T18:11:10.969869,5.941,1.693,1.270,-0.312
2025-12-04T18:11:11.003598,5.941,1.693,1.270,-0.312
2025-12-04T18:11:11.031492,5.941,1.693,1.270,-0.312
2025-12-04T18:11:11.064107,5.941,1.693,1.270,-0.312
2025-12-04T18:11:11.099217,5.941,1.693,1.270,-0.312
2025-12-04T18:11:11.132253,5.941,1.693,1.270,-0.312
2025-12-04T18:11:11.168367,5.941,1.693,1.270,-0.312
2025-12-04T18:11:11.201165,5.941,1.693,1.270,-0.312
2025-12-04T18:11:11.230362,5.941,1.693,1.270,-0.312
2025-12-04T18:11:11.263152,5.941,1.693,1.270,-0.312
2025-12-04T18:11:11.297037,5.941,1.693,1.270,-0.312
2025-12-04T18:11:11.328183,5.941,1.693,1.270,-0.312
2025-12-04T18:11:11.362958,5.941,1.693,1.270,-0.312
2025-12-04T18:11:11.394508,5.941,1.693,1.270,-0.312
2025-12-04T18:11:11.426916,5.941,1.693,1.270,-0.312
2025-12-04T18:11:11.458640,5.941,1.693,1.270,-0.312
2025-12-04T18:11:11.489871,5.941,1.693,1.270,-0.312
2025-12-04T18:11:11.524588,5.941,1.693,1.270,-0.312
2025-12-04T18:11:11.561547,5.941,1.693,1.270,-0.312
2025-12-04T18:11:11.595744,5.941,1.693,1.270,-0.312
2025-12-04T18:11:11.630466,5.941,1.693,1.270,-0.312
2025-12-04T18:11:11.661495,5.941,1.693,1.270,-0.312
2025-12-04T18:11:11.693171,5.941,1.693,1.270,-0.312
2025-12-04T18:11:11.727404,5.941,1.693,1.270,-0.312
2025-12-04T18:11:11.759231,5.941,1.693,1.270,-0.312
2025-12-04T18:11:11.790618,5.941,1.693,1.270,-0.312
2025-12-04T18:11:11.822602,5.941,1.693,1.270,-0.312
2025-12-04T18:11:11.852248,5.941,1.693,1.270,-0.312
2025-12-04T18:11:11.884718,5.941,1.693,1.270,-0.312
2025-12-04T18:11:11.921670,5.941,1.693,1.270,-0.312
2025-12-04T18:11:11.955686,5.941,1.693,1.270,-0.312
2025-12-04T18:11:11.989887,5.941,1.693,1.270,-0.312
2025-12-04T18:11:12.022412,5.941,1.693,1.270,-0.312
2025-12-04T18:11:12.057921,5.941,1.693,1.270,-0.312
2025-12-04T18:11:12.091670,5.941,1.693,1.270,-0.312
2025-12-04T18:11:12.123099,5.941,1.693,1.270,-0.312
2025-12-04T18:11:12.154954,5.941,1.693,1.270,-0.312
2025-12-04T18:11:12.183640,5.941,1.693,1.270,-0.312
2025-12-04T18:11:12.217402,5.941,1.693,1.270,-0.312
2025-12-04T18:11:12.249926,5.941,1.693,1.270,-0.312
2025-12-04T18:11:12.282790,5.941,1.693,1.270,-0.312
2025-12-04T18:11:12.318557,5.941,1.693,1.270,-0.312
2025-12-04T18:11:12.350898,5.941,1.693,1.270,-0.312
2025-12-04T18:11:12.382096,5.941,1.693,1.270,-0.312
2025-12-04T18:11:12.414518,5.941,1.693,1.270,-0.312
2025-12-04T18:11:12.443908,5.941,1.693,1.270,-0.312
2025-12-04T18:11:12.477395,5.941,1.693,1.270,-0.312
2025-12-04T18:11:12.506519,5.941,1.693,1.270,-0.312
2025-12-04T18:11:12.539842,5.941,1.693,1.270,-0.312
2025-12-04T18:11:12.573248,5.941,1.693,1.270,-0.312
2025-12-04T18:11:12.607846,5.941,1.693,1.270,-0.312
2025-12-04T18:11:12.641429,5.941,1.693,1.270,-0.312
2025-12-04T18:11:12.673721,5.941,1.693,1.270,-0.312
2025-12-04T18:11:12.705956,5.941,1.693,1.270,-0.312
2025-12-04T18:11:12.735678,5.941,1.693,1.270,-0.312
2025-12-04T18:11:12.766381,5.941,1.693,1.270,-0.312
2025-12-04T18:11:12.795678,5.941,1.693,1.270,-0.312
2025-12-04T18:11:12.828540,5.941,1.693,1.270,-0.312
2025-12-04T18:11:12.864250,5.941,1.693,1.270,-0.312
2025-12-04T18:11:12.897862,5.941,1.693,1.270,-0.312
2025-12-04T18:11:12.926885,5.941,1.693,1.270,-0.312
2025-12-04T18:11:12.957519,5.941,1.693,1.270,-0.312
2025-12-04T18:11:12.987633,5.941,1.693,1.270,-0.312
2025-12-04T18:11:13.020024,5.941,1.693,1.270,-0.312
2025-12-04T18:11:13.053663,5.941,1.693,1.270,-0.312
2025-12-04T18:11:13.086429,5.941,1.693,1.270,-0.312
2025-12-04T18:11:13.122034,5.941,1.693,1.270,-0.312
2025-12-04T18:11:13.156164,5.941,1.693,1.270,-0.312
2025-12-04T18:11:13.186945,5.941,1.693,1.270,-0.312
2025-12-04T18:11:13.220173,5.941,1.693,1.270,-0.312
2025-12-04T18:11:13.252051,5.941,1.693,1.270,-0.312
2025-12-04T18:11:13.282070,5.941,1.693,1.270,-0.312
2025-12-04T18:11:13.314074,5.941,1.693,1.270,-0.312
2025-12-04T18:11:13.344338,5.941,1.693,1.270,-0.312
2025-12-04T18:11:13.375530,5.941,1.693,1.270,-0.312
2025-12-04T18:11:13.407943,5.941,1.693,1.270,-0.312
2025-12-04T18:11:13.442472,5.941,1.693,1.270,-0.312
2025-12-04T18:11:13.478488,5.941,1.693,1.270,-0.312
2025-12-04T18:11:13.512868,5.941,1.693,1.270,-0.312
2025-12-04T18:11:13.541628,5.941,1.693,1.270,-0.312
2025-12-04T18:11:13.574321,5.941,1.693,1.270,-0.312
2025-12-04T18:11:13.605059,5.941,1.693,1.270,-0.312
2025-12-04T18:11:13.637806,5.941,1.693,1.270,-0.312
2025-12-04T18:11:13.670243,5.941,1.693,1.270,-0.312
2025-12-04T18:11:13.706336,5.941,1.693,1.270,-0.312
2025-12-04T18:11:13.739819,5.941,1.693,1.270,-0.312
2025-12-04T18:11:13.772445,5.941,1.693,1.270,-0.312
2025-12-04T18:11:13.804126,5.941,1.693,1.270,-0.312
2025-12-04T18:11:13.834584,5.941,1.693,1.270,-0.312
2025-12-04T18:11:13.865247,5.941,1.693,1.270,-0.312
2025-12-04T18:11:13.893777,5.941,1.693,1.270,-0.312
2025-12-04T18:11:13.925822,5.941,1.693,1.270,-0.312
2025-12-04T18:11:13.965290,5.941,1.693,1.270,-0.312
2025-12-04T18:11:13.997212,5.941,1.693,1.270,-0.312
2025-12-04T18:11:14.028485,5.941,1.693,1.270,-0.312
2025-12-04T18:11:14.062451,5.941,1.693,1.270,-0.312
2025-12-04T18:11:14.093492,5.941,1.693,1.270,-0.312
2025-12-04T18:11:14.123441,5.941,1.693,1.270,-0.312
2025-12-04T18:11:14.153572,5.941,1.693,1.270,-0.312
2025-12-04T18:11:14.185424,5.941,1.693,1.270,-0.312
2025-12-04T18:11:14.217939,5.941,1.693,1.270,-0.312
2025-12-04T18:11:14.249915,5.941,1.693,1.270,-0.312
2025-12-04T18:11:14.287736,5.941,1.693,1.270,-0.312
2025-12-04T18:11:14.322086,5.941,1.693,1.270,-0.312
2025-12-04T18:11:14.358372,5.941,1.693,1.270,-0.312
2025-12-04T18:11:14.390140,5.941,1.693,1.270,-0.312
2025-12-04T18:11:14.422272,5.941,1.693,1.270,-0.312
2025-12-04T18:11:14.451551,5.941,1.693,1.270,-0.312
2025-12-04T18:11:14.485346,5.941,1.693,1.270,-0.312
2025-12-04T18:11:14.510216,5.941,1.693,1.270,-0.312
2025-12-04T18:11:14.542376,5.941,1.693,1.270,-0.312
2025-12-04T18:11:14.576262,5.941,1.693,1.270,-0.312
2025-12-04T18:11:14.610316,5.941,1.693,1.270,-0.312
2025-12-04T18:11:14.645858,5.941,1.693,1.270,-0.312
2025-12-04T18:11:14.680587,5.941,1.693,1.270,-0.312
2025-12-04T18:11:14.711828,5.941,1.693,1.270,-0.312
2025-12-04T18:11:14.743015,5.941,1.693,1.270,-0.312
2025-12-04T18:11:14.771692,5.941,1.693,1.270,-0.312
2025-12-04T18:11:14.803977,5.941,1.693,1.270,-0.312
2025-12-04T18:11:14.836486,5.941,1.693,1.270,-0.312
2025-12-04T18:11:14.868401,5.941,1.693,1.270,-0.312
2025-12-04T18:11:14.904955,5.941,1.693,1.270,-0.312
2025-12-04T18:11:14.936485,5.941,1.693,1.270,-0.312
2025-12-04T18:11:14.976756,5.941,1.693,1.270,-0.312
2025-12-04T18:11:15.010602,5.941,1.693,1.270,-0.312
2025-12-04T18:11:15.041823,5.941,1.693,1.270,-0.312
2025-12-04T18:11:15.071216,5.941,1.693,1.270,-0.312
2025-12-04T18:11:15.100625,5.941,1.693,1.270,-0.312
2025-12-04T18:11:15.131804,5.941,1.693,1.270,-0.312
2025-12-04T18:11:15.161727,5.941,1.693,1.270,-0.312
2025-12-04T18:11:15.193946,5.941,1.693,1.270,-0.312
2025-12-04T18:11:15.226623,5.941,1.693,1.270,-0.312
2025-12-04T18:11:15.261213,5.941,1.693,1.270,-0.312
2025-12-04T18:11:15.295996,5.941,1.693,1.270,-0.312
2025-12-04T18:11:15.329018,5.941,1.693,1.270,-0.312
2025-12-04T18:11:15.360955,5.941,1.693,1.270,-0.312
2025-12-04T18:11:15.392963,5.941,1.693,1.270,-0.312
2025-12-04T18:11:15.422070,5.941,1.693,1.270,-0.312
2025-12-04T18:11:15.451501,5.941,1.693,1.270,-0.312
2025-12-04T18:11:15.483156,5.941,1.693,1.270,-0.312
2025-12-04T18:11:15.519911,5.941,1.693,1.270,-0.312
2025-12-04T18:11:15.553617,5.941,1.693,1.270,-0.312
2025-12-04T18:11:15.586585,5.941,1.693,1.270,-0.312
2025-12-04T18:11:15.618157,5.941,1.693,1.270,-0.312
2025-12-04T18:11:15.649016,5.941,1.693,1.270,-0.312
2025-12-04T18:11:15.680652,5.941,1.693,1.270,-0.312
2025-12-04T18:11:15.716554,5.941,1.693,1.270,-0.312
2025-12-04T18:11:15.753681,5.941,1.693,1.270,-0.312
2025-12-04T18:11:15.783950,5.941,1.693,1.270,-0.312
2025-12-04T18:11:15.816829,5.941,1.693,1.270,-0.312
2025-12-04T18:11:15.848652,5.941,1.693,1.270,-0.312
2025-12-04T18:11:15.877724,5.941,1.693,1.270,-0.312
2025-12-04T18:11:15.908499,5.941,1.693,1.270,-0.312
2025-12-04T18:11:15.939314,5.941,1.693,1.270,-0.312
2025-12-04T18:11:15.970807,5.941,1.693,1.270,-0.312
2025-12-04T18:11:16.004999,5.941,1.693,1.270,-0.312
2025-12-04T18:11:16.037045,5.941,1.693,1.270,-0.312
2025-12-04T18:11:16.071418,5.941,1.693,1.270,-0.312
2025-12-04T18:11:16.103969,5.941,1.693,1.270,-0.312
2025-12-04T18:11:16.132758,5.941,1.693,1.270,-0.312
2025-12-04T18:11:16.165782,5.941,1.693,1.270,-0.312
2025-12-04T18:11:16.198602,5.941,1.693,1.270,-0.312
2025-12-04T18:11:16.228158,5.941,1.693,1.270,-0.312
2025-12-04T18:11:16.258343,5.941,1.693,1.270,-0.312
2025-12-04T18:11:16.290815,5.941,1.693,1.270,-0.312
2025-12-04T18:11:16.324613,5.941,1.693,1.270,-0.312
2025-12-04T18:11:16.357711,5.941,1.693,1.270,-0.312
2025-12-04T18:11:16.388299,5.941,1.693,1.270,-0.312
2025-12-04T18:11:16.422700,5.941,1.693,1.270,-0.312
2025-12-04T18:11:16.456896,5.941,1.693,1.270,-0.312
2025-12-04T18:11:16.486211,5.941,1.693,1.270,-0.312
2025-12-04T18:11:16.518081,5.941,1.693,1.270,-0.312
2025-12-04T18:11:16.549859,5.941,1.693,1.270,-0.312
2025-12-04T18:11:16.581928,5.941,1.693,1.270,-0.312
2025-12-04T18:11:16.613491,5.941,1.693,1.270,-0.312
2025-12-04T18:11:16.647921,5.941,1.693,1.270,-0.312
2025-12-04T18:11:16.681456,5.941,1.693,1.270,-0.312
2025-12-04T18:11:16.716504,5.941,1.693,1.270,-0.312
2025-12-04T18:11:16.753041,5.941,1.693,1.270,-0.312
2025-12-04T18:11:16.784777,5.941,1.693,1.270,-0.312
2025-12-04T18:11:16.816711,5.941,1.693,1.270,-0.312
2025-12-04T18:11:16.848929,5.941,1.693,1.270,-0.312
2025-12-04T18:11:16.878429,5.941,1.693,1.270,-0.312
2025-12-04T18:11:16.912873,5.941,1.693,1.270,-0.312
2025-12-04T18:11:16.944129,5.941,1.693,1.270,-0.312
2025-12-04T18:11:16.976648,5.941,1.693,1.270,-0.312
2025-12-04T18:11:17.008830,5.941,1.693,1.270,-0.312
2025-12-04T18:11:17.041661,5.941,1.693,1.270,-0.312
2025-12-04T18:11:17.075560,5.941,1.693,1.270,-0.312
2025-12-04T18:11:17.109537,5.941,1.693,1.270,-0.312
2025-12-04T18:11:17.141896,5.941,1.693,1.270,-0.312
2025-12-04T18:11:17.170595,5.941,1.693,1.270,-0.312
2025-12-04T18:11:17.201749,5.941,1.693,1.270,-0.312
2025-12-04T18:11:17.233277,5.941,1.693,1.270,-0.312
2025-12-04T18:11:17.264092,5.941,1.693,1.270,-0.312
2025-12-04T18:11:17.297201,5.941,1.693,1.270,-0.312
2025-12-04T18:11:17.331487,5.941,1.693,1.270,-0.312
2025-12-04T18:11:17.367508,5.941,1.693,1.270,-0.312
2025-12-04T18:11:17.400906,5.941,1.693,1.270,-0.312
2025-12-04T18:11:17.431830,5.941,1.693,1.270,-0.312
2025-12-04T18:11:17.464026,5.941,1.693,1.270,-0.312
2025-12-04T18:11:17.493596,5.941,1.693,1.270,-0.312
2025-12-04T18:11:17.525647,5.941,1.693,1.270,-0.312
2025-12-04T18:11:17.561330,5.941,1.693,1.270,-0.312
2025-12-04T18:11:17.593157,5.941,1.693,1.270,-0.312
2025-12-04T18:11:17.626451,5.941,1.693,1.270,-0.312
2025-12-04T18:11:17.659993,5.941,1.693,1.270,-0.312
2025-12-04T18:11:17.693183,5.941,1.693,1.270,-0.312
2025-12-04T18:11:17.724792,5.941,1.693,1.270,-0.312
2025-12-04T18:11:17.761397,5.941,1.693,1.270,-0.312
2025-12-04T18:11:17.786142,5.941,1.693,1.270,-0.312
2025-12-04T18:11:17.816592,5.941,1.693,1.270,-0.312
2025-12-04T18:11:17.849684,5.941,1.693,1.270,-0.312
2025-12-04T18:11:17.878834,5.941,1.693,1.270,-0.312
2025-12-04T18:11:17.913331,5.941,1.693,1.270,-0.312
2025-12-04T18:11:17.946805,5.941,1.693,1.270,-0.312
2025-12-04T18:11:17.978180,5.941,1.693,1.270,-0.312
2025-12-04T18:11:18.010628,5.941,1.693,1.270,-0.312
2025-12-04T18:11:18.043865,5.941,1.693,1.270,-0.312
2025-12-04T18:11:18.074712,5.941,1.693,1.270,-0.312
2025-12-04T18:11:18.108729,5.941,1.693,1.270,-0.312
2025-12-04T18:11:18.140013,5.941,1.693,1.270,-0.312
2025-12-04T18:11:18.173952,5.941,1.693,1.270,-0.312
2025-12-04T18:11:18.208162,5.941,1.693,1.270,-0.312
2025-12-04T18:11:18.238756,5.941,1.693,1.270,-0.312
2025-12-04T18:11:18.269083,5.941,1.693,1.270,-0.312
2025-12-04T18:11:18.302441,5.941,1.693,1.270,-0.312
2025-12-04T18:11:18.330629,5.941,1.693,1.270,-0.312
2025-12-04T18:11:18.365699,5.941,1.693,1.270,-0.312
2025-12-04T18:11:18.397549,5.941,1.693,1.270,-0.312
2025-12-04T18:11:18.432299,5.941,1.693,1.270,-0.312
2025-12-04T18:11:18.469644,5.941,1.693,1.270,-0.312
2025-12-04T18:11:18.497301,5.941,1.693,1.270,-0.312
2025-12-04T18:11:18.530248,5.941,1.693,1.270,-0.312
2025-12-04T18:11:18.561424,5.941,1.693,1.270,-0.312
