timestamp,x,y,z,orientation_z
2025-12-04T05:53:23.694994,0.000,0.000,1.270,0.000
2025-12-04T05:53:23.717420,0.000,0.000,1.270,0.000
2025-12-04T05:53:23.750721,0.000,0.000,1.270,0.000
2025-12-04T05:53:23.777801,0.000,0.000,1.270,0.000
2025-12-04T05:53:23.806231,0.000,0.000,1.270,0.000
2025-12-04T05:53:23.838987,0.000,0.000,1.270,0.000
2025-12-04T05:53:23.869058,0.000,0.000,1.270,0.000
2025-12-04T05:53:23.904852,0.000,0.000,1.270,0.000
2025-12-04T05:53:23.936621,0.000,0.000,1.270,0.000
2025-12-04T05:53:23.969766,0.000,0.000,1.270,0.000
2025-12-04T05:53:24.007860,0.000,0.000,1.270,0.000
2025-12-04T05:53:24.042692,0.000,0.000,1.270,0.000
2025-12-04T05:53:24.073718,0.000,0.000,1.270,0.000
2025-12-04T05:53:24.104950,0.000,0.000,1.270,0.000
2025-12-04T05:53:24.136133,0.000,0.000,1.270,0.000
2025-12-04T05:53:24.163881,0.000,0.000,1.270,0.000
2025-12-04T05:53:24.197322,0.000,0.000,1.270,0.000
2025-12-04T05:53:24.227358,0.000,0.000,1.270,0.000
2025-12-04T05:53:24.259463,0.000,0.000,1.270,0.000
2025-12-04T05:53:24.292973,0.000,0.000,1.270,0.000
2025-12-04T05:53:24.325573,0.000,0.000,1.270,0.000
2025-12-04T05:53:24.360570,0.000,0.000,1.270,0.000
2025-12-04T05:53:24.395113,0.000,0.000,1.270,0.000
2025-12-04T05:53:24.425795,0.000,0.000,1.270,0.000
2025-12-04T05:53:24.459935,0.000,0.000,1.270,0.000
2025-12-04T05:53:24.490801,0.000,0.000,1.270,0.000
2025-12-04T05:53:24.520303,0.000,0.000,1.270,0.000
2025-12-04T05:53:24.550939,0.000,0.000,1.270,0.000
2025-12-04T05:53:24.588276,0.000,0.000,1.270,0.000
2025-12-04T05:53:24.618501,0.000,0.000,1.270,0.000
2025-12-04T05:53:24.652358,0.000,0.000,1.270,0.000
2025-12-04T05:53:24.682232,0.000,0.000,1.270,0.000
2025-12-04T05:53:24.713779,0.000,0.000,1.270,0.000
2025-12-04T05:53:24.747548,0.000,0.000,1.270,0.000
2025-12-04T05:53:24.779981,0.000,0.000,1.270,0.000
2025-12-04T05:53:24.814580,0.000,0.000,1.270,0.000
2025-12-04T05:53:24.873371,0.000,0.000,1.270,0.000
2025-12-04T05:53:24.900481,0.000,0.000,1.270,0.000
2025-12-04T05:53:24.931790,0.000,0.000,1.270,0.000
2025-12-04T05:53:24.962632,0.000,0.000,1.270,0.000
2025-12-04T05:53:24.993291,0.000,0.000,1.270,0.000
2025-12-04T05:53:25.023601,0.000,0.000,1.270,0.000
2025-12-04T05:53:25.056573,0.000,0.000,1.270,0.000
2025-12-04T05:53:25.090130,0.000,0.000,1.270,0.000
2025-12-04T05:53:25.122259,0.000,0.000,1.270,0.000
2025-12-04T05:53:25.158787,0.000,0.000,1.270,0.000
2025-12-04T05:53:25.194405,0.000,0.000,1.270,0.000
2025-12-04T05:53:25.226495,0.000,0.000,1.270,0.000
2025-12-04T05:53:25.260394,0.000,0.000,1.270,0.000
2025-12-04T05:53:25.293214,0.000,0.000,1.270,0.000
2025-12-04T05:53:25.324202,0.000,0.000,1.270,0.000
2025-12-04T05:53:25.352177,0.000,0.000,1.270,0.000
2025-12-04T05:53:25.385377,0.000,0.000,1.270,0.000
2025-12-04T05:53:25.417981,0.000,0.000,1.270,0.000
2025-12-04T05:53:25.446988,0.000,0.000,1.270,0.000
2025-12-04T05:53:25.481077,0.000,0.000,1.270,0.000
2025-12-04T05:53:25.514792,0.000,0.000,1.270,0.000
2025-12-04T05:53:25.550089,0.000,0.000,1.270,0.000
2025-12-04T05:53:25.586653,0.000,0.000,1.270,0.000
2025-12-04T05:53:25.620724,0.000,0.000,1.270,0.000
2025-12-04T05:53:25.654106,0.000,0.000,1.270,0.000
2025-12-04T05:53:25.685040,0.000,0.000,1.270,0.000
2025-12-04T05:53:25.715741,0.000,0.000,1.270,0.000
2025-12-04T05:53:25.749887,0.000,0.000,1.270,0.000
2025-12-04T05:53:25.781079,0.000,0.000,1.270,0.000
2025-12-04T05:53:25.813884,0.000,0.000,1.270,0.000
2025-12-04T05:53:25.849098,0.000,0.000,1.270,0.000
2025-12-04T05:53:25.883028,0.000,0.000,1.270,0.000
2025-12-04T05:53:25.914572,0.000,0.000,1.270,0.000
2025-12-04T05:53:25.950106,0.000,0.000,1.270,0.000
2025-12-04T05:53:25.980294,0.000,0.000,1.270,0.000
2025-12-04T05:53:26.012622,0.000,0.000,1.270,0.000
2025-12-04T05:53:26.045231,0.000,0.000,1.270,0.000
2025-12-04T05:53:26.077299,0.000,0.000,1.270,0.000
2025-12-04T05:53:26.110574,0.000,0.000,1.270,0.000
2025-12-04T05:53:26.142403,0.000,0.000,1.270,0.000
2025-12-04T05:53:26.174429,0.000,0.000,1.270,0.000
2025-12-04T05:53:26.207528,0.000,0.000,1.270,0.000
2025-12-04T05:53:26.239294,0.000,0.000,1.270,0.000
2025-12-04T05:53:26.308806,0.000,0.000,1.270,0.000
2025-12-04T05:53:26.343478,0.000,0.000,1.270,0.000
2025-12-04T05:53:26.371597,0.000,0.000,1.270,0.000
2025-12-04T05:53:26.400635,0.000,0.000,1.270,0.000
2025-12-04T05:53:26.428508,0.000,0.000,1.270,0.000
2025-12-04T05:53:26.459986,0.000,0.000,1.270,0.000
2025-12-04T05:53:26.491276,0.000,0.000,1.270,0.000
2025-12-04T05:53:26.521119,0.000,0.000,1.270,0.000
2025-12-04T05:53:26.553567,0.000,0.000,1.270,0.000
2025-12-04T05:53:26.590925,0.000,0.000,1.270,0.000
2025-12-04T05:53:26.621027,0.000,0.000,1.270,0.000
2025-12-04T05:53:26.651085,0.000,0.000,1.270,0.000
2025-12-04T05:53:26.682327,0.000,0.000,1.270,0.000
2025-12-04T05:53:26.711997,0.000,0.000,1.270,0.000
2025-12-04T05:53:26.746455,0.000,0.000,1.270,0.000
2025-12-04T05:53:26.778761,0.000,0.000,1.270,0.000
2025-12-04T05:53:26.813106,0.000,0.000,1.270,0.000
2025-12-04T05:53:26.853348,0.000,0.000,1.270,0.000
2025-12-04T05:53:26.880394,0.000,0.000,1.270,0.000
2025-12-04T05:53:26.911012,0.000,0.000,1.270,0.000
2025-12-04T05:53:26.941887,0.000,0.000,1.270,0.000
2025-12-04T05:53:26.973281,0.000,0.000,1.270,0.000
2025-12-04T05:53:27.005920,0.000,0.000,1.270,0.000
2025-12-04T05:53:27.037832,0.000,0.000,1.270,0.000
2025-12-04T05:53:27.071391,0.000,0.000,1.270,0.000
2025-12-04T05:53:27.105182,0.000,0.000,1.270,0.000
2025-12-04T05:53:27.137568,0.000,0.000,1.270,0.000
2025-12-04T05:53:27.169428,0.000,0.000,1.270,0.000
2025-12-04T05:53:27.201456,0.000,0.000,1.270,0.000
2025-12-04T05:53:27.233066,0.000,0.000,1.270,0.000
2025-12-04T05:53:27.265499,0.000,0.000,1.270,0.000
2025-12-04T05:53:27.298344,0.000,0.000,1.270,0.000
2025-12-04T05:53:27.334540,0.000,0.000,1.270,0.000
2025-12-04T05:53:27.366235,0.000,0.000,1.270,0.000
2025-12-04T05:53:27.396841,0.000,0.000,1.270,0.000
2025-12-04T05:53:27.431081,0.000,0.000,1.270,0.000
2025-12-04T05:53:27.460555,0.000,0.000,1.270,0.000
2025-12-04T05:53:27.498048,0.000,0.000,1.270,0.000
2025-12-04T05:53:27.528470,0.000,0.000,1.270,0.000
2025-12-04T05:53:27.560965,0.000,0.000,1.270,0.000
2025-12-04T05:53:27.596666,0.000,0.000,1.270,0.000
2025-12-04T05:53:27.628668,0.000,0.000,1.270,0.000
2025-12-04T05:53:27.660959,0.000,0.000,1.270,0.000
2025-12-04T05:53:27.695309,0.000,0.000,1.270,0.000
2025-12-04T05:53:27.720983,0.000,0.000,1.270,0.000
2025-12-04T05:53:27.754590,0.000,0.000,1.270,0.000
2025-12-04T05:53:27.786888,0.000,0.000,1.270,0.000
2025-12-04T05:53:27.818456,0.000,0.000,1.270,0.000
2025-12-04T05:53:27.854575,0.000,0.000,1.270,0.000
2025-12-04T05:53:27.887048,0.000,0.000,1.270,0.000
2025-12-04T05:53:27.919077,0.000,0.000,1.270,0.000
2025-12-04T05:53:27.966450,0.000,0.000,1.270,0.000
2025-12-04T05:53:28.000715,0.000,0.000,1.270,0.000
2025-12-04T05:53:28.032059,0.000,0.000,1.270,0.000
2025-12-04T05:53:28.058881,0.000,0.000,1.270,0.000
2025-12-04T05:53:28.088409,0.000,0.000,1.270,0.000
2025-12-04T05:53:28.117574,0.000,0.000,1.270,0.000
2025-12-04T05:53:28.146890,0.000,0.000,1.270,0.000
2025-12-04T05:53:28.182447,0.000,0.000,1.270,0.000
2025-12-04T05:53:28.209033,0.000,0.000,1.270,0.000
2025-12-04T05:53:28.241713,0.000,0.000,1.270,0.000
2025-12-04T05:53:28.273538,0.000,0.000,1.270,0.000
2025-12-04T05:53:28.306550,0.000,0.000,1.270,0.000
2025-12-04T05:53:28.341801,0.000,0.000,1.270,0.000
2025-12-04T05:53:28.378677,0.000,0.000,1.270,0.000
2025-12-04T05:53:28.409876,0.000,0.000,1.270,0.000
2025-12-04T05:53:28.445209,0.000,0.000,1.270,0.000
2025-12-04T05:53:28.477295,0.000,0.000,1.270,0.000
2025-12-04T05:53:28.509205,0.000,0.000,1.270,0.000
2025-12-04T05:53:28.538315,0.000,0.000,1.270,0.000
2025-12-04T05:53:28.568631,0.000,0.000,1.270,0.000
2025-12-04T05:53:28.602615,0.000,0.000,1.270,0.000
2025-12-04T05:53:28.634101,0.000,0.000,1.270,0.000
2025-12-04T05:53:28.666302,0.000,0.000,1.270,0.000
2025-12-04T05:53:28.701859,0.000,0.000,1.270,0.000
2025-12-04T05:53:28.734514,0.000,0.000,1.270,0.000
2025-12-04T05:53:28.769212,0.000,0.000,1.270,0.000
2025-12-04T05:53:28.797048,0.000,0.000,1.270,0.000
2025-12-04T05:53:28.830479,0.000,0.000,1.270,0.000
2025-12-04T05:53:28.862345,0.000,0.000,1.270,0.000
2025-12-04T05:53:28.894080,0.000,0.000,1.270,0.000
2025-12-04T05:53:28.930708,0.000,0.000,1.270,0.000
2025-12-04T05:53:28.963086,0.000,0.000,1.270,0.000
2025-12-04T05:53:28.994056,0.000,0.000,1.270,0.000
2025-12-04T05:53:29.027896,0.000,0.000,1.270,0.000
2025-12-04T05:53:29.059588,0.000,0.000,1.270,0.000
2025-12-04T05:53:29.093017,0.000,0.000,1.270,0.000
2025-12-04T05:53:29.125411,0.000,0.000,1.270,0.000
2025-12-04T05:53:29.157251,0.000,0.000,1.270,0.000
2025-12-04T05:53:29.193577,0.000,0.000,1.270,0.000
2025-12-04T05:53:29.225439,0.000,0.000,1.270,0.000
2025-12-04T05:53:29.257559,0.000,0.000,1.270,0.000
2025-12-04T05:53:29.289807,0.000,0.000,1.270,0.000
2025-12-04T05:53:29.318047,0.000,0.000,1.270,0.000
2025-12-04T05:53:29.348535,0.000,0.000,1.270,0.000
2025-12-04T05:53:29.381503,0.000,0.000,1.270,0.000
2025-12-04T05:53:29.413993,0.000,0.000,1.270,0.000
2025-12-04T05:53:29.448409,0.000,0.000,1.270,0.000
2025-12-04T05:53:29.484115,0.000,0.000,1.270,0.000
2025-12-04T05:53:29.517964,0.000,0.000,1.270,0.000
2025-12-04T05:53:29.553670,0.000,0.000,1.270,0.000
2025-12-04T05:53:29.585582,0.000,0.000,1.270,0.000
2025-12-04T05:53:29.616108,0.000,0.000,1.270,0.000
2025-12-04T05:53:29.644970,0.000,0.000,1.270,0.000
2025-12-04T05:53:29.676066,0.000,0.000,1.270,0.000
2025-12-04T05:53:29.713692,0.000,0.000,1.270,0.000
2025-12-04T05:53:29.738277,0.000,0.000,1.270,0.000
2025-12-04T05:53:29.771562,0.000,0.000,1.270,0.000
2025-12-04T05:53:29.806983,0.000,0.000,1.270,0.000
2025-12-04T05:53:29.841801,0.000,0.000,1.270,0.000
2025-12-04T05:53:29.873868,0.000,0.000,1.270,0.000
2025-12-04T05:53:29.907105,0.000,0.000,1.270,0.000
2025-12-04T05:53:29.938894,0.000,0.000,1.270,0.000
2025-12-04T05:53:29.970187,0.000,0.000,1.270,0.000
2025-12-04T05:53:30.003307,0.000,0.000,1.270,0.000
2025-12-04T05:53:30.038231,0.000,0.000,1.270,0.000
2025-12-04T05:53:30.073363,0.000,0.000,1.270,0.000
2025-12-04T05:53:30.103657,0.000,0.000,1.270,0.000
2025-12-04T05:53:30.133312,0.000,0.000,1.270,0.000
2025-12-04T05:53:30.163529,0.000,0.000,1.270,0.000
2025-12-04T05:53:30.198601,0.000,0.000,1.270,0.000
2025-12-04T05:53:30.229515,0.000,0.000,1.270,0.000
2025-12-04T05:53:30.269358,0.000,0.000,1.270,0.000
2025-12-04T05:53:30.382176,0.000,0.000,1.270,0.000
2025-12-04T05:53:30.414255,0.000,0.000,1.270,0.000
2025-12-04T05:53:30.445408,0.000,0.000,1.270,0.000
2025-12-04T05:53:30.476099,0.000,0.000,1.270,0.000
2025-12-04T05:53:30.504616,0.000,0.000,1.270,0.000
2025-12-04T05:53:30.536642,0.000,0.000,1.270,0.000
2025-12-04T05:53:30.565779,0.000,0.000,1.270,0.000
2025-12-04T05:53:30.600051,0.000,0.000,1.270,0.000
2025-12-04T05:53:30.634237,0.000,0.000,1.270,0.000
2025-12-04T05:53:30.666895,0.000,0.000,1.270,0.000
2025-12-04T05:53:30.700640,0.000,0.000,1.270,0.000
2025-12-04T05:53:30.732534,0.000,0.000,1.270,0.000
2025-12-04T05:53:30.764286,0.000,0.000,1.270,0.000
2025-12-04T05:53:30.797350,0.000,0.000,1.270,0.000
2025-12-04T05:53:30.826682,0.000,0.000,1.270,0.000
2025-12-04T05:53:30.857382,0.000,0.000,1.270,0.000
2025-12-04T05:53:30.893494,0.000,0.000,1.270,0.000
2025-12-04T05:53:30.920764,0.000,0.000,1.270,0.000
2025-12-04T05:53:30.950290,0.000,0.000,1.270,0.000
2025-12-04T05:53:30.986886,0.000,0.000,1.270,0.000
2025-12-04T05:53:31.018481,0.000,0.000,1.270,0.000
2025-12-04T05:53:31.050986,0.000,0.000,1.270,0.000
2025-12-04T05:53:31.081542,0.000,0.000,1.270,0.000
2025-12-04T05:53:31.113401,0.000,0.000,1.270,0.000
2025-12-04T05:53:31.149230,0.000,0.000,1.270,0.000
2025-12-04T05:53:31.185485,0.000,0.000,1.270,0.000
2025-12-04T05:53:31.215800,0.000,0.000,1.270,0.000
2025-12-04T05:53:31.310006,0.000,0.000,1.270,0.000
2025-12-04T05:53:31.337033,0.000,0.000,1.270,0.000
2025-12-04T05:53:31.364565,0.000,0.000,1.270,0.000
2025-12-04T05:53:31.391950,0.000,0.000,1.270,0.000
2025-12-04T05:53:31.418753,0.000,0.000,1.270,0.000
2025-12-04T05:53:31.447869,0.000,0.000,1.270,0.000
2025-12-04T05:53:31.477679,0.000,0.000,1.270,0.000
2025-12-04T05:53:31.505808,0.000,0.000,1.270,0.000
2025-12-04T05:53:31.536568,0.000,0.000,1.270,0.000
2025-12-04T05:53:31.566685,0.000,0.000,1.270,0.000
2025-12-04T05:53:31.600108,0.000,0.000,1.270,0.000
2025-12-04T05:53:31.633826,0.000,0.000,1.270,0.000
2025-12-04T05:53:31.666575,0.000,0.000,1.270,0.000
2025-12-04T05:53:31.702040,0.000,0.000,1.270,0.000
2025-12-04T05:53:31.735646,0.000,0.000,1.270,0.000
2025-12-04T05:53:31.772532,0.000,0.000,1.270,0.000
2025-12-04T05:53:31.798080,0.000,0.000,1.270,0.000
2025-12-04T05:53:31.830051,0.000,0.000,1.270,0.000
2025-12-04T05:53:31.860504,0.000,0.000,1.270,0.000
2025-12-04T05:53:31.895629,0.000,0.000,1.270,0.000
2025-12-04T05:53:31.929481,0.000,0.000,1.270,0.000
2025-12-04T05:53:31.960025,0.000,0.000,1.270,0.000
2025-12-04T05:53:31.990833,0.000,0.000,1.270,0.000
2025-12-04T05:53:32.022663,0.000,0.000,1.270,0.000
2025-12-04T05:53:32.055769,0.000,0.000,1.270,0.000
2025-12-04T05:53:32.090409,0.000,0.000,1.270,0.000
2025-12-04T05:53:32.123170,0.000,0.000,1.270,0.000
2025-12-04T05:53:32.155995,0.000,0.000,1.270,0.000
2025-12-04T05:53:32.201866,0.000,0.000,1.270,0.000
2025-12-04T05:53:32.217647,0.000,0.000,1.270,0.000
2025-12-04T05:53:32.246769,0.000,0.000,1.270,0.000
2025-12-04T05:53:32.343678,0.000,0.000,1.270,0.000
2025-12-04T05:53:32.363802,0.000,0.000,1.270,0.000
2025-12-04T05:53:32.394575,0.000,0.000,1.270,0.000
2025-12-04T05:53:32.422559,0.000,0.000,1.270,0.000
2025-12-04T05:53:32.452034,0.000,0.000,1.270,0.000
2025-12-04T05:53:32.484817,0.000,0.000,1.270,0.000
2025-12-04T05:53:32.516776,0.000,0.000,1.270,0.000
2025-12-04T05:53:32.543937,0.000,0.000,1.270,0.000
2025-12-04T05:53:32.577003,0.000,0.000,1.270,0.000
2025-12-04T05:53:32.608547,0.000,0.000,1.270,0.000
2025-12-04T05:53:32.659341,0.000,0.000,1.270,0.000
2025-12-04T05:53:32.710947,0.000,0.000,1.270,0.000
2025-12-04T05:53:32.751929,0.000,0.000,1.270,0.000
2025-12-04T05:53:32.786616,0.000,0.000,1.270,0.000
2025-12-04T05:53:32.828576,0.000,0.000,1.270,0.000
2025-12-04T05:53:32.866626,0.000,0.000,1.270,0.000
2025-12-04T05:53:32.905836,0.000,0.000,1.270,0.000
2025-12-04T05:53:32.943588,0.000,0.000,1.270,0.000
2025-12-04T05:53:32.980160,0.000,0.000,1.270,0.000
2025-12-04T05:53:33.003891,0.000,0.000,1.270,0.000
2025-12-04T05:53:33.029045,0.000,0.000,1.270,0.000
2025-12-04T05:53:33.053577,0.000,0.000,1.270,0.000
2025-12-04T05:53:33.077071,0.000,0.000,1.270,0.000
2025-12-04T05:53:33.105589,0.000,0.000,1.270,0.000
2025-12-04T05:53:33.130051,0.000,0.000,1.270,0.000
2025-12-04T05:53:33.160370,0.000,0.000,1.270,0.000
2025-12-04T05:53:33.188883,0.000,0.000,1.270,0.000
2025-12-04T05:53:33.220650,0.000,0.000,1.270,0.000
2025-12-04T05:53:33.254178,0.000,0.000,1.270,0.000
2025-12-04T05:53:33.287948,0.000,0.000,1.270,0.000
2025-12-04T05:53:33.318512,0.000,0.000,1.270,0.000
2025-12-04T05:53:33.354325,0.000,0.000,1.270,0.000
2025-12-04T05:53:33.387428,0.000,0.000,1.270,0.000
2025-12-04T05:53:33.424056,0.000,0.000,1.270,0.000
2025-12-04T05:53:33.457353,0.000,0.000,1.270,0.000
2025-12-04T05:53:33.497437,0.000,0.000,1.270,0.000
2025-12-04T05:53:33.528171,0.000,0.000,1.270,0.000
2025-12-04T05:53:33.558143,0.000,0.000,1.270,0.000
2025-12-04T05:53:33.584781,0.000,0.000,1.270,0.000
2025-12-04T05:53:33.614179,0.000,0.000,1.270,0.000
2025-12-04T05:53:33.644488,0.000,0.000,1.270,0.000
2025-12-04T05:53:33.672038,0.000,0.000,1.270,0.000
2025-12-04T05:53:33.708609,0.000,0.000,1.270,0.000
2025-12-04T05:53:33.735515,0.000,0.000,1.270,0.000
2025-12-04T05:53:33.768898,0.000,0.000,1.270,0.000
2025-12-04T05:53:33.802725,0.000,0.000,1.270,0.000
2025-12-04T05:53:33.838920,0.000,0.000,1.270,0.000
2025-12-04T05:53:33.873219,0.000,0.000,1.270,0.000
2025-12-04T05:53:33.904729,0.000,0.000,1.270,0.000
2025-12-04T05:53:33.936448,0.000,0.000,1.270,0.000
2025-12-04T05:53:33.965993,0.000,0.000,1.270,0.000
2025-12-04T05:53:33.996209,0.000,0.000,1.270,0.000
2025-12-04T05:53:34.028068,0.000,0.000,1.270,0.000
2025-12-04T05:53:34.060133,0.000,0.000,1.270,0.000
2025-12-04T05:53:34.092377,0.000,0.000,1.270,0.000
2025-12-04T05:53:34.126357,0.000,0.000,1.270,0.000
2025-12-04T05:53:34.160103,0.000,0.000,1.270,0.000
2025-12-04T05:53:34.193777,0.000,0.000,1.270,0.000
2025-12-04T05:53:34.221519,0.000,0.000,1.270,0.000
2025-12-04T05:53:34.253911,0.000,0.000,1.270,0.000
2025-12-04T05:53:34.285161,0.000,0.000,1.270,0.000
2025-12-04T05:53:34.318256,0.000,0.000,1.270,0.000
2025-12-04T05:53:34.354542,0.000,0.000,1.270,0.000
2025-12-04T05:53:34.387588,0.000,0.000,1.270,0.000
2025-12-04T05:53:34.417528,0.000,0.000,1.270,0.000
2025-12-04T05:53:34.447972,0.000,0.000,1.270,0.000
2025-12-04T05:53:34.479010,0.000,0.000,1.270,0.000
2025-12-04T05:53:34.509732,0.000,0.000,1.270,0.000
2025-12-04T05:53:34.542010,0.000,0.000,1.270,0.000
2025-12-04T05:53:34.574185,0.000,0.000,1.270,0.000
2025-12-04T05:53:34.608471,0.000,0.000,1.270,0.000
2025-12-04T05:53:34.640539,0.000,0.000,1.270,0.000
2025-12-04T05:53:34.672621,0.000,0.000,1.270,0.000
2025-12-04T05:53:34.707387,0.000,0.000,1.270,0.000
2025-12-04T05:53:34.737725,0.000,0.000,1.270,0.000
2025-12-04T05:53:34.768764,0.000,0.000,1.270,0.000
2025-12-04T05:53:34.801554,0.000,0.000,1.270,0.000
2025-12-04T05:53:34.831056,0.000,0.000,1.270,0.000
2025-12-04T05:53:34.866455,0.000,0.000,1.270,0.000
2025-12-04T05:53:34.899026,0.000,0.000,1.270,0.000
2025-12-04T05:53:34.930238,0.000,0.000,1.270,0.000
2025-12-04T05:53:34.963758,0.000,0.000,1.270,0.000
2025-12-04T05:53:34.997117,0.000,0.000,1.270,0.000
2025-12-04T05:53:35.028551,0.000,0.000,1.270,0.000
2025-12-04T05:53:35.062117,0.000,0.000,1.270,0.000
2025-12-04T05:53:35.091024,0.000,0.000,1.270,0.000
2025-12-04T05:53:35.124749,0.000,0.000,1.270,0.000
2025-12-04T05:53:35.158808,0.000,0.000,1.270,0.000
2025-12-04T05:53:35.190087,0.000,0.000,1.270,0.000
2025-12-04T05:53:35.222543,0.000,0.000,1.270,0.000
2025-12-04T05:53:35.253040,0.000,0.000,1.270,0.000
2025-12-04T05:53:35.286380,0.000,0.000,1.270,0.000
2025-12-04T05:53:35.317268,0.000,0.000,1.270,0.000
2025-12-04T05:53:35.350475,0.000,0.000,1.270,0.000
2025-12-04T05:53:35.386834,0.000,0.000,1.270,0.000
2025-12-04T05:53:35.417171,0.000,0.000,1.270,0.000
2025-12-04T05:53:35.449482,0.000,0.000,1.270,0.000
2025-12-04T05:53:35.481930,0.000,0.000,1.270,0.000
2025-12-04T05:53:35.513571,0.000,0.000,1.270,0.000
2025-12-04T05:53:35.546448,0.000,0.000,1.270,0.000
2025-12-04T05:53:35.577421,0.000,0.000,1.270,0.000
2025-12-04T05:53:35.610056,0.000,0.000,1.270,0.000
2025-12-04T05:53:35.646557,0.000,0.000,1.270,0.000
2025-12-04T05:53:35.682571,0.000,0.000,1.270,0.000
2025-12-04T05:53:35.715838,0.000,0.000,1.270,0.000
2025-12-04T05:53:35.750450,0.000,0.000,1.270,0.000
2025-12-04T05:53:35.782276,0.000,0.000,1.270,0.000
2025-12-04T05:53:35.812238,0.000,0.000,1.270,0.000
2025-12-04T05:53:35.841708,0.000,0.000,1.270,0.000
2025-12-04T05:53:35.874035,0.000,0.000,1.270,0.000
2025-12-04T05:53:35.903674,0.000,0.000,1.270,0.000
2025-12-04T05:53:35.941434,0.000,0.000,1.270,0.000
2025-12-04T05:53:35.972477,0.000,0.000,1.270,0.000
2025-12-04T05:53:36.007926,0.000,0.000,1.270,0.000
2025-12-04T05:53:36.042196,0.000,0.000,1.270,0.000
2025-12-04T05:53:36.073380,0.000,0.000,1.270,0.000
2025-12-04T05:53:36.106067,0.000,0.000,1.270,0.000
2025-12-04T05:53:36.137195,0.000,0.000,1.270,0.000
2025-12-04T05:53:36.168948,0.000,0.000,1.270,0.000
2025-12-04T05:53:36.201187,0.000,0.000,1.270,0.000
2025-12-04T05:53:36.232773,0.000,0.000,1.270,0.000
2025-12-04T05:53:36.267289,0.000,0.000,1.270,0.000
2025-12-04T05:53:36.301646,0.000,0.000,1.270,0.000
2025-12-04T05:53:36.333554,0.000,0.000,1.270,0.000
2025-12-04T05:53:36.361454,0.000,0.000,1.270,0.000
2025-12-04T05:53:36.394581,0.000,0.000,1.270,0.000
2025-12-04T05:53:36.426261,0.000,0.000,1.270,0.000
2025-12-04T05:53:36.458188,0.000,0.000,1.270,0.000
2025-12-04T05:53:36.490494,0.000,0.000,1.270,0.000
2025-12-04T05:53:36.524955,0.000,0.000,1.270,0.000
2025-12-04T05:53:36.560994,0.000,0.000,1.270,0.000
2025-12-04T05:53:36.596125,0.000,0.000,1.270,0.000
2025-12-04T05:53:36.628704,0.000,0.000,1.270,0.000
2025-12-04T05:53:36.660872,0.000,0.000,1.270,0.000
2025-12-04T05:53:36.693925,0.000,0.000,1.270,0.000
2025-12-04T05:53:36.724685,0.000,0.000,1.270,0.000
2025-12-04T05:53:36.756635,0.000,0.000,1.270,0.000
2025-12-04T05:53:36.788231,0.000,0.000,1.270,0.000
2025-12-04T05:53:36.821979,0.000,0.000,1.270,0.000
2025-12-04T05:53:36.857614,0.000,0.000,1.270,0.000
2025-12-04T05:53:36.888590,0.000,0.000,1.270,0.000
2025-12-04T05:53:36.921710,0.000,0.000,1.270,0.000
2025-12-04T05:53:36.953164,0.000,0.000,1.270,0.000
2025-12-04T05:53:36.984615,0.000,0.000,1.270,0.000
2025-12-04T05:53:37.015255,0.000,0.000,1.270,0.000
2025-12-04T05:53:37.048970,0.000,0.000,1.270,0.000
2025-12-04T05:53:37.081571,0.000,0.000,1.270,0.000
2025-12-04T05:53:37.115468,0.000,0.000,1.270,0.000
2025-12-04T05:53:37.149545,0.000,0.000,1.270,0.000
2025-12-04T05:53:37.181721,0.000,0.000,1.270,0.000
2025-12-04T05:53:37.212335,0.000,0.000,1.270,0.000
2025-12-04T05:53:37.244117,0.000,0.000,1.270,0.000
2025-12-04T05:53:37.276144,0.000,0.000,1.270,0.000
2025-12-04T05:53:37.308557,0.000,0.000,1.270,0.000
2025-12-04T05:53:37.344577,0.000,0.000,1.270,0.000
2025-12-04T05:53:37.378340,0.000,0.000,1.270,0.000
2025-12-04T05:53:37.408433,0.000,0.000,1.270,0.000
2025-12-04T05:53:37.441394,0.000,0.000,1.270,0.000
2025-12-04T05:53:37.474018,0.000,0.000,1.270,0.000
2025-12-04T05:53:37.504410,0.000,0.000,1.270,0.000
2025-12-04T05:53:37.538268,0.000,0.000,1.270,0.000
2025-12-04T05:53:37.568742,0.000,0.000,1.270,0.000
2025-12-04T05:53:37.602468,0.000,0.000,1.270,0.000
2025-12-04T05:53:37.636245,0.000,0.000,1.270,0.000
2025-12-04T05:53:37.669885,0.000,0.000,1.270,0.000
2025-12-04T05:53:37.708807,0.000,0.000,1.270,0.000
2025-12-04T05:53:37.734954,0.000,0.000,1.270,0.000
2025-12-04T05:53:37.766597,0.000,0.000,1.270,0.000
2025-12-04T05:53:37.797818,0.000,0.000,1.270,0.000
2025-12-04T05:53:37.829308,0.000,0.000,1.270,0.000
2025-12-04T05:53:37.859738,0.000,0.000,1.270,0.000
2025-12-04T05:53:37.893752,0.000,0.000,1.270,0.000
2025-12-04T05:53:37.928290,0.000,0.000,1.270,0.000
2025-12-04T05:53:37.982586,0.000,0.000,1.270,0.000
2025-12-04T05:53:38.003868,0.000,0.000,1.270,0.000
2025-12-04T05:53:38.041741,0.000,0.000,1.270,0.000
2025-12-04T05:53:38.078941,0.000,0.000,1.270,0.000
2025-12-04T05:53:38.104943,0.000,0.000,1.270,0.000
2025-12-04T05:53:38.134039,0.000,0.000,1.270,0.000
2025-12-04T05:53:38.164413,0.000,0.000,1.270,0.000
2025-12-04T05:53:38.193933,0.000,0.000,1.270,0.000
2025-12-04T05:53:38.226875,0.000,0.000,1.270,0.000
2025-12-04T05:53:38.259464,0.000,0.000,1.270,0.000
2025-12-04T05:53:38.294167,0.000,0.000,1.270,0.000
2025-12-04T05:53:38.328523,0.000,0.000,1.270,0.000
2025-12-04T05:53:38.359941,0.000,0.000,1.270,0.000
2025-12-04T05:53:38.391618,0.000,0.000,1.270,0.000
2025-12-04T05:53:38.425583,0.000,0.000,1.270,0.000
2025-12-04T05:53:38.460031,0.000,0.000,1.270,0.000
2025-12-04T05:53:38.490405,0.000,0.000,1.270,0.000
2025-12-04T05:53:38.522419,0.000,0.000,1.270,0.000
2025-12-04T05:53:38.554698,0.000,0.000,1.270,0.000
2025-12-04T05:53:38.585687,0.000,0.000,1.270,0.000
2025-12-04T05:53:38.616268,0.000,0.000,1.270,0.000
2025-12-04T05:53:38.650351,0.000,0.000,1.270,0.000
2025-12-04T05:53:38.682066,0.000,0.000,1.270,0.000
2025-12-04T05:53:38.766213,0.000,0.000,1.270,0.000
2025-12-04T05:53:38.817996,0.000,0.000,1.270,0.000
2025-12-04T05:53:38.844420,0.000,0.000,1.270,0.000
2025-12-04T05:53:38.873326,0.000,0.000,1.270,0.000
2025-12-04T05:53:38.902228,0.000,0.000,1.270,0.000
2025-12-04T05:53:38.929831,0.000,0.000,1.270,0.000
2025-12-04T05:53:38.961259,0.000,0.000,1.270,0.000
2025-12-04T05:53:38.989911,0.000,0.000,1.270,0.000
2025-12-04T05:53:39.023377,0.000,0.000,1.270,0.000
2025-12-04T05:53:39.055521,0.000,0.000,1.270,0.000
2025-12-04T05:53:39.088149,0.000,0.000,1.270,0.000
2025-12-04T05:53:39.122487,0.000,0.000,1.270,0.000
2025-12-04T05:53:39.160725,0.000,0.000,1.270,0.000
2025-12-04T05:53:39.193896,0.000,0.000,1.270,0.000
2025-12-04T05:53:39.227496,0.000,0.000,1.270,0.000
2025-12-04T05:53:39.257731,0.000,0.000,1.270,0.000
2025-12-04T05:53:39.293975,0.000,0.000,1.270,0.000
2025-12-04T05:53:39.325867,0.000,0.000,1.270,0.000
2025-12-04T05:53:39.355251,0.000,0.000,1.270,0.000
2025-12-04T05:53:39.387876,0.000,0.000,1.270,0.000
2025-12-04T05:53:39.419940,0.000,0.000,1.270,0.000
2025-12-04T05:53:39.451930,0.000,0.000,1.270,0.000
2025-12-04T05:53:39.483713,0.000,0.000,1.270,0.000
2025-12-04T05:53:39.519059,0.000,0.000,1.270,0.000
2025-12-04T05:53:39.550709,0.000,0.000,1.270,0.000
2025-12-04T05:53:39.582407,0.000,0.000,1.270,0.000
2025-12-04T05:53:39.614367,0.000,0.000,1.270,0.000
2025-12-04T05:53:39.646503,0.000,0.000,1.270,0.000
2025-12-04T05:53:39.676293,0.000,0.000,1.270,0.000
2025-12-04T05:53:39.707609,0.000,0.000,1.270,0.000
2025-12-04T05:53:39.741638,0.000,0.000,1.270,0.000
2025-12-04T05:53:39.773682,0.000,0.000,1.270,0.000
2025-12-04T05:53:39.805556,0.000,0.000,1.270,0.000
2025-12-04T05:53:39.841519,0.000,0.000,1.270,0.000
2025-12-04T05:53:39.876593,0.000,0.000,1.270,0.000
2025-12-04T05:53:39.908957,0.000,0.000,1.270,0.000
2025-12-04T05:53:39.943644,0.000,0.000,1.270,0.000
2025-12-04T05:53:39.984098,0.000,0.000,1.270,0.000
2025-12-04T05:53:40.008035,0.000,0.000,1.270,0.000
2025-12-04T05:53:40.040996,0.000,0.000,1.270,0.000
2025-12-04T05:53:40.074526,0.000,0.000,1.270,0.000
2025-12-04T05:53:40.104574,0.000,0.000,1.270,0.000
2025-12-04T05:53:40.135714,0.000,0.000,1.270,0.000
2025-12-04T05:53:40.169181,0.000,0.000,1.270,0.000
2025-12-04T05:53:40.205082,0.000,0.000,1.270,0.000
2025-12-04T05:53:40.241623,0.000,0.000,1.270,0.000
2025-12-04T05:53:40.274531,0.000,0.000,1.270,0.000
2025-12-04T05:53:40.302596,0.000,0.000,1.270,0.000
2025-12-04T05:53:40.334253,0.000,0.000,1.270,0.000
2025-12-04T05:53:40.364808,0.000,0.000,1.270,0.000
2025-12-04T05:53:40.397698,0.000,0.000,1.270,0.000
2025-12-04T05:53:40.429352,0.000,0.000,1.270,0.000
2025-12-04T05:53:40.462191,0.000,0.000,1.270,0.000
2025-12-04T05:53:40.499119,0.000,0.000,1.270,0.000
2025-12-04T05:53:40.532978,0.000,0.000,1.270,0.000
2025-12-04T05:53:40.565091,0.000,0.000,1.270,0.000
2025-12-04T05:53:40.598626,0.000,0.000,1.270,0.000
2025-12-04T05:53:40.624013,0.000,0.000,1.270,0.000
2025-12-04T05:53:40.654140,0.000,0.000,1.270,0.000
2025-12-04T05:53:40.686569,0.000,0.000,1.270,0.000
2025-12-04T05:53:40.718300,0.000,0.000,1.270,0.000
2025-12-04T05:53:40.754014,0.000,0.000,1.270,0.000
2025-12-04T05:53:40.789450,0.000,0.000,1.270,0.000
2025-12-04T05:53:40.824718,0.000,0.000,1.270,0.000
2025-12-04T05:53:40.856914,0.000,0.000,1.270,0.000
2025-12-04T05:53:40.888358,0.000,0.000,1.270,0.000
2025-12-04T05:53:40.919746,0.000,0.000,1.270,0.000
2025-12-04T05:53:40.953559,0.000,0.000,1.270,0.000
2025-12-04T05:53:40.984722,0.000,0.000,1.270,0.000
2025-12-04T05:53:41.016510,0.000,0.000,1.270,0.000
2025-12-04T05:53:41.053327,0.000,0.000,1.270,0.000
2025-12-04T05:53:41.084061,0.000,0.000,1.270,0.000
2025-12-04T05:53:41.116967,0.000,0.000,1.270,0.000
2025-12-04T05:53:41.149896,0.000,0.000,1.270,0.000
2025-12-04T05:53:41.181403,0.000,0.000,1.270,0.000
2025-12-04T05:53:41.213368,0.000,0.000,1.270,0.000
2025-12-04T05:53:41.245317,0.000,0.000,1.270,0.000
2025-12-04T05:53:41.277093,0.000,0.000,1.270,0.000
2025-12-04T05:53:41.310207,0.000,0.000,1.270,0.000
2025-12-04T05:53:41.345448,0.000,0.000,1.270,0.000
2025-12-04T05:53:41.379051,0.000,0.000,1.270,0.000
2025-12-04T05:53:41.410266,0.000,0.000,1.270,0.000
2025-12-04T05:53:41.443916,0.000,0.000,1.270,0.000
2025-12-04T05:53:41.476273,0.000,0.000,1.270,0.000
2025-12-04T05:53:41.507005,0.000,0.000,1.270,0.000
2025-12-04T05:53:41.541133,0.000,0.000,1.270,0.000
2025-12-04T05:53:41.570359,0.000,0.000,1.270,0.000
2025-12-04T05:53:41.605356,0.000,0.000,1.270,0.000
2025-12-04T05:53:41.637375,0.000,0.000,1.270,0.000
2025-12-04T05:53:41.669120,0.000,0.000,1.270,0.000
2025-12-04T05:53:41.703341,0.000,0.000,1.270,0.000
2025-12-04T05:53:41.734205,0.000,0.000,1.270,0.000
2025-12-04T05:53:41.766723,0.000,0.000,1.270,0.000
2025-12-04T05:53:41.797738,0.000,0.000,1.270,0.000
2025-12-04T05:53:41.829438,0.000,0.000,1.270,0.000
2025-12-04T05:53:41.861608,0.000,0.000,1.270,0.000
2025-12-04T05:53:41.893497,0.000,0.000,1.270,0.000
2025-12-04T05:53:41.928310,0.000,0.000,1.270,0.000
2025-12-04T05:53:41.963957,0.000,0.000,1.270,0.000
2025-12-04T05:53:41.997845,0.000,0.000,1.270,0.000
2025-12-04T05:53:42.030181,0.000,0.000,1.270,0.000
2025-12-04T05:53:42.062972,0.000,0.000,1.270,0.000
2025-12-04T05:53:42.099596,0.000,0.000,1.270,0.000
2025-12-04T05:53:42.126950,0.000,0.000,1.270,0.000
2025-12-04T05:53:42.156711,0.000,0.000,1.270,0.000
2025-12-04T05:53:42.190166,0.000,0.000,1.270,0.000
2025-12-04T05:53:42.221825,0.000,0.000,1.270,0.000
2025-12-04T05:53:42.253066,0.000,0.000,1.270,0.000
2025-12-04T05:53:42.284551,0.000,0.000,1.270,0.000
2025-12-04T05:53:42.319062,0.000,0.000,1.270,0.000
2025-12-04T05:53:42.353645,0.000,0.000,1.270,0.000
2025-12-04T05:53:42.388483,0.000,0.000,1.270,0.000
2025-12-04T05:53:42.420230,0.000,0.000,1.270,0.000
2025-12-04T05:53:42.452351,0.000,0.000,1.270,0.000
2025-12-04T05:53:42.483881,0.000,0.000,1.270,0.000
2025-12-04T05:53:42.515049,0.000,0.000,1.270,0.000
2025-12-04T05:53:42.549305,0.000,0.000,1.270,0.000
2025-12-04T05:53:42.580855,0.000,0.000,1.270,0.000
2025-12-04T05:53:42.612887,0.000,0.000,1.270,0.000
2025-12-04T05:53:42.648158,0.000,0.000,1.270,0.000
2025-12-04T05:53:42.680982,0.000,0.000,1.270,0.000
2025-12-04T05:53:42.712999,0.000,0.000,1.270,0.000
2025-12-04T05:53:42.744528,0.000,0.000,1.270,0.000
2025-12-04T05:53:42.774122,0.000,0.000,1.270,0.000
2025-12-04T05:53:42.806046,0.000,0.000,1.270,0.000
2025-12-04T05:53:42.838918,0.000,0.000,1.270,0.000
2025-12-04T05:53:42.872640,0.000,0.000,1.270,0.000
2025-12-04T05:53:42.905858,0.000,0.000,1.270,0.000
2025-12-04T05:53:42.938918,0.000,0.000,1.270,0.000
2025-12-04T05:53:42.971741,0.000,0.000,1.270,0.000
2025-12-04T05:53:43.005250,0.000,0.000,1.270,0.000
2025-12-04T05:53:43.035801,0.000,0.000,1.270,0.000
2025-12-04T05:53:43.066031,0.000,0.000,1.270,0.000
2025-12-04T05:53:43.101390,0.000,0.000,1.270,0.000
2025-12-04T05:53:43.133996,0.000,0.000,1.270,0.000
2025-12-04T05:53:43.167481,0.000,0.000,1.270,0.000
2025-12-04T05:53:43.202211,0.000,0.000,1.270,0.000
2025-12-04T05:53:43.232128,0.000,0.000,1.270,0.000
2025-12-04T05:53:43.264719,0.000,0.000,1.270,0.000
2025-12-04T05:53:43.298305,0.000,0.000,1.270,0.000
2025-12-04T05:53:43.327851,0.000,0.000,1.270,0.000
2025-12-04T05:53:43.357847,0.000,0.000,1.270,0.000
2025-12-04T05:53:43.388599,0.000,0.000,1.270,0.000
2025-12-04T05:53:43.420519,0.000,0.000,1.270,0.000
2025-12-04T05:53:43.452509,0.000,0.000,1.270,0.000
2025-12-04T05:53:43.489631,0.000,0.000,1.270,0.000
2025-12-04T05:53:43.520502,0.000,0.000,1.270,0.000
2025-12-04T05:53:43.552559,0.000,0.000,1.270,0.000
2025-12-04T05:53:43.583935,0.000,0.000,1.270,0.000
2025-12-04T05:53:43.616813,0.000,0.000,1.270,0.000
2025-12-04T05:53:43.648957,0.000,0.000,1.270,0.000
2025-12-04T05:53:43.684502,0.000,0.000,1.270,0.000
2025-12-04T05:53:43.716527,0.000,0.000,1.270,0.000
2025-12-04T05:53:43.745707,0.000,0.000,1.270,0.000
2025-12-04T05:53:43.778343,0.000,0.000,1.270,0.000
2025-12-04T05:53:43.808502,0.000,0.000,1.270,0.000
2025-12-04T05:53:43.842199,0.000,0.000,1.270,0.000
2025-12-04T05:53:43.874031,0.000,0.000,1.270,0.000
2025-12-04T05:53:43.906279,0.000,0.000,1.270,0.000
2025-12-04T05:53:43.941778,0.000,0.000,1.270,0.000
2025-12-04T05:53:43.974892,0.000,0.000,1.270,0.000
2025-12-04T05:53:44.006575,0.000,0.000,1.270,0.000
2025-12-04T05:53:44.040644,0.000,0.000,1.270,0.000
2025-12-04T05:53:44.073149,0.000,0.000,1.270,0.000
2025-12-04T05:53:44.104866,0.000,0.000,1.270,0.000
2025-12-04T05:53:44.136835,0.000,0.000,1.270,0.000
2025-12-04T05:53:44.169552,0.000,0.000,1.270,0.000
2025-12-04T05:53:44.206063,0.000,0.000,1.270,0.000
2025-12-04T05:53:44.237286,0.000,0.000,1.270,0.000
2025-12-04T05:53:44.269692,0.000,0.000,1.270,0.000
2025-12-04T05:53:44.302323,0.000,0.000,1.270,0.000
2025-12-04T05:53:44.332128,0.000,0.000,1.270,0.000
2025-12-04T05:53:44.362096,0.000,0.000,1.270,0.000
2025-12-04T05:53:44.396431,0.000,0.000,1.270,0.000
2025-12-04T05:53:44.428242,0.000,0.000,1.270,0.000
2025-12-04T05:53:44.460339,0.000,0.000,1.270,0.000
2025-12-04T05:53:44.496704,0.000,0.000,1.270,0.000
2025-12-04T05:53:44.531595,0.000,0.000,1.270,0.000
2025-12-04T05:53:44.563271,0.000,0.000,1.270,0.000
2025-12-04T05:53:44.597167,0.000,0.000,1.270,0.000
2025-12-04T05:53:44.648094,0.000,0.000,1.270,0.000
2025-12-04T05:53:44.673829,0.000,0.000,1.270,0.000
2025-12-04T05:53:44.704424,0.000,0.000,1.270,0.000
2025-12-04T05:53:44.733896,0.000,0.000,1.270,0.000
2025-12-04T05:53:44.761748,0.000,0.000,1.270,0.000
2025-12-04T05:53:44.788553,0.000,0.000,1.270,0.000
2025-12-04T05:53:44.817242,0.000,0.000,1.270,0.000
2025-12-04T05:53:44.843895,0.000,0.000,1.270,0.000
2025-12-04T05:53:44.871085,0.000,0.000,1.270,0.000
2025-12-04T05:53:44.902375,0.000,0.000,1.270,0.000
2025-12-04T05:53:44.934234,0.000,0.000,1.270,0.000
2025-12-04T05:53:44.966094,0.000,0.000,1.270,0.000
2025-12-04T05:53:44.997319,0.000,0.000,1.270,0.000
2025-12-04T05:53:45.033955,0.000,0.000,1.270,0.000
2025-12-04T05:53:45.066584,0.000,0.000,1.270,0.000
2025-12-04T05:53:45.103921,0.000,0.000,1.270,0.000
2025-12-04T05:53:45.137050,0.000,0.000,1.270,0.000
2025-12-04T05:53:45.168243,0.000,0.000,1.270,0.000
2025-12-04T05:53:45.197225,0.000,0.000,1.270,0.000
2025-12-04T05:53:45.228679,0.000,0.000,1.270,0.000
2025-12-04T05:53:45.261463,0.000,0.000,1.270,0.000
2025-12-04T05:53:45.293704,0.000,0.000,1.270,0.000
2025-12-04T05:53:45.327853,0.000,0.000,1.270,0.000
2025-12-04T05:53:45.360475,0.000,0.000,1.270,0.000
2025-12-04T05:53:45.396648,0.000,0.000,1.270,0.000
2025-12-04T05:53:45.428464,0.000,0.000,1.270,0.000
2025-12-04T05:53:45.461518,0.000,0.000,1.270,0.000
2025-12-04T05:53:45.494278,0.000,0.000,1.270,0.000
2025-12-04T05:53:45.521888,0.000,0.000,1.270,0.000
2025-12-04T05:53:45.550196,0.000,0.000,1.270,0.000
2025-12-04T05:53:45.582015,0.000,0.000,1.270,0.000
2025-12-04T05:53:45.614173,0.000,0.000,1.270,0.000
2025-12-04T05:53:45.649535,0.000,0.000,1.270,0.000
2025-12-04T05:53:45.681778,0.000,0.000,1.270,0.000
2025-12-04T05:53:45.714049,0.000,0.000,1.270,0.000
2025-12-04T05:53:45.746985,0.000,0.000,1.270,0.000
2025-12-04T05:53:45.776225,0.000,0.000,1.270,0.000
2025-12-04T05:53:45.808082,0.000,0.000,1.270,0.000
2025-12-04T05:53:45.841894,0.000,0.000,1.270,0.000
2025-12-04T05:53:45.874945,0.000,0.000,1.270,0.000
2025-12-04T05:53:45.908480,0.000,0.000,1.270,0.000
2025-12-04T05:53:45.941792,0.000,0.000,1.270,0.000
2025-12-04T05:53:45.972964,0.000,0.000,1.270,0.000
2025-12-04T05:53:46.003492,0.000,0.000,1.270,0.000
2025-12-04T05:53:46.038078,0.000,0.000,1.270,0.000
2025-12-04T05:53:46.070197,0.000,0.000,1.270,0.000
2025-12-04T05:53:46.104725,0.000,0.000,1.270,0.000
2025-12-04T05:53:46.138862,0.000,0.000,1.270,0.000
2025-12-04T05:53:46.171808,0.000,0.000,1.270,0.000
2025-12-04T05:53:46.206074,0.000,0.000,1.270,0.000
2025-12-04T05:53:46.236974,0.000,0.000,1.270,0.000
2025-12-04T05:53:46.267459,0.000,0.000,1.270,0.000
2025-12-04T05:53:46.296527,0.000,0.000,1.270,0.000
2025-12-04T05:53:46.327118,0.000,0.000,1.270,0.000
2025-12-04T05:53:46.359076,0.000,0.000,1.270,0.000
2025-12-04T05:53:46.393410,0.000,0.000,1.270,0.000
2025-12-04T05:53:46.426074,0.000,0.000,1.270,0.000
2025-12-04T05:53:46.459931,0.000,0.000,1.270,0.000
2025-12-04T05:53:46.493031,0.000,0.000,1.270,0.000
2025-12-04T05:53:46.525079,0.000,0.000,1.270,0.000
2025-12-04T05:53:46.557449,0.000,0.000,1.270,0.000
2025-12-04T05:53:46.589197,0.000,0.000,1.270,0.000
2025-12-04T05:53:46.619637,0.000,0.000,1.270,0.000
2025-12-04T05:53:46.652125,0.000,0.000,1.270,0.000
2025-12-04T05:53:46.688956,0.000,0.000,1.270,0.000
2025-12-04T05:53:46.720049,0.000,0.000,1.270,0.000
2025-12-04T05:53:46.752635,0.000,0.000,1.270,0.000
2025-12-04T05:53:46.784826,0.000,0.000,1.270,0.000
2025-12-04T05:53:46.815418,0.000,0.000,1.270,0.000
2025-12-04T05:53:46.848863,0.000,0.000,1.270,0.000
2025-12-04T05:53:46.881294,0.000,0.000,1.270,0.000
2025-12-04T05:53:46.912511,0.000,0.000,1.270,0.000
2025-12-04T05:53:46.948891,0.000,0.000,1.270,0.000
2025-12-04T05:53:46.980637,0.000,0.000,1.270,0.000
2025-12-04T05:53:47.011637,0.000,0.000,1.270,0.000
2025-12-04T05:53:47.041951,0.000,0.000,1.270,0.000
2025-12-04T05:53:47.072334,0.000,0.000,1.270,0.000
2025-12-04T05:53:47.104613,0.000,0.000,1.270,0.000
2025-12-04T05:53:47.137721,0.000,0.000,1.270,0.000
2025-12-04T05:53:47.170384,0.000,0.000,1.270,0.000
2025-12-04T05:53:47.204534,0.000,0.000,1.270,0.000
2025-12-04T05:53:47.240732,0.000,0.000,1.270,0.000
2025-12-04T05:53:47.271800,0.000,0.000,1.270,0.000
2025-12-04T05:53:47.304639,0.000,0.000,1.270,0.000
2025-12-04T05:53:47.336586,0.000,0.000,1.270,0.000
2025-12-04T05:53:47.369479,0.000,0.000,1.270,0.000
2025-12-04T05:53:47.401330,0.000,0.000,1.270,0.000
2025-12-04T05:53:47.433239,0.000,0.000,1.270,0.000
2025-12-04T05:53:47.467018,0.000,0.000,1.270,0.000
2025-12-04T05:53:47.500954,0.000,0.000,1.270,0.000
2025-12-04T05:53:47.533102,0.000,0.000,1.270,0.000
2025-12-04T05:53:47.564711,0.000,0.000,1.270,0.000
2025-12-04T05:53:47.595105,0.000,0.000,1.270,0.000
2025-12-04T05:53:47.624283,0.000,0.000,1.270,0.000
2025-12-04T05:53:47.658362,0.000,0.000,1.270,0.000
2025-12-04T05:53:47.694010,0.000,0.000,1.270,0.000
2025-12-04T05:53:47.724054,0.000,0.000,1.270,0.000
2025-12-04T05:53:47.756511,0.000,0.000,1.270,0.000
2025-12-04T05:53:47.790187,0.000,0.000,1.270,0.000
2025-12-04T05:53:47.822050,0.000,0.000,1.270,0.000
2025-12-04T05:53:47.854482,0.000,0.000,1.270,0.000
2025-12-04T05:53:47.886080,0.000,0.000,1.270,0.000
2025-12-04T05:53:47.917324,0.000,0.000,1.270,0.000
2025-12-04T05:53:47.953548,0.000,0.000,1.270,0.000
2025-12-04T05:53:47.989726,0.000,0.000,1.270,0.000
2025-12-04T05:53:48.022153,0.000,0.000,1.270,0.000
2025-12-04T05:53:48.063386,0.000,0.000,1.270,0.000
2025-12-04T05:53:48.083104,0.000,0.000,1.270,0.000
2025-12-04T05:53:48.112234,0.000,0.000,1.270,0.000
2025-12-04T05:53:48.153720,0.000,0.000,1.270,0.000
2025-12-04T05:53:48.171028,0.000,0.000,1.270,0.000
2025-12-04T05:53:48.202609,0.000,0.000,1.270,0.000
2025-12-04T05:53:48.237846,0.000,0.000,1.270,0.000
2025-12-04T05:53:48.269101,0.000,0.000,1.270,0.000
2025-12-04T05:53:48.304421,0.000,0.000,1.270,0.000
2025-12-04T05:53:48.338224,0.000,0.000,1.270,0.000
2025-12-04T05:53:48.370824,0.000,0.000,1.270,0.000
2025-12-04T05:53:48.402875,0.000,0.000,1.270,0.000
2025-12-04T05:53:48.436126,0.000,0.000,1.270,0.000
2025-12-04T05:53:48.466468,0.000,0.000,1.270,0.000
2025-12-04T05:53:48.500575,0.000,0.000,1.270,0.000
2025-12-04T05:53:48.533753,0.000,0.000,1.270,0.000
2025-12-04T05:53:48.566942,0.000,0.000,1.270,0.000
2025-12-04T05:53:48.600025,0.000,0.000,1.270,0.000
2025-12-04T05:53:48.633119,0.000,0.000,1.270,0.000
2025-12-04T05:53:48.666906,0.000,0.000,1.270,0.000
2025-12-04T05:53:48.701730,0.000,0.000,1.270,0.000
2025-12-04T05:53:48.730312,0.000,0.000,1.270,0.000
2025-12-04T05:53:48.759880,0.000,0.000,1.270,0.000
2025-12-04T05:53:48.790568,0.000,0.000,1.270,0.000
2025-12-04T05:53:48.819623,0.000,0.000,1.270,0.000
2025-12-04T05:53:48.853610,0.000,0.000,1.270,0.000
2025-12-04T05:53:48.885725,0.000,0.000,1.270,0.000
2025-12-04T05:53:48.918099,0.000,0.000,1.270,0.000
2025-12-04T05:53:48.955240,0.000,0.000,1.270,0.000
2025-12-04T05:53:48.989413,0.000,0.000,1.270,0.000
2025-12-04T05:53:49.024034,0.000,0.000,1.270,0.000
2025-12-04T05:53:49.057519,0.000,0.000,1.270,0.000
2025-12-04T05:53:49.088631,0.000,0.000,1.270,0.000
2025-12-04T05:53:49.116484,0.000,0.000,1.270,0.000
2025-12-04T05:53:49.148844,0.000,0.000,1.270,0.000
2025-12-04T05:53:49.181825,0.000,0.000,1.270,0.000
2025-12-04T05:53:49.209413,0.000,0.000,1.270,0.000
2025-12-04T05:53:49.244929,0.000,0.000,1.270,0.000
2025-12-04T05:53:49.276233,0.000,0.000,1.270,0.000
2025-12-04T05:53:49.310440,0.000,0.000,1.270,0.000
2025-12-04T05:53:49.342685,0.000,0.000,1.270,0.000
2025-12-04T05:53:49.371613,0.000,0.000,1.270,0.000
2025-12-04T05:53:49.404191,0.000,0.000,1.270,0.000
2025-12-04T05:53:49.440494,0.000,0.000,1.270,0.000
2025-12-04T05:53:49.473109,0.000,0.000,1.270,0.000
2025-12-04T05:53:49.507648,0.000,0.000,1.270,0.000
2025-12-04T05:53:49.540607,0.000,0.000,1.270,0.000
2025-12-04T05:53:49.571229,0.000,0.000,1.270,0.000
2025-12-04T05:53:49.604872,0.000,0.000,1.270,0.000
2025-12-04T05:53:49.636901,0.000,0.000,1.270,0.000
2025-12-04T05:53:49.666995,0.000,0.000,1.270,0.000
2025-12-04T05:53:49.696605,0.000,0.000,1.270,0.000
2025-12-04T05:53:49.726366,0.000,0.000,1.270,0.000
2025-12-04T05:53:49.758522,0.000,0.000,1.270,0.000
2025-12-04T05:53:49.790025,0.000,0.000,1.270,0.000
2025-12-04T05:53:49.823415,0.000,0.000,1.270,0.000
2025-12-04T05:53:49.856147,0.000,0.000,1.270,0.000
2025-12-04T05:53:49.890423,0.000,0.000,1.270,0.000
2025-12-04T05:53:49.924308,0.000,0.000,1.270,0.000
2025-12-04T05:53:49.957273,0.000,0.000,1.270,0.000
2025-12-04T05:53:49.989566,0.000,0.000,1.270,0.000
2025-12-04T05:53:50.021615,0.000,0.000,1.270,0.000
2025-12-04T05:53:50.052845,0.000,0.000,1.270,0.000
2025-12-04T05:53:50.090427,0.000,0.000,1.270,0.000
2025-12-04T05:53:50.121203,0.000,0.000,1.270,0.000
2025-12-04T05:53:50.152714,0.000,0.000,1.270,0.000
2025-12-04T05:53:50.184383,0.000,0.000,1.270,0.000
2025-12-04T05:53:50.211707,0.000,0.000,1.270,0.000
2025-12-04T05:53:50.250943,0.000,0.000,1.270,0.000
2025-12-04T05:53:50.281503,0.000,0.000,1.270,0.000
2025-12-04T05:53:50.311990,0.000,0.000,1.270,0.000
2025-12-04T05:53:50.342065,0.000,0.000,1.270,0.000
2025-12-04T05:53:50.372037,0.000,0.000,1.270,0.000
2025-12-04T05:53:50.401010,0.000,0.000,1.270,0.000
2025-12-04T05:53:50.434130,0.000,0.000,1.270,0.000
2025-12-04T05:53:50.466103,0.000,0.000,1.270,0.000
2025-12-04T05:53:50.497797,0.000,0.000,1.270,0.000
2025-12-04T05:53:50.537069,0.000,0.000,1.270,0.000
2025-12-04T05:53:50.568683,0.000,0.000,1.270,0.000
2025-12-04T05:53:50.602366,0.000,0.000,1.270,0.000
2025-12-04T05:53:50.636756,0.000,0.000,1.270,0.000
2025-12-04T05:53:50.667235,0.000,0.000,1.270,0.000
2025-12-04T05:53:50.700557,0.000,0.000,1.270,0.000
2025-12-04T05:53:50.733265,0.000,0.000,1.270,0.000
2025-12-04T05:53:50.765311,0.000,0.000,1.270,0.000
2025-12-04T05:53:50.801604,0.000,0.000,1.270,0.000
2025-12-04T05:53:50.832449,0.000,0.000,1.270,0.000
2025-12-04T05:53:50.864483,0.000,0.000,1.270,0.000
2025-12-04T05:53:50.896445,0.000,0.000,1.270,0.000
2025-12-04T05:53:50.926240,0.000,0.000,1.270,0.000
2025-12-04T05:53:50.958183,0.000,0.000,1.270,0.000
2025-12-04T05:53:50.988804,0.000,0.000,1.270,0.000
2025-12-04T05:53:51.019579,0.000,0.000,1.270,0.000
2025-12-04T05:53:51.052964,0.000,0.000,1.270,0.000
2025-12-04T05:53:51.088417,0.000,0.000,1.270,0.000
2025-12-04T05:53:51.120552,0.000,0.000,1.270,0.000
2025-12-04T05:53:51.151902,0.000,0.000,1.270,0.000
2025-12-04T05:53:51.183225,0.000,0.000,1.270,0.000
2025-12-04T05:53:51.214410,0.000,0.000,1.270,0.000
2025-12-04T05:53:51.248596,0.000,0.000,1.270,0.000
2025-12-04T05:53:51.280612,0.000,0.000,1.270,0.000
2025-12-04T05:53:51.316211,0.000,0.000,1.270,0.000
2025-12-04T05:53:51.346635,0.000,0.000,1.270,0.000
2025-12-04T05:53:51.378341,0.000,0.000,1.270,0.000
2025-12-04T05:53:51.410443,0.000,0.000,1.270,0.000
2025-12-04T05:53:51.442597,0.000,0.000,1.270,0.000
2025-12-04T05:53:51.476921,0.000,0.000,1.270,-0.029
2025-12-04T05:53:51.503490,0.000,0.000,1.270,-0.058
2025-12-04T05:53:51.537898,0.000,0.000,1.270,-0.086
2025-12-04T05:53:51.570297,0.000,0.000,1.270,-0.115
2025-12-04T05:53:51.608247,0.000,0.000,1.270,-0.144
2025-12-04T05:53:51.639144,0.000,0.000,1.270,-0.172
2025-12-04T05:53:51.670903,0.000,0.000,1.270,-0.200
2025-12-04T05:53:51.703083,0.000,0.000,1.270,-0.228
2025-12-04T05:53:51.732091,0.000,0.000,1.270,-0.256
2025-12-04T05:53:51.764053,0.000,0.000,1.270,-0.284
2025-12-04T05:53:51.794713,0.000,0.000,1.270,-0.312
2025-12-04T05:53:51.827875,0.000,0.000,1.270,-0.339
2025-12-04T05:53:51.862173,0.000,0.000,1.270,-0.366
2025-12-04T05:53:51.896506,0.000,0.000,1.270,-0.392
2025-12-04T05:53:51.930249,0.000,0.000,1.270,-0.419
2025-12-04T05:53:51.965014,0.000,0.000,1.270,-0.445
2025-12-04T05:53:51.998880,0.000,0.000,1.270,-0.470
2025-12-04T05:53:52.028251,0.000,0.000,1.270,-0.495
2025-12-04T05:53:52.060614,0.000,0.000,1.270,-0.520
2025-12-04T05:53:52.091780,0.000,0.000,1.270,-0.545
2025-12-04T05:53:52.121458,0.000,0.000,1.270,-0.569
2025-12-04T05:53:52.153748,0.000,0.000,1.270,-0.592
2025-12-04T05:53:52.192297,0.000,0.000,1.270,-0.615
2025-12-04T05:53:52.226136,0.000,0.000,1.270,-0.637
2025-12-04T05:53:52.261004,0.000,0.000,1.270,-0.659
2025-12-04T05:53:52.292382,0.000,0.000,1.270,-0.681
2025-12-04T05:53:52.322543,0.000,0.000,1.270,-0.702
2025-12-04T05:53:52.355869,0.000,0.000,1.270,-0.722
2025-12-04T05:53:52.386046,0.000,0.000,1.270,-0.741
2025-12-04T05:53:52.414196,0.000,0.000,1.270,-0.760
2025-12-04T05:53:52.447137,0.000,0.000,1.270,-0.779
2025-12-04T05:53:52.478873,0.000,0.000,1.270,-0.797
2025-12-04T05:53:52.514532,0.000,0.000,1.270,-0.814
2025-12-04T05:53:52.548779,0.000,0.000,1.270,-0.830
2025-12-04T05:53:52.584536,0.000,0.000,1.270,-0.846
2025-12-04T05:53:52.618126,0.000,0.000,1.270,-0.861
2025-12-04T05:53:52.650329,0.000,0.000,1.270,-0.875
2025-12-04T05:53:52.677938,0.000,0.000,1.270,-0.889
2025-12-04T05:53:52.707754,0.000,0.000,1.270,-0.901
2025-12-04T05:53:52.744161,0.000,0.000,1.270,-0.914
2025-12-04T05:53:52.775440,0.000,0.000,1.270,-0.925
2025-12-04T05:53:52.807178,0.000,0.000,1.270,-0.935
2025-12-04T05:53:52.842235,0.000,0.000,1.270,-0.945
2025-12-04T05:53:52.875036,0.000,0.000,1.270,-0.954
2025-12-04T05:53:52.905595,0.000,0.000,1.270,-0.962
2025-12-04T05:53:52.937310,0.000,0.000,1.270,-0.970
2025-12-04T05:53:52.965999,0.000,0.000,1.270,-0.977
2025-12-04T05:53:52.998428,0.000,0.000,1.270,-0.982
2025-12-04T05:53:53.030831,0.000,0.000,1.270,-0.987
2025-12-04T05:53:53.061290,0.000,0.000,1.270,-0.991
2025-12-04T05:53:53.092290,0.000,0.000,1.270,-0.995
2025-12-04T05:53:53.126379,0.000,0.000,1.270,-0.997
2025-12-04T05:53:53.159971,0.000,0.000,1.270,-0.999
2025-12-04T05:53:53.195494,0.000,0.000,1.270,-1.000
2025-12-04T05:53:53.227827,0.000,0.000,1.270,1.000
2025-12-04T05:53:53.260702,0.000,0.000,1.270,0.999
2025-12-04T05:53:53.294903,0.000,0.000,1.270,0.997
2025-12-04T05:53:53.325503,0.000,0.000,1.270,0.995
2025-12-04T05:53:53.359287,0.000,0.000,1.270,0.992
2025-12-04T05:53:53.391335,0.000,0.000,1.270,0.988
2025-12-04T05:53:53.420005,0.000,0.000,1.270,0.983
2025-12-04T05:53:53.453381,0.000,0.000,1.270,0.977
2025-12-04T05:53:53.485163,0.000,0.000,1.270,0.970
2025-12-04T05:53:53.516133,0.000,0.000,1.270,0.963
2025-12-04T05:53:53.552104,0.000,0.000,1.270,0.955
2025-12-04T05:53:53.584399,0.000,0.000,1.270,0.946
2025-12-04T05:53:53.615216,0.000,0.000,1.270,0.936
2025-12-04T05:53:53.648430,0.000,0.000,1.270,0.926
2025-12-04T05:53:53.678275,0.000,0.000,1.270,0.915
2025-12-04T05:53:53.709000,0.000,0.000,1.270,0.903
2025-12-04T05:53:53.738129,0.000,0.000,1.270,0.890
2025-12-04T05:53:53.772082,0.000,0.000,1.270,0.876
2025-12-04T05:53:53.803941,0.000,0.000,1.270,0.862
2025-12-04T05:53:53.840710,0.000,0.000,1.270,0.847
2025-12-04T05:53:53.874995,0.000,0.000,1.270,0.831
2025-12-04T05:53:53.908040,0.000,0.000,1.270,0.815
2025-12-04T05:53:53.942113,0.000,0.000,1.270,0.798
2025-12-04T05:53:53.974975,0.000,0.000,1.270,0.780
2025-12-04T05:53:54.002978,0.000,0.000,1.270,0.762
2025-12-04T05:53:54.034640,0.000,0.000,1.270,0.743
2025-12-04T05:53:54.066498,0.000,0.000,1.270,0.723
2025-12-04T05:53:54.097911,0.000,0.000,1.270,0.703
2025-12-04T05:53:54.132506,0.000,0.000,1.270,0.683
2025-12-04T05:53:54.164267,0.000,0.000,1.270,0.661
2025-12-04T05:53:54.198795,0.000,0.000,1.270,0.639
2025-12-04T05:53:54.230175,0.000,0.000,1.270,0.617
2025-12-04T05:53:54.261967,0.000,0.000,1.270,0.594
2025-12-04T05:53:54.294723,0.000,0.000,1.270,0.571
2025-12-04T05:53:54.327470,0.000,0.000,1.270,0.547
2025-12-04T05:53:54.359283,0.000,0.000,1.270,0.522
2025-12-04T05:53:54.394356,0.000,0.000,1.270,0.498
2025-12-04T05:53:54.426122,0.000,0.000,1.270,0.472
2025-12-04T05:53:54.458450,0.000,0.000,1.270,0.447
2025-12-04T05:53:54.489397,0.000,0.000,1.270,0.421
2025-12-04T05:53:54.520866,0.000,0.000,1.270,0.395
2025-12-04T05:53:54.551019,0.000,0.000,1.270,0.368
2025-12-04T05:53:54.583250,0.000,0.000,1.270,0.341
2025-12-04T05:53:54.619554,0.000,0.000,1.270,0.314
2025-12-04T05:53:54.652275,0.000,0.000,1.270,0.286
2025-12-04T05:53:54.684291,0.000,0.000,1.270,0.259
2025-12-04T05:53:54.715080,0.000,0.000,1.270,0.231
2025-12-04T05:53:54.760616,0.000,0.000,1.270,0.203
2025-12-04T05:53:54.800126,0.000,0.000,1.270,0.231
2025-12-04T05:53:54.836235,0.000,0.000,1.270,0.259
2025-12-04T05:53:54.861094,0.000,0.000,1.270,0.286
2025-12-04T05:53:54.888365,0.000,0.000,1.270,0.314
2025-12-04T05:53:54.914351,0.000,0.000,1.270,0.341
2025-12-04T05:53:54.945436,0.000,0.000,1.270,0.368
2025-12-04T05:53:54.976933,0.000,0.000,1.270,0.395
2025-12-04T05:53:55.008309,0.000,0.000,1.270,0.421
2025-12-04T05:53:55.037557,0.000,0.000,1.270,0.447
2025-12-04T05:53:55.069383,0.000,0.000,1.270,0.472
2025-12-04T05:53:55.102621,0.000,0.000,1.270,0.498
2025-12-04T05:53:55.138357,0.000,0.000,1.270,0.522
2025-12-04T05:53:55.171067,0.000,0.000,1.270,0.547
2025-12-04T05:53:55.202773,0.000,0.000,1.270,0.571
2025-12-04T05:53:55.235464,0.000,0.000,1.270,0.594
2025-12-04T05:53:55.264545,0.000,0.000,1.270,0.617
2025-12-04T05:53:55.298831,0.000,0.000,1.270,0.639
2025-12-04T05:53:55.330689,0.000,0.000,1.270,0.661
2025-12-04T05:53:55.361067,0.000,0.000,1.270,0.683
2025-12-04T05:53:55.393992,0.000,0.000,1.270,0.703
2025-12-04T05:53:55.427486,0.000,0.000,1.270,0.723
2025-12-04T05:53:55.461187,0.000,0.000,1.270,0.743
2025-12-04T05:53:55.495260,0.000,0.000,1.270,0.762
2025-12-04T05:53:55.538997,0.000,0.000,1.270,0.780
2025-12-04T05:53:55.554935,0.000,0.000,1.270,0.798
2025-12-04T05:53:55.585639,0.000,0.000,1.270,0.815
2025-12-04T05:53:55.617015,0.000,0.000,1.270,0.831
2025-12-04T05:53:55.653793,0.000,0.000,1.270,0.847
2025-12-04T05:53:55.681282,0.000,0.000,1.270,0.862
2025-12-04T05:53:55.714893,0.000,0.000,1.270,0.876
2025-12-04T05:53:55.748430,0.000,0.000,1.270,0.890
2025-12-04T05:53:55.779363,0.000,0.000,1.270,0.903
2025-12-04T05:53:55.811045,0.000,0.000,1.270,0.915
2025-12-04T05:53:55.843125,0.000,0.000,1.270,0.926
2025-12-04T05:53:55.878596,0.000,0.000,1.270,0.936
2025-12-04T05:53:55.911618,0.000,0.000,1.270,0.946
2025-12-04T05:53:55.944193,0.000,0.000,1.270,0.955
2025-12-04T05:53:55.978818,0.000,0.000,1.270,0.963
2025-12-04T05:53:56.009507,0.000,0.000,1.270,0.970
2025-12-04T05:53:56.041303,0.000,0.000,1.270,0.977
2025-12-04T05:53:56.074392,0.000,0.000,1.270,0.983
2025-12-04T05:53:56.108031,0.000,0.000,1.270,0.988
2025-12-04T05:53:56.144345,0.000,0.000,1.270,0.992
2025-12-04T05:53:56.177872,0.000,0.000,1.270,0.995
2025-12-04T05:53:56.209507,0.000,0.000,1.270,0.997
2025-12-04T05:53:56.244373,0.000,0.000,1.270,0.999
2025-12-04T05:53:56.275480,0.000,0.000,1.270,1.000
2025-12-04T05:53:56.308235,0.000,0.000,1.270,-1.000
2025-12-04T05:53:56.335935,0.000,0.000,1.270,-0.999
2025-12-04T05:53:56.367328,0.000,0.000,1.270,-0.997
2025-12-04T05:53:56.398387,0.000,0.000,1.270,-0.995
2025-12-04T05:53:56.430764,0.000,0.000,1.270,-0.991
2025-12-04T05:53:56.463642,0.000,0.000,1.270,-0.987
2025-12-04T05:53:56.495526,0.000,0.000,1.270,-0.982
2025-12-04T05:53:56.528370,0.000,0.000,1.270,-0.977
2025-12-04T05:53:56.563223,0.000,0.000,1.270,-0.970
2025-12-04T05:53:56.598423,0.000,0.000,1.270,-0.962
2025-12-04T05:53:56.628319,0.000,0.000,1.270,-0.954
2025-12-04T05:53:56.661130,0.000,0.000,1.270,-0.945
2025-12-04T05:53:56.691156,0.000,0.000,1.270,-0.935
2025-12-04T05:53:56.721647,0.000,0.000,1.270,-0.925
2025-12-04T05:53:56.755799,0.000,0.000,1.270,-0.914
2025-12-04T05:53:56.787872,0.000,0.000,1.270,-0.901
2025-12-04T05:53:56.822946,0.000,0.000,1.270,-0.889
2025-12-04T05:53:56.858772,0.000,0.000,1.270,-0.875
2025-12-04T05:53:56.893455,0.000,0.000,1.270,-0.861
2025-12-04T05:53:56.925430,0.000,0.000,1.270,-0.846
2025-12-04T05:53:56.960969,0.000,0.000,1.270,-0.830
2025-12-04T05:53:56.990541,0.000,0.000,1.270,-0.814
2025-12-04T05:53:57.017519,0.000,0.000,1.270,-0.797
2025-12-04T05:53:57.050330,0.000,0.000,1.270,-0.779
2025-12-04T05:53:57.084084,0.000,0.000,1.270,-0.760
2025-12-04T05:53:57.119438,0.000,0.000,1.270,-0.741
2025-12-04T05:53:57.146457,0.000,0.000,1.270,-0.722
2025-12-04T05:53:57.178442,0.000,0.000,1.270,-0.702
2025-12-04T05:53:57.211359,0.000,0.000,1.270,-0.681
2025-12-04T05:53:57.246785,0.000,0.000,1.270,-0.659
2025-12-04T05:53:57.280127,0.000,0.000,1.270,-0.637
2025-12-04T05:53:57.311090,0.000,0.000,1.270,-0.615
2025-12-04T05:53:57.345290,0.000,0.000,1.270,-0.592
2025-12-04T05:53:57.376010,0.000,0.000,1.270,-0.569
2025-12-04T05:53:57.408450,0.000,0.000,1.270,-0.545
2025-12-04T05:53:57.442103,0.000,0.000,1.270,-0.520
2025-12-04T05:53:57.474305,0.000,0.000,1.270,-0.495
2025-12-04T05:53:57.508469,0.000,0.000,1.270,-0.470
2025-12-04T05:53:57.542853,0.000,0.000,1.270,-0.445
2025-12-04T05:53:57.574420,0.000,0.000,1.270,-0.419
2025-12-04T05:53:57.607352,0.000,0.000,1.270,-0.392
2025-12-04T05:53:57.634336,0.000,0.000,1.270,-0.366
2025-12-04T05:53:57.669242,0.000,0.000,1.270,-0.339
2025-12-04T05:53:57.701783,0.000,0.000,1.270,-0.312
2025-12-04T05:53:57.735691,0.000,0.000,1.270,-0.284
2025-12-04T05:53:57.767630,0.000,0.000,1.270,-0.256
2025-12-04T05:53:57.800091,0.000,0.000,1.270,-0.228
2025-12-04T05:53:57.832259,0.000,0.000,1.270,-0.200
2025-12-04T05:53:57.861765,0.000,0.000,1.270,-0.172
2025-12-04T05:53:57.896294,0.000,0.000,1.270,-0.144
2025-12-04T05:53:57.930081,0.000,0.000,1.270,-0.115
2025-12-04T05:53:57.962641,0.000,0.000,1.270,-0.086
2025-12-04T05:53:57.998641,0.000,0.000,1.270,-0.058
2025-12-04T05:53:58.029865,0.000,0.000,1.270,-0.029
2025-12-04T05:53:58.060883,0.000,0.000,1.270,0.000
2025-12-04T05:53:58.094984,0.000,0.000,1.270,0.029
2025-12-04T05:53:58.128074,0.000,0.000,1.270,0.058
2025-12-04T05:53:58.156638,0.000,0.000,1.270,0.086
2025-12-04T05:53:58.192460,0.000,0.000,1.270,0.115
2025-12-04T05:53:58.224751,0.000,0.000,1.270,0.144
2025-12-04T05:53:58.255156,0.000,0.000,1.270,0.172
2025-12-04T05:53:58.287432,0.000,0.000,1.270,0.200
2025-12-04T05:53:58.318095,0.000,0.000,1.270,0.228
2025-12-04T05:53:58.353339,0.000,0.000,1.270,0.256
2025-12-04T05:53:58.386947,0.000,0.000,1.270,0.284
2025-12-04T05:53:58.421636,0.000,0.000,1.270,0.312
2025-12-04T05:53:58.455090,0.000,0.000,1.270,0.339
2025-12-04T05:53:58.486031,0.000,0.000,1.270,0.366
2025-12-04T05:53:58.514724,0.000,0.000,1.270,0.392
2025-12-04T05:53:58.545289,0.000,0.000,1.270,0.419
2025-12-04T05:53:58.576953,0.000,0.000,1.270,0.445
2025-12-04T05:53:58.605736,0.000,0.000,1.270,0.470
2025-12-04T05:53:58.641365,0.000,0.000,1.270,0.495
2025-12-04T05:53:58.676538,0.000,0.000,1.270,0.520
2025-12-04T05:53:58.708190,0.000,0.000,1.270,0.545
2025-12-04T05:53:58.742830,0.000,0.000,1.270,0.569
2025-12-04T05:53:58.776917,0.000,0.000,1.270,0.592
2025-12-04T05:53:58.804235,0.000,0.000,1.270,0.615
2025-12-04T05:53:58.835254,0.000,0.000,1.270,0.637
2025-12-04T05:53:58.864826,0.000,0.000,1.270,0.659
2025-12-04T05:53:58.895538,0.000,0.000,1.270,0.681
2025-12-04T05:53:58.924295,0.000,0.000,1.270,0.702
2025-12-04T05:53:58.955056,0.000,0.000,1.270,0.722
2025-12-04T05:53:58.987572,0.000,0.000,1.270,0.741
2025-12-04T05:53:59.020773,0.000,0.000,1.270,0.760
2025-12-04T05:53:59.058382,0.000,0.000,1.270,0.779
2025-12-04T05:53:59.096253,0.000,0.000,1.270,0.797
2025-12-04T05:53:59.126627,0.000,0.000,1.270,0.814
2025-12-04T05:53:59.159824,0.000,0.000,1.270,0.830
2025-12-04T05:53:59.191773,0.000,0.000,1.270,0.846
2025-12-04T05:53:59.220489,0.000,0.000,1.270,0.861
2025-12-04T05:53:59.250038,0.000,0.000,1.270,0.875
2025-12-04T05:53:59.280993,0.000,0.000,1.270,0.889
2025-12-04T05:53:59.314179,0.000,0.000,1.270,0.901
2025-12-04T05:53:59.347317,0.000,0.000,1.270,0.914
2025-12-04T05:53:59.382801,0.000,0.000,1.270,0.925
2025-12-04T05:53:59.414236,0.000,0.000,1.270,0.935
2025-12-04T05:53:59.446378,0.000,0.000,1.270,0.945
2025-12-04T05:53:59.478084,0.000,0.000,1.270,0.954
2025-12-04T05:53:59.511124,0.000,0.000,1.270,0.962
2025-12-04T05:53:59.543316,0.000,0.000,1.270,0.970
2025-12-04T05:53:59.576159,0.000,0.000,1.270,0.977
2025-12-04T05:53:59.610892,0.000,0.000,1.270,0.982
2025-12-04T05:53:59.646857,0.000,0.000,1.270,0.987
2025-12-04T05:53:59.677638,0.017,-0.006,1.270,0.987
2025-12-04T05:53:59.710989,0.034,-0.011,1.270,0.987
2025-12-04T05:53:59.738617,0.052,-0.017,1.270,0.987
2025-12-04T05:53:59.770679,0.069,-0.023,1.270,0.987
2025-12-04T05:53:59.805043,0.087,-0.029,1.270,0.987
2025-12-04T05:53:59.836019,0.104,-0.034,1.270,0.987
2025-12-04T05:53:59.867128,0.122,-0.040,1.270,0.987
2025-12-04T05:53:59.898489,0.140,-0.046,1.270,0.987
2025-12-04T05:53:59.935672,0.158,-0.052,1.270,0.987
2025-12-04T05:53:59.965998,0.176,-0.058,1.270,0.987
2025-12-04T05:53:59.999373,0.194,-0.064,1.270,0.987
2025-12-04T05:54:00.031830,0.213,-0.070,1.270,0.987
2025-12-04T05:54:00.066262,0.231,-0.076,1.270,0.987
2025-12-04T05:54:00.102365,0.249,-0.082,1.270,0.987
2025-12-04T05:54:00.134970,0.268,-0.089,1.270,0.987
2025-12-04T05:54:00.164913,0.286,-0.095,1.270,0.987
2025-12-04T05:54:00.195250,0.305,-0.101,1.270,0.987
2025-12-04T05:54:00.228891,0.324,-0.107,1.270,0.987
2025-12-04T05:54:00.258734,0.342,-0.113,1.270,0.987
2025-12-04T05:54:00.292052,0.361,-0.119,1.270,0.987
2025-12-04T05:54:00.319432,0.380,-0.126,1.270,0.987
2025-12-04T05:54:00.355808,0.399,-0.132,1.270,0.987
2025-12-04T05:54:00.391851,0.418,-0.138,1.270,0.987
2025-12-04T05:54:00.424941,0.437,-0.144,1.270,0.987
2025-12-04T05:54:00.458416,0.456,-0.151,1.270,0.987
2025-12-04T05:54:00.492084,0.475,-0.157,1.270,0.987
2025-12-04T05:54:00.523900,0.494,-0.163,1.270,0.987
2025-12-04T05:54:00.558817,0.513,-0.169,1.270,0.987
2025-12-04T05:54:00.590037,0.532,-0.176,1.270,0.987
2025-12-04T05:54:00.620724,0.551,-0.182,1.270,0.987
2025-12-04T05:54:00.654423,0.570,-0.188,1.270,0.987
2025-12-04T05:54:00.685914,0.589,-0.195,1.270,0.987
2025-12-04T05:54:00.719934,0.609,-0.201,1.270,0.987
2025-12-04T05:54:00.757652,0.628,-0.207,1.270,0.987
2025-12-04T05:54:00.784350,0.647,-0.214,1.270,0.987
2025-12-04T05:54:00.817921,0.632,-0.209,1.270,0.987
2025-12-04T05:54:00.852365,0.617,-0.204,1.270,0.987
2025-12-04T05:54:00.881800,0.602,-0.199,1.270,0.987
2025-12-04T05:54:00.912140,0.586,-0.194,1.270,0.987
2025-12-04T05:54:00.943330,0.570,-0.188,1.270,0.987
2025-12-04T05:54:00.975222,0.554,-0.183,1.270,0.987
2025-12-04T05:54:01.008247,0.538,-0.178,1.270,0.987
2025-12-04T05:54:01.043856,0.521,-0.172,1.270,0.987
2025-12-04T05:54:01.078637,0.504,-0.167,1.270,0.987
2025-12-04T05:54:01.111371,0.488,-0.161,1.270,0.987
2025-12-04T05:54:01.145190,0.470,-0.155,1.270,0.987
2025-12-04T05:54:01.178809,0.453,-0.150,1.270,0.987
2025-12-04T05:54:01.209270,0.436,-0.144,1.270,0.987
2025-12-04T05:54:01.242218,0.418,-0.138,1.270,0.987
2025-12-04T05:54:01.275170,0.401,-0.132,1.270,0.987
2025-12-04T05:54:01.307281,0.383,-0.127,1.270,0.987
2025-12-04T05:54:01.342695,0.365,-0.121,1.270,0.987
2025-12-04T05:54:01.375370,0.347,-0.115,1.270,0.987
2025-12-04T05:54:01.407447,0.329,-0.109,1.270,0.987
2025-12-04T05:54:01.439063,0.311,-0.103,1.270,0.987
2025-12-04T05:54:01.468615,0.293,-0.097,1.270,0.987
2025-12-04T05:54:01.502931,0.274,-0.091,1.270,0.987
2025-12-04T05:54:01.532381,0.256,-0.085,1.270,0.987
2025-12-04T05:54:01.565315,0.238,-0.079,1.270,0.987
2025-12-04T05:54:01.602795,0.219,-0.072,1.270,0.987
2025-12-04T05:54:01.634309,0.201,-0.066,1.270,0.987
2025-12-04T05:54:01.666865,0.182,-0.060,1.270,0.987
2025-12-04T05:54:01.697188,0.163,-0.054,1.270,0.987
2025-12-04T05:54:01.725921,0.144,-0.048,1.270,0.987
2025-12-04T05:54:01.755980,0.126,-0.042,1.270,0.987
2025-12-04T05:54:01.788125,0.107,-0.035,1.270,0.987
2025-12-04T05:54:01.821439,0.088,-0.029,1.270,0.987
2025-12-04T05:54:01.863743,0.069,-0.023,1.270,0.987
2025-12-04T05:54:01.887219,0.050,-0.017,1.270,0.987
2025-12-04T05:54:01.921453,0.031,-0.010,1.270,0.987
2025-12-04T05:54:01.952822,0.012,-0.004,1.270,0.987
2025-12-04T05:54:01.982359,-0.007,0.002,1.270,0.987
2025-12-04T05:54:02.015193,-0.026,0.009,1.270,0.987
2025-12-04T05:54:02.048557,-0.045,0.015,1.270,0.987
2025-12-04T05:54:02.079687,-0.064,0.021,1.270,0.987
2025-12-04T05:54:02.114522,-0.083,0.028,1.270,0.987
2025-12-04T05:54:02.147336,-0.102,0.034,1.270,0.987
2025-12-04T05:54:02.180518,-0.122,0.040,1.270,0.987
2025-12-04T05:54:02.212367,-0.141,0.047,1.270,0.987
2025-12-04T05:54:02.245042,-0.160,0.053,1.270,0.987
2025-12-04T05:54:02.276537,-0.179,0.059,1.270,0.987
2025-12-04T05:54:02.308007,-0.199,0.066,1.270,0.987
2025-12-04T05:54:02.342516,-0.218,0.072,1.270,0.987
2025-12-04T05:54:02.375315,-0.237,0.078,1.270,0.987
2025-12-04T05:54:02.410512,-0.256,0.085,1.270,0.987
2025-12-04T05:54:02.442928,-0.276,0.091,1.270,0.987
2025-12-04T05:54:02.479575,-0.295,0.097,1.270,0.987
2025-12-04T05:54:02.505133,-0.314,0.104,1.270,0.987
2025-12-04T05:54:02.538073,-0.334,0.110,1.270,0.987
2025-12-04T05:54:02.568701,-0.353,0.117,1.270,0.987
2025-12-04T05:54:02.602907,-0.372,0.123,1.270,0.987
2025-12-04T05:54:02.634183,-0.392,0.129,1.270,0.987
2025-12-04T05:54:02.665869,-0.411,0.136,1.270,0.987
2025-12-04T05:54:02.703116,-0.430,0.142,1.270,0.987
2025-12-04T05:54:02.734210,-0.450,0.149,1.270,0.987
2025-12-04T05:54:02.767239,-0.469,0.155,1.270,0.987
2025-12-04T05:54:02.798608,-0.489,0.161,1.270,0.987
2025-12-04T05:54:02.825957,-0.508,0.168,1.270,0.987
2025-12-04T05:54:02.856630,-0.527,0.174,1.270,0.987
2025-12-04T05:54:02.890711,-0.547,0.181,1.270,0.987
2025-12-04T05:54:02.921846,-0.566,0.187,1.270,0.987
2025-12-04T05:54:02.959112,-0.586,0.194,1.270,0.987
2025-12-04T05:54:02.992289,-0.605,0.200,1.270,0.987
2025-12-04T05:54:03.022255,-0.624,0.206,1.270,0.987
2025-12-04T05:54:03.053353,-0.644,0.213,1.270,0.987
2025-12-04T05:54:03.082073,-0.663,0.219,1.270,0.987
2025-12-04T05:54:03.114720,-0.683,0.226,1.270,0.987
2025-12-04T05:54:03.146846,-0.702,0.232,1.270,0.987
2025-12-04T05:54:03.179355,-0.722,0.238,1.270,0.987
2025-12-04T05:54:03.213398,-0.741,0.245,1.270,0.987
2025-12-04T05:54:03.247454,-0.760,0.251,1.270,0.987
2025-12-04T05:54:03.280298,-0.780,0.258,1.270,0.987
2025-12-04T05:54:03.312807,-0.799,0.264,1.270,0.987
2025-12-04T05:54:03.346857,-0.819,0.271,1.270,0.987
2025-12-04T05:54:03.378783,-0.838,0.277,1.270,0.987
2025-12-04T05:54:03.411370,-0.858,0.283,1.270,0.987
2025-12-04T05:54:03.446705,-0.877,0.290,1.270,0.987
2025-12-04T05:54:03.479402,-0.897,0.296,1.270,0.987
2025-12-04T05:54:03.511981,-0.916,0.303,1.270,0.987
2025-12-04T05:54:03.546206,-0.935,0.309,1.270,0.987
2025-12-04T05:54:03.577884,-0.955,0.316,1.270,0.987
2025-12-04T05:54:03.609599,-0.974,0.322,1.270,0.987
2025-12-04T05:54:03.643600,-0.994,0.328,1.270,0.987
2025-12-04T05:54:03.674668,-1.013,0.335,1.270,0.987
2025-12-04T05:54:03.707861,-1.016,0.336,1.270,0.982
2025-12-04T05:54:03.736098,-1.018,0.336,1.270,0.977
2025-12-04T05:54:03.768484,-1.020,0.337,1.270,0.970
2025-12-04T05:54:03.803280,-1.022,0.338,1.270,0.962
2025-12-04T05:54:03.835904,-1.024,0.338,1.270,0.954
2025-12-04T05:54:03.870095,-1.026,0.339,1.270,0.945
2025-12-04T05:54:03.898671,-1.027,0.340,1.270,0.935
2025-12-04T05:54:03.934075,-1.029,0.340,1.270,0.925
2025-12-04T05:54:03.968143,-1.030,0.341,1.270,0.914
2025-12-04T05:54:04.003274,-1.032,0.341,1.270,0.901
2025-12-04T05:54:04.034699,-1.033,0.341,1.270,0.889
2025-12-04T05:54:04.064646,-1.034,0.342,1.270,0.875
2025-12-04T05:54:04.099273,-1.035,0.342,1.270,0.861
2025-12-04T05:54:04.124253,-1.036,0.343,1.270,0.846
2025-12-04T05:54:04.154511,-1.037,0.343,1.270,0.830
2025-12-04T05:54:04.188415,-1.038,0.343,1.270,0.814
2025-12-04T05:54:04.218781,-1.039,0.343,1.270,0.797
2025-12-04T05:54:04.256385,-1.040,0.344,1.270,0.779
2025-12-04T05:54:04.287186,-1.041,0.344,1.270,0.760
2025-12-04T05:54:04.320181,-1.041,0.344,1.270,0.741
2025-12-04T05:54:04.353998,-1.042,0.344,1.270,0.722
2025-12-04T05:54:04.386157,-1.043,0.345,1.270,0.702
2025-12-04T05:54:04.416603,-1.043,0.345,1.270,0.681
2025-12-04T05:54:04.449098,-1.044,0.345,1.270,0.659
2025-12-04T05:54:04.481624,-1.044,0.345,1.270,0.637
2025-12-04T05:54:04.516831,-1.045,0.345,1.270,0.615
2025-12-04T05:54:04.550935,-1.045,0.345,1.270,0.592
2025-12-04T05:54:04.582522,-1.046,0.346,1.270,0.569
2025-12-04T05:54:04.615209,-1.046,0.346,1.270,0.545
2025-12-04T05:54:04.646209,-1.046,0.346,1.270,0.520
2025-12-04T05:54:04.678095,-1.047,0.346,1.270,0.495
2025-12-04T05:54:04.710997,-1.047,0.346,1.270,0.470
2025-12-04T05:54:04.742929,-1.047,0.346,1.270,0.445
2025-12-04T05:54:04.775148,-1.047,0.346,1.270,0.419
2025-12-04T05:54:04.809906,-1.048,0.346,1.270,0.392
2025-12-04T05:54:04.843255,-1.048,0.346,1.270,0.366
2025-12-04T05:54:04.874806,-1.048,0.346,1.270,0.339
2025-12-04T05:54:04.904297,-1.048,0.346,1.270,0.312
2025-12-04T05:54:04.936189,-1.049,0.347,1.270,0.284
2025-12-04T05:54:04.971810,-1.049,0.347,1.270,0.256
2025-12-04T05:54:05.002908,-1.049,0.347,1.270,0.228
2025-12-04T05:54:05.035118,-1.049,0.347,1.270,0.200
2025-12-04T05:54:05.066720,-1.049,0.347,1.270,0.172
2025-12-04T05:54:05.100992,-1.049,0.347,1.270,0.144
2025-12-04T05:54:05.133197,-1.050,0.347,1.270,0.115
2025-12-04T05:54:05.163160,-1.050,0.347,1.270,0.086
2025-12-04T05:54:05.198590,-1.050,0.347,1.270,0.058
2025-12-04T05:54:05.224608,-1.050,0.347,1.270,0.029
2025-12-04T05:54:05.256463,-1.050,0.347,1.270,-0.000
2025-12-04T05:54:05.285966,-1.050,0.347,1.270,-0.029
2025-12-04T05:54:05.322390,-1.050,0.347,1.270,-0.058
2025-12-04T05:54:05.357597,-1.050,0.347,1.270,-0.086
2025-12-04T05:54:05.391273,-1.050,0.347,1.270,-0.115
2025-12-04T05:54:05.422924,-1.050,0.347,1.270,-0.144
2025-12-04T05:54:05.455909,-1.050,0.347,1.270,-0.172
2025-12-04T05:54:05.489257,-1.051,0.347,1.270,-0.200
2025-12-04T05:54:05.524159,-1.051,0.347,1.270,-0.228
2025-12-04T05:54:05.553409,-1.051,0.347,1.270,-0.256
2025-12-04T05:54:05.582702,-1.051,0.347,1.270,-0.284
2025-12-04T05:54:05.611044,-1.051,0.347,1.270,-0.312
2025-12-04T05:54:05.643172,-1.051,0.347,1.270,-0.339
2025-12-04T05:54:05.673630,-1.051,0.347,1.270,-0.366
2025-12-04T05:54:05.706350,-1.051,0.347,1.270,-0.392
2025-12-04T05:54:05.738458,-1.051,0.347,1.270,-0.419
2025-12-04T05:54:05.770500,-1.051,0.347,1.270,-0.445
2025-12-04T05:54:05.805937,-1.051,0.347,1.270,-0.470
2025-12-04T05:54:05.840123,-1.051,0.347,1.270,-0.495
2025-12-04T05:54:05.873544,-1.051,0.347,1.270,-0.520
2025-12-04T05:54:05.906091,-1.051,0.347,1.270,-0.545
2025-12-04T05:54:05.937814,-1.051,0.347,1.270,-0.569
2025-12-04T05:54:05.969503,-1.051,0.347,1.270,-0.592
2025-12-04T05:54:06.002348,-1.051,0.347,1.270,-0.615
2025-12-04T05:54:06.035067,-1.051,0.347,1.270,-0.637
2025-12-04T05:54:06.067633,-1.051,0.347,1.270,-0.659
2025-12-04T05:54:06.101531,-1.051,0.347,1.270,-0.681
2025-12-04T05:54:06.139095,-1.051,0.347,1.270,-0.702
2025-12-04T05:54:06.170074,-1.051,0.347,1.270,-0.722
2025-12-04T05:54:06.203496,-1.051,0.347,1.270,-0.741
2025-12-04T05:54:06.234392,-1.051,0.347,1.270,-0.760
2025-12-04T05:54:06.261861,-1.051,0.347,1.270,-0.779
2025-12-04T05:54:06.294483,-1.051,0.347,1.270,-0.797
2025-12-04T05:54:06.327876,-1.051,0.347,1.270,-0.814
2025-12-04T05:54:06.360063,-1.051,0.347,1.270,-0.830
2025-12-04T05:54:06.394843,-1.051,0.347,1.270,-0.846
2025-12-04T05:54:06.427871,-1.051,0.347,1.270,-0.861
2025-12-04T05:54:06.460245,-1.051,0.347,1.270,-0.875
2025-12-04T05:54:06.494058,-1.051,0.347,1.270,-0.889
2025-12-04T05:54:06.526400,-1.051,0.347,1.270,-0.901
2025-12-04T05:54:06.558189,-1.051,0.347,1.270,-0.914
2025-12-04T05:54:06.590823,-1.051,0.347,1.270,-0.925
2025-12-04T05:54:06.622248,-1.051,0.347,1.270,-0.935
2025-12-04T05:54:06.658476,-1.051,0.347,1.270,-0.945
2025-12-04T05:54:06.691051,-1.051,0.347,1.270,-0.954
2025-12-04T05:54:06.720793,-1.051,0.347,1.270,-0.962
2025-12-04T05:54:06.753092,-1.051,0.347,1.270,-0.970
2025-12-04T05:54:06.787149,-1.051,0.347,1.270,-0.977
2025-12-04T05:54:06.816365,-1.051,0.347,1.270,-0.982
2025-12-04T05:54:06.850453,-1.051,0.347,1.270,-0.987
2025-12-04T05:54:06.882867,-1.051,0.347,1.270,-0.991
2025-12-04T05:54:06.916368,-1.051,0.347,1.270,-0.995
2025-12-04T05:54:06.949973,-1.051,0.347,1.270,-0.997
2025-12-04T05:54:06.983614,-1.051,0.347,1.270,-0.999
2025-12-04T05:54:07.012598,-1.051,0.347,1.270,-1.000
2025-12-04T05:54:07.045765,-1.051,0.348,1.270,1.000
2025-12-04T05:54:07.078111,-1.051,0.348,1.270,0.999
2025-12-04T05:54:07.110133,-1.051,0.348,1.270,0.997
2025-12-04T05:54:07.140856,-1.051,0.348,1.270,0.995
2025-12-04T05:54:07.173279,-1.051,0.348,1.270,0.992
2025-12-04T05:54:07.208122,-1.051,0.348,1.270,0.988
2025-12-04T05:54:07.240093,-1.051,0.348,1.270,0.983
2025-12-04T05:54:07.272353,-1.051,0.348,1.270,0.977
2025-12-04T05:54:07.303201,-1.051,0.348,1.270,0.970
2025-12-04T05:54:07.335826,-1.051,0.348,1.270,0.963
2025-12-04T05:54:07.366833,-1.051,0.348,1.270,0.955
2025-12-04T05:54:07.399784,-1.051,0.348,1.270,0.946
2025-12-04T05:54:07.431672,-1.051,0.348,1.270,0.936
2025-12-04T05:54:07.465861,-1.051,0.348,1.270,0.926
2025-12-04T05:54:07.499460,-1.051,0.348,1.270,0.915
2025-12-04T05:54:07.533536,-1.051,0.348,1.270,0.903
2025-12-04T05:54:07.566880,-1.051,0.348,1.270,0.890
2025-12-04T05:54:07.598411,-1.051,0.348,1.270,0.876
2025-12-04T05:54:07.631823,-1.051,0.348,1.270,0.862
2025-12-04T05:54:07.662875,-1.051,0.348,1.270,0.847
2025-12-04T05:54:07.699745,-1.051,0.348,1.270,0.831
2025-12-04T05:54:07.726712,-1.051,0.348,1.270,0.815
2025-12-04T05:54:07.759691,-1.051,0.348,1.270,0.798
2025-12-04T05:54:07.791306,-1.051,0.348,1.270,0.780
2025-12-04T05:54:07.821695,-1.051,0.348,1.270,0.762
2025-12-04T05:54:07.856378,-1.051,0.348,1.270,0.743
2025-12-04T05:54:07.888030,-1.051,0.348,1.270,0.723
2025-12-04T05:54:07.921408,-1.051,0.348,1.270,0.703
2025-12-04T05:54:07.955407,-1.051,0.348,1.270,0.683
2025-12-04T05:54:07.991464,-1.051,0.348,1.270,0.661
2025-12-04T05:54:08.021780,-1.051,0.348,1.270,0.639
2025-12-04T05:54:08.052091,-1.051,0.348,1.270,0.617
2025-12-04T05:54:08.085089,-1.051,0.348,1.270,0.594
2025-12-04T05:54:08.114153,-1.051,0.348,1.270,0.571
2025-12-04T05:54:08.145273,-1.051,0.348,1.270,0.547
2025-12-04T05:54:08.176237,-1.051,0.348,1.270,0.522
2025-12-04T05:54:08.207917,-1.051,0.348,1.270,0.498
2025-12-04T05:54:08.242560,-1.051,0.348,1.270,0.472
2025-12-04T05:54:08.276195,-1.051,0.348,1.270,0.447
2025-12-04T05:54:08.311059,-1.051,0.348,1.270,0.421
2025-12-04T05:54:08.342446,-1.051,0.348,1.270,0.395
2025-12-04T05:54:08.374276,-1.051,0.348,1.270,0.368
2025-12-04T05:54:08.403592,-1.051,0.348,1.270,0.341
2025-12-04T05:54:08.433775,-1.051,0.348,1.270,0.314
2025-12-04T05:54:08.468036,-1.051,0.348,1.270,0.286
2025-12-04T05:54:08.499393,-1.051,0.348,1.270,0.259
2025-12-04T05:54:08.534932,-1.051,0.348,1.270,0.231
2025-12-04T05:54:08.568076,-1.051,0.348,1.270,0.203
2025-12-04T05:54:08.601477,-1.051,0.348,1.270,0.174
2025-12-04T05:54:08.633646,-1.051,0.348,1.270,0.146
2025-12-04T05:54:08.663539,-1.051,0.348,1.270,0.117
2025-12-04T05:54:08.697933,-1.051,0.348,1.270,0.089
2025-12-04T05:54:08.729588,-1.051,0.348,1.270,0.060
2025-12-04T05:54:08.762213,-1.051,0.348,1.270,0.031
2025-12-04T05:54:08.797958,-1.051,0.348,1.270,0.002
2025-12-04T05:54:08.830450,-1.051,0.348,1.270,-0.026
2025-12-04T05:54:08.863539,-1.051,0.348,1.270,-0.055
2025-12-04T05:54:08.895210,-1.051,0.348,1.270,-0.084
2025-12-04T05:54:08.924127,-1.051,0.348,1.270,-0.113
2025-12-04T05:54:08.955595,-1.051,0.348,1.270,-0.141
2025-12-04T05:54:08.987598,-1.051,0.348,1.270,-0.170
2025-12-04T05:54:09.018542,-1.051,0.348,1.270,-0.198
2025-12-04T05:54:09.055051,-1.051,0.348,1.270,-0.226
2025-12-04T05:54:09.090193,-1.051,0.348,1.270,-0.254
2025-12-04T05:54:09.123281,-1.051,0.348,1.270,-0.282
2025-12-04T05:54:09.157098,-1.051,0.348,1.270,-0.309
2025-12-04T05:54:09.190673,-1.051,0.348,1.270,-0.337
2025-12-04T05:54:09.219401,-1.051,0.348,1.270,-0.363
2025-12-04T05:54:09.250904,-1.051,0.348,1.270,-0.390
2025-12-04T05:54:09.282938,-1.051,0.348,1.270,-0.417
2025-12-04T05:54:09.314325,-1.051,0.348,1.270,-0.443
2025-12-04T05:54:09.348997,-1.051,0.348,1.270,-0.468
2025-12-04T05:54:09.381855,-1.051,0.348,1.270,-0.493
2025-12-04T05:54:09.414202,-1.051,0.348,1.270,-0.518
2025-12-04T05:54:09.446221,-1.051,0.348,1.270,-0.543
2025-12-04T05:54:09.475718,-1.051,0.348,1.270,-0.567
2025-12-04T05:54:09.506971,-1.051,0.348,1.270,-0.590
2025-12-04T05:54:09.539485,-1.051,0.348,1.270,-0.613
2025-12-04T05:54:09.573740,-1.051,0.348,1.270,-0.636
2025-12-04T05:54:09.605684,-1.051,0.348,1.270,-0.658
2025-12-04T05:54:09.638786,-1.051,0.348,1.270,-0.679
2025-12-04T05:54:09.672559,-1.051,0.348,1.270,-0.700
2025-12-04T05:54:09.711889,-1.051,0.348,1.270,-0.720
2025-12-04T05:54:09.734279,-1.051,0.348,1.270,-0.740
2025-12-04T05:54:09.765926,-1.051,0.348,1.270,-0.759
2025-12-04T05:54:09.799381,-1.051,0.348,1.270,-0.777
2025-12-04T05:54:09.831760,-1.051,0.348,1.270,-0.795
2025-12-04T05:54:09.865377,-1.051,0.348,1.270,-0.812
2025-12-04T05:54:09.899319,-1.051,0.348,1.270,-0.829
2025-12-04T05:54:09.931343,-1.051,0.348,1.270,-0.844
2025-12-04T05:54:09.965075,-1.051,0.348,1.270,-0.860
2025-12-04T05:54:09.996789,-1.051,0.348,1.270,-0.874
2025-12-04T05:54:10.027149,-1.051,0.348,1.270,-0.888
2025-12-04T05:54:10.059228,-1.051,0.348,1.270,-0.900
2025-12-04T05:54:10.093172,-1.051,0.348,1.270,-0.913
2025-12-04T05:54:10.124910,-1.051,0.348,1.270,-0.924
2025-12-04T05:54:10.159329,-1.051,0.348,1.270,-0.935
2025-12-04T05:54:10.194016,-1.051,0.348,1.270,-0.944
2025-12-04T05:54:10.224305,-1.051,0.348,1.270,-0.954
2025-12-04T05:54:10.257683,-1.051,0.348,1.270,-0.962
2025-12-04T05:54:10.287253,-1.051,0.348,1.270,-0.969
2025-12-04T05:54:10.318651,-1.051,0.348,1.270,-0.976
2025-12-04T05:54:10.350362,-1.051,0.348,1.270,-0.982
2025-12-04T05:54:10.383138,-1.051,0.348,1.270,-0.987
2025-12-04T05:54:10.417336,-1.051,0.348,1.270,-0.991
2025-12-04T05:54:10.451874,-1.051,0.348,1.270,-0.995
2025-12-04T05:54:10.483094,-1.051,0.348,1.270,-0.997
2025-12-04T05:54:10.515957,-1.051,0.348,1.270,-0.999
2025-12-04T05:54:10.548954,-1.051,0.348,1.270,-1.000
2025-12-04T05:54:10.577282,-1.051,0.348,1.270,1.000
2025-12-04T05:54:10.609913,-1.051,0.348,1.270,0.999
2025-12-04T05:54:10.642933,-1.051,0.348,1.270,0.998
2025-12-04T05:54:10.674660,-1.051,0.348,1.270,0.995
2025-12-04T05:54:10.707874,-1.051,0.348,1.270,0.992
2025-12-04T05:54:10.744150,-1.051,0.348,1.270,0.988
2025-12-04T05:54:10.778468,-1.051,0.348,1.270,0.983
2025-12-04T05:54:10.811109,-1.051,0.348,1.270,0.978
2025-12-04T05:54:10.843150,-1.051,0.348,1.270,0.971
2025-12-04T05:54:10.872770,-1.051,0.348,1.270,0.964
2025-12-04T05:54:10.906603,-1.051,0.348,1.270,0.956
2025-12-04T05:54:10.935779,-1.051,0.348,1.270,0.947
2025-12-04T05:54:10.968985,-1.051,0.348,1.270,0.937
2025-12-04T05:54:11.006762,-1.051,0.348,1.270,0.927
2025-12-04T05:54:11.038490,-1.051,0.348,1.270,0.916
2025-12-04T05:54:11.071079,-1.051,0.348,1.270,0.904
2025-12-04T05:54:11.102850,-1.051,0.348,1.270,0.891
2025-12-04T05:54:11.134673,-1.051,0.348,1.270,0.877
2025-12-04T05:54:11.164995,-1.051,0.348,1.270,0.863
2025-12-04T05:54:11.198408,-1.051,0.348,1.270,0.848
2025-12-04T05:54:11.230783,-1.051,0.348,1.270,0.833
2025-12-04T05:54:11.260161,-1.051,0.348,1.270,0.816
2025-12-04T05:54:11.298140,-1.051,0.348,1.270,0.799
2025-12-04T05:54:11.335638,-1.051,0.348,1.270,0.782
2025-12-04T05:54:11.368859,-1.051,0.348,1.270,0.764
2025-12-04T05:54:11.402759,-1.051,0.348,1.270,0.745
2025-12-04T05:54:11.435706,-1.051,0.348,1.270,0.725
2025-12-04T05:54:11.469387,-1.051,0.348,1.270,0.705
2025-12-04T05:54:11.494724,-1.051,0.348,1.270,0.684
2025-12-04T05:54:11.526789,-1.051,0.348,1.270,0.663
2025-12-04T05:54:11.559996,-1.051,0.348,1.270,0.641
2025-12-04T05:54:11.590976,-1.051,0.348,1.270,0.619
2025-12-04T05:54:11.622777,-1.051,0.348,1.270,0.596
2025-12-04T05:54:11.655292,-1.051,0.348,1.270,0.573
2025-12-04T05:54:11.693224,-1.051,0.348,1.270,0.549
2025-12-04T05:54:11.723362,-1.051,0.348,1.270,0.524
2025-12-04T05:54:11.756321,-1.051,0.348,1.270,0.500
2025-12-04T05:54:11.788495,-1.051,0.348,1.270,0.474
2025-12-04T05:54:11.821757,-1.051,0.348,1.270,0.449
2025-12-04T05:54:11.851793,-1.051,0.348,1.270,0.423
2025-12-04T05:54:11.887011,-1.051,0.348,1.270,0.397
2025-12-04T05:54:11.925527,-1.051,0.348,1.270,0.370
2025-12-04T05:54:11.957063,-1.051,0.348,1.270,0.343
2025-12-04T05:54:11.987801,-1.051,0.348,1.270,0.316
2025-12-04T05:54:12.016105,-1.051,0.348,1.270,0.289
2025-12-04T05:54:12.043702,-1.051,0.348,1.270,0.261
2025-12-04T05:54:12.074278,-1.051,0.348,1.270,0.233
2025-12-04T05:54:12.104639,-1.051,0.348,1.270,0.205
2025-12-04T05:54:12.137586,-1.051,0.348,1.270,0.177
2025-12-04T05:54:12.169956,-1.051,0.348,1.270,0.148
2025-12-04T05:54:12.210146,-1.051,0.348,1.270,0.120
2025-12-04T05:54:12.238612,-1.051,0.348,1.270,0.091
2025-12-04T05:54:12.270911,-1.051,0.348,1.270,0.062
2025-12-04T05:54:12.299074,-1.051,0.348,1.270,0.034
2025-12-04T05:54:12.330325,-1.051,0.348,1.270,0.005
2025-12-04T05:54:12.363261,-1.051,0.348,1.270,-0.024
2025-12-04T05:54:12.397656,-1.051,0.348,1.270,-0.053
2025-12-04T05:54:12.430346,-1.051,0.348,1.270,-0.082
2025-12-04T05:54:12.462585,-1.051,0.348,1.270,-0.110
2025-12-04T05:54:12.496618,-1.051,0.348,1.270,-0.139
2025-12-04T05:54:12.526409,-1.051,0.348,1.270,-0.167
2025-12-04T05:54:12.553978,-1.051,0.348,1.270,-0.196
2025-12-04T05:54:12.591183,-1.051,0.348,1.270,-0.224
2025-12-04T05:54:12.623239,-1.051,0.348,1.270,-0.252
2025-12-04T05:54:12.658638,-1.051,0.348,1.270,-0.279
2025-12-04T05:54:12.689484,-1.051,0.348,1.270,-0.307
2025-12-04T05:54:12.718849,-1.051,0.348,1.270,-0.334
2025-12-04T05:54:12.752598,-1.051,0.348,1.270,-0.361
2025-12-04T05:54:12.783713,-1.051,0.348,1.270,-0.388
2025-12-04T05:54:12.815691,-1.051,0.348,1.270,-0.414
2025-12-04T05:54:12.848540,-1.051,0.348,1.270,-0.440
2025-12-04T05:54:12.877212,-1.051,0.348,1.270,-0.466
2025-12-04T05:54:12.911933,-1.051,0.348,1.270,-0.491
2025-12-04T05:54:12.950211,-1.051,0.348,1.270,-0.516
2025-12-04T05:54:12.983506,-1.051,0.348,1.270,-0.541
2025-12-04T05:54:13.014992,-1.051,0.348,1.270,-0.565
2025-12-04T05:54:13.046718,-1.051,0.348,1.270,-0.588
2025-12-04T05:54:13.077545,-1.051,0.348,1.270,-0.611
2025-12-04T05:54:13.110014,-1.051,0.348,1.270,-0.634
2025-12-04T05:54:13.143293,-1.051,0.348,1.270,-0.656
2025-12-04T05:54:13.174363,-1.051,0.348,1.270,-0.677
2025-12-04T05:54:13.204980,-1.051,0.348,1.270,-0.698
2025-12-04T05:54:13.240778,-1.051,0.348,1.270,-0.718
2025-12-04T05:54:13.275308,-1.051,0.348,1.270,-0.738
2025-12-04T05:54:13.309503,-1.051,0.348,1.270,-0.757
2025-12-04T05:54:13.343318,-1.051,0.348,1.270,-0.776
2025-12-04T05:54:13.376999,-1.051,0.348,1.270,-0.794
2025-12-04T05:54:13.407139,-1.051,0.348,1.270,-0.811
2025-12-04T05:54:13.438054,-1.051,0.348,1.270,-0.827
2025-12-04T05:54:13.470252,-1.051,0.348,1.270,-0.843
2025-12-04T05:54:13.502416,-1.051,0.348,1.270,-0.858
2025-12-04T05:54:13.532849,-1.051,0.348,1.270,-0.873
2025-12-04T05:54:13.567214,-1.051,0.348,1.270,-0.886
2025-12-04T05:54:13.601879,-1.051,0.348,1.270,-0.899
2025-12-04T05:54:13.633394,-1.051,0.348,1.270,-0.912
2025-12-04T05:54:13.667305,-1.051,0.348,1.270,-0.923
2025-12-04T05:54:13.697699,-1.051,0.348,1.270,-0.934
2025-12-04T05:54:13.727860,-1.051,0.348,1.270,-0.944
2025-12-04T05:54:13.761700,-1.051,0.348,1.270,-0.953
2025-12-04T05:54:13.790966,-1.051,0.348,1.270,-0.961
2025-12-04T05:54:13.824545,-1.051,0.348,1.270,-0.969
2025-12-04T05:54:13.858967,-1.051,0.348,1.270,-0.975
2025-12-04T05:54:13.891121,-1.051,0.348,1.270,-0.981
2025-12-04T05:54:13.923779,-1.051,0.348,1.270,-0.987
2025-12-04T05:54:13.957619,-1.051,0.348,1.270,-0.991
2025-12-04T05:54:13.987678,-1.051,0.348,1.270,-0.994
2025-12-04T05:54:14.020142,-1.051,0.348,1.270,-0.997
2025-12-04T05:54:14.054503,-1.051,0.348,1.270,-0.999
2025-12-04T05:54:14.090142,-1.051,0.348,1.270,-1.000
2025-12-04T05:54:14.124060,-1.051,0.348,1.270,1.000
2025-12-04T05:54:14.154721,-1.051,0.348,1.270,0.999
2025-12-04T05:54:14.185332,-1.051,0.348,1.270,0.998
2025-12-04T05:54:14.215346,-1.051,0.348,1.270,0.996
2025-12-04T05:54:14.244691,-1.051,0.348,1.270,0.992
2025-12-04T05:54:14.276667,-1.051,0.348,1.270,0.988
2025-12-04T05:54:14.310725,-1.051,0.348,1.270,0.984
2025-12-04T05:54:14.344332,-1.051,0.348,1.270,0.978
2025-12-04T05:54:14.376934,-1.051,0.348,1.270,0.972
2025-12-04T05:54:14.410715,-1.051,0.348,1.270,0.964
2025-12-04T05:54:14.446677,-1.051,0.348,1.270,0.956
2025-12-04T05:54:14.480867,-1.051,0.348,1.270,0.948
2025-12-04T05:54:14.515001,-1.051,0.348,1.270,0.938
2025-12-04T05:54:14.544874,-1.051,0.348,1.270,0.928
2025-12-04T05:54:14.576678,-1.051,0.348,1.270,0.916
2025-12-04T05:54:14.606852,-1.051,0.348,1.270,0.905
2025-12-04T05:54:14.638857,-1.051,0.348,1.270,0.892
2025-12-04T05:54:14.670206,-1.051,0.348,1.270,0.879
2025-12-04T05:54:14.703006,-1.051,0.348,1.270,0.864
2025-12-04T05:54:14.738367,-1.051,0.348,1.270,0.850
2025-12-04T05:54:14.770755,-1.051,0.348,1.270,0.834
2025-12-04T05:54:14.804536,-1.051,0.348,1.270,0.818
2025-12-04T05:54:14.832023,-1.051,0.348,1.270,0.801
2025-12-04T05:54:14.858950,-1.051,0.348,1.270,0.783
2025-12-04T05:54:14.891592,-1.051,0.348,1.270,0.765
2025-12-04T05:54:14.924487,-1.051,0.348,1.270,0.746
2025-12-04T05:54:14.958163,-1.051,0.348,1.270,0.727
2025-12-04T05:54:14.992208,-1.051,0.348,1.270,0.707
2025-12-04T05:54:15.026201,-1.051,0.348,1.270,0.686
2025-12-04T05:54:15.060712,-1.051,0.348,1.270,0.665
2025-12-04T05:54:15.094975,-1.051,0.348,1.270,0.643
2025-12-04T05:54:15.127032,-1.051,0.348,1.270,0.621
2025-12-04T05:54:15.157089,-1.051,0.348,1.270,0.598
2025-12-04T05:54:15.189288,-1.051,0.348,1.270,0.574
2025-12-04T05:54:15.219681,-1.051,0.348,1.270,0.551
2025-12-04T05:54:15.254846,-1.051,0.348,1.270,0.526
2025-12-04T05:54:15.291495,-1.051,0.348,1.270,0.502
2025-12-04T05:54:15.321016,-1.051,0.348,1.270,0.477
2025-12-04T05:54:15.354770,-1.051,0.348,1.270,0.451
2025-12-04T05:54:15.386817,-1.051,0.348,1.270,0.425
2025-12-04T05:54:15.414049,-1.051,0.348,1.270,0.399
2025-12-04T05:54:15.446059,-1.051,0.348,1.270,0.372
2025-12-04T05:54:15.475741,-1.051,0.348,1.270,0.346
2025-12-04T05:54:15.507468,-1.051,0.348,1.270,0.318
2025-12-04T05:54:15.535675,-1.051,0.348,1.270,0.291
2025-12-04T05:54:15.567075,-1.051,0.348,1.270,0.263
2025-12-04T05:54:15.602918,-1.051,0.348,1.270,0.235
2025-12-04T05:54:15.635989,-1.051,0.348,1.270,0.207
2025-12-04T05:54:15.667593,-1.051,0.348,1.270,0.179
2025-12-04T05:54:15.699386,-1.051,0.348,1.270,0.151
2025-12-04T05:54:15.731218,-1.051,0.348,1.270,0.122
2025-12-04T05:54:15.763265,-1.051,0.348,1.270,0.122
2025-12-04T05:54:15.793999,-1.051,0.348,1.270,0.122
2025-12-04T05:54:15.827602,-1.051,0.348,1.270,0.122
2025-12-04T05:54:15.862029,-1.051,0.348,1.270,0.122
2025-12-04T05:54:15.895218,-1.051,0.348,1.270,0.122
2025-12-04T05:54:15.926701,-1.051,0.348,1.270,0.122
2025-12-04T05:54:15.958755,-1.051,0.348,1.270,0.122
2025-12-04T05:54:15.991182,-1.051,0.348,1.270,0.122
2025-12-04T05:54:16.023692,-1.051,0.348,1.270,0.122
2025-12-04T05:54:16.055825,-1.051,0.348,1.270,0.122
2025-12-04T05:54:16.093667,-1.051,0.348,1.270,0.122
2025-12-04T05:54:16.125875,-1.051,0.348,1.270,0.122
2025-12-04T05:54:16.157653,-1.051,0.348,1.270,0.122
2025-12-04T05:54:16.189707,-1.051,0.348,1.270,0.122
2025-12-04T05:54:16.218462,-1.051,0.348,1.270,0.122
2025-12-04T05:54:16.250033,-1.051,0.348,1.270,0.122
2025-12-04T05:54:16.282619,-1.051,0.348,1.270,0.122
2025-12-04T05:54:16.314118,-1.051,0.348,1.270,0.122
2025-12-04T05:54:16.349490,-1.051,0.348,1.270,0.122
2025-12-04T05:54:16.381016,-1.051,0.348,1.270,0.122
2025-12-04T05:54:16.412822,-1.051,0.348,1.270,0.122
2025-12-04T05:54:16.443687,-1.051,0.348,1.270,0.122
2025-12-04T05:54:16.474937,-1.051,0.348,1.270,0.122
2025-12-04T05:54:16.506382,-1.051,0.348,1.270,0.122
2025-12-04T05:54:16.540899,-1.051,0.348,1.270,0.122
2025-12-04T05:54:16.571871,-1.051,0.348,1.270,0.122
2025-12-04T05:54:16.608277,-1.051,0.348,1.270,0.122
2025-12-04T05:54:16.641829,-1.051,0.348,1.270,0.122
2025-12-04T05:54:16.671936,-1.051,0.348,1.270,0.122
2025-12-04T05:54:16.704515,-1.051,0.348,1.270,0.122
2025-12-04T05:54:16.736832,-1.051,0.348,1.270,0.122
2025-12-04T05:54:16.765991,-1.051,0.348,1.270,0.122
2025-12-04T05:54:16.795935,-1.051,0.348,1.270,0.122
2025-12-04T05:54:16.829256,-1.051,0.348,1.270,0.151
2025-12-04T05:54:16.861082,-1.051,0.348,1.270,0.179
2025-12-04T05:54:16.894405,-1.051,0.348,1.270,0.207
2025-12-04T05:54:16.927395,-1.051,0.348,1.270,0.235
2025-12-04T05:54:16.957984,-1.051,0.348,1.270,0.263
2025-12-04T05:54:16.990847,-1.051,0.348,1.270,0.291
2025-12-04T05:54:17.023936,-1.051,0.348,1.270,0.318
2025-12-04T05:54:17.056286,-1.051,0.348,1.270,0.346
2025-12-04T05:54:17.085711,-1.051,0.348,1.270,0.372
2025-12-04T05:54:17.120077,-1.051,0.348,1.270,0.399
2025-12-04T05:54:17.153182,-1.051,0.348,1.270,0.425
2025-12-04T05:54:17.189331,-1.051,0.348,1.270,0.451
2025-12-04T05:54:17.221294,-1.051,0.348,1.270,0.477
2025-12-04T05:54:17.253612,-1.051,0.348,1.270,0.502
2025-12-04T05:54:17.285537,-1.051,0.348,1.270,0.526
2025-12-04T05:54:17.316898,-1.051,0.348,1.270,0.551
2025-12-04T05:54:17.346961,-1.051,0.348,1.270,0.574
2025-12-04T05:54:17.379289,-1.051,0.348,1.270,0.598
2025-12-04T05:54:17.409945,-1.051,0.348,1.270,0.621
2025-12-04T05:54:17.441891,-1.051,0.348,1.270,0.643
2025-12-04T05:54:17.476162,-1.051,0.348,1.270,0.665
2025-12-04T05:54:17.510348,-1.051,0.348,1.270,0.686
2025-12-04T05:54:17.547017,-1.051,0.348,1.270,0.707
2025-12-04T05:54:17.580453,-1.051,0.348,1.270,0.727
2025-12-04T05:54:17.611541,-1.051,0.348,1.270,0.746
2025-12-04T05:54:17.643055,-1.051,0.348,1.270,0.765
2025-12-04T05:54:17.672074,-1.051,0.348,1.270,0.783
2025-12-04T05:54:17.707415,-1.051,0.348,1.270,0.801
2025-12-04T05:54:17.735703,-1.051,0.348,1.270,0.818
2025-12-04T05:54:17.767660,-1.051,0.348,1.270,0.834
2025-12-04T05:54:17.803745,-1.051,0.348,1.270,0.850
2025-12-04T05:54:17.838825,-1.051,0.348,1.270,0.864
2025-12-04T05:54:17.874322,-1.051,0.348,1.270,0.879
2025-12-04T05:54:17.907058,-1.051,0.348,1.270,0.892
2025-12-04T05:54:17.938057,-1.051,0.348,1.270,0.905
2025-12-04T05:54:17.968519,-1.051,0.348,1.270,0.916
2025-12-04T05:54:17.998965,-1.051,0.348,1.270,0.928
2025-12-04T05:54:18.027890,-1.051,0.348,1.270,0.938
2025-12-04T05:54:18.057490,-1.051,0.348,1.270,0.948
2025-12-04T05:54:18.091837,-1.051,0.348,1.270,0.956
2025-12-04T05:54:18.124949,-1.051,0.348,1.270,0.964
2025-12-04T05:54:18.159889,-1.051,0.348,1.270,0.972
2025-12-04T05:54:18.191615,-1.051,0.348,1.270,0.978
2025-12-04T05:54:18.222871,-1.051,0.348,1.270,0.984
2025-12-04T05:54:18.255796,-1.051,0.348,1.270,0.988
2025-12-04T05:54:18.287393,-1.051,0.348,1.270,0.992
2025-12-04T05:54:18.319958,-1.051,0.348,1.270,0.996
2025-12-04T05:54:18.357532,-1.051,0.348,1.270,0.998
2025-12-04T05:54:18.391763,-1.051,0.348,1.270,0.999
2025-12-04T05:54:18.419385,-1.051,0.348,1.270,1.000
2025-12-04T05:54:18.450987,-1.051,0.348,1.270,-1.000
2025-12-04T05:54:18.483021,-1.051,0.348,1.270,-0.999
2025-12-04T05:54:18.511896,-1.051,0.348,1.270,-0.997
2025-12-04T05:54:18.543189,-1.051,0.348,1.270,-0.994
2025-12-04T05:54:18.574869,-1.051,0.348,1.270,-0.991
2025-12-04T05:54:18.607642,-1.051,0.348,1.270,-0.987
2025-12-04T05:54:18.643485,-1.051,0.348,1.270,-0.981
2025-12-04T05:54:18.678342,-1.051,0.348,1.270,-0.975
2025-12-04T05:54:18.710698,-1.051,0.348,1.270,-0.969
2025-12-04T05:54:18.744546,-1.051,0.348,1.270,-0.961
2025-12-04T05:54:18.777777,-1.051,0.348,1.270,-0.953
2025-12-04T05:54:18.808768,-1.051,0.348,1.270,-0.944
2025-12-04T05:54:18.838476,-1.051,0.348,1.270,-0.934
2025-12-04T05:54:18.869055,-1.051,0.348,1.270,-0.923
2025-12-04T05:54:18.902693,-1.051,0.348,1.270,-0.912
2025-12-04T05:54:18.938227,-1.051,0.348,1.270,-0.899
2025-12-04T05:54:18.971178,-1.051,0.348,1.270,-0.886
2025-12-04T05:54:19.000687,-1.051,0.348,1.270,-0.873
2025-12-04T05:54:19.031014,-1.051,0.348,1.270,-0.858
2025-12-04T05:54:19.064064,-1.051,0.348,1.270,-0.843
2025-12-04T05:54:19.094542,-1.051,0.348,1.270,-0.827
2025-12-04T05:54:19.127715,-1.051,0.348,1.270,-0.811
2025-12-04T05:54:19.159332,-1.051,0.348,1.270,-0.794
2025-12-04T05:54:19.196000,-1.051,0.348,1.270,-0.776
2025-12-04T05:54:19.229720,-1.051,0.348,1.270,-0.757
2025-12-04T05:54:19.261963,-1.051,0.348,1.270,-0.738
2025-12-04T05:54:19.296024,-1.051,0.348,1.270,-0.718
2025-12-04T05:54:19.326693,-1.051,0.348,1.270,-0.698
2025-12-04T05:54:19.355715,-1.051,0.348,1.270,-0.677
2025-12-04T05:54:19.388352,-1.051,0.348,1.270,-0.656
2025-12-04T05:54:19.422167,-1.051,0.348,1.270,-0.634
2025-12-04T05:54:19.458297,-1.051,0.348,1.270,-0.611
2025-12-04T05:54:19.495076,-1.051,0.348,1.270,-0.588
2025-12-04T05:54:19.526807,-1.051,0.348,1.270,-0.565
2025-12-04T05:54:19.559288,-1.051,0.348,1.270,-0.541
2025-12-04T05:54:19.590839,-1.051,0.348,1.270,-0.516
2025-12-04T05:54:19.621170,-1.051,0.348,1.270,-0.491
2025-12-04T05:54:19.654853,-1.051,0.348,1.270,-0.466
2025-12-04T05:54:19.685053,-1.051,0.348,1.270,-0.440
2025-12-04T05:54:19.718616,-1.051,0.348,1.270,-0.414
2025-12-04T05:54:19.750237,-1.051,0.348,1.270,-0.388
2025-12-04T05:54:19.783919,-1.051,0.348,1.270,-0.361
2025-12-04T05:54:19.815501,-1.051,0.348,1.270,-0.334
2025-12-04T05:54:19.848107,-1.051,0.348,1.270,-0.307
2025-12-04T05:54:19.878652,-1.051,0.348,1.270,-0.279
2025-12-04T05:54:19.907523,-1.051,0.348,1.270,-0.252
2025-12-04T05:54:19.945997,-1.051,0.348,1.270,-0.224
2025-12-04T05:54:19.980098,-1.051,0.348,1.270,-0.196
2025-12-04T05:54:20.011221,-1.051,0.348,1.270,-0.167
2025-12-04T05:54:20.045242,-1.051,0.348,1.270,-0.139
2025-12-04T05:54:20.079871,-1.051,0.348,1.270,-0.110
2025-12-04T05:54:20.112061,-1.051,0.348,1.270,-0.082
2025-12-04T05:54:20.143549,-1.051,0.348,1.270,-0.053
2025-12-04T05:54:20.174590,-1.051,0.348,1.270,-0.024
2025-12-04T05:54:20.205806,-1.051,0.348,1.270,0.005
2025-12-04T05:54:20.239642,-1.051,0.348,1.270,0.005
2025-12-04T05:54:20.271096,-1.051,0.348,1.270,0.005
2025-12-04T05:54:20.305827,-1.051,0.348,1.270,0.005
2025-12-04T05:54:20.339173,-1.051,0.348,1.270,0.005
2025-12-04T05:54:20.368204,-1.051,0.348,1.270,0.005
2025-12-04T05:54:20.399368,-1.051,0.348,1.270,0.005
2025-12-04T05:54:20.435969,-1.051,0.348,1.270,0.005
2025-12-04T05:54:20.469537,-1.051,0.348,1.270,0.005
2025-12-04T05:54:20.503982,-1.051,0.348,1.270,0.005
2025-12-04T05:54:20.537001,-1.051,0.348,1.270,0.005
2025-12-04T05:54:20.568692,-1.051,0.348,1.270,0.005
2025-12-04T05:54:20.602084,-1.051,0.348,1.270,0.005
2025-12-04T05:54:20.633705,-1.051,0.348,1.270,0.005
2025-12-04T05:54:20.664365,-1.051,0.348,1.270,0.005
2025-12-04T05:54:20.698502,-1.051,0.348,1.270,0.005
2025-12-04T05:54:20.733487,-1.051,0.348,1.270,0.005
2025-12-04T05:54:20.766455,-1.051,0.348,1.270,0.005
2025-12-04T05:54:20.798633,-1.051,0.348,1.270,0.005
2025-12-04T05:54:20.828467,-1.051,0.348,1.270,0.005
2025-12-04T05:54:20.860891,-1.051,0.348,1.270,0.005
2025-12-04T05:54:20.894516,-1.051,0.348,1.270,0.005
2025-12-04T05:54:20.926607,-1.051,0.348,1.270,0.005
2025-12-04T05:54:20.960324,-1.051,0.348,1.270,0.005
2025-12-04T05:54:20.992670,-1.051,0.348,1.270,0.005
2025-12-04T05:54:21.024937,-1.051,0.348,1.270,0.005
2025-12-04T05:54:21.056812,-1.051,0.348,1.270,0.005
2025-12-04T05:54:21.088743,-1.051,0.348,1.270,0.005
2025-12-04T05:54:21.118237,-1.051,0.348,1.270,0.005
2025-12-04T05:54:21.153150,-1.051,0.348,1.270,0.005
2025-12-04T05:54:21.187177,-1.051,0.348,1.270,0.005
2025-12-04T05:54:21.215651,-1.051,0.348,1.270,0.005
2025-12-04T05:54:21.249822,-1.051,0.348,1.270,0.005
2025-12-04T05:54:21.282151,-1.051,0.348,1.270,0.005
2025-12-04T05:54:21.311992,-1.051,0.348,1.270,0.005
2025-12-04T05:54:21.346069,-1.051,0.348,1.270,0.005
2025-12-04T05:54:21.376171,-1.051,0.348,1.270,0.005
2025-12-04T05:54:21.410404,-1.051,0.348,1.270,0.005
2025-12-04T05:54:21.445553,-1.051,0.348,1.270,0.005
2025-12-04T05:54:21.479150,-1.051,0.348,1.270,0.005
2025-12-04T05:54:21.510096,-1.051,0.348,1.270,0.005
2025-12-04T05:54:21.544369,-1.051,0.348,1.270,0.005
2025-12-04T05:54:21.578987,-1.051,0.348,1.270,0.005
2025-12-04T05:54:21.607352,-1.051,0.348,1.270,0.005
2025-12-04T05:54:21.640189,-1.051,0.348,1.270,0.005
2025-12-04T05:54:21.671043,-1.051,0.348,1.270,0.005
2025-12-04T05:54:21.704617,-1.051,0.348,1.270,0.005
2025-12-04T05:54:21.734342,-1.051,0.348,1.270,0.005
2025-12-04T05:54:21.766799,-1.051,0.348,1.270,0.005
2025-12-04T05:54:21.802411,-1.051,0.348,1.270,0.005
2025-12-04T05:54:21.833655,-1.051,0.348,1.270,0.005
2025-12-04T05:54:21.867839,-1.051,0.348,1.270,0.005
2025-12-04T05:54:21.898359,-1.051,0.348,1.270,0.005
2025-12-04T05:54:21.933124,-1.034,0.348,1.270,0.005
2025-12-04T05:54:21.966621,-1.015,0.348,1.270,0.005
2025-12-04T05:54:22.002180,-0.997,0.348,1.270,0.005
2025-12-04T05:54:22.033394,-0.979,0.348,1.270,0.005
2025-12-04T05:54:22.064657,-0.960,0.348,1.270,0.005
2025-12-04T05:54:22.094925,-0.942,0.349,1.270,0.005
2025-12-04T05:54:22.126979,-0.923,0.349,1.270,0.005
2025-12-04T05:54:22.159550,-0.904,0.349,1.270,0.005
2025-12-04T05:54:22.190739,-0.885,0.349,1.270,0.005
2025-12-04T05:54:22.222411,-0.866,0.349,1.270,0.005
2025-12-04T05:54:22.257921,-0.847,0.349,1.270,0.005
2025-12-04T05:54:22.291128,-0.828,0.350,1.270,0.005
2025-12-04T05:54:22.323075,-0.808,0.350,1.270,0.005
2025-12-04T05:54:22.355667,-0.789,0.350,1.270,0.005
2025-12-04T05:54:22.387741,-0.769,0.350,1.270,0.005
2025-12-04T05:54:22.417885,-0.750,0.350,1.270,0.005
2025-12-04T05:54:22.451486,-0.730,0.351,1.270,0.005
2025-12-04T05:54:22.486485,-0.711,0.351,1.270,0.005
2025-12-04T05:54:22.519642,-0.691,0.351,1.270,0.005
2025-12-04T05:54:22.556701,-0.671,0.351,1.270,0.005
2025-12-04T05:54:22.586110,-0.651,0.351,1.270,0.005
2025-12-04T05:54:22.617851,-0.631,0.352,1.270,0.005
2025-12-04T05:54:22.650120,-0.611,0.352,1.270,0.005
2025-12-04T05:54:22.682794,-0.592,0.352,1.270,0.005
2025-12-04T05:54:22.710311,-0.572,0.352,1.270,0.005
2025-12-04T05:54:22.742614,-0.552,0.352,1.270,0.005
2025-12-04T05:54:22.774170,-0.531,0.352,1.270,0.005
2025-12-04T05:54:22.809680,-0.511,0.353,1.270,0.005
2025-12-04T05:54:22.843322,-0.491,0.353,1.270,0.005
2025-12-04T05:54:22.875690,-0.471,0.353,1.270,0.005
2025-12-04T05:54:22.905750,-0.451,0.353,1.270,0.005
2025-12-04T05:54:22.939887,-0.431,0.353,1.270,0.005
2025-12-04T05:54:22.975973,-0.411,0.354,1.270,0.005
2025-12-04T05:54:23.007818,-0.390,0.354,1.270,0.005
2025-12-04T05:54:23.037644,-0.370,0.354,1.270,0.005
2025-12-04T05:54:23.068973,-0.350,0.354,1.270,0.005
2025-12-04T05:54:23.102228,-0.330,0.354,1.270,0.005
2025-12-04T05:54:23.134190,-0.309,0.355,1.270,0.005
2025-12-04T05:54:23.166652,-0.289,0.355,1.270,0.005
2025-12-04T05:54:23.203764,-0.269,0.355,1.270,0.005
2025-12-04T05:54:23.231572,-0.248,0.355,1.270,0.005
2025-12-04T05:54:23.263598,-0.228,0.355,1.270,0.005
2025-12-04T05:54:23.298235,-0.208,0.356,1.270,0.005
2025-12-04T05:54:23.329918,-0.187,0.356,1.270,0.005
2025-12-04T05:54:23.357360,-0.167,0.356,1.270,0.005
2025-12-04T05:54:23.391854,-0.147,0.356,1.270,0.005
2025-12-04T05:54:23.424649,-0.126,0.356,1.270,0.005
2025-12-04T05:54:23.458194,-0.106,0.357,1.270,0.005
2025-12-04T05:54:23.491962,-0.086,0.357,1.270,0.005
2025-12-04T05:54:23.523918,-0.065,0.357,1.270,0.005
2025-12-04T05:54:23.556739,-0.045,0.357,1.270,0.005
2025-12-04T05:54:23.590714,-0.024,0.357,1.270,0.005
2025-12-04T05:54:23.621030,-0.004,0.358,1.270,0.005
2025-12-04T05:54:23.653524,0.017,0.358,1.270,0.005
2025-12-04T05:54:23.685105,0.037,0.358,1.270,0.005
2025-12-04T05:54:23.719912,0.057,0.358,1.270,0.005
2025-12-04T05:54:23.751450,0.078,0.358,1.270,0.005
2025-12-04T05:54:23.787822,0.098,0.359,1.270,0.005
2025-12-04T05:54:23.819847,0.119,0.359,1.270,0.005
2025-12-04T05:54:23.851781,0.139,0.359,1.270,0.005
2025-12-04T05:54:23.885691,0.160,0.359,1.270,0.005
2025-12-04T05:54:23.915655,0.180,0.359,1.270,0.005
2025-12-04T05:54:23.950122,0.183,0.359,1.270,0.034
2025-12-04T05:54:23.979845,0.185,0.359,1.270,0.062
2025-12-04T05:54:24.014029,0.187,0.359,1.270,0.091
2025-12-04T05:54:24.050266,0.189,0.359,1.270,0.120
2025-12-04T05:54:24.082313,0.191,0.359,1.270,0.148
2025-12-04T05:54:24.113890,0.193,0.359,1.270,0.177
2025-12-04T05:54:24.145404,0.195,0.359,1.270,0.205
2025-12-04T05:54:24.176767,0.197,0.359,1.270,0.233
2025-12-04T05:54:24.209293,0.198,0.359,1.270,0.261
2025-12-04T05:54:24.239039,0.199,0.359,1.270,0.289
2025-12-04T05:54:24.270754,0.201,0.359,1.270,0.316
2025-12-04T05:54:24.305898,0.202,0.360,1.270,0.343
2025-12-04T05:54:24.343622,0.203,0.360,1.270,0.370
2025-12-04T05:54:24.374873,0.204,0.360,1.270,0.397
2025-12-04T05:54:24.407422,0.205,0.360,1.270,0.423
2025-12-04T05:54:24.436466,0.206,0.360,1.270,0.449
2025-12-04T05:54:24.465315,0.207,0.360,1.270,0.474
2025-12-04T05:54:24.499126,0.208,0.360,1.270,0.500
2025-12-04T05:54:24.530865,0.209,0.360,1.270,0.524
2025-12-04T05:54:24.563094,0.209,0.360,1.270,0.549
2025-12-04T05:54:24.599454,0.210,0.360,1.270,0.573
2025-12-04T05:54:24.631015,0.211,0.360,1.270,0.596
2025-12-04T05:54:24.665160,0.211,0.360,1.270,0.619
2025-12-04T05:54:24.697847,0.212,0.360,1.270,0.641
2025-12-04T05:54:24.729061,0.212,0.360,1.270,0.663
2025-12-04T05:54:24.759140,0.213,0.360,1.270,0.684
2025-12-04T05:54:24.790506,0.213,0.360,1.270,0.705
2025-12-04T05:54:24.824628,0.214,0.360,1.270,0.725
2025-12-04T05:54:24.858614,0.214,0.360,1.270,0.745
2025-12-04T05:54:24.893352,0.214,0.360,1.270,0.764
2025-12-04T05:54:24.921203,0.215,0.360,1.270,0.782
2025-12-04T05:54:24.953556,0.215,0.360,1.270,0.799
2025-12-04T05:54:24.986124,0.215,0.360,1.270,0.816
2025-12-04T05:54:25.014832,0.216,0.360,1.270,0.833
2025-12-04T05:54:25.047006,0.216,0.360,1.270,0.848
2025-12-04T05:54:25.084144,0.216,0.360,1.270,0.863
2025-12-04T05:54:25.115669,0.216,0.360,1.270,0.877
2025-12-04T05:54:25.147213,0.217,0.360,1.270,0.891
2025-12-04T05:54:25.181442,0.217,0.360,1.270,0.904
2025-12-04T05:54:25.212207,0.217,0.360,1.270,0.916
2025-12-04T05:54:25.243643,0.217,0.360,1.270,0.927
2025-12-04T05:54:25.276454,0.217,0.360,1.270,0.937
2025-12-04T05:54:25.311695,0.218,0.360,1.270,0.947
2025-12-04T05:54:25.347320,0.218,0.360,1.270,0.956
2025-12-04T05:54:25.378498,0.218,0.360,1.270,0.964
2025-12-04T05:54:25.412022,0.218,0.360,1.270,0.971
2025-12-04T05:54:25.444265,0.218,0.360,1.270,0.978
2025-12-04T05:54:25.474026,0.218,0.360,1.270,0.983
2025-12-04T05:54:25.503379,0.218,0.360,1.270,0.988
2025-12-04T05:54:25.535179,0.218,0.360,1.270,0.992
2025-12-04T05:54:25.569023,0.219,0.360,1.270,0.995
2025-12-04T05:54:25.603708,0.219,0.360,1.270,0.998
2025-12-04T05:54:25.635301,0.219,0.360,1.270,0.999
2025-12-04T05:54:25.666644,0.219,0.360,1.270,1.000
2025-12-04T05:54:25.699237,0.219,0.360,1.270,-1.000
2025-12-04T05:54:25.730331,0.219,0.360,1.270,-0.999
2025-12-04T05:54:25.763340,0.201,0.358,1.270,-0.999
2025-12-04T05:54:25.799553,0.183,0.356,1.270,-0.999
2025-12-04T05:54:25.830755,0.165,0.355,1.270,-0.999
2025-12-04T05:54:25.863692,0.147,0.353,1.270,-0.999
2025-12-04T05:54:25.896016,0.128,0.351,1.270,-0.999
2025-12-04T05:54:25.929032,0.110,0.349,1.270,-0.999
2025-12-04T05:54:25.962496,0.091,0.348,1.270,-0.999
2025-12-04T05:54:25.995007,0.073,0.346,1.270,-0.999
2025-12-04T05:54:26.027116,0.054,0.344,1.270,-0.999
2025-12-04T05:54:26.059886,0.035,0.342,1.270,-0.999
2025-12-04T05:54:26.095797,0.016,0.341,1.270,-0.999
2025-12-04T05:54:26.129949,-0.003,0.339,1.270,-0.999
2025-12-04T05:54:26.161072,-0.023,0.337,1.270,-0.999
2025-12-04T05:54:26.196626,-0.042,0.335,1.270,-0.999
2025-12-04T05:54:26.228921,-0.061,0.333,1.270,-0.999
2025-12-04T05:54:26.260746,-0.081,0.331,1.270,-0.999
2025-12-04T05:54:26.290267,-0.100,0.330,1.270,-0.999
2025-12-04T05:54:26.320306,-0.120,0.328,1.270,-0.999
2025-12-04T05:54:26.353839,-0.139,0.326,1.270,-0.999
2025-12-04T05:54:26.385810,-0.159,0.324,1.270,-0.999
2025-12-04T05:54:26.418470,-0.179,0.322,1.270,-0.999
2025-12-04T05:54:26.453315,-0.199,0.320,1.270,-0.999
2025-12-04T05:54:26.485382,-0.218,0.319,1.270,-0.999
2025-12-04T05:54:26.517322,-0.238,0.317,1.270,-0.999
2025-12-04T05:54:26.548082,-0.258,0.315,1.270,-0.999
2025-12-04T05:54:26.578231,-0.278,0.313,1.270,-0.999
2025-12-04T05:54:26.609069,-0.298,0.311,1.270,-0.999
2025-12-04T05:54:26.643402,-0.318,0.309,1.270,-0.999
2025-12-04T05:54:26.675079,-0.338,0.307,1.270,-0.999
2025-12-04T05:54:26.706733,-0.358,0.305,1.270,-0.999
2025-12-04T05:54:26.744206,-0.378,0.304,1.270,-0.999
2025-12-04T05:54:26.777782,-0.398,0.302,1.270,-0.999
2025-12-04T05:54:26.807878,-0.418,0.300,1.270,-0.999
2025-12-04T05:54:26.845778,-0.438,0.298,1.270,-0.999
2025-12-04T05:54:26.879830,-0.459,0.296,1.270,-0.999
2025-12-04T05:54:26.908838,-0.479,0.294,1.270,-0.999
2025-12-04T05:54:26.938337,-0.499,0.292,1.270,-0.999
2025-12-04T05:54:26.970636,-0.519,0.290,1.270,-0.999
2025-12-04T05:54:27.002150,-0.539,0.288,1.270,-0.999
2025-12-04T05:54:27.034192,-0.559,0.287,1.270,-0.999
2025-12-04T05:54:27.069191,-0.580,0.285,1.270,-0.999
2025-12-04T05:54:27.101029,-0.600,0.283,1.270,-0.999
2025-12-04T05:54:27.137875,-0.620,0.281,1.270,-0.999
2025-12-04T05:54:27.169978,-0.640,0.279,1.270,-0.999
2025-12-04T05:54:27.201520,-0.661,0.277,1.270,-0.999
2025-12-04T05:54:27.234410,-0.681,0.275,1.270,-0.999
2025-12-04T05:54:27.265042,-0.701,0.273,1.270,-0.999
2025-12-04T05:54:27.297583,-0.722,0.271,1.270,-0.999
2025-12-04T05:54:27.330227,-0.742,0.269,1.270,-0.999
2025-12-04T05:54:27.365335,-0.762,0.268,1.270,-0.999
2025-12-04T05:54:27.398442,-0.783,0.266,1.270,-0.999
2025-12-04T05:54:27.433083,-0.803,0.264,1.270,-0.999
2025-12-04T05:54:27.462347,-0.823,0.262,1.270,-0.999
2025-12-04T05:54:27.494599,-0.844,0.260,1.270,-0.999
2025-12-04T05:54:27.524742,-0.864,0.258,1.270,-0.999
2025-12-04T05:54:27.558346,-0.884,0.256,1.270,-0.999
2025-12-04T05:54:27.589483,-0.905,0.254,1.270,-0.999
2025-12-04T05:54:27.621792,-0.925,0.252,1.270,-0.999
2025-12-04T05:54:27.655112,-0.945,0.250,1.270,-0.999
2025-12-04T05:54:27.686980,-0.966,0.248,1.270,-0.999
2025-12-04T05:54:27.719099,-0.986,0.247,1.270,-0.999
2025-12-04T05:54:27.752248,-1.006,0.245,1.270,-0.999
2025-12-04T05:54:27.782336,-1.027,0.243,1.270,-0.999
2025-12-04T05:54:27.815153,-1.047,0.241,1.270,-0.999
2025-12-04T05:54:27.848097,-1.068,0.239,1.270,-0.999
2025-12-04T05:54:27.879581,-1.088,0.237,1.270,-0.999
2025-12-04T05:54:27.914598,-1.108,0.235,1.270,-0.999
2025-12-04T05:54:27.950573,-1.129,0.233,1.270,-0.999
2025-12-04T05:54:27.986514,-1.131,0.233,1.270,-1.000
2025-12-04T05:54:28.016908,-1.134,0.233,1.270,1.000
2025-12-04T05:54:28.046926,-1.136,0.232,1.270,0.999
2025-12-04T05:54:28.078556,-1.138,0.232,1.270,0.998
2025-12-04T05:54:28.110453,-1.140,0.232,1.270,0.995
2025-12-04T05:54:28.138822,-1.142,0.232,1.270,0.992
2025-12-04T05:54:28.174171,-1.143,0.232,1.270,0.988
2025-12-04T05:54:28.206029,-1.145,0.232,1.270,0.983
2025-12-04T05:54:28.239843,-1.147,0.231,1.270,0.978
2025-12-04T05:54:28.271265,-1.148,0.231,1.270,0.971
2025-12-04T05:54:28.304024,-1.149,0.231,1.270,0.964
2025-12-04T05:54:28.336030,-1.151,0.231,1.270,0.956
2025-12-04T05:54:28.367976,-1.152,0.231,1.270,0.947
2025-12-04T05:54:28.402935,-1.153,0.231,1.270,0.937
2025-12-04T05:54:28.433464,-1.154,0.231,1.270,0.927
2025-12-04T05:54:28.465845,-1.155,0.231,1.270,0.916
2025-12-04T05:54:28.502455,-1.156,0.231,1.270,0.904
2025-12-04T05:54:28.535210,-1.156,0.231,1.270,0.891
2025-12-04T05:54:28.566644,-1.157,0.230,1.270,0.877
2025-12-04T05:54:28.598227,-1.158,0.230,1.270,0.863
2025-12-04T05:54:28.628212,-1.159,0.230,1.270,0.848
2025-12-04T05:54:28.661271,-1.159,0.230,1.270,0.833
2025-12-04T05:54:28.695382,-1.160,0.230,1.270,0.816
2025-12-04T05:54:28.724192,-1.160,0.230,1.270,0.799
2025-12-04T05:54:28.757475,-1.161,0.230,1.270,0.782
2025-12-04T05:54:28.792036,-1.161,0.230,1.270,0.764
2025-12-04T05:54:28.823759,-1.162,0.230,1.270,0.745
2025-12-04T05:54:28.855854,-1.162,0.230,1.270,0.725
2025-12-04T05:54:28.887226,-1.163,0.230,1.270,0.705
2025-12-04T05:54:28.917723,-1.163,0.230,1.270,0.684
2025-12-04T05:54:28.953219,-1.163,0.230,1.270,0.663
2025-12-04T05:54:28.990669,-1.164,0.230,1.270,0.641
2025-12-04T05:54:29.023067,-1.164,0.230,1.270,0.619
2025-12-04T05:54:29.055379,-1.164,0.230,1.270,0.596
2025-12-04T05:54:29.082880,-1.165,0.230,1.270,0.573
2025-12-04T05:54:29.110571,-1.165,0.230,1.270,0.549
2025-12-04T05:54:29.143807,-1.165,0.230,1.270,0.524
2025-12-04T05:54:29.172070,-1.165,0.230,1.270,0.500
2025-12-04T05:54:29.205965,-1.165,0.230,1.270,0.474
2025-12-04T05:54:29.241373,-1.166,0.230,1.270,0.449
2025-12-04T05:54:29.271767,-1.166,0.230,1.270,0.423
2025-12-04T05:54:29.308046,-1.166,0.230,1.270,0.397
2025-12-04T05:54:29.341736,-1.166,0.230,1.270,0.370
2025-12-04T05:54:29.374189,-1.166,0.230,1.270,0.343
2025-12-04T05:54:29.406118,-1.166,0.230,1.270,0.316
2025-12-04T05:54:29.438123,-1.167,0.230,1.270,0.289
2025-12-04T05:54:29.468093,-1.167,0.230,1.270,0.261
2025-12-04T05:54:29.501254,-1.167,0.230,1.270,0.233
2025-12-04T05:54:29.534980,-1.167,0.230,1.270,0.205
2025-12-04T05:54:29.566338,-1.167,0.230,1.270,0.177
2025-12-04T05:54:29.602738,-1.167,0.230,1.270,0.148
2025-12-04T05:54:29.635082,-1.167,0.229,1.270,0.120
2025-12-04T05:54:29.666111,-1.167,0.229,1.270,0.091
2025-12-04T05:54:29.698059,-1.167,0.229,1.270,0.062
2025-12-04T05:54:29.725687,-1.167,0.229,1.270,0.034
2025-12-04T05:54:29.754966,-1.168,0.229,1.270,0.005
2025-12-04T05:54:29.786916,-1.168,0.229,1.270,-0.024
2025-12-04T05:54:29.820281,-1.168,0.229,1.270,-0.053
2025-12-04T05:54:29.855908,-1.168,0.229,1.270,-0.082
2025-12-04T05:54:29.887284,-1.168,0.229,1.270,-0.110
2025-12-04T05:54:29.919692,-1.168,0.229,1.270,-0.139
2025-12-04T05:54:29.951828,-1.168,0.229,1.270,-0.167
2025-12-04T05:54:29.984164,-1.168,0.229,1.270,-0.196
2025-12-04T05:54:30.020310,-1.168,0.229,1.270,-0.224
2025-12-04T05:54:30.047920,-1.152,0.222,1.270,-0.224
2025-12-04T05:54:30.081374,-1.136,0.214,1.270,-0.224
2025-12-04T05:54:30.116868,-1.119,0.206,1.270,-0.224
2025-12-04T05:54:30.150593,-1.103,0.198,1.270,-0.224
2025-12-04T05:54:30.186219,-1.086,0.190,1.270,-0.224
2025-12-04T05:54:30.217250,-1.069,0.182,1.270,-0.224
2025-12-04T05:54:30.251127,-1.052,0.173,1.270,-0.224
2025-12-04T05:54:30.282976,-1.035,0.165,1.270,-0.224
2025-12-04T05:54:30.313010,-1.018,0.157,1.270,-0.224
2025-12-04T05:54:30.339153,-1.001,0.149,1.270,-0.224
2025-12-04T05:54:30.371333,-0.984,0.140,1.270,-0.224
2025-12-04T05:54:30.403912,-0.967,0.132,1.270,-0.224
2025-12-04T05:54:30.440000,-0.949,0.123,1.270,-0.224
2025-12-04T05:54:30.473322,-0.932,0.115,1.270,-0.224
2025-12-04T05:54:30.505399,-0.914,0.106,1.270,-0.224
2025-12-04T05:54:30.540739,-0.897,0.098,1.270,-0.224
2025-12-04T05:54:30.572091,-0.879,0.089,1.270,-0.224
2025-12-04T05:54:30.602458,-0.861,0.081,1.270,-0.224
2025-12-04T05:54:30.635287,-0.844,0.072,1.270,-0.224
2025-12-04T05:54:30.667034,-0.826,0.063,1.270,-0.224
2025-12-04T05:54:30.701723,-0.808,0.055,1.270,-0.224
2025-12-04T05:54:30.737466,-0.790,0.046,1.270,-0.224
2025-12-04T05:54:30.772683,-0.772,0.037,1.270,-0.224
2025-12-04T05:54:30.805961,-0.754,0.029,1.270,-0.224
2025-12-04T05:54:30.836211,-0.736,0.020,1.270,-0.224
2025-12-04T05:54:30.865153,-0.718,0.011,1.270,-0.224
2025-12-04T05:54:30.895906,-0.700,0.003,1.270,-0.224
2025-12-04T05:54:30.924864,-0.682,-0.006,1.270,-0.224
2025-12-04T05:54:30.958159,-0.664,-0.015,1.270,-0.224
2025-12-04T05:54:30.992126,-0.646,-0.024,1.270,-0.224
2025-12-04T05:54:31.025234,-0.628,-0.032,1.270,-0.224
2025-12-04T05:54:31.059957,-0.610,-0.041,1.270,-0.224
2025-12-04T05:54:31.094453,-0.592,-0.050,1.270,-0.224
2025-12-04T05:54:31.126941,-0.574,-0.059,1.270,-0.224
2025-12-04T05:54:31.159042,-0.555,-0.068,1.270,-0.224
2025-12-04T05:54:31.190875,-0.537,-0.077,1.270,-0.224
2025-12-04T05:54:31.219628,-0.519,-0.085,1.270,-0.224
2025-12-04T05:54:31.248004,-0.501,-0.094,1.270,-0.224
2025-12-04T05:54:31.282888,-0.482,-0.103,1.270,-0.224
2025-12-04T05:54:31.316293,-0.464,-0.112,1.270,-0.224
2025-12-04T05:54:31.350103,-0.446,-0.121,1.270,-0.224
2025-12-04T05:54:31.385037,-0.444,-0.122,1.270,-0.196
2025-12-04T05:54:31.419063,-0.442,-0.123,1.270,-0.167
2025-12-04T05:54:31.450768,-0.440,-0.124,1.270,-0.139
2025-12-04T05:54:31.482832,-0.438,-0.125,1.270,-0.110
2025-12-04T05:54:31.512656,-0.436,-0.125,1.270,-0.082
2025-12-04T05:54:31.547110,-0.435,-0.126,1.270,-0.053
2025-12-04T05:54:31.578560,-0.433,-0.127,1.270,-0.024
2025-12-04T05:54:31.610927,-0.432,-0.128,1.270,0.005
2025-12-04T05:54:31.643262,-0.431,-0.128,1.270,0.034
2025-12-04T05:54:31.673149,-0.429,-0.129,1.270,0.062
2025-12-04T05:54:31.704314,-0.428,-0.129,1.270,0.091
2025-12-04T05:54:31.734883,-0.427,-0.130,1.270,0.120
2025-12-04T05:54:31.770116,-0.426,-0.130,1.270,0.148
2025-12-04T05:54:31.803901,-0.425,-0.131,1.270,0.177
2025-12-04T05:54:31.836187,-0.424,-0.131,1.270,0.205
2025-12-04T05:54:31.871370,-0.424,-0.132,1.270,0.233
2025-12-04T05:54:31.904611,-0.423,-0.132,1.270,0.261
2025-12-04T05:54:31.935367,-0.422,-0.132,1.270,0.289
2025-12-04T05:54:31.966376,-0.421,-0.133,1.270,0.316
2025-12-04T05:54:31.994260,-0.421,-0.133,1.270,0.343
2025-12-04T05:54:32.027037,-0.420,-0.133,1.270,0.370
2025-12-04T05:54:32.060052,-0.420,-0.133,1.270,0.397
2025-12-04T05:54:32.094480,-0.419,-0.134,1.270,0.423
2025-12-04T05:54:32.128203,-0.419,-0.134,1.270,0.449
2025-12-04T05:54:32.161270,-0.408,-0.120,1.270,0.449
2025-12-04T05:54:32.195045,-0.396,-0.105,1.270,0.449
2025-12-04T05:54:32.224613,-0.385,-0.091,1.270,0.449
2025-12-04T05:54:32.256231,-0.374,-0.076,1.270,0.449
2025-12-04T05:54:32.289372,-0.362,-0.062,1.270,0.449
2025-12-04T05:54:32.321495,-0.351,-0.047,1.270,0.449
2025-12-04T05:54:32.354122,-0.339,-0.032,1.270,0.449
2025-12-04T05:54:32.390275,-0.328,-0.017,1.270,0.449
2025-12-04T05:54:32.424256,-0.316,-0.002,1.270,0.449
2025-12-04T05:54:32.458264,-0.305,0.013,1.270,0.449
2025-12-04T05:54:32.490916,-0.293,0.029,1.270,0.449
2025-12-04T05:54:32.522654,-0.281,0.044,1.270,0.449
2025-12-04T05:54:32.554559,-0.270,0.059,1.270,0.449
2025-12-04T05:54:32.585869,-0.258,0.075,1.270,0.449
2025-12-04T05:54:32.616112,-0.246,0.090,1.270,0.449
2025-12-04T05:54:32.648070,-0.234,0.106,1.270,0.449
2025-12-04T05:54:32.681945,-0.222,0.122,1.270,0.449
2025-12-04T05:54:32.716158,-0.210,0.137,1.270,0.449
2025-12-04T05:54:32.749903,-0.198,0.153,1.270,0.449
2025-12-04T05:54:32.783035,-0.187,0.169,1.270,0.449
2025-12-04T05:54:32.814071,-0.175,0.185,1.270,0.449
2025-12-04T05:54:32.846716,-0.163,0.201,1.270,0.449
2025-12-04T05:54:32.876360,-0.151,0.217,1.270,0.449
2025-12-04T05:54:32.904924,-0.139,0.232,1.270,0.449
2025-12-04T05:54:32.936664,-0.127,0.248,1.270,0.449
2025-12-04T05:54:32.966778,-0.115,0.264,1.270,0.449
2025-12-04T05:54:32.998407,-0.103,0.281,1.270,0.449
2025-12-04T05:54:33.034657,-0.091,0.297,1.270,0.449
2025-12-04T05:54:33.066101,-0.078,0.313,1.270,0.449
2025-12-04T05:54:33.099176,-0.066,0.329,1.270,0.449
2025-12-04T05:54:33.131593,-0.054,0.345,1.270,0.449
2025-12-04T05:54:33.161972,-0.042,0.361,1.270,0.449
2025-12-04T05:54:33.196850,-0.030,0.377,1.270,0.449
2025-12-04T05:54:33.229054,-0.018,0.393,1.270,0.449
2025-12-04T05:54:33.263901,-0.006,0.410,1.270,0.449
2025-12-04T05:54:33.296601,0.006,0.426,1.270,0.449
2025-12-04T05:54:33.327671,0.018,0.442,1.270,0.449
2025-12-04T05:54:33.363789,0.031,0.458,1.270,0.449
2025-12-04T05:54:33.400489,0.043,0.475,1.270,0.449
2025-12-04T05:54:33.432803,0.055,0.491,1.270,0.449
2025-12-04T05:54:33.463360,0.067,0.507,1.270,0.449
2025-12-04T05:54:33.493520,0.079,0.524,1.270,0.449
2025-12-04T05:54:33.521219,0.091,0.540,1.270,0.449
2025-12-04T05:54:33.549270,0.104,0.556,1.270,0.449
2025-12-04T05:54:33.578587,0.116,0.573,1.270,0.449
2025-12-04T05:54:33.607918,0.128,0.589,1.270,0.449
2025-12-04T05:54:33.640219,0.140,0.605,1.270,0.449
2025-12-04T05:54:33.673570,0.152,0.622,1.270,0.449
2025-12-04T05:54:33.717567,0.165,0.638,1.270,0.449
2025-12-04T05:54:33.738770,0.177,0.654,1.270,0.449
2025-12-04T05:54:33.773975,0.189,0.671,1.270,0.449
2025-12-04T05:54:33.805690,0.201,0.687,1.270,0.449
2025-12-04T05:54:33.838085,0.213,0.703,1.270,0.449
2025-12-04T05:54:33.871560,0.226,0.720,1.270,0.449
2025-12-04T05:54:33.902746,0.238,0.736,1.270,0.449
2025-12-04T05:54:33.936110,0.250,0.753,1.270,0.449
2025-12-04T05:54:33.966399,0.262,0.769,1.270,0.449
2025-12-04T05:54:34.000177,0.274,0.785,1.270,0.449
2025-12-04T05:54:34.030794,0.276,0.787,1.270,0.423
2025-12-04T05:54:34.062313,0.277,0.789,1.270,0.397
2025-12-04T05:54:34.098839,0.279,0.791,1.270,0.370
2025-12-04T05:54:34.131149,0.280,0.793,1.270,0.343
2025-12-04T05:54:34.165160,0.281,0.794,1.270,0.316
2025-12-04T05:54:34.198847,0.282,0.796,1.270,0.289
2025-12-04T05:54:34.233471,0.283,0.797,1.270,0.261
2025-12-04T05:54:34.261399,0.284,0.798,1.270,0.233
2025-12-04T05:54:34.292751,0.285,0.800,1.270,0.205
2025-12-04T05:54:34.325251,0.286,0.801,1.270,0.177
2025-12-04T05:54:34.356150,0.287,0.802,1.270,0.148
2025-12-04T05:54:34.389333,0.287,0.803,1.270,0.120
2025-12-04T05:54:34.422843,0.288,0.804,1.270,0.091
2025-12-04T05:54:34.458637,0.289,0.804,1.270,0.062
2025-12-04T05:54:34.490465,0.289,0.805,1.270,0.034
2025-12-04T05:54:34.521515,0.290,0.806,1.270,0.005
2025-12-04T05:54:34.553377,0.290,0.807,1.270,-0.024
2025-12-04T05:54:34.583562,0.309,0.807,1.270,-0.024
2025-12-04T05:54:34.615015,0.327,0.806,1.270,-0.024
2025-12-04T05:54:34.649489,0.346,0.806,1.270,-0.024
2025-12-04T05:54:34.681358,0.365,0.806,1.270,-0.024
2025-12-04T05:54:34.715761,0.384,0.805,1.270,-0.024
2025-12-04T05:54:34.750515,0.403,0.805,1.270,-0.024
2025-12-04T05:54:34.781945,0.422,0.804,1.270,-0.024
2025-12-04T05:54:34.813958,0.441,0.804,1.270,-0.024
2025-12-04T05:54:34.846212,0.460,0.803,1.270,-0.024
2025-12-04T05:54:34.878289,0.479,0.803,1.270,-0.024
2025-12-04T05:54:34.906399,0.499,0.802,1.270,-0.024
2025-12-04T05:54:34.941526,0.518,0.802,1.270,-0.024
2025-12-04T05:54:34.977478,0.538,0.801,1.270,-0.024
2025-12-04T05:54:35.010409,0.557,0.800,1.270,-0.024
2025-12-04T05:54:35.042839,0.577,0.800,1.270,-0.024
2025-12-04T05:54:35.074952,0.597,0.799,1.270,-0.024
2025-12-04T05:54:35.103197,0.617,0.798,1.270,-0.024
2025-12-04T05:54:35.134452,0.636,0.798,1.270,-0.024
2025-12-04T05:54:35.167151,0.656,0.797,1.270,-0.024
2025-12-04T05:54:35.198216,0.676,0.796,1.270,-0.024
2025-12-04T05:54:35.230584,0.696,0.795,1.270,-0.024
2025-12-04T05:54:35.264516,0.716,0.794,1.270,-0.024
2025-12-04T05:54:35.299229,0.736,0.794,1.270,-0.024
2025-12-04T05:54:35.330492,0.756,0.793,1.270,-0.024
2025-12-04T05:54:35.362149,0.776,0.792,1.270,-0.024
2025-12-04T05:54:35.394287,0.796,0.791,1.270,-0.024
2025-12-04T05:54:35.426647,0.816,0.790,1.270,-0.024
2025-12-04T05:54:35.458051,0.836,0.789,1.270,-0.024
2025-12-04T05:54:35.490858,0.857,0.789,1.270,-0.024
2025-12-04T05:54:35.526020,0.877,0.788,1.270,-0.024
2025-12-04T05:54:35.557538,0.879,0.788,1.270,0.005
2025-12-04T05:54:35.590486,0.881,0.788,1.270,0.034
2025-12-04T05:54:35.622915,0.883,0.788,1.270,0.062
2025-12-04T05:54:35.655139,0.885,0.788,1.270,0.091
2025-12-04T05:54:35.687014,0.887,0.788,1.270,0.120
2025-12-04T05:54:35.718188,0.889,0.788,1.270,0.148
2025-12-04T05:54:35.751735,0.890,0.788,1.270,0.177
2025-12-04T05:54:35.781543,0.892,0.788,1.270,0.205
2025-12-04T05:54:35.814662,0.893,0.788,1.270,0.233
2025-12-04T05:54:35.851017,0.894,0.788,1.270,0.261
2025-12-04T05:54:35.886226,0.895,0.788,1.270,0.289
2025-12-04T05:54:35.919500,0.896,0.788,1.270,0.316
2025-12-04T05:54:35.952391,0.897,0.788,1.270,0.343
2025-12-04T05:54:35.986383,0.912,0.799,1.270,0.343
2025-12-04T05:54:36.018612,0.927,0.811,1.270,0.343
2025-12-04T05:54:36.050381,0.942,0.823,1.270,0.343
2025-12-04T05:54:36.081860,0.957,0.834,1.270,0.343
2025-12-04T05:54:36.115738,0.971,0.846,1.270,0.343
2025-12-04T05:54:36.150661,0.986,0.858,1.270,0.343
2025-12-04T05:54:36.178207,1.001,0.870,1.270,0.343
2025-12-04T05:54:36.210655,1.016,0.883,1.270,0.343
2025-12-04T05:54:36.242670,1.032,0.895,1.270,0.343
2025-12-04T05:54:36.274049,1.047,0.907,1.270,0.343
2025-12-04T05:54:36.307018,1.062,0.920,1.270,0.343
2025-12-04T05:54:36.339341,1.077,0.932,1.270,0.343
2025-12-04T05:54:36.375276,1.092,0.944,1.270,0.343
2025-12-04T05:54:36.410647,1.107,0.957,1.270,0.343
2025-12-04T05:54:36.441971,1.123,0.969,1.270,0.343
2025-12-04T05:54:36.475285,1.138,0.982,1.270,0.343
2025-12-04T05:54:36.506121,1.153,0.995,1.270,0.343
2025-12-04T05:54:36.536656,1.169,1.007,1.270,0.343
2025-12-04T05:54:36.569070,1.184,1.020,1.270,0.343
2025-12-04T05:54:36.605925,1.199,1.033,1.270,0.343
2025-12-04T05:54:36.638455,1.215,1.046,1.270,0.343
2025-12-04T05:54:36.669605,1.230,1.058,1.270,0.343
2025-12-04T05:54:36.701332,1.246,1.071,1.270,0.343
2025-12-04T05:54:36.733560,1.261,1.084,1.270,0.343
2025-12-04T05:54:36.763818,1.277,1.097,1.270,0.343
2025-12-04T05:54:36.798209,1.292,1.110,1.270,0.343
2025-12-04T05:54:36.839801,1.308,1.123,1.270,0.343
2025-12-04T05:54:36.870446,1.323,1.136,1.270,0.343
2025-12-04T05:54:36.911263,1.339,1.149,1.270,0.343
2025-12-04T05:54:36.952561,1.354,1.162,1.270,0.343
2025-12-04T05:54:36.980219,1.370,1.175,1.270,0.343
2025-12-04T05:54:37.009199,1.385,1.188,1.270,0.343
2025-12-04T05:54:37.033109,1.401,1.201,1.270,0.343
2025-12-04T05:54:37.060633,1.416,1.214,1.270,0.343
2025-12-04T05:54:37.090085,1.432,1.227,1.270,0.343
2025-12-04T05:54:37.118223,1.448,1.240,1.270,0.343
2025-12-04T05:54:37.149402,1.463,1.253,1.270,0.343
2025-12-04T05:54:37.179091,1.479,1.266,1.270,0.343
2025-12-04T05:54:37.212681,1.494,1.279,1.270,0.343
2025-12-04T05:54:37.243017,1.510,1.292,1.270,0.343
2025-12-04T05:54:37.273804,1.525,1.305,1.270,0.343
2025-12-04T05:54:37.309443,1.541,1.318,1.270,0.343
2025-12-04T05:54:37.341973,1.557,1.332,1.270,0.343
2025-12-04T05:54:37.374286,1.572,1.345,1.270,0.343
2025-12-04T05:54:37.407049,1.588,1.358,1.270,0.343
2025-12-04T05:54:37.441262,1.604,1.371,1.270,0.343
2025-12-04T05:54:37.473423,1.605,1.373,1.270,0.316
2025-12-04T05:54:37.506464,1.607,1.374,1.270,0.289
2025-12-04T05:54:37.536671,1.609,1.375,1.270,0.261
2025-12-04T05:54:37.571366,1.611,1.377,1.270,0.233
2025-12-04T05:54:37.607668,1.612,1.378,1.270,0.205
2025-12-04T05:54:37.642941,1.613,1.379,1.270,0.177
2025-12-04T05:54:37.674874,1.615,1.380,1.270,0.148
2025-12-04T05:54:37.707563,1.616,1.381,1.270,0.120
2025-12-04T05:54:37.736087,1.617,1.382,1.270,0.091
2025-12-04T05:54:37.765645,1.618,1.383,1.270,0.062
2025-12-04T05:54:37.798781,1.619,1.384,1.270,0.034
2025-12-04T05:54:37.829914,1.620,1.385,1.270,0.005
2025-12-04T05:54:37.863005,1.621,1.385,1.270,-0.024
2025-12-04T05:54:37.900084,1.622,1.386,1.270,-0.053
2025-12-04T05:54:37.933933,1.623,1.387,1.270,-0.082
2025-12-04T05:54:37.968422,1.623,1.387,1.270,-0.110
2025-12-04T05:54:38.002021,1.624,1.388,1.270,-0.139
2025-12-04T05:54:38.033843,1.642,1.383,1.270,-0.139
2025-12-04T05:54:38.064088,1.660,1.379,1.270,-0.139
2025-12-04T05:54:38.094484,1.678,1.374,1.270,-0.139
2025-12-04T05:54:38.124277,1.696,1.370,1.270,-0.139
2025-12-04T05:54:38.153474,1.714,1.365,1.270,-0.139
2025-12-04T05:54:38.187325,1.733,1.360,1.270,-0.139
2025-12-04T05:54:38.220939,1.751,1.355,1.270,-0.139
2025-12-04T05:54:38.254054,1.770,1.351,1.270,-0.139
2025-12-04T05:54:38.287066,1.788,1.346,1.270,-0.139
2025-12-04T05:54:38.316387,1.807,1.341,1.270,-0.139
2025-12-04T05:54:38.346870,1.826,1.336,1.270,-0.139
2025-12-04T05:54:38.378969,1.845,1.331,1.270,-0.139
2025-12-04T05:54:38.413133,1.863,1.326,1.270,-0.139
2025-12-04T05:54:38.447060,1.882,1.320,1.270,-0.139
2025-12-04T05:54:38.483068,1.901,1.315,1.270,-0.139
2025-12-04T05:54:38.517891,1.920,1.310,1.270,-0.139
2025-12-04T05:54:38.553162,1.939,1.305,1.270,-0.139
2025-12-04T05:54:38.586978,1.959,1.300,1.270,-0.139
2025-12-04T05:54:38.613627,1.978,1.294,1.270,-0.139
2025-12-04T05:54:38.646980,1.997,1.289,1.270,-0.139
2025-12-04T05:54:38.678526,2.016,1.284,1.270,-0.139
2025-12-04T05:54:38.765658,2.035,1.278,1.270,-0.139
2025-12-04T05:54:38.787510,2.055,1.273,1.270,-0.139
2025-12-04T05:54:38.817503,2.057,1.273,1.270,-0.110
2025-12-04T05:54:38.847202,2.059,1.272,1.270,-0.082
2025-12-04T05:54:38.878663,2.061,1.272,1.270,-0.053
2025-12-04T05:54:38.903307,2.062,1.271,1.270,-0.024
2025-12-04T05:54:38.932185,2.064,1.271,1.270,0.005
2025-12-04T05:54:38.964881,2.065,1.271,1.270,0.034
2025-12-04T05:54:38.997341,2.067,1.271,1.270,0.062
2025-12-04T05:54:39.028488,2.068,1.270,1.270,0.091
2025-12-04T05:54:39.060945,2.069,1.270,1.270,0.120
2025-12-04T05:54:39.094839,2.070,1.270,1.270,0.148
2025-12-04T05:54:39.125797,2.072,1.269,1.270,0.177
2025-12-04T05:54:39.158543,2.073,1.269,1.270,0.205
2025-12-04T05:54:39.193445,2.073,1.269,1.270,0.233
2025-12-04T05:54:39.226363,2.074,1.269,1.270,0.261
2025-12-04T05:54:39.258485,2.075,1.269,1.270,0.289
2025-12-04T05:54:39.291457,2.076,1.269,1.270,0.316
2025-12-04T05:54:39.320821,2.077,1.268,1.270,0.343
2025-12-04T05:54:39.349594,2.077,1.268,1.270,0.370
2025-12-04T05:54:39.382615,2.078,1.268,1.270,0.397
2025-12-04T05:54:39.415093,2.079,1.268,1.270,0.423
2025-12-04T05:54:39.450716,2.079,1.268,1.270,0.449
2025-12-04T05:54:39.481997,2.080,1.268,1.270,0.474
2025-12-04T05:54:39.515027,2.080,1.268,1.270,0.500
2025-12-04T05:54:39.547179,2.081,1.268,1.270,0.524
2025-12-04T05:54:39.575852,2.081,1.267,1.270,0.549
2025-12-04T05:54:39.613161,2.081,1.267,1.270,0.573
2025-12-04T05:54:39.655278,2.082,1.267,1.270,0.596
2025-12-04T05:54:39.676784,2.082,1.267,1.270,0.619
2025-12-04T05:54:39.725975,2.082,1.267,1.270,0.641
2025-12-04T05:54:39.749698,2.083,1.267,1.270,0.663
2025-12-04T05:54:39.784525,2.083,1.267,1.270,0.684
2025-12-04T05:54:39.814776,2.083,1.267,1.270,0.705
2025-12-04T05:54:39.846018,2.084,1.267,1.270,0.725
2025-12-04T05:54:39.876733,2.084,1.267,1.270,0.745
2025-12-04T05:54:39.908098,2.084,1.267,1.270,0.764
2025-12-04T05:54:39.943048,2.084,1.267,1.270,0.782
2025-12-04T05:54:39.977423,2.084,1.267,1.270,0.799
2025-12-04T05:54:40.012751,2.085,1.267,1.270,0.816
2025-12-04T05:54:40.045748,2.085,1.267,1.270,0.833
2025-12-04T05:54:40.076236,2.085,1.267,1.270,0.848
2025-12-04T05:54:40.106540,2.085,1.267,1.270,0.863
2025-12-04T05:54:40.141303,2.085,1.267,1.270,0.877
2025-12-04T05:54:40.173648,2.085,1.267,1.270,0.891
2025-12-04T05:54:40.208908,2.085,1.267,1.270,0.904
2025-12-04T05:54:40.242773,2.086,1.266,1.270,0.916
2025-12-04T05:54:40.274263,2.086,1.266,1.270,0.904
2025-12-04T05:54:40.306997,2.086,1.266,1.270,0.891
2025-12-04T05:54:40.335379,2.086,1.266,1.270,0.877
2025-12-04T05:54:40.365759,2.086,1.266,1.270,0.863
2025-12-04T05:54:40.397634,2.086,1.266,1.270,0.848
2025-12-04T05:54:40.431262,2.086,1.266,1.270,0.833
2025-12-04T05:54:40.464674,2.086,1.266,1.270,0.816
2025-12-04T05:54:40.496674,2.086,1.266,1.270,0.799
2025-12-04T05:54:40.531182,2.086,1.266,1.270,0.782
2025-12-04T05:54:40.563135,2.086,1.266,1.270,0.764
2025-12-04T05:54:40.595529,2.086,1.266,1.270,0.745
2025-12-04T05:54:40.624972,2.086,1.266,1.270,0.725
2025-12-04T05:54:40.658407,2.087,1.266,1.270,0.705
2025-12-04T05:54:40.691198,2.087,1.266,1.270,0.684
2025-12-04T05:54:40.721536,2.087,1.266,1.270,0.663
2025-12-04T05:54:40.754212,2.087,1.266,1.270,0.641
2025-12-04T05:54:40.791547,2.087,1.266,1.270,0.619
2025-12-04T05:54:40.823625,2.091,1.284,1.270,0.619
2025-12-04T05:54:40.857503,2.095,1.301,1.270,0.619
2025-12-04T05:54:40.889812,2.100,1.319,1.270,0.619
2025-12-04T05:54:40.919382,2.104,1.337,1.270,0.619
2025-12-04T05:54:40.953825,2.108,1.355,1.270,0.619
2025-12-04T05:54:40.984616,2.113,1.373,1.270,0.619
2025-12-04T05:54:41.017337,2.117,1.391,1.270,0.619
2025-12-04T05:54:41.052540,2.121,1.410,1.270,0.619
2025-12-04T05:54:41.090079,2.126,1.428,1.270,0.619
2025-12-04T05:54:41.123823,2.130,1.447,1.270,0.619
2025-12-04T05:54:41.157651,2.135,1.465,1.270,0.619
2025-12-04T05:54:41.199060,2.139,1.484,1.270,0.619
2025-12-04T05:54:41.225486,2.144,1.503,1.270,0.619
2025-12-04T05:54:41.257803,2.149,1.522,1.270,0.619
2025-12-04T05:54:41.285407,2.153,1.541,1.270,0.619
2025-12-04T05:54:41.315536,2.158,1.560,1.270,0.619
2025-12-04T05:54:41.346388,2.162,1.579,1.270,0.619
2025-12-04T05:54:41.373727,2.167,1.598,1.270,0.619
2025-12-04T05:54:41.407179,2.172,1.617,1.270,0.619
2025-12-04T05:54:41.442511,2.176,1.636,1.270,0.619
2025-12-04T05:54:41.472717,2.181,1.655,1.270,0.619
2025-12-04T05:54:41.507100,2.186,1.675,1.270,0.619
2025-12-04T05:54:41.538850,2.186,1.677,1.270,0.596
2025-12-04T05:54:41.573114,2.186,1.678,1.270,0.573
2025-12-04T05:54:41.605265,2.187,1.680,1.270,0.549
2025-12-04T05:54:41.635223,2.187,1.682,1.270,0.524
2025-12-04T05:54:41.667666,2.188,1.683,1.270,0.500
2025-12-04T05:54:41.707893,2.188,1.685,1.270,0.474
2025-12-04T05:54:41.731188,2.188,1.686,1.270,0.449
2025-12-04T05:54:41.765092,2.189,1.687,1.270,0.423
2025-12-04T05:54:41.798797,2.189,1.688,1.270,0.397
2025-12-04T05:54:41.831840,2.189,1.689,1.270,0.370
2025-12-04T05:54:41.863768,2.189,1.690,1.270,0.343
2025-12-04T05:54:41.894387,2.190,1.691,1.270,0.316
2025-12-04T05:54:41.929355,2.190,1.692,1.270,0.289
2025-12-04T05:54:41.962268,2.190,1.693,1.270,0.261
2025-12-04T05:54:41.995038,2.190,1.694,1.270,0.233
2025-12-04T05:54:42.025861,2.190,1.694,1.270,0.205
2025-12-04T05:54:42.060924,2.191,1.695,1.270,0.177
2025-12-04T05:54:42.098296,2.191,1.696,1.270,0.148
2025-12-04T05:54:42.128663,2.191,1.696,1.270,0.120
2025-12-04T05:54:42.161130,2.191,1.697,1.270,0.091
2025-12-04T05:54:42.194282,2.191,1.697,1.270,0.062
2025-12-04T05:54:42.224197,2.191,1.698,1.270,0.034
2025-12-04T05:54:42.261334,2.191,1.698,1.270,0.005
2025-12-04T05:54:42.289557,2.191,1.699,1.270,-0.024
2025-12-04T05:54:42.322264,2.192,1.699,1.270,-0.053
2025-12-04T05:54:42.356139,2.192,1.699,1.270,-0.082
2025-12-04T05:54:42.388385,2.192,1.700,1.270,-0.053
2025-12-04T05:54:42.421149,2.192,1.700,1.270,-0.024
2025-12-04T05:54:42.452844,2.192,1.700,1.270,0.005
2025-12-04T05:54:42.485619,2.192,1.701,1.270,0.034
2025-12-04T05:54:42.515870,2.192,1.701,1.270,0.062
2025-12-04T05:54:42.546489,2.192,1.701,1.270,0.091
2025-12-04T05:54:42.577926,2.192,1.701,1.270,0.120
2025-12-04T05:54:42.612911,2.192,1.702,1.270,0.148
2025-12-04T05:54:42.647022,2.192,1.702,1.270,0.177
2025-12-04T05:54:42.681820,2.192,1.702,1.270,0.205
2025-12-04T05:54:42.711189,2.192,1.702,1.270,0.233
2025-12-04T05:54:42.744507,2.192,1.702,1.270,0.261
2025-12-04T05:54:42.777132,2.192,1.702,1.270,0.289
2025-12-04T05:54:42.808771,2.192,1.703,1.270,0.316
2025-12-04T05:54:42.842356,2.192,1.703,1.270,0.343
2025-12-04T05:54:42.874077,2.192,1.703,1.270,0.370
2025-12-04T05:54:42.907846,2.192,1.703,1.270,0.397
2025-12-04T05:54:42.942782,2.193,1.703,1.270,0.423
2025-12-04T05:54:42.974171,2.193,1.703,1.270,0.449
2025-12-04T05:54:43.003242,2.193,1.703,1.270,0.474
2025-12-04T05:54:43.036130,2.193,1.703,1.270,0.500
2025-12-04T05:54:43.069362,2.193,1.704,1.270,0.524
2025-12-04T05:54:43.101639,2.193,1.704,1.270,0.549
2025-12-04T05:54:43.133631,2.193,1.704,1.270,0.573
2025-12-04T05:54:43.167785,2.193,1.704,1.270,0.596
2025-12-04T05:54:43.202977,2.193,1.704,1.270,0.619
2025-12-04T05:54:43.232566,2.193,1.704,1.270,0.641
2025-12-04T05:54:43.264754,2.193,1.704,1.270,0.663
2025-12-04T05:54:43.297443,2.193,1.704,1.270,0.684
2025-12-04T05:54:43.329290,2.193,1.704,1.270,0.705
2025-12-04T05:54:43.360388,2.193,1.722,1.270,0.705
2025-12-04T05:54:43.394216,2.193,1.740,1.270,0.705
2025-12-04T05:54:43.427696,2.193,1.758,1.270,0.705
2025-12-04T05:54:43.462018,2.193,1.777,1.270,0.705
2025-12-04T05:54:43.498069,2.193,1.795,1.270,0.705
2025-12-04T05:54:43.529338,2.193,1.814,1.270,0.705
2025-12-04T05:54:43.561352,2.194,1.833,1.270,0.705
2025-12-04T05:54:43.594466,2.194,1.852,1.270,0.705
2025-12-04T05:54:43.619778,2.194,1.871,1.270,0.705
2025-12-04T05:54:43.654228,2.194,1.872,1.270,0.684
2025-12-04T05:54:43.687103,2.194,1.873,1.270,0.663
2025-12-04T05:54:43.718717,2.194,1.874,1.270,0.641
2025-12-04T05:54:43.754248,2.194,1.875,1.270,0.619
2025-12-04T05:54:43.787327,2.194,1.876,1.270,0.596
2025-12-04T05:54:43.818869,2.194,1.877,1.270,0.573
2025-12-04T05:54:43.850489,2.194,1.878,1.270,0.549
2025-12-04T05:54:43.883183,2.194,1.878,1.270,0.524
2025-12-04T05:54:43.915422,2.194,1.879,1.270,0.500
2025-12-04T05:54:43.949570,2.194,1.880,1.270,0.474
2025-12-04T05:54:43.979983,2.194,1.880,1.270,0.449
2025-12-04T05:54:44.013431,2.194,1.881,1.270,0.423
2025-12-04T05:54:44.050202,2.194,1.881,1.270,0.397
2025-12-04T05:54:44.085463,2.194,1.882,1.270,0.370
2025-12-04T05:54:44.117807,2.194,1.882,1.270,0.343
2025-12-04T05:54:44.149831,2.194,1.883,1.270,0.316
2025-12-04T05:54:44.181653,2.194,1.883,1.270,0.289
2025-12-04T05:54:44.212911,2.194,1.884,1.270,0.261
2025-12-04T05:54:44.245970,2.194,1.884,1.270,0.233
2025-12-04T05:54:44.278384,2.194,1.884,1.270,0.205
2025-12-04T05:54:44.308644,2.194,1.885,1.270,0.177
2025-12-04T05:54:44.344755,2.194,1.885,1.270,0.148
2025-12-04T05:54:44.377523,2.194,1.885,1.270,0.120
2025-12-04T05:54:44.409806,2.194,1.886,1.270,0.091
2025-12-04T05:54:44.442441,2.194,1.886,1.270,0.062
2025-12-04T05:54:44.474160,2.194,1.886,1.270,0.034
2025-12-04T05:54:44.506567,2.194,1.886,1.270,0.005
2025-12-04T05:54:44.537891,2.194,1.886,1.270,-0.024
2025-12-04T05:54:44.569465,2.194,1.887,1.270,-0.053
2025-12-04T05:54:44.605457,2.194,1.887,1.270,-0.082
2025-12-04T05:54:44.636757,2.194,1.887,1.270,-0.110
2025-12-04T05:54:44.669295,2.194,1.887,1.270,-0.139
2025-12-04T05:54:44.699234,2.194,1.887,1.270,-0.167
2025-12-04T05:54:44.730023,2.194,1.887,1.270,-0.196
2025-12-04T05:54:44.762899,2.194,1.888,1.270,-0.224
2025-12-04T05:54:44.797188,2.194,1.888,1.270,-0.252
2025-12-04T05:54:44.831450,2.194,1.888,1.270,-0.279
2025-12-04T05:54:44.861393,2.194,1.888,1.270,-0.307
2025-12-04T05:54:44.890636,2.194,1.888,1.270,-0.334
2025-12-04T05:54:44.923529,2.194,1.888,1.270,-0.361
2025-12-04T05:54:44.958623,2.194,1.888,1.270,-0.388
2025-12-04T05:54:44.993522,2.194,1.888,1.270,-0.361
2025-12-04T05:54:45.026506,2.194,1.888,1.270,-0.334
2025-12-04T05:54:45.058051,2.194,1.888,1.270,-0.307
2025-12-04T05:54:45.090773,2.194,1.888,1.270,-0.279
2025-12-04T05:54:45.119281,2.194,1.888,1.270,-0.252
2025-12-04T05:54:45.154365,2.194,1.889,1.270,-0.224
2025-12-04T05:54:45.185641,2.194,1.889,1.270,-0.196
2025-12-04T05:54:45.217375,2.194,1.889,1.270,-0.167
2025-12-04T05:54:45.249829,2.194,1.889,1.270,-0.139
2025-12-04T05:54:45.280421,2.194,1.889,1.270,-0.110
2025-12-04T05:54:45.312331,2.194,1.889,1.270,-0.082
2025-12-04T05:54:45.349491,2.194,1.889,1.270,-0.053
2025-12-04T05:54:45.385154,2.194,1.889,1.270,-0.024
2025-12-04T05:54:45.417761,2.194,1.889,1.270,0.005
2025-12-04T05:54:45.449745,2.194,1.889,1.270,0.034
2025-12-04T05:54:45.481631,2.194,1.889,1.270,0.062
2025-12-04T05:54:45.510645,2.194,1.889,1.270,0.091
2025-12-04T05:54:45.540148,2.194,1.889,1.270,0.120
2025-12-04T05:54:45.570156,2.194,1.889,1.270,0.148
2025-12-04T05:54:45.604278,2.194,1.889,1.270,0.177
2025-12-04T05:54:45.639673,2.194,1.889,1.270,0.205
2025-12-04T05:54:45.673279,2.194,1.889,1.270,0.233
2025-12-04T05:54:45.707376,2.194,1.889,1.270,0.261
2025-12-04T05:54:45.738311,2.194,1.889,1.270,0.289
2025-12-04T05:54:45.768601,2.209,1.899,1.270,0.289
2025-12-04T05:54:45.804037,2.224,1.909,1.270,0.289
2025-12-04T05:54:45.836099,2.239,1.919,1.270,0.289
2025-12-04T05:54:45.870319,2.255,1.929,1.270,0.289
2025-12-04T05:54:45.903864,2.270,1.940,1.270,0.289
2025-12-04T05:54:45.936725,2.286,1.950,1.270,0.289
2025-12-04T05:54:45.965764,2.301,1.960,1.270,0.289
2025-12-04T05:54:46.001444,2.317,1.971,1.270,0.289
2025-12-04T05:54:46.032834,2.333,1.981,1.270,0.289
2025-12-04T05:54:46.066966,2.349,1.992,1.270,0.289
2025-12-04T05:54:46.103188,2.365,2.002,1.270,0.289
2025-12-04T05:54:46.133371,2.381,2.013,1.270,0.289
2025-12-04T05:54:46.164669,2.397,2.024,1.270,0.289
2025-12-04T05:54:46.197666,2.413,2.034,1.270,0.289
2025-12-04T05:54:46.229734,2.429,2.045,1.270,0.289
2025-12-04T05:54:46.259843,2.445,2.056,1.270,0.289
2025-12-04T05:54:46.291793,2.462,2.067,1.270,0.289
2025-12-04T05:54:46.326781,2.478,2.078,1.270,0.289
2025-12-04T05:54:46.361271,2.495,2.089,1.270,0.289
2025-12-04T05:54:46.397697,2.511,2.100,1.270,0.289
2025-12-04T05:54:46.429683,2.528,2.111,1.270,0.289
2025-12-04T05:54:46.461779,2.544,2.121,1.270,0.289
2025-12-04T05:54:46.495037,2.561,2.133,1.270,0.289
2025-12-04T05:54:46.524304,2.577,2.144,1.270,0.289
2025-12-04T05:54:46.558474,2.594,2.155,1.270,0.289
2025-12-04T05:54:46.587829,2.611,2.166,1.270,0.289
2025-12-04T05:54:46.620628,2.627,2.177,1.270,0.289
2025-12-04T05:54:46.657502,2.644,2.188,1.270,0.289
2025-12-04T05:54:46.688548,2.661,2.199,1.270,0.289
2025-12-04T05:54:46.722555,2.678,2.210,1.270,0.289
2025-12-04T05:54:46.754524,2.694,2.221,1.270,0.289
2025-12-04T05:54:46.785406,2.711,2.232,1.270,0.289
2025-12-04T05:54:46.812671,2.728,2.244,1.270,0.289
2025-12-04T05:54:46.846128,2.745,2.255,1.270,0.289
2025-12-04T05:54:46.877287,2.762,2.266,1.270,0.289
2025-12-04T05:54:46.913588,2.778,2.277,1.270,0.289
2025-12-04T05:54:46.946276,2.795,2.287,1.270,0.289
2025-12-04T05:54:46.979132,2.811,2.296,1.270,0.289
2025-12-04T05:54:47.011483,2.828,2.306,1.270,0.289
2025-12-04T05:54:47.044667,2.844,2.315,1.270,0.289
2025-12-04T05:54:47.078787,2.861,2.323,1.270,0.289
2025-12-04T05:54:47.111035,2.878,2.331,1.270,0.289
2025-12-04T05:54:47.146258,2.894,2.339,1.270,0.289
2025-12-04T05:54:47.177328,2.911,2.345,1.270,0.289
2025-12-04T05:54:47.209095,2.928,2.351,1.270,0.289
2025-12-04T05:54:47.240391,2.945,2.357,1.270,0.289
2025-12-04T05:54:47.271187,2.961,2.361,1.270,0.289
2025-12-04T05:54:47.308508,2.978,2.365,1.270,0.289
2025-12-04T05:54:47.337296,2.995,2.368,1.270,0.289
2025-12-04T05:54:47.368911,3.012,2.371,1.270,0.289
2025-12-04T05:54:47.406454,3.029,2.372,1.270,0.289
2025-12-04T05:54:47.436867,3.046,2.373,1.270,0.289
2025-12-04T05:54:47.469341,3.062,2.374,1.270,0.289
2025-12-04T05:54:47.501515,3.079,2.374,1.270,0.289
2025-12-04T05:54:47.530691,3.096,2.373,1.270,0.289
2025-12-04T05:54:47.562374,3.113,2.371,1.270,0.289
2025-12-04T05:54:47.596904,3.130,2.370,1.270,0.289
2025-12-04T05:54:47.628556,3.147,2.367,1.270,0.289
2025-12-04T05:54:47.662247,3.164,2.365,1.270,0.289
2025-12-04T05:54:47.696726,3.181,2.362,1.270,0.289
2025-12-04T05:54:47.729224,3.198,2.359,1.270,0.289
2025-12-04T05:54:47.760940,3.215,2.356,1.270,0.289
2025-12-04T05:54:47.794129,3.232,2.352,1.270,0.289
2025-12-04T05:54:47.826455,3.249,2.349,1.270,0.289
2025-12-04T05:54:47.856380,3.266,2.346,1.270,0.289
2025-12-04T05:54:47.890629,3.283,2.342,1.270,0.289
2025-12-04T05:54:47.921881,3.300,2.339,1.270,0.289
2025-12-04T05:54:47.955137,3.317,2.336,1.270,0.289
2025-12-04T05:54:47.992013,3.334,2.332,1.270,0.289
2025-12-04T05:54:48.023337,3.351,2.329,1.270,0.289
2025-12-04T05:54:48.057471,3.368,2.327,1.270,0.289
2025-12-04T05:54:48.090620,3.385,2.324,1.270,0.289
2025-12-04T05:54:48.118996,3.402,2.322,1.270,0.289
2025-12-04T05:54:48.146785,3.420,2.320,1.270,0.289
2025-12-04T05:54:48.175823,3.437,2.318,1.270,0.289
2025-12-04T05:54:48.208601,3.454,2.317,1.270,0.289
2025-12-04T05:54:48.243145,3.472,2.316,1.270,0.289
2025-12-04T05:54:48.277116,3.489,2.315,1.270,0.289
2025-12-04T05:54:48.311280,3.507,2.315,1.270,0.289
2025-12-04T05:54:48.342043,3.525,2.315,1.270,0.289
2025-12-04T05:54:48.374537,3.543,2.317,1.270,0.289
2025-12-04T05:54:48.406607,3.561,2.318,1.270,0.289
2025-12-04T05:54:48.441393,3.579,2.321,1.270,0.289
2025-12-04T05:54:48.474638,3.596,2.324,1.270,0.289
2025-12-04T05:54:48.505546,3.614,2.327,1.270,0.289
2025-12-04T05:54:48.542202,3.632,2.331,1.270,0.289
2025-12-04T05:54:48.574055,3.649,2.336,1.270,0.289
2025-12-04T05:54:48.606234,3.667,2.341,1.270,0.289
2025-12-04T05:54:48.638365,3.685,2.346,1.270,0.289
2025-12-04T05:54:48.667401,3.702,2.352,1.270,0.289
2025-12-04T05:54:48.701319,3.720,2.358,1.270,0.289
2025-12-04T05:54:48.733866,3.737,2.365,1.270,0.289
2025-12-04T05:54:48.765054,3.755,2.371,1.270,0.289
2025-12-04T05:54:48.802108,3.772,2.378,1.270,0.289
2025-12-04T05:54:48.832771,3.790,2.386,1.270,0.289
2025-12-04T05:54:48.864188,3.807,2.393,1.270,0.289
2025-12-04T05:54:48.897482,3.824,2.401,1.270,0.289
2025-12-04T05:54:48.930916,3.842,2.409,1.270,0.289
2025-12-04T05:54:48.955254,3.859,2.417,1.270,0.289
2025-12-04T05:54:48.991585,3.876,2.426,1.270,0.289
2025-12-04T05:54:49.024179,3.894,2.434,1.270,0.289
2025-12-04T05:54:49.057246,3.911,2.443,1.270,0.289
2025-12-04T05:54:49.091330,3.928,2.452,1.270,0.289
2025-12-04T05:54:49.123459,3.946,2.461,1.270,0.289
2025-12-04T05:54:49.154858,3.963,2.471,1.270,0.289
2025-12-04T05:54:49.188320,3.965,2.470,1.270,0.261
2025-12-04T05:54:49.221774,3.967,2.470,1.270,0.233
2025-12-04T05:54:49.252778,3.969,2.469,1.270,0.205
2025-12-04T05:54:49.285581,3.971,2.469,1.270,0.177
2025-12-04T05:54:49.317075,3.973,2.468,1.270,0.148
2025-12-04T05:54:49.353921,3.975,2.468,1.270,0.120
2025-12-04T05:54:49.391272,3.976,2.468,1.270,0.091
2025-12-04T05:54:49.424439,3.978,2.467,1.270,0.062
2025-12-04T05:54:49.455497,3.979,2.467,1.270,0.034
2025-12-04T05:54:49.490865,3.980,2.467,1.270,0.005
2025-12-04T05:54:49.524837,3.982,2.466,1.270,-0.024
2025-12-04T05:54:49.557396,3.983,2.466,1.270,-0.053
2025-12-04T05:54:49.590114,3.984,2.466,1.270,-0.082
2025-12-04T05:54:49.620848,3.985,2.466,1.270,-0.110
2025-12-04T05:54:49.649737,3.986,2.466,1.270,-0.139
2025-12-04T05:54:49.681933,3.987,2.465,1.270,-0.167
2025-12-04T05:54:49.714361,3.987,2.465,1.270,-0.196
2025-12-04T05:54:49.742505,3.988,2.465,1.270,-0.224
2025-12-04T05:54:49.776947,3.989,2.465,1.270,-0.252
2025-12-04T05:54:49.810854,3.990,2.465,1.270,-0.279
2025-12-04T05:54:49.847627,3.990,2.465,1.270,-0.307
2025-12-04T05:54:49.884133,3.991,2.465,1.270,-0.334
2025-12-04T05:54:49.918502,3.991,2.464,1.270,-0.361
2025-12-04T05:54:49.950894,3.992,2.464,1.270,-0.388
2025-12-04T05:54:49.981619,3.992,2.464,1.270,-0.414
2025-12-04T05:54:50.005546,3.993,2.464,1.270,-0.440
2025-12-04T05:54:50.038609,3.993,2.464,1.270,-0.466
2025-12-04T05:54:50.072290,3.993,2.464,1.270,-0.491
2025-12-04T05:54:50.101272,3.994,2.464,1.270,-0.516
2025-12-04T05:54:50.134329,3.994,2.464,1.270,-0.541
2025-12-04T05:54:50.169233,3.995,2.464,1.270,-0.565
2025-12-04T05:54:50.205014,3.995,2.464,1.270,-0.588
2025-12-04T05:54:50.242192,3.995,2.464,1.270,-0.611
2025-12-04T05:54:50.272484,3.995,2.464,1.270,-0.634
2025-12-04T05:54:50.304606,3.996,2.463,1.270,-0.656
2025-12-04T05:54:50.335065,3.996,2.463,1.270,-0.677
2025-12-04T05:54:50.364334,3.996,2.463,1.270,-0.698
2025-12-04T05:54:50.399487,3.996,2.463,1.270,-0.718
2025-12-04T05:54:50.429042,3.996,2.463,1.270,-0.738
2025-12-04T05:54:50.462459,3.997,2.463,1.270,-0.757
2025-12-04T05:54:50.498681,3.997,2.463,1.270,-0.776
2025-12-04T05:54:50.532573,3.997,2.463,1.270,-0.794
2025-12-04T05:54:50.568145,3.997,2.463,1.270,-0.811
2025-12-04T05:54:50.602484,3.997,2.463,1.270,-0.827
2025-12-04T05:54:50.634262,3.997,2.463,1.270,-0.843
2025-12-04T05:54:50.663843,3.997,2.463,1.270,-0.858
2025-12-04T05:54:50.694476,3.998,2.463,1.270,-0.873
2025-12-04T05:54:50.724980,3.998,2.463,1.270,-0.858
2025-12-04T05:54:50.757426,3.998,2.463,1.270,-0.843
2025-12-04T05:54:50.788652,3.998,2.463,1.270,-0.827
2025-12-04T05:54:50.821426,3.998,2.463,1.270,-0.811
2025-12-04T05:54:50.856029,3.998,2.463,1.270,-0.794
2025-12-04T05:54:50.887045,3.998,2.463,1.270,-0.776
2025-12-04T05:54:50.918875,3.998,2.463,1.270,-0.757
2025-12-04T05:54:50.952983,3.998,2.463,1.270,-0.738
2025-12-04T05:54:50.986674,3.998,2.463,1.270,-0.718
2025-12-04T05:54:51.016762,3.998,2.463,1.270,-0.698
2025-12-04T05:54:51.049146,3.999,2.445,1.270,-0.698
2025-12-04T05:54:51.081021,3.999,2.427,1.270,-0.698
2025-12-04T05:54:51.115280,4.000,2.409,1.270,-0.698
2025-12-04T05:54:51.146341,4.000,2.390,1.270,-0.698
2025-12-04T05:54:51.178274,4.001,2.372,1.270,-0.698
2025-12-04T05:54:51.210358,4.001,2.353,1.270,-0.698
2025-12-04T05:54:51.242120,4.002,2.334,1.270,-0.698
2025-12-04T05:54:51.274394,4.002,2.315,1.270,-0.698
2025-12-04T05:54:51.308423,4.003,2.296,1.270,-0.698
2025-12-04T05:54:51.350083,4.003,2.277,1.270,-0.698
2025-12-04T05:54:51.375768,4.004,2.258,1.270,-0.698
2025-12-04T05:54:51.408215,4.004,2.239,1.270,-0.698
2025-12-04T05:54:51.438859,4.005,2.220,1.270,-0.698
2025-12-04T05:54:51.470449,4.005,2.200,1.270,-0.698
2025-12-04T05:54:51.505260,4.006,2.181,1.270,-0.698
2025-12-04T05:54:51.539973,4.006,2.161,1.270,-0.698
2025-12-04T05:54:51.571099,4.007,2.142,1.270,-0.698
2025-12-04T05:54:51.603936,4.008,2.122,1.270,-0.698
2025-12-04T05:54:51.633587,4.008,2.102,1.270,-0.698
2025-12-04T05:54:51.668660,4.009,2.082,1.270,-0.698
2025-12-04T05:54:51.694027,4.009,2.063,1.270,-0.698
2025-12-04T05:54:51.724639,4.010,2.043,1.270,-0.698
2025-12-04T05:54:51.758021,4.010,2.023,1.270,-0.698
2025-12-04T05:54:51.791697,4.011,2.003,1.270,-0.698
2025-12-04T05:54:51.821662,4.011,1.983,1.270,-0.698
2025-12-04T05:54:51.856988,4.012,1.963,1.270,-0.698
2025-12-04T05:54:51.891526,4.012,1.961,1.270,-0.677
2025-12-04T05:54:51.923827,4.012,1.959,1.270,-0.656
2025-12-04T05:54:51.957534,4.012,1.957,1.270,-0.634
2025-12-04T05:54:51.990544,4.012,1.955,1.270,-0.611
2025-12-04T05:54:52.020133,4.012,1.954,1.270,-0.588
2025-12-04T05:54:52.052545,4.012,1.952,1.270,-0.565
2025-12-04T05:54:52.089500,4.012,1.951,1.270,-0.541
2025-12-04T05:54:52.123447,4.012,1.949,1.270,-0.516
2025-12-04T05:54:52.154857,4.012,1.948,1.270,-0.491
2025-12-04T05:54:52.187678,4.012,1.947,1.270,-0.466
2025-12-04T05:54:52.215942,4.012,1.946,1.270,-0.440
2025-12-04T05:54:52.246423,4.012,1.945,1.270,-0.414
2025-12-04T05:54:52.278225,4.012,1.944,1.270,-0.388
2025-12-04T05:54:52.311367,4.012,1.943,1.270,-0.361
2025-12-04T05:54:52.343317,4.012,1.942,1.270,-0.334
2025-12-04T05:54:52.380348,4.012,1.941,1.270,-0.307
2025-12-04T05:54:52.413012,4.012,1.940,1.270,-0.334
2025-12-04T05:54:52.445042,4.012,1.940,1.270,-0.361
2025-12-04T05:54:52.476789,4.012,1.939,1.270,-0.388
2025-12-04T05:54:52.510306,4.012,1.939,1.270,-0.414
2025-12-04T05:54:52.542264,4.012,1.938,1.270,-0.440
2025-12-04T05:54:52.576947,4.012,1.937,1.270,-0.466
2025-12-04T05:54:52.605699,4.012,1.937,1.270,-0.491
2025-12-04T05:54:52.642196,4.012,1.936,1.270,-0.516
2025-12-04T05:54:52.673023,4.012,1.936,1.270,-0.541
2025-12-04T05:54:52.706513,4.012,1.936,1.270,-0.565
2025-12-04T05:54:52.739463,4.012,1.935,1.270,-0.588
2025-12-04T05:54:52.779849,4.012,1.935,1.270,-0.611
2025-12-04T05:54:52.805316,4.012,1.935,1.270,-0.634
2025-12-04T05:54:52.837308,4.012,1.934,1.270,-0.656
2025-12-04T05:54:52.870085,4.012,1.934,1.270,-0.677
2025-12-04T05:54:52.900753,4.012,1.934,1.270,-0.698
2025-12-04T05:54:52.933044,4.012,1.933,1.270,-0.718
2025-12-04T05:54:52.966082,4.012,1.933,1.270,-0.738
2025-12-04T05:54:53.000576,4.012,1.933,1.270,-0.757
2025-12-04T05:54:53.032962,4.010,1.915,1.270,-0.757
2025-12-04T05:54:53.067452,4.007,1.897,1.270,-0.757
2025-12-04T05:54:53.101095,4.005,1.879,1.270,-0.757
2025-12-04T05:54:53.132280,4.002,1.860,1.270,-0.757
2025-12-04T05:54:53.163605,3.999,1.842,1.270,-0.757
2025-12-04T05:54:53.196634,3.996,1.823,1.270,-0.757
2025-12-04T05:54:53.225248,3.994,1.805,1.270,-0.757
2025-12-04T05:54:53.259242,3.991,1.786,1.270,-0.757
2025-12-04T05:54:53.295400,3.988,1.767,1.270,-0.757
2025-12-04T05:54:53.324907,3.985,1.748,1.270,-0.757
2025-12-04T05:54:53.359407,3.982,1.729,1.270,-0.757
2025-12-04T05:54:53.391373,3.980,1.710,1.270,-0.757
2025-12-04T05:54:53.422373,3.977,1.690,1.270,-0.757
2025-12-04T05:54:53.457651,3.974,1.671,1.270,-0.757
2025-12-04T05:54:53.490241,3.971,1.652,1.270,-0.757
2025-12-04T05:54:53.521459,3.968,1.632,1.270,-0.757
2025-12-04T05:54:53.558403,3.965,1.613,1.270,-0.757
2025-12-04T05:54:53.590127,3.962,1.593,1.270,-0.757
2025-12-04T05:54:53.620693,3.960,1.574,1.270,-0.757
2025-12-04T05:54:53.653252,3.957,1.554,1.270,-0.757
2025-12-04T05:54:53.683646,3.956,1.552,1.270,-0.738
2025-12-04T05:54:53.716095,3.956,1.550,1.270,-0.718
2025-12-04T05:54:53.746291,3.956,1.549,1.270,-0.698
2025-12-04T05:54:53.779169,3.956,1.547,1.270,-0.677
2025-12-04T05:54:53.813235,3.955,1.546,1.270,-0.656
2025-12-04T05:54:53.846617,3.955,1.544,1.270,-0.634
2025-12-04T05:54:53.880271,3.955,1.543,1.270,-0.611
2025-12-04T05:54:53.912937,3.955,1.542,1.270,-0.588
2025-12-04T05:54:53.944509,3.955,1.541,1.270,-0.565
2025-12-04T05:54:53.977240,3.955,1.540,1.270,-0.541
2025-12-04T05:54:54.010060,3.954,1.539,1.270,-0.516
2025-12-04T05:54:54.041939,3.954,1.538,1.270,-0.491
2025-12-04T05:54:54.073657,3.954,1.537,1.270,-0.466
2025-12-04T05:54:54.109283,3.954,1.536,1.270,-0.440
2025-12-04T05:54:54.142466,3.954,1.535,1.270,-0.414
2025-12-04T05:54:54.173034,3.954,1.534,1.270,-0.388
2025-12-04T05:54:54.206465,3.954,1.534,1.270,-0.361
2025-12-04T05:54:54.239357,3.954,1.533,1.270,-0.334
2025-12-04T05:54:54.266639,3.967,1.521,1.270,-0.334
2025-12-04T05:54:54.298379,3.981,1.509,1.270,-0.334
2025-12-04T05:54:54.333935,3.995,1.497,1.270,-0.334
2025-12-04T05:54:54.365907,4.010,1.485,1.270,-0.334
2025-12-04T05:54:54.398397,4.024,1.473,1.270,-0.334
2025-12-04T05:54:54.431390,4.038,1.461,1.270,-0.334
2025-12-04T05:54:54.460553,4.053,1.449,1.270,-0.334
2025-12-04T05:54:54.494123,4.068,1.436,1.270,-0.334
2025-12-04T05:54:54.528680,4.082,1.424,1.270,-0.334
2025-12-04T05:54:54.562518,4.097,1.412,1.270,-0.334
2025-12-04T05:54:54.598029,4.112,1.399,1.270,-0.334
2025-12-04T05:54:54.628353,4.127,1.387,1.270,-0.334
2025-12-04T05:54:54.659910,4.142,1.375,1.270,-0.334
2025-12-04T05:54:54.693306,4.157,1.362,1.270,-0.334
2025-12-04T05:54:54.727751,4.172,1.350,1.270,-0.334
2025-12-04T05:54:54.758912,4.187,1.337,1.270,-0.334
2025-12-04T05:54:54.788837,4.188,1.336,1.270,-0.361
2025-12-04T05:54:54.821643,4.190,1.335,1.270,-0.388
2025-12-04T05:54:54.853863,4.191,1.333,1.270,-0.414
2025-12-04T05:54:54.885560,4.192,1.332,1.270,-0.440
2025-12-04T05:54:54.917838,4.193,1.331,1.270,-0.466
2025-12-04T05:54:54.951130,4.194,1.331,1.270,-0.491
2025-12-04T05:54:54.989359,4.194,1.330,1.270,-0.516
2025-12-04T05:54:55.023494,4.195,1.329,1.270,-0.541
2025-12-04T05:54:55.058522,4.196,1.328,1.270,-0.565
2025-12-04T05:54:55.090209,4.197,1.327,1.270,-0.588
2025-12-04T05:54:55.119521,4.197,1.327,1.270,-0.611
2025-12-04T05:54:55.154149,4.198,1.326,1.270,-0.634
2025-12-04T05:54:55.185541,4.199,1.326,1.270,-0.656
2025-12-04T05:54:55.214569,4.199,1.325,1.270,-0.677
2025-12-04T05:54:55.249478,4.200,1.325,1.270,-0.698
2025-12-04T05:54:55.279417,4.201,1.306,1.270,-0.698
2025-12-04T05:54:55.313421,4.201,1.288,1.270,-0.698
2025-12-04T05:54:55.347208,4.202,1.269,1.270,-0.698
2025-12-04T05:54:55.378224,4.203,1.250,1.270,-0.698
2025-12-04T05:54:55.411456,4.204,1.231,1.270,-0.698
2025-12-04T05:54:55.442470,4.205,1.212,1.270,-0.698
2025-12-04T05:54:55.472848,4.206,1.193,1.270,-0.698
2025-12-04T05:54:55.505425,4.206,1.174,1.270,-0.698
2025-12-04T05:54:55.537869,4.207,1.155,1.270,-0.698
2025-12-04T05:54:55.568873,4.208,1.136,1.270,-0.698
2025-12-04T05:54:55.602801,4.209,1.116,1.270,-0.698
2025-12-04T05:54:55.638223,4.209,1.097,1.270,-0.698
2025-12-04T05:54:55.671104,4.210,1.077,1.270,-0.698
2025-12-04T05:54:55.703765,4.211,1.058,1.270,-0.698
2025-12-04T05:54:55.734271,4.211,1.038,1.270,-0.698
2025-12-04T05:54:55.765005,4.212,1.018,1.270,-0.698
2025-12-04T05:54:55.798429,4.213,0.998,1.270,-0.698
2025-12-04T05:54:55.831655,4.213,0.979,1.270,-0.698
2025-12-04T05:54:55.863980,4.214,0.959,1.270,-0.698
2025-12-04T05:54:55.899502,4.215,0.939,1.270,-0.698
2025-12-04T05:54:55.931249,4.215,0.919,1.270,-0.698
2025-12-04T05:54:55.964899,4.216,0.899,1.270,-0.698
2025-12-04T05:54:55.997375,4.217,0.879,1.270,-0.698
2025-12-04T05:54:56.027078,4.217,0.859,1.270,-0.698
2025-12-04T05:54:56.060288,4.218,0.839,1.270,-0.698
2025-12-04T05:54:56.094220,4.218,0.819,1.270,-0.698
2025-12-04T05:54:56.125773,4.219,0.799,1.270,-0.698
2025-12-04T05:54:56.159974,4.219,0.779,1.270,-0.698
2025-12-04T05:54:56.194339,4.220,0.760,1.270,-0.698
2025-12-04T05:54:56.225310,4.221,0.740,1.270,-0.698
2025-12-04T05:54:56.256392,4.222,0.721,1.270,-0.698
2025-12-04T05:54:56.288954,4.222,0.702,1.270,-0.698
2025-12-04T05:54:56.320351,4.223,0.683,1.270,-0.698
2025-12-04T05:54:56.354100,4.224,0.665,1.270,-0.698
2025-12-04T05:54:56.384546,4.225,0.646,1.270,-0.698
2025-12-04T05:54:56.418347,4.226,0.627,1.270,-0.698
2025-12-04T05:54:56.449742,4.226,0.608,1.270,-0.698
2025-12-04T05:54:56.483719,4.227,0.589,1.270,-0.698
2025-12-04T05:54:56.514698,4.228,0.571,1.270,-0.698
2025-12-04T05:54:56.546578,4.229,0.552,1.270,-0.698
2025-12-04T05:54:56.576062,4.229,0.534,1.270,-0.698
2025-12-04T05:54:56.609434,4.230,0.515,1.270,-0.698
2025-12-04T05:54:56.642671,4.230,0.496,1.270,-0.698
2025-12-04T05:54:56.677168,4.230,0.477,1.270,-0.698
2025-12-04T05:54:56.711203,4.231,0.458,1.270,-0.698
2025-12-04T05:54:56.760948,4.231,0.439,1.270,-0.698
2025-12-04T05:54:56.778389,4.231,0.420,1.270,-0.698
2025-12-04T05:54:56.811667,4.231,0.401,1.270,-0.698
2025-12-04T05:54:56.841171,4.231,0.383,1.270,-0.698
2025-12-04T05:54:56.869427,4.231,0.365,1.270,-0.698
2025-12-04T05:54:56.901684,4.232,0.349,1.270,-0.698
2025-12-04T05:54:56.934600,4.233,0.333,1.270,-0.698
2025-12-04T05:54:56.965280,4.234,0.317,1.270,-0.698
2025-12-04T05:54:56.998047,4.235,0.302,1.270,-0.698
2025-12-04T05:54:57.032325,4.236,0.287,1.270,-0.698
2025-12-04T05:54:57.063601,4.238,0.273,1.270,-0.698
2025-12-04T05:54:57.099125,4.239,0.259,1.270,-0.698
2025-12-04T05:54:57.128527,4.240,0.248,1.270,-0.698
2025-12-04T05:54:57.160507,4.241,0.238,1.270,-0.698
2025-12-04T05:54:57.194279,4.242,0.228,1.270,-0.698
2025-12-04T05:54:57.225727,4.242,0.218,1.270,-0.698
2025-12-04T05:54:57.256494,4.242,0.207,1.270,-0.698
2025-12-04T05:54:57.291631,4.242,0.196,1.270,-0.698
2025-12-04T05:54:57.326531,4.241,0.186,1.270,-0.698
2025-12-04T05:54:57.358823,4.240,0.175,1.270,-0.698
2025-12-04T05:54:57.389617,4.240,0.165,1.270,-0.698
2025-12-04T05:54:57.419219,4.240,0.155,1.270,-0.698
2025-12-04T05:54:57.448894,4.239,0.147,1.270,-0.698
2025-12-04T05:54:57.482799,4.240,0.137,1.270,-0.698
2025-12-04T05:54:57.511665,4.240,0.127,1.270,-0.698
2025-12-04T05:54:57.546013,4.240,0.116,1.270,-0.698
2025-12-04T05:54:57.578933,4.236,0.106,1.270,-0.698
2025-12-04T05:54:57.611252,4.231,0.095,1.270,-0.698
2025-12-04T05:54:57.642268,4.225,0.083,1.270,-0.698
2025-12-04T05:54:57.673798,4.225,0.070,1.270,-0.698
2025-12-04T05:54:57.705530,4.224,0.056,1.270,-0.698
2025-12-04T05:54:57.738803,4.222,0.041,1.270,-0.698
2025-12-04T05:54:57.771300,4.220,0.026,1.270,-0.698
2025-12-04T05:54:57.804988,4.219,0.010,1.270,-0.698
2025-12-04T05:54:57.839664,4.217,-0.008,1.270,-0.698
2025-12-04T05:54:57.872794,4.215,-0.026,1.270,-0.698
2025-12-04T05:54:57.914927,4.213,-0.045,1.270,-0.698
2025-12-04T05:54:57.940562,4.210,-0.064,1.270,-0.698
2025-12-04T05:54:57.968449,4.208,-0.084,1.270,-0.698
2025-12-04T05:54:57.999758,4.206,-0.104,1.270,-0.698
2025-12-04T05:54:58.033006,4.204,-0.125,1.270,-0.698
2025-12-04T05:54:58.062591,4.201,-0.147,1.270,-0.698
2025-12-04T05:54:58.096979,4.199,-0.169,1.270,-0.698
2025-12-04T05:54:58.125997,4.196,-0.191,1.270,-0.698
2025-12-04T05:54:58.162620,4.193,-0.214,1.270,-0.698
2025-12-04T05:54:58.197133,4.189,-0.237,1.270,-0.698
2025-12-04T05:54:58.230103,4.186,-0.260,1.270,-0.698
2025-12-04T05:54:58.262713,4.183,-0.284,1.270,-0.698
2025-12-04T05:54:58.294297,4.179,-0.306,1.270,-0.698
2025-12-04T05:54:58.328203,4.174,-0.329,1.270,-0.698
2025-12-04T05:54:58.358532,4.170,-0.351,1.270,-0.698
2025-12-04T05:54:58.392758,4.165,-0.373,1.270,-0.698
2025-12-04T05:54:58.424120,4.161,-0.390,1.270,-0.698
2025-12-04T05:54:58.454738,4.159,-0.401,1.270,-0.698
2025-12-04T05:54:58.488957,4.157,-0.409,1.270,-0.698
2025-12-04T05:54:58.520397,4.155,-0.416,1.270,-0.698
2025-12-04T05:54:58.559330,4.153,-0.421,1.270,-0.698
2025-12-04T05:54:58.585771,4.150,-0.426,1.270,-0.698
2025-12-04T05:54:58.618050,4.148,-0.431,1.270,-0.698
2025-12-04T05:54:58.651821,4.146,-0.436,1.270,-0.698
2025-12-04T05:54:58.682100,4.143,-0.441,1.270,-0.698
2025-12-04T05:54:58.713220,4.141,-0.446,1.270,-0.698
2025-12-04T05:54:58.747167,4.139,-0.451,1.270,-0.698
2025-12-04T05:54:58.779804,4.140,-0.452,1.270,-0.698
2025-12-04T05:54:58.815445,4.140,-0.456,1.270,-0.698
2025-12-04T05:54:58.850943,4.139,-0.459,1.270,-0.698
2025-12-04T05:54:58.882016,4.139,-0.463,1.270,-0.698
2025-12-04T05:54:58.914122,4.139,-0.468,1.270,-0.698
2025-12-04T05:54:58.945460,4.142,-0.469,1.270,-0.698
2025-12-04T05:54:58.976657,4.145,-0.473,1.270,-0.698
2025-12-04T05:54:59.009961,4.149,-0.478,1.270,-0.698
2025-12-04T05:54:59.041600,4.154,-0.479,1.270,-0.698
2025-12-04T05:54:59.077227,4.159,-0.484,1.270,-0.698
2025-12-04T05:54:59.108432,4.164,-0.490,1.270,-0.698
2025-12-04T05:54:59.141413,4.171,-0.492,1.270,-0.698
2025-12-04T05:54:59.172344,4.176,-0.498,1.270,-0.698
2025-12-04T05:54:59.204437,4.184,-0.502,1.270,-0.698
2025-12-04T05:54:59.237504,4.188,-0.510,1.270,-0.698
2025-12-04T05:54:59.270834,4.194,-0.516,1.270,-0.698
2025-12-04T05:54:59.301924,4.197,-0.525,1.270,-0.698
2025-12-04T05:54:59.334594,4.201,-0.534,1.270,-0.698
2025-12-04T05:54:59.364930,4.206,-0.541,1.270,-0.698
2025-12-04T05:54:59.397659,4.208,-0.549,1.270,-0.698
2025-12-04T05:54:59.431094,4.208,-0.558,1.270,-0.698
2025-12-04T05:54:59.463551,4.208,-0.567,1.270,-0.698
2025-12-04T05:54:59.493462,4.206,-0.577,1.270,-0.698
2025-12-04T05:54:59.527179,4.203,-0.588,1.270,-0.698
2025-12-04T05:54:59.559224,4.201,-0.598,1.270,-0.698
2025-12-04T05:54:59.597208,4.198,-0.610,1.270,-0.698
2025-12-04T05:54:59.632222,4.198,-0.622,1.270,-0.698
2025-12-04T05:54:59.663244,4.203,-0.634,1.270,-0.698
2025-12-04T05:54:59.694214,4.209,-0.645,1.270,-0.698
2025-12-04T05:54:59.727197,4.217,-0.656,1.270,-0.698
2025-12-04T05:54:59.758103,4.223,-0.666,1.270,-0.698
2025-12-04T05:54:59.791867,4.229,-0.678,1.270,-0.698
2025-12-04T05:54:59.822231,4.235,-0.689,1.270,-0.698
2025-12-04T05:54:59.854564,4.241,-0.700,1.270,-0.698
2025-12-04T05:54:59.886911,4.248,-0.710,1.270,-0.698
2025-12-04T05:54:59.926843,4.255,-0.718,1.270,-0.698
2025-12-04T05:54:59.954729,4.263,-0.724,1.270,-0.698
2025-12-04T05:54:59.993594,4.271,-0.730,1.270,-0.698
2025-12-04T05:55:00.026288,4.280,-0.738,1.270,-0.698
2025-12-04T05:55:00.058439,4.290,-0.747,1.270,-0.698
2025-12-04T05:55:00.089913,4.300,-0.754,1.270,-0.698
2025-12-04T05:55:00.119656,4.308,-0.760,1.270,-0.698
2025-12-04T05:55:00.151927,4.313,-0.766,1.270,-0.698
2025-12-04T05:55:00.184085,4.319,-0.771,1.270,-0.698
2025-12-04T05:55:00.217180,4.323,-0.776,1.270,-0.698
2025-12-04T05:55:00.254084,4.328,-0.782,1.270,-0.698
2025-12-04T05:55:00.284388,4.332,-0.787,1.270,-0.698
2025-12-04T05:55:00.317333,4.337,-0.793,1.270,-0.698
2025-12-04T05:55:00.347568,4.340,-0.797,1.270,-0.698
2025-12-04T05:55:00.376286,4.342,-0.802,1.270,-0.698
2025-12-04T05:55:00.408364,4.345,-0.804,1.270,-0.698
2025-12-04T05:55:00.442272,4.349,-0.810,1.270,-0.698
2025-12-04T05:55:00.473508,4.350,-0.799,1.270,-0.677
2025-12-04T05:55:00.507598,4.352,-0.790,1.270,-0.656
2025-12-04T05:55:00.543058,4.354,-0.780,1.270,-0.634
2025-12-04T05:55:00.574994,4.353,-0.771,1.270,-0.611
2025-12-04T05:55:00.607977,4.352,-0.760,1.270,-0.588
2025-12-04T05:55:00.641601,4.349,-0.749,1.270,-0.565
2025-12-04T05:55:00.673949,4.345,-0.738,1.270,-0.541
2025-12-04T05:55:00.707281,4.339,-0.724,1.270,-0.516
2025-12-04T05:55:00.734342,4.341,-0.717,1.270,-0.491
2025-12-04T05:55:00.766680,4.341,-0.709,1.270,-0.466
2025-12-04T05:55:00.802927,4.339,-0.699,1.270,-0.440
2025-12-04T05:55:00.834844,4.337,-0.691,1.270,-0.414
2025-12-04T05:55:00.869232,4.332,-0.680,1.270,-0.388
2025-12-04T05:55:00.903314,4.330,-0.673,1.270,-0.361
2025-12-04T05:55:00.935763,4.325,-0.663,1.270,-0.334
2025-12-04T05:55:00.966898,4.323,-0.656,1.270,-0.307
2025-12-04T05:55:00.995988,4.325,-0.654,1.270,-0.279
2025-12-04T05:55:01.027434,4.331,-0.655,1.270,-0.252
2025-12-04T05:55:01.059810,4.338,-0.657,1.270,-0.224
2025-12-04T05:55:01.093655,4.344,-0.658,1.270,-0.196
2025-12-04T05:55:01.125393,4.349,-0.659,1.270,-0.167
2025-12-04T05:55:01.158381,4.356,-0.662,1.270,-0.139
2025-12-04T05:55:01.193867,4.361,-0.662,1.270,-0.110
2025-12-04T05:55:01.227061,4.366,-0.664,1.270,-0.082
2025-12-04T05:55:01.257653,4.371,-0.665,1.270,-0.053
2025-12-04T05:55:01.290195,4.376,-0.667,1.270,-0.024
2025-12-04T05:55:01.319358,4.380,-0.668,1.270,0.005
2025-12-04T05:55:01.350040,4.384,-0.669,1.270,0.034
2025-12-04T05:55:01.381783,4.388,-0.670,1.270,0.062
2025-12-04T05:55:01.413174,4.391,-0.672,1.270,0.091
2025-12-04T05:55:01.444450,4.394,-0.673,1.270,0.120
2025-12-04T05:55:01.478571,4.398,-0.673,1.270,0.148
2025-12-04T05:55:01.510222,4.400,-0.674,1.270,0.177
2025-12-04T05:55:01.545476,4.403,-0.675,1.270,0.205
2025-12-04T05:55:01.578454,4.406,-0.676,1.270,0.233
2025-12-04T05:55:01.611269,4.406,-0.671,1.270,0.261
2025-12-04T05:55:01.646348,4.406,-0.667,1.270,0.289
2025-12-04T05:55:01.677552,4.406,-0.663,1.270,0.316
2025-12-04T05:55:01.715143,4.406,-0.660,1.270,0.343
2025-12-04T05:55:01.737304,4.407,-0.657,1.270,0.370
2025-12-04T05:55:01.768981,4.409,-0.656,1.270,0.397
2025-12-04T05:55:01.802277,4.411,-0.654,1.270,0.423
2025-12-04T05:55:01.835388,4.412,-0.653,1.270,0.449
2025-12-04T05:55:01.866352,4.414,-0.652,1.270,0.474
2025-12-04T05:55:01.899114,4.415,-0.650,1.270,0.500
2025-12-04T05:55:01.929968,4.417,-0.650,1.270,0.524
2025-12-04T05:55:01.964388,4.418,-0.649,1.270,0.549
2025-12-04T05:55:01.999121,4.420,-0.648,1.270,0.573
2025-12-04T05:55:02.033161,4.421,-0.647,1.270,0.596
2025-12-04T05:55:02.063685,4.422,-0.647,1.270,0.619
2025-12-04T05:55:02.096893,4.424,-0.646,1.270,0.641
2025-12-04T05:55:02.129266,4.426,-0.646,1.270,0.663
2025-12-04T05:55:02.159932,4.429,-0.646,1.270,0.684
2025-12-04T05:55:02.195519,4.432,-0.646,1.270,0.705
2025-12-04T05:55:02.225689,4.435,-0.646,1.270,0.725
2025-12-04T05:55:02.260256,4.439,-0.646,1.270,0.745
2025-12-04T05:55:02.294594,4.443,-0.646,1.270,0.764
2025-12-04T05:55:02.326264,4.447,-0.647,1.270,0.782
2025-12-04T05:55:02.358014,4.451,-0.647,1.270,0.799
2025-12-04T05:55:02.388078,4.456,-0.647,1.270,0.816
2025-12-04T05:55:02.420349,4.460,-0.647,1.270,0.833
2025-12-04T05:55:02.457959,4.464,-0.647,1.270,0.848
2025-12-04T05:55:02.488162,4.469,-0.648,1.270,0.863
2025-12-04T05:55:02.522850,4.473,-0.648,1.270,0.877
2025-12-04T05:55:02.553934,4.478,-0.649,1.270,0.891
2025-12-04T05:55:02.584668,4.485,-0.651,1.270,0.904
2025-12-04T05:55:02.616977,4.495,-0.652,1.270,0.916
2025-12-04T05:55:02.649535,4.505,-0.652,1.270,0.927
2025-12-04T05:55:02.681787,4.515,-0.652,1.270,0.937
2025-12-04T05:55:02.715118,4.526,-0.652,1.270,0.947
2025-12-04T05:55:02.748746,4.537,-0.652,1.270,0.956
2025-12-04T05:55:02.785045,4.547,-0.652,1.270,0.964
2025-12-04T05:55:02.813944,4.558,-0.653,1.270,0.971
2025-12-04T05:55:02.842933,4.569,-0.654,1.270,0.978
2025-12-04T05:55:02.873802,4.580,-0.654,1.270,0.983
2025-12-04T05:55:02.907810,4.591,-0.656,1.270,0.988
2025-12-04T05:55:02.939037,4.601,-0.657,1.270,0.992
2025-12-04T05:55:02.973821,4.610,-0.659,1.270,0.995
2025-12-04T05:55:03.007666,4.618,-0.660,1.270,0.998
2025-12-04T05:55:03.040039,4.627,-0.661,1.270,0.999
2025-12-04T05:55:03.073313,4.634,-0.662,1.270,1.000
2025-12-04T05:55:03.106980,4.641,-0.663,1.270,-1.000
2025-12-04T05:55:03.138876,4.648,-0.664,1.270,-0.999
2025-12-04T05:55:03.169106,4.654,-0.665,1.270,-0.997
2025-12-04T05:55:03.208057,4.660,-0.666,1.270,-0.995
2025-12-04T05:55:03.237363,4.665,-0.666,1.270,-0.991
2025-12-04T05:55:03.270664,4.670,-0.667,1.270,-0.987
2025-12-04T05:55:03.302557,4.675,-0.668,1.270,-0.982
2025-12-04T05:55:03.333443,4.679,-0.668,1.270,-0.976
2025-12-04T05:55:03.365911,4.684,-0.669,1.270,-0.969
2025-12-04T05:55:03.397466,4.688,-0.669,1.270,-0.962
2025-12-04T05:55:03.430175,4.691,-0.670,1.270,-0.954
2025-12-04T05:55:03.464581,4.695,-0.670,1.270,-0.944
2025-12-04T05:55:03.497324,4.698,-0.670,1.270,-0.935
2025-12-04T05:55:03.531125,4.701,-0.671,1.270,-0.924
2025-12-04T05:55:03.564391,4.704,-0.671,1.270,-0.913
2025-12-04T05:55:03.597858,4.706,-0.671,1.270,-0.900
2025-12-04T05:55:03.630183,4.709,-0.672,1.270,-0.888
2025-12-04T05:55:03.659808,4.711,-0.672,1.270,-0.874
2025-12-04T05:55:03.693843,4.713,-0.672,1.270,-0.860
2025-12-04T05:55:03.723421,4.715,-0.672,1.270,-0.844
2025-12-04T05:55:03.759180,4.717,-0.673,1.270,-0.829
2025-12-04T05:55:03.791053,4.719,-0.673,1.270,-0.812
2025-12-04T05:55:03.823811,4.720,-0.673,1.270,-0.795
2025-12-04T05:55:03.856106,4.722,-0.673,1.270,-0.777
2025-12-04T05:55:03.887466,4.723,-0.673,1.270,-0.759
2025-12-04T05:55:03.916323,4.725,-0.673,1.270,-0.740
2025-12-04T05:55:03.947383,4.726,-0.674,1.270,-0.720
2025-12-04T05:55:03.979448,4.727,-0.674,1.270,-0.700
2025-12-04T05:55:04.008606,4.728,-0.674,1.270,-0.679
2025-12-04T05:55:04.042010,4.729,-0.674,1.270,-0.658
2025-12-04T05:55:04.077080,4.730,-0.674,1.270,-0.636
2025-12-04T05:55:04.112673,4.731,-0.674,1.270,-0.613
2025-12-04T05:55:04.151679,4.732,-0.674,1.270,-0.590
2025-12-04T05:55:04.181626,4.728,-0.657,1.270,-0.590
2025-12-04T05:55:04.213986,4.723,-0.640,1.270,-0.590
2025-12-04T05:55:04.246674,4.718,-0.623,1.270,-0.590
2025-12-04T05:55:04.276316,4.713,-0.605,1.270,-0.590
2025-12-04T05:55:04.306385,4.708,-0.588,1.270,-0.590
2025-12-04T05:55:04.336695,4.703,-0.570,1.270,-0.590
2025-12-04T05:55:04.369309,4.697,-0.553,1.270,-0.590
2025-12-04T05:55:04.401294,4.691,-0.535,1.270,-0.590
2025-12-04T05:55:04.432858,4.686,-0.517,1.270,-0.590
2025-12-04T05:55:04.468402,4.680,-0.499,1.270,-0.590
2025-12-04T05:55:04.501025,4.674,-0.481,1.270,-0.590
2025-12-04T05:55:04.537836,4.669,-0.464,1.270,-0.590
2025-12-04T05:55:04.568468,4.663,-0.446,1.270,-0.590
2025-12-04T05:55:04.601532,4.657,-0.428,1.270,-0.590
2025-12-04T05:55:04.633983,4.652,-0.411,1.270,-0.590
2025-12-04T05:55:04.662036,4.646,-0.393,1.270,-0.590
2025-12-04T05:55:04.692339,4.641,-0.375,1.270,-0.590
2025-12-04T05:55:04.726547,4.636,-0.358,1.270,-0.590
2025-12-04T05:55:04.757162,4.630,-0.340,1.270,-0.590
2025-12-04T05:55:04.794753,4.625,-0.323,1.270,-0.590
2025-12-04T05:55:04.830035,4.620,-0.306,1.270,-0.590
2025-12-04T05:55:04.860617,4.614,-0.289,1.270,-0.590
2025-12-04T05:55:04.894429,4.609,-0.272,1.270,-0.590
2025-12-04T05:55:04.925627,4.603,-0.254,1.270,-0.590
2025-12-04T05:55:04.955389,4.597,-0.236,1.270,-0.590
2025-12-04T05:55:04.985148,4.591,-0.217,1.270,-0.590
2025-12-04T05:55:05.019254,4.585,-0.199,1.270,-0.590
2025-12-04T05:55:05.051357,4.580,-0.181,1.270,-0.590
2025-12-04T05:55:05.086922,4.575,-0.164,1.270,-0.590
2025-12-04T05:55:05.119846,4.570,-0.147,1.270,-0.590
2025-12-04T05:55:05.153972,4.565,-0.131,1.270,-0.590
2025-12-04T05:55:05.183461,4.561,-0.115,1.270,-0.590
2025-12-04T05:55:05.216348,4.557,-0.099,1.270,-0.590
2025-12-04T05:55:05.249198,4.552,-0.083,1.270,-0.590
2025-12-04T05:55:05.288279,4.548,-0.068,1.270,-0.590
2025-12-04T05:55:05.310476,4.544,-0.052,1.270,-0.590
2025-12-04T05:55:05.345055,4.540,-0.036,1.270,-0.590
2025-12-04T05:55:05.375537,4.535,-0.020,1.270,-0.590
2025-12-04T05:55:05.407141,4.531,-0.004,1.270,-0.590
2025-12-04T05:55:05.439154,4.526,0.012,1.270,-0.590
2025-12-04T05:55:05.473233,4.521,0.029,1.270,-0.590
2025-12-04T05:55:05.507470,4.517,0.046,1.270,-0.590
2025-12-04T05:55:05.539143,4.512,0.063,1.270,-0.590
2025-12-04T05:55:05.570760,4.507,0.080,1.270,-0.590
2025-12-04T05:55:05.601144,4.502,0.098,1.270,-0.590
2025-12-04T05:55:05.634490,4.496,0.115,1.270,-0.590
2025-12-04T05:55:05.668853,4.491,0.133,1.270,-0.590
2025-12-04T05:55:05.703334,4.486,0.151,1.270,-0.590
2025-12-04T05:55:05.735861,4.480,0.169,1.270,-0.590
2025-12-04T05:55:05.766780,4.475,0.187,1.270,-0.590
2025-12-04T05:55:05.798292,4.470,0.205,1.270,-0.590
2025-12-04T05:55:05.830173,4.464,0.223,1.270,-0.590
2025-12-04T05:55:05.863014,4.458,0.241,1.270,-0.590
2025-12-04T05:55:05.899758,4.453,0.259,1.270,-0.590
2025-12-04T05:55:05.932662,4.447,0.278,1.270,-0.590
2025-12-04T05:55:05.963385,4.441,0.296,1.270,-0.590
2025-12-04T05:55:05.996791,4.436,0.315,1.270,-0.590
2025-12-04T05:55:06.024973,4.430,0.333,1.270,-0.590
2025-12-04T05:55:06.056043,4.424,0.352,1.270,-0.590
2025-12-04T05:55:06.090772,4.418,0.371,1.270,-0.590
2025-12-04T05:55:06.124108,4.413,0.390,1.270,-0.590
2025-12-04T05:55:06.157804,4.407,0.409,1.270,-0.590
2025-12-04T05:55:06.191399,4.401,0.427,1.270,-0.590
2025-12-04T05:55:06.224366,4.395,0.446,1.270,-0.590
2025-12-04T05:55:06.256652,4.389,0.464,1.270,-0.590
2025-12-04T05:55:06.290297,4.383,0.483,1.270,-0.590
2025-12-04T05:55:06.319440,4.377,0.501,1.270,-0.590
2025-12-04T05:55:06.353555,4.371,0.519,1.270,-0.590
2025-12-04T05:55:06.386338,4.365,0.537,1.270,-0.590
2025-12-04T05:55:06.419435,4.359,0.556,1.270,-0.590
2025-12-04T05:55:06.456035,4.353,0.574,1.270,-0.590
2025-12-04T05:55:06.485403,4.346,0.592,1.270,-0.590
2025-12-04T05:55:06.515185,4.340,0.611,1.270,-0.590
2025-12-04T05:55:06.550496,4.334,0.630,1.270,-0.590
2025-12-04T05:55:06.581600,4.328,0.648,1.270,-0.590
2025-12-04T05:55:06.612661,4.322,0.667,1.270,-0.590
2025-12-04T05:55:06.644431,4.316,0.686,1.270,-0.590
2025-12-04T05:55:06.678213,4.310,0.705,1.270,-0.590
2025-12-04T05:55:06.714554,4.304,0.723,1.270,-0.590
2025-12-04T05:55:06.750044,4.298,0.742,1.270,-0.590
2025-12-04T05:55:06.781935,4.292,0.761,1.270,-0.590
2025-12-04T05:55:06.814335,4.285,0.780,1.270,-0.590
2025-12-04T05:55:06.846086,4.279,0.799,1.270,-0.590
2025-12-04T05:55:06.876718,4.273,0.818,1.270,-0.590
2025-12-04T05:55:06.905885,4.267,0.837,1.270,-0.590
2025-12-04T05:55:06.939849,4.261,0.856,1.270,-0.590
2025-12-04T05:55:06.974202,4.255,0.876,1.270,-0.590
2025-12-04T05:55:07.006912,4.248,0.895,1.270,-0.590
2025-12-04T05:55:07.041770,4.242,0.914,1.270,-0.590
2025-12-04T05:55:07.074162,4.236,0.933,1.270,-0.590
2025-12-04T05:55:07.103114,4.230,0.952,1.270,-0.590
2025-12-04T05:55:07.134454,4.224,0.972,1.270,-0.590
2025-12-04T05:55:07.165801,4.218,0.991,1.270,-0.590
2025-12-04T05:55:07.194249,4.211,1.010,1.270,-0.590
2025-12-04T05:55:07.226994,4.205,1.030,1.270,-0.590
2025-12-04T05:55:07.257279,4.199,1.049,1.270,-0.590
2025-12-04T05:55:07.292888,4.193,1.068,1.270,-0.590
2025-12-04T05:55:07.327792,4.187,1.088,1.270,-0.590
2025-12-04T05:55:07.363876,4.180,1.107,1.270,-0.590
2025-12-04T05:55:07.394629,4.174,1.126,1.270,-0.590
2025-12-04T05:55:07.424382,4.168,1.146,1.270,-0.590
2025-12-04T05:55:07.460017,4.162,1.165,1.270,-0.590
2025-12-04T05:55:07.491286,4.156,1.184,1.270,-0.590
2025-12-04T05:55:07.521819,4.149,1.204,1.270,-0.590
2025-12-04T05:55:07.554604,4.144,1.223,1.270,-0.590
2025-12-04T05:55:07.589073,4.138,1.242,1.270,-0.590
2025-12-04T05:55:07.623438,4.132,1.260,1.270,-0.590
2025-12-04T05:55:07.651936,4.127,1.279,1.270,-0.590
2025-12-04T05:55:07.682934,4.122,1.298,1.270,-0.590
2025-12-04T05:55:07.716048,4.117,1.316,1.270,-0.590
2025-12-04T05:55:07.746508,4.112,1.335,1.270,-0.590
2025-12-04T05:55:07.778816,4.108,1.353,1.270,-0.590
2025-12-04T05:55:07.811214,4.103,1.372,1.270,-0.590
2025-12-04T05:55:07.842176,4.098,1.391,1.270,-0.590
2025-12-04T05:55:07.877628,4.094,1.409,1.270,-0.590
2025-12-04T05:55:07.908062,4.090,1.428,1.270,-0.590
2025-12-04T05:55:07.944789,4.085,1.447,1.270,-0.590
2025-12-04T05:55:07.978756,4.081,1.465,1.270,-0.590
2025-12-04T05:55:08.010143,4.077,1.484,1.270,-0.590
2025-12-04T05:55:08.043665,4.074,1.503,1.270,-0.590
2025-12-04T05:55:08.075675,4.070,1.522,1.270,-0.590
2025-12-04T05:55:08.108505,4.066,1.542,1.270,-0.590
2025-12-04T05:55:08.145230,4.062,1.561,1.270,-0.590
2025-12-04T05:55:08.169041,4.057,1.580,1.270,-0.590
2025-12-04T05:55:08.202513,4.050,1.599,1.270,-0.590
2025-12-04T05:55:08.234715,4.045,1.620,1.270,-0.590
2025-12-04T05:55:08.264021,4.041,1.640,1.270,-0.590
2025-12-04T05:55:08.298521,4.036,1.660,1.270,-0.590
2025-12-04T05:55:08.330805,4.032,1.680,1.270,-0.590
2025-12-04T05:55:08.363441,4.026,1.699,1.270,-0.590
2025-12-04T05:55:08.401038,4.024,1.719,1.270,-0.590
2025-12-04T05:55:08.432935,4.023,1.735,1.270,-0.590
2025-12-04T05:55:08.466867,4.021,1.756,1.270,-0.590
2025-12-04T05:55:08.497568,4.020,1.775,1.270,-0.590
2025-12-04T05:55:08.527752,4.019,1.791,1.270,-0.590
2025-12-04T05:55:08.558685,4.018,1.811,1.270,-0.590
2025-12-04T05:55:08.592898,4.017,1.831,1.270,-0.590
2025-12-04T05:55:08.626289,4.017,1.847,1.270,-0.590
2025-12-04T05:55:08.659881,4.016,1.867,1.270,-0.590
2025-12-04T05:55:08.694507,4.016,1.887,1.270,-0.590
2025-12-04T05:55:08.724484,4.016,1.903,1.270,-0.590
2025-12-04T05:55:08.758452,4.016,1.923,1.270,-0.590
2025-12-04T05:55:08.791181,4.016,1.942,1.270,-0.590
2025-12-04T05:55:08.819125,4.018,1.959,1.270,-0.590
2025-12-04T05:55:08.853754,4.020,1.974,1.270,-0.590
2025-12-04T05:55:08.884093,4.022,1.989,1.270,-0.590
2025-12-04T05:55:08.918381,4.023,2.007,1.270,-0.590
2025-12-04T05:55:08.950832,4.023,2.025,1.270,-0.590
2025-12-04T05:55:08.983402,4.024,2.043,1.270,-0.590
2025-12-04T05:55:09.014196,4.024,2.062,1.270,-0.590
2025-12-04T05:55:09.045192,4.024,2.080,1.270,-0.590
2025-12-04T05:55:09.079011,4.025,2.099,1.270,-0.590
2025-12-04T05:55:09.113615,4.025,2.118,1.270,-0.590
2025-12-04T05:55:09.150290,4.025,2.138,1.270,-0.590
2025-12-04T05:55:09.181771,4.025,2.157,1.270,-0.590
2025-12-04T05:55:09.212812,4.025,2.176,1.270,-0.590
2025-12-04T05:55:09.243130,4.025,2.194,1.270,-0.590
2025-12-04T05:55:09.272194,4.026,2.213,1.270,-0.590
2025-12-04T05:55:09.305097,4.027,2.231,1.270,-0.590
2025-12-04T05:55:09.338470,4.027,2.250,1.270,-0.590
2025-12-04T05:55:09.374009,4.033,2.251,1.270,-0.613
2025-12-04T05:55:09.404318,4.040,2.252,1.270,-0.636
2025-12-04T05:55:09.441381,4.046,2.253,1.270,-0.658
2025-12-04T05:55:09.470442,4.053,2.253,1.270,-0.679
2025-12-04T05:55:09.502082,4.060,2.254,1.270,-0.700
2025-12-04T05:55:09.533337,4.067,2.253,1.270,-0.720
2025-12-04T05:55:09.567401,4.075,2.253,1.270,-0.740
2025-12-04T05:55:09.598642,4.080,2.254,1.270,-0.759
2025-12-04T05:55:09.634365,4.084,2.254,1.270,-0.777
2025-12-04T05:55:09.666901,4.089,2.255,1.270,-0.795
2025-12-04T05:55:09.698743,4.098,2.255,1.270,-0.812
2025-12-04T05:55:09.731191,4.105,2.254,1.270,-0.829
2025-12-04T05:55:09.762658,4.112,2.254,1.270,-0.844
2025-12-04T05:55:09.795375,4.117,2.254,1.270,-0.860
2025-12-04T05:55:09.827354,4.118,2.255,1.270,-0.874
2025-12-04T05:55:09.859896,4.120,2.256,1.270,-0.888
2025-12-04T05:55:09.895672,4.121,2.258,1.270,-0.900
2025-12-04T05:55:09.929313,4.123,2.259,1.270,-0.913
2025-12-04T05:55:09.961400,4.124,2.260,1.270,-0.924
2025-12-04T05:55:09.997449,4.125,2.261,1.270,-0.935
2025-12-04T05:55:10.028074,4.126,2.262,1.270,-0.944
2025-12-04T05:55:10.058401,4.127,2.263,1.270,-0.954
2025-12-04T05:55:10.089444,4.128,2.264,1.270,-0.962
2025-12-04T05:55:10.122295,4.129,2.265,1.270,-0.969
2025-12-04T05:55:10.154395,4.129,2.265,1.270,-0.976
2025-12-04T05:55:10.183289,4.113,2.258,1.270,-0.976
2025-12-04T05:55:10.216735,4.097,2.250,1.270,-0.976
2025-12-04T05:55:10.254030,4.080,2.243,1.270,-0.976
2025-12-04T05:55:10.291096,4.064,2.235,1.270,-0.976
2025-12-04T05:55:10.318095,4.047,2.227,1.270,-0.976
2025-12-04T05:55:10.350199,4.030,2.219,1.270,-0.976
2025-12-04T05:55:10.383044,4.014,2.211,1.270,-0.976
2025-12-04T05:55:10.412399,3.996,2.203,1.270,-0.976
2025-12-04T05:55:10.445081,3.979,2.195,1.270,-0.976
2025-12-04T05:55:10.478068,3.962,2.187,1.270,-0.976
2025-12-04T05:55:10.510052,3.945,2.179,1.270,-0.976
2025-12-04T05:55:10.544297,3.927,2.171,1.270,-0.976
2025-12-04T05:55:10.579103,3.910,2.163,1.270,-0.976
2025-12-04T05:55:10.615334,3.892,2.155,1.270,-0.976
2025-12-04T05:55:10.646225,3.875,2.146,1.270,-0.976
2025-12-04T05:55:10.677408,3.857,2.138,1.270,-0.976
2025-12-04T05:55:10.716155,3.839,2.130,1.270,-0.976
2025-12-04T05:55:10.738608,3.822,2.121,1.270,-0.976
2025-12-04T05:55:10.771643,3.804,2.113,1.270,-0.976
2025-12-04T05:55:10.805504,3.786,2.105,1.270,-0.976
2025-12-04T05:55:10.841544,3.768,2.096,1.270,-0.976
2025-12-04T05:55:10.873945,3.750,2.088,1.270,-0.976
2025-12-04T05:55:10.906114,3.732,2.079,1.270,-0.976
2025-12-04T05:55:10.937220,3.714,2.071,1.270,-0.976
2025-12-04T05:55:10.969545,3.696,2.063,1.270,-0.976
2025-12-04T05:55:11.002120,3.678,2.054,1.270,-0.976
2025-12-04T05:55:11.033991,3.660,2.046,1.270,-0.976
2025-12-04T05:55:11.067081,3.642,2.037,1.270,-0.976
2025-12-04T05:55:11.101348,3.624,2.029,1.270,-0.976
2025-12-04T05:55:11.133887,3.605,2.020,1.270,-0.976
2025-12-04T05:55:11.164248,3.587,2.011,1.270,-0.976
2025-12-04T05:55:11.196389,3.569,2.003,1.270,-0.976
2025-12-04T05:55:11.228835,3.551,1.994,1.270,-0.976
2025-12-04T05:55:11.260059,3.532,1.986,1.270,-0.976
2025-12-04T05:55:11.295564,3.514,1.977,1.270,-0.976
2025-12-04T05:55:11.327294,3.496,1.968,1.270,-0.976
2025-12-04T05:55:11.360194,3.477,1.960,1.270,-0.976
2025-12-04T05:55:11.390237,3.459,1.951,1.270,-0.976
2025-12-04T05:55:11.423226,3.441,1.943,1.270,-0.976
2025-12-04T05:55:11.454945,3.422,1.934,1.270,-0.976
2025-12-04T05:55:11.485993,3.404,1.925,1.270,-0.976
2025-12-04T05:55:11.519248,3.385,1.917,1.270,-0.976
2025-12-04T05:55:11.557312,3.367,1.908,1.270,-0.976
2025-12-04T05:55:11.588364,3.349,1.899,1.270,-0.976
2025-12-04T05:55:11.623336,3.330,1.891,1.270,-0.976
2025-12-04T05:55:11.654861,3.312,1.882,1.270,-0.976
2025-12-04T05:55:11.685345,3.293,1.873,1.270,-0.976
2025-12-04T05:55:11.718261,3.275,1.865,1.270,-0.976
2025-12-04T05:55:11.746541,3.256,1.856,1.270,-0.976
2025-12-04T05:55:11.778942,3.238,1.847,1.270,-0.976
2025-12-04T05:55:11.809923,3.219,1.839,1.270,-0.976
2025-12-04T05:55:11.846365,3.201,1.830,1.270,-0.976
2025-12-04T05:55:11.884405,3.182,1.821,1.270,-0.976
2025-12-04T05:55:11.915974,3.164,1.813,1.270,-0.976
2025-12-04T05:55:11.948436,3.146,1.804,1.270,-0.976
2025-12-04T05:55:11.979092,3.127,1.795,1.270,-0.976
2025-12-04T05:55:12.009814,3.109,1.787,1.270,-0.976
2025-12-04T05:55:12.042511,3.090,1.778,1.270,-0.976
2025-12-04T05:55:12.073840,3.071,1.769,1.270,-0.976
2025-12-04T05:55:12.108237,3.053,1.761,1.270,-0.976
2025-12-04T05:55:12.141307,3.034,1.752,1.270,-0.976
2025-12-04T05:55:12.172697,3.016,1.743,1.270,-0.976
2025-12-04T05:55:12.206845,2.997,1.735,1.270,-0.976
2025-12-04T05:55:12.237417,2.979,1.726,1.270,-0.976
2025-12-04T05:55:12.270238,2.960,1.717,1.270,-0.976
2025-12-04T05:55:12.302606,2.942,1.708,1.270,-0.976
2025-12-04T05:55:12.338101,2.923,1.700,1.270,-0.976
2025-12-04T05:55:12.370681,2.905,1.691,1.270,-0.976
2025-12-04T05:55:12.402398,2.886,1.682,1.270,-0.976
2025-12-04T05:55:12.430777,2.868,1.674,1.270,-0.976
2025-12-04T05:55:12.462677,2.849,1.665,1.270,-0.976
2025-12-04T05:55:12.495172,2.831,1.656,1.270,-0.976
2025-12-04T05:55:12.526716,2.812,1.647,1.270,-0.976
2025-12-04T05:55:12.560891,2.794,1.639,1.270,-0.976
2025-12-04T05:55:12.594380,2.775,1.630,1.270,-0.976
2025-12-04T05:55:12.628577,2.756,1.621,1.270,-0.976
2025-12-04T05:55:12.659084,2.738,1.613,1.270,-0.976
2025-12-04T05:55:12.695196,2.719,1.604,1.270,-0.976
2025-12-04T05:55:12.727390,2.701,1.595,1.270,-0.976
2025-12-04T05:55:12.759207,2.682,1.586,1.270,-0.976
2025-12-04T05:55:12.794507,2.664,1.578,1.270,-0.976
2025-12-04T05:55:12.826317,2.645,1.569,1.270,-0.976
2025-12-04T05:55:12.858040,2.627,1.560,1.270,-0.976
2025-12-04T05:55:12.890243,2.608,1.552,1.270,-0.976
2025-12-04T05:55:12.918754,2.590,1.543,1.270,-0.976
2025-12-04T05:55:12.953506,2.571,1.534,1.270,-0.976
2025-12-04T05:55:12.984099,2.552,1.525,1.270,-0.976
2025-12-04T05:55:13.017874,2.534,1.517,1.270,-0.976
2025-12-04T05:55:13.054425,2.515,1.508,1.270,-0.976
2025-12-04T05:55:13.084616,2.497,1.499,1.270,-0.976
2025-12-04T05:55:13.117712,2.478,1.491,1.270,-0.976
2025-12-04T05:55:13.148960,2.460,1.482,1.270,-0.976
2025-12-04T05:55:13.177358,2.441,1.473,1.270,-0.976
2025-12-04T05:55:13.211900,2.423,1.464,1.270,-0.976
2025-12-04T05:55:13.241725,2.404,1.456,1.270,-0.976
2025-12-04T05:55:13.273328,2.385,1.447,1.270,-0.976
2025-12-04T05:55:13.307512,2.367,1.438,1.270,-0.976
2025-12-04T05:55:13.341167,2.348,1.430,1.270,-0.976
2025-12-04T05:55:13.376292,2.330,1.421,1.270,-0.976
2025-12-04T05:55:13.408075,2.327,1.420,1.270,-0.969
2025-12-04T05:55:13.440450,2.325,1.419,1.270,-0.962
2025-12-04T05:55:13.471157,2.323,1.418,1.270,-0.954
2025-12-04T05:55:13.504084,2.321,1.417,1.270,-0.944
2025-12-04T05:55:13.534316,2.319,1.416,1.270,-0.935
2025-12-04T05:55:13.565835,2.318,1.415,1.270,-0.924
2025-12-04T05:55:13.598958,2.316,1.414,1.270,-0.913
2025-12-04T05:55:13.636794,2.315,1.414,1.270,-0.900
2025-12-04T05:55:13.669251,2.313,1.413,1.270,-0.888
2025-12-04T05:55:13.703034,2.312,1.413,1.270,-0.874
2025-12-04T05:55:13.738640,2.311,1.412,1.270,-0.860
2025-12-04T05:55:13.765289,2.310,1.411,1.270,-0.844
2025-12-04T05:55:13.795546,2.309,1.411,1.270,-0.829
2025-12-04T05:55:13.822933,2.308,1.410,1.270,-0.812
2025-12-04T05:55:13.851586,2.307,1.410,1.270,-0.795
2025-12-04T05:55:13.883733,2.306,1.410,1.270,-0.777
2025-12-04T05:55:13.914595,2.305,1.409,1.270,-0.759
2025-12-04T05:55:13.945122,2.304,1.409,1.270,-0.740
2025-12-04T05:55:13.978832,2.304,1.409,1.270,-0.720
2025-12-04T05:55:14.011152,2.303,1.408,1.270,-0.700
2025-12-04T05:55:14.046738,2.302,1.408,1.270,-0.679
2025-12-04T05:55:14.076031,2.302,1.408,1.270,-0.700
2025-12-04T05:55:14.109137,2.301,1.407,1.270,-0.720
2025-12-04T05:55:14.142072,2.301,1.407,1.270,-0.740
2025-12-04T05:55:14.171540,2.300,1.407,1.270,-0.759
2025-12-04T05:55:14.203010,2.300,1.407,1.270,-0.777
2025-12-04T05:55:14.235668,2.299,1.407,1.270,-0.795
2025-12-04T05:55:14.266842,2.299,1.406,1.270,-0.812
2025-12-04T05:55:14.302396,2.299,1.406,1.270,-0.829
2025-12-04T05:55:14.339753,2.298,1.406,1.270,-0.844
2025-12-04T05:55:14.371515,2.298,1.406,1.270,-0.860
2025-12-04T05:55:14.402978,2.298,1.406,1.270,-0.874
2025-12-04T05:55:14.433873,2.297,1.406,1.270,-0.888
2025-12-04T05:55:14.463943,2.297,1.406,1.270,-0.900
2025-12-04T05:55:14.497756,2.297,1.405,1.270,-0.913
2025-12-04T05:55:14.530410,2.297,1.405,1.270,-0.924
2025-12-04T05:55:14.567957,2.296,1.405,1.270,-0.935
2025-12-04T05:55:14.597341,2.296,1.405,1.270,-0.944
2025-12-04T05:55:14.630960,2.296,1.405,1.270,-0.954
2025-12-04T05:55:14.661527,2.296,1.405,1.270,-0.962
2025-12-04T05:55:14.691773,2.296,1.405,1.270,-0.969
2025-12-04T05:55:14.718534,2.295,1.405,1.270,-0.976
2025-12-04T05:55:14.750630,2.295,1.405,1.270,-0.982
2025-12-04T05:55:14.783367,2.295,1.405,1.270,-0.987
2025-12-04T05:55:14.819051,2.295,1.405,1.270,-0.991
2025-12-04T05:55:14.854992,2.295,1.405,1.270,-0.995
2025-12-04T05:55:14.887390,2.295,1.404,1.270,-0.997
2025-12-04T05:55:14.917239,2.295,1.404,1.270,-0.999
2025-12-04T05:55:14.948286,2.295,1.404,1.270,-1.000
2025-12-04T05:55:14.978947,2.295,1.404,1.270,1.000
2025-12-04T05:55:15.010099,2.294,1.404,1.270,0.999
2025-12-04T05:55:15.045256,2.294,1.404,1.270,0.998
2025-12-04T05:55:15.078123,2.294,1.404,1.270,0.995
2025-12-04T05:55:15.108744,2.294,1.404,1.270,0.992
2025-12-04T05:55:15.143723,2.294,1.404,1.270,0.988
2025-12-04T05:55:15.174281,2.311,1.399,1.270,0.988
2025-12-04T05:55:15.207118,2.328,1.393,1.270,0.988
2025-12-04T05:55:15.239577,2.346,1.388,1.270,0.988
2025-12-04T05:55:15.269559,2.363,1.382,1.270,0.988
2025-12-04T05:55:15.302162,2.381,1.376,1.270,0.988
2025-12-04T05:55:15.334345,2.398,1.371,1.270,0.988
2025-12-04T05:55:15.364789,2.416,1.365,1.270,0.988
2025-12-04T05:55:15.397304,2.434,1.359,1.270,0.988
2025-12-04T05:55:15.431523,2.452,1.353,1.270,0.988
2025-12-04T05:55:15.465360,2.470,1.347,1.270,0.988
2025-12-04T05:55:15.501724,2.489,1.342,1.270,0.988
2025-12-04T05:55:15.534228,2.507,1.336,1.270,0.988
2025-12-04T05:55:15.561867,2.525,1.330,1.270,0.988
2025-12-04T05:55:15.593841,2.544,1.324,1.270,0.988
2025-12-04T05:55:15.625591,2.562,1.318,1.270,0.988
2025-12-04T05:55:15.656575,2.581,1.312,1.270,0.988
2025-12-04T05:55:15.690599,2.600,1.306,1.270,0.988
2025-12-04T05:55:15.722135,2.618,1.300,1.270,0.988
2025-12-04T05:55:15.756881,2.637,1.294,1.270,0.988
2025-12-04T05:55:15.791080,2.656,1.288,1.270,0.988
2025-12-04T05:55:15.823233,2.675,1.282,1.270,0.988
2025-12-04T05:55:15.854581,2.694,1.276,1.270,0.988
2025-12-04T05:55:15.885913,2.695,1.275,1.270,0.992
2025-12-04T05:55:15.918950,2.697,1.275,1.270,0.995
2025-12-04T05:55:15.956358,2.699,1.274,1.270,0.998
2025-12-04T05:55:16.023074,2.700,1.274,1.270,0.999
2025-12-04T05:55:16.066564,2.702,1.273,1.270,1.000
2025-12-04T05:55:16.109257,2.703,1.273,1.270,-1.000
2025-12-04T05:55:16.139612,2.704,1.272,1.270,-0.999
2025-12-04T05:55:16.166077,2.706,1.272,1.270,-0.997
2025-12-04T05:55:16.196428,2.707,1.271,1.270,-0.995
2025-12-04T05:55:16.224793,2.708,1.271,1.270,-0.991
2025-12-04T05:55:16.249168,2.709,1.271,1.270,-0.987
2025-12-04T05:55:16.279067,2.710,1.271,1.270,-0.982
2025-12-04T05:55:16.306538,2.711,1.270,1.270,-0.976
2025-12-04T05:55:16.334005,2.711,1.270,1.270,-0.969
2025-12-04T05:55:16.363422,2.712,1.270,1.270,-0.962
2025-12-04T05:55:16.392860,2.713,1.270,1.270,-0.954
2025-12-04T05:55:16.424054,2.713,1.269,1.270,-0.944
2025-12-04T05:55:16.458144,2.714,1.269,1.270,-0.935
2025-12-04T05:55:16.491549,2.715,1.269,1.270,-0.924
2025-12-04T05:55:16.521456,2.702,1.256,1.270,-0.924
2025-12-04T05:55:16.558019,2.690,1.243,1.270,-0.924
2025-12-04T05:55:16.589507,2.678,1.230,1.270,-0.924
2025-12-04T05:55:16.621354,2.665,1.218,1.270,-0.924
2025-12-04T05:55:16.653586,2.652,1.206,1.270,-0.924
2025-12-04T05:55:16.684049,2.640,1.195,1.270,-0.924
2025-12-04T05:55:16.712320,2.627,1.185,1.270,-0.924
2025-12-04T05:55:16.746583,2.613,1.176,1.270,-0.924
2025-12-04T05:55:16.779447,2.600,1.168,1.270,-0.924
2025-12-04T05:55:16.810712,2.586,1.162,1.270,-0.924
2025-12-04T05:55:16.842505,2.571,1.157,1.270,-0.924
2025-12-04T05:55:16.873589,2.556,1.152,1.270,-0.924
2025-12-04T05:55:16.905908,2.540,1.149,1.270,-0.924
2025-12-04T05:55:16.940742,2.524,1.146,1.270,-0.924
2025-12-04T05:55:16.975051,2.506,1.143,1.270,-0.924
2025-12-04T05:55:17.007128,2.488,1.141,1.270,-0.924
2025-12-04T05:55:17.036194,2.470,1.138,1.270,-0.924
2025-12-04T05:55:17.069610,2.452,1.135,1.270,-0.924
2025-12-04T05:55:17.101546,2.433,1.131,1.270,-0.924
2025-12-04T05:55:17.135012,2.415,1.127,1.270,-0.924
2025-12-04T05:55:17.167394,2.397,1.122,1.270,-0.924
2025-12-04T05:55:17.199950,2.379,1.117,1.270,-0.924
2025-12-04T05:55:17.233103,2.362,1.110,1.270,-0.924
2025-12-04T05:55:17.264885,2.344,1.104,1.270,-0.924
2025-12-04T05:55:17.297910,2.327,1.097,1.270,-0.924
2025-12-04T05:55:17.327031,2.322,1.102,1.270,-0.913
2025-12-04T05:55:17.358551,2.318,1.106,1.270,-0.900
2025-12-04T05:55:17.393097,2.314,1.111,1.270,-0.888
2025-12-04T05:55:17.426816,2.311,1.115,1.270,-0.874
2025-12-04T05:55:17.460192,2.307,1.119,1.270,-0.860
2025-12-04T05:55:17.494153,2.304,1.122,1.270,-0.844
2025-12-04T05:55:17.526342,2.301,1.125,1.270,-0.829
2025-12-04T05:55:17.558683,2.298,1.129,1.270,-0.812
2025-12-04T05:55:17.590416,2.296,1.132,1.270,-0.795
2025-12-04T05:55:17.618963,2.293,1.134,1.270,-0.777
2025-12-04T05:55:17.647820,2.291,1.137,1.270,-0.759
2025-12-04T05:55:17.680231,2.289,1.139,1.270,-0.740
2025-12-04T05:55:17.713473,2.287,1.142,1.270,-0.720
2025-12-04T05:55:17.745203,2.285,1.144,1.270,-0.700
2025-12-04T05:55:17.778446,2.283,1.146,1.270,-0.679
2025-12-04T05:55:17.811443,2.282,1.147,1.270,-0.658
2025-12-04T05:55:17.843415,2.280,1.149,1.270,-0.636
2025-12-04T05:55:17.872846,2.279,1.151,1.270,-0.613
2025-12-04T05:55:17.904665,2.277,1.152,1.270,-0.590
2025-12-04T05:55:17.938486,2.276,1.154,1.270,-0.567
2025-12-04T05:55:17.971211,2.275,1.155,1.270,-0.543
2025-12-04T05:55:18.006746,2.274,1.156,1.270,-0.518
2025-12-04T05:55:18.042028,2.273,1.157,1.270,-0.493
2025-12-04T05:55:18.073305,2.272,1.159,1.270,-0.468
2025-12-04T05:55:18.109813,2.271,1.160,1.270,-0.443
2025-12-04T05:55:18.136655,2.270,1.160,1.270,-0.417
2025-12-04T05:55:18.165474,2.269,1.161,1.270,-0.390
2025-12-04T05:55:18.204288,2.268,1.162,1.270,-0.363
2025-12-04T05:55:18.230726,2.268,1.163,1.270,-0.390
2025-12-04T05:55:18.262946,2.267,1.164,1.270,-0.417
2025-12-04T05:55:18.298227,2.266,1.164,1.270,-0.443
2025-12-04T05:55:18.330653,2.266,1.165,1.270,-0.468
2025-12-04T05:55:18.364920,2.265,1.166,1.270,-0.493
2025-12-04T05:55:18.397864,2.265,1.166,1.270,-0.518
2025-12-04T05:55:18.428295,2.264,1.167,1.270,-0.543
2025-12-04T05:55:18.460782,2.264,1.167,1.270,-0.567
2025-12-04T05:55:18.494394,2.263,1.168,1.270,-0.590
2025-12-04T05:55:18.526377,2.263,1.168,1.270,-0.613
2025-12-04T05:55:18.561094,2.263,1.168,1.270,-0.636
2025-12-04T05:55:18.594856,2.262,1.169,1.270,-0.658
2025-12-04T05:55:18.626016,2.262,1.169,1.270,-0.679
2025-12-04T05:55:18.658441,2.262,1.170,1.270,-0.700
2025-12-04T05:55:18.688965,2.261,1.170,1.270,-0.720
2025-12-04T05:55:18.721415,2.261,1.170,1.270,-0.740
2025-12-04T05:55:18.752536,2.261,1.170,1.270,-0.759
2025-12-04T05:55:18.785068,2.261,1.171,1.270,-0.777
2025-12-04T05:55:18.827024,2.260,1.171,1.270,-0.795
2025-12-04T05:55:18.854721,2.260,1.171,1.270,-0.812
2025-12-04T05:55:18.890861,2.260,1.171,1.270,-0.829
2025-12-04T05:55:18.922982,2.260,1.172,1.270,-0.844
2025-12-04T05:55:18.953117,2.260,1.172,1.270,-0.860
2025-12-04T05:55:18.988024,2.260,1.172,1.270,-0.874
2025-12-04T05:55:19.018442,2.259,1.172,1.270,-0.888
2025-12-04T05:55:19.052300,2.259,1.172,1.270,-0.900
2025-12-04T05:55:19.086353,2.259,1.172,1.270,-0.913
2025-12-04T05:55:19.118074,2.259,1.172,1.270,-0.924
2025-12-04T05:55:19.154915,2.259,1.173,1.270,-0.935
2025-12-04T05:55:19.191669,2.259,1.173,1.270,-0.944
2025-12-04T05:55:19.221644,2.259,1.173,1.270,-0.954
2025-12-04T05:55:19.254038,2.259,1.173,1.270,-0.962
2025-12-04T05:55:19.285144,2.259,1.173,1.270,-0.969
2025-12-04T05:55:19.314558,2.258,1.173,1.270,-0.976
2025-12-04T05:55:19.350071,2.258,1.173,1.270,-0.982
2025-12-04T05:55:19.380589,2.258,1.173,1.270,-0.987
2025-12-04T05:55:19.414283,2.258,1.173,1.270,-0.991
2025-12-04T05:55:19.449298,2.258,1.173,1.270,-0.995
2025-12-04T05:55:19.480544,2.241,1.170,1.270,-0.995
2025-12-04T05:55:19.513559,2.223,1.166,1.270,-0.995
2025-12-04T05:55:19.544385,2.205,1.162,1.270,-0.995
2025-12-04T05:55:19.572962,2.187,1.159,1.270,-0.995
2025-12-04T05:55:19.600797,2.169,1.155,1.270,-0.995
2025-12-04T05:55:19.635331,2.151,1.151,1.270,-0.995
2025-12-04T05:55:19.668900,2.132,1.147,1.270,-0.995
2025-12-04T05:55:19.703275,2.114,1.143,1.270,-0.995
2025-12-04T05:55:19.735473,2.095,1.139,1.270,-0.995
2025-12-04T05:55:19.766509,2.076,1.135,1.270,-0.995
2025-12-04T05:55:19.798612,2.058,1.131,1.270,-0.995
2025-12-04T05:55:19.831203,2.039,1.128,1.270,-0.995
2025-12-04T05:55:19.866826,2.020,1.124,1.270,-0.995
2025-12-04T05:55:19.899216,2.001,1.120,1.270,-0.995
2025-12-04T05:55:19.930683,1.982,1.116,1.270,-0.995
2025-12-04T05:55:19.963664,1.962,1.111,1.270,-0.995
2025-12-04T05:55:19.995321,1.943,1.107,1.270,-0.995
2025-12-04T05:55:20.024004,1.924,1.103,1.270,-0.995
2025-12-04T05:55:20.055243,1.905,1.099,1.270,-0.995
2025-12-04T05:55:20.087346,1.885,1.095,1.270,-0.995
2025-12-04T05:55:20.120071,1.866,1.091,1.270,-0.995
2025-12-04T05:55:20.152321,1.846,1.087,1.270,-0.995
2025-12-04T05:55:20.191092,1.827,1.083,1.270,-0.995
2025-12-04T05:55:20.224429,1.807,1.079,1.270,-0.995
2025-12-04T05:55:20.256540,1.788,1.075,1.270,-0.995
2025-12-04T05:55:20.289163,1.768,1.071,1.270,-0.995
2025-12-04T05:55:20.326913,1.749,1.066,1.270,-0.995
2025-12-04T05:55:20.358635,1.729,1.062,1.270,-0.995
2025-12-04T05:55:20.385776,1.709,1.058,1.270,-0.995
2025-12-04T05:55:20.415216,1.690,1.054,1.270,-0.995
2025-12-04T05:55:20.447262,1.670,1.050,1.270,-0.995
2025-12-04T05:55:20.476779,1.650,1.046,1.270,-0.995
2025-12-04T05:55:20.509114,1.630,1.041,1.270,-0.995
2025-12-04T05:55:20.542353,1.611,1.037,1.270,-0.995
2025-12-04T05:55:20.575061,1.591,1.033,1.270,-0.995
2025-12-04T05:55:20.610228,1.571,1.029,1.270,-0.995
2025-12-04T05:55:20.645628,1.551,1.025,1.270,-0.995
2025-12-04T05:55:20.680766,1.531,1.020,1.270,-0.995
2025-12-04T05:55:20.711461,1.512,1.016,1.270,-0.995
2025-12-04T05:55:20.748170,1.492,1.012,1.270,-0.995
2025-12-04T05:55:20.776980,1.472,1.008,1.270,-0.995
2025-12-04T05:55:20.807073,1.469,1.007,1.270,-0.991
2025-12-04T05:55:20.841136,1.467,1.007,1.270,-0.987
2025-12-04T05:55:20.873062,1.465,1.006,1.270,-0.982
2025-12-04T05:55:20.903674,1.463,1.006,1.270,-0.976
2025-12-04T05:55:20.936302,1.461,1.006,1.270,-0.969
2025-12-04T05:55:20.968283,1.460,1.005,1.270,-0.962
2025-12-04T05:55:20.997866,1.458,1.005,1.270,-0.954
2025-12-04T05:55:21.035323,1.457,1.005,1.270,-0.944
2025-12-04T05:55:21.068275,1.455,1.004,1.270,-0.935
2025-12-04T05:55:21.103149,1.454,1.004,1.270,-0.924
2025-12-04T05:55:21.135252,1.453,1.004,1.270,-0.913
2025-12-04T05:55:21.168655,1.451,1.004,1.270,-0.900
2025-12-04T05:55:21.199446,1.450,1.003,1.270,-0.888
2025-12-04T05:55:21.230024,1.449,1.003,1.270,-0.874
2025-12-04T05:55:21.260324,1.448,1.003,1.270,-0.860
2025-12-04T05:55:21.293485,1.448,1.003,1.270,-0.844
2025-12-04T05:55:21.325928,1.447,1.003,1.270,-0.829
2025-12-04T05:55:21.360092,1.446,1.002,1.270,-0.812
2025-12-04T05:55:21.394470,1.445,1.002,1.270,-0.795
2025-12-04T05:55:21.427415,1.445,1.002,1.270,-0.812
2025-12-04T05:55:21.459251,1.444,1.002,1.270,-0.829
2025-12-04T05:55:21.494015,1.443,1.002,1.270,-0.844
2025-12-04T05:55:21.526607,1.443,1.002,1.270,-0.860
2025-12-04T05:55:21.556344,1.442,1.002,1.270,-0.874
2025-12-04T05:55:21.588747,1.442,1.002,1.270,-0.888
2025-12-04T05:55:21.621215,1.441,1.001,1.270,-0.900
2025-12-04T05:55:21.658443,1.441,1.001,1.270,-0.913
2025-12-04T05:55:21.684794,1.441,1.001,1.270,-0.924
2025-12-04T05:55:21.717830,1.440,1.001,1.270,-0.935
2025-12-04T05:55:21.750953,1.440,1.001,1.270,-0.944
2025-12-04T05:55:21.787724,1.440,1.001,1.270,-0.954
2025-12-04T05:55:21.817649,1.439,1.001,1.270,-0.962
2025-12-04T05:55:21.850123,1.439,1.001,1.270,-0.969
2025-12-04T05:55:21.885307,1.439,1.001,1.270,-0.976
2025-12-04T05:55:21.914964,1.422,0.993,1.270,-0.976
2025-12-04T05:55:21.949365,1.406,0.986,1.270,-0.976
2025-12-04T05:55:21.984424,1.389,0.978,1.270,-0.976
2025-12-04T05:55:22.015199,1.372,0.970,1.270,-0.976
2025-12-04T05:55:22.042340,1.355,0.962,1.270,-0.976
2025-12-04T05:55:22.072359,1.338,0.954,1.270,-0.976
2025-12-04T05:55:22.105619,1.321,0.946,1.270,-0.976
2025-12-04T05:55:22.139523,1.304,0.938,1.270,-0.976
2025-12-04T05:55:22.171965,1.286,0.930,1.270,-0.976
2025-12-04T05:55:22.204407,1.269,0.922,1.270,-0.976
2025-12-04T05:55:22.239964,1.251,0.913,1.270,-0.976
2025-12-04T05:55:22.273998,1.234,0.905,1.270,-0.976
2025-12-04T05:55:22.306621,1.216,0.897,1.270,-0.976
2025-12-04T05:55:22.338274,1.199,0.889,1.270,-0.976
2025-12-04T05:55:22.366300,1.181,0.880,1.270,-0.976
2025-12-04T05:55:22.398669,1.163,0.872,1.270,-0.976
2025-12-04T05:55:22.424966,1.161,0.871,1.270,-0.969
2025-12-04T05:55:22.458868,1.160,0.871,1.270,-0.962
2025-12-04T05:55:22.494033,1.158,0.870,1.270,-0.954
2025-12-04T05:55:22.525331,1.157,0.869,1.270,-0.944
2025-12-04T05:55:22.557917,1.156,0.869,1.270,-0.935
2025-12-04T05:55:22.593933,1.155,0.868,1.270,-0.924
2025-12-04T05:55:22.625360,1.154,0.868,1.270,-0.913
2025-12-04T05:55:22.658193,1.153,0.867,1.270,-0.900
2025-12-04T05:55:22.691889,1.152,0.867,1.270,-0.888
2025-12-04T05:55:22.719321,1.151,0.867,1.270,-0.874
2025-12-04T05:55:22.753984,1.150,0.866,1.270,-0.860
2025-12-04T05:55:22.785609,1.149,0.866,1.270,-0.844
2025-12-04T05:55:22.818244,1.148,0.865,1.270,-0.829
2025-12-04T05:55:22.852941,1.148,0.865,1.270,-0.812
2025-12-04T05:55:22.885786,1.147,0.865,1.270,-0.795
2025-12-04T05:55:22.917170,1.147,0.865,1.270,-0.777
2025-12-04T05:55:22.948813,1.146,0.864,1.270,-0.759
2025-12-04T05:55:22.977516,1.143,0.846,1.270,-0.759
2025-12-04T05:55:23.010081,1.139,0.828,1.270,-0.759
2025-12-04T05:55:23.041839,1.136,0.810,1.270,-0.759
2025-12-04T05:55:23.073988,1.133,0.792,1.270,-0.759
2025-12-04T05:55:23.106487,1.130,0.773,1.270,-0.759
2025-12-04T05:55:23.138591,1.127,0.755,1.270,-0.759
2025-12-04T05:55:23.173183,1.123,0.736,1.270,-0.759
2025-12-04T05:55:23.205217,1.120,0.717,1.270,-0.759
2025-12-04T05:55:23.239232,1.117,0.698,1.270,-0.759
2025-12-04T05:55:23.270056,1.114,0.679,1.270,-0.759
2025-12-04T05:55:23.303448,1.111,0.660,1.270,-0.759
2025-12-04T05:55:23.337228,1.107,0.641,1.270,-0.759
2025-12-04T05:55:23.368462,1.104,0.622,1.270,-0.759
2025-12-04T05:55:23.401645,1.101,0.602,1.270,-0.759
2025-12-04T05:55:23.434741,1.098,0.583,1.270,-0.759
2025-12-04T05:55:23.467556,1.095,0.564,1.270,-0.759
2025-12-04T05:55:23.500105,1.092,0.544,1.270,-0.759
2025-12-04T05:55:23.538072,1.088,0.525,1.270,-0.759
2025-12-04T05:55:23.569663,1.085,0.505,1.270,-0.759
2025-12-04T05:55:23.602273,1.082,0.485,1.270,-0.759
2025-12-04T05:55:23.634562,1.079,0.466,1.270,-0.759
2025-12-04T05:55:23.663532,1.076,0.446,1.270,-0.759
2025-12-04T05:55:23.697518,1.073,0.426,1.270,-0.759
2025-12-04T05:55:23.726279,1.070,0.407,1.270,-0.759
2025-12-04T05:55:23.759127,1.066,0.387,1.270,-0.759
2025-12-04T05:55:23.794141,1.063,0.367,1.270,-0.759
2025-12-04T05:55:23.825119,1.060,0.347,1.270,-0.759
2025-12-04T05:55:23.859133,1.057,0.327,1.270,-0.759
2025-12-04T05:55:23.891060,1.054,0.307,1.270,-0.759
2025-12-04T05:55:23.922793,1.051,0.287,1.270,-0.759
2025-12-04T05:55:23.957894,1.048,0.268,1.270,-0.759
2025-12-04T05:55:23.987842,1.045,0.248,1.270,-0.759
2025-12-04T05:55:24.023784,1.041,0.228,1.270,-0.759
2025-12-04T05:55:24.059657,1.038,0.208,1.270,-0.759
2025-12-04T05:55:24.093270,1.035,0.188,1.270,-0.759
2025-12-04T05:55:24.125900,1.032,0.167,1.270,-0.759
2025-12-04T05:55:24.155640,1.029,0.147,1.270,-0.759
2025-12-04T05:55:24.187714,1.026,0.127,1.270,-0.759
2025-12-04T05:55:24.216416,1.023,0.107,1.270,-0.759
2025-12-04T05:55:24.246065,1.020,0.087,1.270,-0.759
2025-12-04T05:55:24.278479,1.016,0.067,1.270,-0.759
2025-12-04T05:55:24.311247,1.013,0.047,1.270,-0.759
2025-12-04T05:55:24.347834,1.010,0.027,1.270,-0.759
2025-12-04T05:55:24.379826,1.007,0.007,1.270,-0.759
2025-12-04T05:55:24.409938,1.004,-0.013,1.270,-0.759
2025-12-04T05:55:24.443998,1.001,-0.034,1.270,-0.759
2025-12-04T05:55:24.474342,0.998,-0.054,1.270,-0.759
2025-12-04T05:55:24.504296,0.995,-0.074,1.270,-0.759
2025-12-04T05:55:24.537272,0.991,-0.094,1.270,-0.759
2025-12-04T05:55:24.568905,0.988,-0.114,1.270,-0.759
2025-12-04T05:55:24.601781,0.985,-0.134,1.270,-0.759
2025-12-04T05:55:24.638169,0.982,-0.155,1.270,-0.759
2025-12-04T05:55:24.668274,0.979,-0.175,1.270,-0.759
2025-12-04T05:55:24.700976,0.976,-0.195,1.270,-0.759
2025-12-04T05:55:24.734041,0.973,-0.215,1.270,-0.759
2025-12-04T05:55:24.763540,0.970,-0.235,1.270,-0.759
2025-12-04T05:55:24.797110,0.966,-0.256,1.270,-0.759
2025-12-04T05:55:24.827451,0.963,-0.276,1.270,-0.759
2025-12-04T05:55:24.860883,0.960,-0.296,1.270,-0.759
2025-12-04T05:55:24.890681,0.957,-0.316,1.270,-0.759
2025-12-04T05:55:24.924612,0.954,-0.337,1.270,-0.759
2025-12-04T05:55:24.961536,0.951,-0.357,1.270,-0.759
2025-12-04T05:55:24.996793,0.948,-0.377,1.270,-0.759
2025-12-04T05:55:25.031385,0.945,-0.397,1.270,-0.759
2025-12-04T05:55:25.067988,0.942,-0.417,1.270,-0.759
2025-12-04T05:55:25.094200,0.938,-0.438,1.270,-0.759
2025-12-04T05:55:25.123139,0.938,-0.440,1.270,-0.740
2025-12-04T05:55:25.157796,0.938,-0.443,1.270,-0.720
2025-12-04T05:55:25.191169,0.937,-0.445,1.270,-0.700
2025-12-04T05:55:25.224314,0.937,-0.447,1.270,-0.679
2025-12-04T05:55:25.259884,0.937,-0.449,1.270,-0.658
2025-12-04T05:55:25.290242,0.936,-0.451,1.270,-0.636
2025-12-04T05:55:25.323532,0.936,-0.452,1.270,-0.613
2025-12-04T05:55:25.354459,0.936,-0.454,1.270,-0.590
2025-12-04T05:55:25.387575,0.936,-0.455,1.270,-0.567
2025-12-04T05:55:25.417676,0.935,-0.457,1.270,-0.543
2025-12-04T05:55:25.451870,0.935,-0.458,1.270,-0.518
2025-12-04T05:55:25.489739,0.935,-0.459,1.270,-0.493
2025-12-04T05:55:25.522427,0.935,-0.461,1.270,-0.468
2025-12-04T05:55:25.554721,0.935,-0.462,1.270,-0.443
2025-12-04T05:55:25.586442,0.935,-0.463,1.270,-0.417
2025-12-04T05:55:25.616372,0.934,-0.464,1.270,-0.390
2025-12-04T05:55:25.647155,0.934,-0.464,1.270,-0.363
2025-12-04T05:55:25.677492,0.934,-0.465,1.270,-0.337
2025-12-04T05:55:25.707325,0.934,-0.466,1.270,-0.309
2025-12-04T05:55:25.743264,0.934,-0.467,1.270,-0.282
2025-12-04T05:55:25.774832,0.934,-0.467,1.270,-0.254
2025-12-04T05:55:25.807942,0.934,-0.468,1.270,-0.226
2025-12-04T05:55:25.842981,0.934,-0.469,1.270,-0.198
2025-12-04T05:55:25.874681,0.934,-0.469,1.270,-0.170
2025-12-04T05:55:25.907489,0.933,-0.470,1.270,-0.141
2025-12-04T05:55:25.941083,0.933,-0.470,1.270,-0.113
2025-12-04T05:55:25.969836,0.933,-0.471,1.270,-0.084
2025-12-04T05:55:26.005624,0.933,-0.471,1.270,-0.055
2025-12-04T05:55:26.039271,0.933,-0.471,1.270,-0.026
2025-12-04T05:55:26.068467,0.933,-0.472,1.270,0.002
2025-12-04T05:55:26.105887,0.933,-0.472,1.270,0.031
2025-12-04T05:55:26.142199,0.933,-0.472,1.270,0.060
2025-12-04T05:55:26.174100,0.933,-0.473,1.270,0.089
2025-12-04T05:55:26.209096,0.933,-0.473,1.270,0.117
2025-12-04T05:55:26.235338,0.933,-0.473,1.270,0.146
2025-12-04T05:55:26.265912,0.933,-0.474,1.270,0.174
2025-12-04T05:55:26.298657,0.933,-0.474,1.270,0.203
2025-12-04T05:55:26.326712,0.933,-0.474,1.270,0.231
2025-12-04T05:55:26.358003,0.933,-0.474,1.270,0.259
2025-12-04T05:55:26.389330,0.933,-0.474,1.270,0.286
2025-12-04T05:55:26.424995,0.933,-0.475,1.270,0.314
2025-12-04T05:55:26.459395,0.933,-0.475,1.270,0.341
2025-12-04T05:55:26.491229,0.933,-0.475,1.270,0.368
2025-12-04T05:55:26.524636,0.933,-0.475,1.270,0.395
2025-12-04T05:55:26.555833,0.933,-0.475,1.270,0.421
2025-12-04T05:55:26.589421,0.933,-0.475,1.270,0.447
2025-12-04T05:55:26.625216,0.933,-0.475,1.270,0.472
2025-12-04T05:55:26.657083,0.933,-0.476,1.270,0.498
2025-12-04T05:55:26.690214,0.933,-0.476,1.270,0.522
2025-12-04T05:55:26.719170,0.932,-0.476,1.270,0.547
2025-12-04T05:55:26.747569,0.932,-0.476,1.270,0.571
2025-12-04T05:55:26.778409,0.932,-0.476,1.270,0.594
2025-12-04T05:55:26.810517,0.932,-0.476,1.270,0.617
2025-12-04T05:55:26.845794,0.932,-0.476,1.270,0.639
2025-12-04T05:55:26.879417,0.932,-0.476,1.270,0.661
2025-12-04T05:55:26.910399,0.932,-0.476,1.270,0.683
2025-12-04T05:55:26.946798,0.932,-0.476,1.270,0.703
2025-12-04T05:55:26.982069,0.932,-0.476,1.270,0.723
2025-12-04T05:55:27.012518,0.932,-0.476,1.270,0.743
2025-12-04T05:55:27.045049,0.932,-0.476,1.270,0.762
2025-12-04T05:55:27.074889,0.932,-0.477,1.270,0.780
2025-12-04T05:55:27.105750,0.932,-0.477,1.270,0.798
2025-12-04T05:55:27.137753,0.932,-0.477,1.270,0.815
2025-12-04T05:55:27.169743,0.932,-0.477,1.270,0.831
2025-12-04T05:55:27.201628,0.939,-0.493,1.270,0.831
2025-12-04T05:55:27.233492,0.946,-0.510,1.270,0.831
2025-12-04T05:55:27.265585,0.953,-0.527,1.270,0.831
2025-12-04T05:55:27.301362,0.960,-0.544,1.270,0.831
2025-12-04T05:55:27.333230,0.967,-0.561,1.270,0.831
2025-12-04T05:55:27.363655,0.974,-0.578,1.270,0.831
2025-12-04T05:55:27.395150,0.981,-0.596,1.270,0.831
2025-12-04T05:55:27.423088,0.989,-0.613,1.270,0.831
2025-12-04T05:55:27.457778,0.996,-0.631,1.270,0.831
2025-12-04T05:55:27.491596,1.003,-0.648,1.270,0.831
2025-12-04T05:55:27.523642,1.011,-0.666,1.270,0.831
2025-12-04T05:55:27.557197,1.018,-0.684,1.270,0.831
2025-12-04T05:55:27.591196,1.025,-0.702,1.270,0.831
2025-12-04T05:55:27.624988,1.033,-0.720,1.270,0.831
2025-12-04T05:55:27.656398,1.040,-0.738,1.270,0.831
2025-12-04T05:55:27.689043,1.048,-0.756,1.270,0.831
2025-12-04T05:55:27.721531,1.055,-0.774,1.270,0.831
2025-12-04T05:55:27.750345,1.063,-0.792,1.270,0.831
2025-12-04T05:55:27.781813,1.070,-0.810,1.270,0.831
2025-12-04T05:55:27.815363,1.078,-0.829,1.270,0.831
2025-12-04T05:55:27.845434,1.085,-0.847,1.270,0.831
2025-12-04T05:55:27.883886,1.093,-0.865,1.270,0.831
2025-12-04T05:55:27.916515,1.101,-0.884,1.270,0.831
2025-12-04T05:55:27.949398,1.108,-0.902,1.270,0.831
2025-12-04T05:55:27.982243,1.116,-0.921,1.270,0.831
2025-12-04T05:55:28.010673,1.123,-0.939,1.270,0.831
2025-12-04T05:55:28.046347,1.131,-0.958,1.270,0.831
2025-12-04T05:55:28.080290,1.139,-0.976,1.270,0.831
2025-12-04T05:55:28.111841,1.147,-0.995,1.270,0.831
2025-12-04T05:55:28.145859,1.154,-1.013,1.270,0.831
2025-12-04T05:55:28.175648,1.162,-1.032,1.270,0.831
2025-12-04T05:55:28.214764,1.170,-1.051,1.270,0.831
2025-12-04T05:55:28.238382,1.177,-1.069,1.270,0.831
2025-12-04T05:55:28.271409,1.185,-1.088,1.270,0.831
2025-12-04T05:55:28.305040,1.193,-1.107,1.270,0.831
2025-12-04T05:55:28.337909,1.201,-1.125,1.270,0.831
2025-12-04T05:55:28.371306,1.208,-1.144,1.270,0.831
2025-12-04T05:55:28.406188,1.216,-1.163,1.270,0.831
2025-12-04T05:55:28.442366,1.224,-1.182,1.270,0.831
2025-12-04T05:55:28.469898,1.232,-1.200,1.270,0.831
2025-12-04T05:55:28.502821,1.239,-1.219,1.270,0.831
2025-12-04T05:55:28.536058,1.247,-1.238,1.270,0.831
2025-12-04T05:55:28.564531,1.255,-1.257,1.270,0.831
2025-12-04T05:55:28.594122,1.263,-1.276,1.270,0.831
2025-12-04T05:55:28.626823,1.270,-1.294,1.270,0.831
2025-12-04T05:55:28.658297,1.278,-1.311,1.270,0.831
2025-12-04T05:55:28.693237,1.286,-1.327,1.270,0.831
2025-12-04T05:55:28.728267,1.293,-1.342,1.270,0.831
2025-12-04T05:55:28.762314,1.301,-1.356,1.270,0.831
2025-12-04T05:55:28.793663,1.309,-1.369,1.270,0.831
2025-12-04T05:55:28.825983,1.316,-1.380,1.270,0.831
2025-12-04T05:55:28.858590,1.324,-1.390,1.270,0.831
2025-12-04T05:55:28.889220,1.332,-1.399,1.270,0.831
2025-12-04T05:55:28.922619,1.340,-1.406,1.270,0.831
2025-12-04T05:55:28.958275,1.347,-1.412,1.270,0.831
2025-12-04T05:55:28.988757,1.355,-1.416,1.270,0.831
2025-12-04T05:55:29.021057,1.363,-1.418,1.270,0.831
2025-12-04T05:55:29.052801,1.371,-1.419,1.270,0.831
2025-12-04T05:55:29.085288,1.379,-1.419,1.270,0.831
2025-12-04T05:55:29.115507,1.386,-1.418,1.270,0.831
2025-12-04T05:55:29.148920,1.394,-1.415,1.270,0.831
2025-12-04T05:55:29.180879,1.402,-1.412,1.270,0.831
2025-12-04T05:55:29.215384,1.410,-1.408,1.270,0.831
2025-12-04T05:55:29.249532,1.418,-1.403,1.270,0.831
2025-12-04T05:55:29.281577,1.426,-1.397,1.270,0.831
2025-12-04T05:55:29.311241,1.434,-1.392,1.270,0.831
2025-12-04T05:55:29.345176,1.441,-1.386,1.270,0.831
2025-12-04T05:55:29.377375,1.449,-1.380,1.270,0.831
2025-12-04T05:55:29.410093,1.457,-1.374,1.270,0.831
2025-12-04T05:55:29.442457,1.465,-1.368,1.270,0.831
2025-12-04T05:55:29.476447,1.473,-1.362,1.270,0.831
2025-12-04T05:55:29.508743,1.481,-1.357,1.270,0.831
2025-12-04T05:55:29.539514,1.489,-1.352,1.270,0.831
2025-12-04T05:55:29.570943,1.497,-1.348,1.270,0.831
2025-12-04T05:55:29.603202,1.504,-1.344,1.270,0.831
2025-12-04T05:55:29.633508,1.512,-1.340,1.270,0.831
2025-12-04T05:55:29.666056,1.520,-1.337,1.270,0.831
2025-12-04T05:55:29.699114,1.528,-1.335,1.270,0.831
2025-12-04T05:55:29.736174,1.536,-1.333,1.270,0.831
2025-12-04T05:55:29.768365,1.544,-1.332,1.270,0.831
2025-12-04T05:55:29.803049,1.552,-1.331,1.270,0.831
2025-12-04T05:55:29.835773,1.559,-1.330,1.270,0.831
2025-12-04T05:55:29.864262,1.567,-1.331,1.270,0.831
2025-12-04T05:55:29.898801,1.575,-1.331,1.270,0.831
2025-12-04T05:55:29.933885,1.583,-1.332,1.270,0.831
2025-12-04T05:55:29.966900,1.591,-1.333,1.270,0.831
2025-12-04T05:55:29.999129,1.599,-1.335,1.270,0.831
2025-12-04T05:55:30.032225,1.599,-1.335,1.270,0.831
2025-12-04T05:55:30.065190,1.599,-1.335,1.270,0.831
2025-12-04T05:55:30.096971,1.599,-1.335,1.270,0.831
2025-12-04T05:55:30.127048,1.599,-1.335,1.270,0.831
2025-12-04T05:55:30.160015,1.599,-1.335,1.270,0.831
2025-12-04T05:55:30.194626,1.599,-1.335,1.270,0.831
2025-12-04T05:55:30.226062,1.599,-1.335,1.270,0.831
2025-12-04T05:55:30.260208,1.599,-1.335,1.270,0.831
2025-12-04T05:55:30.291938,1.599,-1.335,1.270,0.831
2025-12-04T05:55:30.324379,1.599,-1.335,1.270,0.831
2025-12-04T05:55:30.360932,1.599,-1.335,1.270,0.831
2025-12-04T05:55:30.386108,1.599,-1.335,1.270,0.831
2025-12-04T05:55:30.416531,1.599,-1.335,1.270,0.831
2025-12-04T05:55:30.450829,1.599,-1.335,1.270,0.831
2025-12-04T05:55:30.482685,1.599,-1.335,1.270,0.831
2025-12-04T05:55:30.517064,1.599,-1.335,1.270,0.831
2025-12-04T05:55:30.550244,1.599,-1.335,1.270,0.831
2025-12-04T05:55:30.583695,1.599,-1.335,1.270,0.831
2025-12-04T05:55:30.611196,1.599,-1.335,1.270,0.831
2025-12-04T05:55:30.645555,1.599,-1.335,1.270,0.831
2025-12-04T05:55:30.681475,1.599,-1.335,1.270,0.831
2025-12-04T05:55:30.713963,1.599,-1.335,1.270,0.831
2025-12-04T05:55:30.746158,1.599,-1.335,1.270,0.831
2025-12-04T05:55:30.778351,1.599,-1.335,1.270,0.831
2025-12-04T05:55:30.808388,1.599,-1.335,1.270,0.831
2025-12-04T05:55:30.839546,1.599,-1.335,1.270,0.831
2025-12-04T05:55:30.873281,1.599,-1.335,1.270,0.831
2025-12-04T05:55:30.906621,1.599,-1.335,1.270,0.831
2025-12-04T05:55:30.940020,1.599,-1.335,1.270,0.831
2025-12-04T05:55:30.971740,1.599,-1.335,1.270,0.831
2025-12-04T05:55:31.003759,1.599,-1.335,1.270,0.831
2025-12-04T05:55:31.035534,1.599,-1.335,1.270,0.831
2025-12-04T05:55:31.067552,1.599,-1.335,1.270,0.831
2025-12-04T05:55:31.099606,1.599,-1.335,1.270,0.831
2025-12-04T05:55:31.132492,1.599,-1.335,1.270,0.831
2025-12-04T05:55:31.166224,1.599,-1.335,1.270,0.831
2025-12-04T05:55:31.200268,1.599,-1.335,1.270,0.831
2025-12-04T05:55:31.229797,1.599,-1.335,1.270,0.831
2025-12-04T05:55:31.263250,1.599,-1.335,1.270,0.831
2025-12-04T05:55:31.295554,1.599,-1.335,1.270,0.831
2025-12-04T05:55:31.326859,1.599,-1.335,1.270,0.831
2025-12-04T05:55:31.359072,1.599,-1.335,1.270,0.831
2025-12-04T05:55:31.392397,1.599,-1.335,1.270,0.831
2025-12-04T05:55:31.425884,1.599,-1.335,1.270,0.831
2025-12-04T05:55:31.459253,1.599,-1.335,1.270,0.831
2025-12-04T05:55:31.492429,1.599,-1.335,1.270,0.831
2025-12-04T05:55:31.524357,1.599,-1.335,1.270,0.831
2025-12-04T05:55:31.556413,1.599,-1.335,1.270,0.831
2025-12-04T05:55:31.586465,1.599,-1.335,1.270,0.831
2025-12-04T05:55:31.619646,1.599,-1.335,1.270,0.831
2025-12-04T05:55:31.656597,1.599,-1.335,1.270,0.831
2025-12-04T05:55:31.685456,1.599,-1.335,1.270,0.831
2025-12-04T05:55:31.717154,1.599,-1.335,1.270,0.831
2025-12-04T05:55:31.749991,1.599,-1.335,1.270,0.831
2025-12-04T05:55:31.781656,1.599,-1.335,1.270,0.831
2025-12-04T05:55:31.812132,1.599,-1.335,1.270,0.831
2025-12-04T05:55:31.845467,1.599,-1.335,1.270,0.831
2025-12-04T05:55:31.877579,1.599,-1.335,1.270,0.831
2025-12-04T05:55:31.912545,1.599,-1.335,1.270,0.831
2025-12-04T05:55:31.948252,1.599,-1.335,1.270,0.831
2025-12-04T05:55:31.984109,1.599,-1.335,1.270,0.831
2025-12-04T05:55:32.015823,1.599,-1.335,1.270,0.831
2025-12-04T05:55:32.046775,1.599,-1.335,1.270,0.831
2025-12-04T05:55:32.077640,1.599,-1.335,1.270,0.831
2025-12-04T05:55:32.110365,1.599,-1.335,1.270,0.831
2025-12-04T05:55:32.144631,1.599,-1.335,1.270,0.831
2025-12-04T05:55:32.177733,1.599,-1.335,1.270,0.831
2025-12-04T05:55:32.210990,1.599,-1.335,1.270,0.831
2025-12-04T05:55:32.243223,1.599,-1.335,1.270,0.831
2025-12-04T05:55:32.275517,1.599,-1.335,1.270,0.831
2025-12-04T05:55:32.308732,1.599,-1.335,1.270,0.831
2025-12-04T05:55:32.340824,1.599,-1.335,1.270,0.831
2025-12-04T05:55:32.370304,1.599,-1.335,1.270,0.831
2025-12-04T05:55:32.400282,1.599,-1.335,1.270,0.831
2025-12-04T05:55:32.433023,1.599,-1.335,1.270,0.831
2025-12-04T05:55:32.464271,1.599,-1.335,1.270,0.831
2025-12-04T05:55:32.496559,1.599,-1.335,1.270,0.831
2025-12-04T05:55:32.529504,1.599,-1.335,1.270,0.831
2025-12-04T05:55:32.563772,1.599,-1.335,1.270,0.831
2025-12-04T05:55:32.595991,1.599,-1.335,1.270,0.831
2025-12-04T05:55:32.627767,1.599,-1.335,1.270,0.831
2025-12-04T05:55:32.659825,1.599,-1.335,1.270,0.831
2025-12-04T05:55:32.692523,1.599,-1.335,1.270,0.831
2025-12-04T05:55:32.723815,1.599,-1.335,1.270,0.831
2025-12-04T05:55:32.754006,1.599,-1.335,1.270,0.831
2025-12-04T05:55:32.788823,1.599,-1.335,1.270,0.831
2025-12-04T05:55:32.821912,1.599,-1.335,1.270,0.831
2025-12-04T05:55:32.852541,1.599,-1.335,1.270,0.831
2025-12-04T05:55:32.897057,1.599,-1.335,1.270,0.831
2025-12-04T05:55:32.927540,1.599,-1.335,1.270,0.831
2025-12-04T05:55:32.962263,1.599,-1.335,1.270,0.831
2025-12-04T05:55:32.995403,1.599,-1.335,1.270,0.831
2025-12-04T05:55:33.030279,1.599,-1.335,1.270,0.831
2025-12-04T05:55:33.076767,1.599,-1.335,1.270,0.831
2025-12-04T05:55:33.111221,1.599,-1.335,1.270,0.831
2025-12-04T05:55:33.143915,1.599,-1.335,1.270,0.831
2025-12-04T05:55:33.172424,1.599,-1.335,1.270,0.831
2025-12-04T05:55:33.200439,1.599,-1.335,1.270,0.831
2025-12-04T05:55:33.229803,1.599,-1.335,1.270,0.831
2025-12-04T05:55:33.258847,1.599,-1.335,1.270,0.831
2025-12-04T05:55:33.292788,1.599,-1.335,1.270,0.831
2025-12-04T05:55:33.326427,1.599,-1.335,1.270,0.831
2025-12-04T05:55:33.361038,1.599,-1.335,1.270,0.831
2025-12-04T05:55:33.393010,1.599,-1.335,1.270,0.831
2025-12-04T05:55:33.424874,1.599,-1.335,1.270,0.831
2025-12-04T05:55:33.456715,1.599,-1.335,1.270,0.831
2025-12-04T05:55:33.485693,1.599,-1.335,1.270,0.831
2025-12-04T05:55:33.516288,1.599,-1.335,1.270,0.831
2025-12-04T05:55:33.548739,1.599,-1.335,1.270,0.831
2025-12-04T05:55:33.579089,1.599,-1.335,1.270,0.831
2025-12-04T05:55:33.611641,1.599,-1.335,1.270,0.831
2025-12-04T05:55:33.648204,1.599,-1.335,1.270,0.831
2025-12-04T05:55:33.681756,1.599,-1.335,1.270,0.831
2025-12-04T05:55:33.716264,1.599,-1.335,1.270,0.831
2025-12-04T05:55:33.745702,1.599,-1.335,1.270,0.831
2025-12-04T05:55:33.777793,1.599,-1.335,1.270,0.831
2025-12-04T05:55:33.808615,1.599,-1.335,1.270,0.831
2025-12-04T05:55:33.841120,1.599,-1.335,1.270,0.831
2025-12-04T05:55:33.874008,1.599,-1.335,1.270,0.831
2025-12-04T05:55:33.904816,1.599,-1.335,1.270,0.831
2025-12-04T05:55:33.936304,1.599,-1.335,1.270,0.831
2025-12-04T05:55:33.969731,1.599,-1.335,1.270,0.831
2025-12-04T05:55:34.005962,1.599,-1.335,1.270,0.831
2025-12-04T05:55:34.039358,1.599,-1.335,1.270,0.831
2025-12-04T05:55:34.073469,1.599,-1.335,1.270,0.831
2025-12-04T05:55:34.108957,1.599,-1.335,1.270,0.831
2025-12-04T05:55:34.139463,1.599,-1.335,1.270,0.831
2025-12-04T05:55:34.170143,1.599,-1.335,1.270,0.831
2025-12-04T05:55:34.204366,1.599,-1.335,1.270,0.831
2025-12-04T05:55:34.235839,1.599,-1.335,1.270,0.831
2025-12-04T05:55:34.268287,1.599,-1.335,1.270,0.831
2025-12-04T05:55:34.304609,1.599,-1.335,1.270,0.831
2025-12-04T05:55:34.338659,1.599,-1.335,1.270,0.831
2025-12-04T05:55:34.371120,1.599,-1.335,1.270,0.831
2025-12-04T05:55:34.405343,1.599,-1.335,1.270,0.831
2025-12-04T05:55:34.436590,1.599,-1.335,1.270,0.831
2025-12-04T05:55:34.467887,1.599,-1.335,1.270,0.831
2025-12-04T05:55:34.499639,1.599,-1.335,1.270,0.831
2025-12-04T05:55:34.529662,1.599,-1.335,1.270,0.831
2025-12-04T05:55:34.564314,1.599,-1.335,1.270,0.831
2025-12-04T05:55:34.595988,1.599,-1.335,1.270,0.831
2025-12-04T05:55:34.628753,1.599,-1.335,1.270,0.831
2025-12-04T05:55:34.663817,1.599,-1.335,1.270,0.831
2025-12-04T05:55:34.695874,1.599,-1.335,1.270,0.831
2025-12-04T05:55:34.727888,1.599,-1.335,1.270,0.831
2025-12-04T05:55:34.759897,1.599,-1.335,1.270,0.831
2025-12-04T05:55:34.790177,1.599,-1.335,1.270,0.831
2025-12-04T05:55:34.821568,1.599,-1.335,1.270,0.831
2025-12-04T05:55:34.855371,1.599,-1.335,1.270,0.831
2025-12-04T05:55:34.887176,1.599,-1.335,1.270,0.831
2025-12-04T05:55:34.919564,1.599,-1.335,1.270,0.831
2025-12-04T05:55:34.953144,1.599,-1.335,1.270,0.831
2025-12-04T05:55:34.984739,1.599,-1.335,1.270,0.831
2025-12-04T05:55:35.017711,1.599,-1.335,1.270,0.831
2025-12-04T05:55:35.049800,1.599,-1.335,1.270,0.831
2025-12-04T05:55:35.079378,1.599,-1.335,1.270,0.831
2025-12-04T05:55:35.114653,1.599,-1.335,1.270,0.831
2025-12-04T05:55:35.148763,1.599,-1.335,1.270,0.831
2025-12-04T05:55:35.181794,1.599,-1.335,1.270,0.831
2025-12-04T05:55:35.216698,1.599,-1.335,1.270,0.831
2025-12-04T05:55:35.248483,1.599,-1.335,1.270,0.831
2025-12-04T05:55:35.280480,1.599,-1.335,1.270,0.831
2025-12-04T05:55:35.312550,1.599,-1.335,1.270,0.831
2025-12-04T05:55:35.349291,1.599,-1.335,1.270,0.831
2025-12-04T05:55:35.375274,1.599,-1.335,1.270,0.831
2025-12-04T05:55:35.406279,1.599,-1.335,1.270,0.831
2025-12-04T05:55:35.436811,1.599,-1.335,1.270,0.831
2025-12-04T05:55:35.470204,1.599,-1.335,1.270,0.831
2025-12-04T05:55:35.501399,1.599,-1.335,1.270,0.831
2025-12-04T05:55:35.534664,1.599,-1.335,1.270,0.831
2025-12-04T05:55:35.571828,1.599,-1.335,1.270,0.831
2025-12-04T05:55:35.606338,1.599,-1.335,1.270,0.831
2025-12-04T05:55:35.639264,1.599,-1.335,1.270,0.831
2025-12-04T05:55:35.671364,1.599,-1.335,1.270,0.831
2025-12-04T05:55:35.705613,1.599,-1.335,1.270,0.831
2025-12-04T05:55:35.734664,1.599,-1.335,1.270,0.831
2025-12-04T05:55:35.766978,1.599,-1.335,1.270,0.831
2025-12-04T05:55:35.800643,1.599,-1.335,1.270,0.831
2025-12-04T05:55:35.833397,1.599,-1.335,1.270,0.831
2025-12-04T05:55:35.867551,1.599,-1.335,1.270,0.831
2025-12-04T05:55:35.902109,1.599,-1.335,1.270,0.831
2025-12-04T05:55:35.935622,1.599,-1.335,1.270,0.831
2025-12-04T05:55:35.966043,1.599,-1.335,1.270,0.831
2025-12-04T05:55:35.997613,1.599,-1.335,1.270,0.831
2025-12-04T05:55:36.028100,1.599,-1.335,1.270,0.831
2025-12-04T05:55:36.061400,1.599,-1.335,1.270,0.831
2025-12-04T05:55:36.092291,1.599,-1.335,1.270,0.831
2025-12-04T05:55:36.125755,1.599,-1.335,1.270,0.831
2025-12-04T05:55:36.162804,1.599,-1.335,1.270,0.831
2025-12-04T05:55:36.197095,1.599,-1.335,1.270,0.831
2025-12-04T05:55:36.228183,1.599,-1.335,1.270,0.831
2025-12-04T05:55:36.260696,1.599,-1.335,1.270,0.831
2025-12-04T05:55:36.290590,1.599,-1.335,1.270,0.831
2025-12-04T05:55:36.322040,1.599,-1.335,1.270,0.831
2025-12-04T05:55:36.356661,1.599,-1.335,1.270,0.831
2025-12-04T05:55:36.388654,1.599,-1.335,1.270,0.831
2025-12-04T05:55:36.421490,1.599,-1.335,1.270,0.831
2025-12-04T05:55:36.455845,1.599,-1.335,1.270,0.831
2025-12-04T05:55:36.488672,1.599,-1.335,1.270,0.831
2025-12-04T05:55:36.520150,1.599,-1.335,1.270,0.831
2025-12-04T05:55:36.553392,1.599,-1.335,1.270,0.831
2025-12-04T05:55:36.582478,1.599,-1.335,1.270,0.831
2025-12-04T05:55:36.617084,1.599,-1.335,1.270,0.831
2025-12-04T05:55:36.647924,1.599,-1.335,1.270,0.831
2025-12-04T05:55:36.678996,1.599,-1.335,1.270,0.831
2025-12-04T05:55:36.712115,1.599,-1.335,1.270,0.831
2025-12-04T05:55:36.743498,1.599,-1.335,1.270,0.831
2025-12-04T05:55:36.775147,1.599,-1.335,1.270,0.831
2025-12-04T05:55:36.811271,1.599,-1.335,1.270,0.831
2025-12-04T05:55:36.843297,1.599,-1.335,1.270,0.831
2025-12-04T05:55:36.875703,1.599,-1.335,1.270,0.831
2025-12-04T05:55:36.907496,1.599,-1.335,1.270,0.831
2025-12-04T05:55:36.938913,1.599,-1.335,1.270,0.831
2025-12-04T05:55:36.971494,1.599,-1.335,1.270,0.831
2025-12-04T05:55:37.004451,1.599,-1.335,1.270,0.831
2025-12-04T05:55:37.035624,1.599,-1.335,1.270,0.831
2025-12-04T05:55:37.068425,1.599,-1.335,1.270,0.831
2025-12-04T05:55:37.101829,1.599,-1.335,1.270,0.831
2025-12-04T05:55:37.133213,1.599,-1.335,1.270,0.831
2025-12-04T05:55:37.165506,1.599,-1.335,1.270,0.831
2025-12-04T05:55:37.197727,1.599,-1.335,1.270,0.831
2025-12-04T05:55:37.229971,1.599,-1.335,1.270,0.831
2025-12-04T05:55:37.263897,1.599,-1.335,1.270,0.831
2025-12-04T05:55:37.301917,1.599,-1.335,1.270,0.831
2025-12-04T05:55:37.335473,1.599,-1.335,1.270,0.831
2025-12-04T05:55:37.367358,1.599,-1.335,1.270,0.831
2025-12-04T05:55:37.400759,1.599,-1.335,1.270,0.831
2025-12-04T05:55:37.429821,1.599,-1.335,1.270,0.831
2025-12-04T05:55:37.459921,1.599,-1.335,1.270,0.831
2025-12-04T05:55:37.492550,1.599,-1.335,1.270,0.831
2025-12-04T05:55:37.524335,1.599,-1.335,1.270,0.831
2025-12-04T05:55:37.556240,1.599,-1.335,1.270,0.831
2025-12-04T05:55:37.589759,1.599,-1.335,1.270,0.831
2025-12-04T05:55:37.621893,1.599,-1.335,1.270,0.831
2025-12-04T05:55:37.655217,1.599,-1.335,1.270,0.831
2025-12-04T05:55:37.689107,1.599,-1.335,1.270,0.831
2025-12-04T05:55:37.721798,1.599,-1.335,1.270,0.831
2025-12-04T05:55:37.753864,1.599,-1.335,1.270,0.831
2025-12-04T05:55:37.785103,1.599,-1.335,1.270,0.831
2025-12-04T05:55:37.816026,1.599,-1.335,1.270,0.831
2025-12-04T05:55:37.849771,1.599,-1.335,1.270,0.831
2025-12-04T05:55:37.882994,1.599,-1.335,1.270,0.831
2025-12-04T05:55:37.915202,1.599,-1.335,1.270,0.831
2025-12-04T05:55:37.948965,1.599,-1.335,1.270,0.831
2025-12-04T05:55:37.981761,1.599,-1.335,1.270,0.831
2025-12-04T05:55:38.015561,1.599,-1.335,1.270,0.831
2025-12-04T05:55:38.047472,1.599,-1.335,1.270,0.831
2025-12-04T05:55:38.076915,1.599,-1.335,1.270,0.831
2025-12-04T05:55:38.109876,1.599,-1.335,1.270,0.831
2025-12-04T05:55:38.140797,1.599,-1.335,1.270,0.831
2025-12-04T05:55:38.175255,1.599,-1.335,1.270,0.831
2025-12-04T05:55:38.205176,1.599,-1.335,1.270,0.831
2025-12-04T05:55:38.238059,1.599,-1.335,1.270,0.831
2025-12-04T05:55:38.271510,1.599,-1.335,1.270,0.831
2025-12-04T05:55:38.305770,1.599,-1.335,1.270,0.831
2025-12-04T05:55:38.336482,1.599,-1.335,1.270,0.831
2025-12-04T05:55:38.367781,1.599,-1.335,1.270,0.831
2025-12-04T05:55:38.404120,1.599,-1.335,1.270,0.831
2025-12-04T05:55:38.436900,1.599,-1.335,1.270,0.831
2025-12-04T05:55:38.469040,1.599,-1.335,1.270,0.831
2025-12-04T05:55:38.504727,1.599,-1.335,1.270,0.831
2025-12-04T05:55:38.536796,1.599,-1.335,1.270,0.831
2025-12-04T05:55:38.569027,1.599,-1.335,1.270,0.831
2025-12-04T05:55:38.600663,1.599,-1.335,1.270,0.831
2025-12-04T05:55:38.630211,1.599,-1.335,1.270,0.831
2025-12-04T05:55:38.663514,1.599,-1.335,1.270,0.831
2025-12-04T05:55:38.695457,1.599,-1.335,1.270,0.831
2025-12-04T05:55:38.761171,1.599,-1.335,1.270,0.831
2025-12-04T05:55:38.802951,1.599,-1.335,1.270,0.831
2025-12-04T05:55:38.812107,1.599,-1.335,1.270,0.831
2025-12-04T05:55:38.841856,1.599,-1.335,1.270,0.831
2025-12-04T05:55:38.872635,1.599,-1.335,1.270,0.831
2025-12-04T05:55:38.902169,1.599,-1.335,1.270,0.831
2025-12-04T05:55:38.930871,1.599,-1.335,1.270,0.831
2025-12-04T05:55:38.963202,1.599,-1.335,1.270,0.831
2025-12-04T05:55:38.994691,1.599,-1.335,1.270,0.831
2025-12-04T05:55:39.027028,1.599,-1.335,1.270,0.831
2025-12-04T05:55:39.060575,1.599,-1.335,1.270,0.831
2025-12-04T05:55:39.096297,1.599,-1.335,1.270,0.831
2025-12-04T05:55:39.128474,1.599,-1.335,1.270,0.831
2025-12-04T05:55:39.161754,1.599,-1.335,1.270,0.831
2025-12-04T05:55:39.188711,1.599,-1.335,1.270,0.831
2025-12-04T05:55:39.221511,1.599,-1.335,1.270,0.831
2025-12-04T05:55:39.257940,1.599,-1.335,1.270,0.831
2025-12-04T05:55:39.289219,1.599,-1.335,1.270,0.831
2025-12-04T05:55:39.320561,1.599,-1.335,1.270,0.831
2025-12-04T05:55:39.353141,1.599,-1.335,1.270,0.831
2025-12-04T05:55:39.383448,1.599,-1.335,1.270,0.831
2025-12-04T05:55:39.415136,1.599,-1.335,1.270,0.831
2025-12-04T05:55:39.448220,1.599,-1.335,1.270,0.831
2025-12-04T05:55:39.480796,1.599,-1.335,1.270,0.831
2025-12-04T05:55:39.512638,1.599,-1.335,1.270,0.831
2025-12-04T05:55:39.549841,1.599,-1.335,1.270,0.831
2025-12-04T05:55:39.580615,1.599,-1.335,1.270,0.831
2025-12-04T05:55:39.612570,1.599,-1.335,1.270,0.831
2025-12-04T05:55:39.644124,1.599,-1.335,1.270,0.831
2025-12-04T05:55:39.673334,1.599,-1.335,1.270,0.831
2025-12-04T05:55:39.708459,1.599,-1.335,1.270,0.831
2025-12-04T05:55:39.738296,1.599,-1.335,1.270,0.831
2025-12-04T05:55:39.770101,1.599,-1.335,1.270,0.831
2025-12-04T05:55:39.805409,1.599,-1.335,1.270,0.831
2025-12-04T05:55:39.837299,1.599,-1.335,1.270,0.831
2025-12-04T05:55:39.869482,1.599,-1.335,1.270,0.831
2025-12-04T05:55:39.901441,1.599,-1.335,1.270,0.831
2025-12-04T05:55:39.931092,1.599,-1.335,1.270,0.831
2025-12-04T05:55:39.964513,1.599,-1.335,1.270,0.831
2025-12-04T05:55:39.997475,1.599,-1.335,1.270,0.831
2025-12-04T05:55:40.029764,1.599,-1.335,1.270,0.831
2025-12-04T05:55:40.066142,1.599,-1.335,1.270,0.831
2025-12-04T05:55:40.099404,1.599,-1.335,1.270,0.831
2025-12-04T05:55:40.134350,1.599,-1.335,1.270,0.831
2025-12-04T05:55:40.168778,1.599,-1.335,1.270,0.831
2025-12-04T05:55:40.200519,1.599,-1.335,1.270,0.831
2025-12-04T05:55:40.230686,1.599,-1.335,1.270,0.831
2025-12-04T05:55:40.257596,1.599,-1.335,1.270,0.831
2025-12-04T05:55:40.289181,1.599,-1.335,1.270,0.831
2025-12-04T05:55:40.322020,1.599,-1.335,1.270,0.831
2025-12-04T05:55:40.353101,1.599,-1.335,1.270,0.831
2025-12-04T05:55:40.387266,1.599,-1.335,1.270,0.831
2025-12-04T05:55:40.418086,1.599,-1.335,1.270,0.831
2025-12-04T05:55:40.453124,1.599,-1.335,1.270,0.831
2025-12-04T05:55:40.484954,1.599,-1.335,1.270,0.831
2025-12-04T05:55:40.517001,1.599,-1.335,1.270,0.831
2025-12-04T05:55:40.548701,1.599,-1.335,1.270,0.831
2025-12-04T05:55:40.582229,1.599,-1.335,1.270,0.831
2025-12-04T05:55:40.616347,1.599,-1.335,1.270,0.831
2025-12-04T05:55:40.653212,1.599,-1.335,1.270,0.831
2025-12-04T05:55:40.686366,1.599,-1.335,1.270,0.831
2025-12-04T05:55:40.716095,1.599,-1.335,1.270,0.831
2025-12-04T05:55:40.753155,1.599,-1.335,1.270,0.831
2025-12-04T05:55:40.778655,1.599,-1.335,1.270,0.831
2025-12-04T05:55:40.812537,1.599,-1.335,1.270,0.831
2025-12-04T05:55:40.845055,1.599,-1.335,1.270,0.831
2025-12-04T05:55:40.876440,1.599,-1.335,1.270,0.831
2025-12-04T05:55:40.911494,1.599,-1.335,1.270,0.831
2025-12-04T05:55:40.943892,1.599,-1.335,1.270,0.831
2025-12-04T05:55:40.975533,1.599,-1.335,1.270,0.831
2025-12-04T05:55:41.007430,1.599,-1.335,1.270,0.831
2025-12-04T05:55:41.038729,1.599,-1.335,1.270,0.831
2025-12-04T05:55:41.069815,1.599,-1.335,1.270,0.831
2025-12-04T05:55:41.104390,1.599,-1.335,1.270,0.831
2025-12-04T05:55:41.136398,1.599,-1.335,1.270,0.831
2025-12-04T05:55:41.169911,1.599,-1.335,1.270,0.831
2025-12-04T05:55:41.204689,1.599,-1.335,1.270,0.831
2025-12-04T05:55:41.236734,1.599,-1.335,1.270,0.831
2025-12-04T05:55:41.266180,1.599,-1.335,1.270,0.831
2025-12-04T05:55:41.299236,1.599,-1.335,1.270,0.831
2025-12-04T05:55:41.327535,1.599,-1.335,1.270,0.831
2025-12-04T05:55:41.361306,1.599,-1.335,1.270,0.831
2025-12-04T05:55:41.393066,1.599,-1.335,1.270,0.831
2025-12-04T05:55:41.425450,1.599,-1.335,1.270,0.831
2025-12-04T05:55:41.462076,1.599,-1.335,1.270,0.831
2025-12-04T05:55:41.494259,1.599,-1.335,1.270,0.831
2025-12-04T05:55:41.529464,1.599,-1.335,1.270,0.831
2025-12-04T05:55:41.564572,1.599,-1.335,1.270,0.831
2025-12-04T05:55:41.596374,1.599,-1.335,1.270,0.831
2025-12-04T05:55:41.627058,1.599,-1.335,1.270,0.831
2025-12-04T05:55:41.656610,1.599,-1.335,1.270,0.831
2025-12-04T05:55:41.689073,1.599,-1.335,1.270,0.831
2025-12-04T05:55:41.721670,1.599,-1.335,1.270,0.831
2025-12-04T05:55:41.749186,1.599,-1.335,1.270,0.831
2025-12-04T05:55:41.784221,1.599,-1.335,1.270,0.831
2025-12-04T05:55:41.815836,1.599,-1.335,1.270,0.831
2025-12-04T05:55:41.849921,1.599,-1.335,1.270,0.831
2025-12-04T05:55:41.881882,1.599,-1.335,1.270,0.831
2025-12-04T05:55:41.916160,1.599,-1.335,1.270,0.831
2025-12-04T05:55:41.948218,1.599,-1.335,1.270,0.831
2025-12-04T05:55:41.981137,1.599,-1.335,1.270,0.831
2025-12-04T05:55:42.012735,1.599,-1.335,1.270,0.831
2025-12-04T05:55:42.043816,1.599,-1.335,1.270,0.831
2025-12-04T05:55:42.075619,1.599,-1.335,1.270,0.831
2025-12-04T05:55:42.111136,1.599,-1.335,1.270,0.831
2025-12-04T05:55:42.143589,1.599,-1.335,1.270,0.831
2025-12-04T05:55:42.176572,1.599,-1.335,1.270,0.831
2025-12-04T05:55:42.209824,1.599,-1.335,1.270,0.831
2025-12-04T05:55:42.237504,1.599,-1.335,1.270,0.831
2025-12-04T05:55:42.267149,1.599,-1.335,1.270,0.831
2025-12-04T05:55:42.299224,1.599,-1.335,1.270,0.831
2025-12-04T05:55:42.330859,1.599,-1.335,1.270,0.831
2025-12-04T05:55:42.364388,1.599,-1.335,1.270,0.831
2025-12-04T05:55:42.397708,1.599,-1.335,1.270,0.831
2025-12-04T05:55:42.431386,1.599,-1.335,1.270,0.831
2025-12-04T05:55:42.465544,1.599,-1.335,1.270,0.831
2025-12-04T05:55:42.497729,1.599,-1.335,1.270,0.831
2025-12-04T05:55:42.529683,1.599,-1.335,1.270,0.831
2025-12-04T05:55:42.560647,1.599,-1.335,1.270,0.831
2025-12-04T05:55:42.594392,1.599,-1.335,1.270,0.831
2025-12-04T05:55:42.628686,1.599,-1.335,1.270,0.831
2025-12-04T05:55:42.660867,1.599,-1.335,1.270,0.831
2025-12-04T05:55:42.696534,1.599,-1.335,1.270,0.831
2025-12-04T05:55:42.728369,1.599,-1.335,1.270,0.831
2025-12-04T05:55:42.761127,1.599,-1.335,1.270,0.831
2025-12-04T05:55:42.792372,1.599,-1.335,1.270,0.831
2025-12-04T05:55:42.822669,1.599,-1.335,1.270,0.831
2025-12-04T05:55:42.851766,1.599,-1.335,1.270,0.831
2025-12-04T05:55:42.885103,1.599,-1.335,1.270,0.831
2025-12-04T05:55:42.915457,1.599,-1.335,1.270,0.831
2025-12-04T05:55:42.952790,1.599,-1.335,1.270,0.831
2025-12-04T05:55:42.984487,1.599,-1.335,1.270,0.831
2025-12-04T05:55:43.016213,1.599,-1.335,1.270,0.831
2025-12-04T05:55:43.048419,1.599,-1.335,1.270,0.831
2025-12-04T05:55:43.078277,1.599,-1.335,1.270,0.831
2025-12-04T05:55:43.112151,1.599,-1.335,1.270,0.831
2025-12-04T05:55:43.144385,1.599,-1.335,1.270,0.831
2025-12-04T05:55:43.176153,1.599,-1.335,1.270,0.831
2025-12-04T05:55:43.212683,1.599,-1.335,1.270,0.831
2025-12-04T05:55:43.243825,1.599,-1.335,1.270,0.831
2025-12-04T05:55:43.276909,1.599,-1.335,1.270,0.831
2025-12-04T05:55:43.308255,1.599,-1.335,1.270,0.831
2025-12-04T05:55:43.338620,1.599,-1.335,1.270,0.831
2025-12-04T05:55:43.370654,1.599,-1.335,1.270,0.831
2025-12-04T05:55:43.404331,1.599,-1.335,1.270,0.831
2025-12-04T05:55:43.436443,1.599,-1.335,1.270,0.831
2025-12-04T05:55:43.467671,1.599,-1.335,1.270,0.831
2025-12-04T05:55:43.501252,1.599,-1.335,1.270,0.831
2025-12-04T05:55:43.532799,1.599,-1.335,1.270,0.831
2025-12-04T05:55:43.565709,1.599,-1.335,1.270,0.831
2025-12-04T05:55:43.597662,1.599,-1.335,1.270,0.831
2025-12-04T05:55:43.627871,1.599,-1.335,1.270,0.831
2025-12-04T05:55:43.662145,1.599,-1.335,1.270,0.831
2025-12-04T05:55:43.695528,1.599,-1.335,1.270,0.831
2025-12-04T05:55:43.733040,1.599,-1.335,1.270,0.831
2025-12-04T05:55:43.761785,1.599,-1.335,1.270,0.831
2025-12-04T05:55:43.794281,1.599,-1.335,1.270,0.831
2025-12-04T05:55:43.823988,1.599,-1.335,1.270,0.831
2025-12-04T05:55:43.857157,1.599,-1.335,1.270,0.831
2025-12-04T05:55:43.890074,1.599,-1.335,1.270,0.831
2025-12-04T05:55:43.922432,1.599,-1.335,1.270,0.831
2025-12-04T05:55:43.956303,1.599,-1.335,1.270,0.831
2025-12-04T05:55:43.989828,1.599,-1.335,1.270,0.831
2025-12-04T05:55:44.022876,1.599,-1.335,1.270,0.831
2025-12-04T05:55:44.056441,1.599,-1.335,1.270,0.831
2025-12-04T05:55:44.088686,1.599,-1.335,1.270,0.831
2025-12-04T05:55:44.121458,1.599,-1.335,1.270,0.831
2025-12-04T05:55:44.153362,1.599,-1.335,1.270,0.831
2025-12-04T05:55:44.182866,1.599,-1.335,1.270,0.831
2025-12-04T05:55:44.217809,1.599,-1.335,1.270,0.831
2025-12-04T05:55:44.246958,1.599,-1.335,1.270,0.831
2025-12-04T05:55:44.279003,1.599,-1.335,1.270,0.831
2025-12-04T05:55:44.313197,1.599,-1.335,1.270,0.831
2025-12-04T05:55:44.348516,1.599,-1.335,1.270,0.831
2025-12-04T05:55:44.384723,1.599,-1.335,1.270,0.831
2025-12-04T05:55:44.417815,1.599,-1.335,1.270,0.831
2025-12-04T05:55:44.449265,1.599,-1.335,1.270,0.831
2025-12-04T05:55:44.480247,1.599,-1.335,1.270,0.831
2025-12-04T05:55:44.511439,1.599,-1.335,1.270,0.831
2025-12-04T05:55:44.541972,1.599,-1.335,1.270,0.831
2025-12-04T05:55:44.573404,1.599,-1.335,1.270,0.831
2025-12-04T05:55:44.605892,1.599,-1.335,1.270,0.831
2025-12-04T05:55:44.637327,1.599,-1.335,1.270,0.831
2025-12-04T05:55:44.671279,1.599,-1.335,1.270,0.831
2025-12-04T05:55:44.706105,1.599,-1.335,1.270,0.831
2025-12-04T05:55:44.740300,1.599,-1.335,1.270,0.831
2025-12-04T05:55:44.773971,1.599,-1.335,1.270,0.831
2025-12-04T05:55:44.809279,1.599,-1.335,1.270,0.831
2025-12-04T05:55:44.839072,1.599,-1.335,1.270,0.831
2025-12-04T05:55:44.869307,1.599,-1.335,1.270,0.831
2025-12-04T05:55:44.901836,1.599,-1.335,1.270,0.831
2025-12-04T05:55:44.932002,1.599,-1.335,1.270,0.831
2025-12-04T05:55:44.963891,1.599,-1.335,1.270,0.831
2025-12-04T05:55:44.996908,1.599,-1.335,1.270,0.831
2025-12-04T05:55:45.029081,1.599,-1.335,1.270,0.831
2025-12-04T05:55:45.063509,1.599,-1.335,1.270,0.831
2025-12-04T05:55:45.095825,1.599,-1.335,1.270,0.831
2025-12-04T05:55:45.128117,1.599,-1.335,1.270,0.831
2025-12-04T05:55:45.159431,1.599,-1.335,1.270,0.831
2025-12-04T05:55:45.191441,1.599,-1.335,1.270,0.831
2025-12-04T05:55:45.224076,1.599,-1.335,1.270,0.831
2025-12-04T05:55:45.257017,1.599,-1.335,1.270,0.831
2025-12-04T05:55:45.289821,1.599,-1.335,1.270,0.831
2025-12-04T05:55:45.321627,1.599,-1.335,1.270,0.831
2025-12-04T05:55:45.353505,1.599,-1.335,1.270,0.831
2025-12-04T05:55:45.387769,1.599,-1.335,1.270,0.831
2025-12-04T05:55:45.419776,1.599,-1.335,1.270,0.831
2025-12-04T05:55:45.453358,1.599,-1.335,1.270,0.831
2025-12-04T05:55:45.484136,1.599,-1.335,1.270,0.831
2025-12-04T05:55:45.515598,1.599,-1.335,1.270,0.831
2025-12-04T05:55:45.547420,1.599,-1.335,1.270,0.831
2025-12-04T05:55:45.577116,1.599,-1.335,1.270,0.831
2025-12-04T05:55:45.608909,1.599,-1.335,1.270,0.831
2025-12-04T05:55:45.641220,1.599,-1.335,1.270,0.831
2025-12-04T05:55:45.673473,1.599,-1.335,1.270,0.831
2025-12-04T05:55:45.709319,1.599,-1.335,1.270,0.831
2025-12-04T05:55:45.741409,1.599,-1.335,1.270,0.831
2025-12-04T05:55:45.773873,1.599,-1.335,1.270,0.831
2025-12-04T05:55:45.805105,1.599,-1.335,1.270,0.831
2025-12-04T05:55:45.835018,1.599,-1.335,1.270,0.831
2025-12-04T05:55:45.867497,1.599,-1.335,1.270,0.831
2025-12-04T05:55:45.901768,1.599,-1.335,1.270,0.831
2025-12-04T05:55:45.933708,1.599,-1.335,1.270,0.831
2025-12-04T05:55:45.969655,1.599,-1.335,1.270,0.831
2025-12-04T05:55:46.005445,1.599,-1.335,1.270,0.831
2025-12-04T05:55:46.037666,1.599,-1.335,1.270,0.831
2025-12-04T05:55:46.070154,1.599,-1.335,1.270,0.831
2025-12-04T05:55:46.099137,1.599,-1.335,1.270,0.831
2025-12-04T05:55:46.129531,1.599,-1.335,1.270,0.831
2025-12-04T05:55:46.165197,1.599,-1.335,1.270,0.831
2025-12-04T05:55:46.196809,1.599,-1.335,1.270,0.831
2025-12-04T05:55:46.230126,1.599,-1.335,1.270,0.831
2025-12-04T05:55:46.264807,1.599,-1.335,1.270,0.831
2025-12-04T05:55:46.302083,1.599,-1.335,1.270,0.831
2025-12-04T05:55:46.332179,1.599,-1.335,1.270,0.831
2025-12-04T05:55:46.365087,1.599,-1.335,1.270,0.831
2025-12-04T05:55:46.396480,1.599,-1.335,1.270,0.831
2025-12-04T05:55:46.426159,1.599,-1.335,1.270,0.831
2025-12-04T05:55:46.462479,1.599,-1.335,1.270,0.831
2025-12-04T05:55:46.491259,1.599,-1.335,1.270,0.831
2025-12-04T05:55:46.523387,1.599,-1.335,1.270,0.831
2025-12-04T05:55:46.559704,1.599,-1.335,1.270,0.831
2025-12-04T05:55:46.592209,1.599,-1.335,1.270,0.831
2025-12-04T05:55:46.625114,1.599,-1.335,1.270,0.831
2025-12-04T05:55:46.656702,1.599,-1.335,1.270,0.831
2025-12-04T05:55:46.683818,1.599,-1.335,1.270,0.831
2025-12-04T05:55:46.715416,1.599,-1.335,1.270,0.831
2025-12-04T05:55:46.750470,1.599,-1.335,1.270,0.831
2025-12-04T05:55:46.780025,1.599,-1.335,1.270,0.831
2025-12-04T05:55:46.813444,1.599,-1.335,1.270,0.831
2025-12-04T05:55:46.845657,1.599,-1.335,1.270,0.831
2025-12-04T05:55:46.879919,1.599,-1.335,1.270,0.831
2025-12-04T05:55:46.914821,1.599,-1.335,1.270,0.831
2025-12-04T05:55:46.948525,1.599,-1.335,1.270,0.831
2025-12-04T05:55:46.983085,1.599,-1.335,1.270,0.831
2025-12-04T05:55:47.016957,1.599,-1.335,1.270,0.831
2025-12-04T05:55:47.049161,1.599,-1.335,1.270,0.831
2025-12-04T05:55:47.079636,1.599,-1.335,1.270,0.831
2025-12-04T05:55:47.108013,1.599,-1.335,1.270,0.831
2025-12-04T05:55:47.138018,1.599,-1.335,1.270,0.831
2025-12-04T05:55:47.171288,1.599,-1.335,1.270,0.831
2025-12-04T05:55:47.205238,1.599,-1.335,1.270,0.831
2025-12-04T05:55:47.239694,1.599,-1.335,1.270,0.831
2025-12-04T05:55:47.271509,1.599,-1.335,1.270,0.831
2025-12-04T05:55:47.305103,1.599,-1.335,1.270,0.831
2025-12-04T05:55:47.336633,1.599,-1.335,1.270,0.831
2025-12-04T05:55:47.369791,1.599,-1.335,1.270,0.831
2025-12-04T05:55:47.400912,1.599,-1.335,1.270,0.831
2025-12-04T05:55:47.429352,1.599,-1.335,1.270,0.831
2025-12-04T05:55:47.463306,1.599,-1.335,1.270,0.831
2025-12-04T05:55:47.495519,1.599,-1.335,1.270,0.831
2025-12-04T05:55:47.527534,1.599,-1.335,1.270,0.831
2025-12-04T05:55:47.564100,1.599,-1.335,1.270,0.831
2025-12-04T05:55:47.595633,1.599,-1.335,1.270,0.831
2025-12-04T05:55:47.628524,1.599,-1.335,1.270,0.831
2025-12-04T05:55:47.659868,1.599,-1.335,1.270,0.831
2025-12-04T05:55:47.689706,1.599,-1.335,1.270,0.831
2025-12-04T05:55:47.723842,1.599,-1.335,1.270,0.831
2025-12-04T05:55:47.753719,1.599,-1.335,1.270,0.831
2025-12-04T05:55:47.785078,1.599,-1.335,1.270,0.831
2025-12-04T05:55:47.820082,1.599,-1.335,1.270,0.831
2025-12-04T05:55:47.853833,1.599,-1.335,1.270,0.831
2025-12-04T05:55:47.888114,1.599,-1.335,1.270,0.831
2025-12-04T05:55:47.920346,1.599,-1.335,1.270,0.831
2025-12-04T05:55:47.954189,1.599,-1.335,1.270,0.831
2025-12-04T05:55:47.987067,1.599,-1.335,1.270,0.831
2025-12-04T05:55:48.015367,1.599,-1.335,1.270,0.831
2025-12-04T05:55:48.046779,1.599,-1.335,1.270,0.831
2025-12-04T05:55:48.077718,1.599,-1.335,1.270,0.831
2025-12-04T05:55:48.112820,1.599,-1.335,1.270,0.831
2025-12-04T05:55:48.144341,1.599,-1.335,1.270,0.831
2025-12-04T05:55:48.177257,1.599,-1.335,1.270,0.831
2025-12-04T05:55:48.210575,1.599,-1.335,1.270,0.831
2025-12-04T05:55:48.250650,1.599,-1.335,1.270,0.831
2025-12-04T05:55:48.273467,1.599,-1.335,1.270,0.831
2025-12-04T05:55:48.304950,1.599,-1.335,1.270,0.831
2025-12-04T05:55:48.334270,1.599,-1.335,1.270,0.831
2025-12-04T05:55:48.365723,1.599,-1.335,1.270,0.831
2025-12-04T05:55:48.401451,1.599,-1.335,1.270,0.831
2025-12-04T05:55:48.433986,1.599,-1.335,1.270,0.831
2025-12-04T05:55:48.470374,1.599,-1.335,1.270,0.831
2025-12-04T05:55:48.505498,1.599,-1.335,1.270,0.831
2025-12-04T05:55:48.536736,1.599,-1.335,1.270,0.831
2025-12-04T05:55:48.569824,1.599,-1.335,1.270,0.831
2025-12-04T05:55:48.601594,1.599,-1.335,1.270,0.831
2025-12-04T05:55:48.630267,1.599,-1.335,1.270,0.831
2025-12-04T05:55:48.664205,1.599,-1.335,1.270,0.831
2025-12-04T05:55:48.696236,1.599,-1.335,1.270,0.831
2025-12-04T05:55:48.727785,1.599,-1.335,1.270,0.831
2025-12-04T05:55:48.764277,1.599,-1.335,1.270,0.831
2025-12-04T05:55:48.802592,1.599,-1.335,1.270,0.831
2025-12-04T05:55:48.829147,1.599,-1.335,1.270,0.831
2025-12-04T05:55:48.860168,1.599,-1.335,1.270,0.831
2025-12-04T05:55:48.894241,1.599,-1.335,1.270,0.831
2025-12-04T05:55:48.923580,1.599,-1.335,1.270,0.831
2025-12-04T05:55:48.957301,1.599,-1.335,1.270,0.831
2025-12-04T05:55:48.990069,1.599,-1.335,1.270,0.831
2025-12-04T05:55:49.025550,1.599,-1.335,1.270,0.831
2025-12-04T05:55:49.060759,1.599,-1.335,1.270,0.831
2025-12-04T05:55:49.092162,1.599,-1.335,1.270,0.831
2025-12-04T05:55:49.122372,1.599,-1.335,1.270,0.831
2025-12-04T05:55:49.153426,1.599,-1.335,1.270,0.831
2025-12-04T05:55:49.184419,1.599,-1.335,1.270,0.831
2025-12-04T05:55:49.216257,1.599,-1.335,1.270,0.831
2025-12-04T05:55:49.253456,1.599,-1.335,1.270,0.831
2025-12-04T05:55:49.284996,1.599,-1.335,1.270,0.831
2025-12-04T05:55:49.316148,1.599,-1.335,1.270,0.831
2025-12-04T05:55:49.348664,1.599,-1.335,1.270,0.831
2025-12-04T05:55:49.377583,1.599,-1.335,1.270,0.831
2025-12-04T05:55:49.411307,1.599,-1.335,1.270,0.831
2025-12-04T05:55:49.445009,1.599,-1.335,1.270,0.831
2025-12-04T05:55:49.478503,1.599,-1.335,1.270,0.831
2025-12-04T05:55:49.512621,1.599,-1.335,1.270,0.831
2025-12-04T05:55:49.544422,1.599,-1.335,1.270,0.831
2025-12-04T05:55:49.576149,1.599,-1.335,1.270,0.831
2025-12-04T05:55:49.607575,1.599,-1.335,1.270,0.831
2025-12-04T05:55:49.638600,1.599,-1.335,1.270,0.831
2025-12-04T05:55:49.671974,1.599,-1.335,1.270,0.831
2025-12-04T05:55:49.703848,1.599,-1.335,1.270,0.831
2025-12-04T05:55:49.734142,1.599,-1.335,1.270,0.831
2025-12-04T05:55:49.765900,1.599,-1.335,1.270,0.831
2025-12-04T05:55:49.800961,1.599,-1.335,1.270,0.831
2025-12-04T05:55:49.832560,1.599,-1.335,1.270,0.831
2025-12-04T05:55:49.865174,1.599,-1.335,1.270,0.831
2025-12-04T05:55:49.896492,1.599,-1.335,1.270,0.831
2025-12-04T05:55:49.928008,1.599,-1.335,1.270,0.831
2025-12-04T05:55:49.961809,1.599,-1.335,1.270,0.831
2025-12-04T05:55:49.992435,1.599,-1.335,1.270,0.831
2025-12-04T05:55:50.025239,1.599,-1.335,1.270,0.831
2025-12-04T05:55:50.056573,1.599,-1.335,1.270,0.831
2025-12-04T05:55:50.092873,1.599,-1.335,1.270,0.831
2025-12-04T05:55:50.125358,1.599,-1.335,1.270,0.831
2025-12-04T05:55:50.159269,1.599,-1.335,1.270,0.831
2025-12-04T05:55:50.197655,1.599,-1.335,1.270,0.831
2025-12-04T05:55:50.229300,1.599,-1.335,1.270,0.831
2025-12-04T05:55:50.260793,1.599,-1.335,1.270,0.831
2025-12-04T05:55:50.290863,1.599,-1.335,1.270,0.831
2025-12-04T05:55:50.321290,1.599,-1.335,1.270,0.831
2025-12-04T05:55:50.356465,1.599,-1.335,1.270,0.831
2025-12-04T05:55:50.386315,1.599,-1.335,1.270,0.831
2025-12-04T05:55:50.415655,1.599,-1.335,1.270,0.831
2025-12-04T05:55:50.450040,1.599,-1.335,1.270,0.831
2025-12-04T05:55:50.480360,1.599,-1.335,1.270,0.831
2025-12-04T05:55:50.512783,1.599,-1.335,1.270,0.831
2025-12-04T05:55:50.545620,1.599,-1.335,1.270,0.831
2025-12-04T05:55:50.577434,1.599,-1.335,1.270,0.831
2025-12-04T05:55:50.610517,1.599,-1.335,1.270,0.831
2025-12-04T05:55:50.643686,1.599,-1.335,1.270,0.831
2025-12-04T05:55:50.678543,1.599,-1.335,1.270,0.831
2025-12-04T05:55:50.712777,1.599,-1.335,1.270,0.831
2025-12-04T05:55:50.748757,1.599,-1.335,1.270,0.831
2025-12-04T05:55:50.779731,1.599,-1.335,1.270,0.831
2025-12-04T05:55:50.812948,1.599,-1.335,1.270,0.831
2025-12-04T05:55:50.844718,1.599,-1.335,1.270,0.831
2025-12-04T05:55:50.874444,1.599,-1.335,1.270,0.831
2025-12-04T05:55:50.905413,1.599,-1.335,1.270,0.831
2025-12-04T05:55:50.937040,1.599,-1.335,1.270,0.831
2025-12-04T05:55:50.965397,1.599,-1.335,1.270,0.831
2025-12-04T05:55:51.001587,1.599,-1.335,1.270,0.831
2025-12-04T05:55:51.033258,1.599,-1.335,1.270,0.831
2025-12-04T05:55:51.065642,1.599,-1.335,1.270,0.831
2025-12-04T05:55:51.097593,1.599,-1.335,1.270,0.831
2025-12-04T05:55:51.129053,1.599,-1.335,1.270,0.831
2025-12-04T05:55:51.163897,1.599,-1.335,1.270,0.831
2025-12-04T05:55:51.202379,1.599,-1.335,1.270,0.831
2025-12-04T05:55:51.232813,1.599,-1.335,1.270,0.831
2025-12-04T05:55:51.264477,1.599,-1.335,1.270,0.831
2025-12-04T05:55:51.293745,1.599,-1.335,1.270,0.831
2025-12-04T05:55:51.323202,1.599,-1.335,1.270,0.831
2025-12-04T05:55:51.353798,1.599,-1.335,1.270,0.831
2025-12-04T05:55:51.384547,1.599,-1.335,1.270,0.831
2025-12-04T05:55:51.417753,1.599,-1.335,1.270,0.831
2025-12-04T05:55:51.453359,1.599,-1.335,1.270,0.831
2025-12-04T05:55:51.484794,1.599,-1.335,1.270,0.831
2025-12-04T05:55:51.516228,1.599,-1.335,1.270,0.831
2025-12-04T05:55:51.548282,1.599,-1.335,1.270,0.831
2025-12-04T05:55:51.578480,1.599,-1.335,1.270,0.831
2025-12-04T05:55:51.612501,1.599,-1.335,1.270,0.831
2025-12-04T05:55:51.642740,1.599,-1.335,1.270,0.831
2025-12-04T05:55:51.674986,1.599,-1.335,1.270,0.831
2025-12-04T05:55:51.707448,1.599,-1.335,1.270,0.831
2025-12-04T05:55:51.738801,1.599,-1.335,1.270,0.831
2025-12-04T05:55:51.771077,1.599,-1.335,1.270,0.831
2025-12-04T05:55:51.805729,1.599,-1.335,1.270,0.831
2025-12-04T05:55:51.837607,1.599,-1.335,1.270,0.831
2025-12-04T05:55:51.869485,1.599,-1.335,1.270,0.831
2025-12-04T05:55:51.903172,1.599,-1.335,1.270,0.831
2025-12-04T05:55:51.933986,1.599,-1.335,1.270,0.831
2025-12-04T05:55:51.965055,1.599,-1.335,1.270,0.831
2025-12-04T05:55:51.997668,1.599,-1.335,1.270,0.831
2025-12-04T05:55:52.030414,1.599,-1.335,1.270,0.831
2025-12-04T05:55:52.066043,1.599,-1.335,1.270,0.831
2025-12-04T05:55:52.101138,1.599,-1.335,1.270,0.831
2025-12-04T05:55:52.133790,1.599,-1.335,1.270,0.831
2025-12-04T05:55:52.164839,1.599,-1.335,1.270,0.831
2025-12-04T05:55:52.196813,1.599,-1.335,1.270,0.831
2025-12-04T05:55:52.229033,1.599,-1.335,1.270,0.831
2025-12-04T05:55:52.263949,1.599,-1.335,1.270,0.831
2025-12-04T05:55:52.295367,1.599,-1.335,1.270,0.831
2025-12-04T05:55:52.327460,1.599,-1.335,1.270,0.831
2025-12-04T05:55:52.365122,1.599,-1.335,1.270,0.831
2025-12-04T05:55:52.396721,1.599,-1.335,1.270,0.831
2025-12-04T05:55:52.428540,1.599,-1.335,1.270,0.831
2025-12-04T05:55:52.460214,1.599,-1.335,1.270,0.831
2025-12-04T05:55:52.492570,1.599,-1.335,1.270,0.831
2025-12-04T05:55:52.524647,1.599,-1.335,1.270,0.831
2025-12-04T05:55:52.556292,1.599,-1.335,1.270,0.831
2025-12-04T05:55:52.588898,1.599,-1.335,1.270,0.831
2025-12-04T05:55:52.619091,1.599,-1.335,1.270,0.831
2025-12-04T05:55:52.654142,1.599,-1.335,1.270,0.831
2025-12-04T05:55:52.689129,1.599,-1.335,1.270,0.831
2025-12-04T05:55:52.724497,1.599,-1.335,1.270,0.831
2025-12-04T05:55:52.756903,1.599,-1.335,1.270,0.831
2025-12-04T05:55:52.788972,1.599,-1.335,1.270,0.831
2025-12-04T05:55:52.821599,1.599,-1.335,1.270,0.831
2025-12-04T05:55:52.852856,1.599,-1.335,1.270,0.831
2025-12-04T05:55:52.885111,1.599,-1.335,1.270,0.831
2025-12-04T05:55:52.915969,1.599,-1.335,1.270,0.831
2025-12-04T05:55:52.953896,1.599,-1.335,1.270,0.831
2025-12-04T05:55:52.983943,1.599,-1.335,1.270,0.831
2025-12-04T05:55:53.016451,1.599,-1.335,1.270,0.831
2025-12-04T05:55:53.051699,1.599,-1.335,1.270,0.831
2025-12-04T05:55:53.075242,1.599,-1.335,1.270,0.831
2025-12-04T05:55:53.105352,1.599,-1.335,1.270,0.831
2025-12-04T05:55:53.137347,1.599,-1.335,1.270,0.831
2025-12-04T05:55:53.168392,1.599,-1.335,1.270,0.831
2025-12-04T05:55:53.204951,1.599,-1.335,1.270,0.831
2025-12-04T05:55:53.237886,1.599,-1.335,1.270,0.831
2025-12-04T05:55:53.270212,1.599,-1.335,1.270,0.831
2025-12-04T05:55:53.302914,1.599,-1.335,1.270,0.831
2025-12-04T05:55:53.334003,1.599,-1.335,1.270,0.831
2025-12-04T05:55:53.369595,1.599,-1.335,1.270,0.831
2025-12-04T05:55:53.399868,1.599,-1.335,1.270,0.831
2025-12-04T05:55:53.433122,1.599,-1.335,1.270,0.831
2025-12-04T05:55:53.469886,1.599,-1.335,1.270,0.831
2025-12-04T05:55:53.501252,1.599,-1.335,1.270,0.831
2025-12-04T05:55:53.532623,1.599,-1.335,1.270,0.831
2025-12-04T05:55:53.563700,1.599,-1.335,1.270,0.831
2025-12-04T05:55:53.595441,1.599,-1.335,1.270,0.831
2025-12-04T05:55:53.628704,1.599,-1.335,1.270,0.831
2025-12-04T05:55:53.659264,1.599,-1.335,1.270,0.831
2025-12-04T05:55:53.695114,1.599,-1.335,1.270,0.831
2025-12-04T05:55:53.727467,1.599,-1.335,1.270,0.831
2025-12-04T05:55:53.757377,1.599,-1.335,1.270,0.831
2025-12-04T05:55:53.789346,1.599,-1.335,1.270,0.831
2025-12-04T05:55:53.819886,1.599,-1.335,1.270,0.831
2025-12-04T05:55:53.854204,1.599,-1.335,1.270,0.831
2025-12-04T05:55:53.887327,1.599,-1.335,1.270,0.831
2025-12-04T05:55:53.917915,1.599,-1.335,1.270,0.831
2025-12-04T05:55:53.953081,1.599,-1.335,1.270,0.831
2025-12-04T05:55:53.984341,1.599,-1.335,1.270,0.831
2025-12-04T05:55:54.017649,1.599,-1.335,1.270,0.831
2025-12-04T05:55:54.053489,1.599,-1.335,1.270,0.831
2025-12-04T05:55:54.085039,1.599,-1.335,1.270,0.831
2025-12-04T05:55:54.115483,1.599,-1.335,1.270,0.831
2025-12-04T05:55:54.146467,1.599,-1.335,1.270,0.831
2025-12-04T05:55:54.177158,1.599,-1.335,1.270,0.831
2025-12-04T05:55:54.209673,1.599,-1.335,1.270,0.831
2025-12-04T05:55:54.240213,1.599,-1.335,1.270,0.831
2025-12-04T05:55:54.273696,1.599,-1.335,1.270,0.831
2025-12-04T05:55:54.309472,1.599,-1.335,1.270,0.831
2025-12-04T05:55:54.347751,1.599,-1.335,1.270,0.831
2025-12-04T05:55:54.380894,1.599,-1.335,1.270,0.831
2025-12-04T05:55:54.412673,1.599,-1.335,1.270,0.831
2025-12-04T05:55:54.445241,1.599,-1.335,1.270,0.831
2025-12-04T05:55:54.474173,1.599,-1.335,1.270,0.831
2025-12-04T05:55:54.505437,1.599,-1.335,1.270,0.831
2025-12-04T05:55:54.537137,1.599,-1.335,1.270,0.831
2025-12-04T05:55:54.568892,1.599,-1.335,1.270,0.831
2025-12-04T05:55:54.604629,1.599,-1.335,1.270,0.831
2025-12-04T05:55:54.637052,1.599,-1.335,1.270,0.831
2025-12-04T05:55:54.669418,1.599,-1.335,1.270,0.831
2025-12-04T05:55:54.699843,1.599,-1.335,1.270,0.831
2025-12-04T05:55:54.729878,1.599,-1.335,1.270,0.831
2025-12-04T05:55:54.763794,1.599,-1.335,1.270,0.831
2025-12-04T05:55:54.795821,1.599,-1.335,1.270,0.831
2025-12-04T05:55:54.828999,1.599,-1.335,1.270,0.831
2025-12-04T05:55:54.864699,1.599,-1.335,1.270,0.831
2025-12-04T05:55:54.895599,1.599,-1.335,1.270,0.831
2025-12-04T05:55:54.927335,1.599,-1.335,1.270,0.831
2025-12-04T05:55:54.960919,1.599,-1.335,1.270,0.831
2025-12-04T05:55:54.992063,1.599,-1.335,1.270,0.831
2025-12-04T05:55:55.025568,1.599,-1.335,1.270,0.831
2025-12-04T05:55:55.056761,1.599,-1.335,1.270,0.831
2025-12-04T05:55:55.089109,1.599,-1.335,1.270,0.831
2025-12-04T05:55:55.122250,1.599,-1.335,1.270,0.831
2025-12-04T05:55:55.155767,1.599,-1.335,1.270,0.831
2025-12-04T05:55:55.190025,1.599,-1.335,1.270,0.831
2025-12-04T05:55:55.217213,1.599,-1.335,1.270,0.831
2025-12-04T05:55:55.249406,1.599,-1.335,1.270,0.831
2025-12-04T05:55:55.279631,1.599,-1.335,1.270,0.831
2025-12-04T05:55:55.313626,1.599,-1.335,1.270,0.831
2025-12-04T05:55:55.345747,1.599,-1.335,1.270,0.831
2025-12-04T05:55:55.377596,1.599,-1.335,1.270,0.831
2025-12-04T05:55:55.409777,1.599,-1.335,1.270,0.831
2025-12-04T05:55:55.443165,1.599,-1.335,1.270,0.831
2025-12-04T05:55:55.479344,1.599,-1.335,1.270,0.831
2025-12-04T05:55:55.512817,1.599,-1.335,1.270,0.831
2025-12-04T05:55:55.548205,1.599,-1.335,1.270,0.831
2025-12-04T05:55:55.578064,1.599,-1.335,1.270,0.831
2025-12-04T05:55:55.609225,1.599,-1.335,1.270,0.831
2025-12-04T05:55:55.641179,1.599,-1.335,1.270,0.831
2025-12-04T05:55:55.672200,1.599,-1.335,1.270,0.831
2025-12-04T05:55:55.705643,1.599,-1.335,1.270,0.831
2025-12-04T05:55:55.739833,1.599,-1.335,1.270,0.831
2025-12-04T05:55:55.772057,1.599,-1.335,1.270,0.831
2025-12-04T05:55:55.805828,1.599,-1.335,1.270,0.831
2025-12-04T05:55:55.837173,1.599,-1.335,1.270,0.831
2025-12-04T05:55:55.865651,1.599,-1.335,1.270,0.831
2025-12-04T05:55:55.897594,1.599,-1.335,1.270,0.831
2025-12-04T05:55:55.930330,1.599,-1.335,1.270,0.831
2025-12-04T05:55:55.965668,1.599,-1.335,1.270,0.831
2025-12-04T05:55:56.002115,1.599,-1.335,1.270,0.831
2025-12-04T05:55:56.032957,1.599,-1.335,1.270,0.831
2025-12-04T05:55:56.065405,1.599,-1.335,1.270,0.831
2025-12-04T05:55:56.096587,1.599,-1.335,1.270,0.831
2025-12-04T05:55:56.126458,1.599,-1.335,1.270,0.831
2025-12-04T05:55:56.159691,1.599,-1.335,1.270,0.831
2025-12-04T05:55:56.191185,1.599,-1.335,1.270,0.831
2025-12-04T05:55:56.223399,1.599,-1.335,1.270,0.831
2025-12-04T05:55:56.260779,1.599,-1.335,1.270,0.831
2025-12-04T05:55:56.289545,1.599,-1.335,1.270,0.831
2025-12-04T05:55:56.321294,1.599,-1.335,1.270,0.831
2025-12-04T05:55:56.354136,1.599,-1.335,1.270,0.831
2025-12-04T05:55:56.382412,1.599,-1.335,1.270,0.831
2025-12-04T05:55:56.413260,1.599,-1.335,1.270,0.831
2025-12-04T05:55:56.446226,1.599,-1.335,1.270,0.831
2025-12-04T05:55:56.481691,1.599,-1.335,1.270,0.831
2025-12-04T05:55:56.515600,1.599,-1.335,1.270,0.831
2025-12-04T05:55:56.547755,1.599,-1.335,1.270,0.831
2025-12-04T05:55:56.579344,1.599,-1.335,1.270,0.831
2025-12-04T05:55:56.612850,1.599,-1.335,1.270,0.831
2025-12-04T05:55:56.644393,1.599,-1.335,1.270,0.831
2025-12-04T05:55:56.675771,1.599,-1.335,1.270,0.831
2025-12-04T05:55:56.708645,1.599,-1.335,1.270,0.831
2025-12-04T05:55:56.740573,1.599,-1.335,1.270,0.831
2025-12-04T05:55:56.774855,1.599,-1.335,1.270,0.831
2025-12-04T05:55:56.808537,1.599,-1.335,1.270,0.831
2025-12-04T05:55:56.839876,1.599,-1.335,1.270,0.831
2025-12-04T05:55:56.870623,1.599,-1.335,1.270,0.831
2025-12-04T05:55:56.905581,1.599,-1.335,1.270,0.831
2025-12-04T05:55:56.936421,1.599,-1.335,1.270,0.831
2025-12-04T05:55:56.968433,1.599,-1.335,1.270,0.831
2025-12-04T05:55:57.000632,1.599,-1.335,1.270,0.831
2025-12-04T05:55:57.032446,1.599,-1.335,1.270,0.831
2025-12-04T05:55:57.064433,1.599,-1.335,1.270,0.831
2025-12-04T05:55:57.096141,1.599,-1.335,1.270,0.831
2025-12-04T05:55:57.127863,1.599,-1.335,1.270,0.831
2025-12-04T05:55:57.163655,1.599,-1.335,1.270,0.831
2025-12-04T05:55:57.199850,1.599,-1.335,1.270,0.831
2025-12-04T05:55:57.236370,1.599,-1.335,1.270,0.831
2025-12-04T05:55:57.265077,1.599,-1.335,1.270,0.831
2025-12-04T05:55:57.297166,1.599,-1.335,1.270,0.831
2025-12-04T05:55:57.327053,1.599,-1.335,1.270,0.831
2025-12-04T05:55:57.357695,1.599,-1.335,1.270,0.831
2025-12-04T05:55:57.389177,1.599,-1.335,1.270,0.831
2025-12-04T05:55:57.421876,1.599,-1.335,1.270,0.831
2025-12-04T05:55:57.456073,1.599,-1.335,1.270,0.831
2025-12-04T05:55:57.489206,1.599,-1.335,1.270,0.831
2025-12-04T05:55:57.521975,1.599,-1.335,1.270,0.831
2025-12-04T05:55:57.555572,1.599,-1.335,1.270,0.831
2025-12-04T05:55:57.587908,1.599,-1.335,1.270,0.831
2025-12-04T05:55:57.619847,1.599,-1.335,1.270,0.831
2025-12-04T05:55:57.652577,1.599,-1.335,1.270,0.831
2025-12-04T05:55:57.683674,1.599,-1.335,1.270,0.831
2025-12-04T05:55:57.716615,1.599,-1.335,1.270,0.831
2025-12-04T05:55:57.746177,1.599,-1.335,1.270,0.831
2025-12-04T05:55:57.779365,1.599,-1.335,1.270,0.831
2025-12-04T05:55:57.813082,1.599,-1.335,1.270,0.831
2025-12-04T05:55:57.845614,1.599,-1.335,1.270,0.831
2025-12-04T05:55:57.880800,1.599,-1.335,1.270,0.831
2025-12-04T05:55:57.913448,1.599,-1.335,1.270,0.831
2025-12-04T05:55:57.948138,1.599,-1.335,1.270,0.831
2025-12-04T05:55:57.977983,1.599,-1.335,1.270,0.831
2025-12-04T05:55:58.008030,1.599,-1.335,1.270,0.831
2025-12-04T05:55:58.041574,1.599,-1.335,1.270,0.831
2025-12-04T05:55:58.074471,1.599,-1.335,1.270,0.831
2025-12-04T05:55:58.108842,1.599,-1.335,1.270,0.831
2025-12-04T05:55:58.140121,1.599,-1.335,1.270,0.831
2025-12-04T05:55:58.173294,1.599,-1.335,1.270,0.831
2025-12-04T05:55:58.201746,1.599,-1.335,1.270,0.831
2025-12-04T05:55:58.231796,1.599,-1.335,1.270,0.831
2025-12-04T05:55:58.265710,1.599,-1.335,1.270,0.831
2025-12-04T05:55:58.297227,1.599,-1.335,1.270,0.831
2025-12-04T05:55:58.329861,1.599,-1.335,1.270,0.831
2025-12-04T05:55:58.365198,1.599,-1.335,1.270,0.831
2025-12-04T05:55:58.398418,1.599,-1.335,1.270,0.831
2025-12-04T05:55:58.435742,1.599,-1.335,1.270,0.831
2025-12-04T05:55:58.464487,1.599,-1.335,1.270,0.831
2025-12-04T05:55:58.497541,1.599,-1.335,1.270,0.831
2025-12-04T05:55:58.527355,1.599,-1.335,1.270,0.831
2025-12-04T05:55:58.557416,1.599,-1.335,1.270,0.831
2025-12-04T05:55:58.587346,1.599,-1.335,1.270,0.831
2025-12-04T05:55:58.622287,1.599,-1.335,1.270,0.831
2025-12-04T05:55:58.655759,1.599,-1.335,1.270,0.831
2025-12-04T05:55:58.688870,1.599,-1.335,1.270,0.831
2025-12-04T05:55:58.731701,1.599,-1.335,1.270,0.831
2025-12-04T05:55:58.762621,1.599,-1.335,1.270,0.831
2025-12-04T05:55:58.795149,1.599,-1.335,1.270,0.831
2025-12-04T05:55:58.825570,1.599,-1.335,1.270,0.831
2025-12-04T05:55:58.855526,1.599,-1.335,1.270,0.831
2025-12-04T05:55:58.887512,1.599,-1.335,1.270,0.831
2025-12-04T05:55:58.918837,1.599,-1.335,1.270,0.831
2025-12-04T05:55:58.951498,1.599,-1.335,1.270,0.831
2025-12-04T05:55:58.984334,1.599,-1.335,1.270,0.831
2025-12-04T05:55:59.025943,1.599,-1.335,1.270,0.831
2025-12-04T05:55:59.048321,1.599,-1.335,1.270,0.831
2025-12-04T05:55:59.083044,1.599,-1.335,1.270,0.831
2025-12-04T05:55:59.114210,1.599,-1.335,1.270,0.831
2025-12-04T05:55:59.146656,1.599,-1.335,1.270,0.831
2025-12-04T05:55:59.177393,1.599,-1.335,1.270,0.831
2025-12-04T05:55:59.211524,1.599,-1.335,1.270,0.831
2025-12-04T05:55:59.242876,1.599,-1.335,1.270,0.831
2025-12-04T05:55:59.275483,1.599,-1.335,1.270,0.831
2025-12-04T05:55:59.307370,1.599,-1.335,1.270,0.831
2025-12-04T05:55:59.340751,1.599,-1.335,1.270,0.831
2025-12-04T05:55:59.374705,1.599,-1.335,1.270,0.831
2025-12-04T05:55:59.411167,1.599,-1.335,1.270,0.831
2025-12-04T05:55:59.442077,1.599,-1.335,1.270,0.831
2025-12-04T05:55:59.473842,1.599,-1.335,1.270,0.831
2025-12-04T05:55:59.504717,1.599,-1.335,1.270,0.831
2025-12-04T05:55:59.534536,1.599,-1.335,1.270,0.831
2025-12-04T05:55:59.567660,1.599,-1.335,1.270,0.831
2025-12-04T05:55:59.601654,1.599,-1.335,1.270,0.831
2025-12-04T05:55:59.633586,1.599,-1.335,1.270,0.831
2025-12-04T05:55:59.668816,1.599,-1.335,1.270,0.831
2025-12-04T05:55:59.703255,1.599,-1.335,1.270,0.831
2025-12-04T05:55:59.734313,1.599,-1.335,1.270,0.831
2025-12-04T05:55:59.765205,1.599,-1.335,1.270,0.831
2025-12-04T05:55:59.797623,1.599,-1.335,1.270,0.831
2025-12-04T05:55:59.829313,1.599,-1.335,1.270,0.831
2025-12-04T05:55:59.861758,1.599,-1.335,1.270,0.831
2025-12-04T05:55:59.894755,1.599,-1.335,1.270,0.831
2025-12-04T05:55:59.925462,1.599,-1.335,1.270,0.831
2025-12-04T05:55:59.961584,1.599,-1.335,1.270,0.831
2025-12-04T05:55:59.998314,1.599,-1.335,1.270,0.831
2025-12-04T05:56:00.029611,1.599,-1.335,1.270,0.831
2025-12-04T05:56:00.065738,1.599,-1.335,1.270,0.831
2025-12-04T05:56:00.096660,1.599,-1.335,1.270,0.831
2025-12-04T05:56:00.127520,1.599,-1.335,1.270,0.831
2025-12-04T05:56:00.158017,1.599,-1.335,1.270,0.831
2025-12-04T05:56:00.191389,1.599,-1.335,1.270,0.831
2025-12-04T05:56:00.223483,1.599,-1.335,1.270,0.831
2025-12-04T05:56:00.257431,1.599,-1.335,1.270,0.831
2025-12-04T05:56:00.290482,1.599,-1.335,1.270,0.831
2025-12-04T05:56:00.324794,1.599,-1.335,1.270,0.831
2025-12-04T05:56:00.361523,1.599,-1.335,1.270,0.831
2025-12-04T05:56:00.396483,1.599,-1.335,1.270,0.831
2025-12-04T05:56:00.425010,1.599,-1.335,1.270,0.831
2025-12-04T05:56:00.457992,1.599,-1.335,1.270,0.831
2025-12-04T05:56:00.486503,1.599,-1.335,1.270,0.831
2025-12-04T05:56:00.517459,1.599,-1.335,1.270,0.831
2025-12-04T05:56:00.549508,1.599,-1.335,1.270,0.831
2025-12-04T05:56:00.581841,1.599,-1.335,1.270,0.831
2025-12-04T05:56:00.615596,1.599,-1.335,1.270,0.831
2025-12-04T05:56:00.649729,1.599,-1.335,1.270,0.831
2025-12-04T05:56:00.681810,1.599,-1.335,1.270,0.831
2025-12-04T05:56:00.713740,1.599,-1.335,1.270,0.831
2025-12-04T05:56:00.746789,1.599,-1.335,1.270,0.831
2025-12-04T05:56:00.780457,1.599,-1.335,1.270,0.831
2025-12-04T05:56:00.812113,1.599,-1.335,1.270,0.831
2025-12-04T05:56:00.845804,1.599,-1.335,1.270,0.831
2025-12-04T05:56:00.876514,1.599,-1.335,1.270,0.831
2025-12-04T05:56:00.911267,1.599,-1.335,1.270,0.831
2025-12-04T05:56:00.946194,1.599,-1.335,1.270,0.831
2025-12-04T05:56:00.978593,1.599,-1.335,1.270,0.831
2025-12-04T05:56:01.011505,1.599,-1.335,1.270,0.831
2025-12-04T05:56:01.042528,1.599,-1.335,1.270,0.831
2025-12-04T05:56:01.072318,1.599,-1.335,1.270,0.831
2025-12-04T05:56:01.107717,1.599,-1.335,1.270,0.831
2025-12-04T05:56:01.140724,1.599,-1.335,1.270,0.831
2025-12-04T05:56:01.172763,1.599,-1.335,1.270,0.831
2025-12-04T05:56:01.204995,1.599,-1.335,1.270,0.831
2025-12-04T05:56:01.237667,1.599,-1.335,1.270,0.831
2025-12-04T05:56:01.271517,1.599,-1.335,1.270,0.831
2025-12-04T05:56:01.304452,1.599,-1.335,1.270,0.831
2025-12-04T05:56:01.336640,1.599,-1.335,1.270,0.831
2025-12-04T05:56:01.368308,1.599,-1.335,1.270,0.831
2025-12-04T05:56:01.400121,1.599,-1.335,1.270,0.831
2025-12-04T05:56:01.431319,1.599,-1.335,1.270,0.831
2025-12-04T05:56:01.468695,1.599,-1.335,1.270,0.831
2025-12-04T05:56:01.500225,1.599,-1.335,1.270,0.831
2025-12-04T05:56:01.532638,1.599,-1.335,1.270,0.831
2025-12-04T05:56:01.564317,1.599,-1.335,1.270,0.831
2025-12-04T05:56:01.596440,1.599,-1.335,1.270,0.831
2025-12-04T05:56:01.624461,1.599,-1.335,1.270,0.831
2025-12-04T05:56:01.657244,1.599,-1.335,1.270,0.831
2025-12-04T05:56:01.689527,1.599,-1.335,1.270,0.831
2025-12-04T05:56:01.720970,1.599,-1.335,1.270,0.831
2025-12-04T05:56:01.757605,1.599,-1.335,1.270,0.831
2025-12-04T05:56:01.789374,1.599,-1.335,1.270,0.831
2025-12-04T05:56:01.821116,1.599,-1.335,1.270,0.831
2025-12-04T05:56:01.853172,1.599,-1.335,1.270,0.831
2025-12-04T05:56:01.884372,1.599,-1.335,1.270,0.831
2025-12-04T05:56:01.915870,1.599,-1.335,1.270,0.831
2025-12-04T05:56:01.951899,1.599,-1.335,1.270,0.831
2025-12-04T05:56:01.987112,1.599,-1.335,1.270,0.831
2025-12-04T05:56:02.019084,1.599,-1.335,1.270,0.831
2025-12-04T05:56:02.052326,1.599,-1.335,1.270,0.831
2025-12-04T05:56:02.082682,1.599,-1.335,1.270,0.831
2025-12-04T05:56:02.112154,1.599,-1.335,1.270,0.831
2025-12-04T05:56:02.144191,1.599,-1.335,1.270,0.831
2025-12-04T05:56:02.175493,1.599,-1.335,1.270,0.831
2025-12-04T05:56:02.208378,1.599,-1.335,1.270,0.831
2025-12-04T05:56:02.239778,1.599,-1.335,1.270,0.831
2025-12-04T05:56:02.274205,1.599,-1.335,1.270,0.831
2025-12-04T05:56:02.308625,1.599,-1.335,1.270,0.831
2025-12-04T05:56:02.340270,1.599,-1.335,1.270,0.831
2025-12-04T05:56:02.370977,1.599,-1.335,1.270,0.831
2025-12-04T05:56:02.401140,1.599,-1.335,1.270,0.831
2025-12-04T05:56:02.432916,1.599,-1.335,1.270,0.831
2025-12-04T05:56:02.468616,1.599,-1.335,1.270,0.831
2025-12-04T05:56:02.504680,1.599,-1.335,1.270,0.831
2025-12-04T05:56:02.536515,1.599,-1.335,1.270,0.831
2025-12-04T05:56:02.569641,1.599,-1.335,1.270,0.831
2025-12-04T05:56:02.599359,1.599,-1.335,1.270,0.831
2025-12-04T05:56:02.630485,1.599,-1.335,1.270,0.831
2025-12-04T05:56:02.664770,1.599,-1.335,1.270,0.831
2025-12-04T05:56:02.693191,1.599,-1.335,1.270,0.831
2025-12-04T05:56:02.725340,1.599,-1.335,1.270,0.831
2025-12-04T05:56:02.761638,1.599,-1.335,1.270,0.831
2025-12-04T05:56:02.792678,1.599,-1.335,1.270,0.831
2025-12-04T05:56:02.825694,1.599,-1.335,1.270,0.831
2025-12-04T05:56:02.858212,1.599,-1.335,1.270,0.831
2025-12-04T05:56:02.898466,1.599,-1.335,1.270,0.831
2025-12-04T05:56:02.930863,1.599,-1.335,1.270,0.831
2025-12-04T05:56:02.963465,1.599,-1.335,1.270,0.831
2025-12-04T05:56:02.996355,1.599,-1.335,1.270,0.831
2025-12-04T05:56:03.029667,1.599,-1.335,1.270,0.831
2025-12-04T05:56:03.064102,1.599,-1.335,1.270,0.831
2025-12-04T05:56:03.097929,1.599,-1.335,1.270,0.831
2025-12-04T05:56:03.129960,1.599,-1.335,1.270,0.831
2025-12-04T05:56:03.163101,1.599,-1.335,1.270,0.831
2025-12-04T05:56:03.195052,1.599,-1.335,1.270,0.831
2025-12-04T05:56:03.226251,1.599,-1.335,1.270,0.831
2025-12-04T05:56:03.258475,1.599,-1.335,1.270,0.831
2025-12-04T05:56:03.293716,1.599,-1.335,1.270,0.831
2025-12-04T05:56:03.328532,1.599,-1.335,1.270,0.831
2025-12-04T05:56:03.361006,1.599,-1.335,1.270,0.831
2025-12-04T05:56:03.392327,1.599,-1.335,1.270,0.831
2025-12-04T05:56:03.423009,1.599,-1.335,1.270,0.831
2025-12-04T05:56:03.455458,1.599,-1.335,1.270,0.831
2025-12-04T05:56:03.487742,1.599,-1.335,1.270,0.831
2025-12-04T05:56:03.520068,1.599,-1.335,1.270,0.831
2025-12-04T05:56:03.555244,1.599,-1.335,1.270,0.831
2025-12-04T05:56:03.586102,1.599,-1.335,1.270,0.831
2025-12-04T05:56:03.619465,1.599,-1.335,1.270,0.831
2025-12-04T05:56:03.651316,1.599,-1.335,1.270,0.831
2025-12-04T05:56:03.680712,1.599,-1.335,1.270,0.831
2025-12-04T05:56:03.714973,1.599,-1.335,1.270,0.831
2025-12-04T05:56:03.744807,1.599,-1.335,1.270,0.831
2025-12-04T05:56:03.776685,1.599,-1.335,1.270,0.831
2025-12-04T05:56:03.813054,1.599,-1.335,1.270,0.831
2025-12-04T05:56:03.844762,1.599,-1.335,1.270,0.831
2025-12-04T05:56:03.875972,1.599,-1.335,1.270,0.831
2025-12-04T05:56:03.908449,1.599,-1.335,1.270,0.831
2025-12-04T05:56:03.938954,1.599,-1.335,1.270,0.831
2025-12-04T05:56:03.974844,1.599,-1.335,1.270,0.831
2025-12-04T05:56:04.007552,1.599,-1.335,1.270,0.831
2025-12-04T05:56:04.039858,1.599,-1.335,1.270,0.831
2025-12-04T05:56:04.076907,1.599,-1.335,1.270,0.831
2025-12-04T05:56:04.106709,1.599,-1.335,1.270,0.831
2025-12-04T05:56:04.139681,1.599,-1.335,1.270,0.831
2025-12-04T05:56:04.171757,1.599,-1.335,1.270,0.831
2025-12-04T05:56:04.202924,1.599,-1.335,1.270,0.831
2025-12-04T05:56:04.232243,1.599,-1.335,1.270,0.831
2025-12-04T05:56:04.268581,1.599,-1.335,1.270,0.831
2025-12-04T05:56:04.299947,1.599,-1.335,1.270,0.831
2025-12-04T05:56:04.333288,1.599,-1.335,1.270,0.831
2025-12-04T05:56:04.366955,1.599,-1.335,1.270,0.831
2025-12-04T05:56:04.399582,1.599,-1.335,1.270,0.831
2025-12-04T05:56:04.431653,1.599,-1.335,1.270,0.831
2025-12-04T05:56:04.463473,1.599,-1.335,1.270,0.831
2025-12-04T05:56:04.495925,1.599,-1.335,1.270,0.831
2025-12-04T05:56:04.528162,1.599,-1.335,1.270,0.831
2025-12-04T05:56:04.563849,1.599,-1.335,1.270,0.831
2025-12-04T05:56:04.596219,1.599,-1.335,1.270,0.831
2025-12-04T05:56:04.628845,1.599,-1.335,1.270,0.831
2025-12-04T05:56:04.661436,1.599,-1.335,1.270,0.831
2025-12-04T05:56:04.690944,1.599,-1.335,1.270,0.831
2025-12-04T05:56:04.724481,1.599,-1.335,1.270,0.831
2025-12-04T05:56:04.755435,1.599,-1.335,1.270,0.831
2025-12-04T05:56:04.788431,1.599,-1.335,1.270,0.831
2025-12-04T05:56:04.821297,1.599,-1.335,1.270,0.831
2025-12-04T05:56:04.852765,1.599,-1.335,1.270,0.831
2025-12-04T05:56:04.885367,1.599,-1.335,1.270,0.831
2025-12-04T05:56:04.916258,1.599,-1.335,1.270,0.831
2025-12-04T05:56:04.949217,1.599,-1.335,1.270,0.831
2025-12-04T05:56:04.979851,1.599,-1.335,1.270,0.831
2025-12-04T05:56:05.012909,1.599,-1.335,1.270,0.831
2025-12-04T05:56:05.047201,1.599,-1.335,1.270,0.831
2025-12-04T05:56:05.079773,1.599,-1.335,1.270,0.831
2025-12-04T05:56:05.115577,1.599,-1.335,1.270,0.831
2025-12-04T05:56:05.149251,1.599,-1.335,1.270,0.831
2025-12-04T05:56:05.181848,1.599,-1.335,1.270,0.831
2025-12-04T05:56:05.215532,1.599,-1.335,1.270,0.831
2025-12-04T05:56:05.248046,1.599,-1.335,1.270,0.831
2025-12-04T05:56:05.278863,1.599,-1.335,1.270,0.831
2025-12-04T05:56:05.310964,1.599,-1.335,1.270,0.831
2025-12-04T05:56:05.347583,1.599,-1.335,1.270,0.831
2025-12-04T05:56:05.377526,1.599,-1.335,1.270,0.831
2025-12-04T05:56:05.412008,1.599,-1.335,1.270,0.831
2025-12-04T05:56:05.444523,1.599,-1.335,1.270,0.831
2025-12-04T05:56:05.474076,1.599,-1.335,1.270,0.831
2025-12-04T05:56:05.504514,1.599,-1.335,1.270,0.831
2025-12-04T05:56:05.537357,1.599,-1.335,1.270,0.831
2025-12-04T05:56:05.568012,1.599,-1.335,1.270,0.831
2025-12-04T05:56:05.605094,1.599,-1.335,1.270,0.831
2025-12-04T05:56:05.637086,1.599,-1.335,1.270,0.831
2025-12-04T05:56:05.673534,1.599,-1.335,1.270,0.831
2025-12-04T05:56:05.704800,1.599,-1.335,1.270,0.831
2025-12-04T05:56:05.734539,1.599,-1.335,1.270,0.831
2025-12-04T05:56:05.765117,1.599,-1.335,1.270,0.831
2025-12-04T05:56:05.796835,1.599,-1.335,1.270,0.831
2025-12-04T05:56:05.828223,1.599,-1.335,1.270,0.831
2025-12-04T05:56:05.859665,1.599,-1.335,1.270,0.831
2025-12-04T05:56:05.892185,1.599,-1.335,1.270,0.831
2025-12-04T05:56:05.926179,1.599,-1.335,1.270,0.831
2025-12-04T05:56:05.958968,1.599,-1.335,1.270,0.831
2025-12-04T05:56:05.992804,1.599,-1.335,1.270,0.831
2025-12-04T05:56:06.025154,1.599,-1.335,1.270,0.831
2025-12-04T05:56:06.056496,1.599,-1.335,1.270,0.831
2025-12-04T05:56:06.090327,1.599,-1.335,1.270,0.831
2025-12-04T05:56:06.124924,1.599,-1.335,1.270,0.831
2025-12-04T05:56:06.154978,1.599,-1.335,1.270,0.831
2025-12-04T05:56:06.195673,1.599,-1.335,1.270,0.831
2025-12-04T05:56:06.222536,1.599,-1.335,1.270,0.831
2025-12-04T05:56:06.254942,1.599,-1.335,1.270,0.831
2025-12-04T05:56:06.286664,1.599,-1.335,1.270,0.831
2025-12-04T05:56:06.319695,1.599,-1.335,1.270,0.831
2025-12-04T05:56:06.351092,1.599,-1.335,1.270,0.831
2025-12-04T05:56:06.381279,1.599,-1.335,1.270,0.831
2025-12-04T05:56:06.415805,1.599,-1.335,1.270,0.831
2025-12-04T05:56:06.447624,1.599,-1.335,1.270,0.831
2025-12-04T05:56:06.481178,1.599,-1.335,1.270,0.831
2025-12-04T05:56:06.515971,1.599,-1.335,1.270,0.831
2025-12-04T05:56:06.549743,1.599,-1.335,1.270,0.831
2025-12-04T05:56:06.581618,1.599,-1.335,1.270,0.831
2025-12-04T05:56:06.615857,1.599,-1.335,1.270,0.831
2025-12-04T05:56:06.648827,1.599,-1.335,1.270,0.831
2025-12-04T05:56:06.678739,1.599,-1.335,1.270,0.831
2025-12-04T05:56:06.712011,1.599,-1.335,1.270,0.831
2025-12-04T05:56:06.746277,1.599,-1.335,1.270,0.831
2025-12-04T05:56:06.776485,1.599,-1.335,1.270,0.831
2025-12-04T05:56:06.807844,1.599,-1.335,1.270,0.831
2025-12-04T05:56:06.838591,1.599,-1.335,1.270,0.831
2025-12-04T05:56:06.871764,1.599,-1.335,1.270,0.831
2025-12-04T05:56:06.910296,1.599,-1.335,1.270,0.831
2025-12-04T05:56:06.940082,1.599,-1.335,1.270,0.831
2025-12-04T05:56:06.972778,1.599,-1.335,1.270,0.831
2025-12-04T05:56:07.008727,1.599,-1.335,1.270,0.831
2025-12-04T05:56:07.040373,1.599,-1.335,1.270,0.831
2025-12-04T05:56:07.072842,1.599,-1.335,1.270,0.831
2025-12-04T05:56:07.105162,1.599,-1.335,1.270,0.831
2025-12-04T05:56:07.134312,1.599,-1.335,1.270,0.831
2025-12-04T05:56:07.167605,1.599,-1.335,1.270,0.831
2025-12-04T05:56:07.198882,1.599,-1.335,1.270,0.831
2025-12-04T05:56:07.230258,1.599,-1.335,1.270,0.831
2025-12-04T05:56:07.263649,1.599,-1.335,1.270,0.831
2025-12-04T05:56:07.295178,1.599,-1.335,1.270,0.831
2025-12-04T05:56:07.328838,1.599,-1.335,1.270,0.831
2025-12-04T05:56:07.362549,1.599,-1.335,1.270,0.831
2025-12-04T05:56:07.395827,1.599,-1.335,1.270,0.831
2025-12-04T05:56:07.429088,1.599,-1.335,1.270,0.831
2025-12-04T05:56:07.461467,1.599,-1.335,1.270,0.831
2025-12-04T05:56:07.490382,1.599,-1.335,1.270,0.831
2025-12-04T05:56:07.520480,1.599,-1.335,1.270,0.831
2025-12-04T05:56:07.552097,1.599,-1.335,1.270,0.831
2025-12-04T05:56:07.582159,1.599,-1.335,1.270,0.831
2025-12-04T05:56:07.615759,1.599,-1.335,1.270,0.831
2025-12-04T05:56:07.648327,1.599,-1.335,1.270,0.831
2025-12-04T05:56:07.682876,1.599,-1.335,1.270,0.831
2025-12-04T05:56:07.715004,1.599,-1.335,1.270,0.831
2025-12-04T05:56:07.744554,1.599,-1.335,1.270,0.831
2025-12-04T05:56:07.777176,1.599,-1.335,1.270,0.831
2025-12-04T05:56:07.807966,1.599,-1.335,1.270,0.831
2025-12-04T05:56:07.840277,1.599,-1.335,1.270,0.831
2025-12-04T05:56:07.872363,1.599,-1.335,1.270,0.831
2025-12-04T05:56:07.910624,1.599,-1.335,1.270,0.831
2025-12-04T05:56:07.944959,1.599,-1.335,1.270,0.831
2025-12-04T05:56:07.979628,1.599,-1.335,1.270,0.831
2025-12-04T05:56:08.010678,1.599,-1.335,1.270,0.831
2025-12-04T05:56:08.038543,1.599,-1.335,1.270,0.831
2025-12-04T05:56:08.068848,1.599,-1.335,1.270,0.831
2025-12-04T05:56:08.099853,1.599,-1.335,1.270,0.831
2025-12-04T05:56:08.130095,1.599,-1.335,1.270,0.831
2025-12-04T05:56:08.164736,1.599,-1.335,1.270,0.831
2025-12-04T05:56:08.202836,1.599,-1.335,1.270,0.831
2025-12-04T05:56:08.229681,1.599,-1.335,1.270,0.831
2025-12-04T05:56:08.264799,1.599,-1.335,1.270,0.831
2025-12-04T05:56:08.296893,1.599,-1.335,1.270,0.831
2025-12-04T05:56:08.328951,1.599,-1.335,1.270,0.831
2025-12-04T05:56:08.360873,1.599,-1.335,1.270,0.831
2025-12-04T05:56:08.392728,1.599,-1.335,1.270,0.831
2025-12-04T05:56:08.427413,1.599,-1.335,1.270,0.831
2025-12-04T05:56:08.460867,1.599,-1.335,1.270,0.831
2025-12-04T05:56:08.492817,1.599,-1.335,1.270,0.831
2025-12-04T05:56:08.523266,1.599,-1.335,1.270,0.831
2025-12-04T05:56:08.560552,1.599,-1.335,1.270,0.831
2025-12-04T05:56:08.590205,1.599,-1.335,1.270,0.831
2025-12-04T05:56:08.623451,1.599,-1.335,1.270,0.831
2025-12-04T05:56:08.655766,1.599,-1.335,1.270,0.831
2025-12-04T05:56:08.685802,1.599,-1.335,1.270,0.831
2025-12-04T05:56:08.718482,1.599,-1.335,1.270,0.831
2025-12-04T05:56:08.751289,1.599,-1.335,1.270,0.831
2025-12-04T05:56:08.783516,1.599,-1.335,1.270,0.831
2025-12-04T05:56:08.819034,1.599,-1.335,1.270,0.831
2025-12-04T05:56:08.851259,1.599,-1.335,1.270,0.831
2025-12-04T05:56:08.884811,1.599,-1.335,1.270,0.831
2025-12-04T05:56:08.915346,1.599,-1.335,1.270,0.831
2025-12-04T05:56:08.947496,1.599,-1.335,1.270,0.831
2025-12-04T05:56:08.980397,1.599,-1.335,1.270,0.831
2025-12-04T05:56:09.011730,1.599,-1.335,1.270,0.831
2025-12-04T05:56:09.043204,1.599,-1.335,1.270,0.831
2025-12-04T05:56:09.076475,1.599,-1.335,1.270,0.831
2025-12-04T05:56:09.108966,1.599,-1.335,1.270,0.831
2025-12-04T05:56:09.142701,1.599,-1.335,1.270,0.831
2025-12-04T05:56:09.174524,1.599,-1.335,1.270,0.831
2025-12-04T05:56:09.207646,1.599,-1.335,1.270,0.831
2025-12-04T05:56:09.240616,1.599,-1.335,1.270,0.831
2025-12-04T05:56:09.273088,1.599,-1.335,1.270,0.831
2025-12-04T05:56:09.305990,1.599,-1.335,1.270,0.831
2025-12-04T05:56:09.340223,1.599,-1.335,1.270,0.831
2025-12-04T05:56:09.373097,1.599,-1.335,1.270,0.831
2025-12-04T05:56:09.403007,1.599,-1.335,1.270,0.831
2025-12-04T05:56:09.436833,1.599,-1.335,1.270,0.831
2025-12-04T05:56:09.471549,1.599,-1.335,1.270,0.831
2025-12-04T05:56:09.503273,1.599,-1.335,1.270,0.831
2025-12-04T05:56:09.534966,1.599,-1.335,1.270,0.831
2025-12-04T05:56:09.566761,1.599,-1.335,1.270,0.831
2025-12-04T05:56:09.597337,1.599,-1.335,1.270,0.831
2025-12-04T05:56:09.627737,1.599,-1.335,1.270,0.831
2025-12-04T05:56:09.659052,1.599,-1.335,1.270,0.831
2025-12-04T05:56:09.692824,1.599,-1.335,1.270,0.831
2025-12-04T05:56:09.727445,1.599,-1.335,1.270,0.831
2025-12-04T05:56:09.760824,1.599,-1.335,1.270,0.831
2025-12-04T05:56:09.792511,1.599,-1.335,1.270,0.831
2025-12-04T05:56:09.824975,1.599,-1.335,1.270,0.831
2025-12-04T05:56:09.855581,1.599,-1.335,1.270,0.831
2025-12-04T05:56:09.890435,1.599,-1.335,1.270,0.831
2025-12-04T05:56:09.924733,1.599,-1.335,1.270,0.831
2025-12-04T05:56:09.959550,1.599,-1.335,1.270,0.831
2025-12-04T05:56:09.990390,1.599,-1.335,1.270,0.831
2025-12-04T05:56:10.017537,1.599,-1.335,1.270,0.831
2025-12-04T05:56:10.048689,1.599,-1.335,1.270,0.831
2025-12-04T05:56:10.079805,1.599,-1.335,1.270,0.831
2025-12-04T05:56:10.112371,1.599,-1.335,1.270,0.831
2025-12-04T05:56:10.144708,1.599,-1.335,1.270,0.831
2025-12-04T05:56:10.178628,1.599,-1.335,1.270,0.831
2025-12-04T05:56:10.212532,1.599,-1.335,1.270,0.831
2025-12-04T05:56:10.244690,1.599,-1.335,1.270,0.831
2025-12-04T05:56:10.278673,1.599,-1.335,1.270,0.831
2025-12-04T05:56:10.312752,1.599,-1.335,1.270,0.831
2025-12-04T05:56:10.342451,1.599,-1.335,1.270,0.831
2025-12-04T05:56:10.372926,1.599,-1.335,1.270,0.831
2025-12-04T05:56:10.404409,1.599,-1.335,1.270,0.831
2025-12-04T05:56:10.436622,1.599,-1.335,1.270,0.831
2025-12-04T05:56:10.469340,1.599,-1.335,1.270,0.831
2025-12-04T05:56:10.504102,1.599,-1.335,1.270,0.831
2025-12-04T05:56:10.536931,1.599,-1.335,1.270,0.831
2025-12-04T05:56:10.573044,1.599,-1.335,1.270,0.831
2025-12-04T05:56:10.605553,1.599,-1.335,1.270,0.831
2025-12-04T05:56:10.637767,1.599,-1.335,1.270,0.831
2025-12-04T05:56:10.668013,1.599,-1.335,1.270,0.831
2025-12-04T05:56:10.699199,1.599,-1.335,1.270,0.831
2025-12-04T05:56:10.732698,1.599,-1.335,1.270,0.831
2025-12-04T05:56:10.763712,1.599,-1.335,1.270,0.831
2025-12-04T05:56:10.797240,1.599,-1.335,1.270,0.831
2025-12-04T05:56:10.830894,1.599,-1.335,1.270,0.831
2025-12-04T05:56:10.866773,1.599,-1.335,1.270,0.831
2025-12-04T05:56:10.900414,1.599,-1.335,1.270,0.831
2025-12-04T05:56:10.933671,1.599,-1.335,1.270,0.831
2025-12-04T05:56:10.967824,1.599,-1.335,1.270,0.831
2025-12-04T05:56:10.997206,1.599,-1.335,1.270,0.831
2025-12-04T05:56:11.028022,1.599,-1.335,1.270,0.831
2025-12-04T05:56:11.060636,1.599,-1.335,1.270,0.831
2025-12-04T05:56:11.092939,1.599,-1.335,1.270,0.831
2025-12-04T05:56:11.126336,1.599,-1.335,1.270,0.831
2025-12-04T05:56:11.158928,1.599,-1.335,1.270,0.831
2025-12-04T05:56:11.193210,1.599,-1.335,1.270,0.831
2025-12-04T05:56:11.221430,1.599,-1.335,1.270,0.831
2025-12-04T05:56:11.251719,1.599,-1.335,1.270,0.831
2025-12-04T05:56:11.285005,1.599,-1.335,1.270,0.831
2025-12-04T05:56:11.316551,1.599,-1.335,1.270,0.831
2025-12-04T05:56:11.353072,1.599,-1.335,1.270,0.831
2025-12-04T05:56:11.385275,1.599,-1.335,1.270,0.831
2025-12-04T05:56:11.423300,1.599,-1.335,1.270,0.831
2025-12-04T05:56:11.455941,1.599,-1.335,1.270,0.831
2025-12-04T05:56:11.484760,1.599,-1.335,1.270,0.831
2025-12-04T05:56:11.514644,1.599,-1.335,1.270,0.831
2025-12-04T05:56:11.546770,1.599,-1.335,1.270,0.831
2025-12-04T05:56:11.579623,1.599,-1.335,1.270,0.831
2025-12-04T05:56:11.611978,1.599,-1.335,1.270,0.831
2025-12-04T05:56:11.645980,1.599,-1.335,1.270,0.831
2025-12-04T05:56:11.682955,1.599,-1.335,1.270,0.831
2025-12-04T05:56:11.714970,1.599,-1.335,1.270,0.831
2025-12-04T05:56:11.747046,1.599,-1.335,1.270,0.831
2025-12-04T05:56:11.779430,1.599,-1.335,1.270,0.831
2025-12-04T05:56:11.811380,1.599,-1.335,1.270,0.831
2025-12-04T05:56:11.841966,1.599,-1.335,1.270,0.831
2025-12-04T05:56:11.874756,1.599,-1.335,1.270,0.831
2025-12-04T05:56:11.909157,1.599,-1.335,1.270,0.831
2025-12-04T05:56:11.941379,1.599,-1.335,1.270,0.831
2025-12-04T05:56:11.974597,1.599,-1.335,1.270,0.831
2025-12-04T05:56:12.011966,1.599,-1.335,1.270,0.831
2025-12-04T05:56:12.043409,1.599,-1.335,1.270,0.831
2025-12-04T05:56:12.076355,1.599,-1.335,1.270,0.831
2025-12-04T05:56:12.107513,1.599,-1.335,1.270,0.831
2025-12-04T05:56:12.137404,1.599,-1.335,1.270,0.831
2025-12-04T05:56:12.170944,1.599,-1.335,1.270,0.831
2025-12-04T05:56:12.203016,1.599,-1.335,1.270,0.831
2025-12-04T05:56:12.235421,1.599,-1.335,1.270,0.831
2025-12-04T05:56:12.268338,1.599,-1.335,1.270,0.831
2025-12-04T05:56:12.300321,1.599,-1.335,1.270,0.831
2025-12-04T05:56:12.332269,1.599,-1.335,1.270,0.831
2025-12-04T05:56:12.364916,1.599,-1.335,1.270,0.831
2025-12-04T05:56:12.399774,1.599,-1.335,1.270,0.831
2025-12-04T05:56:12.430824,1.599,-1.335,1.270,0.831
2025-12-04T05:56:12.463838,1.599,-1.335,1.270,0.831
2025-12-04T05:56:12.496255,1.599,-1.335,1.270,0.831
2025-12-04T05:56:12.529873,1.599,-1.335,1.270,0.831
2025-12-04T05:56:12.562894,1.599,-1.335,1.270,0.831
2025-12-04T05:56:12.595900,1.599,-1.335,1.270,0.831
2025-12-04T05:56:12.629542,1.599,-1.335,1.270,0.831
2025-12-04T05:56:12.664440,1.599,-1.335,1.270,0.831
2025-12-04T05:56:12.695529,1.599,-1.335,1.270,0.831
2025-12-04T05:56:12.730459,1.599,-1.335,1.270,0.831
2025-12-04T05:56:12.763613,1.599,-1.335,1.270,0.831
2025-12-04T05:56:12.794177,1.599,-1.335,1.270,0.831
2025-12-04T05:56:12.826354,1.599,-1.335,1.270,0.831
2025-12-04T05:56:12.860100,1.599,-1.335,1.270,0.831
2025-12-04T05:56:12.892865,1.599,-1.335,1.270,0.831
2025-12-04T05:56:12.925459,1.599,-1.335,1.270,0.831
2025-12-04T05:56:12.960230,1.599,-1.335,1.270,0.831
2025-12-04T05:56:12.992090,1.599,-1.335,1.270,0.831
2025-12-04T05:56:13.023647,1.599,-1.335,1.270,0.831
2025-12-04T05:56:13.055793,1.599,-1.335,1.270,0.831
2025-12-04T05:56:13.084494,1.599,-1.335,1.270,0.831
2025-12-04T05:56:13.114523,1.599,-1.335,1.270,0.831
2025-12-04T05:56:13.148042,1.599,-1.335,1.270,0.831
2025-12-04T05:56:13.180883,1.599,-1.335,1.270,0.831
2025-12-04T05:56:13.215235,1.599,-1.335,1.270,0.831
2025-12-04T05:56:13.245870,1.599,-1.335,1.270,0.831
2025-12-04T05:56:13.278386,1.599,-1.335,1.270,0.831
2025-12-04T05:56:13.311246,1.599,-1.335,1.270,0.831
2025-12-04T05:56:13.352964,1.599,-1.335,1.270,0.831
2025-12-04T05:56:13.378031,1.599,-1.335,1.270,0.831
2025-12-04T05:56:13.407972,1.599,-1.335,1.270,0.831
2025-12-04T05:56:13.436239,1.599,-1.335,1.270,0.831
2025-12-04T05:56:13.464575,1.599,-1.335,1.270,0.831
2025-12-04T05:56:13.494696,1.599,-1.335,1.270,0.831
2025-12-04T05:56:13.524894,1.599,-1.335,1.270,0.831
2025-12-04T05:56:13.558156,1.599,-1.335,1.270,0.831
2025-12-04T05:56:13.592260,1.599,-1.335,1.270,0.831
2025-12-04T05:56:13.626847,1.599,-1.335,1.270,0.831
2025-12-04T05:56:13.660433,1.599,-1.335,1.270,0.831
2025-12-04T05:56:13.692457,1.599,-1.335,1.270,0.831
2025-12-04T05:56:13.720758,1.599,-1.335,1.270,0.831
2025-12-04T05:56:13.752431,1.599,-1.335,1.270,0.831
2025-12-04T05:56:13.784603,1.599,-1.335,1.270,0.831
2025-12-04T05:56:13.820910,1.599,-1.335,1.270,0.831
2025-12-04T05:56:13.853089,1.599,-1.335,1.270,0.831
2025-12-04T05:56:13.886392,1.599,-1.335,1.270,0.831
2025-12-04T05:56:13.918743,1.599,-1.335,1.270,0.831
2025-12-04T05:56:13.950452,1.599,-1.335,1.270,0.831
2025-12-04T05:56:13.983421,1.599,-1.335,1.270,0.831
2025-12-04T05:56:14.016657,1.599,-1.335,1.270,0.831
2025-12-04T05:56:14.047526,1.599,-1.335,1.270,0.831
2025-12-04T05:56:14.079411,1.599,-1.335,1.270,0.831
2025-12-04T05:56:14.114654,1.599,-1.335,1.270,0.831
2025-12-04T05:56:14.147229,1.599,-1.335,1.270,0.831
2025-12-04T05:56:14.179766,1.599,-1.335,1.270,0.831
2025-12-04T05:56:14.212003,1.599,-1.335,1.270,0.831
2025-12-04T05:56:14.244354,1.599,-1.335,1.270,0.831
2025-12-04T05:56:14.276271,1.599,-1.335,1.270,0.831
2025-12-04T05:56:14.306888,1.599,-1.335,1.270,0.831
2025-12-04T05:56:14.340251,1.599,-1.335,1.270,0.831
2025-12-04T05:56:14.375229,1.599,-1.335,1.270,0.831
2025-12-04T05:56:14.412218,1.599,-1.335,1.270,0.831
2025-12-04T05:56:14.441460,1.599,-1.335,1.270,0.831
2025-12-04T05:56:14.472325,1.599,-1.335,1.270,0.831
2025-12-04T05:56:14.504717,1.599,-1.335,1.270,0.831
2025-12-04T05:56:14.534394,1.599,-1.335,1.270,0.831
2025-12-04T05:56:14.569041,1.599,-1.335,1.270,0.831
2025-12-04T05:56:14.601056,1.599,-1.335,1.270,0.831
2025-12-04T05:56:14.634997,1.599,-1.335,1.270,0.831
2025-12-04T05:56:14.667750,1.599,-1.335,1.270,0.831
2025-12-04T05:56:14.699239,1.599,-1.335,1.270,0.831
2025-12-04T05:56:14.729661,1.599,-1.335,1.270,0.831
2025-12-04T05:56:14.764805,1.599,-1.335,1.270,0.831
2025-12-04T05:56:14.798253,1.599,-1.335,1.270,0.831
2025-12-04T05:56:14.831177,1.599,-1.335,1.270,0.831
2025-12-04T05:56:14.864014,1.599,-1.335,1.270,0.831
2025-12-04T05:56:14.891134,1.599,-1.335,1.270,0.831
2025-12-04T05:56:14.921747,1.599,-1.335,1.270,0.831
2025-12-04T05:56:14.955411,1.599,-1.335,1.270,0.831
2025-12-04T05:56:14.988081,1.599,-1.335,1.270,0.831
2025-12-04T05:56:15.021677,1.599,-1.335,1.270,0.831
2025-12-04T05:56:15.056964,1.599,-1.335,1.270,0.831
2025-12-04T05:56:15.087239,1.599,-1.335,1.270,0.831
2025-12-04T05:56:15.118025,1.599,-1.335,1.270,0.831
2025-12-04T05:56:15.150290,1.599,-1.335,1.270,0.831
2025-12-04T05:56:15.181512,1.599,-1.335,1.270,0.831
2025-12-04T05:56:15.217210,1.599,-1.335,1.270,0.831
2025-12-04T05:56:15.248503,1.599,-1.335,1.270,0.831
2025-12-04T05:56:15.281730,1.599,-1.335,1.270,0.831
2025-12-04T05:56:15.318527,1.599,-1.335,1.270,0.831
2025-12-04T05:56:15.348747,1.599,-1.335,1.270,0.831
2025-12-04T05:56:15.382833,1.599,-1.335,1.270,0.831
2025-12-04T05:56:15.413852,1.599,-1.335,1.270,0.831
2025-12-04T05:56:15.447047,1.599,-1.335,1.270,0.831
2025-12-04T05:56:15.477561,1.599,-1.335,1.270,0.831
2025-12-04T05:56:15.508809,1.599,-1.335,1.270,0.831
2025-12-04T05:56:15.541467,1.599,-1.335,1.270,0.831
2025-12-04T05:56:15.575470,1.599,-1.335,1.270,0.831
