timestamp,x,y,z,orientation_z
2025-12-05T04:08:49.097289,0.000,0.000,1.270,0.000
2025-12-05T04:08:49.120933,0.000,0.000,1.270,0.000
2025-12-05T04:08:49.150456,0.000,0.000,1.270,0.000
2025-12-05T04:08:49.184742,0.000,0.000,1.270,0.000
2025-12-05T04:08:49.209195,0.000,0.000,1.270,0.000
2025-12-05T04:08:49.240340,0.000,0.000,1.270,0.000
2025-12-05T04:08:49.273658,0.000,0.000,1.270,0.000
2025-12-05T04:08:49.305430,0.000,0.000,1.270,0.000
2025-12-05T04:08:49.337929,0.000,0.000,1.270,0.000
2025-12-05T04:08:49.370595,0.000,0.000,1.270,0.000
2025-12-05T04:08:49.403456,0.000,0.000,1.270,0.000
2025-12-05T04:08:49.436543,0.000,0.000,1.270,0.000
2025-12-05T04:08:49.469320,0.000,0.000,1.270,0.000
2025-12-05T04:08:49.504018,0.000,0.000,1.270,0.000
2025-12-05T04:08:49.541885,0.000,0.000,1.270,0.000
2025-12-05T04:08:49.564845,0.000,0.000,1.270,0.000
2025-12-05T04:08:49.596569,0.000,0.000,1.270,0.000
2025-12-05T04:08:49.629964,0.000,0.000,1.270,0.000
2025-12-05T04:08:49.661476,0.000,0.000,1.270,0.000
2025-12-05T04:08:49.693762,0.000,0.000,1.270,0.000
2025-12-05T04:08:49.731068,0.000,0.000,1.270,0.000
2025-12-05T04:08:49.765043,0.000,0.000,1.270,0.000
2025-12-05T04:08:49.797027,0.000,0.000,1.270,0.000
2025-12-05T04:08:49.830651,0.000,0.000,1.270,0.000
2025-12-05T04:08:49.871097,0.000,0.000,1.270,0.000
2025-12-05T04:08:49.893362,0.000,0.000,1.270,0.000
2025-12-05T04:08:49.924544,0.000,0.000,1.270,0.000
2025-12-05T04:08:49.958054,0.000,0.000,1.270,0.000
2025-12-05T04:08:49.989644,0.000,0.000,1.270,0.000
2025-12-05T04:08:50.025940,0.000,0.000,1.270,0.000
2025-12-05T04:08:50.058446,0.000,0.000,1.270,0.000
2025-12-05T04:08:50.089191,0.000,0.000,1.270,0.000
2025-12-05T04:08:50.121220,0.000,0.000,1.270,0.000
2025-12-05T04:08:50.150360,0.000,0.000,1.270,0.000
2025-12-05T04:08:50.182943,0.000,0.000,1.270,0.000
2025-12-05T04:08:50.216797,0.000,0.000,1.270,0.000
2025-12-05T04:08:50.247663,0.000,0.000,1.270,0.000
2025-12-05T04:08:50.283663,0.000,0.000,1.270,0.000
2025-12-05T04:08:50.315838,0.000,0.000,1.270,0.000
2025-12-05T04:08:50.347927,0.000,0.000,1.270,0.000
2025-12-05T04:08:50.380534,0.000,0.000,1.270,0.000
2025-12-05T04:08:50.408926,0.000,0.000,1.270,0.000
2025-12-05T04:08:50.439747,0.000,0.000,1.270,0.000
2025-12-05T04:08:50.471520,0.000,0.000,1.270,0.000
2025-12-05T04:08:50.501747,0.000,0.000,1.270,0.000
2025-12-05T04:08:50.539501,0.000,0.000,1.270,0.000
2025-12-05T04:08:50.573630,0.000,0.000,1.270,0.000
2025-12-05T04:08:50.607330,0.000,0.000,1.270,0.000
2025-12-05T04:08:50.639052,0.000,0.000,1.270,0.000
2025-12-05T04:08:50.672299,0.000,0.000,1.270,0.000
2025-12-05T04:08:50.703877,0.000,0.000,1.270,0.000
2025-12-05T04:08:50.733580,0.000,0.000,1.270,0.000
2025-12-05T04:08:50.769929,0.000,0.000,1.270,0.000
2025-12-05T04:08:50.803556,0.000,0.000,1.270,0.000
2025-12-05T04:08:50.835202,0.000,0.000,1.270,0.000
2025-12-05T04:08:50.866828,0.000,0.000,1.270,0.000
2025-12-05T04:08:50.895978,0.000,0.000,1.270,0.000
2025-12-05T04:08:50.931577,0.000,0.000,1.270,0.000
2025-12-05T04:08:50.961892,0.000,0.000,1.270,0.000
2025-12-05T04:08:50.992868,0.000,0.000,1.270,0.000
2025-12-05T04:08:51.029170,0.000,0.000,1.270,0.000
2025-12-05T04:08:51.066050,0.000,0.000,1.270,0.000
2025-12-05T04:08:51.096796,0.000,0.000,1.270,0.000
2025-12-05T04:08:51.135672,0.000,0.000,1.270,0.000
2025-12-05T04:08:51.161848,0.000,0.000,1.270,0.000
2025-12-05T04:08:51.195244,0.000,0.000,1.270,0.000
2025-12-05T04:08:51.225173,0.000,0.000,1.270,0.000
2025-12-05T04:08:51.257431,0.000,0.000,1.270,0.000
2025-12-05T04:08:51.291625,0.000,0.000,1.270,0.000
2025-12-05T04:08:51.326072,0.000,0.000,1.270,0.000
2025-12-05T04:08:51.358161,0.000,0.000,1.270,0.000
2025-12-05T04:08:51.386817,0.000,0.000,1.270,0.000
2025-12-05T04:08:51.421707,0.000,0.000,1.270,0.000
2025-12-05T04:08:51.455086,0.000,0.000,1.270,0.000
2025-12-05T04:08:51.490182,0.000,0.000,1.270,0.000
2025-12-05T04:08:51.525194,0.000,0.000,1.270,0.000
2025-12-05T04:08:51.555433,0.000,0.000,1.270,0.000
2025-12-05T04:08:51.587743,0.000,0.000,1.270,0.000
2025-12-05T04:08:51.621882,0.000,0.000,1.270,0.000
2025-12-05T04:08:51.651961,0.000,0.000,1.270,0.000
2025-12-05T04:08:51.682988,0.000,0.000,1.270,0.000
2025-12-05T04:08:51.713178,0.000,0.000,1.270,0.000
2025-12-05T04:08:51.753202,0.000,0.000,1.270,0.000
2025-12-05T04:08:51.777216,0.000,0.000,1.270,0.000
2025-12-05T04:08:51.808853,0.000,0.000,1.270,0.000
2025-12-05T04:08:51.843373,0.000,0.000,1.270,0.000
2025-12-05T04:08:51.877700,0.000,0.000,1.270,0.000
2025-12-05T04:08:51.912738,0.000,0.000,1.270,0.000
2025-12-05T04:08:51.944337,0.000,0.000,1.270,0.000
2025-12-05T04:08:51.978770,0.000,0.000,1.270,0.000
2025-12-05T04:08:52.008049,0.000,0.000,1.270,0.000
2025-12-05T04:08:52.037647,0.000,0.000,1.270,0.000
2025-12-05T04:08:52.069898,0.000,0.000,1.270,0.000
2025-12-05T04:08:52.103595,0.000,0.000,1.270,0.000
2025-12-05T04:08:52.137726,0.000,0.000,1.270,0.000
2025-12-05T04:08:52.173885,0.000,0.000,1.270,0.000
2025-12-05T04:08:52.205809,0.000,0.000,1.270,0.000
2025-12-05T04:08:52.237782,0.000,0.000,1.270,0.000
2025-12-05T04:08:52.271964,0.000,0.000,1.270,0.000
2025-12-05T04:08:52.304265,0.000,0.000,1.270,0.000
2025-12-05T04:08:52.337611,0.000,0.000,1.270,0.000
2025-12-05T04:08:52.402501,0.000,0.000,1.270,0.000
2025-12-05T04:08:52.435454,0.000,0.000,1.270,0.000
2025-12-05T04:08:52.467404,0.000,0.000,1.270,0.000
2025-12-05T04:08:52.497281,0.000,0.000,1.270,0.000
2025-12-05T04:08:52.528764,0.000,0.000,1.270,0.000
2025-12-05T04:08:52.557210,0.000,0.000,1.270,0.000
2025-12-05T04:08:52.588409,0.000,0.000,1.270,0.000
2025-12-05T04:08:52.619787,0.000,0.000,1.270,0.000
2025-12-05T04:08:52.651856,0.000,0.000,1.270,0.000
2025-12-05T04:08:52.683903,0.000,0.000,1.270,0.000
2025-12-05T04:08:52.718612,0.000,0.000,1.270,0.000
2025-12-05T04:08:52.750917,0.000,0.000,1.270,0.000
2025-12-05T04:08:52.783718,0.000,0.000,1.270,0.000
2025-12-05T04:08:52.814890,0.000,0.000,1.270,0.000
2025-12-05T04:08:52.845400,0.000,0.000,1.270,0.000
2025-12-05T04:08:52.880030,0.000,0.000,1.270,0.000
2025-12-05T04:08:52.912592,0.000,0.000,1.270,0.000
2025-12-05T04:08:52.943661,0.000,0.000,1.270,0.000
2025-12-05T04:08:52.980072,0.000,0.000,1.270,0.000
2025-12-05T04:08:53.011772,0.000,0.000,1.270,0.000
2025-12-05T04:08:53.043458,0.000,0.000,1.270,0.000
2025-12-05T04:08:53.076873,0.000,0.000,1.270,0.000
2025-12-05T04:08:53.152603,0.000,0.000,1.270,0.000
2025-12-05T04:08:53.181248,0.000,0.000,1.270,0.000
2025-12-05T04:08:53.210342,0.000,0.000,1.270,0.000
2025-12-05T04:08:53.237470,0.000,0.000,1.270,0.000
2025-12-05T04:08:53.266160,0.000,0.000,1.270,0.000
2025-12-05T04:08:53.293582,0.000,0.000,1.270,0.000
2025-12-05T04:08:53.320489,0.000,0.000,1.270,0.000
2025-12-05T04:08:53.350019,0.000,0.000,1.270,0.000
2025-12-05T04:08:53.383463,0.000,0.000,1.270,0.000
2025-12-05T04:08:53.415325,0.000,0.000,1.270,0.000
2025-12-05T04:08:53.448246,0.000,0.000,1.270,0.000
2025-12-05T04:08:53.492384,0.000,0.000,1.270,0.000
2025-12-05T04:08:53.513749,0.000,0.000,1.270,0.000
2025-12-05T04:08:53.545085,0.000,0.000,1.270,0.000
2025-12-05T04:08:53.576878,0.000,0.000,1.270,0.000
2025-12-05T04:08:53.609670,0.000,0.000,1.270,0.000
2025-12-05T04:08:53.641739,0.000,0.000,1.270,0.000
2025-12-05T04:08:53.674592,0.000,0.000,1.270,0.000
2025-12-05T04:08:53.710852,0.000,0.000,1.270,0.000
2025-12-05T04:08:53.744874,0.000,0.000,1.270,0.000
2025-12-05T04:08:53.777076,0.000,0.000,1.270,0.000
2025-12-05T04:08:53.808685,0.000,0.000,1.270,0.000
2025-12-05T04:08:53.837617,0.000,0.000,1.270,0.000
2025-12-05T04:08:53.869420,0.000,0.000,1.270,0.000
2025-12-05T04:08:53.903635,0.000,0.000,1.270,0.000
2025-12-05T04:08:53.936336,0.000,0.000,1.270,0.000
2025-12-05T04:08:53.989306,0.000,0.000,1.270,0.000
2025-12-05T04:08:54.013742,0.000,0.000,1.270,0.000
2025-12-05T04:08:54.048061,0.000,0.000,1.270,0.000
2025-12-05T04:08:54.078210,0.000,0.000,1.270,0.000
2025-12-05T04:08:54.111474,0.000,0.000,1.270,0.000
2025-12-05T04:08:54.145471,0.000,0.000,1.270,0.000
2025-12-05T04:08:54.175561,0.000,0.000,1.270,0.000
2025-12-05T04:08:54.206934,0.000,0.000,1.270,0.000
2025-12-05T04:08:54.239511,0.000,0.000,1.270,0.000
2025-12-05T04:08:54.273066,0.000,0.000,1.270,0.000
2025-12-05T04:08:54.305531,0.000,0.000,1.270,0.000
2025-12-05T04:08:54.337823,0.000,0.000,1.270,0.000
2025-12-05T04:08:54.369952,0.000,0.000,1.270,0.000
2025-12-05T04:08:54.402308,0.000,0.000,1.270,0.000
2025-12-05T04:08:54.437773,0.000,0.000,1.270,0.000
2025-12-05T04:08:54.472833,0.000,0.000,1.270,0.000
2025-12-05T04:08:54.504644,0.000,0.000,1.270,0.000
2025-12-05T04:08:54.536769,0.000,0.000,1.270,0.000
2025-12-05T04:08:54.569677,0.000,0.000,1.270,0.000
2025-12-05T04:08:54.599929,0.000,0.000,1.270,0.000
2025-12-05T04:08:54.631476,0.000,0.000,1.270,0.000
2025-12-05T04:08:54.664453,0.000,0.000,1.270,0.000
2025-12-05T04:08:54.698998,0.000,0.000,1.270,0.000
2025-12-05T04:08:54.729024,0.000,0.000,1.270,0.000
2025-12-05T04:08:54.763937,0.000,0.000,1.270,0.000
2025-12-05T04:08:54.797705,0.000,0.000,1.270,0.000
2025-12-05T04:08:54.829696,0.000,0.000,1.270,0.000
2025-12-05T04:08:54.858016,0.000,0.000,1.270,0.000
2025-12-05T04:08:54.888382,0.000,0.000,1.270,0.000
2025-12-05T04:08:54.920021,0.000,0.000,1.270,0.000
2025-12-05T04:08:54.951835,0.000,0.000,1.270,0.000
2025-12-05T04:08:54.986670,0.000,0.000,1.270,0.000
2025-12-05T04:08:55.017558,0.000,0.000,1.270,0.000
2025-12-05T04:08:55.049294,0.000,0.000,1.270,0.000
2025-12-05T04:08:55.082261,0.000,0.000,1.270,0.000
2025-12-05T04:08:55.114018,0.000,0.000,1.270,0.000
2025-12-05T04:08:55.146301,0.000,0.000,1.270,0.000
2025-12-05T04:08:55.182185,0.000,0.000,1.270,0.000
2025-12-05T04:08:55.213931,0.000,0.000,1.270,0.000
2025-12-05T04:08:55.263538,0.000,0.000,1.270,0.000
2025-12-05T04:08:55.289553,0.000,0.000,1.270,0.000
2025-12-05T04:08:55.317624,0.000,0.000,1.270,0.000
2025-12-05T04:08:55.344826,0.000,0.000,1.270,0.000
2025-12-05T04:08:55.373482,0.000,0.000,1.270,0.000
2025-12-05T04:08:55.401060,0.000,0.000,1.270,0.000
2025-12-05T04:08:55.429921,0.000,0.000,1.270,0.000
2025-12-05T04:08:55.461696,0.000,0.000,1.270,0.000
2025-12-05T04:08:55.491281,0.000,0.000,1.270,0.000
2025-12-05T04:08:55.526228,0.000,0.000,1.270,0.000
2025-12-05T04:08:55.561689,0.000,0.000,1.270,0.000
2025-12-05T04:08:55.593442,0.000,0.000,1.270,0.000
2025-12-05T04:08:55.625750,0.000,0.000,1.270,0.000
2025-12-05T04:08:55.655916,0.000,0.000,1.270,0.000
2025-12-05T04:08:55.684760,0.000,0.000,1.270,0.000
2025-12-05T04:08:55.717392,0.000,0.000,1.270,0.000
2025-12-05T04:08:55.750185,0.000,0.000,1.270,0.000
2025-12-05T04:08:55.783529,0.000,0.000,1.270,0.000
2025-12-05T04:08:55.816563,0.000,0.000,1.270,0.000
2025-12-05T04:08:55.850976,0.000,0.000,1.270,0.000
2025-12-05T04:08:55.884829,0.000,0.000,1.270,0.000
2025-12-05T04:08:55.916004,0.000,0.000,1.270,0.000
2025-12-05T04:08:55.946891,0.000,0.000,1.270,0.000
2025-12-05T04:08:55.980601,0.000,0.000,1.270,0.000
2025-12-05T04:08:56.011395,0.000,0.000,1.270,0.000
2025-12-05T04:08:56.044525,0.000,0.000,1.270,0.000
2025-12-05T04:08:56.081201,0.000,0.000,1.270,0.000
2025-12-05T04:08:56.113634,0.000,0.000,1.270,0.000
2025-12-05T04:08:56.145839,0.000,0.000,1.270,0.000
2025-12-05T04:08:56.179500,0.000,0.000,1.270,0.000
2025-12-05T04:08:56.208849,0.000,0.000,1.270,0.000
2025-12-05T04:08:56.237512,0.000,0.000,1.270,0.000
2025-12-05T04:08:56.270162,0.000,0.000,1.270,0.000
2025-12-05T04:08:56.301164,0.000,0.000,1.270,0.000
2025-12-05T04:08:56.340476,0.000,0.000,1.270,0.000
2025-12-05T04:08:56.369589,0.000,0.000,1.270,0.000
2025-12-05T04:08:56.401377,0.000,0.000,1.270,0.000
2025-12-05T04:08:56.433985,0.000,0.000,1.270,0.000
2025-12-05T04:08:56.466059,0.000,0.000,1.270,0.000
2025-12-05T04:08:56.495857,0.000,0.000,1.270,0.000
2025-12-05T04:08:56.529653,0.000,0.000,1.270,0.000
2025-12-05T04:08:56.561999,0.000,0.000,1.270,0.000
2025-12-05T04:08:56.595610,0.000,0.000,1.270,0.000
2025-12-05T04:08:56.630705,0.000,0.000,1.270,0.000
2025-12-05T04:08:56.667214,0.000,0.000,1.270,0.000
2025-12-05T04:08:56.697984,0.000,0.000,1.270,0.000
2025-12-05T04:08:56.728263,0.000,0.000,1.270,0.000
2025-12-05T04:08:56.757003,0.000,0.000,1.270,0.000
2025-12-05T04:08:56.788622,0.000,0.000,1.270,0.000
2025-12-05T04:08:56.822121,0.000,0.000,1.270,0.000
2025-12-05T04:08:56.854808,0.000,0.000,1.270,0.000
2025-12-05T04:08:56.887549,0.000,0.000,1.270,0.000
2025-12-05T04:08:56.920927,0.000,0.000,1.270,0.000
2025-12-05T04:08:56.955097,0.000,0.000,1.270,0.000
2025-12-05T04:08:56.986994,0.000,0.000,1.270,0.000
2025-12-05T04:08:57.022014,0.000,0.000,1.270,0.000
2025-12-05T04:08:57.056602,0.000,0.000,1.270,0.000
2025-12-05T04:08:57.087737,0.000,0.000,1.270,0.000
2025-12-05T04:08:57.120915,0.000,0.000,1.270,0.000
2025-12-05T04:08:57.150989,0.000,0.000,1.270,0.000
2025-12-05T04:08:57.180755,0.000,0.000,1.270,0.000
2025-12-05T04:08:57.208322,0.000,0.000,1.270,0.000
2025-12-05T04:08:57.237479,0.000,0.000,1.270,0.000
2025-12-05T04:08:57.268442,0.000,0.000,1.270,0.000
2025-12-05T04:08:57.299324,0.000,0.000,1.270,0.000
2025-12-05T04:08:57.331901,0.000,0.000,1.270,0.000
2025-12-05T04:08:57.366294,0.000,0.000,1.270,0.000
2025-12-05T04:08:57.395867,0.000,0.000,1.270,0.000
2025-12-05T04:08:57.429778,0.000,0.000,1.270,0.000
2025-12-05T04:08:57.462287,0.000,0.000,1.270,0.000
2025-12-05T04:08:57.492975,0.000,0.000,1.270,0.000
2025-12-05T04:08:57.526570,0.000,0.000,1.270,0.000
2025-12-05T04:08:57.555522,0.000,0.000,1.270,0.000
2025-12-05T04:08:57.587789,0.000,0.000,1.270,0.000
2025-12-05T04:08:57.622059,0.000,0.000,1.270,0.000
2025-12-05T04:08:57.654618,0.000,0.000,1.270,0.000
2025-12-05T04:08:57.687328,0.000,0.000,1.270,0.000
2025-12-05T04:08:57.723731,0.000,0.000,1.270,0.000
2025-12-05T04:08:57.755757,0.000,0.000,1.270,0.000
2025-12-05T04:08:57.788377,0.000,0.000,1.270,0.000
2025-12-05T04:08:57.816615,0.000,0.000,1.270,0.000
2025-12-05T04:08:57.853850,0.000,0.000,1.270,0.000
2025-12-05T04:08:57.884587,0.000,0.000,1.270,0.000
2025-12-05T04:08:57.918070,0.000,0.000,1.270,0.000
2025-12-05T04:08:57.950388,0.000,0.000,1.270,0.000
2025-12-05T04:08:57.982031,0.000,0.000,1.270,0.000
2025-12-05T04:08:58.012770,0.000,0.000,1.270,0.000
2025-12-05T04:08:58.043738,0.000,0.000,1.270,0.000
2025-12-05T04:08:58.078174,0.000,0.000,1.270,0.000
2025-12-05T04:08:58.114257,0.000,0.000,1.270,0.000
2025-12-05T04:08:58.146868,0.000,0.000,1.270,0.000
2025-12-05T04:08:58.184320,0.000,0.000,1.270,0.000
2025-12-05T04:08:58.215944,0.000,0.000,1.270,0.000
2025-12-05T04:08:58.247882,0.000,0.000,1.270,0.000
2025-12-05T04:08:58.280660,0.000,0.000,1.270,0.000
2025-12-05T04:08:58.307651,0.000,0.000,1.270,0.000
2025-12-05T04:08:58.340921,0.000,0.000,1.270,0.000
2025-12-05T04:08:58.377943,0.000,0.000,1.270,0.000
2025-12-05T04:08:58.409081,0.000,0.000,1.270,0.000
2025-12-05T04:08:58.441451,0.000,0.000,1.270,0.000
2025-12-05T04:08:58.469712,0.000,0.000,1.270,0.000
2025-12-05T04:08:58.502786,0.000,0.000,1.270,0.000
2025-12-05T04:08:58.535063,0.000,0.000,1.270,0.000
2025-12-05T04:08:58.566314,0.000,0.000,1.270,0.000
2025-12-05T04:08:58.598040,0.000,0.000,1.270,0.000
2025-12-05T04:08:58.630805,0.000,0.000,1.270,0.000
2025-12-05T04:08:58.662796,0.000,0.000,1.270,0.000
2025-12-05T04:08:58.695456,0.000,0.000,1.270,0.000
2025-12-05T04:08:58.733268,0.000,0.000,1.270,0.000
2025-12-05T04:08:58.773304,0.000,0.000,1.270,0.000
2025-12-05T04:08:58.807198,0.000,0.000,1.270,0.000
2025-12-05T04:08:58.876400,0.000,0.000,1.270,0.000
2025-12-05T04:08:58.911391,0.000,0.000,1.270,0.000
2025-12-05T04:08:58.941951,0.000,0.000,1.270,0.000
2025-12-05T04:08:58.969509,0.000,0.000,1.270,0.000
2025-12-05T04:08:59.006650,0.000,0.000,1.270,0.000
2025-12-05T04:08:59.037217,0.000,0.000,1.270,0.000
2025-12-05T04:08:59.068789,0.000,0.000,1.270,0.000
2025-12-05T04:08:59.097069,0.000,0.000,1.270,0.000
2025-12-05T04:08:59.129188,0.000,0.000,1.270,0.000
2025-12-05T04:08:59.158717,0.000,0.000,1.270,0.000
2025-12-05T04:08:59.191334,0.000,0.000,1.270,0.000
2025-12-05T04:08:59.229133,0.000,0.000,1.270,0.000
2025-12-05T04:08:59.259024,0.000,0.000,1.270,0.000
2025-12-05T04:08:59.290723,0.000,0.000,1.270,0.000
2025-12-05T04:08:59.321915,0.000,0.000,1.270,0.000
2025-12-05T04:08:59.385787,0.000,0.000,1.270,0.000
2025-12-05T04:08:59.448778,0.000,0.000,1.270,0.000
2025-12-05T04:08:59.462833,0.000,0.000,1.270,0.000
2025-12-05T04:08:59.493055,0.000,0.000,1.270,0.000
2025-12-05T04:08:59.530564,0.000,0.000,1.270,0.000
2025-12-05T04:08:59.563188,0.000,0.000,1.270,0.000
2025-12-05T04:08:59.596615,0.000,0.000,1.270,0.000
2025-12-05T04:08:59.629322,0.000,0.000,1.270,0.000
2025-12-05T04:08:59.663424,0.000,0.000,1.270,0.000
2025-12-05T04:08:59.696409,0.000,0.000,1.270,0.000
2025-12-05T04:08:59.729561,0.000,0.000,1.270,0.000
2025-12-05T04:08:59.764493,0.000,0.000,1.270,0.000
2025-12-05T04:08:59.796319,0.000,0.000,1.270,0.000
2025-12-05T04:08:59.829416,0.000,0.000,1.270,0.000
2025-12-05T04:08:59.837553,0.000,0.000,1.270,0.000
2025-12-05T04:08:59.863016,0.000,0.000,1.270,0.000
2025-12-05T04:08:59.886903,0.000,0.000,1.270,0.000
2025-12-05T04:08:59.911353,0.000,0.000,1.270,0.000
2025-12-05T04:08:59.934328,0.000,0.000,1.270,0.000
2025-12-05T04:08:59.962889,0.000,0.000,1.270,0.000
2025-12-05T04:08:59.990503,0.000,0.000,1.270,0.000
2025-12-05T04:09:00.018765,0.000,0.000,1.270,0.000
2025-12-05T04:09:00.052626,0.000,0.000,1.270,0.000
2025-12-05T04:09:00.078760,0.000,0.000,1.270,0.000
2025-12-05T04:09:00.111275,0.000,0.000,1.270,0.000
2025-12-05T04:09:00.144013,0.000,0.000,1.270,0.000
2025-12-05T04:09:00.178495,0.000,0.000,1.270,0.000
2025-12-05T04:09:00.212160,0.000,0.000,1.270,0.000
2025-12-05T04:09:00.242020,0.000,0.000,1.270,0.000
2025-12-05T04:09:00.277394,0.000,0.000,1.270,0.000
2025-12-05T04:09:00.307990,0.000,0.000,1.270,0.000
2025-12-05T04:09:00.341968,0.000,0.000,1.270,0.000
2025-12-05T04:09:00.372766,0.000,0.000,1.270,0.000
2025-12-05T04:09:00.403341,0.000,0.000,1.270,0.000
2025-12-05T04:09:00.437202,0.000,0.000,1.270,0.000
2025-12-05T04:09:00.472579,0.000,0.000,1.270,0.000
2025-12-05T04:09:00.503821,0.000,0.000,1.270,0.000
2025-12-05T04:09:00.537443,0.000,0.000,1.270,0.000
2025-12-05T04:09:00.569078,0.000,0.000,1.270,0.000
2025-12-05T04:09:00.605437,0.000,0.000,1.270,0.000
2025-12-05T04:09:00.629620,0.000,0.000,1.270,0.000
2025-12-05T04:09:00.661809,0.000,0.000,1.270,0.000
2025-12-05T04:09:00.694030,0.000,0.000,1.270,0.000
2025-12-05T04:09:00.724777,0.000,0.000,1.270,0.000
2025-12-05T04:09:00.757569,0.000,0.000,1.270,0.000
2025-12-05T04:09:00.792306,0.000,0.000,1.270,0.000
2025-12-05T04:09:00.826332,0.000,0.000,1.270,0.000
2025-12-05T04:09:00.862678,0.000,0.000,1.270,0.000
2025-12-05T04:09:00.895704,0.000,0.000,1.270,0.000
2025-12-05T04:09:00.930169,0.000,0.000,1.270,0.000
2025-12-05T04:09:00.961144,0.000,0.000,1.270,0.000
2025-12-05T04:09:00.993083,0.000,0.000,1.270,0.000
2025-12-05T04:09:01.023233,0.000,0.000,1.270,0.000
2025-12-05T04:09:01.054293,0.000,0.000,1.270,0.000
2025-12-05T04:09:01.087593,0.000,0.000,1.270,0.000
2025-12-05T04:09:01.121581,0.000,0.000,1.270,0.000
2025-12-05T04:09:01.152537,0.000,0.000,1.270,0.000
2025-12-05T04:09:01.183859,0.000,0.000,1.270,0.000
2025-12-05T04:09:01.215426,0.000,0.000,1.270,0.000
2025-12-05T04:09:01.247660,0.000,0.000,1.270,0.000
2025-12-05T04:09:01.284390,0.000,0.000,1.270,0.000
2025-12-05T04:09:01.316303,0.000,0.000,1.270,0.000
2025-12-05T04:09:01.348023,0.000,0.000,1.270,0.000
2025-12-05T04:09:01.380352,0.000,0.000,1.270,0.000
2025-12-05T04:09:01.411327,0.000,0.000,1.270,0.000
2025-12-05T04:09:01.441977,0.000,0.000,1.270,0.000
2025-12-05T04:09:01.475913,0.000,0.000,1.270,0.000
2025-12-05T04:09:01.509517,0.000,0.000,1.270,0.000
2025-12-05T04:09:01.538651,0.000,0.000,1.270,0.000
2025-12-05T04:09:01.574427,0.000,0.000,1.270,0.000
2025-12-05T04:09:01.608492,0.000,0.000,1.270,0.000
2025-12-05T04:09:01.640048,0.000,0.000,1.270,0.000
2025-12-05T04:09:01.669880,0.000,0.000,1.270,0.000
2025-12-05T04:09:01.699564,0.000,0.000,1.270,0.000
2025-12-05T04:09:01.734302,0.000,0.000,1.270,0.000
2025-12-05T04:09:01.765704,0.000,0.000,1.270,0.000
2025-12-05T04:09:01.799730,0.000,0.000,1.270,0.000
2025-12-05T04:09:01.834032,0.000,0.000,1.270,0.000
2025-12-05T04:09:01.865416,0.000,0.000,1.270,0.000
2025-12-05T04:09:01.899407,0.000,0.000,1.270,0.000
2025-12-05T04:09:01.933471,0.000,0.000,1.270,0.000
2025-12-05T04:09:01.965152,0.000,0.000,1.270,0.000
2025-12-05T04:09:01.994978,0.000,0.000,1.270,0.000
2025-12-05T04:09:02.028435,0.000,0.000,1.270,0.000
2025-12-05T04:09:02.060500,0.000,0.000,1.270,0.000
2025-12-05T04:09:02.095052,0.000,0.000,1.270,0.000
2025-12-05T04:09:02.128748,0.000,0.000,1.270,0.000
2025-12-05T04:09:02.164538,0.000,0.000,1.270,0.000
2025-12-05T04:09:02.197860,0.000,0.000,1.270,0.000
2025-12-05T04:09:02.227442,0.000,0.000,1.270,0.000
2025-12-05T04:09:02.258453,0.000,0.000,1.270,0.000
2025-12-05T04:09:02.305424,0.000,0.000,1.270,0.000
2025-12-05T04:09:02.336686,0.000,0.000,1.270,0.000
2025-12-05T04:09:02.363513,0.000,0.000,1.270,0.000
2025-12-05T04:09:02.389085,0.000,0.000,1.270,0.000
2025-12-05T04:09:02.416923,0.000,0.000,1.270,0.000
2025-12-05T04:09:02.444290,0.000,0.000,1.270,0.000
2025-12-05T04:09:02.471922,0.000,0.000,1.270,0.000
2025-12-05T04:09:02.513392,0.000,0.000,1.270,0.000
2025-12-05T04:09:02.543764,0.000,0.000,1.270,0.000
2025-12-05T04:09:02.573889,0.000,0.000,1.270,0.000
2025-12-05T04:09:02.607985,0.000,0.000,1.270,0.000
2025-12-05T04:09:02.639732,0.000,0.000,1.270,0.000
2025-12-05T04:09:02.674835,0.000,0.000,1.270,0.000
2025-12-05T04:09:02.697612,0.000,0.000,1.270,0.000
2025-12-05T04:09:02.732008,0.000,0.000,1.270,0.000
2025-12-05T04:09:02.762931,0.000,0.000,1.270,0.000
2025-12-05T04:09:02.792861,0.000,0.000,1.270,0.000
2025-12-05T04:09:02.825325,0.000,0.000,1.270,0.000
2025-12-05T04:09:02.861788,0.000,0.000,1.270,0.000
2025-12-05T04:09:02.895412,0.000,0.000,1.270,0.000
2025-12-05T04:09:02.935190,0.000,0.000,1.270,0.000
2025-12-05T04:09:02.966431,0.000,0.000,1.270,0.000
2025-12-05T04:09:02.992925,0.000,0.000,1.270,0.000
2025-12-05T04:09:03.027882,0.000,0.000,1.270,0.000
2025-12-05T04:09:03.059064,0.000,0.000,1.270,0.000
2025-12-05T04:09:03.085550,0.000,0.000,1.270,0.000
2025-12-05T04:09:03.122901,0.000,0.000,1.270,0.000
2025-12-05T04:09:03.153959,0.000,0.000,1.270,0.000
2025-12-05T04:09:03.186694,0.000,0.000,1.270,0.000
2025-12-05T04:09:03.219701,0.000,0.000,1.270,0.000
2025-12-05T04:09:03.265013,0.000,0.000,1.270,0.000
2025-12-05T04:09:03.284819,0.000,0.000,1.270,0.000
2025-12-05T04:09:03.321475,0.000,0.000,1.270,0.000
2025-12-05T04:09:03.353727,0.000,0.000,1.270,0.000
2025-12-05T04:09:03.387005,0.000,0.000,1.270,0.000
2025-12-05T04:09:03.418921,0.000,0.000,1.270,0.000
2025-12-05T04:09:03.450847,0.000,0.000,1.270,0.000
2025-12-05T04:09:03.477168,0.000,0.000,1.270,0.000
2025-12-05T04:09:03.509143,0.000,0.000,1.270,0.000
2025-12-05T04:09:03.541883,0.000,0.000,1.270,0.000
2025-12-05T04:09:03.575206,0.000,0.000,1.270,0.000
2025-12-05T04:09:03.610152,0.000,0.000,1.270,0.000
2025-12-05T04:09:03.646623,0.000,0.000,1.270,0.000
2025-12-05T04:09:03.680489,0.000,0.000,1.270,0.000
2025-12-05T04:09:03.706651,0.000,0.000,1.270,0.000
2025-12-05T04:09:03.740366,0.000,0.000,1.270,0.000
2025-12-05T04:09:03.772798,0.000,0.000,1.270,0.000
2025-12-05T04:09:03.805203,0.000,0.000,1.270,0.000
2025-12-05T04:09:03.828964,0.000,0.000,1.270,0.000
2025-12-05T04:09:03.862636,0.000,0.000,1.270,0.000
2025-12-05T04:09:03.894692,0.000,0.000,1.270,0.000
2025-12-05T04:09:03.927630,0.000,0.000,1.270,0.000
2025-12-05T04:09:03.961202,0.000,0.000,1.270,0.000
2025-12-05T04:09:03.993542,0.000,0.000,1.270,0.000
2025-12-05T04:09:04.025970,0.000,0.000,1.270,0.000
2025-12-05T04:09:04.056940,0.000,0.000,1.270,0.000
2025-12-05T04:09:04.091775,0.000,0.000,1.270,0.000
2025-12-05T04:09:04.125547,0.000,0.000,1.270,0.000
2025-12-05T04:09:04.156462,0.000,0.000,1.270,0.000
2025-12-05T04:09:04.190800,0.000,0.000,1.270,0.000
2025-12-05T04:09:04.225080,0.000,0.000,1.270,0.000
2025-12-05T04:09:04.255023,0.000,0.000,1.270,0.000
2025-12-05T04:09:04.287690,0.000,0.000,1.270,0.000
2025-12-05T04:09:04.320820,0.000,0.000,1.270,0.000
2025-12-05T04:09:04.352361,0.000,0.000,1.270,0.000
2025-12-05T04:09:04.385142,0.000,0.000,1.270,0.000
2025-12-05T04:09:04.416574,0.000,0.000,1.270,0.000
2025-12-05T04:09:04.448423,0.000,0.000,1.270,0.000
2025-12-05T04:09:04.490958,0.000,0.000,1.270,0.000
2025-12-05T04:09:04.519181,0.000,0.000,1.270,0.000
2025-12-05T04:09:04.557711,0.000,0.000,1.270,0.000
2025-12-05T04:09:04.589491,0.000,0.000,1.270,0.000
2025-12-05T04:09:04.622962,0.000,0.000,1.270,0.000
2025-12-05T04:09:04.654246,0.000,0.000,1.270,0.000
2025-12-05T04:09:04.679054,0.000,0.000,1.270,0.000
2025-12-05T04:09:04.721296,0.000,0.000,1.270,0.000
2025-12-05T04:09:04.753843,0.000,0.000,1.270,0.000
2025-12-05T04:09:04.783418,0.000,0.000,1.270,0.000
2025-12-05T04:09:04.816423,0.000,0.000,1.270,0.000
2025-12-05T04:09:04.854995,0.000,0.000,1.270,0.000
2025-12-05T04:09:04.885824,0.000,0.000,1.270,0.000
2025-12-05T04:09:04.912976,0.000,0.000,1.270,0.000
2025-12-05T04:09:04.941619,0.000,0.000,1.270,0.000
2025-12-05T04:09:04.969814,0.000,0.000,1.270,0.000
2025-12-05T04:09:04.999218,0.000,0.000,1.270,0.000
2025-12-05T04:09:05.029711,0.000,0.000,1.270,0.000
2025-12-05T04:09:05.069419,0.000,0.000,1.270,0.000
2025-12-05T04:09:05.101539,0.000,0.000,1.270,0.000
2025-12-05T04:09:05.133733,0.000,0.000,1.270,0.000
2025-12-05T04:09:05.165955,0.000,0.000,1.270,0.000
2025-12-05T04:09:05.195855,0.000,0.000,1.270,0.000
2025-12-05T04:09:05.224521,0.000,0.000,1.270,0.000
2025-12-05T04:09:05.257384,0.000,0.000,1.270,0.000
2025-12-05T04:09:05.289814,0.000,0.000,1.270,0.000
2025-12-05T04:09:05.325911,0.000,0.000,1.270,0.000
2025-12-05T04:09:05.408733,0.000,0.000,1.270,0.000
2025-12-05T04:09:05.430628,0.000,0.000,1.270,0.000
2025-12-05T04:09:05.463691,0.000,0.000,1.270,0.000
2025-12-05T04:09:05.498762,0.000,0.000,1.270,0.000
2025-12-05T04:09:05.521477,0.000,0.000,1.270,0.000
2025-12-05T04:09:05.550738,0.000,0.000,1.270,0.000
2025-12-05T04:09:05.583327,0.000,0.000,1.270,0.000
2025-12-05T04:09:05.621838,0.000,0.000,1.270,0.000
2025-12-05T04:09:05.654239,0.000,0.000,1.270,0.000
2025-12-05T04:09:05.684778,0.000,0.000,1.270,0.000
2025-12-05T04:09:05.717836,0.000,0.000,1.270,0.000
2025-12-05T04:09:05.751479,0.000,0.000,1.270,0.000
2025-12-05T04:09:05.784365,0.000,0.000,1.270,0.000
2025-12-05T04:09:05.817358,0.000,0.000,1.270,0.000
2025-12-05T04:09:05.851405,0.000,0.000,1.270,0.000
2025-12-05T04:09:05.885408,0.000,0.000,1.270,0.000
2025-12-05T04:09:05.918073,0.000,0.000,1.270,0.000
2025-12-05T04:09:05.948645,0.000,0.000,1.270,0.000
2025-12-05T04:09:05.973309,0.000,0.000,1.270,0.000
2025-12-05T04:09:06.005769,0.000,0.000,1.270,0.000
2025-12-05T04:09:06.037153,0.000,0.000,1.270,0.000
2025-12-05T04:09:06.069327,0.000,0.000,1.270,0.000
2025-12-05T04:09:06.103732,0.000,0.000,1.270,0.000
2025-12-05T04:09:06.134903,0.000,0.000,1.270,0.000
2025-12-05T04:09:06.169238,0.000,0.000,1.270,0.000
2025-12-05T04:09:06.200885,0.000,0.000,1.270,0.000
2025-12-05T04:09:06.233068,0.000,0.000,1.270,0.000
2025-12-05T04:09:06.265043,0.000,0.000,1.270,0.000
2025-12-05T04:09:06.300009,0.000,0.000,1.270,0.000
2025-12-05T04:09:06.333830,0.000,0.000,1.270,0.000
2025-12-05T04:09:06.365477,0.000,0.000,1.270,0.000
2025-12-05T04:09:06.392973,0.000,0.000,1.270,0.000
2025-12-05T04:09:06.426102,0.000,0.000,1.270,0.000
2025-12-05T04:09:06.462674,0.000,0.000,1.270,0.000
2025-12-05T04:09:06.493755,0.000,0.000,1.270,0.000
2025-12-05T04:09:06.528321,0.000,0.000,1.270,0.000
2025-12-05T04:09:06.560412,0.000,0.000,1.270,0.000
2025-12-05T04:09:06.589595,0.000,0.000,1.270,0.000
2025-12-05T04:09:06.627641,0.000,0.000,1.270,0.000
2025-12-05T04:09:06.655746,0.000,0.000,1.270,0.000
2025-12-05T04:09:06.687856,0.000,0.000,1.270,0.000
2025-12-05T04:09:06.720216,0.000,0.000,1.270,0.000
2025-12-05T04:09:06.751416,0.000,0.000,1.270,0.000
2025-12-05T04:09:06.784214,0.000,0.000,1.270,0.000
2025-12-05T04:09:06.820305,0.000,0.000,1.270,0.000
2025-12-05T04:09:06.852280,0.000,0.000,1.270,0.000
2025-12-05T04:09:06.883676,0.000,0.000,1.270,0.000
2025-12-05T04:09:06.915470,0.000,0.000,1.270,0.000
2025-12-05T04:09:06.945128,0.000,0.000,1.270,0.000
2025-12-05T04:09:06.980020,0.000,0.000,1.270,0.000
2025-12-05T04:09:07.012325,0.000,0.000,1.270,0.000
2025-12-05T04:09:07.045903,0.000,0.000,1.270,0.000
2025-12-05T04:09:07.077344,0.000,0.000,1.270,0.000
2025-12-05T04:09:07.109463,0.000,0.000,1.270,0.000
2025-12-05T04:09:07.140477,0.000,0.000,1.270,0.000
2025-12-05T04:09:07.173645,0.000,0.000,1.270,0.000
2025-12-05T04:09:07.203600,0.000,0.000,1.270,0.000
2025-12-05T04:09:07.239320,0.000,0.000,1.270,0.000
2025-12-05T04:09:07.276685,0.000,0.000,1.270,0.000
2025-12-05T04:09:07.308233,0.000,0.000,1.270,0.000
2025-12-05T04:09:07.342074,0.000,0.000,1.270,0.000
2025-12-05T04:09:07.370827,0.000,0.000,1.270,0.000
2025-12-05T04:09:07.400930,0.000,0.000,1.270,0.000
2025-12-05T04:09:07.432163,0.000,0.000,1.270,0.000
2025-12-05T04:09:07.465414,0.000,0.000,1.270,0.000
2025-12-05T04:09:07.496329,0.000,0.000,1.270,0.000
2025-12-05T04:09:07.526153,0.000,0.000,1.270,0.000
2025-12-05T04:09:07.557572,0.000,0.000,1.270,0.000
2025-12-05T04:09:07.591613,0.000,0.000,1.270,0.000
2025-12-05T04:09:07.625899,0.000,0.000,1.270,0.000
2025-12-05T04:09:07.661286,0.000,0.000,1.270,0.000
2025-12-05T04:09:07.692491,0.000,0.000,1.270,0.000
2025-12-05T04:09:07.723479,0.000,0.000,1.270,0.000
2025-12-05T04:09:07.755374,0.000,0.000,1.270,0.000
2025-12-05T04:09:07.786735,0.000,0.000,1.270,0.000
2025-12-05T04:09:07.819235,0.000,0.000,1.270,0.000
2025-12-05T04:09:07.855747,0.000,0.000,1.270,0.000
2025-12-05T04:09:07.889802,0.000,0.000,1.270,0.000
2025-12-05T04:09:07.921060,0.000,0.000,1.270,0.000
2025-12-05T04:09:07.952812,0.000,0.000,1.270,0.000
2025-12-05T04:09:07.981436,0.000,0.000,1.270,0.000
2025-12-05T04:09:08.013643,0.000,0.000,1.270,0.000
2025-12-05T04:09:08.044398,0.000,0.000,1.270,0.000
2025-12-05T04:09:08.076820,0.000,0.000,1.270,0.000
2025-12-05T04:09:08.108628,0.000,0.000,1.270,0.000
2025-12-05T04:09:08.143042,0.000,0.000,1.270,0.000
2025-12-05T04:09:08.176457,0.000,0.000,1.270,0.000
2025-12-05T04:09:08.208809,0.000,0.000,1.270,0.000
2025-12-05T04:09:08.241194,0.000,0.000,1.270,0.000
2025-12-05T04:09:08.273129,0.000,0.000,1.270,0.000
2025-12-05T04:09:08.306794,0.000,0.000,1.270,0.000
2025-12-05T04:09:08.338562,0.000,0.000,1.270,0.000
2025-12-05T04:09:08.371396,0.000,0.000,1.270,0.000
2025-12-05T04:09:08.405434,0.000,0.000,1.270,0.000
2025-12-05T04:09:08.438053,0.000,0.000,1.270,0.000
2025-12-05T04:09:08.472450,0.000,0.000,1.270,0.000
2025-12-05T04:09:08.506385,0.000,0.000,1.270,0.000
2025-12-05T04:09:08.536981,0.000,0.000,1.270,0.000
2025-12-05T04:09:08.568329,0.000,0.000,1.270,0.000
2025-12-05T04:09:08.599943,0.000,0.000,1.270,0.000
2025-12-05T04:09:08.628863,0.000,0.000,1.270,0.000
2025-12-05T04:09:08.659399,0.000,0.000,1.270,0.000
2025-12-05T04:09:08.691904,0.000,0.000,1.270,0.000
2025-12-05T04:09:08.724023,0.000,0.000,1.270,0.000
2025-12-05T04:09:08.759016,0.000,0.000,1.270,0.000
2025-12-05T04:09:08.790421,0.000,0.000,1.270,0.000
2025-12-05T04:09:08.834440,0.000,0.000,1.270,0.000
2025-12-05T04:09:08.856897,0.000,0.000,1.270,0.000
2025-12-05T04:09:08.888407,0.000,0.000,1.270,0.000
2025-12-05T04:09:08.921316,0.000,0.000,1.270,0.000
2025-12-05T04:09:08.950936,0.000,0.000,1.270,0.000
2025-12-05T04:09:08.986099,0.000,0.000,1.270,0.000
2025-12-05T04:09:09.022669,0.000,0.000,1.270,0.000
2025-12-05T04:09:09.059626,0.000,0.000,1.270,0.000
2025-12-05T04:09:09.086340,0.000,0.000,1.270,0.000
2025-12-05T04:09:09.114269,0.000,0.000,1.270,0.000
2025-12-05T04:09:09.143435,0.000,0.000,1.270,0.000
2025-12-05T04:09:09.178403,0.000,0.000,1.270,0.000
2025-12-05T04:09:09.213759,0.000,0.000,1.270,0.000
2025-12-05T04:09:09.244994,0.000,0.000,1.270,0.000
2025-12-05T04:09:09.276551,0.000,0.000,1.270,0.000
2025-12-05T04:09:09.309433,0.000,0.000,1.270,0.000
2025-12-05T04:09:09.339636,0.000,0.000,1.270,0.000
2025-12-05T04:09:09.377942,0.000,0.000,1.270,0.000
2025-12-05T04:09:09.406933,0.000,0.000,1.270,0.000
2025-12-05T04:09:09.440816,0.000,0.000,1.270,0.000
2025-12-05T04:09:09.475049,0.000,0.000,1.270,0.000
2025-12-05T04:09:09.506686,0.000,0.000,1.270,0.000
2025-12-05T04:09:09.539390,0.000,0.000,1.270,0.000
2025-12-05T04:09:09.573590,0.000,0.000,1.270,0.000
2025-12-05T04:09:09.603545,0.000,0.000,1.270,0.000
2025-12-05T04:09:09.633229,0.000,0.000,1.270,0.000
2025-12-05T04:09:09.665780,0.000,0.000,1.270,0.000
2025-12-05T04:09:09.699466,0.000,0.000,1.270,0.000
2025-12-05T04:09:09.731005,0.000,0.000,1.270,0.000
2025-12-05T04:09:09.769205,0.000,0.000,1.270,0.000
2025-12-05T04:09:09.796452,0.000,0.000,1.270,0.000
2025-12-05T04:09:09.830704,0.000,0.000,1.270,0.000
2025-12-05T04:09:09.867198,0.000,0.000,1.270,0.000
2025-12-05T04:09:09.899487,0.000,0.000,1.270,0.000
2025-12-05T04:09:09.930731,0.000,0.000,1.270,0.000
2025-12-05T04:09:09.964572,0.000,0.000,1.270,0.000
2025-12-05T04:09:09.996383,0.000,0.000,1.270,0.000
2025-12-05T04:09:10.027469,0.000,0.000,1.270,0.000
2025-12-05T04:09:10.059670,0.000,0.000,1.270,0.000
2025-12-05T04:09:10.091009,0.000,0.000,1.270,0.000
2025-12-05T04:09:10.128884,0.000,0.000,1.270,0.000
2025-12-05T04:09:10.165540,0.000,0.000,1.270,0.000
2025-12-05T04:09:10.194566,0.000,0.000,1.270,0.000
2025-12-05T04:09:10.225477,0.000,0.000,1.270,0.000
2025-12-05T04:09:10.257551,0.000,0.000,1.270,0.000
2025-12-05T04:09:10.287929,0.000,0.000,1.270,0.000
2025-12-05T04:09:10.321364,0.000,0.000,1.270,0.000
2025-12-05T04:09:10.353559,0.000,0.000,1.270,0.000
2025-12-05T04:09:10.384199,0.000,0.000,1.270,0.000
2025-12-05T04:09:10.418203,0.000,0.000,1.270,0.000
2025-12-05T04:09:10.452685,0.000,0.000,1.270,0.000
2025-12-05T04:09:10.487752,0.000,0.000,1.270,0.000
2025-12-05T04:09:10.520218,0.000,0.000,1.270,0.000
2025-12-05T04:09:10.552434,0.000,0.000,1.270,0.000
2025-12-05T04:09:10.584574,0.000,0.000,1.270,0.000
2025-12-05T04:09:10.626866,0.000,0.000,1.270,0.000
2025-12-05T04:09:10.649058,0.000,0.000,1.270,0.000
2025-12-05T04:09:10.684576,0.000,0.000,1.270,0.000
2025-12-05T04:09:10.719513,0.000,0.000,1.270,0.000
2025-12-05T04:09:10.751616,0.000,0.000,1.270,0.000
2025-12-05T04:09:10.783951,0.000,0.000,1.270,0.000
2025-12-05T04:09:10.814707,0.000,0.000,1.270,0.000
2025-12-05T04:09:10.848383,0.000,0.000,1.270,0.000
2025-12-05T04:09:10.886881,0.000,0.000,1.270,0.000
2025-12-05T04:09:10.917866,0.000,0.000,1.270,0.000
2025-12-05T04:09:10.946732,0.000,0.000,1.270,0.000
2025-12-05T04:09:10.983292,0.000,0.000,1.270,0.000
2025-12-05T04:09:11.008436,0.000,0.000,1.270,0.000
2025-12-05T04:09:11.041449,0.000,0.000,1.270,0.000
2025-12-05T04:09:11.076713,0.000,0.000,1.270,0.000
2025-12-05T04:09:11.108197,0.000,0.000,1.270,0.000
2025-12-05T04:09:11.140728,0.000,0.000,1.270,0.000
2025-12-05T04:09:11.176020,0.000,0.000,1.270,0.000
2025-12-05T04:09:11.210362,0.000,0.000,1.270,0.000
2025-12-05T04:09:11.244463,0.000,0.000,1.270,0.000
2025-12-05T04:09:11.275550,0.000,0.000,1.270,0.000
2025-12-05T04:09:11.303634,0.000,0.000,1.270,0.000
2025-12-05T04:09:11.335391,0.000,0.000,1.270,0.000
2025-12-05T04:09:11.368632,0.000,0.000,1.270,0.000
2025-12-05T04:09:11.401212,0.000,0.000,1.270,0.000
2025-12-05T04:09:11.436056,0.000,0.000,1.270,0.000
2025-12-05T04:09:11.470257,0.000,0.000,1.270,0.000
2025-12-05T04:09:11.503740,0.000,0.000,1.270,0.000
2025-12-05T04:09:11.536380,0.000,0.000,1.270,0.000
2025-12-05T04:09:11.565268,0.000,0.000,1.270,0.000
2025-12-05T04:09:11.597393,0.000,0.000,1.270,0.000
2025-12-05T04:09:11.633795,0.000,0.000,1.270,0.000
2025-12-05T04:09:11.665969,0.000,0.000,1.270,0.000
2025-12-05T04:09:11.701182,0.000,0.000,1.270,0.000
2025-12-05T04:09:11.736270,0.000,0.000,1.270,0.000
2025-12-05T04:09:11.768584,0.000,0.000,1.270,0.000
2025-12-05T04:09:11.799486,0.000,0.000,1.270,0.000
2025-12-05T04:09:11.830914,0.000,0.000,1.270,0.000
2025-12-05T04:09:11.862870,0.000,0.000,1.270,0.000
2025-12-05T04:09:11.896635,0.000,0.000,1.270,0.000
2025-12-05T04:09:11.932428,0.000,0.000,1.270,0.000
2025-12-05T04:09:11.964154,0.000,0.000,1.270,0.000
2025-12-05T04:09:11.996729,0.000,0.000,1.270,0.000
2025-12-05T04:09:12.028968,0.000,0.000,1.270,0.000
2025-12-05T04:09:12.062907,0.000,0.000,1.270,0.000
2025-12-05T04:09:12.088297,0.000,0.000,1.270,0.000
2025-12-05T04:09:12.123686,0.000,0.000,1.270,0.000
2025-12-05T04:09:12.155595,0.000,0.000,1.270,0.000
2025-12-05T04:09:12.190450,0.000,0.000,1.270,0.000
2025-12-05T04:09:12.224303,0.000,0.000,1.270,0.000
2025-12-05T04:09:12.257206,0.000,0.000,1.270,0.000
2025-12-05T04:09:12.287139,0.000,0.000,1.270,0.000
2025-12-05T04:09:12.319726,0.000,0.000,1.270,0.000
2025-12-05T04:09:12.349364,0.000,0.000,1.270,0.000
2025-12-05T04:09:12.377542,0.000,0.000,1.270,0.000
2025-12-05T04:09:12.411913,0.000,0.000,1.270,0.000
2025-12-05T04:09:12.441778,0.000,0.000,1.270,0.000
2025-12-05T04:09:12.476444,0.000,0.000,1.270,0.000
2025-12-05T04:09:12.509648,0.000,0.000,1.270,0.000
2025-12-05T04:09:12.541791,0.000,0.000,1.270,0.000
2025-12-05T04:09:12.574199,0.000,0.000,1.270,0.000
2025-12-05T04:09:12.604328,0.000,0.000,1.270,0.000
2025-12-05T04:09:12.635890,0.000,0.000,1.270,0.000
2025-12-05T04:09:12.668235,0.000,0.000,1.270,0.000
2025-12-05T04:09:12.701197,0.000,0.000,1.270,0.000
2025-12-05T04:09:12.736155,0.000,0.000,1.270,0.000
2025-12-05T04:09:12.768026,0.000,0.000,1.270,0.000
2025-12-05T04:09:12.802370,0.000,0.000,1.270,0.000
2025-12-05T04:09:12.830728,0.000,0.000,1.270,0.000
2025-12-05T04:09:12.863853,0.000,0.000,1.270,0.000
2025-12-05T04:09:12.895908,0.000,0.000,1.270,0.000
2025-12-05T04:09:12.928548,0.000,0.000,1.270,0.000
2025-12-05T04:09:12.960464,0.000,0.000,1.270,0.000
2025-12-05T04:09:12.994893,0.000,0.000,1.270,0.000
2025-12-05T04:09:13.027778,0.000,0.000,1.270,0.000
2025-12-05T04:09:13.061555,0.000,0.000,1.270,0.000
2025-12-05T04:09:13.091887,0.000,0.000,1.270,0.000
2025-12-05T04:09:13.123718,0.000,0.000,1.270,0.000
2025-12-05T04:09:13.153782,0.000,0.000,1.270,0.000
2025-12-05T04:09:13.187291,0.000,0.000,1.270,0.000
2025-12-05T04:09:13.222998,0.000,0.000,1.270,0.000
2025-12-05T04:09:13.253979,0.000,0.000,1.270,0.000
2025-12-05T04:09:13.287365,0.000,0.000,1.270,0.000
2025-12-05T04:09:13.316035,0.000,0.000,1.270,0.000
2025-12-05T04:09:13.346401,0.000,0.000,1.270,0.000
2025-12-05T04:09:13.376666,0.000,0.000,1.270,0.000
2025-12-05T04:09:13.407137,0.000,0.000,1.270,0.000
2025-12-05T04:09:13.440589,0.000,0.000,1.270,0.000
2025-12-05T04:09:13.472780,0.000,0.000,1.270,0.000
2025-12-05T04:09:13.505437,0.000,0.000,1.270,0.000
2025-12-05T04:09:13.536654,0.000,0.000,1.270,0.000
2025-12-05T04:09:13.569813,0.000,0.000,1.270,0.000
2025-12-05T04:09:13.599237,0.000,0.000,1.270,0.000
2025-12-05T04:09:13.633561,0.000,0.000,1.270,0.000
2025-12-05T04:09:13.665350,0.000,0.000,1.270,0.000
2025-12-05T04:09:13.698343,0.000,0.000,1.270,0.000
2025-12-05T04:09:13.735397,0.000,0.000,1.270,0.000
2025-12-05T04:09:13.768025,0.000,0.000,1.270,0.000
2025-12-05T04:09:13.801055,0.000,0.000,1.270,0.000
2025-12-05T04:09:13.835422,0.000,0.000,1.270,0.000
2025-12-05T04:09:13.864511,0.000,0.000,1.270,0.000
2025-12-05T04:09:13.898210,0.000,0.000,1.270,0.000
2025-12-05T04:09:13.928831,0.000,0.000,1.270,0.000
2025-12-05T04:09:13.960612,0.000,0.000,1.270,0.000
2025-12-05T04:09:13.993611,0.000,0.000,1.270,0.000
2025-12-05T04:09:14.028726,0.000,0.000,1.270,0.000
2025-12-05T04:09:14.066026,0.000,0.000,1.270,0.000
2025-12-05T04:09:14.101179,0.000,0.000,1.270,0.000
2025-12-05T04:09:14.131019,0.000,0.000,1.270,0.000
2025-12-05T04:09:14.163443,0.000,0.000,1.270,0.000
2025-12-05T04:09:14.192835,0.000,0.000,1.270,0.000
2025-12-05T04:09:14.227471,0.000,0.000,1.270,0.000
2025-12-05T04:09:14.261752,0.000,0.000,1.270,0.000
2025-12-05T04:09:14.291732,0.000,0.000,1.270,0.000
2025-12-05T04:09:14.324777,0.000,0.000,1.270,0.000
2025-12-05T04:09:14.357651,0.000,0.000,1.270,0.000
2025-12-05T04:09:14.388220,0.000,0.000,1.270,0.000
2025-12-05T04:09:14.421557,0.000,0.000,1.270,0.000
2025-12-05T04:09:14.454872,0.000,0.000,1.270,0.000
2025-12-05T04:09:14.486068,0.000,0.000,1.270,0.000
2025-12-05T04:09:14.518902,0.000,0.000,1.270,0.000
2025-12-05T04:09:14.549497,0.000,0.000,1.270,0.000
2025-12-05T04:09:14.581586,0.000,0.000,1.270,0.000
2025-12-05T04:09:14.613775,0.000,0.000,1.270,0.000
2025-12-05T04:09:14.641609,0.000,0.000,1.270,0.000
2025-12-05T04:09:14.673513,0.000,0.000,1.270,0.000
2025-12-05T04:09:14.704069,0.000,0.000,1.270,0.000
2025-12-05T04:09:14.736332,0.000,0.000,1.270,0.000
2025-12-05T04:09:14.771719,0.000,0.000,1.270,0.000
2025-12-05T04:09:14.806810,0.000,0.000,1.270,0.000
2025-12-05T04:09:14.837726,0.000,0.000,1.270,0.000
2025-12-05T04:09:14.868282,0.000,0.000,1.270,0.000
2025-12-05T04:09:14.899111,0.000,0.000,1.270,0.000
2025-12-05T04:09:14.932004,0.000,0.000,1.270,0.000
2025-12-05T04:09:14.965155,0.000,0.000,1.270,0.000
2025-12-05T04:09:14.999124,0.000,0.000,1.270,0.000
2025-12-05T04:09:15.032211,0.000,0.000,1.270,0.000
2025-12-05T04:09:15.067473,0.000,0.000,1.270,0.000
2025-12-05T04:09:15.097649,0.000,0.000,1.270,0.000
2025-12-05T04:09:15.128767,0.000,0.000,1.270,0.000
2025-12-05T04:09:15.161941,0.000,0.000,1.270,0.000
2025-12-05T04:09:15.195345,0.000,0.000,1.270,0.000
2025-12-05T04:09:15.221236,0.000,0.000,1.270,0.000
2025-12-05T04:09:15.253434,0.000,0.000,1.270,0.000
2025-12-05T04:09:15.288393,0.000,0.000,1.270,0.000
2025-12-05T04:09:15.321923,0.000,0.000,1.270,0.000
2025-12-05T04:09:15.353112,0.000,0.000,1.270,0.000
2025-12-05T04:09:15.385104,0.000,0.000,1.270,0.000
2025-12-05T04:09:15.419511,0.000,0.000,1.270,0.000
2025-12-05T04:09:15.451393,0.000,0.000,1.270,0.000
2025-12-05T04:09:15.485115,0.000,0.000,1.270,0.000
2025-12-05T04:09:15.513458,0.000,0.000,1.270,0.000
2025-12-05T04:09:15.545376,0.000,0.000,1.270,0.000
2025-12-05T04:09:15.581514,0.000,0.000,1.270,0.000
2025-12-05T04:09:15.618077,0.000,0.000,1.270,0.000
2025-12-05T04:09:15.649706,0.000,0.000,1.270,0.000
2025-12-05T04:09:15.681769,0.000,0.000,1.270,0.000
2025-12-05T04:09:15.713147,0.000,0.000,1.270,0.000
2025-12-05T04:09:15.743705,0.000,0.000,1.270,0.000
2025-12-05T04:09:15.774109,0.000,0.000,1.270,0.000
2025-12-05T04:09:15.806652,0.000,0.000,1.270,0.000
2025-12-05T04:09:15.840846,0.000,0.000,1.270,0.000
2025-12-05T04:09:15.871283,0.000,0.000,1.270,0.000
2025-12-05T04:09:15.904267,0.000,0.000,1.270,0.000
2025-12-05T04:09:15.937119,0.000,0.000,1.270,0.000
2025-12-05T04:09:15.973606,0.000,0.000,1.270,0.000
2025-12-05T04:09:16.007785,0.000,0.000,1.270,0.000
2025-12-05T04:09:16.046182,0.000,0.000,1.270,0.000
2025-12-05T04:09:16.078274,0.000,0.000,1.270,0.000
2025-12-05T04:09:16.105697,0.000,0.000,1.270,0.000
2025-12-05T04:09:16.140760,0.000,0.000,1.270,0.000
2025-12-05T04:09:16.171435,0.000,0.000,1.270,0.000
2025-12-05T04:09:16.199013,0.000,0.000,1.270,0.000
2025-12-05T04:09:16.233721,0.000,0.000,1.270,0.000
2025-12-05T04:09:16.272772,0.000,0.000,1.270,0.000
2025-12-05T04:09:16.300763,0.000,0.000,1.270,0.000
2025-12-05T04:09:16.333945,0.000,0.000,1.270,0.000
2025-12-05T04:09:16.364654,0.000,0.000,1.270,0.000
2025-12-05T04:09:16.394994,0.000,0.000,1.270,0.000
2025-12-05T04:09:16.426240,0.000,0.000,1.270,0.000
2025-12-05T04:09:16.458273,0.000,0.000,1.270,0.000
2025-12-05T04:09:16.492614,0.000,0.000,1.270,0.000
2025-12-05T04:09:16.529242,0.000,0.000,1.270,0.000
2025-12-05T04:09:16.560919,0.000,0.000,1.270,0.000
2025-12-05T04:09:16.592711,0.000,0.000,1.270,0.000
2025-12-05T04:09:16.625867,0.000,0.000,1.270,0.000
2025-12-05T04:09:16.654357,0.000,0.000,1.270,0.000
2025-12-05T04:09:16.687595,0.000,0.000,1.270,0.000
2025-12-05T04:09:16.721670,0.000,0.000,1.270,0.000
2025-12-05T04:09:16.753363,0.000,0.000,1.270,0.000
2025-12-05T04:09:16.784872,0.000,0.000,1.270,0.000
2025-12-05T04:09:16.817789,0.000,0.000,1.270,0.000
2025-12-05T04:09:16.849348,0.000,0.000,1.270,0.000
2025-12-05T04:09:16.885552,0.000,0.000,1.270,0.000
2025-12-05T04:09:16.919506,0.000,0.000,1.270,0.000
2025-12-05T04:09:16.953174,0.000,0.000,1.270,0.000
2025-12-05T04:09:16.985573,0.000,0.000,1.270,0.000
2025-12-05T04:09:17.016445,0.000,0.000,1.270,0.000
2025-12-05T04:09:17.048136,0.000,0.000,1.270,0.000
2025-12-05T04:09:17.080630,0.000,0.000,1.270,0.000
2025-12-05T04:09:17.113769,0.000,0.000,1.270,0.000
2025-12-05T04:09:17.144794,0.000,0.000,1.270,0.000
2025-12-05T04:09:17.176573,0.000,0.000,1.270,0.000
2025-12-05T04:09:17.209956,0.000,0.000,1.270,0.000
2025-12-05T04:09:17.244297,0.000,0.000,1.270,0.000
2025-12-05T04:09:17.279477,0.000,0.000,1.270,0.000
2025-12-05T04:09:17.308011,0.000,0.000,1.270,0.000
2025-12-05T04:09:17.339693,0.000,0.000,1.270,0.000
2025-12-05T04:09:17.372565,0.000,0.000,1.270,0.000
2025-12-05T04:09:17.403623,0.000,0.000,1.270,0.000
2025-12-05T04:09:17.436453,0.000,0.000,1.270,0.000
2025-12-05T04:09:17.472649,0.000,0.000,1.270,0.000
2025-12-05T04:09:17.502228,0.000,0.000,1.270,0.000
2025-12-05T04:09:17.533375,0.000,0.000,1.270,0.000
2025-12-05T04:09:17.565587,0.000,0.000,1.270,0.000
2025-12-05T04:09:17.595817,0.000,0.000,1.270,0.000
2025-12-05T04:09:17.629882,0.000,0.000,1.270,0.000
2025-12-05T04:09:17.662021,0.000,0.000,1.270,0.000
2025-12-05T04:09:17.694517,0.000,0.000,1.270,0.000
2025-12-05T04:09:17.729881,0.000,0.000,1.270,0.000
2025-12-05T04:09:17.762071,0.000,0.000,1.270,0.000
2025-12-05T04:09:17.793327,0.000,0.000,1.270,0.000
2025-12-05T04:09:17.825583,0.000,0.000,1.270,0.000
2025-12-05T04:09:17.855606,0.000,0.000,1.270,0.000
2025-12-05T04:09:17.888224,0.000,0.000,1.270,0.000
2025-12-05T04:09:17.921034,0.000,0.000,1.270,0.000
2025-12-05T04:09:17.954122,0.000,0.000,1.270,0.000
2025-12-05T04:09:17.986477,0.000,0.000,1.270,0.000
2025-12-05T04:09:18.021899,0.000,0.000,1.270,0.000
2025-12-05T04:09:18.054701,0.000,0.000,1.270,0.000
2025-12-05T04:09:18.085077,0.000,0.000,1.270,0.000
2025-12-05T04:09:18.119347,0.000,0.000,1.270,0.000
2025-12-05T04:09:18.151367,0.000,0.000,1.270,0.000
2025-12-05T04:09:18.184264,0.000,0.000,1.270,0.000
2025-12-05T04:09:18.217658,0.000,0.000,1.270,0.000
2025-12-05T04:09:18.250783,0.000,0.000,1.270,0.000
2025-12-05T04:09:18.285757,0.000,0.000,1.270,0.000
2025-12-05T04:09:18.316791,0.000,0.000,1.270,0.000
2025-12-05T04:09:18.348448,0.000,0.000,1.270,0.000
2025-12-05T04:09:18.380923,0.000,0.000,1.270,0.000
2025-12-05T04:09:18.413533,0.000,0.000,1.270,0.000
2025-12-05T04:09:18.445712,0.000,0.000,1.270,0.000
2025-12-05T04:09:18.480064,0.000,0.000,1.270,0.000
2025-12-05T04:09:18.513423,0.000,0.000,1.270,0.000
2025-12-05T04:09:18.544650,0.000,0.000,1.270,0.000
2025-12-05T04:09:18.576241,0.000,0.000,1.270,0.000
2025-12-05T04:09:18.605574,0.000,0.000,1.270,0.000
2025-12-05T04:09:18.638141,0.000,0.000,1.270,0.000
2025-12-05T04:09:18.671964,0.000,0.000,1.270,0.000
2025-12-05T04:09:18.703475,0.000,0.000,1.270,0.000
2025-12-05T04:09:18.736772,0.000,0.000,1.270,0.000
2025-12-05T04:09:18.769828,0.000,0.000,1.270,0.000
2025-12-05T04:09:18.801526,0.000,0.000,1.270,0.000
2025-12-05T04:09:18.836416,0.000,0.000,1.270,0.000
2025-12-05T04:09:18.864644,0.000,0.000,1.270,0.000
2025-12-05T04:09:18.894356,0.000,0.000,1.270,0.000
2025-12-05T04:09:18.929782,0.000,0.000,1.270,0.000
2025-12-05T04:09:18.961820,0.000,0.000,1.270,0.000
2025-12-05T04:09:18.993919,0.000,0.000,1.270,0.000
2025-12-05T04:09:19.031588,0.000,0.000,1.270,0.000
2025-12-05T04:09:19.063437,0.000,0.000,1.270,0.000
2025-12-05T04:09:19.096714,0.000,0.000,1.270,0.000
2025-12-05T04:09:19.128748,0.000,0.000,1.270,0.000
2025-12-05T04:09:19.158161,0.000,0.000,1.270,0.000
2025-12-05T04:09:19.191106,0.000,0.000,1.270,0.000
2025-12-05T04:09:19.225327,0.000,0.000,1.270,0.000
2025-12-05T04:09:19.258881,0.000,0.000,1.270,0.000
2025-12-05T04:09:19.290749,0.000,0.000,1.270,0.000
2025-12-05T04:09:19.323187,0.000,0.000,1.270,0.000
2025-12-05T04:09:19.355109,0.000,0.000,1.270,0.000
2025-12-05T04:09:19.385982,0.000,0.000,1.270,0.000
2025-12-05T04:09:19.420540,0.000,0.000,1.270,0.000
2025-12-05T04:09:19.451825,0.000,0.000,1.270,0.000
2025-12-05T04:09:19.484824,0.000,0.000,1.270,0.000
2025-12-05T04:09:19.513654,0.000,0.000,1.270,0.000
2025-12-05T04:09:19.544640,0.000,0.000,1.270,0.000
2025-12-05T04:09:19.576858,0.000,0.000,1.270,0.000
2025-12-05T04:09:19.609961,0.000,0.000,1.270,0.000
2025-12-05T04:09:19.643308,0.000,0.000,1.270,0.000
2025-12-05T04:09:19.682666,0.000,0.000,1.270,0.000
2025-12-05T04:09:19.719352,0.000,0.000,1.270,0.000
2025-12-05T04:09:19.755590,0.000,0.000,1.270,0.000
2025-12-05T04:09:19.785641,0.000,0.000,1.270,0.000
2025-12-05T04:09:19.820301,0.000,0.000,1.270,0.000
2025-12-05T04:09:19.849766,0.000,0.000,1.270,0.000
2025-12-05T04:09:19.881732,0.000,0.000,1.270,0.000
2025-12-05T04:09:19.914063,0.000,0.000,1.270,0.000
2025-12-05T04:09:19.941854,0.000,0.000,1.270,0.000
2025-12-05T04:09:19.973624,0.000,0.000,1.270,0.000
2025-12-05T04:09:20.004459,0.000,0.000,1.270,0.000
2025-12-05T04:09:20.036302,0.000,0.000,1.270,0.000
2025-12-05T04:09:20.071691,0.000,0.000,1.270,0.000
2025-12-05T04:09:20.103714,0.000,0.000,1.270,0.000
2025-12-05T04:09:20.135831,0.000,0.000,1.270,0.000
2025-12-05T04:09:20.172407,0.000,0.000,1.270,0.000
2025-12-05T04:09:20.206557,0.000,0.000,1.270,0.000
2025-12-05T04:09:20.238813,0.000,0.000,1.270,0.000
2025-12-05T04:09:20.273318,0.000,0.000,1.270,0.000
2025-12-05T04:09:20.304431,0.000,0.000,1.270,0.000
2025-12-05T04:09:20.336503,0.000,0.000,1.270,0.000
2025-12-05T04:09:20.367975,0.000,0.000,1.270,0.000
2025-12-05T04:09:20.400831,0.000,0.000,1.270,0.000
2025-12-05T04:09:20.428792,0.000,0.000,1.270,0.000
2025-12-05T04:09:20.462309,0.000,0.000,1.270,0.000
2025-12-05T04:09:20.493877,0.000,0.000,1.270,0.000
2025-12-05T04:09:20.530094,0.000,0.000,1.270,0.000
2025-12-05T04:09:20.565623,0.000,0.000,1.270,0.000
2025-12-05T04:09:20.596847,0.000,0.000,1.270,0.000
2025-12-05T04:09:20.630733,0.000,0.000,1.270,0.000
2025-12-05T04:09:20.664339,0.000,0.000,1.270,0.000
2025-12-05T04:09:20.695649,0.000,0.000,1.270,0.000
2025-12-05T04:09:20.729314,0.000,0.000,1.270,0.000
2025-12-05T04:09:20.758892,0.000,0.000,1.270,0.000
2025-12-05T04:09:20.793078,0.000,0.000,1.270,0.000
2025-12-05T04:09:20.823235,0.000,0.000,1.270,0.000
2025-12-05T04:09:20.857810,0.000,0.000,1.270,0.000
2025-12-05T04:09:20.892528,0.000,0.000,1.270,0.000
2025-12-05T04:09:20.922100,0.000,0.000,1.270,0.000
2025-12-05T04:09:20.953529,0.000,0.000,1.270,0.000
2025-12-05T04:09:20.985039,0.000,0.000,1.270,0.000
2025-12-05T04:09:21.016618,0.000,0.000,1.270,0.000
2025-12-05T04:09:21.050039,0.000,0.000,1.270,0.000
2025-12-05T04:09:21.083263,0.000,0.000,1.270,0.000
2025-12-05T04:09:21.117915,0.000,0.000,1.270,0.000
2025-12-05T04:09:21.152890,0.000,0.000,1.270,0.000
2025-12-05T04:09:21.187413,0.000,0.000,1.270,0.000
2025-12-05T04:09:21.221130,0.000,0.000,1.270,0.000
2025-12-05T04:09:21.252819,0.000,0.000,1.270,0.000
2025-12-05T04:09:21.284793,0.000,0.000,1.270,0.000
2025-12-05T04:09:21.316483,0.000,0.000,1.270,0.000
2025-12-05T04:09:21.348944,0.000,0.000,1.270,0.000
2025-12-05T04:09:21.380467,0.000,0.000,1.270,0.000
2025-12-05T04:09:21.411657,0.000,0.000,1.270,0.000
2025-12-05T04:09:21.444339,0.000,0.000,1.270,0.000
2025-12-05T04:09:21.480338,0.000,0.000,1.270,0.000
2025-12-05T04:09:21.510447,0.000,0.000,1.270,0.000
2025-12-05T04:09:21.542401,0.000,0.000,1.270,0.000
2025-12-05T04:09:21.578271,0.000,0.000,1.270,0.000
2025-12-05T04:09:21.609934,0.000,0.000,1.270,0.000
2025-12-05T04:09:21.638935,0.000,0.000,1.270,0.000
2025-12-05T04:09:21.669928,0.000,0.000,1.270,0.000
2025-12-05T04:09:21.704963,0.000,0.000,1.270,0.000
2025-12-05T04:09:21.736382,0.000,0.000,1.270,0.000
2025-12-05T04:09:21.772124,0.000,0.000,1.270,0.000
2025-12-05T04:09:21.805799,0.000,0.000,1.270,0.000
2025-12-05T04:09:21.835911,0.000,0.000,1.270,0.000
2025-12-05T04:09:21.868397,0.000,0.000,1.270,0.000
2025-12-05T04:09:21.898168,0.000,0.000,1.270,0.000
2025-12-05T04:09:21.931776,0.000,0.000,1.270,0.000
2025-12-05T04:09:21.964015,0.000,0.000,1.270,0.000
2025-12-05T04:09:21.999757,0.000,0.000,1.270,0.000
2025-12-05T04:09:22.029421,0.000,0.000,1.270,0.000
2025-12-05T04:09:22.061540,0.000,0.000,1.270,0.000
2025-12-05T04:09:22.093337,0.000,0.000,1.270,0.000
2025-12-05T04:09:22.125350,0.000,0.000,1.270,0.000
2025-12-05T04:09:22.157566,0.000,0.000,1.270,0.000
2025-12-05T04:09:22.191369,0.000,0.000,1.270,0.000
2025-12-05T04:09:22.222734,0.000,0.000,1.270,0.000
2025-12-05T04:09:22.258835,0.000,0.000,1.270,0.000
2025-12-05T04:09:22.292707,0.000,0.000,1.270,0.000
2025-12-05T04:09:22.323551,0.000,0.000,1.270,0.000
2025-12-05T04:09:22.356875,0.000,0.000,1.270,0.000
2025-12-05T04:09:22.388147,0.000,0.000,1.270,0.000
2025-12-05T04:09:22.419899,0.000,0.000,1.270,0.000
2025-12-05T04:09:22.451883,0.000,0.000,1.270,0.000
2025-12-05T04:09:22.486751,0.000,0.000,1.270,0.000
2025-12-05T04:09:22.522050,0.000,0.000,1.270,0.000
2025-12-05T04:09:22.551725,0.000,0.000,1.270,0.000
2025-12-05T04:09:22.584747,0.000,0.000,1.270,0.000
2025-12-05T04:09:22.615864,0.000,0.000,1.270,0.000
2025-12-05T04:09:22.647895,0.000,0.000,1.270,0.000
2025-12-05T04:09:22.680004,0.000,0.000,1.270,0.000
2025-12-05T04:09:22.711004,0.000,0.000,1.270,0.000
2025-12-05T04:09:22.743868,0.000,0.000,1.270,0.000
2025-12-05T04:09:22.779632,0.000,0.000,1.270,0.000
2025-12-05T04:09:22.811900,0.000,0.000,1.270,0.000
2025-12-05T04:09:22.845458,0.000,0.000,1.270,0.000
2025-12-05T04:09:22.879658,0.000,0.000,1.270,0.000
2025-12-05T04:09:22.913399,0.000,0.000,1.270,0.000
2025-12-05T04:09:22.941691,0.000,0.000,1.270,0.000
2025-12-05T04:09:22.972423,0.000,0.000,1.270,0.000
2025-12-05T04:09:23.004116,0.000,0.000,1.270,0.000
2025-12-05T04:09:23.033423,0.000,0.000,1.270,0.000
2025-12-05T04:09:23.065545,0.000,0.000,1.270,0.000
2025-12-05T04:09:23.099525,0.000,0.000,1.270,0.000
2025-12-05T04:09:23.133772,0.000,0.000,1.270,0.000
2025-12-05T04:09:23.169665,0.000,0.000,1.270,0.000
2025-12-05T04:09:23.201043,0.000,0.000,1.270,0.000
2025-12-05T04:09:23.232898,0.000,0.000,1.270,0.000
2025-12-05T04:09:23.265968,0.000,0.000,1.270,0.000
2025-12-05T04:09:23.296289,0.000,0.000,1.270,0.000
2025-12-05T04:09:23.327773,0.000,0.000,1.270,0.000
2025-12-05T04:09:23.359873,0.000,0.000,1.270,0.000
2025-12-05T04:09:23.392075,0.000,0.000,1.270,0.000
2025-12-05T04:09:23.423867,0.000,0.000,1.270,0.000
2025-12-05T04:09:23.456549,0.000,0.000,1.270,0.000
2025-12-05T04:09:23.491388,0.000,0.000,1.270,0.000
2025-12-05T04:09:23.521951,0.000,0.000,1.270,0.000
2025-12-05T04:09:23.556137,0.000,0.000,1.270,0.000
2025-12-05T04:09:23.589923,0.000,0.000,1.270,0.000
2025-12-05T04:09:23.621434,0.000,0.000,1.270,0.000
2025-12-05T04:09:23.653711,0.000,0.000,1.270,0.000
2025-12-05T04:09:23.685889,0.000,0.000,1.270,0.000
2025-12-05T04:09:23.717564,0.000,0.000,1.270,0.000
2025-12-05T04:09:23.750058,0.000,0.000,1.270,0.000
2025-12-05T04:09:23.784302,0.000,0.000,1.270,0.000
2025-12-05T04:09:23.820955,0.000,0.000,1.270,0.000
2025-12-05T04:09:23.853162,0.000,0.000,1.270,0.000
2025-12-05T04:09:23.884802,0.000,0.000,1.270,0.000
2025-12-05T04:09:23.916426,0.000,0.000,1.270,0.000
2025-12-05T04:09:23.947248,0.000,0.000,1.270,0.000
2025-12-05T04:09:23.980538,0.000,0.000,1.270,0.000
2025-12-05T04:09:24.012274,0.000,0.000,1.270,0.000
2025-12-05T04:09:24.043698,0.000,0.000,1.270,0.000
2025-12-05T04:09:24.080018,0.000,0.000,1.270,0.000
2025-12-05T04:09:24.109777,0.000,0.000,1.270,0.000
2025-12-05T04:09:24.141497,0.000,0.000,1.270,0.000
2025-12-05T04:09:24.173255,0.000,0.000,1.270,0.000
2025-12-05T04:09:24.203008,0.000,0.000,1.270,0.000
2025-12-05T04:09:24.235683,0.000,0.000,1.270,0.000
2025-12-05T04:09:24.270164,0.000,0.000,1.270,0.000
2025-12-05T04:09:24.303314,0.000,0.000,1.270,0.000
2025-12-05T04:09:24.337054,0.000,0.000,1.270,0.000
2025-12-05T04:09:24.373220,0.000,0.000,1.270,0.000
2025-12-05T04:09:24.408356,0.000,0.000,1.270,0.000
2025-12-05T04:09:24.438026,0.000,0.000,1.270,0.000
2025-12-05T04:09:24.468751,0.000,0.000,1.270,0.000
2025-12-05T04:09:24.498481,0.000,0.000,1.270,0.000
2025-12-05T04:09:24.529617,0.000,0.000,1.270,0.000
2025-12-05T04:09:24.560964,0.000,0.000,1.270,0.000
2025-12-05T04:09:24.591986,0.000,0.000,1.270,0.000
2025-12-05T04:09:24.626478,0.000,0.000,1.270,0.000
2025-12-05T04:09:24.657065,0.000,0.000,1.270,0.000
2025-12-05T04:09:24.690028,0.000,0.000,1.270,0.000
2025-12-05T04:09:24.728014,0.000,0.000,1.270,0.000
2025-12-05T04:09:24.760352,0.000,0.000,1.270,0.000
2025-12-05T04:09:24.791443,0.000,0.000,1.270,0.000
2025-12-05T04:09:24.824689,0.000,0.000,1.270,0.000
2025-12-05T04:09:24.854730,0.000,0.000,1.270,0.000
2025-12-05T04:09:24.885839,0.000,0.000,1.270,0.000
2025-12-05T04:09:24.920437,0.000,0.000,1.270,0.000
2025-12-05T04:09:24.952877,0.000,0.000,1.270,0.000
2025-12-05T04:09:24.986289,0.000,0.000,1.270,0.000
2025-12-05T04:09:25.020323,0.000,0.000,1.270,0.000
2025-12-05T04:09:25.053263,0.000,0.000,1.270,0.000
2025-12-05T04:09:25.084247,0.000,0.000,1.270,0.000
2025-12-05T04:09:25.116587,0.000,0.000,1.270,0.000
2025-12-05T04:09:25.146811,0.000,0.000,1.270,0.000
2025-12-05T04:09:25.177824,0.000,0.000,1.270,0.000
2025-12-05T04:09:25.209309,0.000,0.000,1.270,0.000
2025-12-05T04:09:25.242305,0.000,0.000,1.270,0.000
2025-12-05T04:09:25.277635,0.000,0.000,1.270,0.000
2025-12-05T04:09:25.313449,0.000,0.000,1.270,0.000
2025-12-05T04:09:25.345357,0.000,0.000,1.270,0.000
2025-12-05T04:09:25.377916,0.000,0.000,1.270,0.000
2025-12-05T04:09:25.409225,0.000,0.000,1.270,0.000
2025-12-05T04:09:25.439687,0.000,0.000,1.270,0.000
2025-12-05T04:09:25.469660,0.000,0.000,1.270,0.000
2025-12-05T04:09:25.500865,0.000,0.000,1.270,0.000
2025-12-05T04:09:25.534216,0.000,0.000,1.270,0.000
2025-12-05T04:09:25.566057,0.000,0.000,1.270,0.000
2025-12-05T04:09:25.600034,0.000,0.000,1.270,0.000
2025-12-05T04:09:25.633489,0.000,0.000,1.270,0.000
2025-12-05T04:09:25.665855,0.000,0.000,1.270,0.000
2025-12-05T04:09:25.699544,0.000,0.000,1.270,0.000
2025-12-05T04:09:25.730576,0.000,0.000,1.270,0.000
2025-12-05T04:09:25.760961,0.000,0.000,1.270,0.000
2025-12-05T04:09:25.792038,0.000,0.000,1.270,0.000
2025-12-05T04:09:25.825718,0.000,0.000,1.270,0.000
2025-12-05T04:09:25.857784,0.000,0.000,1.270,0.000
2025-12-05T04:09:25.890032,0.000,0.000,1.270,0.000
2025-12-05T04:09:25.925798,0.000,0.000,1.270,0.000
2025-12-05T04:09:25.958308,0.000,0.000,1.270,0.000
2025-12-05T04:09:25.990955,0.000,0.000,1.270,0.000
2025-12-05T04:09:26.023841,0.000,0.000,1.270,0.000
2025-12-05T04:09:26.053652,0.000,0.000,1.270,0.000
2025-12-05T04:09:26.084631,0.000,0.000,1.270,0.000
2025-12-05T04:09:26.116497,0.000,0.000,1.270,0.000
2025-12-05T04:09:26.148609,0.000,0.000,1.270,0.000
2025-12-05T04:09:26.184713,0.000,0.000,1.270,0.000
2025-12-05T04:09:26.216952,0.000,0.000,1.270,0.000
2025-12-05T04:09:26.249578,0.000,0.000,1.270,0.000
2025-12-05T04:09:26.281118,0.000,0.000,1.270,0.000
2025-12-05T04:09:26.313954,0.000,0.000,1.270,0.000
2025-12-05T04:09:26.343704,0.000,0.000,1.270,0.000
2025-12-05T04:09:26.376411,0.000,0.000,1.270,0.000
2025-12-05T04:09:26.409919,0.000,0.000,1.270,0.000
2025-12-05T04:09:26.441374,0.000,0.000,1.270,0.000
2025-12-05T04:09:26.479643,0.000,0.000,1.270,0.000
2025-12-05T04:09:26.512947,0.000,0.000,1.270,0.000
2025-12-05T04:09:26.543457,0.000,0.000,1.270,0.000
2025-12-05T04:09:26.578878,0.000,0.000,1.270,0.000
2025-12-05T04:09:26.607711,0.000,0.000,1.270,0.000
2025-12-05T04:09:26.639430,0.000,0.000,1.270,0.000
2025-12-05T04:09:26.691139,0.000,0.000,1.270,0.000
2025-12-05T04:09:26.723930,0.000,0.000,1.270,0.000
2025-12-05T04:09:26.773569,0.000,0.000,1.270,0.000
2025-12-05T04:09:26.806970,0.000,0.000,1.270,0.000
2025-12-05T04:09:26.843178,0.000,0.000,1.270,0.000
2025-12-05T04:09:26.875045,0.000,0.000,1.270,0.000
2025-12-05T04:09:26.901034,0.000,0.000,1.270,0.000
2025-12-05T04:09:26.928674,0.000,0.000,1.270,0.000
2025-12-05T04:09:26.967308,0.000,0.000,1.270,0.000
2025-12-05T04:09:27.008823,0.000,0.000,1.270,0.000
2025-12-05T04:09:27.042363,0.000,0.000,1.270,0.000
2025-12-05T04:09:27.075007,0.000,0.000,1.270,0.000
2025-12-05T04:09:27.101514,0.000,0.000,1.270,0.000
2025-12-05T04:09:27.127602,0.000,0.000,1.270,0.000
2025-12-05T04:09:27.154626,0.000,0.000,1.270,0.000
2025-12-05T04:09:27.181406,0.000,0.000,1.270,0.000
2025-12-05T04:09:27.213173,0.000,0.000,1.270,0.000
2025-12-05T04:09:27.241687,0.000,0.000,1.270,0.000
2025-12-05T04:09:27.273630,0.000,0.000,1.270,0.029
2025-12-05T04:09:27.302318,0.000,0.000,1.270,0.058
2025-12-05T04:09:27.330572,0.000,0.000,1.270,0.086
2025-12-05T04:09:27.367244,0.000,0.000,1.270,0.115
2025-12-05T04:09:27.398619,0.000,0.000,1.270,0.144
2025-12-05T04:09:27.435422,0.000,0.000,1.270,0.172
2025-12-05T04:09:27.467192,0.000,0.000,1.270,0.200
2025-12-05T04:09:27.499591,0.000,0.000,1.270,0.228
2025-12-05T04:09:27.531508,0.000,0.000,1.270,0.256
2025-12-05T04:09:27.562112,0.000,0.000,1.270,0.284
2025-12-05T04:09:27.593958,0.000,0.000,1.270,0.312
2025-12-05T04:09:27.627848,0.000,0.000,1.270,0.339
2025-12-05T04:09:27.658452,0.000,0.000,1.270,0.366
2025-12-05T04:09:27.692108,0.000,0.000,1.270,0.392
2025-12-05T04:09:27.729689,0.000,0.000,1.270,0.419
2025-12-05T04:09:27.766178,0.000,0.000,1.270,0.445
2025-12-05T04:09:27.799071,0.000,0.000,1.270,0.470
2025-12-05T04:09:27.829860,0.000,0.000,1.270,0.495
2025-12-05T04:09:27.861304,0.000,0.000,1.270,0.520
2025-12-05T04:09:27.889205,0.008,0.016,1.270,0.520
2025-12-05T04:09:27.924656,0.017,0.032,1.270,0.520
2025-12-05T04:09:27.956923,0.025,0.048,1.270,0.520
2025-12-05T04:09:27.989957,0.033,0.065,1.270,0.520
2025-12-05T04:09:28.023374,0.042,0.081,1.270,0.520
2025-12-05T04:09:28.055569,0.050,0.098,1.270,0.520
2025-12-05T04:09:28.085620,0.059,0.114,1.270,0.520
2025-12-05T04:09:28.120264,0.068,0.131,1.270,0.520
2025-12-05T04:09:28.151316,0.076,0.148,1.270,0.520
2025-12-05T04:09:28.187959,0.085,0.165,1.270,0.520
2025-12-05T04:09:28.219267,0.094,0.182,1.270,0.520
2025-12-05T04:09:28.249244,0.103,0.199,1.270,0.520
2025-12-05T04:09:28.285914,0.112,0.216,1.270,0.520
2025-12-05T04:09:28.316839,0.120,0.233,1.270,0.520
2025-12-05T04:09:28.351020,0.129,0.251,1.270,0.520
2025-12-05T04:09:28.379454,0.138,0.268,1.270,0.520
2025-12-05T04:09:28.410690,0.147,0.286,1.270,0.520
2025-12-05T04:09:28.444362,0.156,0.303,1.270,0.520
2025-12-05T04:09:28.480105,0.165,0.321,1.270,0.520
2025-12-05T04:09:28.514421,0.174,0.338,1.270,0.520
2025-12-05T04:09:28.546468,0.184,0.356,1.270,0.520
2025-12-05T04:09:28.580453,0.193,0.373,1.270,0.520
2025-12-05T04:09:28.614261,0.202,0.391,1.270,0.520
2025-12-05T04:09:28.644068,0.211,0.409,1.270,0.520
2025-12-05T04:09:28.677518,0.220,0.427,1.270,0.520
2025-12-05T04:09:28.708143,0.229,0.444,1.270,0.520
2025-12-05T04:09:28.736811,0.238,0.462,1.270,0.520
2025-12-05T04:09:28.772808,0.248,0.480,1.270,0.520
2025-12-05T04:09:28.802051,0.257,0.498,1.270,0.520
2025-12-05T04:09:28.834599,0.266,0.516,1.270,0.520
2025-12-05T04:09:28.867302,0.275,0.534,1.270,0.520
2025-12-05T04:09:28.901441,0.285,0.552,1.270,0.520
2025-12-05T04:09:28.934850,0.294,0.570,1.270,0.520
2025-12-05T04:09:28.967398,0.303,0.587,1.270,0.520
2025-12-05T04:09:28.996705,0.312,0.605,1.270,0.520
2025-12-05T04:09:29.029043,0.322,0.623,1.270,0.520
2025-12-05T04:09:29.060787,0.331,0.641,1.270,0.520
2025-12-05T04:09:29.093818,0.340,0.660,1.270,0.520
2025-12-05T04:09:29.126984,0.350,0.678,1.270,0.520
2025-12-05T04:09:29.160283,0.359,0.696,1.270,0.520
2025-12-05T04:09:29.193127,0.368,0.714,1.270,0.520
2025-12-05T04:09:29.228665,0.378,0.732,1.270,0.520
2025-12-05T04:09:29.262879,0.387,0.750,1.270,0.520
2025-12-05T04:09:29.294769,0.396,0.768,1.270,0.520
2025-12-05T04:09:29.322813,0.406,0.786,1.270,0.520
2025-12-05T04:09:29.355974,0.415,0.804,1.270,0.520
2025-12-05T04:09:29.387961,0.424,0.822,1.270,0.520
2025-12-05T04:09:29.420838,0.434,0.840,1.270,0.520
2025-12-05T04:09:29.452009,0.443,0.858,1.270,0.520
2025-12-05T04:09:29.485013,0.452,0.877,1.270,0.520
2025-12-05T04:09:29.518100,0.462,0.895,1.270,0.520
2025-12-05T04:09:29.551617,0.471,0.913,1.270,0.520
2025-12-05T04:09:29.583670,0.480,0.931,1.270,0.520
2025-12-05T04:09:29.615466,0.490,0.949,1.270,0.520
2025-12-05T04:09:29.644723,0.499,0.967,1.270,0.520
2025-12-05T04:09:29.675317,0.509,0.986,1.270,0.520
2025-12-05T04:09:29.708547,0.518,1.004,1.270,0.520
2025-12-05T04:09:29.743774,0.527,1.022,1.270,0.520
2025-12-05T04:09:29.778068,0.537,1.040,1.270,0.520
2025-12-05T04:09:29.810150,0.546,1.058,1.270,0.520
2025-12-05T04:09:29.840680,0.555,1.076,1.270,0.520
2025-12-05T04:09:29.873452,0.565,1.095,1.270,0.520
2025-12-05T04:09:29.904957,0.574,1.113,1.270,0.520
2025-12-05T04:09:29.937881,0.584,1.131,1.270,0.520
2025-12-05T04:09:29.970046,0.593,1.149,1.270,0.520
2025-12-05T04:09:30.001376,0.602,1.167,1.270,0.520
2025-12-05T04:09:30.040482,0.612,1.186,1.270,0.520
2025-12-05T04:09:30.071587,0.621,1.204,1.270,0.520
2025-12-05T04:09:30.106144,0.631,1.222,1.270,0.520
2025-12-05T04:09:30.137904,0.640,1.240,1.270,0.520
2025-12-05T04:09:30.178139,0.649,1.258,1.270,0.520
2025-12-05T04:09:30.201199,0.659,1.277,1.270,0.520
2025-12-05T04:09:30.236055,0.668,1.295,1.270,0.520
2025-12-05T04:09:30.272396,0.678,1.313,1.270,0.520
2025-12-05T04:09:30.304650,0.687,1.331,1.270,0.520
2025-12-05T04:09:30.337792,0.696,1.349,1.270,0.520
2025-12-05T04:09:30.369560,0.706,1.368,1.270,0.520
2025-12-05T04:09:30.402145,0.715,1.386,1.270,0.520
2025-12-05T04:09:30.434808,0.725,1.404,1.270,0.520
2025-12-05T04:09:30.464719,0.726,1.406,1.270,0.495
2025-12-05T04:09:30.495107,0.727,1.408,1.270,0.470
2025-12-05T04:09:30.530231,0.728,1.410,1.270,0.445
2025-12-05T04:09:30.559196,0.729,1.412,1.270,0.419
2025-12-05T04:09:30.594176,0.730,1.414,1.270,0.392
2025-12-05T04:09:30.628069,0.731,1.416,1.270,0.366
2025-12-05T04:09:30.659450,0.731,1.417,1.270,0.339
2025-12-05T04:09:30.691528,0.732,1.419,1.270,0.312
2025-12-05T04:09:30.723505,0.733,1.420,1.270,0.284
2025-12-05T04:09:30.756145,0.733,1.421,1.270,0.256
2025-12-05T04:09:30.790361,0.750,1.431,1.270,0.256
2025-12-05T04:09:30.824475,0.766,1.441,1.270,0.256
2025-12-05T04:09:30.856659,0.782,1.451,1.270,0.256
2025-12-05T04:09:30.888915,0.799,1.462,1.270,0.256
2025-12-05T04:09:30.921518,0.815,1.472,1.270,0.256
2025-12-05T04:09:30.951735,0.832,1.482,1.270,0.256
2025-12-05T04:09:30.987469,0.849,1.492,1.270,0.256
2025-12-05T04:09:31.018548,0.865,1.502,1.270,0.256
2025-12-05T04:09:31.052228,0.882,1.512,1.270,0.256
2025-12-05T04:09:31.081627,0.899,1.522,1.270,0.256
2025-12-05T04:09:31.114472,0.916,1.532,1.270,0.256
2025-12-05T04:09:31.145819,0.933,1.542,1.270,0.256
2025-12-05T04:09:31.182043,0.950,1.552,1.270,0.256
2025-12-05T04:09:31.218394,0.967,1.563,1.270,0.256
2025-12-05T04:09:31.250223,0.985,1.573,1.270,0.256
2025-12-05T04:09:31.281877,1.002,1.583,1.270,0.256
2025-12-05T04:09:31.314418,1.019,1.593,1.270,0.256
2025-12-05T04:09:31.344562,1.036,1.603,1.270,0.256
2025-12-05T04:09:31.377772,1.054,1.613,1.270,0.256
2025-12-05T04:09:31.408842,1.071,1.623,1.270,0.256
2025-12-05T04:09:31.441443,1.073,1.625,1.270,0.228
2025-12-05T04:09:31.471388,1.074,1.626,1.270,0.200
2025-12-05T04:09:31.503767,1.076,1.627,1.270,0.172
2025-12-05T04:09:31.537584,1.077,1.628,1.270,0.144
2025-12-05T04:09:31.570968,1.079,1.629,1.270,0.115
2025-12-05T04:09:31.602787,1.080,1.630,1.270,0.086
2025-12-05T04:09:31.634981,1.081,1.631,1.270,0.058
2025-12-05T04:09:31.666978,1.083,1.631,1.270,0.029
2025-12-05T04:09:31.696179,1.102,1.633,1.270,0.029
2025-12-05T04:09:31.729930,1.121,1.635,1.270,0.029
2025-12-05T04:09:31.763482,1.140,1.637,1.270,0.029
2025-12-05T04:09:31.794548,1.159,1.638,1.270,0.029
2025-12-05T04:09:31.833301,1.178,1.640,1.270,0.029
2025-12-05T04:09:31.869823,1.198,1.642,1.270,0.029
2025-12-05T04:09:31.902063,1.217,1.643,1.270,0.029
2025-12-05T04:09:31.933707,1.237,1.645,1.270,0.029
2025-12-05T04:09:31.966029,1.256,1.646,1.270,0.029
2025-12-05T04:09:31.994032,1.276,1.648,1.270,0.029
2025-12-05T04:09:32.027248,1.296,1.649,1.270,0.029
2025-12-05T04:09:32.057718,1.315,1.651,1.270,0.029
2025-12-05T04:09:32.089157,1.335,1.652,1.270,0.029
2025-12-05T04:09:32.120299,1.355,1.653,1.270,0.029
2025-12-05T04:09:32.152124,1.375,1.655,1.270,0.029
2025-12-05T04:09:32.188124,1.395,1.656,1.270,0.029
2025-12-05T04:09:32.221555,1.415,1.658,1.270,0.029
2025-12-05T04:09:32.255733,1.435,1.659,1.270,0.029
2025-12-05T04:09:32.286756,1.455,1.660,1.270,0.029
2025-12-05T04:09:32.322326,1.475,1.662,1.270,0.029
2025-12-05T04:09:32.353590,1.495,1.663,1.270,0.029
2025-12-05T04:09:32.384619,1.515,1.664,1.270,0.029
2025-12-05T04:09:32.417850,1.535,1.666,1.270,0.029
2025-12-05T04:09:32.445294,1.555,1.667,1.270,0.029
2025-12-05T04:09:32.477245,1.575,1.668,1.270,0.029
2025-12-05T04:09:32.509948,1.595,1.670,1.270,0.029
2025-12-05T04:09:32.541210,1.616,1.671,1.270,0.029
2025-12-05T04:09:32.579471,1.636,1.672,1.270,0.029
2025-12-05T04:09:32.611340,1.656,1.674,1.270,0.029
2025-12-05T04:09:32.645244,1.676,1.675,1.270,0.029
2025-12-05T04:09:32.676282,1.697,1.676,1.270,0.029
2025-12-05T04:09:32.706531,1.717,1.677,1.270,0.029
2025-12-05T04:09:32.737204,1.737,1.679,1.270,0.029
2025-12-05T04:09:32.765681,1.757,1.680,1.270,0.029
2025-12-05T04:09:32.798600,1.778,1.681,1.270,0.029
2025-12-05T04:09:32.831098,1.798,1.682,1.270,0.029
2025-12-05T04:09:32.867837,1.818,1.684,1.270,0.029
2025-12-05T04:09:32.901300,1.839,1.685,1.270,0.029
2025-12-05T04:09:32.938942,1.859,1.686,1.270,0.029
2025-12-05T04:09:32.972237,1.879,1.687,1.270,0.029
2025-12-05T04:09:33.000912,1.900,1.688,1.270,0.029
2025-12-05T04:09:33.032282,1.920,1.690,1.270,0.029
2025-12-05T04:09:33.059109,1.941,1.691,1.270,0.029
2025-12-05T04:09:33.089829,1.961,1.692,1.270,0.029
2025-12-05T04:09:33.119282,1.981,1.693,1.270,0.029
2025-12-05T04:09:33.151819,2.002,1.694,1.270,0.029
2025-12-05T04:09:33.187838,2.022,1.696,1.270,0.029
2025-12-05T04:09:33.222949,2.043,1.697,1.270,0.029
2025-12-05T04:09:33.256229,2.063,1.698,1.270,0.029
2025-12-05T04:09:33.288440,2.083,1.699,1.270,0.029
2025-12-05T04:09:33.318425,2.104,1.701,1.270,0.029
2025-12-05T04:09:33.348051,2.124,1.702,1.270,0.029
2025-12-05T04:09:33.380683,2.145,1.703,1.270,0.029
2025-12-05T04:09:33.413772,2.165,1.704,1.270,0.029
2025-12-05T04:09:33.445295,2.186,1.705,1.270,0.029
2025-12-05T04:09:33.479227,2.206,1.707,1.270,0.029
2025-12-05T04:09:33.511750,2.226,1.708,1.270,0.029
2025-12-05T04:09:33.544128,2.247,1.709,1.270,0.029
2025-12-05T04:09:33.575491,2.267,1.710,1.270,0.029
2025-12-05T04:09:33.606957,2.288,1.711,1.270,0.029
2025-12-05T04:09:33.639328,2.308,1.712,1.270,0.029
2025-12-05T04:09:33.671702,2.329,1.714,1.270,0.029
2025-12-05T04:09:33.703521,2.349,1.715,1.270,0.029
2025-12-05T04:09:33.737741,2.370,1.716,1.270,0.029
2025-12-05T04:09:33.770508,2.390,1.717,1.270,0.029
2025-12-05T04:09:33.803255,2.410,1.718,1.270,0.029
2025-12-05T04:09:33.834559,2.431,1.720,1.270,0.029
2025-12-05T04:09:33.867334,2.451,1.721,1.270,0.029
2025-12-05T04:09:33.899910,2.472,1.722,1.270,0.029
2025-12-05T04:09:33.937018,2.492,1.723,1.270,0.029
2025-12-05T04:09:33.969726,2.513,1.724,1.270,0.029
2025-12-05T04:09:34.002846,2.533,1.726,1.270,0.029
2025-12-05T04:09:34.034662,2.554,1.727,1.270,0.029
2025-12-05T04:09:34.065726,2.574,1.728,1.270,0.029
2025-12-05T04:09:34.094420,2.595,1.729,1.270,0.029
2025-12-05T04:09:34.125919,2.615,1.730,1.270,0.029
2025-12-05T04:09:34.157727,2.635,1.731,1.270,0.029
2025-12-05T04:09:34.189589,2.656,1.733,1.270,0.029
2025-12-05T04:09:34.221425,2.676,1.734,1.270,0.029
2025-12-05T04:09:34.255295,2.697,1.735,1.270,0.029
2025-12-05T04:09:34.289892,2.717,1.736,1.270,0.029
2025-12-05T04:09:34.322274,2.738,1.737,1.270,0.029
2025-12-05T04:09:34.354026,2.758,1.739,1.270,0.029
2025-12-05T04:09:34.385913,2.779,1.740,1.270,0.029
2025-12-05T04:09:34.416358,2.799,1.741,1.270,0.029
2025-12-05T04:09:34.447991,2.820,1.742,1.270,0.029
2025-12-05T04:09:34.482799,2.840,1.743,1.270,0.029
2025-12-05T04:09:34.516736,2.861,1.744,1.270,0.029
2025-12-05T04:09:34.549586,2.881,1.746,1.270,0.029
2025-12-05T04:09:34.582891,2.902,1.747,1.270,0.029
2025-12-05T04:09:34.614634,2.922,1.748,1.270,0.029
2025-12-05T04:09:34.642777,2.942,1.749,1.270,0.029
2025-12-05T04:09:34.675269,2.963,1.750,1.270,0.029
2025-12-05T04:09:34.703291,2.983,1.752,1.270,0.029
2025-12-05T04:09:34.737281,3.004,1.753,1.270,0.029
2025-12-05T04:09:34.774042,3.024,1.754,1.270,0.029
2025-12-05T04:09:34.803525,3.045,1.755,1.270,0.029
2025-12-05T04:09:34.835126,3.065,1.756,1.270,0.029
2025-12-05T04:09:34.867844,3.086,1.757,1.270,0.029
2025-12-05T04:09:34.896020,3.106,1.759,1.270,0.029
2025-12-05T04:09:34.931171,3.127,1.760,1.270,0.029
2025-12-05T04:09:34.963574,3.147,1.761,1.270,0.029
2025-12-05T04:09:34.996077,3.168,1.762,1.270,0.029
2025-12-05T04:09:35.030402,3.188,1.763,1.270,0.029
2025-12-05T04:09:35.064822,3.209,1.765,1.270,0.029
2025-12-05T04:09:35.097982,3.229,1.766,1.270,0.029
2025-12-05T04:09:35.130701,3.250,1.767,1.270,0.029
2025-12-05T04:09:35.163424,3.270,1.768,1.270,0.029
2025-12-05T04:09:35.194887,3.291,1.769,1.270,0.029
2025-12-05T04:09:35.226470,3.311,1.770,1.270,0.029
2025-12-05T04:09:35.259059,3.331,1.772,1.270,0.029
2025-12-05T04:09:35.292817,3.352,1.773,1.270,0.029
2025-12-05T04:09:35.326845,3.372,1.774,1.270,0.029
2025-12-05T04:09:35.355466,3.393,1.775,1.270,0.029
2025-12-05T04:09:35.386497,3.413,1.776,1.270,0.029
2025-12-05T04:09:35.417880,3.434,1.778,1.270,0.029
2025-12-05T04:09:35.447932,3.454,1.779,1.270,0.029
2025-12-05T04:09:35.484151,3.475,1.780,1.270,0.029
2025-12-05T04:09:35.516436,3.495,1.781,1.270,0.029
2025-12-05T04:09:35.545369,3.516,1.782,1.270,0.029
2025-12-05T04:09:35.583225,3.536,1.783,1.270,0.029
2025-12-05T04:09:35.616009,3.557,1.785,1.270,0.029
2025-12-05T04:09:35.649950,3.577,1.786,1.270,0.029
2025-12-05T04:09:35.682820,3.598,1.787,1.270,0.029
2025-12-05T04:09:35.714685,3.618,1.788,1.270,0.029
2025-12-05T04:09:35.747121,3.639,1.789,1.270,0.029
2025-12-05T04:09:35.777388,3.659,1.791,1.270,0.029
2025-12-05T04:09:35.806513,3.679,1.792,1.270,0.029
2025-12-05T04:09:35.837299,3.700,1.793,1.270,0.029
2025-12-05T04:09:35.868680,3.720,1.794,1.270,0.029
2025-12-05T04:09:35.899940,3.741,1.795,1.270,0.029
2025-12-05T04:09:35.936026,3.761,1.796,1.270,0.029
2025-12-05T04:09:35.967351,3.782,1.798,1.270,0.029
2025-12-05T04:09:35.998192,3.802,1.799,1.270,0.029
2025-12-05T04:09:36.031550,3.823,1.800,1.270,0.029
2025-12-05T04:09:36.063608,3.843,1.801,1.270,0.029
2025-12-05T04:09:36.095346,3.864,1.802,1.270,0.029
2025-12-05T04:09:36.128688,3.884,1.804,1.270,0.029
2025-12-05T04:09:36.162335,3.905,1.805,1.270,0.029
2025-12-05T04:09:36.195432,3.925,1.806,1.270,0.029
2025-12-05T04:09:36.225936,3.946,1.807,1.270,0.029
2025-12-05T04:09:36.258995,3.966,1.808,1.270,0.029
2025-12-05T04:09:36.292019,3.987,1.809,1.270,0.029
2025-12-05T04:09:36.321992,4.007,1.811,1.270,0.029
2025-12-05T04:09:36.352221,4.028,1.812,1.270,0.029
2025-12-05T04:09:36.385197,4.048,1.813,1.270,0.029
2025-12-05T04:09:36.419596,4.068,1.814,1.270,0.029
2025-12-05T04:09:36.451651,4.089,1.815,1.270,0.029
2025-12-05T04:09:36.564757,4.109,1.817,1.270,0.029
2025-12-05T04:09:36.600624,4.130,1.818,1.270,0.029
2025-12-05T04:09:36.630804,4.150,1.819,1.270,0.029
2025-12-05T04:09:36.664810,4.171,1.820,1.270,0.029
2025-12-05T04:09:36.695979,4.191,1.821,1.270,0.029
2025-12-05T04:09:36.726376,4.212,1.822,1.270,0.029
2025-12-05T04:09:36.757701,4.232,1.824,1.270,0.029
2025-12-05T04:09:36.789374,4.253,1.825,1.270,0.029
2025-12-05T04:09:36.821073,4.273,1.826,1.270,0.029
2025-12-05T04:09:36.854643,4.294,1.827,1.270,0.029
2025-12-05T04:09:36.887760,4.314,1.828,1.270,0.029
2025-12-05T04:09:36.921291,4.335,1.830,1.270,0.029
2025-12-05T04:09:36.950680,4.355,1.831,1.270,0.029
2025-12-05T04:09:36.982782,4.376,1.832,1.270,0.029
2025-12-05T04:09:37.015131,4.396,1.833,1.270,0.029
2025-12-05T04:09:37.044355,4.417,1.834,1.270,0.029
2025-12-05T04:09:37.074960,4.437,1.835,1.270,0.029
2025-12-05T04:09:37.108083,4.457,1.837,1.270,0.029
2025-12-05T04:09:37.139596,4.478,1.838,1.270,0.029
2025-12-05T04:09:37.177185,4.498,1.839,1.270,0.029
2025-12-05T04:09:37.210005,4.519,1.840,1.270,0.029
2025-12-05T04:09:37.242423,4.539,1.841,1.270,0.029
2025-12-05T04:09:37.274440,4.560,1.843,1.270,0.029
2025-12-05T04:09:37.302390,4.580,1.844,1.270,0.029
2025-12-05T04:09:37.337798,4.601,1.845,1.270,0.029
2025-12-05T04:09:37.369304,4.621,1.846,1.270,0.029
2025-12-05T04:09:37.403625,4.642,1.847,1.270,0.029
2025-12-05T04:09:37.437909,4.662,1.848,1.270,0.029
2025-12-05T04:09:37.469503,4.683,1.850,1.270,0.029
2025-12-05T04:09:37.501496,4.703,1.851,1.270,0.029
2025-12-05T04:09:37.530662,4.724,1.852,1.270,0.029
2025-12-05T04:09:37.563679,4.744,1.853,1.270,0.029
2025-12-05T04:09:37.594392,4.765,1.854,1.270,0.029
2025-12-05T04:09:37.627157,4.785,1.855,1.270,0.029
2025-12-05T04:09:37.663848,4.806,1.857,1.270,0.029
2025-12-05T04:09:37.694240,4.826,1.858,1.270,0.029
2025-12-05T04:09:37.729096,4.846,1.859,1.270,0.029
2025-12-05T04:09:37.762401,4.867,1.860,1.270,0.029
2025-12-05T04:09:37.792104,4.887,1.861,1.270,0.029
2025-12-05T04:09:37.821113,4.908,1.863,1.270,0.029
2025-12-05T04:09:37.851989,4.928,1.864,1.270,0.029
2025-12-05T04:09:37.885438,4.949,1.865,1.270,0.029
2025-12-05T04:09:37.915126,4.969,1.866,1.270,0.029
2025-12-05T04:09:37.945960,4.990,1.867,1.270,0.029
2025-12-05T04:09:37.982344,5.010,1.868,1.270,0.029
2025-12-05T04:09:38.014605,5.031,1.870,1.270,0.029
2025-12-05T04:09:38.047213,5.051,1.871,1.270,0.029
2025-12-05T04:09:38.078724,5.072,1.872,1.270,0.029
2025-12-05T04:09:38.111174,5.092,1.873,1.270,0.029
2025-12-05T04:09:38.143304,5.113,1.874,1.270,0.029
2025-12-05T04:09:38.178488,5.133,1.876,1.270,0.029
2025-12-05T04:09:38.211878,5.154,1.877,1.270,0.029
2025-12-05T04:09:38.245213,5.174,1.878,1.270,0.029
2025-12-05T04:09:38.281374,5.195,1.879,1.270,0.029
2025-12-05T04:09:38.306297,5.215,1.880,1.270,0.029
2025-12-05T04:09:38.338227,5.235,1.881,1.270,0.029
2025-12-05T04:09:38.370174,5.256,1.883,1.270,0.029
2025-12-05T04:09:38.401958,5.276,1.884,1.270,0.029
2025-12-05T04:09:38.434665,5.297,1.885,1.270,0.029
2025-12-05T04:09:38.469839,5.317,1.886,1.270,0.029
2025-12-05T04:09:38.504059,5.338,1.887,1.270,0.029
2025-12-05T04:09:38.534321,5.358,1.889,1.270,0.029
2025-12-05T04:09:38.564720,5.379,1.890,1.270,0.029
2025-12-05T04:09:38.595639,5.399,1.891,1.270,0.029
2025-12-05T04:09:38.629484,5.420,1.892,1.270,0.029
2025-12-05T04:09:38.665801,5.440,1.893,1.270,0.029
2025-12-05T04:09:38.700063,5.461,1.894,1.270,0.029
2025-12-05T04:09:38.728654,5.481,1.896,1.270,0.029
2025-12-05T04:09:38.759695,5.502,1.897,1.270,0.029
2025-12-05T04:09:38.789484,5.522,1.898,1.270,0.029
2025-12-05T04:09:38.819768,5.543,1.899,1.270,0.029
2025-12-05T04:09:38.850807,5.563,1.900,1.270,0.029
2025-12-05T04:09:38.883155,5.584,1.902,1.270,0.029
2025-12-05T04:09:38.918323,5.604,1.903,1.270,0.029
2025-12-05T04:09:38.951100,5.624,1.904,1.270,0.029
2025-12-05T04:09:38.983882,5.645,1.905,1.270,0.029
2025-12-05T04:09:39.016924,5.665,1.906,1.270,0.029
2025-12-05T04:09:39.049232,5.686,1.907,1.270,0.029
2025-12-05T04:09:39.079262,5.706,1.909,1.270,0.029
2025-12-05T04:09:39.110534,5.727,1.910,1.270,0.029
2025-12-05T04:09:39.143996,5.747,1.911,1.270,0.029
2025-12-05T04:09:39.178749,5.768,1.912,1.270,0.029
2025-12-05T04:09:39.209704,5.788,1.913,1.270,0.029
2025-12-05T04:09:39.243526,5.809,1.915,1.270,0.029
2025-12-05T04:09:39.276292,5.809,1.915,1.270,0.029
2025-12-05T04:09:39.307669,5.809,1.915,1.270,0.029
2025-12-05T04:09:39.339013,5.809,1.915,1.270,0.029
2025-12-05T04:09:39.373830,5.809,1.915,1.270,0.029
2025-12-05T04:09:39.405712,5.809,1.915,1.270,0.029
2025-12-05T04:09:39.439660,5.809,1.915,1.270,0.029
2025-12-05T04:09:39.474317,5.809,1.915,1.270,0.029
2025-12-05T04:09:39.502692,5.809,1.915,1.270,0.029
2025-12-05T04:09:39.534020,5.809,1.915,1.270,0.029
2025-12-05T04:09:39.567481,5.809,1.915,1.270,0.029
2025-12-05T04:09:39.598384,5.809,1.915,1.270,0.029
2025-12-05T04:09:39.632388,5.809,1.915,1.270,0.029
2025-12-05T04:09:39.667501,5.809,1.915,1.270,0.029
2025-12-05T04:09:39.700285,5.809,1.915,1.270,0.029
2025-12-05T04:09:39.733825,5.809,1.915,1.270,0.029
2025-12-05T04:09:39.764029,5.809,1.915,1.270,0.029
2025-12-05T04:09:39.795626,5.809,1.915,1.270,0.029
2025-12-05T04:09:39.824662,5.809,1.915,1.270,0.029
2025-12-05T04:09:39.857318,5.809,1.915,1.270,0.029
2025-12-05T04:09:39.888235,5.809,1.915,1.270,0.029
2025-12-05T04:09:39.920859,5.809,1.915,1.270,0.029
2025-12-05T04:09:39.954486,5.809,1.915,1.270,0.029
2025-12-05T04:09:39.988778,5.809,1.915,1.270,0.029
2025-12-05T04:09:40.021021,5.809,1.915,1.270,0.029
2025-12-05T04:09:40.054667,5.809,1.915,1.270,0.029
2025-12-05T04:09:40.083839,5.809,1.915,1.270,0.029
2025-12-05T04:09:40.116422,5.809,1.915,1.270,0.029
2025-12-05T04:09:40.145419,5.809,1.915,1.270,0.029
2025-12-05T04:09:40.176385,5.809,1.915,1.270,0.029
2025-12-05T04:09:40.209891,5.809,1.915,1.270,0.029
2025-12-05T04:09:40.243267,5.809,1.915,1.270,0.029
2025-12-05T04:09:40.277316,5.809,1.915,1.270,0.029
2025-12-05T04:09:40.310269,5.809,1.915,1.270,0.029
2025-12-05T04:09:40.339931,5.809,1.915,1.270,0.029
2025-12-05T04:09:40.372747,5.809,1.915,1.270,0.029
2025-12-05T04:09:40.408096,5.809,1.915,1.270,0.029
2025-12-05T04:09:40.442646,5.809,1.915,1.270,0.029
2025-12-05T04:09:40.480448,5.809,1.915,1.270,0.029
2025-12-05T04:09:40.512229,5.809,1.915,1.270,0.029
2025-12-05T04:09:40.545428,5.809,1.915,1.270,0.029
2025-12-05T04:09:40.576894,5.809,1.915,1.270,0.029
2025-12-05T04:09:40.606651,5.809,1.915,1.270,0.029
2025-12-05T04:09:40.635829,5.809,1.915,1.270,0.029
2025-12-05T04:09:40.668227,5.809,1.915,1.270,0.029
2025-12-05T04:09:40.700031,5.809,1.915,1.270,0.029
2025-12-05T04:09:40.731835,5.809,1.915,1.270,0.029
2025-12-05T04:09:40.763818,5.809,1.915,1.270,0.029
2025-12-05T04:09:40.798099,5.809,1.915,1.270,0.029
2025-12-05T04:09:40.832396,5.809,1.915,1.270,0.029
2025-12-05T04:09:40.867200,5.809,1.915,1.270,0.029
2025-12-05T04:09:40.902752,5.809,1.915,1.270,0.029
2025-12-05T04:09:40.935990,5.809,1.915,1.270,0.029
2025-12-05T04:09:40.968218,5.809,1.915,1.270,0.029
2025-12-05T04:09:40.995672,5.809,1.915,1.270,0.029
2025-12-05T04:09:41.027683,5.809,1.915,1.270,0.029
2025-12-05T04:09:41.060332,5.809,1.915,1.270,0.029
2025-12-05T04:09:41.093446,5.809,1.915,1.270,0.029
2025-12-05T04:09:41.124646,5.809,1.915,1.270,0.029
2025-12-05T04:09:41.156603,6.054,1.950,1.270,0.000
2025-12-05T04:09:41.192789,6.063,1.952,1.270,-0.029
2025-12-05T04:09:41.223612,6.073,1.956,1.270,-0.058
2025-12-05T04:09:41.256418,6.081,1.959,1.270,-0.086
2025-12-05T04:09:41.290809,6.090,1.962,1.270,-0.115
2025-12-05T04:09:41.323300,6.097,1.965,1.270,-0.144
2025-12-05T04:09:41.355278,6.105,1.968,1.270,-0.172
2025-12-05T04:09:41.387811,6.111,1.971,1.270,-0.200
2025-12-05T04:09:41.420250,6.118,1.973,1.270,-0.228
2025-12-05T04:09:41.453167,6.123,1.976,1.270,-0.256
2025-12-05T04:09:41.484999,6.144,1.969,1.270,-0.256
2025-12-05T04:09:41.515139,6.165,1.962,1.270,-0.256
2025-12-05T04:09:41.549450,6.186,1.955,1.270,-0.256
2025-12-05T04:09:41.583531,6.206,1.948,1.270,-0.256
2025-12-05T04:09:41.620098,6.226,1.941,1.270,-0.256
2025-12-05T04:09:41.651583,6.246,1.934,1.270,-0.256
2025-12-05T04:09:41.683584,6.264,1.927,1.270,-0.256
2025-12-05T04:09:41.716923,6.283,1.921,1.270,-0.256
2025-12-05T04:09:41.746503,6.301,1.916,1.270,-0.256
2025-12-05T04:09:41.778247,6.320,1.911,1.270,-0.256
2025-12-05T04:09:41.809616,6.338,1.907,1.270,-0.256
2025-12-05T04:09:41.837375,6.357,1.902,1.270,-0.256
2025-12-05T04:09:41.870409,6.376,1.898,1.270,-0.256
2025-12-05T04:09:41.901708,6.395,1.894,1.270,-0.256
2025-12-05T04:09:41.938170,6.414,1.890,1.270,-0.256
2025-12-05T04:09:41.975111,6.431,1.885,1.270,-0.256
2025-12-05T04:09:42.005623,6.447,1.878,1.270,-0.256
2025-12-05T04:09:42.038973,6.462,1.871,1.270,-0.256
2025-12-05T04:09:42.074564,6.479,1.864,1.270,-0.256
2025-12-05T04:09:42.103621,6.494,1.856,1.270,-0.256
2025-12-05T04:09:42.132482,6.510,1.848,1.270,-0.256
2025-12-05T04:09:42.164730,6.523,1.839,1.270,-0.256
2025-12-05T04:09:42.197375,6.523,1.839,1.270,-0.256
2025-12-05T04:09:42.229521,6.523,1.839,1.270,-0.256
2025-12-05T04:09:42.260104,6.523,1.839,1.270,-0.256
2025-12-05T04:09:42.290139,6.523,1.839,1.270,-0.256
2025-12-05T04:09:42.325437,6.523,1.839,1.270,-0.256
2025-12-05T04:09:42.361614,6.523,1.839,1.270,-0.256
2025-12-05T04:09:42.392820,6.523,1.839,1.270,-0.256
2025-12-05T04:09:42.426023,6.523,1.839,1.270,-0.256
2025-12-05T04:09:42.456561,6.523,1.839,1.270,-0.256
2025-12-05T04:09:42.498559,6.523,1.839,1.270,-0.256
2025-12-05T04:09:42.531409,6.523,1.839,1.270,-0.256
2025-12-05T04:09:42.562649,6.523,1.839,1.270,-0.256
2025-12-05T04:09:42.591616,6.523,1.839,1.270,-0.256
2025-12-05T04:09:42.619519,6.523,1.839,1.270,-0.256
2025-12-05T04:09:42.647569,6.523,1.839,1.270,-0.256
2025-12-05T04:09:42.679541,6.523,1.839,1.270,-0.256
2025-12-05T04:09:42.711249,6.523,1.839,1.270,-0.256
2025-12-05T04:09:42.742668,6.523,1.839,1.270,-0.256
2025-12-05T04:09:42.774863,6.523,1.839,1.270,-0.256
2025-12-05T04:09:42.806904,6.523,1.839,1.270,-0.256
2025-12-05T04:09:42.842546,6.523,1.839,1.270,-0.256
2025-12-05T04:09:42.875193,6.523,1.839,1.270,-0.256
2025-12-05T04:09:42.907096,6.523,1.839,1.270,-0.256
2025-12-05T04:09:42.939320,6.523,1.839,1.270,-0.256
2025-12-05T04:09:42.970152,6.523,1.839,1.270,-0.256
2025-12-05T04:09:43.001733,6.523,1.839,1.270,-0.256
2025-12-05T04:09:43.034749,6.523,1.839,1.270,-0.256
2025-12-05T04:09:43.071661,6.523,1.839,1.270,-0.256
2025-12-05T04:09:43.103420,6.523,1.839,1.270,-0.256
2025-12-05T04:09:43.133672,6.523,1.839,1.270,-0.256
2025-12-05T04:09:43.167480,6.523,1.839,1.270,-0.256
2025-12-05T04:09:43.196918,6.523,1.839,1.270,-0.256
2025-12-05T04:09:43.228196,6.523,1.839,1.270,-0.256
2025-12-05T04:09:43.261121,6.523,1.839,1.270,-0.256
2025-12-05T04:09:43.291150,6.523,1.839,1.270,-0.256
2025-12-05T04:09:43.330155,6.523,1.839,1.270,-0.256
2025-12-05T04:09:43.361588,6.523,1.839,1.270,-0.256
2025-12-05T04:09:43.393075,6.523,1.839,1.270,-0.256
2025-12-05T04:09:43.425975,6.523,1.839,1.270,-0.256
2025-12-05T04:09:43.455581,6.523,1.839,1.270,-0.256
2025-12-05T04:09:43.487154,6.523,1.839,1.270,-0.256
2025-12-05T04:09:43.517653,6.523,1.839,1.270,-0.256
2025-12-05T04:09:43.549881,6.523,1.839,1.270,-0.256
2025-12-05T04:09:43.580893,6.523,1.839,1.270,-0.256
2025-12-05T04:09:43.614074,6.523,1.839,1.270,-0.256
2025-12-05T04:09:43.648421,6.523,1.839,1.270,-0.256
2025-12-05T04:09:43.682445,6.523,1.839,1.270,-0.256
2025-12-05T04:09:43.715675,6.523,1.839,1.270,-0.256
2025-12-05T04:09:43.747505,6.523,1.839,1.270,-0.256
2025-12-05T04:09:43.779994,6.523,1.839,1.270,-0.256
2025-12-05T04:09:43.812795,6.523,1.839,1.270,-0.256
2025-12-05T04:09:43.844702,6.523,1.839,1.270,-0.256
2025-12-05T04:09:43.876544,6.523,1.839,1.270,-0.256
2025-12-05T04:09:43.911434,6.523,1.839,1.270,-0.256
2025-12-05T04:09:43.942605,6.523,1.839,1.270,-0.256
2025-12-05T04:09:43.977943,6.523,1.839,1.270,-0.256
2025-12-05T04:09:44.009566,6.523,1.839,1.270,-0.256
2025-12-05T04:09:44.039622,6.524,1.840,1.270,-0.284
2025-12-05T04:09:44.069393,6.520,1.839,1.270,-0.312
2025-12-05T04:09:44.100928,6.519,1.838,1.270,-0.339
2025-12-05T04:09:44.132902,6.520,1.839,1.270,-0.366
2025-12-05T04:09:44.164664,6.516,1.838,1.270,-0.392
2025-12-05T04:09:44.199588,6.516,1.838,1.270,-0.419
2025-12-05T04:09:44.238547,6.516,1.839,1.270,-0.445
2025-12-05T04:09:44.274590,6.513,1.838,1.270,-0.470
2025-12-05T04:09:44.308603,6.513,1.838,1.270,-0.495
2025-12-05T04:09:44.339963,6.514,1.839,1.270,-0.520
2025-12-05T04:09:44.375483,6.511,1.838,1.270,-0.545
2025-12-05T04:09:44.403821,6.511,1.838,1.270,-0.569
2025-12-05T04:09:44.435338,6.507,1.837,1.270,-0.592
2025-12-05T04:09:44.467237,6.507,1.837,1.270,-0.615
2025-12-05T04:09:44.496760,6.504,1.836,1.270,-0.637
2025-12-05T04:09:44.527362,6.504,1.836,1.270,-0.659
2025-12-05T04:09:44.559625,6.502,1.835,1.270,-0.681
2025-12-05T04:09:44.594919,6.502,1.836,1.270,-0.702
2025-12-05T04:09:44.629598,6.499,1.835,1.270,-0.722
2025-12-05T04:09:44.662140,6.500,1.835,1.270,-0.741
2025-12-05T04:09:44.694763,6.497,1.835,1.270,-0.760
2025-12-05T04:09:44.723438,6.498,1.835,1.270,-0.779
2025-12-05T04:09:44.756971,6.496,1.835,1.270,-0.797
2025-12-05T04:09:44.789761,6.496,1.835,1.270,-0.814
2025-12-05T04:09:44.824407,6.495,1.835,1.270,-0.830
2025-12-05T04:09:44.856808,6.495,1.836,1.270,-0.846
2025-12-05T04:09:44.889412,6.493,1.835,1.270,-0.861
2025-12-05T04:09:44.920806,6.494,1.836,1.270,-0.875
2025-12-05T04:09:44.952289,6.492,1.835,1.270,-0.889
2025-12-05T04:09:44.986610,6.493,1.837,1.270,-0.901
2025-12-05T04:09:45.019695,6.491,1.836,1.270,-0.914
2025-12-05T04:09:45.049284,6.492,1.837,1.270,-0.925
2025-12-05T04:09:45.083458,6.492,1.837,1.270,-0.925
2025-12-05T04:09:45.115447,6.492,1.837,1.270,-0.925
2025-12-05T04:09:45.147804,6.492,1.837,1.270,-0.925
2025-12-05T04:09:45.180647,6.492,1.837,1.270,-0.925
2025-12-05T04:09:45.210464,6.492,1.837,1.270,-0.925
2025-12-05T04:09:45.238862,6.492,1.837,1.270,-0.925
2025-12-05T04:09:45.273247,6.492,1.837,1.270,-0.925
2025-12-05T04:09:45.304080,6.492,1.837,1.270,-0.925
2025-12-05T04:09:45.336598,6.492,1.837,1.270,-0.925
2025-12-05T04:09:45.371217,6.492,1.837,1.270,-0.925
2025-12-05T04:09:45.404331,6.492,1.837,1.270,-0.925
2025-12-05T04:09:45.435948,6.492,1.837,1.270,-0.925
2025-12-05T04:09:45.468252,6.492,1.837,1.270,-0.925
2025-12-05T04:09:45.496018,6.492,1.837,1.270,-0.925
2025-12-05T04:09:45.529778,6.492,1.837,1.270,-0.925
2025-12-05T04:09:45.562250,6.492,1.837,1.270,-0.925
2025-12-05T04:09:45.595005,6.492,1.837,1.270,-0.925
2025-12-05T04:09:45.630080,6.492,1.837,1.270,-0.925
2025-12-05T04:09:45.665331,6.492,1.837,1.270,-0.925
2025-12-05T04:09:45.696666,6.492,1.837,1.270,-0.925
2025-12-05T04:09:45.729915,6.492,1.837,1.270,-0.925
2025-12-05T04:09:45.762213,6.492,1.837,1.270,-0.925
2025-12-05T04:09:45.794460,6.492,1.837,1.270,-0.925
2025-12-05T04:09:45.829318,6.492,1.837,1.270,-0.925
2025-12-05T04:09:45.860760,6.492,1.837,1.270,-0.925
2025-12-05T04:09:45.893789,6.492,1.837,1.270,-0.925
2025-12-05T04:09:45.925331,6.492,1.837,1.270,-0.925
2025-12-05T04:09:45.957249,6.492,1.837,1.270,-0.925
2025-12-05T04:09:45.991669,6.492,1.837,1.270,-0.925
2025-12-05T04:09:46.023595,6.492,1.837,1.270,-0.925
2025-12-05T04:09:46.058257,6.492,1.837,1.270,-0.925
2025-12-05T04:09:46.087433,6.492,1.837,1.270,-0.925
2025-12-05T04:09:46.120636,6.492,1.837,1.270,-0.925
2025-12-05T04:09:46.152144,6.492,1.837,1.270,-0.925
2025-12-05T04:09:46.184821,6.492,1.837,1.270,-0.925
2025-12-05T04:09:46.217582,6.492,1.837,1.270,-0.925
2025-12-05T04:09:46.249571,6.492,1.837,1.270,-0.925
2025-12-05T04:09:46.281357,6.492,1.837,1.270,-0.925
2025-12-05T04:09:46.313856,6.492,1.837,1.270,-0.925
2025-12-05T04:09:46.344131,6.492,1.837,1.270,-0.925
2025-12-05T04:09:46.376868,6.492,1.837,1.270,-0.925
2025-12-05T04:09:46.410298,6.492,1.837,1.270,-0.925
2025-12-05T04:09:46.442441,6.492,1.837,1.270,-0.925
2025-12-05T04:09:46.478495,6.492,1.837,1.270,-0.925
2025-12-05T04:09:46.513399,6.492,1.837,1.270,-0.925
2025-12-05T04:09:46.545196,6.492,1.837,1.270,-0.925
2025-12-05T04:09:46.575334,6.492,1.837,1.270,-0.925
2025-12-05T04:09:46.604831,6.492,1.837,1.270,-0.925
2025-12-05T04:09:46.638356,6.492,1.837,1.270,-0.925
2025-12-05T04:09:46.673160,6.492,1.837,1.270,-0.925
2025-12-05T04:09:46.705601,6.492,1.837,1.270,-0.925
2025-12-05T04:09:46.737717,6.492,1.837,1.270,-0.925
2025-12-05T04:09:46.769781,6.492,1.837,1.270,-0.925
2025-12-05T04:09:46.802838,6.492,1.837,1.270,-0.925
2025-12-05T04:09:46.836311,6.492,1.837,1.270,-0.925
2025-12-05T04:09:46.868506,6.492,1.837,1.270,-0.925
2025-12-05T04:09:46.903537,6.492,1.837,1.270,-0.925
2025-12-05T04:09:46.936392,6.492,1.837,1.270,-0.925
2025-12-05T04:09:46.968029,6.492,1.837,1.270,-0.925
2025-12-05T04:09:46.999866,6.492,1.837,1.270,-0.925
2025-12-05T04:09:47.031440,6.492,1.837,1.270,-0.925
2025-12-05T04:09:47.064875,6.492,1.837,1.270,-0.925
2025-12-05T04:09:47.096204,6.492,1.837,1.270,-0.925
2025-12-05T04:09:47.127975,6.492,1.837,1.270,-0.925
2025-12-05T04:09:47.159979,6.492,1.837,1.270,-0.925
2025-12-05T04:09:47.194418,6.492,1.837,1.270,-0.925
2025-12-05T04:09:47.228386,6.492,1.837,1.270,-0.925
2025-12-05T04:09:47.261011,6.492,1.837,1.270,-0.925
2025-12-05T04:09:47.292072,6.492,1.837,1.270,-0.925
2025-12-05T04:09:47.322974,6.492,1.837,1.270,-0.925
2025-12-05T04:09:47.355271,6.492,1.837,1.270,-0.925
2025-12-05T04:09:47.387768,6.492,1.837,1.270,-0.925
2025-12-05T04:09:47.421410,6.492,1.837,1.270,-0.925
2025-12-05T04:09:47.452393,6.492,1.837,1.270,-0.925
2025-12-05T04:09:47.487258,6.492,1.837,1.270,-0.925
2025-12-05T04:09:47.526249,6.492,1.837,1.270,-0.925
2025-12-05T04:09:47.562470,6.492,1.837,1.270,-0.925
2025-12-05T04:09:47.587748,6.492,1.837,1.270,-0.925
2025-12-05T04:09:47.617313,6.492,1.837,1.270,-0.925
2025-12-05T04:09:47.647868,6.492,1.837,1.270,-0.925
2025-12-05T04:09:47.677283,6.492,1.837,1.270,-0.925
2025-12-05T04:09:47.709390,6.492,1.837,1.270,-0.925
2025-12-05T04:09:47.741487,6.492,1.837,1.270,-0.925
2025-12-05T04:09:47.773549,6.492,1.837,1.270,-0.925
2025-12-05T04:09:47.807605,6.492,1.837,1.270,-0.925
2025-12-05T04:09:47.841956,6.492,1.837,1.270,-0.925
2025-12-05T04:09:47.874999,6.492,1.837,1.270,-0.925
2025-12-05T04:09:47.909843,6.492,1.837,1.270,-0.925
2025-12-05T04:09:47.937958,6.492,1.837,1.270,-0.925
2025-12-05T04:09:47.968991,6.492,1.837,1.270,-0.925
2025-12-05T04:09:48.002063,6.492,1.837,1.270,-0.925
2025-12-05T04:09:48.033694,6.492,1.837,1.270,-0.925
2025-12-05T04:09:48.069714,6.492,1.837,1.270,-0.925
2025-12-05T04:09:48.101583,6.492,1.837,1.270,-0.925
2025-12-05T04:09:48.134428,6.492,1.837,1.270,-0.925
2025-12-05T04:09:48.169207,5.924,2.315,1.270,-0.935
2025-12-05T04:09:48.200707,5.900,2.337,1.270,-0.945
2025-12-05T04:09:48.233535,5.876,2.358,1.270,-0.954
2025-12-05T04:09:48.265532,5.853,2.378,1.270,-0.962
2025-12-05T04:09:48.299292,5.831,2.397,1.270,-0.970
2025-12-05T04:09:48.332558,5.811,2.414,1.270,-0.977
2025-12-05T04:09:48.364507,5.792,2.430,1.270,-0.982
2025-12-05T04:09:48.398310,5.775,2.446,1.270,-0.987
2025-12-05T04:09:48.430450,5.758,2.460,1.270,-0.991
2025-12-05T04:09:48.460073,5.743,2.473,1.270,-0.995
2025-12-05T04:09:48.492118,5.728,2.486,1.270,-0.997
2025-12-05T04:09:48.525609,5.715,2.497,1.270,-0.999
2025-12-05T04:09:48.556907,5.702,2.508,1.270,-1.000
2025-12-05T04:09:48.588630,5.690,2.518,1.270,1.000
2025-12-05T04:09:48.624315,5.679,2.528,1.270,0.999
2025-12-05T04:09:48.657364,5.669,2.537,1.270,0.997
2025-12-05T04:09:48.688277,5.659,2.545,1.270,0.995
2025-12-05T04:09:48.719369,5.650,2.553,1.270,0.992
2025-12-05T04:09:48.750899,5.641,2.560,1.270,0.988
2025-12-05T04:09:48.783096,5.633,2.567,1.270,0.983
2025-12-05T04:09:48.815327,5.626,2.574,1.270,0.977
2025-12-05T04:09:48.849967,5.619,2.580,1.270,0.970
2025-12-05T04:09:48.885434,5.612,2.585,1.270,0.963
2025-12-05T04:09:48.919594,5.591,2.600,1.270,0.963
2025-12-05T04:09:48.949763,5.570,2.614,1.270,0.963
2025-12-05T04:09:48.982915,5.549,2.628,1.270,0.963
2025-12-05T04:09:49.015892,5.528,2.642,1.270,0.963
2025-12-05T04:09:49.048230,5.507,2.656,1.270,0.963
2025-12-05T04:09:49.082660,5.487,2.669,1.270,0.963
2025-12-05T04:09:49.118679,5.467,2.682,1.270,0.963
2025-12-05T04:09:49.149800,5.447,2.695,1.270,0.963
2025-12-05T04:09:49.180920,5.427,2.708,1.270,0.963
2025-12-05T04:09:49.213009,5.407,2.721,1.270,0.963
2025-12-05T04:09:49.243315,5.388,2.734,1.270,0.963
2025-12-05T04:09:49.272508,5.368,2.746,1.270,0.963
2025-12-05T04:09:49.305159,5.349,2.759,1.270,0.963
2025-12-05T04:09:49.337539,5.330,2.771,1.270,0.963
2025-12-05T04:09:49.373814,5.311,2.783,1.270,0.963
2025-12-05T04:09:49.404976,5.292,2.795,1.270,0.963
2025-12-05T04:09:49.437831,5.273,2.807,1.270,0.963
2025-12-05T04:09:49.469902,5.254,2.819,1.270,0.963
2025-12-05T04:09:49.503774,5.235,2.831,1.270,0.963
2025-12-05T04:09:49.531006,5.216,2.843,1.270,0.963
2025-12-05T04:09:49.564103,5.198,2.854,1.270,0.963
2025-12-05T04:09:49.593394,5.179,2.866,1.270,0.963
2025-12-05T04:09:49.626977,5.161,2.877,1.270,0.963
2025-12-05T04:09:49.663675,5.142,2.889,1.270,0.963
2025-12-05T04:09:49.696257,5.124,2.900,1.270,0.963
2025-12-05T04:09:49.728364,5.106,2.912,1.270,0.963
2025-12-05T04:09:49.759861,5.103,2.914,1.270,0.970
2025-12-05T04:09:49.790802,5.100,2.916,1.270,0.977
2025-12-05T04:09:49.824119,5.098,2.918,1.270,0.983
2025-12-05T04:09:49.854581,5.095,2.919,1.270,0.988
2025-12-05T04:09:49.886621,5.093,2.921,1.270,0.992
2025-12-05T04:09:49.923356,5.091,2.922,1.270,0.995
2025-12-05T04:09:49.956872,5.089,2.924,1.270,0.997
2025-12-05T04:09:49.989320,5.087,2.925,1.270,0.999
2025-12-05T04:09:50.022392,5.085,2.926,1.270,1.000
2025-12-05T04:09:50.052418,5.084,2.927,1.270,-1.000
2025-12-05T04:09:50.086615,5.082,2.928,1.270,-0.999
2025-12-05T04:09:50.118485,5.081,2.929,1.270,-0.997
2025-12-05T04:09:50.150420,5.079,2.930,1.270,-0.995
2025-12-05T04:09:50.186333,5.078,2.931,1.270,-0.991
2025-12-05T04:09:50.216645,5.077,2.932,1.270,-0.987
2025-12-05T04:09:50.248953,5.076,2.933,1.270,-0.982
2025-12-05T04:09:50.282683,5.075,2.933,1.270,-0.977
2025-12-05T04:09:50.311976,5.058,2.926,1.270,-0.977
2025-12-05T04:09:50.344658,5.041,2.919,1.270,-0.977
2025-12-05T04:09:50.379223,5.023,2.912,1.270,-0.977
2025-12-05T04:09:50.410683,5.006,2.905,1.270,-0.977
2025-12-05T04:09:50.443559,4.988,2.898,1.270,-0.977
2025-12-05T04:09:50.477976,4.971,2.890,1.270,-0.977
2025-12-05T04:09:50.510156,4.953,2.883,1.270,-0.977
2025-12-05T04:09:50.537975,4.935,2.875,1.270,-0.977
2025-12-05T04:09:50.576720,4.917,2.868,1.270,-0.977
2025-12-05T04:09:50.605486,4.900,2.860,1.270,-0.977
2025-12-05T04:09:50.638095,4.882,2.852,1.270,-0.977
2025-12-05T04:09:50.671422,4.864,2.845,1.270,-0.977
2025-12-05T04:09:50.707148,4.846,2.837,1.270,-0.977
2025-12-05T04:09:50.739274,4.828,2.829,1.270,-0.977
2025-12-05T04:09:50.771232,4.810,2.821,1.270,-0.977
2025-12-05T04:09:50.802622,4.792,2.813,1.270,-0.977
2025-12-05T04:09:50.834548,4.774,2.805,1.270,-0.977
2025-12-05T04:09:50.861386,4.755,2.797,1.270,-0.977
2025-12-05T04:09:50.893471,4.737,2.789,1.270,-0.977
2025-12-05T04:09:50.927442,4.719,2.781,1.270,-0.977
2025-12-05T04:09:50.959341,4.701,2.773,1.270,-0.977
2025-12-05T04:09:50.993890,4.682,2.764,1.270,-0.977
2025-12-05T04:09:51.026912,4.664,2.756,1.270,-0.977
2025-12-05T04:09:51.058631,4.646,2.748,1.270,-0.977
2025-12-05T04:09:51.089931,4.628,2.740,1.270,-0.977
2025-12-05T04:09:51.121560,4.609,2.731,1.270,-0.977
2025-12-05T04:09:51.153962,4.591,2.723,1.270,-0.977
2025-12-05T04:09:51.187668,4.573,2.715,1.270,-0.977
2025-12-05T04:09:51.221609,4.554,2.706,1.270,-0.977
2025-12-05T04:09:51.252220,4.536,2.698,1.270,-0.977
2025-12-05T04:09:51.286811,4.517,2.690,1.270,-0.977
2025-12-05T04:09:51.317907,4.499,2.681,1.270,-0.977
2025-12-05T04:09:51.348016,4.481,2.673,1.270,-0.977
2025-12-05T04:09:51.378800,4.462,2.664,1.270,-0.977
2025-12-05T04:09:51.409204,4.444,2.656,1.270,-0.977
2025-12-05T04:09:51.442094,4.425,2.647,1.270,-0.977
2025-12-05T04:09:51.477829,4.407,2.639,1.270,-0.977
2025-12-05T04:09:51.504387,4.388,2.630,1.270,-0.977
2025-12-05T04:09:51.539677,4.370,2.622,1.270,-0.977
2025-12-05T04:09:51.575295,4.351,2.613,1.270,-0.977
2025-12-05T04:09:51.607460,4.333,2.605,1.270,-0.977
2025-12-05T04:09:51.641672,4.314,2.596,1.270,-0.977
2025-12-05T04:09:51.675470,4.296,2.588,1.270,-0.977
2025-12-05T04:09:51.706177,4.277,2.579,1.270,-0.977
2025-12-05T04:09:51.735859,4.259,2.571,1.270,-0.977
2025-12-05T04:09:51.770203,4.240,2.562,1.270,-0.977
2025-12-05T04:09:51.802310,4.222,2.554,1.270,-0.977
2025-12-05T04:09:51.832658,4.203,2.545,1.270,-0.977
2025-12-05T04:09:51.869720,4.184,2.537,1.270,-0.977
2025-12-05T04:09:51.902331,4.166,2.528,1.270,-0.977
2025-12-05T04:09:51.930685,4.147,2.520,1.270,-0.977
2025-12-05T04:09:51.962971,4.129,2.511,1.270,-0.977
2025-12-05T04:09:51.993149,4.110,2.502,1.270,-0.977
2025-12-05T04:09:52.027256,4.092,2.494,1.270,-0.977
2025-12-05T04:09:52.058575,4.073,2.485,1.270,-0.977
2025-12-05T04:09:52.091426,4.055,2.477,1.270,-0.977
2025-12-05T04:09:52.130828,4.036,2.468,1.270,-0.977
2025-12-05T04:09:52.161017,4.017,2.459,1.270,-0.977
2025-12-05T04:09:52.193562,3.999,2.451,1.270,-0.977
2025-12-05T04:09:52.225347,3.980,2.442,1.270,-0.977
2025-12-05T04:09:52.255605,3.962,2.434,1.270,-0.977
2025-12-05T04:09:52.287776,3.943,2.425,1.270,-0.977
2025-12-05T04:09:52.321208,3.925,2.416,1.270,-0.977
2025-12-05T04:09:52.354836,3.906,2.408,1.270,-0.977
2025-12-05T04:09:52.387569,3.887,2.399,1.270,-0.977
2025-12-05T04:09:52.420602,3.869,2.391,1.270,-0.977
2025-12-05T04:09:52.453428,3.850,2.382,1.270,-0.977
2025-12-05T04:09:52.483879,3.832,2.373,1.270,-0.977
2025-12-05T04:09:52.518453,3.813,2.365,1.270,-0.977
2025-12-05T04:09:52.549300,3.794,2.356,1.270,-0.977
2025-12-05T04:09:52.578174,3.776,2.348,1.270,-0.977
2025-12-05T04:09:52.610252,3.757,2.339,1.270,-0.977
2025-12-05T04:09:52.641688,3.739,2.330,1.270,-0.977
2025-12-05T04:09:52.674506,3.720,2.322,1.270,-0.977
2025-12-05T04:09:52.705802,3.701,2.313,1.270,-0.977
2025-12-05T04:09:52.738650,3.683,2.305,1.270,-0.977
2025-12-05T04:09:52.773353,3.664,2.296,1.270,-0.977
2025-12-05T04:09:52.806252,3.646,2.287,1.270,-0.977
2025-12-05T04:09:52.840495,3.627,2.279,1.270,-0.977
2025-12-05T04:09:52.872026,3.609,2.270,1.270,-0.977
2025-12-05T04:09:52.905890,3.590,2.261,1.270,-0.977
2025-12-05T04:09:52.938859,3.571,2.253,1.270,-0.977
2025-12-05T04:09:52.971025,3.553,2.244,1.270,-0.977
2025-12-05T04:09:52.997438,3.534,2.236,1.270,-0.977
2025-12-05T04:09:53.030437,3.516,2.227,1.270,-0.977
2025-12-05T04:09:53.062689,3.497,2.218,1.270,-0.977
2025-12-05T04:09:53.096664,3.478,2.210,1.270,-0.977
2025-12-05T04:09:53.129445,3.460,2.201,1.270,-0.977
2025-12-05T04:09:53.163121,3.441,2.192,1.270,-0.977
2025-12-05T04:09:53.196584,3.423,2.184,1.270,-0.977
2025-12-05T04:09:53.228271,3.404,2.175,1.270,-0.977
2025-12-05T04:09:53.259788,3.385,2.167,1.270,-0.977
2025-12-05T04:09:53.292979,3.367,2.158,1.270,-0.977
2025-12-05T04:09:53.323521,3.348,2.149,1.270,-0.977
2025-12-05T04:09:53.358868,3.330,2.141,1.270,-0.977
2025-12-05T04:09:53.393391,3.311,2.132,1.270,-0.977
2025-12-05T04:09:53.426145,3.292,2.123,1.270,-0.977
2025-12-05T04:09:53.456868,3.274,2.115,1.270,-0.977
2025-12-05T04:09:53.486570,3.255,2.106,1.270,-0.977
2025-12-05T04:09:53.519615,3.237,2.098,1.270,-0.977
2025-12-05T04:09:53.550920,3.218,2.089,1.270,-0.977
2025-12-05T04:09:53.583168,3.199,2.080,1.270,-0.977
2025-12-05T04:09:53.619933,3.181,2.072,1.270,-0.977
2025-12-05T04:09:53.652952,3.162,2.063,1.270,-0.977
2025-12-05T04:09:53.686859,3.144,2.054,1.270,-0.977
2025-12-05T04:09:53.721314,3.125,2.046,1.270,-0.977
2025-12-05T04:09:53.751212,3.106,2.037,1.270,-0.977
2025-12-05T04:09:53.786223,3.088,2.028,1.270,-0.977
2025-12-05T04:09:53.816879,3.069,2.020,1.270,-0.977
2025-12-05T04:09:53.848535,3.051,2.011,1.270,-0.977
2025-12-05T04:09:53.881071,3.032,2.003,1.270,-0.977
2025-12-05T04:09:53.913183,3.013,1.994,1.270,-0.977
2025-12-05T04:09:53.947724,2.995,1.985,1.270,-0.977
2025-12-05T04:09:53.980773,2.976,1.977,1.270,-0.977
2025-12-05T04:09:54.014826,2.957,1.968,1.270,-0.977
2025-12-05T04:09:54.048719,2.939,1.959,1.270,-0.977
2025-12-05T04:09:54.076524,2.920,1.951,1.270,-0.977
2025-12-05T04:09:54.105898,2.902,1.942,1.270,-0.977
2025-12-05T04:09:54.142268,2.883,1.934,1.270,-0.977
2025-12-05T04:09:54.174398,2.864,1.925,1.270,-0.977
2025-12-05T04:09:54.207399,2.846,1.916,1.270,-0.977
2025-12-05T04:09:54.239336,2.827,1.908,1.270,-0.977
2025-12-05T04:09:54.272202,2.809,1.899,1.270,-0.977
2025-12-05T04:09:54.302615,2.790,1.890,1.270,-0.977
2025-12-05T04:09:54.334259,2.771,1.882,1.270,-0.977
2025-12-05T04:09:54.364593,2.753,1.873,1.270,-0.977
2025-12-05T04:09:54.398208,2.734,1.865,1.270,-0.977
2025-12-05T04:09:54.429482,2.716,1.856,1.270,-0.977
2025-12-05T04:09:54.465894,2.697,1.847,1.270,-0.977
2025-12-05T04:09:54.498245,2.678,1.839,1.270,-0.977
2025-12-05T04:09:54.530213,2.660,1.830,1.270,-0.977
2025-12-05T04:09:54.561663,2.641,1.821,1.270,-0.977
2025-12-05T04:09:54.591518,2.623,1.813,1.270,-0.977
2025-12-05T04:09:54.626089,2.604,1.804,1.270,-0.977
2025-12-05T04:09:54.657442,2.585,1.795,1.270,-0.977
2025-12-05T04:09:54.689760,2.567,1.787,1.270,-0.977
2025-12-05T04:09:54.725566,2.548,1.778,1.270,-0.977
2025-12-05T04:09:54.755648,2.530,1.770,1.270,-0.977
2025-12-05T04:09:54.788498,2.511,1.761,1.270,-0.977
2025-12-05T04:09:54.821019,2.492,1.752,1.270,-0.977
2025-12-05T04:09:54.852218,2.474,1.744,1.270,-0.977
2025-12-05T04:09:54.886309,2.455,1.735,1.270,-0.977
2025-12-05T04:09:54.917737,2.437,1.726,1.270,-0.977
2025-12-05T04:09:54.950152,2.418,1.718,1.270,-0.977
2025-12-05T04:09:54.986461,2.399,1.709,1.270,-0.977
2025-12-05T04:09:55.017914,2.381,1.701,1.270,-0.977
2025-12-05T04:09:55.049773,2.362,1.692,1.270,-0.977
2025-12-05T04:09:55.078908,2.344,1.683,1.270,-0.977
2025-12-05T04:09:55.112601,2.325,1.675,1.270,-0.977
2025-12-05T04:09:55.143363,2.306,1.666,1.270,-0.977
2025-12-05T04:09:55.173830,2.288,1.657,1.270,-0.977
2025-12-05T04:09:55.207563,2.269,1.649,1.270,-0.977
2025-12-05T04:09:55.239146,2.251,1.640,1.270,-0.977
2025-12-05T04:09:55.271556,2.232,1.631,1.270,-0.977
2025-12-05T04:09:55.303518,2.213,1.623,1.270,-0.977
2025-12-05T04:09:55.336323,2.195,1.614,1.270,-0.977
2025-12-05T04:09:55.369673,2.176,1.606,1.270,-0.977
2025-12-05T04:09:55.401391,2.158,1.597,1.270,-0.977
2025-12-05T04:09:55.439262,2.139,1.588,1.270,-0.977
2025-12-05T04:09:55.471762,2.120,1.580,1.270,-0.977
2025-12-05T04:09:55.501279,2.102,1.571,1.270,-0.977
2025-12-05T04:09:55.531394,2.083,1.562,1.270,-0.977
2025-12-05T04:09:55.562521,2.065,1.554,1.270,-0.977
2025-12-05T04:09:55.594486,2.046,1.545,1.270,-0.977
2025-12-05T04:09:55.628413,2.027,1.537,1.270,-0.977
2025-12-05T04:09:55.659387,2.009,1.528,1.270,-0.977
2025-12-05T04:09:55.693883,1.990,1.519,1.270,-0.977
2025-12-05T04:09:55.726665,1.972,1.511,1.270,-0.977
2025-12-05T04:09:55.759245,1.953,1.502,1.270,-0.977
2025-12-05T04:09:55.791485,1.934,1.493,1.270,-0.977
2025-12-05T04:09:55.825306,1.916,1.485,1.270,-0.977
2025-12-05T04:09:55.856844,1.897,1.476,1.270,-0.977
2025-12-05T04:09:55.890202,1.879,1.467,1.270,-0.977
2025-12-05T04:09:55.927202,1.860,1.459,1.270,-0.977
2025-12-05T04:09:55.958751,1.841,1.450,1.270,-0.977
2025-12-05T04:09:55.988313,1.823,1.442,1.270,-0.977
2025-12-05T04:09:56.022647,1.804,1.433,1.270,-0.977
2025-12-05T04:09:56.050855,1.786,1.424,1.270,-0.977
2025-12-05T04:09:56.080972,1.767,1.416,1.270,-0.977
2025-12-05T04:09:56.118375,1.748,1.407,1.270,-0.977
2025-12-05T04:09:56.149504,1.730,1.398,1.270,-0.977
2025-12-05T04:09:56.183526,1.711,1.390,1.270,-0.977
2025-12-05T04:09:56.211180,1.692,1.381,1.270,-0.977
2025-12-05T04:09:56.242688,1.674,1.373,1.270,-0.977
2025-12-05T04:09:56.274575,1.655,1.364,1.270,-0.977
2025-12-05T04:09:56.310225,1.637,1.355,1.270,-0.977
2025-12-05T04:09:56.340919,1.618,1.347,1.270,-0.977
2025-12-05T04:09:56.374874,1.599,1.338,1.270,-0.977
2025-12-05T04:09:56.407078,1.581,1.329,1.270,-0.977
2025-12-05T04:09:56.436424,1.562,1.321,1.270,-0.977
2025-12-05T04:09:56.471371,1.544,1.312,1.270,-0.977
2025-12-05T04:09:56.505075,1.525,1.304,1.270,-0.977
2025-12-05T04:09:56.538761,1.506,1.295,1.270,-0.977
2025-12-05T04:09:56.569914,1.488,1.286,1.270,-0.977
2025-12-05T04:09:56.604031,1.469,1.278,1.270,-0.977
2025-12-05T04:09:56.638651,1.467,1.277,1.270,-0.970
2025-12-05T04:09:56.669954,1.465,1.276,1.270,-0.962
2025-12-05T04:09:56.699748,1.463,1.275,1.270,-0.954
2025-12-05T04:09:56.731942,1.461,1.274,1.270,-0.945
2025-12-05T04:09:56.765985,1.459,1.273,1.270,-0.935
2025-12-05T04:09:56.797798,1.457,1.272,1.270,-0.925
2025-12-05T04:09:56.834034,1.456,1.271,1.270,-0.914
2025-12-05T04:09:56.865206,1.454,1.271,1.270,-0.901
2025-12-05T04:09:56.898665,1.453,1.270,1.270,-0.889
2025-12-05T04:09:56.930419,1.452,1.269,1.270,-0.875
2025-12-05T04:09:56.960994,1.450,1.269,1.270,-0.861
2025-12-05T04:09:56.992199,1.449,1.268,1.270,-0.846
2025-12-05T04:09:57.026562,1.448,1.268,1.270,-0.830
2025-12-05T04:09:57.058008,1.447,1.267,1.270,-0.814
2025-12-05T04:09:57.089102,1.446,1.267,1.270,-0.797
2025-12-05T04:09:57.123543,1.445,1.267,1.270,-0.779
2025-12-05T04:09:57.157294,1.444,1.266,1.270,-0.760
2025-12-05T04:09:57.189928,1.444,1.266,1.270,-0.741
2025-12-05T04:09:57.222425,1.443,1.265,1.270,-0.722
2025-12-05T04:09:57.252559,1.442,1.265,1.270,-0.702
2025-12-05T04:09:57.286518,1.442,1.265,1.270,-0.681
2025-12-05T04:09:57.314438,1.441,1.265,1.270,-0.659
2025-12-05T04:09:57.346008,1.441,1.264,1.270,-0.637
2025-12-05T04:09:57.383124,1.440,1.264,1.270,-0.615
2025-12-05T04:09:57.415820,1.444,1.246,1.270,-0.615
2025-12-05T04:09:57.449304,1.448,1.229,1.270,-0.615
2025-12-05T04:09:57.482720,1.452,1.211,1.270,-0.615
2025-12-05T04:09:57.514942,1.456,1.193,1.270,-0.615
2025-12-05T04:09:57.546658,1.460,1.175,1.270,-0.615
2025-12-05T04:09:57.575362,1.464,1.156,1.270,-0.615
2025-12-05T04:09:57.607456,1.469,1.138,1.270,-0.615
2025-12-05T04:09:57.642851,1.473,1.120,1.270,-0.615
2025-12-05T04:09:57.675489,1.477,1.101,1.270,-0.615
2025-12-05T04:09:57.707693,1.482,1.082,1.270,-0.615
2025-12-05T04:09:57.743014,1.486,1.064,1.270,-0.615
2025-12-05T04:09:57.778389,1.491,1.045,1.270,-0.615
2025-12-05T04:09:57.807460,1.495,1.026,1.270,-0.615
2025-12-05T04:09:57.837599,1.500,1.007,1.270,-0.615
2025-12-05T04:09:57.870462,1.504,0.988,1.270,-0.615
2025-12-05T04:09:57.902216,1.509,0.969,1.270,-0.615
2025-12-05T04:09:57.935442,1.513,0.950,1.270,-0.615
2025-12-05T04:09:57.966865,1.518,0.931,1.270,-0.615
2025-12-05T04:09:57.998268,1.523,0.912,1.270,-0.615
2025-12-05T04:09:58.031353,1.527,0.892,1.270,-0.615
2025-12-05T04:09:58.063873,1.532,0.873,1.270,-0.615
2025-12-05T04:09:58.095455,1.537,0.854,1.270,-0.615
2025-12-05T04:09:58.128029,1.541,0.835,1.270,-0.615
2025-12-05T04:09:58.158995,1.546,0.815,1.270,-0.615
2025-12-05T04:09:58.195206,1.551,0.796,1.270,-0.615
2025-12-05T04:09:58.231712,1.556,0.776,1.270,-0.615
2025-12-05T04:09:58.262632,1.560,0.757,1.270,-0.615
2025-12-05T04:09:58.294923,1.565,0.737,1.270,-0.615
2025-12-05T04:09:58.329002,1.566,0.735,1.270,-0.637
2025-12-05T04:09:58.361205,1.566,0.733,1.270,-0.659
2025-12-05T04:09:58.386951,1.567,0.731,1.270,-0.681
2025-12-05T04:09:58.418768,1.567,0.729,1.270,-0.702
2025-12-05T04:09:58.451354,1.567,0.728,1.270,-0.722
2025-12-05T04:09:58.483920,1.568,0.726,1.270,-0.741
2025-12-05T04:09:58.518212,1.568,0.725,1.270,-0.760
2025-12-05T04:09:58.551928,1.568,0.723,1.270,-0.779
2025-12-05T04:09:58.587922,1.568,0.722,1.270,-0.797
2025-12-05T04:09:58.621773,1.564,0.704,1.270,-0.797
2025-12-05T04:09:58.651817,1.559,0.685,1.270,-0.797
2025-12-05T04:09:58.686652,1.555,0.667,1.270,-0.797
2025-12-05T04:09:58.718516,1.550,0.648,1.270,-0.797
2025-12-05T04:09:58.745644,1.545,0.629,1.270,-0.797
2025-12-05T04:09:58.776145,1.540,0.610,1.270,-0.797
2025-12-05T04:09:58.808128,1.535,0.592,1.270,-0.797
2025-12-05T04:09:58.838415,1.530,0.573,1.270,-0.797
2025-12-05T04:09:58.871354,1.525,0.554,1.270,-0.797
2025-12-05T04:09:58.904310,1.520,0.535,1.270,-0.797
2025-12-05T04:09:58.938940,1.515,0.515,1.270,-0.797
2025-12-05T04:09:58.970424,1.510,0.496,1.270,-0.797
2025-12-05T04:09:59.002937,1.505,0.477,1.270,-0.797
2025-12-05T04:09:59.035127,1.500,0.458,1.270,-0.797
2025-12-05T04:09:59.070553,1.495,0.439,1.270,-0.797
2025-12-05T04:09:59.102033,1.490,0.420,1.270,-0.797
2025-12-05T04:09:59.137711,1.485,0.400,1.270,-0.797
2025-12-05T04:09:59.170444,1.479,0.381,1.270,-0.797
2025-12-05T04:09:59.201400,1.474,0.362,1.270,-0.797
2025-12-05T04:09:59.233943,1.469,0.342,1.270,-0.797
2025-12-05T04:09:59.265235,1.464,0.323,1.270,-0.797
2025-12-05T04:09:59.295011,1.458,0.303,1.270,-0.797
2025-12-05T04:09:59.329573,1.453,0.284,1.270,-0.797
2025-12-05T04:09:59.360585,1.448,0.264,1.270,-0.797
2025-12-05T04:09:59.393490,1.443,0.245,1.270,-0.797
2025-12-05T04:09:59.430697,1.437,0.225,1.270,-0.797
2025-12-05T04:09:59.459374,1.432,0.206,1.270,-0.797
2025-12-05T04:09:59.490721,1.426,0.186,1.270,-0.797
2025-12-05T04:09:59.523726,1.421,0.167,1.270,-0.797
2025-12-05T04:09:59.553989,1.416,0.147,1.270,-0.797
2025-12-05T04:09:59.588213,1.410,0.128,1.270,-0.797
2025-12-05T04:09:59.617930,1.405,0.108,1.270,-0.797
2025-12-05T04:09:59.650387,1.400,0.089,1.270,-0.797
2025-12-05T04:09:59.684898,1.394,0.069,1.270,-0.797
2025-12-05T04:09:59.719618,1.389,0.049,1.270,-0.797
2025-12-05T04:09:59.751461,1.383,0.030,1.270,-0.797
2025-12-05T04:09:59.785091,1.378,0.010,1.270,-0.797
2025-12-05T04:09:59.818710,1.372,-0.010,1.270,-0.797
2025-12-05T04:09:59.849162,1.367,-0.029,1.270,-0.797
2025-12-05T04:09:59.881671,1.362,-0.049,1.270,-0.797
2025-12-05T04:09:59.914197,1.356,-0.069,1.270,-0.797
2025-12-05T04:09:59.945545,1.351,-0.088,1.270,-0.797
2025-12-05T04:09:59.978574,1.345,-0.108,1.270,-0.797
2025-12-05T04:10:00.017134,1.340,-0.128,1.270,-0.797
2025-12-05T04:10:00.043437,1.334,-0.147,1.270,-0.797
2025-12-05T04:10:00.080733,1.329,-0.167,1.270,-0.797
2025-12-05T04:10:00.113426,1.323,-0.187,1.270,-0.797
2025-12-05T04:10:00.145248,1.318,-0.206,1.270,-0.797
2025-12-05T04:10:00.173907,1.312,-0.226,1.270,-0.797
2025-12-05T04:10:00.203869,1.307,-0.246,1.270,-0.797
2025-12-05T04:10:00.238452,1.301,-0.265,1.270,-0.797
2025-12-05T04:10:00.270150,1.296,-0.285,1.270,-0.797
2025-12-05T04:10:00.300832,1.290,-0.305,1.270,-0.797
2025-12-05T04:10:00.333226,1.285,-0.325,1.270,-0.797
2025-12-05T04:10:00.368724,1.279,-0.344,1.270,-0.797
2025-12-05T04:10:00.403789,1.274,-0.364,1.270,-0.797
2025-12-05T04:10:00.438018,1.268,-0.384,1.270,-0.797
2025-12-05T04:10:00.470657,1.263,-0.403,1.270,-0.797
2025-12-05T04:10:00.499729,1.257,-0.423,1.270,-0.797
2025-12-05T04:10:00.530957,1.252,-0.443,1.270,-0.797
2025-12-05T04:10:00.564014,1.246,-0.463,1.270,-0.797
2025-12-05T04:10:00.591134,1.241,-0.482,1.270,-0.797
2025-12-05T04:10:00.627974,1.235,-0.502,1.270,-0.797
2025-12-05T04:10:00.662975,1.230,-0.522,1.270,-0.797
2025-12-05T04:10:00.692945,1.224,-0.542,1.270,-0.797
2025-12-05T04:10:00.727482,1.219,-0.561,1.270,-0.797
2025-12-05T04:10:00.759818,1.213,-0.581,1.270,-0.797
2025-12-05T04:10:00.788218,1.208,-0.601,1.270,-0.797
2025-12-05T04:10:00.823189,1.202,-0.620,1.270,-0.797
2025-12-05T04:10:00.853574,1.197,-0.640,1.270,-0.797
2025-12-05T04:10:00.885850,1.191,-0.660,1.270,-0.797
2025-12-05T04:10:00.921799,1.186,-0.680,1.270,-0.797
2025-12-05T04:10:00.952821,1.180,-0.699,1.270,-0.797
2025-12-05T04:10:00.988655,1.175,-0.719,1.270,-0.797
2025-12-05T04:10:01.015879,1.169,-0.739,1.270,-0.797
2025-12-05T04:10:01.048469,1.164,-0.759,1.270,-0.797
2025-12-05T04:10:01.082173,1.158,-0.778,1.270,-0.797
2025-12-05T04:10:01.114342,1.153,-0.798,1.270,-0.797
2025-12-05T04:10:01.149334,1.147,-0.818,1.270,-0.797
2025-12-05T04:10:01.183153,1.142,-0.838,1.270,-0.797
2025-12-05T04:10:01.213938,1.136,-0.857,1.270,-0.797
2025-12-05T04:10:01.244770,1.131,-0.877,1.270,-0.797
2025-12-05T04:10:01.276662,1.125,-0.897,1.270,-0.797
2025-12-05T04:10:01.310254,1.120,-0.917,1.270,-0.797
2025-12-05T04:10:01.341647,1.114,-0.936,1.270,-0.797
2025-12-05T04:10:01.372533,1.109,-0.956,1.270,-0.797
2025-12-05T04:10:01.406171,1.103,-0.976,1.270,-0.797
2025-12-05T04:10:01.439749,1.098,-0.996,1.270,-0.797
2025-12-05T04:10:01.473195,1.092,-1.015,1.270,-0.797
2025-12-05T04:10:01.504241,1.087,-1.035,1.270,-0.797
2025-12-05T04:10:01.534828,1.081,-1.055,1.270,-0.797
2025-12-05T04:10:01.565816,1.076,-1.075,1.270,-0.797
2025-12-05T04:10:01.598696,1.070,-1.094,1.270,-0.797
2025-12-05T04:10:01.629523,1.065,-1.114,1.270,-0.797
2025-12-05T04:10:01.666539,1.059,-1.134,1.270,-0.797
2025-12-05T04:10:01.698500,1.054,-1.154,1.270,-0.797
2025-12-05T04:10:01.731194,1.048,-1.173,1.270,-0.797
2025-12-05T04:10:01.762732,1.043,-1.193,1.270,-0.797
2025-12-05T04:10:01.794266,1.037,-1.213,1.270,-0.797
2025-12-05T04:10:01.826214,1.032,-1.233,1.270,-0.797
2025-12-05T04:10:01.859871,1.026,-1.252,1.270,-0.797
2025-12-05T04:10:01.889933,1.020,-1.272,1.270,-0.797
2025-12-05T04:10:01.922535,1.015,-1.291,1.270,-0.797
2025-12-05T04:10:01.955780,1.010,-1.310,1.270,-0.797
2025-12-05T04:10:01.989987,1.004,-1.327,1.270,-0.797
2025-12-05T04:10:02.021416,0.999,-1.343,1.270,-0.797
2025-12-05T04:10:02.054466,0.993,-1.358,1.270,-0.797
2025-12-05T04:10:02.087732,0.988,-1.371,1.270,-0.797
2025-12-05T04:10:02.118077,0.988,-1.371,1.270,-0.797
2025-12-05T04:10:02.150161,0.988,-1.371,1.270,-0.797
2025-12-05T04:10:02.185250,0.988,-1.371,1.270,-0.797
2025-12-05T04:10:02.215772,0.988,-1.371,1.270,-0.797
2025-12-05T04:10:02.248238,0.988,-1.371,1.270,-0.797
2025-12-05T04:10:02.282213,0.988,-1.371,1.270,-0.797
2025-12-05T04:10:02.315072,0.988,-1.371,1.270,-0.797
2025-12-05T04:10:02.346145,0.988,-1.371,1.270,-0.797
2025-12-05T04:10:02.378340,0.988,-1.371,1.270,-0.797
2025-12-05T04:10:02.412510,0.988,-1.371,1.270,-0.797
2025-12-05T04:10:02.446325,0.988,-1.371,1.270,-0.797
2025-12-05T04:10:02.482637,0.988,-1.371,1.270,-0.797
2025-12-05T04:10:02.513438,0.988,-1.371,1.270,-0.797
2025-12-05T04:10:02.545367,0.988,-1.371,1.270,-0.797
2025-12-05T04:10:02.581287,0.988,-1.371,1.270,-0.797
2025-12-05T04:10:02.609203,0.988,-1.371,1.270,-0.797
2025-12-05T04:10:02.637273,0.988,-1.371,1.270,-0.797
2025-12-05T04:10:02.669804,0.988,-1.371,1.270,-0.797
2025-12-05T04:10:02.701831,0.988,-1.371,1.270,-0.797
2025-12-05T04:10:02.735170,0.988,-1.371,1.270,-0.797
2025-12-05T04:10:02.770415,0.988,-1.371,1.270,-0.797
2025-12-05T04:10:02.804112,0.988,-1.371,1.270,-0.797
2025-12-05T04:10:02.836629,0.988,-1.371,1.270,-0.797
2025-12-05T04:10:02.867716,0.988,-1.371,1.270,-0.797
2025-12-05T04:10:02.898238,0.988,-1.371,1.270,-0.797
2025-12-05T04:10:02.934539,0.988,-1.371,1.270,-0.797
2025-12-05T04:10:02.968725,0.988,-1.371,1.270,-0.797
2025-12-05T04:10:03.001862,0.988,-1.371,1.270,-0.797
2025-12-05T04:10:03.033358,0.988,-1.371,1.270,-0.797
2025-12-05T04:10:03.064852,0.988,-1.371,1.270,-0.797
2025-12-05T04:10:03.094449,0.988,-1.371,1.270,-0.797
2025-12-05T04:10:03.128774,0.988,-1.371,1.270,-0.797
2025-12-05T04:10:03.160904,0.988,-1.371,1.270,-0.797
2025-12-05T04:10:03.192279,0.988,-1.371,1.270,-0.797
2025-12-05T04:10:03.224093,0.988,-1.371,1.270,-0.797
2025-12-05T04:10:03.258687,0.988,-1.371,1.270,-0.797
2025-12-05T04:10:03.292640,0.988,-1.371,1.270,-0.797
2025-12-05T04:10:03.329368,0.988,-1.371,1.270,-0.797
2025-12-05T04:10:03.361321,0.988,-1.371,1.270,-0.797
2025-12-05T04:10:03.391976,0.988,-1.371,1.270,-0.797
2025-12-05T04:10:03.423940,0.988,-1.371,1.270,-0.797
2025-12-05T04:10:03.454073,0.988,-1.371,1.270,-0.797
2025-12-05T04:10:03.487395,0.988,-1.371,1.270,-0.797
2025-12-05T04:10:03.517552,0.988,-1.371,1.270,-0.797
2025-12-05T04:10:03.551621,0.988,-1.371,1.270,-0.797
2025-12-05T04:10:03.582993,0.988,-1.371,1.270,-0.797
2025-12-05T04:10:03.617988,0.988,-1.371,1.270,-0.797
2025-12-05T04:10:03.651623,0.988,-1.371,1.270,-0.797
2025-12-05T04:10:03.684665,0.988,-1.371,1.270,-0.797
2025-12-05T04:10:03.713595,0.988,-1.371,1.270,-0.797
2025-12-05T04:10:03.744197,0.988,-1.371,1.270,-0.797
2025-12-05T04:10:03.777108,0.988,-1.371,1.270,-0.797
2025-12-05T04:10:03.810054,0.988,-1.371,1.270,-0.797
2025-12-05T04:10:03.843754,0.988,-1.371,1.270,-0.797
2025-12-05T04:10:03.878305,0.988,-1.371,1.270,-0.797
2025-12-05T04:10:03.912604,0.988,-1.371,1.270,-0.797
2025-12-05T04:10:03.944466,0.988,-1.371,1.270,-0.797
2025-12-05T04:10:03.976624,0.988,-1.371,1.270,-0.797
2025-12-05T04:10:04.006602,0.988,-1.371,1.270,-0.797
2025-12-05T04:10:04.038249,0.988,-1.371,1.270,-0.797
2025-12-05T04:10:04.073302,0.988,-1.371,1.270,-0.797
2025-12-05T04:10:04.105318,0.988,-1.371,1.270,-0.797
2025-12-05T04:10:04.140424,0.988,-1.371,1.270,-0.797
2025-12-05T04:10:04.171751,0.988,-1.371,1.270,-0.797
2025-12-05T04:10:04.203382,0.988,-1.371,1.270,-0.797
2025-12-05T04:10:04.235759,0.988,-1.371,1.270,-0.797
2025-12-05T04:10:04.268004,0.988,-1.371,1.270,-0.797
2025-12-05T04:10:04.298636,0.988,-1.371,1.270,-0.797
2025-12-05T04:10:04.328591,0.988,-1.371,1.270,-0.797
2025-12-05T04:10:04.359861,0.988,-1.371,1.270,-0.797
2025-12-05T04:10:04.393823,0.988,-1.371,1.270,-0.797
2025-12-05T04:10:04.423976,0.988,-1.371,1.270,-0.797
2025-12-05T04:10:04.458181,0.988,-1.371,1.270,-0.797
2025-12-05T04:10:04.489083,0.988,-1.371,1.270,-0.797
2025-12-05T04:10:04.523509,0.988,-1.371,1.270,-0.797
2025-12-05T04:10:04.558478,0.988,-1.371,1.270,-0.797
2025-12-05T04:10:04.590542,0.988,-1.371,1.270,-0.797
2025-12-05T04:10:04.625005,0.988,-1.371,1.270,-0.797
2025-12-05T04:10:04.655824,0.988,-1.371,1.270,-0.797
2025-12-05T04:10:04.687833,0.988,-1.371,1.270,-0.797
2025-12-05T04:10:04.720012,0.988,-1.371,1.270,-0.797
2025-12-05T04:10:04.750465,0.988,-1.371,1.270,-0.797
2025-12-05T04:10:04.783473,0.988,-1.371,1.270,-0.797
2025-12-05T04:10:04.817477,0.988,-1.371,1.270,-0.797
2025-12-05T04:10:04.849470,0.988,-1.371,1.270,-0.797
2025-12-05T04:10:04.881441,0.988,-1.371,1.270,-0.797
2025-12-05T04:10:04.913596,0.988,-1.371,1.270,-0.797
2025-12-05T04:10:04.945540,0.988,-1.371,1.270,-0.797
2025-12-05T04:10:04.978990,0.988,-1.371,1.270,-0.797
2025-12-05T04:10:05.013512,0.988,-1.371,1.270,-0.797
2025-12-05T04:10:05.046485,0.988,-1.371,1.270,-0.797
2025-12-05T04:10:05.081130,0.988,-1.371,1.270,-0.797
2025-12-05T04:10:05.113131,0.988,-1.371,1.270,-0.797
2025-12-05T04:10:05.143996,0.988,-1.371,1.270,-0.797
2025-12-05T04:10:05.175473,0.988,-1.371,1.270,-0.797
2025-12-05T04:10:05.208102,0.988,-1.371,1.270,-0.797
2025-12-05T04:10:05.239928,0.988,-1.371,1.270,-0.797
2025-12-05T04:10:05.271666,0.988,-1.371,1.270,-0.797
2025-12-05T04:10:05.303912,0.988,-1.371,1.270,-0.797
2025-12-05T04:10:05.340203,0.988,-1.371,1.270,-0.797
2025-12-05T04:10:05.371781,0.988,-1.371,1.270,-0.797
2025-12-05T04:10:05.406723,0.988,-1.371,1.270,-0.797
2025-12-05T04:10:05.440573,0.988,-1.371,1.270,-0.797
2025-12-05T04:10:05.471484,0.988,-1.371,1.270,-0.797
2025-12-05T04:10:05.502539,0.988,-1.371,1.270,-0.797
2025-12-05T04:10:05.533990,0.988,-1.371,1.270,-0.797
2025-12-05T04:10:05.565902,0.988,-1.371,1.270,-0.797
2025-12-05T04:10:05.596921,0.988,-1.371,1.270,-0.797
2025-12-05T04:10:05.629093,0.988,-1.371,1.270,-0.797
2025-12-05T04:10:05.661061,0.988,-1.371,1.270,-0.797
2025-12-05T04:10:05.693412,0.988,-1.371,1.270,-0.797
2025-12-05T04:10:05.730261,0.988,-1.371,1.270,-0.797
2025-12-05T04:10:05.765909,0.988,-1.371,1.270,-0.797
2025-12-05T04:10:05.798814,0.988,-1.371,1.270,-0.797
2025-12-05T04:10:05.833969,0.988,-1.371,1.270,-0.797
2025-12-05T04:10:05.875209,0.988,-1.371,1.270,-0.797
2025-12-05T04:10:05.905201,0.988,-1.371,1.270,-0.797
2025-12-05T04:10:05.935996,0.988,-1.371,1.270,-0.797
2025-12-05T04:10:05.965514,0.988,-1.371,1.270,-0.797
2025-12-05T04:10:05.994328,0.988,-1.371,1.270,-0.797
2025-12-05T04:10:06.021833,0.988,-1.371,1.270,-0.797
2025-12-05T04:10:06.052623,0.988,-1.371,1.270,-0.797
2025-12-05T04:10:06.082726,0.988,-1.371,1.270,-0.797
2025-12-05T04:10:06.114839,0.988,-1.371,1.270,-0.797
2025-12-05T04:10:06.147334,0.988,-1.371,1.270,-0.797
2025-12-05T04:10:06.180579,0.988,-1.371,1.270,-0.797
2025-12-05T04:10:06.211341,0.988,-1.371,1.270,-0.797
2025-12-05T04:10:06.244006,0.988,-1.371,1.270,-0.797
2025-12-05T04:10:06.278681,0.988,-1.371,1.270,-0.797
2025-12-05T04:10:06.314350,0.988,-1.371,1.270,-0.797
2025-12-05T04:10:06.348067,0.988,-1.371,1.270,-0.797
2025-12-05T04:10:06.381541,0.988,-1.371,1.270,-0.797
2025-12-05T04:10:06.413542,0.988,-1.371,1.270,-0.797
2025-12-05T04:10:06.443284,0.988,-1.371,1.270,-0.797
2025-12-05T04:10:06.476140,0.988,-1.371,1.270,-0.797
2025-12-05T04:10:06.507423,0.988,-1.371,1.270,-0.797
2025-12-05T04:10:06.541535,0.988,-1.371,1.270,-0.797
2025-12-05T04:10:06.572364,0.988,-1.371,1.270,-0.797
2025-12-05T04:10:06.605190,0.988,-1.371,1.270,-0.797
2025-12-05T04:10:06.638659,0.988,-1.371,1.270,-0.797
2025-12-05T04:10:06.670339,0.988,-1.371,1.270,-0.797
2025-12-05T04:10:06.706520,0.988,-1.371,1.270,-0.797
2025-12-05T04:10:06.741213,0.988,-1.371,1.270,-0.797
2025-12-05T04:10:06.771107,0.988,-1.371,1.270,-0.797
2025-12-05T04:10:06.805007,0.988,-1.371,1.270,-0.797
2025-12-05T04:10:06.837879,0.988,-1.371,1.270,-0.797
2025-12-05T04:10:06.865850,0.988,-1.371,1.270,-0.797
2025-12-05T04:10:06.897439,0.988,-1.371,1.270,-0.797
2025-12-05T04:10:06.929649,0.988,-1.371,1.270,-0.797
2025-12-05T04:10:06.961884,0.988,-1.371,1.270,-0.797
2025-12-05T04:10:06.995209,0.988,-1.371,1.270,-0.797
2025-12-05T04:10:07.030437,0.988,-1.371,1.270,-0.797
2025-12-05T04:10:07.065765,0.988,-1.371,1.270,-0.797
2025-12-05T04:10:07.099551,0.988,-1.371,1.270,-0.797
2025-12-05T04:10:07.137348,0.988,-1.371,1.270,-0.797
2025-12-05T04:10:07.166784,0.988,-1.371,1.270,-0.797
2025-12-05T04:10:07.198334,0.988,-1.371,1.270,-0.797
2025-12-05T04:10:07.231401,0.988,-1.371,1.270,-0.797
2025-12-05T04:10:07.263467,0.988,-1.371,1.270,-0.797
2025-12-05T04:10:07.295885,0.988,-1.371,1.270,-0.797
2025-12-05T04:10:07.328107,0.988,-1.371,1.270,-0.797
2025-12-05T04:10:07.360436,0.988,-1.371,1.270,-0.797
2025-12-05T04:10:07.395251,0.988,-1.371,1.270,-0.797
2025-12-05T04:10:07.427703,0.988,-1.371,1.270,-0.797
2025-12-05T04:10:07.461265,0.988,-1.371,1.270,-0.797
2025-12-05T04:10:07.495403,0.988,-1.371,1.270,-0.797
2025-12-05T04:10:07.521323,0.988,-1.371,1.270,-0.797
2025-12-05T04:10:07.553809,0.988,-1.371,1.270,-0.797
2025-12-05T04:10:07.585792,0.988,-1.371,1.270,-0.797
2025-12-05T04:10:07.617665,0.988,-1.371,1.270,-0.797
2025-12-05T04:10:07.652966,0.988,-1.371,1.270,-0.797
2025-12-05T04:10:07.685808,0.988,-1.371,1.270,-0.797
2025-12-05T04:10:07.719150,0.988,-1.371,1.270,-0.797
2025-12-05T04:10:07.754100,0.988,-1.371,1.270,-0.797
2025-12-05T04:10:07.785068,0.988,-1.371,1.270,-0.797
2025-12-05T04:10:07.815444,0.988,-1.371,1.270,-0.797
2025-12-05T04:10:07.847683,0.988,-1.371,1.270,-0.797
2025-12-05T04:10:07.900341,0.988,-1.371,1.270,-0.797
2025-12-05T04:10:07.933347,0.988,-1.371,1.270,-0.797
2025-12-05T04:10:07.972344,0.988,-1.371,1.270,-0.797
2025-12-05T04:10:08.000439,0.988,-1.371,1.270,-0.797
2025-12-05T04:10:08.029576,0.988,-1.371,1.270,-0.797
2025-12-05T04:10:08.055247,0.988,-1.371,1.270,-0.797
2025-12-05T04:10:08.084387,0.988,-1.371,1.270,-0.797
2025-12-05T04:10:08.119672,0.988,-1.371,1.270,-0.797
2025-12-05T04:10:08.149001,0.988,-1.371,1.270,-0.797
2025-12-05T04:10:08.183040,0.988,-1.371,1.270,-0.797
2025-12-05T04:10:08.216620,0.988,-1.371,1.270,-0.797
2025-12-05T04:10:08.250563,0.988,-1.371,1.270,-0.797
2025-12-05T04:10:08.284825,0.988,-1.371,1.270,-0.797
2025-12-05T04:10:08.315667,0.988,-1.371,1.270,-0.797
2025-12-05T04:10:08.347979,0.988,-1.371,1.270,-0.797
2025-12-05T04:10:08.380020,0.988,-1.371,1.270,-0.797
2025-12-05T04:10:08.412716,0.988,-1.371,1.270,-0.797
2025-12-05T04:10:08.445024,0.988,-1.371,1.270,-0.797
2025-12-05T04:10:08.475926,0.988,-1.371,1.270,-0.797
2025-12-05T04:10:08.509104,0.988,-1.371,1.270,-0.797
2025-12-05T04:10:08.541697,0.988,-1.371,1.270,-0.797
2025-12-05T04:10:08.576450,0.988,-1.371,1.270,-0.797
2025-12-05T04:10:08.608895,0.988,-1.371,1.270,-0.797
2025-12-05T04:10:08.641396,0.988,-1.371,1.270,-0.797
2025-12-05T04:10:08.672593,0.988,-1.371,1.270,-0.797
2025-12-05T04:10:08.702674,0.988,-1.371,1.270,-0.797
2025-12-05T04:10:08.735304,0.988,-1.371,1.270,-0.797
2025-12-05T04:10:08.767867,0.988,-1.371,1.270,-0.797
2025-12-05T04:10:08.802705,0.988,-1.371,1.270,-0.797
2025-12-05T04:10:08.834044,0.988,-1.371,1.270,-0.797
2025-12-05T04:10:08.866120,0.988,-1.371,1.270,-0.797
2025-12-05T04:10:08.896599,0.988,-1.371,1.270,-0.797
2025-12-05T04:10:08.928185,0.988,-1.371,1.270,-0.797
2025-12-05T04:10:08.961168,0.988,-1.371,1.270,-0.797
2025-12-05T04:10:08.992792,0.988,-1.371,1.270,-0.797
2025-12-05T04:10:09.024638,0.988,-1.371,1.270,-0.797
2025-12-05T04:10:09.057168,0.988,-1.371,1.270,-0.797
2025-12-05T04:10:09.090454,0.988,-1.371,1.270,-0.797
2025-12-05T04:10:09.125148,0.988,-1.371,1.270,-0.797
2025-12-05T04:10:09.161339,0.988,-1.371,1.270,-0.797
2025-12-05T04:10:09.193498,0.988,-1.371,1.270,-0.797
2025-12-05T04:10:09.225113,0.988,-1.371,1.270,-0.797
2025-12-05T04:10:09.256690,0.988,-1.371,1.270,-0.797
2025-12-05T04:10:09.290089,0.988,-1.371,1.270,-0.797
2025-12-05T04:10:09.323864,0.988,-1.371,1.270,-0.797
2025-12-05T04:10:09.355083,0.988,-1.371,1.270,-0.797
2025-12-05T04:10:09.388777,0.988,-1.371,1.270,-0.797
2025-12-05T04:10:09.423503,0.988,-1.371,1.270,-0.797
2025-12-05T04:10:09.456229,0.988,-1.371,1.270,-0.797
2025-12-05T04:10:09.490895,0.988,-1.371,1.270,-0.797
2025-12-05T04:10:09.521671,0.988,-1.371,1.270,-0.797
2025-12-05T04:10:09.551348,0.988,-1.371,1.270,-0.797
2025-12-05T04:10:09.581072,0.988,-1.371,1.270,-0.797
2025-12-05T04:10:09.612927,0.988,-1.371,1.270,-0.797
2025-12-05T04:10:09.645677,0.988,-1.371,1.270,-0.797
2025-12-05T04:10:09.676681,0.988,-1.371,1.270,-0.797
2025-12-05T04:10:09.711162,0.988,-1.352,1.270,-0.814
2025-12-05T04:10:09.745611,0.988,-1.333,1.270,-0.830
2025-12-05T04:10:09.779752,0.988,-1.313,1.270,-0.846
2025-12-05T04:10:09.814654,0.988,-1.294,1.270,-0.861
2025-12-05T04:10:09.847392,0.988,-1.276,1.270,-0.875
2025-12-05T04:10:09.878161,0.988,-1.259,1.270,-0.889
2025-12-05T04:10:09.910716,0.988,-1.244,1.270,-0.901
2025-12-05T04:10:09.942010,0.988,-1.229,1.270,-0.914
2025-12-05T04:10:09.974011,0.988,-1.215,1.270,-0.925
2025-12-05T04:10:10.006292,0.988,-1.202,1.270,-0.935
2025-12-05T04:10:10.039258,0.988,-1.189,1.270,-0.945
2025-12-05T04:10:10.070449,0.988,-1.178,1.270,-0.954
2025-12-05T04:10:10.102109,0.988,-1.167,1.270,-0.962
2025-12-05T04:10:10.135088,0.988,-1.157,1.270,-0.970
2025-12-05T04:10:10.167017,0.988,-1.148,1.270,-0.977
2025-12-05T04:10:10.197393,0.988,-1.139,1.270,-0.982
2025-12-05T04:10:10.229254,0.988,-1.131,1.270,-0.987
2025-12-05T04:10:10.263911,0.988,-1.123,1.270,-0.991
2025-12-05T04:10:10.301995,0.988,-1.116,1.270,-0.995
2025-12-05T04:10:10.329932,0.988,-1.109,1.270,-0.997
2025-12-05T04:10:10.360629,0.988,-1.103,1.270,-0.999
2025-12-05T04:10:10.395200,0.988,-1.097,1.270,-1.000
2025-12-05T04:10:10.427128,0.988,-1.092,1.270,1.000
2025-12-05T04:10:10.456506,0.988,-1.086,1.270,0.999
2025-12-05T04:10:10.489220,0.988,-1.082,1.270,0.997
2025-12-05T04:10:10.523661,0.988,-1.077,1.270,0.995
2025-12-05T04:10:10.556777,0.988,-1.073,1.270,0.992
2025-12-05T04:10:10.592154,0.988,-1.069,1.270,0.988
2025-12-05T04:10:10.624441,0.988,-1.065,1.270,0.983
2025-12-05T04:10:10.656218,0.988,-1.062,1.270,0.977
2025-12-05T04:10:10.687188,0.988,-1.058,1.270,0.970
2025-12-05T04:10:10.719719,0.972,-1.047,1.270,0.970
2025-12-05T04:10:10.754407,0.956,-1.036,1.270,0.970
2025-12-05T04:10:10.786256,0.940,-1.024,1.270,0.970
2025-12-05T04:10:10.817338,0.924,-1.013,1.270,0.970
2025-12-05T04:10:10.849605,0.907,-1.002,1.270,0.970
2025-12-05T04:10:10.885801,0.891,-0.991,1.270,0.970
2025-12-05T04:10:10.919160,0.874,-0.981,1.270,0.970
2025-12-05T04:10:10.951187,0.858,-0.970,1.270,0.970
2025-12-05T04:10:10.984315,0.841,-0.959,1.270,0.970
2025-12-05T04:10:11.016249,0.824,-0.949,1.270,0.970
2025-12-05T04:10:11.046971,0.807,-0.938,1.270,0.970
2025-12-05T04:10:11.077225,0.790,-0.927,1.270,0.970
2025-12-05T04:10:11.109961,0.773,-0.917,1.270,0.970
2025-12-05T04:10:11.138721,0.756,-0.907,1.270,0.970
2025-12-05T04:10:11.171218,0.739,-0.896,1.270,0.970
2025-12-05T04:10:11.204976,0.721,-0.886,1.270,0.970
2025-12-05T04:10:11.239189,0.704,-0.876,1.270,0.970
2025-12-05T04:10:11.271159,0.687,-0.866,1.270,0.970
2025-12-05T04:10:11.302331,0.669,-0.855,1.270,0.970
2025-12-05T04:10:11.336698,0.652,-0.845,1.270,0.970
2025-12-05T04:10:11.370127,0.634,-0.835,1.270,0.970
2025-12-05T04:10:11.403209,0.617,-0.825,1.270,0.970
2025-12-05T04:10:11.438040,0.599,-0.815,1.270,0.970
2025-12-05T04:10:11.469341,0.581,-0.805,1.270,0.970
2025-12-05T04:10:11.498278,0.564,-0.795,1.270,0.970
2025-12-05T04:10:11.526137,0.562,-0.794,1.270,0.977
2025-12-05T04:10:11.559439,0.560,-0.792,1.270,0.983
2025-12-05T04:10:11.590204,0.559,-0.791,1.270,0.988
2025-12-05T04:10:11.623059,0.557,-0.790,1.270,0.992
2025-12-05T04:10:11.656708,0.556,-0.788,1.270,0.995
2025-12-05T04:10:11.689495,0.554,-0.787,1.270,0.997
2025-12-05T04:10:11.725899,0.553,-0.786,1.270,0.999
2025-12-05T04:10:11.757887,0.552,-0.785,1.270,1.000
2025-12-05T04:10:11.791457,0.551,-0.784,1.270,-1.000
2025-12-05T04:10:11.828104,0.550,-0.783,1.270,-0.999
2025-12-05T04:10:11.858439,0.549,-0.783,1.270,-0.997
2025-12-05T04:10:11.887410,0.548,-0.782,1.270,-0.995
2025-12-05T04:10:11.921472,0.547,-0.781,1.270,-0.991
2025-12-05T04:10:11.951464,0.546,-0.780,1.270,-0.987
2025-12-05T04:10:11.979651,0.546,-0.780,1.270,-0.982
2025-12-05T04:10:12.013193,0.545,-0.779,1.270,-0.977
2025-12-05T04:10:12.045135,0.528,-0.786,1.270,-0.977
2025-12-05T04:10:12.086321,0.511,-0.793,1.270,-0.977
2025-12-05T04:10:12.119941,0.494,-0.801,1.270,-0.977
2025-12-05T04:10:12.153249,0.477,-0.808,1.270,-0.977
2025-12-05T04:10:12.183533,0.459,-0.815,1.270,-0.977
2025-12-05T04:10:12.214099,0.442,-0.823,1.270,-0.977
2025-12-05T04:10:12.244846,0.425,-0.830,1.270,-0.977
2025-12-05T04:10:12.272285,0.407,-0.838,1.270,-0.977
2025-12-05T04:10:12.305279,0.389,-0.846,1.270,-0.977
2025-12-05T04:10:12.336273,0.372,-0.853,1.270,-0.977
2025-12-05T04:10:12.371484,0.354,-0.861,1.270,-0.977
2025-12-05T04:10:12.406165,0.336,-0.869,1.270,-0.977
2025-12-05T04:10:12.440370,0.318,-0.877,1.270,-0.977
2025-12-05T04:10:12.473114,0.301,-0.885,1.270,-0.977
2025-12-05T04:10:12.504958,0.283,-0.893,1.270,-0.977
2025-12-05T04:10:12.533178,0.265,-0.901,1.270,-0.977
2025-12-05T04:10:12.564831,0.247,-0.909,1.270,-0.977
2025-12-05T04:10:12.596774,0.229,-0.917,1.270,-0.977
2025-12-05T04:10:12.629409,0.211,-0.925,1.270,-0.977
2025-12-05T04:10:12.665768,0.192,-0.933,1.270,-0.977
2025-12-05T04:10:12.701112,0.174,-0.941,1.270,-0.977
2025-12-05T04:10:12.728985,0.156,-0.950,1.270,-0.977
2025-12-05T04:10:12.761740,0.138,-0.958,1.270,-0.977
2025-12-05T04:10:12.790277,0.120,-0.966,1.270,-0.977
2025-12-05T04:10:12.827659,0.101,-0.974,1.270,-0.977
2025-12-05T04:10:12.858750,0.083,-0.983,1.270,-0.977
2025-12-05T04:10:12.889152,0.065,-0.991,1.270,-0.977
2025-12-05T04:10:12.919649,0.047,-0.999,1.270,-0.977
2025-12-05T04:10:12.954043,0.028,-1.008,1.270,-0.977
2025-12-05T04:10:12.988406,0.010,-1.016,1.270,-0.977
2025-12-05T04:10:13.022096,-0.009,-1.025,1.270,-0.977
2025-12-05T04:10:13.052211,-0.027,-1.033,1.270,-0.977
2025-12-05T04:10:13.084772,-0.045,-1.041,1.270,-0.977
2025-12-05T04:10:13.117188,-0.064,-1.050,1.270,-0.977
2025-12-05T04:10:13.148084,-0.082,-1.058,1.270,-0.977
2025-12-05T04:10:13.184630,-0.101,-1.067,1.270,-0.977
2025-12-05T04:10:13.216370,-0.119,-1.075,1.270,-0.977
2025-12-05T04:10:13.254284,-0.137,-1.084,1.270,-0.977
2025-12-05T04:10:13.278854,-0.156,-1.092,1.270,-0.977
2025-12-05T04:10:13.308362,-0.158,-1.093,1.270,-0.970
2025-12-05T04:10:13.341394,-0.160,-1.094,1.270,-0.962
2025-12-05T04:10:13.375276,-0.162,-1.095,1.270,-0.954
2025-12-05T04:10:13.406680,-0.164,-1.096,1.270,-0.945
2025-12-05T04:10:13.439687,-0.166,-1.097,1.270,-0.935
2025-12-05T04:10:13.475530,-0.167,-1.097,1.270,-0.925
2025-12-05T04:10:13.506801,-0.169,-1.098,1.270,-0.914
2025-12-05T04:10:13.538550,-0.170,-1.099,1.270,-0.901
2025-12-05T04:10:13.568702,-0.171,-1.099,1.270,-0.889
2025-12-05T04:10:13.599844,-0.173,-1.100,1.270,-0.875
2025-12-05T04:10:13.634660,-0.174,-1.100,1.270,-0.861
2025-12-05T04:10:13.667178,-0.175,-1.101,1.270,-0.846
2025-12-05T04:10:13.701134,-0.176,-1.101,1.270,-0.830
2025-12-05T04:10:13.738469,-0.177,-1.101,1.270,-0.814
2025-12-05T04:10:13.769355,-0.178,-1.102,1.270,-0.797
2025-12-05T04:10:13.800848,-0.183,-1.119,1.270,-0.797
2025-12-05T04:10:13.833655,-0.189,-1.137,1.270,-0.797
2025-12-05T04:10:13.866153,-0.195,-1.155,1.270,-0.797
2025-12-05T04:10:13.897363,-0.200,-1.173,1.270,-0.797
2025-12-05T04:10:13.929199,-0.206,-1.191,1.270,-0.797
2025-12-05T04:10:13.961382,-0.211,-1.209,1.270,-0.797
2025-12-05T04:10:13.995839,-0.217,-1.228,1.270,-0.797
2025-12-05T04:10:14.030116,-0.223,-1.246,1.270,-0.797
2025-12-05T04:10:14.063226,-0.228,-1.265,1.270,-0.797
2025-12-05T04:10:14.093389,-0.234,-1.283,1.270,-0.797
2025-12-05T04:10:14.125272,-0.239,-1.302,1.270,-0.797
2025-12-05T04:10:14.157137,-0.245,-1.321,1.270,-0.797
2025-12-05T04:10:14.188764,-0.251,-1.339,1.270,-0.797
2025-12-05T04:10:14.220014,-0.256,-1.358,1.270,-0.797
2025-12-05T04:10:14.254110,-0.262,-1.377,1.270,-0.797
2025-12-05T04:10:14.288943,-0.267,-1.396,1.270,-0.797
2025-12-05T04:10:14.321678,-0.273,-1.415,1.270,-0.797
2025-12-05T04:10:14.350816,-0.278,-1.434,1.270,-0.797
2025-12-05T04:10:14.381683,-0.284,-1.453,1.270,-0.797
2025-12-05T04:10:14.415682,-0.290,-1.472,1.270,-0.797
2025-12-05T04:10:14.446439,-0.295,-1.492,1.270,-0.797
2025-12-05T04:10:14.478607,-0.301,-1.511,1.270,-0.797
2025-12-05T04:10:14.515462,-0.306,-1.530,1.270,-0.797
2025-12-05T04:10:14.548436,-0.312,-1.549,1.270,-0.797
2025-12-05T04:10:14.591357,-0.317,-1.569,1.270,-0.797
2025-12-05T04:10:14.620711,-0.323,-1.588,1.270,-0.797
2025-12-05T04:10:14.652367,-0.328,-1.607,1.270,-0.797
2025-12-05T04:10:14.680956,-0.334,-1.627,1.270,-0.797
2025-12-05T04:10:14.713902,-0.339,-1.646,1.270,-0.797
2025-12-05T04:10:14.740366,-0.339,-1.646,1.270,-0.797
2025-12-05T04:10:14.774003,-0.339,-1.646,1.270,-0.797
2025-12-05T04:10:14.808323,-0.339,-1.646,1.270,-0.797
2025-12-05T04:10:14.839432,-0.339,-1.646,1.270,-0.797
2025-12-05T04:10:14.871723,-0.339,-1.646,1.270,-0.797
2025-12-05T04:10:14.903124,-0.339,-1.646,1.270,-0.797
2025-12-05T04:10:14.935830,-0.339,-1.646,1.270,-0.797
2025-12-05T04:10:14.967701,-0.339,-1.646,1.270,-0.797
2025-12-05T04:10:15.004552,-0.339,-1.646,1.270,-0.797
2025-12-05T04:10:15.036540,-0.339,-1.646,1.270,-0.797
2025-12-05T04:10:15.071112,-0.339,-1.646,1.270,-0.797
2025-12-05T04:10:15.101568,-0.339,-1.646,1.270,-0.797
2025-12-05T04:10:15.135357,-0.339,-1.646,1.270,-0.797
2025-12-05T04:10:15.168548,-0.339,-1.646,1.270,-0.797
2025-12-05T04:10:15.198989,-0.339,-1.646,1.270,-0.797
2025-12-05T04:10:15.230467,-0.339,-1.646,1.270,-0.797
2025-12-05T04:10:15.264246,-0.339,-1.646,1.270,-0.797
2025-12-05T04:10:15.298271,-0.339,-1.646,1.270,-0.797
2025-12-05T04:10:15.331843,-0.339,-1.646,1.270,-0.797
2025-12-05T04:10:15.364423,-0.339,-1.646,1.270,-0.797
2025-12-05T04:10:15.397954,-0.339,-1.646,1.270,-0.797
2025-12-05T04:10:15.425454,-0.339,-1.646,1.270,-0.797
2025-12-05T04:10:15.457330,-0.339,-1.646,1.270,-0.797
2025-12-05T04:10:15.488543,-0.339,-1.646,1.270,-0.797
2025-12-05T04:10:15.521402,-0.339,-1.646,1.270,-0.797
2025-12-05T04:10:15.552882,-0.339,-1.646,1.270,-0.797
2025-12-05T04:10:15.585186,-0.339,-1.646,1.270,-0.797
2025-12-05T04:10:15.621390,-0.339,-1.646,1.270,-0.797
2025-12-05T04:10:15.652810,-0.339,-1.646,1.270,-0.797
2025-12-05T04:10:15.685767,-0.339,-1.646,1.270,-0.797
2025-12-05T04:10:15.718312,-0.339,-1.646,1.270,-0.797
2025-12-05T04:10:15.748147,-0.339,-1.646,1.270,-0.797
2025-12-05T04:10:15.780882,-0.339,-1.646,1.270,-0.797
2025-12-05T04:10:15.813644,-0.339,-1.646,1.270,-0.797
2025-12-05T04:10:15.844602,-0.339,-1.646,1.270,-0.797
2025-12-05T04:10:15.881409,-0.339,-1.646,1.270,-0.797
2025-12-05T04:10:15.917447,-0.339,-1.646,1.270,-0.797
2025-12-05T04:10:15.949353,-0.339,-1.646,1.270,-0.797
2025-12-05T04:10:15.980971,-0.339,-1.646,1.270,-0.797
2025-12-05T04:10:16.014311,-0.339,-1.646,1.270,-0.797
2025-12-05T04:10:16.045247,-0.339,-1.646,1.270,-0.797
2025-12-05T04:10:16.076149,-0.339,-1.646,1.270,-0.797
2025-12-05T04:10:16.108625,-0.339,-1.646,1.270,-0.797
2025-12-05T04:10:16.140504,-0.339,-1.646,1.270,-0.797
2025-12-05T04:10:16.173002,-0.339,-1.646,1.270,-0.797
2025-12-05T04:10:16.204751,-0.339,-1.646,1.270,-0.797
2025-12-05T04:10:16.234586,-0.339,-1.646,1.270,-0.797
2025-12-05T04:10:16.269102,-0.339,-1.646,1.270,-0.797
2025-12-05T04:10:16.301400,-0.339,-1.646,1.270,-0.797
2025-12-05T04:10:16.333143,-0.339,-1.646,1.270,-0.797
2025-12-05T04:10:16.364730,-0.339,-1.646,1.270,-0.797
2025-12-05T04:10:16.394842,-0.339,-1.646,1.270,-0.797
2025-12-05T04:10:16.425749,-0.339,-1.646,1.270,-0.797
2025-12-05T04:10:16.458034,-0.339,-1.646,1.270,-0.797
2025-12-05T04:10:16.491282,-0.339,-1.646,1.270,-0.797
2025-12-05T04:10:16.524822,-0.339,-1.646,1.270,-0.797
2025-12-05T04:10:16.556334,-0.339,-1.646,1.270,-0.797
2025-12-05T04:10:16.588823,-0.339,-1.646,1.270,-0.797
2025-12-05T04:10:16.620710,-0.339,-1.646,1.270,-0.797
2025-12-05T04:10:16.651342,-0.339,-1.646,1.270,-0.797
2025-12-05T04:10:16.684131,-0.339,-1.646,1.270,-0.797
2025-12-05T04:10:16.719171,-0.339,-1.646,1.270,-0.797
2025-12-05T04:10:16.753483,-0.339,-1.646,1.270,-0.797
2025-12-05T04:10:16.783924,-0.339,-1.646,1.270,-0.797
2025-12-05T04:10:16.815608,-0.339,-1.646,1.270,-0.797
2025-12-05T04:10:16.847075,-0.339,-1.646,1.270,-0.797
2025-12-05T04:10:16.883902,-0.339,-1.646,1.270,-0.797
2025-12-05T04:10:16.920991,-0.339,-1.646,1.270,-0.797
2025-12-05T04:10:16.953986,-0.339,-1.646,1.270,-0.797
2025-12-05T04:10:16.984823,-0.339,-1.646,1.270,-0.797
2025-12-05T04:10:17.015488,-0.339,-1.646,1.270,-0.797
2025-12-05T04:10:17.046967,-0.339,-1.646,1.270,-0.797
2025-12-05T04:10:17.079388,-0.339,-1.646,1.270,-0.797
2025-12-05T04:10:17.112286,-0.339,-1.646,1.270,-0.797
2025-12-05T04:10:17.143619,-0.339,-1.646,1.270,-0.797
2025-12-05T04:10:17.179263,-0.339,-1.646,1.270,-0.797
2025-12-05T04:10:17.211971,-0.339,-1.646,1.270,-0.797
2025-12-05T04:10:17.243930,-0.339,-1.646,1.270,-0.797
2025-12-05T04:10:17.275679,-0.339,-1.646,1.270,-0.797
2025-12-05T04:10:17.306681,-0.339,-1.646,1.270,-0.797
2025-12-05T04:10:17.335008,-0.339,-1.646,1.270,-0.797
2025-12-05T04:10:17.367808,-0.339,-1.646,1.270,-0.797
2025-12-05T04:10:17.399558,-0.339,-1.646,1.270,-0.797
2025-12-05T04:10:17.431940,-0.339,-1.646,1.270,-0.797
2025-12-05T04:10:17.467344,-0.339,-1.646,1.270,-0.797
2025-12-05T04:10:17.500830,-0.339,-1.646,1.270,-0.797
2025-12-05T04:10:17.535032,-0.339,-1.646,1.270,-0.797
2025-12-05T04:10:17.564259,-0.339,-1.646,1.270,-0.797
2025-12-05T04:10:17.597098,-0.339,-1.646,1.270,-0.797
2025-12-05T04:10:17.629283,-0.339,-1.646,1.270,-0.797
2025-12-05T04:10:17.661042,-0.339,-1.646,1.270,-0.797
2025-12-05T04:10:17.691205,-0.339,-1.646,1.270,-0.797
2025-12-05T04:10:17.726049,-0.339,-1.646,1.270,-0.797
2025-12-05T04:10:17.757718,-0.339,-1.646,1.270,-0.797
2025-12-05T04:10:17.789548,-0.339,-1.646,1.270,-0.797
2025-12-05T04:10:17.821704,-0.339,-1.646,1.270,-0.797
2025-12-05T04:10:17.855494,-0.339,-1.646,1.270,-0.797
2025-12-05T04:10:17.889441,-0.339,-1.646,1.270,-0.797
2025-12-05T04:10:17.925247,-0.339,-1.646,1.270,-0.797
2025-12-05T04:10:17.952857,-0.339,-1.646,1.270,-0.797
2025-12-05T04:10:17.985471,-0.339,-1.646,1.270,-0.797
2025-12-05T04:10:18.017716,-0.339,-1.646,1.270,-0.797
2025-12-05T04:10:18.049128,-0.339,-1.646,1.270,-0.797
2025-12-05T04:10:18.083187,-0.339,-1.646,1.270,-0.797
2025-12-05T04:10:18.117416,-0.339,-1.646,1.270,-0.797
2025-12-05T04:10:18.149219,-0.339,-1.646,1.270,-0.797
2025-12-05T04:10:18.183332,-0.339,-1.646,1.270,-0.797
2025-12-05T04:10:18.216740,-0.339,-1.646,1.270,-0.797
2025-12-05T04:10:18.248669,-0.339,-1.646,1.270,-0.797
2025-12-05T04:10:18.277822,-0.339,-1.646,1.270,-0.797
2025-12-05T04:10:18.308017,-0.339,-1.646,1.270,-0.797
2025-12-05T04:10:18.341078,-0.339,-1.646,1.270,-0.797
2025-12-05T04:10:18.372264,-0.339,-1.646,1.270,-0.797
2025-12-05T04:10:18.404587,-0.339,-1.646,1.270,-0.797
2025-12-05T04:10:18.437371,-0.339,-1.646,1.270,-0.797
2025-12-05T04:10:18.470299,-0.339,-1.646,1.270,-0.797
2025-12-05T04:10:18.504813,-0.339,-1.646,1.270,-0.797
2025-12-05T04:10:18.536587,-0.339,-1.646,1.270,-0.797
2025-12-05T04:10:18.565841,-0.339,-1.646,1.270,-0.797
2025-12-05T04:10:18.596761,-0.339,-1.646,1.270,-0.797
2025-12-05T04:10:18.628790,-0.339,-1.646,1.270,-0.797
2025-12-05T04:10:18.661502,-0.339,-1.646,1.270,-0.797
2025-12-05T04:10:18.694779,-0.339,-1.646,1.270,-0.797
2025-12-05T04:10:18.729757,-0.339,-1.646,1.270,-0.797
2025-12-05T04:10:18.764840,-0.339,-1.646,1.270,-0.797
2025-12-05T04:10:18.797255,-0.339,-1.646,1.270,-0.797
2025-12-05T04:10:18.830277,-0.339,-1.646,1.270,-0.797
2025-12-05T04:10:18.861904,-0.339,-1.646,1.270,-0.797
2025-12-05T04:10:18.889094,-0.339,-1.646,1.270,-0.797
2025-12-05T04:10:18.921159,-0.339,-1.646,1.270,-0.797
2025-12-05T04:10:18.951206,-0.339,-1.646,1.270,-0.797
2025-12-05T04:10:18.983360,-0.339,-1.646,1.270,-0.797
2025-12-05T04:10:19.018774,-0.339,-1.646,1.270,-0.797
2025-12-05T04:10:19.051370,-0.339,-1.646,1.270,-0.797
2025-12-05T04:10:19.082601,-0.339,-1.646,1.270,-0.797
2025-12-05T04:10:19.119408,-0.339,-1.646,1.270,-0.797
2025-12-05T04:10:19.154076,-0.339,-1.646,1.270,-0.797
2025-12-05T04:10:19.186063,-0.339,-1.646,1.270,-0.797
2025-12-05T04:10:19.216065,-0.339,-1.646,1.270,-0.797
2025-12-05T04:10:19.246925,-0.339,-1.646,1.270,-0.797
2025-12-05T04:10:19.280712,-0.339,-1.646,1.270,-0.797
2025-12-05T04:10:19.311569,-0.339,-1.646,1.270,-0.797
2025-12-05T04:10:19.344055,-0.339,-1.646,1.270,-0.797
2025-12-05T04:10:19.379709,-0.339,-1.646,1.270,-0.797
2025-12-05T04:10:19.412069,-0.339,-1.646,1.270,-0.797
2025-12-05T04:10:19.443400,-0.339,-1.646,1.270,-0.797
2025-12-05T04:10:19.475150,-0.339,-1.646,1.270,-0.797
2025-12-05T04:10:19.503705,-0.339,-1.646,1.270,-0.797
2025-12-05T04:10:19.534207,-0.339,-1.646,1.270,-0.797
2025-12-05T04:10:19.569066,-0.339,-1.646,1.270,-0.797
2025-12-05T04:10:19.600960,-0.339,-1.646,1.270,-0.797
2025-12-05T04:10:19.634485,-0.339,-1.646,1.270,-0.797
2025-12-05T04:10:19.668719,-0.339,-1.646,1.270,-0.797
2025-12-05T04:10:19.701136,-0.339,-1.646,1.270,-0.797
2025-12-05T04:10:19.732643,-0.339,-1.646,1.270,-0.797
2025-12-05T04:10:19.765174,-0.339,-1.646,1.270,-0.797
2025-12-05T04:10:19.794452,-0.339,-1.646,1.270,-0.797
2025-12-05T04:10:19.825559,-0.339,-1.646,1.270,-0.797
2025-12-05T04:10:19.857610,-0.339,-1.646,1.270,-0.797
2025-12-05T04:10:19.889691,-0.339,-1.646,1.270,-0.797
2025-12-05T04:10:19.924805,-0.339,-1.646,1.270,-0.797
2025-12-05T04:10:19.958802,-0.339,-1.646,1.270,-0.797
2025-12-05T04:10:19.991711,-0.339,-1.646,1.270,-0.797
2025-12-05T04:10:20.023479,-0.339,-1.646,1.270,-0.797
2025-12-05T04:10:20.055694,-0.339,-1.646,1.270,-0.797
2025-12-05T04:10:20.088022,-0.339,-1.646,1.270,-0.797
2025-12-05T04:10:20.119869,-0.339,-1.646,1.270,-0.797
2025-12-05T04:10:20.154295,-0.339,-1.646,1.270,-0.797
2025-12-05T04:10:20.187601,-0.339,-1.646,1.270,-0.797
2025-12-05T04:10:20.220648,-0.339,-1.646,1.270,-0.797
2025-12-05T04:10:20.252403,-0.339,-1.646,1.270,-0.797
2025-12-05T04:10:20.284225,-0.339,-1.646,1.270,-0.797
2025-12-05T04:10:20.316024,-0.339,-1.646,1.270,-0.797
2025-12-05T04:10:20.348053,-0.339,-1.646,1.270,-0.797
2025-12-05T04:10:20.378708,-0.339,-1.646,1.270,-0.797
2025-12-05T04:10:20.411220,-0.339,-1.646,1.270,-0.797
2025-12-05T04:10:20.445823,-0.339,-1.646,1.270,-0.797
2025-12-05T04:10:20.479689,-0.339,-1.646,1.270,-0.797
2025-12-05T04:10:20.516123,-0.339,-1.646,1.270,-0.797
2025-12-05T04:10:20.548316,-0.339,-1.646,1.270,-0.797
2025-12-05T04:10:20.580167,-0.339,-1.646,1.270,-0.797
2025-12-05T04:10:20.612642,-0.339,-1.646,1.270,-0.797
2025-12-05T04:10:20.641437,-0.339,-1.646,1.270,-0.797
2025-12-05T04:10:20.671285,-0.339,-1.646,1.270,-0.797
2025-12-05T04:10:20.702681,-0.339,-1.646,1.270,-0.797
2025-12-05T04:10:20.733471,-0.339,-1.646,1.270,-0.797
2025-12-05T04:10:20.769042,-0.339,-1.646,1.270,-0.797
2025-12-05T04:10:20.800572,-0.339,-1.646,1.270,-0.797
2025-12-05T04:10:20.832787,-0.339,-1.646,1.270,-0.797
2025-12-05T04:10:20.865581,-0.339,-1.646,1.270,-0.797
2025-12-05T04:10:20.894925,-0.339,-1.646,1.270,-0.797
2025-12-05T04:10:20.931473,-0.339,-1.646,1.270,-0.797
2025-12-05T04:10:20.963294,-0.339,-1.646,1.270,-0.797
2025-12-05T04:10:20.995251,-0.339,-1.646,1.270,-0.797
2025-12-05T04:10:21.027599,-0.339,-1.646,1.270,-0.797
2025-12-05T04:10:21.060216,-0.339,-1.646,1.270,-0.797
2025-12-05T04:10:21.094435,-0.339,-1.646,1.270,-0.797
2025-12-05T04:10:21.126635,-0.339,-1.646,1.270,-0.797
2025-12-05T04:10:21.159848,-0.339,-1.646,1.270,-0.797
2025-12-05T04:10:21.192748,-0.339,-1.646,1.270,-0.797
2025-12-05T04:10:21.224064,-0.339,-1.646,1.270,-0.797
2025-12-05T04:10:21.255645,-0.339,-1.646,1.270,-0.797
2025-12-05T04:10:21.293026,-0.339,-1.646,1.270,-0.797
2025-12-05T04:10:21.319440,-0.339,-1.646,1.270,-0.797
2025-12-05T04:10:21.352384,-0.339,-1.646,1.270,-0.797
2025-12-05T04:10:21.385783,-0.339,-1.646,1.270,-0.797
2025-12-05T04:10:21.420443,-0.339,-1.646,1.270,-0.797
2025-12-05T04:10:21.451629,-0.339,-1.646,1.270,-0.797
2025-12-05T04:10:21.483572,-0.339,-1.646,1.270,-0.797
2025-12-05T04:10:21.513125,-0.339,-1.646,1.270,-0.797
2025-12-05T04:10:21.543375,-0.339,-1.646,1.270,-0.797
2025-12-05T04:10:21.576682,-0.339,-1.646,1.270,-0.797
2025-12-05T04:10:21.609630,-0.339,-1.646,1.270,-0.797
2025-12-05T04:10:21.641879,-0.339,-1.646,1.270,-0.797
2025-12-05T04:10:21.677865,-0.339,-1.646,1.270,-0.797
2025-12-05T04:10:21.712284,-0.339,-1.646,1.270,-0.797
2025-12-05T04:10:21.743631,-0.339,-1.646,1.270,-0.797
2025-12-05T04:10:21.778196,-0.339,-1.646,1.270,-0.797
2025-12-05T04:10:21.807062,-0.339,-1.646,1.270,-0.797
2025-12-05T04:10:21.837002,-0.339,-1.646,1.270,-0.797
2025-12-05T04:10:21.869293,-0.339,-1.646,1.270,-0.797
2025-12-05T04:10:21.901041,-0.339,-1.646,1.270,-0.797
2025-12-05T04:10:21.933323,-0.339,-1.646,1.270,-0.797
2025-12-05T04:10:21.969745,-0.339,-1.646,1.270,-0.797
2025-12-05T04:10:22.001911,-0.339,-1.646,1.270,-0.797
2025-12-05T04:10:22.039953,-0.339,-1.646,1.270,-0.797
2025-12-05T04:10:22.069940,-0.339,-1.646,1.270,-0.797
2025-12-05T04:10:22.097680,-0.339,-1.646,1.270,-0.797
2025-12-05T04:10:22.131556,-0.339,-1.646,1.270,-0.797
2025-12-05T04:10:22.164913,-0.339,-1.646,1.270,-0.797
2025-12-05T04:10:22.197329,-0.339,-1.646,1.270,-0.797
2025-12-05T04:10:22.230156,-0.339,-1.646,1.270,-0.797
2025-12-05T04:10:22.263310,-0.339,-1.646,1.270,-0.797
2025-12-05T04:10:22.300793,-0.339,-1.646,1.270,-0.797
2025-12-05T04:10:22.327345,-0.339,-1.646,1.270,-0.797
2025-12-05T04:10:22.358480,-0.339,-1.646,1.270,-0.797
2025-12-05T04:10:22.391706,-0.339,-1.646,1.270,-0.797
2025-12-05T04:10:22.425253,-0.339,-1.646,1.270,-0.797
2025-12-05T04:10:22.457440,-0.339,-1.646,1.270,-0.797
2025-12-05T04:10:22.491095,-0.339,-1.646,1.270,-0.797
2025-12-05T04:10:22.524935,-0.339,-1.646,1.270,-0.797
2025-12-05T04:10:22.557544,-0.339,-1.646,1.270,-0.797
2025-12-05T04:10:22.588082,-0.339,-1.646,1.270,-0.797
2025-12-05T04:10:22.620310,-0.339,-1.646,1.270,-0.797
2025-12-05T04:10:22.649743,-0.339,-1.646,1.270,-0.797
2025-12-05T04:10:22.678313,-0.339,-1.646,1.270,-0.797
2025-12-05T04:10:22.711252,-0.339,-1.646,1.270,-0.797
2025-12-05T04:10:22.746337,-0.339,-1.646,1.270,-0.797
2025-12-05T04:10:22.780240,-0.339,-1.646,1.270,-0.797
2025-12-05T04:10:22.813067,-0.339,-1.646,1.270,-0.797
2025-12-05T04:10:22.846481,-0.339,-1.646,1.270,-0.797
2025-12-05T04:10:22.873875,-0.339,-1.646,1.270,-0.797
2025-12-05T04:10:22.903203,-0.339,-1.646,1.270,-0.797
2025-12-05T04:10:22.934984,-0.339,-1.646,1.270,-0.797
2025-12-05T04:10:22.968580,-0.339,-1.646,1.270,-0.797
2025-12-05T04:10:23.000467,-0.339,-1.646,1.270,-0.797
2025-12-05T04:10:23.035035,-0.339,-1.646,1.270,-0.797
2025-12-05T04:10:23.069589,-0.339,-1.646,1.270,-0.797
2025-12-05T04:10:23.101428,-0.339,-1.646,1.270,-0.797
2025-12-05T04:10:23.133004,-0.339,-1.646,1.270,-0.797
2025-12-05T04:10:23.166971,-0.339,-1.646,1.270,-0.797
2025-12-05T04:10:23.197373,-0.339,-1.646,1.270,-0.797
2025-12-05T04:10:23.232626,-0.339,-1.646,1.270,-0.797
2025-12-05T04:10:23.264276,-0.339,-1.646,1.270,-0.797
2025-12-05T04:10:23.300051,-0.339,-1.646,1.270,-0.797
2025-12-05T04:10:23.330229,-0.339,-1.646,1.270,-0.797
2025-12-05T04:10:23.362124,-0.339,-1.646,1.270,-0.797
2025-12-05T04:10:23.396375,-0.339,-1.646,1.270,-0.797
2025-12-05T04:10:23.428722,-0.339,-1.646,1.270,-0.797
2025-12-05T04:10:23.458456,-0.339,-1.646,1.270,-0.797
2025-12-05T04:10:23.491072,-0.339,-1.646,1.270,-0.797
2025-12-05T04:10:23.521922,-0.339,-1.646,1.270,-0.797
2025-12-05T04:10:23.553438,-0.339,-1.646,1.270,-0.797
2025-12-05T04:10:23.586807,-0.339,-1.646,1.270,-0.797
2025-12-05T04:10:23.620867,-0.339,-1.646,1.270,-0.797
2025-12-05T04:10:23.653526,-0.339,-1.646,1.270,-0.797
2025-12-05T04:10:23.684996,-0.339,-1.646,1.270,-0.797
2025-12-05T04:10:23.717799,-0.339,-1.646,1.270,-0.797
2025-12-05T04:10:23.749291,-0.339,-1.646,1.270,-0.797
2025-12-05T04:10:23.781740,-0.339,-1.646,1.270,-0.797
2025-12-05T04:10:23.814084,-0.339,-1.646,1.270,-0.797
2025-12-05T04:10:23.850727,-0.339,-1.646,1.270,-0.797
2025-12-05T04:10:23.885180,-0.339,-1.646,1.270,-0.797
2025-12-05T04:10:23.916738,-0.339,-1.646,1.270,-0.797
2025-12-05T04:10:23.945165,-0.339,-1.646,1.270,-0.797
2025-12-05T04:10:23.976548,-0.339,-1.646,1.270,-0.797
2025-12-05T04:10:24.009762,-0.339,-1.646,1.270,-0.797
2025-12-05T04:10:24.041582,-0.339,-1.646,1.270,-0.797
2025-12-05T04:10:24.076662,-0.339,-1.646,1.270,-0.797
2025-12-05T04:10:24.110121,-0.339,-1.646,1.270,-0.797
2025-12-05T04:10:24.143423,-0.339,-1.646,1.270,-0.797
2025-12-05T04:10:24.179257,-0.339,-1.646,1.270,-0.797
2025-12-05T04:10:24.212424,-0.339,-1.646,1.270,-0.797
2025-12-05T04:10:24.242973,-0.339,-1.646,1.270,-0.797
2025-12-05T04:10:24.271345,-0.339,-1.646,1.270,-0.797
2025-12-05T04:10:24.302313,-0.339,-1.646,1.270,-0.797
2025-12-05T04:10:24.336169,-0.339,-1.646,1.270,-0.797
2025-12-05T04:10:24.368301,-0.339,-1.646,1.270,-0.797
2025-12-05T04:10:24.399303,-0.339,-1.646,1.270,-0.797
2025-12-05T04:10:24.430956,-0.339,-1.646,1.270,-0.797
2025-12-05T04:10:24.467738,-0.339,-1.646,1.270,-0.797
2025-12-05T04:10:24.501826,-0.339,-1.646,1.270,-0.797
2025-12-05T04:10:24.536041,-0.339,-1.646,1.270,-0.797
2025-12-05T04:10:24.567752,-0.339,-1.646,1.270,-0.797
2025-12-05T04:10:24.599344,-0.339,-1.646,1.270,-0.797
2025-12-05T04:10:24.630030,-0.339,-1.646,1.270,-0.797
2025-12-05T04:10:24.663206,-0.339,-1.646,1.270,-0.797
2025-12-05T04:10:24.696113,-0.339,-1.646,1.270,-0.797
2025-12-05T04:10:24.728817,-0.339,-1.646,1.270,-0.797
2025-12-05T04:10:24.759429,-0.339,-1.646,1.270,-0.797
2025-12-05T04:10:24.793671,-0.339,-1.646,1.270,-0.797
2025-12-05T04:10:24.828031,-0.339,-1.646,1.270,-0.797
2025-12-05T04:10:24.863615,-0.339,-1.646,1.270,-0.797
2025-12-05T04:10:24.896313,-0.339,-1.646,1.270,-0.797
2025-12-05T04:10:24.926495,-0.339,-1.646,1.270,-0.797
2025-12-05T04:10:24.957151,-0.339,-1.646,1.270,-0.797
2025-12-05T04:10:24.990299,-0.339,-1.646,1.270,-0.797
2025-12-05T04:10:25.021825,-0.339,-1.646,1.270,-0.797
2025-12-05T04:10:25.053043,-0.339,-1.646,1.270,-0.797
2025-12-05T04:10:25.083982,-0.339,-1.646,1.270,-0.797
2025-12-05T04:10:25.116885,-0.339,-1.646,1.270,-0.797
2025-12-05T04:10:25.148724,-0.339,-1.646,1.270,-0.797
2025-12-05T04:10:25.180965,-0.339,-1.646,1.270,-0.797
2025-12-05T04:10:25.213395,-0.339,-1.646,1.270,-0.797
2025-12-05T04:10:25.248607,-0.339,-1.646,1.270,-0.797
2025-12-05T04:10:25.284086,-0.339,-1.646,1.270,-0.797
2025-12-05T04:10:25.320248,-0.339,-1.646,1.270,-0.797
2025-12-05T04:10:25.351039,-0.339,-1.646,1.270,-0.797
2025-12-05T04:10:25.384620,-0.339,-1.646,1.270,-0.797
2025-12-05T04:10:25.415756,-0.339,-1.646,1.270,-0.797
2025-12-05T04:10:25.446405,-0.339,-1.646,1.270,-0.797
2025-12-05T04:10:25.479547,-0.339,-1.646,1.270,-0.797
2025-12-05T04:10:25.509569,-0.339,-1.646,1.270,-0.797
2025-12-05T04:10:25.541726,-0.339,-1.646,1.270,-0.797
2025-12-05T04:10:25.576736,-0.339,-1.646,1.270,-0.797
2025-12-05T04:10:25.610135,-0.339,-1.646,1.270,-0.797
2025-12-05T04:10:25.642386,-0.339,-1.646,1.270,-0.797
2025-12-05T04:10:25.673485,-0.339,-1.646,1.270,-0.797
2025-12-05T04:10:25.704046,-0.339,-1.646,1.270,-0.797
2025-12-05T04:10:25.735040,-0.339,-1.646,1.270,-0.797
2025-12-05T04:10:25.769369,-0.339,-1.646,1.270,-0.797
2025-12-05T04:10:25.802688,-0.339,-1.646,1.270,-0.797
2025-12-05T04:10:25.837909,-0.339,-1.646,1.270,-0.797
2025-12-05T04:10:25.869727,-0.339,-1.646,1.270,-0.797
2025-12-05T04:10:25.899352,-0.339,-1.646,1.270,-0.797
2025-12-05T04:10:25.933090,-0.339,-1.646,1.270,-0.797
2025-12-05T04:10:25.964917,-0.339,-1.646,1.270,-0.797
2025-12-05T04:10:25.997434,-0.339,-1.646,1.270,-0.797
2025-12-05T04:10:26.033826,-0.339,-1.646,1.270,-0.797
2025-12-05T04:10:26.065242,-0.339,-1.646,1.270,-0.797
2025-12-05T04:10:26.094630,-0.339,-1.646,1.270,-0.797
2025-12-05T04:10:26.125581,-0.339,-1.646,1.270,-0.797
2025-12-05T04:10:26.155140,-0.339,-1.646,1.270,-0.797
2025-12-05T04:10:26.189190,-0.339,-1.646,1.270,-0.797
2025-12-05T04:10:26.220903,-0.339,-1.646,1.270,-0.797
2025-12-05T04:10:26.254331,-0.339,-1.646,1.270,-0.797
2025-12-05T04:10:26.289591,-0.339,-1.646,1.270,-0.797
2025-12-05T04:10:26.325859,-0.339,-1.646,1.270,-0.797
2025-12-05T04:10:26.361385,-0.339,-1.646,1.270,-0.797
2025-12-05T04:10:26.393174,-0.339,-1.646,1.270,-0.797
2025-12-05T04:10:26.425670,-0.339,-1.646,1.270,-0.797
2025-12-05T04:10:26.455714,-0.339,-1.646,1.270,-0.797
2025-12-05T04:10:26.489046,-0.339,-1.646,1.270,-0.797
2025-12-05T04:10:26.523400,-0.339,-1.646,1.270,-0.797
2025-12-05T04:10:26.555693,-0.339,-1.646,1.270,-0.797
2025-12-05T04:10:26.592428,-0.339,-1.646,1.270,-0.797
2025-12-05T04:10:26.624019,-0.339,-1.646,1.270,-0.797
2025-12-05T04:10:26.655267,-0.339,-1.646,1.270,-0.797
2025-12-05T04:10:26.687288,-0.339,-1.646,1.270,-0.797
2025-12-05T04:10:26.720594,-0.339,-1.646,1.270,-0.797
2025-12-05T04:10:26.749132,-0.339,-1.646,1.270,-0.797
2025-12-05T04:10:26.780086,-0.339,-1.646,1.270,-0.797
2025-12-05T04:10:26.812690,-0.339,-1.646,1.270,-0.797
2025-12-05T04:10:26.843391,-0.339,-1.646,1.270,-0.797
2025-12-05T04:10:26.879312,-0.339,-1.646,1.270,-0.797
2025-12-05T04:10:26.916099,-0.339,-1.646,1.270,-0.797
2025-12-05T04:10:26.948414,-0.339,-1.646,1.270,-0.797
2025-12-05T04:10:26.979123,-0.339,-1.646,1.270,-0.797
2025-12-05T04:10:27.012204,-0.339,-1.646,1.270,-0.797
2025-12-05T04:10:27.041147,-0.339,-1.646,1.270,-0.797
2025-12-05T04:10:27.072055,-0.339,-1.646,1.270,-0.797
2025-12-05T04:10:27.101386,-0.339,-1.646,1.270,-0.797
2025-12-05T04:10:27.134217,-0.339,-1.646,1.270,-0.797
2025-12-05T04:10:27.167501,-0.339,-1.646,1.270,-0.797
2025-12-05T04:10:27.201606,-0.339,-1.646,1.270,-0.797
2025-12-05T04:10:27.233391,-0.339,-1.646,1.270,-0.797
2025-12-05T04:10:27.267656,-0.339,-1.646,1.270,-0.797
2025-12-05T04:10:27.299354,-0.339,-1.646,1.270,-0.797
2025-12-05T04:10:27.329817,-0.339,-1.646,1.270,-0.797
2025-12-05T04:10:27.363318,-0.339,-1.646,1.270,-0.797
2025-12-05T04:10:27.396808,-0.339,-1.646,1.270,-0.797
2025-12-05T04:10:27.429091,-0.339,-1.646,1.270,-0.797
2025-12-05T04:10:27.463555,-0.339,-1.646,1.270,-0.797
2025-12-05T04:10:27.499574,-0.339,-1.646,1.270,-0.797
2025-12-05T04:10:27.524583,-0.339,-1.646,1.270,-0.797
2025-12-05T04:10:27.556877,-0.339,-1.646,1.270,-0.797
2025-12-05T04:10:27.587699,-0.339,-1.646,1.270,-0.797
2025-12-05T04:10:27.620487,-0.339,-1.646,1.270,-0.797
2025-12-05T04:10:27.655740,-0.339,-1.646,1.270,-0.797
2025-12-05T04:10:27.684981,-0.339,-1.646,1.270,-0.797
2025-12-05T04:10:27.717743,-0.339,-1.646,1.270,-0.797
2025-12-05T04:10:27.753873,-0.339,-1.646,1.270,-0.797
2025-12-05T04:10:27.789820,-0.339,-1.646,1.270,-0.797
2025-12-05T04:10:27.823957,-0.339,-1.646,1.270,-0.797
2025-12-05T04:10:27.858632,-0.339,-1.646,1.270,-0.797
2025-12-05T04:10:27.889469,-0.339,-1.646,1.270,-0.797
2025-12-05T04:10:27.923910,-0.339,-1.646,1.270,-0.797
