timestamp,x,y,z,orientation_z
2025-12-05T06:36:50.291053,-1.500,-3.000,1.270,0.000
2025-12-05T06:36:50.348423,-1.500,-3.000,1.270,0.000
2025-12-05T06:36:50.378790,-1.500,-3.000,1.270,0.000
2025-12-05T06:36:50.397442,-1.500,-3.000,1.270,0.000
2025-12-05T06:36:50.423137,-1.500,-3.000,1.270,0.000
2025-12-05T06:36:50.439115,-1.500,-3.000,1.270,0.000
2025-12-05T06:36:50.454067,-1.500,-3.000,1.270,0.000
2025-12-05T06:36:50.458492,-1.500,-3.000,1.270,0.000
2025-12-05T06:36:50.473152,-1.500,-3.000,1.270,0.000
2025-12-05T06:36:50.484965,-1.500,-3.000,1.270,0.000
2025-12-05T06:36:50.496738,-1.500,-3.000,1.270,0.000
2025-12-05T06:36:50.509473,-1.500,-3.000,1.270,0.000
2025-12-05T06:36:50.523008,-1.500,-3.000,1.270,0.000
2025-12-05T06:36:50.537082,-1.500,-3.000,1.270,0.000
2025-12-05T06:36:50.575673,-1.500,-3.000,1.270,0.000
2025-12-05T06:36:50.584675,-1.500,-3.000,1.270,0.000
2025-12-05T06:36:50.599609,-1.500,-3.000,1.270,0.000
2025-12-05T06:36:50.614425,-1.500,-3.000,1.270,0.000
2025-12-05T06:36:50.632317,-1.500,-3.000,1.270,0.000
2025-12-05T06:36:50.645760,-1.500,-3.000,1.270,0.000
2025-12-05T06:36:50.663814,-1.500,-3.000,1.270,0.000
2025-12-05T06:36:50.678729,-1.500,-3.000,1.270,0.000
2025-12-05T06:36:50.693518,-1.500,-3.000,1.270,0.000
2025-12-05T06:36:50.707751,-1.500,-3.000,1.270,0.000
2025-12-05T06:36:50.722265,-1.500,-3.000,1.270,0.000
2025-12-05T06:36:50.736206,-1.500,-3.000,1.270,0.000
2025-12-05T06:36:50.752734,-1.500,-3.000,1.270,0.000
2025-12-05T06:36:50.768776,-1.500,-3.000,1.270,0.000
2025-12-05T06:36:50.785248,-1.500,-3.000,1.270,0.000
2025-12-05T06:36:50.801561,-1.500,-3.000,1.270,0.000
2025-12-05T06:36:50.819227,-1.500,-3.000,1.270,0.000
2025-12-05T06:36:50.838206,-1.500,-3.000,1.270,0.000
2025-12-05T06:36:50.856203,-1.500,-3.000,1.270,0.000
2025-12-05T06:36:50.873516,-1.500,-3.000,1.270,0.000
2025-12-05T06:36:50.889491,-1.500,-3.000,1.270,0.000
2025-12-05T06:36:50.906312,-1.500,-3.000,1.270,0.000
2025-12-05T06:36:50.924245,-1.500,-3.000,1.270,0.000
2025-12-05T06:36:50.940201,-1.500,-3.000,1.270,0.000
2025-12-05T06:36:50.956554,-1.500,-3.000,1.270,0.000
2025-12-05T06:36:50.971941,-1.500,-3.000,1.270,0.000
2025-12-05T06:36:50.986579,-1.500,-3.000,1.270,0.000
2025-12-05T06:36:51.001150,-1.500,-3.000,1.270,0.000
2025-12-05T06:36:51.017635,-1.500,-3.000,1.270,0.000
2025-12-05T06:36:51.032527,-1.500,-3.000,1.270,0.000
2025-12-05T06:36:51.047217,-1.500,-3.000,1.270,0.000
2025-12-05T06:36:51.064527,-1.500,-3.000,1.270,0.000
2025-12-05T06:36:51.099271,-1.500,-3.000,1.270,0.000
2025-12-05T06:36:51.105908,-1.500,-3.000,1.270,0.000
2025-12-05T06:36:51.121961,-1.500,-3.000,1.270,0.000
2025-12-05T06:36:51.139226,-1.500,-3.000,1.270,0.000
2025-12-05T06:36:51.154284,-1.500,-3.000,1.270,0.000
2025-12-05T06:36:51.168268,-1.500,-3.000,1.270,0.000
2025-12-05T06:36:51.183513,-1.500,-3.000,1.270,0.000
2025-12-05T06:36:51.196933,-1.500,-3.000,1.270,0.000
2025-12-05T06:36:51.209803,-1.500,-3.000,1.270,0.000
2025-12-05T06:36:51.223245,-1.500,-3.000,1.270,0.000
2025-12-05T06:36:51.236955,-1.500,-3.000,1.270,0.000
2025-12-05T06:36:51.254078,-1.500,-3.000,1.270,0.000
2025-12-05T06:36:51.269796,-1.500,-3.000,1.270,0.000
2025-12-05T06:36:51.285659,-1.500,-3.000,1.270,0.000
2025-12-05T06:36:51.305947,-1.500,-3.000,1.270,0.000
2025-12-05T06:36:51.324711,-1.500,-3.000,1.270,0.000
2025-12-05T06:36:51.339934,-1.500,-3.000,1.270,0.000
2025-12-05T06:36:51.356022,-1.500,-3.000,1.270,0.000
2025-12-05T06:36:51.374044,-1.500,-3.000,1.270,0.000
2025-12-05T06:36:51.393219,-1.500,-3.000,1.270,0.000
2025-12-05T06:36:51.414956,-1.500,-3.000,1.270,0.000
2025-12-05T06:36:51.425296,-1.500,-3.000,1.270,0.000
2025-12-05T06:36:51.440721,-1.500,-3.000,1.270,0.000
2025-12-05T06:36:51.455747,-1.500,-3.000,1.270,0.000
2025-12-05T06:36:51.472778,-1.500,-3.000,1.270,0.000
2025-12-05T06:36:51.487506,-1.500,-3.000,1.270,0.000
2025-12-05T06:36:51.502178,-1.500,-3.000,1.270,0.000
2025-12-05T06:36:51.518863,-1.500,-3.000,1.270,0.000
2025-12-05T06:36:51.559506,-1.500,-3.000,1.270,0.000
2025-12-05T06:36:51.575181,-1.500,-3.000,1.270,0.000
2025-12-05T06:36:51.589868,-1.500,-3.000,1.270,0.000
2025-12-05T06:36:51.604198,-1.500,-3.000,1.270,0.000
2025-12-05T06:36:51.615649,-1.500,-3.000,1.270,0.000
2025-12-05T06:36:51.629240,-1.500,-3.000,1.270,0.000
2025-12-05T06:36:51.662927,-1.500,-3.000,1.270,0.000
2025-12-05T06:36:51.677182,-1.500,-3.000,1.270,0.000
2025-12-05T06:36:51.688912,-1.500,-3.000,1.270,0.000
2025-12-05T06:36:51.700027,-1.500,-3.000,1.270,0.000
2025-12-05T06:36:51.711442,-1.500,-3.000,1.270,0.000
2025-12-05T06:36:51.725123,-1.500,-3.000,1.270,0.000
2025-12-05T06:36:51.739180,-1.500,-3.000,1.270,0.000
2025-12-05T06:36:51.754061,-1.500,-3.000,1.270,0.000
2025-12-05T06:36:51.768415,-1.500,-3.000,1.270,0.000
2025-12-05T06:36:51.784984,-1.500,-3.000,1.270,0.000
2025-12-05T06:36:51.808127,-1.500,-3.000,1.270,0.000
2025-12-05T06:36:51.830573,-1.500,-3.000,1.270,0.000
2025-12-05T06:36:51.845177,-1.500,-3.000,1.270,0.000
2025-12-05T06:36:51.860332,-1.500,-3.000,1.270,0.000
2025-12-05T06:36:51.880178,-1.500,-3.000,1.270,0.000
2025-12-05T06:36:51.893911,-1.500,-3.000,1.270,0.000
2025-12-05T06:36:51.904866,-1.500,-3.000,1.270,0.000
2025-12-05T06:36:51.917136,-1.500,-3.000,1.270,0.000
2025-12-05T06:36:51.929170,-1.500,-3.000,1.270,0.000
2025-12-05T06:36:51.941520,-1.500,-3.000,1.270,0.000
2025-12-05T06:36:51.954755,-1.500,-3.000,1.270,0.000
2025-12-05T06:36:51.969376,-1.500,-3.000,1.270,0.000
2025-12-05T06:36:51.985269,-1.500,-3.000,1.270,0.000
2025-12-05T06:36:52.000635,-1.500,-3.000,1.270,0.000
2025-12-05T06:36:52.016316,-1.500,-3.000,1.270,0.000
2025-12-05T06:36:52.032386,-1.500,-3.000,1.270,0.000
2025-12-05T06:36:52.050054,-1.500,-3.000,1.270,0.000
2025-12-05T06:36:52.066905,-1.500,-3.000,1.270,0.000
2025-12-05T06:36:52.085187,-1.500,-3.000,1.270,0.000
2025-12-05T06:36:52.101463,-1.500,-3.000,1.270,0.000
2025-12-05T06:36:52.118737,-1.500,-3.000,1.270,0.000
2025-12-05T06:36:52.135470,-1.500,-3.000,1.270,0.000
2025-12-05T06:36:52.154023,-1.500,-3.000,1.270,0.000
2025-12-05T06:36:52.169144,-1.500,-3.000,1.270,0.000
2025-12-05T06:36:52.183746,-1.500,-3.000,1.270,0.000
2025-12-05T06:36:52.201242,-1.500,-3.000,1.270,0.000
2025-12-05T06:36:52.223594,-1.500,-3.000,1.270,0.000
2025-12-05T06:36:52.242253,-1.500,-3.000,1.270,0.000
2025-12-05T06:36:52.252011,-1.500,-3.000,1.270,0.000
2025-12-05T06:36:52.265593,-1.500,-3.000,1.270,0.000
2025-12-05T06:36:52.278978,-1.500,-3.000,1.270,0.000
2025-12-05T06:36:52.294723,-1.500,-3.000,1.270,0.000
2025-12-05T06:36:52.311938,-1.500,-3.000,1.270,0.000
2025-12-05T06:36:52.328589,-1.500,-3.000,1.270,0.000
2025-12-05T06:36:52.346728,-1.500,-3.000,1.270,0.000
2025-12-05T06:36:52.364351,-1.500,-3.000,1.270,0.000
2025-12-05T06:36:52.381344,-1.500,-3.000,1.270,0.000
2025-12-05T06:36:52.400546,-1.500,-3.000,1.270,0.000
2025-12-05T06:36:52.418075,-1.500,-3.000,1.270,0.000
2025-12-05T06:36:52.435911,-1.500,-3.000,1.270,0.000
2025-12-05T06:36:52.472725,-1.500,-3.000,1.270,0.000
2025-12-05T06:36:52.487154,-1.500,-3.000,1.270,0.000
2025-12-05T06:36:52.504047,-1.500,-3.000,1.270,0.000
2025-12-05T06:36:52.519580,-1.500,-3.000,1.270,0.000
2025-12-05T06:36:52.535372,-1.500,-3.000,1.270,0.000
2025-12-05T06:36:52.549331,-1.500,-3.000,1.270,0.000
2025-12-05T06:36:52.563914,-1.500,-3.000,1.270,0.000
2025-12-05T06:36:52.576508,-1.500,-3.000,1.270,0.000
2025-12-05T06:36:52.602118,-1.500,-3.000,1.270,0.000
2025-12-05T06:36:52.614798,-1.500,-3.000,1.270,0.000
2025-12-05T06:36:52.628282,-1.500,-3.000,1.270,0.000
2025-12-05T06:36:52.642966,-1.500,-3.000,1.270,0.000
2025-12-05T06:36:52.658846,-1.500,-3.000,1.270,0.000
2025-12-05T06:36:52.674839,-1.500,-3.000,1.270,0.000
2025-12-05T06:36:52.691251,-1.500,-3.000,1.270,0.000
2025-12-05T06:36:52.707560,-1.500,-3.000,1.270,0.000
2025-12-05T06:36:52.723390,-1.500,-3.000,1.270,0.000
2025-12-05T06:36:52.739477,-1.500,-3.000,1.270,0.000
2025-12-05T06:36:52.756287,-1.500,-3.000,1.270,0.000
2025-12-05T06:36:52.775406,-1.500,-3.000,1.270,0.000
2025-12-05T06:36:52.800577,-1.500,-3.000,1.270,0.000
2025-12-05T06:36:52.809123,-1.500,-3.000,1.270,0.000
2025-12-05T06:36:52.825881,-1.500,-3.000,1.270,0.000
2025-12-05T06:36:52.843174,-1.500,-3.000,1.270,0.000
2025-12-05T06:36:52.860433,-1.500,-3.000,1.270,0.000
2025-12-05T06:36:53.202546,-1.500,-3.000,1.270,0.000
2025-12-05T06:36:53.219433,-1.500,-3.000,1.270,0.000
2025-12-05T06:36:53.231515,-1.500,-3.000,1.270,0.000
2025-12-05T06:36:53.240248,-1.500,-3.000,1.270,0.000
2025-12-05T06:36:53.253019,-1.500,-3.000,1.270,0.000
2025-12-05T06:36:53.265842,-1.500,-3.000,1.270,0.000
2025-12-05T06:36:53.276556,-1.500,-3.000,1.270,0.000
2025-12-05T06:36:53.288372,-1.500,-3.000,1.270,0.000
2025-12-05T06:36:53.299267,-1.500,-3.000,1.270,0.000
2025-12-05T06:36:53.309002,-1.500,-3.000,1.270,0.000
2025-12-05T06:36:53.320410,-1.500,-3.000,1.270,0.000
2025-12-05T06:36:53.330437,-1.500,-3.000,1.270,0.000
2025-12-05T06:36:53.342048,-1.500,-3.000,1.270,0.000
2025-12-05T06:36:53.354590,-1.500,-3.000,1.270,0.000
2025-12-05T06:36:53.367786,-1.500,-3.000,1.270,0.000
2025-12-05T06:36:53.380374,-1.500,-3.000,1.270,0.000
2025-12-05T06:36:53.394251,-1.500,-3.000,1.270,0.000
2025-12-05T06:36:53.407922,-1.500,-3.000,1.270,0.000
2025-12-05T06:36:53.424297,-1.500,-3.000,1.270,0.000
2025-12-05T06:36:53.439895,-1.500,-3.000,1.270,0.000
2025-12-05T06:36:53.454988,-1.500,-3.000,1.270,0.000
2025-12-05T06:36:53.470838,-1.500,-3.000,1.270,0.000
2025-12-05T06:36:53.488211,-1.500,-3.000,1.270,0.000
2025-12-05T06:36:53.503863,-1.500,-3.000,1.270,0.000
2025-12-05T06:36:53.520407,-1.500,-3.000,1.270,0.000
2025-12-05T06:36:53.539403,-1.500,-3.000,1.270,0.000
2025-12-05T06:36:53.558878,-1.500,-3.000,1.270,0.000
2025-12-05T06:36:53.576358,-1.500,-3.000,1.270,0.000
2025-12-05T06:36:53.594249,-1.500,-3.000,1.270,0.000
2025-12-05T06:36:53.614890,-1.500,-3.000,1.270,0.000
2025-12-05T06:36:53.633385,-1.500,-3.000,1.270,0.000
2025-12-05T06:36:53.647127,-1.500,-3.000,1.270,0.000
2025-12-05T06:36:53.664556,-1.500,-3.000,1.270,0.000
2025-12-05T06:36:53.679144,-1.500,-3.000,1.270,0.000
2025-12-05T06:36:53.697178,-1.500,-3.000,1.270,0.000
2025-12-05T06:36:53.707231,-1.500,-3.000,1.270,0.000
2025-12-05T06:36:53.724529,-1.500,-3.000,1.270,0.000
2025-12-05T06:36:53.739253,-1.500,-3.000,1.270,0.000
2025-12-05T06:36:53.755743,-1.500,-3.000,1.270,0.000
2025-12-05T06:36:53.772668,-1.500,-3.000,1.270,0.000
2025-12-05T06:36:53.788321,-1.500,-3.000,1.270,0.000
2025-12-05T06:36:53.806655,-1.500,-3.000,1.270,0.000
2025-12-05T06:36:53.823592,-1.500,-3.000,1.270,0.000
2025-12-05T06:36:53.840784,-1.500,-3.000,1.270,0.000
2025-12-05T06:36:53.859739,-1.500,-3.000,1.270,0.000
2025-12-05T06:36:53.878692,-1.500,-3.000,1.270,0.000
2025-12-05T06:36:53.892906,-1.500,-3.000,1.270,0.000
2025-12-05T06:36:53.909688,-1.500,-3.000,1.270,0.000
2025-12-05T06:36:53.931984,-1.500,-3.000,1.270,0.000
2025-12-05T06:36:53.946045,-1.500,-3.000,1.270,0.000
2025-12-05T06:36:53.960717,-1.500,-3.000,1.270,0.000
2025-12-05T06:36:53.977075,-1.500,-3.000,1.270,0.000
2025-12-05T06:36:53.991880,-1.500,-3.000,1.270,0.000
2025-12-05T06:36:54.007248,-1.500,-3.000,1.270,0.000
2025-12-05T06:36:54.021832,-1.500,-3.000,1.270,0.000
2025-12-05T06:36:54.036368,-1.500,-3.000,1.270,0.000
2025-12-05T06:36:54.052961,-1.500,-3.000,1.270,0.000
2025-12-05T06:36:54.067046,-1.500,-3.000,1.270,0.000
2025-12-05T06:36:54.083576,-1.500,-3.000,1.270,0.000
2025-12-05T06:36:54.099396,-1.500,-3.000,1.270,0.000
2025-12-05T06:36:54.117375,-1.500,-3.000,1.270,0.000
2025-12-05T06:36:54.133397,-1.500,-3.000,1.270,0.000
2025-12-05T06:36:54.149146,-1.500,-3.000,1.270,0.000
2025-12-05T06:36:54.167463,-1.500,-3.000,1.270,0.000
2025-12-05T06:36:54.185588,-1.500,-3.000,1.270,0.000
2025-12-05T06:36:54.203815,-1.500,-3.000,1.270,0.000
2025-12-05T06:36:54.219689,-1.500,-3.000,1.270,0.000
2025-12-05T06:36:54.236731,-1.500,-3.000,1.270,0.000
2025-12-05T06:36:54.254441,-1.500,-3.000,1.270,0.000
2025-12-05T06:36:54.270528,-1.500,-3.000,1.270,0.000
2025-12-05T06:36:54.286735,-1.500,-3.000,1.270,0.000
2025-12-05T06:36:54.302428,-1.500,-3.000,1.270,0.000
2025-12-05T06:36:54.317127,-1.500,-3.000,1.270,0.000
2025-12-05T06:36:54.332259,-1.500,-3.000,1.270,0.000
2025-12-05T06:36:54.348914,-1.500,-3.000,1.270,0.000
2025-12-05T06:36:54.364960,-1.500,-3.000,1.270,0.000
2025-12-05T06:36:54.382374,-1.500,-3.000,1.270,0.000
2025-12-05T06:36:54.400170,-1.500,-3.000,1.270,0.000
2025-12-05T06:36:54.417387,-1.500,-3.000,1.270,0.000
2025-12-05T06:36:54.437555,-1.500,-3.000,1.270,0.000
2025-12-05T06:36:54.455080,-1.500,-3.000,1.270,0.000
2025-12-05T06:36:54.473917,-1.500,-3.000,1.270,0.000
2025-12-05T06:36:54.510240,-1.500,-3.000,1.270,0.000
2025-12-05T06:36:54.519825,-1.500,-3.000,1.270,0.000
2025-12-05T06:36:54.535764,-1.500,-3.000,1.270,0.000
2025-12-05T06:36:54.551435,-1.500,-3.000,1.270,0.000
2025-12-05T06:36:54.567001,-1.500,-3.000,1.270,0.000
2025-12-05T06:36:54.580918,-1.500,-3.000,1.270,0.000
2025-12-05T06:36:54.595094,-1.500,-3.000,1.270,0.000
2025-12-05T06:36:54.608579,-1.500,-3.000,1.270,0.000
2025-12-05T06:36:54.622408,-1.500,-3.000,1.270,0.000
2025-12-05T06:36:54.635266,-1.500,-3.000,1.270,0.000
2025-12-05T06:36:54.650106,-1.500,-3.000,1.270,0.000
2025-12-05T06:36:54.665402,-1.500,-3.000,1.270,0.000
2025-12-05T06:36:54.680357,-1.500,-3.000,1.270,0.000
2025-12-05T06:36:54.695666,-1.500,-3.000,1.270,0.000
2025-12-05T06:36:54.711671,-1.500,-3.000,1.270,0.000
2025-12-05T06:36:54.728090,-1.500,-3.000,1.270,0.000
2025-12-05T06:36:54.745179,-1.500,-3.000,1.270,0.000
2025-12-05T06:36:54.767294,-1.500,-3.000,1.270,0.000
2025-12-05T06:36:54.781249,-1.500,-3.000,1.270,0.000
2025-12-05T06:36:54.799318,-1.500,-3.000,1.270,0.000
2025-12-05T06:36:54.816993,-1.500,-3.000,1.270,0.000
2025-12-05T06:36:54.834145,-1.500,-3.000,1.270,0.000
2025-12-05T06:36:54.850707,-1.500,-3.000,1.270,0.000
2025-12-05T06:36:54.868462,-1.500,-3.000,1.270,0.000
2025-12-05T06:36:54.884031,-1.500,-3.000,1.270,0.000
2025-12-05T06:36:54.900134,-1.500,-3.000,1.270,0.000
2025-12-05T06:36:54.914383,-1.500,-3.000,1.270,0.000
2025-12-05T06:36:54.929033,-1.500,-3.000,1.270,0.000
2025-12-05T06:36:54.943017,-1.500,-3.000,1.270,0.000
2025-12-05T06:36:54.959262,-1.500,-3.000,1.270,0.000
2025-12-05T06:36:54.975187,-1.500,-3.000,1.270,0.000
2025-12-05T06:36:54.991925,-1.500,-3.000,1.270,0.000
2025-12-05T06:36:55.007357,-1.500,-3.000,1.270,0.000
2025-12-05T06:36:55.026421,-1.500,-3.000,1.270,0.000
2025-12-05T06:36:55.042407,-1.500,-3.000,1.270,0.000
2025-12-05T06:36:55.057964,-1.500,-3.000,1.270,0.000
2025-12-05T06:36:55.077034,-1.500,-3.000,1.270,0.000
2025-12-05T06:36:55.093456,-1.500,-3.000,1.270,0.000
2025-12-05T06:36:55.119358,-1.500,-3.000,1.270,0.000
2025-12-05T06:36:55.132398,-1.500,-3.000,1.270,0.000
2025-12-05T06:36:55.146214,-1.500,-3.000,1.270,0.000
2025-12-05T06:36:55.162153,-1.500,-3.000,1.270,0.000
2025-12-05T06:36:55.179650,-1.500,-3.000,1.270,0.000
2025-12-05T06:36:55.211453,-1.500,-3.000,1.270,0.000
2025-12-05T06:36:55.224938,-1.500,-3.000,1.270,0.000
2025-12-05T06:36:55.240498,-1.500,-3.000,1.270,0.000
2025-12-05T06:36:55.253592,-1.500,-3.000,1.270,0.000
2025-12-05T06:36:55.266688,-1.500,-3.000,1.270,0.000
2025-12-05T06:36:55.278162,-1.500,-3.000,1.270,0.000
2025-12-05T06:36:55.290972,-1.500,-3.000,1.270,0.000
2025-12-05T06:36:55.303963,-1.500,-3.000,1.270,0.000
2025-12-05T06:36:55.331022,-1.500,-3.000,1.270,0.000
2025-12-05T06:36:55.346077,-1.500,-3.000,1.270,0.000
2025-12-05T06:36:55.359086,-1.500,-3.000,1.270,0.000
2025-12-05T06:36:55.374650,-1.500,-3.000,1.270,0.000
2025-12-05T06:36:55.390270,-1.500,-3.000,1.270,0.000
2025-12-05T06:36:55.405819,-1.500,-3.000,1.270,0.000
2025-12-05T06:36:55.423247,-1.500,-3.000,1.270,0.000
2025-12-05T06:36:55.439552,-1.500,-3.000,1.270,0.000
2025-12-05T06:36:55.469014,-1.500,-3.000,1.270,0.000
2025-12-05T06:36:55.484242,-1.500,-3.000,1.270,0.000
2025-12-05T06:36:55.498984,-1.500,-3.000,1.270,0.000
2025-12-05T06:36:55.514788,-1.500,-3.000,1.270,0.000
2025-12-05T06:36:55.528740,-1.500,-3.000,1.270,0.000
2025-12-05T06:36:55.543119,-1.500,-3.000,1.270,0.000
2025-12-05T06:36:55.556246,-1.500,-3.000,1.270,0.000
2025-12-05T06:36:55.570225,-1.500,-3.000,1.270,0.000
2025-12-05T06:36:55.583249,-1.500,-3.000,1.270,0.000
2025-12-05T06:36:55.598190,-1.500,-3.000,1.270,0.000
2025-12-05T06:36:55.613293,-1.500,-3.000,1.270,0.000
2025-12-05T06:36:55.628953,-1.500,-3.000,1.270,0.000
2025-12-05T06:36:55.647451,-1.500,-3.000,1.270,0.000
2025-12-05T06:36:55.665523,-1.500,-3.000,1.270,0.000
2025-12-05T06:36:55.691608,-1.500,-3.000,1.270,0.000
2025-12-05T06:36:55.704326,-1.500,-3.000,1.270,0.000
2025-12-05T06:36:55.723505,-1.500,-3.000,1.270,0.000
2025-12-05T06:36:55.740209,-1.500,-3.000,1.270,0.000
2025-12-05T06:36:55.772454,-1.500,-3.000,1.270,0.000
2025-12-05T06:36:55.781877,-1.500,-3.000,1.270,0.000
2025-12-05T06:36:55.798678,-1.500,-3.000,1.270,0.000
2025-12-05T06:36:55.812391,-1.500,-3.000,1.270,0.000
2025-12-05T06:36:55.827564,-1.500,-3.000,1.270,0.000
2025-12-05T06:36:55.840553,-1.500,-3.000,1.270,0.000
2025-12-05T06:36:55.853235,-1.500,-3.000,1.270,0.000
2025-12-05T06:36:55.869883,-1.500,-3.000,1.270,0.000
2025-12-05T06:36:55.881735,-1.500,-3.000,1.270,0.000
2025-12-05T06:36:55.892935,-1.500,-3.000,1.270,0.000
2025-12-05T06:36:55.907705,-1.500,-3.000,1.270,0.000
2025-12-05T06:36:55.919686,-1.500,-3.000,1.270,0.000
2025-12-05T06:36:55.934434,-1.500,-3.000,1.270,0.000
2025-12-05T06:36:55.950080,-1.500,-3.000,1.270,0.000
2025-12-05T06:36:55.965870,-1.500,-3.000,1.270,0.000
2025-12-05T06:36:55.981150,-1.500,-3.000,1.270,0.000
2025-12-05T06:36:55.998712,-1.500,-3.000,1.270,0.000
2025-12-05T06:36:56.014817,-1.500,-3.000,1.270,0.000
2025-12-05T06:36:56.031445,-1.500,-3.000,1.270,0.000
2025-12-05T06:36:56.050051,-1.500,-3.000,1.270,0.000
2025-12-05T06:36:56.068983,-1.500,-3.000,1.270,0.000
2025-12-05T06:36:56.085593,-1.500,-3.000,1.270,0.000
2025-12-05T06:36:56.102044,-1.500,-3.000,1.270,0.000
2025-12-05T06:36:56.120217,-1.500,-3.000,1.270,0.000
2025-12-05T06:36:56.139039,-1.500,-3.000,1.270,0.000
2025-12-05T06:36:56.153549,-1.500,-3.000,1.270,0.000
2025-12-05T06:36:56.170014,-1.500,-3.000,1.270,0.000
2025-12-05T06:36:56.183993,-1.500,-3.000,1.270,0.000
2025-12-05T06:36:56.198656,-1.500,-3.000,1.270,0.000
2025-12-05T06:36:56.215391,-1.500,-3.000,1.270,0.000
2025-12-05T06:36:56.234849,-1.500,-3.000,1.270,0.000
2025-12-05T06:36:56.249501,-1.500,-3.000,1.270,0.000
2025-12-05T06:36:56.264742,-1.500,-3.000,1.270,0.000
2025-12-05T06:36:56.292124,-1.500,-3.000,1.270,0.000
2025-12-05T06:36:56.313109,-1.500,-3.000,1.270,0.000
2025-12-05T06:36:56.326912,-1.500,-3.000,1.270,0.000
2025-12-05T06:36:56.343250,-1.500,-3.000,1.270,0.000
2025-12-05T06:36:56.359291,-1.500,-3.000,1.270,0.000
2025-12-05T06:36:56.372241,-1.500,-3.000,1.270,0.000
2025-12-05T06:36:56.386075,-1.500,-3.000,1.270,0.000
2025-12-05T06:36:56.398678,-1.500,-3.000,1.270,0.000
2025-12-05T06:36:56.412390,-1.500,-3.000,1.270,0.000
2025-12-05T06:36:56.426475,-1.500,-3.000,1.270,0.000
2025-12-05T06:36:56.439086,-1.500,-3.000,1.270,0.000
2025-12-05T06:36:56.453386,-1.500,-3.000,1.270,0.000
2025-12-05T06:36:56.468940,-1.500,-3.000,1.270,0.000
2025-12-05T06:36:56.484274,-1.500,-3.000,1.270,0.000
2025-12-05T06:36:56.499290,-1.500,-3.000,1.270,0.000
2025-12-05T06:36:56.515787,-1.500,-3.000,1.270,0.000
2025-12-05T06:36:56.532304,-1.500,-3.000,1.270,0.000
2025-12-05T06:36:56.553143,-1.500,-3.000,1.270,0.000
2025-12-05T06:36:56.569089,-1.500,-3.000,1.270,0.000
2025-12-05T06:36:56.584452,-1.500,-3.000,1.270,0.000
2025-12-05T06:36:56.603679,-1.500,-3.000,1.270,0.000
2025-12-05T06:36:56.625443,-1.500,-3.000,1.270,0.000
2025-12-05T06:36:56.644679,-1.500,-3.000,1.270,0.000
2025-12-05T06:36:56.659830,-1.500,-3.000,1.270,0.000
2025-12-05T06:36:56.676344,-1.500,-3.000,1.270,0.000
2025-12-05T06:36:56.691895,-1.500,-3.000,1.270,0.000
2025-12-05T06:36:56.703948,-1.500,-3.000,1.270,0.000
2025-12-05T06:36:56.720317,-1.500,-3.000,1.270,0.000
2025-12-05T06:36:56.746150,-1.500,-3.000,1.270,0.000
2025-12-05T06:36:56.750659,-1.500,-3.000,1.270,0.000
2025-12-05T06:36:56.764070,-1.500,-3.000,1.270,0.000
2025-12-05T06:36:56.779014,-1.500,-3.000,1.270,0.000
2025-12-05T06:36:56.795968,-1.500,-3.000,1.270,0.000
2025-12-05T06:36:56.812285,-1.500,-3.000,1.270,0.000
2025-12-05T06:36:56.830252,-1.500,-3.000,1.270,0.000
2025-12-05T06:36:56.846667,-1.500,-3.000,1.270,0.000
2025-12-05T06:36:56.868563,-1.500,-3.000,1.270,0.000
2025-12-05T06:36:56.885139,-1.500,-3.000,1.270,0.000
2025-12-05T06:36:56.901693,-1.500,-3.000,1.270,0.000
2025-12-05T06:36:56.918327,-1.500,-3.000,1.270,0.000
2025-12-05T06:36:56.935001,-1.500,-3.000,1.270,0.000
2025-12-05T06:36:56.951486,-1.500,-3.000,1.270,0.000
2025-12-05T06:36:56.967332,-1.500,-3.000,1.270,0.000
2025-12-05T06:36:56.983086,-1.500,-3.000,1.270,0.000
2025-12-05T06:36:56.998267,-1.500,-3.000,1.270,0.000
2025-12-05T06:36:57.015173,-1.500,-3.000,1.270,0.000
2025-12-05T06:36:57.027952,-1.500,-3.000,1.270,0.000
2025-12-05T06:36:57.044117,-1.500,-3.000,1.270,0.000
2025-12-05T06:36:57.063241,-1.500,-3.000,1.270,0.000
2025-12-05T06:36:57.081510,-1.500,-3.000,1.270,0.000
2025-12-05T06:36:57.095914,-1.500,-3.000,1.270,0.000
2025-12-05T06:36:57.113784,-1.500,-3.000,1.270,0.000
2025-12-05T06:36:57.131299,-1.500,-3.000,1.270,0.000
2025-12-05T06:36:57.148468,-1.500,-3.000,1.270,0.000
2025-12-05T06:36:57.165709,-1.500,-3.000,1.270,0.000
2025-12-05T06:36:57.183184,-1.500,-3.000,1.270,0.000
2025-12-05T06:36:57.198995,-1.500,-3.000,1.270,0.000
2025-12-05T06:36:57.215656,-1.500,-3.000,1.270,0.000
2025-12-05T06:36:57.235704,-1.500,-3.000,1.270,0.000
2025-12-05T06:36:57.247659,-1.500,-3.000,1.270,0.000
2025-12-05T06:36:57.261793,-1.500,-3.000,1.270,0.000
2025-12-05T06:36:57.276582,-1.500,-3.000,1.270,0.000
2025-12-05T06:36:57.292097,-1.500,-3.000,1.270,0.000
2025-12-05T06:36:57.308340,-1.500,-3.000,1.270,0.000
2025-12-05T06:36:57.325284,-1.500,-3.000,1.270,0.000
2025-12-05T06:36:57.343051,-1.500,-3.000,1.270,0.000
2025-12-05T06:36:57.356590,-1.500,-3.000,1.270,0.000
2025-12-05T06:36:57.374096,-1.500,-3.000,1.270,0.000
2025-12-05T06:36:57.391718,-1.500,-3.000,1.270,0.000
2025-12-05T06:36:57.415578,-1.500,-3.000,1.270,0.000
2025-12-05T06:36:57.428848,-1.500,-3.000,1.270,0.000
2025-12-05T06:36:57.445664,-1.500,-3.000,1.270,0.000
2025-12-05T06:36:57.462168,-1.500,-3.000,1.270,0.000
2025-12-05T06:36:57.479552,-1.500,-3.000,1.270,0.000
2025-12-05T06:36:57.494724,-1.500,-3.000,1.270,0.000
2025-12-05T06:36:57.509713,-1.500,-3.000,1.270,0.000
2025-12-05T06:36:57.524441,-1.500,-3.000,1.270,0.000
2025-12-05T06:36:57.541215,-1.500,-3.000,1.270,0.000
2025-12-05T06:36:57.556999,-1.500,-3.000,1.270,0.000
2025-12-05T06:36:57.574084,-1.500,-3.000,1.270,0.000
2025-12-05T06:36:57.590236,-1.500,-3.000,1.270,0.000
2025-12-05T06:36:57.608540,-1.500,-3.000,1.270,0.000
2025-12-05T06:36:57.624101,-1.500,-3.000,1.270,0.000
2025-12-05T06:36:57.640710,-1.500,-3.000,1.270,0.000
2025-12-05T06:36:57.659967,-1.500,-3.000,1.270,0.000
2025-12-05T06:36:57.677696,-1.500,-3.000,1.270,0.000
2025-12-05T06:36:57.696335,-1.500,-3.000,1.270,0.000
2025-12-05T06:36:57.713926,-1.500,-3.000,1.270,0.000
2025-12-05T06:36:57.728783,-1.500,-3.000,1.270,0.000
2025-12-05T06:36:57.751121,-1.500,-3.000,1.270,0.000
2025-12-05T06:36:57.767398,-1.500,-3.000,1.270,0.000
2025-12-05T06:36:57.776744,-1.500,-3.000,1.270,0.000
2025-12-05T06:36:57.790657,-1.500,-3.000,1.270,0.000
2025-12-05T06:36:57.809685,-1.500,-3.000,1.270,0.000
2025-12-05T06:36:57.819988,-1.500,-3.000,1.270,0.000
2025-12-05T06:36:57.836416,-1.500,-3.000,1.270,0.000
2025-12-05T06:36:57.853141,-1.500,-3.000,1.270,0.000
2025-12-05T06:36:57.882543,-1.500,-3.000,1.270,0.000
2025-12-05T06:36:57.905136,-1.500,-3.000,1.270,0.000
2025-12-05T06:36:57.924764,-1.500,-3.000,1.270,0.000
2025-12-05T06:36:57.935975,-1.500,-3.000,1.270,0.000
2025-12-05T06:36:57.956870,-1.500,-3.000,1.270,0.000
2025-12-05T06:36:57.966509,-1.500,-3.000,1.270,0.000
2025-12-05T06:36:57.982231,-1.500,-3.000,1.270,0.000
2025-12-05T06:36:57.995752,-1.500,-3.000,1.270,0.000
2025-12-05T06:36:58.009913,-1.500,-3.000,1.270,0.000
2025-12-05T06:36:58.022922,-1.500,-3.000,1.270,0.000
2025-12-05T06:36:58.038061,-1.500,-3.000,1.270,0.000
2025-12-05T06:36:58.054741,-1.500,-3.000,1.270,0.000
2025-12-05T06:36:58.073752,-1.500,-3.000,1.270,0.000
2025-12-05T06:36:58.086061,-1.500,-3.000,1.270,0.000
2025-12-05T06:36:58.102228,-1.500,-3.000,1.270,0.000
2025-12-05T06:36:58.118537,-1.500,-3.000,1.270,0.000
2025-12-05T06:36:58.136529,-1.500,-3.000,1.270,0.000
2025-12-05T06:36:58.154361,-1.500,-3.000,1.270,0.000
2025-12-05T06:36:58.171981,-1.500,-3.000,1.270,0.000
2025-12-05T06:36:58.189448,-1.500,-3.000,1.270,0.000
2025-12-05T06:36:58.205069,-1.500,-3.000,1.270,0.000
2025-12-05T06:36:58.222213,-1.500,-3.000,1.270,0.000
2025-12-05T06:36:58.241435,-1.500,-3.000,1.270,0.000
2025-12-05T06:36:58.255947,-1.500,-3.000,1.270,0.000
2025-12-05T06:36:58.270697,-1.500,-3.000,1.270,0.000
2025-12-05T06:36:58.288861,-1.500,-3.000,1.270,0.000
2025-12-05T06:36:58.303013,-1.500,-3.000,1.270,0.000
2025-12-05T06:36:58.318335,-1.500,-3.000,1.270,0.000
2025-12-05T06:36:58.335008,-1.500,-3.000,1.270,0.000
2025-12-05T06:36:58.350230,-1.500,-3.000,1.270,0.000
2025-12-05T06:36:58.366702,-1.500,-3.000,1.270,0.000
2025-12-05T06:36:58.384306,-1.500,-3.000,1.270,0.000
2025-12-05T06:36:58.400727,-1.500,-3.000,1.270,0.000
2025-12-05T06:36:58.420592,-1.500,-3.000,1.270,0.000
2025-12-05T06:36:58.435756,-1.500,-3.000,1.270,0.000
2025-12-05T06:36:58.452277,-1.500,-3.000,1.270,0.000
2025-12-05T06:36:58.473165,-1.500,-3.000,1.270,0.000
2025-12-05T06:36:58.488876,-1.500,-3.000,1.270,0.000
2025-12-05T06:36:58.505090,-1.500,-3.000,1.270,0.000
2025-12-05T06:36:58.520092,-1.500,-3.000,1.270,0.000
2025-12-05T06:36:58.535469,-1.500,-3.000,1.270,0.000
2025-12-05T06:36:58.552053,-1.500,-3.000,1.270,0.000
2025-12-05T06:36:58.566187,-1.500,-3.000,1.270,0.000
2025-12-05T06:36:58.581927,-1.500,-3.000,1.270,0.000
2025-12-05T06:36:58.598555,-1.500,-3.000,1.270,0.000
2025-12-05T06:36:58.615510,-1.500,-3.000,1.270,0.000
2025-12-05T06:36:58.632205,-1.500,-3.000,1.270,0.000
2025-12-05T06:36:58.650541,-1.500,-3.000,1.270,0.000
2025-12-05T06:36:58.669544,-1.500,-3.000,1.270,0.000
2025-12-05T06:36:58.687486,-1.500,-3.000,1.270,0.000
2025-12-05T06:36:58.705216,-1.500,-3.000,1.270,0.000
2025-12-05T06:36:58.726041,-1.500,-3.000,1.270,0.000
2025-12-05T06:36:58.739981,-1.500,-3.000,1.270,0.000
2025-12-05T06:36:58.757450,-1.500,-3.000,1.270,0.000
2025-12-05T06:36:58.773501,-1.500,-3.000,1.270,0.000
2025-12-05T06:36:58.790697,-1.500,-3.000,1.270,0.000
2025-12-05T06:36:58.804239,-1.500,-3.000,1.270,0.000
2025-12-05T06:36:58.816186,-1.500,-3.000,1.270,0.000
2025-12-05T06:36:58.831738,-1.500,-3.000,1.270,0.000
2025-12-05T06:36:58.845820,-1.500,-3.000,1.270,0.000
2025-12-05T06:36:58.863634,-1.500,-3.000,1.270,0.000
2025-12-05T06:36:58.879005,-1.500,-3.000,1.270,0.000
2025-12-05T06:36:58.896223,-1.500,-3.000,1.270,0.000
2025-12-05T06:36:58.914448,-1.500,-3.000,1.270,0.000
2025-12-05T06:36:58.935047,-1.500,-3.000,1.270,0.000
2025-12-05T06:36:58.952287,-1.500,-3.000,1.270,0.000
2025-12-05T06:36:58.968981,-1.500,-3.000,1.270,0.000
2025-12-05T06:36:58.984578,-1.500,-3.000,1.270,0.000
2025-12-05T06:36:59.002432,-1.500,-3.000,1.270,0.000
2025-12-05T06:36:59.020809,-1.500,-3.000,1.270,0.000
2025-12-05T06:36:59.037399,-1.500,-3.000,1.270,0.000
2025-12-05T06:36:59.052949,-1.500,-3.000,1.270,0.000
2025-12-05T06:36:59.068158,-1.500,-3.000,1.270,0.000
2025-12-05T06:36:59.083991,-1.500,-3.000,1.270,0.000
2025-12-05T06:36:59.108287,-1.500,-3.000,1.270,0.000
2025-12-05T06:36:59.110421,-1.500,-3.000,1.270,0.000
2025-12-05T06:36:59.129446,-1.500,-3.000,1.270,0.000
2025-12-05T06:36:59.142407,-1.500,-3.000,1.270,0.000
2025-12-05T06:36:59.159073,-1.500,-3.000,1.270,0.000
2025-12-05T06:36:59.175489,-1.500,-3.000,1.270,0.000
2025-12-05T06:36:59.191920,-1.500,-3.000,1.270,0.000
2025-12-05T06:36:59.208551,-1.500,-3.000,1.270,0.000
2025-12-05T06:36:59.226883,-1.500,-3.000,1.270,0.000
2025-12-05T06:36:59.245339,-1.500,-3.000,1.270,0.000
2025-12-05T06:36:59.265407,-1.500,-3.000,1.270,0.000
2025-12-05T06:36:59.280069,-1.500,-3.000,1.270,0.000
2025-12-05T06:36:59.297809,-1.500,-3.000,1.270,0.000
2025-12-05T06:36:59.314278,-1.500,-3.000,1.270,0.000
2025-12-05T06:36:59.352067,-1.500,-3.000,1.270,0.000
2025-12-05T06:36:59.565515,-1.500,-3.000,1.270,0.000
2025-12-05T06:36:59.978383,-1.500,-3.000,1.270,0.000
2025-12-05T06:37:00.124539,-1.500,-3.000,1.270,0.000
2025-12-05T06:37:00.263754,-1.500,-3.000,1.270,0.000
2025-12-05T06:37:00.301577,-1.500,-3.000,1.270,0.000
2025-12-05T06:37:00.315785,-1.500,-3.000,1.270,0.000
2025-12-05T06:37:00.327575,-1.500,-3.000,1.270,0.000
2025-12-05T06:37:00.340418,-1.500,-3.000,1.270,0.000
2025-12-05T06:37:00.351380,-1.500,-3.000,1.270,0.000
2025-12-05T06:37:00.362294,-1.500,-3.000,1.270,0.000
2025-12-05T06:37:00.372868,-1.500,-3.000,1.270,0.000
2025-12-05T06:37:00.384116,-1.500,-3.000,1.270,0.000
2025-12-05T06:37:00.392463,-1.500,-3.000,1.270,0.000
2025-12-05T06:37:00.402566,-1.500,-3.000,1.270,0.000
2025-12-05T06:37:00.411306,-1.500,-3.000,1.270,0.000
2025-12-05T06:37:00.423478,-1.500,-3.000,1.270,0.000
2025-12-05T06:37:00.433878,-1.500,-3.000,1.270,0.000
2025-12-05T06:37:00.445400,-1.500,-3.000,1.270,0.000
2025-12-05T06:37:00.458094,-1.500,-3.000,1.270,0.000
2025-12-05T06:37:00.474838,-1.500,-3.000,1.270,0.000
2025-12-05T06:37:00.486814,-1.500,-3.000,1.270,0.000
2025-12-05T06:37:00.500156,-1.500,-3.000,1.270,0.000
2025-12-05T06:37:00.513661,-1.500,-3.000,1.270,0.000
2025-12-05T06:37:00.528018,-1.500,-3.000,1.270,0.000
2025-12-05T06:37:00.544903,-1.500,-3.000,1.270,0.000
2025-12-05T06:37:00.560529,-1.500,-3.000,1.270,0.000
2025-12-05T06:37:00.576824,-1.500,-3.000,1.270,0.000
2025-12-05T06:37:00.594790,-1.500,-3.000,1.270,0.000
2025-12-05T06:37:00.612526,-1.500,-3.000,1.270,0.000
2025-12-05T06:37:00.629564,-1.500,-3.000,1.270,0.000
2025-12-05T06:37:00.647788,-1.500,-3.000,1.270,0.000
2025-12-05T06:37:00.666275,-1.500,-3.000,1.270,0.000
2025-12-05T06:37:00.683962,-1.500,-3.000,1.270,0.000
2025-12-05T06:37:00.701100,-1.500,-3.000,1.270,0.000
2025-12-05T06:37:00.717990,-1.500,-3.000,1.270,0.000
2025-12-05T06:37:00.734458,-1.500,-3.000,1.270,0.000
2025-12-05T06:37:00.749981,-1.500,-3.000,1.270,0.000
2025-12-05T06:37:00.766667,-1.500,-3.000,1.270,0.000
2025-12-05T06:37:00.781358,-1.500,-3.000,1.270,0.000
2025-12-05T06:37:00.796809,-1.500,-3.000,1.270,0.000
2025-12-05T06:37:00.811064,-1.500,-3.000,1.270,0.000
2025-12-05T06:37:00.827367,-1.500,-3.000,1.270,0.000
2025-12-05T06:37:00.845912,-1.500,-3.000,1.270,0.000
2025-12-05T06:37:00.863722,-1.500,-3.000,1.270,0.000
2025-12-05T06:37:00.882350,-1.500,-3.000,1.270,0.000
2025-12-05T06:37:00.898664,-1.500,-3.000,1.270,0.000
2025-12-05T06:37:00.917416,-1.500,-3.000,1.270,0.000
2025-12-05T06:37:00.936260,-1.500,-3.000,1.270,0.000
2025-12-05T06:37:00.949640,-1.500,-3.000,1.270,0.000
2025-12-05T06:37:00.966458,-1.500,-3.000,1.270,0.000
2025-12-05T06:37:00.985938,-1.500,-3.000,1.270,0.000
2025-12-05T06:37:01.001128,-1.500,-3.000,1.270,0.000
2025-12-05T06:37:01.017513,-1.500,-3.000,1.270,0.000
2025-12-05T06:37:01.034695,-1.500,-3.000,1.270,0.000
2025-12-05T06:37:01.045352,-1.500,-3.000,1.270,0.000
2025-12-05T06:37:01.059975,-1.500,-3.000,1.270,0.000
2025-12-05T06:37:01.075581,-1.500,-3.000,1.270,0.000
2025-12-05T06:37:01.094097,-1.500,-3.000,1.270,0.000
2025-12-05T06:37:01.112474,-1.500,-3.000,1.270,0.000
2025-12-05T06:37:01.130114,-1.500,-3.000,1.270,0.000
2025-12-05T06:37:01.147445,-1.500,-3.000,1.270,0.000
2025-12-05T06:37:01.165632,-1.500,-3.000,1.270,0.000
2025-12-05T06:37:01.183164,-1.500,-3.000,1.270,0.000
2025-12-05T06:37:01.199800,-1.500,-3.000,1.270,0.000
2025-12-05T06:37:01.216756,-1.500,-3.000,1.270,0.000
2025-12-05T06:37:01.242466,-1.500,-3.000,1.270,0.000
2025-12-05T06:37:01.259846,-1.500,-3.000,1.270,0.000
2025-12-05T06:37:01.274672,-1.500,-3.000,1.270,0.000
2025-12-05T06:37:01.289255,-1.500,-3.000,1.270,0.000
2025-12-05T06:37:01.304147,-1.500,-3.000,1.270,0.000
2025-12-05T06:37:01.321599,-1.500,-3.000,1.270,0.000
2025-12-05T06:37:01.336011,-1.500,-3.000,1.270,0.000
2025-12-05T06:37:01.347868,-1.500,-3.000,1.270,0.000
2025-12-05T06:37:01.360835,-1.500,-3.000,1.270,0.000
2025-12-05T06:37:01.377295,-1.500,-3.000,1.270,0.000
2025-12-05T06:37:01.392358,-1.500,-3.000,1.270,0.000
2025-12-05T06:37:01.409246,-1.500,-3.000,1.270,0.000
2025-12-05T06:37:01.424115,-1.500,-3.000,1.270,0.000
2025-12-05T06:37:01.440179,-1.500,-3.000,1.270,0.000
2025-12-05T06:37:01.456517,-1.500,-3.000,1.270,0.000
2025-12-05T06:37:01.473400,-1.500,-3.000,1.270,0.000
2025-12-05T06:37:01.489552,-1.500,-3.000,1.270,0.000
2025-12-05T06:37:01.507667,-1.500,-3.000,1.270,0.000
2025-12-05T06:37:01.549683,-1.500,-3.000,1.270,0.000
2025-12-05T06:37:01.564272,-1.500,-3.000,1.270,0.000
2025-12-05T06:37:01.580863,-1.500,-3.000,1.270,0.000
2025-12-05T06:37:01.599520,-1.500,-3.000,1.270,0.000
2025-12-05T06:37:01.612048,-1.500,-3.000,1.270,0.000
2025-12-05T06:37:01.626574,-1.500,-3.000,1.270,0.000
2025-12-05T06:37:01.641439,-1.500,-3.000,1.270,0.000
2025-12-05T06:37:01.657502,-1.500,-3.000,1.270,0.000
2025-12-05T06:37:01.682386,-1.500,-3.000,1.270,0.000
2025-12-05T06:37:01.692362,-1.500,-3.000,1.270,0.000
2025-12-05T06:37:01.707471,-1.500,-3.000,1.270,0.000
2025-12-05T06:37:01.722672,-1.500,-3.000,1.270,0.000
2025-12-05T06:37:01.741984,-1.500,-3.000,1.270,0.000
2025-12-05T06:37:01.755501,-1.500,-3.000,1.270,0.000
2025-12-05T06:37:01.771864,-1.500,-3.000,1.270,0.000
2025-12-05T06:37:01.788442,-1.500,-3.000,1.270,0.000
2025-12-05T06:37:01.808088,-1.500,-3.000,1.270,0.000
2025-12-05T06:37:01.823817,-1.500,-3.000,1.270,0.000
2025-12-05T06:37:01.841209,-1.500,-3.000,1.270,0.000
2025-12-05T06:37:01.858060,-1.500,-3.000,1.270,0.000
2025-12-05T06:37:01.874451,-1.500,-3.000,1.270,0.000
2025-12-05T06:37:01.890752,-1.500,-3.000,1.270,0.000
2025-12-05T06:37:01.910023,-1.500,-3.000,1.270,0.000
2025-12-05T06:37:01.922423,-1.500,-3.000,1.270,0.000
2025-12-05T06:37:01.938851,-1.500,-3.000,1.270,0.000
2025-12-05T06:37:01.953802,-1.500,-3.000,1.270,0.000
2025-12-05T06:37:01.969791,-1.500,-3.000,1.270,0.000
2025-12-05T06:37:01.984385,-1.500,-3.000,1.270,0.000
2025-12-05T06:37:02.005072,-1.500,-3.000,1.270,0.000
2025-12-05T06:37:02.018323,-1.500,-3.000,1.270,0.000
2025-12-05T06:37:02.035062,-1.500,-3.000,1.270,0.000
2025-12-05T06:37:02.053421,-1.500,-3.000,1.270,0.000
2025-12-05T06:37:02.075414,-1.500,-3.000,1.270,0.000
2025-12-05T06:37:02.093362,-1.500,-3.000,1.270,0.000
2025-12-05T06:37:02.113060,-1.500,-3.000,1.270,0.000
2025-12-05T06:37:02.128266,-1.500,-3.000,1.270,0.000
2025-12-05T06:37:02.148887,-1.500,-3.000,1.270,0.000
2025-12-05T06:37:02.161576,-1.500,-3.000,1.270,0.000
2025-12-05T06:37:02.178011,-1.500,-3.000,1.270,0.000
2025-12-05T06:37:02.192895,-1.500,-3.000,1.270,0.000
2025-12-05T06:37:02.212023,-1.500,-3.000,1.270,0.000
2025-12-05T06:37:02.223033,-1.500,-3.000,1.270,0.000
2025-12-05T06:37:02.238137,-1.500,-3.000,1.270,0.000
2025-12-05T06:37:02.252020,-1.500,-3.000,1.270,0.000
2025-12-05T06:37:02.270806,-1.500,-3.000,1.270,0.000
2025-12-05T06:37:02.283304,-1.500,-3.000,1.270,0.000
2025-12-05T06:37:02.300260,-1.500,-3.000,1.270,0.000
2025-12-05T06:37:02.316869,-1.500,-3.000,1.270,0.000
2025-12-05T06:37:02.336397,-1.500,-3.000,1.270,0.000
2025-12-05T06:37:02.355914,-1.500,-3.000,1.270,0.000
2025-12-05T06:37:02.373070,-1.500,-3.000,1.270,0.000
2025-12-05T06:37:02.388929,-1.500,-3.000,1.270,0.000
2025-12-05T06:37:02.407205,-1.500,-3.000,1.270,0.000
2025-12-05T06:37:02.423817,-1.500,-3.000,1.270,0.000
2025-12-05T06:37:02.439590,-1.500,-3.000,1.270,0.000
2025-12-05T06:37:02.458298,-1.500,-3.000,1.270,0.000
2025-12-05T06:37:02.470698,-1.500,-3.000,1.270,0.000
2025-12-05T06:37:02.485098,-1.500,-3.000,1.270,0.000
2025-12-05T06:37:02.500919,-1.500,-3.000,1.270,0.000
2025-12-05T06:37:02.516190,-1.500,-3.000,1.270,0.000
2025-12-05T06:37:02.533055,-1.500,-3.000,1.270,0.000
2025-12-05T06:37:02.549154,-1.500,-3.000,1.270,0.000
2025-12-05T06:37:02.568028,-1.500,-3.000,1.270,0.000
2025-12-05T06:37:02.584189,-1.500,-3.000,1.270,0.000
2025-12-05T06:37:02.602816,-1.500,-3.000,1.270,0.000
2025-12-05T06:37:02.619454,-1.500,-3.000,1.270,0.000
2025-12-05T06:37:02.637706,-1.500,-3.000,1.270,0.000
2025-12-05T06:37:02.655850,-1.500,-3.000,1.270,0.000
2025-12-05T06:37:02.672421,-1.500,-3.000,1.270,0.000
2025-12-05T06:37:02.687766,-1.500,-3.000,1.270,0.000
2025-12-05T06:37:02.703540,-1.500,-3.000,1.270,0.000
2025-12-05T06:37:02.718391,-1.500,-3.000,1.270,0.000
2025-12-05T06:37:02.735570,-1.500,-3.000,1.270,0.000
2025-12-05T06:37:02.748916,-1.500,-3.000,1.270,0.000
2025-12-05T06:37:02.763808,-1.500,-3.000,1.270,0.000
2025-12-05T06:37:02.777523,-1.500,-3.000,1.270,0.000
2025-12-05T06:37:02.794047,-1.500,-3.000,1.270,0.000
2025-12-05T06:37:02.808955,-1.500,-3.000,1.270,0.000
2025-12-05T06:37:02.826019,-1.500,-3.000,1.270,0.000
2025-12-05T06:37:02.842952,-1.500,-3.000,1.270,0.000
2025-12-05T06:37:02.860270,-1.500,-3.000,1.270,0.000
2025-12-05T06:37:02.880050,-1.500,-3.000,1.270,0.000
2025-12-05T06:37:02.898443,-1.500,-3.000,1.270,0.000
2025-12-05T06:37:02.916496,-1.500,-3.000,1.270,0.000
2025-12-05T06:37:02.933554,-1.500,-3.000,1.270,0.000
2025-12-05T06:37:02.949606,-1.500,-3.000,1.270,0.000
2025-12-05T06:37:02.966107,-1.500,-3.000,1.270,0.000
2025-12-05T06:37:02.986141,-1.500,-3.000,1.270,0.000
2025-12-05T06:37:03.002316,-1.500,-3.000,1.270,0.000
2025-12-05T06:37:03.017950,-1.500,-3.000,1.270,0.000
2025-12-05T06:37:03.033452,-1.500,-3.000,1.270,0.000
2025-12-05T06:37:03.048393,-1.500,-3.000,1.270,0.000
2025-12-05T06:37:03.060871,-1.500,-3.000,1.270,0.000
2025-12-05T06:37:03.075014,-1.500,-3.000,1.270,0.000
2025-12-05T06:37:03.091072,-1.500,-3.000,1.270,0.000
2025-12-05T06:37:03.105394,-1.500,-3.000,1.270,0.000
2025-12-05T06:37:03.121961,-1.500,-3.000,1.270,0.000
2025-12-05T06:37:03.137673,-1.500,-3.000,1.270,0.000
2025-12-05T06:37:03.155274,-1.500,-3.000,1.270,0.000
2025-12-05T06:37:03.173218,-1.500,-3.000,1.270,0.000
2025-12-05T06:37:03.191372,-1.500,-3.000,1.270,0.000
2025-12-05T06:37:03.212444,-1.500,-3.000,1.270,0.000
2025-12-05T06:37:03.231468,-1.500,-3.000,1.270,0.000
2025-12-05T06:37:03.246575,-1.500,-3.000,1.270,0.000
2025-12-05T06:37:03.265329,-1.500,-3.000,1.270,0.000
2025-12-05T06:37:03.281118,-1.500,-3.000,1.270,0.000
2025-12-05T06:37:03.298248,-1.500,-3.000,1.270,0.000
2025-12-05T06:37:03.313823,-1.500,-3.000,1.270,0.000
2025-12-05T06:37:03.330555,-1.500,-3.000,1.270,0.000
2025-12-05T06:37:03.345214,-1.500,-3.000,1.270,0.000
2025-12-05T06:37:03.358254,-1.500,-3.000,1.270,0.000
2025-12-05T06:37:03.372928,-1.500,-3.000,1.270,0.000
2025-12-05T06:37:03.388602,-1.500,-3.000,1.270,0.000
2025-12-05T06:37:03.404360,-1.500,-3.000,1.270,0.000
2025-12-05T06:37:03.423386,-1.500,-3.000,1.270,0.000
2025-12-05T06:37:03.439924,-1.500,-3.000,1.270,0.000
2025-12-05T06:37:03.457633,-1.500,-3.000,1.270,0.000
2025-12-05T06:37:03.474768,-1.500,-3.000,1.270,0.000
2025-12-05T06:37:03.492704,-1.500,-3.000,1.270,0.000
2025-12-05T06:37:03.509524,-1.500,-3.000,1.270,0.000
2025-12-05T06:37:03.527979,-1.500,-3.000,1.270,0.000
2025-12-05T06:37:03.544514,-1.500,-3.000,1.270,0.000
2025-12-05T06:37:03.560736,-1.500,-3.000,1.270,0.000
2025-12-05T06:37:03.576157,-1.500,-3.000,1.270,0.000
2025-12-05T06:37:03.590842,-1.500,-3.000,1.270,0.000
2025-12-05T06:37:03.606898,-1.500,-3.000,1.270,0.000
2025-12-05T06:37:03.621844,-1.500,-3.000,1.270,0.000
2025-12-05T06:37:03.638841,-1.500,-3.000,1.270,0.000
2025-12-05T06:37:03.654692,-1.500,-3.000,1.270,0.000
2025-12-05T06:37:03.671372,-1.500,-3.000,1.270,0.000
2025-12-05T06:37:03.688960,-1.500,-3.000,1.270,0.000
2025-12-05T06:37:03.704904,-1.500,-3.000,1.270,0.000
2025-12-05T06:37:03.722464,-1.500,-3.000,1.270,0.000
2025-12-05T06:37:03.739748,-1.500,-3.000,1.270,0.000
2025-12-05T06:37:03.756991,-1.500,-3.000,1.270,0.000
2025-12-05T06:37:03.785738,-1.500,-3.000,1.270,0.000
2025-12-05T06:37:03.796112,-1.500,-3.000,1.270,0.000
2025-12-05T06:37:03.811577,-1.500,-3.000,1.270,0.000
2025-12-05T06:37:03.838431,-1.500,-3.000,1.270,0.000
2025-12-05T06:37:03.853067,-1.500,-3.000,1.270,0.000
2025-12-05T06:37:03.869174,-1.500,-3.000,1.270,0.000
2025-12-05T06:37:03.883599,-1.500,-3.000,1.270,0.000
2025-12-05T06:37:03.897423,-1.500,-3.000,1.270,0.000
2025-12-05T06:37:03.910342,-1.500,-3.000,1.270,0.000
2025-12-05T06:37:03.924904,-1.500,-3.000,1.270,0.000
2025-12-05T06:37:03.938158,-1.500,-3.000,1.270,0.000
2025-12-05T06:37:03.952837,-1.500,-3.000,1.270,0.000
2025-12-05T06:37:03.967509,-1.500,-3.000,1.270,0.000
2025-12-05T06:37:03.981876,-1.500,-3.000,1.270,0.000
2025-12-05T06:37:03.997064,-1.500,-3.000,1.270,0.000
2025-12-05T06:37:04.013643,-1.500,-3.000,1.270,0.000
2025-12-05T06:37:04.038428,-1.500,-3.000,1.270,0.000
2025-12-05T06:37:04.055303,-1.500,-3.000,1.270,0.000
2025-12-05T06:37:04.071682,-1.500,-3.000,1.270,0.000
2025-12-05T06:37:04.088340,-1.500,-3.000,1.270,0.000
2025-12-05T06:37:04.105328,-1.500,-3.000,1.270,0.000
2025-12-05T06:37:04.121777,-1.500,-3.000,1.270,0.000
2025-12-05T06:37:04.137467,-1.500,-3.000,1.270,0.000
2025-12-05T06:37:04.152772,-1.500,-3.000,1.270,0.000
2025-12-05T06:37:04.167385,-1.500,-3.000,1.270,0.000
2025-12-05T06:37:04.182637,-1.500,-3.000,1.270,0.000
2025-12-05T06:37:04.196869,-1.500,-3.000,1.270,0.000
2025-12-05T06:37:04.212812,-1.500,-3.000,1.270,0.000
2025-12-05T06:37:04.228314,-1.500,-3.000,1.270,0.000
2025-12-05T06:37:04.246322,-1.500,-3.000,1.270,0.000
2025-12-05T06:37:04.262702,-1.500,-3.000,1.270,0.000
2025-12-05T06:37:04.279960,-1.500,-3.000,1.270,0.000
2025-12-05T06:37:04.298877,-1.500,-3.000,1.270,0.000
2025-12-05T06:37:04.315280,-1.500,-3.000,1.270,0.000
2025-12-05T06:37:04.335969,-1.500,-3.000,1.270,0.000
2025-12-05T06:37:04.352023,-1.500,-3.000,1.270,0.000
2025-12-05T06:37:04.369692,-1.500,-3.000,1.270,0.000
2025-12-05T06:37:04.386200,-1.500,-3.000,1.270,0.000
2025-12-05T06:37:04.402485,-1.500,-3.000,1.270,0.000
2025-12-05T06:37:04.418210,-1.500,-3.000,1.270,0.000
2025-12-05T06:37:04.433089,-1.500,-3.000,1.270,0.000
2025-12-05T06:37:04.447465,-1.500,-3.000,1.270,0.000
2025-12-05T06:37:04.462786,-1.500,-3.000,1.270,0.000
2025-12-05T06:37:04.479179,-1.500,-3.000,1.270,0.000
2025-12-05T06:37:04.492205,-1.500,-3.000,1.270,0.000
2025-12-05T06:37:04.508308,-1.500,-3.000,1.270,0.000
2025-12-05T06:37:04.526162,-1.500,-3.000,1.270,0.000
2025-12-05T06:37:04.543189,-1.500,-3.000,1.270,0.000
2025-12-05T06:37:04.562294,-1.500,-3.000,1.270,0.000
2025-12-05T06:37:04.581291,-1.500,-3.000,1.270,0.000
2025-12-05T06:37:04.599990,-1.500,-3.000,1.270,0.000
2025-12-05T06:37:04.622466,-1.500,-3.000,1.270,0.000
2025-12-05T06:37:04.639949,-1.500,-3.000,1.270,0.000
2025-12-05T06:37:04.655790,-1.500,-3.000,1.270,0.000
2025-12-05T06:37:04.673571,-1.500,-3.000,1.270,0.000
2025-12-05T06:37:04.689718,-1.500,-3.000,1.270,0.000
2025-12-05T06:37:04.705148,-1.500,-3.000,1.270,0.000
2025-12-05T06:37:04.719762,-1.500,-3.000,1.270,0.000
2025-12-05T06:37:04.734971,-1.500,-3.000,1.270,0.000
2025-12-05T06:37:04.749397,-1.500,-3.000,1.270,0.000
2025-12-05T06:37:04.765875,-1.500,-3.000,1.270,0.000
2025-12-05T06:37:04.780349,-1.500,-3.000,1.270,0.000
2025-12-05T06:37:04.798755,-1.500,-3.000,1.270,0.000
2025-12-05T06:37:04.809798,-1.500,-3.000,1.270,0.000
2025-12-05T06:37:04.825153,-1.500,-3.000,1.270,0.000
2025-12-05T06:37:04.841604,-1.500,-3.000,1.270,0.000
2025-12-05T06:37:04.858030,-1.500,-3.000,1.270,0.000
2025-12-05T06:37:04.876865,-1.500,-3.000,1.270,0.000
2025-12-05T06:37:04.894552,-1.500,-3.000,1.270,0.000
2025-12-05T06:37:04.911623,-1.500,-3.000,1.270,0.000
2025-12-05T06:37:04.928353,-1.500,-3.000,1.270,0.000
2025-12-05T06:37:04.944271,-1.500,-3.000,1.270,0.000
2025-12-05T06:37:04.960674,-1.500,-3.000,1.270,0.000
2025-12-05T06:37:04.976993,-1.500,-3.000,1.270,0.000
2025-12-05T06:37:04.992848,-1.500,-3.000,1.270,0.000
2025-12-05T06:37:05.010101,-1.500,-3.000,1.270,0.000
2025-12-05T06:37:05.023133,-1.500,-3.000,1.270,0.000
2025-12-05T06:37:05.038361,-1.500,-3.000,1.270,0.000
2025-12-05T06:37:05.054049,-1.500,-3.000,1.270,0.000
2025-12-05T06:37:05.069772,-1.500,-3.000,1.270,0.000
2025-12-05T06:37:05.091279,-1.500,-3.000,1.270,0.000
2025-12-05T06:37:05.109257,-1.500,-3.000,1.270,0.000
2025-12-05T06:37:05.127405,-1.500,-3.000,1.270,0.000
2025-12-05T06:37:05.145561,-1.500,-3.000,1.270,0.000
2025-12-05T06:37:05.161329,-1.500,-3.000,1.270,0.000
2025-12-05T06:37:05.179752,-1.500,-3.000,1.270,0.000
2025-12-05T06:37:05.195893,-1.500,-3.000,1.270,0.000
2025-12-05T06:37:05.210064,-1.500,-3.000,1.270,0.000
2025-12-05T06:37:05.225168,-1.500,-3.000,1.270,0.000
2025-12-05T06:37:05.239365,-1.500,-3.000,1.270,0.000
2025-12-05T06:37:05.260632,-1.500,-3.000,1.270,0.000
2025-12-05T06:37:05.275994,-1.500,-3.000,1.270,0.000
2025-12-05T06:37:05.288444,-1.500,-3.000,1.270,0.000
2025-12-05T06:37:05.304199,-1.500,-3.000,1.270,0.000
2025-12-05T06:37:05.319911,-1.500,-3.000,1.270,0.000
2025-12-05T06:37:05.336941,-1.500,-3.000,1.270,0.000
2025-12-05T06:37:05.354968,-1.500,-3.000,1.270,0.000
2025-12-05T06:37:05.373268,-1.500,-3.000,1.270,0.000
2025-12-05T06:37:05.388644,-1.500,-3.000,1.270,0.000
2025-12-05T06:37:05.407275,-1.500,-3.000,1.270,0.000
2025-12-05T06:37:05.424978,-1.500,-3.000,1.270,0.000
2025-12-05T06:37:05.441483,-1.500,-3.000,1.270,0.000
2025-12-05T06:37:05.458394,-1.500,-3.000,1.270,0.000
2025-12-05T06:37:05.475932,-1.500,-3.000,1.270,0.000
2025-12-05T06:37:05.490958,-1.500,-3.000,1.270,0.000
2025-12-05T06:37:05.506395,-1.500,-3.000,1.270,0.000
2025-12-05T06:37:05.521456,-1.500,-3.000,1.270,0.000
2025-12-05T06:37:05.539620,-1.500,-3.000,1.270,0.000
2025-12-05T06:37:05.554809,-1.500,-3.000,1.270,0.000
2025-12-05T06:37:05.572751,-1.500,-3.000,1.270,0.000
2025-12-05T06:37:05.588933,-1.500,-3.000,1.270,0.000
2025-12-05T06:37:05.605575,-1.500,-3.000,1.270,0.000
2025-12-05T06:37:05.623638,-1.500,-3.000,1.270,0.000
2025-12-05T06:37:05.639270,-1.500,-3.000,1.270,0.000
2025-12-05T06:37:05.654202,-1.500,-3.000,1.270,0.000
2025-12-05T06:37:05.670026,-1.500,-3.000,1.270,0.000
2025-12-05T06:37:05.686458,-1.500,-3.000,1.270,0.000
2025-12-05T06:37:05.700990,-1.500,-3.000,1.270,0.000
2025-12-05T06:37:05.718144,-1.500,-3.000,1.270,0.000
2025-12-05T06:37:05.734144,-1.500,-3.000,1.270,0.000
2025-12-05T06:37:05.750952,-1.500,-3.000,1.270,0.000
2025-12-05T06:37:05.768504,-1.500,-3.000,1.270,0.000
2025-12-05T06:37:05.786179,-1.500,-3.000,1.270,0.000
2025-12-05T06:37:05.804532,-1.500,-3.000,1.270,0.000
2025-12-05T06:37:05.820903,-1.500,-3.000,1.270,0.000
2025-12-05T06:37:05.838557,-1.500,-3.000,1.270,0.000
2025-12-05T06:37:05.853651,-1.500,-3.000,1.270,0.000
2025-12-05T06:37:05.872156,-1.500,-3.000,1.270,0.000
2025-12-05T06:37:05.892126,-1.500,-3.000,1.270,0.000
2025-12-05T06:37:05.904902,-1.500,-3.000,1.270,0.000
2025-12-05T06:37:05.918683,-1.500,-3.000,1.270,0.000
2025-12-05T06:37:05.932107,-1.500,-3.000,1.270,0.000
2025-12-05T06:37:05.946026,-1.500,-3.000,1.270,0.000
2025-12-05T06:37:05.961116,-1.500,-3.000,1.270,0.000
2025-12-05T06:37:05.974835,-1.500,-3.000,1.270,0.000
2025-12-05T06:37:05.990712,-1.500,-3.000,1.270,0.000
2025-12-05T06:37:06.006522,-1.500,-3.000,1.270,0.000
2025-12-05T06:37:06.023338,-1.500,-3.000,1.270,0.000
2025-12-05T06:37:06.039930,-1.500,-3.000,1.270,0.000
2025-12-05T06:37:06.058412,-1.500,-3.000,1.270,0.000
2025-12-05T06:37:06.074965,-1.500,-3.000,1.270,0.000
2025-12-05T06:37:06.093046,-1.500,-3.000,1.270,0.000
2025-12-05T06:37:06.110696,-1.500,-3.000,1.270,0.000
2025-12-05T06:37:06.129328,-1.500,-3.000,1.270,0.000
2025-12-05T06:37:06.146765,-1.500,-3.000,1.270,0.000
2025-12-05T06:37:06.164753,-1.500,-3.000,1.270,0.000
2025-12-05T06:37:06.181010,-1.500,-3.000,1.270,0.000
2025-12-05T06:37:06.194358,-1.500,-3.000,1.270,0.000
2025-12-05T06:37:06.210223,-1.500,-3.000,1.270,0.000
2025-12-05T06:37:06.225499,-1.500,-3.000,1.270,0.000
2025-12-05T06:37:06.237829,-1.500,-3.000,1.270,0.000
2025-12-05T06:37:06.253187,-1.500,-3.000,1.270,0.000
2025-12-05T06:37:06.272053,-1.500,-3.000,1.270,0.000
2025-12-05T06:37:06.288801,-1.500,-3.000,1.270,0.000
2025-12-05T06:37:06.306711,-1.500,-3.000,1.270,0.000
2025-12-05T06:37:06.324385,-1.500,-3.000,1.270,0.000
2025-12-05T06:37:06.343058,-1.500,-3.000,1.270,0.000
2025-12-05T06:37:06.359654,-1.500,-3.000,1.270,0.000
2025-12-05T06:37:06.376463,-1.500,-3.000,1.270,0.000
2025-12-05T06:37:06.392862,-1.500,-3.000,1.270,0.000
2025-12-05T06:37:06.411140,-1.500,-3.000,1.270,0.000
2025-12-05T06:37:06.428067,-1.500,-3.000,1.270,0.000
2025-12-05T06:37:06.448155,-1.500,-3.000,1.270,0.000
2025-12-05T06:37:06.461289,-1.500,-3.000,1.270,0.000
2025-12-05T06:37:06.475510,-1.500,-3.000,1.270,0.000
2025-12-05T06:37:06.491570,-1.500,-3.000,1.270,0.000
2025-12-05T06:37:06.512748,-1.500,-3.000,1.270,0.000
2025-12-05T06:37:06.523699,-1.500,-3.000,1.270,0.000
2025-12-05T06:37:06.537593,-1.500,-3.000,1.270,0.000
2025-12-05T06:37:06.554181,-1.500,-3.000,1.270,0.000
2025-12-05T06:37:06.569355,-1.500,-3.000,1.270,0.000
2025-12-05T06:37:06.584687,-1.500,-3.000,1.270,0.000
2025-12-05T06:37:06.600894,-1.500,-3.000,1.270,0.000
2025-12-05T06:37:06.617480,-1.500,-3.000,1.270,0.000
2025-12-05T06:37:06.633869,-1.500,-3.000,1.270,0.000
2025-12-05T06:37:06.651181,-1.500,-3.000,1.270,0.000
2025-12-05T06:37:06.669307,-1.500,-3.000,1.270,0.000
2025-12-05T06:37:06.686614,-1.500,-3.000,1.270,0.000
2025-12-05T06:37:06.702176,-1.500,-3.000,1.270,0.000
2025-12-05T06:37:06.720669,-1.500,-3.000,1.270,0.000
2025-12-05T06:37:06.737148,-1.500,-3.000,1.270,0.000
2025-12-05T06:37:06.754557,-1.500,-3.000,1.270,0.000
2025-12-05T06:37:06.769669,-1.500,-3.000,1.270,0.000
2025-12-05T06:37:06.785760,-1.500,-3.000,1.270,0.000
2025-12-05T06:37:06.801882,-1.500,-3.000,1.270,0.000
2025-12-05T06:37:06.815799,-1.500,-3.000,1.270,0.000
2025-12-05T06:37:06.831828,-1.500,-3.000,1.270,0.000
2025-12-05T06:37:06.846255,-1.500,-3.000,1.270,0.000
2025-12-05T06:37:06.863151,-1.500,-3.000,1.270,0.000
2025-12-05T06:37:06.879108,-1.500,-3.000,1.270,0.000
2025-12-05T06:37:06.895701,-1.500,-3.000,1.270,0.000
2025-12-05T06:37:06.913904,-1.500,-3.000,1.270,0.000
2025-12-05T06:37:06.931095,-1.500,-3.000,1.270,0.000
2025-12-05T06:37:06.949435,-1.500,-3.000,1.270,0.000
2025-12-05T06:37:06.967349,-1.500,-3.000,1.270,0.000
2025-12-05T06:37:06.984258,-1.500,-3.000,1.270,0.000
2025-12-05T06:37:07.002895,-1.500,-3.000,1.270,0.000
2025-12-05T06:37:07.019694,-1.500,-3.000,1.270,0.000
2025-12-05T06:37:07.035450,-1.500,-3.000,1.270,0.000
2025-12-05T06:37:07.052378,-1.500,-3.000,1.270,0.000
2025-12-05T06:37:07.067855,-1.500,-3.000,1.270,0.000
2025-12-05T06:37:07.083062,-1.500,-3.000,1.270,0.000
2025-12-05T06:37:07.098395,-1.500,-3.000,1.270,0.000
2025-12-05T06:37:07.112334,-1.500,-3.000,1.270,0.000
2025-12-05T06:37:07.128758,-1.500,-3.000,1.270,0.000
2025-12-05T06:37:07.143620,-1.500,-3.000,1.270,0.000
2025-12-05T06:37:07.158318,-1.500,-3.000,1.270,0.000
2025-12-05T06:37:07.174780,-1.500,-3.000,1.270,0.000
2025-12-05T06:37:07.191710,-1.500,-3.000,1.270,0.000
2025-12-05T06:37:07.209927,-1.500,-3.000,1.270,0.000
2025-12-05T06:37:07.227442,-1.500,-3.000,1.270,0.000
2025-12-05T06:37:07.244544,-1.500,-3.000,1.270,0.000
2025-12-05T06:37:07.262057,-1.500,-3.000,1.270,0.000
2025-12-05T06:37:07.280239,-1.500,-3.000,1.270,0.000
2025-12-05T06:37:07.296671,-1.500,-3.000,1.270,0.000
2025-12-05T06:37:07.312769,-1.500,-3.000,1.270,0.000
2025-12-05T06:37:07.330325,-1.500,-3.000,1.270,0.000
2025-12-05T06:37:07.345628,-1.500,-3.000,1.270,0.000
2025-12-05T06:37:07.361459,-1.500,-3.000,1.270,0.000
2025-12-05T06:37:07.375937,-1.500,-3.000,1.270,0.000
2025-12-05T06:37:07.392087,-1.500,-3.000,1.270,0.000
2025-12-05T06:37:07.406946,-1.500,-3.000,1.270,0.000
2025-12-05T06:37:07.423797,-1.500,-3.000,1.270,0.000
2025-12-05T06:37:07.439388,-1.500,-3.000,1.270,0.000
2025-12-05T06:37:07.457340,-1.500,-3.000,1.270,0.000
2025-12-05T06:37:07.475512,-1.500,-3.000,1.270,0.000
2025-12-05T06:37:07.490259,-1.500,-3.000,1.270,0.000
2025-12-05T06:37:07.510259,-1.500,-3.000,1.270,0.000
2025-12-05T06:37:07.526719,-1.500,-3.000,1.270,0.000
2025-12-05T06:37:07.545484,-1.500,-3.000,1.270,0.000
2025-12-05T06:37:07.561681,-1.500,-3.000,1.270,0.000
2025-12-05T06:37:07.579041,-1.500,-3.000,1.270,0.000
2025-12-05T06:37:07.595366,-1.500,-3.000,1.270,0.000
2025-12-05T06:37:07.611248,-1.500,-3.000,1.270,0.000
2025-12-05T06:37:07.627056,-1.500,-3.000,1.270,0.000
2025-12-05T06:37:07.640467,-1.500,-3.000,1.270,0.000
2025-12-05T06:37:07.656082,-1.500,-3.000,1.270,0.000
2025-12-05T06:37:07.672807,-1.500,-3.000,1.270,0.000
2025-12-05T06:37:07.690616,-1.500,-3.000,1.270,0.000
2025-12-05T06:37:07.705527,-1.500,-3.000,1.270,0.000
2025-12-05T06:37:07.722913,-1.500,-3.000,1.270,0.000
2025-12-05T06:37:07.741875,-1.500,-3.000,1.270,0.000
2025-12-05T06:37:07.765820,-1.500,-3.000,1.270,0.000
2025-12-05T06:37:07.781131,-1.500,-3.000,1.270,0.000
2025-12-05T06:37:07.801415,-1.500,-3.000,1.270,0.000
2025-12-05T06:37:07.813996,-1.500,-3.000,1.270,0.000
2025-12-05T06:37:07.828553,-1.500,-3.000,1.270,0.000
2025-12-05T06:37:07.845025,-1.500,-3.000,1.270,0.000
2025-12-05T06:37:07.860472,-1.500,-3.000,1.270,0.000
2025-12-05T06:37:07.874016,-1.500,-3.000,1.270,0.000
2025-12-05T06:37:07.888162,-1.500,-3.000,1.270,0.000
2025-12-05T06:37:07.902701,-1.500,-3.000,1.270,0.000
2025-12-05T06:37:07.919293,-1.500,-3.000,1.270,0.000
2025-12-05T06:37:07.934041,-1.500,-3.000,1.270,0.000
2025-12-05T06:37:07.950516,-1.500,-3.000,1.270,0.000
2025-12-05T06:37:07.967543,-1.500,-3.000,1.270,0.000
2025-12-05T06:37:07.985635,-1.500,-3.000,1.270,0.000
2025-12-05T06:37:08.004115,-1.500,-3.000,1.270,0.000
2025-12-05T06:37:08.021127,-1.500,-3.000,1.270,0.000
2025-12-05T06:37:08.037115,-1.500,-3.000,1.270,0.000
2025-12-05T06:37:08.054763,-1.500,-3.000,1.270,0.000
2025-12-05T06:37:08.069802,-1.500,-3.000,1.270,0.000
2025-12-05T06:37:08.084916,-1.500,-3.000,1.270,0.000
2025-12-05T06:37:08.099311,-1.500,-3.000,1.270,0.000
2025-12-05T06:37:08.113387,-1.500,-3.000,1.270,0.000
2025-12-05T06:37:08.127865,-1.500,-3.000,1.270,0.000
2025-12-05T06:37:08.143517,-1.500,-3.000,1.270,0.000
2025-12-05T06:37:08.159127,-1.500,-3.000,1.270,0.000
2025-12-05T06:37:08.175165,-1.500,-3.000,1.270,0.000
2025-12-05T06:37:08.192606,-1.500,-3.000,1.270,0.000
2025-12-05T06:37:08.209192,-1.500,-3.000,1.270,0.000
2025-12-05T06:37:08.230066,-1.500,-3.000,1.270,0.000
2025-12-05T06:37:08.245756,-1.500,-3.000,1.270,0.000
2025-12-05T06:37:08.264220,-1.500,-3.000,1.270,0.000
2025-12-05T06:37:08.280839,-1.500,-3.000,1.270,0.000
2025-12-05T06:37:08.300073,-1.500,-3.000,1.270,0.000
2025-12-05T06:37:08.317378,-1.500,-3.000,1.270,0.000
2025-12-05T06:37:08.334096,-1.500,-3.000,1.270,0.000
2025-12-05T06:37:08.350047,-1.500,-3.000,1.270,0.000
2025-12-05T06:37:08.366180,-1.500,-3.000,1.270,0.000
2025-12-05T06:37:08.389442,-1.500,-3.000,1.270,0.000
2025-12-05T06:37:08.402790,-1.500,-3.000,1.270,0.000
2025-12-05T06:37:08.417981,-1.500,-3.000,1.270,0.000
2025-12-05T06:37:08.433889,-1.500,-3.000,1.270,0.000
2025-12-05T06:37:08.448257,-1.500,-3.000,1.270,0.000
2025-12-05T06:37:08.460755,-1.500,-3.000,1.270,0.000
2025-12-05T06:37:08.474971,-1.500,-3.000,1.270,0.000
2025-12-05T06:37:08.490860,-1.500,-3.000,1.270,0.000
2025-12-05T06:37:08.506167,-1.500,-3.000,1.270,0.000
2025-12-05T06:37:08.524520,-1.500,-3.000,1.270,0.000
2025-12-05T06:37:08.540483,-1.500,-3.000,1.270,0.000
2025-12-05T06:37:08.558055,-1.500,-3.000,1.270,0.000
2025-12-05T06:37:08.574470,-1.500,-3.000,1.270,0.000
2025-12-05T06:37:08.593058,-1.500,-3.000,1.270,0.000
2025-12-05T06:37:08.610581,-1.500,-3.000,1.270,0.000
2025-12-05T06:37:08.628438,-1.500,-3.000,1.270,0.000
2025-12-05T06:37:08.643101,-1.500,-3.000,1.270,0.000
2025-12-05T06:37:08.662781,-1.500,-3.000,1.270,0.000
2025-12-05T06:37:08.677019,-1.500,-3.000,1.270,0.000
2025-12-05T06:37:08.691865,-1.500,-3.000,1.270,0.000
2025-12-05T06:37:08.706217,-1.500,-3.000,1.270,0.000
2025-12-05T06:37:08.723125,-1.500,-3.000,1.270,0.000
2025-12-05T06:37:08.737610,-1.500,-3.000,1.270,0.000
2025-12-05T06:37:08.755306,-1.500,-3.000,1.270,0.000
2025-12-05T06:37:08.772728,-1.500,-3.000,1.270,0.000
2025-12-05T06:37:08.789011,-1.500,-3.000,1.270,0.000
2025-12-05T06:37:08.806847,-1.500,-3.000,1.270,0.000
2025-12-05T06:37:08.824021,-1.500,-3.000,1.270,0.000
2025-12-05T06:37:08.841077,-1.500,-3.000,1.270,0.000
2025-12-05T06:37:08.858271,-1.500,-3.000,1.270,0.000
2025-12-05T06:37:08.875006,-1.500,-3.000,1.270,0.000
2025-12-05T06:37:08.892493,-1.500,-3.000,1.270,0.000
2025-12-05T06:37:08.908212,-1.500,-3.000,1.270,0.000
2025-12-05T06:37:08.924153,-1.500,-3.000,1.270,0.000
2025-12-05T06:37:08.940929,-1.500,-3.000,1.270,0.000
2025-12-05T06:37:08.953745,-1.500,-3.000,1.270,0.000
2025-12-05T06:37:08.969274,-1.500,-3.000,1.270,0.000
2025-12-05T06:37:08.984915,-1.500,-3.000,1.270,0.000
2025-12-05T06:37:09.007176,-1.500,-3.000,1.270,0.000
2025-12-05T06:37:09.025680,-1.500,-3.000,1.270,0.000
2025-12-05T06:37:09.041286,-1.500,-3.000,1.270,0.000
2025-12-05T06:37:09.058887,-1.500,-3.000,1.270,0.000
2025-12-05T06:37:09.072357,-1.500,-3.000,1.270,0.000
2025-12-05T06:37:09.088827,-1.500,-3.000,1.270,0.000
2025-12-05T06:37:09.103269,-1.500,-3.000,1.270,0.000
2025-12-05T06:37:09.119424,-1.500,-3.000,1.270,0.000
2025-12-05T06:37:09.133973,-1.500,-3.000,1.270,0.000
2025-12-05T06:37:09.149337,-1.500,-3.000,1.270,0.000
2025-12-05T06:37:09.164733,-1.500,-3.000,1.270,0.000
2025-12-05T06:37:09.180075,-1.500,-3.000,1.270,0.000
2025-12-05T06:37:09.196851,-1.500,-3.000,1.270,0.000
2025-12-05T06:37:09.213979,-1.500,-3.000,1.270,0.000
2025-12-05T06:37:09.231777,-1.500,-3.000,1.270,0.000
2025-12-05T06:37:09.249497,-1.500,-3.000,1.270,0.000
2025-12-05T06:37:09.267172,-1.500,-3.000,1.270,0.000
2025-12-05T06:37:09.284966,-1.500,-3.000,1.270,0.000
2025-12-05T06:37:09.303254,-1.500,-3.000,1.270,0.000
2025-12-05T06:37:09.322155,-1.500,-3.000,1.270,0.000
2025-12-05T06:37:09.339557,-1.500,-3.000,1.270,0.000
2025-12-05T06:37:09.353804,-1.500,-3.000,1.270,0.000
2025-12-05T06:37:09.370508,-1.500,-3.000,1.270,0.000
2025-12-05T06:37:09.384866,-1.500,-3.000,1.270,0.000
2025-12-05T06:37:09.400419,-1.500,-3.000,1.270,0.000
2025-12-05T06:37:09.414811,-1.500,-3.000,1.270,0.000
2025-12-05T06:37:09.431430,-1.500,-3.000,1.270,0.000
2025-12-05T06:37:09.447140,-1.500,-3.000,1.270,0.000
2025-12-05T06:37:09.464562,-1.500,-3.000,1.270,0.000
2025-12-05T06:37:09.480063,-1.500,-3.000,1.270,0.000
2025-12-05T06:37:09.498334,-1.500,-3.000,1.270,0.000
2025-12-05T06:37:09.515100,-1.500,-3.000,1.270,0.000
2025-12-05T06:37:09.533628,-1.500,-3.000,1.270,0.000
2025-12-05T06:37:09.551173,-1.500,-3.000,1.270,0.000
2025-12-05T06:37:09.568126,-1.500,-3.000,1.270,0.000
2025-12-05T06:37:09.586409,-1.500,-3.000,1.270,0.000
2025-12-05T06:37:09.604701,-1.500,-3.000,1.270,0.000
2025-12-05T06:37:09.620612,-1.500,-3.000,1.270,0.000
2025-12-05T06:37:09.635323,-1.500,-3.000,1.270,0.000
2025-12-05T06:37:09.652789,-1.500,-3.000,1.270,0.000
2025-12-05T06:37:09.668789,-1.500,-3.000,1.270,0.000
2025-12-05T06:37:09.684700,-1.500,-3.000,1.270,0.000
2025-12-05T06:37:09.700216,-1.500,-3.000,1.270,0.000
2025-12-05T06:37:09.715793,-1.500,-3.000,1.270,0.000
2025-12-05T06:37:09.732832,-1.500,-3.000,1.270,0.000
2025-12-05T06:37:09.748334,-1.500,-3.000,1.270,0.000
2025-12-05T06:37:09.766212,-1.500,-3.000,1.270,0.000
2025-12-05T06:37:09.782491,-1.500,-3.000,1.270,0.000
2025-12-05T06:37:09.799533,-1.500,-3.000,1.270,0.000
2025-12-05T06:37:09.819605,-1.500,-3.000,1.270,0.000
2025-12-05T06:37:09.835913,-1.500,-3.000,1.270,0.000
2025-12-05T06:37:09.853831,-1.500,-3.000,1.270,0.000
2025-12-05T06:37:09.872267,-1.500,-3.000,1.270,0.000
2025-12-05T06:37:09.884941,-1.500,-3.000,1.270,0.000
2025-12-05T06:37:09.899378,-1.500,-3.000,1.270,0.000
2025-12-05T06:37:09.916486,-1.500,-3.000,1.270,0.000
2025-12-05T06:37:09.937131,-1.500,-3.000,1.270,0.000
2025-12-05T06:37:09.950534,-1.500,-3.000,1.270,0.000
2025-12-05T06:37:09.963195,-1.500,-3.000,1.270,0.000
2025-12-05T06:37:09.977878,-1.500,-3.000,1.270,0.000
2025-12-05T06:37:09.992593,-1.500,-3.000,1.270,0.000
2025-12-05T06:37:10.007892,-1.500,-3.000,1.270,0.000
2025-12-05T06:37:10.026130,-1.500,-3.000,1.270,0.000
2025-12-05T06:37:10.042126,-1.500,-3.000,1.270,0.000
2025-12-05T06:37:10.057145,-1.500,-3.000,1.270,0.000
2025-12-05T06:37:10.075253,-1.500,-3.000,1.270,0.000
2025-12-05T06:37:10.094104,-1.500,-3.000,1.270,0.000
2025-12-05T06:37:10.111815,-1.500,-3.000,1.270,0.000
2025-12-05T06:37:10.133548,-1.500,-3.000,1.270,0.000
2025-12-05T06:37:10.151534,-1.500,-3.000,1.270,0.000
2025-12-05T06:37:10.168476,-1.500,-3.000,1.270,0.000
2025-12-05T06:37:10.195509,-1.500,-3.000,1.270,0.000
2025-12-05T06:37:10.212103,-1.500,-3.000,1.270,0.000
2025-12-05T06:37:10.229010,-1.500,-3.000,1.270,0.000
2025-12-05T06:37:10.245851,-1.500,-3.000,1.270,0.000
2025-12-05T06:37:10.260039,-1.500,-3.000,1.270,0.000
2025-12-05T06:37:10.273436,-1.500,-3.000,1.270,0.000
2025-12-05T06:37:10.286759,-1.500,-3.000,1.270,0.000
2025-12-05T06:37:10.300723,-1.500,-3.000,1.270,0.000
2025-12-05T06:37:10.314691,-1.500,-3.000,1.270,0.000
2025-12-05T06:37:10.327252,-1.500,-3.000,1.270,0.000
2025-12-05T06:37:10.342493,-1.500,-3.000,1.270,0.000
2025-12-05T06:37:10.358938,-1.500,-3.000,1.270,0.000
2025-12-05T06:37:10.375301,-1.500,-3.000,1.270,0.000
2025-12-05T06:37:10.389829,-1.500,-3.000,1.270,0.000
2025-12-05T06:37:10.407732,-1.500,-3.000,1.270,0.000
2025-12-05T06:37:10.423457,-1.500,-3.000,1.270,0.000
2025-12-05T06:37:10.441154,-1.500,-3.000,1.270,0.000
2025-12-05T06:37:10.459030,-1.500,-3.000,1.270,0.000
2025-12-05T06:37:10.476777,-1.500,-3.000,1.270,0.000
2025-12-05T06:37:10.497887,-1.500,-3.000,1.270,0.000
2025-12-05T06:37:10.518187,-1.500,-3.000,1.270,0.000
2025-12-05T06:37:10.535740,-1.500,-3.000,1.270,0.000
2025-12-05T06:37:10.552636,-1.500,-3.000,1.270,0.000
2025-12-05T06:37:10.567509,-1.500,-3.000,1.270,0.000
2025-12-05T06:37:10.583762,-1.500,-3.000,1.270,0.000
2025-12-05T06:37:10.600545,-1.500,-3.000,1.270,0.000
2025-12-05T06:37:10.616695,-1.500,-3.000,1.270,0.000
2025-12-05T06:37:10.635097,-1.500,-3.000,1.270,0.000
2025-12-05T06:37:10.652395,-1.500,-3.000,1.270,0.000
2025-12-05T06:37:10.669085,-1.500,-3.000,1.270,0.000
2025-12-05T06:37:10.684340,-1.500,-3.000,1.270,0.000
2025-12-05T06:37:10.698856,-1.500,-3.000,1.270,0.000
2025-12-05T06:37:10.710439,-1.500,-3.000,1.270,0.000
2025-12-05T06:37:10.726765,-1.500,-3.000,1.270,0.000
2025-12-05T06:37:10.742701,-1.500,-3.000,1.270,0.000
2025-12-05T06:37:10.758458,-1.500,-3.000,1.270,0.000
2025-12-05T06:37:10.774208,-1.500,-3.000,1.270,0.000
2025-12-05T06:37:10.789726,-1.500,-3.000,1.270,0.000
2025-12-05T06:37:10.807519,-1.500,-3.000,1.270,0.000
2025-12-05T06:37:10.824375,-1.500,-3.000,1.270,0.000
2025-12-05T06:37:10.840696,-1.500,-3.000,1.270,0.000
2025-12-05T06:37:10.864566,-1.500,-3.000,1.270,0.000
2025-12-05T06:37:10.881798,-1.500,-3.000,1.270,0.000
2025-12-05T06:37:10.898945,-1.500,-3.000,1.270,0.000
2025-12-05T06:37:10.917124,-1.500,-3.000,1.270,0.000
2025-12-05T06:37:10.935054,-1.500,-3.000,1.270,0.000
2025-12-05T06:37:10.952718,-1.500,-3.000,1.270,0.000
2025-12-05T06:37:10.970999,-1.500,-3.000,1.270,0.000
2025-12-05T06:37:10.984321,-1.500,-3.000,1.270,0.000
2025-12-05T06:37:11.001868,-1.500,-3.000,1.270,0.000
2025-12-05T06:37:11.013931,-1.500,-3.000,1.270,0.000
2025-12-05T06:37:11.027082,-1.500,-3.000,1.270,0.000
2025-12-05T06:37:11.042304,-1.500,-3.000,1.270,0.000
2025-12-05T06:37:11.053120,-1.500,-3.000,1.270,0.000
2025-12-05T06:37:11.067275,-1.500,-3.000,1.270,0.000
2025-12-05T06:37:11.083090,-1.500,-3.000,1.270,0.000
2025-12-05T06:37:11.100431,-1.500,-3.000,1.270,0.000
2025-12-05T06:37:11.117546,-1.500,-3.000,1.270,0.000
2025-12-05T06:37:11.134082,-1.500,-3.000,1.270,0.000
2025-12-05T06:37:11.152423,-1.500,-3.000,1.270,0.000
2025-12-05T06:37:11.182503,-1.500,-3.000,1.270,0.000
2025-12-05T06:37:11.201567,-1.500,-3.000,1.270,0.000
2025-12-05T06:37:11.217844,-1.500,-3.000,1.270,0.000
2025-12-05T06:37:11.235374,-1.500,-3.000,1.270,0.000
2025-12-05T06:37:11.259100,-1.500,-3.000,1.270,0.000
2025-12-05T06:37:11.274895,-1.500,-3.000,1.270,0.000
2025-12-05T06:37:11.290808,-1.500,-3.000,1.270,0.000
2025-12-05T06:37:11.307437,-1.500,-3.000,1.270,0.000
2025-12-05T06:37:11.322863,-1.500,-3.000,1.270,0.000
2025-12-05T06:37:11.337353,-1.500,-3.000,1.270,0.000
2025-12-05T06:37:11.350588,-1.500,-3.000,1.270,0.000
2025-12-05T06:37:11.376035,-1.500,-3.000,1.270,0.000
2025-12-05T06:37:11.399825,-1.500,-3.000,1.270,0.000
2025-12-05T06:37:11.428592,-1.500,-3.000,1.270,0.000
2025-12-05T06:37:11.450861,-1.500,-3.000,1.270,0.000
2025-12-05T06:37:11.477491,-1.500,-3.000,1.270,0.000
2025-12-05T06:37:11.495660,-1.500,-3.000,1.270,0.000
2025-12-05T06:37:11.505108,-1.500,-3.000,1.270,0.000
2025-12-05T06:37:11.532270,-1.500,-3.000,1.270,0.000
2025-12-05T06:37:11.558674,-1.500,-3.000,1.270,0.000
2025-12-05T06:37:11.580308,-1.500,-3.000,1.270,0.000
2025-12-05T06:37:11.597793,-1.500,-3.000,1.270,0.000
2025-12-05T06:37:11.604163,-1.500,-3.000,1.270,0.000
2025-12-05T06:37:11.611095,-1.500,-3.000,1.270,0.000
2025-12-05T06:37:11.620555,-1.500,-3.000,1.270,0.000
2025-12-05T06:37:11.628693,-1.500,-3.000,1.270,0.000
2025-12-05T06:37:11.636287,-1.500,-3.000,1.270,0.000
2025-12-05T06:37:11.644662,-1.500,-3.000,1.270,0.000
2025-12-05T06:37:11.659615,-1.500,-3.000,1.270,0.000
2025-12-05T06:37:11.669415,-1.500,-3.000,1.270,0.000
2025-12-05T06:37:11.683980,-1.500,-3.000,1.270,0.000
2025-12-05T06:37:11.699747,-1.500,-3.000,1.270,0.000
2025-12-05T06:37:11.711071,-1.500,-3.000,1.270,0.000
2025-12-05T06:37:11.721311,-1.500,-3.000,1.270,0.000
2025-12-05T06:37:11.736038,-1.500,-3.000,1.270,0.000
2025-12-05T06:37:11.750687,-1.500,-3.000,1.270,0.000
2025-12-05T06:37:11.767084,-1.500,-3.000,1.270,0.000
2025-12-05T06:37:11.781604,-1.500,-3.000,1.270,0.000
2025-12-05T06:37:11.804458,-1.500,-3.000,1.270,0.000
2025-12-05T06:37:11.819518,-1.500,-3.000,1.270,0.000
2025-12-05T06:37:11.835846,-1.500,-3.000,1.270,0.000
2025-12-05T06:37:11.853076,-1.500,-3.000,1.270,0.000
2025-12-05T06:37:11.869978,-1.500,-3.000,1.270,0.000
2025-12-05T06:37:11.885105,-1.500,-3.000,1.270,0.000
2025-12-05T06:37:11.899885,-1.500,-3.000,1.270,0.000
2025-12-05T06:37:11.915785,-1.500,-3.000,1.270,0.000
2025-12-05T06:37:11.930133,-1.500,-3.000,1.270,0.000
2025-12-05T06:37:11.945934,-1.500,-3.000,1.270,0.000
2025-12-05T06:37:11.962019,-1.500,-3.000,1.270,0.000
2025-12-05T06:37:11.978335,-1.500,-3.000,1.270,0.000
2025-12-05T06:37:11.995059,-1.500,-3.000,1.270,0.000
2025-12-05T06:37:12.012536,-1.500,-3.000,1.270,0.000
2025-12-05T06:37:12.031181,-1.500,-3.000,1.270,0.000
2025-12-05T06:37:12.049161,-1.500,-3.000,1.270,0.000
2025-12-05T06:37:12.065032,-1.500,-3.000,1.270,0.000
2025-12-05T06:37:12.082752,-1.500,-3.000,1.270,0.000
2025-12-05T06:37:12.102730,-1.500,-3.000,1.270,0.000
2025-12-05T06:37:12.119638,-1.500,-3.000,1.270,0.000
2025-12-05T06:37:12.134161,-1.500,-3.000,1.270,0.000
2025-12-05T06:37:12.151017,-1.500,-3.000,1.270,0.000
2025-12-05T06:37:12.166811,-1.500,-3.000,1.270,0.000
2025-12-05T06:37:12.177726,-1.500,-3.000,1.270,0.000
2025-12-05T06:37:12.193045,-1.500,-3.000,1.270,0.000
2025-12-05T06:37:12.208165,-1.500,-3.000,1.270,0.000
2025-12-05T06:37:12.224449,-1.500,-3.000,1.270,0.000
2025-12-05T06:37:12.241649,-1.500,-3.000,1.270,0.000
2025-12-05T06:37:12.256253,-1.500,-3.000,1.270,0.000
2025-12-05T06:37:12.272499,-1.500,-3.000,1.270,0.000
2025-12-05T06:37:12.289863,-1.500,-3.000,1.270,0.000
2025-12-05T06:37:12.304919,-1.500,-3.000,1.270,0.000
2025-12-05T06:37:12.326132,-1.500,-3.000,1.270,0.000
2025-12-05T06:37:12.342034,-1.500,-3.000,1.270,0.000
2025-12-05T06:37:12.361310,-1.500,-3.000,1.270,0.000
2025-12-05T06:37:12.378167,-1.500,-3.000,1.270,0.000
2025-12-05T06:37:12.394915,-1.500,-3.000,1.270,0.000
2025-12-05T06:37:12.411026,-1.500,-3.000,1.270,0.000
2025-12-05T06:37:12.426482,-1.500,-3.000,1.270,0.000
2025-12-05T06:37:12.441586,-1.500,-3.000,1.270,0.000
2025-12-05T06:37:12.456864,-1.500,-3.000,1.270,0.000
2025-12-05T06:37:12.471640,-1.500,-3.000,1.270,0.000
2025-12-05T06:37:12.485323,-1.500,-3.000,1.270,0.000
2025-12-05T06:37:12.501481,-1.500,-3.000,1.270,0.000
2025-12-05T06:37:12.516550,-1.500,-3.000,1.270,0.000
2025-12-05T06:37:12.534136,-1.500,-3.000,1.270,0.000
2025-12-05T06:37:12.550825,-1.500,-3.000,1.270,0.000
2025-12-05T06:37:12.567557,-1.500,-3.000,1.270,0.000
2025-12-05T06:37:12.587564,-1.500,-3.000,1.270,0.000
2025-12-05T06:37:12.603445,-1.500,-3.000,1.270,0.000
2025-12-05T06:37:12.622910,-1.500,-3.000,1.270,0.000
2025-12-05T06:37:12.640274,-1.500,-3.000,1.270,0.000
2025-12-05T06:37:12.657569,-1.500,-3.000,1.270,0.000
2025-12-05T06:37:12.674389,-1.500,-3.000,1.270,0.000
2025-12-05T06:37:12.691452,-1.500,-3.000,1.270,0.000
2025-12-05T06:37:12.707307,-1.500,-3.000,1.270,0.000
2025-12-05T06:37:12.731971,-1.500,-3.000,1.270,0.000
2025-12-05T06:37:12.748195,-1.500,-3.000,1.270,0.000
2025-12-05T06:37:12.761421,-1.500,-3.000,1.270,0.000
2025-12-05T06:37:12.775951,-1.500,-3.000,1.270,0.000
2025-12-05T06:37:12.791820,-1.500,-3.000,1.270,0.000
2025-12-05T06:37:12.803814,-1.500,-3.000,1.270,0.000
2025-12-05T06:37:12.816765,-1.500,-3.000,1.270,0.000
2025-12-05T06:37:12.830893,-1.500,-3.000,1.270,0.000
2025-12-05T06:37:12.844868,-1.500,-3.000,1.270,0.000
2025-12-05T06:37:12.863177,-1.500,-3.000,1.270,0.000
2025-12-05T06:37:12.878449,-1.500,-3.000,1.270,0.000
2025-12-05T06:37:12.895059,-1.500,-3.000,1.270,0.000
2025-12-05T06:37:12.912057,-1.500,-3.000,1.270,0.000
2025-12-05T06:37:12.927140,-1.500,-3.000,1.270,0.000
2025-12-05T06:37:12.944215,-1.500,-3.000,1.270,0.000
2025-12-05T06:37:12.961465,-1.500,-3.000,1.270,0.000
2025-12-05T06:37:12.981957,-1.500,-3.000,1.270,0.000
2025-12-05T06:37:12.999536,-1.500,-3.000,1.270,0.000
2025-12-05T06:37:13.016134,-1.500,-3.000,1.270,0.000
2025-12-05T06:37:13.035012,-1.500,-3.000,1.270,0.000
2025-12-05T06:37:13.053728,-1.500,-3.000,1.270,0.000
2025-12-05T06:37:13.068945,-1.500,-3.000,1.270,0.000
2025-12-05T06:37:13.087642,-1.500,-3.000,1.270,0.000
2025-12-05T06:37:13.102071,-1.500,-3.000,1.270,0.000
2025-12-05T06:37:13.117008,-1.500,-3.000,1.270,0.000
2025-12-05T06:37:13.131687,-1.500,-3.000,1.270,0.000
2025-12-05T06:37:13.148926,-1.500,-3.000,1.270,0.000
2025-12-05T06:37:13.163953,-1.500,-3.000,1.270,0.000
2025-12-05T06:37:13.181429,-1.500,-3.000,1.270,0.000
2025-12-05T06:37:13.197683,-1.500,-3.000,1.270,0.000
2025-12-05T06:37:13.215824,-1.500,-3.000,1.270,0.000
2025-12-05T06:37:13.233094,-1.500,-3.000,1.270,0.000
2025-12-05T06:37:13.253786,-1.500,-3.000,1.270,0.000
2025-12-05T06:37:13.271895,-1.500,-3.000,1.270,0.000
2025-12-05T06:37:13.289787,-1.500,-3.000,1.270,0.000
2025-12-05T06:37:13.307203,-1.500,-3.000,1.270,0.000
2025-12-05T06:37:13.324994,-1.500,-3.000,1.270,0.000
2025-12-05T06:37:13.337128,-1.500,-3.000,1.270,0.000
2025-12-05T06:37:13.350587,-1.500,-3.000,1.270,0.000
2025-12-05T06:37:13.365276,-1.500,-3.000,1.270,0.000
2025-12-05T06:37:13.380417,-1.500,-3.000,1.270,0.000
2025-12-05T06:37:13.394395,-1.500,-3.000,1.270,0.000
2025-12-05T06:37:13.410295,-1.500,-3.000,1.270,0.000
2025-12-05T06:37:13.425951,-1.500,-3.000,1.270,0.000
2025-12-05T06:37:13.442665,-1.500,-3.000,1.270,0.000
2025-12-05T06:37:13.459809,-1.500,-3.000,1.270,0.000
2025-12-05T06:37:13.478200,-1.500,-3.000,1.270,0.000
2025-12-05T06:37:13.495402,-1.500,-3.000,1.270,0.000
2025-12-05T06:37:13.514105,-1.500,-3.000,1.270,0.000
2025-12-05T06:37:13.531487,-1.500,-3.000,1.270,0.000
2025-12-05T06:37:13.550478,-1.500,-3.000,1.270,0.000
2025-12-05T06:37:13.567832,-1.500,-3.000,1.270,0.000
2025-12-05T06:37:13.582971,-1.500,-3.000,1.270,0.000
2025-12-05T06:37:13.599879,-1.500,-3.000,1.270,0.000
2025-12-05T06:37:13.619042,-1.500,-3.000,1.270,0.000
2025-12-05T06:37:13.633355,-1.500,-3.000,1.270,0.000
2025-12-05T06:37:13.658675,-1.500,-3.000,1.270,0.000
2025-12-05T06:37:13.672910,-1.500,-3.000,1.270,0.000
2025-12-05T06:37:13.687526,-1.500,-3.000,1.270,0.000
2025-12-05T06:37:13.701150,-1.500,-3.000,1.270,0.000
2025-12-05T06:37:13.716219,-1.500,-3.000,1.270,0.000
2025-12-05T06:37:13.728142,-1.500,-3.000,1.270,0.000
2025-12-05T06:37:13.743350,-1.500,-3.000,1.270,0.000
2025-12-05T06:37:13.756994,-1.500,-3.000,1.270,0.000
2025-12-05T06:37:13.771691,-1.500,-3.000,1.270,0.000
2025-12-05T06:37:13.788602,-1.500,-3.000,1.270,0.000
2025-12-05T06:37:13.804354,-1.500,-3.000,1.270,0.000
2025-12-05T06:37:13.821615,-1.500,-3.000,1.270,0.000
2025-12-05T06:37:13.838561,-1.500,-3.000,1.270,0.000
2025-12-05T06:37:13.856089,-1.500,-3.000,1.270,0.000
2025-12-05T06:37:13.872818,-1.500,-3.000,1.270,0.000
2025-12-05T06:37:13.888527,-1.500,-3.000,1.270,0.000
2025-12-05T06:37:13.904485,-1.500,-3.000,1.270,0.000
2025-12-05T06:37:13.921063,-1.500,-3.000,1.270,0.000
2025-12-05T06:37:13.936999,-1.500,-3.000,1.270,0.000
2025-12-05T06:37:13.950931,-1.500,-3.000,1.270,0.000
2025-12-05T06:37:13.965629,-1.500,-3.000,1.270,0.000
2025-12-05T06:37:13.980914,-1.500,-3.000,1.270,0.000
2025-12-05T06:37:13.996831,-1.500,-3.000,1.270,0.000
2025-12-05T06:37:14.013762,-1.500,-3.000,1.270,0.000
2025-12-05T06:37:14.030162,-1.500,-3.000,1.270,0.000
2025-12-05T06:37:14.047898,-1.500,-3.000,1.270,0.000
2025-12-05T06:37:14.067763,-1.500,-3.000,1.270,0.000
2025-12-05T06:37:14.085697,-1.500,-3.000,1.270,0.000
2025-12-05T06:37:14.104405,-1.500,-3.000,1.270,0.000
2025-12-05T06:37:14.120352,-1.500,-3.000,1.270,0.000
2025-12-05T06:37:14.135156,-1.500,-3.000,1.270,0.000
2025-12-05T06:37:14.151210,-1.500,-3.000,1.270,0.000
2025-12-05T06:37:14.168481,-1.500,-3.000,1.270,0.000
2025-12-05T06:37:14.184517,-1.500,-3.000,1.270,0.000
2025-12-05T06:37:14.206183,-1.500,-3.000,1.270,0.000
2025-12-05T06:37:14.220276,-1.500,-3.000,1.270,0.000
2025-12-05T06:37:14.235212,-1.500,-3.000,1.270,0.000
2025-12-05T06:37:14.248841,-1.500,-3.000,1.270,0.000
2025-12-05T06:37:14.270037,-1.500,-3.000,1.270,0.000
2025-12-05T06:37:14.282727,-1.500,-3.000,1.270,0.000
2025-12-05T06:37:14.297597,-1.500,-3.000,1.270,0.000
2025-12-05T06:37:14.312579,-1.500,-3.000,1.270,0.000
2025-12-05T06:37:14.328885,-1.500,-3.000,1.270,0.000
2025-12-05T06:37:14.346010,-1.500,-3.000,1.270,0.000
2025-12-05T06:37:14.363075,-1.500,-3.000,1.270,0.000
2025-12-05T06:37:14.380121,-1.500,-3.000,1.270,0.000
2025-12-05T06:37:14.399793,-1.500,-3.000,1.270,0.000
2025-12-05T06:37:14.416182,-1.500,-3.000,1.270,0.000
2025-12-05T06:37:14.435723,-1.500,-3.000,1.270,0.000
2025-12-05T06:37:14.452536,-1.500,-3.000,1.270,0.000
2025-12-05T06:37:14.468346,-1.500,-3.000,1.270,0.000
2025-12-05T06:37:14.484941,-1.500,-3.000,1.270,0.000
2025-12-05T06:37:14.501671,-1.500,-3.000,1.270,0.000
2025-12-05T06:37:14.517423,-1.500,-3.000,1.270,0.000
2025-12-05T06:37:14.530787,-1.500,-3.000,1.270,0.000
2025-12-05T06:37:14.546015,-1.500,-3.000,1.270,0.000
2025-12-05T06:37:14.560043,-1.500,-3.000,1.270,0.000
2025-12-05T06:37:14.575882,-1.500,-3.000,1.270,0.000
2025-12-05T06:37:14.591876,-1.500,-3.000,1.270,0.000
2025-12-05T06:37:14.608736,-1.500,-3.000,1.270,0.000
2025-12-05T06:37:14.625825,-1.500,-3.000,1.270,0.000
2025-12-05T06:37:14.645405,-1.500,-3.000,1.270,0.000
2025-12-05T06:37:14.663746,-1.500,-3.000,1.270,0.000
2025-12-05T06:37:14.679839,-1.500,-3.000,1.270,0.000
2025-12-05T06:37:14.698191,-1.500,-3.000,1.270,0.000
2025-12-05T06:37:14.715952,-1.500,-3.000,1.270,0.000
2025-12-05T06:37:14.734864,-1.500,-3.000,1.270,0.000
2025-12-05T06:37:14.748536,-1.500,-3.000,1.270,0.000
2025-12-05T06:37:14.766869,-1.500,-3.000,1.270,0.000
2025-12-05T06:37:14.780682,-1.500,-3.000,1.270,0.000
2025-12-05T06:37:14.798606,-1.500,-3.000,1.270,0.000
2025-12-05T06:37:14.810796,-1.500,-3.000,1.270,0.000
2025-12-05T06:37:14.826309,-1.500,-3.000,1.270,0.000
2025-12-05T06:37:14.841688,-1.500,-3.000,1.270,0.000
2025-12-05T06:37:14.858819,-1.500,-3.000,1.270,0.000
2025-12-05T06:37:14.873324,-1.500,-3.000,1.270,0.000
2025-12-05T06:37:14.893828,-1.500,-3.000,1.270,0.000
2025-12-05T06:37:14.909939,-1.500,-3.000,1.270,0.000
2025-12-05T06:37:14.930651,-1.500,-3.000,1.270,0.000
2025-12-05T06:37:14.948215,-1.500,-3.000,1.270,0.000
2025-12-05T06:37:14.964017,-1.500,-3.000,1.270,0.000
2025-12-05T06:37:14.981658,-1.500,-3.000,1.270,0.000
2025-12-05T06:37:14.998858,-1.500,-3.000,1.270,0.000
2025-12-05T06:37:15.011127,-1.500,-3.000,1.270,0.000
2025-12-05T06:37:15.031316,-1.500,-3.000,1.270,0.000
2025-12-05T06:37:15.042205,-1.500,-3.000,1.270,0.000
2025-12-05T06:37:15.055714,-1.500,-3.000,1.270,0.000
2025-12-05T06:37:15.070854,-1.500,-3.000,1.270,0.000
2025-12-05T06:37:15.086728,-1.500,-3.000,1.270,0.000
2025-12-05T06:37:15.102548,-1.500,-3.000,1.270,0.000
2025-12-05T06:37:15.120700,-1.500,-3.000,1.270,0.000
2025-12-05T06:37:15.137869,-1.500,-3.000,1.270,0.000
2025-12-05T06:37:15.154349,-1.500,-3.000,1.270,0.000
2025-12-05T06:37:15.174913,-1.500,-3.000,1.270,-0.014
2025-12-05T06:37:15.196020,-1.500,-3.000,1.270,-0.029
2025-12-05T06:37:15.212862,-1.500,-3.000,1.270,-0.043
2025-12-05T06:37:15.230600,-1.500,-3.000,1.270,-0.058
2025-12-05T06:37:15.246603,-1.500,-3.000,1.270,-0.072
2025-12-05T06:37:15.261751,-1.500,-3.000,1.270,-0.086
2025-12-05T06:37:15.277552,-1.500,-3.000,1.270,-0.101
2025-12-05T06:37:15.293336,-1.500,-3.000,1.270,-0.115
2025-12-05T06:37:15.308606,-1.500,-3.000,1.270,-0.129
2025-12-05T06:37:15.322723,-1.500,-3.000,1.270,-0.144
2025-12-05T06:37:15.338150,-1.500,-3.000,1.270,-0.158
2025-12-05T06:37:15.350769,-1.500,-3.000,1.270,-0.172
2025-12-05T06:37:15.369679,-1.500,-3.000,1.270,-0.186
2025-12-05T06:37:15.385318,-1.500,-3.000,1.270,-0.200
2025-12-05T06:37:15.401503,-1.500,-3.000,1.270,-0.214
2025-12-05T06:37:15.419454,-1.500,-3.000,1.270,-0.228
2025-12-05T06:37:15.437085,-1.500,-3.000,1.270,-0.242
2025-12-05T06:37:15.452169,-1.500,-3.000,1.270,-0.256
2025-12-05T06:37:15.471771,-1.500,-3.000,1.270,-0.270
2025-12-05T06:37:15.488630,-1.500,-3.000,1.270,-0.284
2025-12-05T06:37:15.505593,-1.500,-3.000,1.270,-0.298
2025-12-05T06:37:15.524196,-1.500,-3.000,1.270,-0.312
2025-12-05T06:37:15.541903,-1.500,-3.000,1.270,-0.325
2025-12-05T06:37:15.557076,-1.500,-3.000,1.270,-0.339
2025-12-05T06:37:15.573009,-1.500,-3.000,1.270,-0.352
2025-12-05T06:37:15.588007,-1.500,-3.000,1.270,-0.366
2025-12-05T06:37:15.604519,-1.500,-3.000,1.270,-0.379
2025-12-05T06:37:15.618280,-1.500,-3.000,1.270,-0.392
2025-12-05T06:37:15.634346,-1.500,-3.000,1.270,-0.406
2025-12-05T06:37:15.652973,-1.500,-3.000,1.270,-0.419
2025-12-05T06:37:15.669337,-1.500,-3.000,1.270,-0.432
2025-12-05T06:37:15.686889,-1.500,-3.000,1.270,-0.445
2025-12-05T06:37:15.702906,-1.500,-3.000,1.270,-0.458
2025-12-05T06:37:15.721748,-1.500,-3.000,1.270,-0.470
2025-12-05T06:37:15.734664,-1.500,-3.000,1.270,-0.483
2025-12-05T06:37:15.751867,-1.500,-3.000,1.270,-0.495
2025-12-05T06:37:15.769361,-1.500,-3.000,1.270,-0.508
2025-12-05T06:37:15.786839,-1.500,-3.000,1.270,-0.520
2025-12-05T06:37:15.803044,-1.500,-3.000,1.270,-0.533
2025-12-05T06:37:15.821904,-1.500,-3.000,1.270,-0.545
2025-12-05T06:37:15.835900,-1.500,-3.000,1.270,-0.557
2025-12-05T06:37:15.851848,-1.500,-3.000,1.270,-0.569
2025-12-05T06:37:15.866772,-1.500,-3.000,1.270,-0.580
2025-12-05T06:37:15.881494,-1.500,-3.000,1.270,-0.592
2025-12-05T06:37:15.896824,-1.500,-3.000,1.270,-0.604
2025-12-05T06:37:15.913483,-1.500,-3.000,1.270,-0.615
2025-12-05T06:37:15.929837,-1.500,-3.000,1.270,-0.626
2025-12-05T06:37:15.946404,-1.500,-3.000,1.270,-0.637
2025-12-05T06:37:15.963885,-1.500,-3.000,1.270,-0.648
2025-12-05T06:37:15.982464,-1.500,-3.000,1.270,-0.659
2025-12-05T06:37:15.998897,-1.500,-3.000,1.270,-0.670
2025-12-05T06:37:16.016603,-1.500,-3.000,1.270,-0.681
2025-12-05T06:37:16.033427,-1.500,-3.000,1.270,-0.691
2025-12-05T06:37:16.052299,-1.500,-3.000,1.270,-0.702
2025-12-05T06:37:16.069115,-1.500,-3.000,1.270,-0.712
2025-12-05T06:37:16.087337,-1.500,-3.000,1.270,-0.722
2025-12-05T06:37:16.105036,-1.500,-3.000,1.270,-0.732
2025-12-05T06:37:16.127801,-1.500,-3.000,1.270,-0.741
2025-12-05T06:37:16.142424,-1.501,-3.009,1.270,-0.741
2025-12-05T06:37:16.157330,-1.502,-3.018,1.270,-0.741
2025-12-05T06:37:16.171782,-1.503,-3.027,1.270,-0.741
2025-12-05T06:37:16.187286,-1.504,-3.036,1.270,-0.741
2025-12-05T06:37:16.201137,-1.504,-3.045,1.270,-0.741
2025-12-05T06:37:16.215393,-1.505,-3.054,1.270,-0.741
2025-12-05T06:37:16.230998,-1.506,-3.063,1.270,-0.741
2025-12-05T06:37:16.248453,-1.507,-3.072,1.270,-0.741
2025-12-05T06:37:16.262087,-1.508,-3.081,1.270,-0.741
2025-12-05T06:37:16.279636,-1.509,-3.090,1.270,-0.741
2025-12-05T06:37:16.293629,-1.510,-3.099,1.270,-0.741
2025-12-05T06:37:16.311551,-1.511,-3.108,1.270,-0.741
2025-12-05T06:37:16.341570,-1.512,-3.118,1.270,-0.741
2025-12-05T06:37:16.362336,-1.513,-3.127,1.270,-0.741
2025-12-05T06:37:16.380477,-1.514,-3.136,1.270,-0.741
2025-12-05T06:37:16.399839,-1.515,-3.145,1.270,-0.741
2025-12-05T06:37:16.408773,-1.515,-3.155,1.270,-0.741
2025-12-05T06:37:16.428611,-1.516,-3.164,1.270,-0.741
2025-12-05T06:37:16.441718,-1.517,-3.173,1.270,-0.741
2025-12-05T06:37:16.456375,-1.518,-3.182,1.270,-0.741
2025-12-05T06:37:16.469817,-1.519,-3.192,1.270,-0.741
2025-12-05T06:37:16.486760,-1.520,-3.201,1.270,-0.741
2025-12-05T06:37:16.501186,-1.521,-3.210,1.270,-0.741
2025-12-05T06:37:16.519541,-1.522,-3.220,1.270,-0.741
2025-12-05T06:37:16.528157,-1.523,-3.229,1.270,-0.741
2025-12-05T06:37:16.541892,-1.524,-3.238,1.270,-0.741
2025-12-05T06:37:16.557402,-1.525,-3.248,1.270,-0.741
2025-12-05T06:37:16.572211,-1.526,-3.257,1.270,-0.741
2025-12-05T06:37:16.590156,-1.527,-3.266,1.270,-0.741
2025-12-05T06:37:16.605885,-1.528,-3.276,1.270,-0.741
2025-12-05T06:37:16.624644,-1.528,-3.285,1.270,-0.741
2025-12-05T06:37:16.642905,-1.529,-3.295,1.270,-0.741
2025-12-05T06:37:16.660794,-1.530,-3.304,1.270,-0.741
2025-12-05T06:37:16.679405,-1.531,-3.313,1.270,-0.741
2025-12-05T06:37:16.696777,-1.532,-3.323,1.270,-0.741
2025-12-05T06:37:16.715806,-1.533,-3.332,1.270,-0.741
2025-12-05T06:37:16.732317,-1.534,-3.342,1.270,-0.741
2025-12-05T06:37:16.750455,-1.535,-3.351,1.270,-0.741
2025-12-05T06:37:16.765892,-1.536,-3.361,1.270,-0.741
2025-12-05T06:37:16.780373,-1.537,-3.370,1.270,-0.741
2025-12-05T06:37:16.795127,-1.538,-3.380,1.270,-0.741
2025-12-05T06:37:16.810438,-1.539,-3.389,1.270,-0.741
2025-12-05T06:37:16.825797,-1.540,-3.399,1.270,-0.741
2025-12-05T06:37:16.840680,-1.541,-3.408,1.270,-0.741
2025-12-05T06:37:16.857772,-1.542,-3.418,1.270,-0.741
2025-12-05T06:37:16.874947,-1.543,-3.427,1.270,-0.741
2025-12-05T06:37:16.892722,-1.544,-3.437,1.270,-0.741
2025-12-05T06:37:16.909940,-1.545,-3.446,1.270,-0.741
2025-12-05T06:37:16.927656,-1.546,-3.456,1.270,-0.741
2025-12-05T06:37:16.945306,-1.546,-3.465,1.270,-0.741
2025-12-05T06:37:16.962310,-1.547,-3.475,1.270,-0.741
2025-12-05T06:37:16.981913,-1.548,-3.484,1.270,-0.741
2025-12-05T06:37:16.997931,-1.549,-3.494,1.270,-0.741
2025-12-05T06:37:17.014188,-1.550,-3.503,1.270,-0.741
2025-12-05T06:37:17.031308,-1.551,-3.513,1.270,-0.741
2025-12-05T06:37:17.053165,-1.552,-3.522,1.270,-0.741
2025-12-05T06:37:17.066546,-1.553,-3.532,1.270,-0.741
2025-12-05T06:37:17.081764,-1.554,-3.542,1.270,-0.741
2025-12-05T06:37:17.096189,-1.555,-3.551,1.270,-0.741
2025-12-05T06:37:17.111553,-1.556,-3.561,1.270,-0.741
2025-12-05T06:37:17.126630,-1.557,-3.570,1.270,-0.741
2025-12-05T06:37:17.142132,-1.558,-3.580,1.270,-0.741
2025-12-05T06:37:17.155950,-1.559,-3.589,1.270,-0.741
2025-12-05T06:37:17.172709,-1.560,-3.599,1.270,-0.741
2025-12-05T06:37:17.189122,-1.561,-3.609,1.270,-0.741
2025-12-05T06:37:17.205309,-1.562,-3.618,1.270,-0.741
2025-12-05T06:37:17.225609,-1.563,-3.628,1.270,-0.741
2025-12-05T06:37:17.239301,-1.564,-3.637,1.270,-0.741
2025-12-05T06:37:17.258685,-1.565,-3.647,1.270,-0.741
2025-12-05T06:37:17.276419,-1.566,-3.657,1.270,-0.741
2025-12-05T06:37:17.293678,-1.566,-3.657,1.270,-0.751
2025-12-05T06:37:17.309418,-1.566,-3.658,1.270,-0.760
2025-12-05T06:37:17.326330,-1.566,-3.659,1.270,-0.770
2025-12-05T06:37:17.340928,-1.566,-3.659,1.270,-0.779
2025-12-05T06:37:17.355696,-1.566,-3.660,1.270,-0.788
2025-12-05T06:37:17.372035,-1.566,-3.660,1.270,-0.797
2025-12-05T06:37:17.385534,-1.566,-3.661,1.270,-0.805
2025-12-05T06:37:17.401323,-1.566,-3.661,1.270,-0.814
2025-12-05T06:37:17.419401,-1.566,-3.662,1.270,-0.822
2025-12-05T06:37:17.435759,-1.566,-3.662,1.270,-0.830
2025-12-05T06:37:17.455695,-1.566,-3.663,1.270,-0.838
2025-12-05T06:37:17.473451,-1.566,-3.663,1.270,-0.846
2025-12-05T06:37:17.490256,-1.566,-3.664,1.270,-0.853
2025-12-05T06:37:17.507712,-1.566,-3.664,1.270,-0.861
2025-12-05T06:37:17.526709,-1.566,-3.665,1.270,-0.868
2025-12-05T06:37:17.545045,-1.566,-3.665,1.270,-0.875
2025-12-05T06:37:17.561908,-1.567,-3.665,1.270,-0.882
2025-12-05T06:37:17.579534,-1.567,-3.666,1.270,-0.889
2025-12-05T06:37:17.594172,-1.567,-3.666,1.270,-0.895
2025-12-05T06:37:17.608516,-1.567,-3.667,1.270,-0.901
2025-12-05T06:37:17.625184,-1.567,-3.667,1.270,-0.908
2025-12-05T06:37:17.639152,-1.567,-3.667,1.270,-0.914
2025-12-05T06:37:17.654419,-1.567,-3.668,1.270,-0.919
2025-12-05T06:37:17.675412,-1.567,-3.668,1.270,-0.925
2025-12-05T06:37:17.688914,-1.567,-3.668,1.270,-0.930
2025-12-05T06:37:17.703913,-1.567,-3.668,1.270,-0.935
2025-12-05T06:37:17.720060,-1.567,-3.669,1.270,-0.940
2025-12-05T06:37:17.735390,-1.567,-3.669,1.270,-0.945
2025-12-05T06:37:17.753106,-1.567,-3.669,1.270,-0.950
2025-12-05T06:37:17.769158,-1.567,-3.670,1.270,-0.954
2025-12-05T06:37:17.787226,-1.567,-3.670,1.270,-0.958
2025-12-05T06:37:17.804297,-1.567,-3.670,1.270,-0.962
2025-12-05T06:37:17.824113,-1.567,-3.670,1.270,-0.966
2025-12-05T06:37:17.843288,-1.567,-3.670,1.270,-0.970
2025-12-05T06:37:17.860862,-1.567,-3.671,1.270,-0.973
2025-12-05T06:37:17.878182,-1.567,-3.671,1.270,-0.977
2025-12-05T06:37:17.894266,-1.567,-3.671,1.270,-0.980
2025-12-05T06:37:17.909126,-1.567,-3.671,1.270,-0.982
2025-12-05T06:37:17.926978,-1.567,-3.671,1.270,-0.985
2025-12-05T06:37:17.940926,-1.567,-3.672,1.270,-0.987
2025-12-05T06:37:17.956968,-1.567,-3.672,1.270,-0.989
2025-12-05T06:37:17.977619,-1.567,-3.672,1.270,-0.991
2025-12-05T06:37:17.991044,-1.567,-3.672,1.270,-0.993
2025-12-05T06:37:18.006069,-1.567,-3.672,1.270,-0.995
2025-12-05T06:37:18.021409,-1.567,-3.672,1.270,-0.996
2025-12-05T06:37:18.037531,-1.567,-3.673,1.270,-0.997
2025-12-05T06:37:18.050952,-1.567,-3.673,1.270,-0.998
2025-12-05T06:37:18.067733,-1.567,-3.673,1.270,-0.999
2025-12-05T06:37:18.086776,-1.567,-3.673,1.270,-1.000
2025-12-05T06:37:18.103382,-1.567,-3.673,1.270,-1.000
2025-12-05T06:37:18.123196,-1.567,-3.673,1.270,-1.000
2025-12-05T06:37:18.139324,-1.567,-3.673,1.270,1.000
2025-12-05T06:37:18.157948,-1.567,-3.673,1.270,1.000
2025-12-05T06:37:18.175397,-1.567,-3.674,1.270,0.999
2025-12-05T06:37:18.192658,-1.567,-3.674,1.270,0.998
2025-12-05T06:37:18.210063,-1.567,-3.674,1.270,0.997
2025-12-05T06:37:18.227504,-1.567,-3.674,1.270,0.996
2025-12-05T06:37:18.242703,-1.567,-3.674,1.270,0.995
2025-12-05T06:37:18.257713,-1.567,-3.674,1.270,0.994
2025-12-05T06:37:18.278287,-1.567,-3.674,1.270,0.992
2025-12-05T06:37:18.288980,-1.567,-3.674,1.270,0.990
2025-12-05T06:37:18.301976,-1.567,-3.674,1.270,0.988
2025-12-05T06:37:18.320634,-1.567,-3.674,1.270,0.985
2025-12-05T06:37:18.336569,-1.567,-3.674,1.270,0.983
2025-12-05T06:37:18.353088,-1.567,-3.675,1.270,0.980
2025-12-05T06:37:18.366283,-1.567,-3.675,1.270,0.977
2025-12-05T06:37:18.383271,-1.567,-3.675,1.270,0.974
2025-12-05T06:37:18.400687,-1.567,-3.675,1.270,0.970
2025-12-05T06:37:18.417627,-1.567,-3.675,1.270,0.967
2025-12-05T06:37:18.434074,-1.567,-3.675,1.270,0.963
2025-12-05T06:37:18.451612,-1.567,-3.675,1.270,0.959
2025-12-05T06:37:18.472893,-1.567,-3.675,1.270,0.955
2025-12-05T06:37:18.488575,-1.567,-3.675,1.270,0.951
2025-12-05T06:37:18.505760,-1.567,-3.675,1.270,0.946
2025-12-05T06:37:18.523127,-1.567,-3.675,1.270,0.941
2025-12-05T06:37:18.541711,-1.567,-3.675,1.270,0.936
2025-12-05T06:37:18.557065,-1.567,-3.675,1.270,0.931
2025-12-05T06:37:18.580954,-1.567,-3.675,1.270,0.926
2025-12-05T06:37:18.592955,-1.567,-3.675,1.270,0.920
2025-12-05T06:37:18.606993,-1.567,-3.675,1.270,0.915
2025-12-05T06:37:18.621561,-1.568,-3.675,1.270,0.909
2025-12-05T06:37:18.636689,-1.568,-3.676,1.270,0.903
2025-12-05T06:37:18.650990,-1.568,-3.676,1.270,0.896
2025-12-05T06:37:18.663138,-1.568,-3.676,1.270,0.890
2025-12-05T06:37:18.675781,-1.568,-3.676,1.270,0.883
2025-12-05T06:37:18.690689,-1.568,-3.676,1.270,0.876
2025-12-05T06:37:18.709200,-1.568,-3.676,1.270,0.869
2025-12-05T06:37:18.721598,-1.568,-3.676,1.270,0.862
2025-12-05T06:37:18.738095,-1.568,-3.676,1.270,0.855
2025-12-05T06:37:18.755484,-1.568,-3.676,1.270,0.847
2025-12-05T06:37:18.771916,-1.568,-3.676,1.270,0.839
2025-12-05T06:37:18.789992,-1.568,-3.676,1.270,0.831
2025-12-05T06:37:18.807019,-1.568,-3.676,1.270,0.823
2025-12-05T06:37:18.825483,-1.568,-3.676,1.270,0.815
2025-12-05T06:37:18.842087,-1.568,-3.676,1.270,0.807
2025-12-05T06:37:18.859281,-1.568,-3.676,1.270,0.798
2025-12-05T06:37:18.875346,-1.568,-3.676,1.270,0.789
2025-12-05T06:37:18.892793,-1.568,-3.676,1.270,0.780
2025-12-05T06:37:18.909529,-1.568,-3.676,1.270,0.771
2025-12-05T06:37:18.925431,-1.568,-3.676,1.270,0.762
2025-12-05T06:37:18.939071,-1.568,-3.676,1.270,0.753
2025-12-05T06:37:18.953814,-1.568,-3.676,1.270,0.743
2025-12-05T06:37:18.970222,-1.568,-3.676,1.270,0.733
2025-12-05T06:37:18.986581,-1.568,-3.676,1.270,0.723
2025-12-05T06:37:19.004695,-1.568,-3.676,1.270,0.713
2025-12-05T06:37:19.022750,-1.568,-3.676,1.270,0.703
2025-12-05T06:37:19.041141,-1.568,-3.676,1.270,0.693
2025-12-05T06:37:19.055385,-1.568,-3.676,1.270,0.683
2025-12-05T06:37:19.073062,-1.568,-3.676,1.270,0.672
2025-12-05T06:37:19.093074,-1.568,-3.676,1.270,0.661
2025-12-05T06:37:19.110973,-1.568,-3.676,1.270,0.650
2025-12-05T06:37:19.125899,-1.568,-3.676,1.270,0.639
2025-12-05T06:37:19.144204,-1.566,-3.667,1.270,0.639
2025-12-05T06:37:19.158988,-1.564,-3.659,1.270,0.639
2025-12-05T06:37:19.175913,-1.563,-3.650,1.270,0.639
2025-12-05T06:37:19.195610,-1.561,-3.641,1.270,0.639
2025-12-05T06:37:19.210862,-1.559,-3.632,1.270,0.639
2025-12-05T06:37:19.224207,-1.558,-3.623,1.270,0.639
2025-12-05T06:37:19.239784,-1.556,-3.614,1.270,0.639
2025-12-05T06:37:19.252739,-1.554,-3.605,1.270,0.639
2025-12-05T06:37:19.268518,-1.553,-3.596,1.270,0.639
2025-12-05T06:37:19.284146,-1.551,-3.587,1.270,0.639
2025-12-05T06:37:19.301165,-1.549,-3.578,1.270,0.639
2025-12-05T06:37:19.318359,-1.548,-3.569,1.270,0.639
2025-12-05T06:37:19.336745,-1.546,-3.560,1.270,0.639
2025-12-05T06:37:19.357571,-1.544,-3.551,1.270,0.639
2025-12-05T06:37:19.372157,-1.543,-3.542,1.270,0.639
2025-12-05T06:37:19.387660,-1.541,-3.533,1.270,0.639
2025-12-05T06:37:19.404731,-1.539,-3.524,1.270,0.639
2025-12-05T06:37:19.425028,-1.538,-3.515,1.270,0.639
2025-12-05T06:37:19.441589,-1.536,-3.506,1.270,0.639
2025-12-05T06:37:19.458340,-1.534,-3.496,1.270,0.639
2025-12-05T06:37:19.473001,-1.532,-3.487,1.270,0.639
2025-12-05T06:37:19.485987,-1.531,-3.478,1.270,0.639
2025-12-05T06:37:19.501147,-1.529,-3.469,1.270,0.639
2025-12-05T06:37:19.515551,-1.527,-3.460,1.270,0.639
2025-12-05T06:37:19.531678,-1.526,-3.450,1.270,0.639
2025-12-05T06:37:19.549499,-1.524,-3.441,1.270,0.639
2025-12-05T06:37:19.565500,-1.522,-3.432,1.270,0.639
2025-12-05T06:37:19.582433,-1.520,-3.423,1.270,0.639
2025-12-05T06:37:19.599515,-1.519,-3.413,1.270,0.639
2025-12-05T06:37:19.619418,-1.517,-3.404,1.270,0.639
2025-12-05T06:37:19.637556,-1.515,-3.395,1.270,0.639
2025-12-05T06:37:19.657016,-1.514,-3.386,1.270,0.639
2025-12-05T06:37:19.673456,-1.512,-3.376,1.270,0.639
2025-12-05T06:37:19.691628,-1.510,-3.367,1.270,0.639
2025-12-05T06:37:19.706741,-1.508,-3.358,1.270,0.639
2025-12-05T06:37:19.721469,-1.507,-3.348,1.270,0.639
2025-12-05T06:37:19.737664,-1.505,-3.339,1.270,0.639
2025-12-05T06:37:19.751692,-1.503,-3.330,1.270,0.639
2025-12-05T06:37:19.765946,-1.501,-3.320,1.270,0.639
2025-12-05T06:37:19.783838,-1.500,-3.311,1.270,0.639
2025-12-05T06:37:19.798206,-1.498,-3.302,1.270,0.639
2025-12-05T06:37:19.819729,-1.496,-3.292,1.270,0.639
2025-12-05T06:37:19.834420,-1.494,-3.283,1.270,0.639
2025-12-05T06:37:19.851953,-1.493,-3.273,1.270,0.639
2025-12-05T06:37:19.869127,-1.491,-3.264,1.270,0.639
2025-12-05T06:37:19.886737,-1.489,-3.255,1.270,0.639
2025-12-05T06:37:19.903386,-1.488,-3.245,1.270,0.639
2025-12-05T06:37:19.920449,-1.486,-3.236,1.270,0.639
2025-12-05T06:37:19.935471,-1.484,-3.226,1.270,0.639
2025-12-05T06:37:19.951859,-1.482,-3.217,1.270,0.639
2025-12-05T06:37:19.965507,-1.481,-3.208,1.270,0.639
2025-12-05T06:37:19.980431,-1.479,-3.198,1.270,0.639
2025-12-05T06:37:19.995884,-1.477,-3.189,1.270,0.639
2025-12-05T06:37:20.013307,-1.475,-3.179,1.270,0.639
2025-12-05T06:37:20.029043,-1.474,-3.170,1.270,0.639
2025-12-05T06:37:20.046569,-1.472,-3.160,1.270,0.639
2025-12-05T06:37:20.063752,-1.470,-3.151,1.270,0.639
2025-12-05T06:37:20.082214,-1.468,-3.142,1.270,0.639
2025-12-05T06:37:20.101393,-1.466,-3.132,1.270,0.639
2025-12-05T06:37:20.122202,-1.465,-3.123,1.270,0.639
2025-12-05T06:37:20.140355,-1.463,-3.113,1.270,0.639
2025-12-05T06:37:20.159427,-1.461,-3.104,1.270,0.639
2025-12-05T06:37:20.174261,-1.459,-3.094,1.270,0.639
2025-12-05T06:37:20.190380,-1.458,-3.085,1.270,0.639
2025-12-05T06:37:20.204630,-1.456,-3.075,1.270,0.639
2025-12-05T06:37:20.219666,-1.454,-3.066,1.270,0.639
2025-12-05T06:37:20.233781,-1.452,-3.056,1.270,0.639
2025-12-05T06:37:20.248037,-1.451,-3.047,1.270,0.639
2025-12-05T06:37:20.263343,-1.449,-3.037,1.270,0.639
2025-12-05T06:37:20.279282,-1.447,-3.028,1.270,0.639
2025-12-05T06:37:20.295259,-1.445,-3.018,1.270,0.639
2025-12-05T06:37:20.311037,-1.444,-3.009,1.270,0.639
2025-12-05T06:37:20.329059,-1.442,-2.999,1.270,0.639
2025-12-05T06:37:20.348343,-1.440,-2.990,1.270,0.639
2025-12-05T06:37:20.364424,-1.438,-2.980,1.270,0.639
2025-12-05T06:37:20.384254,-1.437,-2.971,1.270,0.639
2025-12-05T06:37:20.416930,-1.435,-2.961,1.270,0.639
2025-12-05T06:37:20.434044,-1.433,-2.952,1.270,0.639
2025-12-05T06:37:20.454690,-1.431,-2.942,1.270,0.639
2025-12-05T06:37:20.471396,-1.430,-2.933,1.270,0.639
2025-12-05T06:37:20.487932,-1.428,-2.923,1.270,0.639
2025-12-05T06:37:20.505769,-1.426,-2.914,1.270,0.639
2025-12-05T06:37:20.519839,-1.424,-2.904,1.270,0.639
2025-12-05T06:37:20.538573,-1.422,-2.895,1.270,0.639
2025-12-05T06:37:20.552983,-1.421,-2.885,1.270,0.639
2025-12-05T06:37:20.568347,-1.419,-2.876,1.270,0.639
2025-12-05T06:37:20.582533,-1.417,-2.866,1.270,0.639
2025-12-05T06:37:20.596131,-1.415,-2.857,1.270,0.639
2025-12-05T06:37:20.610547,-1.414,-2.847,1.270,0.639
2025-12-05T06:37:20.626025,-1.412,-2.838,1.270,0.639
2025-12-05T06:37:20.643173,-1.410,-2.828,1.270,0.639
2025-12-05T06:37:20.659867,-1.408,-2.819,1.270,0.639
2025-12-05T06:37:20.675814,-1.407,-2.809,1.270,0.639
2025-12-05T06:37:20.690219,-1.405,-2.800,1.270,0.639
2025-12-05T06:37:20.708602,-1.403,-2.790,1.270,0.639
2025-12-05T06:37:20.725038,-1.401,-2.781,1.270,0.639
2025-12-05T06:37:20.741548,-1.399,-2.771,1.270,0.639
2025-12-05T06:37:20.761633,-1.398,-2.762,1.270,0.639
2025-12-05T06:37:20.781100,-1.396,-2.752,1.270,0.639
2025-12-05T06:37:20.795557,-1.394,-2.743,1.270,0.639
2025-12-05T06:37:20.811622,-1.392,-2.733,1.270,0.639
2025-12-05T06:37:20.829762,-1.391,-2.724,1.270,0.639
2025-12-05T06:37:20.846524,-1.389,-2.714,1.270,0.639
2025-12-05T06:37:20.862075,-1.387,-2.705,1.270,0.639
2025-12-05T06:37:20.878447,-1.385,-2.695,1.270,0.639
2025-12-05T06:37:20.893723,-1.384,-2.685,1.270,0.639
2025-12-05T06:37:20.908225,-1.382,-2.676,1.270,0.639
2025-12-05T06:37:20.923016,-1.380,-2.666,1.270,0.639
2025-12-05T06:37:20.938635,-1.378,-2.657,1.270,0.639
2025-12-05T06:37:20.953649,-1.376,-2.647,1.270,0.639
2025-12-05T06:37:20.971007,-1.375,-2.638,1.270,0.639
2025-12-05T06:37:20.987937,-1.373,-2.628,1.270,0.639
2025-12-05T06:37:21.005620,-1.371,-2.619,1.270,0.639
2025-12-05T06:37:21.024587,-1.369,-2.609,1.270,0.639
2025-12-05T06:37:21.041766,-1.368,-2.600,1.270,0.639
2025-12-05T06:37:21.064372,-1.366,-2.590,1.270,0.639
2025-12-05T06:37:21.079271,-1.364,-2.581,1.270,0.639
2025-12-05T06:37:21.097829,-1.362,-2.571,1.270,0.639
2025-12-05T06:37:21.116409,-1.361,-2.562,1.270,0.639
2025-12-05T06:37:21.134028,-1.359,-2.552,1.270,0.639
2025-12-05T06:37:21.146995,-1.357,-2.542,1.270,0.639
2025-12-05T06:37:21.164612,-1.355,-2.533,1.270,0.639
2025-12-05T06:37:21.174880,-1.353,-2.523,1.270,0.639
2025-12-05T06:37:21.190532,-1.352,-2.514,1.270,0.639
2025-12-05T06:37:21.206171,-1.350,-2.504,1.270,0.639
2025-12-05T06:37:21.224447,-1.348,-2.495,1.270,0.639
2025-12-05T06:37:21.239368,-1.346,-2.485,1.270,0.639
2025-12-05T06:37:21.255680,-1.345,-2.476,1.270,0.639
2025-12-05T06:37:21.272791,-1.343,-2.466,1.270,0.639
2025-12-05T06:37:21.291570,-1.341,-2.457,1.270,0.639
2025-12-05T06:37:21.308474,-1.339,-2.447,1.270,0.639
2025-12-05T06:37:21.325963,-1.337,-2.437,1.270,0.639
2025-12-05T06:37:21.342607,-1.336,-2.428,1.270,0.639
2025-12-05T06:37:21.365211,-1.334,-2.418,1.270,0.639
2025-12-05T06:37:21.378615,-1.332,-2.409,1.270,0.639
2025-12-05T06:37:21.394696,-1.330,-2.399,1.270,0.639
2025-12-05T06:37:21.410224,-1.329,-2.390,1.270,0.639
2025-12-05T06:37:21.424592,-1.327,-2.380,1.270,0.639
2025-12-05T06:37:21.440953,-1.325,-2.371,1.270,0.639
2025-12-05T06:37:21.457164,-1.323,-2.361,1.270,0.639
2025-12-05T06:37:21.470466,-1.322,-2.352,1.270,0.639
2025-12-05T06:37:21.486338,-1.320,-2.342,1.270,0.639
2025-12-05T06:37:21.502958,-1.318,-2.332,1.270,0.639
2025-12-05T06:37:21.521486,-1.316,-2.323,1.270,0.639
2025-12-05T06:37:21.537928,-1.314,-2.313,1.270,0.639
2025-12-05T06:37:21.554698,-1.313,-2.304,1.270,0.639
2025-12-05T06:37:21.572663,-1.311,-2.294,1.270,0.639
2025-12-05T06:37:21.590847,-1.309,-2.285,1.270,0.639
2025-12-05T06:37:21.607897,-1.307,-2.275,1.270,0.639
2025-12-05T06:37:21.624064,-1.306,-2.266,1.270,0.639
2025-12-05T06:37:21.639706,-1.304,-2.256,1.270,0.639
2025-12-05T06:37:21.656995,-1.302,-2.247,1.270,0.639
2025-12-05T06:37:21.673177,-1.300,-2.237,1.270,0.639
2025-12-05T06:37:21.687844,-1.298,-2.227,1.270,0.639
2025-12-05T06:37:21.701845,-1.297,-2.218,1.270,0.639
2025-12-05T06:37:21.715901,-1.295,-2.208,1.270,0.639
2025-12-05T06:37:21.731742,-1.293,-2.199,1.270,0.639
2025-12-05T06:37:21.748819,-1.291,-2.189,1.270,0.639
2025-12-05T06:37:21.763997,-1.290,-2.180,1.270,0.639
2025-12-05T06:37:21.780771,-1.288,-2.170,1.270,0.639
2025-12-05T06:37:21.797265,-1.286,-2.161,1.270,0.639
2025-12-05T06:37:21.822214,-1.284,-2.151,1.270,0.639
2025-12-05T06:37:21.838439,-1.283,-2.142,1.270,0.639
2025-12-05T06:37:21.854652,-1.281,-2.132,1.270,0.639
2025-12-05T06:37:21.872324,-1.279,-2.122,1.270,0.639
2025-12-05T06:37:21.887166,-1.277,-2.113,1.270,0.639
2025-12-05T06:37:21.902006,-1.275,-2.103,1.270,0.639
2025-12-05T06:37:21.917967,-1.274,-2.094,1.270,0.639
2025-12-05T06:37:21.932512,-1.272,-2.084,1.270,0.639
2025-12-05T06:37:21.947278,-1.270,-2.075,1.270,0.639
2025-12-05T06:37:21.960213,-1.268,-2.065,1.270,0.639
2025-12-05T06:37:21.974344,-1.267,-2.056,1.270,0.639
2025-12-05T06:37:21.988972,-1.265,-2.046,1.270,0.639
2025-12-05T06:37:22.005025,-1.263,-2.036,1.270,0.639
2025-12-05T06:37:22.020833,-1.261,-2.027,1.270,0.639
2025-12-05T06:37:22.037926,-1.259,-2.017,1.270,0.639
2025-12-05T06:37:22.054897,-1.258,-2.008,1.270,0.639
2025-12-05T06:37:22.073193,-1.256,-1.998,1.270,0.639
2025-12-05T06:37:22.087903,-1.254,-1.989,1.270,0.639
2025-12-05T06:37:22.109011,-1.252,-1.979,1.270,0.639
2025-12-05T06:37:22.125782,-1.251,-1.970,1.270,0.639
2025-12-05T06:37:22.145555,-1.249,-1.960,1.270,0.639
2025-12-05T06:37:22.159997,-1.247,-1.951,1.270,0.639
2025-12-05T06:37:22.178098,-1.245,-1.941,1.270,0.639
2025-12-05T06:37:22.192913,-1.244,-1.931,1.270,0.639
2025-12-05T06:37:22.209758,-1.242,-1.922,1.270,0.639
2025-12-05T06:37:22.228568,-1.240,-1.912,1.270,0.639
2025-12-05T06:37:22.245739,-1.238,-1.903,1.270,0.639
2025-12-05T06:37:22.265712,-1.236,-1.893,1.270,0.639
2025-12-05T06:37:22.277510,-1.235,-1.884,1.270,0.639
2025-12-05T06:37:22.289650,-1.233,-1.874,1.270,0.639
2025-12-05T06:37:22.304489,-1.231,-1.865,1.270,0.639
2025-12-05T06:37:22.318455,-1.229,-1.855,1.270,0.639
2025-12-05T06:37:22.334980,-1.228,-1.845,1.270,0.639
2025-12-05T06:37:22.348789,-1.226,-1.836,1.270,0.639
2025-12-05T06:37:22.363644,-1.224,-1.826,1.270,0.639
2025-12-05T06:37:22.378546,-1.222,-1.817,1.270,0.639
2025-12-05T06:37:22.399720,-1.220,-1.807,1.270,0.639
2025-12-05T06:37:22.413489,-1.219,-1.798,1.270,0.639
2025-12-05T06:37:22.431814,-1.217,-1.788,1.270,0.639
2025-12-05T06:37:22.447117,-1.215,-1.779,1.270,0.639
2025-12-05T06:37:22.467321,-1.213,-1.769,1.270,0.639
2025-12-05T06:37:22.487826,-1.212,-1.760,1.270,0.639
2025-12-05T06:37:22.503282,-1.210,-1.750,1.270,0.639
2025-12-05T06:37:22.523139,-1.208,-1.740,1.270,0.639
2025-12-05T06:37:22.540940,-1.206,-1.731,1.270,0.639
2025-12-05T06:37:22.558644,-1.205,-1.721,1.270,0.639
2025-12-05T06:37:22.575016,-1.203,-1.712,1.270,0.639
2025-12-05T06:37:22.598015,-1.201,-1.702,1.270,0.639
2025-12-05T06:37:22.612023,-1.199,-1.693,1.270,0.639
2025-12-05T06:37:22.628515,-1.197,-1.683,1.270,0.639
2025-12-05T06:37:22.642533,-1.196,-1.674,1.270,0.639
2025-12-05T06:37:22.656902,-1.194,-1.664,1.270,0.639
2025-12-05T06:37:22.671704,-1.192,-1.654,1.270,0.639
2025-12-05T06:37:22.686501,-1.190,-1.645,1.270,0.639
2025-12-05T06:37:22.701539,-1.189,-1.635,1.270,0.639
2025-12-05T06:37:22.716006,-1.187,-1.626,1.270,0.639
2025-12-05T06:37:22.731798,-1.185,-1.616,1.270,0.639
2025-12-05T06:37:22.745447,-1.183,-1.607,1.270,0.639
2025-12-05T06:37:22.764025,-1.181,-1.597,1.270,0.639
2025-12-05T06:37:22.788473,-1.180,-1.588,1.270,0.639
2025-12-05T06:37:22.806338,-1.178,-1.578,1.270,0.639
2025-12-05T06:37:22.824196,-1.176,-1.568,1.270,0.639
2025-12-05T06:37:22.840309,-1.174,-1.559,1.270,0.639
2025-12-05T06:37:22.856825,-1.173,-1.549,1.270,0.639
2025-12-05T06:37:22.872375,-1.171,-1.540,1.270,0.639
2025-12-05T06:37:22.887435,-1.169,-1.530,1.270,0.639
2025-12-05T06:37:22.910827,-1.167,-1.521,1.270,0.639
2025-12-05T06:37:22.927278,-1.165,-1.511,1.270,0.639
2025-12-05T06:37:22.941936,-1.164,-1.502,1.270,0.639
2025-12-05T06:37:22.953975,-1.162,-1.492,1.270,0.639
2025-12-05T06:37:22.967225,-1.160,-1.483,1.270,0.639
2025-12-05T06:37:22.979674,-1.158,-1.473,1.270,0.639
2025-12-05T06:37:22.993491,-1.157,-1.463,1.270,0.639
2025-12-05T06:37:23.008168,-1.155,-1.454,1.270,0.639
2025-12-05T06:37:23.023276,-1.153,-1.444,1.270,0.639
2025-12-05T06:37:23.037879,-1.151,-1.435,1.270,0.639
2025-12-05T06:37:23.054113,-1.150,-1.425,1.270,0.639
2025-12-05T06:37:23.070915,-1.148,-1.416,1.270,0.639
2025-12-05T06:37:23.087590,-1.146,-1.406,1.270,0.639
2025-12-05T06:37:23.104923,-1.144,-1.397,1.270,0.639
2025-12-05T06:37:23.123450,-1.142,-1.387,1.270,0.639
2025-12-05T06:37:23.139211,-1.141,-1.377,1.270,0.639
2025-12-05T06:37:23.161669,-1.139,-1.368,1.270,0.639
2025-12-05T06:37:23.176647,-1.137,-1.358,1.270,0.639
2025-12-05T06:37:23.197695,-1.135,-1.349,1.270,0.639
2025-12-05T06:37:23.216340,-1.134,-1.339,1.270,0.639
2025-12-05T06:37:23.233768,-1.132,-1.330,1.270,0.639
2025-12-05T06:37:23.249540,-1.130,-1.320,1.270,0.639
2025-12-05T06:37:23.267825,-1.128,-1.311,1.270,0.639
2025-12-05T06:37:23.288901,-1.126,-1.301,1.270,0.639
2025-12-05T06:37:23.302732,-1.125,-1.291,1.270,0.639
2025-12-05T06:37:23.321511,-1.123,-1.282,1.270,0.639
2025-12-05T06:37:23.333798,-1.121,-1.272,1.270,0.639
2025-12-05T06:37:23.348643,-1.119,-1.263,1.270,0.639
2025-12-05T06:37:23.360343,-1.118,-1.253,1.270,0.639
2025-12-05T06:37:23.376243,-1.116,-1.244,1.270,0.639
2025-12-05T06:37:23.391473,-1.114,-1.234,1.270,0.639
2025-12-05T06:37:23.408761,-1.112,-1.225,1.270,0.639
2025-12-05T06:37:23.425715,-1.110,-1.215,1.270,0.639
2025-12-05T06:37:23.441727,-1.109,-1.206,1.270,0.639
2025-12-05T06:37:23.458591,-1.107,-1.196,1.270,0.639
2025-12-05T06:37:23.475595,-1.105,-1.186,1.270,0.639
2025-12-05T06:37:23.492157,-1.103,-1.177,1.270,0.639
2025-12-05T06:37:23.510498,-1.102,-1.167,1.270,0.639
2025-12-05T06:37:23.529602,-1.100,-1.158,1.270,0.639
2025-12-05T06:37:23.548356,-1.098,-1.148,1.270,0.639
2025-12-05T06:37:23.564341,-1.096,-1.139,1.270,0.639
2025-12-05T06:37:23.579850,-1.095,-1.129,1.270,0.639
2025-12-05T06:37:23.595032,-1.093,-1.120,1.270,0.639
2025-12-05T06:37:23.609748,-1.091,-1.110,1.270,0.639
2025-12-05T06:37:23.625006,-1.089,-1.100,1.270,0.639
2025-12-05T06:37:23.637937,-1.087,-1.091,1.270,0.639
2025-12-05T06:37:23.653829,-1.086,-1.081,1.270,0.639
2025-12-05T06:37:23.669853,-1.084,-1.072,1.270,0.639
2025-12-05T06:37:23.686640,-1.082,-1.064,1.270,0.639
2025-12-05T06:37:23.702342,-1.080,-1.056,1.270,0.639
2025-12-05T06:37:23.719701,-1.080,-1.056,1.270,0.639
2025-12-05T06:37:23.736897,-1.080,-1.056,1.270,0.639
2025-12-05T06:37:23.754302,-1.080,-1.056,1.270,0.639
2025-12-05T06:37:23.772340,-1.080,-1.056,1.270,0.639
2025-12-05T06:37:23.792007,-1.080,-1.056,1.270,0.639
2025-12-05T06:37:23.809667,-1.080,-1.056,1.270,0.639
2025-12-05T06:37:23.826184,-1.080,-1.056,1.270,0.639
2025-12-05T06:37:23.850335,-1.080,-1.056,1.270,0.639
2025-12-05T06:37:23.864670,-1.080,-1.056,1.270,0.639
2025-12-05T06:37:23.892571,-1.080,-1.056,1.270,0.639
2025-12-05T06:37:23.905924,-1.080,-1.056,1.270,0.639
2025-12-05T06:37:23.921016,-1.080,-1.056,1.270,0.639
2025-12-05T06:37:23.934833,-1.080,-1.056,1.270,0.639
2025-12-05T06:37:23.947282,-1.080,-1.056,1.270,0.639
2025-12-05T06:37:23.960476,-1.080,-1.056,1.270,0.639
2025-12-05T06:37:23.973866,-1.080,-1.056,1.270,0.639
2025-12-05T06:37:23.986034,-1.080,-1.056,1.270,0.639
2025-12-05T06:37:24.000050,-1.080,-1.056,1.270,0.639
2025-12-05T06:37:24.015393,-1.080,-1.056,1.270,0.639
2025-12-05T06:37:24.028304,-1.080,-1.056,1.270,0.639
2025-12-05T06:37:24.043295,-1.080,-1.056,1.270,0.639
2025-12-05T06:37:24.058091,-1.080,-1.056,1.270,0.639
2025-12-05T06:37:24.073744,-1.080,-1.056,1.270,0.639
2025-12-05T06:37:24.089800,-1.080,-1.056,1.270,0.639
2025-12-05T06:37:24.107968,-1.080,-1.056,1.270,0.639
2025-12-05T06:37:24.125087,-1.080,-1.056,1.270,0.639
2025-12-05T06:37:24.144740,-1.080,-1.056,1.270,0.639
2025-12-05T06:37:24.160043,-1.080,-1.056,1.270,0.639
2025-12-05T06:37:24.178985,-1.080,-1.056,1.270,0.639
2025-12-05T06:37:24.196260,-1.080,-1.056,1.270,0.639
2025-12-05T06:37:24.212438,-1.080,-1.056,1.270,0.639
2025-12-05T06:37:24.231021,-1.080,-1.056,1.270,0.639
2025-12-05T06:37:24.247642,-1.080,-1.056,1.270,0.639
2025-12-05T06:37:24.263993,-1.080,-1.056,1.270,0.639
2025-12-05T06:37:24.279269,-1.080,-1.056,1.270,0.639
2025-12-05T06:37:24.295339,-1.080,-1.056,1.270,0.639
2025-12-05T06:37:24.310043,-1.080,-1.056,1.270,0.639
2025-12-05T06:37:24.325540,-1.080,-1.056,1.270,0.639
2025-12-05T06:37:24.340126,-1.080,-1.056,1.270,0.639
2025-12-05T06:37:24.357582,-1.080,-1.056,1.270,0.639
2025-12-05T06:37:24.374159,-1.080,-1.056,1.270,0.639
2025-12-05T06:37:24.392044,-1.080,-1.056,1.270,0.639
2025-12-05T06:37:24.408346,-1.080,-1.056,1.270,0.639
2025-12-05T06:37:24.427435,-1.080,-1.056,1.270,0.639
2025-12-05T06:37:24.447858,-1.080,-1.056,1.270,0.639
2025-12-05T06:37:24.463419,-1.080,-1.056,1.270,0.639
2025-12-05T06:37:24.478896,-1.080,-1.056,1.270,0.639
2025-12-05T06:37:24.497908,-1.080,-1.056,1.270,0.639
2025-12-05T06:37:24.513037,-1.080,-1.056,1.270,0.639
2025-12-05T06:37:24.528380,-1.080,-1.056,1.270,0.639
2025-12-05T06:37:24.544841,-1.080,-1.056,1.270,0.639
2025-12-05T06:37:24.560762,-1.080,-1.056,1.270,0.639
2025-12-05T06:37:24.575444,-1.080,-1.056,1.270,0.639
2025-12-05T06:37:24.588502,-1.080,-1.056,1.270,0.639
2025-12-05T06:37:24.603781,-1.080,-1.056,1.270,0.639
2025-12-05T06:37:24.623449,-1.080,-1.056,1.270,0.639
2025-12-05T06:37:24.639828,-1.080,-1.056,1.270,0.639
2025-12-05T06:37:24.657323,-1.080,-1.056,1.270,0.639
2025-12-05T06:37:24.675366,-1.080,-1.056,1.270,0.639
2025-12-05T06:37:24.693343,-1.080,-1.056,1.270,0.639
2025-12-05T06:37:24.713276,-1.080,-1.056,1.270,0.639
2025-12-05T06:37:24.729703,-1.080,-1.056,1.270,0.639
2025-12-05T06:37:24.748667,-1.080,-1.056,1.270,0.639
2025-12-05T06:37:24.764835,-1.080,-1.056,1.270,0.639
2025-12-05T06:37:24.781290,-1.080,-1.056,1.270,0.639
2025-12-05T06:37:24.795616,-1.080,-1.056,1.270,0.639
2025-12-05T06:37:24.818389,-1.080,-1.056,1.270,0.639
2025-12-05T06:37:24.840943,-1.080,-1.056,1.270,0.639
2025-12-05T06:37:24.855151,-1.080,-1.056,1.270,0.639
2025-12-05T06:37:24.868692,-1.080,-1.056,1.270,0.639
2025-12-05T06:37:24.881821,-1.080,-1.056,1.270,0.639
2025-12-05T06:37:24.894900,-1.080,-1.056,1.270,0.639
2025-12-05T06:37:24.909193,-1.080,-1.056,1.270,0.639
2025-12-05T06:37:24.922194,-1.080,-1.056,1.270,0.639
2025-12-05T06:37:24.936617,-1.080,-1.056,1.270,0.639
2025-12-05T06:37:24.950808,-1.080,-1.056,1.270,0.639
2025-12-05T06:37:24.965787,-1.080,-1.056,1.270,0.639
2025-12-05T06:37:24.981182,-1.080,-1.056,1.270,0.639
2025-12-05T06:37:24.997681,-1.080,-1.056,1.270,0.639
2025-12-05T06:37:25.015130,-1.080,-1.056,1.270,0.639
2025-12-05T06:37:25.032019,-1.080,-1.056,1.270,0.639
2025-12-05T06:37:25.056361,-1.080,-1.056,1.270,0.639
2025-12-05T06:37:25.066575,-1.080,-1.056,1.270,0.639
2025-12-05T06:37:25.084888,-1.080,-1.056,1.270,0.639
2025-12-05T06:37:25.101317,-1.080,-1.056,1.270,0.639
2025-12-05T06:37:25.120318,-1.080,-1.056,1.270,0.639
2025-12-05T06:37:25.136508,-1.080,-1.056,1.270,0.639
2025-12-05T06:37:25.153535,-1.080,-1.056,1.270,0.639
2025-12-05T06:37:25.171715,-1.080,-1.056,1.270,0.639
2025-12-05T06:37:25.186320,-1.080,-1.056,1.270,0.639
2025-12-05T06:37:25.201593,-1.080,-1.056,1.270,0.639
2025-12-05T06:37:25.215006,-1.080,-1.056,1.270,0.639
2025-12-05T06:37:25.228814,-1.080,-1.056,1.270,0.639
2025-12-05T06:37:25.245378,-1.080,-1.056,1.270,0.639
2025-12-05T06:37:25.260227,-1.080,-1.056,1.270,0.639
2025-12-05T06:37:25.276822,-1.080,-1.056,1.270,0.639
2025-12-05T06:37:25.293669,-1.080,-1.056,1.270,0.639
2025-12-05T06:37:25.311469,-1.080,-1.056,1.270,0.639
2025-12-05T06:37:25.328868,-1.080,-1.056,1.270,0.639
2025-12-05T06:37:25.346840,-1.080,-1.056,1.270,0.639
2025-12-05T06:37:25.364847,-1.080,-1.056,1.270,0.639
2025-12-05T06:37:25.383271,-1.080,-1.056,1.270,0.639
2025-12-05T06:37:25.403539,-1.080,-1.056,1.270,0.639
2025-12-05T06:37:25.420513,-1.080,-1.056,1.270,0.639
2025-12-05T06:37:25.435829,-1.080,-1.056,1.270,0.639
2025-12-05T06:37:25.453125,-1.080,-1.056,1.270,0.639
2025-12-05T06:37:25.466585,-1.080,-1.056,1.270,0.639
2025-12-05T06:37:25.483207,-1.080,-1.056,1.270,0.639
2025-12-05T06:37:25.497063,-1.080,-1.056,1.270,0.639
2025-12-05T06:37:25.512429,-1.080,-1.056,1.270,0.639
2025-12-05T06:37:25.529515,-1.080,-1.056,1.270,0.639
2025-12-05T06:37:25.545583,-1.080,-1.056,1.270,0.639
2025-12-05T06:37:25.562919,-1.080,-1.056,1.270,0.639
2025-12-05T06:37:25.580348,-1.080,-1.056,1.270,0.639
2025-12-05T06:37:25.598519,-1.080,-1.056,1.270,0.639
2025-12-05T06:37:25.614999,-1.080,-1.056,1.270,0.639
2025-12-05T06:37:25.633015,-1.080,-1.056,1.270,0.639
2025-12-05T06:37:25.649613,-1.080,-1.056,1.270,0.639
2025-12-05T06:37:25.667466,-1.080,-1.056,1.270,0.639
2025-12-05T06:37:25.691569,-1.080,-1.056,1.270,0.639
2025-12-05T06:37:25.707791,-1.080,-1.056,1.270,0.639
2025-12-05T06:37:25.722659,-1.080,-1.056,1.270,0.639
2025-12-05T06:37:25.739627,-1.080,-1.056,1.270,0.639
2025-12-05T06:37:25.754495,-1.080,-1.056,1.270,0.639
2025-12-05T06:37:25.771422,-1.080,-1.056,1.270,0.639
2025-12-05T06:37:25.787556,-1.080,-1.056,1.270,0.639
2025-12-05T06:37:25.801810,-1.080,-1.056,1.270,0.639
2025-12-05T06:37:25.816003,-1.080,-1.056,1.270,0.639
2025-12-05T06:37:25.828164,-1.080,-1.056,1.270,0.639
2025-12-05T06:37:25.844196,-1.080,-1.056,1.270,0.639
2025-12-05T06:37:25.859912,-1.080,-1.056,1.270,0.639
2025-12-05T06:37:25.875606,-1.080,-1.056,1.270,0.639
2025-12-05T06:37:25.889557,-1.080,-1.056,1.270,0.639
2025-12-05T06:37:25.905699,-1.080,-1.056,1.270,0.639
2025-12-05T06:37:25.921486,-1.080,-1.056,1.270,0.639
2025-12-05T06:37:25.938185,-1.080,-1.056,1.270,0.639
2025-12-05T06:37:25.955528,-1.080,-1.056,1.270,0.639
2025-12-05T06:37:25.972829,-1.080,-1.056,1.270,0.639
2025-12-05T06:37:25.991308,-1.080,-1.056,1.270,0.639
2025-12-05T06:37:26.008898,-1.080,-1.056,1.270,0.639
2025-12-05T06:37:26.026999,-1.080,-1.056,1.270,0.639
2025-12-05T06:37:26.045115,-1.080,-1.056,1.270,0.639
2025-12-05T06:37:26.062016,-1.080,-1.056,1.270,0.639
2025-12-05T06:37:26.079483,-1.080,-1.056,1.270,0.639
2025-12-05T06:37:26.094993,-1.080,-1.056,1.270,0.639
2025-12-05T06:37:26.111463,-1.080,-1.056,1.270,0.639
2025-12-05T06:37:26.126025,-1.080,-1.056,1.270,0.639
2025-12-05T06:37:26.141243,-1.080,-1.056,1.270,0.639
2025-12-05T06:37:26.154579,-1.080,-1.056,1.270,0.639
2025-12-05T06:37:26.170412,-1.080,-1.056,1.270,0.639
2025-12-05T06:37:26.185590,-1.080,-1.056,1.270,0.639
2025-12-05T06:37:26.202616,-1.080,-1.056,1.270,0.639
2025-12-05T06:37:26.219678,-1.080,-1.056,1.270,0.639
2025-12-05T06:37:26.237560,-1.080,-1.056,1.270,0.639
2025-12-05T06:37:26.254951,-1.080,-1.056,1.270,0.639
2025-12-05T06:37:26.272719,-1.080,-1.056,1.270,0.639
2025-12-05T06:37:26.291466,-1.080,-1.056,1.270,0.639
2025-12-05T06:37:26.312037,-1.080,-1.056,1.270,0.639
2025-12-05T06:37:26.327749,-1.080,-1.056,1.270,0.639
2025-12-05T06:37:26.344047,-1.080,-1.056,1.270,0.639
2025-12-05T06:37:26.359854,-1.080,-1.056,1.270,0.639
2025-12-05T06:37:26.375450,-1.080,-1.056,1.270,0.639
2025-12-05T06:37:26.388447,-1.080,-1.056,1.270,0.639
2025-12-05T06:37:26.402798,-1.080,-1.056,1.270,0.639
2025-12-05T06:37:26.418485,-1.080,-1.056,1.270,0.639
2025-12-05T06:37:26.432961,-1.080,-1.056,1.270,0.639
2025-12-05T06:37:26.450626,-1.080,-1.056,1.270,0.639
2025-12-05T06:37:26.468730,-1.080,-1.056,1.270,0.639
2025-12-05T06:37:26.484982,-1.080,-1.056,1.270,0.639
2025-12-05T06:37:26.501378,-1.080,-1.056,1.270,0.639
2025-12-05T06:37:26.523071,-1.080,-1.056,1.270,0.639
2025-12-05T06:37:26.537190,-1.080,-1.056,1.270,0.639
2025-12-05T06:37:26.556492,-1.080,-1.056,1.270,0.639
2025-12-05T06:37:26.573493,-1.080,-1.056,1.270,0.639
2025-12-05T06:37:26.588968,-1.080,-1.056,1.270,0.639
2025-12-05T06:37:26.605218,-1.080,-1.056,1.270,0.639
2025-12-05T06:37:26.621383,-1.080,-1.056,1.270,0.639
2025-12-05T06:37:26.637298,-1.080,-1.056,1.270,0.639
2025-12-05T06:37:26.654432,-1.080,-1.056,1.270,0.639
2025-12-05T06:37:26.669666,-1.080,-1.056,1.270,0.639
2025-12-05T06:37:26.684186,-1.080,-1.056,1.270,0.639
2025-12-05T06:37:26.698037,-1.080,-1.056,1.270,0.639
2025-12-05T06:37:26.714947,-1.080,-1.056,1.270,0.639
2025-12-05T06:37:26.738259,-1.080,-1.056,1.270,0.639
2025-12-05T06:37:26.746956,-1.080,-1.056,1.270,0.639
2025-12-05T06:37:26.763249,-1.080,-1.056,1.270,0.639
2025-12-05T06:37:26.780128,-1.080,-1.056,1.270,0.639
2025-12-05T06:37:26.797174,-1.080,-1.056,1.270,0.639
2025-12-05T06:37:26.816293,-1.080,-1.056,1.270,0.639
2025-12-05T06:37:26.833404,-1.080,-1.056,1.270,0.639
2025-12-05T06:37:26.851151,-1.080,-1.056,1.270,0.639
2025-12-05T06:37:26.866957,-1.080,-1.056,1.270,0.639
2025-12-05T06:37:26.884266,-1.080,-1.056,1.270,0.639
2025-12-05T06:37:26.900216,-1.080,-1.056,1.270,0.639
2025-12-05T06:37:26.915062,-1.080,-1.056,1.270,0.639
2025-12-05T06:37:26.935532,-1.080,-1.056,1.270,0.639
2025-12-05T06:37:26.948458,-1.080,-1.056,1.270,0.639
2025-12-05T06:37:26.962347,-1.080,-1.056,1.270,0.639
2025-12-05T06:37:26.976744,-1.080,-1.056,1.270,0.639
2025-12-05T06:37:26.991999,-1.080,-1.056,1.270,0.639
2025-12-05T06:37:27.007886,-1.080,-1.056,1.270,0.639
2025-12-05T06:37:27.024609,-1.080,-1.056,1.270,0.639
2025-12-05T06:37:27.041960,-1.080,-1.056,1.270,0.639
2025-12-05T06:37:27.060147,-1.080,-1.056,1.270,0.639
2025-12-05T06:37:27.077656,-1.080,-1.056,1.270,0.639
2025-12-05T06:37:27.095210,-1.080,-1.056,1.270,0.639
2025-12-05T06:37:27.112491,-1.080,-1.056,1.270,0.639
2025-12-05T06:37:27.135052,-1.080,-1.056,1.270,0.639
2025-12-05T06:37:27.149296,-1.080,-1.056,1.270,0.639
2025-12-05T06:37:27.166042,-1.080,-1.056,1.270,0.639
2025-12-05T06:37:27.180351,-1.080,-1.056,1.270,0.639
2025-12-05T06:37:27.195776,-1.080,-1.056,1.270,0.639
2025-12-05T06:37:27.211460,-1.080,-1.056,1.270,0.639
2025-12-05T06:37:27.226619,-1.080,-1.056,1.270,0.639
2025-12-05T06:37:27.240856,-1.080,-1.056,1.270,0.639
2025-12-05T06:37:27.254381,-1.080,-1.056,1.270,0.639
2025-12-05T06:37:27.269789,-1.080,-1.056,1.270,0.639
2025-12-05T06:37:27.285397,-1.080,-1.056,1.270,0.639
2025-12-05T06:37:27.301366,-1.080,-1.056,1.270,0.639
2025-12-05T06:37:27.318761,-1.080,-1.056,1.270,0.639
2025-12-05T06:37:27.335316,-1.080,-1.056,1.270,0.639
2025-12-05T06:37:27.352615,-1.080,-1.056,1.270,0.639
2025-12-05T06:37:27.371183,-1.080,-1.056,1.270,0.639
2025-12-05T06:37:27.390159,-1.080,-1.056,1.270,0.639
2025-12-05T06:37:27.407580,-1.080,-1.056,1.270,0.639
2025-12-05T06:37:27.424647,-1.080,-1.056,1.270,0.639
2025-12-05T06:37:27.442579,-1.080,-1.056,1.270,0.639
2025-12-05T06:37:27.458603,-1.080,-1.056,1.270,0.639
2025-12-05T06:37:27.475841,-1.080,-1.056,1.270,0.639
2025-12-05T06:37:27.491664,-1.080,-1.056,1.270,0.639
2025-12-05T06:37:27.507152,-1.080,-1.056,1.270,0.639
2025-12-05T06:37:27.523112,-1.080,-1.056,1.270,0.639
2025-12-05T06:37:27.539071,-1.080,-1.056,1.270,0.639
2025-12-05T06:37:27.559546,-1.080,-1.056,1.270,0.639
2025-12-05T06:37:27.575188,-1.080,-1.056,1.270,0.639
2025-12-05T06:37:27.589992,-1.080,-1.056,1.270,0.639
2025-12-05T06:37:27.609552,-1.080,-1.056,1.270,0.639
2025-12-05T06:37:27.625460,-1.080,-1.056,1.270,0.639
2025-12-05T06:37:27.643387,-1.080,-1.056,1.270,0.639
2025-12-05T06:37:27.661422,-1.080,-1.056,1.270,0.639
2025-12-05T06:37:27.677065,-1.080,-1.056,1.270,0.639
2025-12-05T06:37:27.694607,-1.080,-1.056,1.270,0.639
2025-12-05T06:37:27.710040,-1.080,-1.056,1.270,0.639
2025-12-05T06:37:27.724791,-1.080,-1.056,1.270,0.639
2025-12-05T06:37:27.739955,-1.080,-1.056,1.270,0.639
2025-12-05T06:37:27.755370,-1.080,-1.056,1.270,0.639
2025-12-05T06:37:27.768786,-1.080,-1.056,1.270,0.639
2025-12-05T06:37:27.785092,-1.080,-1.056,1.270,0.639
2025-12-05T06:37:27.798845,-1.080,-1.056,1.270,0.639
2025-12-05T06:37:27.820585,-1.080,-1.056,1.270,0.639
2025-12-05T06:37:27.831173,-1.080,-1.056,1.270,0.639
2025-12-05T06:37:27.848210,-1.080,-1.056,1.270,0.639
2025-12-05T06:37:27.864469,-1.080,-1.056,1.270,0.639
2025-12-05T06:37:27.880479,-1.080,-1.056,1.270,0.639
2025-12-05T06:37:27.898644,-1.080,-1.056,1.270,0.639
2025-12-05T06:37:27.915818,-1.080,-1.056,1.270,0.639
2025-12-05T06:37:27.931807,-1.080,-1.056,1.270,0.639
2025-12-05T06:37:27.949423,-1.080,-1.056,1.270,0.639
2025-12-05T06:37:27.966331,-1.080,-1.056,1.270,0.639
2025-12-05T06:37:27.983820,-1.080,-1.056,1.270,0.639
2025-12-05T06:37:27.999251,-1.080,-1.056,1.270,0.639
2025-12-05T06:37:28.014201,-1.080,-1.056,1.270,0.639
2025-12-05T06:37:28.031242,-1.080,-1.056,1.270,0.639
2025-12-05T06:37:28.046029,-1.080,-1.056,1.270,0.639
2025-12-05T06:37:28.062074,-1.080,-1.056,1.270,0.639
2025-12-05T06:37:28.077742,-1.080,-1.056,1.270,0.639
2025-12-05T06:37:28.094652,-1.080,-1.056,1.270,0.639
2025-12-05T06:37:28.115906,-1.080,-1.056,1.270,0.639
2025-12-05T06:37:28.132844,-1.080,-1.056,1.270,0.639
2025-12-05T06:37:28.149431,-1.080,-1.056,1.270,0.639
2025-12-05T06:37:28.166725,-1.080,-1.056,1.270,0.639
2025-12-05T06:37:28.184006,-1.080,-1.056,1.270,0.639
2025-12-05T06:37:28.200897,-1.080,-1.056,1.270,0.639
2025-12-05T06:37:28.217040,-1.080,-1.056,1.270,0.639
2025-12-05T06:37:28.233846,-1.080,-1.056,1.270,0.639
2025-12-05T06:37:28.259417,-1.080,-1.056,1.270,0.639
2025-12-05T06:37:28.273187,-1.080,-1.056,1.270,0.639
2025-12-05T06:37:28.287754,-1.080,-1.056,1.270,0.639
2025-12-05T06:37:28.301211,-1.080,-1.056,1.270,0.639
2025-12-05T06:37:28.315119,-1.080,-1.056,1.270,0.639
2025-12-05T06:37:28.327708,-1.080,-1.056,1.270,0.639
2025-12-05T06:37:28.341218,-1.080,-1.056,1.270,0.639
2025-12-05T06:37:28.354604,-1.080,-1.056,1.270,0.639
2025-12-05T06:37:28.369214,-1.080,-1.056,1.270,0.639
2025-12-05T06:37:28.383605,-1.080,-1.056,1.270,0.639
2025-12-05T06:37:28.400325,-1.080,-1.056,1.270,0.639
2025-12-05T06:37:28.414857,-1.080,-1.056,1.270,0.639
2025-12-05T06:37:28.431995,-1.080,-1.056,1.270,0.639
2025-12-05T06:37:28.448583,-1.080,-1.056,1.270,0.639
2025-12-05T06:37:28.465692,-1.080,-1.056,1.270,0.639
2025-12-05T06:37:28.484646,-1.080,-1.056,1.270,0.639
2025-12-05T06:37:28.501948,-1.080,-1.056,1.270,0.639
2025-12-05T06:37:28.521329,-1.080,-1.056,1.270,0.639
2025-12-05T06:37:28.537878,-1.080,-1.056,1.270,0.639
2025-12-05T06:37:28.555941,-1.080,-1.056,1.270,0.639
2025-12-05T06:37:28.571848,-1.080,-1.056,1.270,0.639
2025-12-05T06:37:28.589834,-1.080,-1.056,1.270,0.639
2025-12-05T06:37:28.604492,-1.080,-1.056,1.270,0.639
2025-12-05T06:37:28.622008,-1.080,-1.056,1.270,0.639
2025-12-05T06:37:28.638084,-1.080,-1.056,1.270,0.639
2025-12-05T06:37:28.653260,-1.080,-1.056,1.270,0.639
2025-12-05T06:37:28.668636,-1.080,-1.056,1.270,0.639
2025-12-05T06:37:28.685478,-1.080,-1.056,1.270,0.639
2025-12-05T06:37:28.701823,-1.080,-1.056,1.270,0.639
2025-12-05T06:37:28.718757,-1.080,-1.056,1.270,0.639
2025-12-05T06:37:28.734930,-1.080,-1.056,1.270,0.639
2025-12-05T06:37:28.752941,-1.080,-1.056,1.270,0.639
2025-12-05T06:37:28.769987,-1.080,-1.056,1.270,0.639
2025-12-05T06:37:28.787220,-1.080,-1.056,1.270,0.639
2025-12-05T06:37:28.803721,-1.080,-1.056,1.270,0.639
2025-12-05T06:37:28.821537,-1.080,-1.056,1.270,0.639
2025-12-05T06:37:28.837156,-1.080,-1.056,1.270,0.639
2025-12-05T06:37:28.853918,-1.080,-1.056,1.270,0.639
2025-12-05T06:37:28.869490,-1.080,-1.056,1.270,0.639
2025-12-05T06:37:28.885084,-1.080,-1.056,1.270,0.639
2025-12-05T06:37:28.901505,-1.080,-1.056,1.270,0.639
2025-12-05T06:37:28.915856,-1.080,-1.056,1.270,0.639
2025-12-05T06:37:28.932791,-1.080,-1.056,1.270,0.639
2025-12-05T06:37:28.948686,-1.080,-1.056,1.270,0.639
2025-12-05T06:37:28.968612,-1.080,-1.056,1.270,0.639
2025-12-05T06:37:28.982919,-1.080,-1.056,1.270,0.639
2025-12-05T06:37:28.998775,-1.080,-1.056,1.270,0.639
2025-12-05T06:37:29.016280,-1.080,-1.056,1.270,0.639
2025-12-05T06:37:29.032180,-1.080,-1.056,1.270,0.639
2025-12-05T06:37:29.051349,-1.080,-1.056,1.270,0.639
2025-12-05T06:37:29.068036,-1.080,-1.056,1.270,0.639
2025-12-05T06:37:29.084707,-1.080,-1.056,1.270,0.639
2025-12-05T06:37:29.106986,-1.080,-1.056,1.270,0.639
2025-12-05T06:37:29.123615,-1.080,-1.056,1.270,0.639
2025-12-05T06:37:29.142749,-1.080,-1.056,1.270,0.639
2025-12-05T06:37:29.156329,-1.080,-1.056,1.270,0.639
2025-12-05T06:37:29.172790,-1.080,-1.056,1.270,0.639
2025-12-05T06:37:29.187745,-1.080,-1.056,1.270,0.639
2025-12-05T06:37:29.202299,-1.080,-1.056,1.270,0.639
2025-12-05T06:37:29.217558,-1.080,-1.056,1.270,0.639
2025-12-05T06:37:29.233002,-1.080,-1.056,1.270,0.639
2025-12-05T06:37:29.248399,-1.080,-1.056,1.270,0.639
2025-12-05T06:37:29.264589,-1.080,-1.056,1.270,0.639
2025-12-05T06:37:29.281279,-1.080,-1.056,1.270,0.639
2025-12-05T06:37:29.297801,-1.080,-1.056,1.270,0.639
2025-12-05T06:37:29.314248,-1.080,-1.056,1.270,0.639
2025-12-05T06:37:29.330197,-1.080,-1.056,1.270,0.639
2025-12-05T06:37:29.346666,-1.080,-1.056,1.270,0.639
2025-12-05T06:37:29.363722,-1.080,-1.056,1.270,0.639
2025-12-05T06:37:29.381122,-1.080,-1.056,1.270,0.639
2025-12-05T06:37:29.396919,-1.080,-1.056,1.270,0.639
2025-12-05T06:37:29.412362,-1.080,-1.056,1.270,0.639
2025-12-05T06:37:29.428550,-1.080,-1.056,1.270,0.639
2025-12-05T06:37:29.445035,-1.080,-1.056,1.270,0.639
2025-12-05T06:37:29.459411,-1.080,-1.056,1.270,0.639
2025-12-05T06:37:29.475679,-1.080,-1.056,1.270,0.639
2025-12-05T06:37:29.492665,-1.080,-1.056,1.270,0.639
2025-12-05T06:37:29.510043,-1.080,-1.056,1.270,0.639
2025-12-05T06:37:29.527103,-1.080,-1.056,1.270,0.639
2025-12-05T06:37:29.548523,-1.080,-1.056,1.270,0.639
2025-12-05T06:37:29.565466,-1.080,-1.056,1.270,0.639
2025-12-05T06:37:29.582716,-1.080,-1.062,1.270,0.628
2025-12-05T06:37:29.602183,-1.080,-1.069,1.270,0.617
2025-12-05T06:37:29.619464,-1.080,-1.075,1.270,0.605
2025-12-05T06:37:29.634876,-1.080,-1.082,1.270,0.594
2025-12-05T06:37:29.653970,-1.080,-1.088,1.270,0.582
2025-12-05T06:37:29.670820,-1.080,-1.093,1.270,0.571
2025-12-05T06:37:29.686532,-1.080,-1.099,1.270,0.559
2025-12-05T06:37:29.702992,-1.080,-1.104,1.270,0.547
2025-12-05T06:37:29.721699,-1.080,-1.110,1.270,0.535
2025-12-05T06:37:29.736722,-1.080,-1.115,1.270,0.522
2025-12-05T06:37:29.750570,-1.080,-1.120,1.270,0.510
2025-12-05T06:37:29.764664,-1.080,-1.124,1.270,0.498
2025-12-05T06:37:29.779813,-1.080,-1.129,1.270,0.485
2025-12-05T06:37:29.793796,-1.080,-1.133,1.270,0.472
2025-12-05T06:37:29.810133,-1.080,-1.138,1.270,0.460
2025-12-05T06:37:29.826314,-1.080,-1.142,1.270,0.447
2025-12-05T06:37:29.842119,-1.080,-1.146,1.270,0.434
2025-12-05T06:37:29.858654,-1.080,-1.149,1.270,0.421
2025-12-05T06:37:29.877181,-1.080,-1.153,1.270,0.408
2025-12-05T06:37:29.890547,-1.080,-1.157,1.270,0.395
2025-12-05T06:37:29.907279,-1.080,-1.160,1.270,0.381
2025-12-05T06:37:29.928518,-1.080,-1.164,1.270,0.368
2025-12-05T06:37:29.945633,-1.080,-1.167,1.270,0.355
2025-12-05T06:37:29.963937,-1.080,-1.170,1.270,0.341
2025-12-05T06:37:29.981924,-1.080,-1.173,1.270,0.327
2025-12-05T06:37:29.999096,-1.080,-1.176,1.270,0.314
2025-12-05T06:37:30.014708,-1.080,-1.179,1.270,0.300
2025-12-05T06:37:30.035515,-1.080,-1.181,1.270,0.286
2025-12-05T06:37:30.049870,-1.080,-1.184,1.270,0.273
2025-12-05T06:37:30.065042,-1.080,-1.186,1.270,0.259
2025-12-05T06:37:30.078197,-1.080,-1.189,1.270,0.245
2025-12-05T06:37:30.092412,-1.080,-1.191,1.270,0.231
2025-12-05T06:37:30.108869,-1.080,-1.194,1.270,0.217
2025-12-05T06:37:30.126947,-1.080,-1.196,1.270,0.203
2025-12-05T06:37:30.144760,-1.080,-1.198,1.270,0.188
2025-12-05T06:37:30.159374,-1.080,-1.200,1.270,0.174
2025-12-05T06:37:30.178330,-1.080,-1.202,1.270,0.160
2025-12-05T06:37:30.195022,-1.080,-1.204,1.270,0.146
2025-12-05T06:37:30.213274,-1.080,-1.206,1.270,0.132
2025-12-05T06:37:30.230816,-1.080,-1.208,1.270,0.117
2025-12-05T06:37:30.247730,-1.080,-1.209,1.270,0.103
2025-12-05T06:37:30.265074,-1.080,-1.211,1.270,0.089
2025-12-05T06:37:30.280833,-1.080,-1.213,1.270,0.074
2025-12-05T06:37:30.296399,-1.080,-1.214,1.270,0.060
2025-12-05T06:37:30.313326,-1.080,-1.216,1.270,0.046
2025-12-05T06:37:30.331220,-1.080,-1.217,1.270,0.031
2025-12-05T06:37:30.342700,-1.080,-1.218,1.270,0.017
2025-12-05T06:37:30.356979,-1.080,-1.220,1.270,0.002
2025-12-05T06:37:30.375052,-1.080,-1.221,1.270,-0.012
2025-12-05T06:37:30.387871,-1.080,-1.222,1.270,-0.026
2025-12-05T06:37:30.404212,-1.080,-1.224,1.270,-0.041
2025-12-05T06:37:30.419868,-1.080,-1.225,1.270,-0.055
2025-12-05T06:37:30.436949,-1.080,-1.226,1.270,-0.070
2025-12-05T06:37:30.457020,-1.080,-1.227,1.270,-0.084
2025-12-05T06:37:30.474111,-1.080,-1.228,1.270,-0.098
2025-12-05T06:37:30.491914,-1.080,-1.229,1.270,-0.113
2025-12-05T06:37:30.509490,-1.080,-1.230,1.270,-0.127
2025-12-05T06:37:30.526146,-1.080,-1.231,1.270,-0.141
2025-12-05T06:37:30.542336,-1.080,-1.232,1.270,-0.155
2025-12-05T06:37:30.559693,-1.080,-1.233,1.270,-0.170
2025-12-05T06:37:30.575493,-1.080,-1.234,1.270,-0.184
2025-12-05T06:37:30.589758,-1.080,-1.235,1.270,-0.198
2025-12-05T06:37:30.603894,-1.080,-1.235,1.270,-0.212
2025-12-05T06:37:30.619812,-1.080,-1.236,1.270,-0.226
2025-12-05T06:37:30.636428,-1.080,-1.237,1.270,-0.240
2025-12-05T06:37:30.656115,-1.080,-1.238,1.270,-0.254
2025-12-05T06:37:30.672794,-1.080,-1.238,1.270,-0.268
2025-12-05T06:37:30.689397,-1.080,-1.239,1.270,-0.282
2025-12-05T06:37:30.707319,-1.080,-1.240,1.270,-0.296
2025-12-05T06:37:30.724915,-1.080,-1.240,1.270,-0.309
2025-12-05T06:37:30.742801,-1.080,-1.241,1.270,-0.323
2025-12-05T06:37:30.761601,-1.080,-1.242,1.270,-0.337
2025-12-05T06:37:30.777619,-1.080,-1.242,1.270,-0.350
2025-12-05T06:37:30.792935,-1.080,-1.243,1.270,-0.363
2025-12-05T06:37:30.808816,-1.080,-1.243,1.270,-0.377
2025-12-05T06:37:30.826295,-1.080,-1.244,1.270,-0.390
2025-12-05T06:37:30.838383,-1.080,-1.244,1.270,-0.403
2025-12-05T06:37:30.854332,-1.080,-1.245,1.270,-0.417
2025-12-05T06:37:30.869376,-1.080,-1.245,1.270,-0.430
2025-12-05T06:37:30.885475,-1.080,-1.246,1.270,-0.443
2025-12-05T06:37:30.900941,-1.080,-1.246,1.270,-0.455
2025-12-05T06:37:30.918000,-1.080,-1.247,1.270,-0.468
2025-12-05T06:37:30.933416,-1.080,-1.247,1.270,-0.481
2025-12-05T06:37:30.951778,-1.080,-1.247,1.270,-0.493
2025-12-05T06:37:30.968392,-1.080,-1.248,1.270,-0.506
2025-12-05T06:37:30.984906,-1.080,-1.248,1.270,-0.518
2025-12-05T06:37:31.003517,-1.080,-1.248,1.270,-0.531
2025-12-05T06:37:31.020653,-1.080,-1.249,1.270,-0.543
2025-12-05T06:37:31.039624,-1.080,-1.249,1.270,-0.555
2025-12-05T06:37:31.059014,-1.080,-1.249,1.270,-0.567
2025-12-05T06:37:31.073652,-1.080,-1.250,1.270,-0.578
2025-12-05T06:37:31.088735,-1.080,-1.250,1.270,-0.590
2025-12-05T06:37:31.104902,-1.080,-1.250,1.270,-0.602
2025-12-05T06:37:31.120156,-1.080,-1.251,1.270,-0.613
2025-12-05T06:37:31.134843,-1.080,-1.251,1.270,-0.624
2025-12-05T06:37:31.150561,-1.080,-1.251,1.270,-0.636
2025-12-05T06:37:31.165330,-1.080,-1.251,1.270,-0.647
2025-12-05T06:37:31.180135,-1.080,-1.252,1.270,-0.658
2025-12-05T06:37:31.196036,-1.080,-1.252,1.270,-0.668
2025-12-05T06:37:31.214009,-1.080,-1.252,1.270,-0.679
2025-12-05T06:37:31.230867,-1.080,-1.252,1.270,-0.690
2025-12-05T06:37:31.254123,-1.080,-1.252,1.270,-0.700
2025-12-05T06:37:31.281380,-1.080,-1.253,1.270,-0.710
2025-12-05T06:37:31.297764,-1.080,-1.253,1.270,-0.720
2025-12-05T06:37:31.314514,-1.080,-1.253,1.270,-0.730
2025-12-05T06:37:31.331069,-1.080,-1.253,1.270,-0.740
2025-12-05T06:37:31.347543,-1.080,-1.253,1.270,-0.749
2025-12-05T06:37:31.362469,-1.080,-1.254,1.270,-0.759
2025-12-05T06:37:31.376703,-1.080,-1.254,1.270,-0.768
2025-12-05T06:37:31.391589,-1.080,-1.254,1.270,-0.777
2025-12-05T06:37:31.411567,-1.080,-1.254,1.270,-0.786
2025-12-05T06:37:31.423068,-1.080,-1.254,1.270,-0.795
2025-12-05T06:37:31.438336,-1.080,-1.254,1.270,-0.804
2025-12-05T06:37:31.455732,-1.080,-1.255,1.270,-0.812
2025-12-05T06:37:31.468461,-1.080,-1.255,1.270,-0.821
2025-12-05T06:37:31.484408,-1.080,-1.255,1.270,-0.829
2025-12-05T06:37:31.501885,-1.080,-1.255,1.270,-0.837
2025-12-05T06:37:31.520281,-1.080,-1.255,1.270,-0.844
2025-12-05T06:37:31.538992,-1.080,-1.255,1.270,-0.852
2025-12-05T06:37:31.556143,-1.080,-1.255,1.270,-0.860
2025-12-05T06:37:31.574502,-1.080,-1.255,1.270,-0.867
2025-12-05T06:37:31.590897,-1.080,-1.255,1.270,-0.874
2025-12-05T06:37:31.608174,-1.080,-1.256,1.270,-0.881
2025-12-05T06:37:31.624913,-1.080,-1.256,1.270,-0.888
2025-12-05T06:37:31.639746,-1.080,-1.256,1.270,-0.894
2025-12-05T06:37:31.654421,-1.080,-1.256,1.270,-0.900
2025-12-05T06:37:31.671821,-1.080,-1.256,1.270,-0.907
2025-12-05T06:37:31.688127,-1.080,-1.256,1.270,-0.913
2025-12-05T06:37:31.703931,-1.080,-1.256,1.270,-0.918
2025-12-05T06:37:31.720998,-1.080,-1.256,1.270,-0.924
2025-12-05T06:37:31.737968,-1.080,-1.256,1.270,-0.929
2025-12-05T06:37:31.754928,-1.080,-1.256,1.270,-0.935
2025-12-05T06:37:31.773790,-1.080,-1.256,1.270,-0.940
2025-12-05T06:37:31.791307,-1.080,-1.256,1.270,-0.944
2025-12-05T06:37:31.807926,-1.080,-1.257,1.270,-0.949
2025-12-05T06:37:31.825516,-1.080,-1.257,1.270,-0.954
2025-12-05T06:37:31.843992,-1.080,-1.257,1.270,-0.958
2025-12-05T06:37:31.861870,-1.080,-1.257,1.270,-0.962
2025-12-05T06:37:31.877739,-1.080,-1.257,1.270,-0.966
2025-12-05T06:37:31.893444,-1.080,-1.257,1.270,-0.969
2025-12-05T06:37:31.907964,-1.080,-1.257,1.270,-0.973
2025-12-05T06:37:31.924575,-1.080,-1.257,1.270,-0.976
2025-12-05T06:37:31.937612,-1.080,-1.257,1.270,-0.979
2025-12-05T06:37:31.954394,-1.080,-1.257,1.270,-0.982
2025-12-05T06:37:31.968827,-1.080,-1.257,1.270,-0.984
2025-12-05T06:37:31.986289,-1.080,-1.257,1.270,-0.987
2025-12-05T06:37:32.002721,-1.080,-1.257,1.270,-0.989
2025-12-05T06:37:32.019733,-1.080,-1.257,1.270,-0.991
2025-12-05T06:37:32.038515,-1.080,-1.257,1.270,-0.993
2025-12-05T06:37:32.056181,-1.080,-1.257,1.270,-0.995
2025-12-05T06:37:32.072604,-1.080,-1.257,1.270,-0.996
2025-12-05T06:37:32.089661,-1.080,-1.257,1.270,-0.997
2025-12-05T06:37:32.106815,-1.080,-1.257,1.270,-0.998
2025-12-05T06:37:32.123429,-1.080,-1.257,1.270,-0.999
2025-12-05T06:37:32.141978,-1.080,-1.258,1.270,-0.999
2025-12-05T06:37:32.156799,-1.080,-1.258,1.270,-1.000
2025-12-05T06:37:32.172264,-1.080,-1.258,1.270,-1.000
2025-12-05T06:37:32.188745,-1.080,-1.258,1.270,1.000
2025-12-05T06:37:32.211007,-1.080,-1.258,1.270,1.000
2025-12-05T06:37:32.226600,-1.080,-1.258,1.270,0.999
2025-12-05T06:37:32.240362,-1.080,-1.258,1.270,0.999
2025-12-05T06:37:32.254506,-1.080,-1.258,1.270,0.998
2025-12-05T06:37:32.269057,-1.080,-1.258,1.270,0.997
2025-12-05T06:37:32.283564,-1.080,-1.258,1.270,0.995
2025-12-05T06:37:32.307194,-1.080,-1.258,1.270,0.994
2025-12-05T06:37:32.316505,-1.080,-1.258,1.270,0.992
2025-12-05T06:37:32.333128,-1.080,-1.258,1.270,0.990
2025-12-05T06:37:32.349860,-1.080,-1.258,1.270,0.988
2025-12-05T06:37:32.367107,-1.080,-1.258,1.270,0.986
2025-12-05T06:37:32.383190,-1.080,-1.258,1.270,0.983
2025-12-05T06:37:32.398703,-1.080,-1.258,1.270,0.980
2025-12-05T06:37:32.419431,-1.080,-1.258,1.270,0.978
2025-12-05T06:37:32.436800,-1.080,-1.258,1.270,0.974
2025-12-05T06:37:32.453659,-1.080,-1.258,1.270,0.971
2025-12-05T06:37:32.470570,-1.080,-1.258,1.270,0.968
2025-12-05T06:37:32.487951,-1.080,-1.258,1.270,0.964
2025-12-05T06:37:32.513506,-1.080,-1.258,1.270,0.960
2025-12-05T06:37:32.525249,-1.088,-1.253,1.270,0.960
2025-12-05T06:37:32.539510,-1.096,-1.248,1.270,0.960
2025-12-05T06:37:32.553951,-1.103,-1.244,1.270,0.960
2025-12-05T06:37:32.569188,-1.111,-1.239,1.270,0.960
2025-12-05T06:37:32.582157,-1.118,-1.234,1.270,0.960
2025-12-05T06:37:32.597941,-1.126,-1.229,1.270,0.960
2025-12-05T06:37:32.611764,-1.134,-1.224,1.270,0.960
2025-12-05T06:37:32.628143,-1.141,-1.219,1.270,0.960
2025-12-05T06:37:32.643337,-1.149,-1.214,1.270,0.960
2025-12-05T06:37:32.659802,-1.157,-1.209,1.270,0.960
2025-12-05T06:37:32.676389,-1.165,-1.204,1.270,0.960
2025-12-05T06:37:32.692368,-1.172,-1.199,1.270,0.960
2025-12-05T06:37:32.711771,-1.180,-1.194,1.270,0.960
2025-12-05T06:37:32.732044,-1.188,-1.190,1.270,0.960
2025-12-05T06:37:32.747609,-1.196,-1.185,1.270,0.960
2025-12-05T06:37:32.767350,-1.204,-1.180,1.270,0.960
2025-12-05T06:37:32.783047,-1.211,-1.175,1.270,0.960
2025-12-05T06:37:32.800714,-1.219,-1.170,1.270,0.960
2025-12-05T06:37:32.818194,-1.227,-1.165,1.270,0.960
2025-12-05T06:37:32.834211,-1.235,-1.160,1.270,0.960
2025-12-05T06:37:32.849640,-1.243,-1.155,1.270,0.960
2025-12-05T06:37:32.883706,-1.251,-1.150,1.270,0.960
2025-12-05T06:37:32.931871,-1.258,-1.144,1.270,0.960
2025-12-05T06:37:32.945448,-1.266,-1.139,1.270,0.960
2025-12-05T06:37:32.959371,-1.274,-1.134,1.270,0.960
2025-12-05T06:37:32.972931,-1.282,-1.129,1.270,0.960
2025-12-05T06:37:32.984556,-1.290,-1.124,1.270,0.960
2025-12-05T06:37:32.998154,-1.298,-1.119,1.270,0.960
2025-12-05T06:37:33.006635,-1.306,-1.114,1.270,0.960
2025-12-05T06:37:33.018473,-1.314,-1.109,1.270,0.960
2025-12-05T06:37:33.028972,-1.322,-1.104,1.270,0.960
2025-12-05T06:37:33.040292,-1.330,-1.099,1.270,0.960
2025-12-05T06:37:33.051730,-1.338,-1.094,1.270,0.960
2025-12-05T06:37:33.062624,-1.346,-1.089,1.270,0.960
2025-12-05T06:37:33.079991,-1.354,-1.084,1.270,0.960
2025-12-05T06:37:33.092306,-1.362,-1.079,1.270,0.960
2025-12-05T06:37:33.104173,-1.369,-1.075,1.270,0.960
2025-12-05T06:37:33.124459,-1.377,-1.071,1.270,0.960
2025-12-05T06:37:33.137184,-1.385,-1.068,1.270,0.960
2025-12-05T06:37:33.152849,-1.393,-1.065,1.270,0.960
2025-12-05T06:37:33.169267,-1.401,-1.062,1.270,0.960
2025-12-05T06:37:33.185264,-1.409,-1.060,1.270,0.960
2025-12-05T06:37:33.203477,-1.417,-1.059,1.270,0.960
2025-12-05T06:37:33.220716,-1.425,-1.058,1.270,0.960
2025-12-05T06:37:33.239300,-1.433,-1.057,1.270,0.960
2025-12-05T06:37:33.257944,-1.441,-1.058,1.270,0.960
2025-12-05T06:37:33.275852,-1.449,-1.059,1.270,0.960
2025-12-05T06:37:33.292693,-1.457,-1.061,1.270,0.960
2025-12-05T06:37:33.312202,-1.465,-1.063,1.270,0.960
2025-12-05T06:37:33.324292,-1.472,-1.065,1.270,0.960
2025-12-05T06:37:33.339955,-1.480,-1.068,1.270,0.960
2025-12-05T06:37:33.355269,-1.488,-1.070,1.270,0.960
2025-12-05T06:37:33.370076,-1.496,-1.072,1.270,0.960
2025-12-05T06:37:33.384664,-1.504,-1.074,1.270,0.960
2025-12-05T06:37:33.400163,-1.512,-1.076,1.270,0.960
2025-12-05T06:37:33.417989,-1.520,-1.077,1.270,0.960
2025-12-05T06:37:33.433095,-1.528,-1.079,1.270,0.960
2025-12-05T06:37:33.448805,-1.536,-1.080,1.270,0.960
2025-12-05T06:37:33.465502,-1.544,-1.081,1.270,0.960
2025-12-05T06:37:33.484375,-1.552,-1.081,1.270,0.960
2025-12-05T06:37:33.500890,-1.560,-1.082,1.270,0.960
2025-12-05T06:37:33.519148,-1.568,-1.082,1.270,0.960
2025-12-05T06:37:33.536446,-1.576,-1.083,1.270,0.960
2025-12-05T06:37:33.554075,-1.584,-1.083,1.270,0.960
2025-12-05T06:37:33.571650,-1.592,-1.083,1.270,0.960
2025-12-05T06:37:33.591383,-1.600,-1.082,1.270,0.960
2025-12-05T06:37:33.605695,-1.608,-1.082,1.270,0.960
2025-12-05T06:37:33.619171,-1.616,-1.081,1.270,0.960
2025-12-05T06:37:33.634403,-1.624,-1.080,1.270,0.960
2025-12-05T06:37:33.649795,-1.632,-1.079,1.270,0.960
2025-12-05T06:37:33.664908,-1.640,-1.078,1.270,0.960
2025-12-05T06:37:33.679587,-1.648,-1.077,1.270,0.960
2025-12-05T06:37:33.695956,-1.656,-1.076,1.270,0.960
2025-12-05T06:37:33.711214,-1.664,-1.075,1.270,0.960
2025-12-05T06:37:33.726290,-1.664,-1.075,1.270,0.960
2025-12-05T06:37:33.745901,-1.664,-1.075,1.270,0.960
2025-12-05T06:37:33.761433,-1.664,-1.075,1.270,0.960
2025-12-05T06:37:33.778915,-1.664,-1.075,1.270,0.960
2025-12-05T06:37:33.797372,-1.664,-1.075,1.270,0.960
2025-12-05T06:37:33.815260,-1.664,-1.075,1.270,0.960
2025-12-05T06:37:33.833123,-1.664,-1.075,1.270,0.960
2025-12-05T06:37:33.847833,-1.664,-1.075,1.270,0.960
2025-12-05T06:37:33.866173,-1.664,-1.075,1.270,0.960
2025-12-05T06:37:33.879254,-1.664,-1.075,1.270,0.960
2025-12-05T06:37:33.894196,-1.664,-1.075,1.270,0.960
2025-12-05T06:37:33.907404,-1.664,-1.075,1.270,0.960
2025-12-05T06:37:33.922812,-1.664,-1.075,1.270,0.960
2025-12-05T06:37:33.938030,-1.664,-1.075,1.270,0.960
2025-12-05T06:37:33.954845,-1.664,-1.075,1.270,0.960
2025-12-05T06:37:33.971715,-1.664,-1.075,1.270,0.960
2025-12-05T06:37:33.988104,-1.664,-1.075,1.270,0.960
2025-12-05T06:37:34.005489,-1.664,-1.075,1.270,0.960
2025-12-05T06:37:34.023028,-1.664,-1.075,1.270,0.960
2025-12-05T06:37:34.041876,-1.664,-1.075,1.270,0.960
2025-12-05T06:37:34.059467,-1.664,-1.075,1.270,0.960
2025-12-05T06:37:34.077364,-1.664,-1.075,1.270,0.960
2025-12-05T06:37:34.095164,-1.664,-1.075,1.270,0.960
2025-12-05T06:37:34.112904,-1.664,-1.075,1.270,0.960
2025-12-05T06:37:34.141310,-1.664,-1.075,1.270,0.960
2025-12-05T06:37:34.156875,-1.664,-1.075,1.270,0.960
2025-12-05T06:37:34.172158,-1.664,-1.075,1.270,0.960
2025-12-05T06:37:34.187753,-1.664,-1.075,1.270,0.960
2025-12-05T06:37:34.202241,-1.664,-1.075,1.270,0.960
2025-12-05T06:37:34.215558,-1.664,-1.075,1.270,0.960
2025-12-05T06:37:34.227486,-1.664,-1.075,1.270,0.960
2025-12-05T06:37:34.240847,-1.664,-1.075,1.270,0.960
2025-12-05T06:37:34.255464,-1.664,-1.075,1.270,0.960
2025-12-05T06:37:34.267006,-1.664,-1.075,1.270,0.960
2025-12-05T06:37:34.281722,-1.664,-1.075,1.270,0.960
2025-12-05T06:37:34.295952,-1.664,-1.075,1.270,0.960
2025-12-05T06:37:34.311387,-1.664,-1.075,1.270,0.960
2025-12-05T06:37:34.326504,-1.664,-1.075,1.270,0.960
2025-12-05T06:37:34.343674,-1.664,-1.075,1.270,0.960
2025-12-05T06:37:34.363143,-1.664,-1.075,1.270,0.960
2025-12-05T06:37:34.378313,-1.664,-1.075,1.270,0.960
2025-12-05T06:37:34.396267,-1.664,-1.075,1.270,0.960
2025-12-05T06:37:34.416637,-1.664,-1.075,1.270,0.960
2025-12-05T06:37:34.433580,-1.664,-1.075,1.270,0.960
2025-12-05T06:37:34.452760,-1.664,-1.075,1.270,0.960
2025-12-05T06:37:34.473422,-1.664,-1.075,1.270,0.960
2025-12-05T06:37:34.488108,-1.664,-1.075,1.270,0.960
2025-12-05T06:37:34.503265,-1.664,-1.075,1.270,0.960
2025-12-05T06:37:34.520124,-1.664,-1.075,1.270,0.960
2025-12-05T06:37:34.535724,-1.664,-1.075,1.270,0.960
2025-12-05T06:37:34.548833,-1.664,-1.075,1.270,0.960
2025-12-05T06:37:34.562404,-1.664,-1.075,1.270,0.960
2025-12-05T06:37:34.577934,-1.664,-1.075,1.270,0.960
2025-12-05T06:37:34.592270,-1.664,-1.075,1.270,0.960
2025-12-05T06:37:34.609532,-1.664,-1.075,1.270,0.960
2025-12-05T06:37:34.626644,-1.664,-1.075,1.270,0.960
2025-12-05T06:37:34.646765,-1.664,-1.075,1.270,0.960
2025-12-05T06:37:34.668242,-1.664,-1.075,1.270,0.960
2025-12-05T06:37:34.682783,-1.664,-1.075,1.270,0.960
2025-12-05T06:37:34.698365,-1.664,-1.075,1.270,0.960
2025-12-05T06:37:34.715031,-1.664,-1.075,1.270,0.960
2025-12-05T06:37:34.730876,-1.664,-1.075,1.270,0.960
2025-12-05T06:37:34.745391,-1.664,-1.075,1.270,0.960
2025-12-05T06:37:34.759873,-1.664,-1.075,1.270,0.960
2025-12-05T06:37:34.774622,-1.664,-1.075,1.270,0.960
2025-12-05T06:37:34.787824,-1.664,-1.075,1.270,0.960
2025-12-05T06:37:34.802540,-1.664,-1.075,1.270,0.960
2025-12-05T06:37:34.817277,-1.664,-1.075,1.270,0.960
2025-12-05T06:37:34.832740,-1.664,-1.075,1.270,0.960
2025-12-05T06:37:34.850072,-1.664,-1.075,1.270,0.960
2025-12-05T06:37:34.866751,-1.664,-1.075,1.270,0.960
2025-12-05T06:37:34.884871,-1.664,-1.075,1.270,0.960
2025-12-05T06:37:34.903473,-1.664,-1.075,1.270,0.960
2025-12-05T06:37:34.921806,-1.664,-1.075,1.270,0.960
2025-12-05T06:37:34.940541,-1.664,-1.075,1.270,0.960
2025-12-05T06:37:34.957514,-1.664,-1.075,1.270,0.960
2025-12-05T06:37:34.976695,-1.664,-1.075,1.270,0.960
2025-12-05T06:37:34.989992,-1.664,-1.075,1.270,0.960
2025-12-05T06:37:35.009429,-1.664,-1.075,1.270,0.960
2025-12-05T06:37:35.026233,-1.664,-1.075,1.270,0.960
2025-12-05T06:37:35.042027,-1.664,-1.075,1.270,0.960
2025-12-05T06:37:35.055897,-1.664,-1.075,1.270,0.960
2025-12-05T06:37:35.071983,-1.664,-1.075,1.270,0.960
2025-12-05T06:37:35.086130,-1.664,-1.075,1.270,0.960
2025-12-05T06:37:35.102526,-1.664,-1.075,1.270,0.960
2025-12-05T06:37:35.118437,-1.664,-1.075,1.270,0.960
2025-12-05T06:37:35.133590,-1.664,-1.075,1.270,0.960
2025-12-05T06:37:35.149466,-1.664,-1.075,1.270,0.960
2025-12-05T06:37:35.168032,-1.664,-1.075,1.270,0.960
2025-12-05T06:37:35.185533,-1.664,-1.075,1.270,0.960
2025-12-05T06:37:35.201582,-1.664,-1.075,1.270,0.960
2025-12-05T06:37:35.219654,-1.664,-1.075,1.270,0.960
2025-12-05T06:37:35.237705,-1.664,-1.075,1.270,0.960
2025-12-05T06:37:35.255594,-1.664,-1.075,1.270,0.960
2025-12-05T06:37:35.273509,-1.664,-1.075,1.270,0.960
2025-12-05T06:37:35.294714,-1.664,-1.075,1.270,0.960
2025-12-05T06:37:35.309830,-1.664,-1.075,1.270,0.960
2025-12-05T06:37:35.325003,-1.664,-1.075,1.270,0.960
2025-12-05T06:37:35.340850,-1.664,-1.075,1.270,0.960
2025-12-05T06:37:35.355271,-1.664,-1.075,1.270,0.960
2025-12-05T06:37:35.370771,-1.664,-1.075,1.270,0.960
2025-12-05T06:37:35.384547,-1.664,-1.075,1.270,0.960
2025-12-05T06:37:35.401089,-1.664,-1.075,1.270,0.960
2025-12-05T06:37:35.416194,-1.664,-1.075,1.270,0.960
2025-12-05T06:37:35.431587,-1.664,-1.075,1.270,0.960
2025-12-05T06:37:35.449761,-1.664,-1.075,1.270,0.960
2025-12-05T06:37:35.464683,-1.664,-1.075,1.270,0.960
2025-12-05T06:37:35.482892,-1.664,-1.075,1.270,0.960
2025-12-05T06:37:35.499217,-1.664,-1.075,1.270,0.960
2025-12-05T06:37:35.516812,-1.664,-1.075,1.270,0.960
2025-12-05T06:37:35.532667,-1.664,-1.075,1.270,0.960
2025-12-05T06:37:35.552572,-1.664,-1.075,1.270,0.960
2025-12-05T06:37:35.570413,-1.664,-1.075,1.270,0.960
2025-12-05T06:37:35.583614,-1.664,-1.075,1.270,0.960
2025-12-05T06:37:35.601166,-1.664,-1.075,1.270,0.960
2025-12-05T06:37:35.618594,-1.664,-1.075,1.270,0.960
2025-12-05T06:37:35.632119,-1.664,-1.075,1.270,0.960
2025-12-05T06:37:35.647630,-1.664,-1.075,1.270,0.960
2025-12-05T06:37:35.660541,-1.664,-1.075,1.270,0.960
2025-12-05T06:37:35.676773,-1.664,-1.075,1.270,0.960
2025-12-05T06:37:35.694173,-1.664,-1.075,1.270,0.960
2025-12-05T06:37:35.714463,-1.664,-1.075,1.270,0.960
2025-12-05T06:37:35.726459,-1.664,-1.075,1.270,0.960
2025-12-05T06:37:35.743011,-1.664,-1.075,1.270,0.960
2025-12-05T06:37:35.760131,-1.664,-1.075,1.270,0.960
2025-12-05T06:37:35.778816,-1.664,-1.075,1.270,0.960
2025-12-05T06:37:35.795680,-1.664,-1.075,1.270,0.960
2025-12-05T06:37:35.812533,-1.664,-1.075,1.270,0.960
2025-12-05T06:37:35.830184,-1.664,-1.075,1.270,0.960
2025-12-05T06:37:35.846692,-1.664,-1.075,1.270,0.960
2025-12-05T06:37:35.862912,-1.664,-1.075,1.270,0.960
2025-12-05T06:37:35.878376,-1.664,-1.075,1.270,0.960
2025-12-05T06:37:35.894755,-1.664,-1.075,1.270,0.960
2025-12-05T06:37:35.914817,-1.664,-1.075,1.270,0.960
2025-12-05T06:37:35.927100,-1.664,-1.075,1.270,0.960
2025-12-05T06:37:35.941230,-1.664,-1.075,1.270,0.960
2025-12-05T06:37:35.956285,-1.664,-1.075,1.270,0.960
2025-12-05T06:37:35.970506,-1.664,-1.075,1.270,0.960
2025-12-05T06:37:35.985722,-1.664,-1.075,1.270,0.960
2025-12-05T06:37:36.001747,-1.664,-1.075,1.270,0.960
2025-12-05T06:37:36.018696,-1.664,-1.075,1.270,0.960
2025-12-05T06:37:36.036717,-1.664,-1.075,1.270,0.960
2025-12-05T06:37:36.053408,-1.664,-1.075,1.270,0.960
2025-12-05T06:37:36.071637,-1.664,-1.075,1.270,0.960
2025-12-05T06:37:36.089626,-1.664,-1.075,1.270,0.960
2025-12-05T06:37:36.106606,-1.664,-1.075,1.270,0.960
2025-12-05T06:37:36.124776,-1.664,-1.075,1.270,0.960
2025-12-05T06:37:36.143063,-1.664,-1.075,1.270,0.960
2025-12-05T06:37:36.159187,-1.664,-1.075,1.270,0.960
2025-12-05T06:37:36.176431,-1.664,-1.075,1.270,0.960
2025-12-05T06:37:36.189900,-1.664,-1.075,1.270,0.960
2025-12-05T06:37:36.205251,-1.664,-1.075,1.270,0.960
2025-12-05T06:37:36.219965,-1.664,-1.075,1.270,0.960
2025-12-05T06:37:36.234934,-1.664,-1.075,1.270,0.960
2025-12-05T06:37:36.250592,-1.664,-1.075,1.270,0.960
2025-12-05T06:37:36.266686,-1.664,-1.075,1.270,0.960
2025-12-05T06:37:36.282317,-1.664,-1.075,1.270,0.960
2025-12-05T06:37:36.300800,-1.664,-1.075,1.270,0.960
2025-12-05T06:37:36.317877,-1.664,-1.075,1.270,0.960
2025-12-05T06:37:36.335981,-1.664,-1.075,1.270,0.960
2025-12-05T06:37:36.357246,-1.664,-1.075,1.270,0.960
2025-12-05T06:37:36.371067,-1.664,-1.075,1.270,0.960
2025-12-05T06:37:36.389804,-1.664,-1.075,1.270,0.960
2025-12-05T06:37:36.406812,-1.664,-1.075,1.270,0.960
2025-12-05T06:37:36.422918,-1.664,-1.075,1.270,0.960
2025-12-05T06:37:36.440565,-1.664,-1.075,1.270,0.960
2025-12-05T06:37:36.455358,-1.664,-1.075,1.270,0.960
2025-12-05T06:37:36.471009,-1.664,-1.075,1.270,0.960
2025-12-05T06:37:36.485628,-1.664,-1.075,1.270,0.960
2025-12-05T06:37:36.501458,-1.664,-1.075,1.270,0.960
2025-12-05T06:37:36.515734,-1.664,-1.075,1.270,0.960
2025-12-05T06:37:36.537830,-1.664,-1.075,1.270,0.960
2025-12-05T06:37:36.552654,-1.664,-1.075,1.270,0.960
2025-12-05T06:37:36.569016,-1.664,-1.075,1.270,0.960
2025-12-05T06:37:36.586238,-1.664,-1.075,1.270,0.960
2025-12-05T06:37:36.601875,-1.664,-1.075,1.270,0.960
2025-12-05T06:37:36.619563,-1.664,-1.075,1.270,0.960
2025-12-05T06:37:36.636353,-1.664,-1.075,1.270,0.960
2025-12-05T06:37:36.653437,-1.664,-1.075,1.270,0.960
2025-12-05T06:37:36.668780,-1.664,-1.075,1.270,0.960
2025-12-05T06:37:36.684934,-1.664,-1.075,1.270,0.960
2025-12-05T06:37:36.701058,-1.664,-1.075,1.270,0.960
2025-12-05T06:37:36.716002,-1.664,-1.075,1.270,0.960
2025-12-05T06:37:36.732042,-1.664,-1.075,1.270,0.960
2025-12-05T06:37:36.748741,-1.664,-1.075,1.270,0.960
2025-12-05T06:37:36.765761,-1.664,-1.075,1.270,0.960
2025-12-05T06:37:36.782784,-1.664,-1.075,1.270,0.960
2025-12-05T06:37:36.799509,-1.664,-1.075,1.270,0.960
2025-12-05T06:37:36.814474,-1.664,-1.075,1.270,0.960
2025-12-05T06:37:36.833691,-1.664,-1.075,1.270,0.960
2025-12-05T06:37:36.849203,-1.664,-1.075,1.270,0.960
2025-12-05T06:37:36.866742,-1.664,-1.075,1.270,0.960
2025-12-05T06:37:36.882917,-1.664,-1.075,1.270,0.960
2025-12-05T06:37:36.899979,-1.664,-1.075,1.270,0.960
2025-12-05T06:37:36.916273,-1.664,-1.075,1.270,0.960
2025-12-05T06:37:36.931278,-1.664,-1.075,1.270,0.960
2025-12-05T06:37:36.946228,-1.664,-1.075,1.270,0.960
2025-12-05T06:37:36.960510,-1.664,-1.075,1.270,0.960
2025-12-05T06:37:36.976248,-1.664,-1.075,1.270,0.960
2025-12-05T06:37:36.992045,-1.664,-1.075,1.270,0.960
2025-12-05T06:37:37.008546,-1.664,-1.075,1.270,0.960
2025-12-05T06:37:37.024683,-1.664,-1.075,1.270,0.960
2025-12-05T06:37:37.042510,-1.664,-1.075,1.270,0.960
2025-12-05T06:37:37.060240,-1.664,-1.075,1.270,0.960
2025-12-05T06:37:37.077815,-1.664,-1.075,1.270,0.960
2025-12-05T06:37:37.097555,-1.664,-1.075,1.270,0.960
2025-12-05T06:37:37.114727,-1.664,-1.075,1.270,0.960
2025-12-05T06:37:37.132812,-1.664,-1.075,1.270,0.960
2025-12-05T06:37:37.148547,-1.664,-1.075,1.270,0.960
2025-12-05T06:37:37.171142,-1.664,-1.075,1.270,0.960
2025-12-05T06:37:37.189993,-1.664,-1.075,1.270,0.960
2025-12-05T06:37:37.206325,-1.664,-1.075,1.270,0.960
2025-12-05T06:37:37.219923,-1.664,-1.075,1.270,0.960
2025-12-05T06:37:37.233659,-1.664,-1.075,1.270,0.960
2025-12-05T06:37:37.258634,-1.664,-1.075,1.270,0.960
2025-12-05T06:37:37.274709,-1.664,-1.075,1.270,0.960
2025-12-05T06:37:37.289002,-1.664,-1.075,1.270,0.960
2025-12-05T06:37:37.309915,-1.664,-1.075,1.270,0.960
2025-12-05T06:37:37.312981,-1.664,-1.075,1.270,0.960
2025-12-05T06:37:37.327751,-1.664,-1.075,1.270,0.960
2025-12-05T06:37:37.341839,-1.664,-1.075,1.270,0.960
2025-12-05T06:37:37.357533,-1.664,-1.075,1.270,0.960
2025-12-05T06:37:37.372655,-1.664,-1.075,1.270,0.960
2025-12-05T06:37:37.389238,-1.664,-1.075,1.270,0.960
2025-12-05T06:37:37.404989,-1.664,-1.075,1.270,0.960
2025-12-05T06:37:37.423201,-1.664,-1.075,1.270,0.960
2025-12-05T06:37:37.439503,-1.664,-1.075,1.270,0.960
2025-12-05T06:37:37.457685,-1.664,-1.075,1.270,0.960
2025-12-05T06:37:37.475676,-1.664,-1.075,1.270,0.960
2025-12-05T06:37:37.493694,-1.664,-1.075,1.270,0.960
2025-12-05T06:37:37.511596,-1.664,-1.075,1.270,0.960
2025-12-05T06:37:37.529448,-1.664,-1.075,1.270,0.960
2025-12-05T06:37:37.545235,-1.664,-1.075,1.270,0.960
2025-12-05T06:37:37.561964,-1.664,-1.075,1.270,0.960
2025-12-05T06:37:37.578139,-1.664,-1.075,1.270,0.960
2025-12-05T06:37:37.595157,-1.664,-1.075,1.270,0.960
2025-12-05T06:37:37.609985,-1.664,-1.075,1.270,0.960
2025-12-05T06:37:37.625610,-1.664,-1.075,1.270,0.960
2025-12-05T06:37:37.640251,-1.664,-1.075,1.270,0.960
2025-12-05T06:37:37.657695,-1.664,-1.075,1.270,0.960
2025-12-05T06:37:37.673259,-1.664,-1.075,1.270,0.960
2025-12-05T06:37:37.690409,-1.664,-1.075,1.270,0.960
2025-12-05T06:37:37.708156,-1.664,-1.075,1.270,0.960
2025-12-05T06:37:37.727837,-1.664,-1.075,1.270,0.960
2025-12-05T06:37:37.745403,-1.664,-1.075,1.270,0.960
2025-12-05T06:37:37.763026,-1.664,-1.075,1.270,0.960
2025-12-05T06:37:37.779871,-1.664,-1.075,1.270,0.960
2025-12-05T06:37:37.798243,-1.664,-1.075,1.270,0.960
2025-12-05T06:37:37.814750,-1.664,-1.075,1.270,0.960
2025-12-05T06:37:37.830430,-1.664,-1.075,1.270,0.960
2025-12-05T06:37:37.846199,-1.664,-1.075,1.270,0.960
2025-12-05T06:37:37.860294,-1.664,-1.075,1.270,0.960
2025-12-05T06:37:37.874357,-1.664,-1.075,1.270,0.960
2025-12-05T06:37:37.889028,-1.664,-1.075,1.270,0.960
2025-12-05T06:37:37.903311,-1.664,-1.075,1.270,0.960
2025-12-05T06:37:37.918689,-1.664,-1.075,1.270,0.960
2025-12-05T06:37:37.935692,-1.664,-1.075,1.270,0.960
2025-12-05T06:37:37.952068,-1.664,-1.075,1.270,0.960
2025-12-05T06:37:37.969652,-1.664,-1.075,1.270,0.960
2025-12-05T06:37:37.987654,-1.664,-1.075,1.270,0.960
2025-12-05T06:37:38.004323,-1.664,-1.075,1.270,0.960
2025-12-05T06:37:38.021816,-1.664,-1.075,1.270,0.960
2025-12-05T06:37:38.038276,-1.664,-1.075,1.270,0.960
2025-12-05T06:37:38.056055,-1.664,-1.075,1.270,0.960
2025-12-05T06:37:38.072530,-1.664,-1.075,1.270,0.960
2025-12-05T06:37:38.093172,-1.664,-1.075,1.270,0.960
2025-12-05T06:37:38.107924,-1.664,-1.075,1.270,0.960
2025-12-05T06:37:38.125218,-1.664,-1.075,1.270,0.960
2025-12-05T06:37:38.140192,-1.664,-1.075,1.270,0.960
2025-12-05T06:37:38.155619,-1.664,-1.075,1.270,0.960
2025-12-05T06:37:38.170559,-1.664,-1.075,1.270,0.960
2025-12-05T06:37:38.187048,-1.664,-1.075,1.270,0.960
2025-12-05T06:37:38.203863,-1.664,-1.075,1.270,0.960
2025-12-05T06:37:38.221507,-1.664,-1.075,1.270,0.960
2025-12-05T06:37:38.237233,-1.664,-1.075,1.270,0.960
2025-12-05T06:37:38.255629,-1.664,-1.075,1.270,0.960
2025-12-05T06:37:38.271316,-1.664,-1.075,1.270,0.960
2025-12-05T06:37:38.291865,-1.664,-1.075,1.270,0.960
2025-12-05T06:37:38.308252,-1.664,-1.075,1.270,0.960
2025-12-05T06:37:38.326081,-1.664,-1.075,1.270,0.960
2025-12-05T06:37:38.343589,-1.664,-1.075,1.270,0.960
2025-12-05T06:37:38.359790,-1.664,-1.075,1.270,0.960
2025-12-05T06:37:38.377066,-1.664,-1.075,1.270,0.960
2025-12-05T06:37:38.401300,-1.664,-1.075,1.270,0.960
2025-12-05T06:37:38.415720,-1.664,-1.075,1.270,0.960
2025-12-05T06:37:38.429782,-1.664,-1.075,1.270,0.960
2025-12-05T06:37:38.444036,-1.664,-1.075,1.270,0.960
2025-12-05T06:37:38.457435,-1.664,-1.075,1.270,0.960
2025-12-05T06:37:38.471201,-1.664,-1.075,1.270,0.960
2025-12-05T06:37:38.485179,-1.664,-1.075,1.270,0.960
2025-12-05T06:37:38.500062,-1.664,-1.075,1.270,0.960
2025-12-05T06:37:38.515254,-1.664,-1.075,1.270,0.960
2025-12-05T06:37:38.531172,-1.664,-1.075,1.270,0.960
2025-12-05T06:37:38.549621,-1.664,-1.075,1.270,0.960
2025-12-05T06:37:38.565992,-1.664,-1.075,1.270,0.960
2025-12-05T06:37:38.584393,-1.664,-1.075,1.270,0.960
2025-12-05T06:37:38.602546,-1.664,-1.075,1.270,0.960
2025-12-05T06:37:38.621708,-1.664,-1.075,1.270,0.960
2025-12-05T06:37:38.642022,-1.664,-1.075,1.270,0.960
2025-12-05T06:37:38.659295,-1.664,-1.075,1.270,0.960
2025-12-05T06:37:38.675837,-1.664,-1.075,1.270,0.960
2025-12-05T06:37:38.692320,-1.664,-1.075,1.270,0.960
2025-12-05T06:37:38.709288,-1.664,-1.075,1.270,0.960
2025-12-05T06:37:38.723597,-1.664,-1.075,1.270,0.960
2025-12-05T06:37:38.738481,-1.664,-1.075,1.270,0.960
2025-12-05T06:37:38.753670,-1.664,-1.075,1.270,0.960
2025-12-05T06:37:38.768269,-1.664,-1.075,1.270,0.960
2025-12-05T06:37:38.783232,-1.664,-1.075,1.270,0.960
2025-12-05T06:37:38.800002,-1.664,-1.075,1.270,0.960
2025-12-05T06:37:38.818176,-1.664,-1.075,1.270,0.960
2025-12-05T06:37:38.831913,-1.664,-1.075,1.270,0.960
2025-12-05T06:37:38.849747,-1.664,-1.075,1.270,0.960
2025-12-05T06:37:38.867292,-1.664,-1.075,1.270,0.960
2025-12-05T06:37:38.885532,-1.664,-1.075,1.270,0.960
2025-12-05T06:37:38.903712,-1.664,-1.075,1.270,0.960
2025-12-05T06:37:38.920711,-1.664,-1.075,1.270,0.960
2025-12-05T06:37:38.939913,-1.664,-1.075,1.270,0.960
2025-12-05T06:37:38.954920,-1.664,-1.075,1.270,0.960
2025-12-05T06:37:38.970929,-1.664,-1.075,1.270,0.960
2025-12-05T06:37:38.987373,-1.664,-1.075,1.270,0.960
2025-12-05T06:37:39.002678,-1.664,-1.075,1.270,0.960
2025-12-05T06:37:39.020084,-1.664,-1.075,1.270,0.960
2025-12-05T06:37:39.032905,-1.664,-1.075,1.270,0.960
2025-12-05T06:37:39.046487,-1.664,-1.075,1.270,0.960
2025-12-05T06:37:39.062316,-1.664,-1.075,1.270,0.960
2025-12-05T06:37:39.077755,-1.664,-1.075,1.270,0.960
2025-12-05T06:37:39.094724,-1.664,-1.075,1.270,0.960
2025-12-05T06:37:39.110822,-1.664,-1.075,1.270,0.960
2025-12-05T06:37:39.128813,-1.664,-1.075,1.270,0.960
2025-12-05T06:37:39.147198,-1.664,-1.075,1.270,0.960
2025-12-05T06:37:39.164057,-1.664,-1.075,1.270,0.960
2025-12-05T06:37:39.184601,-1.664,-1.075,1.270,0.960
2025-12-05T06:37:39.200557,-1.664,-1.075,1.270,0.960
2025-12-05T06:37:39.219011,-1.664,-1.075,1.270,0.960
2025-12-05T06:37:39.236156,-1.664,-1.075,1.270,0.960
2025-12-05T06:37:39.254562,-1.664,-1.075,1.270,0.960
2025-12-05T06:37:39.269745,-1.664,-1.075,1.270,0.960
2025-12-05T06:37:39.285431,-1.664,-1.075,1.270,0.960
2025-12-05T06:37:39.301518,-1.664,-1.075,1.270,0.960
2025-12-05T06:37:39.316948,-1.664,-1.075,1.270,0.960
2025-12-05T06:37:39.331975,-1.664,-1.075,1.270,0.960
2025-12-05T06:37:39.346966,-1.664,-1.075,1.270,0.960
2025-12-05T06:37:39.360993,-1.664,-1.075,1.270,0.960
2025-12-05T06:37:39.376163,-1.664,-1.075,1.270,0.960
2025-12-05T06:37:39.393041,-1.664,-1.075,1.270,0.960
2025-12-05T06:37:39.410156,-1.664,-1.075,1.270,0.960
2025-12-05T06:37:39.428661,-1.664,-1.075,1.270,0.960
2025-12-05T06:37:39.446003,-1.664,-1.075,1.270,0.960
2025-12-05T06:37:39.463380,-1.664,-1.075,1.270,0.960
2025-12-05T06:37:39.482774,-1.664,-1.075,1.270,0.960
2025-12-05T06:37:39.499464,-1.664,-1.075,1.270,0.960
2025-12-05T06:37:39.516993,-1.664,-1.075,1.270,0.960
2025-12-05T06:37:39.532911,-1.664,-1.075,1.270,0.960
2025-12-05T06:37:39.550177,-1.664,-1.075,1.270,0.960
2025-12-05T06:37:39.566639,-1.664,-1.075,1.270,0.960
2025-12-05T06:37:39.582021,-1.664,-1.075,1.270,0.960
2025-12-05T06:37:39.597671,-1.664,-1.075,1.270,0.960
2025-12-05T06:37:39.612840,-1.664,-1.075,1.270,0.960
2025-12-05T06:37:39.626702,-1.664,-1.075,1.270,0.960
2025-12-05T06:37:39.648605,-1.664,-1.075,1.270,0.960
2025-12-05T06:37:39.664192,-1.664,-1.075,1.270,0.960
2025-12-05T06:37:39.681828,-1.664,-1.075,1.270,0.960
2025-12-05T06:37:39.697976,-1.664,-1.075,1.270,0.960
2025-12-05T06:37:39.715064,-1.664,-1.075,1.270,0.960
2025-12-05T06:37:39.732678,-1.664,-1.075,1.270,0.960
2025-12-05T06:37:39.747213,-1.664,-1.075,1.270,0.960
2025-12-05T06:37:39.762323,-1.664,-1.075,1.270,0.960
2025-12-05T06:37:39.777888,-1.664,-1.075,1.270,0.960
2025-12-05T06:37:39.793593,-1.664,-1.075,1.270,0.960
2025-12-05T06:37:39.808768,-1.664,-1.075,1.270,0.960
2025-12-05T06:37:39.832915,-1.664,-1.075,1.270,0.960
2025-12-05T06:37:39.848017,-1.664,-1.075,1.270,0.960
2025-12-05T06:37:39.863950,-1.664,-1.075,1.270,0.960
2025-12-05T06:37:39.881283,-1.664,-1.075,1.270,0.960
2025-12-05T06:37:39.896877,-1.664,-1.075,1.270,0.960
2025-12-05T06:37:39.911420,-1.664,-1.075,1.270,0.960
2025-12-05T06:37:39.925571,-1.664,-1.075,1.270,0.960
2025-12-05T06:37:39.941073,-1.664,-1.075,1.270,0.960
2025-12-05T06:37:39.954096,-1.664,-1.075,1.270,0.960
2025-12-05T06:37:39.968584,-1.664,-1.075,1.270,0.960
2025-12-05T06:37:39.981490,-1.664,-1.075,1.270,0.960
2025-12-05T06:37:39.997500,-1.664,-1.075,1.270,0.960
2025-12-05T06:37:40.012552,-1.664,-1.075,1.270,0.960
2025-12-05T06:37:40.028545,-1.664,-1.075,1.270,0.960
2025-12-05T06:37:40.044755,-1.664,-1.075,1.270,0.960
2025-12-05T06:37:40.062520,-1.664,-1.075,1.270,0.960
2025-12-05T06:37:40.079728,-1.664,-1.075,1.270,0.960
2025-12-05T06:37:40.096581,-1.664,-1.075,1.270,0.960
2025-12-05T06:37:40.114711,-1.664,-1.075,1.270,0.960
2025-12-05T06:37:40.132058,-1.664,-1.075,1.270,0.960
2025-12-05T06:37:40.149319,-1.664,-1.075,1.270,0.960
2025-12-05T06:37:40.167109,-1.664,-1.075,1.270,0.960
2025-12-05T06:37:40.183586,-1.664,-1.075,1.270,0.960
2025-12-05T06:37:40.200503,-1.664,-1.075,1.270,0.960
2025-12-05T06:37:40.216753,-1.664,-1.075,1.270,0.960
2025-12-05T06:37:40.232149,-1.664,-1.075,1.270,0.960
2025-12-05T06:37:40.247292,-1.664,-1.075,1.270,0.960
2025-12-05T06:37:40.266562,-1.664,-1.075,1.270,0.960
2025-12-05T06:37:40.278950,-1.664,-1.075,1.270,0.960
2025-12-05T06:37:40.294885,-1.664,-1.075,1.270,0.960
2025-12-05T06:37:40.311937,-1.664,-1.075,1.270,0.960
2025-12-05T06:37:40.328508,-1.664,-1.075,1.270,0.960
2025-12-05T06:37:40.344543,-1.664,-1.075,1.270,0.960
2025-12-05T06:37:40.364831,-1.664,-1.075,1.270,0.960
2025-12-05T06:37:40.379562,-1.664,-1.075,1.270,0.960
2025-12-05T06:37:40.398377,-1.664,-1.075,1.270,0.960
2025-12-05T06:37:40.413627,-1.664,-1.075,1.270,0.960
2025-12-05T06:37:40.432898,-1.664,-1.075,1.270,0.960
2025-12-05T06:37:40.447696,-1.664,-1.075,1.270,0.960
2025-12-05T06:37:40.465716,-1.664,-1.075,1.270,0.960
2025-12-05T06:37:40.478617,-1.664,-1.075,1.270,0.960
2025-12-05T06:37:40.494181,-1.664,-1.075,1.270,0.960
2025-12-05T06:37:40.510080,-1.664,-1.075,1.270,0.960
2025-12-05T06:37:40.527269,-1.664,-1.075,1.270,0.960
2025-12-05T06:37:40.543202,-1.664,-1.075,1.270,0.960
2025-12-05T06:37:40.560204,-1.664,-1.075,1.270,0.960
2025-12-05T06:37:40.576934,-1.664,-1.075,1.270,0.960
2025-12-05T06:37:40.595478,-1.664,-1.075,1.270,0.960
2025-12-05T06:37:40.613048,-1.664,-1.075,1.270,0.960
2025-12-05T06:37:40.630997,-1.664,-1.075,1.270,0.960
2025-12-05T06:37:40.649595,-1.664,-1.075,1.270,0.960
2025-12-05T06:37:40.667074,-1.664,-1.075,1.270,0.960
2025-12-05T06:37:40.683033,-1.664,-1.075,1.270,0.960
2025-12-05T06:37:40.699466,-1.664,-1.075,1.270,0.960
2025-12-05T06:37:40.718191,-1.664,-1.075,1.270,0.960
2025-12-05T06:37:40.735957,-1.664,-1.075,1.270,0.960
2025-12-05T06:37:40.751792,-1.664,-1.075,1.270,0.960
2025-12-05T06:37:40.767743,-1.664,-1.075,1.270,0.960
2025-12-05T06:37:40.781782,-1.664,-1.075,1.270,0.960
2025-12-05T06:37:40.798349,-1.664,-1.075,1.270,0.960
2025-12-05T06:37:40.814980,-1.664,-1.075,1.270,0.960
2025-12-05T06:37:40.831950,-1.664,-1.075,1.270,0.960
2025-12-05T06:37:40.848229,-1.664,-1.075,1.270,0.960
2025-12-05T06:37:40.864936,-1.664,-1.075,1.270,0.960
2025-12-05T06:37:40.883014,-1.664,-1.075,1.270,0.960
2025-12-05T06:37:40.899017,-1.664,-1.075,1.270,0.960
2025-12-05T06:37:40.916998,-1.664,-1.075,1.270,0.960
2025-12-05T06:37:40.933866,-1.664,-1.075,1.270,0.960
2025-12-05T06:37:40.949769,-1.664,-1.075,1.270,0.960
2025-12-05T06:37:40.965891,-1.664,-1.075,1.270,0.960
2025-12-05T06:37:40.983106,-1.664,-1.075,1.270,0.960
2025-12-05T06:37:40.999467,-1.664,-1.075,1.270,0.960
2025-12-05T06:37:41.013875,-1.664,-1.075,1.270,0.960
2025-12-05T06:37:41.029871,-1.664,-1.075,1.270,0.960
2025-12-05T06:37:41.046083,-1.664,-1.075,1.270,0.960
2025-12-05T06:37:41.061132,-1.664,-1.075,1.270,0.960
2025-12-05T06:37:41.076026,-1.664,-1.075,1.270,0.960
2025-12-05T06:37:41.091594,-1.664,-1.075,1.270,0.960
2025-12-05T06:37:41.108700,-1.664,-1.075,1.270,0.960
2025-12-05T06:37:41.127555,-1.664,-1.075,1.270,0.960
2025-12-05T06:37:41.144664,-1.664,-1.075,1.270,0.960
2025-12-05T06:37:41.162575,-1.664,-1.075,1.270,0.960
2025-12-05T06:37:41.179614,-1.664,-1.075,1.270,0.960
2025-12-05T06:37:41.200864,-1.664,-1.075,1.270,0.960
2025-12-05T06:37:41.215226,-1.664,-1.075,1.270,0.960
2025-12-05T06:37:41.230367,-1.664,-1.075,1.270,0.960
2025-12-05T06:37:41.245681,-1.664,-1.075,1.270,0.960
2025-12-05T06:37:41.261195,-1.664,-1.075,1.270,0.960
2025-12-05T06:37:41.276600,-1.664,-1.075,1.270,0.960
2025-12-05T06:37:41.293109,-1.664,-1.075,1.270,0.960
2025-12-05T06:37:41.308422,-1.664,-1.075,1.270,0.960
2025-12-05T06:37:41.323370,-1.664,-1.075,1.270,0.960
2025-12-05T06:37:41.340249,-1.664,-1.075,1.270,0.960
2025-12-05T06:37:41.357467,-1.664,-1.075,1.270,0.960
2025-12-05T06:37:41.373886,-1.664,-1.075,1.270,0.960
2025-12-05T06:37:41.391132,-1.664,-1.075,1.270,0.960
2025-12-05T06:37:41.408604,-1.664,-1.075,1.270,0.960
2025-12-05T06:37:41.427003,-1.664,-1.075,1.270,0.960
2025-12-05T06:37:41.446402,-1.664,-1.075,1.270,0.960
2025-12-05T06:37:41.462014,-1.664,-1.075,1.270,0.960
2025-12-05T06:37:41.481313,-1.664,-1.075,1.270,0.960
2025-12-05T06:37:41.504650,-1.664,-1.075,1.270,0.960
2025-12-05T06:37:41.519518,-1.664,-1.075,1.270,0.960
2025-12-05T06:37:41.535666,-1.664,-1.075,1.270,0.960
2025-12-05T06:37:41.553758,-1.664,-1.075,1.270,0.960
2025-12-05T06:37:41.572180,-1.664,-1.075,1.270,0.960
2025-12-05T06:37:41.586362,-1.664,-1.075,1.270,0.960
2025-12-05T06:37:41.601142,-1.664,-1.075,1.270,0.960
2025-12-05T06:37:41.614964,-1.664,-1.075,1.270,0.960
2025-12-05T06:37:41.625657,-1.664,-1.075,1.270,0.960
2025-12-05T06:37:41.639912,-1.664,-1.075,1.270,0.960
2025-12-05T06:37:41.654520,-1.664,-1.075,1.270,0.960
2025-12-05T06:37:41.668445,-1.664,-1.075,1.270,0.960
2025-12-05T06:37:41.683554,-1.664,-1.075,1.270,0.960
2025-12-05T06:37:41.698862,-1.664,-1.075,1.270,0.960
2025-12-05T06:37:41.714443,-1.664,-1.075,1.270,0.960
2025-12-05T06:37:41.731031,-1.664,-1.075,1.270,0.960
2025-12-05T06:37:41.747285,-1.664,-1.075,1.270,0.960
2025-12-05T06:37:41.765800,-1.664,-1.075,1.270,0.960
2025-12-05T06:37:41.783896,-1.664,-1.075,1.270,0.960
2025-12-05T06:37:41.800407,-1.664,-1.075,1.270,0.960
2025-12-05T06:37:41.817813,-1.664,-1.075,1.270,0.960
2025-12-05T06:37:41.835944,-1.664,-1.075,1.270,0.960
2025-12-05T06:37:41.854011,-1.664,-1.075,1.270,0.960
2025-12-05T06:37:41.871558,-1.664,-1.075,1.270,0.960
2025-12-05T06:37:41.886823,-1.664,-1.075,1.270,0.960
2025-12-05T06:37:41.902462,-1.664,-1.075,1.270,0.960
2025-12-05T06:37:41.916773,-1.664,-1.075,1.270,0.960
2025-12-05T06:37:41.931377,-1.664,-1.075,1.270,0.960
2025-12-05T06:37:41.946472,-1.664,-1.075,1.270,0.960
2025-12-05T06:37:41.960642,-1.664,-1.075,1.270,0.960
2025-12-05T06:37:41.976943,-1.664,-1.075,1.270,0.960
2025-12-05T06:37:41.992637,-1.664,-1.075,1.270,0.960
2025-12-05T06:37:42.008882,-1.664,-1.075,1.270,0.960
2025-12-05T06:37:42.025983,-1.664,-1.075,1.270,0.960
2025-12-05T06:37:42.045542,-1.664,-1.075,1.270,0.960
2025-12-05T06:37:42.061438,-1.664,-1.075,1.270,0.960
2025-12-05T06:37:42.081750,-1.664,-1.075,1.270,0.960
2025-12-05T06:37:42.097450,-1.664,-1.075,1.270,0.960
2025-12-05T06:37:42.118123,-1.664,-1.075,1.270,0.960
2025-12-05T06:37:42.133163,-1.664,-1.075,1.270,0.960
2025-12-05T06:37:42.150111,-1.664,-1.075,1.270,0.960
2025-12-05T06:37:42.168198,-1.664,-1.075,1.270,0.960
2025-12-05T06:37:42.182161,-1.664,-1.075,1.270,0.960
2025-12-05T06:37:42.197141,-1.664,-1.075,1.270,0.960
2025-12-05T06:37:42.212214,-1.664,-1.075,1.270,0.960
2025-12-05T06:37:42.226586,-1.664,-1.075,1.270,0.960
2025-12-05T06:37:42.242701,-1.664,-1.075,1.270,0.960
2025-12-05T06:37:42.258511,-1.664,-1.075,1.270,0.960
2025-12-05T06:37:42.275921,-1.664,-1.075,1.270,0.960
2025-12-05T06:37:42.292393,-1.664,-1.075,1.270,0.960
2025-12-05T06:37:42.310223,-1.664,-1.075,1.270,0.960
2025-12-05T06:37:42.326927,-1.664,-1.075,1.270,0.960
2025-12-05T06:37:42.344967,-1.664,-1.075,1.270,0.960
2025-12-05T06:37:42.362621,-1.664,-1.075,1.270,0.960
2025-12-05T06:37:42.380972,-1.664,-1.075,1.270,0.960
2025-12-05T06:37:42.397544,-1.664,-1.075,1.270,0.960
2025-12-05T06:37:42.414553,-1.664,-1.075,1.270,0.960
2025-12-05T06:37:42.429299,-1.664,-1.075,1.270,0.960
2025-12-05T06:37:42.446265,-1.664,-1.075,1.270,0.960
2025-12-05T06:37:42.461549,-1.664,-1.075,1.270,0.960
2025-12-05T06:37:42.475881,-1.664,-1.075,1.270,0.960
2025-12-05T06:37:42.492375,-1.664,-1.075,1.270,0.960
2025-12-05T06:37:42.507507,-1.664,-1.075,1.270,0.960
2025-12-05T06:37:42.523686,-1.664,-1.075,1.270,0.960
2025-12-05T06:37:42.540373,-1.664,-1.075,1.270,0.960
2025-12-05T06:37:42.556988,-1.664,-1.075,1.270,0.960
2025-12-05T06:37:42.574393,-1.664,-1.075,1.270,0.960
2025-12-05T06:37:42.590576,-1.664,-1.075,1.270,0.960
2025-12-05T06:37:42.609896,-1.664,-1.075,1.270,0.960
2025-12-05T06:37:42.629124,-1.664,-1.075,1.270,0.960
2025-12-05T06:37:42.647509,-1.664,-1.075,1.270,0.960
2025-12-05T06:37:42.664726,-1.664,-1.075,1.270,0.960
2025-12-05T06:37:42.682614,-1.664,-1.075,1.270,0.960
2025-12-05T06:37:42.698589,-1.664,-1.075,1.270,0.960
2025-12-05T06:37:42.715694,-1.664,-1.075,1.270,0.960
2025-12-05T06:37:42.731609,-1.664,-1.075,1.270,0.960
2025-12-05T06:37:42.745431,-1.664,-1.075,1.270,0.960
2025-12-05T06:37:42.760854,-1.664,-1.075,1.270,0.960
2025-12-05T06:37:42.776413,-1.664,-1.075,1.270,0.960
2025-12-05T06:37:42.791839,-1.664,-1.075,1.270,0.960
2025-12-05T06:37:42.806541,-1.664,-1.075,1.270,0.960
2025-12-05T06:37:42.828033,-1.664,-1.075,1.270,0.960
2025-12-05T06:37:42.846617,-1.664,-1.075,1.270,0.960
2025-12-05T06:37:42.863826,-1.664,-1.075,1.270,0.960
2025-12-05T06:37:42.881969,-1.664,-1.075,1.270,0.960
2025-12-05T06:37:42.897523,-1.664,-1.075,1.270,0.960
2025-12-05T06:37:42.915171,-1.664,-1.075,1.270,0.960
2025-12-05T06:37:42.929779,-1.664,-1.075,1.270,0.960
2025-12-05T06:37:42.945655,-1.664,-1.075,1.270,0.960
2025-12-05T06:37:42.959891,-1.664,-1.075,1.270,0.960
2025-12-05T06:37:42.975450,-1.664,-1.075,1.270,0.960
2025-12-05T06:37:42.989366,-1.664,-1.075,1.270,0.960
2025-12-05T06:37:43.005602,-1.664,-1.075,1.270,0.960
2025-12-05T06:37:43.022100,-1.664,-1.075,1.270,0.960
2025-12-05T06:37:43.044346,-1.664,-1.075,1.270,0.960
2025-12-05T06:37:43.061234,-1.664,-1.075,1.270,0.960
2025-12-05T06:37:43.075810,-1.664,-1.075,1.270,0.960
2025-12-05T06:37:43.092947,-1.664,-1.075,1.270,0.960
2025-12-05T06:37:43.110913,-1.664,-1.075,1.270,0.960
2025-12-05T06:37:43.126722,-1.664,-1.075,1.270,0.960
2025-12-05T06:37:43.141634,-1.664,-1.075,1.270,0.960
2025-12-05T06:37:43.156968,-1.664,-1.075,1.270,0.960
2025-12-05T06:37:43.171595,-1.664,-1.075,1.270,0.960
2025-12-05T06:37:43.185250,-1.664,-1.075,1.270,0.960
2025-12-05T06:37:43.201838,-1.664,-1.075,1.270,0.960
2025-12-05T06:37:43.217194,-1.664,-1.075,1.270,0.960
2025-12-05T06:37:43.234153,-1.664,-1.075,1.270,0.960
2025-12-05T06:37:43.250763,-1.664,-1.075,1.270,0.960
2025-12-05T06:37:43.267674,-1.664,-1.075,1.270,0.960
2025-12-05T06:37:43.284212,-1.664,-1.075,1.270,0.960
2025-12-05T06:37:43.302844,-1.664,-1.075,1.270,0.960
2025-12-05T06:37:43.319464,-1.664,-1.075,1.270,0.960
2025-12-05T06:37:43.336750,-1.664,-1.075,1.270,0.960
2025-12-05T06:37:43.353045,-1.664,-1.075,1.270,0.960
2025-12-05T06:37:43.369893,-1.664,-1.075,1.270,0.960
2025-12-05T06:37:43.385498,-1.664,-1.075,1.270,0.960
2025-12-05T06:37:43.400909,-1.664,-1.075,1.270,0.960
2025-12-05T06:37:43.415843,-1.664,-1.075,1.270,0.960
2025-12-05T06:37:43.430460,-1.664,-1.075,1.270,0.960
2025-12-05T06:37:43.446463,-1.664,-1.075,1.270,0.960
2025-12-05T06:37:43.461638,-1.664,-1.075,1.270,0.960
2025-12-05T06:37:43.477852,-1.664,-1.075,1.270,0.960
2025-12-05T06:37:43.496142,-1.664,-1.075,1.270,0.960
2025-12-05T06:37:43.511563,-1.664,-1.075,1.270,0.960
2025-12-05T06:37:43.527774,-1.664,-1.075,1.270,0.960
2025-12-05T06:37:43.547281,-1.664,-1.075,1.270,0.960
2025-12-05T06:37:43.566311,-1.664,-1.075,1.270,0.960
2025-12-05T06:37:43.582413,-1.664,-1.075,1.270,0.960
2025-12-05T06:37:43.601594,-1.664,-1.075,1.270,0.960
2025-12-05T06:37:43.616813,-1.664,-1.075,1.270,0.960
2025-12-05T06:37:43.634276,-1.664,-1.075,1.270,0.960
2025-12-05T06:37:43.650114,-1.664,-1.075,1.270,0.960
2025-12-05T06:37:43.673802,-1.664,-1.075,1.270,0.960
2025-12-05T06:37:43.688165,-1.664,-1.075,1.270,0.960
2025-12-05T06:37:43.702995,-1.664,-1.075,1.270,0.960
2025-12-05T06:37:43.718663,-1.664,-1.075,1.270,0.960
2025-12-05T06:37:43.731810,-1.664,-1.075,1.270,0.960
2025-12-05T06:37:43.746104,-1.664,-1.075,1.270,0.960
2025-12-05T06:37:43.763141,-1.664,-1.075,1.270,0.960
2025-12-05T06:37:43.778857,-1.664,-1.075,1.270,0.960
2025-12-05T06:37:43.794198,-1.664,-1.075,1.270,0.960
2025-12-05T06:37:43.812215,-1.664,-1.075,1.270,0.960
2025-12-05T06:37:43.828290,-1.664,-1.075,1.270,0.960
2025-12-05T06:37:43.845984,-1.664,-1.075,1.270,0.960
2025-12-05T06:37:43.863155,-1.664,-1.075,1.270,0.960
2025-12-05T06:37:43.880773,-1.664,-1.075,1.270,0.960
2025-12-05T06:37:43.895932,-1.664,-1.075,1.270,0.960
2025-12-05T06:37:43.913023,-1.664,-1.075,1.270,0.960
2025-12-05T06:37:43.930078,-1.664,-1.075,1.270,0.960
2025-12-05T06:37:43.945558,-1.664,-1.075,1.270,0.960
2025-12-05T06:37:43.960872,-1.664,-1.075,1.270,0.960
2025-12-05T06:37:43.975457,-1.664,-1.075,1.270,0.960
2025-12-05T06:37:43.990049,-1.664,-1.075,1.270,0.960
2025-12-05T06:37:44.004953,-1.664,-1.075,1.270,0.960
2025-12-05T06:37:44.020920,-1.664,-1.075,1.270,0.960
2025-12-05T06:37:44.037132,-1.664,-1.075,1.270,0.960
2025-12-05T06:37:44.054050,-1.664,-1.075,1.270,0.960
2025-12-05T06:37:44.071771,-1.664,-1.075,1.270,0.960
2025-12-05T06:37:44.090315,-1.664,-1.075,1.270,0.960
2025-12-05T06:37:44.107690,-1.664,-1.075,1.270,0.960
2025-12-05T06:37:44.124501,-1.664,-1.075,1.270,0.960
2025-12-05T06:37:44.142720,-1.664,-1.075,1.270,0.960
2025-12-05T06:37:44.159448,-1.664,-1.075,1.270,0.960
2025-12-05T06:37:44.176487,-1.664,-1.075,1.270,0.960
2025-12-05T06:37:44.193917,-1.664,-1.075,1.270,0.960
2025-12-05T06:37:44.209930,-1.664,-1.075,1.270,0.960
2025-12-05T06:37:44.225401,-1.664,-1.075,1.270,0.960
2025-12-05T06:37:44.241304,-1.664,-1.075,1.270,0.960
2025-12-05T06:37:44.255228,-1.664,-1.075,1.270,0.960
2025-12-05T06:37:44.269320,-1.664,-1.075,1.270,0.960
2025-12-05T06:37:44.286126,-1.664,-1.075,1.270,0.960
2025-12-05T06:37:44.300100,-1.664,-1.075,1.270,0.960
2025-12-05T06:37:44.316094,-1.664,-1.075,1.270,0.960
2025-12-05T06:37:44.331550,-1.664,-1.075,1.270,0.960
2025-12-05T06:37:44.349261,-1.664,-1.075,1.270,0.960
2025-12-05T06:37:44.366549,-1.664,-1.075,1.270,0.960
2025-12-05T06:37:44.384868,-1.664,-1.075,1.270,0.960
2025-12-05T06:37:44.403253,-1.664,-1.075,1.270,0.960
2025-12-05T06:37:44.421629,-1.664,-1.075,1.270,0.960
2025-12-05T06:37:44.437925,-1.664,-1.075,1.270,0.960
2025-12-05T06:37:44.454676,-1.664,-1.075,1.270,0.960
2025-12-05T06:37:44.471425,-1.664,-1.075,1.270,0.960
2025-12-05T06:37:44.487089,-1.664,-1.075,1.270,0.960
2025-12-05T06:37:44.502837,-1.664,-1.075,1.270,0.960
2025-12-05T06:37:44.519063,-1.664,-1.075,1.270,0.960
2025-12-05T06:37:44.534254,-1.664,-1.075,1.270,0.960
2025-12-05T06:37:44.549893,-1.664,-1.075,1.270,0.960
2025-12-05T06:37:44.565922,-1.664,-1.075,1.270,0.960
2025-12-05T06:37:44.581675,-1.664,-1.075,1.270,0.960
2025-12-05T06:37:44.596027,-1.664,-1.075,1.270,0.960
2025-12-05T06:37:44.616045,-1.664,-1.075,1.270,0.960
2025-12-05T06:37:44.632782,-1.664,-1.075,1.270,0.960
2025-12-05T06:37:44.649610,-1.664,-1.075,1.270,0.960
2025-12-05T06:37:44.667493,-1.664,-1.075,1.270,0.960
2025-12-05T06:37:44.686974,-1.664,-1.075,1.270,0.960
2025-12-05T06:37:44.704380,-1.664,-1.075,1.270,0.960
2025-12-05T06:37:44.723603,-1.664,-1.075,1.270,0.960
2025-12-05T06:37:44.738863,-1.664,-1.075,1.270,0.960
2025-12-05T06:37:44.755708,-1.664,-1.075,1.270,0.960
2025-12-05T06:37:44.772788,-1.664,-1.075,1.270,0.960
2025-12-05T06:37:44.787325,-1.664,-1.075,1.270,0.960
2025-12-05T06:37:44.803310,-1.664,-1.075,1.270,0.960
2025-12-05T06:37:44.820243,-1.664,-1.075,1.270,0.960
2025-12-05T06:37:44.833779,-1.664,-1.075,1.270,0.960
2025-12-05T06:37:44.848130,-1.664,-1.075,1.270,0.960
2025-12-05T06:37:44.862321,-1.664,-1.075,1.270,0.960
2025-12-05T06:37:44.878127,-1.664,-1.075,1.270,0.960
2025-12-05T06:37:44.895825,-1.664,-1.075,1.270,0.960
2025-12-05T06:37:44.919785,-1.664,-1.075,1.270,0.960
2025-12-05T06:37:44.935957,-1.664,-1.075,1.270,0.960
2025-12-05T06:37:44.951812,-1.664,-1.075,1.270,0.960
2025-12-05T06:37:44.968895,-1.664,-1.075,1.270,0.960
2025-12-05T06:37:44.985050,-1.664,-1.075,1.270,0.960
2025-12-05T06:37:44.999761,-1.664,-1.075,1.270,0.960
2025-12-05T06:37:45.015653,-1.664,-1.075,1.270,0.960
2025-12-05T06:37:45.028388,-1.664,-1.075,1.270,0.960
2025-12-05T06:37:45.043944,-1.664,-1.075,1.270,0.960
2025-12-05T06:37:45.058197,-1.664,-1.075,1.270,0.960
2025-12-05T06:37:45.073700,-1.664,-1.075,1.270,0.960
2025-12-05T06:37:45.089365,-1.664,-1.075,1.270,0.960
2025-12-05T06:37:45.104534,-1.664,-1.075,1.270,0.960
2025-12-05T06:37:45.121173,-1.664,-1.075,1.270,0.960
2025-12-05T06:37:45.138096,-1.664,-1.075,1.270,0.960
2025-12-05T06:37:45.156512,-1.664,-1.075,1.270,0.960
2025-12-05T06:37:45.173022,-1.664,-1.075,1.270,0.960
2025-12-05T06:37:45.190646,-1.664,-1.075,1.270,0.960
2025-12-05T06:37:45.210049,-1.664,-1.075,1.270,0.960
2025-12-05T06:37:45.225265,-1.664,-1.075,1.270,0.960
2025-12-05T06:37:45.241744,-1.664,-1.075,1.270,0.960
2025-12-05T06:37:45.258301,-1.664,-1.075,1.270,0.960
2025-12-05T06:37:45.274551,-1.664,-1.075,1.270,0.960
2025-12-05T06:37:45.290198,-1.664,-1.075,1.270,0.960
2025-12-05T06:37:45.305477,-1.664,-1.075,1.270,0.960
2025-12-05T06:37:45.322274,-1.664,-1.075,1.270,0.960
2025-12-05T06:37:45.336062,-1.664,-1.075,1.270,0.960
2025-12-05T06:37:45.351469,-1.664,-1.075,1.270,0.960
2025-12-05T06:37:45.367413,-1.664,-1.075,1.270,0.960
2025-12-05T06:37:45.384123,-1.664,-1.075,1.270,0.960
2025-12-05T06:37:45.403213,-1.664,-1.075,1.270,0.960
2025-12-05T06:37:45.420276,-1.664,-1.075,1.270,0.960
2025-12-05T06:37:45.437739,-1.664,-1.075,1.270,0.960
2025-12-05T06:37:45.454714,-1.664,-1.075,1.270,0.960
2025-12-05T06:37:45.471866,-1.664,-1.075,1.270,0.960
2025-12-05T06:37:45.487789,-1.664,-1.075,1.270,0.960
2025-12-05T06:37:45.503936,-1.664,-1.075,1.270,0.960
2025-12-05T06:37:45.519666,-1.664,-1.075,1.270,0.960
2025-12-05T06:37:45.542613,-1.664,-1.075,1.270,0.960
2025-12-05T06:37:45.557071,-1.664,-1.075,1.270,0.960
2025-12-05T06:37:45.570661,-1.664,-1.075,1.270,0.960
2025-12-05T06:37:45.584582,-1.664,-1.075,1.270,0.960
2025-12-05T06:37:45.599306,-1.664,-1.075,1.270,0.960
2025-12-05T06:37:45.614754,-1.664,-1.075,1.270,0.960
2025-12-05T06:37:45.629728,-1.664,-1.075,1.270,0.960
2025-12-05T06:37:45.647101,-1.664,-1.075,1.270,0.960
2025-12-05T06:37:45.664857,-1.664,-1.075,1.270,0.960
2025-12-05T06:37:45.681735,-1.664,-1.075,1.270,0.960
2025-12-05T06:37:45.699235,-1.664,-1.075,1.270,0.960
2025-12-05T06:37:45.716821,-1.664,-1.075,1.270,0.960
2025-12-05T06:37:45.735769,-1.664,-1.075,1.270,0.960
2025-12-05T06:37:45.753501,-1.664,-1.075,1.270,0.960
2025-12-05T06:37:45.775701,-1.664,-1.075,1.270,0.960
2025-12-05T06:37:45.786928,-1.664,-1.075,1.270,0.960
2025-12-05T06:37:45.802133,-1.664,-1.075,1.270,0.960
2025-12-05T06:37:45.818149,-1.664,-1.075,1.270,0.960
2025-12-05T06:37:45.833959,-1.664,-1.075,1.270,0.960
2025-12-05T06:37:45.848872,-1.664,-1.075,1.270,0.960
2025-12-05T06:37:45.863130,-1.664,-1.075,1.270,0.960
2025-12-05T06:37:45.883275,-1.664,-1.075,1.270,0.960
2025-12-05T06:37:45.893804,-1.664,-1.075,1.270,0.960
2025-12-05T06:37:45.910913,-1.664,-1.075,1.270,0.960
2025-12-05T06:37:45.927520,-1.664,-1.075,1.270,0.960
2025-12-05T06:37:45.944667,-1.664,-1.075,1.270,0.960
2025-12-05T06:37:45.962638,-1.664,-1.075,1.270,0.960
2025-12-05T06:37:45.980143,-1.664,-1.075,1.270,0.960
2025-12-05T06:37:45.997145,-1.664,-1.075,1.270,0.960
2025-12-05T06:37:46.014887,-1.664,-1.075,1.270,0.960
2025-12-05T06:37:46.031798,-1.664,-1.075,1.270,0.960
2025-12-05T06:37:46.048502,-1.664,-1.075,1.270,0.960
2025-12-05T06:37:46.065790,-1.664,-1.075,1.270,0.960
2025-12-05T06:37:46.080284,-1.664,-1.075,1.270,0.960
2025-12-05T06:37:46.094915,-1.664,-1.075,1.270,0.960
2025-12-05T06:37:46.111974,-1.664,-1.075,1.270,0.960
2025-12-05T06:37:46.130627,-1.664,-1.075,1.270,0.960
2025-12-05T06:37:46.145806,-1.664,-1.075,1.270,0.960
2025-12-05T06:37:46.167570,-1.664,-1.075,1.270,0.960
2025-12-05T06:37:46.183866,-1.664,-1.075,1.270,0.960
2025-12-05T06:37:46.200970,-1.664,-1.075,1.270,0.960
2025-12-05T06:37:46.217382,-1.664,-1.075,1.270,0.960
2025-12-05T06:37:46.232048,-1.664,-1.075,1.270,0.960
2025-12-05T06:37:46.249721,-1.664,-1.075,1.270,0.960
2025-12-05T06:37:46.265052,-1.664,-1.075,1.270,0.960
2025-12-05T06:37:46.280156,-1.664,-1.075,1.270,0.960
2025-12-05T06:37:46.294547,-1.664,-1.075,1.270,0.960
2025-12-05T06:37:46.308164,-1.664,-1.075,1.270,0.960
2025-12-05T06:37:46.321620,-1.664,-1.075,1.270,0.960
2025-12-05T06:37:46.335804,-1.664,-1.075,1.270,0.960
2025-12-05T06:37:46.353839,-1.664,-1.075,1.270,0.960
2025-12-05T06:37:46.368792,-1.664,-1.075,1.270,0.960
2025-12-05T06:37:46.386496,-1.664,-1.075,1.270,0.960
2025-12-05T06:37:46.402726,-1.664,-1.075,1.270,0.960
2025-12-05T06:37:46.420030,-1.664,-1.075,1.270,0.960
2025-12-05T06:37:46.437294,-1.664,-1.075,1.270,0.960
2025-12-05T06:37:46.455627,-1.664,-1.075,1.270,0.960
2025-12-05T06:37:46.470998,-1.664,-1.075,1.270,0.960
2025-12-05T06:37:46.488056,-1.664,-1.075,1.270,0.960
2025-12-05T06:37:46.504759,-1.664,-1.075,1.270,0.960
2025-12-05T06:37:46.521461,-1.664,-1.075,1.270,0.960
2025-12-05T06:37:46.537774,-1.664,-1.075,1.270,0.960
2025-12-05T06:37:46.553768,-1.664,-1.075,1.270,0.960
2025-12-05T06:37:46.569883,-1.664,-1.075,1.270,0.960
2025-12-05T06:37:46.585481,-1.664,-1.075,1.270,0.960
2025-12-05T06:37:46.600849,-1.664,-1.075,1.270,0.960
2025-12-05T06:37:46.616836,-1.664,-1.075,1.270,0.960
2025-12-05T06:37:46.633027,-1.664,-1.075,1.270,0.960
2025-12-05T06:37:46.649891,-1.664,-1.075,1.270,0.960
2025-12-05T06:37:46.666459,-1.664,-1.075,1.270,0.960
2025-12-05T06:37:46.683018,-1.664,-1.075,1.270,0.960
2025-12-05T06:37:46.701087,-1.664,-1.075,1.270,0.960
2025-12-05T06:37:46.720552,-1.664,-1.075,1.270,0.960
2025-12-05T06:37:46.735139,-1.664,-1.075,1.270,0.960
2025-12-05T06:37:46.752278,-1.664,-1.075,1.270,0.960
2025-12-05T06:37:46.768581,-1.664,-1.075,1.270,0.960
2025-12-05T06:37:46.784605,-1.664,-1.075,1.270,0.960
2025-12-05T06:37:46.800630,-1.664,-1.075,1.270,0.960
2025-12-05T06:37:46.816112,-1.664,-1.075,1.270,0.960
2025-12-05T06:37:46.831189,-1.664,-1.075,1.270,0.960
2025-12-05T06:37:46.847458,-1.664,-1.075,1.270,0.960
2025-12-05T06:37:46.862521,-1.664,-1.075,1.270,0.960
2025-12-05T06:37:46.879089,-1.664,-1.075,1.270,0.960
2025-12-05T06:37:46.895380,-1.664,-1.075,1.270,0.960
2025-12-05T06:37:46.913049,-1.664,-1.075,1.270,0.960
2025-12-05T06:37:46.930208,-1.664,-1.075,1.270,0.960
2025-12-05T06:37:46.946907,-1.664,-1.075,1.270,0.960
2025-12-05T06:37:46.964911,-1.664,-1.075,1.270,0.960
2025-12-05T06:37:46.982178,-1.664,-1.075,1.270,0.960
2025-12-05T06:37:46.999445,-1.664,-1.075,1.270,0.960
2025-12-05T06:37:47.016507,-1.664,-1.075,1.270,0.960
2025-12-05T06:37:47.032651,-1.664,-1.075,1.270,0.960
2025-12-05T06:37:47.049239,-1.664,-1.075,1.270,0.960
2025-12-05T06:37:47.064850,-1.664,-1.075,1.270,0.960
2025-12-05T06:37:47.080661,-1.664,-1.075,1.270,0.960
2025-12-05T06:37:47.095289,-1.664,-1.075,1.270,0.960
2025-12-05T06:37:47.112857,-1.664,-1.075,1.270,0.960
2025-12-05T06:37:47.129395,-1.664,-1.075,1.270,0.960
2025-12-05T06:37:47.146421,-1.664,-1.075,1.270,0.960
2025-12-05T06:37:47.163440,-1.664,-1.075,1.270,0.960
2025-12-05T06:37:47.182696,-1.664,-1.075,1.270,0.960
2025-12-05T06:37:47.199891,-1.664,-1.075,1.270,0.960
2025-12-05T06:37:47.218138,-1.664,-1.075,1.270,0.960
2025-12-05T06:37:47.235812,-1.664,-1.075,1.270,0.960
2025-12-05T06:37:47.253191,-1.664,-1.075,1.270,0.960
2025-12-05T06:37:47.270729,-1.664,-1.075,1.270,0.960
2025-12-05T06:37:47.287477,-1.664,-1.075,1.270,0.960
2025-12-05T06:37:47.303186,-1.664,-1.075,1.270,0.960
2025-12-05T06:37:47.319062,-1.664,-1.075,1.270,0.960
2025-12-05T06:37:47.333361,-1.664,-1.075,1.270,0.960
2025-12-05T06:37:47.349968,-1.664,-1.075,1.270,0.960
2025-12-05T06:37:47.377059,-1.664,-1.075,1.270,0.960
2025-12-05T06:37:47.387948,-1.664,-1.078,1.270,0.956
2025-12-05T06:37:47.402587,-1.664,-1.082,1.270,0.951
2025-12-05T06:37:47.415000,-1.664,-1.085,1.270,0.947
2025-12-05T06:37:47.429021,-1.664,-1.089,1.270,0.942
2025-12-05T06:37:47.446354,-1.664,-1.092,1.270,0.937
2025-12-05T06:37:47.462679,-1.664,-1.095,1.270,0.932
2025-12-05T06:37:47.479207,-1.664,-1.098,1.270,0.927
2025-12-05T06:37:47.495643,-1.664,-1.101,1.270,0.921
2025-12-05T06:37:47.511386,-1.664,-1.104,1.270,0.916
2025-12-05T06:37:47.528678,-1.664,-1.107,1.270,0.910
2025-12-05T06:37:47.547636,-1.664,-1.110,1.270,0.904
2025-12-05T06:37:47.565506,-1.664,-1.112,1.270,0.897
2025-12-05T06:37:47.581724,-1.664,-1.115,1.270,0.891
2025-12-05T06:37:47.598239,-1.664,-1.117,1.270,0.884
2025-12-05T06:37:47.614967,-1.664,-1.120,1.270,0.877
2025-12-05T06:37:47.630286,-1.664,-1.122,1.270,0.870
2025-12-05T06:37:47.646322,-1.664,-1.124,1.270,0.863
2025-12-05T06:37:47.661366,-1.664,-1.126,1.270,0.856
2025-12-05T06:37:47.676280,-1.664,-1.128,1.270,0.848
2025-12-05T06:37:47.692402,-1.664,-1.130,1.270,0.841
2025-12-05T06:37:47.715698,-1.664,-1.132,1.270,0.833
2025-12-05T06:37:47.732572,-1.664,-1.134,1.270,0.825
2025-12-05T06:37:47.748487,-1.664,-1.136,1.270,0.816
2025-12-05T06:37:47.765567,-1.664,-1.138,1.270,0.808
2025-12-05T06:37:47.783050,-1.664,-1.139,1.270,0.799
2025-12-05T06:37:47.798666,-1.664,-1.141,1.270,0.791
2025-12-05T06:37:47.813441,-1.664,-1.142,1.270,0.782
2025-12-05T06:37:47.829216,-1.664,-1.144,1.270,0.773
2025-12-05T06:37:47.845832,-1.664,-1.145,1.270,0.764
2025-12-05T06:37:47.859571,-1.664,-1.147,1.270,0.754
2025-12-05T06:37:47.877073,-1.664,-1.148,1.270,0.745
2025-12-05T06:37:47.889846,-1.664,-1.149,1.270,0.735
2025-12-05T06:37:47.905720,-1.664,-1.151,1.270,0.725
2025-12-05T06:37:47.923555,-1.664,-1.152,1.270,0.715
2025-12-05T06:37:47.939476,-1.664,-1.153,1.270,0.705
2025-12-05T06:37:47.957586,-1.664,-1.154,1.270,0.695
2025-12-05T06:37:47.976071,-1.664,-1.155,1.270,0.684
2025-12-05T06:37:47.993878,-1.664,-1.156,1.270,0.674
2025-12-05T06:37:48.016126,-1.664,-1.157,1.270,0.663
2025-12-05T06:37:48.033935,-1.664,-1.158,1.270,0.652
2025-12-05T06:37:48.050302,-1.664,-1.159,1.270,0.641
2025-12-05T06:37:48.067370,-1.664,-1.160,1.270,0.630
2025-12-05T06:37:48.083594,-1.664,-1.161,1.270,0.619
2025-12-05T06:37:48.098196,-1.664,-1.162,1.270,0.607
2025-12-05T06:37:48.113505,-1.664,-1.163,1.270,0.596
2025-12-05T06:37:48.128787,-1.664,-1.164,1.270,0.584
2025-12-05T06:37:48.144764,-1.664,-1.164,1.270,0.573
2025-12-05T06:37:48.158540,-1.664,-1.165,1.270,0.561
2025-12-05T06:37:48.175236,-1.664,-1.166,1.270,0.549
2025-12-05T06:37:48.191734,-1.664,-1.166,1.270,0.537
2025-12-05T06:37:48.207203,-1.664,-1.167,1.270,0.524
2025-12-05T06:37:48.225559,-1.664,-1.168,1.270,0.512
2025-12-05T06:37:48.241272,-1.664,-1.168,1.270,0.500
2025-12-05T06:37:48.260101,-1.664,-1.169,1.270,0.487
2025-12-05T06:37:48.276160,-1.664,-1.170,1.270,0.474
2025-12-05T06:37:48.296600,-1.664,-1.170,1.270,0.462
2025-12-05T06:37:48.321218,-1.664,-1.171,1.270,0.449
2025-12-05T06:37:48.336913,-1.664,-1.171,1.270,0.436
2025-12-05T06:37:48.355070,-1.664,-1.172,1.270,0.423
2025-12-05T06:37:48.372675,-1.664,-1.172,1.270,0.410
2025-12-05T06:37:48.388521,-1.664,-1.173,1.270,0.397
2025-12-05T06:37:48.406321,-1.664,-1.173,1.270,0.384
2025-12-05T06:37:48.420882,-1.664,-1.174,1.270,0.370
2025-12-05T06:37:48.436858,-1.664,-1.174,1.270,0.357
2025-12-05T06:37:48.456537,-1.664,-1.175,1.270,0.343
2025-12-05T06:37:48.464521,-1.664,-1.175,1.270,0.330
2025-12-05T06:37:48.479277,-1.664,-1.175,1.270,0.316
2025-12-05T06:37:48.494071,-1.664,-1.176,1.270,0.302
2025-12-05T06:37:48.508231,-1.664,-1.176,1.270,0.289
2025-12-05T06:37:48.523390,-1.664,-1.176,1.270,0.275
2025-12-05T06:37:48.538627,-1.664,-1.177,1.270,0.261
2025-12-05T06:37:48.555236,-1.664,-1.177,1.270,0.247
2025-12-05T06:37:48.573565,-1.664,-1.177,1.270,0.233
2025-12-05T06:37:48.589756,-1.664,-1.178,1.270,0.219
2025-12-05T06:37:48.606263,-1.664,-1.178,1.270,0.205
2025-12-05T06:37:48.624141,-1.664,-1.178,1.270,0.191
2025-12-05T06:37:48.642267,-1.664,-1.179,1.270,0.177
2025-12-05T06:37:48.659745,-1.664,-1.179,1.270,0.162
2025-12-05T06:37:48.677619,-1.664,-1.179,1.270,0.148
2025-12-05T06:37:48.693574,-1.664,-1.179,1.270,0.134
2025-12-05T06:37:48.709926,-1.664,-1.180,1.270,0.120
2025-12-05T06:37:48.727224,-1.664,-1.180,1.270,0.105
2025-12-05T06:37:48.742230,-1.664,-1.180,1.270,0.091
2025-12-05T06:37:48.757212,-1.664,-1.180,1.270,0.077
2025-12-05T06:37:48.772591,-1.664,-1.180,1.270,0.062
2025-12-05T06:37:48.787789,-1.664,-1.181,1.270,0.048
2025-12-05T06:37:48.804977,-1.664,-1.181,1.270,0.034
2025-12-05T06:37:48.820873,-1.664,-1.181,1.270,0.019
2025-12-05T06:37:48.836891,-1.664,-1.181,1.270,0.005
2025-12-05T06:37:48.853938,-1.664,-1.181,1.270,-0.010
2025-12-05T06:37:48.873183,-1.664,-1.182,1.270,-0.024
2025-12-05T06:37:48.893084,-1.664,-1.182,1.270,-0.038
2025-12-05T06:37:48.911198,-1.664,-1.182,1.270,-0.053
2025-12-05T06:37:48.926813,-1.664,-1.182,1.270,-0.067
2025-12-05T06:37:48.941664,-1.664,-1.182,1.270,-0.082
2025-12-05T06:37:48.957188,-1.664,-1.182,1.270,-0.096
2025-12-05T06:37:48.974038,-1.664,-1.182,1.270,-0.110
2025-12-05T06:37:48.987235,-1.664,-1.183,1.270,-0.124
2025-12-05T06:37:49.002531,-1.664,-1.183,1.270,-0.139
2025-12-05T06:37:49.017581,-1.664,-1.183,1.270,-0.153
2025-12-05T06:37:49.033745,-1.664,-1.183,1.270,-0.167
2025-12-05T06:37:49.049308,-1.664,-1.183,1.270,-0.181
2025-12-05T06:37:49.069628,-1.664,-1.183,1.270,-0.196
2025-12-05T06:37:49.085522,-1.664,-1.183,1.270,-0.210
2025-12-05T06:37:49.104657,-1.664,-1.183,1.270,-0.224
2025-12-05T06:37:49.122578,-1.664,-1.184,1.270,-0.238
2025-12-05T06:37:49.140374,-1.664,-1.184,1.270,-0.252
2025-12-05T06:37:49.158076,-1.664,-1.184,1.270,-0.266
2025-12-05T06:37:49.175937,-1.664,-1.184,1.270,-0.279
2025-12-05T06:37:49.192768,-1.664,-1.184,1.270,-0.293
2025-12-05T06:37:49.209262,-1.664,-1.184,1.270,-0.307
2025-12-05T06:37:49.224507,-1.664,-1.184,1.270,-0.321
2025-12-05T06:37:49.245597,-1.664,-1.184,1.270,-0.334
2025-12-05T06:37:49.262567,-1.664,-1.184,1.270,-0.348
2025-12-05T06:37:49.275420,-1.664,-1.184,1.270,-0.361
2025-12-05T06:37:49.289918,-1.664,-1.184,1.270,-0.375
2025-12-05T06:37:49.303057,-1.664,-1.184,1.270,-0.388
2025-12-05T06:37:49.318314,-1.664,-1.184,1.270,-0.401
2025-12-05T06:37:49.333445,-1.664,-1.185,1.270,-0.414
2025-12-05T06:37:49.348743,-1.664,-1.185,1.270,-0.427
2025-12-05T06:37:49.365537,-1.664,-1.185,1.270,-0.440
2025-12-05T06:37:49.382317,-1.664,-1.185,1.270,-0.453
2025-12-05T06:37:49.397670,-1.664,-1.185,1.270,-0.466
2025-12-05T06:37:49.418008,-1.664,-1.185,1.270,-0.479
2025-12-05T06:37:49.435246,-1.664,-1.185,1.270,-0.491
2025-12-05T06:37:49.451903,-1.664,-1.185,1.270,-0.504
2025-12-05T06:37:49.470622,-1.664,-1.185,1.270,-0.516
2025-12-05T06:37:49.487299,-1.664,-1.185,1.270,-0.528
2025-12-05T06:37:49.502218,-1.664,-1.185,1.270,-0.541
2025-12-05T06:37:49.519769,-1.664,-1.185,1.270,-0.553
2025-12-05T06:37:49.540000,-1.664,-1.185,1.270,-0.565
2025-12-05T06:37:49.554827,-1.664,-1.185,1.270,-0.576
2025-12-05T06:37:49.570055,-1.664,-1.185,1.270,-0.588
2025-12-05T06:37:49.583277,-1.664,-1.185,1.270,-0.600
2025-12-05T06:37:49.594394,-1.664,-1.185,1.270,-0.611
2025-12-05T06:37:49.609787,-1.664,-1.185,1.270,-0.623
2025-12-05T06:37:49.623535,-1.664,-1.185,1.270,-0.634
2025-12-05T06:37:49.638976,-1.664,-1.185,1.270,-0.645
2025-12-05T06:37:49.655773,-1.664,-1.185,1.270,-0.656
2025-12-05T06:37:49.672545,-1.664,-1.185,1.270,-0.667
2025-12-05T06:37:49.689317,-1.664,-1.186,1.270,-0.677
2025-12-05T06:37:49.706687,-1.664,-1.186,1.270,-0.688
2025-12-05T06:37:49.724742,-1.664,-1.186,1.270,-0.698
2025-12-05T06:37:49.741698,-1.664,-1.186,1.270,-0.708
2025-12-05T06:37:49.758866,-1.664,-1.186,1.270,-0.718
2025-12-05T06:37:49.776740,-1.664,-1.186,1.270,-0.728
2025-12-05T06:37:49.793750,-1.664,-1.186,1.270,-0.738
2025-12-05T06:37:49.811032,-1.664,-1.186,1.270,-0.748
2025-12-05T06:37:49.829789,-1.664,-1.186,1.270,-0.757
2025-12-05T06:37:49.843144,-1.664,-1.186,1.270,-0.767
2025-12-05T06:37:49.867360,-1.664,-1.186,1.270,-0.776
2025-12-05T06:37:49.879394,-1.664,-1.186,1.270,-0.785
2025-12-05T06:37:49.892046,-1.664,-1.186,1.270,-0.794
2025-12-05T06:37:49.904603,-1.664,-1.186,1.270,-0.802
2025-12-05T06:37:49.919714,-1.664,-1.186,1.270,-0.811
2025-12-05T06:37:49.935102,-1.664,-1.186,1.270,-0.819
2025-12-05T06:37:49.951109,-1.664,-1.186,1.270,-0.827
2025-12-05T06:37:49.966767,-1.664,-1.186,1.270,-0.835
2025-12-05T06:37:49.983140,-1.664,-1.186,1.270,-0.843
2025-12-05T06:37:49.999933,-1.664,-1.186,1.270,-0.851
2025-12-05T06:37:50.016753,-1.664,-1.186,1.270,-0.858
2025-12-05T06:37:50.033758,-1.664,-1.186,1.270,-0.866
2025-12-05T06:37:50.052516,-1.664,-1.186,1.270,-0.873
2025-12-05T06:37:50.071718,-1.664,-1.186,1.270,-0.880
2025-12-05T06:37:50.091438,-1.664,-1.186,1.270,-0.886
2025-12-05T06:37:50.109320,-1.664,-1.186,1.270,-0.893
2025-12-05T06:37:50.127578,-1.664,-1.186,1.270,-0.899
2025-12-05T06:37:50.142924,-1.664,-1.186,1.270,-0.906
2025-12-05T06:37:50.159836,-1.664,-1.186,1.270,-0.912
2025-12-05T06:37:50.174351,-1.664,-1.186,1.270,-0.917
2025-12-05T06:37:50.189229,-1.664,-1.186,1.270,-0.923
2025-12-05T06:37:50.204759,-1.664,-1.186,1.270,-0.929
2025-12-05T06:37:50.219248,-1.664,-1.186,1.270,-0.934
2025-12-05T06:37:50.234216,-1.664,-1.186,1.270,-0.939
2025-12-05T06:37:50.251631,-1.664,-1.186,1.270,-0.944
2025-12-05T06:37:50.267637,-1.664,-1.186,1.270,-0.948
2025-12-05T06:37:50.284623,-1.664,-1.186,1.270,-0.953
2025-12-05T06:37:50.303209,-1.664,-1.186,1.270,-0.957
2025-12-05T06:37:50.319578,-1.664,-1.186,1.270,-0.961
2025-12-05T06:37:50.339502,-1.664,-1.186,1.270,-0.965
2025-12-05T06:37:50.357997,-1.664,-1.186,1.270,-0.969
2025-12-05T06:37:50.376133,-1.664,-1.186,1.270,-0.972
2025-12-05T06:37:50.392573,-1.664,-1.186,1.270,-0.975
2025-12-05T06:37:50.409956,-1.664,-1.186,1.270,-0.979
2025-12-05T06:37:50.427152,-1.664,-1.186,1.270,-0.981
2025-12-05T06:37:50.442850,-1.664,-1.186,1.270,-0.984
2025-12-05T06:37:50.459927,-1.664,-1.186,1.270,-0.987
2025-12-05T06:37:50.475410,-1.664,-1.186,1.270,-0.989
2025-12-05T06:37:50.495090,-1.664,-1.186,1.270,-0.991
2025-12-05T06:37:50.508136,-1.664,-1.186,1.270,-0.993
2025-12-05T06:37:50.523622,-1.664,-1.186,1.270,-0.994
2025-12-05T06:37:50.534554,-1.664,-1.186,1.270,-0.996
2025-12-05T06:37:50.549409,-1.664,-1.186,1.270,-0.997
2025-12-05T06:37:50.563623,-1.664,-1.186,1.270,-0.998
2025-12-05T06:37:50.577373,-1.664,-1.186,1.270,-0.999
2025-12-05T06:37:50.593260,-1.664,-1.186,1.270,-0.999
2025-12-05T06:37:50.611496,-1.664,-1.186,1.270,-1.000
2025-12-05T06:37:50.627638,-1.664,-1.186,1.270,-1.000
2025-12-05T06:37:50.643496,-1.664,-1.186,1.270,1.000
2025-12-05T06:37:50.660244,-1.664,-1.186,1.270,1.000
2025-12-05T06:37:50.676984,-1.664,-1.186,1.270,0.999
2025-12-05T06:37:50.696072,-1.664,-1.186,1.270,0.999
2025-12-05T06:37:50.714823,-1.664,-1.186,1.270,0.998
2025-12-05T06:37:50.731820,-1.664,-1.186,1.270,0.997
2025-12-05T06:37:50.749544,-1.664,-1.186,1.270,0.996
2025-12-05T06:37:50.765695,-1.664,-1.186,1.270,0.994
2025-12-05T06:37:50.781826,-1.664,-1.186,1.270,0.992
2025-12-05T06:37:50.796658,-1.664,-1.186,1.270,0.990
2025-12-05T06:37:50.812256,-1.664,-1.186,1.270,0.988
2025-12-05T06:37:50.827177,-1.664,-1.186,1.270,0.986
2025-12-05T06:37:50.840612,-1.664,-1.186,1.270,0.984
2025-12-05T06:37:50.856894,-1.664,-1.186,1.270,0.981
2025-12-05T06:37:50.873558,-1.664,-1.186,1.270,0.978
2025-12-05T06:37:50.891274,-1.664,-1.186,1.270,0.975
2025-12-05T06:37:50.908620,-1.664,-1.186,1.270,0.972
2025-12-05T06:37:50.926245,-1.664,-1.186,1.270,0.968
2025-12-05T06:37:50.941079,-1.664,-1.186,1.270,0.964
2025-12-05T06:37:50.959307,-1.664,-1.186,1.270,0.960
2025-12-05T06:37:50.978531,-1.664,-1.186,1.270,0.956
2025-12-05T06:37:50.995542,-1.664,-1.186,1.270,0.952
2025-12-05T06:37:51.015314,-1.664,-1.186,1.270,0.948
2025-12-05T06:37:51.031290,-1.664,-1.186,1.270,0.943
2025-12-05T06:37:51.049115,-1.664,-1.186,1.270,0.938
2025-12-05T06:37:51.065282,-1.664,-1.186,1.270,0.933
2025-12-05T06:37:51.081857,-1.664,-1.186,1.270,0.928
2025-12-05T06:37:51.094614,-1.664,-1.186,1.270,0.922
2025-12-05T06:37:51.116188,-1.664,-1.186,1.270,0.916
2025-12-05T06:37:51.128257,-1.664,-1.186,1.270,0.911
2025-12-05T06:37:51.142645,-1.664,-1.186,1.270,0.905
2025-12-05T06:37:51.156926,-1.664,-1.186,1.270,0.898
2025-12-05T06:37:51.171439,-1.664,-1.186,1.270,0.892
2025-12-05T06:37:51.187055,-1.664,-1.186,1.270,0.885
2025-12-05T06:37:51.203273,-1.664,-1.186,1.270,0.879
2025-12-05T06:37:51.218265,-1.664,-1.186,1.270,0.872
2025-12-05T06:37:51.235421,-1.664,-1.186,1.270,0.864
2025-12-05T06:37:51.254857,-1.664,-1.186,1.270,0.857
2025-12-05T06:37:51.273273,-1.664,-1.186,1.270,0.850
2025-12-05T06:37:51.288988,-1.664,-1.186,1.270,0.842
2025-12-05T06:37:51.308378,-1.664,-1.186,1.270,0.834
2025-12-05T06:37:51.324499,-1.664,-1.186,1.270,0.826
2025-12-05T06:37:51.341505,-1.664,-1.186,1.270,0.818
2025-12-05T06:37:51.363007,-1.664,-1.186,1.270,0.809
2025-12-05T06:37:51.377369,-1.664,-1.186,1.270,0.801
2025-12-05T06:37:51.395830,-1.664,-1.186,1.270,0.792
2025-12-05T06:37:51.419214,-1.664,-1.186,1.270,0.783
2025-12-05T06:37:51.432215,-1.664,-1.186,1.270,0.774
2025-12-05T06:37:51.447956,-1.664,-1.186,1.270,0.765
2025-12-05T06:37:51.462690,-1.664,-1.186,1.270,0.756
2025-12-05T06:37:51.477601,-1.664,-1.186,1.270,0.746
2025-12-05T06:37:51.490520,-1.664,-1.186,1.270,0.737
2025-12-05T06:37:51.505070,-1.664,-1.186,1.270,0.727
2025-12-05T06:37:51.517476,-1.664,-1.186,1.270,0.717
2025-12-05T06:37:51.533319,-1.664,-1.186,1.270,0.707
2025-12-05T06:37:51.549395,-1.664,-1.186,1.270,0.696
2025-12-05T06:37:51.564740,-1.664,-1.186,1.270,0.686
2025-12-05T06:37:51.580824,-1.664,-1.186,1.270,0.675
2025-12-05T06:37:51.598063,-1.664,-1.186,1.270,0.665
2025-12-05T06:37:51.614997,-1.664,-1.186,1.270,0.654
2025-12-05T06:37:51.631485,-1.664,-1.186,1.270,0.643
2025-12-05T06:37:51.649519,-1.664,-1.186,1.270,0.632
2025-12-05T06:37:51.667161,-1.664,-1.186,1.270,0.621
2025-12-05T06:37:51.684943,-1.664,-1.186,1.270,0.609
2025-12-05T06:37:51.702687,-1.664,-1.186,1.270,0.598
2025-12-05T06:37:51.719536,-1.664,-1.186,1.270,0.586
2025-12-05T06:37:51.732868,-1.664,-1.186,1.270,0.574
2025-12-05T06:37:51.746957,-1.664,-1.186,1.270,0.563
2025-12-05T06:37:51.762718,-1.664,-1.186,1.270,0.551
2025-12-05T06:37:51.776929,-1.664,-1.186,1.270,0.539
2025-12-05T06:37:51.793272,-1.664,-1.186,1.270,0.526
2025-12-05T06:37:51.808372,-1.664,-1.186,1.270,0.514
2025-12-05T06:37:51.825388,-1.664,-1.186,1.270,0.502
2025-12-05T06:37:51.842108,-1.664,-1.186,1.270,0.489
2025-12-05T06:37:51.860059,-1.664,-1.186,1.270,0.477
2025-12-05T06:37:51.876395,-1.664,-1.186,1.270,0.464
2025-12-05T06:37:51.898385,-1.664,-1.186,1.270,0.451
2025-12-05T06:37:51.912672,-1.664,-1.186,1.270,0.438
2025-12-05T06:37:51.931501,-1.664,-1.186,1.270,0.425
2025-12-05T06:37:51.947662,-1.664,-1.186,1.270,0.412
2025-12-05T06:37:51.964519,-1.664,-1.186,1.270,0.399
2025-12-05T06:37:51.979500,-1.664,-1.186,1.270,0.386
2025-12-05T06:37:51.995519,-1.664,-1.186,1.270,0.372
2025-12-05T06:37:52.010612,-1.664,-1.186,1.270,0.359
2025-12-05T06:37:52.033501,-1.664,-1.186,1.270,0.346
2025-12-05T06:37:52.044810,-1.664,-1.186,1.270,0.332
2025-12-05T06:37:52.058270,-1.664,-1.186,1.270,0.318
2025-12-05T06:37:52.071263,-1.664,-1.186,1.270,0.305
2025-12-05T06:37:52.084742,-1.664,-1.186,1.270,0.291
2025-12-05T06:37:52.100473,-1.664,-1.186,1.270,0.277
2025-12-05T06:37:52.116380,-1.664,-1.186,1.270,0.263
2025-12-05T06:37:52.130743,-1.664,-1.186,1.270,0.249
2025-12-05T06:37:52.153353,-1.664,-1.186,1.270,0.235
2025-12-05T06:37:52.161117,-1.664,-1.186,1.270,0.221
2025-12-05T06:37:52.181739,-1.664,-1.186,1.270,0.207
2025-12-05T06:37:52.197196,-1.664,-1.186,1.270,0.193
2025-12-05T06:37:52.214970,-1.664,-1.186,1.270,0.179
2025-12-05T06:37:52.231873,-1.664,-1.186,1.270,0.165
2025-12-05T06:37:52.251160,-1.664,-1.186,1.270,0.151
2025-12-05T06:37:52.268265,-1.664,-1.186,1.270,0.136
2025-12-05T06:37:52.283979,-1.664,-1.186,1.270,0.122
2025-12-05T06:37:52.304139,-1.664,-1.186,1.270,0.108
2025-12-05T06:37:52.322555,-1.664,-1.186,1.270,0.093
2025-12-05T06:37:52.337099,-1.664,-1.186,1.270,0.079
2025-12-05T06:37:52.354470,-1.664,-1.186,1.270,0.065
2025-12-05T06:37:52.370836,-1.664,-1.186,1.270,0.050
2025-12-05T06:37:52.387061,-1.664,-1.186,1.270,0.036
2025-12-05T06:37:52.400298,-1.664,-1.186,1.270,0.022
2025-12-05T06:37:52.414616,-1.664,-1.186,1.270,0.007
2025-12-05T06:37:52.431889,-1.664,-1.186,1.270,-0.007
2025-12-05T06:37:52.446360,-1.664,-1.186,1.270,-0.022
2025-12-05T06:37:52.463630,-1.664,-1.186,1.270,-0.036
2025-12-05T06:37:52.480650,-1.664,-1.186,1.270,-0.050
2025-12-05T06:37:52.500209,-1.664,-1.186,1.270,-0.065
2025-12-05T06:37:52.518508,-1.664,-1.186,1.270,-0.079
2025-12-05T06:37:52.533872,-1.664,-1.186,1.270,-0.093
2025-12-05T06:37:52.548358,-1.664,-1.186,1.270,-0.108
2025-12-05T06:37:52.568365,-1.664,-1.186,1.270,-0.122
2025-12-05T06:37:52.585554,-1.664,-1.186,1.270,-0.136
2025-12-05T06:37:52.601261,-1.664,-1.186,1.270,-0.151
2025-12-05T06:37:52.619613,-1.664,-1.186,1.270,-0.165
2025-12-05T06:37:52.634520,-1.664,-1.186,1.270,-0.179
2025-12-05T06:37:52.659253,-1.664,-1.186,1.270,-0.193
2025-12-05T06:37:52.671704,-1.664,-1.186,1.270,-0.207
2025-12-05T06:37:52.686808,-1.664,-1.186,1.270,-0.221
2025-12-05T06:37:52.701152,-1.664,-1.186,1.270,-0.235
2025-12-05T06:37:52.714611,-1.664,-1.186,1.270,-0.249
2025-12-05T06:37:52.726184,-1.664,-1.186,1.270,-0.263
2025-12-05T06:37:52.739723,-1.664,-1.186,1.270,-0.277
2025-12-05T06:37:52.756321,-1.664,-1.186,1.270,-0.291
2025-12-05T06:37:52.773427,-1.664,-1.186,1.270,-0.305
2025-12-05T06:37:52.785579,-1.664,-1.186,1.270,-0.318
2025-12-05T06:37:52.801367,-1.664,-1.186,1.270,-0.332
2025-12-05T06:37:52.817182,-1.664,-1.186,1.270,-0.346
2025-12-05T06:37:52.836061,-1.664,-1.186,1.270,-0.359
2025-12-05T06:37:52.854196,-1.664,-1.186,1.270,-0.372
2025-12-05T06:37:52.871825,-1.664,-1.186,1.270,-0.386
2025-12-05T06:37:52.889456,-1.664,-1.186,1.270,-0.399
2025-12-05T06:37:52.906061,-1.664,-1.186,1.270,-0.412
2025-12-05T06:37:52.924562,-1.664,-1.186,1.270,-0.425
2025-12-05T06:37:52.940365,-1.664,-1.186,1.270,-0.438
2025-12-05T06:37:52.955255,-1.664,-1.186,1.270,-0.451
2025-12-05T06:37:52.970638,-1.659,-1.194,1.270,-0.451
2025-12-05T06:37:52.986319,-1.653,-1.201,1.270,-0.451
2025-12-05T06:37:53.000516,-1.648,-1.208,1.270,-0.451
2025-12-05T06:37:53.017692,-1.643,-1.215,1.270,-0.451
2025-12-05T06:37:53.033081,-1.637,-1.223,1.270,-0.451
2025-12-05T06:37:53.048743,-1.632,-1.230,1.270,-0.451
2025-12-05T06:37:53.064850,-1.627,-1.237,1.270,-0.451
2025-12-05T06:37:53.084553,-1.621,-1.245,1.270,-0.451
2025-12-05T06:37:53.101950,-1.616,-1.252,1.270,-0.451
2025-12-05T06:37:53.118849,-1.610,-1.259,1.270,-0.451
2025-12-05T06:37:53.136685,-1.605,-1.267,1.270,-0.451
2025-12-05T06:37:53.154537,-1.599,-1.274,1.270,-0.451
2025-12-05T06:37:53.171841,-1.594,-1.282,1.270,-0.451
2025-12-05T06:37:53.191153,-1.588,-1.289,1.270,-0.451
2025-12-05T06:37:53.207687,-1.583,-1.296,1.270,-0.451
2025-12-05T06:37:53.224863,-1.577,-1.304,1.270,-0.451
2025-12-05T06:37:53.240829,-1.572,-1.311,1.270,-0.451
2025-12-05T06:37:53.256863,-1.566,-1.319,1.270,-0.451
2025-12-05T06:37:53.273892,-1.561,-1.326,1.270,-0.451
2025-12-05T06:37:53.287816,-1.555,-1.334,1.270,-0.451
2025-12-05T06:37:53.302467,-1.550,-1.341,1.270,-0.451
2025-12-05T06:37:53.316539,-1.544,-1.349,1.270,-0.451
2025-12-05T06:37:53.330499,-1.539,-1.356,1.270,-0.451
2025-12-05T06:37:53.346562,-1.533,-1.364,1.270,-0.451
2025-12-05T06:37:53.360920,-1.528,-1.372,1.270,-0.451
2025-12-05T06:37:53.377550,-1.522,-1.379,1.270,-0.451
2025-12-05T06:37:53.394599,-1.517,-1.387,1.270,-0.451
2025-12-05T06:37:53.411995,-1.511,-1.394,1.270,-0.451
2025-12-05T06:37:53.430739,-1.505,-1.402,1.270,-0.451
2025-12-05T06:37:53.447453,-1.500,-1.410,1.270,-0.451
2025-12-05T06:37:53.467234,-1.494,-1.417,1.270,-0.451
2025-12-05T06:37:53.483930,-1.489,-1.425,1.270,-0.451
2025-12-05T06:37:53.500921,-1.483,-1.432,1.270,-0.451
2025-12-05T06:37:53.518410,-1.477,-1.440,1.270,-0.451
2025-12-05T06:37:53.537036,-1.472,-1.448,1.270,-0.451
2025-12-05T06:37:53.553936,-1.466,-1.455,1.270,-0.451
2025-12-05T06:37:53.583402,-1.460,-1.463,1.270,-0.451
2025-12-05T06:37:53.598396,-1.455,-1.471,1.270,-0.451
2025-12-05T06:37:53.615184,-1.449,-1.478,1.270,-0.451
2025-12-05T06:37:53.633155,-1.444,-1.486,1.270,-0.451
2025-12-05T06:37:53.642282,-1.443,-1.486,1.270,-0.464
2025-12-05T06:37:53.658076,-1.443,-1.487,1.270,-0.477
2025-12-05T06:37:53.670025,-1.443,-1.487,1.270,-0.489
2025-12-05T06:37:53.684208,-1.442,-1.488,1.270,-0.502
2025-12-05T06:37:53.696042,-1.442,-1.488,1.270,-0.514
2025-12-05T06:37:53.711649,-1.442,-1.488,1.270,-0.526
2025-12-05T06:37:53.725783,-1.441,-1.489,1.270,-0.539
2025-12-05T06:37:53.744873,-1.441,-1.489,1.270,-0.551
2025-12-05T06:37:53.759390,-1.441,-1.489,1.270,-0.563
2025-12-05T06:37:53.776061,-1.441,-1.490,1.270,-0.575
2025-12-05T06:37:53.792459,-1.440,-1.490,1.270,-0.586
2025-12-05T06:37:53.808136,-1.440,-1.490,1.270,-0.598
2025-12-05T06:37:53.825221,-1.440,-1.491,1.270,-0.609
2025-12-05T06:37:53.842112,-1.440,-1.491,1.270,-0.621
2025-12-05T06:37:53.858741,-1.440,-1.491,1.270,-0.632
2025-12-05T06:37:53.878487,-1.439,-1.492,1.270,-0.643
2025-12-05T06:37:53.893532,-1.439,-1.492,1.270,-0.654
2025-12-05T06:37:53.909643,-1.439,-1.492,1.270,-0.665
2025-12-05T06:37:53.926258,-1.439,-1.492,1.270,-0.675
2025-12-05T06:37:53.941798,-1.439,-1.493,1.270,-0.686
2025-12-05T06:37:53.956614,-1.438,-1.493,1.270,-0.696
2025-12-05T06:37:53.970638,-1.438,-1.493,1.270,-0.707
2025-12-05T06:37:53.985350,-1.438,-1.493,1.270,-0.717
2025-12-05T06:37:53.999910,-1.438,-1.493,1.270,-0.727
2025-12-05T06:37:54.015404,-1.438,-1.494,1.270,-0.737
2025-12-05T06:37:54.031199,-1.438,-1.494,1.270,-0.746
2025-12-05T06:37:54.047698,-1.438,-1.494,1.270,-0.756
2025-12-05T06:37:54.066346,-1.437,-1.494,1.270,-0.765
2025-12-05T06:37:54.082544,-1.437,-1.494,1.270,-0.774
2025-12-05T06:37:54.099118,-1.437,-1.495,1.270,-0.783
2025-12-05T06:37:54.118012,-1.437,-1.495,1.270,-0.792
2025-12-05T06:37:54.137245,-1.437,-1.495,1.270,-0.801
2025-12-05T06:37:54.153283,-1.437,-1.495,1.270,-0.809
2025-12-05T06:37:54.171079,-1.437,-1.495,1.270,-0.818
2025-12-05T06:37:54.187567,-1.437,-1.495,1.270,-0.826
2025-12-05T06:37:54.205872,-1.436,-1.495,1.270,-0.834
2025-12-05T06:37:54.221060,-1.436,-1.496,1.270,-0.842
2025-12-05T06:37:54.236939,-1.436,-1.496,1.270,-0.850
2025-12-05T06:37:54.252701,-1.436,-1.496,1.270,-0.857
2025-12-05T06:37:54.266194,-1.436,-1.496,1.270,-0.864
2025-12-05T06:37:54.281536,-1.436,-1.496,1.270,-0.872
2025-12-05T06:37:54.296743,-1.436,-1.496,1.270,-0.879
2025-12-05T06:37:54.313942,-1.436,-1.496,1.270,-0.885
2025-12-05T06:37:54.330007,-1.436,-1.496,1.270,-0.892
2025-12-05T06:37:54.348189,-1.436,-1.496,1.270,-0.898
2025-12-05T06:37:54.365831,-1.436,-1.497,1.270,-0.905
2025-12-05T06:37:54.382582,-1.436,-1.497,1.270,-0.911
2025-12-05T06:37:54.399246,-1.436,-1.497,1.270,-0.916
2025-12-05T06:37:54.416474,-1.435,-1.497,1.270,-0.922
2025-12-05T06:37:54.433816,-1.435,-1.497,1.270,-0.928
2025-12-05T06:37:54.452049,-1.435,-1.497,1.270,-0.933
2025-12-05T06:37:54.465793,-1.435,-1.497,1.270,-0.938
2025-12-05T06:37:54.483676,-1.435,-1.497,1.270,-0.943
2025-12-05T06:37:54.506540,-1.435,-1.497,1.270,-0.948
2025-12-05T06:37:54.522118,-1.435,-1.497,1.270,-0.952
2025-12-05T06:37:54.536005,-1.435,-1.497,1.270,-0.956
2025-12-05T06:37:54.550136,-1.435,-1.497,1.270,-0.961
2025-12-05T06:37:54.564414,-1.435,-1.497,1.270,-0.964
2025-12-05T06:37:54.581156,-1.435,-1.498,1.270,-0.968
2025-12-05T06:37:54.595567,-1.435,-1.498,1.270,-0.972
2025-12-05T06:37:54.611643,-1.435,-1.498,1.270,-0.975
2025-12-05T06:37:54.630027,-1.435,-1.498,1.270,-0.978
2025-12-05T06:37:54.648539,-1.435,-1.498,1.270,-0.981
2025-12-05T06:37:54.662557,-1.435,-1.498,1.270,-0.984
2025-12-05T06:37:54.681157,-1.435,-1.498,1.270,-0.986
2025-12-05T06:37:54.700781,-1.435,-1.498,1.270,-0.988
2025-12-05T06:37:54.716769,-1.435,-1.498,1.270,-0.990
2025-12-05T06:37:54.733163,-1.435,-1.498,1.270,-0.992
2025-12-05T06:37:54.750009,-1.435,-1.498,1.270,-0.994
2025-12-05T06:37:54.767612,-1.435,-1.498,1.270,-0.996
2025-12-05T06:37:54.783084,-1.434,-1.498,1.270,-0.997
2025-12-05T06:37:54.807438,-1.434,-1.498,1.270,-0.998
2025-12-05T06:37:54.823109,-1.434,-1.498,1.270,-0.999
2025-12-05T06:37:54.838935,-1.434,-1.498,1.270,-0.999
2025-12-05T06:37:54.853847,-1.434,-1.498,1.270,-1.000
2025-12-05T06:37:54.868489,-1.434,-1.498,1.270,-1.000
2025-12-05T06:37:54.882961,-1.434,-1.498,1.270,1.000
2025-12-05T06:37:54.899475,-1.434,-1.498,1.270,1.000
2025-12-05T06:37:54.912734,-1.434,-1.498,1.270,0.999
2025-12-05T06:37:54.926818,-1.434,-1.498,1.270,0.999
2025-12-05T06:37:54.942632,-1.434,-1.498,1.270,0.998
2025-12-05T06:37:54.955703,-1.434,-1.499,1.270,0.997
2025-12-05T06:37:54.971337,-1.434,-1.499,1.270,0.996
2025-12-05T06:37:54.990255,-1.434,-1.499,1.270,0.994
2025-12-05T06:37:55.006340,-1.434,-1.499,1.270,0.993
2025-12-05T06:37:55.023638,-1.434,-1.499,1.270,0.991
2025-12-05T06:37:55.039444,-1.434,-1.499,1.270,0.989
2025-12-05T06:37:55.057652,-1.434,-1.499,1.270,0.987
2025-12-05T06:37:55.077365,-1.434,-1.499,1.270,0.984
2025-12-05T06:37:55.095163,-1.434,-1.499,1.270,0.981
2025-12-05T06:37:55.110863,-1.434,-1.499,1.270,0.979
2025-12-05T06:37:55.129020,-1.434,-1.499,1.270,0.975
2025-12-05T06:37:55.147266,-1.434,-1.499,1.270,0.972
2025-12-05T06:37:55.162357,-1.434,-1.499,1.270,0.969
2025-12-05T06:37:55.180904,-1.434,-1.499,1.270,0.965
2025-12-05T06:37:55.196939,-1.434,-1.499,1.270,0.961
2025-12-05T06:37:55.209614,-1.434,-1.499,1.270,0.957
2025-12-05T06:37:55.225114,-1.434,-1.499,1.270,0.953
2025-12-05T06:37:55.240065,-1.434,-1.499,1.270,0.948
2025-12-05T06:37:55.258074,-1.434,-1.499,1.270,0.944
2025-12-05T06:37:55.272215,-1.434,-1.499,1.270,0.939
2025-12-05T06:37:55.288912,-1.434,-1.499,1.270,0.934
2025-12-05T06:37:55.308429,-1.434,-1.499,1.270,0.929
2025-12-05T06:37:55.324125,-1.434,-1.499,1.270,0.923
2025-12-05T06:37:55.343152,-1.434,-1.499,1.270,0.917
2025-12-05T06:37:55.360801,-1.434,-1.499,1.270,0.912
2025-12-05T06:37:55.377628,-1.434,-1.499,1.270,0.906
2025-12-05T06:37:55.395534,-1.434,-1.499,1.270,0.899
2025-12-05T06:37:55.411014,-1.434,-1.499,1.270,0.893
2025-12-05T06:37:55.427655,-1.434,-1.499,1.270,0.886
2025-12-05T06:37:55.444590,-1.434,-1.499,1.270,0.880
2025-12-05T06:37:55.460557,-1.434,-1.499,1.270,0.873
2025-12-05T06:37:55.473831,-1.434,-1.499,1.270,0.866
2025-12-05T06:37:55.487955,-1.434,-1.499,1.270,0.858
2025-12-05T06:37:55.504130,-1.434,-1.499,1.270,0.851
2025-12-05T06:37:55.521240,-1.434,-1.499,1.270,0.843
2025-12-05T06:37:55.537753,-1.434,-1.499,1.270,0.835
2025-12-05T06:37:55.556271,-1.434,-1.499,1.270,0.827
2025-12-05T06:37:55.574281,-1.434,-1.499,1.270,0.819
2025-12-05T06:37:55.591915,-1.434,-1.499,1.270,0.811
2025-12-05T06:37:55.611279,-1.434,-1.499,1.270,0.802
2025-12-05T06:37:55.631359,-1.434,-1.499,1.270,0.794
2025-12-05T06:37:55.649670,-1.434,-1.499,1.270,0.785
2025-12-05T06:37:55.667060,-1.434,-1.499,1.270,0.776
2025-12-05T06:37:55.684961,-1.434,-1.499,1.270,0.767
2025-12-05T06:37:55.704750,-1.434,-1.499,1.270,0.757
2025-12-05T06:37:55.718619,-1.434,-1.499,1.270,0.748
2025-12-05T06:37:55.732769,-1.434,-1.499,1.270,0.738
2025-12-05T06:37:55.747458,-1.434,-1.499,1.270,0.728
2025-12-05T06:37:55.763410,-1.434,-1.499,1.270,0.718
2025-12-05T06:37:55.779775,-1.434,-1.499,1.270,0.708
2025-12-05T06:37:55.794811,-1.434,-1.499,1.270,0.698
2025-12-05T06:37:55.810874,-1.434,-1.499,1.270,0.688
2025-12-05T06:37:55.826769,-1.434,-1.499,1.270,0.677
2025-12-05T06:37:55.843131,-1.434,-1.499,1.270,0.667
2025-12-05T06:37:55.858348,-1.434,-1.499,1.270,0.656
2025-12-05T06:37:55.875922,-1.434,-1.499,1.270,0.645
2025-12-05T06:37:55.889717,-1.434,-1.499,1.270,0.634
2025-12-05T06:37:55.905801,-1.434,-1.499,1.270,0.623
2025-12-05T06:37:55.923827,-1.434,-1.499,1.270,0.611
2025-12-05T06:37:55.942684,-1.434,-1.499,1.270,0.600
2025-12-05T06:37:55.960440,-1.434,-1.499,1.270,0.588
2025-12-05T06:37:55.977107,-1.434,-1.499,1.270,0.576
2025-12-05T06:37:55.996060,-1.434,-1.499,1.270,0.565
2025-12-05T06:37:56.012715,-1.434,-1.499,1.270,0.553
2025-12-05T06:37:56.031574,-1.434,-1.499,1.270,0.541
2025-12-05T06:37:56.045934,-1.434,-1.499,1.270,0.528
2025-12-05T06:37:56.060802,-1.434,-1.499,1.270,0.516
2025-12-05T06:37:56.075759,-1.429,-1.491,1.270,0.516
2025-12-05T06:37:56.091479,-1.425,-1.483,1.270,0.516
2025-12-05T06:37:56.106565,-1.421,-1.475,1.270,0.516
2025-12-05T06:37:56.122102,-1.417,-1.467,1.270,0.516
2025-12-05T06:37:56.139684,-1.413,-1.459,1.270,0.516
2025-12-05T06:37:56.155101,-1.408,-1.451,1.270,0.516
2025-12-05T06:37:56.173322,-1.404,-1.443,1.270,0.516
2025-12-05T06:37:56.190399,-1.400,-1.435,1.270,0.516
2025-12-05T06:37:56.208618,-1.396,-1.427,1.270,0.516
2025-12-05T06:37:56.227113,-1.391,-1.419,1.270,0.516
2025-12-05T06:37:56.245916,-1.387,-1.411,1.270,0.516
2025-12-05T06:37:56.265020,-1.383,-1.403,1.270,0.516
2025-12-05T06:37:56.283265,-1.378,-1.395,1.270,0.516
2025-12-05T06:37:56.297498,-1.374,-1.387,1.270,0.516
2025-12-05T06:37:56.316496,-1.370,-1.378,1.270,0.516
2025-12-05T06:37:56.336587,-1.365,-1.370,1.270,0.516
2025-12-05T06:37:56.367324,-1.361,-1.362,1.270,0.516
2025-12-05T06:37:56.376716,-1.357,-1.354,1.270,0.516
2025-12-05T06:37:56.393686,-1.352,-1.346,1.270,0.516
2025-12-05T06:37:56.406172,-1.348,-1.337,1.270,0.516
2025-12-05T06:37:56.419591,-1.344,-1.329,1.270,0.516
2025-12-05T06:37:56.430726,-1.339,-1.321,1.270,0.516
2025-12-05T06:37:56.444234,-1.335,-1.312,1.270,0.516
2025-12-05T06:37:56.457671,-1.331,-1.304,1.270,0.516
2025-12-05T06:37:56.469620,-1.326,-1.296,1.270,0.516
2025-12-05T06:37:56.485221,-1.322,-1.288,1.270,0.516
2025-12-05T06:37:56.499322,-1.317,-1.279,1.270,0.516
2025-12-05T06:37:56.515746,-1.313,-1.271,1.270,0.516
2025-12-05T06:37:56.532442,-1.309,-1.263,1.270,0.516
2025-12-05T06:37:56.548030,-1.304,-1.254,1.270,0.516
2025-12-05T06:37:56.565238,-1.300,-1.246,1.270,0.516
2025-12-05T06:37:56.580517,-1.295,-1.238,1.270,0.516
2025-12-05T06:37:56.598065,-1.291,-1.229,1.270,0.516
2025-12-05T06:37:56.614714,-1.287,-1.221,1.270,0.516
2025-12-05T06:37:56.633295,-1.282,-1.212,1.270,0.516
2025-12-05T06:37:56.653904,-1.278,-1.204,1.270,0.516
2025-12-05T06:37:56.670178,-1.273,-1.196,1.270,0.516
2025-12-05T06:37:56.686253,-1.269,-1.187,1.270,0.516
2025-12-05T06:37:56.702272,-1.264,-1.179,1.270,0.516
2025-12-05T06:37:56.719927,-1.260,-1.170,1.270,0.516
2025-12-05T06:37:56.736719,-1.255,-1.162,1.270,0.516
2025-12-05T06:37:56.757661,-1.251,-1.154,1.270,0.516
2025-12-05T06:37:56.764608,-1.247,-1.145,1.270,0.516
2025-12-05T06:37:56.779010,-1.242,-1.137,1.270,0.516
2025-12-05T06:37:56.795962,-1.238,-1.128,1.270,0.516
2025-12-05T06:37:56.810752,-1.233,-1.120,1.270,0.516
2025-12-05T06:37:56.832325,-1.229,-1.111,1.270,0.516
2025-12-05T06:37:56.849066,-1.224,-1.103,1.270,0.516
2025-12-05T06:37:56.865907,-1.220,-1.094,1.270,0.516
2025-12-05T06:37:56.882939,-1.215,-1.086,1.270,0.516
2025-12-05T06:37:56.901378,-1.215,-1.086,1.270,0.504
2025-12-05T06:37:56.917432,-1.215,-1.086,1.270,0.491
2025-12-05T06:37:56.936622,-1.215,-1.086,1.270,0.479
2025-12-05T06:37:56.959459,-1.214,-1.087,1.270,0.466
2025-12-05T06:37:56.974461,-1.214,-1.088,1.270,0.453
2025-12-05T06:37:56.989251,-1.214,-1.089,1.270,0.440
2025-12-05T06:37:57.005274,-1.214,-1.090,1.270,0.427
2025-12-05T06:37:57.019379,-1.214,-1.091,1.270,0.414
2025-12-05T06:37:57.033063,-1.214,-1.092,1.270,0.401
2025-12-05T06:37:57.047011,-1.213,-1.093,1.270,0.388
2025-12-05T06:37:57.061512,-1.213,-1.095,1.270,0.375
2025-12-05T06:37:57.075987,-1.213,-1.096,1.270,0.361
2025-12-05T06:37:57.090628,-1.213,-1.097,1.270,0.348
2025-12-05T06:37:57.106497,-1.213,-1.098,1.270,0.334
2025-12-05T06:37:57.125301,-1.213,-1.099,1.270,0.321
2025-12-05T06:37:57.139991,-1.213,-1.100,1.270,0.307
2025-12-05T06:37:57.156629,-1.213,-1.101,1.270,0.293
2025-12-05T06:37:57.174825,-1.212,-1.102,1.270,0.279
2025-12-05T06:37:57.192534,-1.212,-1.103,1.270,0.266
2025-12-05T06:37:57.210703,-1.212,-1.104,1.270,0.252
2025-12-05T06:37:57.229125,-1.212,-1.105,1.270,0.238
2025-12-05T06:37:57.246517,-1.212,-1.106,1.270,0.224
2025-12-05T06:37:57.262992,-1.212,-1.107,1.270,0.210
2025-12-05T06:37:57.281003,-1.212,-1.107,1.270,0.196
2025-12-05T06:37:57.297490,-1.212,-1.108,1.270,0.181
2025-12-05T06:37:57.312570,-1.212,-1.109,1.270,0.167
2025-12-05T06:37:57.327935,-1.212,-1.110,1.270,0.153
2025-12-05T06:37:57.343040,-1.211,-1.110,1.270,0.139
2025-12-05T06:37:57.360531,-1.211,-1.111,1.270,0.124
2025-12-05T06:37:57.375245,-1.211,-1.112,1.270,0.110
2025-12-05T06:37:57.390765,-1.211,-1.112,1.270,0.096
2025-12-05T06:37:57.408829,-1.211,-1.113,1.270,0.081
2025-12-05T06:37:57.427592,-1.211,-1.114,1.270,0.067
2025-12-05T06:37:57.445089,-1.211,-1.114,1.270,0.053
2025-12-05T06:37:57.463322,-1.211,-1.115,1.270,0.038
2025-12-05T06:37:57.477619,-1.211,-1.115,1.270,0.024
2025-12-05T06:37:57.495574,-1.211,-1.116,1.270,0.010
2025-12-05T06:37:57.512308,-1.211,-1.116,1.270,-0.005
2025-12-05T06:37:57.528756,-1.211,-1.117,1.270,-0.019
2025-12-05T06:37:57.545544,-1.211,-1.117,1.270,-0.034
2025-12-05T06:37:57.559692,-1.211,-1.118,1.270,-0.048
2025-12-05T06:37:57.580258,-1.211,-1.118,1.270,-0.062
2025-12-05T06:37:57.592979,-1.211,-1.118,1.270,-0.077
2025-12-05T06:37:57.606257,-1.210,-1.119,1.270,-0.091
2025-12-05T06:37:57.620720,-1.210,-1.119,1.270,-0.105
2025-12-05T06:37:57.637160,-1.210,-1.120,1.270,-0.120
2025-12-05T06:37:57.652688,-1.210,-1.120,1.270,-0.134
2025-12-05T06:37:57.668926,-1.210,-1.120,1.270,-0.148
2025-12-05T06:37:57.684920,-1.210,-1.121,1.270,-0.163
2025-12-05T06:37:57.703520,-1.210,-1.121,1.270,-0.177
2025-12-05T06:37:57.723954,-1.210,-1.121,1.270,-0.191
2025-12-05T06:37:57.740206,-1.210,-1.122,1.270,-0.205
2025-12-05T06:37:57.759569,-1.210,-1.122,1.270,-0.219
2025-12-05T06:37:57.779447,-1.210,-1.122,1.270,-0.233
2025-12-05T06:37:57.792303,-1.210,-1.122,1.270,-0.247
2025-12-05T06:37:57.811011,-1.210,-1.123,1.270,-0.261
2025-12-05T06:37:57.825405,-1.210,-1.123,1.270,-0.275
2025-12-05T06:37:57.846288,-1.210,-1.123,1.270,-0.289
2025-12-05T06:37:57.860542,-1.210,-1.123,1.270,-0.302
2025-12-05T06:37:57.882120,-1.210,-1.124,1.270,-0.316
2025-12-05T06:37:57.894977,-1.210,-1.124,1.270,-0.330
2025-12-05T06:37:57.907578,-1.210,-1.124,1.270,-0.343
2025-12-05T06:37:57.923534,-1.210,-1.124,1.270,-0.357
2025-12-05T06:37:57.937050,-1.210,-1.124,1.270,-0.370
2025-12-05T06:37:57.951891,-1.210,-1.125,1.270,-0.384
2025-12-05T06:37:57.966069,-1.210,-1.125,1.270,-0.397
2025-12-05T06:37:57.980894,-1.210,-1.125,1.270,-0.410
2025-12-05T06:37:57.997243,-1.210,-1.125,1.270,-0.423
2025-12-05T06:37:58.013986,-1.210,-1.125,1.270,-0.436
2025-12-05T06:37:58.031029,-1.210,-1.125,1.270,-0.449
2025-12-05T06:37:58.048454,-1.210,-1.126,1.270,-0.462
2025-12-05T06:37:58.066422,-1.210,-1.126,1.270,-0.475
2025-12-05T06:37:58.083588,-1.210,-1.126,1.270,-0.487
2025-12-05T06:37:58.099659,-1.210,-1.126,1.270,-0.500
2025-12-05T06:37:58.115910,-1.210,-1.126,1.270,-0.512
2025-12-05T06:37:58.133729,-1.210,-1.126,1.270,-0.524
2025-12-05T06:37:58.152247,-1.210,-1.126,1.270,-0.537
2025-12-05T06:37:58.168813,-1.210,-1.127,1.270,-0.549
2025-12-05T06:37:58.182728,-1.210,-1.127,1.270,-0.561
2025-12-05T06:37:58.198454,-1.210,-1.127,1.270,-0.573
2025-12-05T06:37:58.215082,-1.210,-1.127,1.270,-0.584
2025-12-05T06:37:58.228852,-1.209,-1.127,1.270,-0.596
2025-12-05T06:37:58.245760,-1.209,-1.127,1.270,-0.607
2025-12-05T06:37:58.260309,-1.209,-1.127,1.270,-0.619
2025-12-05T06:37:58.278778,-1.209,-1.127,1.270,-0.630
2025-12-05T06:37:58.292886,-1.209,-1.127,1.270,-0.641
2025-12-05T06:37:58.310379,-1.209,-1.128,1.270,-0.652
2025-12-05T06:37:58.326530,-1.209,-1.128,1.270,-0.663
2025-12-05T06:37:58.346208,-1.209,-1.128,1.270,-0.674
2025-12-05T06:37:58.363859,-1.209,-1.128,1.270,-0.684
2025-12-05T06:37:58.383903,-1.209,-1.128,1.270,-0.695
2025-12-05T06:37:58.401190,-1.209,-1.128,1.270,-0.705
2025-12-05T06:37:58.419910,-1.209,-1.128,1.270,-0.715
2025-12-05T06:37:58.433618,-1.209,-1.128,1.270,-0.725
2025-12-05T06:37:58.451009,-1.209,-1.128,1.270,-0.735
2025-12-05T06:37:58.466947,-1.209,-1.128,1.270,-0.745
2025-12-05T06:37:58.482194,-1.209,-1.128,1.270,-0.754
2025-12-05T06:37:58.503426,-1.209,-1.128,1.270,-0.764
2025-12-05T06:37:58.516057,-1.209,-1.128,1.270,-0.773
2025-12-05T06:37:58.531082,-1.209,-1.128,1.270,-0.782
2025-12-05T06:37:58.548120,-1.209,-1.129,1.270,-0.791
2025-12-05T06:37:58.563814,-1.209,-1.129,1.270,-0.799
2025-12-05T06:37:58.579943,-1.209,-1.129,1.270,-0.808
2025-12-05T06:37:58.596601,-1.209,-1.129,1.270,-0.816
2025-12-05T06:37:58.613504,-1.209,-1.129,1.270,-0.825
2025-12-05T06:37:58.629484,-1.209,-1.129,1.270,-0.833
2025-12-05T06:37:58.648732,-1.209,-1.129,1.270,-0.841
2025-12-05T06:37:58.665704,-1.209,-1.129,1.270,-0.848
2025-12-05T06:37:58.682772,-1.209,-1.129,1.270,-0.856
2025-12-05T06:37:58.700441,-1.209,-1.129,1.270,-0.863
2025-12-05T06:37:58.718021,-1.209,-1.129,1.270,-0.870
2025-12-05T06:37:58.733295,-1.209,-1.129,1.270,-0.877
2025-12-05T06:37:58.748858,-1.209,-1.129,1.270,-0.884
2025-12-05T06:37:58.766667,-1.209,-1.129,1.270,-0.891
2025-12-05T06:37:58.778812,-1.209,-1.129,1.270,-0.897
2025-12-05T06:37:58.794720,-1.209,-1.129,1.270,-0.904
2025-12-05T06:37:58.810904,-1.209,-1.129,1.270,-0.910
2025-12-05T06:37:58.825850,-1.209,-1.129,1.270,-0.916
2025-12-05T06:37:58.843364,-1.209,-1.129,1.270,-0.921
2025-12-05T06:37:58.859617,-1.209,-1.129,1.270,-0.927
2025-12-05T06:37:58.881363,-1.209,-1.129,1.270,-0.932
2025-12-05T06:37:58.893635,-1.209,-1.129,1.270,-0.937
2025-12-05T06:37:58.912776,-1.209,-1.129,1.270,-0.942
2025-12-05T06:37:58.931899,-1.209,-1.129,1.270,-0.947
2025-12-05T06:37:58.949844,-1.209,-1.129,1.270,-0.951
2025-12-05T06:37:58.967100,-1.209,-1.129,1.270,-0.956
2025-12-05T06:37:58.989172,-1.209,-1.129,1.270,-0.960
2025-12-05T06:37:59.000624,-1.209,-1.129,1.270,-0.964
2025-12-05T06:37:59.018168,-1.209,-1.130,1.270,-0.968
2025-12-05T06:37:59.036941,-1.209,-1.130,1.270,-0.971
2025-12-05T06:37:59.052030,-1.209,-1.130,1.270,-0.974
2025-12-05T06:37:59.069938,-1.209,-1.130,1.270,-0.978
2025-12-05T06:37:59.083118,-1.209,-1.130,1.270,-0.980
2025-12-05T06:37:59.099183,-1.209,-1.130,1.270,-0.983
2025-12-05T06:37:59.113101,-1.209,-1.130,1.270,-0.986
2025-12-05T06:37:59.128473,-1.209,-1.130,1.270,-0.988
2025-12-05T06:37:59.143290,-1.209,-1.130,1.270,-0.990
2025-12-05T06:37:59.157833,-1.209,-1.130,1.270,-0.992
2025-12-05T06:37:59.172301,-1.209,-1.130,1.270,-0.994
2025-12-05T06:37:59.187945,-1.209,-1.130,1.270,-0.995
2025-12-05T06:37:59.205126,-1.209,-1.130,1.270,-0.997
2025-12-05T06:37:59.221571,-1.209,-1.130,1.270,-0.998
2025-12-05T06:37:59.237865,-1.209,-1.130,1.270,-0.999
2025-12-05T06:37:59.254622,-1.209,-1.130,1.270,-0.999
2025-12-05T06:37:59.272198,-1.209,-1.130,1.270,-1.000
2025-12-05T06:37:59.302899,-1.209,-1.130,1.270,-1.000
2025-12-05T06:37:59.321672,-1.209,-1.130,1.270,1.000
2025-12-05T06:37:59.338088,-1.209,-1.130,1.270,1.000
2025-12-05T06:37:59.359583,-1.209,-1.130,1.270,0.999
2025-12-05T06:37:59.376154,-1.209,-1.130,1.270,0.999
2025-12-05T06:37:59.394593,-1.209,-1.130,1.270,0.998
2025-12-05T06:37:59.410597,-1.209,-1.130,1.270,0.997
2025-12-05T06:37:59.434718,-1.209,-1.130,1.270,0.996
2025-12-05T06:37:59.446085,-1.209,-1.130,1.270,0.995
2025-12-05T06:37:59.461274,-1.209,-1.130,1.270,0.993
2025-12-05T06:37:59.475535,-1.209,-1.130,1.270,0.991
2025-12-05T06:37:59.489744,-1.209,-1.130,1.270,0.989
2025-12-05T06:37:59.504209,-1.209,-1.130,1.270,0.987
2025-12-05T06:37:59.517766,-1.209,-1.130,1.270,0.984
2025-12-05T06:37:59.531988,-1.209,-1.130,1.270,0.982
2025-12-05T06:37:59.548729,-1.209,-1.130,1.270,0.979
2025-12-05T06:37:59.564184,-1.209,-1.130,1.270,0.976
2025-12-05T06:37:59.583438,-1.209,-1.130,1.270,0.973
2025-12-05T06:37:59.599754,-1.209,-1.130,1.270,0.969
2025-12-05T06:37:59.616639,-1.209,-1.130,1.270,0.966
2025-12-05T06:37:59.640108,-1.209,-1.130,1.270,0.962
2025-12-05T06:37:59.654455,-1.209,-1.130,1.270,0.958
2025-12-05T06:37:59.672175,-1.209,-1.130,1.270,0.954
2025-12-05T06:37:59.689612,-1.209,-1.130,1.270,0.949
2025-12-05T06:37:59.707894,-1.209,-1.130,1.270,0.944
2025-12-05T06:37:59.724173,-1.209,-1.130,1.270,0.940
2025-12-05T06:37:59.738916,-1.209,-1.130,1.270,0.935
2025-12-05T06:37:59.754820,-1.209,-1.130,1.270,0.929
2025-12-05T06:37:59.769706,-1.209,-1.130,1.270,0.924
2025-12-05T06:37:59.786850,-1.209,-1.130,1.270,0.918
2025-12-05T06:37:59.800358,-1.209,-1.130,1.270,0.913
2025-12-05T06:37:59.816800,-1.209,-1.130,1.270,0.907
2025-12-05T06:37:59.830718,-1.209,-1.130,1.270,0.900
2025-12-05T06:37:59.849942,-1.209,-1.130,1.270,0.894
2025-12-05T06:37:59.869403,-1.209,-1.130,1.270,0.888
2025-12-05T06:37:59.884592,-1.209,-1.130,1.270,0.881
2025-12-05T06:37:59.901981,-1.209,-1.130,1.270,0.874
2025-12-05T06:37:59.918804,-1.209,-1.130,1.270,0.867
2025-12-05T06:37:59.935259,-1.209,-1.130,1.270,0.860
2025-12-05T06:37:59.952897,-1.209,-1.130,1.270,0.852
2025-12-05T06:37:59.968077,-1.209,-1.130,1.270,0.844
2025-12-05T06:37:59.983894,-1.209,-1.130,1.270,0.837
2025-12-05T06:37:59.998099,-1.209,-1.130,1.270,0.829
2025-12-05T06:38:00.015678,-1.209,-1.130,1.270,0.821
2025-12-05T06:38:00.024758,-1.209,-1.130,1.270,0.812
2025-12-05T06:38:00.044490,-1.209,-1.130,1.270,0.804
2025-12-05T06:38:00.057023,-1.209,-1.130,1.270,0.795
2025-12-05T06:38:00.073589,-1.209,-1.130,1.270,0.786
2025-12-05T06:38:00.089621,-1.209,-1.130,1.270,0.777
2025-12-05T06:38:00.108839,-1.209,-1.130,1.270,0.768
2025-12-05T06:38:00.127224,-1.209,-1.130,1.270,0.759
2025-12-05T06:38:00.145548,-1.209,-1.130,1.270,0.749
2025-12-05T06:38:00.163001,-1.209,-1.130,1.270,0.740
2025-12-05T06:38:00.181899,-1.209,-1.130,1.270,0.730
2025-12-05T06:38:00.197780,-1.209,-1.130,1.270,0.720
2025-12-05T06:38:00.219766,-1.209,-1.130,1.270,0.710
2025-12-05T06:38:00.231138,-1.209,-1.130,1.270,0.700
2025-12-05T06:38:00.246166,-1.209,-1.130,1.270,0.689
2025-12-05T06:38:00.261359,-1.209,-1.130,1.270,0.679
2025-12-05T06:38:00.276794,-1.209,-1.130,1.270,0.668
2025-12-05T06:38:00.293611,-1.209,-1.130,1.270,0.658
2025-12-05T06:38:00.307927,-1.209,-1.130,1.270,0.647
2025-12-05T06:38:00.322885,-1.209,-1.130,1.270,0.636
2025-12-05T06:38:00.338909,-1.209,-1.130,1.270,0.624
2025-12-05T06:38:00.356021,-1.209,-1.130,1.270,0.613
2025-12-05T06:38:00.373032,-1.209,-1.130,1.270,0.602
2025-12-05T06:38:00.390566,-1.209,-1.130,1.270,0.590
2025-12-05T06:38:00.407496,-1.209,-1.130,1.270,0.578
2025-12-05T06:38:00.426485,-1.209,-1.130,1.270,0.567
2025-12-05T06:38:00.444050,-1.209,-1.130,1.270,0.555
2025-12-05T06:38:00.463699,-1.209,-1.130,1.270,0.543
2025-12-05T06:38:00.481064,-1.209,-1.130,1.270,0.530
2025-12-05T06:38:00.497307,-1.209,-1.130,1.270,0.518
2025-12-05T06:38:00.514874,-1.209,-1.130,1.270,0.506
2025-12-05T06:38:00.527183,-1.209,-1.130,1.270,0.493
2025-12-05T06:38:00.548505,-1.209,-1.130,1.270,0.481
2025-12-05T06:38:00.559253,-1.209,-1.130,1.270,0.468
2025-12-05T06:38:00.576679,-1.209,-1.130,1.270,0.455
2025-12-05T06:38:00.590501,-1.209,-1.130,1.270,0.442
2025-12-05T06:38:00.607009,-1.209,-1.130,1.270,0.430
2025-12-05T06:38:00.622894,-1.209,-1.130,1.270,0.416
2025-12-05T06:38:00.640168,-1.209,-1.130,1.270,0.403
2025-12-05T06:38:00.655955,-1.209,-1.130,1.270,0.390
2025-12-05T06:38:00.670490,-1.209,-1.130,1.270,0.377
2025-12-05T06:38:00.687550,-1.203,-1.124,1.270,0.377
2025-12-05T06:38:00.706451,-1.196,-1.118,1.270,0.377
2025-12-05T06:38:00.724967,-1.190,-1.111,1.270,0.377
2025-12-05T06:38:00.741660,-1.183,-1.105,1.270,0.377
2025-12-05T06:38:00.760319,-1.177,-1.099,1.270,0.377
2025-12-05T06:38:00.779708,-1.170,-1.092,1.270,0.377
2025-12-05T06:38:00.795073,-1.164,-1.086,1.270,0.377
2025-12-05T06:38:00.812029,-1.157,-1.080,1.270,0.377
2025-12-05T06:38:00.829136,-1.151,-1.074,1.270,0.377
2025-12-05T06:38:00.843930,-1.144,-1.069,1.270,0.377
2025-12-05T06:38:00.857571,-1.138,-1.064,1.270,0.377
2025-12-05T06:38:00.872127,-1.131,-1.059,1.270,0.377
2025-12-05T06:38:00.888250,-1.125,-1.055,1.270,0.377
2025-12-05T06:38:00.906779,-1.118,-1.052,1.270,0.377
2025-12-05T06:38:00.917513,-1.112,-1.050,1.270,0.377
2025-12-05T06:38:00.933668,-1.105,-1.048,1.270,0.377
2025-12-05T06:38:00.949215,-1.099,-1.047,1.270,0.377
2025-12-05T06:38:00.970872,-1.093,-1.046,1.270,0.377
2025-12-05T06:38:00.984936,-1.086,-1.046,1.270,0.377
2025-12-05T06:38:00.999028,-1.080,-1.046,1.270,0.377
2025-12-05T06:38:01.017503,-1.073,-1.047,1.270,0.377
2025-12-05T06:38:01.037430,-1.067,-1.047,1.270,0.377
2025-12-05T06:38:01.051705,-1.060,-1.048,1.270,0.377
2025-12-05T06:38:01.067630,-1.054,-1.049,1.270,0.377
2025-12-05T06:38:01.083133,-1.048,-1.051,1.270,0.377
2025-12-05T06:38:01.099296,-1.041,-1.052,1.270,0.377
2025-12-05T06:38:01.116879,-1.041,-1.052,1.270,0.377
2025-12-05T06:38:01.133682,-1.041,-1.052,1.270,0.377
2025-12-05T06:38:01.147881,-1.041,-1.052,1.270,0.377
2025-12-05T06:38:01.167289,-1.041,-1.052,1.270,0.377
2025-12-05T06:38:01.182407,-1.041,-1.052,1.270,0.377
2025-12-05T06:38:01.199492,-1.041,-1.052,1.270,0.377
2025-12-05T06:38:01.218274,-1.041,-1.052,1.270,0.377
2025-12-05T06:38:01.236936,-1.041,-1.052,1.270,0.377
2025-12-05T06:38:01.254527,-1.041,-1.052,1.270,0.377
2025-12-05T06:38:01.279190,-1.041,-1.052,1.270,0.377
2025-12-05T06:38:01.293267,-1.041,-1.052,1.270,0.377
2025-12-05T06:38:01.311199,-1.041,-1.052,1.270,0.377
2025-12-05T06:38:01.324445,-1.041,-1.052,1.270,0.377
2025-12-05T06:38:01.338134,-1.041,-1.052,1.270,0.377
2025-12-05T06:38:01.352608,-1.041,-1.052,1.270,0.377
2025-12-05T06:38:01.367677,-1.041,-1.052,1.270,0.377
2025-12-05T06:38:01.379181,-1.041,-1.052,1.270,0.377
2025-12-05T06:38:01.392955,-1.041,-1.052,1.270,0.377
2025-12-05T06:38:01.406262,-1.041,-1.052,1.270,0.377
2025-12-05T06:38:01.419629,-1.041,-1.052,1.270,0.377
2025-12-05T06:38:01.435214,-1.041,-1.052,1.270,0.377
2025-12-05T06:38:01.449854,-1.041,-1.052,1.270,0.377
2025-12-05T06:38:01.464842,-1.041,-1.052,1.270,0.377
2025-12-05T06:38:01.481475,-1.041,-1.052,1.270,0.377
2025-12-05T06:38:01.497442,-1.041,-1.052,1.270,0.377
2025-12-05T06:38:01.514438,-1.041,-1.052,1.270,0.377
2025-12-05T06:38:01.532698,-1.041,-1.052,1.270,0.377
2025-12-05T06:38:01.550445,-1.041,-1.052,1.270,0.377
2025-12-05T06:38:01.568793,-1.041,-1.052,1.270,0.377
2025-12-05T06:38:01.592603,-1.041,-1.052,1.270,0.377
2025-12-05T06:38:01.610237,-1.041,-1.052,1.270,0.377
2025-12-05T06:38:01.628718,-1.041,-1.052,1.270,0.377
2025-12-05T06:38:01.644968,-1.041,-1.052,1.270,0.377
2025-12-05T06:38:01.662821,-1.041,-1.052,1.270,0.377
2025-12-05T06:38:01.677585,-1.041,-1.052,1.270,0.377
2025-12-05T06:38:01.693059,-1.041,-1.052,1.270,0.377
2025-12-05T06:38:01.708609,-1.041,-1.052,1.270,0.377
2025-12-05T06:38:01.725511,-1.041,-1.052,1.270,0.377
2025-12-05T06:38:01.740857,-1.041,-1.052,1.270,0.377
2025-12-05T06:38:01.757193,-1.041,-1.052,1.270,0.377
2025-12-05T06:38:01.774089,-1.041,-1.052,1.270,0.377
2025-12-05T06:38:01.791173,-1.041,-1.052,1.270,0.377
2025-12-05T06:38:01.808796,-1.041,-1.052,1.270,0.377
2025-12-05T06:38:01.827248,-1.041,-1.052,1.270,0.377
2025-12-05T06:38:01.841254,-1.041,-1.052,1.270,0.377
2025-12-05T06:38:01.859959,-1.041,-1.052,1.270,0.377
2025-12-05T06:38:01.877141,-1.041,-1.052,1.270,0.377
2025-12-05T06:38:01.897520,-1.041,-1.052,1.270,0.377
2025-12-05T06:38:01.908823,-1.041,-1.052,1.270,0.377
2025-12-05T06:38:01.923422,-1.041,-1.052,1.270,0.377
2025-12-05T06:38:01.938176,-1.041,-1.052,1.270,0.377
2025-12-05T06:38:01.951893,-1.041,-1.052,1.270,0.377
2025-12-05T06:38:01.966548,-1.041,-1.052,1.270,0.377
2025-12-05T06:38:01.979949,-1.041,-1.052,1.270,0.377
2025-12-05T06:38:01.995397,-1.041,-1.052,1.270,0.377
2025-12-05T06:38:02.011436,-1.041,-1.052,1.270,0.377
2025-12-05T06:38:02.028225,-1.041,-1.052,1.270,0.377
2025-12-05T06:38:02.044638,-1.041,-1.052,1.270,0.377
2025-12-05T06:38:02.062239,-1.041,-1.052,1.270,0.377
2025-12-05T06:38:02.079696,-1.041,-1.052,1.270,0.377
2025-12-05T06:38:02.097928,-1.041,-1.052,1.270,0.377
2025-12-05T06:38:02.117928,-1.041,-1.052,1.270,0.377
2025-12-05T06:38:02.134154,-1.041,-1.052,1.270,0.377
2025-12-05T06:38:02.151635,-1.041,-1.052,1.270,0.377
2025-12-05T06:38:02.169750,-1.041,-1.052,1.270,0.377
2025-12-05T06:38:02.187002,-1.041,-1.052,1.270,0.377
2025-12-05T06:38:02.203174,-1.041,-1.052,1.270,0.377
2025-12-05T06:38:02.217972,-1.041,-1.052,1.270,0.377
2025-12-05T06:38:02.234983,-1.041,-1.052,1.270,0.377
2025-12-05T06:38:02.250072,-1.041,-1.052,1.270,0.377
2025-12-05T06:38:02.265198,-1.041,-1.052,1.270,0.377
2025-12-05T06:38:02.281597,-1.041,-1.052,1.270,0.377
2025-12-05T06:38:02.299519,-1.041,-1.052,1.270,0.377
2025-12-05T06:38:02.333640,-1.041,-1.052,1.270,0.377
2025-12-05T06:38:02.353072,-1.041,-1.052,1.270,0.377
2025-12-05T06:38:02.370492,-1.041,-1.052,1.270,0.377
2025-12-05T06:38:02.382754,-1.041,-1.052,1.270,0.377
2025-12-05T06:38:02.398416,-1.041,-1.052,1.270,0.377
2025-12-05T06:38:02.410981,-1.041,-1.052,1.270,0.377
2025-12-05T06:38:02.423247,-1.041,-1.052,1.270,0.377
2025-12-05T06:38:02.435170,-1.041,-1.052,1.270,0.377
2025-12-05T06:38:02.446303,-1.041,-1.052,1.270,0.377
2025-12-05T06:38:02.459478,-1.041,-1.052,1.270,0.377
2025-12-05T06:38:02.473654,-1.041,-1.052,1.270,0.377
2025-12-05T06:38:02.486780,-1.041,-1.052,1.270,0.377
2025-12-05T06:38:02.502319,-1.041,-1.052,1.270,0.377
2025-12-05T06:38:02.518126,-1.041,-1.052,1.270,0.377
2025-12-05T06:38:02.531159,-1.041,-1.052,1.270,0.377
2025-12-05T06:38:02.546678,-1.041,-1.052,1.270,0.377
2025-12-05T06:38:02.562705,-1.041,-1.052,1.270,0.377
2025-12-05T06:38:02.579691,-1.041,-1.052,1.270,0.377
2025-12-05T06:38:02.597192,-1.041,-1.052,1.270,0.377
2025-12-05T06:38:02.615672,-1.041,-1.052,1.270,0.377
2025-12-05T06:38:02.633214,-1.041,-1.052,1.270,0.377
2025-12-05T06:38:02.652835,-1.041,-1.052,1.270,0.377
2025-12-05T06:38:02.669634,-1.041,-1.052,1.270,0.377
2025-12-05T06:38:02.687091,-1.041,-1.052,1.270,0.377
2025-12-05T06:38:02.705187,-1.041,-1.052,1.270,0.377
2025-12-05T06:38:02.722772,-1.041,-1.052,1.270,0.377
2025-12-05T06:38:02.739172,-1.041,-1.052,1.270,0.377
2025-12-05T06:38:02.753569,-1.041,-1.052,1.270,0.377
2025-12-05T06:38:02.768867,-1.041,-1.052,1.270,0.377
2025-12-05T06:38:02.784259,-1.041,-1.052,1.270,0.377
2025-12-05T06:38:02.799009,-1.041,-1.052,1.270,0.377
2025-12-05T06:38:02.816219,-1.041,-1.052,1.270,0.377
2025-12-05T06:38:02.832489,-1.041,-1.052,1.270,0.377
2025-12-05T06:38:02.847822,-1.041,-1.052,1.270,0.377
2025-12-05T06:38:02.866856,-1.041,-1.052,1.270,0.377
2025-12-05T06:38:02.883806,-1.041,-1.052,1.270,0.377
2025-12-05T06:38:02.901964,-1.041,-1.052,1.270,0.377
2025-12-05T06:38:02.918826,-1.041,-1.052,1.270,0.377
2025-12-05T06:38:02.935761,-1.041,-1.052,1.270,0.377
2025-12-05T06:38:02.955371,-1.041,-1.052,1.270,0.377
2025-12-05T06:38:02.970462,-1.041,-1.052,1.270,0.377
2025-12-05T06:38:02.986590,-1.041,-1.052,1.270,0.377
2025-12-05T06:38:03.002988,-1.041,-1.052,1.270,0.377
2025-12-05T06:38:03.017493,-1.041,-1.052,1.270,0.377
2025-12-05T06:38:03.032041,-1.041,-1.052,1.270,0.377
2025-12-05T06:38:03.046624,-1.041,-1.052,1.270,0.377
2025-12-05T06:38:03.061538,-1.041,-1.052,1.270,0.377
2025-12-05T06:38:03.076456,-1.041,-1.052,1.270,0.377
2025-12-05T06:38:03.094211,-1.041,-1.052,1.270,0.377
2025-12-05T06:38:03.110418,-1.041,-1.052,1.270,0.377
2025-12-05T06:38:03.128426,-1.041,-1.052,1.270,0.377
2025-12-05T06:38:03.144288,-1.041,-1.052,1.270,0.377
2025-12-05T06:38:03.162419,-1.041,-1.052,1.270,0.377
2025-12-05T06:38:03.180926,-1.041,-1.052,1.270,0.377
2025-12-05T06:38:03.197795,-1.041,-1.052,1.270,0.377
2025-12-05T06:38:03.216026,-1.041,-1.052,1.270,0.377
2025-12-05T06:38:03.233693,-1.041,-1.052,1.270,0.377
2025-12-05T06:38:03.249029,-1.041,-1.052,1.270,0.377
2025-12-05T06:38:03.266244,-1.041,-1.052,1.270,0.377
2025-12-05T06:38:03.283113,-1.041,-1.052,1.270,0.377
2025-12-05T06:38:03.298068,-1.041,-1.052,1.270,0.377
2025-12-05T06:38:03.315010,-1.041,-1.052,1.270,0.377
2025-12-05T06:38:03.330185,-1.041,-1.052,1.270,0.377
2025-12-05T06:38:03.346552,-1.041,-1.052,1.270,0.377
2025-12-05T06:38:03.364822,-1.041,-1.052,1.270,0.377
2025-12-05T06:38:03.377954,-1.041,-1.052,1.270,0.377
2025-12-05T06:38:03.396676,-1.041,-1.052,1.270,0.377
2025-12-05T06:38:03.413552,-1.041,-1.052,1.270,0.377
2025-12-05T06:38:03.431413,-1.041,-1.052,1.270,0.377
2025-12-05T06:38:03.448995,-1.041,-1.052,1.270,0.377
2025-12-05T06:38:03.462929,-1.041,-1.052,1.270,0.377
2025-12-05T06:38:03.477912,-1.041,-1.052,1.270,0.377
2025-12-05T06:38:03.493831,-1.041,-1.052,1.270,0.377
2025-12-05T06:38:03.507303,-1.041,-1.052,1.270,0.377
2025-12-05T06:38:03.523280,-1.041,-1.052,1.270,0.377
2025-12-05T06:38:03.537727,-1.041,-1.052,1.270,0.377
2025-12-05T06:38:03.554890,-1.041,-1.052,1.270,0.377
2025-12-05T06:38:03.571754,-1.041,-1.052,1.270,0.377
2025-12-05T06:38:03.588694,-1.041,-1.052,1.270,0.377
2025-12-05T06:38:03.604877,-1.041,-1.052,1.270,0.377
2025-12-05T06:38:03.623139,-1.041,-1.052,1.270,0.377
2025-12-05T06:38:03.642398,-1.041,-1.052,1.270,0.377
2025-12-05T06:38:03.661052,-1.041,-1.052,1.270,0.377
2025-12-05T06:38:03.678523,-1.041,-1.052,1.270,0.377
2025-12-05T06:38:03.695687,-1.041,-1.052,1.270,0.377
2025-12-05T06:38:03.711823,-1.041,-1.052,1.270,0.377
2025-12-05T06:38:03.729045,-1.041,-1.052,1.270,0.377
2025-12-05T06:38:03.743167,-1.041,-1.052,1.270,0.377
2025-12-05T06:38:03.758587,-1.041,-1.052,1.270,0.377
2025-12-05T06:38:03.772945,-1.041,-1.052,1.270,0.377
2025-12-05T06:38:03.789387,-1.041,-1.052,1.270,0.377
2025-12-05T06:38:03.804439,-1.041,-1.052,1.270,0.377
2025-12-05T06:38:03.821955,-1.041,-1.052,1.270,0.377
2025-12-05T06:38:03.842077,-1.041,-1.052,1.270,0.377
2025-12-05T06:38:03.857040,-1.041,-1.052,1.270,0.377
2025-12-05T06:38:03.875071,-1.041,-1.052,1.270,0.377
2025-12-05T06:38:03.890494,-1.041,-1.052,1.270,0.377
2025-12-05T06:38:03.905568,-1.041,-1.052,1.270,0.377
2025-12-05T06:38:03.924744,-1.041,-1.052,1.270,0.377
2025-12-05T06:38:03.940160,-1.041,-1.052,1.270,0.377
2025-12-05T06:38:03.956077,-1.041,-1.052,1.270,0.377
2025-12-05T06:38:03.971505,-1.041,-1.052,1.270,0.377
2025-12-05T06:38:03.987162,-1.041,-1.052,1.270,0.377
2025-12-05T06:38:04.000739,-1.041,-1.052,1.270,0.377
2025-12-05T06:38:04.016966,-1.041,-1.052,1.270,0.377
2025-12-05T06:38:04.032310,-1.041,-1.052,1.270,0.377
2025-12-05T06:38:04.048744,-1.041,-1.052,1.270,0.377
2025-12-05T06:38:04.068717,-1.041,-1.052,1.270,0.377
2025-12-05T06:38:04.084059,-1.041,-1.052,1.270,0.377
2025-12-05T06:38:04.104118,-1.041,-1.052,1.270,0.377
2025-12-05T06:38:04.122024,-1.039,-1.059,1.270,0.363
2025-12-05T06:38:04.140233,-1.038,-1.066,1.270,0.350
2025-12-05T06:38:04.155457,-1.036,-1.073,1.270,0.336
2025-12-05T06:38:04.172771,-1.035,-1.080,1.270,0.323
2025-12-05T06:38:04.189100,-1.033,-1.087,1.270,0.309
2025-12-05T06:38:04.205052,-1.032,-1.094,1.270,0.295
2025-12-05T06:38:04.222433,-1.030,-1.100,1.270,0.282
2025-12-05T06:38:04.236121,-1.029,-1.106,1.270,0.268
2025-12-05T06:38:04.251779,-1.028,-1.112,1.270,0.254
2025-12-05T06:38:04.265445,-1.027,-1.118,1.270,0.240
2025-12-05T06:38:04.281073,-1.025,-1.123,1.270,0.226
2025-12-05T06:38:04.296150,-1.024,-1.129,1.270,0.212
2025-12-05T06:38:04.314095,-1.023,-1.134,1.270,0.198
2025-12-05T06:38:04.335095,-1.022,-1.139,1.270,0.184
2025-12-05T06:38:04.351258,-1.021,-1.143,1.270,0.170
2025-12-05T06:38:04.371344,-1.020,-1.148,1.270,0.155
2025-12-05T06:38:04.387849,-1.019,-1.153,1.270,0.141
2025-12-05T06:38:04.404726,-1.019,-1.157,1.270,0.127
2025-12-05T06:38:04.420330,-1.018,-1.161,1.270,0.113
2025-12-05T06:38:04.435776,-1.017,-1.165,1.270,0.098
2025-12-05T06:38:04.452071,-1.016,-1.169,1.270,0.084
2025-12-05T06:38:04.466437,-1.015,-1.173,1.270,0.070
2025-12-05T06:38:04.480426,-1.015,-1.176,1.270,0.055
2025-12-05T06:38:04.498789,-1.014,-1.180,1.270,0.041
2025-12-05T06:38:04.513051,-1.013,-1.183,1.270,0.026
2025-12-05T06:38:04.527334,-1.013,-1.187,1.270,0.012
2025-12-05T06:38:04.545033,-1.012,-1.190,1.270,-0.002
2025-12-05T06:38:04.564489,-1.012,-1.193,1.270,-0.017
2025-12-05T06:38:04.580684,-1.011,-1.196,1.270,-0.031
2025-12-05T06:38:04.598256,-1.010,-1.199,1.270,-0.046
2025-12-05T06:38:04.615650,-1.010,-1.201,1.270,-0.060
2025-12-05T06:38:04.634180,-1.009,-1.204,1.270,-0.074
2025-12-05T06:38:04.650650,-1.009,-1.207,1.270,-0.089
2025-12-05T06:38:04.667461,-1.008,-1.209,1.270,-0.103
2025-12-05T06:38:04.683147,-1.008,-1.212,1.270,-0.117
2025-12-05T06:38:04.698539,-1.007,-1.214,1.270,-0.132
2025-12-05T06:38:04.714705,-1.007,-1.216,1.270,-0.146
2025-12-05T06:38:04.729193,-1.007,-1.218,1.270,-0.160
2025-12-05T06:38:04.744553,-1.006,-1.220,1.270,-0.174
2025-12-05T06:38:04.759679,-1.006,-1.222,1.270,-0.189
2025-12-05T06:38:04.775275,-1.006,-1.224,1.270,-0.203
2025-12-05T06:38:04.789809,-1.005,-1.226,1.270,-0.217
2025-12-05T06:38:04.808054,-1.005,-1.228,1.270,-0.231
2025-12-05T06:38:04.827222,-1.004,-1.230,1.270,-0.245
2025-12-05T06:38:04.841996,-1.004,-1.232,1.270,-0.259
2025-12-05T06:38:04.859153,-1.004,-1.233,1.270,-0.273
2025-12-05T06:38:04.876891,-1.004,-1.235,1.270,-0.286
2025-12-05T06:38:04.897989,-1.003,-1.236,1.270,-0.300
2025-12-05T06:38:04.915050,-1.003,-1.238,1.270,-0.314
2025-12-05T06:38:04.933912,-1.003,-1.239,1.270,-0.327
2025-12-05T06:38:04.951752,-1.002,-1.241,1.270,-0.341
2025-12-05T06:38:04.968502,-1.002,-1.242,1.270,-0.355
2025-12-05T06:38:04.988418,-1.002,-1.243,1.270,-0.368
2025-12-05T06:38:05.004965,-1.002,-1.245,1.270,-0.381
2025-12-05T06:38:05.021111,-1.002,-1.246,1.270,-0.395
2025-12-05T06:38:05.035428,-1.001,-1.247,1.270,-0.408
2025-12-05T06:38:05.050089,-1.001,-1.248,1.270,-0.421
2025-12-05T06:38:05.062604,-1.001,-1.249,1.270,-0.434
2025-12-05T06:38:05.078590,-1.001,-1.250,1.270,-0.447
2025-12-05T06:38:05.092873,-1.001,-1.251,1.270,-0.460
2025-12-05T06:38:05.109171,-1.000,-1.252,1.270,-0.472
2025-12-05T06:38:05.123330,-1.000,-1.253,1.270,-0.485
2025-12-05T06:38:05.140586,-1.000,-1.254,1.270,-0.498
2025-12-05T06:38:05.158534,-1.000,-1.255,1.270,-0.510
2025-12-05T06:38:05.179811,-1.000,-1.256,1.270,-0.522
2025-12-05T06:38:05.196314,-1.000,-1.257,1.270,-0.535
2025-12-05T06:38:05.214329,-0.999,-1.257,1.270,-0.547
2025-12-05T06:38:05.232060,-0.999,-1.258,1.270,-0.559
2025-12-05T06:38:05.248158,-0.999,-1.259,1.270,-0.571
2025-12-05T06:38:05.264927,-0.999,-1.260,1.270,-0.582
2025-12-05T06:38:05.281761,-0.999,-1.260,1.270,-0.594
2025-12-05T06:38:05.307582,-0.999,-1.261,1.270,-0.606
2025-12-05T06:38:05.320021,-0.999,-1.262,1.270,-0.617
2025-12-05T06:38:05.335025,-0.999,-1.262,1.270,-0.628
2025-12-05T06:38:05.348600,-0.998,-1.263,1.270,-0.639
2025-12-05T06:38:05.364007,-0.998,-1.264,1.270,-0.650
2025-12-05T06:38:05.374914,-0.998,-1.264,1.270,-0.661
2025-12-05T06:38:05.390028,-0.998,-1.265,1.270,-0.672
2025-12-05T06:38:05.403952,-0.998,-1.265,1.270,-0.683
2025-12-05T06:38:05.420014,-0.998,-1.266,1.270,-0.693
2025-12-05T06:38:05.434807,-0.998,-1.266,1.270,-0.703
2025-12-05T06:38:05.451811,-0.998,-1.267,1.270,-0.713
2025-12-05T06:38:05.467994,-0.998,-1.267,1.270,-0.723
2025-12-05T06:38:05.487920,-0.998,-1.268,1.270,-0.733
2025-12-05T06:38:05.503816,-0.998,-1.268,1.270,-0.743
2025-12-05T06:38:05.521049,-0.997,-1.268,1.270,-0.753
2025-12-05T06:38:05.539279,-0.997,-1.269,1.270,-0.762
2025-12-05T06:38:05.556439,-0.997,-1.269,1.270,-0.771
2025-12-05T06:38:05.570755,-0.997,-1.270,1.270,-0.780
2025-12-05T06:38:05.587310,-0.997,-1.270,1.270,-0.789
2025-12-05T06:38:05.599918,-0.997,-1.270,1.270,-0.798
2025-12-05T06:38:05.614796,-0.997,-1.271,1.270,-0.807
2025-12-05T06:38:05.631868,-0.997,-1.271,1.270,-0.815
2025-12-05T06:38:05.648298,-0.997,-1.271,1.270,-0.823
2025-12-05T06:38:05.663691,-0.997,-1.272,1.270,-0.831
2025-12-05T06:38:05.680892,-0.997,-1.272,1.270,-0.839
2025-12-05T06:38:05.698497,-0.997,-1.272,1.270,-0.847
2025-12-05T06:38:05.715811,-0.997,-1.272,1.270,-0.855
2025-12-05T06:38:05.733248,-0.997,-1.273,1.270,-0.862
2025-12-05T06:38:05.751843,-0.997,-1.273,1.270,-0.869
2025-12-05T06:38:05.769624,-0.997,-1.273,1.270,-0.876
2025-12-05T06:38:05.790744,-0.997,-1.273,1.270,-0.883
2025-12-05T06:38:05.806918,-0.997,-1.274,1.270,-0.890
2025-12-05T06:38:05.824802,-0.996,-1.274,1.270,-0.896
2025-12-05T06:38:05.840559,-0.996,-1.274,1.270,-0.903
2025-12-05T06:38:05.859343,-0.996,-1.274,1.270,-0.909
2025-12-05T06:38:05.874863,-0.996,-1.274,1.270,-0.915
2025-12-05T06:38:05.888319,-0.996,-1.275,1.270,-0.920
2025-12-05T06:38:05.899674,-0.996,-1.275,1.270,-0.926
2025-12-05T06:38:05.914235,-0.996,-1.275,1.270,-0.931
2025-12-05T06:38:05.928899,-0.996,-1.275,1.270,-0.936
2025-12-05T06:38:05.944634,-0.996,-1.275,1.270,-0.941
2025-12-05T06:38:05.960609,-0.996,-1.276,1.270,-0.946
2025-12-05T06:38:05.976284,-0.996,-1.276,1.270,-0.951
2025-12-05T06:38:05.992991,-0.996,-1.276,1.270,-0.955
2025-12-05T06:38:06.010746,-0.996,-1.276,1.270,-0.959
2025-12-05T06:38:06.028505,-0.996,-1.276,1.270,-0.963
2025-12-05T06:38:06.044187,-0.996,-1.276,1.270,-0.967
2025-12-05T06:38:06.063896,-0.996,-1.276,1.270,-0.970
2025-12-05T06:38:06.081230,-0.996,-1.277,1.270,-0.974
2025-12-05T06:38:06.099221,-0.996,-1.277,1.270,-0.977
2025-12-05T06:38:06.115681,-0.996,-1.277,1.270,-0.980
2025-12-05T06:38:06.134344,-0.996,-1.277,1.270,-0.983
2025-12-05T06:38:06.152915,-0.996,-1.277,1.270,-0.985
2025-12-05T06:38:06.166092,-0.996,-1.277,1.270,-0.988
2025-12-05T06:38:06.183109,-0.996,-1.277,1.270,-0.990
2025-12-05T06:38:06.198396,-0.996,-1.277,1.270,-0.992
2025-12-05T06:38:06.224095,-0.996,-1.277,1.270,-0.994
2025-12-05T06:38:06.236143,-0.996,-1.278,1.270,-0.995
2025-12-05T06:38:06.250014,-0.996,-1.278,1.270,-0.996
2025-12-05T06:38:06.263153,-0.996,-1.278,1.270,-0.997
2025-12-05T06:38:06.277218,-0.996,-1.278,1.270,-0.998
2025-12-05T06:38:06.291863,-0.996,-1.278,1.270,-0.999
2025-12-05T06:38:06.305374,-0.996,-1.278,1.270,-1.000
2025-12-05T06:38:06.321053,-0.996,-1.278,1.270,-1.000
2025-12-05T06:38:06.334944,-0.996,-1.278,1.270,1.000
2025-12-05T06:38:06.351537,-0.996,-1.278,1.270,1.000
2025-12-05T06:38:06.369067,-0.996,-1.278,1.270,1.000
2025-12-05T06:38:06.383345,-0.996,-1.278,1.270,0.999
2025-12-05T06:38:06.400795,-0.996,-1.278,1.270,0.998
2025-12-05T06:38:06.419666,-0.996,-1.278,1.270,0.997
2025-12-05T06:38:06.437320,-0.996,-1.278,1.270,0.996
2025-12-05T06:38:06.454752,-0.996,-1.279,1.270,0.995
2025-12-05T06:38:06.473053,-0.996,-1.279,1.270,0.993
2025-12-05T06:38:06.492164,-0.996,-1.279,1.270,0.991
2025-12-05T06:38:06.510049,-0.996,-1.279,1.270,0.989
2025-12-05T06:38:06.525285,-0.996,-1.279,1.270,0.987
2025-12-05T06:38:06.540403,-0.996,-1.279,1.270,0.985
2025-12-05T06:38:06.556903,-0.996,-1.279,1.270,0.982
2025-12-05T06:38:06.571026,-1.004,-1.276,1.270,0.982
2025-12-05T06:38:06.587422,-1.012,-1.272,1.270,0.982
2025-12-05T06:38:06.602979,-1.021,-1.269,1.270,0.982
2025-12-05T06:38:06.616490,-1.029,-1.266,1.270,0.982
2025-12-05T06:38:06.631966,-1.037,-1.262,1.270,0.982
2025-12-05T06:38:06.644652,-1.046,-1.259,1.270,0.982
2025-12-05T06:38:06.659856,-1.054,-1.256,1.270,0.982
2025-12-05T06:38:06.675641,-1.063,-1.253,1.270,0.982
2025-12-05T06:38:06.694106,-1.071,-1.249,1.270,0.982
2025-12-05T06:38:06.710240,-1.080,-1.246,1.270,0.982
2025-12-05T06:38:06.727788,-1.088,-1.243,1.270,0.982
2025-12-05T06:38:06.744785,-1.097,-1.239,1.270,0.982
2025-12-05T06:38:06.762812,-1.105,-1.236,1.270,0.982
2025-12-05T06:38:06.780151,-1.114,-1.232,1.270,0.982
2025-12-05T06:38:06.797270,-1.123,-1.229,1.270,0.982
2025-12-05T06:38:06.815181,-1.131,-1.226,1.270,0.982
2025-12-05T06:38:06.836086,-1.140,-1.222,1.270,0.982
2025-12-05T06:38:06.851815,-1.149,-1.219,1.270,0.982
2025-12-05T06:38:06.866973,-1.157,-1.215,1.270,0.982
2025-12-05T06:38:06.882060,-1.166,-1.212,1.270,0.982
2025-12-05T06:38:06.896833,-1.175,-1.209,1.270,0.982
2025-12-05T06:38:06.910497,-1.183,-1.205,1.270,0.982
2025-12-05T06:38:06.924208,-1.192,-1.202,1.270,0.982
2025-12-05T06:38:06.939035,-1.201,-1.198,1.270,0.982
2025-12-05T06:38:06.954742,-1.209,-1.195,1.270,0.982
2025-12-05T06:38:06.971515,-1.218,-1.192,1.270,0.982
2025-12-05T06:38:06.986662,-1.227,-1.188,1.270,0.982
2025-12-05T06:38:07.004046,-1.236,-1.185,1.270,0.982
2025-12-05T06:38:07.020443,-1.244,-1.181,1.270,0.982
2025-12-05T06:38:07.037833,-1.253,-1.178,1.270,0.982
2025-12-05T06:38:07.055857,-1.262,-1.174,1.270,0.982
2025-12-05T06:38:07.074208,-1.271,-1.171,1.270,0.982
2025-12-05T06:38:07.089901,-1.279,-1.167,1.270,0.982
2025-12-05T06:38:07.107568,-1.288,-1.164,1.270,0.982
2025-12-05T06:38:07.125394,-1.297,-1.160,1.270,0.982
2025-12-05T06:38:07.142195,-1.306,-1.157,1.270,0.982
2025-12-05T06:38:07.157106,-1.315,-1.153,1.270,0.982
2025-12-05T06:38:07.173778,-1.324,-1.150,1.270,0.982
2025-12-05T06:38:07.189045,-1.332,-1.146,1.270,0.982
2025-12-05T06:38:07.204022,-1.341,-1.143,1.270,0.982
2025-12-05T06:38:07.219881,-1.350,-1.139,1.270,0.982
2025-12-05T06:38:07.236849,-1.359,-1.136,1.270,0.982
2025-12-05T06:38:07.253153,-1.368,-1.132,1.270,0.982
2025-12-05T06:38:07.274022,-1.377,-1.129,1.270,0.982
2025-12-05T06:38:07.290925,-1.386,-1.125,1.270,0.982
2025-12-05T06:38:07.307274,-1.394,-1.122,1.270,0.982
2025-12-05T06:38:07.324906,-1.403,-1.118,1.270,0.982
2025-12-05T06:38:07.347414,-1.412,-1.115,1.270,0.982
2025-12-05T06:38:07.376227,-1.421,-1.111,1.270,0.982
2025-12-05T06:38:07.388298,-1.430,-1.108,1.270,0.982
2025-12-05T06:38:07.406266,-1.439,-1.104,1.270,0.982
2025-12-05T06:38:07.419223,-1.448,-1.101,1.270,0.982
2025-12-05T06:38:07.430869,-1.457,-1.097,1.270,0.982
2025-12-05T06:38:07.449474,-1.466,-1.094,1.270,0.982
2025-12-05T06:38:07.460872,-1.475,-1.090,1.270,0.982
2025-12-05T06:38:07.473958,-1.483,-1.087,1.270,0.982
2025-12-05T06:38:07.494580,-1.492,-1.084,1.270,0.982
2025-12-05T06:38:07.503056,-1.501,-1.081,1.270,0.982
2025-12-05T06:38:07.517072,-1.509,-1.079,1.270,0.982
2025-12-05T06:38:07.531057,-1.518,-1.077,1.270,0.982
2025-12-05T06:38:07.544245,-1.527,-1.076,1.270,0.982
2025-12-05T06:38:07.557933,-1.535,-1.075,1.270,0.982
2025-12-05T06:38:07.571337,-1.543,-1.075,1.270,0.982
2025-12-05T06:38:07.587420,-1.552,-1.075,1.270,0.982
2025-12-05T06:38:07.601889,-1.560,-1.075,1.270,0.982
2025-12-05T06:38:07.618830,-1.568,-1.076,1.270,0.982
2025-12-05T06:38:07.634640,-1.577,-1.077,1.270,0.982
2025-12-05T06:38:07.652650,-1.585,-1.077,1.270,0.982
2025-12-05T06:38:07.671852,-1.593,-1.078,1.270,0.982
2025-12-05T06:38:07.688131,-1.602,-1.079,1.270,0.982
2025-12-05T06:38:07.704431,-1.610,-1.079,1.270,0.982
2025-12-05T06:38:07.722800,-1.619,-1.080,1.270,0.982
2025-12-05T06:38:07.739083,-1.627,-1.080,1.270,0.982
2025-12-05T06:38:07.761341,-1.636,-1.080,1.270,0.982
2025-12-05T06:38:07.775247,-1.644,-1.080,1.270,0.982
2025-12-05T06:38:07.790936,-1.653,-1.081,1.270,0.982
2025-12-05T06:38:07.805737,-1.661,-1.080,1.270,0.982
2025-12-05T06:38:07.820257,-1.670,-1.080,1.270,0.982
2025-12-05T06:38:07.833978,-1.678,-1.080,1.270,0.982
2025-12-05T06:38:07.848250,-1.687,-1.080,1.270,0.982
2025-12-05T06:38:07.862085,-1.696,-1.080,1.270,0.982
2025-12-05T06:38:07.878082,-1.704,-1.079,1.270,0.982
2025-12-05T06:38:07.893025,-1.713,-1.079,1.270,0.982
2025-12-05T06:38:07.912173,-1.721,-1.079,1.270,0.982
2025-12-05T06:38:07.928859,-1.730,-1.078,1.270,0.982
2025-12-05T06:38:07.946485,-1.738,-1.078,1.270,0.982
2025-12-05T06:38:07.963947,-1.747,-1.078,1.270,0.982
2025-12-05T06:38:07.981441,-1.756,-1.078,1.270,0.982
2025-12-05T06:38:07.999470,-1.764,-1.078,1.270,0.982
2025-12-05T06:38:08.017468,-1.773,-1.078,1.270,0.982
2025-12-05T06:38:08.033888,-1.781,-1.078,1.270,0.982
2025-12-05T06:38:08.049872,-1.790,-1.078,1.270,0.982
2025-12-05T06:38:08.065182,-1.799,-1.078,1.270,0.982
2025-12-05T06:38:08.080811,-1.807,-1.078,1.270,0.982
2025-12-05T06:38:08.095873,-1.816,-1.078,1.270,0.982
2025-12-05T06:38:08.113656,-1.825,-1.078,1.270,0.982
2025-12-05T06:38:08.126749,-1.833,-1.078,1.270,0.982
2025-12-05T06:38:08.146012,-1.842,-1.078,1.270,0.982
2025-12-05T06:38:08.161824,-1.851,-1.078,1.270,0.982
2025-12-05T06:38:08.179494,-1.859,-1.078,1.270,0.982
2025-12-05T06:38:08.197026,-1.868,-1.078,1.270,0.982
2025-12-05T06:38:08.214855,-1.877,-1.077,1.270,0.982
2025-12-05T06:38:08.233401,-1.885,-1.077,1.270,0.982
2025-12-05T06:38:08.250870,-1.894,-1.077,1.270,0.982
2025-12-05T06:38:08.267100,-1.903,-1.077,1.270,0.982
2025-12-05T06:38:08.285597,-1.912,-1.077,1.270,0.982
2025-12-05T06:38:08.301203,-1.920,-1.077,1.270,0.982
2025-12-05T06:38:08.318666,-1.929,-1.077,1.270,0.982
2025-12-05T06:38:08.333302,-1.938,-1.077,1.270,0.982
2025-12-05T06:38:08.353665,-1.947,-1.077,1.270,0.982
2025-12-05T06:38:08.370761,-1.955,-1.077,1.270,0.982
2025-12-05T06:38:08.381571,-1.964,-1.077,1.270,0.982
2025-12-05T06:38:08.393843,-1.973,-1.077,1.270,0.982
2025-12-05T06:38:08.412856,-1.982,-1.077,1.270,0.982
2025-12-05T06:38:08.423387,-1.990,-1.076,1.270,0.982
2025-12-05T06:38:08.439548,-1.999,-1.076,1.270,0.982
2025-12-05T06:38:08.455077,-2.008,-1.076,1.270,0.982
2025-12-05T06:38:08.470576,-2.017,-1.076,1.270,0.982
2025-12-05T06:38:08.486662,-2.026,-1.077,1.270,0.982
2025-12-05T06:38:08.503337,-2.034,-1.077,1.270,0.982
2025-12-05T06:38:08.520237,-2.043,-1.077,1.270,0.982
2025-12-05T06:38:08.535721,-2.052,-1.077,1.270,0.982
2025-12-05T06:38:08.554710,-2.061,-1.077,1.270,0.982
2025-12-05T06:38:08.571756,-2.069,-1.077,1.270,0.982
2025-12-05T06:38:08.590954,-2.078,-1.077,1.270,0.982
2025-12-05T06:38:08.606311,-2.087,-1.077,1.270,0.982
2025-12-05T06:38:08.623135,-2.096,-1.077,1.270,0.982
2025-12-05T06:38:08.641226,-2.105,-1.077,1.270,0.982
2025-12-05T06:38:08.657846,-2.114,-1.077,1.270,0.982
2025-12-05T06:38:08.678782,-2.122,-1.077,1.270,0.982
2025-12-05T06:38:08.694978,-2.131,-1.077,1.270,0.982
2025-12-05T06:38:08.708946,-2.140,-1.077,1.270,0.982
2025-12-05T06:38:08.723485,-2.149,-1.077,1.270,0.982
2025-12-05T06:38:08.737581,-2.158,-1.078,1.270,0.982
2025-12-05T06:38:08.752078,-2.166,-1.078,1.270,0.982
2025-12-05T06:38:08.764699,-2.175,-1.079,1.270,0.982
2025-12-05T06:38:08.778442,-2.184,-1.079,1.270,0.982
2025-12-05T06:38:08.794179,-2.193,-1.079,1.270,0.982
2025-12-05T06:38:08.809367,-2.202,-1.080,1.270,0.982
2025-12-05T06:38:08.825017,-2.211,-1.080,1.270,0.982
2025-12-05T06:38:08.841621,-2.220,-1.080,1.270,0.982
2025-12-05T06:38:08.856583,-2.229,-1.080,1.270,0.982
2025-12-05T06:38:08.874918,-2.238,-1.080,1.270,0.982
2025-12-05T06:38:08.892594,-2.246,-1.080,1.270,0.982
2025-12-05T06:38:08.909886,-2.255,-1.080,1.270,0.982
2025-12-05T06:38:08.928738,-2.264,-1.080,1.270,0.982
2025-12-05T06:38:08.946568,-2.273,-1.079,1.270,0.982
2025-12-05T06:38:08.965131,-2.282,-1.079,1.270,0.982
2025-12-05T06:38:08.981583,-2.291,-1.079,1.270,0.982
2025-12-05T06:38:08.999666,-2.299,-1.079,1.270,0.982
2025-12-05T06:38:09.015401,-2.308,-1.078,1.270,0.982
2025-12-05T06:38:09.031940,-2.317,-1.078,1.270,0.982
2025-12-05T06:38:09.047789,-2.326,-1.078,1.270,0.982
2025-12-05T06:38:09.061173,-2.335,-1.077,1.270,0.982
2025-12-05T06:38:09.077401,-2.343,-1.077,1.270,0.982
2025-12-05T06:38:09.089653,-2.352,-1.077,1.270,0.982
2025-12-05T06:38:09.104994,-2.361,-1.077,1.270,0.982
2025-12-05T06:38:09.121486,-2.370,-1.077,1.270,0.982
2025-12-05T06:38:09.139331,-2.379,-1.076,1.270,0.982
2025-12-05T06:38:09.154722,-2.388,-1.076,1.270,0.982
2025-12-05T06:38:09.173269,-2.397,-1.076,1.270,0.982
2025-12-05T06:38:09.191418,-2.405,-1.076,1.270,0.982
2025-12-05T06:38:09.207123,-2.414,-1.076,1.270,0.982
2025-12-05T06:38:09.227445,-2.423,-1.076,1.270,0.982
2025-12-05T06:38:09.243975,-2.432,-1.076,1.270,0.982
2025-12-05T06:38:09.260470,-2.441,-1.076,1.270,0.982
2025-12-05T06:38:09.280956,-2.450,-1.076,1.270,0.982
2025-12-05T06:38:09.306298,-2.458,-1.076,1.270,0.982
2025-12-05T06:38:09.318028,-2.467,-1.076,1.270,0.982
2025-12-05T06:38:09.333860,-2.476,-1.076,1.270,0.982
2025-12-05T06:38:09.348904,-2.485,-1.076,1.270,0.982
2025-12-05T06:38:09.374374,-2.494,-1.076,1.270,0.982
2025-12-05T06:38:09.387054,-2.503,-1.076,1.270,0.982
2025-12-05T06:38:09.399682,-2.512,-1.076,1.270,0.982
2025-12-05T06:38:09.414823,-2.520,-1.077,1.270,0.982
2025-12-05T06:38:09.427250,-2.529,-1.077,1.270,0.982
2025-12-05T06:38:09.440235,-2.538,-1.077,1.270,0.982
2025-12-05T06:38:09.454092,-2.547,-1.077,1.270,0.982
2025-12-05T06:38:09.470011,-2.556,-1.077,1.270,0.982
2025-12-05T06:38:09.483119,-2.565,-1.077,1.270,0.982
2025-12-05T06:38:09.500013,-2.573,-1.077,1.270,0.982
2025-12-05T06:38:09.514009,-2.582,-1.077,1.270,0.982
2025-12-05T06:38:09.530969,-2.591,-1.077,1.270,0.982
2025-12-05T06:38:09.547241,-2.600,-1.077,1.270,0.982
2025-12-05T06:38:09.566964,-2.609,-1.077,1.270,0.982
2025-12-05T06:38:09.582971,-2.618,-1.077,1.270,0.982
2025-12-05T06:38:09.606503,-2.627,-1.077,1.270,0.982
2025-12-05T06:38:09.623667,-2.635,-1.077,1.270,0.982
2025-12-05T06:38:09.640846,-2.644,-1.078,1.270,0.982
2025-12-05T06:38:09.658705,-2.652,-1.078,1.270,0.982
2025-12-05T06:38:09.674875,-2.661,-1.079,1.270,0.982
2025-12-05T06:38:09.689720,-2.669,-1.079,1.270,0.982
2025-12-05T06:38:09.705341,-2.678,-1.080,1.270,0.982
2025-12-05T06:38:09.719876,-2.687,-1.081,1.270,0.982
2025-12-05T06:38:09.736499,-2.695,-1.082,1.270,0.982
2025-12-05T06:38:09.751249,-2.704,-1.083,1.270,0.982
2025-12-05T06:38:09.767698,-2.713,-1.084,1.270,0.982
2025-12-05T06:38:09.783183,-2.722,-1.084,1.270,0.982
2025-12-05T06:38:09.799187,-2.722,-1.084,1.270,0.982
2025-12-05T06:38:09.813369,-2.722,-1.084,1.270,0.982
2025-12-05T06:38:09.830033,-2.722,-1.084,1.270,0.982
2025-12-05T06:38:09.847523,-2.722,-1.084,1.270,0.982
2025-12-05T06:38:09.865498,-2.722,-1.084,1.270,0.982
2025-12-05T06:38:09.883515,-2.722,-1.084,1.270,0.982
2025-12-05T06:38:09.901070,-2.722,-1.084,1.270,0.982
2025-12-05T06:38:09.917941,-2.722,-1.084,1.270,0.982
2025-12-05T06:38:09.935784,-2.722,-1.084,1.270,0.982
2025-12-05T06:38:09.953236,-2.722,-1.084,1.270,0.982
2025-12-05T06:38:09.969846,-2.722,-1.084,1.270,0.982
2025-12-05T06:38:09.984984,-2.722,-1.084,1.270,0.982
2025-12-05T06:38:10.000889,-2.722,-1.084,1.270,0.982
2025-12-05T06:38:10.015000,-2.722,-1.084,1.270,0.982
2025-12-05T06:38:10.029100,-2.722,-1.084,1.270,0.982
2025-12-05T06:38:10.044900,-2.722,-1.084,1.270,0.982
2025-12-05T06:38:10.059722,-2.722,-1.084,1.270,0.982
2025-12-05T06:38:10.076451,-2.722,-1.084,1.270,0.982
2025-12-05T06:38:10.091205,-2.722,-1.084,1.270,0.982
2025-12-05T06:38:10.109984,-2.722,-1.084,1.270,0.982
2025-12-05T06:38:10.129509,-2.722,-1.084,1.270,0.982
2025-12-05T06:38:10.146069,-2.722,-1.084,1.270,0.982
2025-12-05T06:38:10.163434,-2.722,-1.084,1.270,0.982
2025-12-05T06:38:10.182549,-2.722,-1.084,1.270,0.982
2025-12-05T06:38:10.199838,-2.722,-1.084,1.270,0.982
2025-12-05T06:38:10.216842,-2.722,-1.084,1.270,0.982
2025-12-05T06:38:10.232279,-2.722,-1.084,1.270,0.982
2025-12-05T06:38:10.248058,-2.722,-1.084,1.270,0.982
2025-12-05T06:38:10.271333,-2.722,-1.084,1.270,0.982
2025-12-05T06:38:10.288691,-2.722,-1.084,1.270,0.982
2025-12-05T06:38:10.302253,-2.722,-1.084,1.270,0.982
2025-12-05T06:38:10.316533,-2.722,-1.084,1.270,0.982
2025-12-05T06:38:10.327989,-2.722,-1.084,1.270,0.982
2025-12-05T06:38:10.343534,-2.722,-1.084,1.270,0.982
2025-12-05T06:38:10.356720,-2.722,-1.084,1.270,0.982
2025-12-05T06:38:10.375629,-2.722,-1.084,1.270,0.982
2025-12-05T06:38:10.385625,-2.722,-1.084,1.270,0.982
2025-12-05T06:38:10.401716,-2.722,-1.084,1.270,0.982
2025-12-05T06:38:10.417926,-2.722,-1.084,1.270,0.982
2025-12-05T06:38:10.433866,-2.722,-1.084,1.270,0.982
2025-12-05T06:38:10.451605,-2.722,-1.084,1.270,0.982
2025-12-05T06:38:10.471463,-2.722,-1.084,1.270,0.982
2025-12-05T06:38:10.487219,-2.722,-1.084,1.270,0.982
2025-12-05T06:38:10.506229,-2.722,-1.084,1.270,0.982
2025-12-05T06:38:10.523685,-2.722,-1.084,1.270,0.982
2025-12-05T06:38:10.541585,-2.722,-1.084,1.270,0.982
2025-12-05T06:38:10.555689,-2.722,-1.084,1.270,0.982
2025-12-05T06:38:10.572825,-2.722,-1.084,1.270,0.982
2025-12-05T06:38:10.587759,-2.722,-1.084,1.270,0.982
2025-12-05T06:38:10.603159,-2.722,-1.084,1.270,0.982
2025-12-05T06:38:10.616764,-2.722,-1.084,1.270,0.982
2025-12-05T06:38:10.632042,-2.722,-1.084,1.270,0.982
2025-12-05T06:38:10.647317,-2.722,-1.084,1.270,0.982
2025-12-05T06:38:10.664733,-2.722,-1.084,1.270,0.982
2025-12-05T06:38:10.679805,-2.722,-1.084,1.270,0.982
2025-12-05T06:38:10.699197,-2.722,-1.084,1.270,0.982
2025-12-05T06:38:10.716074,-2.722,-1.084,1.270,0.982
2025-12-05T06:38:10.733725,-2.722,-1.084,1.270,0.982
2025-12-05T06:38:10.752044,-2.722,-1.084,1.270,0.982
2025-12-05T06:38:10.769149,-2.722,-1.084,1.270,0.982
2025-12-05T06:38:10.787275,-2.722,-1.084,1.270,0.982
2025-12-05T06:38:10.805203,-2.722,-1.084,1.270,0.982
2025-12-05T06:38:10.822227,-2.722,-1.084,1.270,0.982
2025-12-05T06:38:10.841051,-2.722,-1.084,1.270,0.982
2025-12-05T06:38:10.856721,-2.722,-1.084,1.270,0.982
2025-12-05T06:38:10.871306,-2.722,-1.084,1.270,0.982
2025-12-05T06:38:10.884165,-2.722,-1.084,1.270,0.982
2025-12-05T06:38:10.898310,-2.722,-1.084,1.270,0.982
2025-12-05T06:38:10.913043,-2.722,-1.084,1.270,0.982
2025-12-05T06:38:10.929285,-2.722,-1.084,1.270,0.982
2025-12-05T06:38:10.943149,-2.722,-1.084,1.270,0.982
2025-12-05T06:38:10.959036,-2.722,-1.084,1.270,0.982
2025-12-05T06:38:10.975735,-2.722,-1.084,1.270,0.982
2025-12-05T06:38:10.993170,-2.722,-1.084,1.270,0.982
2025-12-05T06:38:11.010573,-2.722,-1.084,1.270,0.982
2025-12-05T06:38:11.027660,-2.722,-1.084,1.270,0.982
2025-12-05T06:38:11.046187,-2.722,-1.084,1.270,0.982
2025-12-05T06:38:11.063844,-2.722,-1.084,1.270,0.982
2025-12-05T06:38:11.080404,-2.722,-1.084,1.270,0.982
2025-12-05T06:38:11.097600,-2.722,-1.084,1.270,0.982
2025-12-05T06:38:11.113935,-2.722,-1.084,1.270,0.982
2025-12-05T06:38:11.132497,-2.722,-1.084,1.270,0.982
2025-12-05T06:38:11.147414,-2.722,-1.084,1.270,0.982
2025-12-05T06:38:11.160997,-2.722,-1.084,1.270,0.982
2025-12-05T06:38:11.177629,-2.722,-1.084,1.270,0.982
2025-12-05T06:38:11.194642,-2.722,-1.084,1.270,0.982
2025-12-05T06:38:11.210120,-2.722,-1.084,1.270,0.982
2025-12-05T06:38:11.229007,-2.722,-1.084,1.270,0.982
2025-12-05T06:38:11.246162,-2.722,-1.084,1.270,0.982
2025-12-05T06:38:11.265126,-2.722,-1.084,1.270,0.982
2025-12-05T06:38:11.282994,-2.722,-1.084,1.270,0.982
2025-12-05T06:38:11.299663,-2.722,-1.084,1.270,0.982
2025-12-05T06:38:11.317729,-2.722,-1.084,1.270,0.982
2025-12-05T06:38:11.335768,-2.722,-1.084,1.270,0.982
2025-12-05T06:38:11.351955,-2.722,-1.084,1.270,0.982
2025-12-05T06:38:11.366866,-2.722,-1.084,1.270,0.982
2025-12-05T06:38:11.383634,-2.722,-1.084,1.270,0.982
2025-12-05T06:38:11.399321,-2.722,-1.084,1.270,0.982
2025-12-05T06:38:11.410485,-2.722,-1.084,1.270,0.982
2025-12-05T06:38:11.427298,-2.722,-1.084,1.270,0.982
2025-12-05T06:38:11.441614,-2.722,-1.084,1.270,0.982
2025-12-05T06:38:11.462553,-2.722,-1.084,1.270,0.982
2025-12-05T06:38:11.478510,-2.722,-1.084,1.270,0.982
2025-12-05T06:38:11.496744,-2.722,-1.084,1.270,0.982
2025-12-05T06:38:11.511928,-2.722,-1.084,1.270,0.982
2025-12-05T06:38:11.530706,-2.722,-1.084,1.270,0.982
2025-12-05T06:38:11.546607,-2.722,-1.084,1.270,0.982
2025-12-05T06:38:11.565806,-2.722,-1.084,1.270,0.982
2025-12-05T06:38:11.585578,-2.722,-1.084,1.270,0.982
2025-12-05T06:38:11.599129,-2.722,-1.084,1.270,0.982
2025-12-05T06:38:11.614828,-2.722,-1.084,1.270,0.982
2025-12-05T06:38:11.630535,-2.722,-1.084,1.270,0.982
2025-12-05T06:38:11.643921,-2.722,-1.084,1.270,0.982
2025-12-05T06:38:11.659489,-2.722,-1.084,1.270,0.982
2025-12-05T06:38:11.674743,-2.722,-1.084,1.270,0.982
2025-12-05T06:38:11.689920,-2.722,-1.084,1.270,0.982
2025-12-05T06:38:11.707056,-2.722,-1.084,1.270,0.982
2025-12-05T06:38:11.724272,-2.722,-1.084,1.270,0.982
2025-12-05T06:38:11.741515,-2.722,-1.084,1.270,0.982
2025-12-05T06:38:11.766646,-2.722,-1.084,1.270,0.982
2025-12-05T06:38:11.782849,-2.722,-1.084,1.270,0.982
2025-12-05T06:38:11.799926,-2.722,-1.084,1.270,0.982
2025-12-05T06:38:11.816756,-2.722,-1.084,1.270,0.982
2025-12-05T06:38:11.833176,-2.722,-1.084,1.270,0.982
2025-12-05T06:38:11.847818,-2.722,-1.084,1.270,0.982
2025-12-05T06:38:11.864856,-2.722,-1.084,1.270,0.982
2025-12-05T06:38:11.877462,-2.722,-1.084,1.270,0.982
2025-12-05T06:38:11.889447,-2.722,-1.084,1.270,0.982
2025-12-05T06:38:11.901882,-2.722,-1.084,1.270,0.982
2025-12-05T06:38:11.916461,-2.722,-1.084,1.270,0.982
2025-12-05T06:38:11.930475,-2.722,-1.084,1.270,0.982
2025-12-05T06:38:11.945999,-2.722,-1.084,1.270,0.982
2025-12-05T06:38:11.962342,-2.722,-1.084,1.270,0.982
2025-12-05T06:38:11.978827,-2.722,-1.084,1.270,0.982
2025-12-05T06:38:11.995210,-2.722,-1.084,1.270,0.982
2025-12-05T06:38:12.013229,-2.722,-1.084,1.270,0.982
2025-12-05T06:38:12.030109,-2.722,-1.084,1.270,0.982
2025-12-05T06:38:12.048084,-2.722,-1.084,1.270,0.982
2025-12-05T06:38:12.067319,-2.722,-1.084,1.270,0.982
2025-12-05T06:38:12.085684,-2.722,-1.084,1.270,0.982
2025-12-05T06:38:12.103404,-2.722,-1.084,1.270,0.982
2025-12-05T06:38:12.120397,-2.722,-1.084,1.270,0.982
2025-12-05T06:38:12.136152,-2.722,-1.084,1.270,0.982
2025-12-05T06:38:12.153639,-2.722,-1.084,1.270,0.982
2025-12-05T06:38:12.169790,-2.722,-1.084,1.270,0.982
2025-12-05T06:38:12.186323,-2.722,-1.084,1.270,0.982
2025-12-05T06:38:12.201065,-2.722,-1.084,1.270,0.982
2025-12-05T06:38:12.215920,-2.722,-1.084,1.270,0.982
2025-12-05T06:38:12.230305,-2.722,-1.084,1.270,0.982
2025-12-05T06:38:12.248270,-2.722,-1.084,1.270,0.982
2025-12-05T06:38:12.266711,-2.722,-1.084,1.270,0.982
2025-12-05T06:38:12.283421,-2.722,-1.084,1.270,0.982
2025-12-05T06:38:12.300600,-2.722,-1.084,1.270,0.982
2025-12-05T06:38:12.317598,-2.722,-1.084,1.270,0.982
2025-12-05T06:38:12.335912,-2.722,-1.084,1.270,0.982
2025-12-05T06:38:12.354209,-2.722,-1.084,1.270,0.982
2025-12-05T06:38:12.374985,-2.722,-1.084,1.270,0.982
2025-12-05T06:38:12.393589,-2.722,-1.084,1.270,0.982
2025-12-05T06:38:12.409721,-2.722,-1.084,1.270,0.982
2025-12-05T06:38:12.427636,-2.722,-1.084,1.270,0.982
2025-12-05T06:38:12.443665,-2.722,-1.084,1.270,0.982
2025-12-05T06:38:12.459506,-2.722,-1.084,1.270,0.982
2025-12-05T06:38:12.473312,-2.722,-1.084,1.270,0.982
2025-12-05T06:38:12.487840,-2.722,-1.084,1.270,0.982
2025-12-05T06:38:12.500929,-2.722,-1.084,1.270,0.982
2025-12-05T06:38:12.516313,-2.722,-1.084,1.270,0.982
2025-12-05T06:38:12.530975,-2.722,-1.084,1.270,0.982
2025-12-05T06:38:12.546162,-2.722,-1.084,1.270,0.982
2025-12-05T06:38:12.560379,-2.722,-1.084,1.270,0.982
2025-12-05T06:38:12.576973,-2.722,-1.084,1.270,0.982
2025-12-05T06:38:12.594261,-2.722,-1.084,1.270,0.982
2025-12-05T06:38:12.611747,-2.722,-1.084,1.270,0.982
2025-12-05T06:38:12.628852,-2.722,-1.084,1.270,0.982
2025-12-05T06:38:12.647479,-2.722,-1.084,1.270,0.982
2025-12-05T06:38:12.664583,-2.722,-1.084,1.270,0.982
2025-12-05T06:38:12.686686,-2.722,-1.084,1.270,0.982
2025-12-05T06:38:12.703758,-2.722,-1.084,1.270,0.982
2025-12-05T06:38:12.721777,-2.722,-1.084,1.270,0.982
2025-12-05T06:38:12.737315,-2.722,-1.084,1.270,0.982
2025-12-05T06:38:12.752272,-2.722,-1.084,1.270,0.982
2025-12-05T06:38:12.769495,-2.722,-1.084,1.270,0.982
2025-12-05T06:38:12.785003,-2.722,-1.084,1.270,0.982
2025-12-05T06:38:12.798764,-2.722,-1.084,1.270,0.982
2025-12-05T06:38:12.813173,-2.722,-1.084,1.270,0.982
2025-12-05T06:38:12.829558,-2.722,-1.084,1.270,0.982
2025-12-05T06:38:12.843549,-2.722,-1.084,1.270,0.982
2025-12-05T06:38:12.859308,-2.722,-1.084,1.270,0.982
2025-12-05T06:38:12.876186,-2.722,-1.084,1.270,0.982
2025-12-05T06:38:12.892232,-2.722,-1.084,1.270,0.982
2025-12-05T06:38:12.910611,-2.722,-1.084,1.270,0.982
2025-12-05T06:38:12.929966,-2.722,-1.084,1.270,0.982
2025-12-05T06:38:12.948008,-2.722,-1.084,1.270,0.982
2025-12-05T06:38:12.964602,-2.722,-1.084,1.270,0.982
2025-12-05T06:38:12.981298,-2.722,-1.084,1.270,0.982
2025-12-05T06:38:12.998182,-2.722,-1.084,1.270,0.982
2025-12-05T06:38:13.015036,-2.722,-1.084,1.270,0.982
2025-12-05T06:38:13.031343,-2.722,-1.084,1.270,0.982
2025-12-05T06:38:13.047144,-2.722,-1.084,1.270,0.982
2025-12-05T06:38:13.062340,-2.722,-1.084,1.270,0.982
2025-12-05T06:38:13.077719,-2.722,-1.084,1.270,0.982
2025-12-05T06:38:13.092534,-2.722,-1.084,1.270,0.982
2025-12-05T06:38:13.109090,-2.722,-1.084,1.270,0.982
2025-12-05T06:38:13.124539,-2.722,-1.084,1.270,0.982
2025-12-05T06:38:13.141015,-2.722,-1.084,1.270,0.982
2025-12-05T06:38:13.157658,-2.722,-1.084,1.270,0.982
2025-12-05T06:38:13.175250,-2.722,-1.084,1.270,0.982
2025-12-05T06:38:13.194595,-2.722,-1.084,1.270,0.982
2025-12-05T06:38:13.213154,-2.722,-1.084,1.270,0.982
2025-12-05T06:38:13.230513,-2.722,-1.084,1.270,0.982
2025-12-05T06:38:13.249466,-2.722,-1.084,1.270,0.982
2025-12-05T06:38:13.270450,-2.722,-1.084,1.270,0.982
2025-12-05T06:38:13.287016,-2.722,-1.084,1.270,0.982
2025-12-05T06:38:13.303005,-2.722,-1.084,1.270,0.982
2025-12-05T06:38:13.317602,-2.722,-1.084,1.270,0.982
2025-12-05T06:38:13.332034,-2.722,-1.084,1.270,0.982
2025-12-05T06:38:13.347071,-2.722,-1.084,1.270,0.982
2025-12-05T06:38:13.359120,-2.722,-1.084,1.270,0.982
2025-12-05T06:38:13.376758,-2.722,-1.084,1.270,0.982
2025-12-05T06:38:13.388855,-2.722,-1.084,1.270,0.982
2025-12-05T06:38:13.403152,-2.722,-1.084,1.270,0.982
2025-12-05T06:38:13.419593,-2.722,-1.084,1.270,0.982
2025-12-05T06:38:13.435753,-2.722,-1.084,1.270,0.982
2025-12-05T06:38:13.451316,-2.722,-1.084,1.270,0.982
2025-12-05T06:38:13.467029,-2.722,-1.084,1.270,0.982
2025-12-05T06:38:13.485643,-2.722,-1.084,1.270,0.982
2025-12-05T06:38:13.504247,-2.722,-1.084,1.270,0.982
2025-12-05T06:38:13.523610,-2.722,-1.084,1.270,0.982
2025-12-05T06:38:13.540765,-2.722,-1.084,1.270,0.982
2025-12-05T06:38:13.558826,-2.722,-1.084,1.270,0.982
2025-12-05T06:38:13.576828,-2.722,-1.084,1.270,0.982
2025-12-05T06:38:13.591908,-2.722,-1.084,1.270,0.982
2025-12-05T06:38:13.611845,-2.722,-1.084,1.270,0.982
2025-12-05T06:38:13.626835,-2.722,-1.084,1.270,0.982
2025-12-05T06:38:13.642080,-2.722,-1.084,1.270,0.982
2025-12-05T06:38:13.658257,-2.722,-1.084,1.270,0.982
2025-12-05T06:38:13.672001,-2.722,-1.084,1.270,0.982
2025-12-05T06:38:13.687097,-2.722,-1.084,1.270,0.982
2025-12-05T06:38:13.703443,-2.722,-1.084,1.270,0.982
2025-12-05T06:38:13.718610,-2.722,-1.084,1.270,0.982
2025-12-05T06:38:13.735247,-2.722,-1.084,1.270,0.982
2025-12-05T06:38:13.751834,-2.722,-1.084,1.270,0.982
2025-12-05T06:38:13.769195,-2.722,-1.084,1.270,0.982
2025-12-05T06:38:13.786348,-2.722,-1.084,1.270,0.982
2025-12-05T06:38:13.803173,-2.722,-1.084,1.270,0.982
2025-12-05T06:38:13.821050,-2.722,-1.084,1.270,0.982
2025-12-05T06:38:13.839609,-2.722,-1.084,1.270,0.982
2025-12-05T06:38:13.856074,-2.722,-1.084,1.270,0.982
2025-12-05T06:38:13.873843,-2.722,-1.084,1.270,0.982
2025-12-05T06:38:13.887754,-2.722,-1.084,1.270,0.982
2025-12-05T06:38:13.901445,-2.722,-1.084,1.270,0.982
2025-12-05T06:38:13.915598,-2.722,-1.084,1.270,0.982
2025-12-05T06:38:13.931110,-2.722,-1.084,1.270,0.982
2025-12-05T06:38:13.945754,-2.722,-1.084,1.270,0.982
2025-12-05T06:38:13.961151,-2.722,-1.084,1.270,0.982
2025-12-05T06:38:13.976785,-2.722,-1.084,1.270,0.982
2025-12-05T06:38:13.993564,-2.722,-1.084,1.270,0.982
2025-12-05T06:38:14.010875,-2.722,-1.084,1.270,0.982
2025-12-05T06:38:14.029630,-2.722,-1.084,1.270,0.982
2025-12-05T06:38:14.045341,-2.722,-1.084,1.270,0.982
2025-12-05T06:38:14.065156,-2.722,-1.084,1.270,0.982
2025-12-05T06:38:14.081626,-2.722,-1.084,1.270,0.982
2025-12-05T06:38:14.099467,-2.722,-1.084,1.270,0.982
2025-12-05T06:38:14.117498,-2.722,-1.084,1.270,0.982
2025-12-05T06:38:14.134639,-2.722,-1.084,1.270,0.982
2025-12-05T06:38:14.152296,-2.722,-1.084,1.270,0.982
2025-12-05T06:38:14.168119,-2.722,-1.084,1.270,0.982
2025-12-05T06:38:14.183661,-2.722,-1.084,1.270,0.982
2025-12-05T06:38:14.197702,-2.722,-1.084,1.270,0.982
2025-12-05T06:38:14.213219,-2.722,-1.084,1.270,0.982
2025-12-05T06:38:14.231486,-2.722,-1.084,1.270,0.982
2025-12-05T06:38:14.245978,-2.722,-1.084,1.270,0.982
2025-12-05T06:38:14.262239,-2.722,-1.084,1.270,0.982
2025-12-05T06:38:14.279199,-2.722,-1.084,1.270,0.982
2025-12-05T06:38:14.297327,-2.722,-1.084,1.270,0.982
2025-12-05T06:38:14.314888,-2.722,-1.084,1.270,0.982
2025-12-05T06:38:14.332464,-2.722,-1.084,1.270,0.982
2025-12-05T06:38:14.349656,-2.722,-1.084,1.270,0.982
2025-12-05T06:38:14.368483,-2.722,-1.084,1.270,0.982
2025-12-05T06:38:14.384795,-2.722,-1.084,1.270,0.982
2025-12-05T06:38:14.402102,-2.722,-1.084,1.270,0.982
2025-12-05T06:38:14.419337,-2.722,-1.084,1.270,0.982
2025-12-05T06:38:14.435268,-2.722,-1.084,1.270,0.982
2025-12-05T06:38:14.448410,-2.722,-1.084,1.270,0.982
2025-12-05T06:38:14.463857,-2.722,-1.084,1.270,0.982
2025-12-05T06:38:14.479311,-2.722,-1.084,1.270,0.982
2025-12-05T06:38:14.495926,-2.722,-1.084,1.270,0.982
2025-12-05T06:38:14.511290,-2.722,-1.084,1.270,0.982
2025-12-05T06:38:14.527971,-2.722,-1.084,1.270,0.982
2025-12-05T06:38:14.545344,-2.722,-1.084,1.270,0.982
2025-12-05T06:38:14.564785,-2.722,-1.084,1.270,0.982
2025-12-05T06:38:14.581292,-2.722,-1.084,1.270,0.982
2025-12-05T06:38:14.598013,-2.722,-1.084,1.270,0.982
2025-12-05T06:38:14.614628,-2.722,-1.084,1.270,0.982
2025-12-05T06:38:14.633101,-2.722,-1.084,1.270,0.982
2025-12-05T06:38:14.648738,-2.722,-1.084,1.270,0.982
2025-12-05T06:38:14.667338,-2.722,-1.084,1.270,0.982
2025-12-05T06:38:14.681713,-2.722,-1.084,1.270,0.982
2025-12-05T06:38:14.695850,-2.722,-1.084,1.270,0.982
2025-12-05T06:38:14.711600,-2.722,-1.084,1.270,0.982
2025-12-05T06:38:14.727243,-2.722,-1.084,1.270,0.982
2025-12-05T06:38:14.743897,-2.722,-1.084,1.270,0.982
2025-12-05T06:38:14.759933,-2.722,-1.084,1.270,0.982
2025-12-05T06:38:14.776913,-2.722,-1.084,1.270,0.982
2025-12-05T06:38:14.792751,-2.722,-1.084,1.270,0.982
2025-12-05T06:38:14.812704,-2.722,-1.084,1.270,0.982
2025-12-05T06:38:14.830059,-2.722,-1.084,1.270,0.982
2025-12-05T06:38:14.847469,-2.722,-1.084,1.270,0.982
2025-12-05T06:38:14.866036,-2.722,-1.084,1.270,0.982
2025-12-05T06:38:14.882730,-2.722,-1.084,1.270,0.982
2025-12-05T06:38:14.899152,-2.722,-1.084,1.270,0.982
2025-12-05T06:38:14.914145,-2.722,-1.084,1.270,0.982
2025-12-05T06:38:14.930155,-2.722,-1.084,1.270,0.982
2025-12-05T06:38:14.945873,-2.722,-1.084,1.270,0.982
2025-12-05T06:38:14.960824,-2.722,-1.084,1.270,0.982
2025-12-05T06:38:14.977296,-2.722,-1.084,1.270,0.982
2025-12-05T06:38:14.991624,-2.722,-1.084,1.270,0.982
2025-12-05T06:38:15.008576,-2.722,-1.084,1.270,0.982
2025-12-05T06:38:15.026434,-2.722,-1.084,1.270,0.982
2025-12-05T06:38:15.043749,-2.722,-1.084,1.270,0.982
2025-12-05T06:38:15.061060,-2.722,-1.084,1.270,0.982
2025-12-05T06:38:15.080128,-2.722,-1.084,1.270,0.982
2025-12-05T06:38:15.093909,-2.722,-1.084,1.270,0.982
2025-12-05T06:38:15.109446,-2.722,-1.084,1.270,0.982
2025-12-05T06:38:15.124607,-2.722,-1.084,1.270,0.982
2025-12-05T06:38:15.140215,-2.722,-1.084,1.270,0.982
2025-12-05T06:38:15.160881,-2.722,-1.084,1.270,0.982
2025-12-05T06:38:15.173343,-2.722,-1.084,1.270,0.982
2025-12-05T06:38:15.185222,-2.722,-1.084,1.270,0.982
2025-12-05T06:38:15.200496,-2.722,-1.084,1.270,0.982
2025-12-05T06:38:15.215301,-2.722,-1.084,1.270,0.982
2025-12-05T06:38:15.230155,-2.722,-1.084,1.270,0.982
2025-12-05T06:38:15.245467,-2.722,-1.084,1.270,0.982
2025-12-05T06:38:15.262474,-2.722,-1.084,1.270,0.982
2025-12-05T06:38:15.279445,-2.722,-1.084,1.270,0.982
2025-12-05T06:38:15.296199,-2.722,-1.084,1.270,0.982
2025-12-05T06:38:15.316032,-2.722,-1.084,1.270,0.982
2025-12-05T06:38:15.332026,-2.722,-1.084,1.270,0.982
2025-12-05T06:38:15.351455,-2.722,-1.084,1.270,0.982
2025-12-05T06:38:15.369797,-2.722,-1.084,1.270,0.982
2025-12-05T06:38:15.385446,-2.722,-1.084,1.270,0.982
2025-12-05T06:38:15.403101,-2.722,-1.084,1.270,0.982
2025-12-05T06:38:15.419676,-2.722,-1.084,1.270,0.982
2025-12-05T06:38:15.435415,-2.722,-1.084,1.270,0.982
2025-12-05T06:38:15.451613,-2.722,-1.084,1.270,0.982
2025-12-05T06:38:15.468104,-2.722,-1.084,1.270,0.982
2025-12-05T06:38:15.483807,-2.722,-1.084,1.270,0.982
2025-12-05T06:38:15.497460,-2.722,-1.084,1.270,0.982
2025-12-05T06:38:15.510971,-2.722,-1.084,1.270,0.982
2025-12-05T06:38:15.530345,-2.722,-1.084,1.270,0.982
2025-12-05T06:38:15.546887,-2.722,-1.084,1.270,0.982
2025-12-05T06:38:15.562812,-2.722,-1.084,1.270,0.982
2025-12-05T06:38:15.580842,-2.722,-1.084,1.270,0.982
2025-12-05T06:38:15.597503,-2.722,-1.084,1.270,0.982
2025-12-05T06:38:15.616663,-2.722,-1.084,1.270,0.982
2025-12-05T06:38:15.633095,-2.722,-1.084,1.270,0.982
2025-12-05T06:38:15.652533,-2.722,-1.084,1.270,0.982
2025-12-05T06:38:15.669867,-2.722,-1.084,1.270,0.982
2025-12-05T06:38:15.686568,-2.722,-1.084,1.270,0.982
2025-12-05T06:38:15.720111,-2.722,-1.084,1.270,0.982
2025-12-05T06:38:15.743146,-2.722,-1.084,1.270,0.982
2025-12-05T06:38:15.768127,-2.722,-1.084,1.270,0.982
2025-12-05T06:38:15.799111,-2.722,-1.084,1.270,0.982
2025-12-05T06:38:15.819824,-2.722,-1.084,1.270,0.982
2025-12-05T06:38:15.848141,-2.722,-1.084,1.270,0.982
2025-12-05T06:38:15.869486,-2.722,-1.084,1.270,0.982
2025-12-05T06:38:15.890418,-2.722,-1.084,1.270,0.982
2025-12-05T06:38:15.911957,-2.722,-1.084,1.270,0.982
2025-12-05T06:38:15.933957,-2.722,-1.084,1.270,0.982
2025-12-05T06:38:15.954910,-2.722,-1.084,1.270,0.982
2025-12-05T06:38:15.975774,-2.722,-1.084,1.270,0.982
2025-12-05T06:38:15.996923,-2.722,-1.084,1.270,0.982
2025-12-05T06:38:16.016958,-2.722,-1.084,1.270,0.982
2025-12-05T06:38:16.036514,-2.722,-1.084,1.270,0.982
2025-12-05T06:38:16.054872,-2.722,-1.084,1.270,0.982
2025-12-05T06:38:16.077639,-2.722,-1.084,1.270,0.982
2025-12-05T06:38:16.098101,-2.722,-1.084,1.270,0.982
2025-12-05T06:38:16.121475,-2.722,-1.084,1.270,0.982
2025-12-05T06:38:16.167183,-2.722,-1.084,1.270,0.982
2025-12-05T06:38:16.185437,-2.722,-1.084,1.270,0.982
2025-12-05T06:38:16.189136,-2.722,-1.084,1.270,0.982
2025-12-05T06:38:16.194044,-2.722,-1.084,1.270,0.982
2025-12-05T06:38:16.200967,-2.722,-1.084,1.270,0.982
2025-12-05T06:38:16.206900,-2.722,-1.084,1.270,0.982
2025-12-05T06:38:16.208751,-2.722,-1.084,1.270,0.982
2025-12-05T06:38:16.213964,-2.722,-1.084,1.270,0.982
2025-12-05T06:38:16.221121,-2.722,-1.084,1.270,0.982
2025-12-05T06:38:16.227958,-2.722,-1.084,1.270,0.982
2025-12-05T06:38:16.236922,-2.722,-1.084,1.270,0.982
2025-12-05T06:38:16.244096,-2.722,-1.084,1.270,0.982
2025-12-05T06:38:16.251610,-2.722,-1.084,1.270,0.982
2025-12-05T06:38:16.259368,-2.722,-1.084,1.270,0.982
2025-12-05T06:38:16.268504,-2.722,-1.084,1.270,0.982
2025-12-05T06:38:16.281610,-2.722,-1.084,1.270,0.982
2025-12-05T06:38:16.290976,-2.722,-1.084,1.270,0.982
2025-12-05T06:38:16.300622,-2.722,-1.084,1.270,0.982
2025-12-05T06:38:16.311017,-2.722,-1.084,1.270,0.982
2025-12-05T06:38:16.332340,-2.722,-1.084,1.270,0.982
2025-12-05T06:38:16.343567,-2.722,-1.084,1.270,0.982
2025-12-05T06:38:16.354527,-2.722,-1.084,1.270,0.982
2025-12-05T06:38:16.367548,-2.722,-1.084,1.270,0.982
2025-12-05T06:38:16.387096,-2.722,-1.084,1.270,0.982
2025-12-05T06:38:16.402811,-2.722,-1.084,1.270,0.982
2025-12-05T06:38:16.414430,-2.722,-1.084,1.270,0.982
2025-12-05T06:38:16.430988,-2.722,-1.084,1.270,0.982
2025-12-05T06:38:16.444762,-2.722,-1.084,1.270,0.982
2025-12-05T06:38:16.462026,-2.722,-1.084,1.270,0.982
2025-12-05T06:38:16.478669,-2.722,-1.084,1.270,0.982
2025-12-05T06:38:16.497756,-2.722,-1.084,1.270,0.982
2025-12-05T06:38:16.514617,-2.722,-1.084,1.270,0.982
2025-12-05T06:38:16.535880,-2.722,-1.084,1.270,0.982
2025-12-05T06:38:16.553207,-2.722,-1.084,1.270,0.982
2025-12-05T06:38:16.569503,-2.722,-1.084,1.270,0.982
2025-12-05T06:38:16.585715,-2.722,-1.084,1.270,0.982
2025-12-05T06:38:16.600860,-2.722,-1.084,1.270,0.982
2025-12-05T06:38:16.615458,-2.722,-1.084,1.270,0.982
2025-12-05T06:38:16.629822,-2.722,-1.084,1.270,0.982
2025-12-05T06:38:16.645559,-2.722,-1.084,1.270,0.982
2025-12-05T06:38:16.660924,-2.722,-1.084,1.270,0.982
2025-12-05T06:38:16.675492,-2.722,-1.084,1.270,0.982
2025-12-05T06:38:16.695127,-2.722,-1.084,1.270,0.982
2025-12-05T06:38:16.711170,-2.722,-1.084,1.270,0.982
2025-12-05T06:38:16.725002,-2.722,-1.084,1.270,0.982
2025-12-05T06:38:16.742659,-2.722,-1.084,1.270,0.982
2025-12-05T06:38:16.759333,-2.722,-1.084,1.270,0.982
2025-12-05T06:38:16.776441,-2.722,-1.084,1.270,0.982
2025-12-05T06:38:16.793865,-2.722,-1.084,1.270,0.982
2025-12-05T06:38:16.809898,-2.722,-1.084,1.270,0.982
2025-12-05T06:38:16.827532,-2.722,-1.084,1.270,0.982
2025-12-05T06:38:16.842231,-2.722,-1.084,1.270,0.982
2025-12-05T06:38:16.857732,-2.722,-1.084,1.270,0.982
2025-12-05T06:38:16.872178,-2.722,-1.084,1.270,0.982
2025-12-05T06:38:16.887117,-2.722,-1.084,1.270,0.982
2025-12-05T06:38:16.902948,-2.722,-1.084,1.270,0.982
2025-12-05T06:38:16.920321,-2.722,-1.084,1.270,0.982
2025-12-05T06:38:16.936555,-2.722,-1.084,1.270,0.982
2025-12-05T06:38:16.954838,-2.722,-1.084,1.270,0.982
2025-12-05T06:38:16.972610,-2.722,-1.084,1.270,0.982
2025-12-05T06:38:16.989957,-2.722,-1.084,1.270,0.982
2025-12-05T06:38:17.006627,-2.722,-1.084,1.270,0.982
2025-12-05T06:38:17.027782,-2.722,-1.084,1.270,0.982
2025-12-05T06:38:17.043810,-2.722,-1.084,1.270,0.982
2025-12-05T06:38:17.061047,-2.722,-1.084,1.270,0.982
2025-12-05T06:38:17.077346,-2.722,-1.084,1.270,0.982
2025-12-05T06:38:17.091738,-2.722,-1.084,1.270,0.982
2025-12-05T06:38:17.108602,-2.722,-1.084,1.270,0.982
2025-12-05T06:38:17.122868,-2.722,-1.084,1.270,0.982
2025-12-05T06:38:17.138377,-2.722,-1.084,1.270,0.982
2025-12-05T06:38:17.154944,-2.722,-1.084,1.270,0.982
2025-12-05T06:38:17.168976,-2.722,-1.084,1.270,0.982
2025-12-05T06:38:17.188177,-2.722,-1.084,1.270,0.982
2025-12-05T06:38:17.203881,-2.722,-1.084,1.270,0.982
2025-12-05T06:38:17.226555,-2.722,-1.084,1.270,0.982
2025-12-05T06:38:17.238439,-2.722,-1.084,1.270,0.982
2025-12-05T06:38:17.255100,-2.722,-1.084,1.270,0.982
2025-12-05T06:38:17.271937,-2.722,-1.084,1.270,0.982
2025-12-05T06:38:17.290915,-2.722,-1.084,1.270,0.982
2025-12-05T06:38:17.307800,-2.722,-1.084,1.270,0.982
2025-12-05T06:38:17.327930,-2.722,-1.084,1.270,0.982
2025-12-05T06:38:17.342598,-2.722,-1.084,1.270,0.982
2025-12-05T06:38:17.357314,-2.722,-1.084,1.270,0.982
2025-12-05T06:38:17.371559,-2.722,-1.084,1.270,0.982
2025-12-05T06:38:17.385620,-2.722,-1.084,1.270,0.982
2025-12-05T06:38:17.400705,-2.722,-1.084,1.270,0.982
2025-12-05T06:38:17.415682,-2.722,-1.084,1.270,0.982
2025-12-05T06:38:17.430591,-2.722,-1.084,1.270,0.982
2025-12-05T06:38:17.446315,-2.722,-1.084,1.270,0.982
2025-12-05T06:38:17.464082,-2.722,-1.084,1.270,0.982
2025-12-05T06:38:17.480895,-2.722,-1.084,1.270,0.982
2025-12-05T06:38:17.498335,-2.722,-1.084,1.270,0.982
2025-12-05T06:38:17.515893,-2.722,-1.084,1.270,0.982
2025-12-05T06:38:17.536980,-2.722,-1.084,1.270,0.982
2025-12-05T06:38:17.552304,-2.722,-1.084,1.270,0.982
2025-12-05T06:38:17.570698,-2.722,-1.084,1.270,0.982
2025-12-05T06:38:17.585607,-2.722,-1.084,1.270,0.982
2025-12-05T06:38:17.615786,-2.722,-1.084,1.270,0.982
2025-12-05T06:38:17.644623,-2.722,-1.084,1.270,0.982
2025-12-05T06:38:17.660134,-2.722,-1.084,1.270,0.982
2025-12-05T06:38:17.675066,-2.722,-1.084,1.270,0.982
2025-12-05T06:38:17.690512,-2.722,-1.084,1.270,0.982
2025-12-05T06:38:17.703675,-2.722,-1.084,1.270,0.982
2025-12-05T06:38:17.728518,-2.722,-1.084,1.270,0.982
2025-12-05T06:38:17.752428,-2.722,-1.084,1.270,0.982
2025-12-05T06:38:17.774506,-2.722,-1.084,1.270,0.982
2025-12-05T06:38:17.796823,-2.722,-1.084,1.270,0.982
2025-12-05T06:38:17.817666,-2.722,-1.084,1.270,0.982
2025-12-05T06:38:17.829218,-2.722,-1.084,1.270,0.982
2025-12-05T06:38:17.841077,-2.722,-1.084,1.270,0.982
2025-12-05T06:38:17.850902,-2.722,-1.084,1.270,0.982
2025-12-05T06:38:17.872567,-2.722,-1.084,1.270,0.982
2025-12-05T06:38:17.892293,-2.722,-1.084,1.270,0.982
2025-12-05T06:38:17.906011,-2.722,-1.084,1.270,0.982
2025-12-05T06:38:17.914906,-2.722,-1.084,1.270,0.982
2025-12-05T06:38:17.923785,-2.722,-1.084,1.270,0.982
2025-12-05T06:38:17.933640,-2.722,-1.084,1.270,0.982
2025-12-05T06:38:17.954875,-2.722,-1.084,1.270,0.982
2025-12-05T06:38:17.967204,-2.722,-1.084,1.270,0.982
2025-12-05T06:38:17.979767,-2.722,-1.084,1.270,0.982
2025-12-05T06:38:17.993959,-2.722,-1.084,1.270,0.982
2025-12-05T06:38:18.007563,-2.722,-1.084,1.270,0.982
2025-12-05T06:38:18.020500,-2.722,-1.084,1.270,0.982
2025-12-05T06:38:18.037153,-2.722,-1.084,1.270,0.982
2025-12-05T06:38:18.051928,-2.722,-1.084,1.270,0.982
2025-12-05T06:38:18.066457,-2.722,-1.084,1.270,0.982
2025-12-05T06:38:18.080795,-2.722,-1.084,1.270,0.982
2025-12-05T06:38:18.096929,-2.722,-1.084,1.270,0.982
2025-12-05T06:38:18.113889,-2.722,-1.084,1.270,0.982
2025-12-05T06:38:18.132019,-2.722,-1.084,1.270,0.982
2025-12-05T06:38:18.150481,-2.722,-1.084,1.270,0.982
2025-12-05T06:38:18.165734,-2.722,-1.084,1.270,0.982
2025-12-05T06:38:18.186724,-2.722,-1.084,1.270,0.982
2025-12-05T06:38:18.202877,-2.722,-1.084,1.270,0.982
2025-12-05T06:38:18.220814,-2.722,-1.084,1.270,0.982
2025-12-05T06:38:18.238645,-2.722,-1.084,1.270,0.982
2025-12-05T06:38:18.256003,-2.722,-1.084,1.270,0.982
2025-12-05T06:38:18.272307,-2.722,-1.084,1.270,0.982
2025-12-05T06:38:18.288889,-2.722,-1.084,1.270,0.982
2025-12-05T06:38:18.301340,-2.722,-1.084,1.270,0.982
2025-12-05T06:38:18.315212,-2.722,-1.084,1.270,0.982
2025-12-05T06:38:18.329221,-2.722,-1.084,1.270,0.982
2025-12-05T06:38:18.345340,-2.722,-1.084,1.270,0.982
2025-12-05T06:38:18.361639,-2.722,-1.084,1.270,0.982
2025-12-05T06:38:18.377829,-2.722,-1.084,1.270,0.982
2025-12-05T06:38:18.394541,-2.722,-1.084,1.270,0.982
2025-12-05T06:38:18.412637,-2.722,-1.084,1.270,0.982
2025-12-05T06:38:18.430401,-2.722,-1.084,1.270,0.982
2025-12-05T06:38:18.447739,-2.722,-1.084,1.270,0.982
2025-12-05T06:38:18.465105,-2.722,-1.084,1.270,0.982
2025-12-05T06:38:18.482233,-2.722,-1.084,1.270,0.982
2025-12-05T06:38:18.500997,-2.722,-1.084,1.270,0.982
2025-12-05T06:38:18.519260,-2.722,-1.084,1.270,0.982
2025-12-05T06:38:18.535582,-2.722,-1.084,1.270,0.982
2025-12-05T06:38:18.550934,-2.722,-1.084,1.270,0.982
2025-12-05T06:38:18.566103,-2.722,-1.084,1.270,0.982
2025-12-05T06:38:18.582574,-2.722,-1.084,1.270,0.982
2025-12-05T06:38:18.594680,-2.722,-1.084,1.270,0.982
2025-12-05T06:38:18.609971,-2.722,-1.084,1.270,0.982
2025-12-05T06:38:18.628480,-2.722,-1.084,1.270,0.982
2025-12-05T06:38:18.646332,-2.722,-1.084,1.270,0.982
2025-12-05T06:38:18.663753,-2.722,-1.084,1.270,0.982
2025-12-05T06:38:18.681739,-2.722,-1.084,1.270,0.982
2025-12-05T06:38:18.699337,-2.722,-1.084,1.270,0.982
2025-12-05T06:38:18.717211,-2.722,-1.084,1.270,0.982
2025-12-05T06:38:18.733410,-2.722,-1.084,1.270,0.982
2025-12-05T06:38:18.750048,-2.722,-1.084,1.270,0.982
2025-12-05T06:38:18.766327,-2.722,-1.084,1.270,0.982
2025-12-05T06:38:18.782553,-2.722,-1.084,1.270,0.982
2025-12-05T06:38:18.799011,-2.722,-1.084,1.270,0.982
2025-12-05T06:38:18.811053,-2.722,-1.084,1.270,0.982
2025-12-05T06:38:18.826037,-2.722,-1.084,1.270,0.982
2025-12-05T06:38:18.842995,-2.722,-1.084,1.270,0.982
2025-12-05T06:38:18.859324,-2.722,-1.084,1.270,0.982
2025-12-05T06:38:18.879761,-2.722,-1.084,1.270,0.982
2025-12-05T06:38:18.898655,-2.722,-1.084,1.270,0.982
2025-12-05T06:38:18.916979,-2.722,-1.084,1.270,0.982
2025-12-05T06:38:18.932456,-2.722,-1.084,1.270,0.982
2025-12-05T06:38:18.947611,-2.722,-1.084,1.270,0.982
2025-12-05T06:38:18.962527,-2.722,-1.084,1.270,0.982
2025-12-05T06:38:18.979822,-2.722,-1.084,1.270,0.982
2025-12-05T06:38:18.993718,-2.722,-1.084,1.270,0.982
2025-12-05T06:38:19.008641,-2.722,-1.084,1.270,0.982
2025-12-05T06:38:19.023283,-2.722,-1.084,1.270,0.982
2025-12-05T06:38:19.039060,-2.722,-1.084,1.270,0.982
2025-12-05T06:38:19.055587,-2.722,-1.084,1.270,0.982
2025-12-05T06:38:19.068462,-2.722,-1.084,1.270,0.982
2025-12-05T06:38:19.086219,-2.722,-1.084,1.270,0.982
2025-12-05T06:38:19.104618,-2.722,-1.084,1.270,0.982
2025-12-05T06:38:19.120842,-2.722,-1.084,1.270,0.982
2025-12-05T06:38:19.138712,-2.722,-1.084,1.270,0.982
2025-12-05T06:38:19.157581,-2.722,-1.084,1.270,0.982
2025-12-05T06:38:19.174435,-2.722,-1.084,1.270,0.982
2025-12-05T06:38:19.193247,-2.722,-1.084,1.270,0.982
2025-12-05T06:38:19.209709,-2.722,-1.084,1.270,0.982
2025-12-05T06:38:19.226344,-2.722,-1.084,1.270,0.982
2025-12-05T06:38:19.244006,-2.722,-1.084,1.270,0.982
2025-12-05T06:38:19.259716,-2.722,-1.084,1.270,0.982
2025-12-05T06:38:19.279514,-2.722,-1.084,1.270,0.982
2025-12-05T06:38:19.291843,-2.722,-1.084,1.270,0.982
2025-12-05T06:38:19.306860,-2.722,-1.084,1.270,0.982
2025-12-05T06:38:19.320893,-2.722,-1.084,1.270,0.982
2025-12-05T06:38:19.336799,-2.722,-1.084,1.270,0.982
2025-12-05T06:38:19.351791,-2.722,-1.084,1.270,0.982
2025-12-05T06:38:19.367830,-2.722,-1.084,1.270,0.982
2025-12-05T06:38:19.384019,-2.722,-1.084,1.270,0.982
2025-12-05T06:38:19.401533,-2.722,-1.084,1.270,0.982
2025-12-05T06:38:19.420669,-2.722,-1.084,1.270,0.982
2025-12-05T06:38:19.438503,-2.722,-1.084,1.270,0.982
2025-12-05T06:38:19.455803,-2.722,-1.084,1.270,0.982
2025-12-05T06:38:19.472475,-2.722,-1.084,1.270,0.982
2025-12-05T06:38:19.487916,-2.722,-1.084,1.270,0.982
2025-12-05T06:38:19.507679,-2.722,-1.084,1.270,0.982
2025-12-05T06:38:19.520661,-2.722,-1.084,1.270,0.982
2025-12-05T06:38:19.535815,-2.722,-1.084,1.270,0.982
2025-12-05T06:38:19.550301,-2.722,-1.084,1.270,0.982
2025-12-05T06:38:19.564920,-2.722,-1.084,1.270,0.982
2025-12-05T06:38:19.580530,-2.722,-1.084,1.270,0.982
2025-12-05T06:38:19.596021,-2.722,-1.084,1.270,0.982
2025-12-05T06:38:19.613018,-2.722,-1.084,1.270,0.982
2025-12-05T06:38:19.631972,-2.722,-1.084,1.270,0.982
2025-12-05T06:38:19.647991,-2.722,-1.084,1.270,0.982
2025-12-05T06:38:19.665502,-2.722,-1.084,1.270,0.982
2025-12-05T06:38:19.683562,-2.722,-1.084,1.270,0.982
2025-12-05T06:38:19.701770,-2.722,-1.088,1.270,0.979
2025-12-05T06:38:19.719574,-2.722,-1.092,1.270,0.976
2025-12-05T06:38:19.736715,-2.722,-1.096,1.270,0.973
2025-12-05T06:38:19.753656,-2.722,-1.099,1.270,0.970
2025-12-05T06:38:19.769854,-2.722,-1.103,1.270,0.966
2025-12-05T06:38:19.786096,-2.722,-1.106,1.270,0.962
2025-12-05T06:38:19.801071,-2.722,-1.110,1.270,0.958
2025-12-05T06:38:19.815907,-2.722,-1.113,1.270,0.954
2025-12-05T06:38:19.833322,-2.722,-1.116,1.270,0.950
2025-12-05T06:38:19.848042,-2.722,-1.119,1.270,0.945
2025-12-05T06:38:19.866662,-2.722,-1.122,1.270,0.940
2025-12-05T06:38:19.881277,-2.722,-1.124,1.270,0.935
2025-12-05T06:38:19.898530,-2.722,-1.127,1.270,0.930
2025-12-05T06:38:19.915491,-2.722,-1.130,1.270,0.925
2025-12-05T06:38:19.931984,-2.722,-1.132,1.270,0.919
2025-12-05T06:38:19.950129,-2.722,-1.134,1.270,0.914
2025-12-05T06:38:19.968720,-2.722,-1.137,1.270,0.908
2025-12-05T06:38:19.984142,-2.722,-1.139,1.270,0.901
2025-12-05T06:38:20.003704,-2.722,-1.141,1.270,0.895
2025-12-05T06:38:20.019893,-2.722,-1.143,1.270,0.889
2025-12-05T06:38:20.036857,-2.722,-1.145,1.270,0.882
2025-12-05T06:38:20.052582,-2.722,-1.147,1.270,0.875
2025-12-05T06:38:20.068191,-2.722,-1.149,1.270,0.868
2025-12-05T06:38:20.082684,-2.722,-1.151,1.270,0.861
2025-12-05T06:38:20.097970,-2.722,-1.153,1.270,0.853
2025-12-05T06:38:20.114065,-2.722,-1.154,1.270,0.846
2025-12-05T06:38:20.133759,-2.722,-1.156,1.270,0.838
2025-12-05T06:38:20.149458,-2.722,-1.158,1.270,0.830
2025-12-05T06:38:20.165728,-2.722,-1.159,1.270,0.822
2025-12-05T06:38:20.184206,-2.722,-1.161,1.270,0.814
2025-12-05T06:38:20.200511,-2.722,-1.162,1.270,0.805
2025-12-05T06:38:20.218963,-2.722,-1.163,1.270,0.797
2025-12-05T06:38:20.234733,-2.722,-1.165,1.270,0.788
2025-12-05T06:38:20.252429,-2.722,-1.166,1.270,0.779
2025-12-05T06:38:20.268646,-2.722,-1.167,1.270,0.770
2025-12-05T06:38:20.285559,-2.722,-1.168,1.270,0.760
2025-12-05T06:38:20.300513,-2.722,-1.170,1.270,0.751
2025-12-05T06:38:20.315795,-2.722,-1.171,1.270,0.741
2025-12-05T06:38:20.329877,-2.722,-1.172,1.270,0.732
2025-12-05T06:38:20.347109,-2.722,-1.173,1.270,0.722
2025-12-05T06:38:20.364918,-2.722,-1.174,1.270,0.712
2025-12-05T06:38:20.382565,-2.722,-1.175,1.270,0.702
2025-12-05T06:38:20.399759,-2.722,-1.176,1.270,0.691
2025-12-05T06:38:20.415143,-2.722,-1.177,1.270,0.681
2025-12-05T06:38:20.433986,-2.722,-1.177,1.270,0.670
2025-12-05T06:38:20.451267,-2.722,-1.178,1.270,0.659
2025-12-05T06:38:20.470519,-2.722,-1.179,1.270,0.648
2025-12-05T06:38:20.487255,-2.722,-1.180,1.270,0.637
2025-12-05T06:38:20.505581,-2.722,-1.181,1.270,0.626
2025-12-05T06:38:20.521238,-2.722,-1.181,1.270,0.615
2025-12-05T06:38:20.538267,-2.722,-1.182,1.270,0.604
2025-12-05T06:38:20.553487,-2.722,-1.183,1.270,0.592
2025-12-05T06:38:20.568926,-2.722,-1.184,1.270,0.580
2025-12-05T06:38:20.584316,-2.722,-1.184,1.270,0.569
2025-12-05T06:38:20.598770,-2.722,-1.185,1.270,0.557
2025-12-05T06:38:20.613964,-2.722,-1.185,1.270,0.545
2025-12-05T06:38:20.630415,-2.722,-1.186,1.270,0.533
2025-12-05T06:38:20.647636,-2.722,-1.187,1.270,0.520
2025-12-05T06:38:20.665344,-2.722,-1.187,1.270,0.508
2025-12-05T06:38:20.683098,-2.722,-1.188,1.270,0.495
2025-12-05T06:38:20.702131,-2.722,-1.188,1.270,0.483
2025-12-05T06:38:20.718778,-2.722,-1.189,1.270,0.470
2025-12-05T06:38:20.741015,-2.722,-1.189,1.270,0.457
2025-12-05T06:38:20.758966,-2.722,-1.190,1.270,0.445
2025-12-05T06:38:20.779114,-2.722,-1.190,1.270,0.432
2025-12-05T06:38:20.791265,-2.722,-1.190,1.270,0.419
2025-12-05T06:38:20.808372,-2.722,-1.191,1.270,0.406
2025-12-05T06:38:20.824819,-2.722,-1.191,1.270,0.392
2025-12-05T06:38:20.841313,-2.722,-1.192,1.270,0.379
2025-12-05T06:38:20.854856,-2.722,-1.192,1.270,0.366
2025-12-05T06:38:20.871933,-2.722,-1.192,1.270,0.352
2025-12-05T06:38:20.883854,-2.722,-1.193,1.270,0.339
2025-12-05T06:38:20.897175,-2.722,-1.193,1.270,0.325
2025-12-05T06:38:20.915425,-2.722,-1.193,1.270,0.311
2025-12-05T06:38:20.931072,-2.722,-1.194,1.270,0.298
2025-12-05T06:38:20.948547,-2.722,-1.194,1.270,0.284
2025-12-05T06:38:20.965908,-2.722,-1.194,1.270,0.270
2025-12-05T06:38:20.983808,-2.722,-1.194,1.270,0.256
2025-12-05T06:38:21.000797,-2.722,-1.195,1.270,0.242
2025-12-05T06:38:21.019826,-2.722,-1.195,1.270,0.228
2025-12-05T06:38:21.042809,-2.722,-1.195,1.270,0.214
2025-12-05T06:38:21.058802,-2.722,-1.196,1.270,0.200
2025-12-05T06:38:21.074467,-2.722,-1.196,1.270,0.186
2025-12-05T06:38:21.094806,-2.722,-1.196,1.270,0.172
2025-12-05T06:38:21.109717,-2.722,-1.196,1.270,0.158
2025-12-05T06:38:21.121222,-2.722,-1.196,1.270,0.143
2025-12-05T06:38:21.137462,-2.722,-1.197,1.270,0.129
2025-12-05T06:38:21.151517,-2.722,-1.197,1.270,0.115
2025-12-05T06:38:21.166081,-2.722,-1.197,1.270,0.101
2025-12-05T06:38:21.180286,-2.722,-1.197,1.270,0.086
2025-12-05T06:38:21.198567,-2.722,-1.197,1.270,0.072
2025-12-05T06:38:21.211775,-2.722,-1.198,1.270,0.058
2025-12-05T06:38:21.229689,-2.722,-1.198,1.270,0.043
2025-12-05T06:38:21.245912,-2.722,-1.198,1.270,0.029
2025-12-05T06:38:21.262227,-2.722,-1.198,1.270,0.014
2025-12-05T06:38:21.280589,-2.722,-1.198,1.270,-0.000
2025-12-05T06:38:21.298936,-2.722,-1.198,1.270,-0.014
2025-12-05T06:38:21.318224,-2.722,-1.198,1.270,-0.029
2025-12-05T06:38:21.337485,-2.722,-1.199,1.270,-0.043
2025-12-05T06:38:21.353684,-2.722,-1.199,1.270,-0.058
2025-12-05T06:38:21.370923,-2.722,-1.199,1.270,-0.072
2025-12-05T06:38:21.388622,-2.722,-1.199,1.270,-0.086
2025-12-05T06:38:21.404505,-2.722,-1.199,1.270,-0.101
2025-12-05T06:38:21.420218,-2.722,-1.199,1.270,-0.115
2025-12-05T06:38:21.435404,-2.722,-1.199,1.270,-0.129
2025-12-05T06:38:21.449019,-2.722,-1.199,1.270,-0.144
2025-12-05T06:38:21.465456,-2.722,-1.200,1.270,-0.158
2025-12-05T06:38:21.481075,-2.722,-1.200,1.270,-0.172
2025-12-05T06:38:21.494913,-2.722,-1.200,1.270,-0.186
2025-12-05T06:38:21.508295,-2.722,-1.200,1.270,-0.200
2025-12-05T06:38:21.526021,-2.722,-1.200,1.270,-0.214
2025-12-05T06:38:21.543749,-2.722,-1.200,1.270,-0.228
2025-12-05T06:38:21.561437,-2.722,-1.200,1.270,-0.242
2025-12-05T06:38:21.578629,-2.722,-1.200,1.270,-0.256
2025-12-05T06:38:21.596688,-2.722,-1.200,1.270,-0.270
2025-12-05T06:38:21.612794,-2.722,-1.200,1.270,-0.284
2025-12-05T06:38:21.630334,-2.722,-1.200,1.270,-0.298
2025-12-05T06:38:21.645396,-2.722,-1.200,1.270,-0.312
2025-12-05T06:38:21.669335,-2.722,-1.201,1.270,-0.325
2025-12-05T06:38:21.682605,-2.722,-1.201,1.270,-0.339
2025-12-05T06:38:21.698283,-2.722,-1.201,1.270,-0.352
2025-12-05T06:38:21.710303,-2.722,-1.201,1.270,-0.366
2025-12-05T06:38:21.725548,-2.722,-1.201,1.270,-0.379
2025-12-05T06:38:21.741269,-2.722,-1.201,1.270,-0.392
2025-12-05T06:38:21.756796,-2.722,-1.201,1.270,-0.406
2025-12-05T06:38:21.771881,-2.722,-1.201,1.270,-0.419
2025-12-05T06:38:21.790187,-2.722,-1.201,1.270,-0.432
2025-12-05T06:38:21.808656,-2.722,-1.201,1.270,-0.445
2025-12-05T06:38:21.823222,-2.722,-1.201,1.270,-0.458
2025-12-05T06:38:21.848488,-2.722,-1.201,1.270,-0.470
2025-12-05T06:38:21.866785,-2.722,-1.201,1.270,-0.483
2025-12-05T06:38:21.880328,-2.722,-1.201,1.270,-0.496
2025-12-05T06:38:21.901159,-2.722,-1.201,1.270,-0.508
2025-12-05T06:38:21.911064,-2.722,-1.201,1.270,-0.520
2025-12-05T06:38:21.927227,-2.722,-1.201,1.270,-0.533
2025-12-05T06:38:21.942786,-2.722,-1.201,1.270,-0.545
2025-12-05T06:38:21.956249,-2.722,-1.201,1.270,-0.557
2025-12-05T06:38:21.970501,-2.722,-1.201,1.270,-0.569
2025-12-05T06:38:21.984779,-2.722,-1.201,1.270,-0.580
2025-12-05T06:38:21.999541,-2.722,-1.202,1.270,-0.592
2025-12-05T06:38:22.015220,-2.722,-1.202,1.270,-0.604
2025-12-05T06:38:22.029909,-2.722,-1.202,1.270,-0.615
2025-12-05T06:38:22.046180,-2.722,-1.202,1.270,-0.626
2025-12-05T06:38:22.064326,-2.722,-1.202,1.270,-0.637
2025-12-05T06:38:22.081314,-2.722,-1.202,1.270,-0.649
2025-12-05T06:38:22.100233,-2.722,-1.202,1.270,-0.659
2025-12-05T06:38:22.117394,-2.722,-1.202,1.270,-0.670
2025-12-05T06:38:22.135579,-2.722,-1.202,1.270,-0.681
2025-12-05T06:38:22.152893,-2.722,-1.202,1.270,-0.691
2025-12-05T06:38:22.169880,-2.722,-1.202,1.270,-0.702
2025-12-05T06:38:22.187651,-2.722,-1.202,1.270,-0.712
2025-12-05T06:38:22.203881,-2.722,-1.202,1.270,-0.722
2025-12-05T06:38:22.220845,-2.722,-1.211,1.270,-0.722
2025-12-05T06:38:22.238654,-2.722,-1.220,1.270,-0.722
2025-12-05T06:38:22.255103,-2.723,-1.229,1.270,-0.722
2025-12-05T06:38:22.278133,-2.723,-1.238,1.270,-0.722
2025-12-05T06:38:22.301151,-2.724,-1.247,1.270,-0.722
2025-12-05T06:38:22.311813,-2.724,-1.256,1.270,-0.722
2025-12-05T06:38:22.325568,-2.724,-1.265,1.270,-0.722
2025-12-05T06:38:22.337859,-2.725,-1.274,1.270,-0.722
2025-12-05T06:38:22.351517,-2.725,-1.283,1.270,-0.722
2025-12-05T06:38:22.364681,-2.725,-1.293,1.270,-0.722
2025-12-05T06:38:22.378673,-2.726,-1.302,1.270,-0.722
2025-12-05T06:38:22.391314,-2.726,-1.311,1.270,-0.722
2025-12-05T06:38:22.405674,-2.727,-1.320,1.270,-0.722
2025-12-05T06:38:22.421517,-2.727,-1.329,1.270,-0.722
2025-12-05T06:38:22.437645,-2.727,-1.339,1.270,-0.722
2025-12-05T06:38:22.454560,-2.728,-1.348,1.270,-0.722
2025-12-05T06:38:22.471665,-2.728,-1.357,1.270,-0.722
2025-12-05T06:38:22.486647,-2.729,-1.367,1.270,-0.722
2025-12-05T06:38:22.505457,-2.729,-1.376,1.270,-0.722
2025-12-05T06:38:22.523714,-2.729,-1.385,1.270,-0.722
2025-12-05T06:38:22.547826,-2.730,-1.395,1.270,-0.722
2025-12-05T06:38:22.557142,-2.730,-1.404,1.270,-0.722
2025-12-05T06:38:22.573235,-2.731,-1.413,1.270,-0.722
2025-12-05T06:38:22.589177,-2.731,-1.423,1.270,-0.722
2025-12-05T06:38:22.605627,-2.731,-1.432,1.270,-0.722
2025-12-05T06:38:22.620872,-2.732,-1.441,1.270,-0.722
2025-12-05T06:38:22.635556,-2.732,-1.451,1.270,-0.722
2025-12-05T06:38:22.650556,-2.733,-1.460,1.270,-0.722
2025-12-05T06:38:22.665294,-2.733,-1.470,1.270,-0.722
2025-12-05T06:38:22.681179,-2.733,-1.479,1.270,-0.722
2025-12-05T06:38:22.699104,-2.734,-1.489,1.270,-0.722
2025-12-05T06:38:22.714542,-2.734,-1.498,1.270,-0.722
2025-12-05T06:38:22.732018,-2.735,-1.507,1.270,-0.722
2025-12-05T06:38:22.749346,-2.735,-1.517,1.270,-0.722
2025-12-05T06:38:22.768482,-2.735,-1.526,1.270,-0.722
2025-12-05T06:38:22.784595,-2.736,-1.536,1.270,-0.722
2025-12-05T06:38:22.800855,-2.736,-1.545,1.270,-0.722
2025-12-05T06:38:22.817196,-2.737,-1.555,1.270,-0.722
2025-12-05T06:38:22.835988,-2.737,-1.564,1.270,-0.722
2025-12-05T06:38:22.850570,-2.737,-1.574,1.270,-0.722
2025-12-05T06:38:22.865767,-2.738,-1.583,1.270,-0.722
2025-12-05T06:38:22.882798,-2.738,-1.593,1.270,-0.722
2025-12-05T06:38:22.897908,-2.739,-1.603,1.270,-0.722
2025-12-05T06:38:22.914525,-2.739,-1.612,1.270,-0.722
2025-12-05T06:38:22.931609,-2.739,-1.622,1.270,-0.722
2025-12-05T06:38:22.946999,-2.740,-1.631,1.270,-0.722
2025-12-05T06:38:22.965766,-2.740,-1.641,1.270,-0.722
2025-12-05T06:38:22.981903,-2.741,-1.650,1.270,-0.722
2025-12-05T06:38:22.998726,-2.741,-1.660,1.270,-0.722
2025-12-05T06:38:23.016783,-2.741,-1.669,1.270,-0.722
2025-12-05T06:38:23.033039,-2.742,-1.679,1.270,-0.722
2025-12-05T06:38:23.047883,-2.742,-1.689,1.270,-0.722
2025-12-05T06:38:23.066124,-2.743,-1.698,1.270,-0.722
2025-12-05T06:38:23.081775,-2.743,-1.708,1.270,-0.722
2025-12-05T06:38:23.097871,-2.743,-1.717,1.270,-0.722
2025-12-05T06:38:23.113653,-2.744,-1.727,1.270,-0.722
2025-12-05T06:38:23.130128,-2.744,-1.737,1.270,-0.722
2025-12-05T06:38:23.144320,-2.745,-1.746,1.270,-0.722
2025-12-05T06:38:23.161736,-2.745,-1.756,1.270,-0.722
2025-12-05T06:38:23.176901,-2.745,-1.765,1.270,-0.722
2025-12-05T06:38:23.192017,-2.746,-1.775,1.270,-0.722
2025-12-05T06:38:23.208746,-2.746,-1.785,1.270,-0.722
2025-12-05T06:38:23.233767,-2.747,-1.794,1.270,-0.722
2025-12-05T06:38:23.248883,-2.747,-1.804,1.270,-0.722
2025-12-05T06:38:23.263552,-2.747,-1.813,1.270,-0.722
2025-12-05T06:38:23.279143,-2.748,-1.823,1.270,-0.722
2025-12-05T06:38:23.293712,-2.748,-1.833,1.270,-0.722
2025-12-05T06:38:23.310473,-2.749,-1.842,1.270,-0.722
2025-12-05T06:38:23.325833,-2.749,-1.852,1.270,-0.722
2025-12-05T06:38:23.340081,-2.749,-1.862,1.270,-0.722
2025-12-05T06:38:23.356644,-2.750,-1.871,1.270,-0.722
2025-12-05T06:38:23.372325,-2.750,-1.881,1.270,-0.722
2025-12-05T06:38:23.388181,-2.751,-1.891,1.270,-0.722
2025-12-05T06:38:23.403889,-2.751,-1.900,1.270,-0.722
2025-12-05T06:38:23.421214,-2.751,-1.910,1.270,-0.722
2025-12-05T06:38:23.438982,-2.752,-1.919,1.270,-0.722
2025-12-05T06:38:23.454653,-2.752,-1.929,1.270,-0.722
2025-12-05T06:38:23.471999,-2.753,-1.939,1.270,-0.722
2025-12-05T06:38:23.489851,-2.753,-1.948,1.270,-0.722
2025-12-05T06:38:23.506860,-2.754,-1.958,1.270,-0.722
2025-12-05T06:38:23.526079,-2.754,-1.968,1.270,-0.722
2025-12-05T06:38:23.542016,-2.754,-1.977,1.270,-0.722
2025-12-05T06:38:23.557258,-2.755,-1.987,1.270,-0.722
2025-12-05T06:38:23.574624,-2.755,-1.997,1.270,-0.722
2025-12-05T06:38:23.595392,-2.756,-2.006,1.270,-0.722
2025-12-05T06:38:23.605573,-2.756,-2.016,1.270,-0.722
2025-12-05T06:38:23.619238,-2.756,-2.026,1.270,-0.722
2025-12-05T06:38:23.633184,-2.757,-2.035,1.270,-0.722
2025-12-05T06:38:23.647933,-2.757,-2.045,1.270,-0.722
2025-12-05T06:38:23.663542,-2.758,-2.055,1.270,-0.722
2025-12-05T06:38:23.680621,-2.758,-2.064,1.270,-0.722
2025-12-05T06:38:23.696929,-2.758,-2.074,1.270,-0.722
2025-12-05T06:38:23.713141,-2.759,-2.084,1.270,-0.722
2025-12-05T06:38:23.731638,-2.759,-2.093,1.270,-0.722
2025-12-05T06:38:23.749074,-2.760,-2.103,1.270,-0.722
2025-12-05T06:38:23.766263,-2.760,-2.113,1.270,-0.722
2025-12-05T06:38:23.783478,-2.760,-2.123,1.270,-0.722
2025-12-05T06:38:23.801523,-2.761,-2.132,1.270,-0.722
2025-12-05T06:38:23.820277,-2.761,-2.142,1.270,-0.722
2025-12-05T06:38:23.835676,-2.762,-2.152,1.270,-0.722
2025-12-05T06:38:23.856619,-2.762,-2.161,1.270,-0.722
2025-12-05T06:38:23.873093,-2.762,-2.171,1.270,-0.722
2025-12-05T06:38:23.884668,-2.763,-2.181,1.270,-0.722
2025-12-05T06:38:23.899318,-2.763,-2.190,1.270,-0.722
2025-12-05T06:38:23.915393,-2.764,-2.200,1.270,-0.722
2025-12-05T06:38:23.928690,-2.764,-2.210,1.270,-0.722
2025-12-05T06:38:23.943536,-2.765,-2.219,1.270,-0.722
2025-12-05T06:38:23.959594,-2.765,-2.229,1.270,-0.722
2025-12-05T06:38:23.976574,-2.765,-2.239,1.270,-0.722
2025-12-05T06:38:23.993856,-2.766,-2.248,1.270,-0.722
2025-12-05T06:38:24.012464,-2.766,-2.258,1.270,-0.722
2025-12-05T06:38:24.029293,-2.767,-2.268,1.270,-0.722
2025-12-05T06:38:24.047589,-2.767,-2.278,1.270,-0.722
2025-12-05T06:38:24.063632,-2.767,-2.287,1.270,-0.722
2025-12-05T06:38:24.082464,-2.768,-2.297,1.270,-0.722
2025-12-05T06:38:24.100869,-2.768,-2.307,1.270,-0.722
2025-12-05T06:38:24.116455,-2.769,-2.316,1.270,-0.722
2025-12-05T06:38:24.130348,-2.769,-2.326,1.270,-0.722
2025-12-05T06:38:24.145474,-2.769,-2.336,1.270,-0.722
2025-12-05T06:38:24.158791,-2.770,-2.345,1.270,-0.722
2025-12-05T06:38:24.173916,-2.770,-2.355,1.270,-0.722
2025-12-05T06:38:24.189046,-2.771,-2.365,1.270,-0.722
2025-12-05T06:38:24.206103,-2.771,-2.374,1.270,-0.722
2025-12-05T06:38:24.224311,-2.771,-2.384,1.270,-0.722
2025-12-05T06:38:24.241234,-2.772,-2.394,1.270,-0.722
2025-12-05T06:38:24.258659,-2.772,-2.404,1.270,-0.722
2025-12-05T06:38:24.276895,-2.773,-2.413,1.270,-0.722
2025-12-05T06:38:24.295545,-2.773,-2.423,1.270,-0.722
2025-12-05T06:38:24.313631,-2.773,-2.433,1.270,-0.722
2025-12-05T06:38:24.331876,-2.774,-2.442,1.270,-0.722
2025-12-05T06:38:24.348796,-2.774,-2.452,1.270,-0.722
2025-12-05T06:38:24.365087,-2.775,-2.462,1.270,-0.722
2025-12-05T06:38:24.382114,-2.775,-2.471,1.270,-0.722
2025-12-05T06:38:24.397716,-2.776,-2.481,1.270,-0.722
2025-12-05T06:38:24.413079,-2.776,-2.491,1.270,-0.722
2025-12-05T06:38:24.428105,-2.776,-2.501,1.270,-0.722
2025-12-05T06:38:24.442078,-2.777,-2.510,1.270,-0.722
2025-12-05T06:38:24.458141,-2.777,-2.520,1.270,-0.722
2025-12-05T06:38:24.478874,-2.778,-2.530,1.270,-0.722
2025-12-05T06:38:24.494694,-2.778,-2.539,1.270,-0.722
2025-12-05T06:38:24.511442,-2.778,-2.549,1.270,-0.722
2025-12-05T06:38:24.528869,-2.779,-2.559,1.270,-0.722
2025-12-05T06:38:24.544736,-2.779,-2.568,1.270,-0.722
2025-12-05T06:38:24.564921,-2.780,-2.578,1.270,-0.722
2025-12-05T06:38:24.582079,-2.780,-2.588,1.270,-0.722
2025-12-05T06:38:24.598289,-2.780,-2.598,1.270,-0.722
2025-12-05T06:38:24.618463,-2.781,-2.607,1.270,-0.722
2025-12-05T06:38:24.629218,-2.781,-2.617,1.270,-0.722
2025-12-05T06:38:24.644194,-2.782,-2.627,1.270,-0.722
2025-12-05T06:38:24.659754,-2.782,-2.636,1.270,-0.722
2025-12-05T06:38:24.673009,-2.782,-2.646,1.270,-0.722
2025-12-05T06:38:24.690137,-2.783,-2.656,1.270,-0.722
2025-12-05T06:38:24.703968,-2.783,-2.665,1.270,-0.722
2025-12-05T06:38:24.719233,-2.784,-2.675,1.270,-0.722
2025-12-05T06:38:24.738070,-2.784,-2.685,1.270,-0.722
2025-12-05T06:38:24.755133,-2.785,-2.695,1.270,-0.722
2025-12-05T06:38:24.774049,-2.785,-2.704,1.270,-0.722
2025-12-05T06:38:24.789580,-2.785,-2.714,1.270,-0.722
2025-12-05T06:38:24.808289,-2.786,-2.724,1.270,-0.722
2025-12-05T06:38:24.826141,-2.786,-2.733,1.270,-0.722
2025-12-05T06:38:24.844564,-2.787,-2.743,1.270,-0.722
2025-12-05T06:38:24.861734,-2.787,-2.753,1.270,-0.722
2025-12-05T06:38:24.875551,-2.787,-2.762,1.270,-0.722
2025-12-05T06:38:24.894062,-2.788,-2.772,1.270,-0.722
2025-12-05T06:38:24.911523,-2.788,-2.782,1.270,-0.722
2025-12-05T06:38:24.924712,-2.789,-2.792,1.270,-0.722
2025-12-05T06:38:24.938641,-2.789,-2.801,1.270,-0.722
2025-12-05T06:38:24.955819,-2.789,-2.811,1.270,-0.722
2025-12-05T06:38:24.971769,-2.790,-2.821,1.270,-0.722
2025-12-05T06:38:24.987480,-2.790,-2.830,1.270,-0.722
2025-12-05T06:38:25.003659,-2.791,-2.840,1.270,-0.722
2025-12-05T06:38:25.021203,-2.791,-2.850,1.270,-0.722
2025-12-05T06:38:25.038782,-2.791,-2.860,1.270,-0.722
2025-12-05T06:38:25.053829,-2.792,-2.869,1.270,-0.722
2025-12-05T06:38:25.073295,-2.792,-2.879,1.270,-0.722
2025-12-05T06:38:25.090918,-2.793,-2.889,1.270,-0.722
2025-12-05T06:38:25.114248,-2.793,-2.898,1.270,-0.722
2025-12-05T06:38:25.129989,-2.794,-2.908,1.270,-0.722
2025-12-05T06:38:25.145316,-2.794,-2.918,1.270,-0.722
2025-12-05T06:38:25.163005,-2.794,-2.927,1.270,-0.722
2025-12-05T06:38:25.177784,-2.795,-2.937,1.270,-0.722
2025-12-05T06:38:25.192118,-2.795,-2.947,1.270,-0.722
2025-12-05T06:38:25.207245,-2.796,-2.957,1.270,-0.722
2025-12-05T06:38:25.224511,-2.796,-2.966,1.270,-0.722
2025-12-05T06:38:25.238221,-2.796,-2.976,1.270,-0.722
2025-12-05T06:38:25.255553,-2.797,-2.986,1.270,-0.722
2025-12-05T06:38:25.278117,-2.797,-2.995,1.270,-0.722
2025-12-05T06:38:25.286724,-2.798,-3.005,1.270,-0.722
2025-12-05T06:38:25.304464,-2.798,-3.015,1.270,-0.722
2025-12-05T06:38:25.322137,-2.798,-3.025,1.270,-0.722
2025-12-05T06:38:25.339709,-2.799,-3.034,1.270,-0.722
2025-12-05T06:38:25.357309,-2.799,-3.044,1.270,-0.722
2025-12-05T06:38:25.375754,-2.800,-3.054,1.270,-0.722
2025-12-05T06:38:25.393140,-2.800,-3.063,1.270,-0.722
2025-12-05T06:38:25.417110,-2.800,-3.073,1.270,-0.722
2025-12-05T06:38:25.433221,-2.801,-3.083,1.270,-0.722
2025-12-05T06:38:25.449318,-2.801,-3.092,1.270,-0.722
2025-12-05T06:38:25.463831,-2.802,-3.102,1.270,-0.722
2025-12-05T06:38:25.480900,-2.802,-3.112,1.270,-0.722
2025-12-05T06:38:25.493585,-2.803,-3.122,1.270,-0.722
2025-12-05T06:38:25.507893,-2.803,-3.131,1.270,-0.722
2025-12-05T06:38:25.521315,-2.803,-3.141,1.270,-0.722
2025-12-05T06:38:25.535446,-2.804,-3.151,1.270,-0.722
2025-12-05T06:38:25.549966,-2.804,-3.160,1.270,-0.722
2025-12-05T06:38:25.565244,-2.805,-3.170,1.270,-0.722
2025-12-05T06:38:25.579137,-2.805,-3.180,1.270,-0.722
2025-12-05T06:38:25.593491,-2.805,-3.190,1.270,-0.722
2025-12-05T06:38:25.610411,-2.806,-3.199,1.270,-0.722
2025-12-05T06:38:25.627048,-2.806,-3.209,1.270,-0.722
2025-12-05T06:38:25.643873,-2.807,-3.219,1.270,-0.722
2025-12-05T06:38:25.661573,-2.807,-3.228,1.270,-0.722
2025-12-05T06:38:25.679729,-2.807,-3.238,1.270,-0.722
2025-12-05T06:38:25.696876,-2.808,-3.248,1.270,-0.722
2025-12-05T06:38:25.715264,-2.808,-3.257,1.270,-0.722
2025-12-05T06:38:25.735201,-2.809,-3.267,1.270,-0.722
2025-12-05T06:38:25.750832,-2.809,-3.277,1.270,-0.722
2025-12-05T06:38:25.768173,-2.809,-3.287,1.270,-0.722
2025-12-05T06:38:25.785046,-2.810,-3.296,1.270,-0.722
2025-12-05T06:38:25.800959,-2.810,-3.306,1.270,-0.722
2025-12-05T06:38:25.816802,-2.811,-3.316,1.270,-0.722
2025-12-05T06:38:25.831294,-2.811,-3.325,1.270,-0.722
2025-12-05T06:38:25.847242,-2.811,-3.335,1.270,-0.722
2025-12-05T06:38:25.861474,-2.812,-3.345,1.270,-0.722
2025-12-05T06:38:25.875877,-2.812,-3.355,1.270,-0.722
2025-12-05T06:38:25.891986,-2.813,-3.364,1.270,-0.722
2025-12-05T06:38:25.905728,-2.813,-3.374,1.270,-0.722
2025-12-05T06:38:25.923289,-2.814,-3.384,1.270,-0.722
2025-12-05T06:38:25.942361,-2.814,-3.393,1.270,-0.722
2025-12-05T06:38:25.956428,-2.814,-3.403,1.270,-0.722
2025-12-05T06:38:25.974980,-2.815,-3.413,1.270,-0.722
2025-12-05T06:38:25.992167,-2.815,-3.422,1.270,-0.722
2025-12-05T06:38:26.012070,-2.816,-3.432,1.270,-0.722
2025-12-05T06:38:26.031679,-2.816,-3.442,1.270,-0.722
2025-12-05T06:38:26.047201,-2.816,-3.452,1.270,-0.722
2025-12-05T06:38:26.065026,-2.817,-3.461,1.270,-0.722
2025-12-05T06:38:26.081145,-2.817,-3.471,1.270,-0.722
2025-12-05T06:38:26.101129,-2.818,-3.481,1.270,-0.722
2025-12-05T06:38:26.115592,-2.818,-3.490,1.270,-0.722
2025-12-05T06:38:26.132146,-2.818,-3.500,1.270,-0.722
2025-12-05T06:38:26.146204,-2.819,-3.510,1.270,-0.722
2025-12-05T06:38:26.163278,-2.819,-3.520,1.270,-0.722
2025-12-05T06:38:26.177144,-2.820,-3.529,1.270,-0.722
2025-12-05T06:38:26.191130,-2.820,-3.539,1.270,-0.722
2025-12-05T06:38:26.210325,-2.820,-3.549,1.270,-0.722
2025-12-05T06:38:26.222938,-2.821,-3.558,1.270,-0.722
2025-12-05T06:38:26.240225,-2.821,-3.568,1.270,-0.722
2025-12-05T06:38:26.256940,-2.822,-3.578,1.270,-0.722
2025-12-05T06:38:26.274944,-2.822,-3.587,1.270,-0.722
2025-12-05T06:38:26.293967,-2.823,-3.597,1.270,-0.722
2025-12-05T06:38:26.313941,-2.823,-3.607,1.270,-0.722
2025-12-05T06:38:26.333288,-2.823,-3.617,1.270,-0.722
2025-12-05T06:38:26.349918,-2.824,-3.626,1.270,-0.722
2025-12-05T06:38:26.366973,-2.824,-3.636,1.270,-0.722
2025-12-05T06:38:26.383548,-2.825,-3.646,1.270,-0.722
2025-12-05T06:38:26.399863,-2.825,-3.655,1.270,-0.722
2025-12-05T06:38:26.416110,-2.825,-3.665,1.270,-0.722
2025-12-05T06:38:26.432876,-2.826,-3.675,1.270,-0.722
2025-12-05T06:38:26.447585,-2.826,-3.685,1.270,-0.722
2025-12-05T06:38:26.463580,-2.827,-3.694,1.270,-0.722
2025-12-05T06:38:26.479640,-2.827,-3.704,1.270,-0.722
2025-12-05T06:38:26.493691,-2.827,-3.714,1.270,-0.722
2025-12-05T06:38:26.507990,-2.828,-3.723,1.270,-0.722
2025-12-05T06:38:26.523327,-2.828,-3.733,1.270,-0.722
2025-12-05T06:38:26.539195,-2.829,-3.743,1.270,-0.722
2025-12-05T06:38:26.557809,-2.829,-3.752,1.270,-0.722
2025-12-05T06:38:26.598527,-2.829,-3.762,1.270,-0.722
2025-12-05T06:38:26.621268,-2.830,-3.763,1.270,-0.732
2025-12-05T06:38:26.646939,-2.830,-3.764,1.270,-0.741
2025-12-05T06:38:26.660192,-2.830,-3.764,1.270,-0.751
2025-12-05T06:38:26.674917,-2.830,-3.765,1.270,-0.760
2025-12-05T06:38:26.702426,-2.830,-3.766,1.270,-0.770
2025-12-05T06:38:26.728982,-2.830,-3.766,1.270,-0.779
2025-12-05T06:38:26.754421,-2.830,-3.767,1.270,-0.788
2025-12-05T06:38:26.781158,-2.830,-3.768,1.270,-0.797
2025-12-05T06:38:26.810402,-2.830,-3.768,1.270,-0.805
2025-12-05T06:38:26.831717,-2.830,-3.769,1.270,-0.814
2025-12-05T06:38:26.844131,-2.830,-3.769,1.270,-0.822
2025-12-05T06:38:26.866367,-2.830,-3.770,1.270,-0.830
2025-12-05T06:38:26.877266,-2.830,-3.770,1.270,-0.838
2025-12-05T06:38:26.893977,-2.830,-3.771,1.270,-0.846
2025-12-05T06:38:26.902263,-2.830,-3.771,1.270,-0.853
2025-12-05T06:38:26.910523,-2.830,-3.772,1.270,-0.861
2025-12-05T06:38:26.918577,-2.830,-3.772,1.270,-0.868
2025-12-05T06:38:26.927722,-2.830,-3.772,1.270,-0.875
2025-12-05T06:38:26.948342,-2.830,-3.773,1.270,-0.882
2025-12-05T06:38:26.969538,-2.830,-3.773,1.270,-0.889
2025-12-05T06:38:26.990633,-2.830,-3.774,1.270,-0.895
2025-12-05T06:38:27.010743,-2.830,-3.774,1.270,-0.902
2025-12-05T06:38:27.023303,-2.830,-3.774,1.270,-0.908
2025-12-05T06:38:27.045805,-2.830,-3.775,1.270,-0.914
2025-12-05T06:38:27.068272,-2.830,-3.775,1.270,-0.919
2025-12-05T06:38:27.090535,-2.830,-3.775,1.270,-0.925
2025-12-05T06:38:27.112421,-2.830,-3.776,1.270,-0.930
2025-12-05T06:38:27.124886,-2.830,-3.776,1.270,-0.935
2025-12-05T06:38:27.135591,-2.830,-3.776,1.270,-0.940
2025-12-05T06:38:27.144824,-2.830,-3.777,1.270,-0.945
2025-12-05T06:38:27.158410,-2.830,-3.777,1.270,-0.950
2025-12-05T06:38:27.165722,-2.830,-3.777,1.270,-0.954
2025-12-05T06:38:27.172544,-2.830,-3.777,1.270,-0.958
2025-12-05T06:38:27.185928,-2.830,-3.778,1.270,-0.962
2025-12-05T06:38:27.195266,-2.830,-3.778,1.270,-0.966
2025-12-05T06:38:27.206999,-2.830,-3.778,1.270,-0.970
2025-12-05T06:38:27.221712,-2.830,-3.778,1.270,-0.973
2025-12-05T06:38:27.233106,-2.830,-3.778,1.270,-0.977
2025-12-05T06:38:27.253665,-2.830,-3.779,1.270,-0.980
2025-12-05T06:38:27.263669,-2.830,-3.779,1.270,-0.982
2025-12-05T06:38:27.277223,-2.830,-3.779,1.270,-0.985
2025-12-05T06:38:27.291503,-2.830,-3.779,1.270,-0.987
2025-12-05T06:38:27.306191,-2.830,-3.779,1.270,-0.989
2025-12-05T06:38:27.320298,-2.830,-3.780,1.270,-0.991
2025-12-05T06:38:27.335233,-2.830,-3.780,1.270,-0.993
2025-12-05T06:38:27.350830,-2.830,-3.780,1.270,-0.995
2025-12-05T06:38:27.369936,-2.830,-3.780,1.270,-0.996
2025-12-05T06:38:27.382511,-2.830,-3.780,1.270,-0.997
2025-12-05T06:38:27.398604,-2.830,-3.780,1.270,-0.998
2025-12-05T06:38:27.415544,-2.830,-3.780,1.270,-0.999
2025-12-05T06:38:27.433755,-2.830,-3.781,1.270,-1.000
2025-12-05T06:38:27.452154,-2.830,-3.781,1.270,-1.000
2025-12-05T06:38:27.468097,-2.830,-3.781,1.270,-1.000
2025-12-05T06:38:27.485092,-2.830,-3.781,1.270,1.000
2025-12-05T06:38:27.503552,-2.830,-3.781,1.270,1.000
2025-12-05T06:38:27.519016,-2.830,-3.781,1.270,0.999
2025-12-05T06:38:27.537343,-2.830,-3.781,1.270,0.998
2025-12-05T06:38:27.553901,-2.830,-3.781,1.270,0.997
2025-12-05T06:38:27.568615,-2.830,-3.781,1.270,0.996
2025-12-05T06:38:27.583686,-2.830,-3.782,1.270,0.995
2025-12-05T06:38:27.599320,-2.830,-3.782,1.270,0.994
2025-12-05T06:38:27.614694,-2.830,-3.782,1.270,0.992
2025-12-05T06:38:27.629875,-2.839,-3.780,1.270,0.992
2025-12-05T06:38:27.649006,-2.848,-3.777,1.270,0.992
2025-12-05T06:38:27.666045,-2.856,-3.775,1.270,0.992
2025-12-05T06:38:27.684615,-2.865,-3.773,1.270,0.992
2025-12-05T06:38:27.700960,-2.874,-3.771,1.270,0.992
2025-12-05T06:38:27.719532,-2.883,-3.769,1.270,0.992
2025-12-05T06:38:27.737909,-2.891,-3.766,1.270,0.992
2025-12-05T06:38:27.754197,-2.900,-3.764,1.270,0.992
2025-12-05T06:38:27.771128,-2.909,-3.762,1.270,0.992
2025-12-05T06:38:27.785127,-2.918,-3.760,1.270,0.992
2025-12-05T06:38:27.800674,-2.927,-3.757,1.270,0.992
2025-12-05T06:38:27.816654,-2.936,-3.755,1.270,0.992
2025-12-05T06:38:27.831559,-2.945,-3.753,1.270,0.992
2025-12-05T06:38:27.844262,-2.954,-3.750,1.270,0.992
2025-12-05T06:38:27.862299,-2.963,-3.748,1.270,0.992
2025-12-05T06:38:27.876078,-2.972,-3.746,1.270,0.992
2025-12-05T06:38:27.892427,-2.981,-3.743,1.270,0.992
2025-12-05T06:38:27.909051,-2.990,-3.741,1.270,0.992
2025-12-05T06:38:27.925719,-2.999,-3.739,1.270,0.992
2025-12-05T06:38:27.943458,-3.008,-3.737,1.270,0.992
2025-12-05T06:38:27.960043,-3.017,-3.734,1.270,0.992
2025-12-05T06:38:27.977591,-3.026,-3.732,1.270,0.992
2025-12-05T06:38:27.994223,-3.035,-3.730,1.270,0.992
2025-12-05T06:38:28.010450,-3.044,-3.727,1.270,0.992
2025-12-05T06:38:28.028270,-3.053,-3.725,1.270,0.992
2025-12-05T06:38:28.048092,-3.062,-3.722,1.270,0.992
2025-12-05T06:38:28.060509,-3.071,-3.720,1.270,0.992
2025-12-05T06:38:28.077019,-3.080,-3.718,1.270,0.992
2025-12-05T06:38:28.090908,-3.089,-3.715,1.270,0.992
2025-12-05T06:38:28.106645,-3.098,-3.713,1.270,0.992
2025-12-05T06:38:28.121231,-3.108,-3.711,1.270,0.992
2025-12-05T06:38:28.137123,-3.117,-3.708,1.270,0.992
2025-12-05T06:38:28.154485,-3.126,-3.706,1.270,0.992
2025-12-05T06:38:28.171265,-3.135,-3.704,1.270,0.992
2025-12-05T06:38:28.189930,-3.144,-3.701,1.270,0.992
2025-12-05T06:38:28.206765,-3.153,-3.699,1.270,0.992
2025-12-05T06:38:28.226579,-3.163,-3.696,1.270,0.992
2025-12-05T06:38:28.242643,-3.172,-3.694,1.270,0.992
2025-12-05T06:38:28.260767,-3.181,-3.692,1.270,0.992
2025-12-05T06:38:28.286210,-3.190,-3.690,1.270,0.992
2025-12-05T06:38:28.300558,-3.199,-3.688,1.270,0.992
2025-12-05T06:38:28.316418,-3.208,-3.686,1.270,0.992
2025-12-05T06:38:28.335587,-3.217,-3.683,1.270,0.992
2025-12-05T06:38:28.352041,-3.226,-3.681,1.270,0.992
2025-12-05T06:38:28.367871,-3.235,-3.679,1.270,0.992
2025-12-05T06:38:28.387110,-3.244,-3.677,1.270,0.992
2025-12-05T06:38:28.404590,-3.253,-3.676,1.270,0.992
2025-12-05T06:38:28.416126,-3.262,-3.674,1.270,0.992
2025-12-05T06:38:28.434766,-3.271,-3.672,1.270,0.992
2025-12-05T06:38:28.442973,-3.280,-3.670,1.270,0.992
2025-12-05T06:38:28.458216,-3.289,-3.669,1.270,0.992
2025-12-05T06:38:28.473899,-3.298,-3.667,1.270,0.992
2025-12-05T06:38:28.491265,-3.308,-3.666,1.270,0.992
2025-12-05T06:38:28.506806,-3.317,-3.664,1.270,0.992
2025-12-05T06:38:28.524476,-3.326,-3.663,1.270,0.992
2025-12-05T06:38:28.541720,-3.335,-3.662,1.270,0.992
2025-12-05T06:38:28.560321,-3.344,-3.661,1.270,0.992
2025-12-05T06:38:28.578577,-3.353,-3.660,1.270,0.992
2025-12-05T06:38:28.596445,-3.363,-3.659,1.270,0.992
2025-12-05T06:38:28.613575,-3.372,-3.658,1.270,0.992
2025-12-05T06:38:28.632089,-3.381,-3.658,1.270,0.992
2025-12-05T06:38:28.647476,-3.390,-3.657,1.270,0.992
2025-12-05T06:38:28.662518,-3.399,-3.656,1.270,0.992
2025-12-05T06:38:28.679708,-3.408,-3.656,1.270,0.992
2025-12-05T06:38:28.696766,-3.418,-3.656,1.270,0.992
2025-12-05T06:38:28.709101,-3.427,-3.656,1.270,0.992
2025-12-05T06:38:28.725808,-3.436,-3.655,1.270,0.992
2025-12-05T06:38:28.740317,-3.445,-3.655,1.270,0.992
2025-12-05T06:38:28.757286,-3.455,-3.655,1.270,0.992
2025-12-05T06:38:28.774281,-3.464,-3.655,1.270,0.992
2025-12-05T06:38:28.791888,-3.473,-3.656,1.270,0.992
2025-12-05T06:38:28.809758,-3.482,-3.656,1.270,0.992
2025-12-05T06:38:28.828950,-3.492,-3.656,1.270,0.992
2025-12-05T06:38:28.846793,-3.501,-3.657,1.270,0.992
2025-12-05T06:38:28.863473,-3.510,-3.657,1.270,0.992
2025-12-05T06:38:28.881017,-3.520,-3.657,1.270,0.992
2025-12-05T06:38:28.899969,-3.529,-3.658,1.270,0.992
2025-12-05T06:38:28.915696,-3.539,-3.658,1.270,0.992
2025-12-05T06:38:28.933146,-3.548,-3.659,1.270,0.992
2025-12-05T06:38:28.946979,-3.558,-3.659,1.270,0.992
2025-12-05T06:38:28.961019,-3.567,-3.659,1.270,0.992
2025-12-05T06:38:28.975560,-3.577,-3.660,1.270,0.992
2025-12-05T06:38:28.989289,-3.586,-3.660,1.270,0.992
2025-12-05T06:38:29.005231,-3.596,-3.660,1.270,0.992
2025-12-05T06:38:29.021168,-3.605,-3.660,1.270,0.992
2025-12-05T06:38:29.035367,-3.615,-3.660,1.270,0.992
2025-12-05T06:38:29.050898,-3.624,-3.660,1.270,0.992
2025-12-05T06:38:29.069551,-3.634,-3.659,1.270,0.992
2025-12-05T06:38:29.092429,-3.644,-3.659,1.270,0.992
2025-12-05T06:38:29.106112,-3.653,-3.659,1.270,0.992
2025-12-05T06:38:29.123916,-3.663,-3.658,1.270,0.992
2025-12-05T06:38:29.142122,-3.672,-3.658,1.270,0.992
2025-12-05T06:38:29.161869,-3.682,-3.657,1.270,0.992
2025-12-05T06:38:29.178684,-3.691,-3.656,1.270,0.992
2025-12-05T06:38:29.194068,-3.701,-3.656,1.270,0.992
2025-12-05T06:38:29.209176,-3.710,-3.655,1.270,0.992
2025-12-05T06:38:29.225221,-3.720,-3.654,1.270,0.992
2025-12-05T06:38:29.239931,-3.729,-3.653,1.270,0.992
2025-12-05T06:38:29.255894,-3.739,-3.652,1.270,0.992
2025-12-05T06:38:29.270235,-3.748,-3.651,1.270,0.992
2025-12-05T06:38:29.285572,-3.758,-3.650,1.270,0.992
2025-12-05T06:38:29.300050,-3.767,-3.649,1.270,0.992
2025-12-05T06:38:29.319801,-3.777,-3.648,1.270,0.992
2025-12-05T06:38:29.334084,-3.786,-3.647,1.270,0.992
2025-12-05T06:38:29.353031,-3.796,-3.646,1.270,0.992
2025-12-05T06:38:29.370030,-3.805,-3.644,1.270,0.992
2025-12-05T06:38:29.396090,-3.815,-3.643,1.270,0.992
2025-12-05T06:38:29.412687,-3.824,-3.642,1.270,0.992
2025-12-05T06:38:29.431687,-3.834,-3.640,1.270,0.992
2025-12-05T06:38:29.448874,-3.843,-3.639,1.270,0.992
2025-12-05T06:38:29.465789,-3.853,-3.637,1.270,0.992
2025-12-05T06:38:29.485030,-3.862,-3.636,1.270,0.992
2025-12-05T06:38:29.505035,-3.871,-3.634,1.270,0.992
2025-12-05T06:38:29.518770,-3.881,-3.633,1.270,0.992
2025-12-05T06:38:29.535934,-3.890,-3.631,1.270,0.992
2025-12-05T06:38:29.551372,-3.900,-3.630,1.270,0.992
2025-12-05T06:38:29.567825,-3.909,-3.628,1.270,0.992
2025-12-05T06:38:29.580398,-3.919,-3.626,1.270,0.992
2025-12-05T06:38:29.600399,-3.928,-3.624,1.270,0.992
2025-12-05T06:38:29.608537,-3.938,-3.623,1.270,0.992
2025-12-05T06:38:29.623068,-3.947,-3.621,1.270,0.992
2025-12-05T06:38:29.638915,-3.956,-3.619,1.270,0.992
2025-12-05T06:38:29.654105,-3.966,-3.617,1.270,0.992
2025-12-05T06:38:29.670426,-3.975,-3.616,1.270,0.992
2025-12-05T06:38:29.686830,-3.985,-3.614,1.270,0.992
2025-12-05T06:38:29.702041,-3.994,-3.612,1.270,0.992
2025-12-05T06:38:29.718763,-4.004,-3.610,1.270,0.992
2025-12-05T06:38:29.734587,-4.004,-3.610,1.270,0.990
2025-12-05T06:38:29.752239,-4.005,-3.611,1.270,0.988
2025-12-05T06:38:29.770321,-4.006,-3.611,1.270,0.985
2025-12-05T06:38:29.790031,-4.007,-3.611,1.270,0.983
2025-12-05T06:38:29.809176,-4.007,-3.612,1.270,0.980
2025-12-05T06:38:29.826856,-4.008,-3.612,1.270,0.977
2025-12-05T06:38:29.848905,-4.009,-3.612,1.270,0.974
2025-12-05T06:38:29.867692,-4.009,-3.613,1.270,0.970
2025-12-05T06:38:29.881639,-4.010,-3.613,1.270,0.967
2025-12-05T06:38:29.895624,-4.010,-3.613,1.270,0.963
2025-12-05T06:38:29.911109,-4.011,-3.613,1.270,0.959
2025-12-05T06:38:29.926771,-4.011,-3.614,1.270,0.955
2025-12-05T06:38:29.940099,-4.012,-3.614,1.270,0.951
2025-12-05T06:38:29.953555,-4.012,-3.614,1.270,0.946
2025-12-05T06:38:29.967200,-4.013,-3.614,1.270,0.941
2025-12-05T06:38:29.981562,-4.013,-3.615,1.270,0.936
2025-12-05T06:38:29.998038,-4.014,-3.615,1.270,0.931
2025-12-05T06:38:30.012878,-4.014,-3.615,1.270,0.926
2025-12-05T06:38:30.028497,-4.015,-3.615,1.270,0.920
2025-12-05T06:38:30.046054,-4.015,-3.615,1.270,0.915
2025-12-05T06:38:30.064522,-4.021,-3.609,1.270,0.915
2025-12-05T06:38:30.081938,-4.028,-3.602,1.270,0.915
2025-12-05T06:38:30.096942,-4.034,-3.596,1.270,0.915
2025-12-05T06:38:30.117543,-4.041,-3.589,1.270,0.915
2025-12-05T06:38:30.136339,-4.047,-3.583,1.270,0.915
2025-12-05T06:38:30.151313,-4.054,-3.576,1.270,0.915
2025-12-05T06:38:30.170184,-4.060,-3.570,1.270,0.915
2025-12-05T06:38:30.186442,-4.066,-3.563,1.270,0.915
2025-12-05T06:38:30.202744,-4.073,-3.557,1.270,0.915
2025-12-05T06:38:30.219222,-4.079,-3.550,1.270,0.915
2025-12-05T06:38:30.234644,-4.086,-3.543,1.270,0.915
2025-12-05T06:38:30.248899,-4.092,-3.537,1.270,0.915
2025-12-05T06:38:30.265196,-4.099,-3.530,1.270,0.915
2025-12-05T06:38:30.279953,-4.105,-3.523,1.270,0.915
2025-12-05T06:38:30.295500,-4.112,-3.516,1.270,0.915
2025-12-05T06:38:30.313017,-4.118,-3.510,1.270,0.915
2025-12-05T06:38:30.329333,-4.125,-3.503,1.270,0.915
2025-12-05T06:38:30.347244,-4.131,-3.496,1.270,0.915
2025-12-05T06:38:30.363217,-4.137,-3.489,1.270,0.915
2025-12-05T06:38:30.384199,-4.144,-3.482,1.270,0.915
2025-12-05T06:38:30.400266,-4.150,-3.476,1.270,0.915
2025-12-05T06:38:30.418554,-4.157,-3.469,1.270,0.915
2025-12-05T06:38:30.434241,-4.163,-3.462,1.270,0.915
2025-12-05T06:38:30.450705,-4.170,-3.455,1.270,0.915
2025-12-05T06:38:30.467276,-4.176,-3.448,1.270,0.915
2025-12-05T06:38:30.484256,-4.183,-3.441,1.270,0.915
2025-12-05T06:38:30.500775,-4.189,-3.435,1.270,0.915
2025-12-05T06:38:30.518153,-4.196,-3.428,1.270,0.915
2025-12-05T06:38:30.533792,-4.202,-3.421,1.270,0.915
2025-12-05T06:38:30.549777,-4.209,-3.414,1.270,0.915
2025-12-05T06:38:30.564145,-4.215,-3.407,1.270,0.915
2025-12-05T06:38:30.582010,-4.222,-3.400,1.270,0.915
2025-12-05T06:38:30.595676,-4.228,-3.393,1.270,0.915
2025-12-05T06:38:30.612591,-4.235,-3.386,1.270,0.915
2025-12-05T06:38:30.628807,-4.241,-3.379,1.270,0.915
2025-12-05T06:38:30.652556,-4.248,-3.372,1.270,0.915
2025-12-05T06:38:30.670290,-4.254,-3.365,1.270,0.915
2025-12-05T06:38:30.683643,-4.261,-3.358,1.270,0.915
2025-12-05T06:38:30.698383,-4.267,-3.351,1.270,0.915
2025-12-05T06:38:30.713541,-4.274,-3.344,1.270,0.915
2025-12-05T06:38:30.729589,-4.280,-3.337,1.270,0.915
2025-12-05T06:38:30.746180,-4.287,-3.330,1.270,0.915
2025-12-05T06:38:30.761833,-4.293,-3.323,1.270,0.915
2025-12-05T06:38:30.776782,-4.300,-3.316,1.270,0.915
2025-12-05T06:38:30.790881,-4.306,-3.309,1.270,0.915
2025-12-05T06:38:30.808223,-4.313,-3.302,1.270,0.915
2025-12-05T06:38:30.822296,-4.319,-3.295,1.270,0.915
2025-12-05T06:38:30.840501,-4.326,-3.288,1.270,0.915
2025-12-05T06:38:30.860871,-4.332,-3.281,1.270,0.915
2025-12-05T06:38:30.878707,-4.339,-3.274,1.270,0.915
2025-12-05T06:38:30.893544,-4.345,-3.267,1.270,0.915
2025-12-05T06:38:30.911389,-4.352,-3.260,1.270,0.915
2025-12-05T06:38:30.926805,-4.358,-3.253,1.270,0.915
2025-12-05T06:38:30.942784,-4.365,-3.246,1.270,0.915
2025-12-05T06:38:30.967588,-4.371,-3.239,1.270,0.915
2025-12-05T06:38:30.980790,-4.378,-3.232,1.270,0.915
2025-12-05T06:38:30.994831,-4.384,-3.224,1.270,0.915
2025-12-05T06:38:31.009537,-4.391,-3.217,1.270,0.915
2025-12-05T06:38:31.022589,-4.397,-3.210,1.270,0.915
2025-12-05T06:38:31.036396,-4.404,-3.203,1.270,0.915
2025-12-05T06:38:31.050097,-4.411,-3.196,1.270,0.915
2025-12-05T06:38:31.063283,-4.417,-3.189,1.270,0.915
2025-12-05T06:38:31.078493,-4.424,-3.182,1.270,0.915
2025-12-05T06:38:31.092725,-4.430,-3.175,1.270,0.915
2025-12-05T06:38:31.111031,-4.437,-3.168,1.270,0.915
2025-12-05T06:38:31.126871,-4.443,-3.161,1.270,0.915
2025-12-05T06:38:31.144992,-4.450,-3.153,1.270,0.915
2025-12-05T06:38:31.164945,-4.456,-3.146,1.270,0.915
2025-12-05T06:38:31.177542,-4.463,-3.139,1.270,0.915
2025-12-05T06:38:31.197878,-4.469,-3.132,1.270,0.915
2025-12-05T06:38:31.214631,-4.476,-3.125,1.270,0.915
2025-12-05T06:38:31.232130,-4.482,-3.118,1.270,0.915
2025-12-05T06:38:31.249490,-4.489,-3.111,1.270,0.915
2025-12-05T06:38:31.265111,-4.495,-3.104,1.270,0.915
2025-12-05T06:38:31.282440,-4.502,-3.096,1.270,0.915
2025-12-05T06:38:31.296792,-4.508,-3.089,1.270,0.915
2025-12-05T06:38:31.314454,-4.515,-3.082,1.270,0.915
2025-12-05T06:38:31.327515,-4.521,-3.075,1.270,0.915
2025-12-05T06:38:31.343695,-4.528,-3.068,1.270,0.915
2025-12-05T06:38:31.358809,-4.534,-3.061,1.270,0.915
2025-12-05T06:38:31.375342,-4.541,-3.054,1.270,0.915
2025-12-05T06:38:31.392092,-4.548,-3.046,1.270,0.915
2025-12-05T06:38:31.409219,-4.554,-3.039,1.270,0.915
2025-12-05T06:38:31.426723,-4.561,-3.032,1.270,0.915
2025-12-05T06:38:31.443905,-4.567,-3.025,1.270,0.915
2025-12-05T06:38:31.464614,-4.574,-3.018,1.270,0.915
2025-12-05T06:38:31.482562,-4.580,-3.011,1.270,0.915
2025-12-05T06:38:31.500207,-4.587,-3.004,1.270,0.915
2025-12-05T06:38:31.517798,-4.593,-2.996,1.270,0.915
2025-12-05T06:38:31.534200,-4.600,-2.989,1.270,0.915
2025-12-05T06:38:31.551546,-4.606,-2.982,1.270,0.915
2025-12-05T06:38:31.566646,-4.613,-2.975,1.270,0.915
2025-12-05T06:38:31.581158,-4.619,-2.968,1.270,0.915
2025-12-05T06:38:31.595740,-4.626,-2.961,1.270,0.915
2025-12-05T06:38:31.611664,-4.632,-2.954,1.270,0.915
2025-12-05T06:38:31.625449,-4.639,-2.946,1.270,0.915
2025-12-05T06:38:31.640142,-4.645,-2.939,1.270,0.915
2025-12-05T06:38:31.657855,-4.652,-2.932,1.270,0.915
2025-12-05T06:38:31.672409,-4.659,-2.925,1.270,0.915
2025-12-05T06:38:31.691705,-4.665,-2.918,1.270,0.915
2025-12-05T06:38:31.708620,-4.672,-2.911,1.270,0.915
2025-12-05T06:38:31.726626,-4.678,-2.903,1.270,0.915
2025-12-05T06:38:31.743688,-4.685,-2.896,1.270,0.915
2025-12-05T06:38:31.761815,-4.691,-2.889,1.270,0.915
2025-12-05T06:38:31.781188,-4.698,-2.882,1.270,0.915
2025-12-05T06:38:31.796284,-4.704,-2.875,1.270,0.915
2025-12-05T06:38:31.815038,-4.711,-2.868,1.270,0.915
2025-12-05T06:38:31.827812,-4.717,-2.860,1.270,0.915
2025-12-05T06:38:31.841213,-4.724,-2.853,1.270,0.915
2025-12-05T06:38:31.857684,-4.730,-2.846,1.270,0.915
2025-12-05T06:38:31.877106,-4.737,-2.839,1.270,0.915
2025-12-05T06:38:31.890056,-4.743,-2.832,1.270,0.915
2025-12-05T06:38:31.903770,-4.750,-2.825,1.270,0.915
2025-12-05T06:38:31.920245,-4.757,-2.817,1.270,0.915
2025-12-05T06:38:31.935297,-4.763,-2.810,1.270,0.915
2025-12-05T06:38:31.951368,-4.770,-2.803,1.270,0.915
2025-12-05T06:38:31.969238,-4.776,-2.796,1.270,0.915
2025-12-05T06:38:31.987440,-4.783,-2.789,1.270,0.915
2025-12-05T06:38:32.004584,-4.789,-2.781,1.270,0.915
2025-12-05T06:38:32.022563,-4.796,-2.774,1.270,0.915
2025-12-05T06:38:32.039402,-4.802,-2.767,1.270,0.915
2025-12-05T06:38:32.057155,-4.809,-2.760,1.270,0.915
2025-12-05T06:38:32.075315,-4.815,-2.753,1.270,0.915
2025-12-05T06:38:32.091172,-4.822,-2.746,1.270,0.915
2025-12-05T06:38:32.106766,-4.828,-2.738,1.270,0.915
2025-12-05T06:38:32.123296,-4.835,-2.731,1.270,0.915
2025-12-05T06:38:32.137249,-4.841,-2.724,1.270,0.915
2025-12-05T06:38:32.152507,-4.848,-2.717,1.270,0.915
2025-12-05T06:38:32.167580,-4.855,-2.710,1.270,0.915
2025-12-05T06:38:32.186487,-4.861,-2.703,1.270,0.915
2025-12-05T06:38:32.203106,-4.868,-2.695,1.270,0.915
2025-12-05T06:38:32.219511,-4.874,-2.688,1.270,0.915
2025-12-05T06:38:32.236066,-4.881,-2.681,1.270,0.915
2025-12-05T06:38:32.254380,-4.887,-2.674,1.270,0.915
2025-12-05T06:38:32.271242,-4.894,-2.667,1.270,0.915
2025-12-05T06:38:32.289672,-4.900,-2.659,1.270,0.915
2025-12-05T06:38:32.306819,-4.907,-2.652,1.270,0.915
2025-12-05T06:38:32.332760,-4.913,-2.645,1.270,0.915
2025-12-05T06:38:32.353326,-4.920,-2.638,1.270,0.915
2025-12-05T06:38:32.368843,-4.926,-2.631,1.270,0.915
2025-12-05T06:38:32.382534,-4.933,-2.624,1.270,0.915
2025-12-05T06:38:32.396989,-4.940,-2.616,1.270,0.915
2025-12-05T06:38:32.410055,-4.946,-2.609,1.270,0.915
2025-12-05T06:38:32.425102,-4.953,-2.602,1.270,0.915
2025-12-05T06:38:32.436755,-4.959,-2.595,1.270,0.915
2025-12-05T06:38:32.450217,-4.966,-2.588,1.270,0.915
2025-12-05T06:38:32.462680,-4.972,-2.580,1.270,0.915
2025-12-05T06:38:32.478167,-4.979,-2.573,1.270,0.915
2025-12-05T06:38:32.495301,-4.985,-2.566,1.270,0.915
2025-12-05T06:38:32.511147,-4.992,-2.559,1.270,0.915
2025-12-05T06:38:32.526490,-4.998,-2.552,1.270,0.915
2025-12-05T06:38:32.543832,-5.005,-2.544,1.270,0.915
2025-12-05T06:38:32.559933,-5.011,-2.537,1.270,0.915
2025-12-05T06:38:32.578665,-5.018,-2.530,1.270,0.915
2025-12-05T06:38:32.602369,-5.024,-2.523,1.270,0.915
2025-12-05T06:38:32.613531,-5.031,-2.516,1.270,0.915
2025-12-05T06:38:32.632088,-5.038,-2.509,1.270,0.915
2025-12-05T06:38:32.647346,-5.044,-2.501,1.270,0.915
2025-12-05T06:38:32.661482,-5.051,-2.494,1.270,0.915
2025-12-05T06:38:32.678919,-5.057,-2.487,1.270,0.915
2025-12-05T06:38:32.693479,-5.064,-2.480,1.270,0.915
2025-12-05T06:38:32.707898,-5.070,-2.473,1.270,0.915
2025-12-05T06:38:32.722760,-5.077,-2.465,1.270,0.915
2025-12-05T06:38:32.739888,-5.083,-2.458,1.270,0.915
2025-12-05T06:38:32.754344,-5.090,-2.451,1.270,0.915
2025-12-05T06:38:32.773901,-5.096,-2.444,1.270,0.915
2025-12-05T06:38:32.789863,-5.103,-2.437,1.270,0.915
2025-12-05T06:38:32.807642,-5.109,-2.430,1.270,0.915
2025-12-05T06:38:32.825088,-5.116,-2.422,1.270,0.915
2025-12-05T06:38:32.843047,-5.122,-2.415,1.270,0.915
2025-12-05T06:38:32.860239,-5.129,-2.408,1.270,0.915
2025-12-05T06:38:32.896678,-5.136,-2.401,1.270,0.915
2025-12-05T06:38:32.908340,-5.142,-2.394,1.270,0.915
2025-12-05T06:38:32.925108,-5.149,-2.386,1.270,0.915
2025-12-05T06:38:32.939589,-5.155,-2.379,1.270,0.915
2025-12-05T06:38:32.956498,-5.162,-2.372,1.270,0.915
2025-12-05T06:38:32.969701,-5.168,-2.365,1.270,0.915
2025-12-05T06:38:32.987718,-5.175,-2.358,1.270,0.915
2025-12-05T06:38:33.001127,-5.181,-2.350,1.270,0.915
2025-12-05T06:38:33.015347,-5.188,-2.343,1.270,0.915
2025-12-05T06:38:33.028883,-5.194,-2.336,1.270,0.915
2025-12-05T06:38:33.043678,-5.201,-2.329,1.270,0.915
2025-12-05T06:38:33.057827,-5.207,-2.322,1.270,0.915
2025-12-05T06:38:33.076675,-5.214,-2.315,1.270,0.915
2025-12-05T06:38:33.090157,-5.221,-2.307,1.270,0.915
2025-12-05T06:38:33.106486,-5.227,-2.300,1.270,0.915
2025-12-05T06:38:33.126116,-5.234,-2.293,1.270,0.915
2025-12-05T06:38:33.143379,-5.240,-2.286,1.270,0.915
2025-12-05T06:38:33.165071,-5.247,-2.279,1.270,0.915
2025-12-05T06:38:33.180251,-5.253,-2.271,1.270,0.915
2025-12-05T06:38:33.195045,-5.260,-2.264,1.270,0.915
2025-12-05T06:38:33.209630,-5.266,-2.257,1.270,0.915
2025-12-05T06:38:33.227393,-5.273,-2.250,1.270,0.915
2025-12-05T06:38:33.248414,-5.279,-2.243,1.270,0.915
2025-12-05T06:38:33.261986,-5.286,-2.235,1.270,0.915
2025-12-05T06:38:33.276259,-5.292,-2.228,1.270,0.915
2025-12-05T06:38:33.291171,-5.299,-2.221,1.270,0.915
2025-12-05T06:38:33.306716,-5.305,-2.214,1.270,0.915
2025-12-05T06:38:33.321600,-5.312,-2.207,1.270,0.915
2025-12-05T06:38:33.337775,-5.319,-2.200,1.270,0.915
2025-12-05T06:38:33.353438,-5.325,-2.192,1.270,0.915
2025-12-05T06:38:33.369710,-5.332,-2.185,1.270,0.915
2025-12-05T06:38:33.386486,-5.338,-2.178,1.270,0.915
2025-12-05T06:38:33.403523,-5.345,-2.171,1.270,0.915
2025-12-05T06:38:33.422174,-5.351,-2.164,1.270,0.915
2025-12-05T06:38:33.439110,-5.358,-2.156,1.270,0.915
2025-12-05T06:38:33.457609,-5.364,-2.149,1.270,0.915
2025-12-05T06:38:33.476188,-5.371,-2.142,1.270,0.915
2025-12-05T06:38:33.490493,-5.377,-2.135,1.270,0.915
2025-12-05T06:38:33.508501,-5.384,-2.128,1.270,0.915
2025-12-05T06:38:33.523421,-5.390,-2.121,1.270,0.915
2025-12-05T06:38:33.538875,-5.397,-2.113,1.270,0.915
2025-12-05T06:38:33.552999,-5.404,-2.106,1.270,0.915
2025-12-05T06:38:33.567823,-5.410,-2.099,1.270,0.915
2025-12-05T06:38:33.583431,-5.417,-2.092,1.270,0.915
2025-12-05T06:38:33.598823,-5.423,-2.085,1.270,0.915
2025-12-05T06:38:33.615013,-5.430,-2.077,1.270,0.915
2025-12-05T06:38:33.631442,-5.436,-2.070,1.270,0.915
2025-12-05T06:38:33.648318,-5.443,-2.063,1.270,0.915
2025-12-05T06:38:33.666762,-5.449,-2.056,1.270,0.915
2025-12-05T06:38:33.684148,-5.456,-2.049,1.270,0.915
2025-12-05T06:38:33.704319,-5.462,-2.041,1.270,0.915
2025-12-05T06:38:33.721823,-5.469,-2.034,1.270,0.915
2025-12-05T06:38:33.739299,-5.475,-2.027,1.270,0.915
2025-12-05T06:38:33.756586,-5.482,-2.020,1.270,0.915
2025-12-05T06:38:33.773629,-5.488,-2.013,1.270,0.915
2025-12-05T06:38:33.788957,-5.495,-2.005,1.270,0.915
2025-12-05T06:38:33.805192,-5.502,-1.998,1.270,0.915
2025-12-05T06:38:33.820619,-5.508,-1.991,1.270,0.915
2025-12-05T06:38:33.837551,-5.515,-1.984,1.270,0.915
2025-12-05T06:38:33.857280,-5.521,-1.977,1.270,0.915
2025-12-05T06:38:33.874759,-5.528,-1.970,1.270,0.915
2025-12-05T06:38:33.889388,-5.534,-1.962,1.270,0.915
2025-12-05T06:38:33.900028,-5.541,-1.955,1.270,0.915
2025-12-05T06:38:33.915124,-5.547,-1.948,1.270,0.915
2025-12-05T06:38:33.929519,-5.554,-1.941,1.270,0.915
2025-12-05T06:38:33.944737,-5.560,-1.934,1.270,0.915
2025-12-05T06:38:33.959727,-5.567,-1.926,1.270,0.915
2025-12-05T06:38:33.976504,-5.573,-1.919,1.270,0.915
2025-12-05T06:38:33.992554,-5.580,-1.912,1.270,0.915
2025-12-05T06:38:34.010650,-5.587,-1.905,1.270,0.915
2025-12-05T06:38:34.028759,-5.593,-1.898,1.270,0.915
2025-12-05T06:38:34.055406,-5.600,-1.890,1.270,0.915
2025-12-05T06:38:34.072022,-5.606,-1.883,1.270,0.915
2025-12-05T06:38:34.089674,-5.613,-1.876,1.270,0.915
2025-12-05T06:38:34.106300,-5.619,-1.869,1.270,0.915
2025-12-05T06:38:34.124581,-5.626,-1.862,1.270,0.915
2025-12-05T06:38:34.137968,-5.632,-1.855,1.270,0.915
2025-12-05T06:38:34.154836,-5.633,-1.854,1.270,0.909
2025-12-05T06:38:34.166508,-5.633,-1.853,1.270,0.903
2025-12-05T06:38:34.181192,-5.634,-1.853,1.270,0.896
2025-12-05T06:38:34.195389,-5.634,-1.852,1.270,0.890
2025-12-05T06:38:34.210470,-5.635,-1.852,1.270,0.883
2025-12-05T06:38:34.227813,-5.635,-1.851,1.270,0.876
2025-12-05T06:38:34.240915,-5.635,-1.851,1.270,0.869
2025-12-05T06:38:34.258984,-5.636,-1.851,1.270,0.862
2025-12-05T06:38:34.278370,-5.636,-1.850,1.270,0.855
2025-12-05T06:38:34.295401,-5.637,-1.850,1.270,0.847
2025-12-05T06:38:34.312005,-5.637,-1.849,1.270,0.839
2025-12-05T06:38:34.329375,-5.637,-1.849,1.270,0.831
2025-12-05T06:38:34.345723,-5.638,-1.849,1.270,0.823
2025-12-05T06:38:34.364460,-5.638,-1.848,1.270,0.815
2025-12-05T06:38:34.384434,-5.638,-1.848,1.270,0.807
2025-12-05T06:38:34.410943,-5.639,-1.848,1.270,0.798
2025-12-05T06:38:34.438272,-5.639,-1.847,1.270,0.789
2025-12-05T06:38:34.464936,-5.639,-1.847,1.270,0.780
2025-12-05T06:38:34.483778,-5.639,-1.847,1.270,0.771
2025-12-05T06:38:34.496888,-5.640,-1.846,1.270,0.762
2025-12-05T06:38:34.514157,-5.640,-1.846,1.270,0.753
2025-12-05T06:38:34.527707,-5.640,-1.846,1.270,0.743
2025-12-05T06:38:34.542960,-5.640,-1.846,1.270,0.733
2025-12-05T06:38:34.559346,-5.641,-1.845,1.270,0.723
2025-12-05T06:38:34.578171,-5.641,-1.845,1.270,0.713
2025-12-05T06:38:34.587201,-5.641,-1.845,1.270,0.703
2025-12-05T06:38:34.602357,-5.641,-1.845,1.270,0.693
2025-12-05T06:38:34.626739,-5.642,-1.844,1.270,0.682
2025-12-05T06:38:34.635877,-5.642,-1.844,1.270,0.672
2025-12-05T06:38:34.648976,-5.642,-1.844,1.270,0.661
2025-12-05T06:38:34.663401,-5.642,-1.844,1.270,0.650
2025-12-05T06:38:34.677665,-5.642,-1.844,1.270,0.639
2025-12-05T06:38:34.692668,-5.642,-1.843,1.270,0.628
2025-12-05T06:38:34.709006,-5.643,-1.843,1.270,0.617
2025-12-05T06:38:34.725342,-5.643,-1.843,1.270,0.605
2025-12-05T06:38:34.741295,-5.643,-1.843,1.270,0.594
2025-12-05T06:38:34.760077,-5.643,-1.843,1.270,0.582
2025-12-05T06:38:34.778209,-5.643,-1.843,1.270,0.571
2025-12-05T06:38:34.794956,-5.643,-1.842,1.270,0.559
2025-12-05T06:38:34.814255,-5.643,-1.842,1.270,0.547
2025-12-05T06:38:34.831872,-5.644,-1.842,1.270,0.535
2025-12-05T06:38:34.848434,-5.644,-1.842,1.270,0.522
2025-12-05T06:38:34.866264,-5.644,-1.842,1.270,0.510
2025-12-05T06:38:34.881017,-5.644,-1.842,1.270,0.498
2025-12-05T06:38:34.896445,-5.644,-1.842,1.270,0.485
2025-12-05T06:38:34.910554,-5.644,-1.841,1.270,0.472
2025-12-05T06:38:34.927975,-5.644,-1.841,1.270,0.460
2025-12-05T06:38:34.942642,-5.644,-1.841,1.270,0.447
2025-12-05T06:38:34.965308,-5.644,-1.841,1.270,0.434
2025-12-05T06:38:34.978434,-5.645,-1.841,1.270,0.421
2025-12-05T06:38:34.996721,-5.645,-1.841,1.270,0.408
2025-12-05T06:38:35.011788,-5.645,-1.841,1.270,0.395
2025-12-05T06:38:35.027667,-5.645,-1.841,1.270,0.381
2025-12-05T06:38:35.045781,-5.645,-1.841,1.270,0.368
2025-12-05T06:38:35.059043,-5.645,-1.841,1.270,0.354
2025-12-05T06:38:35.077575,-5.645,-1.840,1.270,0.341
2025-12-05T06:38:35.094674,-5.645,-1.840,1.270,0.327
2025-12-05T06:38:35.109398,-5.645,-1.840,1.270,0.314
2025-12-05T06:38:35.128123,-5.645,-1.840,1.270,0.300
2025-12-05T06:38:35.144599,-5.645,-1.840,1.270,0.286
2025-12-05T06:38:35.161874,-5.645,-1.840,1.270,0.272
2025-12-05T06:38:35.181736,-5.645,-1.840,1.270,0.259
2025-12-05T06:38:35.198227,-5.646,-1.840,1.270,0.245
2025-12-05T06:38:35.213664,-5.646,-1.840,1.270,0.231
2025-12-05T06:38:35.232669,-5.646,-1.840,1.270,0.217
2025-12-05T06:38:35.247888,-5.646,-1.840,1.270,0.203
2025-12-05T06:38:35.271949,-5.646,-1.840,1.270,0.188
2025-12-05T06:38:35.284382,-5.646,-1.840,1.270,0.174
2025-12-05T06:38:35.300438,-5.646,-1.840,1.270,0.160
2025-12-05T06:38:35.311440,-5.646,-1.840,1.270,0.146
2025-12-05T06:38:35.323944,-5.646,-1.840,1.270,0.132
2025-12-05T06:38:35.337347,-5.646,-1.839,1.270,0.117
2025-12-05T06:38:35.350619,-5.646,-1.839,1.270,0.103
2025-12-05T06:38:35.365629,-5.646,-1.839,1.270,0.089
2025-12-05T06:38:35.380063,-5.646,-1.839,1.270,0.074
2025-12-05T06:38:35.396583,-5.646,-1.839,1.270,0.060
2025-12-05T06:38:35.411694,-5.646,-1.839,1.270,0.046
2025-12-05T06:38:35.428844,-5.646,-1.839,1.270,0.031
2025-12-05T06:38:35.445416,-5.646,-1.839,1.270,0.017
2025-12-05T06:38:35.463254,-5.646,-1.839,1.270,0.002
2025-12-05T06:38:35.481744,-5.646,-1.839,1.270,-0.012
2025-12-05T06:38:35.499377,-5.646,-1.839,1.270,-0.026
2025-12-05T06:38:35.516861,-5.646,-1.839,1.270,-0.041
2025-12-05T06:38:35.533826,-5.646,-1.839,1.270,-0.055
2025-12-05T06:38:35.550757,-5.646,-1.839,1.270,-0.070
2025-12-05T06:38:35.569291,-5.646,-1.839,1.270,-0.084
2025-12-05T06:38:35.583389,-5.646,-1.839,1.270,-0.098
2025-12-05T06:38:35.603995,-5.647,-1.839,1.270,-0.113
2025-12-05T06:38:35.618789,-5.647,-1.839,1.270,-0.127
2025-12-05T06:38:35.632888,-5.647,-1.839,1.270,-0.141
2025-12-05T06:38:35.650023,-5.647,-1.839,1.270,-0.155
2025-12-05T06:38:35.663271,-5.647,-1.839,1.270,-0.170
2025-12-05T06:38:35.677897,-5.647,-1.839,1.270,-0.184
2025-12-05T06:38:35.694492,-5.647,-1.839,1.270,-0.198
2025-12-05T06:38:35.711142,-5.647,-1.839,1.270,-0.212
2025-12-05T06:38:35.729989,-5.647,-1.839,1.270,-0.226
2025-12-05T06:38:35.746168,-5.647,-1.839,1.270,-0.240
2025-12-05T06:38:35.765590,-5.647,-1.839,1.270,-0.254
2025-12-05T06:38:35.782571,-5.647,-1.839,1.270,-0.268
2025-12-05T06:38:35.801294,-5.647,-1.839,1.270,-0.282
2025-12-05T06:38:35.818135,-5.647,-1.839,1.270,-0.296
2025-12-05T06:38:35.837169,-5.647,-1.839,1.270,-0.309
2025-12-05T06:38:35.853100,-5.647,-1.839,1.270,-0.323
2025-12-05T06:38:35.871417,-5.647,-1.839,1.270,-0.337
2025-12-05T06:38:35.886079,-5.647,-1.839,1.270,-0.350
2025-12-05T06:38:35.901462,-5.647,-1.839,1.270,-0.364
2025-12-05T06:38:35.915272,-5.647,-1.839,1.270,-0.377
2025-12-05T06:38:35.930412,-5.647,-1.839,1.270,-0.390
2025-12-05T06:38:35.944268,-5.647,-1.838,1.270,-0.403
2025-12-05T06:38:35.960729,-5.647,-1.838,1.270,-0.417
2025-12-05T06:38:35.974601,-5.647,-1.838,1.270,-0.430
2025-12-05T06:38:35.991775,-5.647,-1.838,1.270,-0.443
2025-12-05T06:38:36.008659,-5.647,-1.838,1.270,-0.455
2025-12-05T06:38:36.028614,-5.647,-1.838,1.270,-0.468
2025-12-05T06:38:36.045057,-5.647,-1.838,1.270,-0.481
2025-12-05T06:38:36.062627,-5.647,-1.838,1.270,-0.493
2025-12-05T06:38:36.080210,-5.647,-1.838,1.270,-0.506
2025-12-05T06:38:36.102134,-5.647,-1.838,1.270,-0.518
2025-12-05T06:38:36.116007,-5.647,-1.838,1.270,-0.531
2025-12-05T06:38:36.134097,-5.647,-1.838,1.270,-0.543
2025-12-05T06:38:36.152568,-5.647,-1.838,1.270,-0.555
2025-12-05T06:38:36.171327,-5.647,-1.838,1.270,-0.567
2025-12-05T06:38:36.195255,-5.647,-1.838,1.270,-0.578
2025-12-05T06:38:36.209858,-5.647,-1.838,1.270,-0.590
2025-12-05T06:38:36.224925,-5.647,-1.838,1.270,-0.602
2025-12-05T06:38:36.240313,-5.647,-1.838,1.270,-0.613
2025-12-05T06:38:36.253978,-5.647,-1.838,1.270,-0.624
2025-12-05T06:38:36.267163,-5.647,-1.838,1.270,-0.636
2025-12-05T06:38:36.280945,-5.647,-1.838,1.270,-0.647
2025-12-05T06:38:36.295718,-5.647,-1.838,1.270,-0.658
2025-12-05T06:38:36.311066,-5.647,-1.838,1.270,-0.668
2025-12-05T06:38:36.326967,-5.647,-1.838,1.270,-0.679
2025-12-05T06:38:36.341010,-5.647,-1.838,1.270,-0.690
2025-12-05T06:38:36.363547,-5.647,-1.838,1.270,-0.700
2025-12-05T06:38:36.377530,-5.647,-1.838,1.270,-0.710
2025-12-05T06:38:36.393539,-5.647,-1.838,1.270,-0.720
2025-12-05T06:38:36.411016,-5.647,-1.838,1.270,-0.730
2025-12-05T06:38:36.429262,-5.647,-1.838,1.270,-0.740
2025-12-05T06:38:36.445671,-5.647,-1.838,1.270,-0.749
2025-12-05T06:38:36.462864,-5.647,-1.838,1.270,-0.759
2025-12-05T06:38:36.479047,-5.647,-1.838,1.270,-0.768
2025-12-05T06:38:36.494752,-5.647,-1.838,1.270,-0.777
2025-12-05T06:38:36.509832,-5.647,-1.838,1.270,-0.786
2025-12-05T06:38:36.525115,-5.647,-1.838,1.270,-0.795
2025-12-05T06:38:36.541256,-5.647,-1.838,1.270,-0.804
2025-12-05T06:38:36.557205,-5.647,-1.838,1.270,-0.812
2025-12-05T06:38:36.573756,-5.647,-1.838,1.270,-0.821
2025-12-05T06:38:36.591488,-5.647,-1.838,1.270,-0.829
2025-12-05T06:38:36.608848,-5.647,-1.838,1.270,-0.837
2025-12-05T06:38:36.627620,-5.647,-1.838,1.270,-0.845
2025-12-05T06:38:36.645338,-5.647,-1.838,1.270,-0.852
2025-12-05T06:38:36.664056,-5.647,-1.838,1.270,-0.860
2025-12-05T06:38:36.682672,-5.647,-1.838,1.270,-0.867
2025-12-05T06:38:36.696760,-5.647,-1.838,1.270,-0.874
2025-12-05T06:38:36.714593,-5.647,-1.838,1.270,-0.881
2025-12-05T06:38:36.728895,-5.647,-1.838,1.270,-0.888
2025-12-05T06:38:36.743619,-5.647,-1.838,1.270,-0.894
2025-12-05T06:38:36.760345,-5.647,-1.838,1.270,-0.900
2025-12-05T06:38:36.775705,-5.647,-1.838,1.270,-0.907
2025-12-05T06:38:36.792057,-5.647,-1.838,1.270,-0.913
2025-12-05T06:38:36.810860,-5.647,-1.838,1.270,-0.918
2025-12-05T06:38:36.825540,-5.647,-1.838,1.270,-0.924
2025-12-05T06:38:36.840554,-5.647,-1.838,1.270,-0.929
2025-12-05T06:38:36.856106,-5.647,-1.838,1.270,-0.935
2025-12-05T06:38:36.872444,-5.647,-1.838,1.270,-0.940
2025-12-05T06:38:36.890631,-5.647,-1.838,1.270,-0.944
2025-12-05T06:38:36.906840,-5.647,-1.838,1.270,-0.949
2025-12-05T06:38:36.924560,-5.647,-1.838,1.270,-0.954
2025-12-05T06:38:36.941987,-5.647,-1.838,1.270,-0.958
2025-12-05T06:38:36.959999,-5.647,-1.838,1.270,-0.962
2025-12-05T06:38:36.977430,-5.647,-1.838,1.270,-0.966
2025-12-05T06:38:36.994759,-5.647,-1.838,1.270,-0.969
2025-12-05T06:38:37.012165,-5.647,-1.838,1.270,-0.973
2025-12-05T06:38:37.029131,-5.647,-1.838,1.270,-0.976
2025-12-05T06:38:37.045141,-5.647,-1.838,1.270,-0.979
2025-12-05T06:38:37.060817,-5.647,-1.838,1.270,-0.982
2025-12-05T06:38:37.076934,-5.647,-1.838,1.270,-0.984
2025-12-05T06:38:37.092641,-5.647,-1.838,1.270,-0.987
2025-12-05T06:38:37.114471,-5.647,-1.838,1.270,-0.989
2025-12-05T06:38:37.128771,-5.647,-1.838,1.270,-0.991
2025-12-05T06:38:37.143226,-5.647,-1.838,1.270,-0.993
2025-12-05T06:38:37.159596,-5.647,-1.838,1.270,-0.995
2025-12-05T06:38:37.174477,-5.647,-1.838,1.270,-0.996
2025-12-05T06:38:37.190661,-5.647,-1.838,1.270,-0.997
2025-12-05T06:38:37.207422,-5.647,-1.838,1.270,-0.998
2025-12-05T06:38:37.223801,-5.647,-1.838,1.270,-0.999
2025-12-05T06:38:37.241361,-5.647,-1.838,1.270,-0.999
2025-12-05T06:38:37.260538,-5.647,-1.838,1.270,-1.000
2025-12-05T06:38:37.287294,-5.647,-1.838,1.270,-1.000
2025-12-05T06:38:37.302883,-5.647,-1.838,1.270,1.000
2025-12-05T06:38:37.319401,-5.647,-1.838,1.270,1.000
2025-12-05T06:38:37.335808,-5.647,-1.838,1.270,0.999
2025-12-05T06:38:37.353221,-5.647,-1.838,1.270,0.999
2025-12-05T06:38:37.370622,-5.647,-1.838,1.270,0.998
2025-12-05T06:38:37.384060,-5.647,-1.838,1.270,0.997
2025-12-05T06:38:37.396691,-5.647,-1.838,1.270,0.995
2025-12-05T06:38:37.411243,-5.647,-1.838,1.270,0.994
2025-12-05T06:38:37.427356,-5.647,-1.838,1.270,0.992
2025-12-05T06:38:37.438726,-5.647,-1.838,1.270,0.990
2025-12-05T06:38:37.451098,-5.647,-1.838,1.270,0.988
2025-12-05T06:38:37.466593,-5.647,-1.838,1.270,0.986
2025-12-05T06:38:37.482010,-5.647,-1.838,1.270,0.983
2025-12-05T06:38:37.498995,-5.647,-1.838,1.270,0.980
2025-12-05T06:38:37.514331,-5.647,-1.838,1.270,0.978
2025-12-05T06:38:37.532301,-5.647,-1.838,1.270,0.974
2025-12-05T06:38:37.548405,-5.655,-1.834,1.270,0.974
2025-12-05T06:38:37.566785,-5.663,-1.830,1.270,0.974
2025-12-05T06:38:37.584980,-5.671,-1.826,1.270,0.974
2025-12-05T06:38:37.603374,-5.680,-1.822,1.270,0.974
2025-12-05T06:38:37.620435,-5.688,-1.818,1.270,0.974
2025-12-05T06:38:37.638058,-5.696,-1.814,1.270,0.974
2025-12-05T06:38:37.657366,-5.704,-1.810,1.270,0.974
2025-12-05T06:38:37.673257,-5.712,-1.806,1.270,0.974
2025-12-05T06:38:37.689425,-5.720,-1.802,1.270,0.974
2025-12-05T06:38:37.704130,-5.729,-1.798,1.270,0.974
2025-12-05T06:38:37.726152,-5.737,-1.794,1.270,0.974
2025-12-05T06:38:37.739692,-5.745,-1.790,1.270,0.974
2025-12-05T06:38:37.755477,-5.753,-1.786,1.270,0.974
2025-12-05T06:38:37.768235,-5.762,-1.782,1.270,0.974
2025-12-05T06:38:37.782828,-5.770,-1.778,1.270,0.974
2025-12-05T06:38:37.797319,-5.778,-1.774,1.270,0.974
2025-12-05T06:38:37.811050,-5.787,-1.770,1.270,0.974
2025-12-05T06:38:37.827880,-5.795,-1.766,1.270,0.974
2025-12-05T06:38:37.844133,-5.803,-1.762,1.270,0.974
2025-12-05T06:38:37.859403,-5.812,-1.758,1.270,0.974
2025-12-05T06:38:37.876414,-5.820,-1.754,1.270,0.974
2025-12-05T06:38:37.893879,-5.829,-1.750,1.270,0.974
2025-12-05T06:38:37.912207,-5.837,-1.746,1.270,0.974
2025-12-05T06:38:37.930965,-5.846,-1.741,1.270,0.974
2025-12-05T06:38:37.948464,-5.854,-1.737,1.270,0.974
2025-12-05T06:38:37.964962,-5.862,-1.733,1.270,0.974
2025-12-05T06:38:37.981675,-5.871,-1.729,1.270,0.974
2025-12-05T06:38:37.995875,-5.879,-1.725,1.270,0.974
2025-12-05T06:38:38.013195,-5.888,-1.721,1.270,0.974
2025-12-05T06:38:38.027431,-5.896,-1.717,1.270,0.974
2025-12-05T06:38:38.040933,-5.905,-1.713,1.270,0.974
2025-12-05T06:38:38.056394,-5.913,-1.708,1.270,0.974
2025-12-05T06:38:38.073598,-5.922,-1.704,1.270,0.974
2025-12-05T06:38:38.089924,-5.930,-1.700,1.270,0.974
2025-12-05T06:38:38.107217,-5.939,-1.696,1.270,0.974
2025-12-05T06:38:38.124734,-5.947,-1.692,1.270,0.974
2025-12-05T06:38:38.141874,-5.956,-1.688,1.270,0.974
2025-12-05T06:38:38.161068,-5.964,-1.683,1.270,0.974
2025-12-05T06:38:38.179351,-5.973,-1.679,1.270,0.974
2025-12-05T06:38:38.198316,-5.982,-1.675,1.270,0.974
2025-12-05T06:38:38.218706,-5.990,-1.671,1.270,0.974
2025-12-05T06:38:38.231532,-5.999,-1.667,1.270,0.974
2025-12-05T06:38:38.248318,-6.007,-1.663,1.270,0.974
2025-12-05T06:38:38.263008,-6.016,-1.658,1.270,0.974
2025-12-05T06:38:38.277833,-6.024,-1.654,1.270,0.974
2025-12-05T06:38:38.293569,-6.033,-1.650,1.270,0.974
2025-12-05T06:38:38.307226,-6.042,-1.646,1.270,0.974
2025-12-05T06:38:38.325185,-6.050,-1.642,1.270,0.974
2025-12-05T06:38:38.346753,-6.059,-1.637,1.270,0.974
2025-12-05T06:38:38.361885,-6.067,-1.633,1.270,0.974
2025-12-05T06:38:38.378938,-6.076,-1.629,1.270,0.974
2025-12-05T06:38:38.397020,-6.085,-1.625,1.270,0.974
2025-12-05T06:38:38.412752,-6.093,-1.621,1.270,0.974
2025-12-05T06:38:38.428946,-6.102,-1.616,1.270,0.974
2025-12-05T06:38:38.444586,-6.110,-1.612,1.270,0.974
2025-12-05T06:38:38.462378,-6.119,-1.608,1.270,0.974
2025-12-05T06:38:38.477530,-6.128,-1.604,1.270,0.974
2025-12-05T06:38:38.491486,-6.136,-1.600,1.270,0.974
2025-12-05T06:38:38.508042,-6.145,-1.595,1.270,0.974
2025-12-05T06:38:38.521481,-6.153,-1.591,1.270,0.974
2025-12-05T06:38:38.537004,-6.161,-1.587,1.270,0.974
2025-12-05T06:38:38.552851,-6.169,-1.583,1.270,0.974
2025-12-05T06:38:38.572872,-6.177,-1.579,1.270,0.974
2025-12-05T06:38:38.590219,-6.185,-1.574,1.270,0.974
2025-12-05T06:38:38.607535,-6.192,-1.570,1.270,0.974
2025-12-05T06:38:38.623529,-6.199,-1.566,1.270,0.974
2025-12-05T06:38:38.640118,-6.205,-1.562,1.270,0.974
2025-12-05T06:38:38.654103,-6.211,-1.558,1.270,0.974
2025-12-05T06:38:38.669672,-6.217,-1.553,1.270,0.974
2025-12-05T06:38:38.683917,-6.222,-1.549,1.270,0.974
2025-12-05T06:38:38.699406,-6.227,-1.545,1.270,0.974
2025-12-05T06:38:38.714692,-6.231,-1.541,1.270,0.974
2025-12-05T06:38:38.731287,-6.236,-1.537,1.270,0.974
2025-12-05T06:38:38.748798,-6.240,-1.533,1.270,0.974
2025-12-05T06:38:38.765090,-6.244,-1.529,1.270,0.974
2025-12-05T06:38:38.783955,-6.247,-1.526,1.270,0.974
2025-12-05T06:38:38.801343,-6.250,-1.522,1.270,0.974
2025-12-05T06:38:38.819003,-6.253,-1.518,1.270,0.974
2025-12-05T06:38:38.836748,-6.255,-1.514,1.270,0.974
2025-12-05T06:38:38.852935,-6.257,-1.510,1.270,0.974
2025-12-05T06:38:38.872833,-6.258,-1.507,1.270,0.974
2025-12-05T06:38:38.888912,-6.260,-1.503,1.270,0.974
2025-12-05T06:38:38.906382,-6.260,-1.500,1.270,0.974
2025-12-05T06:38:38.922789,-6.261,-1.497,1.270,0.974
2025-12-05T06:38:38.938645,-6.261,-1.494,1.270,0.974
2025-12-05T06:38:38.953538,-6.261,-1.491,1.270,0.974
2025-12-05T06:38:38.976018,-6.261,-1.488,1.270,0.974
2025-12-05T06:38:38.987981,-6.260,-1.486,1.270,0.974
2025-12-05T06:38:39.002071,-6.259,-1.484,1.270,0.974
2025-12-05T06:38:39.016913,-6.258,-1.482,1.270,0.974
2025-12-05T06:38:39.031552,-6.257,-1.481,1.270,0.974
2025-12-05T06:38:39.047424,-6.255,-1.480,1.270,0.974
2025-12-05T06:38:39.063700,-6.253,-1.478,1.270,0.974
2025-12-05T06:38:39.078310,-6.252,-1.478,1.270,0.974
2025-12-05T06:38:39.094044,-6.250,-1.477,1.270,0.974
2025-12-05T06:38:39.114268,-6.248,-1.477,1.270,0.974
2025-12-05T06:38:39.131983,-6.246,-1.477,1.270,0.974
2025-12-05T06:38:39.149771,-6.244,-1.477,1.270,0.974
2025-12-05T06:38:39.168754,-6.242,-1.477,1.270,0.974
2025-12-05T06:38:39.185907,-6.240,-1.477,1.270,0.974
2025-12-05T06:38:39.202123,-6.238,-1.477,1.270,0.974
2025-12-05T06:38:39.218862,-6.236,-1.478,1.270,0.974
2025-12-05T06:38:39.234090,-6.234,-1.479,1.270,0.974
2025-12-05T06:38:39.250507,-6.232,-1.479,1.270,0.974
2025-12-05T06:38:39.265828,-6.230,-1.480,1.270,0.974
2025-12-05T06:38:39.277402,-6.230,-1.480,1.270,0.974
2025-12-05T06:38:39.291040,-6.230,-1.480,1.270,0.974
2025-12-05T06:38:39.306212,-6.230,-1.480,1.270,0.974
2025-12-05T06:38:39.324038,-6.230,-1.480,1.270,0.974
2025-12-05T06:38:39.340287,-6.230,-1.480,1.270,0.974
2025-12-05T06:38:39.356909,-6.230,-1.480,1.270,0.974
2025-12-05T06:38:39.373960,-6.230,-1.480,1.270,0.974
2025-12-05T06:38:39.393678,-6.230,-1.480,1.270,0.974
2025-12-05T06:38:39.409703,-6.230,-1.480,1.270,0.974
2025-12-05T06:38:39.429225,-6.230,-1.480,1.270,0.974
2025-12-05T06:38:39.444836,-6.230,-1.480,1.270,0.974
2025-12-05T06:38:39.461776,-6.230,-1.480,1.270,0.974
2025-12-05T06:38:39.478917,-6.230,-1.480,1.270,0.974
2025-12-05T06:38:39.495373,-6.230,-1.480,1.270,0.974
2025-12-05T06:38:39.511267,-6.230,-1.480,1.270,0.974
2025-12-05T06:38:39.526044,-6.230,-1.480,1.270,0.974
2025-12-05T06:38:39.542076,-6.230,-1.480,1.270,0.974
2025-12-05T06:38:39.557186,-6.230,-1.480,1.270,0.974
2025-12-05T06:38:39.574239,-6.230,-1.480,1.270,0.974
2025-12-05T06:38:39.592994,-6.230,-1.480,1.270,0.974
2025-12-05T06:38:39.606774,-6.230,-1.480,1.270,0.974
2025-12-05T06:38:39.622932,-6.230,-1.480,1.270,0.974
2025-12-05T06:38:39.640020,-6.230,-1.480,1.270,0.974
2025-12-05T06:38:39.656984,-6.230,-1.480,1.270,0.974
2025-12-05T06:38:39.673414,-6.230,-1.480,1.270,0.974
2025-12-05T06:38:39.689714,-6.230,-1.480,1.270,0.974
2025-12-05T06:38:39.704861,-6.230,-1.480,1.270,0.974
2025-12-05T06:38:39.721033,-6.230,-1.480,1.270,0.974
2025-12-05T06:38:39.736411,-6.230,-1.480,1.270,0.974
2025-12-05T06:38:39.753059,-6.230,-1.480,1.270,0.974
2025-12-05T06:38:39.769797,-6.230,-1.480,1.270,0.974
2025-12-05T06:38:39.787921,-6.230,-1.480,1.270,0.974
2025-12-05T06:38:39.806156,-6.230,-1.480,1.270,0.974
2025-12-05T06:38:39.825543,-6.230,-1.480,1.270,0.974
2025-12-05T06:38:39.843029,-6.230,-1.480,1.270,0.974
2025-12-05T06:38:39.860367,-6.230,-1.480,1.270,0.974
2025-12-05T06:38:39.874792,-6.230,-1.480,1.270,0.974
2025-12-05T06:38:39.890827,-6.230,-1.480,1.270,0.974
2025-12-05T06:38:39.905657,-6.230,-1.480,1.270,0.974
2025-12-05T06:38:39.921121,-6.230,-1.480,1.270,0.974
2025-12-05T06:38:39.935701,-6.230,-1.480,1.270,0.974
2025-12-05T06:38:39.950776,-6.230,-1.480,1.270,0.974
2025-12-05T06:38:39.966564,-6.230,-1.480,1.270,0.974
2025-12-05T06:38:39.984337,-6.230,-1.480,1.270,0.974
2025-12-05T06:38:40.000740,-6.230,-1.480,1.270,0.974
2025-12-05T06:38:40.020424,-6.230,-1.480,1.270,0.974
2025-12-05T06:38:40.037974,-6.230,-1.480,1.270,0.974
2025-12-05T06:38:40.053981,-6.230,-1.480,1.270,0.974
2025-12-05T06:38:40.071343,-6.230,-1.480,1.270,0.974
2025-12-05T06:38:40.090196,-6.230,-1.480,1.270,0.974
2025-12-05T06:38:40.106735,-6.230,-1.480,1.270,0.974
2025-12-05T06:38:40.123905,-6.230,-1.480,1.270,0.974
2025-12-05T06:38:40.139376,-6.230,-1.480,1.270,0.974
2025-12-05T06:38:40.154102,-6.230,-1.480,1.270,0.974
2025-12-05T06:38:40.168916,-6.230,-1.480,1.270,0.974
2025-12-05T06:38:40.184257,-6.230,-1.480,1.270,0.974
2025-12-05T06:38:40.197068,-6.230,-1.480,1.270,0.974
2025-12-05T06:38:40.221499,-6.230,-1.480,1.270,0.974
2025-12-05T06:38:40.235924,-6.230,-1.480,1.270,0.974
2025-12-05T06:38:40.253781,-6.230,-1.480,1.270,0.974
2025-12-05T06:38:40.271664,-6.230,-1.480,1.270,0.974
2025-12-05T06:38:40.293333,-6.230,-1.480,1.270,0.974
2025-12-05T06:38:40.327965,-6.230,-1.480,1.270,0.974
2025-12-05T06:38:40.349837,-6.230,-1.480,1.270,0.974
2025-12-05T06:38:40.427125,-6.230,-1.480,1.270,0.974
2025-12-05T06:38:40.440484,-6.230,-1.480,1.270,0.974
2025-12-05T06:38:40.454202,-6.230,-1.480,1.270,0.974
2025-12-05T06:38:40.468508,-6.230,-1.480,1.270,0.974
2025-12-05T06:38:40.484632,-6.230,-1.480,1.270,0.974
2025-12-05T06:38:40.500386,-6.230,-1.480,1.270,0.974
2025-12-05T06:38:40.519062,-6.230,-1.480,1.270,0.974
2025-12-05T06:38:40.532115,-6.230,-1.480,1.270,0.974
2025-12-05T06:38:40.538135,-6.230,-1.480,1.270,0.974
2025-12-05T06:38:40.549838,-6.230,-1.480,1.270,0.974
2025-12-05T06:38:40.567089,-6.230,-1.480,1.270,0.974
2025-12-05T06:38:40.588203,-6.230,-1.480,1.270,0.974
2025-12-05T06:38:40.618415,-6.230,-1.480,1.270,0.974
2025-12-05T06:38:40.647160,-6.230,-1.480,1.270,0.974
2025-12-05T06:38:40.659563,-6.230,-1.480,1.270,0.974
2025-12-05T06:38:40.672604,-6.230,-1.480,1.270,0.974
2025-12-05T06:38:40.685300,-6.230,-1.480,1.270,0.974
2025-12-05T06:38:40.696834,-6.230,-1.480,1.270,0.974
2025-12-05T06:38:40.706524,-6.230,-1.480,1.270,0.974
2025-12-05T06:38:40.717621,-6.230,-1.480,1.270,0.974
2025-12-05T06:38:40.726275,-6.230,-1.480,1.270,0.974
2025-12-05T06:38:40.740802,-6.230,-1.480,1.270,0.974
2025-12-05T06:38:40.750996,-6.230,-1.480,1.270,0.974
2025-12-05T06:38:40.762555,-6.230,-1.480,1.270,0.974
2025-12-05T06:38:40.773332,-6.230,-1.480,1.270,0.974
2025-12-05T06:38:40.787354,-6.230,-1.480,1.270,0.974
2025-12-05T06:38:40.800373,-6.230,-1.480,1.270,0.974
2025-12-05T06:38:40.815299,-6.230,-1.480,1.270,0.974
2025-12-05T06:38:40.835829,-6.230,-1.480,1.270,0.974
2025-12-05T06:38:40.848687,-6.230,-1.480,1.270,0.974
2025-12-05T06:38:40.862677,-6.230,-1.480,1.270,0.974
2025-12-05T06:38:40.877964,-6.230,-1.480,1.270,0.974
2025-12-05T06:38:40.892877,-6.230,-1.480,1.270,0.974
2025-12-05T06:38:40.909438,-6.230,-1.480,1.270,0.974
2025-12-05T06:38:40.927857,-6.230,-1.480,1.270,0.974
2025-12-05T06:38:40.946546,-6.230,-1.480,1.270,0.974
2025-12-05T06:38:40.961888,-6.230,-1.480,1.270,0.974
2025-12-05T06:38:40.981051,-6.230,-1.480,1.270,0.974
2025-12-05T06:38:40.997826,-6.230,-1.480,1.270,0.974
2025-12-05T06:38:41.015027,-6.230,-1.480,1.270,0.974
2025-12-05T06:38:41.034246,-6.230,-1.480,1.270,0.974
2025-12-05T06:38:41.050306,-6.230,-1.480,1.270,0.974
2025-12-05T06:38:41.065826,-6.230,-1.480,1.270,0.974
2025-12-05T06:38:41.082808,-6.230,-1.480,1.270,0.974
2025-12-05T06:38:41.097666,-6.230,-1.480,1.270,0.974
2025-12-05T06:38:41.114342,-6.230,-1.480,1.270,0.974
2025-12-05T06:38:41.128617,-6.230,-1.480,1.270,0.974
2025-12-05T06:38:41.144371,-6.230,-1.480,1.270,0.974
2025-12-05T06:38:41.160835,-6.230,-1.480,1.270,0.974
2025-12-05T06:38:41.177938,-6.230,-1.480,1.270,0.974
2025-12-05T06:38:41.192875,-6.230,-1.480,1.270,0.974
2025-12-05T06:38:41.210596,-6.230,-1.480,1.270,0.974
2025-12-05T06:38:41.227086,-6.230,-1.480,1.270,0.974
2025-12-05T06:38:41.245165,-6.230,-1.480,1.270,0.974
2025-12-05T06:38:41.263281,-6.230,-1.480,1.270,0.974
2025-12-05T06:38:41.282003,-6.230,-1.480,1.270,0.974
2025-12-05T06:38:41.299174,-6.230,-1.480,1.270,0.974
2025-12-05T06:38:41.317115,-6.230,-1.480,1.270,0.974
2025-12-05T06:38:41.334512,-6.230,-1.480,1.270,0.974
2025-12-05T06:38:41.352375,-6.230,-1.480,1.270,0.974
2025-12-05T06:38:41.366784,-6.230,-1.480,1.270,0.974
2025-12-05T06:38:41.383176,-6.230,-1.480,1.270,0.974
2025-12-05T06:38:41.399305,-6.230,-1.480,1.270,0.974
2025-12-05T06:38:41.414147,-6.230,-1.480,1.270,0.974
2025-12-05T06:38:41.428737,-6.230,-1.480,1.270,0.974
2025-12-05T06:38:41.452638,-6.230,-1.480,1.270,0.974
2025-12-05T06:38:41.462999,-6.230,-1.480,1.270,0.974
2025-12-05T06:38:41.479050,-6.230,-1.480,1.270,0.974
2025-12-05T06:38:41.494330,-6.230,-1.480,1.270,0.974
2025-12-05T06:38:41.511209,-6.230,-1.480,1.270,0.974
2025-12-05T06:38:41.525518,-6.230,-1.480,1.270,0.974
2025-12-05T06:38:41.543595,-6.230,-1.480,1.270,0.974
2025-12-05T06:38:41.559038,-6.230,-1.480,1.270,0.974
2025-12-05T06:38:41.576640,-6.230,-1.480,1.270,0.974
2025-12-05T06:38:41.597510,-6.230,-1.480,1.270,0.974
2025-12-05T06:38:41.613741,-6.230,-1.480,1.270,0.974
2025-12-05T06:38:41.631229,-6.230,-1.480,1.270,0.974
2025-12-05T06:38:41.649888,-6.230,-1.480,1.270,0.974
2025-12-05T06:38:41.671370,-6.230,-1.480,1.270,0.974
2025-12-05T06:38:41.681619,-6.230,-1.480,1.270,0.974
2025-12-05T06:38:41.696341,-6.230,-1.480,1.270,0.974
2025-12-05T06:38:41.712633,-6.230,-1.480,1.270,0.974
2025-12-05T06:38:41.727621,-6.230,-1.480,1.270,0.974
2025-12-05T06:38:41.741982,-6.230,-1.480,1.270,0.974
2025-12-05T06:38:41.756692,-6.230,-1.480,1.270,0.974
2025-12-05T06:38:41.772407,-6.230,-1.480,1.270,0.974
2025-12-05T06:38:41.789143,-6.230,-1.480,1.270,0.974
2025-12-05T06:38:41.805526,-6.230,-1.480,1.270,0.974
2025-12-05T06:38:41.821862,-6.230,-1.480,1.270,0.974
2025-12-05T06:38:41.840318,-6.230,-1.480,1.270,0.974
2025-12-05T06:38:41.858541,-6.230,-1.480,1.270,0.974
2025-12-05T06:38:41.876558,-6.230,-1.480,1.270,0.974
2025-12-05T06:38:41.893652,-6.230,-1.480,1.270,0.974
2025-12-05T06:38:41.911302,-6.230,-1.480,1.270,0.974
2025-12-05T06:38:41.928619,-6.230,-1.480,1.270,0.974
2025-12-05T06:38:41.944200,-6.230,-1.480,1.270,0.974
2025-12-05T06:38:41.959944,-6.230,-1.480,1.270,0.974
2025-12-05T06:38:41.975637,-6.230,-1.480,1.270,0.974
2025-12-05T06:38:41.991552,-6.230,-1.480,1.270,0.974
2025-12-05T06:38:42.007188,-6.230,-1.480,1.270,0.974
2025-12-05T06:38:42.022111,-6.230,-1.480,1.270,0.974
2025-12-05T06:38:42.038567,-6.230,-1.480,1.270,0.974
2025-12-05T06:38:42.053860,-6.230,-1.480,1.270,0.974
2025-12-05T06:38:42.072767,-6.230,-1.480,1.270,0.974
2025-12-05T06:38:42.092236,-6.230,-1.480,1.270,0.974
2025-12-05T06:38:42.108746,-6.230,-1.480,1.270,0.974
2025-12-05T06:38:42.127513,-6.230,-1.480,1.270,0.974
2025-12-05T06:38:42.143719,-6.230,-1.480,1.270,0.974
2025-12-05T06:38:42.161841,-6.230,-1.480,1.270,0.974
2025-12-05T06:38:42.181295,-6.230,-1.480,1.270,0.974
2025-12-05T06:38:42.197497,-6.230,-1.480,1.270,0.974
2025-12-05T06:38:42.213804,-6.230,-1.480,1.270,0.974
2025-12-05T06:38:42.228357,-6.230,-1.480,1.270,0.974
2025-12-05T06:38:42.243219,-6.230,-1.480,1.270,0.974
2025-12-05T06:38:42.255792,-6.230,-1.480,1.270,0.974
2025-12-05T06:38:42.271563,-6.230,-1.480,1.270,0.974
2025-12-05T06:38:42.287055,-6.230,-1.480,1.270,0.974
2025-12-05T06:38:42.302336,-6.230,-1.480,1.270,0.974
2025-12-05T06:38:42.320406,-6.230,-1.480,1.270,0.974
2025-12-05T06:38:42.338097,-6.230,-1.480,1.270,0.974
2025-12-05T06:38:42.356236,-6.230,-1.480,1.270,0.974
2025-12-05T06:38:42.371720,-6.230,-1.480,1.270,0.974
2025-12-05T06:38:42.387977,-6.230,-1.480,1.270,0.974
2025-12-05T06:38:42.408226,-6.230,-1.480,1.270,0.974
2025-12-05T06:38:42.423438,-6.230,-1.480,1.270,0.974
2025-12-05T06:38:42.443024,-6.230,-1.480,1.270,0.974
2025-12-05T06:38:42.460214,-6.230,-1.480,1.270,0.974
2025-12-05T06:38:42.477550,-6.230,-1.480,1.270,0.974
2025-12-05T06:38:42.493069,-6.230,-1.480,1.270,0.974
2025-12-05T06:38:42.507980,-6.230,-1.480,1.270,0.974
2025-12-05T06:38:42.522918,-6.230,-1.480,1.270,0.974
2025-12-05T06:38:42.537989,-6.230,-1.480,1.270,0.974
2025-12-05T06:38:42.552065,-6.230,-1.480,1.270,0.974
2025-12-05T06:38:42.568136,-6.230,-1.480,1.270,0.974
2025-12-05T06:38:42.583897,-6.230,-1.480,1.270,0.974
2025-12-05T06:38:42.599608,-6.230,-1.480,1.270,0.974
2025-12-05T06:38:42.616882,-6.230,-1.480,1.270,0.974
2025-12-05T06:38:42.633667,-6.230,-1.480,1.270,0.974
2025-12-05T06:38:42.650346,-6.230,-1.480,1.270,0.974
2025-12-05T06:38:42.667965,-6.230,-1.480,1.270,0.974
2025-12-05T06:38:42.691239,-6.230,-1.480,1.270,0.974
2025-12-05T06:38:42.709079,-6.230,-1.480,1.270,0.974
2025-12-05T06:38:42.725847,-6.230,-1.480,1.270,0.974
2025-12-05T06:38:42.742272,-6.230,-1.480,1.270,0.974
2025-12-05T06:38:42.758266,-6.230,-1.480,1.270,0.974
2025-12-05T06:38:42.775623,-6.230,-1.480,1.270,0.974
2025-12-05T06:38:42.791337,-6.230,-1.480,1.270,0.974
2025-12-05T06:38:42.805420,-6.230,-1.480,1.270,0.974
2025-12-05T06:38:42.819578,-6.230,-1.480,1.270,0.974
2025-12-05T06:38:42.837677,-6.230,-1.480,1.270,0.974
2025-12-05T06:38:42.852268,-6.230,-1.480,1.270,0.974
2025-12-05T06:38:42.869053,-6.230,-1.480,1.270,0.974
2025-12-05T06:38:42.885850,-6.230,-1.480,1.270,0.974
2025-12-05T06:38:42.903544,-6.230,-1.480,1.270,0.974
2025-12-05T06:38:42.921109,-6.230,-1.480,1.270,0.974
2025-12-05T06:38:42.938419,-6.230,-1.480,1.270,0.974
2025-12-05T06:38:42.954936,-6.230,-1.480,1.270,0.974
2025-12-05T06:38:42.972747,-6.230,-1.480,1.270,0.974
2025-12-05T06:38:42.993158,-6.230,-1.480,1.270,0.974
2025-12-05T06:38:43.009073,-6.230,-1.480,1.270,0.974
2025-12-05T06:38:43.025084,-6.230,-1.480,1.270,0.974
2025-12-05T06:38:43.042206,-6.230,-1.480,1.270,0.974
2025-12-05T06:38:43.055555,-6.230,-1.480,1.270,0.974
2025-12-05T06:38:43.070890,-6.230,-1.480,1.270,0.974
2025-12-05T06:38:43.084802,-6.230,-1.480,1.270,0.974
2025-12-05T06:38:43.097026,-6.230,-1.480,1.270,0.974
2025-12-05T06:38:43.113271,-6.230,-1.480,1.270,0.974
2025-12-05T06:38:43.127359,-6.230,-1.480,1.270,0.974
2025-12-05T06:38:43.143389,-6.230,-1.480,1.270,0.974
2025-12-05T06:38:43.159047,-6.230,-1.480,1.270,0.974
2025-12-05T06:38:43.176614,-6.230,-1.480,1.270,0.974
2025-12-05T06:38:43.193424,-6.230,-1.480,1.270,0.974
2025-12-05T06:38:43.210905,-6.230,-1.480,1.270,0.974
2025-12-05T06:38:43.229029,-6.230,-1.480,1.270,0.974
2025-12-05T06:38:43.248861,-6.230,-1.480,1.270,0.974
2025-12-05T06:38:43.266540,-6.230,-1.480,1.270,0.974
2025-12-05T06:38:43.294650,-6.230,-1.480,1.270,0.974
2025-12-05T06:38:43.317564,-6.230,-1.480,1.270,0.974
2025-12-05T06:38:43.331446,-6.230,-1.480,1.270,0.974
2025-12-05T06:38:43.348909,-6.230,-1.480,1.270,0.974
2025-12-05T06:38:43.365103,-6.230,-1.480,1.270,0.974
2025-12-05T06:38:43.381095,-6.230,-1.480,1.270,0.974
2025-12-05T06:38:43.396030,-6.230,-1.480,1.270,0.974
2025-12-05T06:38:43.411845,-6.230,-1.480,1.270,0.974
2025-12-05T06:38:43.424153,-6.230,-1.480,1.270,0.974
2025-12-05T06:38:43.442423,-6.230,-1.480,1.270,0.974
2025-12-05T06:38:43.455373,-6.230,-1.480,1.270,0.974
2025-12-05T06:38:43.472754,-6.230,-1.480,1.270,0.974
2025-12-05T06:38:43.485741,-6.230,-1.480,1.270,0.974
2025-12-05T06:38:43.501049,-6.230,-1.480,1.270,0.974
2025-12-05T06:38:43.519355,-6.230,-1.480,1.270,0.974
2025-12-05T06:38:43.537634,-6.230,-1.480,1.270,0.974
2025-12-05T06:38:43.554538,-6.230,-1.480,1.270,0.974
2025-12-05T06:38:43.572754,-6.230,-1.480,1.270,0.974
2025-12-05T06:38:43.589813,-6.230,-1.480,1.270,0.974
2025-12-05T06:38:43.607969,-6.230,-1.480,1.270,0.974
2025-12-05T06:38:43.624240,-6.230,-1.480,1.270,0.974
2025-12-05T06:38:43.641168,-6.230,-1.480,1.270,0.974
2025-12-05T06:38:43.657957,-6.230,-1.480,1.270,0.974
2025-12-05T06:38:43.675086,-6.230,-1.480,1.270,0.974
2025-12-05T06:38:43.691749,-6.230,-1.480,1.270,0.974
2025-12-05T06:38:43.706964,-6.230,-1.480,1.270,0.974
2025-12-05T06:38:43.722148,-6.230,-1.480,1.270,0.974
2025-12-05T06:38:43.737476,-6.230,-1.480,1.270,0.974
2025-12-05T06:38:43.751538,-6.230,-1.480,1.270,0.974
2025-12-05T06:38:43.770182,-6.230,-1.480,1.270,0.974
2025-12-05T06:38:43.785524,-6.230,-1.480,1.270,0.974
2025-12-05T06:38:43.805174,-6.230,-1.480,1.270,0.974
2025-12-05T06:38:43.820085,-6.230,-1.480,1.270,0.974
2025-12-05T06:38:43.837867,-6.230,-1.480,1.270,0.974
2025-12-05T06:38:43.854487,-6.230,-1.480,1.270,0.974
2025-12-05T06:38:43.869605,-6.230,-1.480,1.270,0.974
2025-12-05T06:38:43.886939,-6.230,-1.480,1.270,0.974
2025-12-05T06:38:43.905229,-6.230,-1.480,1.270,0.974
2025-12-05T06:38:43.921573,-6.230,-1.480,1.270,0.974
2025-12-05T06:38:43.939678,-6.230,-1.480,1.270,0.974
2025-12-05T06:38:43.953776,-6.230,-1.480,1.270,0.974
2025-12-05T06:38:43.970041,-6.230,-1.480,1.270,0.974
2025-12-05T06:38:43.985018,-6.230,-1.480,1.270,0.974
2025-12-05T06:38:44.001045,-6.230,-1.480,1.270,0.974
2025-12-05T06:38:44.017031,-6.230,-1.480,1.270,0.974
2025-12-05T06:38:44.033769,-6.230,-1.480,1.270,0.974
2025-12-05T06:38:44.050266,-6.230,-1.480,1.270,0.974
2025-12-05T06:38:44.068898,-6.230,-1.480,1.270,0.974
2025-12-05T06:38:44.086898,-6.230,-1.480,1.270,0.974
2025-12-05T06:38:44.116608,-6.230,-1.480,1.270,0.974
2025-12-05T06:38:44.144294,-6.230,-1.480,1.270,0.974
2025-12-05T06:38:44.168883,-6.230,-1.480,1.270,0.974
2025-12-05T06:38:44.184664,-6.230,-1.480,1.270,0.974
2025-12-05T06:38:44.200804,-6.230,-1.480,1.270,0.974
2025-12-05T06:38:44.216500,-6.230,-1.480,1.270,0.974
2025-12-05T06:38:44.231740,-6.230,-1.480,1.270,0.974
2025-12-05T06:38:44.244289,-6.230,-1.480,1.270,0.974
2025-12-05T06:38:44.258583,-6.230,-1.480,1.270,0.974
2025-12-05T06:38:44.272664,-6.230,-1.480,1.270,0.974
2025-12-05T06:38:44.285720,-6.230,-1.480,1.270,0.974
2025-12-05T06:38:44.299743,-6.230,-1.480,1.270,0.974
2025-12-05T06:38:44.313567,-6.230,-1.480,1.270,0.974
2025-12-05T06:38:44.328135,-6.230,-1.480,1.270,0.974
2025-12-05T06:38:44.344171,-6.230,-1.480,1.270,0.974
2025-12-05T06:38:44.360078,-6.230,-1.480,1.270,0.974
2025-12-05T06:38:44.376855,-6.230,-1.480,1.270,0.974
2025-12-05T06:38:44.393181,-6.230,-1.480,1.270,0.974
2025-12-05T06:38:44.411407,-6.230,-1.480,1.270,0.974
2025-12-05T06:38:44.429689,-6.230,-1.480,1.270,0.974
2025-12-05T06:38:44.448779,-6.230,-1.480,1.270,0.974
2025-12-05T06:38:44.466596,-6.230,-1.480,1.270,0.974
2025-12-05T06:38:44.486011,-6.230,-1.480,1.270,0.974
2025-12-05T06:38:44.502490,-6.230,-1.480,1.270,0.974
2025-12-05T06:38:44.519928,-6.230,-1.480,1.270,0.974
2025-12-05T06:38:44.535417,-6.230,-1.480,1.270,0.974
2025-12-05T06:38:44.559647,-6.230,-1.480,1.270,0.974
2025-12-05T06:38:44.572427,-6.230,-1.480,1.270,0.974
2025-12-05T06:38:44.587331,-6.230,-1.480,1.270,0.974
2025-12-05T06:38:44.605189,-6.230,-1.480,1.270,0.974
2025-12-05T06:38:44.619253,-6.230,-1.480,1.270,0.974
2025-12-05T06:38:44.632192,-6.230,-1.480,1.270,0.974
2025-12-05T06:38:44.645763,-6.230,-1.480,1.270,0.974
2025-12-05T06:38:44.659688,-6.230,-1.480,1.270,0.974
2025-12-05T06:38:44.674215,-6.230,-1.480,1.270,0.974
2025-12-05T06:38:44.688278,-6.230,-1.480,1.270,0.974
2025-12-05T06:38:44.706372,-6.230,-1.480,1.270,0.974
2025-12-05T06:38:44.719757,-6.230,-1.480,1.270,0.974
2025-12-05T06:38:44.735436,-6.230,-1.480,1.270,0.974
2025-12-05T06:38:44.751442,-6.230,-1.480,1.270,0.974
2025-12-05T06:38:44.769154,-6.230,-1.480,1.270,0.974
2025-12-05T06:38:44.785978,-6.230,-1.480,1.270,0.974
2025-12-05T06:38:44.805510,-6.230,-1.480,1.270,0.974
2025-12-05T06:38:44.822952,-6.230,-1.480,1.270,0.974
2025-12-05T06:38:44.839949,-6.230,-1.480,1.270,0.974
2025-12-05T06:38:44.857758,-6.230,-1.480,1.270,0.974
2025-12-05T06:38:44.876814,-6.230,-1.480,1.270,0.974
2025-12-05T06:38:44.892137,-6.230,-1.480,1.270,0.974
2025-12-05T06:38:44.905550,-6.230,-1.480,1.270,0.974
2025-12-05T06:38:44.921712,-6.230,-1.480,1.270,0.974
2025-12-05T06:38:44.937463,-6.230,-1.480,1.270,0.974
2025-12-05T06:38:44.951807,-6.230,-1.480,1.270,0.974
2025-12-05T06:38:44.968567,-6.230,-1.480,1.270,0.974
2025-12-05T06:38:44.983698,-6.230,-1.480,1.270,0.974
2025-12-05T06:38:45.000157,-6.230,-1.480,1.270,0.974
2025-12-05T06:38:45.016576,-6.230,-1.480,1.270,0.974
2025-12-05T06:38:45.033603,-6.230,-1.480,1.270,0.974
2025-12-05T06:38:45.051762,-6.230,-1.480,1.270,0.974
2025-12-05T06:38:45.070539,-6.230,-1.480,1.270,0.974
2025-12-05T06:38:45.088242,-6.230,-1.480,1.270,0.974
2025-12-05T06:38:45.105150,-6.230,-1.480,1.270,0.974
2025-12-05T06:38:45.122116,-6.230,-1.480,1.270,0.974
2025-12-05T06:38:45.139243,-6.230,-1.480,1.270,0.974
2025-12-05T06:38:45.154341,-6.230,-1.480,1.270,0.974
2025-12-05T06:38:45.174006,-6.230,-1.480,1.270,0.974
2025-12-05T06:38:45.186880,-6.230,-1.480,1.270,0.974
2025-12-05T06:38:45.202698,-6.230,-1.480,1.270,0.974
2025-12-05T06:38:45.217353,-6.230,-1.480,1.270,0.974
2025-12-05T06:38:45.233522,-6.230,-1.480,1.270,0.974
2025-12-05T06:38:45.247940,-6.230,-1.480,1.270,0.974
2025-12-05T06:38:45.263120,-6.230,-1.480,1.270,0.974
2025-12-05T06:38:45.279400,-6.230,-1.480,1.270,0.974
2025-12-05T06:38:45.296422,-6.230,-1.480,1.270,0.974
2025-12-05T06:38:45.312918,-6.230,-1.480,1.270,0.974
2025-12-05T06:38:45.329964,-6.230,-1.480,1.270,0.974
2025-12-05T06:38:45.348013,-6.230,-1.480,1.270,0.974
2025-12-05T06:38:45.366981,-6.230,-1.480,1.270,0.974
2025-12-05T06:38:45.385756,-6.230,-1.480,1.270,0.974
2025-12-05T06:38:45.403984,-6.230,-1.480,1.270,0.974
2025-12-05T06:38:45.421581,-6.230,-1.480,1.270,0.974
2025-12-05T06:38:45.437142,-6.230,-1.480,1.270,0.974
2025-12-05T06:38:45.453518,-6.230,-1.480,1.270,0.974
2025-12-05T06:38:45.468913,-6.230,-1.480,1.270,0.974
2025-12-05T06:38:45.484266,-6.230,-1.480,1.270,0.974
2025-12-05T06:38:45.498716,-6.230,-1.480,1.270,0.974
2025-12-05T06:38:45.512300,-6.230,-1.480,1.270,0.974
2025-12-05T06:38:45.529188,-6.230,-1.480,1.270,0.974
2025-12-05T06:38:45.543646,-6.230,-1.480,1.270,0.974
2025-12-05T06:38:45.559540,-6.230,-1.480,1.270,0.974
2025-12-05T06:38:45.577128,-6.230,-1.480,1.270,0.974
2025-12-05T06:38:45.593796,-6.230,-1.480,1.270,0.974
2025-12-05T06:38:45.610706,-6.230,-1.480,1.270,0.974
2025-12-05T06:38:45.628669,-6.230,-1.480,1.270,0.974
2025-12-05T06:38:45.645992,-6.230,-1.480,1.270,0.974
2025-12-05T06:38:45.665013,-6.230,-1.480,1.270,0.974
2025-12-05T06:38:45.681739,-6.230,-1.480,1.270,0.974
2025-12-05T06:38:45.698607,-6.230,-1.480,1.270,0.974
2025-12-05T06:38:45.715286,-6.230,-1.480,1.270,0.974
2025-12-05T06:38:45.731680,-6.230,-1.480,1.270,0.974
2025-12-05T06:38:45.747395,-6.230,-1.480,1.270,0.974
2025-12-05T06:38:45.763222,-6.230,-1.480,1.270,0.974
2025-12-05T06:38:45.778228,-6.230,-1.480,1.270,0.974
2025-12-05T06:38:45.802074,-6.230,-1.480,1.270,0.974
2025-12-05T06:38:45.813292,-6.230,-1.480,1.270,0.974
2025-12-05T06:38:45.827380,-6.230,-1.480,1.270,0.974
2025-12-05T06:38:45.840264,-6.230,-1.480,1.270,0.974
2025-12-05T06:38:45.860065,-6.230,-1.480,1.270,0.974
2025-12-05T06:38:45.871095,-6.230,-1.480,1.270,0.974
2025-12-05T06:38:45.884317,-6.230,-1.480,1.270,0.974
2025-12-05T06:38:45.908112,-6.230,-1.480,1.270,0.974
2025-12-05T06:38:45.921600,-6.230,-1.480,1.270,0.974
2025-12-05T06:38:45.938240,-6.230,-1.480,1.270,0.974
2025-12-05T06:38:45.955372,-6.230,-1.480,1.270,0.974
2025-12-05T06:38:45.972260,-6.230,-1.480,1.270,0.974
2025-12-05T06:38:45.989644,-6.230,-1.480,1.270,0.974
2025-12-05T06:38:46.006640,-6.230,-1.480,1.270,0.974
2025-12-05T06:38:46.023529,-6.230,-1.480,1.270,0.974
2025-12-05T06:38:46.038002,-6.230,-1.480,1.270,0.974
2025-12-05T06:38:46.053820,-6.230,-1.480,1.270,0.974
2025-12-05T06:38:46.069212,-6.230,-1.480,1.270,0.974
2025-12-05T06:38:46.084887,-6.230,-1.480,1.270,0.974
2025-12-05T06:38:46.100056,-6.230,-1.480,1.270,0.974
2025-12-05T06:38:46.116564,-6.230,-1.480,1.270,0.974
2025-12-05T06:38:46.133512,-6.230,-1.480,1.270,0.974
2025-12-05T06:38:46.152072,-6.230,-1.480,1.270,0.974
2025-12-05T06:38:46.169569,-6.230,-1.480,1.270,0.974
2025-12-05T06:38:46.187673,-6.230,-1.480,1.270,0.974
2025-12-05T06:38:46.204655,-6.230,-1.480,1.270,0.974
2025-12-05T06:38:46.223256,-6.230,-1.480,1.270,0.974
2025-12-05T06:38:46.240062,-6.230,-1.480,1.270,0.974
2025-12-05T06:38:46.256245,-6.230,-1.480,1.270,0.974
2025-12-05T06:38:46.272290,-6.230,-1.480,1.270,0.974
2025-12-05T06:38:46.290839,-6.230,-1.480,1.270,0.974
2025-12-05T06:38:46.301888,-6.230,-1.480,1.270,0.974
2025-12-05T06:38:46.317394,-6.230,-1.480,1.270,0.974
2025-12-05T06:38:46.332515,-6.230,-1.480,1.270,0.974
2025-12-05T06:38:46.347265,-6.230,-1.480,1.270,0.974
2025-12-05T06:38:46.361625,-6.230,-1.480,1.270,0.974
2025-12-05T06:38:46.378841,-6.230,-1.480,1.270,0.974
2025-12-05T06:38:46.395657,-6.230,-1.480,1.270,0.974
2025-12-05T06:38:46.414903,-6.230,-1.480,1.270,0.974
2025-12-05T06:38:46.434489,-6.230,-1.480,1.270,0.974
2025-12-05T06:38:46.449427,-6.230,-1.480,1.270,0.974
2025-12-05T06:38:46.468713,-6.230,-1.480,1.270,0.974
2025-12-05T06:38:46.484574,-6.230,-1.480,1.270,0.974
2025-12-05T06:38:46.501049,-6.230,-1.480,1.270,0.974
2025-12-05T06:38:46.519483,-6.230,-1.480,1.270,0.974
2025-12-05T06:38:46.534804,-6.230,-1.480,1.270,0.974
2025-12-05T06:38:46.551342,-6.230,-1.480,1.270,0.974
2025-12-05T06:38:46.570084,-6.230,-1.480,1.270,0.974
2025-12-05T06:38:46.587871,-6.230,-1.480,1.270,0.974
2025-12-05T06:38:46.600336,-6.230,-1.480,1.270,0.974
2025-12-05T06:38:46.615738,-6.230,-1.480,1.270,0.974
2025-12-05T06:38:46.631207,-6.230,-1.480,1.270,0.974
2025-12-05T06:38:46.650110,-6.230,-1.480,1.270,0.974
2025-12-05T06:38:46.663568,-6.230,-1.480,1.270,0.974
2025-12-05T06:38:46.680997,-6.230,-1.480,1.270,0.974
2025-12-05T06:38:46.699769,-6.230,-1.480,1.270,0.974
2025-12-05T06:38:46.721143,-6.230,-1.480,1.270,0.974
2025-12-05T06:38:46.738089,-6.230,-1.480,1.270,0.974
2025-12-05T06:38:46.751468,-6.230,-1.480,1.270,0.974
2025-12-05T06:38:46.768124,-6.230,-1.480,1.270,0.974
2025-12-05T06:38:46.782698,-6.230,-1.480,1.270,0.974
2025-12-05T06:38:46.800719,-6.230,-1.480,1.270,0.974
2025-12-05T06:38:46.815121,-6.230,-1.480,1.270,0.974
2025-12-05T06:38:46.829515,-6.230,-1.480,1.270,0.974
2025-12-05T06:38:46.843302,-6.230,-1.480,1.270,0.974
2025-12-05T06:38:46.856524,-6.230,-1.480,1.270,0.974
2025-12-05T06:38:46.872319,-6.230,-1.480,1.270,0.974
2025-12-05T06:38:46.887025,-6.230,-1.480,1.270,0.974
2025-12-05T06:38:46.901785,-6.230,-1.480,1.270,0.974
2025-12-05T06:38:46.918005,-6.230,-1.480,1.270,0.974
2025-12-05T06:38:46.933740,-6.230,-1.480,1.270,0.974
2025-12-05T06:38:46.950365,-6.230,-1.480,1.270,0.974
2025-12-05T06:38:46.968993,-6.230,-1.480,1.270,0.974
2025-12-05T06:38:46.986427,-6.230,-1.480,1.270,0.974
2025-12-05T06:38:47.005288,-6.230,-1.480,1.270,0.974
2025-12-05T06:38:47.021220,-6.230,-1.480,1.270,0.974
2025-12-05T06:38:47.040379,-6.230,-1.480,1.270,0.974
2025-12-05T06:38:47.057779,-6.230,-1.480,1.270,0.974
2025-12-05T06:38:47.073658,-6.230,-1.480,1.270,0.974
2025-12-05T06:38:47.090646,-6.230,-1.480,1.270,0.974
2025-12-05T06:38:47.107139,-6.230,-1.480,1.270,0.974
2025-12-05T06:38:47.122655,-6.230,-1.480,1.270,0.974
2025-12-05T06:38:47.136839,-6.230,-1.480,1.270,0.974
2025-12-05T06:38:47.151701,-6.230,-1.480,1.270,0.974
2025-12-05T06:38:47.168163,-6.230,-1.480,1.270,0.974
2025-12-05T06:38:47.183580,-6.230,-1.480,1.270,0.974
2025-12-05T06:38:47.199698,-6.230,-1.480,1.270,0.974
2025-12-05T06:38:47.215627,-6.230,-1.480,1.270,0.974
2025-12-05T06:38:47.233771,-6.230,-1.480,1.270,0.974
2025-12-05T06:38:47.252731,-6.230,-1.480,1.270,0.974
2025-12-05T06:38:47.268701,-6.230,-1.480,1.270,0.974
2025-12-05T06:38:47.287164,-6.230,-1.480,1.270,0.974
2025-12-05T06:38:47.305911,-6.230,-1.480,1.270,0.974
2025-12-05T06:38:47.322949,-6.230,-1.480,1.270,0.974
2025-12-05T06:38:47.340089,-6.230,-1.480,1.270,0.974
2025-12-05T06:38:47.355831,-6.230,-1.480,1.270,0.974
2025-12-05T06:38:47.373284,-6.230,-1.480,1.270,0.974
2025-12-05T06:38:47.387540,-6.230,-1.480,1.270,0.974
2025-12-05T06:38:47.403522,-6.230,-1.480,1.270,0.974
2025-12-05T06:38:47.417756,-6.230,-1.480,1.270,0.974
2025-12-05T06:38:47.432829,-6.230,-1.480,1.270,0.974
2025-12-05T06:38:47.447377,-6.230,-1.480,1.270,0.974
2025-12-05T06:38:47.463025,-6.230,-1.480,1.270,0.974
2025-12-05T06:38:47.480683,-6.230,-1.480,1.270,0.974
2025-12-05T06:38:47.498884,-6.230,-1.480,1.270,0.974
2025-12-05T06:38:47.516167,-6.230,-1.480,1.270,0.974
2025-12-05T06:38:47.532961,-6.230,-1.480,1.270,0.974
2025-12-05T06:38:47.551960,-6.230,-1.480,1.270,0.974
2025-12-05T06:38:47.570129,-6.230,-1.480,1.270,0.974
2025-12-05T06:38:47.588632,-6.230,-1.480,1.270,0.974
2025-12-05T06:38:47.607085,-6.230,-1.480,1.270,0.974
2025-12-05T06:38:47.624065,-6.230,-1.480,1.270,0.974
2025-12-05T06:38:47.640678,-6.230,-1.480,1.270,0.974
2025-12-05T06:38:47.658018,-6.230,-1.480,1.270,0.974
2025-12-05T06:38:47.672511,-6.230,-1.480,1.270,0.974
2025-12-05T06:38:47.688127,-6.230,-1.480,1.270,0.974
2025-12-05T06:38:47.702622,-6.230,-1.480,1.270,0.974
2025-12-05T06:38:47.717266,-6.230,-1.480,1.270,0.974
2025-12-05T06:38:47.734103,-6.230,-1.480,1.270,0.974
2025-12-05T06:38:47.750473,-6.230,-1.480,1.270,0.974
2025-12-05T06:38:47.766510,-6.230,-1.480,1.270,0.974
2025-12-05T06:38:47.782812,-6.230,-1.480,1.270,0.974
2025-12-05T06:38:47.799257,-6.230,-1.480,1.270,0.974
2025-12-05T06:38:47.816655,-6.230,-1.480,1.270,0.974
2025-12-05T06:38:47.833821,-6.230,-1.480,1.270,0.974
2025-12-05T06:38:47.851315,-6.230,-1.480,1.270,0.974
2025-12-05T06:38:47.867420,-6.230,-1.480,1.270,0.974
2025-12-05T06:38:47.884081,-6.230,-1.480,1.270,0.974
2025-12-05T06:38:47.901474,-6.230,-1.480,1.270,0.974
2025-12-05T06:38:47.917891,-6.230,-1.480,1.270,0.974
2025-12-05T06:38:47.937504,-6.230,-1.480,1.270,0.974
2025-12-05T06:38:47.951817,-6.230,-1.480,1.270,0.974
2025-12-05T06:38:47.967724,-6.230,-1.480,1.270,0.974
2025-12-05T06:38:47.981601,-6.230,-1.480,1.270,0.974
2025-12-05T06:38:47.996803,-6.230,-1.480,1.270,0.974
2025-12-05T06:38:48.012184,-6.230,-1.480,1.270,0.974
2025-12-05T06:38:48.027918,-6.230,-1.480,1.270,0.974
2025-12-05T06:38:48.043395,-6.230,-1.480,1.270,0.974
2025-12-05T06:38:48.059348,-6.230,-1.480,1.270,0.974
2025-12-05T06:38:48.076571,-6.230,-1.480,1.270,0.974
2025-12-05T06:38:48.093687,-6.230,-1.480,1.270,0.974
2025-12-05T06:38:48.111947,-6.230,-1.480,1.270,0.974
2025-12-05T06:38:48.128851,-6.230,-1.480,1.270,0.974
2025-12-05T06:38:48.146517,-6.230,-1.480,1.270,0.974
2025-12-05T06:38:48.164171,-6.230,-1.480,1.270,0.974
2025-12-05T06:38:48.180285,-6.230,-1.480,1.270,0.974
2025-12-05T06:38:48.196565,-6.230,-1.480,1.270,0.974
2025-12-05T06:38:48.211848,-6.230,-1.480,1.270,0.974
2025-12-05T06:38:48.228095,-6.230,-1.480,1.270,0.974
2025-12-05T06:38:48.241236,-6.230,-1.480,1.270,0.974
2025-12-05T06:38:48.256644,-6.230,-1.480,1.270,0.974
2025-12-05T06:38:48.271691,-6.230,-1.480,1.270,0.974
2025-12-05T06:38:48.289861,-6.230,-1.480,1.270,0.974
2025-12-05T06:38:48.306082,-6.230,-1.480,1.270,0.974
2025-12-05T06:38:48.324209,-6.230,-1.480,1.270,0.974
2025-12-05T06:38:48.340211,-6.230,-1.480,1.270,0.974
2025-12-05T06:38:48.360041,-6.230,-1.480,1.270,0.974
2025-12-05T06:38:48.377797,-6.230,-1.480,1.270,0.974
2025-12-05T06:38:48.394995,-6.230,-1.480,1.270,0.974
2025-12-05T06:38:48.412354,-6.230,-1.480,1.270,0.974
2025-12-05T06:38:48.433089,-6.230,-1.480,1.270,0.974
2025-12-05T06:38:48.447114,-6.230,-1.480,1.270,0.974
2025-12-05T06:38:48.463261,-6.230,-1.480,1.270,0.974
2025-12-05T06:38:48.479962,-6.230,-1.480,1.270,0.974
2025-12-05T06:38:48.496502,-6.230,-1.480,1.270,0.974
2025-12-05T06:38:48.508824,-6.230,-1.480,1.270,0.974
2025-12-05T06:38:48.525939,-6.230,-1.480,1.270,0.974
2025-12-05T06:38:48.540144,-6.230,-1.480,1.270,0.974
2025-12-05T06:38:48.561282,-6.230,-1.480,1.270,0.974
2025-12-05T06:38:48.576895,-6.230,-1.480,1.270,0.974
2025-12-05T06:38:48.596550,-6.230,-1.480,1.270,0.974
2025-12-05T06:38:48.611683,-6.230,-1.480,1.270,0.974
2025-12-05T06:38:48.630938,-6.230,-1.480,1.270,0.974
2025-12-05T06:38:48.648243,-6.230,-1.480,1.270,0.974
2025-12-05T06:38:48.665761,-6.230,-1.480,1.270,0.974
2025-12-05T06:38:48.681892,-6.230,-1.480,1.270,0.974
2025-12-05T06:38:48.698101,-6.230,-1.480,1.270,0.974
2025-12-05T06:38:48.712819,-6.230,-1.480,1.270,0.974
2025-12-05T06:38:48.727939,-6.230,-1.480,1.270,0.974
2025-12-05T06:38:48.744014,-6.230,-1.480,1.270,0.974
2025-12-05T06:38:48.758919,-6.230,-1.480,1.270,0.974
2025-12-05T06:38:48.773545,-6.230,-1.480,1.270,0.974
2025-12-05T06:38:48.789036,-6.230,-1.480,1.270,0.974
2025-12-05T06:38:48.806028,-6.230,-1.480,1.270,0.974
2025-12-05T06:38:48.822437,-6.230,-1.480,1.270,0.974
2025-12-05T06:38:48.839421,-6.230,-1.480,1.270,0.974
2025-12-05T06:38:48.861672,-6.230,-1.480,1.270,0.974
2025-12-05T06:38:48.874740,-6.230,-1.480,1.270,0.974
2025-12-05T06:38:48.890690,-6.230,-1.480,1.270,0.974
2025-12-05T06:38:48.907631,-6.230,-1.480,1.270,0.974
2025-12-05T06:38:48.924722,-6.230,-1.480,1.270,0.974
2025-12-05T06:38:48.940197,-6.230,-1.480,1.270,0.974
2025-12-05T06:38:48.957563,-6.230,-1.480,1.270,0.974
2025-12-05T06:38:48.971885,-6.230,-1.480,1.270,0.974
2025-12-05T06:38:48.986999,-6.230,-1.480,1.270,0.974
2025-12-05T06:38:49.002561,-6.230,-1.480,1.270,0.974
2025-12-05T06:38:49.018664,-6.230,-1.480,1.270,0.974
2025-12-05T06:38:49.034809,-6.230,-1.480,1.270,0.974
2025-12-05T06:38:49.054768,-6.230,-1.480,1.270,0.974
2025-12-05T06:38:49.072098,-6.230,-1.480,1.270,0.974
2025-12-05T06:38:49.089793,-6.230,-1.480,1.270,0.974
2025-12-05T06:38:49.104111,-6.230,-1.480,1.270,0.974
2025-12-05T06:38:49.118930,-6.230,-1.480,1.270,0.974
2025-12-05T06:38:49.134267,-6.230,-1.480,1.270,0.974
2025-12-05T06:38:49.151175,-6.230,-1.480,1.270,0.974
2025-12-05T06:38:49.166705,-6.230,-1.480,1.270,0.974
2025-12-05T06:38:49.183716,-6.230,-1.480,1.270,0.974
2025-12-05T06:38:49.196365,-6.230,-1.480,1.270,0.974
2025-12-05T06:38:49.210691,-6.230,-1.480,1.270,0.974
2025-12-05T06:38:49.227648,-6.230,-1.480,1.270,0.974
2025-12-05T06:38:49.244678,-6.230,-1.480,1.270,0.974
2025-12-05T06:38:49.262802,-6.230,-1.480,1.270,0.974
2025-12-05T06:38:49.282277,-6.230,-1.480,1.270,0.974
2025-12-05T06:38:49.297638,-6.230,-1.480,1.270,0.974
2025-12-05T06:38:49.315896,-6.230,-1.480,1.270,0.974
2025-12-05T06:38:49.332010,-6.230,-1.480,1.270,0.974
2025-12-05T06:38:49.350266,-6.230,-1.480,1.270,0.974
2025-12-05T06:38:49.368389,-6.230,-1.480,1.270,0.974
2025-12-05T06:38:49.385375,-6.230,-1.480,1.270,0.974
2025-12-05T06:38:49.401752,-6.230,-1.480,1.270,0.974
2025-12-05T06:38:49.416161,-6.230,-1.480,1.270,0.974
2025-12-05T06:38:49.431782,-6.230,-1.480,1.270,0.974
2025-12-05T06:38:49.445617,-6.230,-1.480,1.270,0.974
2025-12-05T06:38:49.463047,-6.230,-1.480,1.270,0.974
2025-12-05T06:38:49.480880,-6.230,-1.480,1.270,0.974
2025-12-05T06:38:49.495530,-6.230,-1.480,1.270,0.974
2025-12-05T06:38:49.514402,-6.230,-1.480,1.270,0.974
2025-12-05T06:38:49.531374,-6.230,-1.480,1.270,0.974
2025-12-05T06:38:49.549889,-6.230,-1.480,1.270,0.974
2025-12-05T06:38:49.566957,-6.230,-1.480,1.270,0.974
2025-12-05T06:38:49.582100,-6.230,-1.480,1.270,0.974
2025-12-05T06:38:49.598675,-6.230,-1.480,1.270,0.974
2025-12-05T06:38:49.614175,-6.230,-1.480,1.270,0.974
2025-12-05T06:38:49.629997,-6.230,-1.480,1.270,0.974
2025-12-05T06:38:49.645650,-6.230,-1.480,1.270,0.974
2025-12-05T06:38:49.660774,-6.230,-1.480,1.270,0.974
2025-12-05T06:38:49.676961,-6.230,-1.480,1.270,0.974
2025-12-05T06:38:49.691174,-6.230,-1.480,1.270,0.974
2025-12-05T06:38:49.706685,-6.230,-1.480,1.270,0.974
2025-12-05T06:38:49.724016,-6.230,-1.480,1.270,0.974
2025-12-05T06:38:49.740119,-6.230,-1.480,1.270,0.974
2025-12-05T06:38:49.758125,-6.230,-1.480,1.270,0.974
2025-12-05T06:38:49.776772,-6.230,-1.480,1.270,0.974
2025-12-05T06:38:49.793335,-6.230,-1.480,1.270,0.974
2025-12-05T06:38:49.816083,-6.230,-1.480,1.270,0.974
2025-12-05T06:38:49.832784,-6.230,-1.480,1.270,0.974
2025-12-05T06:38:49.848943,-6.230,-1.480,1.270,0.974
2025-12-05T06:38:49.867109,-6.230,-1.480,1.270,0.974
2025-12-05T06:38:49.881867,-6.230,-1.480,1.270,0.974
2025-12-05T06:38:49.896843,-6.230,-1.480,1.270,0.974
2025-12-05T06:38:49.912431,-6.230,-1.480,1.270,0.974
2025-12-05T06:38:49.928716,-6.230,-1.480,1.270,0.974
2025-12-05T06:38:49.942850,-6.230,-1.480,1.270,0.974
2025-12-05T06:38:49.958773,-6.230,-1.480,1.270,0.974
2025-12-05T06:38:49.974878,-6.230,-1.480,1.270,0.974
2025-12-05T06:38:49.991775,-6.230,-1.480,1.270,0.974
2025-12-05T06:38:50.009101,-6.230,-1.480,1.270,0.974
2025-12-05T06:38:50.026925,-6.230,-1.480,1.270,0.974
2025-12-05T06:38:50.045021,-6.230,-1.480,1.270,0.974
2025-12-05T06:38:50.062509,-6.230,-1.480,1.270,0.974
2025-12-05T06:38:50.081575,-6.230,-1.480,1.270,0.974
2025-12-05T06:38:50.098661,-6.230,-1.480,1.270,0.974
2025-12-05T06:38:50.120387,-6.230,-1.480,1.270,0.974
2025-12-05T06:38:50.135090,-6.230,-1.480,1.270,0.974
2025-12-05T06:38:50.151853,-6.230,-1.480,1.270,0.974
2025-12-05T06:38:50.165652,-6.230,-1.480,1.270,0.974
2025-12-05T06:38:50.178554,-6.230,-1.480,1.270,0.974
2025-12-05T06:38:50.192032,-6.230,-1.480,1.270,0.974
2025-12-05T06:38:50.206513,-6.230,-1.480,1.270,0.974
2025-12-05T06:38:50.220673,-6.230,-1.480,1.270,0.974
2025-12-05T06:38:50.237058,-6.230,-1.480,1.270,0.974
2025-12-05T06:38:50.251391,-6.230,-1.480,1.270,0.974
2025-12-05T06:38:50.268208,-6.230,-1.480,1.270,0.974
2025-12-05T06:38:50.284657,-6.230,-1.480,1.270,0.974
2025-12-05T06:38:50.301731,-6.230,-1.480,1.270,0.974
2025-12-05T06:38:50.319765,-6.230,-1.480,1.270,0.974
2025-12-05T06:38:50.338528,-6.230,-1.480,1.270,0.974
2025-12-05T06:38:50.355174,-6.230,-1.480,1.270,0.974
2025-12-05T06:38:50.374008,-6.230,-1.480,1.270,0.974
2025-12-05T06:38:50.393336,-6.230,-1.480,1.270,0.974
2025-12-05T06:38:50.410635,-6.230,-1.480,1.270,0.974
2025-12-05T06:38:50.425615,-6.230,-1.480,1.270,0.974
2025-12-05T06:38:50.441180,-6.230,-1.480,1.270,0.974
2025-12-05T06:38:50.456578,-6.230,-1.480,1.270,0.974
2025-12-05T06:38:50.471346,-6.230,-1.480,1.270,0.974
2025-12-05T06:38:50.487351,-6.230,-1.480,1.270,0.974
2025-12-05T06:38:50.502898,-6.230,-1.480,1.270,0.974
2025-12-05T06:38:50.519176,-6.230,-1.480,1.270,0.974
2025-12-05T06:38:50.537958,-6.230,-1.480,1.270,0.974
2025-12-05T06:38:50.553932,-6.230,-1.480,1.270,0.974
2025-12-05T06:38:50.572200,-6.230,-1.480,1.270,0.974
2025-12-05T06:38:50.590497,-6.230,-1.480,1.270,0.974
2025-12-05T06:38:50.610737,-6.230,-1.480,1.270,0.974
2025-12-05T06:38:50.627824,-6.230,-1.480,1.270,0.974
2025-12-05T06:38:50.646347,-6.230,-1.480,1.270,0.974
2025-12-05T06:38:50.661327,-6.230,-1.480,1.270,0.974
2025-12-05T06:38:50.678534,-6.230,-1.480,1.270,0.974
2025-12-05T06:38:50.692860,-6.230,-1.480,1.270,0.974
2025-12-05T06:38:50.708401,-6.230,-1.480,1.270,0.974
2025-12-05T06:38:50.723776,-6.230,-1.480,1.270,0.974
2025-12-05T06:38:50.747237,-6.230,-1.480,1.270,0.974
2025-12-05T06:38:50.759292,-6.230,-1.480,1.270,0.974
2025-12-05T06:38:50.773753,-6.230,-1.480,1.270,0.974
2025-12-05T06:38:50.788109,-6.230,-1.480,1.270,0.974
2025-12-05T06:38:50.804146,-6.230,-1.480,1.270,0.974
2025-12-05T06:38:50.820240,-6.230,-1.480,1.270,0.974
2025-12-05T06:38:50.837029,-6.230,-1.480,1.270,0.974
2025-12-05T06:38:50.855187,-6.230,-1.480,1.270,0.974
2025-12-05T06:38:50.872090,-6.230,-1.480,1.270,0.974
2025-12-05T06:38:50.889187,-6.230,-1.480,1.270,0.974
2025-12-05T06:38:50.906338,-6.230,-1.480,1.270,0.974
2025-12-05T06:38:50.926090,-6.230,-1.480,1.270,0.974
2025-12-05T06:38:50.941791,-6.230,-1.480,1.270,0.974
2025-12-05T06:38:50.959026,-6.230,-1.480,1.270,0.974
2025-12-05T06:38:50.975993,-6.230,-1.480,1.270,0.974
2025-12-05T06:38:50.991596,-6.230,-1.480,1.270,0.974
2025-12-05T06:38:51.007724,-6.230,-1.480,1.270,0.974
2025-12-05T06:38:51.023774,-6.230,-1.480,1.270,0.974
2025-12-05T06:38:51.039721,-6.230,-1.480,1.270,0.974
2025-12-05T06:38:51.054331,-6.230,-1.480,1.270,0.974
2025-12-05T06:38:51.067729,-6.230,-1.480,1.270,0.974
2025-12-05T06:38:51.083777,-6.230,-1.480,1.270,0.974
2025-12-05T06:38:51.099204,-6.230,-1.480,1.270,0.974
2025-12-05T06:38:51.114444,-6.230,-1.480,1.270,0.974
2025-12-05T06:38:51.131131,-6.230,-1.480,1.270,0.974
2025-12-05T06:38:51.149524,-6.230,-1.480,1.270,0.974
2025-12-05T06:38:51.166601,-6.230,-1.480,1.270,0.974
2025-12-05T06:38:51.183923,-6.230,-1.480,1.270,0.974
2025-12-05T06:38:51.202962,-6.230,-1.480,1.270,0.974
2025-12-05T06:38:51.220046,-6.230,-1.480,1.270,0.974
2025-12-05T06:38:51.239177,-6.230,-1.480,1.270,0.974
2025-12-05T06:38:51.254075,-6.230,-1.480,1.270,0.974
2025-12-05T06:38:51.269059,-6.230,-1.480,1.270,0.974
2025-12-05T06:38:51.284237,-6.230,-1.480,1.270,0.974
2025-12-05T06:38:51.300039,-6.230,-1.480,1.270,0.974
2025-12-05T06:38:51.315655,-6.230,-1.480,1.270,0.974
2025-12-05T06:38:51.329875,-6.230,-1.480,1.270,0.974
2025-12-05T06:38:51.345574,-6.230,-1.480,1.270,0.974
2025-12-05T06:38:51.365772,-6.230,-1.480,1.270,0.974
2025-12-05T06:38:51.381764,-6.230,-1.480,1.270,0.974
2025-12-05T06:38:51.396975,-6.230,-1.480,1.270,0.974
2025-12-05T06:38:51.413731,-6.230,-1.480,1.270,0.974
2025-12-05T06:38:51.431030,-6.230,-1.480,1.270,0.974
2025-12-05T06:38:51.448177,-6.230,-1.480,1.270,0.974
2025-12-05T06:38:51.467859,-6.230,-1.480,1.270,0.974
2025-12-05T06:38:51.484365,-6.230,-1.480,1.270,0.974
2025-12-05T06:38:51.501568,-6.230,-1.480,1.270,0.974
2025-12-05T06:38:51.518205,-6.230,-1.480,1.270,0.974
2025-12-05T06:38:51.532875,-6.230,-1.480,1.270,0.974
2025-12-05T06:38:51.548249,-6.230,-1.480,1.270,0.974
2025-12-05T06:38:51.564927,-6.230,-1.480,1.270,0.974
2025-12-05T06:38:51.580116,-6.230,-1.480,1.270,0.974
2025-12-05T06:38:51.598951,-6.230,-1.480,1.270,0.974
2025-12-05T06:38:51.615511,-6.230,-1.480,1.270,0.974
2025-12-05T06:38:51.632675,-6.230,-1.480,1.270,0.974
2025-12-05T06:38:51.652118,-6.230,-1.480,1.270,0.974
2025-12-05T06:38:51.668280,-6.230,-1.480,1.270,0.974
2025-12-05T06:38:51.683642,-6.230,-1.480,1.270,0.974
2025-12-05T06:38:51.700207,-6.230,-1.480,1.270,0.974
2025-12-05T06:38:51.716053,-6.230,-1.480,1.270,0.974
2025-12-05T06:38:51.732739,-6.230,-1.480,1.270,0.974
2025-12-05T06:38:51.745323,-6.230,-1.480,1.270,0.974
2025-12-05T06:38:51.761745,-6.230,-1.480,1.270,0.974
2025-12-05T06:38:51.776418,-6.230,-1.480,1.270,0.974
2025-12-05T06:38:51.791806,-6.230,-1.480,1.270,0.974
2025-12-05T06:38:51.806383,-6.230,-1.480,1.270,0.974
2025-12-05T06:38:51.822326,-6.230,-1.480,1.270,0.974
2025-12-05T06:38:51.840213,-6.230,-1.480,1.270,0.974
2025-12-05T06:38:51.864824,-6.230,-1.480,1.270,0.974
2025-12-05T06:38:51.877694,-6.230,-1.480,1.270,0.974
2025-12-05T06:38:51.894014,-6.230,-1.480,1.270,0.974
2025-12-05T06:38:51.911236,-6.230,-1.480,1.270,0.974
2025-12-05T06:38:51.928034,-6.230,-1.480,1.270,0.974
2025-12-05T06:38:51.943623,-6.230,-1.480,1.270,0.974
2025-12-05T06:38:51.958574,-6.230,-1.480,1.270,0.974
2025-12-05T06:38:51.978796,-6.230,-1.480,1.270,0.974
2025-12-05T06:38:51.992138,-6.230,-1.480,1.270,0.974
2025-12-05T06:38:52.004885,-6.230,-1.480,1.270,0.974
2025-12-05T06:38:52.020089,-6.230,-1.480,1.270,0.974
2025-12-05T06:38:52.034801,-6.230,-1.480,1.270,0.974
2025-12-05T06:38:52.049731,-6.230,-1.480,1.270,0.974
2025-12-05T06:38:52.064861,-6.230,-1.480,1.270,0.974
2025-12-05T06:38:52.082561,-6.230,-1.480,1.270,0.974
2025-12-05T06:38:52.099083,-6.230,-1.480,1.270,0.974
2025-12-05T06:38:52.116038,-6.230,-1.480,1.270,0.974
2025-12-05T06:38:52.133422,-6.230,-1.480,1.270,0.974
2025-12-05T06:38:52.151400,-6.230,-1.480,1.270,0.974
2025-12-05T06:38:52.169909,-6.230,-1.480,1.270,0.974
2025-12-05T06:38:52.187705,-6.230,-1.480,1.270,0.974
2025-12-05T06:38:52.205712,-6.230,-1.480,1.270,0.974
2025-12-05T06:38:52.223495,-6.230,-1.480,1.270,0.974
2025-12-05T06:38:52.240533,-6.230,-1.480,1.270,0.974
2025-12-05T06:38:52.257694,-6.230,-1.480,1.270,0.974
2025-12-05T06:38:52.273549,-6.230,-1.480,1.270,0.974
2025-12-05T06:38:52.295469,-6.230,-1.480,1.270,0.974
2025-12-05T06:38:52.303444,-6.230,-1.480,1.270,0.974
2025-12-05T06:38:52.318018,-6.230,-1.480,1.270,0.974
2025-12-05T06:38:52.332976,-6.230,-1.480,1.270,0.974
2025-12-05T06:38:52.346157,-6.230,-1.480,1.270,0.974
2025-12-05T06:38:52.361177,-6.230,-1.480,1.270,0.974
2025-12-05T06:38:52.377383,-6.230,-1.480,1.270,0.974
2025-12-05T06:38:52.392519,-6.230,-1.480,1.270,0.974
2025-12-05T06:38:52.408854,-6.230,-1.480,1.270,0.974
2025-12-05T06:38:52.426623,-6.230,-1.480,1.270,0.974
2025-12-05T06:38:52.445539,-6.230,-1.480,1.270,0.974
2025-12-05T06:38:52.463172,-6.230,-1.480,1.270,0.974
2025-12-05T06:38:52.480837,-6.230,-1.480,1.270,0.974
2025-12-05T06:38:52.498598,-6.230,-1.480,1.270,0.974
2025-12-05T06:38:52.514921,-6.230,-1.480,1.270,0.974
2025-12-05T06:38:52.532816,-6.230,-1.480,1.270,0.974
2025-12-05T06:38:52.548597,-6.230,-1.480,1.270,0.974
2025-12-05T06:38:52.564299,-6.230,-1.480,1.270,0.974
2025-12-05T06:38:52.580577,-6.230,-1.480,1.270,0.974
2025-12-05T06:38:52.602073,-6.230,-1.480,1.270,0.974
2025-12-05T06:38:52.615237,-6.230,-1.480,1.270,0.974
2025-12-05T06:38:52.629654,-6.230,-1.480,1.270,0.974
2025-12-05T06:38:52.644693,-6.230,-1.480,1.270,0.974
2025-12-05T06:38:52.659374,-6.230,-1.480,1.270,0.974
2025-12-05T06:38:52.676003,-6.230,-1.480,1.270,0.974
2025-12-05T06:38:52.691073,-6.230,-1.480,1.270,0.974
2025-12-05T06:38:52.708439,-6.230,-1.480,1.270,0.974
2025-12-05T06:38:52.724275,-6.230,-1.480,1.270,0.974
2025-12-05T06:38:52.741918,-6.230,-1.480,1.270,0.974
2025-12-05T06:38:52.758211,-6.230,-1.480,1.270,0.974
2025-12-05T06:38:52.777999,-6.230,-1.480,1.270,0.974
2025-12-05T06:38:52.792681,-6.230,-1.480,1.270,0.974
2025-12-05T06:38:52.811869,-6.230,-1.480,1.270,0.974
2025-12-05T06:38:52.829772,-6.230,-1.480,1.270,0.974
2025-12-05T06:38:52.849205,-6.230,-1.480,1.270,0.974
2025-12-05T06:38:52.865213,-6.230,-1.480,1.270,0.974
2025-12-05T06:38:52.879552,-6.230,-1.480,1.270,0.974
2025-12-05T06:38:52.896749,-6.230,-1.480,1.270,0.974
2025-12-05T06:38:52.911345,-6.230,-1.480,1.270,0.974
2025-12-05T06:38:52.924150,-6.230,-1.480,1.270,0.974
2025-12-05T06:38:52.938161,-6.230,-1.480,1.270,0.974
2025-12-05T06:38:52.954262,-6.230,-1.480,1.270,0.974
2025-12-05T06:38:52.972813,-6.230,-1.480,1.270,0.974
2025-12-05T06:38:52.988989,-6.230,-1.480,1.270,0.974
2025-12-05T06:38:53.005908,-6.230,-1.480,1.270,0.974
2025-12-05T06:38:53.025042,-6.230,-1.480,1.270,0.974
2025-12-05T06:38:53.045205,-6.230,-1.480,1.270,0.974
2025-12-05T06:38:53.057936,-6.230,-1.480,1.270,0.974
2025-12-05T06:38:53.076386,-6.230,-1.480,1.270,0.974
2025-12-05T06:38:53.095007,-6.230,-1.480,1.270,0.974
2025-12-05T06:38:53.113501,-6.230,-1.480,1.270,0.974
2025-12-05T06:38:53.131238,-6.230,-1.480,1.270,0.974
2025-12-05T06:38:53.144349,-6.230,-1.480,1.270,0.974
2025-12-05T06:38:53.160670,-6.230,-1.480,1.270,0.974
2025-12-05T06:38:53.174408,-6.230,-1.480,1.270,0.974
2025-12-05T06:38:53.189201,-6.230,-1.480,1.270,0.974
2025-12-05T06:38:53.204738,-6.230,-1.480,1.270,0.974
2025-12-05T06:38:53.226118,-6.230,-1.480,1.270,0.974
2025-12-05T06:38:53.241000,-6.230,-1.480,1.270,0.974
2025-12-05T06:38:53.257588,-6.230,-1.480,1.270,0.974
2025-12-05T06:38:53.273857,-6.230,-1.480,1.270,0.974
2025-12-05T06:38:53.290981,-6.230,-1.480,1.270,0.974
2025-12-05T06:38:53.309100,-6.230,-1.480,1.270,0.974
2025-12-05T06:38:53.325254,-6.230,-1.480,1.270,0.974
2025-12-05T06:38:53.342589,-6.230,-1.480,1.270,0.974
2025-12-05T06:38:53.359194,-6.230,-1.480,1.270,0.974
2025-12-05T06:38:53.373593,-6.230,-1.480,1.270,0.974
2025-12-05T06:38:53.386655,-6.230,-1.480,1.270,0.974
2025-12-05T06:38:53.401792,-6.230,-1.480,1.270,0.974
2025-12-05T06:38:53.417484,-6.230,-1.480,1.270,0.974
2025-12-05T06:38:53.434229,-6.230,-1.480,1.270,0.974
2025-12-05T06:38:53.449559,-6.230,-1.480,1.270,0.974
2025-12-05T06:38:53.466725,-6.230,-1.480,1.270,0.974
2025-12-05T06:38:53.484744,-6.230,-1.480,1.270,0.974
2025-12-05T06:38:53.502063,-6.230,-1.480,1.270,0.974
2025-12-05T06:38:53.519814,-6.230,-1.480,1.270,0.974
2025-12-05T06:38:53.536476,-6.230,-1.480,1.270,0.974
2025-12-05T06:38:53.554054,-6.230,-1.480,1.270,0.974
2025-12-05T06:38:53.571511,-6.230,-1.480,1.270,0.974
2025-12-05T06:38:53.588814,-6.230,-1.480,1.270,0.974
2025-12-05T06:38:53.604102,-6.230,-1.480,1.270,0.974
2025-12-05T06:38:53.619102,-6.230,-1.480,1.270,0.974
2025-12-05T06:38:53.633195,-6.230,-1.480,1.270,0.974
2025-12-05T06:38:53.650813,-6.230,-1.480,1.270,0.974
2025-12-05T06:38:53.668404,-6.230,-1.480,1.270,0.974
2025-12-05T06:38:53.683149,-6.230,-1.480,1.270,0.974
2025-12-05T06:38:53.699979,-6.230,-1.480,1.270,0.974
2025-12-05T06:38:53.716285,-6.230,-1.480,1.270,0.974
2025-12-05T06:38:53.733380,-6.230,-1.480,1.270,0.974
2025-12-05T06:38:53.751761,-6.230,-1.480,1.270,0.974
2025-12-05T06:38:53.770190,-6.230,-1.480,1.270,0.974
2025-12-05T06:38:53.787426,-6.230,-1.480,1.270,0.974
2025-12-05T06:38:53.804292,-6.230,-1.480,1.270,0.974
2025-12-05T06:38:53.821544,-6.230,-1.480,1.270,0.974
2025-12-05T06:38:53.837520,-6.230,-1.480,1.270,0.974
2025-12-05T06:38:53.853810,-6.230,-1.480,1.270,0.974
2025-12-05T06:38:53.870961,-6.230,-1.480,1.270,0.974
2025-12-05T06:38:53.885853,-6.230,-1.480,1.270,0.974
2025-12-05T06:38:53.900084,-6.230,-1.480,1.270,0.974
2025-12-05T06:38:53.914201,-6.230,-1.480,1.270,0.974
2025-12-05T06:38:53.930315,-6.230,-1.480,1.270,0.974
2025-12-05T06:38:53.946821,-6.230,-1.480,1.270,0.974
2025-12-05T06:38:53.963154,-6.230,-1.480,1.270,0.974
2025-12-05T06:38:53.980783,-6.230,-1.480,1.270,0.974
2025-12-05T06:38:53.997919,-6.230,-1.480,1.270,0.974
2025-12-05T06:38:54.016361,-6.230,-1.480,1.270,0.974
2025-12-05T06:38:54.035176,-6.230,-1.480,1.270,0.974
2025-12-05T06:38:54.052924,-6.230,-1.480,1.270,0.974
2025-12-05T06:38:54.071029,-6.230,-1.480,1.270,0.974
2025-12-05T06:38:54.090502,-6.230,-1.480,1.270,0.974
2025-12-05T06:38:54.111365,-6.230,-1.480,1.270,0.974
2025-12-05T06:38:54.126223,-6.230,-1.480,1.270,0.974
2025-12-05T06:38:54.142677,-6.230,-1.480,1.270,0.974
2025-12-05T06:38:54.156955,-6.230,-1.480,1.270,0.974
2025-12-05T06:38:54.171302,-6.230,-1.480,1.270,0.974
2025-12-05T06:38:54.185959,-6.230,-1.480,1.270,0.974
2025-12-05T06:38:54.200600,-6.230,-1.480,1.270,0.974
2025-12-05T06:38:54.214598,-6.230,-1.480,1.270,0.974
2025-12-05T06:38:54.230698,-6.230,-1.480,1.270,0.974
2025-12-05T06:38:54.244416,-6.230,-1.480,1.270,0.974
2025-12-05T06:38:54.262044,-6.230,-1.480,1.270,0.974
2025-12-05T06:38:54.278716,-6.230,-1.480,1.270,0.974
2025-12-05T06:38:54.296368,-6.230,-1.480,1.270,0.974
2025-12-05T06:38:54.313919,-6.230,-1.480,1.270,0.974
2025-12-05T06:38:54.331109,-6.230,-1.480,1.270,0.974
2025-12-05T06:38:54.349707,-6.230,-1.480,1.270,0.974
2025-12-05T06:38:54.367064,-6.230,-1.480,1.270,0.974
2025-12-05T06:38:54.384869,-6.230,-1.480,1.270,0.974
2025-12-05T06:38:54.402977,-6.230,-1.480,1.270,0.974
2025-12-05T06:38:54.421762,-6.230,-1.480,1.270,0.974
2025-12-05T06:38:54.437818,-6.230,-1.480,1.270,0.974
2025-12-05T06:38:54.455869,-6.230,-1.480,1.270,0.974
2025-12-05T06:38:54.470674,-6.230,-1.480,1.270,0.974
2025-12-05T06:38:54.484349,-6.230,-1.480,1.270,0.974
2025-12-05T06:38:54.498761,-6.230,-1.480,1.270,0.974
2025-12-05T06:38:54.512662,-6.230,-1.480,1.270,0.974
2025-12-05T06:38:54.528137,-6.230,-1.480,1.270,0.974
2025-12-05T06:38:54.543688,-6.230,-1.480,1.270,0.974
2025-12-05T06:38:54.560473,-6.230,-1.480,1.270,0.974
2025-12-05T06:38:54.576961,-6.230,-1.480,1.270,0.974
2025-12-05T06:38:54.595220,-6.230,-1.480,1.270,0.974
2025-12-05T06:38:54.613006,-6.230,-1.480,1.270,0.974
2025-12-05T06:38:54.632416,-6.230,-1.480,1.270,0.974
2025-12-05T06:38:54.650414,-6.230,-1.480,1.270,0.974
2025-12-05T06:38:54.668807,-6.230,-1.480,1.270,0.974
2025-12-05T06:38:54.686350,-6.230,-1.480,1.270,0.974
2025-12-05T06:38:54.702322,-6.230,-1.480,1.270,0.974
2025-12-05T06:38:54.718736,-6.230,-1.480,1.270,0.974
2025-12-05T06:38:54.735843,-6.230,-1.480,1.270,0.974
2025-12-05T06:38:54.751650,-6.230,-1.480,1.270,0.974
2025-12-05T06:38:54.768185,-6.230,-1.480,1.270,0.974
2025-12-05T06:38:54.784994,-6.230,-1.480,1.270,0.974
2025-12-05T06:38:54.796281,-6.230,-1.480,1.270,0.974
2025-12-05T06:38:54.809866,-6.230,-1.480,1.270,0.974
2025-12-05T06:38:54.825658,-6.230,-1.480,1.270,0.974
2025-12-05T06:38:54.841740,-6.230,-1.480,1.270,0.974
2025-12-05T06:38:54.854615,-6.230,-1.480,1.270,0.974
2025-12-05T06:38:54.871291,-6.230,-1.480,1.270,0.974
2025-12-05T06:38:54.888214,-6.230,-1.480,1.270,0.974
2025-12-05T06:38:54.906153,-6.230,-1.480,1.270,0.974
2025-12-05T06:38:54.924699,-6.230,-1.480,1.270,0.974
2025-12-05T06:38:54.942326,-6.230,-1.480,1.270,0.974
2025-12-05T06:38:54.961811,-6.230,-1.480,1.270,0.974
2025-12-05T06:38:54.979191,-6.230,-1.480,1.270,0.974
2025-12-05T06:38:54.997801,-6.230,-1.480,1.270,0.974
2025-12-05T06:38:55.015281,-6.230,-1.480,1.270,0.974
2025-12-05T06:38:55.032543,-6.230,-1.480,1.270,0.974
2025-12-05T06:38:55.048202,-6.230,-1.480,1.270,0.974
2025-12-05T06:38:55.062119,-6.230,-1.480,1.270,0.974
2025-12-05T06:38:55.082048,-6.230,-1.480,1.270,0.974
2025-12-05T06:38:55.096634,-6.230,-1.480,1.270,0.974
2025-12-05T06:38:55.109722,-6.230,-1.480,1.270,0.974
2025-12-05T06:38:55.124164,-6.230,-1.480,1.270,0.974
2025-12-05T06:38:55.137703,-6.230,-1.480,1.270,0.974
2025-12-05T06:38:55.152325,-6.230,-1.480,1.270,0.974
2025-12-05T06:38:55.168388,-6.230,-1.480,1.270,0.974
2025-12-05T06:38:55.183944,-6.230,-1.480,1.270,0.974
2025-12-05T06:38:55.199991,-6.230,-1.480,1.270,0.974
2025-12-05T06:38:55.217564,-6.230,-1.480,1.270,0.974
2025-12-05T06:38:55.237837,-6.230,-1.480,1.270,0.974
2025-12-05T06:38:55.252401,-6.230,-1.480,1.270,0.974
2025-12-05T06:38:55.269670,-6.230,-1.480,1.270,0.974
2025-12-05T06:38:55.306906,-6.230,-1.480,1.270,0.974
2025-12-05T06:38:55.316278,-6.230,-1.480,1.270,0.974
2025-12-05T06:38:55.331766,-6.230,-1.480,1.270,0.974
2025-12-05T06:38:55.348047,-6.230,-1.480,1.270,0.974
2025-12-05T06:38:55.367609,-6.230,-1.480,1.270,0.974
2025-12-05T06:38:55.387586,-6.230,-1.480,1.270,0.974
2025-12-05T06:38:55.401832,-6.230,-1.480,1.270,0.974
2025-12-05T06:38:55.417009,-6.230,-1.480,1.270,0.974
2025-12-05T06:38:55.430820,-6.230,-1.480,1.270,0.974
2025-12-05T06:38:55.444643,-6.230,-1.480,1.270,0.974
2025-12-05T06:38:55.459111,-6.230,-1.480,1.270,0.974
2025-12-05T06:38:55.472533,-6.230,-1.480,1.270,0.974
2025-12-05T06:38:55.487024,-6.230,-1.480,1.270,0.974
2025-12-05T06:38:55.501311,-6.230,-1.480,1.270,0.974
2025-12-05T06:38:55.516666,-6.230,-1.480,1.270,0.974
2025-12-05T06:38:55.535010,-6.230,-1.480,1.270,0.974
2025-12-05T06:38:55.549235,-6.230,-1.480,1.270,0.974
2025-12-05T06:38:55.565717,-6.230,-1.480,1.270,0.974
2025-12-05T06:38:55.582909,-6.230,-1.480,1.270,0.974
2025-12-05T06:38:55.600984,-6.230,-1.480,1.270,0.974
2025-12-05T06:38:55.619135,-6.230,-1.480,1.270,0.974
2025-12-05T06:38:55.637356,-6.230,-1.480,1.270,0.974
2025-12-05T06:38:55.654749,-6.230,-1.480,1.270,0.974
2025-12-05T06:38:55.672823,-6.230,-1.480,1.270,0.974
2025-12-05T06:38:55.689215,-6.230,-1.480,1.270,0.974
2025-12-05T06:38:55.704736,-6.230,-1.480,1.270,0.974
2025-12-05T06:38:55.720326,-6.230,-1.480,1.270,0.974
2025-12-05T06:38:55.736057,-6.230,-1.480,1.270,0.974
2025-12-05T06:38:55.750247,-6.230,-1.480,1.270,0.974
2025-12-05T06:38:55.765643,-6.230,-1.480,1.270,0.974
2025-12-05T06:38:55.782100,-6.230,-1.480,1.270,0.974
2025-12-05T06:38:55.799077,-6.230,-1.480,1.270,0.974
2025-12-05T06:38:55.814980,-6.230,-1.480,1.270,0.974
2025-12-05T06:38:55.832664,-6.230,-1.480,1.270,0.974
2025-12-05T06:38:55.852445,-6.230,-1.480,1.270,0.974
2025-12-05T06:38:55.867077,-6.230,-1.480,1.270,0.974
2025-12-05T06:38:55.882580,-6.230,-1.480,1.270,0.974
2025-12-05T06:38:55.901584,-6.230,-1.480,1.270,0.974
2025-12-05T06:38:55.919810,-6.230,-1.480,1.270,0.974
2025-12-05T06:38:55.935742,-6.230,-1.480,1.270,0.974
2025-12-05T06:38:55.953606,-6.230,-1.480,1.270,0.974
2025-12-05T06:38:55.970790,-6.230,-1.480,1.270,0.974
2025-12-05T06:38:55.987407,-6.230,-1.480,1.270,0.974
2025-12-05T06:38:56.003654,-6.230,-1.480,1.270,0.974
2025-12-05T06:38:56.018928,-6.230,-1.480,1.270,0.974
2025-12-05T06:38:56.034441,-6.230,-1.480,1.270,0.974
2025-12-05T06:38:56.048591,-6.230,-1.480,1.270,0.974
2025-12-05T06:38:56.064833,-6.230,-1.480,1.270,0.974
2025-12-05T06:38:56.080423,-6.230,-1.480,1.270,0.974
2025-12-05T06:38:56.096605,-6.230,-1.480,1.270,0.974
2025-12-05T06:38:56.113226,-6.230,-1.480,1.270,0.974
2025-12-05T06:38:56.130805,-6.230,-1.480,1.270,0.974
2025-12-05T06:38:56.148564,-6.230,-1.480,1.270,0.974
2025-12-05T06:38:56.165017,-6.230,-1.480,1.270,0.974
2025-12-05T06:38:56.182990,-6.230,-1.480,1.270,0.974
2025-12-05T06:38:56.201374,-6.230,-1.480,1.270,0.974
2025-12-05T06:38:56.220530,-6.230,-1.480,1.270,0.974
2025-12-05T06:38:56.237206,-6.230,-1.480,1.270,0.974
2025-12-05T06:38:56.253556,-6.230,-1.480,1.270,0.974
2025-12-05T06:38:56.269090,-6.230,-1.480,1.270,0.974
2025-12-05T06:38:56.285771,-6.230,-1.480,1.270,0.974
2025-12-05T06:38:56.300734,-6.230,-1.480,1.270,0.974
2025-12-05T06:38:56.317215,-6.230,-1.480,1.270,0.974
2025-12-05T06:38:56.329598,-6.230,-1.480,1.270,0.974
2025-12-05T06:38:56.346412,-6.230,-1.480,1.270,0.974
2025-12-05T06:38:56.360380,-6.230,-1.480,1.270,0.974
2025-12-05T06:38:56.377505,-6.230,-1.480,1.270,0.974
2025-12-05T06:38:56.390971,-6.230,-1.480,1.270,0.974
2025-12-05T06:38:56.409335,-6.230,-1.480,1.270,0.974
2025-12-05T06:38:56.425847,-6.230,-1.480,1.270,0.974
2025-12-05T06:38:56.444221,-6.230,-1.480,1.270,0.974
2025-12-05T06:38:56.462685,-6.230,-1.480,1.270,0.974
2025-12-05T06:38:56.482874,-6.230,-1.480,1.270,0.974
2025-12-05T06:38:56.498333,-6.230,-1.480,1.270,0.974
2025-12-05T06:38:56.514860,-6.230,-1.480,1.270,0.974
2025-12-05T06:38:56.533860,-6.230,-1.480,1.270,0.974
2025-12-05T06:38:56.548582,-6.230,-1.480,1.270,0.974
2025-12-05T06:38:56.562554,-6.230,-1.480,1.270,0.974
2025-12-05T06:38:56.578061,-6.230,-1.480,1.270,0.974
2025-12-05T06:38:56.591542,-6.230,-1.480,1.270,0.974
2025-12-05T06:38:56.607856,-6.230,-1.480,1.270,0.974
2025-12-05T06:38:56.624109,-6.230,-1.480,1.270,0.974
2025-12-05T06:38:56.638616,-6.230,-1.480,1.270,0.974
2025-12-05T06:38:56.654875,-6.230,-1.480,1.270,0.974
2025-12-05T06:38:56.673041,-6.230,-1.480,1.270,0.974
2025-12-05T06:38:56.690589,-6.230,-1.480,1.270,0.974
2025-12-05T06:38:56.708150,-6.230,-1.480,1.270,0.974
2025-12-05T06:38:56.726775,-6.230,-1.480,1.270,0.974
2025-12-05T06:38:56.744271,-6.230,-1.480,1.270,0.974
2025-12-05T06:38:56.761783,-6.230,-1.480,1.270,0.974
2025-12-05T06:38:56.778193,-6.230,-1.480,1.270,0.974
2025-12-05T06:38:56.795549,-6.230,-1.480,1.270,0.974
2025-12-05T06:38:56.811262,-6.230,-1.480,1.270,0.974
2025-12-05T06:38:56.825798,-6.230,-1.480,1.270,0.974
2025-12-05T06:38:56.841622,-6.230,-1.480,1.270,0.974
2025-12-05T06:38:56.854420,-6.230,-1.480,1.270,0.974
2025-12-05T06:38:56.871044,-6.230,-1.480,1.270,0.974
2025-12-05T06:38:56.885359,-6.230,-1.480,1.270,0.974
2025-12-05T06:38:56.901991,-6.230,-1.480,1.270,0.974
2025-12-05T06:38:56.918979,-6.230,-1.480,1.270,0.974
2025-12-05T06:38:56.935724,-6.230,-1.480,1.270,0.974
2025-12-05T06:38:56.952742,-6.230,-1.480,1.270,0.974
2025-12-05T06:38:56.970583,-6.230,-1.480,1.270,0.974
2025-12-05T06:38:56.988243,-6.230,-1.480,1.270,0.974
2025-12-05T06:38:57.005219,-6.230,-1.480,1.270,0.974
2025-12-05T06:38:57.022141,-6.230,-1.480,1.270,0.974
2025-12-05T06:38:57.041605,-6.230,-1.480,1.270,0.974
2025-12-05T06:38:57.057757,-6.230,-1.480,1.270,0.974
2025-12-05T06:38:57.075049,-6.230,-1.480,1.270,0.974
2025-12-05T06:38:57.089651,-6.230,-1.480,1.270,0.974
2025-12-05T06:38:57.105913,-6.230,-1.480,1.270,0.974
2025-12-05T06:38:57.120523,-6.230,-1.480,1.270,0.974
2025-12-05T06:38:57.136600,-6.230,-1.480,1.270,0.974
2025-12-05T06:38:57.151150,-6.230,-1.480,1.270,0.974
2025-12-05T06:38:57.168245,-6.230,-1.480,1.270,0.974
2025-12-05T06:38:57.186265,-6.230,-1.480,1.270,0.974
2025-12-05T06:38:57.206536,-6.230,-1.480,1.270,0.974
2025-12-05T06:38:57.223432,-6.230,-1.480,1.270,0.974
2025-12-05T06:38:57.240368,-6.230,-1.480,1.270,0.974
2025-12-05T06:38:57.258886,-6.230,-1.480,1.270,0.974
2025-12-05T06:38:57.276061,-6.230,-1.480,1.270,0.974
2025-12-05T06:38:57.294157,-6.230,-1.480,1.270,0.974
2025-12-05T06:38:57.311943,-6.230,-1.480,1.270,0.974
2025-12-05T06:38:57.328079,-6.230,-1.480,1.270,0.974
2025-12-05T06:38:57.345937,-6.230,-1.480,1.270,0.974
2025-12-05T06:38:57.362196,-6.230,-1.480,1.270,0.974
2025-12-05T06:38:57.374941,-6.230,-1.480,1.270,0.974
2025-12-05T06:38:57.388125,-6.230,-1.480,1.270,0.974
2025-12-05T06:38:57.404152,-6.230,-1.480,1.270,0.974
2025-12-05T06:38:57.418108,-6.230,-1.480,1.270,0.974
2025-12-05T06:38:57.434794,-6.230,-1.480,1.270,0.974
2025-12-05T06:38:57.451181,-6.230,-1.480,1.270,0.974
2025-12-05T06:38:57.468312,-6.230,-1.480,1.270,0.974
2025-12-05T06:38:57.484547,-6.230,-1.480,1.270,0.974
2025-12-05T06:38:57.501658,-6.230,-1.480,1.270,0.974
2025-12-05T06:38:57.520160,-6.230,-1.480,1.270,0.974
2025-12-05T06:38:57.536969,-6.230,-1.480,1.270,0.974
2025-12-05T06:38:57.559945,-6.230,-1.480,1.270,0.974
2025-12-05T06:38:57.577100,-6.230,-1.480,1.270,0.974
2025-12-05T06:38:57.596912,-6.230,-1.480,1.270,0.974
2025-12-05T06:38:57.610670,-6.230,-1.480,1.270,0.974
2025-12-05T06:38:57.628246,-6.230,-1.480,1.270,0.974
2025-12-05T06:38:57.639920,-6.230,-1.480,1.270,0.974
2025-12-05T06:38:57.655906,-6.230,-1.480,1.270,0.974
2025-12-05T06:38:57.668639,-6.230,-1.480,1.270,0.974
2025-12-05T06:38:57.683560,-6.230,-1.480,1.270,0.974
2025-12-05T06:38:57.697210,-6.230,-1.480,1.270,0.974
2025-12-05T06:38:57.712866,-6.230,-1.480,1.270,0.974
2025-12-05T06:38:57.728340,-6.230,-1.480,1.270,0.974
2025-12-05T06:38:57.744771,-6.230,-1.480,1.270,0.974
2025-12-05T06:38:57.762092,-6.230,-1.480,1.270,0.974
2025-12-05T06:38:57.780223,-6.230,-1.480,1.270,0.974
2025-12-05T06:38:57.798462,-6.230,-1.480,1.270,0.974
2025-12-05T06:38:57.814777,-6.230,-1.480,1.270,0.974
2025-12-05T06:38:57.833072,-6.230,-1.480,1.270,0.974
2025-12-05T06:38:57.851311,-6.230,-1.480,1.270,0.974
2025-12-05T06:38:57.868825,-6.230,-1.480,1.270,0.974
2025-12-05T06:38:57.885976,-6.230,-1.480,1.270,0.974
2025-12-05T06:38:57.902730,-6.230,-1.480,1.270,0.974
2025-12-05T06:38:57.919985,-6.230,-1.480,1.270,0.974
2025-12-05T06:38:57.935985,-6.230,-1.480,1.270,0.974
2025-12-05T06:38:57.951505,-6.230,-1.480,1.270,0.974
2025-12-05T06:38:57.965755,-6.230,-1.480,1.270,0.974
2025-12-05T06:38:57.980558,-6.230,-1.480,1.270,0.974
2025-12-05T06:38:57.996314,-6.230,-1.480,1.270,0.974
2025-12-05T06:38:58.010580,-6.230,-1.480,1.270,0.974
2025-12-05T06:38:58.026503,-6.230,-1.480,1.270,0.974
2025-12-05T06:38:58.042046,-6.230,-1.480,1.270,0.974
2025-12-05T06:38:58.060039,-6.230,-1.480,1.270,0.974
2025-12-05T06:38:58.077779,-6.230,-1.480,1.270,0.974
2025-12-05T06:38:58.095956,-6.230,-1.480,1.270,0.974
2025-12-05T06:38:58.113160,-6.230,-1.480,1.270,0.974
2025-12-05T06:38:58.131624,-6.230,-1.480,1.270,0.974
2025-12-05T06:38:58.149596,-6.230,-1.480,1.270,0.974
2025-12-05T06:38:58.167090,-6.230,-1.480,1.270,0.974
2025-12-05T06:38:58.187054,-6.230,-1.480,1.270,0.974
2025-12-05T06:38:58.202790,-6.230,-1.480,1.270,0.974
2025-12-05T06:38:58.219087,-6.230,-1.480,1.270,0.974
2025-12-05T06:38:58.234025,-6.230,-1.480,1.270,0.974
2025-12-05T06:38:58.251188,-6.230,-1.480,1.270,0.974
2025-12-05T06:38:58.266673,-6.230,-1.480,1.270,0.974
2025-12-05T06:38:58.282852,-6.230,-1.480,1.270,0.974
2025-12-05T06:38:58.296940,-6.230,-1.480,1.270,0.974
2025-12-05T06:38:58.313773,-6.230,-1.480,1.270,0.974
2025-12-05T06:38:58.329919,-6.230,-1.480,1.270,0.974
2025-12-05T06:38:58.348752,-6.230,-1.480,1.270,0.974
2025-12-05T06:38:58.366501,-6.230,-1.480,1.270,0.974
2025-12-05T06:38:58.383379,-6.230,-1.480,1.270,0.974
2025-12-05T06:38:58.402392,-6.230,-1.480,1.270,0.974
2025-12-05T06:38:58.420323,-6.230,-1.480,1.270,0.974
2025-12-05T06:38:58.439644,-6.230,-1.480,1.270,0.974
2025-12-05T06:38:58.454001,-6.230,-1.480,1.270,0.974
2025-12-05T06:38:58.473558,-6.230,-1.480,1.270,0.974
2025-12-05T06:38:58.492299,-6.230,-1.480,1.270,0.974
2025-12-05T06:38:58.507822,-6.230,-1.480,1.270,0.974
2025-12-05T06:38:58.522496,-6.230,-1.480,1.270,0.974
2025-12-05T06:38:58.537852,-6.230,-1.480,1.270,0.974
2025-12-05T06:38:58.552230,-6.230,-1.480,1.270,0.974
2025-12-05T06:38:58.566683,-6.230,-1.480,1.270,0.974
2025-12-05T06:38:58.581208,-6.230,-1.480,1.270,0.974
2025-12-05T06:38:58.598648,-6.230,-1.480,1.270,0.974
2025-12-05T06:38:58.615181,-6.230,-1.480,1.270,0.974
2025-12-05T06:38:58.629282,-6.230,-1.480,1.270,0.974
2025-12-05T06:38:58.645921,-6.230,-1.480,1.270,0.974
2025-12-05T06:38:58.679442,-6.230,-1.480,1.270,0.974
2025-12-05T06:38:58.693315,-6.230,-1.480,1.270,0.974
2025-12-05T06:38:58.709870,-6.230,-1.480,1.270,0.974
2025-12-05T06:38:58.725295,-6.230,-1.480,1.270,0.974
2025-12-05T06:38:58.740860,-6.230,-1.480,1.270,0.974
2025-12-05T06:38:58.756877,-6.230,-1.480,1.270,0.974
2025-12-05T06:38:58.770836,-6.230,-1.480,1.270,0.974
2025-12-05T06:38:58.785551,-6.230,-1.480,1.270,0.974
2025-12-05T06:38:58.799539,-6.230,-1.480,1.270,0.974
2025-12-05T06:38:58.812792,-6.230,-1.480,1.270,0.974
2025-12-05T06:38:58.826394,-6.230,-1.480,1.270,0.974
2025-12-05T06:38:58.839578,-6.230,-1.480,1.270,0.974
2025-12-05T06:38:58.855431,-6.230,-1.480,1.270,0.974
2025-12-05T06:38:58.871124,-6.230,-1.480,1.270,0.974
2025-12-05T06:38:58.887199,-6.230,-1.480,1.270,0.974
2025-12-05T06:38:58.904095,-6.230,-1.480,1.270,0.974
2025-12-05T06:38:58.922323,-6.230,-1.480,1.270,0.974
2025-12-05T06:38:58.940106,-6.230,-1.480,1.270,0.974
2025-12-05T06:38:58.956390,-6.230,-1.480,1.270,0.974
2025-12-05T06:38:58.975399,-6.230,-1.480,1.270,0.974
2025-12-05T06:38:58.993716,-6.230,-1.480,1.270,0.974
2025-12-05T06:38:59.007774,-6.230,-1.480,1.270,0.974
2025-12-05T06:38:59.027133,-6.230,-1.480,1.270,0.974
2025-12-05T06:38:59.044215,-6.230,-1.480,1.270,0.974
2025-12-05T06:38:59.059081,-6.230,-1.480,1.270,0.974
2025-12-05T06:38:59.074006,-6.230,-1.480,1.270,0.974
2025-12-05T06:38:59.090433,-6.230,-1.480,1.270,0.974
2025-12-05T06:38:59.109888,-6.230,-1.480,1.270,0.974
2025-12-05T06:38:59.124485,-6.230,-1.480,1.270,0.974
2025-12-05T06:38:59.138250,-6.230,-1.480,1.270,0.974
2025-12-05T06:38:59.153709,-6.230,-1.480,1.270,0.974
2025-12-05T06:38:59.168686,-6.230,-1.480,1.270,0.974
2025-12-05T06:38:59.187645,-6.230,-1.480,1.270,0.974
2025-12-05T06:38:59.204072,-6.230,-1.480,1.270,0.974
2025-12-05T06:38:59.221280,-6.230,-1.480,1.270,0.974
2025-12-05T06:38:59.240027,-6.230,-1.480,1.270,0.974
2025-12-05T06:38:59.256804,-6.230,-1.480,1.270,0.974
2025-12-05T06:38:59.274143,-6.230,-1.480,1.270,0.974
2025-12-05T06:38:59.290865,-6.230,-1.480,1.270,0.974
2025-12-05T06:38:59.307798,-6.230,-1.480,1.270,0.974
2025-12-05T06:38:59.324290,-6.230,-1.480,1.270,0.974
2025-12-05T06:38:59.341630,-6.230,-1.480,1.270,0.974
2025-12-05T06:38:59.356245,-6.230,-1.480,1.270,0.974
2025-12-05T06:38:59.371188,-6.230,-1.480,1.270,0.974
2025-12-05T06:38:59.388503,-6.230,-1.480,1.270,0.974
2025-12-05T06:38:59.406129,-6.230,-1.480,1.270,0.974
2025-12-05T06:38:59.423906,-6.230,-1.480,1.270,0.974
2025-12-05T06:38:59.440701,-6.230,-1.480,1.270,0.974
2025-12-05T06:38:59.460517,-6.230,-1.480,1.270,0.974
2025-12-05T06:38:59.477604,-6.230,-1.480,1.270,0.974
2025-12-05T06:38:59.496667,-6.230,-1.480,1.270,0.974
2025-12-05T06:38:59.511110,-6.230,-1.480,1.270,0.974
2025-12-05T06:38:59.528090,-6.230,-1.480,1.270,0.974
2025-12-05T06:38:59.544403,-6.230,-1.480,1.270,0.974
2025-12-05T06:38:59.560259,-6.230,-1.480,1.270,0.974
2025-12-05T06:38:59.575227,-6.230,-1.480,1.270,0.974
2025-12-05T06:38:59.589778,-6.230,-1.480,1.270,0.974
2025-12-05T06:38:59.616548,-6.230,-1.480,1.270,0.974
2025-12-05T06:38:59.627586,-6.230,-1.480,1.270,0.974
2025-12-05T06:38:59.641153,-6.230,-1.480,1.270,0.974
2025-12-05T06:38:59.656188,-6.230,-1.480,1.270,0.974
2025-12-05T06:38:59.671123,-6.230,-1.480,1.270,0.974
2025-12-05T06:38:59.686527,-6.230,-1.480,1.270,0.974
2025-12-05T06:38:59.701033,-6.230,-1.480,1.270,0.974
2025-12-05T06:38:59.719387,-6.230,-1.480,1.270,0.974
2025-12-05T06:38:59.740886,-6.230,-1.480,1.270,0.974
2025-12-05T06:38:59.761369,-6.230,-1.480,1.270,0.974
2025-12-05T06:38:59.772510,-6.230,-1.480,1.270,0.974
2025-12-05T06:38:59.790924,-6.230,-1.480,1.270,0.974
2025-12-05T06:38:59.806072,-6.230,-1.480,1.270,0.974
2025-12-05T06:38:59.822310,-6.230,-1.480,1.270,0.974
2025-12-05T06:38:59.838284,-6.230,-1.480,1.270,0.974
2025-12-05T06:38:59.853967,-6.230,-1.480,1.270,0.974
2025-12-05T06:38:59.868335,-6.230,-1.480,1.270,0.974
2025-12-05T06:38:59.886802,-6.230,-1.480,1.270,0.974
2025-12-05T06:38:59.904666,-6.230,-1.480,1.270,0.974
2025-12-05T06:38:59.920431,-6.230,-1.480,1.270,0.974
2025-12-05T06:38:59.936062,-6.230,-1.480,1.270,0.974
2025-12-05T06:38:59.952670,-6.230,-1.480,1.270,0.974
2025-12-05T06:38:59.970733,-6.230,-1.480,1.270,0.974
2025-12-05T06:38:59.987832,-6.230,-1.480,1.270,0.974
2025-12-05T06:39:00.005278,-6.230,-1.480,1.270,0.974
2025-12-05T06:39:00.020253,-6.230,-1.480,1.270,0.974
2025-12-05T06:39:00.037619,-6.230,-1.480,1.270,0.974
2025-12-05T06:39:00.051220,-6.230,-1.480,1.270,0.974
2025-12-05T06:39:00.066933,-6.230,-1.480,1.270,0.974
2025-12-05T06:39:00.081982,-6.230,-1.480,1.270,0.974
2025-12-05T06:39:00.098709,-6.230,-1.480,1.270,0.974
2025-12-05T06:39:00.114848,-6.230,-1.480,1.270,0.974
2025-12-05T06:39:00.132519,-6.230,-1.480,1.270,0.974
2025-12-05T06:39:00.150898,-6.230,-1.480,1.270,0.974
2025-12-05T06:39:00.168110,-6.230,-1.480,1.270,0.974
2025-12-05T06:39:00.188105,-6.230,-1.480,1.270,0.974
2025-12-05T06:39:00.203674,-6.230,-1.480,1.270,0.974
2025-12-05T06:39:00.221592,-6.230,-1.480,1.270,0.974
2025-12-05T06:39:00.238743,-6.230,-1.480,1.270,0.974
2025-12-05T06:39:00.256882,-6.230,-1.480,1.270,0.974
2025-12-05T06:39:00.274557,-6.230,-1.480,1.270,0.974
2025-12-05T06:39:00.290216,-6.230,-1.480,1.270,0.974
2025-12-05T06:39:00.306840,-6.230,-1.480,1.270,0.974
2025-12-05T06:39:00.322283,-6.230,-1.480,1.270,0.974
2025-12-05T06:39:00.340919,-6.230,-1.480,1.270,0.974
2025-12-05T06:39:00.355066,-6.230,-1.480,1.270,0.974
2025-12-05T06:39:00.368905,-6.230,-1.480,1.270,0.974
2025-12-05T06:39:00.382611,-6.230,-1.480,1.270,0.974
2025-12-05T06:39:00.395622,-6.230,-1.480,1.270,0.974
2025-12-05T06:39:00.413077,-6.230,-1.480,1.270,0.974
2025-12-05T06:39:00.428917,-6.230,-1.480,1.270,0.974
2025-12-05T06:39:00.445867,-6.230,-1.480,1.270,0.974
2025-12-05T06:39:00.461316,-6.230,-1.480,1.270,0.974
