timestamp,x,y,z,orientation_z
2025-12-05T06:13:24.216400,0.000,0.000,1.270,0.000
2025-12-05T06:13:24.249012,0.000,0.000,1.270,0.000
2025-12-05T06:13:24.280273,0.000,0.000,1.270,0.000
2025-12-05T06:13:24.311785,0.000,0.000,1.270,0.000
2025-12-05T06:13:24.345338,0.000,0.000,1.270,0.000
2025-12-05T06:13:24.377856,0.000,0.000,1.270,0.000
2025-12-05T06:13:24.413576,0.000,0.000,1.270,0.000
2025-12-05T06:13:24.446606,0.000,0.000,1.270,0.000
2025-12-05T06:13:24.481521,0.000,0.000,1.270,0.000
2025-12-05T06:13:24.513195,0.000,0.000,1.270,0.000
2025-12-05T06:13:24.544379,0.000,0.000,1.270,0.000
2025-12-05T06:13:24.628899,0.000,0.000,1.270,0.000
2025-12-05T06:13:24.664475,0.000,0.000,1.270,0.000
2025-12-05T06:13:24.708079,0.000,0.000,1.270,0.000
2025-12-05T06:13:24.723563,0.000,0.000,1.270,0.000
2025-12-05T06:13:24.751662,0.000,0.000,1.270,0.000
2025-12-05T06:13:24.779236,0.000,0.000,1.270,0.000
2025-12-05T06:13:24.809933,0.000,0.000,1.270,0.000
2025-12-05T06:13:24.836230,0.000,0.000,1.270,0.000
2025-12-05T06:13:24.867248,0.000,0.000,1.270,0.000
2025-12-05T06:13:24.897595,0.000,0.000,1.270,0.000
2025-12-05T06:13:24.929097,0.000,0.000,1.270,0.000
2025-12-05T06:13:24.962718,0.000,0.000,1.270,0.000
2025-12-05T06:13:24.993703,0.000,0.000,1.270,0.000
2025-12-05T06:13:25.026778,0.000,0.000,1.270,0.000
2025-12-05T06:13:25.059972,0.000,0.000,1.270,0.000
2025-12-05T06:13:25.096378,0.000,0.000,1.270,0.000
2025-12-05T06:13:25.130937,0.000,0.000,1.270,0.000
2025-12-05T06:13:25.161921,0.000,0.000,1.270,0.000
2025-12-05T06:13:25.194598,0.000,0.000,1.270,0.000
2025-12-05T06:13:25.223477,0.000,0.000,1.270,0.000
2025-12-05T06:13:25.262443,0.000,0.000,1.270,0.000
2025-12-05T06:13:25.287843,0.000,0.000,1.270,0.000
2025-12-05T06:13:25.322015,0.000,0.000,1.270,0.000
2025-12-05T06:13:25.354195,0.000,0.000,1.270,0.000
2025-12-05T06:13:25.387314,0.000,0.000,1.270,0.000
2025-12-05T06:13:25.419902,0.000,0.000,1.270,0.000
2025-12-05T06:13:25.455786,0.000,0.000,1.270,0.000
2025-12-05T06:13:25.492833,0.000,0.000,1.270,0.000
2025-12-05T06:13:25.524922,0.000,0.000,1.270,0.000
2025-12-05T06:13:25.558011,0.000,0.000,1.270,0.000
2025-12-05T06:13:25.592906,0.000,0.000,1.270,0.000
2025-12-05T06:13:25.624099,0.000,0.000,1.270,0.000
2025-12-05T06:13:25.654976,0.000,0.000,1.270,0.000
2025-12-05T06:13:25.683563,0.000,0.000,1.270,0.000
2025-12-05T06:13:25.714276,0.000,0.000,1.270,0.000
2025-12-05T06:13:25.744561,0.000,0.000,1.270,0.000
2025-12-05T06:13:25.777005,0.000,0.000,1.270,0.000
2025-12-05T06:13:25.809359,0.000,0.000,1.270,0.000
2025-12-05T06:13:25.847571,0.000,0.000,1.270,0.000
2025-12-05T06:13:25.892279,0.000,0.000,1.270,0.000
2025-12-05T06:13:25.911985,0.000,0.000,1.270,0.000
2025-12-05T06:13:25.944630,0.000,0.000,1.270,0.000
2025-12-05T06:13:25.974778,0.000,0.000,1.270,0.000
2025-12-05T06:13:26.006358,0.000,0.000,1.270,0.000
2025-12-05T06:13:26.038963,0.000,0.000,1.270,0.000
2025-12-05T06:13:26.071497,0.000,0.000,1.270,0.000
2025-12-05T06:13:26.104527,0.000,0.000,1.270,0.000
2025-12-05T06:13:26.139940,0.000,0.000,1.270,0.000
2025-12-05T06:13:26.169972,0.000,0.000,1.270,0.000
2025-12-05T06:13:26.202357,0.000,0.000,1.270,0.000
2025-12-05T06:13:26.233405,0.000,0.000,1.270,0.000
2025-12-05T06:13:26.267071,0.000,0.000,1.270,0.000
2025-12-05T06:13:26.299273,0.000,0.000,1.270,0.000
2025-12-05T06:13:26.330254,0.000,0.000,1.270,0.000
2025-12-05T06:13:26.363466,0.000,0.000,1.270,0.000
2025-12-05T06:13:26.398951,0.000,0.000,1.270,0.000
2025-12-05T06:13:26.430971,0.000,0.000,1.270,0.000
2025-12-05T06:13:26.462741,0.000,0.000,1.270,0.000
2025-12-05T06:13:26.494405,0.000,0.000,1.270,0.000
2025-12-05T06:13:26.527071,0.000,0.000,1.270,0.000
2025-12-05T06:13:26.558645,0.000,0.000,1.270,0.000
2025-12-05T06:13:26.591522,0.000,0.000,1.270,0.000
2025-12-05T06:13:26.627489,0.000,0.000,1.270,0.000
2025-12-05T06:13:26.658961,0.000,0.000,1.270,0.000
2025-12-05T06:13:26.690847,0.000,0.000,1.270,0.000
2025-12-05T06:13:26.725356,0.000,0.000,1.270,0.000
2025-12-05T06:13:26.790740,0.000,0.000,1.270,0.000
2025-12-05T06:13:26.824042,0.000,0.000,1.270,0.000
2025-12-05T06:13:26.854833,0.000,0.000,1.270,0.000
2025-12-05T06:13:26.902248,0.000,0.000,1.270,0.000
2025-12-05T06:13:26.922529,0.000,0.000,1.270,0.000
2025-12-05T06:13:26.950690,0.000,0.000,1.270,0.000
2025-12-05T06:13:26.977451,0.000,0.000,1.270,0.000
2025-12-05T06:13:27.008198,0.000,0.000,1.270,0.000
2025-12-05T06:13:27.039204,0.000,0.000,1.270,0.000
2025-12-05T06:13:27.070503,0.000,0.000,1.270,0.000
2025-12-05T06:13:27.103882,0.000,0.000,1.270,0.000
2025-12-05T06:13:27.147092,0.000,0.000,1.270,0.000
2025-12-05T06:13:27.185687,0.000,0.000,1.270,0.000
2025-12-05T06:13:27.213136,0.000,0.000,1.270,0.000
2025-12-05T06:13:27.240039,0.000,0.000,1.270,0.000
2025-12-05T06:13:27.269943,0.000,0.000,1.270,0.000
2025-12-05T06:13:27.299755,0.000,0.000,1.270,0.000
2025-12-05T06:13:27.329539,0.000,0.000,1.270,0.000
2025-12-05T06:13:27.359540,0.000,0.000,1.270,0.000
2025-12-05T06:13:27.391598,0.000,0.000,1.270,0.000
2025-12-05T06:13:27.423455,0.000,0.000,1.270,0.000
2025-12-05T06:13:27.454787,0.000,0.000,1.270,0.000
2025-12-05T06:13:27.490796,0.000,0.000,1.270,0.000
2025-12-05T06:13:27.523586,0.000,0.000,1.270,0.000
2025-12-05T06:13:27.559849,0.000,0.000,1.270,0.000
2025-12-05T06:13:27.593542,0.000,0.000,1.270,0.000
2025-12-05T06:13:27.627367,0.000,0.000,1.270,0.000
2025-12-05T06:13:27.659061,0.000,0.000,1.270,0.000
2025-12-05T06:13:27.691882,0.000,0.000,1.270,0.000
2025-12-05T06:13:27.733444,0.000,0.000,1.270,0.000
2025-12-05T06:13:27.796716,0.000,0.000,1.270,0.000
2025-12-05T06:13:27.833986,0.000,0.000,1.270,0.000
2025-12-05T06:13:27.864904,0.000,0.000,1.270,0.000
2025-12-05T06:13:27.895104,0.000,0.000,1.270,0.000
2025-12-05T06:13:27.922945,0.000,0.000,1.270,0.000
2025-12-05T06:13:27.951331,0.000,0.000,1.270,0.000
2025-12-05T06:13:27.979530,0.000,0.000,1.270,0.000
2025-12-05T06:13:28.011416,0.000,0.000,1.270,0.000
2025-12-05T06:13:28.043611,0.000,0.000,1.270,0.000
2025-12-05T06:13:28.076229,0.000,0.000,1.270,0.000
2025-12-05T06:13:28.110195,0.000,0.000,1.270,0.000
2025-12-05T06:13:28.147047,0.000,0.000,1.270,0.000
2025-12-05T06:13:28.178143,0.000,0.000,1.270,0.000
2025-12-05T06:13:28.208734,0.000,0.000,1.270,0.000
2025-12-05T06:13:28.243951,0.000,0.000,1.270,0.000
2025-12-05T06:13:28.268972,0.000,0.000,1.270,0.000
2025-12-05T06:13:28.297972,0.000,0.000,1.270,0.000
2025-12-05T06:13:28.330379,0.000,0.000,1.270,0.000
2025-12-05T06:13:28.362129,0.000,0.000,1.270,0.000
2025-12-05T06:13:28.394303,0.000,0.000,1.270,0.000
2025-12-05T06:13:28.429901,0.000,0.000,1.270,0.000
2025-12-05T06:13:28.463368,0.000,0.000,1.270,0.000
2025-12-05T06:13:28.497035,0.000,0.000,1.270,0.000
2025-12-05T06:13:28.528011,0.000,0.000,1.270,0.000
2025-12-05T06:13:28.561587,0.000,0.000,1.270,0.000
2025-12-05T06:13:28.593986,0.000,0.000,1.270,0.000
2025-12-05T06:13:28.627036,0.000,0.000,1.270,0.000
2025-12-05T06:13:28.657630,0.000,0.000,1.270,0.000
2025-12-05T06:13:28.689645,0.000,0.000,1.270,0.000
2025-12-05T06:13:28.722527,0.000,0.000,1.270,0.000
2025-12-05T06:13:28.765243,0.000,0.000,1.270,0.000
2025-12-05T06:13:28.791473,0.000,0.000,1.270,0.000
2025-12-05T06:13:28.825827,0.000,0.000,1.270,0.000
2025-12-05T06:13:28.860052,0.000,0.000,1.270,0.000
2025-12-05T06:13:28.892759,0.000,0.000,1.270,0.000
2025-12-05T06:13:28.929848,0.000,0.000,1.270,0.000
2025-12-05T06:13:28.954935,0.000,0.000,1.270,0.000
2025-12-05T06:13:28.988925,0.000,0.000,1.270,0.000
2025-12-05T06:13:29.019200,0.000,0.000,1.270,0.000
2025-12-05T06:13:29.052216,0.000,0.000,1.270,0.000
2025-12-05T06:13:29.085209,0.000,0.000,1.270,0.000
2025-12-05T06:13:29.120593,0.000,0.000,1.270,0.000
2025-12-05T06:13:29.153645,0.000,0.000,1.270,0.000
2025-12-05T06:13:29.185932,0.000,0.000,1.270,0.000
2025-12-05T06:13:29.215713,0.000,0.000,1.270,0.000
2025-12-05T06:13:29.247371,0.000,0.000,1.270,0.000
2025-12-05T06:13:29.279955,0.000,0.000,1.270,0.000
2025-12-05T06:13:29.312792,0.000,0.000,1.270,0.000
2025-12-05T06:13:29.347577,0.000,0.000,1.270,0.000
2025-12-05T06:13:29.378188,0.000,0.000,1.270,0.000
2025-12-05T06:13:29.411305,0.000,0.000,1.270,0.000
2025-12-05T06:13:29.442812,0.000,0.000,1.270,0.000
2025-12-05T06:13:29.472684,0.000,0.000,1.270,0.000
2025-12-05T06:13:29.506522,0.000,0.000,1.270,0.000
2025-12-05T06:13:29.544895,0.000,0.000,1.270,0.000
2025-12-05T06:13:29.572823,0.000,0.000,1.270,0.000
2025-12-05T06:13:29.612437,0.000,0.000,1.270,0.000
2025-12-05T06:13:29.646410,0.000,0.000,1.270,0.000
2025-12-05T06:13:29.677502,0.000,0.000,1.270,0.000
2025-12-05T06:13:29.710965,0.000,0.000,1.270,0.000
2025-12-05T06:13:29.742359,0.000,0.000,1.270,0.000
2025-12-05T06:13:29.773964,0.000,0.000,1.270,0.000
2025-12-05T06:13:29.805298,0.000,0.000,1.270,0.000
2025-12-05T06:13:29.838107,0.000,0.000,1.270,0.000
2025-12-05T06:13:29.871646,0.000,0.000,1.270,0.000
2025-12-05T06:13:29.904108,0.000,0.000,1.270,0.000
2025-12-05T06:13:29.935221,0.000,0.000,1.270,0.000
2025-12-05T06:13:29.966500,0.000,0.000,1.270,0.000
2025-12-05T06:13:29.999680,0.000,0.000,1.270,0.000
2025-12-05T06:13:30.029366,0.000,0.000,1.270,0.000
2025-12-05T06:13:30.059568,0.000,0.000,1.270,0.000
2025-12-05T06:13:30.093645,0.000,0.000,1.270,0.000
2025-12-05T06:13:30.126235,0.000,0.000,1.270,0.000
2025-12-05T06:13:30.158791,0.000,0.000,1.270,0.000
2025-12-05T06:13:30.199888,0.000,0.000,1.270,0.000
2025-12-05T06:13:30.232764,0.000,0.000,1.270,0.000
2025-12-05T06:13:30.265479,0.000,0.000,1.270,0.000
2025-12-05T06:13:30.298104,0.000,0.000,1.270,0.000
2025-12-05T06:13:30.329099,0.000,0.000,1.270,0.000
2025-12-05T06:13:30.360922,0.000,0.000,1.270,0.000
2025-12-05T06:13:30.394557,0.000,0.000,1.270,0.000
2025-12-05T06:13:30.425854,0.000,0.000,1.270,0.000
2025-12-05T06:13:30.462453,0.000,0.000,1.270,0.000
2025-12-05T06:13:30.491891,0.000,0.000,1.270,0.000
2025-12-05T06:13:30.524700,0.000,0.000,1.270,0.000
2025-12-05T06:13:30.558880,0.000,0.000,1.270,0.000
2025-12-05T06:13:30.591199,0.000,0.000,1.270,0.000
2025-12-05T06:13:30.621527,0.000,0.000,1.270,0.000
2025-12-05T06:13:30.650745,0.000,0.000,1.270,0.000
2025-12-05T06:13:30.685246,0.000,0.000,1.270,0.000
2025-12-05T06:13:30.717437,0.000,0.000,1.270,0.000
2025-12-05T06:13:30.747712,0.000,0.000,1.270,0.000
2025-12-05T06:13:30.782681,0.000,0.000,1.270,0.000
2025-12-05T06:13:30.814903,0.000,0.000,1.270,0.000
2025-12-05T06:13:30.848653,0.000,0.000,1.270,0.000
2025-12-05T06:13:30.881952,0.000,0.000,1.270,0.000
2025-12-05T06:13:30.913069,0.000,0.000,1.270,0.000
2025-12-05T06:13:30.944366,0.000,0.000,1.270,0.000
2025-12-05T06:13:30.972066,0.000,0.000,1.270,0.000
2025-12-05T06:13:31.002971,0.000,0.000,1.270,0.000
2025-12-05T06:13:31.034495,0.000,0.000,1.270,0.000
2025-12-05T06:13:31.068109,0.000,0.000,1.270,0.000
2025-12-05T06:13:31.103544,0.000,0.000,1.270,0.000
2025-12-05T06:13:31.136126,0.000,0.000,1.270,0.000
2025-12-05T06:13:31.169703,0.000,0.000,1.270,0.000
2025-12-05T06:13:31.201957,0.000,0.000,1.270,0.000
2025-12-05T06:13:31.232076,0.000,0.000,1.270,0.000
2025-12-05T06:13:31.267757,0.000,0.000,1.270,0.000
2025-12-05T06:13:31.296183,0.000,0.000,1.270,0.000
2025-12-05T06:13:31.329550,0.000,0.000,1.270,0.000
2025-12-05T06:13:31.363553,0.000,0.000,1.270,0.000
2025-12-05T06:13:31.403550,0.000,0.000,1.270,0.000
2025-12-05T06:13:31.432280,0.000,0.000,1.270,0.000
2025-12-05T06:13:31.460452,0.000,0.000,1.270,0.000
2025-12-05T06:13:31.492733,0.000,0.000,1.270,0.000
2025-12-05T06:13:31.520784,0.000,0.000,1.270,0.000
2025-12-05T06:13:31.551864,0.000,0.000,1.270,0.000
2025-12-05T06:13:31.583475,0.000,0.000,1.270,0.000
2025-12-05T06:13:31.615590,0.000,0.000,1.270,0.000
2025-12-05T06:13:31.647813,0.000,0.000,1.270,0.000
2025-12-05T06:13:31.682690,0.000,0.000,1.270,0.000
2025-12-05T06:13:31.718647,0.000,0.000,1.270,0.000
2025-12-05T06:13:31.755272,0.000,0.000,1.270,0.000
2025-12-05T06:13:31.786900,0.000,0.000,1.270,0.000
2025-12-05T06:13:31.818038,0.000,0.000,1.270,0.000
2025-12-05T06:13:31.851411,0.000,0.000,1.270,0.000
2025-12-05T06:13:31.879296,0.000,0.000,1.270,0.000
2025-12-05T06:13:31.907808,0.000,0.000,1.270,0.000
2025-12-05T06:13:31.939774,0.000,0.000,1.270,0.000
2025-12-05T06:13:31.971712,0.000,0.000,1.270,0.000
2025-12-05T06:13:32.007483,0.000,0.000,1.270,0.000
2025-12-05T06:13:32.041646,0.000,0.000,1.270,0.000
2025-12-05T06:13:32.073067,0.000,0.000,1.270,0.000
2025-12-05T06:13:32.104964,0.000,0.000,1.270,0.000
2025-12-05T06:13:32.138726,0.000,0.000,1.270,0.000
2025-12-05T06:13:32.169562,0.000,0.000,1.270,0.000
2025-12-05T06:13:32.204346,0.000,0.000,1.270,0.000
2025-12-05T06:13:32.234611,0.000,0.000,1.270,0.000
2025-12-05T06:13:32.267537,0.000,0.000,1.270,0.000
2025-12-05T06:13:32.313569,0.000,0.000,1.270,0.000
2025-12-05T06:13:32.341288,0.000,0.000,1.270,0.000
2025-12-05T06:13:32.372537,0.000,0.000,1.270,0.000
2025-12-05T06:13:32.403647,0.000,0.000,1.270,0.000
2025-12-05T06:13:32.435627,0.000,0.000,1.270,0.000
2025-12-05T06:13:32.467963,0.000,0.000,1.270,0.000
2025-12-05T06:13:32.503146,0.000,0.000,1.270,0.000
2025-12-05T06:13:32.533236,0.000,0.000,1.270,0.000
2025-12-05T06:13:32.564099,0.000,0.000,1.270,0.000
2025-12-05T06:13:32.599857,0.000,0.000,1.270,0.000
2025-12-05T06:13:32.633783,0.000,0.000,1.270,0.000
2025-12-05T06:13:32.665669,0.000,0.000,1.270,0.000
2025-12-05T06:13:32.699236,0.000,0.000,1.270,0.000
2025-12-05T06:13:32.732350,0.000,0.000,1.270,0.000
2025-12-05T06:13:32.763900,0.000,0.000,1.270,0.000
2025-12-05T06:13:32.797740,0.000,0.000,1.270,0.000
2025-12-05T06:13:32.827960,0.000,0.000,1.270,0.000
2025-12-05T06:13:32.921113,0.000,0.000,1.270,0.000
2025-12-05T06:13:32.963069,0.000,0.000,1.270,0.000
2025-12-05T06:13:32.987397,0.000,0.000,1.270,0.000
2025-12-05T06:13:33.018124,0.000,0.000,1.270,0.000
2025-12-05T06:13:33.047978,0.000,0.000,1.270,0.000
2025-12-05T06:13:33.083567,0.000,0.000,1.270,0.000
2025-12-05T06:13:33.106896,0.000,0.000,1.270,0.000
2025-12-05T06:13:33.142473,0.000,0.000,1.270,0.000
2025-12-05T06:13:33.172996,0.000,0.000,1.270,0.000
2025-12-05T06:13:33.205121,0.000,0.000,1.270,0.000
2025-12-05T06:13:33.238543,0.000,0.000,1.270,0.000
2025-12-05T06:13:33.272137,0.000,0.000,1.270,0.000
2025-12-05T06:13:33.501276,0.000,0.000,1.270,0.000
2025-12-05T06:13:33.700027,0.000,0.000,1.270,0.000
2025-12-05T06:13:33.873861,0.000,0.000,1.270,0.000
2025-12-05T06:13:34.042051,0.000,0.000,1.270,0.000
2025-12-05T06:13:34.064794,0.000,0.000,1.270,0.000
2025-12-05T06:13:34.094393,0.000,0.000,1.270,0.000
2025-12-05T06:13:34.124144,0.000,0.000,1.270,0.000
2025-12-05T06:13:34.154307,0.000,0.000,1.270,0.000
2025-12-05T06:13:34.178482,0.000,0.000,1.270,0.000
2025-12-05T06:13:34.204727,0.000,0.000,1.270,0.000
2025-12-05T06:13:34.233733,0.000,0.000,1.270,0.000
2025-12-05T06:13:34.267568,0.000,0.000,1.270,0.000
2025-12-05T06:13:34.294781,0.000,0.000,1.270,0.000
2025-12-05T06:13:34.327374,0.000,0.000,1.270,0.000
2025-12-05T06:13:34.362030,0.000,0.000,1.270,0.000
2025-12-05T06:13:34.397498,0.000,0.000,1.270,0.000
2025-12-05T06:13:34.428268,0.000,0.000,1.270,0.000
2025-12-05T06:13:34.458656,0.000,0.000,1.270,0.000
2025-12-05T06:13:34.498465,0.000,0.000,1.270,0.000
2025-12-05T06:13:34.519881,0.000,0.000,1.270,0.000
2025-12-05T06:13:34.555962,0.000,0.000,1.270,0.000
2025-12-05T06:13:34.590208,0.000,0.000,1.270,0.000
2025-12-05T06:13:34.622633,0.000,0.000,1.270,0.000
2025-12-05T06:13:34.654376,0.000,0.000,1.270,0.000
2025-12-05T06:13:34.683929,0.000,0.000,1.270,0.000
2025-12-05T06:13:34.713944,0.000,0.000,1.270,0.000
2025-12-05T06:13:34.747522,0.000,0.000,1.270,0.000
2025-12-05T06:13:34.775693,0.000,0.000,1.270,0.000
2025-12-05T06:13:34.813291,0.000,0.000,1.270,0.000
2025-12-05T06:13:34.848321,0.000,0.000,1.270,0.000
2025-12-05T06:13:34.886178,0.000,0.000,1.270,0.000
2025-12-05T06:13:34.915455,0.000,0.000,1.270,0.000
2025-12-05T06:13:34.949284,0.000,0.000,1.270,0.000
2025-12-05T06:13:34.979992,0.000,0.000,1.270,0.000
2025-12-05T06:13:35.007588,0.000,0.000,1.270,0.000
2025-12-05T06:13:35.039348,0.000,0.000,1.270,0.000
2025-12-05T06:13:35.072047,0.000,0.000,1.270,0.000
2025-12-05T06:13:35.106272,0.000,0.000,1.270,0.000
2025-12-05T06:13:35.141576,0.000,0.000,1.270,0.000
2025-12-05T06:13:35.175629,0.000,0.000,1.270,0.000
2025-12-05T06:13:35.210313,0.000,0.000,1.270,0.000
2025-12-05T06:13:35.240963,0.000,0.000,1.270,0.000
2025-12-05T06:13:35.272051,0.000,0.000,1.270,0.000
2025-12-05T06:13:35.305388,0.000,0.000,1.270,0.000
2025-12-05T06:13:35.335756,0.000,0.000,1.270,0.000
2025-12-05T06:13:35.368199,0.000,0.000,1.270,0.000
2025-12-05T06:13:35.401747,0.000,0.000,1.270,0.000
2025-12-05T06:13:35.435601,0.000,0.000,1.270,0.000
2025-12-05T06:13:35.468128,0.000,0.000,1.270,0.000
2025-12-05T06:13:35.503381,0.000,0.000,1.270,0.000
2025-12-05T06:13:35.534331,0.000,0.000,1.270,0.000
2025-12-05T06:13:35.565023,0.000,0.000,1.270,0.000
2025-12-05T06:13:35.598465,0.000,0.000,1.270,0.000
2025-12-05T06:13:35.627197,0.000,0.000,1.270,0.000
2025-12-05T06:13:35.658677,0.000,0.000,1.270,0.000
2025-12-05T06:13:35.691757,0.000,0.000,1.270,0.000
2025-12-05T06:13:35.721617,0.000,0.000,1.270,0.000
2025-12-05T06:13:35.762153,0.000,0.000,1.270,0.000
2025-12-05T06:13:35.790659,0.000,0.000,1.270,0.000
2025-12-05T06:13:35.820492,0.000,0.000,1.270,0.000
2025-12-05T06:13:35.852274,0.000,0.000,1.270,0.000
2025-12-05T06:13:35.881362,0.000,0.000,1.270,0.000
2025-12-05T06:13:35.913973,0.000,0.000,1.270,0.000
2025-12-05T06:13:35.947039,0.000,0.000,1.270,0.000
2025-12-05T06:13:35.981430,0.000,0.000,1.270,0.000
2025-12-05T06:13:36.015910,0.000,0.000,1.270,0.000
2025-12-05T06:13:36.047667,0.000,0.000,1.270,0.000
2025-12-05T06:13:36.081006,0.000,0.000,1.270,0.000
2025-12-05T06:13:36.113366,0.000,0.000,1.270,0.000
2025-12-05T06:13:36.146468,0.000,0.000,1.270,0.000
2025-12-05T06:13:36.173187,0.000,0.000,1.270,0.000
2025-12-05T06:13:36.203120,0.000,0.000,1.270,0.000
2025-12-05T06:13:36.235046,0.000,0.000,1.270,0.000
2025-12-05T06:13:36.270915,0.000,0.000,1.270,0.000
2025-12-05T06:13:36.300458,0.000,0.000,1.270,0.000
2025-12-05T06:13:36.334322,0.000,0.000,1.270,0.000
2025-12-05T06:13:36.366200,0.000,0.000,1.270,0.000
2025-12-05T06:13:36.399987,0.000,0.000,1.270,0.000
2025-12-05T06:13:36.431032,0.000,0.000,1.270,0.000
2025-12-05T06:13:36.460608,0.000,0.000,1.270,0.000
2025-12-05T06:13:36.493097,0.000,0.000,1.270,0.000
2025-12-05T06:13:36.525489,0.000,0.000,1.270,0.000
2025-12-05T06:13:36.559915,0.000,0.000,1.270,0.000
2025-12-05T06:13:36.598632,0.000,0.000,1.270,0.000
2025-12-05T06:13:36.626166,0.000,0.000,1.270,0.000
2025-12-05T06:13:36.659458,0.000,0.000,1.270,0.000
2025-12-05T06:13:36.690810,0.000,0.000,1.270,0.000
2025-12-05T06:13:36.719020,0.000,0.000,1.270,0.000
2025-12-05T06:13:36.751758,0.000,0.000,1.270,0.000
2025-12-05T06:13:36.796658,0.000,0.000,1.270,0.000
2025-12-05T06:13:36.823825,0.000,0.000,1.270,0.000
2025-12-05T06:13:36.863362,0.000,0.000,1.270,0.000
2025-12-05T06:13:36.882726,0.000,0.000,1.270,0.000
2025-12-05T06:13:36.914206,0.000,0.000,1.270,0.000
2025-12-05T06:13:36.944422,0.000,0.000,1.270,0.000
2025-12-05T06:13:36.973436,0.000,0.000,1.270,0.000
2025-12-05T06:13:37.006513,0.000,0.000,1.270,0.000
2025-12-05T06:13:37.039780,0.000,0.000,1.270,0.000
2025-12-05T06:13:37.071892,0.000,0.000,1.270,0.000
2025-12-05T06:13:37.108399,0.000,0.000,1.270,0.000
2025-12-05T06:13:37.142134,0.000,0.000,1.270,0.000
2025-12-05T06:13:37.175821,0.000,0.000,1.270,0.000
2025-12-05T06:13:37.209312,0.000,0.000,1.270,0.000
2025-12-05T06:13:37.235283,0.000,0.000,1.270,0.000
2025-12-05T06:13:37.276467,0.000,0.000,1.270,0.000
2025-12-05T06:13:37.306678,0.000,0.000,1.270,0.000
2025-12-05T06:13:37.338302,0.000,0.000,1.270,0.000
2025-12-05T06:13:37.372929,0.000,0.000,1.270,0.000
2025-12-05T06:13:37.405951,0.000,0.000,1.270,0.000
2025-12-05T06:13:37.436619,0.000,0.000,1.270,0.000
2025-12-05T06:13:37.456991,0.000,0.000,1.270,0.000
2025-12-05T06:13:37.491001,0.000,0.000,1.270,0.000
2025-12-05T06:13:37.519531,0.000,0.000,1.270,0.000
2025-12-05T06:13:37.552016,0.000,0.000,1.270,0.000
2025-12-05T06:13:37.587461,0.000,0.000,1.270,0.000
2025-12-05T06:13:37.613040,0.000,0.000,1.270,0.000
2025-12-05T06:13:37.646177,0.000,0.000,1.270,0.000
2025-12-05T06:13:37.679443,0.000,0.000,1.270,0.000
2025-12-05T06:13:37.713653,0.000,0.000,1.270,0.000
2025-12-05T06:13:37.744555,0.000,0.000,1.270,0.000
2025-12-05T06:13:37.777756,0.000,0.000,1.270,0.000
2025-12-05T06:13:37.808711,0.000,0.000,1.270,0.000
2025-12-05T06:13:37.841351,0.000,0.000,1.270,0.000
2025-12-05T06:13:37.874873,0.000,0.000,1.270,0.000
2025-12-05T06:13:37.909529,0.000,0.000,1.270,0.000
2025-12-05T06:13:37.943246,0.000,0.000,1.270,0.000
2025-12-05T06:13:37.976324,0.000,0.000,1.270,0.000
2025-12-05T06:13:38.007861,0.000,0.000,1.270,0.000
2025-12-05T06:13:38.038755,0.000,0.000,1.270,0.000
2025-12-05T06:13:38.069458,0.000,0.000,1.270,0.000
2025-12-05T06:13:38.100372,0.000,0.000,1.270,0.000
2025-12-05T06:13:38.131252,0.000,0.000,1.270,0.000
2025-12-05T06:13:38.163162,0.000,0.000,1.270,0.000
2025-12-05T06:13:38.204678,0.000,0.000,1.270,0.000
2025-12-05T06:13:38.237227,0.000,0.000,1.270,0.000
2025-12-05T06:13:38.273570,0.000,0.000,1.270,0.000
2025-12-05T06:13:38.305102,0.000,0.000,1.270,0.000
2025-12-05T06:13:38.334054,0.000,0.000,1.270,0.000
2025-12-05T06:13:38.368395,0.000,0.000,1.270,0.000
2025-12-05T06:13:38.397727,0.000,0.000,1.270,0.000
2025-12-05T06:13:38.431479,0.000,0.000,1.270,0.000
2025-12-05T06:13:38.464487,0.000,0.000,1.270,0.000
2025-12-05T06:13:38.497794,0.000,0.000,1.270,0.000
2025-12-05T06:13:38.529754,0.000,0.000,1.270,0.000
2025-12-05T06:13:38.564158,0.000,0.000,1.270,0.000
2025-12-05T06:13:38.593875,0.000,0.000,1.270,0.000
2025-12-05T06:13:38.624361,0.000,0.000,1.270,0.000
2025-12-05T06:13:38.653041,0.000,0.000,1.270,0.000
2025-12-05T06:13:38.686517,0.000,0.000,1.270,0.000
2025-12-05T06:13:38.717894,0.000,0.000,1.270,0.000
2025-12-05T06:13:38.752223,0.000,0.000,1.270,0.000
2025-12-05T06:13:38.783788,0.000,0.000,1.270,0.000
2025-12-05T06:13:38.817852,0.000,0.000,1.270,0.000
2025-12-05T06:13:38.853454,0.000,0.000,1.270,0.000
2025-12-05T06:13:38.885769,0.000,0.000,1.270,0.000
2025-12-05T06:13:38.917633,0.000,0.000,1.270,0.000
2025-12-05T06:13:38.950439,0.000,0.000,1.270,0.000
2025-12-05T06:13:38.984023,0.000,0.000,1.270,0.000
2025-12-05T06:13:39.013070,0.000,0.000,1.270,0.000
2025-12-05T06:13:39.043659,0.000,0.000,1.270,0.000
2025-12-05T06:13:39.075708,0.000,0.000,1.270,0.000
2025-12-05T06:13:39.105711,0.000,0.000,1.270,0.000
2025-12-05T06:13:39.139623,0.000,0.000,1.270,0.000
2025-12-05T06:13:39.171625,0.000,0.000,1.270,0.000
2025-12-05T06:13:39.207772,0.000,0.000,1.270,0.000
2025-12-05T06:13:39.240889,0.000,0.000,1.270,0.000
2025-12-05T06:13:39.274000,0.000,0.000,1.270,0.000
2025-12-05T06:13:39.308361,0.000,0.000,1.270,0.000
2025-12-05T06:13:39.339115,0.000,0.000,1.270,0.000
2025-12-05T06:13:39.369948,0.000,0.000,1.270,0.000
2025-12-05T06:13:39.401390,0.000,0.000,1.270,0.000
2025-12-05T06:13:39.433196,0.000,0.000,1.270,0.000
2025-12-05T06:13:39.464993,0.000,0.000,1.270,0.000
2025-12-05T06:13:39.502669,0.000,0.000,1.270,0.000
2025-12-05T06:13:39.537492,0.000,0.000,1.270,0.000
2025-12-05T06:13:39.570085,0.000,0.000,1.270,0.000
2025-12-05T06:13:39.601763,0.000,0.000,1.270,0.000
2025-12-05T06:13:39.629886,0.000,0.000,1.270,0.000
2025-12-05T06:13:39.663788,0.000,0.000,1.270,0.000
2025-12-05T06:13:39.701806,0.000,0.000,1.270,0.000
2025-12-05T06:13:39.732423,0.000,0.000,1.270,0.000
2025-12-05T06:13:39.764225,0.000,0.000,1.270,0.000
2025-12-05T06:13:39.797261,0.000,0.000,1.270,0.000
2025-12-05T06:13:39.827465,0.000,0.000,1.270,0.000
2025-12-05T06:13:39.860952,0.000,0.000,1.270,0.000
2025-12-05T06:13:39.892333,0.000,0.000,1.270,0.000
2025-12-05T06:13:39.923125,0.000,0.000,1.270,0.000
2025-12-05T06:13:39.959593,0.000,0.000,1.270,0.000
2025-12-05T06:13:39.995942,0.000,0.000,1.270,0.000
2025-12-05T06:13:40.028312,0.000,0.000,1.270,0.000
2025-12-05T06:13:40.060577,0.000,0.000,1.270,0.000
2025-12-05T06:13:40.090708,0.000,0.000,1.270,0.000
2025-12-05T06:13:40.121775,0.000,0.000,1.270,0.000
2025-12-05T06:13:40.151442,0.000,0.000,1.270,0.000
2025-12-05T06:13:40.183499,0.000,0.000,1.270,0.000
2025-12-05T06:13:40.217660,0.000,0.000,1.270,0.000
2025-12-05T06:13:40.251883,0.000,0.000,1.270,0.000
2025-12-05T06:13:40.286001,0.000,0.000,1.270,0.000
2025-12-05T06:13:40.319282,0.000,0.000,1.270,0.000
2025-12-05T06:13:40.355352,0.000,0.000,1.270,0.000
2025-12-05T06:13:40.385084,0.000,0.000,1.270,0.000
2025-12-05T06:13:40.415944,0.000,0.000,1.270,0.000
2025-12-05T06:13:40.458933,0.000,0.000,1.270,0.000
2025-12-05T06:13:40.479789,0.000,0.000,1.270,0.000
2025-12-05T06:13:40.517433,0.000,0.000,1.270,0.000
2025-12-05T06:13:40.546333,0.000,0.000,1.270,0.000
2025-12-05T06:13:40.578266,0.000,0.000,1.270,0.000
2025-12-05T06:13:40.619668,0.000,0.000,1.270,0.000
2025-12-05T06:13:40.653131,0.000,0.000,1.270,0.000
2025-12-05T06:13:40.686834,0.000,0.000,1.270,0.000
2025-12-05T06:13:40.718392,0.000,0.000,1.270,0.000
2025-12-05T06:13:40.751088,0.000,0.000,1.270,0.000
2025-12-05T06:13:40.779372,0.000,0.000,1.270,0.000
2025-12-05T06:13:40.809770,0.000,0.000,1.270,0.000
2025-12-05T06:13:40.842720,0.000,0.000,1.270,0.000
2025-12-05T06:13:40.874809,0.000,0.000,1.270,0.000
2025-12-05T06:13:40.906510,0.000,0.000,1.270,0.000
2025-12-05T06:13:40.941613,0.000,0.000,1.270,0.000
2025-12-05T06:13:40.974933,0.000,0.000,1.270,0.000
2025-12-05T06:13:41.005968,0.000,0.000,1.270,0.000
2025-12-05T06:13:41.034814,0.000,0.000,1.270,0.000
2025-12-05T06:13:41.066383,0.000,0.000,1.270,0.000
2025-12-05T06:13:41.102766,0.000,0.000,1.270,0.000
2025-12-05T06:13:41.137643,0.000,0.000,1.270,0.000
2025-12-05T06:13:41.168448,0.000,0.000,1.270,0.000
2025-12-05T06:13:41.199652,0.000,0.000,1.270,0.000
2025-12-05T06:13:41.231276,0.000,0.000,1.270,0.000
2025-12-05T06:13:41.262020,0.000,0.000,1.270,0.000
2025-12-05T06:13:41.296173,0.000,0.000,1.270,0.000
2025-12-05T06:13:41.330306,0.000,0.000,1.270,0.000
2025-12-05T06:13:41.365445,0.000,0.000,1.270,0.000
2025-12-05T06:13:41.393115,0.000,0.000,1.270,0.000
2025-12-05T06:13:41.425934,0.000,0.000,1.270,0.000
2025-12-05T06:13:41.459415,0.000,0.000,1.270,0.000
2025-12-05T06:13:41.491007,0.000,0.000,1.270,0.000
2025-12-05T06:13:41.524293,0.000,0.000,1.270,0.000
2025-12-05T06:13:41.558779,0.000,0.000,1.270,0.000
2025-12-05T06:13:41.591001,0.000,0.000,1.270,0.000
2025-12-05T06:13:41.621641,0.000,0.000,1.270,0.000
2025-12-05T06:13:41.653634,0.000,0.000,1.270,0.000
2025-12-05T06:13:41.683686,0.000,0.000,1.270,0.000
2025-12-05T06:13:41.714975,0.000,0.000,1.270,0.000
2025-12-05T06:13:41.750086,0.000,0.000,1.270,0.000
2025-12-05T06:13:41.784836,0.000,0.000,1.270,0.000
2025-12-05T06:13:41.817599,0.000,0.000,1.270,0.000
2025-12-05T06:13:41.850692,0.000,0.000,1.270,0.000
2025-12-05T06:13:41.881130,0.000,0.000,1.270,0.000
2025-12-05T06:13:41.912179,0.000,0.000,1.270,0.000
2025-12-05T06:13:41.943659,0.000,0.000,1.270,0.000
2025-12-05T06:13:41.972913,0.000,0.000,1.270,0.000
2025-12-05T06:13:42.003297,0.000,0.000,1.270,0.000
2025-12-05T06:13:42.037899,0.000,0.000,1.270,0.000
2025-12-05T06:13:42.071258,0.000,0.000,1.270,0.000
2025-12-05T06:13:42.105922,0.000,0.000,1.270,0.000
2025-12-05T06:13:42.139105,0.000,0.000,1.270,0.000
2025-12-05T06:13:42.170653,0.000,0.000,1.270,0.000
2025-12-05T06:13:42.202763,0.000,0.000,1.270,0.000
2025-12-05T06:13:42.231778,0.000,0.000,1.270,0.000
2025-12-05T06:13:42.263905,0.000,0.000,1.270,0.000
2025-12-05T06:13:42.295614,0.000,0.000,1.270,0.000
2025-12-05T06:13:42.329581,0.000,0.000,1.270,0.000
2025-12-05T06:13:42.363320,0.000,0.000,1.270,0.000
2025-12-05T06:13:42.400559,0.000,0.000,1.270,0.000
2025-12-05T06:13:42.433883,0.000,0.000,1.270,0.000
2025-12-05T06:13:42.466108,0.000,0.000,1.270,0.000
2025-12-05T06:13:42.500283,0.000,0.000,1.270,0.000
2025-12-05T06:13:42.533031,0.000,0.000,1.270,0.000
2025-12-05T06:13:42.562994,0.000,0.000,1.270,0.000
2025-12-05T06:13:42.594935,0.000,0.000,1.270,0.000
2025-12-05T06:13:42.628507,0.000,0.000,1.270,0.000
2025-12-05T06:13:42.662049,0.000,0.000,1.270,0.000
2025-12-05T06:13:42.694860,0.000,0.000,1.270,0.000
2025-12-05T06:13:42.726843,0.000,0.000,1.270,0.000
2025-12-05T06:13:42.759267,0.000,0.000,1.270,0.000
2025-12-05T06:13:42.791158,0.000,0.000,1.270,0.000
2025-12-05T06:13:42.822967,0.000,0.000,1.270,0.000
2025-12-05T06:13:42.854312,0.000,0.000,1.270,0.000
2025-12-05T06:13:42.888495,0.000,0.000,1.270,0.000
2025-12-05T06:13:42.920710,0.000,0.000,1.270,0.000
2025-12-05T06:13:42.956370,0.000,0.000,1.270,0.000
2025-12-05T06:13:42.986692,0.000,0.000,1.270,0.000
2025-12-05T06:13:43.014258,0.000,0.000,1.270,0.000
2025-12-05T06:13:43.046774,0.000,0.000,1.270,0.000
2025-12-05T06:13:43.078937,0.000,0.000,1.270,0.000
2025-12-05T06:13:43.113882,0.000,0.000,1.270,0.000
2025-12-05T06:13:43.145751,0.000,0.000,1.270,0.000
2025-12-05T06:13:43.179237,0.000,0.000,1.270,0.000
2025-12-05T06:13:43.212369,0.000,0.000,1.270,0.000
2025-12-05T06:13:43.244505,0.000,0.000,1.270,0.000
2025-12-05T06:13:43.277959,0.000,0.000,1.270,0.000
2025-12-05T06:13:43.311946,0.000,0.000,1.270,0.000
2025-12-05T06:13:43.336280,0.000,0.000,1.270,0.000
2025-12-05T06:13:43.367677,0.000,0.000,1.270,0.000
2025-12-05T06:13:43.404141,0.000,0.000,1.270,0.000
2025-12-05T06:13:43.435190,0.000,0.000,1.270,0.000
2025-12-05T06:13:43.467858,0.000,0.000,1.270,0.000
2025-12-05T06:13:43.499834,0.000,0.000,1.270,0.000
2025-12-05T06:13:43.531723,0.000,0.000,1.270,0.000
2025-12-05T06:13:43.562704,0.000,0.000,1.270,0.000
2025-12-05T06:13:43.590973,0.000,0.000,1.270,0.000
2025-12-05T06:13:43.623201,0.000,0.000,1.270,0.000
2025-12-05T06:13:43.668494,0.000,0.000,1.270,0.000
2025-12-05T06:13:43.699343,0.000,0.000,1.270,0.000
2025-12-05T06:13:43.731274,0.000,0.000,1.270,0.000
2025-12-05T06:13:43.761716,0.000,0.000,1.270,0.000
2025-12-05T06:13:43.791476,0.000,0.000,1.270,0.000
2025-12-05T06:13:43.822016,0.000,0.000,1.270,0.000
2025-12-05T06:13:43.856187,0.000,0.000,1.270,0.000
2025-12-05T06:13:43.886833,0.000,0.000,1.270,0.000
2025-12-05T06:13:43.920214,0.000,0.000,1.270,0.000
2025-12-05T06:13:43.955403,0.000,0.000,1.270,0.000
2025-12-05T06:13:43.987853,0.000,0.000,1.270,0.000
2025-12-05T06:13:44.020293,0.000,0.000,1.270,0.000
2025-12-05T06:13:44.051867,0.000,0.000,1.270,0.000
2025-12-05T06:13:44.082458,0.000,0.000,1.270,0.000
2025-12-05T06:13:44.113959,0.000,0.000,1.270,0.000
2025-12-05T06:13:44.147832,0.000,0.000,1.270,0.000
2025-12-05T06:13:44.181708,0.000,0.000,1.270,0.000
2025-12-05T06:13:44.215083,0.000,0.000,1.270,0.000
2025-12-05T06:13:44.246956,0.000,0.000,1.270,0.000
2025-12-05T06:13:44.277979,0.000,0.000,1.270,0.000
2025-12-05T06:13:44.310106,0.000,0.000,1.270,0.000
2025-12-05T06:13:44.347451,0.000,0.000,1.270,0.000
2025-12-05T06:13:44.379440,0.000,0.000,1.270,0.000
2025-12-05T06:13:44.411653,0.000,0.000,1.270,0.000
2025-12-05T06:13:44.444214,0.000,0.000,1.270,0.000
2025-12-05T06:13:44.474012,0.000,0.000,1.270,0.000
2025-12-05T06:13:44.506209,0.000,0.000,1.270,0.000
2025-12-05T06:13:44.540247,0.000,0.000,1.270,0.000
2025-12-05T06:13:44.572480,0.000,0.000,1.270,0.000
2025-12-05T06:13:44.608685,0.000,0.000,1.270,0.000
2025-12-05T06:13:44.643092,0.000,0.000,1.270,0.000
2025-12-05T06:13:44.675160,0.000,0.000,1.270,0.000
2025-12-05T06:13:44.707580,0.000,0.000,1.270,0.000
2025-12-05T06:13:44.736794,0.000,0.000,1.270,0.000
2025-12-05T06:13:44.765832,0.000,0.000,1.270,0.000
2025-12-05T06:13:44.799516,0.000,0.000,1.270,0.000
2025-12-05T06:13:44.833118,0.000,0.000,1.270,0.000
2025-12-05T06:13:44.864759,0.000,0.000,1.270,0.000
2025-12-05T06:13:44.898647,0.000,0.000,1.270,0.000
2025-12-05T06:13:44.929670,0.000,0.000,1.270,0.000
2025-12-05T06:13:44.962116,0.000,0.000,1.270,0.000
2025-12-05T06:13:44.994303,0.000,0.000,1.270,0.000
2025-12-05T06:13:45.027182,0.000,0.000,1.270,0.000
2025-12-05T06:13:45.057342,0.000,0.000,1.270,0.000
2025-12-05T06:13:45.094605,0.000,0.000,1.270,0.000
2025-12-05T06:13:45.128759,0.000,0.000,1.270,0.000
2025-12-05T06:13:45.162671,0.000,0.000,1.270,0.000
2025-12-05T06:13:45.194112,0.000,0.000,1.270,0.000
2025-12-05T06:13:45.225570,0.000,0.000,1.270,0.000
2025-12-05T06:13:45.258179,0.000,0.000,1.270,0.000
2025-12-05T06:13:45.290111,0.000,0.000,1.270,0.000
2025-12-05T06:13:45.324033,0.000,0.000,1.270,0.000
2025-12-05T06:13:45.360644,0.000,0.000,1.270,0.000
2025-12-05T06:13:45.392669,0.000,0.000,1.270,0.000
2025-12-05T06:13:45.422892,0.000,0.000,1.270,0.000
2025-12-05T06:13:45.454553,0.000,0.000,1.270,0.000
2025-12-05T06:13:45.480787,0.000,0.000,1.270,0.000
2025-12-05T06:13:45.512054,0.000,0.000,1.270,0.000
2025-12-05T06:13:45.543001,0.000,0.000,1.270,0.000
2025-12-05T06:13:45.575522,0.000,0.000,1.270,0.000
2025-12-05T06:13:45.611209,0.000,0.000,1.270,0.000
2025-12-05T06:13:45.648159,0.000,0.000,1.270,0.000
2025-12-05T06:13:45.682807,0.000,0.000,1.270,0.000
2025-12-05T06:13:45.716654,0.000,0.000,1.270,0.000
2025-12-05T06:13:45.749012,0.000,0.000,1.270,0.000
2025-12-05T06:13:45.781287,0.000,0.000,1.270,0.000
2025-12-05T06:13:45.815242,0.000,0.000,1.270,0.000
2025-12-05T06:13:45.846759,0.000,0.000,1.270,0.000
2025-12-05T06:13:45.874947,0.000,0.000,1.270,0.000
2025-12-05T06:13:45.903277,0.000,0.000,1.270,0.000
2025-12-05T06:13:45.936303,0.000,0.000,1.270,0.000
2025-12-05T06:13:45.970613,0.000,0.000,1.270,0.000
2025-12-05T06:13:46.003433,0.000,0.000,1.270,0.000
2025-12-05T06:13:46.035651,0.000,0.000,1.270,0.000
2025-12-05T06:13:46.068293,0.000,0.000,1.270,0.000
2025-12-05T06:13:46.098016,0.000,0.000,1.270,0.000
2025-12-05T06:13:46.131637,0.000,0.000,1.270,0.000
2025-12-05T06:13:46.166044,0.000,0.000,1.270,0.000
2025-12-05T06:13:46.198929,0.000,0.000,1.270,0.000
2025-12-05T06:13:46.233329,0.000,0.000,1.270,0.000
2025-12-05T06:13:46.263865,0.000,0.000,1.270,0.000
2025-12-05T06:13:46.299983,0.000,0.000,1.270,0.000
2025-12-05T06:13:46.328121,0.000,0.000,1.270,0.000
2025-12-05T06:13:46.358686,0.000,0.000,1.270,0.000
2025-12-05T06:13:46.391609,0.000,0.000,1.270,0.000
2025-12-05T06:13:46.425470,0.000,0.000,1.270,0.000
2025-12-05T06:13:46.459832,0.000,0.000,1.270,0.000
2025-12-05T06:13:46.493750,0.000,0.000,1.270,0.000
2025-12-05T06:13:46.523601,0.000,0.000,1.270,0.000
2025-12-05T06:13:46.555905,0.000,0.000,1.270,0.000
2025-12-05T06:13:46.587229,0.000,0.000,1.270,0.000
2025-12-05T06:13:46.619085,0.000,0.000,1.270,0.000
2025-12-05T06:13:46.652036,0.000,0.000,1.270,0.000
2025-12-05T06:13:46.688219,0.000,0.000,1.270,0.000
2025-12-05T06:13:46.722816,0.000,0.000,1.270,0.000
2025-12-05T06:13:46.760174,0.000,0.000,1.270,0.000
2025-12-05T06:13:46.790146,0.000,0.000,1.270,0.000
2025-12-05T06:13:46.819554,0.000,0.000,1.270,0.000
2025-12-05T06:13:46.850434,0.000,0.000,1.270,0.000
2025-12-05T06:13:46.886145,0.000,0.000,1.270,0.000
2025-12-05T06:13:46.915052,0.000,0.000,1.270,0.000
2025-12-05T06:13:46.950159,0.000,0.000,1.270,0.000
2025-12-05T06:13:46.981626,0.000,0.000,1.270,0.000
2025-12-05T06:13:47.013372,0.000,0.000,1.270,0.000
2025-12-05T06:13:47.046944,0.000,0.000,1.270,0.000
2025-12-05T06:13:47.076151,0.000,0.000,1.270,0.000
2025-12-05T06:13:47.110765,0.000,0.000,1.270,0.000
2025-12-05T06:13:47.143586,0.000,0.000,1.270,0.000
2025-12-05T06:13:47.175684,0.000,0.000,1.270,0.000
2025-12-05T06:13:47.212685,0.000,0.000,1.270,0.000
2025-12-05T06:13:47.246231,0.000,0.000,1.270,0.000
2025-12-05T06:13:47.278901,0.000,0.000,1.270,0.000
2025-12-05T06:13:47.311481,0.000,0.000,1.270,0.000
2025-12-05T06:13:47.344936,0.000,0.000,1.270,0.000
2025-12-05T06:13:47.371346,0.000,0.000,1.270,0.000
2025-12-05T06:13:47.405277,0.000,0.000,1.270,0.000
2025-12-05T06:13:47.439998,0.000,0.000,1.270,0.000
2025-12-05T06:13:47.472926,0.000,0.000,1.270,0.000
2025-12-05T06:13:47.507391,0.000,0.000,1.270,0.000
2025-12-05T06:13:47.538682,0.000,0.000,1.270,0.000
2025-12-05T06:13:47.570718,0.000,0.000,1.270,0.000
2025-12-05T06:13:47.600129,0.000,0.000,1.270,0.000
2025-12-05T06:13:47.629622,0.000,0.000,1.270,0.000
2025-12-05T06:13:47.660112,0.000,0.000,1.270,0.000
2025-12-05T06:13:47.690834,0.000,0.000,1.270,0.000
2025-12-05T06:13:47.723753,0.000,0.000,1.270,0.000
2025-12-05T06:13:47.755532,0.000,0.000,1.270,0.000
2025-12-05T06:13:47.793324,0.000,0.000,1.270,0.000
2025-12-05T06:13:47.825541,0.000,0.000,1.270,0.000
2025-12-05T06:13:47.858356,0.000,0.000,1.270,0.000
2025-12-05T06:13:47.887794,0.000,0.000,1.270,0.000
2025-12-05T06:13:47.918028,0.000,0.000,1.270,0.000
2025-12-05T06:13:47.951639,0.000,0.000,1.270,0.000
2025-12-05T06:13:47.983791,0.000,0.000,1.270,0.000
2025-12-05T06:13:48.017279,0.000,0.000,1.270,0.000
2025-12-05T06:13:48.052635,0.000,0.000,1.270,0.000
2025-12-05T06:13:48.087660,0.000,0.000,1.270,0.000
2025-12-05T06:13:48.119610,0.000,0.000,1.270,0.000
2025-12-05T06:13:48.154502,0.000,0.000,1.270,0.000
2025-12-05T06:13:48.190957,0.000,0.000,1.270,0.000
2025-12-05T06:13:48.215709,0.000,0.000,1.270,0.000
2025-12-05T06:13:48.250706,0.000,0.000,1.270,0.000
2025-12-05T06:13:48.280939,0.000,0.000,1.270,0.000
2025-12-05T06:13:48.314685,0.000,0.000,1.270,0.000
2025-12-05T06:13:48.347720,0.000,0.000,1.270,0.000
2025-12-05T06:13:48.377612,0.000,0.000,1.270,0.000
2025-12-05T06:13:48.410443,0.000,0.000,1.270,0.000
2025-12-05T06:13:48.443543,0.000,0.000,1.270,0.000
2025-12-05T06:13:48.474386,0.000,0.000,1.270,0.000
2025-12-05T06:13:48.506432,0.000,0.000,1.270,0.000
2025-12-05T06:13:48.539038,0.000,0.000,1.270,0.000
2025-12-05T06:13:48.573595,0.000,0.000,1.270,0.000
2025-12-05T06:13:48.608211,0.000,0.000,1.270,0.000
2025-12-05T06:13:48.637702,0.000,0.000,1.270,0.000
2025-12-05T06:13:48.668384,0.000,0.000,1.270,0.000
2025-12-05T06:13:48.700051,0.000,0.000,1.270,0.000
2025-12-05T06:13:48.731345,0.000,0.000,1.270,0.000
2025-12-05T06:13:48.764041,0.000,0.000,1.270,0.000
2025-12-05T06:13:48.798827,0.000,0.000,1.270,0.000
2025-12-05T06:13:48.831084,0.000,0.000,1.270,0.000
2025-12-05T06:13:48.862495,0.000,0.000,1.270,0.000
2025-12-05T06:13:48.897938,0.000,0.000,1.270,0.000
2025-12-05T06:13:48.926662,0.000,0.000,1.270,0.000
2025-12-05T06:13:48.962905,0.000,0.000,1.270,0.000
2025-12-05T06:13:48.994186,0.000,0.000,1.270,0.000
2025-12-05T06:13:49.025613,0.000,0.000,1.270,0.000
2025-12-05T06:13:49.056966,0.000,0.000,1.270,0.000
2025-12-05T06:13:49.093558,0.000,0.000,1.270,0.000
2025-12-05T06:13:49.127086,0.000,0.000,1.270,0.000
2025-12-05T06:13:49.162686,0.000,0.000,1.270,0.000
2025-12-05T06:13:49.195459,0.000,0.000,1.270,0.000
2025-12-05T06:13:49.226389,0.000,0.000,1.270,0.000
2025-12-05T06:13:49.254656,0.000,0.000,1.270,0.000
2025-12-05T06:13:49.287291,0.000,0.000,1.270,0.000
2025-12-05T06:13:49.319435,0.000,0.000,1.270,0.000
2025-12-05T06:13:49.351157,0.000,0.000,1.270,0.000
2025-12-05T06:13:49.384865,0.000,0.000,1.270,0.000
2025-12-05T06:13:49.418632,0.000,0.000,1.270,0.000
2025-12-05T06:13:49.449936,0.000,0.000,1.270,0.000
2025-12-05T06:13:49.482309,0.000,0.000,1.270,0.000
2025-12-05T06:13:49.513953,0.000,0.000,1.270,0.000
2025-12-05T06:13:49.546809,0.000,0.000,1.270,0.000
2025-12-05T06:13:49.578924,0.000,0.000,1.270,0.000
2025-12-05T06:13:49.614819,0.000,0.000,1.270,0.000
2025-12-05T06:13:49.646548,0.000,0.000,1.270,0.000
2025-12-05T06:13:49.679123,0.000,0.000,1.270,0.000
2025-12-05T06:13:49.712343,0.000,0.000,1.270,0.000
2025-12-05T06:13:49.740996,0.000,0.000,1.270,0.000
2025-12-05T06:13:49.770780,0.000,0.000,1.270,0.000
2025-12-05T06:13:49.804410,0.000,0.000,1.270,0.000
2025-12-05T06:13:49.840804,0.000,0.000,1.270,-0.029
2025-12-05T06:13:49.871553,0.000,0.000,1.270,-0.058
2025-12-05T06:13:49.905071,0.000,0.000,1.270,-0.086
2025-12-05T06:13:49.938431,0.000,0.000,1.270,-0.115
2025-12-05T06:13:49.970263,0.000,0.000,1.270,-0.144
2025-12-05T06:13:50.000824,0.000,0.000,1.270,-0.172
2025-12-05T06:13:50.033222,0.000,0.000,1.270,-0.200
2025-12-05T06:13:50.066795,0.000,0.000,1.270,-0.228
2025-12-05T06:13:50.101951,0.000,0.000,1.270,-0.256
2025-12-05T06:13:50.135449,0.000,0.000,1.270,-0.284
2025-12-05T06:13:50.165871,0.000,0.000,1.270,-0.312
2025-12-05T06:13:50.199309,0.000,0.000,1.270,-0.339
2025-12-05T06:13:50.229634,0.000,0.000,1.270,-0.366
2025-12-05T06:13:50.263908,0.000,0.000,1.270,-0.392
2025-12-05T06:13:50.295321,0.000,0.000,1.270,-0.419
2025-12-05T06:13:50.328536,0.000,0.000,1.270,-0.445
2025-12-05T06:13:50.369348,0.000,0.000,1.270,-0.470
2025-12-05T06:13:50.398524,0.000,0.000,1.270,-0.495
2025-12-05T06:13:50.431789,0.000,0.000,1.270,-0.520
2025-12-05T06:13:50.463761,0.000,0.000,1.270,-0.545
2025-12-05T06:13:50.495014,0.000,0.000,1.270,-0.569
2025-12-05T06:13:50.527118,0.000,0.000,1.270,-0.592
2025-12-05T06:13:50.562107,0.000,0.000,1.270,-0.615
2025-12-05T06:13:50.592313,0.000,0.000,1.270,-0.637
2025-12-05T06:13:50.624082,0.000,0.000,1.270,-0.659
2025-12-05T06:13:50.660184,0.000,0.000,1.270,-0.681
2025-12-05T06:13:50.692942,0.000,0.000,1.270,-0.702
2025-12-05T06:13:50.721681,0.000,-0.018,1.270,-0.702
2025-12-05T06:13:50.755632,0.001,-0.036,1.270,-0.702
2025-12-05T06:13:50.789215,0.001,-0.054,1.270,-0.702
2025-12-05T06:13:50.814704,0.001,-0.073,1.270,-0.702
2025-12-05T06:13:50.847388,0.001,-0.091,1.270,-0.702
2025-12-05T06:13:50.882216,0.002,-0.110,1.270,-0.702
2025-12-05T06:13:50.916533,0.002,-0.129,1.270,-0.702
2025-12-05T06:13:50.949246,0.002,-0.147,1.270,-0.702
2025-12-05T06:13:50.981471,0.003,-0.166,1.270,-0.702
2025-12-05T06:13:51.013705,0.003,-0.185,1.270,-0.702
2025-12-05T06:13:51.045966,0.003,-0.205,1.270,-0.702
2025-12-05T06:13:51.078649,0.003,-0.224,1.270,-0.702
2025-12-05T06:13:51.110701,0.004,-0.243,1.270,-0.702
2025-12-05T06:13:51.146738,0.004,-0.263,1.270,-0.702
2025-12-05T06:13:51.176655,0.004,-0.282,1.270,-0.702
2025-12-05T06:13:51.214004,0.005,-0.302,1.270,-0.702
2025-12-05T06:13:51.248025,0.005,-0.321,1.270,-0.702
2025-12-05T06:13:51.280758,0.005,-0.341,1.270,-0.702
2025-12-05T06:13:51.312870,0.006,-0.361,1.270,-0.702
2025-12-05T06:13:51.344832,0.006,-0.380,1.270,-0.702
2025-12-05T06:13:51.373391,0.006,-0.400,1.270,-0.702
2025-12-05T06:13:51.407636,0.007,-0.420,1.270,-0.702
2025-12-05T06:13:51.441299,0.007,-0.440,1.270,-0.702
2025-12-05T06:13:51.473470,0.007,-0.460,1.270,-0.702
2025-12-05T06:13:51.509608,0.007,-0.480,1.270,-0.702
2025-12-05T06:13:51.541095,0.008,-0.500,1.270,-0.702
2025-12-05T06:13:51.572546,0.008,-0.520,1.270,-0.702
2025-12-05T06:13:51.604013,0.008,-0.540,1.270,-0.702
2025-12-05T06:13:51.634935,0.009,-0.560,1.270,-0.702
2025-12-05T06:13:51.681090,0.009,-0.580,1.270,-0.702
2025-12-05T06:13:51.704269,0.009,-0.600,1.270,-0.702
2025-12-05T06:13:51.734690,0.010,-0.621,1.270,-0.702
2025-12-05T06:13:51.766813,0.010,-0.641,1.270,-0.702
2025-12-05T06:13:51.795543,0.010,-0.661,1.270,-0.702
2025-12-05T06:13:51.826316,0.011,-0.681,1.270,-0.702
2025-12-05T06:13:51.862560,0.011,-0.701,1.270,-0.702
2025-12-05T06:13:51.887944,0.011,-0.722,1.270,-0.702
2025-12-05T06:13:51.920692,0.012,-0.742,1.270,-0.702
2025-12-05T06:13:51.957848,0.012,-0.762,1.270,-0.702
2025-12-05T06:13:51.988632,0.012,-0.783,1.270,-0.702
2025-12-05T06:13:52.020919,0.013,-0.803,1.270,-0.702
2025-12-05T06:13:52.053368,0.013,-0.823,1.270,-0.702
2025-12-05T06:13:52.083774,0.013,-0.844,1.270,-0.702
2025-12-05T06:13:52.117433,0.013,-0.864,1.270,-0.702
2025-12-05T06:13:52.151830,0.014,-0.884,1.270,-0.702
2025-12-05T06:13:52.184831,0.014,-0.905,1.270,-0.702
2025-12-05T06:13:52.218405,0.014,-0.925,1.270,-0.702
2025-12-05T06:13:52.252413,0.015,-0.946,1.270,-0.702
2025-12-05T06:13:52.285149,0.015,-0.966,1.270,-0.702
2025-12-05T06:13:52.317795,0.015,-0.986,1.270,-0.702
2025-12-05T06:13:52.346361,0.016,-1.007,1.270,-0.702
2025-12-05T06:13:52.376395,0.016,-1.027,1.270,-0.702
2025-12-05T06:13:52.408225,0.016,-1.048,1.270,-0.702
2025-12-05T06:13:52.440289,0.017,-1.068,1.270,-0.702
2025-12-05T06:13:52.473047,0.017,-1.088,1.270,-0.702
2025-12-05T06:13:52.509695,0.017,-1.109,1.270,-0.702
2025-12-05T06:13:52.543552,0.018,-1.129,1.270,-0.702
2025-12-05T06:13:52.573642,0.018,-1.150,1.270,-0.702
2025-12-05T06:13:52.603973,0.018,-1.170,1.270,-0.702
2025-12-05T06:13:52.634835,0.019,-1.191,1.270,-0.702
2025-12-05T06:13:52.664668,0.019,-1.211,1.270,-0.702
2025-12-05T06:13:52.699564,0.019,-1.232,1.270,-0.702
2025-12-05T06:13:52.732027,0.020,-1.252,1.270,-0.702
2025-12-05T06:13:52.767338,0.020,-1.272,1.270,-0.702
2025-12-05T06:13:52.800671,0.020,-1.293,1.270,-0.702
2025-12-05T06:13:52.831454,0.020,-1.313,1.270,-0.702
2025-12-05T06:13:52.864458,0.021,-1.334,1.270,-0.702
2025-12-05T06:13:52.898479,0.021,-1.354,1.270,-0.702
2025-12-05T06:13:52.924630,0.021,-1.357,1.270,-0.681
2025-12-05T06:13:52.958428,0.021,-1.359,1.270,-0.659
2025-12-05T06:13:52.987923,0.021,-1.362,1.270,-0.637
2025-12-05T06:13:53.021548,0.021,-1.364,1.270,-0.615
2025-12-05T06:13:53.056872,0.021,-1.366,1.270,-0.592
2025-12-05T06:13:53.093975,0.021,-1.367,1.270,-0.569
2025-12-05T06:13:53.125525,0.021,-1.369,1.270,-0.545
2025-12-05T06:13:53.158590,0.021,-1.371,1.270,-0.520
2025-12-05T06:13:53.191446,0.021,-1.372,1.270,-0.495
2025-12-05T06:13:53.221985,0.021,-1.374,1.270,-0.470
2025-12-05T06:13:53.252241,0.021,-1.375,1.270,-0.445
2025-12-05T06:13:53.284519,0.021,-1.376,1.270,-0.419
2025-12-05T06:13:53.313771,0.021,-1.377,1.270,-0.392
2025-12-05T06:13:53.346619,0.022,-1.379,1.270,-0.366
2025-12-05T06:13:53.383287,0.022,-1.380,1.270,-0.339
2025-12-05T06:13:53.416195,0.022,-1.380,1.270,-0.312
2025-12-05T06:13:53.447851,0.022,-1.381,1.270,-0.284
2025-12-05T06:13:53.479840,0.022,-1.382,1.270,-0.256
2025-12-05T06:13:53.512382,0.022,-1.383,1.270,-0.228
2025-12-05T06:13:53.545106,0.022,-1.384,1.270,-0.200
2025-12-05T06:13:53.576726,0.022,-1.384,1.270,-0.172
2025-12-05T06:13:53.611739,0.022,-1.385,1.270,-0.144
2025-12-05T06:13:53.642714,0.022,-1.386,1.270,-0.115
2025-12-05T06:13:53.673441,0.022,-1.386,1.270,-0.086
2025-12-05T06:13:53.704942,0.022,-1.387,1.270,-0.058
2025-12-05T06:13:53.734619,0.022,-1.387,1.270,-0.029
2025-12-05T06:13:53.766826,0.022,-1.388,1.270,-0.000
2025-12-05T06:13:53.799953,0.022,-1.388,1.270,0.029
2025-12-05T06:13:53.832323,0.022,-1.388,1.270,0.058
2025-12-05T06:13:53.866741,0.022,-1.389,1.270,0.086
2025-12-05T06:13:53.901671,0.022,-1.389,1.270,0.115
2025-12-05T06:13:53.932730,0.022,-1.390,1.270,0.144
2025-12-05T06:13:53.963481,0.022,-1.390,1.270,0.172
2025-12-05T06:13:53.996460,0.022,-1.390,1.270,0.200
2025-12-05T06:13:54.028909,0.022,-1.390,1.270,0.228
2025-12-05T06:13:54.061992,0.022,-1.391,1.270,0.256
2025-12-05T06:13:54.093482,0.022,-1.391,1.270,0.284
2025-12-05T06:13:54.127195,0.022,-1.391,1.270,0.312
2025-12-05T06:13:54.161850,0.022,-1.391,1.270,0.339
2025-12-05T06:13:54.197822,0.022,-1.392,1.270,0.366
2025-12-05T06:13:54.230013,0.022,-1.392,1.270,0.392
2025-12-05T06:13:54.263900,0.022,-1.392,1.270,0.419
2025-12-05T06:13:54.293020,0.022,-1.392,1.270,0.445
2025-12-05T06:13:54.322845,0.022,-1.392,1.270,0.470
2025-12-05T06:13:54.357296,0.022,-1.392,1.270,0.495
2025-12-05T06:13:54.389500,0.022,-1.392,1.270,0.520
2025-12-05T06:13:54.423678,0.022,-1.393,1.270,0.545
2025-12-05T06:13:54.458189,0.022,-1.393,1.270,0.569
2025-12-05T06:13:54.490045,0.022,-1.393,1.270,0.592
2025-12-05T06:13:54.523394,0.022,-1.393,1.270,0.615
2025-12-05T06:13:54.557049,0.022,-1.393,1.270,0.637
2025-12-05T06:13:54.594160,0.022,-1.393,1.270,0.659
2025-12-05T06:13:54.618532,0.022,-1.393,1.270,0.681
2025-12-05T06:13:54.653545,0.022,-1.393,1.270,0.702
2025-12-05T06:13:54.683140,0.022,-1.393,1.270,0.722
2025-12-05T06:13:54.713748,0.022,-1.393,1.270,0.741
2025-12-05T06:13:54.749131,0.022,-1.393,1.270,0.760
2025-12-05T06:13:54.780181,0.022,-1.394,1.270,0.779
2025-12-05T06:13:54.810921,0.022,-1.394,1.270,0.797
2025-12-05T06:13:54.843965,0.022,-1.394,1.270,0.814
2025-12-05T06:13:54.878474,0.022,-1.394,1.270,0.830
2025-12-05T06:13:54.911282,0.022,-1.394,1.270,0.846
2025-12-05T06:13:54.946731,0.022,-1.394,1.270,0.861
2025-12-05T06:13:54.980992,0.022,-1.394,1.270,0.875
2025-12-05T06:13:55.013987,0.022,-1.394,1.270,0.889
2025-12-05T06:13:55.049893,0.022,-1.394,1.270,0.901
2025-12-05T06:13:55.075759,0.022,-1.394,1.270,0.914
2025-12-05T06:13:55.108897,0.022,-1.394,1.270,0.925
2025-12-05T06:13:55.141584,0.022,-1.394,1.270,0.935
2025-12-05T06:13:55.173646,0.022,-1.394,1.270,0.945
2025-12-05T06:13:55.205368,0.022,-1.394,1.270,0.954
2025-12-05T06:13:55.237494,0.022,-1.394,1.270,0.962
2025-12-05T06:13:55.273583,0.022,-1.394,1.270,0.970
2025-12-05T06:13:55.302761,0.022,-1.394,1.270,0.977
2025-12-05T06:13:55.338451,0.022,-1.394,1.270,0.982
2025-12-05T06:13:55.372039,0.022,-1.394,1.270,0.987
2025-12-05T06:13:55.408889,0.022,-1.394,1.270,0.991
2025-12-05T06:13:55.441248,0.022,-1.394,1.270,0.995
2025-12-05T06:13:55.472623,0.022,-1.394,1.270,0.997
2025-12-05T06:13:55.504992,0.022,-1.394,1.270,0.999
2025-12-05T06:13:55.533305,0.004,-1.393,1.270,0.999
2025-12-05T06:13:55.563720,-0.014,-1.391,1.270,0.999
2025-12-05T06:13:55.594400,-0.032,-1.389,1.270,0.999
2025-12-05T06:13:55.627261,-0.051,-1.388,1.270,0.999
2025-12-05T06:13:55.665045,-0.069,-1.386,1.270,0.999
2025-12-05T06:13:55.696343,-0.088,-1.384,1.270,0.999
2025-12-05T06:13:55.728426,-0.106,-1.383,1.270,0.999
2025-12-05T06:13:55.760657,-0.125,-1.381,1.270,0.999
2025-12-05T06:13:55.792898,-0.144,-1.379,1.270,0.999
2025-12-05T06:13:55.824445,-0.163,-1.378,1.270,0.999
2025-12-05T06:13:55.856030,-0.182,-1.376,1.270,0.999
2025-12-05T06:13:55.886318,-0.201,-1.374,1.270,0.999
2025-12-05T06:13:55.918631,-0.221,-1.373,1.270,0.999
2025-12-05T06:13:55.953141,-0.240,-1.371,1.270,0.999
2025-12-05T06:13:55.986762,-0.259,-1.369,1.270,0.999
2025-12-05T06:13:56.018252,-0.279,-1.368,1.270,0.999
2025-12-05T06:13:56.051801,-0.298,-1.366,1.270,0.999
2025-12-05T06:13:56.085890,-0.318,-1.364,1.270,0.999
2025-12-05T06:13:56.115424,-0.338,-1.362,1.270,0.999
2025-12-05T06:13:56.148791,-0.357,-1.361,1.270,0.999
2025-12-05T06:13:56.181773,-0.377,-1.359,1.270,0.999
2025-12-05T06:13:56.212529,-0.397,-1.357,1.270,0.999
2025-12-05T06:13:56.243567,-0.417,-1.355,1.270,0.999
2025-12-05T06:13:56.276873,-0.436,-1.354,1.270,0.999
2025-12-05T06:13:56.313998,-0.456,-1.352,1.270,0.999
2025-12-05T06:13:56.353107,-0.476,-1.350,1.270,0.999
2025-12-05T06:13:56.377317,-0.496,-1.348,1.270,0.999
2025-12-05T06:13:56.409336,-0.516,-1.346,1.270,0.999
2025-12-05T06:13:56.441605,-0.536,-1.345,1.270,0.999
2025-12-05T06:13:56.474139,-0.556,-1.343,1.270,0.999
2025-12-05T06:13:56.506246,-0.576,-1.341,1.270,0.999
2025-12-05T06:13:56.543281,-0.596,-1.339,1.270,0.999
2025-12-05T06:13:56.579308,-0.617,-1.338,1.270,0.999
2025-12-05T06:13:56.608367,-0.637,-1.336,1.270,0.999
2025-12-05T06:13:56.639943,-0.657,-1.334,1.270,0.999
2025-12-05T06:13:56.668846,-0.677,-1.332,1.270,0.999
2025-12-05T06:13:56.699477,-0.697,-1.330,1.270,0.999
2025-12-05T06:13:56.732163,-0.717,-1.329,1.270,0.999
2025-12-05T06:13:56.764725,-0.738,-1.327,1.270,0.999
2025-12-05T06:13:56.808364,-0.758,-1.325,1.270,0.999
2025-12-05T06:13:56.831338,-0.778,-1.323,1.270,0.999
2025-12-05T06:13:56.864322,-0.798,-1.321,1.270,0.999
2025-12-05T06:13:56.895317,-0.819,-1.320,1.270,0.999
2025-12-05T06:13:56.925440,-0.839,-1.318,1.270,0.999
2025-12-05T06:13:56.957915,-0.859,-1.316,1.270,0.999
2025-12-05T06:13:56.990639,-0.880,-1.314,1.270,0.999
2025-12-05T06:13:57.021932,-0.900,-1.312,1.270,0.999
2025-12-05T06:13:57.057463,-0.920,-1.311,1.270,0.999
2025-12-05T06:13:57.087915,-0.940,-1.309,1.270,0.999
2025-12-05T06:13:57.121164,-0.961,-1.307,1.270,0.999
2025-12-05T06:13:57.154478,-0.981,-1.305,1.270,0.999
2025-12-05T06:13:57.181923,-1.001,-1.303,1.270,0.999
2025-12-05T06:13:57.212950,-1.022,-1.301,1.270,0.999
2025-12-05T06:13:57.244359,-1.042,-1.300,1.270,0.999
2025-12-05T06:13:57.277316,-1.063,-1.298,1.270,0.999
2025-12-05T06:13:57.313437,-1.065,-1.298,1.270,0.997
2025-12-05T06:13:57.350095,-1.067,-1.297,1.270,0.995
2025-12-05T06:13:57.382371,-1.070,-1.297,1.270,0.991
2025-12-05T06:13:57.415391,-1.072,-1.297,1.270,0.987
2025-12-05T06:13:57.447401,-1.074,-1.297,1.270,0.982
2025-12-05T06:13:57.476588,-1.075,-1.297,1.270,0.977
2025-12-05T06:13:57.508191,-1.077,-1.297,1.270,0.970
2025-12-05T06:13:57.537322,-1.079,-1.296,1.270,0.962
2025-12-05T06:13:57.566709,-1.080,-1.296,1.270,0.954
2025-12-05T06:13:57.598981,-1.082,-1.296,1.270,0.945
2025-12-05T06:13:57.636665,-1.083,-1.296,1.270,0.935
2025-12-05T06:13:57.667474,-1.084,-1.296,1.270,0.925
2025-12-05T06:13:57.703223,-1.085,-1.296,1.270,0.914
2025-12-05T06:13:57.735044,-1.086,-1.296,1.270,0.901
2025-12-05T06:13:57.765321,-1.087,-1.296,1.270,0.889
2025-12-05T06:13:57.797111,-1.088,-1.296,1.270,0.875
2025-12-05T06:13:57.827696,-1.089,-1.295,1.270,0.861
2025-12-05T06:13:57.857286,-1.090,-1.295,1.270,0.846
2025-12-05T06:13:57.893031,-1.091,-1.295,1.270,0.830
2025-12-05T06:13:57.924668,-1.091,-1.295,1.270,0.814
2025-12-05T06:13:57.957441,-1.092,-1.295,1.270,0.797
2025-12-05T06:13:57.989472,-1.093,-1.295,1.270,0.779
2025-12-05T06:13:58.020694,-1.093,-1.295,1.270,0.760
2025-12-05T06:13:58.053824,-1.094,-1.295,1.270,0.741
2025-12-05T06:13:58.088332,-1.094,-1.295,1.270,0.722
2025-12-05T06:13:58.118232,-1.095,-1.295,1.270,0.702
2025-12-05T06:13:58.152876,-1.095,-1.295,1.270,0.681
2025-12-05T06:13:58.184464,-1.096,-1.295,1.270,0.659
2025-12-05T06:13:58.219284,-1.096,-1.295,1.270,0.637
2025-12-05T06:13:58.253940,-1.096,-1.295,1.270,0.615
2025-12-05T06:13:58.286864,-1.097,-1.295,1.270,0.592
2025-12-05T06:13:58.320325,-1.097,-1.295,1.270,0.569
2025-12-05T06:13:58.353936,-1.097,-1.295,1.270,0.545
2025-12-05T06:13:58.383904,-1.098,-1.295,1.270,0.520
2025-12-05T06:13:58.414707,-1.098,-1.295,1.270,0.495
2025-12-05T06:13:58.450160,-1.098,-1.295,1.270,0.470
2025-12-05T06:13:58.483231,-1.098,-1.295,1.270,0.445
2025-12-05T06:13:58.517862,-1.099,-1.295,1.270,0.419
2025-12-05T06:13:58.551835,-1.099,-1.295,1.270,0.392
2025-12-05T06:13:58.581166,-1.099,-1.295,1.270,0.366
2025-12-05T06:13:58.610961,-1.099,-1.295,1.270,0.339
2025-12-05T06:13:58.643816,-1.099,-1.295,1.270,0.312
2025-12-05T06:13:58.676556,-1.099,-1.295,1.270,0.284
2025-12-05T06:13:58.711666,-1.100,-1.295,1.270,0.256
2025-12-05T06:13:58.744429,-1.100,-1.295,1.270,0.228
2025-12-05T06:13:58.775549,-1.100,-1.295,1.270,0.200
2025-12-05T06:13:58.807854,-1.100,-1.294,1.270,0.172
2025-12-05T06:13:58.838213,-1.100,-1.294,1.270,0.144
2025-12-05T06:13:58.870232,-1.100,-1.294,1.270,0.115
2025-12-05T06:13:58.907643,-1.100,-1.294,1.270,0.086
2025-12-05T06:13:58.937396,-1.100,-1.294,1.270,0.058
2025-12-05T06:13:58.972220,-1.100,-1.294,1.270,0.029
2025-12-05T06:13:59.004941,-1.101,-1.294,1.270,-0.000
2025-12-05T06:13:59.035221,-1.101,-1.294,1.270,-0.029
2025-12-05T06:13:59.067348,-1.101,-1.294,1.270,-0.058
2025-12-05T06:13:59.098960,-1.101,-1.294,1.270,-0.086
2025-12-05T06:13:59.131747,-1.101,-1.294,1.270,-0.115
2025-12-05T06:13:59.161714,-1.101,-1.294,1.270,-0.144
2025-12-05T06:13:59.195917,-1.101,-1.294,1.270,-0.172
2025-12-05T06:13:59.230202,-1.101,-1.294,1.270,-0.200
2025-12-05T06:13:59.263916,-1.101,-1.294,1.270,-0.228
2025-12-05T06:13:59.300540,-1.101,-1.294,1.270,-0.256
2025-12-05T06:13:59.328859,-1.101,-1.294,1.270,-0.284
2025-12-05T06:13:59.360523,-1.101,-1.294,1.270,-0.312
2025-12-05T06:13:59.393698,-1.101,-1.294,1.270,-0.339
2025-12-05T06:13:59.423465,-1.101,-1.294,1.270,-0.366
2025-12-05T06:13:59.457558,-1.101,-1.294,1.270,-0.392
2025-12-05T06:13:59.488688,-1.101,-1.294,1.270,-0.419
2025-12-05T06:13:59.522425,-1.101,-1.294,1.270,-0.445
2025-12-05T06:13:59.556046,-1.101,-1.294,1.270,-0.470
2025-12-05T06:13:59.588519,-1.101,-1.294,1.270,-0.495
2025-12-05T06:13:59.622137,-1.101,-1.294,1.270,-0.520
2025-12-05T06:13:59.656587,-1.101,-1.294,1.270,-0.545
2025-12-05T06:13:59.690451,-1.101,-1.294,1.270,-0.569
2025-12-05T06:13:59.722444,-1.101,-1.294,1.270,-0.592
2025-12-05T06:13:59.757888,-1.101,-1.294,1.270,-0.615
2025-12-05T06:13:59.786711,-1.101,-1.294,1.270,-0.637
2025-12-05T06:13:59.817582,-1.102,-1.294,1.270,-0.659
2025-12-05T06:13:59.848304,-1.099,-1.312,1.270,-0.659
2025-12-05T06:13:59.878934,-1.097,-1.330,1.270,-0.659
2025-12-05T06:13:59.912830,-1.094,-1.348,1.270,-0.659
2025-12-05T06:13:59.945601,-1.092,-1.366,1.270,-0.659
2025-12-05T06:13:59.977495,-1.090,-1.385,1.270,-0.659
2025-12-05T06:14:00.011764,-1.087,-1.403,1.270,-0.659
2025-12-05T06:14:00.046042,-1.085,-1.422,1.270,-0.659
2025-12-05T06:14:00.075816,-1.082,-1.441,1.270,-0.659
2025-12-05T06:14:00.106087,-1.080,-1.459,1.270,-0.659
2025-12-05T06:14:00.135783,-1.077,-1.478,1.270,-0.659
2025-12-05T06:14:00.167414,-1.075,-1.497,1.270,-0.659
2025-12-05T06:14:00.200578,-1.072,-1.516,1.270,-0.659
2025-12-05T06:14:00.236672,-1.070,-1.536,1.270,-0.659
2025-12-05T06:14:00.270141,-1.067,-1.555,1.270,-0.659
2025-12-05T06:14:00.305107,-1.065,-1.574,1.270,-0.659
2025-12-05T06:14:00.336032,-1.062,-1.593,1.270,-0.659
2025-12-05T06:14:00.368948,-1.060,-1.613,1.270,-0.659
2025-12-05T06:14:00.398470,-1.057,-1.632,1.270,-0.659
2025-12-05T06:14:00.426242,-1.055,-1.652,1.270,-0.659
2025-12-05T06:14:00.461752,-1.052,-1.672,1.270,-0.659
2025-12-05T06:14:00.492574,-1.049,-1.691,1.270,-0.659
2025-12-05T06:14:00.524673,-1.047,-1.711,1.270,-0.659
2025-12-05T06:14:00.561438,-1.044,-1.731,1.270,-0.659
2025-12-05T06:14:00.595266,-1.042,-1.750,1.270,-0.659
2025-12-05T06:14:00.635094,-1.039,-1.770,1.270,-0.659
2025-12-05T06:14:00.659222,-1.037,-1.788,1.270,-0.659
2025-12-05T06:14:00.693345,-1.034,-1.802,1.270,-0.659
2025-12-05T06:14:00.724874,-1.031,-1.813,1.270,-0.659
2025-12-05T06:14:00.756578,-1.028,-1.820,1.270,-0.659
2025-12-05T06:14:00.787968,-1.028,-1.820,1.270,-0.659
2025-12-05T06:14:00.821363,-1.028,-1.820,1.270,-0.659
2025-12-05T06:14:00.855438,-1.028,-1.820,1.270,-0.659
2025-12-05T06:14:00.888370,-1.028,-1.820,1.270,-0.659
2025-12-05T06:14:00.919934,-1.028,-1.820,1.270,-0.659
2025-12-05T06:14:00.953479,-1.028,-1.820,1.270,-0.659
2025-12-05T06:14:00.983270,-1.028,-1.820,1.270,-0.659
2025-12-05T06:14:01.014732,-1.028,-1.820,1.270,-0.659
2025-12-05T06:14:01.048109,-1.028,-1.820,1.270,-0.659
2025-12-05T06:14:01.079504,-1.028,-1.820,1.270,-0.659
2025-12-05T06:14:01.114664,-1.028,-1.820,1.270,-0.659
2025-12-05T06:14:01.151272,-1.028,-1.820,1.270,-0.659
2025-12-05T06:14:01.182981,-1.028,-1.820,1.270,-0.659
2025-12-05T06:14:01.216185,-1.028,-1.820,1.270,-0.659
2025-12-05T06:14:01.246942,-1.028,-1.820,1.270,-0.659
2025-12-05T06:14:01.281302,-1.028,-1.820,1.270,-0.659
2025-12-05T06:14:01.313004,-1.028,-1.820,1.270,-0.659
2025-12-05T06:14:01.346922,-1.028,-1.820,1.270,-0.659
2025-12-05T06:14:01.374558,-1.028,-1.820,1.270,-0.659
2025-12-05T06:14:01.404243,-1.028,-1.820,1.270,-0.659
2025-12-05T06:14:01.434312,-1.028,-1.820,1.270,-0.659
2025-12-05T06:14:01.465391,-1.028,-1.820,1.270,-0.659
2025-12-05T06:14:01.494898,-1.028,-1.820,1.270,-0.659
2025-12-05T06:14:01.528207,-1.028,-1.820,1.270,-0.659
2025-12-05T06:14:01.562285,-1.028,-1.820,1.270,-0.659
2025-12-05T06:14:01.596145,-1.028,-1.820,1.270,-0.659
2025-12-05T06:14:01.631024,-1.028,-1.820,1.270,-0.659
2025-12-05T06:14:01.662582,-1.028,-1.820,1.270,-0.659
2025-12-05T06:14:01.694543,-1.028,-1.820,1.270,-0.659
2025-12-05T06:14:01.725712,-1.028,-1.820,1.270,-0.659
2025-12-05T06:14:01.758289,-1.028,-1.820,1.270,-0.659
2025-12-05T06:14:01.790781,-1.028,-1.820,1.270,-0.659
2025-12-05T06:14:01.823075,-1.028,-1.820,1.270,-0.659
2025-12-05T06:14:01.859342,-1.028,-1.820,1.270,-0.659
2025-12-05T06:14:01.888337,-1.028,-1.820,1.270,-0.659
2025-12-05T06:14:01.920026,-1.028,-1.820,1.270,-0.659
2025-12-05T06:14:01.951474,-1.028,-1.820,1.270,-0.659
2025-12-05T06:14:01.981452,-1.028,-1.820,1.270,-0.659
2025-12-05T06:14:02.014689,-1.028,-1.820,1.270,-0.659
2025-12-05T06:14:02.047934,-1.028,-1.820,1.270,-0.659
2025-12-05T06:14:02.081364,-1.028,-1.820,1.270,-0.659
2025-12-05T06:14:02.116337,-1.028,-1.820,1.270,-0.659
2025-12-05T06:14:02.152046,-1.028,-1.820,1.270,-0.659
2025-12-05T06:14:02.183622,-1.028,-1.820,1.270,-0.659
2025-12-05T06:14:02.215342,-1.028,-1.820,1.270,-0.659
2025-12-05T06:14:02.247345,-1.028,-1.820,1.270,-0.659
2025-12-05T06:14:02.277246,-1.028,-1.820,1.270,-0.659
2025-12-05T06:14:02.307871,-1.028,-1.820,1.270,-0.659
2025-12-05T06:14:02.338380,-1.028,-1.820,1.270,-0.659
2025-12-05T06:14:02.374823,-1.028,-1.820,1.270,-0.659
2025-12-05T06:14:02.401768,-1.028,-1.820,1.270,-0.659
2025-12-05T06:14:02.436343,-1.028,-1.820,1.270,-0.659
2025-12-05T06:14:02.470903,-1.028,-1.820,1.270,-0.659
2025-12-05T06:14:02.502856,-1.028,-1.820,1.270,-0.659
2025-12-05T06:14:02.531944,-1.028,-1.820,1.270,-0.659
2025-12-05T06:14:02.563765,-1.028,-1.820,1.270,-0.659
2025-12-05T06:14:02.596557,-1.028,-1.820,1.270,-0.659
2025-12-05T06:14:02.628224,-1.028,-1.820,1.270,-0.659
2025-12-05T06:14:02.660144,-1.028,-1.820,1.270,-0.659
2025-12-05T06:14:02.694051,-1.028,-1.820,1.270,-0.659
2025-12-05T06:14:02.728396,-1.028,-1.820,1.270,-0.659
2025-12-05T06:14:02.763778,-1.028,-1.820,1.270,-0.659
2025-12-05T06:14:02.800312,-1.028,-1.820,1.270,-0.659
2025-12-05T06:14:02.830880,-1.028,-1.820,1.270,-0.659
2025-12-05T06:14:02.862002,-1.028,-1.820,1.270,-0.659
2025-12-05T06:14:02.889172,-1.028,-1.820,1.270,-0.659
2025-12-05T06:14:02.917942,-1.028,-1.820,1.270,-0.659
2025-12-05T06:14:02.948559,-1.028,-1.820,1.270,-0.659
2025-12-05T06:14:02.979852,-1.028,-1.820,1.270,-0.659
2025-12-05T06:14:03.011349,-1.028,-1.820,1.270,-0.659
2025-12-05T06:14:03.044174,-1.028,-1.820,1.270,-0.659
2025-12-05T06:14:03.078485,-1.028,-1.820,1.270,-0.659
2025-12-05T06:14:03.113612,-1.028,-1.820,1.270,-0.659
2025-12-05T06:14:03.145721,-1.028,-1.820,1.270,-0.659
2025-12-05T06:14:03.177780,-1.028,-1.820,1.270,-0.659
2025-12-05T06:14:03.209134,-1.028,-1.820,1.270,-0.659
2025-12-05T06:14:03.241249,-1.028,-1.820,1.270,-0.659
2025-12-05T06:14:03.273879,-1.028,-1.820,1.270,-0.659
2025-12-05T06:14:03.307815,-1.028,-1.820,1.270,-0.659
2025-12-05T06:14:03.344047,-1.028,-1.820,1.270,-0.659
2025-12-05T06:14:03.374862,-1.028,-1.820,1.270,-0.659
2025-12-05T06:14:03.409376,-1.028,-1.820,1.270,-0.659
2025-12-05T06:14:03.439053,-1.028,-1.820,1.270,-0.659
2025-12-05T06:14:03.467215,-1.028,-1.820,1.270,-0.659
2025-12-05T06:14:03.499156,-1.028,-1.820,1.270,-0.659
2025-12-05T06:14:03.531047,-1.028,-1.820,1.270,-0.659
2025-12-05T06:14:03.562928,-1.028,-1.820,1.270,-0.659
2025-12-05T06:14:03.598965,-1.028,-1.820,1.270,-0.659
2025-12-05T06:14:03.631993,-1.028,-1.820,1.270,-0.659
2025-12-05T06:14:03.660957,-1.028,-1.820,1.270,-0.659
2025-12-05T06:14:03.696792,-1.028,-1.820,1.270,-0.659
2025-12-05T06:14:03.727830,-1.028,-1.820,1.270,-0.659
2025-12-05T06:14:03.760098,-1.028,-1.820,1.270,-0.659
2025-12-05T06:14:03.796895,-1.028,-1.820,1.270,-0.659
2025-12-05T06:14:03.825644,-1.028,-1.820,1.270,-0.659
2025-12-05T06:14:03.857520,-1.028,-1.820,1.270,-0.659
2025-12-05T06:14:03.886942,-1.028,-1.820,1.270,-0.659
2025-12-05T06:14:03.922614,-1.028,-1.820,1.270,-0.659
2025-12-05T06:14:03.951178,-1.028,-1.820,1.270,-0.659
2025-12-05T06:14:03.983173,-1.028,-1.820,1.270,-0.659
2025-12-05T06:14:04.017978,-1.028,-1.820,1.270,-0.659
2025-12-05T06:14:04.051173,-1.028,-1.820,1.270,-0.659
2025-12-05T06:14:04.084179,-1.028,-1.820,1.270,-0.659
2025-12-05T06:14:04.116338,-1.028,-1.820,1.270,-0.659
2025-12-05T06:14:04.149810,-1.028,-1.820,1.270,-0.659
2025-12-05T06:14:04.183603,-1.028,-1.820,1.270,-0.659
2025-12-05T06:14:04.214485,-1.028,-1.820,1.270,-0.659
2025-12-05T06:14:04.252967,-1.028,-1.820,1.270,-0.659
2025-12-05T06:14:04.287613,-1.028,-1.820,1.270,-0.659
2025-12-05T06:14:04.317787,-1.028,-1.820,1.270,-0.659
2025-12-05T06:14:04.350393,-1.028,-1.820,1.270,-0.659
2025-12-05T06:14:04.381337,-1.028,-1.820,1.270,-0.659
2025-12-05T06:14:04.410794,-1.028,-1.820,1.270,-0.659
2025-12-05T06:14:04.443780,-1.028,-1.820,1.270,-0.659
2025-12-05T06:14:04.474307,-1.028,-1.820,1.270,-0.659
2025-12-05T06:14:04.507804,-1.028,-1.820,1.270,-0.659
2025-12-05T06:14:04.539502,-1.028,-1.820,1.270,-0.659
2025-12-05T06:14:04.572306,-1.028,-1.820,1.270,-0.659
2025-12-05T06:14:04.607593,-1.028,-1.820,1.270,-0.659
2025-12-05T06:14:04.638888,-1.028,-1.820,1.270,-0.659
2025-12-05T06:14:04.671859,-1.028,-1.820,1.270,-0.659
2025-12-05T06:14:04.699647,-1.028,-1.820,1.270,-0.659
2025-12-05T06:14:04.730605,-1.028,-1.820,1.270,-0.659
2025-12-05T06:14:04.762733,-1.028,-1.820,1.270,-0.659
2025-12-05T06:14:04.796407,-1.028,-1.820,1.270,-0.659
2025-12-05T06:14:04.829766,-1.028,-1.820,1.270,-0.659
2025-12-05T06:14:04.862353,-1.028,-1.820,1.270,-0.659
2025-12-05T06:14:04.896483,-1.028,-1.820,1.270,-0.659
2025-12-05T06:14:04.929492,-1.028,-1.820,1.270,-0.659
2025-12-05T06:14:04.964796,-1.028,-1.820,1.270,-0.659
2025-12-05T06:14:04.991900,-1.028,-1.820,1.270,-0.659
2025-12-05T06:14:05.025749,-1.028,-1.820,1.270,-0.659
2025-12-05T06:14:05.056557,-1.028,-1.820,1.270,-0.659
2025-12-05T06:14:05.091997,-1.028,-1.820,1.270,-0.659
2025-12-05T06:14:05.123908,-1.028,-1.820,1.270,-0.659
2025-12-05T06:14:05.159067,-1.028,-1.820,1.270,-0.659
2025-12-05T06:14:05.192852,-1.028,-1.820,1.270,-0.659
2025-12-05T06:14:05.224670,-1.028,-1.820,1.270,-0.659
2025-12-05T06:14:05.253743,-1.028,-1.820,1.270,-0.659
2025-12-05T06:14:05.284332,-1.028,-1.820,1.270,-0.659
2025-12-05T06:14:05.316554,-1.028,-1.820,1.270,-0.659
2025-12-05T06:14:05.350956,-1.028,-1.820,1.270,-0.659
2025-12-05T06:14:05.383896,-1.028,-1.820,1.270,-0.659
2025-12-05T06:14:05.416943,-1.028,-1.820,1.270,-0.659
2025-12-05T06:14:05.451439,-1.028,-1.820,1.270,-0.659
2025-12-05T06:14:05.483181,-1.028,-1.820,1.270,-0.659
2025-12-05T06:14:05.516263,-1.028,-1.820,1.270,-0.659
2025-12-05T06:14:05.547089,-1.028,-1.820,1.270,-0.659
2025-12-05T06:14:05.580856,-1.028,-1.820,1.270,-0.659
2025-12-05T06:14:05.610711,-1.028,-1.820,1.270,-0.659
2025-12-05T06:14:05.644331,-1.028,-1.820,1.270,-0.659
2025-12-05T06:14:05.676266,-1.028,-1.820,1.270,-0.659
2025-12-05T06:14:05.712176,-1.028,-1.820,1.270,-0.659
2025-12-05T06:14:05.747789,-1.028,-1.820,1.270,-0.659
2025-12-05T06:14:05.777865,-1.028,-1.820,1.270,-0.659
2025-12-05T06:14:05.811771,-1.028,-1.820,1.270,-0.659
2025-12-05T06:14:05.844304,-1.028,-1.820,1.270,-0.659
2025-12-05T06:14:05.874048,-1.028,-1.820,1.270,-0.659
2025-12-05T06:14:05.907369,-1.028,-1.820,1.270,-0.659
2025-12-05T06:14:05.940078,-1.028,-1.820,1.270,-0.659
2025-12-05T06:14:05.971534,-1.028,-1.820,1.270,-0.659
2025-12-05T06:14:06.004460,-1.028,-1.820,1.270,-0.659
2025-12-05T06:14:06.039967,-1.028,-1.820,1.270,-0.659
2025-12-05T06:14:06.072706,-1.028,-1.820,1.270,-0.659
2025-12-05T06:14:06.103896,-1.028,-1.820,1.270,-0.659
2025-12-05T06:14:06.135513,-1.028,-1.820,1.270,-0.659
2025-12-05T06:14:06.168085,-1.028,-1.820,1.270,-0.659
2025-12-05T06:14:06.200469,-1.028,-1.820,1.270,-0.659
2025-12-05T06:14:06.233073,-1.028,-1.820,1.270,-0.659
2025-12-05T06:14:06.265260,-1.028,-1.820,1.270,-0.659
2025-12-05T06:14:06.299953,-1.028,-1.820,1.270,-0.659
2025-12-05T06:14:06.334003,-1.028,-1.820,1.270,-0.659
2025-12-05T06:14:06.366496,-1.028,-1.820,1.270,-0.659
2025-12-05T06:14:06.400014,-1.028,-1.820,1.270,-0.659
2025-12-05T06:14:06.431487,-1.028,-1.820,1.270,-0.659
2025-12-05T06:14:06.462504,-1.028,-1.820,1.270,-0.659
2025-12-05T06:14:06.498092,-1.028,-1.820,1.270,-0.659
2025-12-05T06:14:06.530978,-1.028,-1.820,1.270,-0.659
2025-12-05T06:14:06.562665,-1.028,-1.820,1.270,-0.659
2025-12-05T06:14:06.595054,-1.028,-1.820,1.270,-0.659
2025-12-05T06:14:06.627727,-1.028,-1.820,1.270,-0.659
2025-12-05T06:14:06.662193,-1.028,-1.820,1.270,-0.659
2025-12-05T06:14:06.695200,-1.028,-1.820,1.270,-0.659
2025-12-05T06:14:06.727669,-1.028,-1.820,1.270,-0.659
2025-12-05T06:14:06.760065,-1.028,-1.820,1.270,-0.659
2025-12-05T06:14:06.790478,-1.028,-1.820,1.270,-0.659
2025-12-05T06:14:06.820975,-1.028,-1.820,1.270,-0.659
2025-12-05T06:14:06.853464,-1.028,-1.820,1.270,-0.659
2025-12-05T06:14:06.883279,-1.028,-1.820,1.270,-0.659
2025-12-05T06:14:06.919293,-1.028,-1.820,1.270,-0.659
2025-12-05T06:14:06.951812,-1.028,-1.820,1.270,-0.659
2025-12-05T06:14:06.982853,-1.028,-1.820,1.270,-0.659
2025-12-05T06:14:07.013857,-1.028,-1.820,1.270,-0.659
2025-12-05T06:14:07.048160,-1.028,-1.820,1.270,-0.659
2025-12-05T06:14:07.080816,-1.028,-1.820,1.270,-0.659
2025-12-05T06:14:07.113309,-1.028,-1.820,1.270,-0.659
2025-12-05T06:14:07.149743,-1.028,-1.820,1.270,-0.659
2025-12-05T06:14:07.182292,-1.028,-1.820,1.270,-0.659
2025-12-05T06:14:07.213839,-1.028,-1.820,1.270,-0.659
2025-12-05T06:14:07.245397,-1.028,-1.820,1.270,-0.659
2025-12-05T06:14:07.280208,-1.028,-1.820,1.270,-0.659
2025-12-05T06:14:07.309882,-1.028,-1.820,1.270,-0.659
2025-12-05T06:14:07.348127,-1.028,-1.820,1.270,-0.659
2025-12-05T06:14:07.378649,-1.028,-1.820,1.270,-0.659
2025-12-05T06:14:07.414653,-1.028,-1.820,1.270,-0.659
2025-12-05T06:14:07.446662,-1.028,-1.820,1.270,-0.659
2025-12-05T06:14:07.478258,-1.028,-1.820,1.270,-0.659
2025-12-05T06:14:07.510909,-1.028,-1.820,1.270,-0.659
2025-12-05T06:14:07.542257,-1.028,-1.820,1.270,-0.659
2025-12-05T06:14:07.574938,-1.028,-1.820,1.270,-0.659
2025-12-05T06:14:07.606135,-1.028,-1.820,1.270,-0.659
2025-12-05T06:14:07.638589,-1.028,-1.820,1.270,-0.659
2025-12-05T06:14:07.673005,-1.028,-1.820,1.270,-0.659
2025-12-05T06:14:07.706847,-1.028,-1.820,1.270,-0.659
2025-12-05T06:14:07.743219,-1.028,-1.820,1.270,-0.659
2025-12-05T06:14:07.778954,-1.028,-1.820,1.270,-0.659
2025-12-05T06:14:07.806947,-1.028,-1.820,1.270,-0.659
2025-12-05T06:14:07.836991,-1.028,-1.820,1.270,-0.659
2025-12-05T06:14:07.875584,-1.028,-1.820,1.270,-0.659
2025-12-05T06:14:07.895995,-1.028,-1.820,1.270,-0.659
2025-12-05T06:14:07.927942,-1.028,-1.820,1.270,-0.659
2025-12-05T06:14:07.960210,-1.028,-1.820,1.270,-0.659
2025-12-05T06:14:07.996426,-1.028,-1.820,1.270,-0.659
2025-12-05T06:14:08.030168,-1.028,-1.820,1.270,-0.659
2025-12-05T06:14:08.062596,-1.028,-1.820,1.270,-0.659
2025-12-05T06:14:08.096430,-1.028,-1.820,1.270,-0.659
2025-12-05T06:14:08.128187,-1.028,-1.820,1.270,-0.659
2025-12-05T06:14:08.161916,-1.028,-1.820,1.270,-0.659
2025-12-05T06:14:08.194075,-1.028,-1.820,1.270,-0.659
2025-12-05T06:14:08.227001,-1.028,-1.820,1.270,-0.659
2025-12-05T06:14:08.258888,-1.028,-1.820,1.270,-0.659
2025-12-05T06:14:08.291454,-1.028,-1.820,1.270,-0.659
2025-12-05T06:14:08.325515,-1.028,-1.820,1.270,-0.659
2025-12-05T06:14:08.359103,-1.028,-1.820,1.270,-0.659
2025-12-05T06:14:08.391834,-1.028,-1.820,1.270,-0.659
2025-12-05T06:14:08.422109,-1.028,-1.820,1.270,-0.659
2025-12-05T06:14:08.454985,-1.028,-1.820,1.270,-0.659
2025-12-05T06:14:08.481845,-1.028,-1.820,1.270,-0.659
2025-12-05T06:14:08.512274,-1.028,-1.820,1.270,-0.659
2025-12-05T06:14:08.545776,-1.028,-1.820,1.270,-0.659
2025-12-05T06:14:08.580180,-1.028,-1.820,1.270,-0.659
2025-12-05T06:14:08.610238,-1.028,-1.820,1.270,-0.659
2025-12-05T06:14:08.643500,-1.028,-1.820,1.270,-0.659
2025-12-05T06:14:08.677296,-1.028,-1.820,1.270,-0.659
2025-12-05T06:14:08.715393,-1.028,-1.820,1.270,-0.659
2025-12-05T06:14:08.752511,-1.028,-1.820,1.270,-0.659
2025-12-05T06:14:08.786708,-1.028,-1.820,1.270,-0.659
2025-12-05T06:14:08.817472,-1.028,-1.820,1.270,-0.659
2025-12-05T06:14:08.850762,-1.028,-1.820,1.270,-0.659
2025-12-05T06:14:08.883127,-1.028,-1.820,1.270,-0.659
2025-12-05T06:14:08.914726,-1.028,-1.820,1.270,-0.659
2025-12-05T06:14:08.946883,-1.028,-1.820,1.270,-0.659
2025-12-05T06:14:08.975737,-1.028,-1.820,1.270,-0.659
2025-12-05T06:14:09.007786,-1.028,-1.820,1.270,-0.659
2025-12-05T06:14:09.043850,-1.028,-1.820,1.270,-0.659
2025-12-05T06:14:09.075952,-1.028,-1.820,1.270,-0.659
2025-12-05T06:14:09.106949,-1.028,-1.820,1.270,-0.659
2025-12-05T06:14:09.139396,-1.028,-1.820,1.270,-0.659
2025-12-05T06:14:09.170246,-1.028,-1.820,1.270,-0.659
2025-12-05T06:14:09.204587,-1.028,-1.820,1.270,-0.659
2025-12-05T06:14:09.241879,-1.028,-1.820,1.270,-0.659
2025-12-05T06:14:09.275652,-1.028,-1.820,1.270,-0.659
2025-12-05T06:14:09.307289,-1.028,-1.820,1.270,-0.659
2025-12-05T06:14:09.336460,-1.028,-1.820,1.270,-0.659
2025-12-05T06:14:09.366849,-1.028,-1.820,1.270,-0.659
2025-12-05T06:14:09.399091,-1.028,-1.820,1.270,-0.659
2025-12-05T06:14:09.430122,-1.028,-1.820,1.270,-0.659
2025-12-05T06:14:09.460796,-1.028,-1.820,1.270,-0.659
2025-12-05T06:14:09.494068,-1.028,-1.820,1.270,-0.659
2025-12-05T06:14:09.527810,-1.028,-1.820,1.270,-0.659
2025-12-05T06:14:09.562136,-1.028,-1.820,1.270,-0.659
2025-12-05T06:14:09.598845,-1.028,-1.820,1.270,-0.659
2025-12-05T06:14:09.640266,-1.028,-1.820,1.270,-0.659
2025-12-05T06:14:09.661831,-1.028,-1.820,1.270,-0.659
2025-12-05T06:14:09.694467,-1.028,-1.820,1.270,-0.659
2025-12-05T06:14:09.726373,-1.028,-1.820,1.270,-0.659
2025-12-05T06:14:09.759673,-1.028,-1.820,1.270,-0.659
2025-12-05T06:14:09.789616,-1.028,-1.820,1.270,-0.659
2025-12-05T06:14:09.822791,-1.028,-1.820,1.270,-0.659
2025-12-05T06:14:09.859173,-1.028,-1.820,1.270,-0.659
2025-12-05T06:14:09.887126,-1.028,-1.820,1.270,-0.659
2025-12-05T06:14:09.919926,-1.028,-1.820,1.270,-0.659
2025-12-05T06:14:09.952073,-1.028,-1.820,1.270,-0.659
2025-12-05T06:14:09.981012,-1.028,-1.820,1.270,-0.659
2025-12-05T06:14:10.014370,-1.028,-1.820,1.270,-0.659
2025-12-05T06:14:10.047567,-1.028,-1.820,1.270,-0.659
2025-12-05T06:14:10.079337,-1.028,-1.820,1.270,-0.659
2025-12-05T06:14:10.112309,-1.028,-1.820,1.270,-0.659
2025-12-05T06:14:10.147689,-1.028,-1.820,1.270,-0.659
2025-12-05T06:14:10.179855,-1.028,-1.820,1.270,-0.659
2025-12-05T06:14:10.211361,-1.028,-1.820,1.270,-0.659
2025-12-05T06:14:10.245801,-1.028,-1.820,1.270,-0.659
2025-12-05T06:14:10.276070,-1.028,-1.820,1.270,-0.659
2025-12-05T06:14:10.306417,-1.028,-1.820,1.270,-0.659
2025-12-05T06:14:10.337577,-1.028,-1.820,1.270,-0.659
2025-12-05T06:14:10.370827,-1.028,-1.820,1.270,-0.659
2025-12-05T06:14:10.403054,-1.028,-1.820,1.270,-0.659
2025-12-05T06:14:10.435847,-1.028,-1.820,1.270,-0.659
2025-12-05T06:14:10.467682,-1.028,-1.820,1.270,-0.659
2025-12-05T06:14:10.503110,-1.028,-1.820,1.270,-0.659
2025-12-05T06:14:10.534838,-1.028,-1.820,1.270,-0.659
2025-12-05T06:14:10.567346,-1.028,-1.820,1.270,-0.659
2025-12-05T06:14:10.598848,-1.028,-1.820,1.270,-0.659
2025-12-05T06:14:10.629800,-1.028,-1.820,1.270,-0.659
2025-12-05T06:14:10.663242,-1.028,-1.820,1.270,-0.659
2025-12-05T06:14:10.694971,-1.028,-1.820,1.270,-0.659
2025-12-05T06:14:10.728550,-1.028,-1.820,1.270,-0.659
2025-12-05T06:14:10.762548,-1.028,-1.820,1.270,-0.659
2025-12-05T06:14:10.794826,-1.028,-1.820,1.270,-0.659
2025-12-05T06:14:10.827048,-1.028,-1.820,1.270,-0.659
2025-12-05T06:14:10.858622,-1.028,-1.820,1.270,-0.659
2025-12-05T06:14:10.890965,-1.028,-1.820,1.270,-0.659
2025-12-05T06:14:10.922687,-1.028,-1.820,1.270,-0.659
2025-12-05T06:14:10.954772,-1.028,-1.820,1.270,-0.659
2025-12-05T06:14:10.988779,-1.028,-1.820,1.270,-0.659
2025-12-05T06:14:11.019592,-1.028,-1.820,1.270,-0.659
2025-12-05T06:14:11.053520,-1.028,-1.820,1.270,-0.659
2025-12-05T06:14:11.086651,-1.028,-1.820,1.270,-0.659
2025-12-05T06:14:11.117584,-1.028,-1.820,1.270,-0.659
2025-12-05T06:14:11.148332,-1.028,-1.820,1.270,-0.659
2025-12-05T06:14:11.178134,-1.028,-1.820,1.270,-0.659
2025-12-05T06:14:11.211697,-1.028,-1.820,1.270,-0.659
2025-12-05T06:14:11.243368,-1.028,-1.820,1.270,-0.659
2025-12-05T06:14:11.276434,-1.028,-1.820,1.270,-0.659
2025-12-05T06:14:11.313773,-1.028,-1.820,1.270,-0.659
2025-12-05T06:14:11.351826,-1.028,-1.820,1.270,-0.659
2025-12-05T06:14:11.384841,-1.028,-1.820,1.270,-0.659
2025-12-05T06:14:11.413311,-1.028,-1.820,1.270,-0.659
2025-12-05T06:14:11.445581,-1.028,-1.820,1.270,-0.659
2025-12-05T06:14:11.475979,-1.028,-1.820,1.270,-0.659
2025-12-05T06:14:11.506211,-1.028,-1.820,1.270,-0.659
2025-12-05T06:14:11.537532,-1.028,-1.820,1.270,-0.659
2025-12-05T06:14:11.570439,-1.028,-1.820,1.270,-0.659
2025-12-05T06:14:11.603246,-1.028,-1.820,1.270,-0.659
2025-12-05T06:14:11.637430,-1.028,-1.820,1.270,-0.659
2025-12-05T06:14:11.670826,-1.028,-1.820,1.270,-0.659
2025-12-05T06:14:11.702631,-1.028,-1.820,1.270,-0.659
2025-12-05T06:14:11.733771,-1.028,-1.820,1.270,-0.659
2025-12-05T06:14:11.764882,-1.028,-1.820,1.270,-0.659
2025-12-05T06:14:11.798096,-1.028,-1.820,1.270,-0.659
2025-12-05T06:14:11.830753,-1.028,-1.820,1.270,-0.659
2025-12-05T06:14:11.865798,-1.028,-1.820,1.270,-0.659
2025-12-05T06:14:11.896668,-1.028,-1.820,1.270,-0.659
2025-12-05T06:14:11.928827,-1.028,-1.820,1.270,-0.659
2025-12-05T06:14:11.960248,-1.028,-1.820,1.270,-0.659
2025-12-05T06:14:11.992470,-1.028,-1.820,1.270,-0.659
2025-12-05T06:14:12.025930,-1.028,-1.820,1.270,-0.659
2025-12-05T06:14:12.055756,-1.028,-1.820,1.270,-0.659
2025-12-05T06:14:12.090636,-1.028,-1.820,1.270,-0.659
2025-12-05T06:14:12.123108,-1.028,-1.820,1.270,-0.659
2025-12-05T06:14:12.162462,-1.028,-1.820,1.270,-0.659
2025-12-05T06:14:12.188392,-1.028,-1.820,1.270,-0.659
2025-12-05T06:14:12.219503,-1.028,-1.820,1.270,-0.659
2025-12-05T06:14:12.252686,-1.028,-1.820,1.270,-0.659
2025-12-05T06:14:12.284085,-1.028,-1.820,1.270,-0.659
2025-12-05T06:14:12.317810,-1.033,-1.791,1.270,-0.681
2025-12-05T06:14:12.349118,-1.039,-1.762,1.270,-0.702
2025-12-05T06:14:12.381801,-1.044,-1.734,1.270,-0.722
2025-12-05T06:14:12.417752,-1.049,-1.709,1.270,-0.741
2025-12-05T06:14:12.453348,-1.053,-1.685,1.270,-0.760
2025-12-05T06:14:12.485596,-1.058,-1.662,1.270,-0.779
2025-12-05T06:14:12.519599,-1.062,-1.641,1.270,-0.797
2025-12-05T06:14:12.553845,-1.065,-1.621,1.270,-0.814
2025-12-05T06:14:12.584244,-1.069,-1.603,1.270,-0.830
2025-12-05T06:14:12.619074,-1.072,-1.586,1.270,-0.846
2025-12-05T06:14:12.652502,-1.075,-1.569,1.270,-0.861
2025-12-05T06:14:12.683673,-1.078,-1.554,1.270,-0.875
2025-12-05T06:14:12.715796,-1.081,-1.540,1.270,-0.889
2025-12-05T06:14:12.747715,-1.083,-1.527,1.270,-0.901
2025-12-05T06:14:12.781568,-1.086,-1.514,1.270,-0.914
2025-12-05T06:14:12.815250,-1.088,-1.503,1.270,-0.925
2025-12-05T06:14:12.848071,-1.090,-1.492,1.270,-0.935
2025-12-05T06:14:12.875303,-1.092,-1.482,1.270,-0.945
2025-12-05T06:14:12.905967,-1.094,-1.472,1.270,-0.954
2025-12-05T06:14:12.936091,-1.096,-1.463,1.270,-0.962
2025-12-05T06:14:12.969813,-1.097,-1.455,1.270,-0.970
2025-12-05T06:14:13.002773,-1.099,-1.447,1.270,-0.977
2025-12-05T06:14:13.033553,-1.100,-1.440,1.270,-0.982
2025-12-05T06:14:13.066752,-1.101,-1.433,1.270,-0.987
2025-12-05T06:14:13.102861,-1.103,-1.427,1.270,-0.991
2025-12-05T06:14:13.133994,-1.104,-1.421,1.270,-0.995
2025-12-05T06:14:13.165694,-1.105,-1.415,1.270,-0.997
2025-12-05T06:14:13.198975,-1.106,-1.410,1.270,-0.999
2025-12-05T06:14:13.228595,-1.107,-1.405,1.270,-1.000
2025-12-05T06:14:13.259936,-1.108,-1.400,1.270,1.000
2025-12-05T06:14:13.292543,-1.109,-1.396,1.270,0.999
2025-12-05T06:14:13.324780,-1.109,-1.392,1.270,0.997
2025-12-05T06:14:13.357528,-1.110,-1.388,1.270,0.995
2025-12-05T06:14:13.393215,-1.111,-1.385,1.270,0.992
2025-12-05T06:14:13.424121,-1.111,-1.381,1.270,0.988
2025-12-05T06:14:13.462745,-1.112,-1.378,1.270,0.983
2025-12-05T06:14:13.493294,-1.113,-1.376,1.270,0.977
2025-12-05T06:14:13.524368,-1.113,-1.373,1.270,0.970
2025-12-05T06:14:13.555162,-1.129,-1.362,1.270,0.970
2025-12-05T06:14:13.586877,-1.146,-1.351,1.270,0.970
2025-12-05T06:14:13.617088,-1.162,-1.340,1.270,0.970
2025-12-05T06:14:13.658768,-1.179,-1.330,1.270,0.970
2025-12-05T06:14:13.687897,-1.196,-1.319,1.270,0.970
2025-12-05T06:14:13.718581,-1.213,-1.308,1.270,0.970
2025-12-05T06:14:13.749710,-1.230,-1.298,1.270,0.970
2025-12-05T06:14:13.778494,-1.247,-1.288,1.270,0.970
2025-12-05T06:14:13.809414,-1.264,-1.277,1.270,0.970
2025-12-05T06:14:13.840995,-1.281,-1.267,1.270,0.970
2025-12-05T06:14:13.872311,-1.298,-1.257,1.270,0.970
2025-12-05T06:14:13.904786,-1.315,-1.246,1.270,0.970
2025-12-05T06:14:13.940471,-1.333,-1.236,1.270,0.970
2025-12-05T06:14:13.973802,-1.350,-1.226,1.270,0.970
2025-12-05T06:14:14.004947,-1.367,-1.216,1.270,0.970
2025-12-05T06:14:14.036115,-1.385,-1.206,1.270,0.970
2025-12-05T06:14:14.066226,-1.402,-1.196,1.270,0.970
2025-12-05T06:14:14.097501,-1.420,-1.186,1.270,0.970
2025-12-05T06:14:14.129456,-1.437,-1.176,1.270,0.970
2025-12-05T06:14:14.161710,-1.455,-1.166,1.270,0.970
2025-12-05T06:14:14.199391,-1.473,-1.156,1.270,0.970
2025-12-05T06:14:14.232698,-1.490,-1.146,1.270,0.970
2025-12-05T06:14:14.264627,-1.508,-1.136,1.270,0.970
2025-12-05T06:14:14.294498,-1.526,-1.126,1.270,0.970
2025-12-05T06:14:14.322422,-1.543,-1.116,1.270,0.970
2025-12-05T06:14:14.351405,-1.561,-1.106,1.270,0.970
2025-12-05T06:14:14.384619,-1.579,-1.096,1.270,0.970
2025-12-05T06:14:14.417768,-1.581,-1.095,1.270,0.963
2025-12-05T06:14:14.452910,-1.583,-1.094,1.270,0.955
2025-12-05T06:14:14.484480,-1.585,-1.092,1.270,0.946
2025-12-05T06:14:14.519719,-1.586,-1.091,1.270,0.936
2025-12-05T06:14:14.551861,-1.588,-1.090,1.270,0.926
2025-12-05T06:14:14.584220,-1.589,-1.089,1.270,0.915
2025-12-05T06:14:14.614739,-1.591,-1.088,1.270,0.903
2025-12-05T06:14:14.646933,-1.592,-1.087,1.270,0.890
2025-12-05T06:14:14.680142,-1.593,-1.086,1.270,0.876
2025-12-05T06:14:14.716860,-1.594,-1.086,1.270,0.862
2025-12-05T06:14:14.748009,-1.595,-1.085,1.270,0.847
2025-12-05T06:14:14.779895,-1.596,-1.084,1.270,0.831
2025-12-05T06:14:14.811711,-1.597,-1.083,1.270,0.815
2025-12-05T06:14:14.844485,-1.598,-1.083,1.270,0.798
2025-12-05T06:14:14.875801,-1.599,-1.082,1.270,0.780
2025-12-05T06:14:14.911351,-1.599,-1.082,1.270,0.762
2025-12-05T06:14:14.938568,-1.600,-1.081,1.270,0.743
2025-12-05T06:14:14.971666,-1.601,-1.081,1.270,0.723
2025-12-05T06:14:15.009113,-1.601,-1.080,1.270,0.703
2025-12-05T06:14:15.044979,-1.602,-1.080,1.270,0.683
2025-12-05T06:14:15.076431,-1.602,-1.080,1.270,0.661
2025-12-05T06:14:15.112418,-1.603,-1.079,1.270,0.639
2025-12-05T06:14:15.148502,-1.603,-1.079,1.270,0.617
2025-12-05T06:14:15.176795,-1.604,-1.079,1.270,0.594
2025-12-05T06:14:15.211495,-1.604,-1.078,1.270,0.571
2025-12-05T06:14:15.245905,-1.605,-1.078,1.270,0.547
2025-12-05T06:14:15.267841,-1.605,-1.078,1.270,0.522
2025-12-05T06:14:15.299277,-1.605,-1.078,1.270,0.498
2025-12-05T06:14:15.329949,-1.606,-1.077,1.270,0.472
2025-12-05T06:14:15.364009,-1.606,-1.077,1.270,0.447
2025-12-05T06:14:15.392009,-1.606,-1.077,1.270,0.421
2025-12-05T06:14:15.424086,-1.606,-1.077,1.270,0.395
2025-12-05T06:14:15.462343,-1.607,-1.077,1.270,0.368
2025-12-05T06:14:15.492624,-1.607,-1.076,1.270,0.341
2025-12-05T06:14:15.526213,-1.607,-1.076,1.270,0.314
2025-12-05T06:14:15.556502,-1.607,-1.076,1.270,0.286
2025-12-05T06:14:15.591772,-1.607,-1.076,1.270,0.259
2025-12-05T06:14:15.624800,-1.608,-1.076,1.270,0.231
2025-12-05T06:14:15.659170,-1.608,-1.076,1.270,0.203
2025-12-05T06:14:15.692900,-1.608,-1.076,1.270,0.174
2025-12-05T06:14:15.726516,-1.608,-1.076,1.270,0.146
2025-12-05T06:14:15.756961,-1.608,-1.075,1.270,0.117
2025-12-05T06:14:15.785066,-1.608,-1.075,1.270,0.089
2025-12-05T06:14:15.816314,-1.608,-1.075,1.270,0.060
2025-12-05T06:14:15.848655,-1.609,-1.075,1.270,0.031
2025-12-05T06:14:15.878750,-1.609,-1.075,1.270,0.002
2025-12-05T06:14:15.912639,-1.609,-1.075,1.270,-0.026
2025-12-05T06:14:15.945372,-1.609,-1.075,1.270,-0.055
2025-12-05T06:14:15.976704,-1.609,-1.075,1.270,-0.084
2025-12-05T06:14:16.010012,-1.609,-1.075,1.270,-0.113
2025-12-05T06:14:16.040712,-1.609,-1.075,1.270,-0.141
2025-12-05T06:14:16.070635,-1.609,-1.075,1.270,-0.170
2025-12-05T06:14:16.105905,-1.609,-1.075,1.270,-0.198
2025-12-05T06:14:16.136994,-1.593,-1.082,1.270,-0.198
2025-12-05T06:14:16.168136,-1.576,-1.089,1.270,-0.198
2025-12-05T06:14:16.200879,-1.559,-1.096,1.270,-0.198
2025-12-05T06:14:16.236812,-1.542,-1.103,1.270,-0.198
2025-12-05T06:14:16.272623,-1.525,-1.110,1.270,-0.198
2025-12-05T06:14:16.302329,-1.508,-1.117,1.270,-0.198
2025-12-05T06:14:16.334768,-1.491,-1.124,1.270,-0.198
2025-12-05T06:14:16.365508,-1.474,-1.132,1.270,-0.198
2025-12-05T06:14:16.397652,-1.456,-1.139,1.270,-0.198
2025-12-05T06:14:16.427644,-1.439,-1.146,1.270,-0.198
2025-12-05T06:14:16.459523,-1.421,-1.154,1.270,-0.198
2025-12-05T06:14:16.494497,-1.403,-1.161,1.270,-0.198
2025-12-05T06:14:16.526046,-1.385,-1.169,1.270,-0.198
2025-12-05T06:14:16.561195,-1.368,-1.176,1.270,-0.198
2025-12-05T06:14:16.597662,-1.350,-1.184,1.270,-0.198
2025-12-05T06:14:16.629728,-1.332,-1.191,1.270,-0.198
2025-12-05T06:14:16.662997,-1.314,-1.199,1.270,-0.198
2025-12-05T06:14:16.696339,-1.296,-1.207,1.270,-0.198
2025-12-05T06:14:16.727384,-1.277,-1.214,1.270,-0.198
2025-12-05T06:14:16.760578,-1.259,-1.222,1.270,-0.198
2025-12-05T06:14:16.792874,-1.241,-1.229,1.270,-0.198
2025-12-05T06:14:16.823678,-1.223,-1.237,1.270,-0.198
2025-12-05T06:14:16.855326,-1.204,-1.245,1.270,-0.198
2025-12-05T06:14:16.886640,-1.186,-1.253,1.270,-0.198
2025-12-05T06:14:16.922345,-1.168,-1.260,1.270,-0.198
2025-12-05T06:14:16.955703,-1.149,-1.268,1.270,-0.198
2025-12-05T06:14:16.990062,-1.131,-1.276,1.270,-0.198
2025-12-05T06:14:17.019702,-1.112,-1.284,1.270,-0.198
2025-12-05T06:14:17.053892,-1.094,-1.291,1.270,-0.198
2025-12-05T06:14:17.087519,-1.075,-1.299,1.270,-0.198
2025-12-05T06:14:17.118607,-1.057,-1.307,1.270,-0.198
2025-12-05T06:14:17.153273,-1.038,-1.315,1.270,-0.198
2025-12-05T06:14:17.180818,-1.019,-1.323,1.270,-0.198
2025-12-05T06:14:17.214946,-1.001,-1.331,1.270,-0.198
2025-12-05T06:14:17.252577,-0.982,-1.338,1.270,-0.198
2025-12-05T06:14:17.283891,-0.963,-1.346,1.270,-0.198
2025-12-05T06:14:17.316172,-0.945,-1.354,1.270,-0.198
2025-12-05T06:14:17.348152,-0.926,-1.362,1.270,-0.198
2025-12-05T06:14:17.376566,-0.907,-1.370,1.270,-0.198
2025-12-05T06:14:17.410299,-0.889,-1.378,1.270,-0.198
2025-12-05T06:14:17.442004,-0.870,-1.386,1.270,-0.198
2025-12-05T06:14:17.475020,-0.851,-1.394,1.270,-0.198
2025-12-05T06:14:17.509227,-0.832,-1.401,1.270,-0.198
2025-12-05T06:14:17.541183,-0.814,-1.409,1.270,-0.198
2025-12-05T06:14:17.573928,-0.795,-1.417,1.270,-0.198
2025-12-05T06:14:17.605563,-0.776,-1.425,1.270,-0.198
2025-12-05T06:14:17.635068,-0.757,-1.433,1.270,-0.198
2025-12-05T06:14:17.668296,-0.738,-1.441,1.270,-0.198
2025-12-05T06:14:17.702013,-0.720,-1.449,1.270,-0.198
2025-12-05T06:14:17.735140,-0.701,-1.457,1.270,-0.198
2025-12-05T06:14:17.769894,-0.682,-1.465,1.270,-0.198
2025-12-05T06:14:17.804510,-0.663,-1.473,1.270,-0.198
2025-12-05T06:14:17.837472,-0.644,-1.481,1.270,-0.198
2025-12-05T06:14:17.867911,-0.626,-1.488,1.270,-0.198
2025-12-05T06:14:17.897302,-0.607,-1.496,1.270,-0.198
2025-12-05T06:14:17.926982,-0.588,-1.504,1.270,-0.198
2025-12-05T06:14:17.956950,-0.569,-1.512,1.270,-0.198
2025-12-05T06:14:17.989051,-0.550,-1.520,1.270,-0.198
2025-12-05T06:14:18.022247,-0.531,-1.528,1.270,-0.198
2025-12-05T06:14:18.058927,-0.513,-1.536,1.270,-0.198
2025-12-05T06:14:18.094235,-0.510,-1.537,1.270,-0.226
2025-12-05T06:14:18.127934,-0.508,-1.538,1.270,-0.254
2025-12-05T06:14:18.162078,-0.506,-1.539,1.270,-0.282
2025-12-05T06:14:18.192283,-0.504,-1.540,1.270,-0.309
2025-12-05T06:14:18.220872,-0.502,-1.540,1.270,-0.337
2025-12-05T06:14:18.251289,-0.501,-1.541,1.270,-0.363
2025-12-05T06:14:18.284182,-0.499,-1.542,1.270,-0.390
2025-12-05T06:14:18.316674,-0.498,-1.542,1.270,-0.417
2025-12-05T06:14:18.352429,-0.497,-1.543,1.270,-0.443
2025-12-05T06:14:18.383267,-0.495,-1.543,1.270,-0.468
2025-12-05T06:14:18.418645,-0.494,-1.544,1.270,-0.493
2025-12-05T06:14:18.451724,-0.493,-1.544,1.270,-0.518
2025-12-05T06:14:18.480990,-0.492,-1.545,1.270,-0.543
2025-12-05T06:14:18.513957,-0.491,-1.545,1.270,-0.567
2025-12-05T06:14:18.548162,-0.490,-1.545,1.270,-0.590
2025-12-05T06:14:18.577306,-0.490,-1.546,1.270,-0.613
2025-12-05T06:14:18.608682,-0.489,-1.546,1.270,-0.636
2025-12-05T06:14:18.640892,-0.488,-1.546,1.270,-0.658
2025-12-05T06:14:18.673418,-0.487,-1.547,1.270,-0.679
2025-12-05T06:14:18.705369,-0.487,-1.547,1.270,-0.700
2025-12-05T06:14:18.737460,-0.486,-1.547,1.270,-0.720
2025-12-05T06:14:18.772964,-0.486,-1.547,1.270,-0.740
2025-12-05T06:14:18.806855,-0.485,-1.548,1.270,-0.759
2025-12-05T06:14:18.841272,-0.485,-1.548,1.270,-0.777
2025-12-05T06:14:18.872803,-0.484,-1.548,1.270,-0.795
2025-12-05T06:14:18.904704,-0.484,-1.548,1.270,-0.812
2025-12-05T06:14:18.934674,-0.483,-1.548,1.270,-0.829
2025-12-05T06:14:18.966867,-0.483,-1.549,1.270,-0.844
2025-12-05T06:14:19.001375,-0.483,-1.549,1.270,-0.860
2025-12-05T06:14:19.029881,-0.482,-1.549,1.270,-0.874
2025-12-05T06:14:19.064613,-0.482,-1.549,1.270,-0.888
2025-12-05T06:14:19.099546,-0.482,-1.549,1.270,-0.900
2025-12-05T06:14:19.131156,-0.482,-1.549,1.270,-0.913
2025-12-05T06:14:19.163328,-0.481,-1.549,1.270,-0.924
2025-12-05T06:14:19.195833,-0.481,-1.549,1.270,-0.935
2025-12-05T06:14:19.227638,-0.481,-1.549,1.270,-0.944
2025-12-05T06:14:19.259773,-0.481,-1.550,1.270,-0.954
2025-12-05T06:14:19.294850,-0.481,-1.550,1.270,-0.962
2025-12-05T06:14:19.325673,-0.480,-1.550,1.270,-0.969
2025-12-05T06:14:19.359807,-0.480,-1.550,1.270,-0.976
2025-12-05T06:14:19.395689,-0.480,-1.550,1.270,-0.982
2025-12-05T06:14:19.427520,-0.480,-1.550,1.270,-0.987
2025-12-05T06:14:19.457548,-0.480,-1.550,1.270,-0.991
2025-12-05T06:14:19.490327,-0.480,-1.550,1.270,-0.995
2025-12-05T06:14:19.521867,-0.480,-1.550,1.270,-0.997
2025-12-05T06:14:19.554273,-0.480,-1.550,1.270,-0.999
2025-12-05T06:14:19.589115,-0.479,-1.550,1.270,-1.000
2025-12-05T06:14:19.619691,-0.479,-1.550,1.270,1.000
2025-12-05T06:14:19.649370,-0.479,-1.550,1.270,0.999
2025-12-05T06:14:19.680413,-0.479,-1.550,1.270,0.998
2025-12-05T06:14:19.716084,-0.479,-1.550,1.270,0.995
2025-12-05T06:14:19.749430,-0.479,-1.550,1.270,0.992
2025-12-05T06:14:19.780220,-0.479,-1.550,1.270,0.988
2025-12-05T06:14:19.812987,-0.479,-1.550,1.270,0.983
2025-12-05T06:14:19.845525,-0.479,-1.550,1.270,0.978
2025-12-05T06:14:19.877625,-0.479,-1.550,1.270,0.971
2025-12-05T06:14:19.909615,-0.479,-1.550,1.270,0.964
2025-12-05T06:14:19.941006,-0.479,-1.550,1.270,0.956
2025-12-05T06:14:19.975078,-0.479,-1.550,1.270,0.947
2025-12-05T06:14:20.008812,-0.479,-1.551,1.270,0.937
2025-12-05T06:14:20.045643,-0.479,-1.551,1.270,0.927
2025-12-05T06:14:20.081072,-0.479,-1.551,1.270,0.916
2025-12-05T06:14:20.114414,-0.479,-1.551,1.270,0.904
2025-12-05T06:14:20.147482,-0.478,-1.551,1.270,0.891
2025-12-05T06:14:20.180607,-0.478,-1.551,1.270,0.877
2025-12-05T06:14:20.208603,-0.478,-1.551,1.270,0.863
2025-12-05T06:14:20.241746,-0.478,-1.551,1.270,0.848
2025-12-05T06:14:20.273428,-0.478,-1.551,1.270,0.833
2025-12-05T06:14:20.307807,-0.478,-1.551,1.270,0.816
2025-12-05T06:14:20.344387,-0.478,-1.551,1.270,0.799
2025-12-05T06:14:20.384090,-0.478,-1.551,1.270,0.782
2025-12-05T06:14:20.413709,-0.478,-1.551,1.270,0.764
2025-12-05T06:14:20.443707,-0.481,-1.533,1.270,0.764
2025-12-05T06:14:20.474633,-0.484,-1.515,1.270,0.764
2025-12-05T06:14:20.503703,-0.487,-1.497,1.270,0.764
2025-12-05T06:14:20.533661,-0.490,-1.479,1.270,0.764
2025-12-05T06:14:20.564757,-0.493,-1.461,1.270,0.764
2025-12-05T06:14:20.598720,-0.496,-1.442,1.270,0.764
2025-12-05T06:14:20.633420,-0.500,-1.424,1.270,0.764
2025-12-05T06:14:20.665370,-0.503,-1.405,1.270,0.764
2025-12-05T06:14:20.700185,-0.506,-1.387,1.270,0.764
2025-12-05T06:14:20.728074,-0.509,-1.368,1.270,0.764
2025-12-05T06:14:20.760634,-0.512,-1.349,1.270,0.764
2025-12-05T06:14:20.793724,-0.515,-1.330,1.270,0.764
2025-12-05T06:14:20.823720,-0.519,-1.311,1.270,0.764
2025-12-05T06:14:20.857285,-0.522,-1.292,1.270,0.764
2025-12-05T06:14:20.890282,-0.525,-1.272,1.270,0.764
2025-12-05T06:14:20.924817,-0.528,-1.253,1.270,0.764
2025-12-05T06:14:20.960318,-0.531,-1.234,1.270,0.764
2025-12-05T06:14:20.993325,-0.535,-1.214,1.270,0.764
2025-12-05T06:14:21.024970,-0.538,-1.195,1.270,0.764
2025-12-05T06:14:21.056487,-0.541,-1.176,1.270,0.764
2025-12-05T06:14:21.089173,-0.545,-1.156,1.270,0.764
2025-12-05T06:14:21.123316,-0.548,-1.136,1.270,0.764
2025-12-05T06:14:21.156647,-0.551,-1.117,1.270,0.764
2025-12-05T06:14:21.189417,-0.554,-1.097,1.270,0.764
2025-12-05T06:14:21.216741,-0.558,-1.077,1.270,0.764
2025-12-05T06:14:21.250386,-0.561,-1.058,1.270,0.764
2025-12-05T06:14:21.283932,-0.564,-1.038,1.270,0.764
2025-12-05T06:14:21.316791,-0.568,-1.018,1.270,0.764
2025-12-05T06:14:21.352597,-0.571,-0.998,1.270,0.764
2025-12-05T06:14:21.382932,-0.574,-0.978,1.270,0.764
2025-12-05T06:14:21.418091,-0.578,-0.959,1.270,0.764
2025-12-05T06:14:21.451847,-0.581,-0.939,1.270,0.764
2025-12-05T06:14:21.482080,-0.584,-0.919,1.270,0.764
2025-12-05T06:14:21.516176,-0.588,-0.899,1.270,0.764
2025-12-05T06:14:21.548254,-0.591,-0.879,1.270,0.764
2025-12-05T06:14:21.579324,-0.595,-0.859,1.270,0.764
2025-12-05T06:14:21.611304,-0.598,-0.839,1.270,0.764
2025-12-05T06:14:21.648493,-0.601,-0.819,1.270,0.764
2025-12-05T06:14:21.680956,-0.605,-0.799,1.270,0.764
2025-12-05T06:14:21.715329,-0.608,-0.779,1.270,0.764
2025-12-05T06:14:21.748766,-0.611,-0.759,1.270,0.764
2025-12-05T06:14:21.778525,-0.615,-0.739,1.270,0.764
2025-12-05T06:14:21.805682,-0.618,-0.719,1.270,0.764
2025-12-05T06:14:21.836219,-0.621,-0.699,1.270,0.764
2025-12-05T06:14:21.869137,-0.625,-0.679,1.270,0.764
2025-12-05T06:14:21.900970,-0.628,-0.658,1.270,0.764
2025-12-05T06:14:21.935642,-0.632,-0.638,1.270,0.764
2025-12-05T06:14:21.969752,-0.635,-0.618,1.270,0.764
2025-12-05T06:14:22.001816,-0.638,-0.598,1.270,0.764
2025-12-05T06:14:22.030977,-0.642,-0.578,1.270,0.764
2025-12-05T06:14:22.063277,-0.645,-0.558,1.270,0.764
2025-12-05T06:14:22.099511,-0.649,-0.538,1.270,0.764
2025-12-05T06:14:22.132588,-0.652,-0.518,1.270,0.764
2025-12-05T06:14:22.166487,-0.655,-0.497,1.270,0.764
2025-12-05T06:14:22.200943,-0.659,-0.477,1.270,0.764
2025-12-05T06:14:22.231378,-0.662,-0.457,1.270,0.764
2025-12-05T06:14:22.263855,-0.666,-0.437,1.270,0.764
2025-12-05T06:14:22.297533,-0.669,-0.417,1.270,0.764
2025-12-05T06:14:22.326132,-0.672,-0.397,1.270,0.764
2025-12-05T06:14:22.357544,-0.676,-0.376,1.270,0.764
2025-12-05T06:14:22.385551,-0.679,-0.356,1.270,0.764
2025-12-05T06:14:22.418989,-0.680,-0.354,1.270,0.745
2025-12-05T06:14:22.456633,-0.680,-0.351,1.270,0.725
2025-12-05T06:14:22.487318,-0.680,-0.349,1.270,0.705
2025-12-05T06:14:22.519006,-0.681,-0.347,1.270,0.684
2025-12-05T06:14:22.552185,-0.681,-0.345,1.270,0.663
2025-12-05T06:14:22.583972,-0.681,-0.343,1.270,0.641
2025-12-05T06:14:22.617126,-0.682,-0.342,1.270,0.619
2025-12-05T06:14:22.652554,-0.682,-0.340,1.270,0.596
2025-12-05T06:14:22.682270,-0.682,-0.339,1.270,0.573
2025-12-05T06:14:22.715418,-0.682,-0.337,1.270,0.549
2025-12-05T06:14:22.748284,-0.683,-0.336,1.270,0.524
2025-12-05T06:14:22.781976,-0.683,-0.335,1.270,0.500
2025-12-05T06:14:22.811092,-0.683,-0.334,1.270,0.474
2025-12-05T06:14:22.844728,-0.683,-0.333,1.270,0.449
2025-12-05T06:14:22.873653,-0.683,-0.332,1.270,0.423
2025-12-05T06:14:22.909583,-0.683,-0.331,1.270,0.397
2025-12-05T06:14:22.942360,-0.684,-0.330,1.270,0.370
2025-12-05T06:14:22.972844,-0.684,-0.329,1.270,0.343
2025-12-05T06:14:23.004025,-0.684,-0.328,1.270,0.316
2025-12-05T06:14:23.034797,-0.684,-0.328,1.270,0.289
2025-12-05T06:14:23.067941,-0.684,-0.327,1.270,0.261
2025-12-05T06:14:23.103476,-0.684,-0.326,1.270,0.233
2025-12-05T06:14:23.135370,-0.684,-0.326,1.270,0.205
2025-12-05T06:14:23.171407,-0.684,-0.325,1.270,0.177
2025-12-05T06:14:23.205437,-0.684,-0.325,1.270,0.148
2025-12-05T06:14:23.235349,-0.685,-0.324,1.270,0.120
2025-12-05T06:14:23.267744,-0.685,-0.324,1.270,0.091
2025-12-05T06:14:23.300257,-0.685,-0.323,1.270,0.062
2025-12-05T06:14:23.329766,-0.685,-0.323,1.270,0.034
2025-12-05T06:14:23.364259,-0.685,-0.323,1.270,0.005
2025-12-05T06:14:23.395768,-0.685,-0.322,1.270,-0.024
2025-12-05T06:14:23.426602,-0.685,-0.322,1.270,-0.053
2025-12-05T06:14:23.459922,-0.685,-0.322,1.270,-0.082
2025-12-05T06:14:23.496193,-0.685,-0.321,1.270,-0.110
2025-12-05T06:14:23.530083,-0.685,-0.321,1.270,-0.139
2025-12-05T06:14:23.563929,-0.685,-0.321,1.270,-0.167
2025-12-05T06:14:23.595808,-0.685,-0.321,1.270,-0.196
2025-12-05T06:14:23.627992,-0.685,-0.320,1.270,-0.224
2025-12-05T06:14:23.660840,-0.685,-0.320,1.270,-0.252
2025-12-05T06:14:23.688788,-0.670,-0.329,1.270,-0.252
2025-12-05T06:14:23.719820,-0.654,-0.337,1.270,-0.252
2025-12-05T06:14:23.754293,-0.638,-0.346,1.270,-0.252
2025-12-05T06:14:23.786555,-0.622,-0.355,1.270,-0.252
2025-12-05T06:14:23.819313,-0.606,-0.364,1.270,-0.252
2025-12-05T06:14:23.854004,-0.589,-0.373,1.270,-0.252
2025-12-05T06:14:23.884843,-0.573,-0.382,1.270,-0.252
2025-12-05T06:14:23.918167,-0.557,-0.391,1.270,-0.252
2025-12-05T06:14:23.949046,-0.540,-0.400,1.270,-0.252
2025-12-05T06:14:23.980941,-0.523,-0.409,1.270,-0.252
2025-12-05T06:14:24.014646,-0.507,-0.418,1.270,-0.252
2025-12-05T06:14:24.048887,-0.490,-0.428,1.270,-0.252
2025-12-05T06:14:24.082121,-0.473,-0.437,1.270,-0.252
2025-12-05T06:14:24.112900,-0.456,-0.446,1.270,-0.252
2025-12-05T06:14:24.144873,-0.439,-0.456,1.270,-0.252
2025-12-05T06:14:24.176418,-0.422,-0.465,1.270,-0.252
2025-12-05T06:14:24.210556,-0.405,-0.475,1.270,-0.252
2025-12-05T06:14:24.241682,-0.388,-0.484,1.270,-0.252
2025-12-05T06:14:24.275863,-0.371,-0.494,1.270,-0.252
2025-12-05T06:14:24.310978,-0.353,-0.503,1.270,-0.252
2025-12-05T06:14:24.343714,-0.336,-0.513,1.270,-0.252
2025-12-05T06:14:24.376101,-0.319,-0.523,1.270,-0.252
2025-12-05T06:14:24.408209,-0.301,-0.532,1.270,-0.252
2025-12-05T06:14:24.437473,-0.284,-0.542,1.270,-0.252
2025-12-05T06:14:24.468137,-0.266,-0.552,1.270,-0.252
2025-12-05T06:14:24.506114,-0.249,-0.561,1.270,-0.252
2025-12-05T06:14:24.539783,-0.231,-0.571,1.270,-0.252
2025-12-05T06:14:24.573295,-0.214,-0.581,1.270,-0.252
2025-12-05T06:14:24.605246,-0.196,-0.591,1.270,-0.252
2025-12-05T06:14:24.649497,-0.179,-0.600,1.270,-0.252
2025-12-05T06:14:24.666284,-0.161,-0.610,1.270,-0.252
2025-12-05T06:14:24.697942,-0.144,-0.620,1.270,-0.252
2025-12-05T06:14:24.734239,-0.126,-0.630,1.270,-0.252
2025-12-05T06:14:24.764419,-0.108,-0.640,1.270,-0.252
2025-12-05T06:14:24.801115,-0.091,-0.649,1.270,-0.252
2025-12-05T06:14:24.833103,-0.073,-0.659,1.270,-0.252
2025-12-05T06:14:24.865367,-0.055,-0.669,1.270,-0.252
2025-12-05T06:14:24.896951,-0.038,-0.679,1.270,-0.252
2025-12-05T06:14:24.929585,-0.020,-0.689,1.270,-0.252
2025-12-05T06:14:24.960964,-0.002,-0.699,1.270,-0.252
2025-12-05T06:14:24.990352,0.016,-0.709,1.270,-0.252
2025-12-05T06:14:25.022602,0.033,-0.718,1.270,-0.252
2025-12-05T06:14:25.057676,0.051,-0.728,1.270,-0.252
2025-12-05T06:14:25.089226,0.069,-0.738,1.270,-0.252
2025-12-05T06:14:25.121911,0.087,-0.748,1.270,-0.252
2025-12-05T06:14:25.154167,0.105,-0.758,1.270,-0.252
2025-12-05T06:14:25.187583,0.122,-0.768,1.270,-0.252
2025-12-05T06:14:25.219971,0.140,-0.778,1.270,-0.252
2025-12-05T06:14:25.255269,0.158,-0.788,1.270,-0.252
2025-12-05T06:14:25.292895,0.176,-0.798,1.270,-0.252
2025-12-05T06:14:25.318548,0.194,-0.808,1.270,-0.252
2025-12-05T06:14:25.351724,0.211,-0.818,1.270,-0.252
2025-12-05T06:14:25.383609,0.229,-0.828,1.270,-0.252
2025-12-05T06:14:25.417830,0.247,-0.838,1.270,-0.252
2025-12-05T06:14:25.475151,0.265,-0.848,1.270,-0.252
2025-12-05T06:14:25.502660,0.283,-0.857,1.270,-0.252
2025-12-05T06:14:25.545682,0.301,-0.867,1.270,-0.252
2025-12-05T06:14:25.581920,0.319,-0.877,1.270,-0.252
2025-12-05T06:14:25.612502,0.336,-0.887,1.270,-0.252
2025-12-05T06:14:25.643855,0.354,-0.897,1.270,-0.252
2025-12-05T06:14:25.671270,0.372,-0.907,1.270,-0.252
2025-12-05T06:14:25.716153,0.390,-0.917,1.270,-0.252
2025-12-05T06:14:25.755457,0.408,-0.927,1.270,-0.252
2025-12-05T06:14:25.782474,0.426,-0.937,1.270,-0.252
2025-12-05T06:14:25.809821,0.444,-0.947,1.270,-0.252
2025-12-05T06:14:25.835376,0.462,-0.957,1.270,-0.252
2025-12-05T06:14:25.865432,0.479,-0.967,1.270,-0.252
2025-12-05T06:14:25.890721,0.497,-0.977,1.270,-0.252
2025-12-05T06:14:25.915990,0.515,-0.987,1.270,-0.252
2025-12-05T06:14:25.948545,0.533,-0.997,1.270,-0.252
2025-12-05T06:14:25.978891,0.551,-1.007,1.270,-0.252
2025-12-05T06:14:26.013818,0.569,-1.017,1.270,-0.252
2025-12-05T06:14:26.045265,0.587,-1.027,1.270,-0.252
2025-12-05T06:14:26.078628,0.605,-1.037,1.270,-0.252
2025-12-05T06:14:26.113953,0.622,-1.047,1.270,-0.252
2025-12-05T06:14:26.144355,0.640,-1.057,1.270,-0.252
2025-12-05T06:14:26.177213,0.658,-1.067,1.270,-0.252
2025-12-05T06:14:26.209478,0.676,-1.077,1.270,-0.252
2025-12-05T06:14:26.241160,0.694,-1.087,1.270,-0.252
2025-12-05T06:14:26.273546,0.712,-1.097,1.270,-0.252
2025-12-05T06:14:26.306029,0.730,-1.107,1.270,-0.252
2025-12-05T06:14:26.340281,0.748,-1.117,1.270,-0.252
2025-12-05T06:14:26.373350,0.766,-1.127,1.270,-0.252
2025-12-05T06:14:26.405692,0.784,-1.137,1.270,-0.252
2025-12-05T06:14:26.435406,0.801,-1.147,1.270,-0.252
2025-12-05T06:14:26.464770,0.819,-1.157,1.270,-0.252
2025-12-05T06:14:26.498541,0.837,-1.167,1.270,-0.252
2025-12-05T06:14:26.531840,0.855,-1.177,1.270,-0.252
2025-12-05T06:14:26.566331,0.873,-1.187,1.270,-0.252
2025-12-05T06:14:26.600994,0.891,-1.197,1.270,-0.252
2025-12-05T06:14:26.632216,0.909,-1.207,1.270,-0.252
2025-12-05T06:14:26.664307,0.927,-1.217,1.270,-0.252
2025-12-05T06:14:26.696453,0.945,-1.227,1.270,-0.252
2025-12-05T06:14:26.725836,0.963,-1.237,1.270,-0.252
2025-12-05T06:14:26.758967,0.981,-1.247,1.270,-0.252
2025-12-05T06:14:26.792268,0.998,-1.257,1.270,-0.252
2025-12-05T06:14:26.824820,1.016,-1.267,1.270,-0.252
2025-12-05T06:14:26.859570,1.034,-1.276,1.270,-0.252
2025-12-05T06:14:26.891813,1.051,-1.285,1.270,-0.252
2025-12-05T06:14:26.924572,1.069,-1.293,1.270,-0.252
2025-12-05T06:14:26.955448,1.087,-1.301,1.270,-0.252
2025-12-05T06:14:26.985622,1.104,-1.308,1.270,-0.252
2025-12-05T06:14:27.018205,1.122,-1.315,1.270,-0.252
2025-12-05T06:14:27.054986,1.122,-1.315,1.270,-0.252
2025-12-05T06:14:27.082581,1.122,-1.315,1.270,-0.252
2025-12-05T06:14:27.116199,1.122,-1.315,1.270,-0.252
2025-12-05T06:14:27.148992,1.122,-1.315,1.270,-0.252
2025-12-05T06:14:27.180685,1.122,-1.315,1.270,-0.252
2025-12-05T06:14:27.211494,1.122,-1.315,1.270,-0.252
2025-12-05T06:14:27.245813,1.122,-1.315,1.270,-0.252
2025-12-05T06:14:27.276166,1.122,-1.315,1.270,-0.252
2025-12-05T06:14:27.309679,1.122,-1.315,1.270,-0.252
2025-12-05T06:14:27.342511,1.122,-1.315,1.270,-0.252
2025-12-05T06:14:27.376231,1.122,-1.315,1.270,-0.252
2025-12-05T06:14:27.412057,1.122,-1.315,1.270,-0.252
2025-12-05T06:14:27.448791,1.122,-1.315,1.270,-0.252
2025-12-05T06:14:27.479616,1.122,-1.315,1.270,-0.252
2025-12-05T06:14:27.513646,1.122,-1.315,1.270,-0.252
2025-12-05T06:14:27.546305,1.122,-1.315,1.270,-0.252
2025-12-05T06:14:27.576155,1.122,-1.315,1.270,-0.252
2025-12-05T06:14:27.609155,1.122,-1.315,1.270,-0.252
2025-12-05T06:14:27.650635,1.122,-1.315,1.270,-0.252
2025-12-05T06:14:27.674168,1.122,-1.315,1.270,-0.252
2025-12-05T06:14:27.708858,1.122,-1.315,1.270,-0.252
2025-12-05T06:14:27.741942,1.122,-1.315,1.270,-0.252
2025-12-05T06:14:27.774076,1.122,-1.315,1.270,-0.252
2025-12-05T06:14:27.804663,1.122,-1.315,1.270,-0.252
2025-12-05T06:14:27.841724,1.122,-1.315,1.270,-0.252
2025-12-05T06:14:27.865543,1.122,-1.315,1.270,-0.252
2025-12-05T06:14:27.899793,1.122,-1.315,1.270,-0.252
2025-12-05T06:14:27.933713,1.122,-1.315,1.270,-0.252
2025-12-05T06:14:27.966191,1.122,-1.315,1.270,-0.252
2025-12-05T06:14:28.000294,1.122,-1.315,1.270,-0.252
2025-12-05T06:14:28.030908,1.122,-1.315,1.270,-0.252
2025-12-05T06:14:28.060834,1.122,-1.315,1.270,-0.252
2025-12-05T06:14:28.095644,1.122,-1.315,1.270,-0.252
2025-12-05T06:14:28.127728,1.122,-1.315,1.270,-0.252
2025-12-05T06:14:28.160201,1.122,-1.315,1.270,-0.252
2025-12-05T06:14:28.195272,1.122,-1.315,1.270,-0.252
2025-12-05T06:14:28.227920,1.122,-1.315,1.270,-0.252
2025-12-05T06:14:28.259418,1.122,-1.315,1.270,-0.252
2025-12-05T06:14:28.291760,1.122,-1.315,1.270,-0.252
2025-12-05T06:14:28.323916,1.122,-1.315,1.270,-0.252
2025-12-05T06:14:28.355463,1.122,-1.315,1.270,-0.252
2025-12-05T06:14:28.389925,1.122,-1.315,1.270,-0.252
2025-12-05T06:14:28.424965,1.122,-1.315,1.270,-0.252
2025-12-05T06:14:28.459617,1.122,-1.315,1.270,-0.252
2025-12-05T06:14:28.491851,1.122,-1.315,1.270,-0.252
2025-12-05T06:14:28.527089,1.122,-1.315,1.270,-0.252
2025-12-05T06:14:28.554868,1.122,-1.315,1.270,-0.252
2025-12-05T06:14:28.586254,1.122,-1.315,1.270,-0.252
2025-12-05T06:14:28.618774,1.122,-1.315,1.270,-0.252
2025-12-05T06:14:28.658153,1.122,-1.315,1.270,-0.252
2025-12-05T06:14:28.687566,1.122,-1.315,1.270,-0.252
2025-12-05T06:14:28.717568,1.122,-1.315,1.270,-0.252
2025-12-05T06:14:28.749792,1.122,-1.315,1.270,-0.252
2025-12-05T06:14:28.783638,1.122,-1.315,1.270,-0.252
2025-12-05T06:14:28.811687,1.122,-1.315,1.270,-0.252
2025-12-05T06:14:28.847162,1.122,-1.315,1.270,-0.252
2025-12-05T06:14:28.878633,1.122,-1.315,1.270,-0.252
2025-12-05T06:14:28.917913,1.122,-1.315,1.270,-0.252
2025-12-05T06:14:28.945951,1.122,-1.315,1.270,-0.252
2025-12-05T06:14:28.980422,1.122,-1.315,1.270,-0.252
2025-12-05T06:14:29.010265,1.122,-1.315,1.270,-0.252
2025-12-05T06:14:29.042512,1.122,-1.315,1.270,-0.252
2025-12-05T06:14:29.069912,1.122,-1.315,1.270,-0.252
2025-12-05T06:14:29.106454,1.122,-1.315,1.270,-0.252
2025-12-05T06:14:29.139435,1.122,-1.315,1.270,-0.252
2025-12-05T06:14:29.170234,1.122,-1.315,1.270,-0.252
2025-12-05T06:14:29.203104,1.122,-1.315,1.270,-0.252
2025-12-05T06:14:29.234464,1.122,-1.315,1.270,-0.252
2025-12-05T06:14:29.265696,1.122,-1.315,1.270,-0.252
2025-12-05T06:14:29.300410,1.122,-1.315,1.270,-0.252
2025-12-05T06:14:29.331307,1.122,-1.315,1.270,-0.252
2025-12-05T06:14:29.361642,1.122,-1.315,1.270,-0.252
2025-12-05T06:14:29.396140,1.122,-1.315,1.270,-0.252
2025-12-05T06:14:29.428321,1.122,-1.315,1.270,-0.252
2025-12-05T06:14:29.463867,1.122,-1.315,1.270,-0.252
2025-12-05T06:14:29.499359,1.122,-1.315,1.270,-0.252
2025-12-05T06:14:29.530341,1.122,-1.315,1.270,-0.252
2025-12-05T06:14:29.562566,1.122,-1.315,1.270,-0.252
2025-12-05T06:14:29.595059,1.122,-1.315,1.270,-0.252
2025-12-05T06:14:29.624856,1.122,-1.315,1.270,-0.252
2025-12-05T06:14:29.655156,1.122,-1.315,1.270,-0.252
2025-12-05T06:14:29.687088,1.122,-1.315,1.270,-0.252
2025-12-05T06:14:29.718260,1.122,-1.315,1.270,-0.252
2025-12-05T06:14:29.750611,1.122,-1.315,1.270,-0.252
2025-12-05T06:14:29.784634,1.122,-1.315,1.270,-0.252
2025-12-05T06:14:29.820537,1.122,-1.315,1.270,-0.252
2025-12-05T06:14:29.854827,1.122,-1.315,1.270,-0.252
2025-12-05T06:14:29.885563,1.122,-1.315,1.270,-0.252
2025-12-05T06:14:29.917965,1.122,-1.315,1.270,-0.252
2025-12-05T06:14:29.951916,1.122,-1.315,1.270,-0.252
2025-12-05T06:14:29.983524,1.122,-1.315,1.270,-0.252
2025-12-05T06:14:30.014447,1.122,-1.315,1.270,-0.252
2025-12-05T06:14:30.048251,1.122,-1.315,1.270,-0.252
2025-12-05T06:14:30.082702,1.122,-1.315,1.270,-0.252
2025-12-05T06:14:30.118749,1.122,-1.315,1.270,-0.252
2025-12-05T06:14:30.147931,1.122,-1.315,1.270,-0.252
2025-12-05T06:14:30.180319,1.122,-1.315,1.270,-0.252
2025-12-05T06:14:30.213254,1.122,-1.315,1.270,-0.252
2025-12-05T06:14:30.246249,1.122,-1.315,1.270,-0.252
2025-12-05T06:14:30.277289,1.122,-1.315,1.270,-0.252
2025-12-05T06:14:30.307621,1.122,-1.315,1.270,-0.252
2025-12-05T06:14:30.339113,1.122,-1.315,1.270,-0.252
2025-12-05T06:14:30.372345,1.122,-1.315,1.270,-0.252
2025-12-05T06:14:30.403576,1.122,-1.315,1.270,-0.252
2025-12-05T06:14:30.436267,1.122,-1.315,1.270,-0.252
2025-12-05T06:14:30.469380,1.122,-1.315,1.270,-0.252
2025-12-05T06:14:30.502731,1.122,-1.315,1.270,-0.252
2025-12-05T06:14:30.535216,1.122,-1.315,1.270,-0.252
2025-12-05T06:14:30.569626,1.122,-1.315,1.270,-0.252
2025-12-05T06:14:30.607789,1.122,-1.315,1.270,-0.252
2025-12-05T06:14:30.649192,1.122,-1.315,1.270,-0.252
2025-12-05T06:14:30.668625,1.122,-1.315,1.270,-0.252
2025-12-05T06:14:30.702550,1.122,-1.315,1.270,-0.252
2025-12-05T06:14:30.736554,1.122,-1.315,1.270,-0.252
2025-12-05T06:14:30.765931,1.122,-1.315,1.270,-0.252
2025-12-05T06:14:30.798630,1.122,-1.315,1.270,-0.252
2025-12-05T06:14:30.830579,1.122,-1.315,1.270,-0.252
2025-12-05T06:14:30.862767,1.122,-1.315,1.270,-0.252
2025-12-05T06:14:30.893820,1.122,-1.315,1.270,-0.252
2025-12-05T06:14:30.926421,1.122,-1.315,1.270,-0.252
2025-12-05T06:14:30.963027,1.122,-1.315,1.270,-0.252
2025-12-05T06:14:30.998319,1.122,-1.315,1.270,-0.252
2025-12-05T06:14:31.030130,1.122,-1.315,1.270,-0.252
2025-12-05T06:14:31.061278,1.122,-1.315,1.270,-0.252
2025-12-05T06:14:31.093070,1.122,-1.315,1.270,-0.252
2025-12-05T06:14:31.123977,1.122,-1.315,1.270,-0.252
2025-12-05T06:14:31.155628,1.122,-1.315,1.270,-0.252
2025-12-05T06:14:31.189148,1.122,-1.315,1.270,-0.252
2025-12-05T06:14:31.220006,1.122,-1.315,1.270,-0.252
2025-12-05T06:14:31.253519,1.122,-1.315,1.270,-0.252
2025-12-05T06:14:31.286179,1.122,-1.315,1.270,-0.252
2025-12-05T06:14:31.318229,1.122,-1.315,1.270,-0.252
2025-12-05T06:14:31.350258,1.122,-1.315,1.270,-0.252
2025-12-05T06:14:31.377739,1.122,-1.315,1.270,-0.252
2025-12-05T06:14:31.411450,1.122,-1.315,1.270,-0.252
2025-12-05T06:14:31.444479,1.122,-1.315,1.270,-0.252
2025-12-05T06:14:31.477830,1.122,-1.315,1.270,-0.252
2025-12-05T06:14:31.511901,1.122,-1.315,1.270,-0.252
2025-12-05T06:14:31.542898,1.122,-1.315,1.270,-0.252
2025-12-05T06:14:31.576600,1.122,-1.315,1.270,-0.252
2025-12-05T06:14:31.609880,1.122,-1.315,1.270,-0.252
2025-12-05T06:14:31.643696,1.122,-1.315,1.270,-0.252
2025-12-05T06:14:31.675671,1.122,-1.315,1.270,-0.252
2025-12-05T06:14:31.707544,1.122,-1.315,1.270,-0.252
2025-12-05T06:14:31.743333,1.122,-1.315,1.270,-0.252
2025-12-05T06:14:31.775711,1.122,-1.315,1.270,-0.252
2025-12-05T06:14:31.806344,1.122,-1.315,1.270,-0.252
2025-12-05T06:14:31.838670,1.122,-1.315,1.270,-0.252
2025-12-05T06:14:31.868537,1.122,-1.315,1.270,-0.252
2025-12-05T06:14:31.896155,1.122,-1.315,1.270,-0.252
2025-12-05T06:14:31.928461,1.122,-1.315,1.270,-0.252
2025-12-05T06:14:31.960049,1.122,-1.315,1.270,-0.252
2025-12-05T06:14:31.996391,1.122,-1.315,1.270,-0.252
2025-12-05T06:14:32.031798,1.122,-1.315,1.270,-0.252
2025-12-05T06:14:32.064759,1.122,-1.315,1.270,-0.252
2025-12-05T06:14:32.097475,1.122,-1.315,1.270,-0.252
2025-12-05T06:14:32.129304,1.122,-1.315,1.270,-0.252
2025-12-05T06:14:32.159801,1.122,-1.315,1.270,-0.252
2025-12-05T06:14:32.191746,1.122,-1.315,1.270,-0.252
2025-12-05T06:14:32.223541,1.122,-1.315,1.270,-0.252
2025-12-05T06:14:32.254144,1.122,-1.315,1.270,-0.252
2025-12-05T06:14:32.289892,1.122,-1.315,1.270,-0.252
2025-12-05T06:14:32.322702,1.122,-1.315,1.270,-0.252
2025-12-05T06:14:32.355502,1.122,-1.315,1.270,-0.252
2025-12-05T06:14:32.385116,1.122,-1.315,1.270,-0.252
2025-12-05T06:14:32.415674,1.122,-1.315,1.270,-0.252
2025-12-05T06:14:32.447634,1.122,-1.315,1.270,-0.252
2025-12-05T06:14:32.479714,1.122,-1.315,1.270,-0.252
2025-12-05T06:14:32.511709,1.122,-1.315,1.270,-0.252
2025-12-05T06:14:32.543459,1.122,-1.315,1.270,-0.252
2025-12-05T06:14:32.575720,1.122,-1.315,1.270,-0.252
2025-12-05T06:14:32.612557,1.122,-1.315,1.270,-0.252
2025-12-05T06:14:32.644119,1.122,-1.315,1.270,-0.252
2025-12-05T06:14:32.675981,1.122,-1.315,1.270,-0.252
2025-12-05T06:14:32.709206,1.122,-1.315,1.270,-0.252
2025-12-05T06:14:32.742734,1.122,-1.315,1.270,-0.252
2025-12-05T06:14:32.773920,1.122,-1.315,1.270,-0.252
2025-12-05T06:14:32.807878,1.122,-1.315,1.270,-0.252
2025-12-05T06:14:32.838217,1.122,-1.315,1.270,-0.252
2025-12-05T06:14:32.886861,1.122,-1.315,1.270,-0.252
2025-12-05T06:14:32.978364,1.122,-1.315,1.270,-0.252
2025-12-05T06:14:32.988016,1.122,-1.315,1.270,-0.252
2025-12-05T06:14:33.020593,1.122,-1.315,1.270,-0.252
2025-12-05T06:14:33.051012,1.122,-1.315,1.270,-0.252
2025-12-05T06:14:33.082574,1.122,-1.315,1.270,-0.252
2025-12-05T06:14:33.113911,1.122,-1.315,1.270,-0.252
2025-12-05T06:14:33.147077,1.122,-1.315,1.270,-0.252
2025-12-05T06:14:33.178438,1.122,-1.315,1.270,-0.252
2025-12-05T06:14:33.216146,1.122,-1.315,1.270,-0.252
2025-12-05T06:14:33.245455,1.122,-1.315,1.270,-0.252
2025-12-05T06:14:33.276767,1.122,-1.315,1.270,-0.252
2025-12-05T06:14:33.308365,1.122,-1.315,1.270,-0.252
2025-12-05T06:14:33.336975,1.122,-1.315,1.270,-0.252
2025-12-05T06:14:33.368305,1.122,-1.315,1.270,-0.252
2025-12-05T06:14:33.403210,1.122,-1.315,1.270,-0.252
2025-12-05T06:14:33.435209,1.122,-1.315,1.270,-0.252
2025-12-05T06:14:33.468065,1.122,-1.315,1.270,-0.252
2025-12-05T06:14:33.503596,1.122,-1.315,1.270,-0.252
2025-12-05T06:14:33.530774,1.122,-1.315,1.270,-0.252
2025-12-05T06:14:33.563954,1.122,-1.315,1.270,-0.252
2025-12-05T06:14:33.595783,1.122,-1.315,1.270,-0.252
2025-12-05T06:14:33.625388,1.122,-1.315,1.270,-0.252
2025-12-05T06:14:33.660118,1.122,-1.315,1.270,-0.252
2025-12-05T06:14:33.695448,1.122,-1.315,1.270,-0.252
2025-12-05T06:14:33.725814,1.122,-1.315,1.270,-0.252
2025-12-05T06:14:33.760194,1.122,-1.315,1.270,-0.252
2025-12-05T06:14:33.791945,1.122,-1.315,1.270,-0.252
2025-12-05T06:14:33.825761,1.122,-1.315,1.270,-0.252
2025-12-05T06:14:33.860059,1.122,-1.315,1.270,-0.252
2025-12-05T06:14:33.891856,1.122,-1.315,1.270,-0.252
2025-12-05T06:14:33.920898,1.122,-1.315,1.270,-0.252
2025-12-05T06:14:33.951781,1.122,-1.315,1.270,-0.252
2025-12-05T06:14:33.983124,1.122,-1.315,1.270,-0.252
2025-12-05T06:14:34.015748,1.122,-1.315,1.270,-0.252
2025-12-05T06:14:34.047882,1.122,-1.315,1.270,-0.252
2025-12-05T06:14:34.081484,1.122,-1.315,1.270,-0.252
2025-12-05T06:14:34.115673,1.122,-1.315,1.270,-0.252
2025-12-05T06:14:34.152242,1.122,-1.315,1.270,-0.252
2025-12-05T06:14:34.182685,1.122,-1.315,1.270,-0.252
2025-12-05T06:14:34.215865,1.122,-1.315,1.270,-0.252
2025-12-05T06:14:34.247853,1.122,-1.315,1.270,-0.252
2025-12-05T06:14:34.277521,1.122,-1.315,1.270,-0.252
2025-12-05T06:14:34.312658,1.122,-1.315,1.270,-0.252
2025-12-05T06:14:34.344200,1.122,-1.315,1.270,-0.252
2025-12-05T06:14:34.378084,1.122,-1.315,1.270,-0.252
2025-12-05T06:14:34.415535,1.122,-1.315,1.270,-0.252
2025-12-05T06:14:34.446249,1.122,-1.315,1.270,-0.252
2025-12-05T06:14:34.479263,1.122,-1.315,1.270,-0.252
2025-12-05T06:14:34.511001,1.122,-1.315,1.270,-0.252
2025-12-05T06:14:34.543544,1.122,-1.315,1.270,-0.252
2025-12-05T06:14:34.573856,1.122,-1.315,1.270,-0.252
2025-12-05T06:14:34.602897,1.122,-1.315,1.270,-0.252
2025-12-05T06:14:34.636246,1.122,-1.315,1.270,-0.252
2025-12-05T06:14:34.669000,1.122,-1.315,1.270,-0.252
2025-12-05T06:14:34.703913,1.122,-1.315,1.270,-0.252
2025-12-05T06:14:34.738318,1.122,-1.315,1.270,-0.252
2025-12-05T06:14:34.772689,1.122,-1.315,1.270,-0.252
2025-12-05T06:14:34.804335,1.122,-1.315,1.270,-0.252
2025-12-05T06:14:34.835502,1.122,-1.315,1.270,-0.252
2025-12-05T06:14:34.867997,1.122,-1.315,1.270,-0.252
2025-12-05T06:14:34.903671,1.122,-1.315,1.270,-0.252
2025-12-05T06:14:34.934287,1.122,-1.315,1.270,-0.252
2025-12-05T06:14:34.967086,1.122,-1.315,1.270,-0.252
2025-12-05T06:14:34.997206,1.122,-1.315,1.270,-0.252
2025-12-05T06:14:35.029218,1.122,-1.315,1.270,-0.252
2025-12-05T06:14:35.062343,1.122,-1.315,1.270,-0.252
2025-12-05T06:14:35.097871,1.122,-1.315,1.270,-0.252
2025-12-05T06:14:35.132380,1.122,-1.315,1.270,-0.252
2025-12-05T06:14:35.164928,1.122,-1.315,1.270,-0.252
2025-12-05T06:14:35.198603,1.122,-1.315,1.270,-0.252
2025-12-05T06:14:35.230435,1.122,-1.315,1.270,-0.252
2025-12-05T06:14:35.263229,1.122,-1.315,1.270,-0.252
2025-12-05T06:14:35.294616,1.122,-1.315,1.270,-0.252
2025-12-05T06:14:35.324615,1.122,-1.315,1.270,-0.252
2025-12-05T06:14:35.354225,1.122,-1.315,1.270,-0.252
2025-12-05T06:14:35.391750,1.122,-1.315,1.270,-0.252
2025-12-05T06:14:35.419492,1.122,-1.315,1.270,-0.252
2025-12-05T06:14:35.454964,1.122,-1.315,1.270,-0.252
2025-12-05T06:14:35.485835,1.122,-1.315,1.270,-0.252
2025-12-05T06:14:35.517988,1.122,-1.315,1.270,-0.252
2025-12-05T06:14:35.550960,1.122,-1.315,1.270,-0.252
2025-12-05T06:14:35.582566,1.122,-1.315,1.270,-0.252
2025-12-05T06:14:35.616845,1.122,-1.315,1.270,-0.252
2025-12-05T06:14:35.647156,1.122,-1.315,1.270,-0.252
2025-12-05T06:14:35.679574,1.122,-1.315,1.270,-0.252
2025-12-05T06:14:35.711964,1.122,-1.315,1.270,-0.252
2025-12-05T06:14:35.743093,1.122,-1.315,1.270,-0.252
2025-12-05T06:14:35.775647,1.122,-1.315,1.270,-0.252
2025-12-05T06:14:35.811961,1.122,-1.315,1.270,-0.252
2025-12-05T06:14:35.844534,1.122,-1.315,1.270,-0.252
2025-12-05T06:14:35.876529,1.122,-1.315,1.270,-0.252
2025-12-05T06:14:35.906624,1.122,-1.315,1.270,-0.252
2025-12-05T06:14:35.936026,1.122,-1.315,1.270,-0.252
2025-12-05T06:14:35.963736,1.122,-1.315,1.270,-0.252
2025-12-05T06:14:35.994326,1.122,-1.315,1.270,-0.252
2025-12-05T06:14:36.027719,1.122,-1.315,1.270,-0.252
2025-12-05T06:14:36.060267,1.122,-1.315,1.270,-0.252
2025-12-05T06:14:36.096337,1.122,-1.315,1.270,-0.252
2025-12-05T06:14:36.128032,1.122,-1.315,1.270,-0.252
2025-12-05T06:14:36.159965,1.122,-1.315,1.270,-0.252
2025-12-05T06:14:36.191714,1.122,-1.315,1.270,-0.252
2025-12-05T06:14:36.222351,1.122,-1.315,1.270,-0.252
2025-12-05T06:14:36.255887,1.122,-1.315,1.270,-0.252
2025-12-05T06:14:36.287358,1.122,-1.315,1.270,-0.252
2025-12-05T06:14:36.319595,1.122,-1.315,1.270,-0.252
2025-12-05T06:14:36.355804,1.122,-1.315,1.270,-0.252
2025-12-05T06:14:36.387556,1.122,-1.315,1.270,-0.252
2025-12-05T06:14:36.420606,1.122,-1.315,1.270,-0.252
2025-12-05T06:14:36.452384,1.122,-1.315,1.270,-0.252
2025-12-05T06:14:36.482620,1.122,-1.315,1.270,-0.252
2025-12-05T06:14:36.517684,1.122,-1.315,1.270,-0.252
2025-12-05T06:14:36.550890,1.122,-1.315,1.270,-0.252
2025-12-05T06:14:36.582776,1.122,-1.315,1.270,-0.252
2025-12-05T06:14:36.616610,1.122,-1.315,1.270,-0.252
2025-12-05T06:14:36.654902,1.122,-1.315,1.270,-0.252
2025-12-05T06:14:36.683523,1.122,-1.315,1.270,-0.252
2025-12-05T06:14:36.716664,1.122,-1.315,1.270,-0.252
2025-12-05T06:14:36.744223,1.122,-1.315,1.270,-0.252
2025-12-05T06:14:36.775830,1.122,-1.315,1.270,-0.252
2025-12-05T06:14:36.812102,1.122,-1.315,1.270,-0.252
2025-12-05T06:14:36.843782,1.122,-1.315,1.270,-0.252
2025-12-05T06:14:36.875233,1.122,-1.315,1.270,-0.252
2025-12-05T06:14:36.908417,1.122,-1.315,1.270,-0.252
2025-12-05T06:14:36.941029,1.122,-1.315,1.270,-0.252
2025-12-05T06:14:36.972256,1.122,-1.315,1.270,-0.252
2025-12-05T06:14:37.005876,1.122,-1.315,1.270,-0.252
2025-12-05T06:14:37.037695,1.122,-1.315,1.270,-0.252
2025-12-05T06:14:37.070126,1.122,-1.315,1.270,-0.252
2025-12-05T06:14:37.109400,1.122,-1.315,1.270,-0.252
2025-12-05T06:14:37.143573,1.122,-1.315,1.270,-0.252
2025-12-05T06:14:37.175868,1.122,-1.315,1.270,-0.252
2025-12-05T06:14:37.207762,1.122,-1.315,1.270,-0.252
2025-12-05T06:14:37.236781,1.122,-1.315,1.270,-0.252
2025-12-05T06:14:37.267394,1.122,-1.315,1.270,-0.252
2025-12-05T06:14:37.296098,1.122,-1.315,1.270,-0.252
2025-12-05T06:14:37.329707,1.122,-1.315,1.270,-0.252
2025-12-05T06:14:37.363907,1.122,-1.315,1.270,-0.252
2025-12-05T06:14:37.401346,1.122,-1.315,1.270,-0.252
2025-12-05T06:14:37.436315,1.122,-1.315,1.270,-0.252
2025-12-05T06:14:37.468105,1.122,-1.315,1.270,-0.252
2025-12-05T06:14:37.503505,1.122,-1.315,1.270,-0.252
2025-12-05T06:14:37.534801,1.122,-1.315,1.270,-0.252
2025-12-05T06:14:37.564401,1.122,-1.315,1.270,-0.252
2025-12-05T06:14:37.593860,1.122,-1.315,1.270,-0.252
2025-12-05T06:14:37.625928,1.122,-1.315,1.270,-0.252
2025-12-05T06:14:37.659999,1.122,-1.315,1.270,-0.252
2025-12-05T06:14:37.695256,1.122,-1.315,1.270,-0.252
2025-12-05T06:14:37.726750,1.122,-1.315,1.270,-0.252
2025-12-05T06:14:37.759535,1.122,-1.315,1.270,-0.252
2025-12-05T06:14:37.791973,1.122,-1.315,1.270,-0.252
2025-12-05T06:14:37.817026,1.122,-1.315,1.270,-0.252
2025-12-05T06:14:37.847352,1.122,-1.315,1.270,-0.252
2025-12-05T06:14:37.879031,1.122,-1.315,1.270,-0.252
2025-12-05T06:14:37.911590,1.122,-1.315,1.270,-0.252
2025-12-05T06:14:37.948175,1.122,-1.315,1.270,-0.252
2025-12-05T06:14:37.979249,1.122,-1.315,1.270,-0.252
2025-12-05T06:14:38.014181,1.122,-1.315,1.270,-0.252
2025-12-05T06:14:38.047812,1.122,-1.315,1.270,-0.252
2025-12-05T06:14:38.077184,1.122,-1.315,1.270,-0.252
2025-12-05T06:14:38.112735,1.122,-1.315,1.270,-0.252
2025-12-05T06:14:38.146948,1.122,-1.315,1.270,-0.252
2025-12-05T06:14:38.177335,1.122,-1.315,1.270,-0.252
2025-12-05T06:14:38.207332,1.122,-1.315,1.270,-0.252
2025-12-05T06:14:38.237725,1.122,-1.315,1.270,-0.252
2025-12-05T06:14:38.270297,1.122,-1.315,1.270,-0.252
2025-12-05T06:14:38.306191,1.122,-1.315,1.270,-0.252
2025-12-05T06:14:38.338446,1.122,-1.315,1.270,-0.252
2025-12-05T06:14:38.371076,1.122,-1.315,1.270,-0.252
2025-12-05T06:14:38.402514,1.122,-1.315,1.270,-0.252
2025-12-05T06:14:38.432525,1.122,-1.315,1.270,-0.252
2025-12-05T06:14:38.464497,1.122,-1.315,1.270,-0.252
2025-12-05T06:14:38.498524,1.122,-1.315,1.270,-0.252
2025-12-05T06:14:38.530943,1.122,-1.315,1.270,-0.252
2025-12-05T06:14:38.562884,1.122,-1.315,1.270,-0.252
2025-12-05T06:14:38.598938,1.122,-1.315,1.270,-0.252
2025-12-05T06:14:38.642344,1.122,-1.315,1.270,-0.252
2025-12-05T06:14:38.664648,1.122,-1.315,1.270,-0.252
2025-12-05T06:14:38.696406,1.122,-1.315,1.270,-0.252
2025-12-05T06:14:38.726508,1.122,-1.315,1.270,-0.252
2025-12-05T06:14:38.755858,1.122,-1.315,1.270,-0.252
2025-12-05T06:14:38.788091,1.122,-1.315,1.270,-0.252
2025-12-05T06:14:38.819967,1.122,-1.315,1.270,-0.252
2025-12-05T06:14:38.855870,1.122,-1.315,1.270,-0.252
2025-12-05T06:14:38.884314,1.122,-1.315,1.270,-0.252
2025-12-05T06:14:38.915028,1.122,-1.315,1.270,-0.252
2025-12-05T06:14:38.947942,1.122,-1.315,1.270,-0.252
2025-12-05T06:14:38.976849,1.122,-1.315,1.270,-0.252
2025-12-05T06:14:39.011569,1.122,-1.315,1.270,-0.252
2025-12-05T06:14:39.043653,1.122,-1.315,1.270,-0.252
2025-12-05T06:14:39.075950,1.122,-1.315,1.270,-0.252
2025-12-05T06:14:39.112669,1.122,-1.315,1.270,-0.252
2025-12-05T06:14:39.149856,1.122,-1.315,1.270,-0.252
2025-12-05T06:14:39.182995,1.122,-1.315,1.270,-0.252
2025-12-05T06:14:39.216693,1.122,-1.315,1.270,-0.252
2025-12-05T06:14:39.245014,1.122,-1.315,1.270,-0.252
2025-12-05T06:14:39.276191,1.122,-1.315,1.270,-0.252
2025-12-05T06:14:39.306603,1.122,-1.315,1.270,-0.252
2025-12-05T06:14:39.338151,1.122,-1.315,1.270,-0.252
2025-12-05T06:14:39.370909,1.122,-1.315,1.270,-0.252
2025-12-05T06:14:39.402465,1.122,-1.315,1.270,-0.252
2025-12-05T06:14:39.435880,1.122,-1.315,1.270,-0.252
2025-12-05T06:14:39.470928,1.122,-1.315,1.270,-0.252
2025-12-05T06:14:39.507014,1.122,-1.315,1.270,-0.252
2025-12-05T06:14:39.538106,1.122,-1.315,1.270,-0.252
2025-12-05T06:14:39.569653,1.122,-1.315,1.270,-0.252
2025-12-05T06:14:39.601720,1.122,-1.315,1.270,-0.252
2025-12-05T06:14:39.631924,1.122,-1.315,1.270,-0.252
2025-12-05T06:14:39.663627,1.122,-1.315,1.270,-0.252
2025-12-05T06:14:39.697692,1.122,-1.315,1.270,-0.252
2025-12-05T06:14:39.728968,1.122,-1.315,1.270,-0.252
2025-12-05T06:14:39.762761,1.122,-1.315,1.270,-0.252
2025-12-05T06:14:39.795598,1.122,-1.315,1.270,-0.252
2025-12-05T06:14:39.825965,1.122,-1.315,1.270,-0.252
2025-12-05T06:14:39.857505,1.122,-1.315,1.270,-0.252
2025-12-05T06:14:39.891525,1.122,-1.315,1.270,-0.252
2025-12-05T06:14:39.923528,1.122,-1.315,1.270,-0.252
2025-12-05T06:14:39.955423,1.122,-1.315,1.270,-0.252
2025-12-05T06:14:39.988255,1.122,-1.315,1.270,-0.252
2025-12-05T06:14:40.018034,1.122,-1.315,1.270,-0.252
2025-12-05T06:14:40.050401,1.122,-1.315,1.270,-0.252
2025-12-05T06:14:40.083059,1.122,-1.315,1.270,-0.252
2025-12-05T06:14:40.116300,1.122,-1.315,1.270,-0.252
2025-12-05T06:14:40.154428,1.122,-1.315,1.270,-0.252
2025-12-05T06:14:40.185698,1.122,-1.315,1.270,-0.252
2025-12-05T06:14:40.217848,1.122,-1.315,1.270,-0.252
2025-12-05T06:14:40.250487,1.122,-1.315,1.270,-0.252
2025-12-05T06:14:40.282797,1.122,-1.315,1.270,-0.252
2025-12-05T06:14:40.314527,1.122,-1.315,1.270,-0.252
2025-12-05T06:14:40.349634,1.122,-1.315,1.270,-0.252
2025-12-05T06:14:40.382212,1.122,-1.315,1.270,-0.252
2025-12-05T06:14:40.415274,1.122,-1.315,1.270,-0.252
2025-12-05T06:14:40.446921,1.122,-1.315,1.270,-0.252
2025-12-05T06:14:40.476346,1.122,-1.315,1.270,-0.252
2025-12-05T06:14:40.506028,1.122,-1.315,1.270,-0.252
2025-12-05T06:14:40.537644,1.122,-1.315,1.270,-0.252
2025-12-05T06:14:40.569917,1.122,-1.315,1.270,-0.252
2025-12-05T06:14:40.606992,1.122,-1.315,1.270,-0.252
2025-12-05T06:14:40.642808,1.122,-1.315,1.270,-0.252
2025-12-05T06:14:40.675614,1.122,-1.315,1.270,-0.252
2025-12-05T06:14:40.706542,1.122,-1.315,1.270,-0.252
2025-12-05T06:14:40.739355,1.122,-1.315,1.270,-0.252
2025-12-05T06:14:40.767696,1.122,-1.315,1.270,-0.252
2025-12-05T06:14:40.798455,1.122,-1.315,1.270,-0.252
2025-12-05T06:14:40.830013,1.122,-1.315,1.270,-0.252
2025-12-05T06:14:40.862256,1.122,-1.315,1.270,-0.252
2025-12-05T06:14:40.897751,1.122,-1.315,1.270,-0.252
2025-12-05T06:14:40.930292,1.122,-1.315,1.270,-0.252
2025-12-05T06:14:40.961958,1.122,-1.315,1.270,-0.252
2025-12-05T06:14:40.992635,1.122,-1.315,1.270,-0.252
2025-12-05T06:14:41.021758,1.122,-1.315,1.270,-0.252
2025-12-05T06:14:41.055963,1.122,-1.315,1.270,-0.252
2025-12-05T06:14:41.087481,1.122,-1.315,1.270,-0.252
2025-12-05T06:14:41.120277,1.122,-1.315,1.270,-0.252
2025-12-05T06:14:41.155788,1.122,-1.315,1.270,-0.252
2025-12-05T06:14:41.189085,1.122,-1.315,1.270,-0.252
2025-12-05T06:14:41.222327,1.122,-1.315,1.270,-0.252
2025-12-05T06:14:41.253583,1.122,-1.315,1.270,-0.252
2025-12-05T06:14:41.284639,1.122,-1.315,1.270,-0.252
2025-12-05T06:14:41.315826,1.122,-1.315,1.270,-0.252
2025-12-05T06:14:41.349573,1.122,-1.315,1.270,-0.252
2025-12-05T06:14:41.385189,1.122,-1.315,1.270,-0.252
2025-12-05T06:14:41.416256,1.122,-1.315,1.270,-0.252
2025-12-05T06:14:41.449537,1.122,-1.315,1.270,-0.252
2025-12-05T06:14:41.481666,1.122,-1.315,1.270,-0.252
2025-12-05T06:14:41.513811,1.122,-1.315,1.270,-0.252
2025-12-05T06:14:41.546084,1.122,-1.315,1.270,-0.252
2025-12-05T06:14:41.575815,1.122,-1.315,1.270,-0.252
2025-12-05T06:14:41.605938,1.122,-1.315,1.270,-0.252
2025-12-05T06:14:41.637926,1.122,-1.315,1.270,-0.252
2025-12-05T06:14:41.670138,1.122,-1.315,1.270,-0.252
2025-12-05T06:14:41.702133,1.122,-1.315,1.270,-0.252
2025-12-05T06:14:41.735401,1.122,-1.315,1.270,-0.252
2025-12-05T06:14:41.767602,1.122,-1.315,1.270,-0.252
2025-12-05T06:14:41.802284,1.122,-1.315,1.270,-0.252
2025-12-05T06:14:41.835989,1.122,-1.315,1.270,-0.252
2025-12-05T06:14:41.868299,1.122,-1.315,1.270,-0.252
2025-12-05T06:14:41.899869,1.122,-1.315,1.270,-0.252
2025-12-05T06:14:41.931822,1.122,-1.315,1.270,-0.252
2025-12-05T06:14:41.961564,1.122,-1.315,1.270,-0.252
2025-12-05T06:14:41.995796,1.122,-1.315,1.270,-0.252
2025-12-05T06:14:42.025007,1.122,-1.315,1.270,-0.252
2025-12-05T06:14:42.055450,1.122,-1.315,1.270,-0.252
2025-12-05T06:14:42.087461,1.122,-1.315,1.270,-0.252
2025-12-05T06:14:42.119203,1.122,-1.315,1.270,-0.252
2025-12-05T06:14:42.155006,1.122,-1.315,1.270,-0.252
2025-12-05T06:14:42.191705,1.122,-1.315,1.270,-0.252
2025-12-05T06:14:42.223643,1.122,-1.315,1.270,-0.252
2025-12-05T06:14:42.256729,1.122,-1.315,1.270,-0.252
2025-12-05T06:14:42.287859,1.122,-1.315,1.270,-0.252
2025-12-05T06:14:42.320997,1.122,-1.315,1.270,-0.252
2025-12-05T06:14:42.354002,1.122,-1.315,1.270,-0.252
2025-12-05T06:14:42.384790,1.122,-1.315,1.270,-0.252
2025-12-05T06:14:42.415799,1.122,-1.315,1.270,-0.252
2025-12-05T06:14:42.450289,1.122,-1.315,1.270,-0.252
2025-12-05T06:14:42.483829,1.122,-1.315,1.270,-0.252
2025-12-05T06:14:42.515888,1.122,-1.315,1.270,-0.252
2025-12-05T06:14:42.547761,1.122,-1.315,1.270,-0.252
2025-12-05T06:14:42.577897,1.122,-1.315,1.270,-0.252
2025-12-05T06:14:42.613716,1.122,-1.315,1.270,-0.252
2025-12-05T06:14:42.653421,1.122,-1.315,1.270,-0.252
2025-12-05T06:14:42.677109,1.122,-1.315,1.270,-0.252
2025-12-05T06:14:42.713933,1.122,-1.315,1.270,-0.252
2025-12-05T06:14:42.745856,1.122,-1.315,1.270,-0.252
2025-12-05T06:14:42.777584,1.122,-1.315,1.270,-0.252
2025-12-05T06:14:42.809798,1.122,-1.315,1.270,-0.252
2025-12-05T06:14:42.842826,1.122,-1.315,1.270,-0.252
2025-12-05T06:14:42.873674,1.122,-1.315,1.270,-0.252
2025-12-05T06:14:42.905839,1.122,-1.315,1.270,-0.252
2025-12-05T06:14:42.938377,1.122,-1.315,1.270,-0.252
2025-12-05T06:14:42.972171,1.122,-1.315,1.270,-0.252
2025-12-05T06:14:43.007083,1.122,-1.315,1.270,-0.252
2025-12-05T06:14:43.043428,1.122,-1.315,1.270,-0.252
2025-12-05T06:14:43.074219,1.122,-1.315,1.270,-0.252
2025-12-05T06:14:43.107690,1.122,-1.315,1.270,-0.252
2025-12-05T06:14:43.136177,1.122,-1.315,1.270,-0.252
2025-12-05T06:14:43.166253,1.122,-1.315,1.270,-0.252
2025-12-05T06:14:43.200612,1.122,-1.315,1.270,-0.252
2025-12-05T06:14:43.231209,1.122,-1.315,1.270,-0.252
2025-12-05T06:14:43.273324,1.122,-1.315,1.270,-0.252
2025-12-05T06:14:43.320634,1.122,-1.315,1.270,-0.252
2025-12-05T06:14:43.362797,1.122,-1.315,1.270,-0.252
2025-12-05T06:14:43.392285,1.122,-1.315,1.270,-0.252
2025-12-05T06:14:43.420467,1.122,-1.315,1.270,-0.252
2025-12-05T06:14:43.449591,1.122,-1.315,1.270,-0.252
2025-12-05T06:14:43.478267,1.122,-1.315,1.270,-0.252
2025-12-05T06:14:43.507785,1.122,-1.315,1.270,-0.252
2025-12-05T06:14:43.538918,1.122,-1.315,1.270,-0.252
2025-12-05T06:14:43.571452,1.122,-1.315,1.270,-0.252
2025-12-05T06:14:43.602975,1.122,-1.315,1.270,-0.252
2025-12-05T06:14:43.634870,1.122,-1.315,1.270,-0.252
2025-12-05T06:14:43.669686,1.122,-1.315,1.270,-0.252
2025-12-05T06:14:43.701557,1.122,-1.315,1.270,-0.252
2025-12-05T06:14:43.731011,1.122,-1.315,1.270,-0.252
2025-12-05T06:14:43.764094,1.122,-1.315,1.270,-0.252
2025-12-05T06:14:43.795032,1.122,-1.315,1.270,-0.252
2025-12-05T06:14:43.827984,1.122,-1.315,1.270,-0.252
2025-12-05T06:14:43.858237,1.122,-1.315,1.270,-0.252
2025-12-05T06:14:43.890779,1.122,-1.315,1.270,-0.252
2025-12-05T06:14:43.923582,1.122,-1.315,1.270,-0.252
2025-12-05T06:14:43.960262,1.122,-1.315,1.270,-0.252
2025-12-05T06:14:43.996841,1.122,-1.315,1.270,-0.252
2025-12-05T06:14:44.029997,1.122,-1.315,1.270,-0.252
2025-12-05T06:14:44.061602,1.122,-1.315,1.270,-0.252
2025-12-05T06:14:44.092717,1.122,-1.315,1.270,-0.252
2025-12-05T06:14:44.124749,1.122,-1.315,1.270,-0.252
2025-12-05T06:14:44.160747,1.122,-1.315,1.270,-0.252
2025-12-05T06:14:44.187163,1.122,-1.315,1.270,-0.252
2025-12-05T06:14:44.220030,1.122,-1.315,1.270,-0.252
2025-12-05T06:14:44.256278,1.122,-1.315,1.270,-0.252
2025-12-05T06:14:44.287419,1.122,-1.315,1.270,-0.252
2025-12-05T06:14:44.318999,1.122,-1.315,1.270,-0.252
2025-12-05T06:14:44.350825,1.122,-1.315,1.270,-0.252
2025-12-05T06:14:44.380869,1.122,-1.315,1.270,-0.252
2025-12-05T06:14:44.411975,1.122,-1.315,1.270,-0.252
2025-12-05T06:14:44.444089,1.122,-1.315,1.270,-0.252
2025-12-05T06:14:44.477610,1.122,-1.315,1.270,-0.252
2025-12-05T06:14:44.514556,1.122,-1.315,1.270,-0.252
2025-12-05T06:14:44.546940,1.122,-1.315,1.270,-0.252
2025-12-05T06:14:44.578801,1.122,-1.315,1.270,-0.252
2025-12-05T06:14:44.611870,1.122,-1.315,1.270,-0.252
2025-12-05T06:14:44.640190,1.122,-1.315,1.270,-0.252
2025-12-05T06:14:44.669106,1.122,-1.315,1.270,-0.252
2025-12-05T06:14:44.697746,1.122,-1.315,1.270,-0.252
2025-12-05T06:14:44.730228,1.122,-1.315,1.270,-0.252
2025-12-05T06:14:44.763679,1.122,-1.315,1.270,-0.252
2025-12-05T06:14:44.798839,1.122,-1.315,1.270,-0.252
2025-12-05T06:14:44.830865,1.122,-1.315,1.270,-0.252
2025-12-05T06:14:44.864865,1.122,-1.315,1.270,-0.252
2025-12-05T06:14:44.893356,1.122,-1.315,1.270,-0.252
2025-12-05T06:14:44.924122,1.122,-1.315,1.270,-0.252
2025-12-05T06:14:44.958476,1.122,-1.315,1.270,-0.252
2025-12-05T06:14:44.990640,1.122,-1.315,1.270,-0.252
2025-12-05T06:14:45.019666,1.122,-1.315,1.270,-0.252
2025-12-05T06:14:45.052556,1.122,-1.315,1.270,-0.252
2025-12-05T06:14:45.085698,1.122,-1.315,1.270,-0.252
2025-12-05T06:14:45.121781,1.122,-1.315,1.270,-0.252
2025-12-05T06:14:45.154518,1.122,-1.315,1.270,-0.252
2025-12-05T06:14:45.185696,1.122,-1.315,1.270,-0.252
2025-12-05T06:14:45.222760,1.122,-1.315,1.270,-0.252
2025-12-05T06:14:45.253269,1.122,-1.315,1.270,-0.252
2025-12-05T06:14:45.279459,1.122,-1.315,1.270,-0.252
2025-12-05T06:14:45.311915,1.122,-1.315,1.270,-0.252
2025-12-05T06:14:45.343249,1.122,-1.315,1.270,-0.252
2025-12-05T06:14:45.375778,1.122,-1.315,1.270,-0.252
2025-12-05T06:14:45.411183,1.122,-1.315,1.270,-0.252
2025-12-05T06:14:45.444463,1.122,-1.315,1.270,-0.252
2025-12-05T06:14:45.477022,1.122,-1.315,1.270,-0.252
2025-12-05T06:14:45.510791,1.122,-1.315,1.270,-0.252
2025-12-05T06:14:45.543293,1.122,-1.315,1.270,-0.252
2025-12-05T06:14:45.573990,1.122,-1.315,1.270,-0.252
2025-12-05T06:14:45.606476,1.122,-1.315,1.270,-0.252
2025-12-05T06:14:45.638596,1.122,-1.315,1.270,-0.252
2025-12-05T06:14:45.667104,1.122,-1.315,1.270,-0.252
2025-12-05T06:14:45.700351,1.122,-1.315,1.270,-0.252
2025-12-05T06:14:45.737240,1.122,-1.315,1.270,-0.252
2025-12-05T06:14:45.770168,1.122,-1.315,1.270,-0.252
2025-12-05T06:14:45.806613,1.122,-1.315,1.270,-0.252
2025-12-05T06:14:45.838560,1.122,-1.315,1.270,-0.252
2025-12-05T06:14:45.871840,1.122,-1.315,1.270,-0.252
2025-12-05T06:14:45.899984,1.122,-1.315,1.270,-0.252
2025-12-05T06:14:45.931655,1.122,-1.315,1.270,-0.252
2025-12-05T06:14:45.963878,1.122,-1.315,1.270,-0.252
2025-12-05T06:14:45.994901,1.122,-1.315,1.270,-0.252
2025-12-05T06:14:46.031482,1.122,-1.315,1.270,-0.252
2025-12-05T06:14:46.061765,1.122,-1.315,1.270,-0.252
2025-12-05T06:14:46.096348,1.122,-1.315,1.270,-0.252
2025-12-05T06:14:46.127890,1.122,-1.315,1.270,-0.252
2025-12-05T06:14:46.158025,1.122,-1.315,1.270,-0.252
2025-12-05T06:14:46.192191,1.122,-1.315,1.270,-0.252
2025-12-05T06:14:46.224086,1.122,-1.315,1.270,-0.252
2025-12-05T06:14:46.257783,1.122,-1.315,1.270,-0.252
2025-12-05T06:14:46.295011,1.122,-1.315,1.270,-0.252
2025-12-05T06:14:46.323055,1.122,-1.315,1.270,-0.252
2025-12-05T06:14:46.354938,1.122,-1.315,1.270,-0.252
2025-12-05T06:14:46.388180,1.122,-1.315,1.270,-0.252
2025-12-05T06:14:46.418082,1.122,-1.315,1.270,-0.252
2025-12-05T06:14:46.451633,1.122,-1.315,1.270,-0.252
2025-12-05T06:14:46.483969,1.122,-1.315,1.270,-0.252
2025-12-05T06:14:46.514375,1.122,-1.315,1.270,-0.252
2025-12-05T06:14:46.547884,1.122,-1.315,1.270,-0.252
2025-12-05T06:14:46.582647,1.122,-1.315,1.270,-0.252
2025-12-05T06:14:46.618436,1.122,-1.315,1.270,-0.252
2025-12-05T06:14:46.649530,1.122,-1.315,1.270,-0.252
2025-12-05T06:14:46.682652,1.122,-1.315,1.270,-0.252
2025-12-05T06:14:46.715508,1.122,-1.315,1.270,-0.252
2025-12-05T06:14:46.750339,1.122,-1.315,1.270,-0.252
2025-12-05T06:14:46.779954,1.122,-1.315,1.270,-0.252
2025-12-05T06:14:46.815328,1.122,-1.315,1.270,-0.252
2025-12-05T06:14:46.846805,1.122,-1.315,1.270,-0.252
2025-12-05T06:14:46.877145,1.122,-1.315,1.270,-0.252
2025-12-05T06:14:46.906917,1.122,-1.315,1.270,-0.252
2025-12-05T06:14:46.938608,1.122,-1.315,1.270,-0.252
2025-12-05T06:14:46.969633,1.122,-1.315,1.270,-0.252
2025-12-05T06:14:47.005795,1.122,-1.315,1.270,-0.252
2025-12-05T06:14:47.038207,1.122,-1.315,1.270,-0.252
2025-12-05T06:14:47.069783,1.122,-1.315,1.270,-0.252
2025-12-05T06:14:47.102976,1.122,-1.315,1.270,-0.252
2025-12-05T06:14:47.133529,1.122,-1.315,1.270,-0.252
2025-12-05T06:14:47.165429,1.122,-1.315,1.270,-0.252
2025-12-05T06:14:47.198949,1.122,-1.315,1.270,-0.252
2025-12-05T06:14:47.230739,1.122,-1.315,1.270,-0.252
2025-12-05T06:14:47.264625,1.122,-1.315,1.270,-0.252
2025-12-05T06:14:47.296851,1.122,-1.315,1.270,-0.252
2025-12-05T06:14:47.330401,1.122,-1.315,1.270,-0.252
2025-12-05T06:14:47.361453,1.122,-1.315,1.270,-0.252
2025-12-05T06:14:47.392258,1.122,-1.315,1.270,-0.252
2025-12-05T06:14:47.421951,1.122,-1.315,1.270,-0.252
2025-12-05T06:14:47.452429,1.122,-1.315,1.270,-0.252
2025-12-05T06:14:47.482466,1.122,-1.315,1.270,-0.252
2025-12-05T06:14:47.515219,1.122,-1.315,1.270,-0.252
2025-12-05T06:14:47.547939,1.122,-1.315,1.270,-0.252
2025-12-05T06:14:47.581502,1.122,-1.315,1.270,-0.252
2025-12-05T06:14:47.616081,1.122,-1.315,1.270,-0.252
2025-12-05T06:14:47.649320,1.122,-1.315,1.270,-0.252
2025-12-05T06:14:47.682368,1.122,-1.315,1.270,-0.252
2025-12-05T06:14:47.714672,1.122,-1.315,1.270,-0.252
2025-12-05T06:14:47.746604,1.122,-1.315,1.270,-0.252
2025-12-05T06:14:47.778245,1.122,-1.315,1.270,-0.252
2025-12-05T06:14:47.810438,1.122,-1.315,1.270,-0.252
2025-12-05T06:14:47.843418,1.122,-1.315,1.270,-0.252
2025-12-05T06:14:47.877446,1.122,-1.315,1.270,-0.252
2025-12-05T06:14:47.906675,1.122,-1.315,1.270,-0.252
2025-12-05T06:14:47.939713,1.122,-1.315,1.270,-0.252
2025-12-05T06:14:47.971699,1.122,-1.315,1.270,-0.252
2025-12-05T06:14:48.003923,1.122,-1.315,1.270,-0.252
2025-12-05T06:14:48.037193,1.122,-1.315,1.270,-0.252
2025-12-05T06:14:48.070417,1.122,-1.315,1.270,-0.252
2025-12-05T06:14:48.106074,1.122,-1.315,1.270,-0.252
2025-12-05T06:14:48.138488,1.122,-1.315,1.270,-0.252
2025-12-05T06:14:48.171623,1.122,-1.315,1.270,-0.252
2025-12-05T06:14:48.203420,1.122,-1.315,1.270,-0.252
2025-12-05T06:14:48.232690,1.122,-1.315,1.270,-0.252
2025-12-05T06:14:48.264827,1.122,-1.315,1.270,-0.252
2025-12-05T06:14:48.298594,1.122,-1.315,1.270,-0.252
2025-12-05T06:14:48.329608,1.122,-1.315,1.270,-0.252
2025-12-05T06:14:48.361999,1.122,-1.315,1.270,-0.252
2025-12-05T06:14:48.398211,1.122,-1.315,1.270,-0.252
2025-12-05T06:14:48.431029,1.122,-1.315,1.270,-0.252
2025-12-05T06:14:48.461834,1.122,-1.315,1.270,-0.252
2025-12-05T06:14:48.495752,1.122,-1.315,1.270,-0.252
2025-12-05T06:14:48.526113,1.122,-1.315,1.270,-0.252
2025-12-05T06:14:48.555085,1.122,-1.315,1.270,-0.252
2025-12-05T06:14:48.587564,1.122,-1.315,1.270,-0.252
2025-12-05T06:14:48.619991,1.122,-1.315,1.270,-0.252
2025-12-05T06:14:48.653366,1.122,-1.315,1.270,-0.252
2025-12-05T06:14:48.686125,1.122,-1.315,1.270,-0.252
2025-12-05T06:14:48.720510,1.122,-1.315,1.270,-0.252
2025-12-05T06:14:48.754667,1.122,-1.315,1.270,-0.252
2025-12-05T06:14:48.785970,1.122,-1.315,1.270,-0.252
2025-12-05T06:14:48.816584,1.122,-1.315,1.270,-0.252
2025-12-05T06:14:48.849868,1.122,-1.315,1.270,-0.252
2025-12-05T06:14:48.883520,1.122,-1.315,1.270,-0.252
2025-12-05T06:14:48.914305,1.122,-1.315,1.270,-0.252
2025-12-05T06:14:48.949651,1.122,-1.315,1.270,-0.252
2025-12-05T06:14:48.981744,1.122,-1.315,1.270,-0.252
2025-12-05T06:14:49.013679,1.122,-1.315,1.270,-0.252
2025-12-05T06:14:49.046936,1.122,-1.315,1.270,-0.252
2025-12-05T06:14:49.076638,1.122,-1.315,1.270,-0.252
2025-12-05T06:14:49.110196,1.122,-1.315,1.270,-0.252
2025-12-05T06:14:49.143386,1.122,-1.315,1.270,-0.252
2025-12-05T06:14:49.175955,1.122,-1.315,1.270,-0.252
2025-12-05T06:14:49.210171,1.122,-1.315,1.270,-0.252
2025-12-05T06:14:49.241826,1.122,-1.315,1.270,-0.252
2025-12-05T06:14:49.273976,1.122,-1.315,1.270,-0.252
2025-12-05T06:14:49.308711,1.122,-1.315,1.270,-0.252
2025-12-05T06:14:49.338517,1.122,-1.315,1.270,-0.252
2025-12-05T06:14:49.369747,1.122,-1.315,1.270,-0.252
2025-12-05T06:14:49.401222,1.122,-1.315,1.270,-0.252
2025-12-05T06:14:49.434676,1.122,-1.315,1.270,-0.252
2025-12-05T06:14:49.468722,1.122,-1.315,1.270,-0.252
2025-12-05T06:14:49.502892,1.122,-1.315,1.270,-0.252
2025-12-05T06:14:49.531591,1.122,-1.315,1.270,-0.252
2025-12-05T06:14:49.563392,1.122,-1.315,1.270,-0.252
2025-12-05T06:14:49.595862,1.122,-1.315,1.270,-0.252
2025-12-05T06:14:49.624747,1.122,-1.315,1.270,-0.252
2025-12-05T06:14:49.655420,1.122,-1.315,1.270,-0.252
2025-12-05T06:14:49.687794,1.122,-1.315,1.270,-0.252
2025-12-05T06:14:49.721438,1.122,-1.315,1.270,-0.252
2025-12-05T06:14:49.758631,1.122,-1.315,1.270,-0.252
2025-12-05T06:14:49.795147,1.122,-1.315,1.270,-0.252
2025-12-05T06:14:49.828207,1.122,-1.315,1.270,-0.252
2025-12-05T06:14:49.858960,1.122,-1.315,1.270,-0.252
2025-12-05T06:14:49.887554,1.122,-1.315,1.270,-0.252
2025-12-05T06:14:49.917548,1.122,-1.315,1.270,-0.252
2025-12-05T06:14:49.951786,1.122,-1.315,1.270,-0.252
2025-12-05T06:14:49.983162,1.122,-1.315,1.270,-0.252
2025-12-05T06:14:50.016265,1.122,-1.315,1.270,-0.252
2025-12-05T06:14:50.053258,1.122,-1.315,1.270,-0.252
2025-12-05T06:14:50.086989,1.122,-1.315,1.270,-0.252
2025-12-05T06:14:50.120938,1.122,-1.315,1.270,-0.252
2025-12-05T06:14:50.155540,1.122,-1.315,1.270,-0.252
2025-12-05T06:14:50.184890,1.122,-1.315,1.270,-0.252
2025-12-05T06:14:50.213522,1.122,-1.315,1.270,-0.252
2025-12-05T06:14:50.246599,1.122,-1.315,1.270,-0.252
2025-12-05T06:14:50.277889,1.122,-1.315,1.270,-0.252
2025-12-05T06:14:50.311556,1.122,-1.315,1.270,-0.252
2025-12-05T06:14:50.346296,1.122,-1.315,1.270,-0.252
2025-12-05T06:14:50.377481,1.122,-1.315,1.270,-0.252
2025-12-05T06:14:50.413974,1.122,-1.315,1.270,-0.252
2025-12-05T06:14:50.445779,1.122,-1.315,1.270,-0.252
2025-12-05T06:14:50.476606,1.122,-1.315,1.270,-0.252
2025-12-05T06:14:50.507392,1.122,-1.315,1.270,-0.252
2025-12-05T06:14:50.539263,1.122,-1.315,1.270,-0.252
2025-12-05T06:14:50.572728,1.122,-1.315,1.270,-0.252
2025-12-05T06:14:50.605070,1.122,-1.315,1.270,-0.252
2025-12-05T06:14:50.635520,1.122,-1.315,1.270,-0.252
2025-12-05T06:14:50.668742,1.122,-1.315,1.270,-0.252
2025-12-05T06:14:50.701029,1.122,-1.315,1.270,-0.252
2025-12-05T06:14:50.730186,1.122,-1.315,1.270,-0.252
2025-12-05T06:14:50.762027,1.122,-1.315,1.270,-0.252
2025-12-05T06:14:50.796924,1.122,-1.315,1.270,-0.252
2025-12-05T06:14:50.831699,1.122,-1.315,1.270,-0.252
2025-12-05T06:14:50.864107,1.122,-1.315,1.270,-0.252
2025-12-05T06:14:50.897372,1.122,-1.315,1.270,-0.252
2025-12-05T06:14:50.930127,1.122,-1.315,1.270,-0.252
2025-12-05T06:14:50.960679,1.122,-1.315,1.270,-0.252
2025-12-05T06:14:50.994503,1.122,-1.315,1.270,-0.252
2025-12-05T06:14:51.027010,1.122,-1.315,1.270,-0.252
2025-12-05T06:14:51.058019,1.122,-1.315,1.270,-0.252
2025-12-05T06:14:51.093778,1.122,-1.315,1.270,-0.252
2025-12-05T06:14:51.126725,1.122,-1.315,1.270,-0.252
2025-12-05T06:14:51.159393,1.122,-1.315,1.270,-0.252
2025-12-05T06:14:51.189665,1.122,-1.315,1.270,-0.252
2025-12-05T06:14:51.224516,1.122,-1.315,1.270,-0.252
2025-12-05T06:14:51.249196,1.122,-1.315,1.270,-0.252
2025-12-05T06:14:51.281734,1.122,-1.315,1.270,-0.252
2025-12-05T06:14:51.315870,1.122,-1.315,1.270,-0.252
2025-12-05T06:14:51.350832,1.122,-1.315,1.270,-0.252
2025-12-05T06:14:51.384235,1.122,-1.315,1.270,-0.252
2025-12-05T06:14:51.415485,1.122,-1.315,1.270,-0.252
2025-12-05T06:14:51.451020,1.122,-1.315,1.270,-0.252
2025-12-05T06:14:51.482989,1.122,-1.315,1.270,-0.252
2025-12-05T06:14:51.513333,1.122,-1.315,1.270,-0.252
2025-12-05T06:14:51.545276,1.122,-1.315,1.270,-0.252
2025-12-05T06:14:51.576226,1.122,-1.315,1.270,-0.252
2025-12-05T06:14:51.609689,1.122,-1.315,1.270,-0.252
2025-12-05T06:14:51.645926,1.122,-1.315,1.270,-0.252
2025-12-05T06:14:51.671557,1.122,-1.315,1.270,-0.252
2025-12-05T06:14:51.707710,1.122,-1.315,1.270,-0.252
2025-12-05T06:14:51.744367,1.122,-1.315,1.270,-0.252
2025-12-05T06:14:51.775264,1.122,-1.315,1.270,-0.252
2025-12-05T06:14:51.811910,1.122,-1.315,1.270,-0.252
2025-12-05T06:14:51.842980,1.122,-1.315,1.270,-0.252
2025-12-05T06:14:51.873368,1.122,-1.315,1.270,-0.252
2025-12-05T06:14:51.908070,1.122,-1.315,1.270,-0.252
2025-12-05T06:14:51.939295,1.122,-1.315,1.270,-0.252
2025-12-05T06:14:51.972209,1.122,-1.315,1.270,-0.252
2025-12-05T06:14:52.008365,1.122,-1.315,1.270,-0.252
2025-12-05T06:14:52.042793,1.122,-1.315,1.270,-0.252
2025-12-05T06:14:52.072221,1.122,-1.315,1.270,-0.252
2025-12-05T06:14:52.102913,1.122,-1.315,1.270,-0.252
2025-12-05T06:14:52.135021,1.122,-1.315,1.270,-0.252
2025-12-05T06:14:52.166535,1.122,-1.315,1.270,-0.252
2025-12-05T06:14:52.197328,1.122,-1.315,1.270,-0.252
2025-12-05T06:14:52.230241,1.122,-1.315,1.270,-0.252
2025-12-05T06:14:52.265752,1.122,-1.315,1.270,-0.252
2025-12-05T06:14:52.303416,1.122,-1.315,1.270,-0.252
2025-12-05T06:14:52.333524,1.122,-1.315,1.270,-0.252
2025-12-05T06:14:52.368088,1.122,-1.315,1.270,-0.252
2025-12-05T06:14:52.398618,1.122,-1.315,1.270,-0.252
2025-12-05T06:14:52.427884,1.122,-1.315,1.270,-0.252
2025-12-05T06:14:52.460107,1.122,-1.315,1.270,-0.252
2025-12-05T06:14:52.489864,1.122,-1.315,1.270,-0.252
2025-12-05T06:14:52.521957,1.122,-1.315,1.270,-0.252
2025-12-05T06:14:52.554930,1.122,-1.315,1.270,-0.252
2025-12-05T06:14:52.588742,1.122,-1.315,1.270,-0.252
2025-12-05T06:14:52.623268,1.122,-1.315,1.270,-0.252
2025-12-05T06:14:52.654775,1.122,-1.315,1.270,-0.252
2025-12-05T06:14:52.686517,1.122,-1.315,1.270,-0.252
2025-12-05T06:14:52.718317,1.122,-1.315,1.270,-0.252
2025-12-05T06:14:52.747986,1.122,-1.315,1.270,-0.252
2025-12-05T06:14:52.779393,1.122,-1.315,1.270,-0.252
2025-12-05T06:14:52.813629,1.122,-1.315,1.270,-0.252
2025-12-05T06:14:52.847664,1.122,-1.315,1.270,-0.252
2025-12-05T06:14:52.879758,1.122,-1.315,1.270,-0.252
2025-12-05T06:14:52.911770,1.122,-1.315,1.270,-0.252
2025-12-05T06:14:52.945491,1.122,-1.315,1.270,-0.252
2025-12-05T06:14:52.976361,1.122,-1.315,1.270,-0.252
2025-12-05T06:14:53.011912,1.122,-1.315,1.270,-0.252
2025-12-05T06:14:53.046184,1.122,-1.315,1.270,-0.252
2025-12-05T06:14:53.077705,1.122,-1.315,1.270,-0.252
2025-12-05T06:14:53.110591,1.122,-1.315,1.270,-0.252
2025-12-05T06:14:53.142252,1.122,-1.315,1.270,-0.252
2025-12-05T06:14:53.172976,1.122,-1.315,1.270,-0.252
2025-12-05T06:14:53.206946,1.122,-1.315,1.270,-0.252
2025-12-05T06:14:53.235795,1.122,-1.315,1.270,-0.252
2025-12-05T06:14:53.267919,1.122,-1.315,1.270,-0.252
2025-12-05T06:14:53.302380,1.122,-1.315,1.270,-0.252
2025-12-05T06:14:53.334378,1.122,-1.315,1.270,-0.252
2025-12-05T06:14:53.366682,1.122,-1.315,1.270,-0.252
2025-12-05T06:14:53.396406,1.122,-1.315,1.270,-0.252
2025-12-05T06:14:53.425964,1.122,-1.315,1.270,-0.252
2025-12-05T06:14:53.461400,1.122,-1.315,1.270,-0.252
2025-12-05T06:14:53.493817,1.122,-1.315,1.270,-0.252
2025-12-05T06:14:53.528130,1.122,-1.315,1.270,-0.252
2025-12-05T06:14:53.561606,1.122,-1.315,1.270,-0.252
2025-12-05T06:14:53.594536,1.122,-1.315,1.270,-0.252
2025-12-05T06:14:53.627085,1.122,-1.315,1.270,-0.252
2025-12-05T06:14:53.659593,1.122,-1.315,1.270,-0.252
2025-12-05T06:14:53.687252,1.122,-1.315,1.270,-0.252
2025-12-05T06:14:53.717262,1.122,-1.315,1.270,-0.252
2025-12-05T06:14:53.750437,1.122,-1.315,1.270,-0.252
2025-12-05T06:14:53.783269,1.122,-1.315,1.270,-0.252
2025-12-05T06:14:53.817460,1.122,-1.315,1.270,-0.252
2025-12-05T06:14:53.852164,1.122,-1.315,1.270,-0.252
2025-12-05T06:14:53.881911,1.122,-1.315,1.270,-0.252
2025-12-05T06:14:53.916415,1.122,-1.315,1.270,-0.252
2025-12-05T06:14:53.948230,1.122,-1.315,1.270,-0.252
2025-12-05T06:14:53.977608,1.122,-1.315,1.270,-0.252
2025-12-05T06:14:54.011415,1.122,-1.315,1.270,-0.252
2025-12-05T06:14:54.043983,1.122,-1.315,1.270,-0.252
2025-12-05T06:14:54.074654,1.122,-1.315,1.270,-0.252
2025-12-05T06:14:54.109447,1.122,-1.315,1.270,-0.252
2025-12-05T06:14:54.142608,1.122,-1.315,1.270,-0.252
2025-12-05T06:14:54.176116,1.122,-1.315,1.270,-0.252
2025-12-05T06:14:54.210089,1.122,-1.315,1.270,-0.252
2025-12-05T06:14:54.243348,1.122,-1.315,1.270,-0.252
2025-12-05T06:14:54.272950,1.122,-1.315,1.270,-0.252
2025-12-05T06:14:54.303232,1.122,-1.315,1.270,-0.252
2025-12-05T06:14:54.336013,1.122,-1.315,1.270,-0.252
2025-12-05T06:14:54.367682,1.122,-1.315,1.270,-0.252
2025-12-05T06:14:54.403717,1.122,-1.315,1.270,-0.252
2025-12-05T06:14:54.434791,1.122,-1.315,1.270,-0.252
2025-12-05T06:14:54.466934,1.122,-1.315,1.270,-0.252
2025-12-05T06:14:54.499472,1.122,-1.315,1.270,-0.252
2025-12-05T06:14:54.529770,1.122,-1.315,1.270,-0.252
2025-12-05T06:14:54.562116,1.122,-1.315,1.270,-0.252
2025-12-05T06:14:54.597346,1.122,-1.315,1.270,-0.252
2025-12-05T06:14:54.631822,1.122,-1.315,1.270,-0.252
2025-12-05T06:14:54.666674,1.122,-1.315,1.270,-0.252
2025-12-05T06:14:54.698184,1.122,-1.315,1.270,-0.252
2025-12-05T06:14:54.733026,1.122,-1.315,1.270,-0.252
2025-12-05T06:14:54.762440,1.122,-1.315,1.270,-0.252
2025-12-05T06:14:54.793736,1.122,-1.315,1.270,-0.252
2025-12-05T06:14:54.825549,1.122,-1.315,1.270,-0.252
2025-12-05T06:14:54.855989,1.122,-1.315,1.270,-0.252
2025-12-05T06:14:54.887582,1.122,-1.315,1.270,-0.252
2025-12-05T06:14:54.922478,1.122,-1.315,1.270,-0.252
2025-12-05T06:14:54.956100,1.122,-1.315,1.270,-0.252
2025-12-05T06:14:54.988136,1.122,-1.315,1.270,-0.252
2025-12-05T06:14:55.020360,1.122,-1.315,1.270,-0.252
2025-12-05T06:14:55.052416,1.122,-1.315,1.270,-0.252
2025-12-05T06:14:55.081160,1.122,-1.315,1.270,-0.252
2025-12-05T06:14:55.113239,1.122,-1.315,1.270,-0.252
2025-12-05T06:14:55.147095,1.122,-1.315,1.270,-0.252
2025-12-05T06:14:55.179759,1.122,-1.315,1.270,-0.252
2025-12-05T06:14:55.210373,1.122,-1.315,1.270,-0.252
2025-12-05T06:14:55.243668,1.122,-1.315,1.270,-0.252
2025-12-05T06:14:55.277346,1.122,-1.315,1.270,-0.252
2025-12-05T06:14:55.310187,1.122,-1.315,1.270,-0.252
2025-12-05T06:14:55.347737,1.122,-1.315,1.270,-0.252
2025-12-05T06:14:55.380073,1.122,-1.315,1.270,-0.252
2025-12-05T06:14:55.413353,1.122,-1.315,1.270,-0.252
2025-12-05T06:14:55.446742,1.122,-1.315,1.270,-0.252
2025-12-05T06:14:55.478760,1.122,-1.315,1.270,-0.252
2025-12-05T06:14:55.510435,1.122,-1.315,1.270,-0.252
2025-12-05T06:14:55.543461,1.122,-1.315,1.270,-0.252
2025-12-05T06:14:55.575295,1.122,-1.315,1.270,-0.252
2025-12-05T06:14:55.606865,1.122,-1.315,1.270,-0.252
2025-12-05T06:14:55.642368,1.122,-1.315,1.270,-0.252
2025-12-05T06:14:55.675303,1.122,-1.315,1.270,-0.252
2025-12-05T06:14:55.707459,1.122,-1.315,1.270,-0.252
2025-12-05T06:14:55.737668,1.122,-1.315,1.270,-0.252
2025-12-05T06:14:55.769316,1.122,-1.315,1.270,-0.252
2025-12-05T06:14:55.801807,1.122,-1.315,1.270,-0.252
2025-12-05T06:14:55.834834,1.122,-1.315,1.270,-0.252
2025-12-05T06:14:55.867367,1.122,-1.315,1.270,-0.252
2025-12-05T06:14:55.901150,1.122,-1.315,1.270,-0.252
2025-12-05T06:14:55.931268,1.122,-1.315,1.270,-0.252
2025-12-05T06:14:55.964226,1.122,-1.315,1.270,-0.252
2025-12-05T06:14:55.996058,1.122,-1.315,1.270,-0.252
2025-12-05T06:14:56.027884,1.122,-1.315,1.270,-0.252
2025-12-05T06:14:56.060533,1.122,-1.315,1.270,-0.252
2025-12-05T06:14:56.091780,1.122,-1.315,1.270,-0.252
2025-12-05T06:14:56.123085,1.122,-1.315,1.270,-0.252
2025-12-05T06:14:56.158222,1.122,-1.315,1.270,-0.252
2025-12-05T06:14:56.196612,1.122,-1.315,1.270,-0.252
2025-12-05T06:14:56.230136,1.122,-1.315,1.270,-0.252
2025-12-05T06:14:56.262232,1.122,-1.315,1.270,-0.252
2025-12-05T06:14:56.296499,1.122,-1.315,1.270,-0.252
2025-12-05T06:14:56.328553,1.122,-1.315,1.270,-0.252
2025-12-05T06:14:56.359817,1.122,-1.315,1.270,-0.252
2025-12-05T06:14:56.390657,1.122,-1.315,1.270,-0.252
2025-12-05T06:14:56.421727,1.122,-1.315,1.270,-0.252
2025-12-05T06:14:56.455810,1.122,-1.315,1.270,-0.252
2025-12-05T06:14:56.487216,1.122,-1.315,1.270,-0.252
2025-12-05T06:14:56.524546,1.122,-1.315,1.270,-0.252
2025-12-05T06:14:56.558633,1.122,-1.315,1.270,-0.252
2025-12-05T06:14:56.591218,1.122,-1.315,1.270,-0.252
2025-12-05T06:14:56.624030,1.122,-1.315,1.270,-0.252
2025-12-05T06:14:56.655598,1.122,-1.315,1.270,-0.252
2025-12-05T06:14:56.684406,1.122,-1.315,1.270,-0.252
2025-12-05T06:14:56.715911,1.122,-1.315,1.270,-0.252
2025-12-05T06:14:56.749828,1.122,-1.315,1.270,-0.252
2025-12-05T06:14:56.784621,1.122,-1.315,1.270,-0.252
2025-12-05T06:14:56.816806,1.122,-1.315,1.270,-0.252
2025-12-05T06:14:56.851307,1.122,-1.315,1.270,-0.252
2025-12-05T06:14:56.882500,1.122,-1.315,1.270,-0.252
2025-12-05T06:14:56.914652,1.122,-1.315,1.270,-0.252
2025-12-05T06:14:56.946776,1.122,-1.315,1.270,-0.252
2025-12-05T06:14:56.973939,1.122,-1.315,1.270,-0.252
2025-12-05T06:14:57.004007,1.122,-1.315,1.270,-0.252
2025-12-05T06:14:57.035756,1.122,-1.315,1.270,-0.252
2025-12-05T06:14:57.067647,1.122,-1.315,1.270,-0.252
2025-12-05T06:14:57.099416,1.122,-1.315,1.270,-0.252
2025-12-05T06:14:57.134067,1.122,-1.315,1.270,-0.252
2025-12-05T06:14:57.168772,1.122,-1.315,1.270,-0.252
2025-12-05T06:14:57.200303,1.122,-1.315,1.270,-0.252
2025-12-05T06:14:57.231354,1.122,-1.315,1.270,-0.252
2025-12-05T06:14:57.265690,1.122,-1.315,1.270,-0.252
2025-12-05T06:14:57.298803,1.122,-1.315,1.270,-0.252
2025-12-05T06:14:57.330110,1.122,-1.315,1.270,-0.252
2025-12-05T06:14:57.363345,1.122,-1.315,1.270,-0.252
2025-12-05T06:14:57.394772,1.122,-1.315,1.270,-0.252
2025-12-05T06:14:57.428491,1.122,-1.315,1.270,-0.252
2025-12-05T06:14:57.461626,1.122,-1.315,1.270,-0.252
2025-12-05T06:14:57.498474,1.122,-1.315,1.270,-0.252
2025-12-05T06:14:57.530307,1.122,-1.315,1.270,-0.252
2025-12-05T06:14:57.561956,1.122,-1.315,1.270,-0.252
2025-12-05T06:14:57.594334,1.122,-1.315,1.270,-0.252
2025-12-05T06:14:57.624861,1.122,-1.315,1.270,-0.252
2025-12-05T06:14:57.665737,1.122,-1.315,1.270,-0.252
2025-12-05T06:14:57.692353,1.122,-1.315,1.270,-0.252
2025-12-05T06:14:57.724532,1.122,-1.315,1.270,-0.252
2025-12-05T06:14:57.757989,1.122,-1.315,1.270,-0.252
2025-12-05T06:14:57.790952,1.122,-1.315,1.270,-0.252
2025-12-05T06:14:57.819009,1.122,-1.315,1.270,-0.252
2025-12-05T06:14:57.849849,1.122,-1.315,1.270,-0.252
2025-12-05T06:14:57.880015,1.122,-1.315,1.270,-0.252
2025-12-05T06:14:57.912111,1.122,-1.315,1.270,-0.252
2025-12-05T06:14:57.948573,1.122,-1.315,1.270,-0.252
2025-12-05T06:14:57.979495,1.122,-1.315,1.270,-0.252
2025-12-05T06:14:58.010814,1.122,-1.315,1.270,-0.252
2025-12-05T06:14:58.044172,1.122,-1.315,1.270,-0.252
2025-12-05T06:14:58.073133,1.122,-1.315,1.270,-0.252
2025-12-05T06:14:58.108119,1.122,-1.315,1.270,-0.252
2025-12-05T06:14:58.139213,1.122,-1.315,1.270,-0.252
2025-12-05T06:14:58.172185,1.122,-1.315,1.270,-0.252
2025-12-05T06:14:58.208351,1.122,-1.315,1.270,-0.252
2025-12-05T06:14:58.245543,1.122,-1.315,1.270,-0.252
2025-12-05T06:14:58.278774,1.122,-1.315,1.270,-0.252
2025-12-05T06:14:58.312134,1.122,-1.315,1.270,-0.252
2025-12-05T06:14:58.341931,1.122,-1.315,1.270,-0.252
2025-12-05T06:14:58.372212,1.122,-1.315,1.270,-0.252
2025-12-05T06:14:58.405789,1.122,-1.315,1.270,-0.252
2025-12-05T06:14:58.437960,1.122,-1.315,1.270,-0.252
2025-12-05T06:14:58.470025,1.122,-1.315,1.270,-0.252
2025-12-05T06:14:58.506895,1.122,-1.315,1.270,-0.252
2025-12-05T06:14:58.537852,1.122,-1.315,1.270,-0.252
2025-12-05T06:14:58.569659,1.122,-1.315,1.270,-0.252
2025-12-05T06:14:58.602441,1.122,-1.315,1.270,-0.252
2025-12-05T06:14:58.632456,1.122,-1.315,1.270,-0.252
2025-12-05T06:14:58.662974,1.122,-1.315,1.270,-0.252
2025-12-05T06:14:58.698237,1.122,-1.315,1.270,-0.252
2025-12-05T06:14:58.729685,1.122,-1.315,1.270,-0.252
2025-12-05T06:14:58.764010,1.122,-1.315,1.270,-0.252
2025-12-05T06:14:58.798733,1.122,-1.315,1.270,-0.252
2025-12-05T06:14:58.830228,1.122,-1.315,1.270,-0.252
2025-12-05T06:14:58.866621,1.122,-1.315,1.270,-0.252
2025-12-05T06:14:58.895004,1.122,-1.315,1.270,-0.252
2025-12-05T06:14:58.925549,1.122,-1.315,1.270,-0.252
2025-12-05T06:14:58.963621,1.122,-1.315,1.270,-0.252
2025-12-05T06:14:58.992634,1.122,-1.315,1.270,-0.252
2025-12-05T06:14:59.021464,1.122,-1.315,1.270,-0.252
2025-12-05T06:14:59.059343,1.122,-1.315,1.270,-0.252
2025-12-05T06:14:59.090425,1.122,-1.315,1.270,-0.252
2025-12-05T06:14:59.118867,1.122,-1.315,1.270,-0.252
2025-12-05T06:14:59.152160,1.122,-1.315,1.270,-0.252
2025-12-05T06:14:59.180936,1.122,-1.315,1.270,-0.252
2025-12-05T06:14:59.213619,1.122,-1.315,1.270,-0.252
2025-12-05T06:14:59.248222,1.122,-1.315,1.270,-0.252
2025-12-05T06:14:59.280410,1.122,-1.315,1.270,-0.252
2025-12-05T06:14:59.314613,1.122,-1.315,1.270,-0.252
2025-12-05T06:14:59.350966,1.122,-1.315,1.270,-0.252
2025-12-05T06:14:59.382544,1.122,-1.315,1.270,-0.252
2025-12-05T06:14:59.413952,1.122,-1.315,1.270,-0.252
2025-12-05T06:14:59.446174,1.122,-1.315,1.270,-0.252
2025-12-05T06:14:59.476008,1.122,-1.315,1.270,-0.252
2025-12-05T06:14:59.506718,1.122,-1.315,1.270,-0.252
2025-12-05T06:14:59.538406,1.122,-1.315,1.270,-0.252
2025-12-05T06:14:59.570590,1.122,-1.315,1.270,-0.252
2025-12-05T06:14:59.601844,1.122,-1.315,1.270,-0.252
2025-12-05T06:14:59.633729,1.122,-1.315,1.270,-0.252
2025-12-05T06:14:59.667375,1.122,-1.315,1.270,-0.252
2025-12-05T06:14:59.701577,1.122,-1.315,1.270,-0.252
2025-12-05T06:14:59.734537,1.122,-1.315,1.270,-0.252
2025-12-05T06:14:59.766222,1.122,-1.315,1.270,-0.252
2025-12-05T06:14:59.798739,1.122,-1.315,1.270,-0.252
2025-12-05T06:14:59.830686,1.122,-1.315,1.270,-0.252
2025-12-05T06:14:59.862187,1.122,-1.315,1.270,-0.252
2025-12-05T06:14:59.896443,1.122,-1.315,1.270,-0.252
2025-12-05T06:14:59.928346,1.122,-1.315,1.270,-0.252
2025-12-05T06:14:59.958534,1.122,-1.315,1.270,-0.252
2025-12-05T06:14:59.991428,1.122,-1.315,1.270,-0.252
2025-12-05T06:15:00.021386,1.122,-1.315,1.270,-0.252
2025-12-05T06:15:00.057740,1.122,-1.315,1.270,-0.252
2025-12-05T06:15:00.094015,1.122,-1.315,1.270,-0.252
2025-12-05T06:15:00.127104,1.122,-1.315,1.270,-0.252
2025-12-05T06:15:00.159185,1.122,-1.315,1.270,-0.252
2025-12-05T06:15:00.184830,1.122,-1.315,1.270,-0.252
2025-12-05T06:15:00.213406,1.122,-1.315,1.270,-0.252
2025-12-05T06:15:00.248108,1.122,-1.315,1.270,-0.252
2025-12-05T06:15:00.278455,1.122,-1.315,1.270,-0.252
2025-12-05T06:15:00.311705,1.122,-1.315,1.270,-0.252
2025-12-05T06:15:00.347852,1.122,-1.315,1.270,-0.252
2025-12-05T06:15:00.381457,1.122,-1.315,1.270,-0.252
2025-12-05T06:15:00.417269,1.122,-1.315,1.270,-0.252
2025-12-05T06:15:00.450002,1.122,-1.315,1.270,-0.252
2025-12-05T06:15:00.481469,1.122,-1.315,1.270,-0.252
2025-12-05T06:15:00.515150,1.122,-1.315,1.270,-0.252
2025-12-05T06:15:00.546431,1.122,-1.315,1.270,-0.252
2025-12-05T06:15:00.577815,1.122,-1.315,1.270,-0.252
2025-12-05T06:15:00.609520,1.122,-1.315,1.270,-0.252
2025-12-05T06:15:00.641105,1.122,-1.315,1.270,-0.252
2025-12-05T06:15:00.674431,1.122,-1.315,1.270,-0.252
2025-12-05T06:15:00.707807,1.122,-1.315,1.270,-0.252
2025-12-05T06:15:00.743816,1.122,-1.315,1.270,-0.252
2025-12-05T06:15:00.774760,1.122,-1.315,1.270,-0.252
2025-12-05T06:15:00.807617,1.122,-1.315,1.270,-0.252
2025-12-05T06:15:00.840762,1.122,-1.315,1.270,-0.252
2025-12-05T06:15:00.870425,1.122,-1.315,1.270,-0.252
2025-12-05T06:15:00.903078,1.122,-1.315,1.270,-0.252
2025-12-05T06:15:00.936436,1.122,-1.315,1.270,-0.252
2025-12-05T06:15:00.969543,1.122,-1.315,1.270,-0.252
2025-12-05T06:15:01.003175,1.122,-1.315,1.270,-0.252
2025-12-05T06:15:01.034520,1.122,-1.315,1.270,-0.252
2025-12-05T06:15:01.066322,1.122,-1.315,1.270,-0.252
2025-12-05T06:15:01.098774,1.122,-1.315,1.270,-0.252
2025-12-05T06:15:01.129793,1.122,-1.315,1.270,-0.252
2025-12-05T06:15:01.161935,1.122,-1.315,1.270,-0.252
2025-12-05T06:15:01.194470,1.122,-1.315,1.270,-0.252
2025-12-05T06:15:01.228604,1.122,-1.315,1.270,-0.252
2025-12-05T06:15:01.259450,1.122,-1.315,1.270,-0.252
2025-12-05T06:15:01.296253,1.122,-1.315,1.270,-0.252
2025-12-05T06:15:01.330191,1.122,-1.315,1.270,-0.252
2025-12-05T06:15:01.364380,1.122,-1.315,1.270,-0.252
2025-12-05T06:15:01.399464,1.122,-1.315,1.270,-0.252
2025-12-05T06:15:01.431274,1.122,-1.315,1.270,-0.252
2025-12-05T06:15:01.462243,1.122,-1.315,1.270,-0.252
2025-12-05T06:15:01.493192,1.122,-1.315,1.270,-0.252
2025-12-05T06:15:01.523940,1.122,-1.315,1.270,-0.252
2025-12-05T06:15:01.559070,1.122,-1.315,1.270,-0.252
2025-12-05T06:15:01.589524,1.122,-1.315,1.270,-0.252
2025-12-05T06:15:01.621953,1.122,-1.315,1.270,-0.252
2025-12-05T06:15:01.658940,1.122,-1.315,1.270,-0.252
2025-12-05T06:15:01.690543,1.122,-1.315,1.270,-0.252
2025-12-05T06:15:01.722535,1.122,-1.315,1.270,-0.252
2025-12-05T06:15:01.754312,1.122,-1.315,1.270,-0.252
2025-12-05T06:15:01.784474,1.122,-1.315,1.270,-0.252
2025-12-05T06:15:01.816741,1.122,-1.315,1.270,-0.252
2025-12-05T06:15:01.850735,1.122,-1.315,1.270,-0.252
2025-12-05T06:15:01.879692,1.122,-1.315,1.270,-0.252
2025-12-05T06:15:01.912057,1.122,-1.315,1.270,-0.252
2025-12-05T06:15:01.944058,1.122,-1.315,1.270,-0.252
2025-12-05T06:15:01.976005,1.122,-1.315,1.270,-0.252
2025-12-05T06:15:02.012560,1.122,-1.315,1.270,-0.252
2025-12-05T06:15:02.048058,1.122,-1.315,1.270,-0.252
2025-12-05T06:15:02.081944,1.122,-1.315,1.270,-0.252
2025-12-05T06:15:02.114909,1.122,-1.315,1.270,-0.252
2025-12-05T06:15:02.147351,1.122,-1.315,1.270,-0.252
2025-12-05T06:15:02.175713,1.122,-1.315,1.270,-0.252
2025-12-05T06:15:02.207949,1.122,-1.315,1.270,-0.252
2025-12-05T06:15:02.240085,1.122,-1.315,1.270,-0.252
2025-12-05T06:15:02.271641,1.122,-1.315,1.270,-0.252
2025-12-05T06:15:02.308815,1.122,-1.315,1.270,-0.252
2025-12-05T06:15:02.336093,1.122,-1.315,1.270,-0.252
2025-12-05T06:15:02.367633,1.122,-1.315,1.270,-0.252
2025-12-05T06:15:02.399470,1.122,-1.315,1.270,-0.252
2025-12-05T06:15:02.429157,1.122,-1.315,1.270,-0.252
2025-12-05T06:15:02.459765,1.122,-1.315,1.270,-0.252
2025-12-05T06:15:02.491147,1.122,-1.315,1.270,-0.252
2025-12-05T06:15:02.525068,1.122,-1.315,1.270,-0.252
2025-12-05T06:15:02.558550,1.122,-1.315,1.270,-0.252
2025-12-05T06:15:02.594612,1.122,-1.315,1.270,-0.252
2025-12-05T06:15:02.626384,1.122,-1.315,1.270,-0.252
2025-12-05T06:15:02.658254,1.122,-1.315,1.270,-0.252
2025-12-05T06:15:02.691405,1.122,-1.315,1.270,-0.252
2025-12-05T06:15:02.720761,1.122,-1.315,1.270,-0.252
2025-12-05T06:15:02.755185,1.122,-1.315,1.270,-0.252
2025-12-05T06:15:02.786887,1.122,-1.315,1.270,-0.252
2025-12-05T06:15:02.818297,1.122,-1.315,1.270,-0.252
2025-12-05T06:15:02.851334,1.122,-1.315,1.270,-0.252
2025-12-05T06:15:02.883137,1.122,-1.315,1.270,-0.252
2025-12-05T06:15:02.913124,1.122,-1.315,1.270,-0.252
2025-12-05T06:15:02.947680,1.122,-1.315,1.270,-0.252
2025-12-05T06:15:02.979789,1.122,-1.315,1.270,-0.252
2025-12-05T06:15:03.011391,1.122,-1.315,1.270,-0.252
2025-12-05T06:15:03.043853,1.122,-1.315,1.270,-0.252
2025-12-05T06:15:03.073953,1.122,-1.315,1.270,-0.252
2025-12-05T06:15:03.109632,1.122,-1.315,1.270,-0.252
2025-12-05T06:15:03.143090,1.122,-1.315,1.270,-0.252
2025-12-05T06:15:03.177342,1.122,-1.315,1.270,-0.252
2025-12-05T06:15:03.209761,1.122,-1.315,1.270,-0.252
2025-12-05T06:15:03.240445,1.122,-1.315,1.270,-0.252
2025-12-05T06:15:03.274313,1.122,-1.315,1.270,-0.252
2025-12-05T06:15:03.306384,1.122,-1.315,1.270,-0.252
2025-12-05T06:15:03.336653,1.122,-1.315,1.270,-0.252
2025-12-05T06:15:03.368722,1.122,-1.315,1.270,-0.252
2025-12-05T06:15:03.399881,1.122,-1.315,1.270,-0.252
2025-12-05T06:15:03.431729,1.122,-1.315,1.270,-0.252
2025-12-05T06:15:03.466430,1.122,-1.315,1.270,-0.252
2025-12-05T06:15:03.499863,1.122,-1.315,1.270,-0.252
2025-12-05T06:15:03.530630,1.122,-1.315,1.270,-0.252
2025-12-05T06:15:03.563864,1.122,-1.315,1.270,-0.252
2025-12-05T06:15:03.597544,1.122,-1.315,1.270,-0.252
2025-12-05T06:15:03.629971,1.122,-1.315,1.270,-0.252
2025-12-05T06:15:03.670034,1.122,-1.315,1.270,-0.252
2025-12-05T06:15:03.702900,1.122,-1.315,1.270,-0.252
2025-12-05T06:15:03.733507,1.122,-1.315,1.270,-0.252
2025-12-05T06:15:03.764047,1.122,-1.315,1.270,-0.252
2025-12-05T06:15:03.790865,1.122,-1.315,1.270,-0.252
2025-12-05T06:15:03.821251,1.122,-1.315,1.270,-0.252
2025-12-05T06:15:03.849849,1.122,-1.315,1.270,-0.252
2025-12-05T06:15:03.880822,1.122,-1.315,1.270,-0.252
2025-12-05T06:15:03.914327,1.122,-1.315,1.270,-0.252
2025-12-05T06:15:03.947984,1.122,-1.315,1.270,-0.252
2025-12-05T06:15:03.981267,1.122,-1.315,1.270,-0.252
2025-12-05T06:15:04.014893,1.122,-1.315,1.270,-0.252
2025-12-05T06:15:04.047949,1.122,-1.315,1.270,-0.252
2025-12-05T06:15:04.080552,1.122,-1.315,1.270,-0.252
2025-12-05T06:15:04.115711,1.122,-1.315,1.270,-0.252
2025-12-05T06:15:04.147777,1.122,-1.315,1.270,-0.252
2025-12-05T06:15:04.178383,1.122,-1.315,1.270,-0.252
2025-12-05T06:15:04.210299,1.122,-1.315,1.270,-0.252
2025-12-05T06:15:04.242408,1.122,-1.315,1.270,-0.252
2025-12-05T06:15:04.274848,1.122,-1.315,1.270,-0.252
2025-12-05T06:15:04.315253,1.122,-1.315,1.270,-0.252
2025-12-05T06:15:04.351818,1.122,-1.315,1.270,-0.252
2025-12-05T06:15:04.380716,1.122,-1.315,1.270,-0.252
2025-12-05T06:15:04.416013,1.122,-1.315,1.270,-0.252
2025-12-05T06:15:04.444500,1.122,-1.315,1.270,-0.252
2025-12-05T06:15:04.473556,1.122,-1.315,1.270,-0.252
2025-12-05T06:15:04.506640,1.122,-1.315,1.270,-0.252
2025-12-05T06:15:04.539149,1.122,-1.315,1.270,-0.252
2025-12-05T06:15:04.571803,1.122,-1.315,1.270,-0.252
2025-12-05T06:15:04.608036,1.122,-1.315,1.270,-0.252
2025-12-05T06:15:04.640468,1.122,-1.315,1.270,-0.252
2025-12-05T06:15:04.674829,1.122,-1.315,1.270,-0.252
2025-12-05T06:15:04.711911,1.122,-1.315,1.270,-0.252
2025-12-05T06:15:04.743487,1.122,-1.315,1.270,-0.252
2025-12-05T06:15:04.774161,1.122,-1.315,1.270,-0.252
2025-12-05T06:15:04.802288,1.122,-1.315,1.270,-0.252
2025-12-05T06:15:04.831994,1.122,-1.315,1.270,-0.252
2025-12-05T06:15:04.864508,1.122,-1.315,1.270,-0.252
2025-12-05T06:15:04.899253,1.122,-1.315,1.270,-0.252
2025-12-05T06:15:04.936929,1.122,-1.315,1.270,-0.252
2025-12-05T06:15:04.965268,1.122,-1.315,1.270,-0.252
2025-12-05T06:15:04.999636,1.122,-1.315,1.270,-0.252
2025-12-05T06:15:05.030978,1.122,-1.315,1.270,-0.252
2025-12-05T06:15:05.061834,1.122,-1.315,1.270,-0.252
2025-12-05T06:15:05.094868,1.122,-1.315,1.270,-0.252
2025-12-05T06:15:05.125907,1.122,-1.315,1.270,-0.252
2025-12-05T06:15:05.159002,1.122,-1.315,1.270,-0.252
2025-12-05T06:15:05.194307,1.122,-1.315,1.270,-0.252
2025-12-05T06:15:05.227469,1.122,-1.315,1.270,-0.252
2025-12-05T06:15:05.259905,1.122,-1.315,1.270,-0.252
2025-12-05T06:15:05.291009,1.122,-1.315,1.270,-0.252
2025-12-05T06:15:05.320721,1.122,-1.315,1.270,-0.252
2025-12-05T06:15:05.356785,1.122,-1.315,1.270,-0.252
2025-12-05T06:15:05.386351,1.122,-1.315,1.270,-0.252
2025-12-05T06:15:05.417647,1.122,-1.315,1.270,-0.252
2025-12-05T06:15:05.447646,1.122,-1.315,1.270,-0.252
2025-12-05T06:15:05.483255,1.122,-1.315,1.270,-0.252
2025-12-05T06:15:05.514818,1.122,-1.315,1.270,-0.252
2025-12-05T06:15:05.548375,1.122,-1.315,1.270,-0.252
2025-12-05T06:15:05.580335,1.122,-1.315,1.270,-0.252
2025-12-05T06:15:05.613424,1.122,-1.305,1.270,-0.279
2025-12-05T06:15:05.645728,1.122,-1.295,1.270,-0.307
2025-12-05T06:15:05.676536,1.122,-1.285,1.270,-0.334
2025-12-05T06:15:05.710922,1.122,-1.275,1.270,-0.361
2025-12-05T06:15:05.743844,1.122,-1.266,1.270,-0.388
2025-12-05T06:15:05.778930,1.122,-1.257,1.270,-0.414
2025-12-05T06:15:05.807983,1.122,-1.249,1.270,-0.440
2025-12-05T06:15:05.843743,1.122,-1.241,1.270,-0.466
2025-12-05T06:15:05.877539,1.122,-1.234,1.270,-0.491
2025-12-05T06:15:05.909537,1.122,-1.227,1.270,-0.516
2025-12-05T06:15:05.945816,1.122,-1.221,1.270,-0.541
2025-12-05T06:15:05.976357,1.122,-1.215,1.270,-0.565
2025-12-05T06:15:06.009931,1.122,-1.209,1.270,-0.588
2025-12-05T06:15:06.044629,1.122,-1.204,1.270,-0.611
2025-12-05T06:15:06.067616,1.122,-1.199,1.270,-0.634
2025-12-05T06:15:06.096800,1.122,-1.194,1.270,-0.656
2025-12-05T06:15:06.126988,1.122,-1.190,1.270,-0.677
2025-12-05T06:15:06.156647,1.122,-1.186,1.270,-0.698
2025-12-05T06:15:06.188283,1.122,-1.183,1.270,-0.718
2025-12-05T06:15:06.221253,1.122,-1.179,1.270,-0.738
2025-12-05T06:15:06.257877,1.122,-1.176,1.270,-0.757
2025-12-05T06:15:06.290576,1.122,-1.173,1.270,-0.776
2025-12-05T06:15:06.319715,1.122,-1.170,1.270,-0.794
2025-12-05T06:15:06.353590,1.117,-1.184,1.270,-0.794
2025-12-05T06:15:06.381656,1.113,-1.199,1.270,-0.794
2025-12-05T06:15:06.412752,1.108,-1.215,1.270,-0.794
2025-12-05T06:15:06.445618,1.103,-1.230,1.270,-0.794
2025-12-05T06:15:06.477793,1.098,-1.246,1.270,-0.794
2025-12-05T06:15:06.515211,1.093,-1.262,1.270,-0.794
2025-12-05T06:15:06.550684,1.088,-1.278,1.270,-0.794
2025-12-05T06:15:06.579646,1.084,-1.295,1.270,-0.794
2025-12-05T06:15:06.611788,1.079,-1.311,1.270,-0.794
2025-12-05T06:15:06.645916,1.074,-1.327,1.270,-0.794
2025-12-05T06:15:06.675748,1.069,-1.342,1.270,-0.794
2025-12-05T06:15:06.703565,1.064,-1.356,1.270,-0.794
2025-12-05T06:15:06.735437,1.059,-1.369,1.270,-0.794
2025-12-05T06:15:06.768312,1.054,-1.380,1.270,-0.794
2025-12-05T06:15:06.803509,1.049,-1.391,1.270,-0.794
2025-12-05T06:15:06.839298,1.044,-1.400,1.270,-0.794
2025-12-05T06:15:06.876420,1.039,-1.407,1.270,-0.794
2025-12-05T06:15:06.903027,1.033,-1.413,1.270,-0.794
2025-12-05T06:15:06.934734,1.028,-1.418,1.270,-0.794
2025-12-05T06:15:06.966318,1.023,-1.421,1.270,-0.794
2025-12-05T06:15:06.998405,1.018,-1.422,1.270,-0.794
2025-12-05T06:15:07.028900,1.013,-1.423,1.270,-0.794
2025-12-05T06:15:07.064600,1.008,-1.422,1.270,-0.794
2025-12-05T06:15:07.096971,1.002,-1.419,1.270,-0.794
2025-12-05T06:15:07.130649,0.997,-1.416,1.270,-0.794
2025-12-05T06:15:07.162906,0.992,-1.412,1.270,-0.794
2025-12-05T06:15:07.194830,0.987,-1.408,1.270,-0.794
2025-12-05T06:15:07.223953,0.981,-1.403,1.270,-0.794
2025-12-05T06:15:07.253944,0.976,-1.397,1.270,-0.794
2025-12-05T06:15:07.284493,0.971,-1.391,1.270,-0.794
2025-12-05T06:15:07.315114,0.966,-1.385,1.270,-0.794
2025-12-05T06:15:07.353660,0.965,-1.362,1.270,-0.811
2025-12-05T06:15:07.381166,0.964,-1.339,1.270,-0.827
2025-12-05T06:15:07.418146,0.964,-1.316,1.270,-0.843
2025-12-05T06:15:07.450689,0.963,-1.294,1.270,-0.858
2025-12-05T06:15:07.482760,0.963,-1.273,1.270,-0.873
2025-12-05T06:15:07.513738,0.962,-1.253,1.270,-0.886
2025-12-05T06:15:07.547140,0.962,-1.235,1.270,-0.899
2025-12-05T06:15:07.578237,0.961,-1.217,1.270,-0.912
2025-12-05T06:15:07.610006,0.961,-1.201,1.270,-0.923
2025-12-05T06:15:07.642559,0.961,-1.186,1.270,-0.934
2025-12-05T06:15:07.672392,0.960,-1.172,1.270,-0.944
2025-12-05T06:15:07.711072,0.960,-1.158,1.270,-0.953
2025-12-05T06:15:07.743441,0.960,-1.146,1.270,-0.961
2025-12-05T06:15:07.772870,0.960,-1.134,1.270,-0.969
2025-12-05T06:15:07.806179,0.959,-1.123,1.270,-0.975
2025-12-05T06:15:07.835792,0.959,-1.113,1.270,-0.981
2025-12-05T06:15:07.867798,0.959,-1.104,1.270,-0.987
2025-12-05T06:15:07.900850,0.959,-1.095,1.270,-0.991
2025-12-05T06:15:07.932978,0.959,-1.086,1.270,-0.994
2025-12-05T06:15:07.967902,0.958,-1.079,1.270,-0.997
2025-12-05T06:15:08.001055,0.958,-1.071,1.270,-0.999
2025-12-05T06:15:08.032776,0.958,-1.064,1.270,-1.000
2025-12-05T06:15:08.065585,0.958,-1.058,1.270,1.000
2025-12-05T06:15:08.100180,0.958,-1.052,1.270,0.999
2025-12-05T06:15:08.129836,0.958,-1.046,1.270,0.998
2025-12-05T06:15:08.160444,0.958,-1.041,1.270,0.996
2025-12-05T06:15:08.192915,0.957,-1.036,1.270,0.992
2025-12-05T06:15:08.224898,0.957,-1.032,1.270,0.988
2025-12-05T06:15:08.261900,0.957,-1.027,1.270,0.984
2025-12-05T06:15:08.296295,0.957,-1.023,1.270,0.978
2025-12-05T06:15:08.326753,0.957,-1.019,1.270,0.972
2025-12-05T06:15:08.359329,0.957,-1.016,1.270,0.964
2025-12-05T06:15:08.391698,0.957,-1.013,1.270,0.956
2025-12-05T06:15:08.421432,0.957,-1.009,1.270,0.948
2025-12-05T06:15:08.451613,0.957,-1.007,1.270,0.938
2025-12-05T06:15:08.483383,0.957,-1.004,1.270,0.928
2025-12-05T06:15:08.515651,0.957,-1.001,1.270,0.916
2025-12-05T06:15:08.547525,0.957,-0.999,1.270,0.905
2025-12-05T06:15:08.581706,0.957,-0.997,1.270,0.892
2025-12-05T06:15:08.618933,0.957,-0.995,1.270,0.879
2025-12-05T06:15:08.647257,0.957,-0.993,1.270,0.864
2025-12-05T06:15:08.678235,0.957,-0.991,1.270,0.850
2025-12-05T06:15:08.711881,0.957,-0.989,1.270,0.834
2025-12-05T06:15:08.743368,0.956,-0.987,1.270,0.818
2025-12-05T06:15:08.772700,0.956,-0.986,1.270,0.801
2025-12-05T06:15:08.810506,0.956,-0.985,1.270,0.783
2025-12-05T06:15:08.841369,0.956,-0.983,1.270,0.765
2025-12-05T06:15:08.873123,0.956,-0.982,1.270,0.746
2025-12-05T06:15:08.905840,0.956,-0.981,1.270,0.727
2025-12-05T06:15:08.940034,0.956,-0.980,1.270,0.707
2025-12-05T06:15:08.973111,0.956,-0.979,1.270,0.686
2025-12-05T06:15:09.009320,0.956,-0.978,1.270,0.665
2025-12-05T06:15:09.040351,0.956,-0.977,1.270,0.643
2025-12-05T06:15:09.069328,0.959,-0.959,1.270,0.643
2025-12-05T06:15:09.103993,0.962,-0.940,1.270,0.643
2025-12-05T06:15:09.135732,0.966,-0.921,1.270,0.643
2025-12-05T06:15:09.166734,0.969,-0.902,1.270,0.643
2025-12-05T06:15:09.204447,0.972,-0.884,1.270,0.643
2025-12-05T06:15:09.235669,0.975,-0.865,1.270,0.643
2025-12-05T06:15:09.268586,0.978,-0.846,1.270,0.643
2025-12-05T06:15:09.297770,0.982,-0.826,1.270,0.643
2025-12-05T06:15:09.328549,0.985,-0.807,1.270,0.643
2025-12-05T06:15:09.360408,0.988,-0.788,1.270,0.643
2025-12-05T06:15:09.397731,0.992,-0.769,1.270,0.643
2025-12-05T06:15:09.428464,0.995,-0.749,1.270,0.643
2025-12-05T06:15:09.461285,0.998,-0.730,1.270,0.643
2025-12-05T06:15:09.492447,1.002,-0.710,1.270,0.643
2025-12-05T06:15:09.524741,1.005,-0.691,1.270,0.643
2025-12-05T06:15:09.556639,1.008,-0.671,1.270,0.643
2025-12-05T06:15:09.590339,1.012,-0.652,1.270,0.643
2025-12-05T06:15:09.622222,1.015,-0.632,1.270,0.643
2025-12-05T06:15:09.668703,1.019,-0.613,1.270,0.643
2025-12-05T06:15:09.695627,1.022,-0.593,1.270,0.643
2025-12-05T06:15:09.726092,1.025,-0.573,1.270,0.643
2025-12-05T06:15:09.761253,1.029,-0.553,1.270,0.643
2025-12-05T06:15:09.793894,1.032,-0.533,1.270,0.643
2025-12-05T06:15:09.819268,1.036,-0.514,1.270,0.643
2025-12-05T06:15:09.848729,1.039,-0.494,1.270,0.643
2025-12-05T06:15:09.881120,1.043,-0.474,1.270,0.643
2025-12-05T06:15:09.914080,1.046,-0.454,1.270,0.643
2025-12-05T06:15:09.948564,1.050,-0.434,1.270,0.643
2025-12-05T06:15:09.982497,1.053,-0.414,1.270,0.643
2025-12-05T06:15:10.015690,1.057,-0.394,1.270,0.643
2025-12-05T06:15:10.049415,1.060,-0.374,1.270,0.643
2025-12-05T06:15:10.081932,1.063,-0.354,1.270,0.643
2025-12-05T06:15:10.115787,1.067,-0.334,1.270,0.643
2025-12-05T06:15:10.151319,1.070,-0.314,1.270,0.643
2025-12-05T06:15:10.179721,1.074,-0.294,1.270,0.643
2025-12-05T06:15:10.211936,1.077,-0.274,1.270,0.643
2025-12-05T06:15:10.244349,1.081,-0.254,1.270,0.643
2025-12-05T06:15:10.275850,1.085,-0.234,1.270,0.643
2025-12-05T06:15:10.317928,1.088,-0.214,1.270,0.643
2025-12-05T06:15:10.343610,1.092,-0.194,1.270,0.643
2025-12-05T06:15:10.375763,1.095,-0.174,1.270,0.643
2025-12-05T06:15:10.408805,1.099,-0.154,1.270,0.643
2025-12-05T06:15:10.441882,1.102,-0.134,1.270,0.643
2025-12-05T06:15:10.468687,1.106,-0.114,1.270,0.643
2025-12-05T06:15:10.503409,1.109,-0.094,1.270,0.643
2025-12-05T06:15:10.536474,1.113,-0.074,1.270,0.643
2025-12-05T06:15:10.569679,1.116,-0.053,1.270,0.643
2025-12-05T06:15:10.602526,1.120,-0.033,1.270,0.643
2025-12-05T06:15:10.636061,1.123,-0.013,1.270,0.643
2025-12-05T06:15:10.667584,1.127,0.007,1.270,0.643
2025-12-05T06:15:10.699685,1.130,0.027,1.270,0.643
2025-12-05T06:15:10.728923,1.134,0.047,1.270,0.643
2025-12-05T06:15:10.758954,1.137,0.067,1.270,0.643
2025-12-05T06:15:10.793122,1.141,0.088,1.270,0.643
2025-12-05T06:15:10.824635,1.144,0.108,1.270,0.643
2025-12-05T06:15:10.859995,1.148,0.128,1.270,0.643
2025-12-05T06:15:10.889752,1.152,0.148,1.270,0.643
2025-12-05T06:15:10.920478,1.155,0.168,1.270,0.643
2025-12-05T06:15:10.953544,1.159,0.188,1.270,0.643
2025-12-05T06:15:10.982187,1.162,0.208,1.270,0.643
2025-12-05T06:15:11.015576,1.166,0.229,1.270,0.643
2025-12-05T06:15:11.049594,1.169,0.249,1.270,0.643
2025-12-05T06:15:11.081534,1.173,0.269,1.270,0.643
2025-12-05T06:15:11.117794,1.176,0.289,1.270,0.643
2025-12-05T06:15:11.153728,1.180,0.309,1.270,0.643
2025-12-05T06:15:11.184876,1.183,0.329,1.270,0.643
2025-12-05T06:15:11.215701,1.187,0.350,1.270,0.643
2025-12-05T06:15:11.247178,1.191,0.370,1.270,0.643
2025-12-05T06:15:11.277105,1.194,0.390,1.270,0.643
2025-12-05T06:15:11.309232,1.198,0.410,1.270,0.643
2025-12-05T06:15:11.340217,1.201,0.430,1.270,0.643
2025-12-05T06:15:11.371616,1.205,0.451,1.270,0.643
2025-12-05T06:15:11.409604,1.208,0.471,1.270,0.643
2025-12-05T06:15:11.439997,1.212,0.491,1.270,0.643
2025-12-05T06:15:11.472087,1.215,0.511,1.270,0.643
2025-12-05T06:15:11.503659,1.219,0.531,1.270,0.643
2025-12-05T06:15:11.536150,1.222,0.551,1.270,0.643
2025-12-05T06:15:11.568125,1.226,0.572,1.270,0.643
2025-12-05T06:15:11.599447,1.230,0.592,1.270,0.643
2025-12-05T06:15:11.633569,1.233,0.612,1.270,0.643
2025-12-05T06:15:11.667469,1.237,0.632,1.270,0.643
2025-12-05T06:15:11.699602,1.240,0.652,1.270,0.643
2025-12-05T06:15:11.730621,1.244,0.673,1.270,0.643
2025-12-05T06:15:11.764210,1.247,0.693,1.270,0.643
2025-12-05T06:15:11.795017,1.251,0.713,1.270,0.643
2025-12-05T06:15:11.828352,1.254,0.733,1.270,0.643
2025-12-05T06:15:11.864869,1.258,0.753,1.270,0.643
2025-12-05T06:15:11.892800,1.262,0.774,1.270,0.643
2025-12-05T06:15:11.924683,1.265,0.794,1.270,0.643
2025-12-05T06:15:11.955890,1.269,0.814,1.270,0.643
2025-12-05T06:15:11.988008,1.272,0.834,1.270,0.643
2025-12-05T06:15:12.018459,1.276,0.854,1.270,0.643
2025-12-05T06:15:12.052543,1.279,0.875,1.270,0.643
2025-12-05T06:15:12.085741,1.283,0.895,1.270,0.643
2025-12-05T06:15:12.119924,1.286,0.915,1.270,0.643
2025-12-05T06:15:12.155860,1.290,0.935,1.270,0.643
2025-12-05T06:15:12.186796,1.293,0.955,1.270,0.643
2025-12-05T06:15:12.219742,1.297,0.976,1.270,0.643
2025-12-05T06:15:12.251961,1.301,0.996,1.270,0.643
2025-12-05T06:15:12.283848,1.304,1.016,1.270,0.643
2025-12-05T06:15:12.317224,1.308,1.036,1.270,0.643
2025-12-05T06:15:12.353425,1.311,1.056,1.270,0.643
2025-12-05T06:15:12.384825,1.315,1.076,1.270,0.643
2025-12-05T06:15:12.417753,1.318,1.097,1.270,0.643
2025-12-05T06:15:12.453547,1.322,1.117,1.270,0.643
2025-12-05T06:15:12.482036,1.325,1.137,1.270,0.643
2025-12-05T06:15:12.512892,1.329,1.157,1.270,0.643
2025-12-05T06:15:12.545277,1.333,1.177,1.270,0.643
2025-12-05T06:15:12.575360,1.336,1.198,1.270,0.643
2025-12-05T06:15:12.605607,1.340,1.218,1.270,0.643
2025-12-05T06:15:12.637315,1.343,1.238,1.270,0.643
2025-12-05T06:15:12.669730,1.347,1.258,1.270,0.643
2025-12-05T06:15:12.705788,1.350,1.278,1.270,0.643
2025-12-05T06:15:12.739636,1.354,1.299,1.270,0.643
2025-12-05T06:15:12.774966,1.357,1.319,1.270,0.643
2025-12-05T06:15:12.808885,1.361,1.339,1.270,0.643
2025-12-05T06:15:12.836137,1.361,1.342,1.270,0.621
2025-12-05T06:15:12.869462,1.362,1.344,1.270,0.598
2025-12-05T06:15:12.901226,1.362,1.346,1.270,0.574
2025-12-05T06:15:12.931889,1.363,1.348,1.270,0.551
2025-12-05T06:15:12.962729,1.363,1.350,1.270,0.526
2025-12-05T06:15:12.995258,1.363,1.352,1.270,0.502
2025-12-05T06:15:13.026558,1.364,1.354,1.270,0.477
2025-12-05T06:15:13.062098,1.364,1.355,1.270,0.451
2025-12-05T06:15:13.093071,1.364,1.357,1.270,0.425
2025-12-05T06:15:13.124905,1.364,1.358,1.270,0.399
2025-12-05T06:15:13.157979,1.365,1.360,1.270,0.372
2025-12-05T06:15:13.190234,1.365,1.361,1.270,0.346
2025-12-05T06:15:13.223322,1.365,1.362,1.270,0.318
2025-12-05T06:15:13.256607,1.365,1.363,1.270,0.291
2025-12-05T06:15:13.290678,1.365,1.364,1.270,0.263
2025-12-05T06:15:13.324362,1.365,1.365,1.270,0.235
2025-12-05T06:15:13.357257,1.366,1.366,1.270,0.207
2025-12-05T06:15:13.386903,1.366,1.367,1.270,0.179
2025-12-05T06:15:13.420462,1.366,1.368,1.270,0.151
2025-12-05T06:15:13.451383,1.366,1.368,1.270,0.122
2025-12-05T06:15:13.483414,1.366,1.369,1.270,0.093
2025-12-05T06:15:13.513982,1.366,1.370,1.270,0.065
2025-12-05T06:15:13.551589,1.366,1.370,1.270,0.036
2025-12-05T06:15:13.583591,1.366,1.371,1.270,0.007
2025-12-05T06:15:13.615848,1.367,1.371,1.270,-0.022
2025-12-05T06:15:13.647887,1.367,1.372,1.270,-0.050
2025-12-05T06:15:13.678756,1.367,1.372,1.270,-0.079
2025-12-05T06:15:13.704918,1.385,1.370,1.270,-0.079
2025-12-05T06:15:13.740925,1.402,1.367,1.270,-0.079
2025-12-05T06:15:13.773214,1.421,1.365,1.270,-0.079
2025-12-05T06:15:13.808702,1.439,1.362,1.270,-0.079
2025-12-05T06:15:13.840490,1.457,1.360,1.270,-0.079
2025-12-05T06:15:13.870655,1.476,1.357,1.270,-0.079
2025-12-05T06:15:13.906025,1.494,1.354,1.270,-0.079
2025-12-05T06:15:13.933761,1.513,1.352,1.270,-0.079
2025-12-05T06:15:13.967227,1.532,1.349,1.270,-0.079
2025-12-05T06:15:14.000767,1.550,1.346,1.270,-0.079
2025-12-05T06:15:14.036180,1.569,1.343,1.270,-0.079
2025-12-05T06:15:14.067223,1.589,1.341,1.270,-0.079
2025-12-05T06:15:14.101001,1.608,1.338,1.270,-0.079
2025-12-05T06:15:14.133383,1.627,1.335,1.270,-0.079
2025-12-05T06:15:14.160803,1.646,1.332,1.270,-0.079
2025-12-05T06:15:14.192576,1.665,1.329,1.270,-0.079
2025-12-05T06:15:14.224781,1.685,1.326,1.270,-0.079
2025-12-05T06:15:14.257677,1.704,1.323,1.270,-0.079
2025-12-05T06:15:14.294601,1.724,1.320,1.270,-0.079
2025-12-05T06:15:14.330165,1.743,1.317,1.270,-0.079
2025-12-05T06:15:14.365883,1.763,1.314,1.270,-0.079
2025-12-05T06:15:14.405215,1.783,1.311,1.270,-0.079
2025-12-05T06:15:14.430645,1.802,1.308,1.270,-0.079
2025-12-05T06:15:14.461972,1.822,1.305,1.270,-0.079
2025-12-05T06:15:14.492689,1.842,1.302,1.270,-0.079
2025-12-05T06:15:14.520154,1.861,1.299,1.270,-0.079
2025-12-05T06:15:14.553380,1.881,1.296,1.270,-0.079
2025-12-05T06:15:14.585371,1.901,1.293,1.270,-0.079
2025-12-05T06:15:14.618348,1.921,1.289,1.270,-0.079
2025-12-05T06:15:14.649634,1.941,1.286,1.270,-0.079
2025-12-05T06:15:14.683029,1.961,1.283,1.270,-0.079
2025-12-05T06:15:14.717519,1.981,1.280,1.270,-0.079
2025-12-05T06:15:14.753175,2.001,1.277,1.270,-0.079
2025-12-05T06:15:14.786028,2.021,1.274,1.270,-0.079
2025-12-05T06:15:14.817106,2.041,1.271,1.270,-0.079
2025-12-05T06:15:14.851521,2.061,1.268,1.270,-0.079
2025-12-05T06:15:14.882697,2.081,1.264,1.270,-0.079
2025-12-05T06:15:14.914232,2.101,1.261,1.270,-0.079
2025-12-05T06:15:14.947769,2.121,1.258,1.270,-0.079
2025-12-05T06:15:14.978172,2.141,1.255,1.270,-0.079
2025-12-05T06:15:15.008215,2.161,1.252,1.270,-0.079
2025-12-05T06:15:15.040447,2.181,1.249,1.270,-0.079
2025-12-05T06:15:15.072853,2.201,1.245,1.270,-0.079
2025-12-05T06:15:15.104164,2.221,1.242,1.270,-0.079
2025-12-05T06:15:15.135449,2.241,1.239,1.270,-0.079
2025-12-05T06:15:15.168515,2.261,1.236,1.270,-0.079
2025-12-05T06:15:15.201383,2.282,1.233,1.270,-0.079
2025-12-05T06:15:15.231642,2.302,1.229,1.270,-0.079
2025-12-05T06:15:15.264620,2.322,1.226,1.270,-0.079
2025-12-05T06:15:15.297533,2.342,1.223,1.270,-0.079
2025-12-05T06:15:15.330614,2.362,1.220,1.270,-0.079
2025-12-05T06:15:15.363514,2.382,1.217,1.270,-0.079
2025-12-05T06:15:15.397703,2.402,1.213,1.270,-0.079
2025-12-05T06:15:15.429237,2.423,1.210,1.270,-0.079
2025-12-05T06:15:15.460157,2.443,1.207,1.270,-0.079
2025-12-05T06:15:15.494086,2.463,1.204,1.270,-0.079
2025-12-05T06:15:15.525676,2.483,1.201,1.270,-0.079
2025-12-05T06:15:15.559946,2.503,1.197,1.270,-0.079
2025-12-05T06:15:15.593463,2.523,1.194,1.270,-0.079
2025-12-05T06:15:15.626957,2.542,1.192,1.270,-0.079
2025-12-05T06:15:15.663940,2.560,1.191,1.270,-0.079
2025-12-05T06:15:15.692863,2.579,1.190,1.270,-0.079
2025-12-05T06:15:15.724610,2.597,1.190,1.270,-0.079
2025-12-05T06:15:15.756945,2.615,1.191,1.270,-0.079
2025-12-05T06:15:15.785248,2.633,1.192,1.270,-0.079
2025-12-05T06:15:15.815522,2.650,1.195,1.270,-0.079
2025-12-05T06:15:15.848089,2.668,1.199,1.270,-0.079
2025-12-05T06:15:15.878753,2.686,1.203,1.270,-0.079
2025-12-05T06:15:15.908889,2.704,1.208,1.270,-0.079
2025-12-05T06:15:15.944178,2.722,1.214,1.270,-0.079
2025-12-05T06:15:15.979824,2.740,1.220,1.270,-0.079
2025-12-05T06:15:16.014335,2.759,1.225,1.270,-0.079
2025-12-05T06:15:16.046149,2.777,1.231,1.270,-0.079
2025-12-05T06:15:16.076803,2.796,1.236,1.270,-0.079
2025-12-05T06:15:16.107259,2.815,1.241,1.270,-0.079
2025-12-05T06:15:16.141361,2.834,1.245,1.270,-0.079
2025-12-05T06:15:16.172336,2.853,1.249,1.270,-0.079
2025-12-05T06:15:16.204727,2.872,1.253,1.270,-0.079
2025-12-05T06:15:16.241980,2.891,1.256,1.270,-0.079
2025-12-05T06:15:16.273738,2.911,1.258,1.270,-0.079
2025-12-05T06:15:16.305218,2.930,1.261,1.270,-0.079
2025-12-05T06:15:16.338433,2.949,1.263,1.270,-0.079
2025-12-05T06:15:16.369360,2.969,1.264,1.270,-0.079
2025-12-05T06:15:16.401919,2.988,1.265,1.270,-0.079
2025-12-05T06:15:16.436408,3.008,1.266,1.270,-0.079
2025-12-05T06:15:16.468886,3.027,1.267,1.270,-0.079
2025-12-05T06:15:16.504716,3.047,1.267,1.270,-0.079
2025-12-05T06:15:16.536173,3.067,1.268,1.270,-0.079
2025-12-05T06:15:16.568376,3.086,1.268,1.270,-0.079
2025-12-05T06:15:16.600339,3.106,1.267,1.270,-0.079
2025-12-05T06:15:16.629901,3.126,1.267,1.270,-0.079
2025-12-05T06:15:16.660325,3.146,1.266,1.270,-0.079
2025-12-05T06:15:16.692760,3.166,1.266,1.270,-0.079
2025-12-05T06:15:16.724982,3.186,1.265,1.270,-0.079
2025-12-05T06:15:16.759379,3.205,1.264,1.270,-0.079
2025-12-05T06:15:16.797238,3.225,1.263,1.270,-0.079
2025-12-05T06:15:16.826937,3.245,1.261,1.270,-0.079
2025-12-05T06:15:16.860377,3.265,1.260,1.270,-0.079
2025-12-05T06:15:16.892815,3.285,1.258,1.270,-0.079
2025-12-05T06:15:16.921410,3.305,1.257,1.270,-0.079
2025-12-05T06:15:16.956465,3.325,1.255,1.270,-0.079
2025-12-05T06:15:16.985332,3.345,1.253,1.270,-0.079
2025-12-05T06:15:17.019587,3.365,1.251,1.270,-0.079
2025-12-05T06:15:17.051499,3.385,1.249,1.270,-0.079
2025-12-05T06:15:17.081954,3.405,1.247,1.270,-0.079
2025-12-05T06:15:17.117649,3.425,1.245,1.270,-0.079
2025-12-05T06:15:17.151088,3.445,1.242,1.270,-0.079
2025-12-05T06:15:17.184837,3.465,1.240,1.270,-0.079
2025-12-05T06:15:17.217000,3.485,1.238,1.270,-0.079
2025-12-05T06:15:17.245487,3.506,1.236,1.270,-0.079
2025-12-05T06:15:17.276691,3.526,1.233,1.270,-0.079
2025-12-05T06:15:17.310344,3.546,1.231,1.270,-0.079
2025-12-05T06:15:17.340863,3.566,1.228,1.270,-0.079
2025-12-05T06:15:17.373757,3.586,1.226,1.270,-0.079
2025-12-05T06:15:17.408851,3.606,1.223,1.270,-0.079
2025-12-05T06:15:17.445366,3.626,1.221,1.270,-0.079
2025-12-05T06:15:17.478491,3.646,1.218,1.270,-0.079
2025-12-05T06:15:17.512167,3.666,1.215,1.270,-0.079
2025-12-05T06:15:17.542968,3.687,1.212,1.270,-0.079
2025-12-05T06:15:17.575200,3.707,1.210,1.270,-0.079
2025-12-05T06:15:17.609369,3.727,1.207,1.270,-0.079
2025-12-05T06:15:17.641299,3.747,1.204,1.270,-0.079
2025-12-05T06:15:17.672356,3.767,1.201,1.270,-0.079
2025-12-05T06:15:17.703265,3.787,1.198,1.270,-0.079
2025-12-05T06:15:17.735091,3.808,1.196,1.270,-0.079
2025-12-05T06:15:17.769374,3.828,1.193,1.270,-0.079
2025-12-05T06:15:17.803652,3.848,1.190,1.270,-0.079
2025-12-05T06:15:17.838457,3.868,1.187,1.270,-0.079
2025-12-05T06:15:17.869674,3.888,1.184,1.270,-0.079
2025-12-05T06:15:17.902010,3.909,1.181,1.270,-0.079
2025-12-05T06:15:17.933405,3.929,1.178,1.270,-0.079
2025-12-05T06:15:17.963626,3.949,1.175,1.270,-0.079
2025-12-05T06:15:17.997301,3.969,1.172,1.270,-0.079
2025-12-05T06:15:18.027272,3.990,1.169,1.270,-0.079
2025-12-05T06:15:18.061302,4.010,1.166,1.270,-0.079
2025-12-05T06:15:18.095091,4.030,1.163,1.270,-0.079
2025-12-05T06:15:18.127614,4.050,1.159,1.270,-0.079
2025-12-05T06:15:18.162735,4.070,1.156,1.270,-0.079
2025-12-05T06:15:18.198667,4.091,1.153,1.270,-0.079
2025-12-05T06:15:18.237205,4.111,1.150,1.270,-0.079
2025-12-05T06:15:18.263597,4.131,1.147,1.270,-0.079
2025-12-05T06:15:18.297774,4.151,1.144,1.270,-0.079
2025-12-05T06:15:18.324179,4.172,1.141,1.270,-0.079
2025-12-05T06:15:18.352722,4.192,1.138,1.270,-0.079
2025-12-05T06:15:18.384793,4.212,1.134,1.270,-0.079
2025-12-05T06:15:18.417206,4.232,1.131,1.270,-0.079
2025-12-05T06:15:18.448902,4.252,1.128,1.270,-0.079
2025-12-05T06:15:18.483012,4.273,1.125,1.270,-0.079
2025-12-05T06:15:18.518971,4.293,1.122,1.270,-0.079
2025-12-05T06:15:18.555404,4.313,1.119,1.270,-0.079
2025-12-05T06:15:18.587510,4.333,1.116,1.270,-0.079
2025-12-05T06:15:18.619663,4.354,1.112,1.270,-0.079
2025-12-05T06:15:18.651249,4.374,1.109,1.270,-0.079
2025-12-05T06:15:18.681483,4.394,1.106,1.270,-0.079
2025-12-05T06:15:18.709181,4.414,1.103,1.270,-0.079
2025-12-05T06:15:18.742172,4.435,1.100,1.270,-0.079
2025-12-05T06:15:18.777324,4.455,1.096,1.270,-0.079
2025-12-05T06:15:18.810643,4.457,1.096,1.270,-0.108
2025-12-05T06:15:18.847788,4.460,1.096,1.270,-0.136
2025-12-05T06:15:18.882628,4.462,1.095,1.270,-0.165
2025-12-05T06:15:18.916498,4.464,1.095,1.270,-0.193
2025-12-05T06:15:18.947819,4.466,1.095,1.270,-0.221
2025-12-05T06:15:18.980432,4.468,1.095,1.270,-0.249
2025-12-05T06:15:19.011686,4.470,1.094,1.270,-0.277
2025-12-05T06:15:19.043730,4.471,1.094,1.270,-0.305
2025-12-05T06:15:19.072307,4.473,1.094,1.270,-0.332
2025-12-05T06:15:19.107796,4.474,1.094,1.270,-0.359
2025-12-05T06:15:19.144436,4.475,1.093,1.270,-0.386
2025-12-05T06:15:19.176841,4.477,1.093,1.270,-0.412
2025-12-05T06:15:19.208655,4.478,1.093,1.270,-0.438
2025-12-05T06:15:19.240618,4.479,1.093,1.270,-0.464
2025-12-05T06:15:19.269748,4.480,1.093,1.270,-0.489
2025-12-05T06:15:19.300361,4.481,1.093,1.270,-0.514
2025-12-05T06:15:19.331427,4.482,1.093,1.270,-0.539
2025-12-05T06:15:19.361994,4.483,1.092,1.270,-0.563
2025-12-05T06:15:19.397855,4.483,1.092,1.270,-0.586
2025-12-05T06:15:19.429662,4.484,1.092,1.270,-0.609
2025-12-05T06:15:19.462940,4.485,1.092,1.270,-0.632
2025-12-05T06:15:19.497401,4.485,1.092,1.270,-0.654
2025-12-05T06:15:19.529617,4.486,1.092,1.270,-0.675
2025-12-05T06:15:19.561604,4.487,1.092,1.270,-0.696
2025-12-05T06:15:19.593578,4.487,1.092,1.270,-0.717
2025-12-05T06:15:19.625327,4.488,1.092,1.270,-0.737
2025-12-05T06:15:19.659155,4.488,1.092,1.270,-0.756
2025-12-05T06:15:19.691451,4.488,1.092,1.270,-0.774
2025-12-05T06:15:19.726367,4.485,1.074,1.270,-0.774
2025-12-05T06:15:19.760406,4.482,1.056,1.270,-0.774
2025-12-05T06:15:19.793352,4.479,1.038,1.270,-0.774
2025-12-05T06:15:19.825503,4.475,1.020,1.270,-0.774
2025-12-05T06:15:19.856509,4.472,1.002,1.270,-0.774
2025-12-05T06:15:19.886008,4.469,0.984,1.270,-0.774
2025-12-05T06:15:19.917906,4.465,0.965,1.270,-0.774
2025-12-05T06:15:19.952911,4.462,0.947,1.270,-0.774
2025-12-05T06:15:19.985682,4.458,0.928,1.270,-0.774
2025-12-05T06:15:20.015646,4.455,0.909,1.270,-0.774
2025-12-05T06:15:20.049280,4.451,0.891,1.270,-0.774
2025-12-05T06:15:20.078926,4.447,0.872,1.270,-0.774
2025-12-05T06:15:20.112130,4.444,0.853,1.270,-0.774
2025-12-05T06:15:20.145750,4.440,0.834,1.270,-0.774
2025-12-05T06:15:20.176987,4.436,0.814,1.270,-0.774
2025-12-05T06:15:20.210402,4.432,0.795,1.270,-0.774
2025-12-05T06:15:20.247297,4.429,0.776,1.270,-0.774
2025-12-05T06:15:20.280694,4.425,0.757,1.270,-0.774
2025-12-05T06:15:20.315920,4.421,0.737,1.270,-0.774
2025-12-05T06:15:20.345896,4.417,0.718,1.270,-0.774
2025-12-05T06:15:20.376728,4.413,0.699,1.270,-0.774
2025-12-05T06:15:20.411786,4.410,0.679,1.270,-0.774
2025-12-05T06:15:20.442429,4.406,0.660,1.270,-0.774
2025-12-05T06:15:20.472670,4.402,0.641,1.270,-0.774
2025-12-05T06:15:20.506320,4.398,0.622,1.270,-0.774
2025-12-05T06:15:20.537467,4.398,0.622,1.270,-0.774
2025-12-05T06:15:20.571507,4.398,0.622,1.270,-0.774
2025-12-05T06:15:20.605279,4.398,0.622,1.270,-0.774
2025-12-05T06:15:20.637714,4.398,0.622,1.270,-0.774
2025-12-05T06:15:20.670092,4.398,0.622,1.270,-0.774
2025-12-05T06:15:20.703688,4.398,0.622,1.270,-0.774
2025-12-05T06:15:20.732938,4.398,0.622,1.270,-0.774
2025-12-05T06:15:20.766457,4.398,0.622,1.270,-0.774
2025-12-05T06:15:20.800560,4.398,0.622,1.270,-0.774
2025-12-05T06:15:20.833836,4.398,0.622,1.270,-0.774
2025-12-05T06:15:20.865714,4.398,0.622,1.270,-0.774
2025-12-05T06:15:20.899899,4.398,0.622,1.270,-0.774
2025-12-05T06:15:20.931993,4.398,0.622,1.270,-0.774
2025-12-05T06:15:20.963150,4.398,0.622,1.270,-0.774
2025-12-05T06:15:20.995276,4.398,0.622,1.270,-0.774
2025-12-05T06:15:21.026953,4.398,0.622,1.270,-0.774
2025-12-05T06:15:21.059299,4.398,0.622,1.270,-0.774
2025-12-05T06:15:21.092030,4.398,0.622,1.270,-0.774
2025-12-05T06:15:21.126095,4.398,0.622,1.270,-0.774
2025-12-05T06:15:21.158829,4.398,0.622,1.270,-0.774
2025-12-05T06:15:21.190469,4.398,0.622,1.270,-0.774
2025-12-05T06:15:21.223907,4.398,0.622,1.270,-0.774
2025-12-05T06:15:21.257136,4.398,0.622,1.270,-0.774
2025-12-05T06:15:21.284819,4.398,0.622,1.270,-0.774
2025-12-05T06:15:21.317576,4.398,0.622,1.270,-0.774
2025-12-05T06:15:21.350600,4.398,0.622,1.270,-0.774
2025-12-05T06:15:21.382900,4.398,0.622,1.270,-0.774
2025-12-05T06:15:21.417420,4.398,0.622,1.270,-0.774
2025-12-05T06:15:21.448831,4.398,0.622,1.270,-0.774
2025-12-05T06:15:21.480997,4.398,0.622,1.270,-0.774
2025-12-05T06:15:21.511611,4.398,0.622,1.270,-0.774
2025-12-05T06:15:21.544382,4.398,0.622,1.270,-0.774
2025-12-05T06:15:21.574035,4.398,0.622,1.270,-0.774
2025-12-05T06:15:21.603381,4.398,0.622,1.270,-0.774
2025-12-05T06:15:21.637122,4.398,0.622,1.270,-0.774
2025-12-05T06:15:21.672964,4.398,0.622,1.270,-0.774
2025-12-05T06:15:21.704567,4.398,0.622,1.270,-0.774
2025-12-05T06:15:21.742191,4.398,0.622,1.270,-0.774
2025-12-05T06:15:21.776185,4.398,0.622,1.270,-0.774
2025-12-05T06:15:21.805035,4.398,0.622,1.270,-0.774
2025-12-05T06:15:21.837486,4.398,0.622,1.270,-0.774
2025-12-05T06:15:21.869764,4.398,0.622,1.270,-0.774
2025-12-05T06:15:21.896383,4.398,0.622,1.270,-0.774
2025-12-05T06:15:21.928384,4.398,0.622,1.270,-0.774
2025-12-05T06:15:21.958851,4.398,0.622,1.270,-0.774
2025-12-05T06:15:21.991522,4.398,0.622,1.270,-0.774
2025-12-05T06:15:22.027001,4.398,0.622,1.270,-0.774
2025-12-05T06:15:22.059538,4.398,0.622,1.270,-0.774
2025-12-05T06:15:22.092914,4.398,0.622,1.270,-0.774
2025-12-05T06:15:22.126240,4.398,0.622,1.270,-0.774
2025-12-05T06:15:22.159546,4.398,0.622,1.270,-0.774
2025-12-05T06:15:22.192691,4.398,0.622,1.270,-0.774
2025-12-05T06:15:22.224318,4.398,0.622,1.270,-0.774
2025-12-05T06:15:22.256403,4.398,0.622,1.270,-0.774
2025-12-05T06:15:22.286209,4.398,0.622,1.270,-0.774
2025-12-05T06:15:22.322558,4.398,0.622,1.270,-0.774
2025-12-05T06:15:22.356066,4.398,0.622,1.270,-0.774
2025-12-05T06:15:22.387540,4.398,0.622,1.270,-0.774
2025-12-05T06:15:22.420811,4.398,0.622,1.270,-0.774
2025-12-05T06:15:22.453877,4.398,0.622,1.270,-0.774
2025-12-05T06:15:22.486413,4.398,0.622,1.270,-0.774
2025-12-05T06:15:22.516989,4.398,0.622,1.270,-0.774
2025-12-05T06:15:22.551460,4.398,0.622,1.270,-0.774
2025-12-05T06:15:22.580422,4.398,0.622,1.270,-0.774
2025-12-05T06:15:22.611753,4.398,0.622,1.270,-0.774
2025-12-05T06:15:22.648583,4.398,0.622,1.270,-0.774
2025-12-05T06:15:22.680409,4.398,0.622,1.270,-0.774
2025-12-05T06:15:22.712680,4.398,0.622,1.270,-0.774
2025-12-05T06:15:22.744214,4.398,0.622,1.270,-0.774
2025-12-05T06:15:22.775906,4.398,0.622,1.270,-0.774
2025-12-05T06:15:22.810215,4.398,0.622,1.270,-0.774
2025-12-05T06:15:22.843337,4.398,0.622,1.270,-0.774
2025-12-05T06:15:22.872387,4.398,0.622,1.270,-0.774
2025-12-05T06:15:22.909869,4.398,0.622,1.270,-0.774
2025-12-05T06:15:22.947731,4.398,0.622,1.270,-0.774
2025-12-05T06:15:22.973476,4.398,0.622,1.270,-0.774
2025-12-05T06:15:23.004312,4.398,0.622,1.270,-0.774
2025-12-05T06:15:23.037574,4.398,0.622,1.270,-0.774
2025-12-05T06:15:23.067150,4.398,0.622,1.270,-0.774
2025-12-05T06:15:23.102772,4.398,0.622,1.270,-0.774
2025-12-05T06:15:23.134614,4.398,0.622,1.270,-0.774
2025-12-05T06:15:23.167954,4.398,0.622,1.270,-0.774
2025-12-05T06:15:23.202889,4.398,0.622,1.270,-0.774
2025-12-05T06:15:23.234832,4.398,0.622,1.270,-0.774
2025-12-05T06:15:23.266408,4.398,0.622,1.270,-0.774
2025-12-05T06:15:23.298908,4.398,0.622,1.270,-0.774
2025-12-05T06:15:23.327222,4.398,0.622,1.270,-0.774
2025-12-05T06:15:23.359406,4.398,0.622,1.270,-0.774
2025-12-05T06:15:23.389762,4.398,0.622,1.270,-0.774
2025-12-05T06:15:23.429941,4.398,0.622,1.270,-0.774
2025-12-05T06:15:23.460696,4.398,0.622,1.270,-0.774
2025-12-05T06:15:23.493651,4.398,0.622,1.270,-0.774
2025-12-05T06:15:23.526222,4.398,0.622,1.270,-0.774
2025-12-05T06:15:23.558208,4.398,0.622,1.270,-0.774
2025-12-05T06:15:23.590771,4.398,0.622,1.270,-0.774
2025-12-05T06:15:23.626089,4.398,0.622,1.270,-0.774
2025-12-05T06:15:23.652950,4.398,0.622,1.270,-0.774
2025-12-05T06:15:23.685674,4.398,0.622,1.270,-0.774
2025-12-05T06:15:23.717727,4.398,0.622,1.270,-0.774
2025-12-05T06:15:23.752420,4.398,0.622,1.270,-0.774
2025-12-05T06:15:23.784228,4.398,0.622,1.270,-0.774
2025-12-05T06:15:23.816002,4.398,0.622,1.270,-0.774
2025-12-05T06:15:23.848118,4.398,0.622,1.270,-0.774
2025-12-05T06:15:23.879775,4.398,0.622,1.270,-0.774
2025-12-05T06:15:23.911472,4.398,0.622,1.270,-0.774
2025-12-05T06:15:23.944122,4.398,0.622,1.270,-0.774
2025-12-05T06:15:23.978183,4.398,0.622,1.270,-0.774
2025-12-05T06:15:24.012828,4.398,0.622,1.270,-0.774
2025-12-05T06:15:24.048190,4.398,0.622,1.270,-0.774
2025-12-05T06:15:24.081853,4.398,0.622,1.270,-0.774
2025-12-05T06:15:24.115624,4.398,0.622,1.270,-0.774
2025-12-05T06:15:24.146786,4.398,0.622,1.270,-0.774
2025-12-05T06:15:24.177763,4.398,0.622,1.270,-0.774
2025-12-05T06:15:24.207320,4.398,0.622,1.270,-0.774
2025-12-05T06:15:24.240858,4.398,0.622,1.270,-0.774
2025-12-05T06:15:24.272411,4.398,0.622,1.270,-0.774
2025-12-05T06:15:24.307705,4.398,0.622,1.270,-0.774
2025-12-05T06:15:24.340426,4.398,0.622,1.270,-0.774
2025-12-05T06:15:24.372659,4.398,0.622,1.270,-0.774
2025-12-05T06:15:24.403324,4.398,0.622,1.270,-0.774
2025-12-05T06:15:24.436903,4.398,0.622,1.270,-0.774
2025-12-05T06:15:24.467430,4.398,0.622,1.270,-0.774
2025-12-05T06:15:24.502682,4.398,0.622,1.270,-0.774
2025-12-05T06:15:24.540076,4.398,0.622,1.270,-0.774
2025-12-05T06:15:24.563986,4.398,0.622,1.270,-0.774
2025-12-05T06:15:24.596281,4.398,0.622,1.270,-0.774
2025-12-05T06:15:24.626166,4.398,0.622,1.270,-0.774
2025-12-05T06:15:24.659737,4.398,0.622,1.270,-0.774
2025-12-05T06:15:24.692566,4.398,0.622,1.270,-0.774
2025-12-05T06:15:24.724527,4.398,0.622,1.270,-0.774
2025-12-05T06:15:24.759705,4.398,0.622,1.270,-0.774
2025-12-05T06:15:24.791463,4.398,0.622,1.270,-0.774
2025-12-05T06:15:24.823930,4.398,0.622,1.270,-0.774
2025-12-05T06:15:24.856027,4.398,0.622,1.270,-0.774
2025-12-05T06:15:24.887570,4.398,0.622,1.270,-0.774
2025-12-05T06:15:24.920225,4.398,0.622,1.270,-0.774
2025-12-05T06:15:24.952680,4.398,0.622,1.270,-0.774
2025-12-05T06:15:24.988359,4.398,0.622,1.270,-0.774
2025-12-05T06:15:25.022902,4.398,0.622,1.270,-0.774
2025-12-05T06:15:25.053754,4.398,0.622,1.270,-0.774
2025-12-05T06:15:25.084446,4.398,0.622,1.270,-0.774
2025-12-05T06:15:25.117212,4.398,0.622,1.270,-0.774
2025-12-05T06:15:25.151104,4.398,0.622,1.270,-0.774
2025-12-05T06:15:25.184882,4.398,0.622,1.270,-0.774
2025-12-05T06:15:25.215860,4.398,0.622,1.270,-0.774
2025-12-05T06:15:25.250850,4.398,0.622,1.270,-0.774
2025-12-05T06:15:25.282524,4.398,0.622,1.270,-0.774
2025-12-05T06:15:25.315429,4.398,0.622,1.270,-0.774
2025-12-05T06:15:25.346089,4.398,0.622,1.270,-0.774
2025-12-05T06:15:25.381100,4.398,0.622,1.270,-0.774
2025-12-05T06:15:25.405374,4.398,0.622,1.270,-0.774
2025-12-05T06:15:25.436465,4.398,0.622,1.270,-0.774
2025-12-05T06:15:25.469278,4.398,0.622,1.270,-0.774
2025-12-05T06:15:25.502953,4.398,0.622,1.270,-0.774
2025-12-05T06:15:25.533451,4.398,0.622,1.270,-0.774
2025-12-05T06:15:25.568812,4.398,0.622,1.270,-0.774
2025-12-05T06:15:25.603025,4.398,0.622,1.270,-0.774
2025-12-05T06:15:25.635113,4.398,0.622,1.270,-0.774
2025-12-05T06:15:25.667484,4.398,0.622,1.270,-0.774
2025-12-05T06:15:25.700029,4.398,0.622,1.270,-0.774
2025-12-05T06:15:25.730182,4.398,0.622,1.270,-0.774
2025-12-05T06:15:25.774812,4.398,0.622,1.270,-0.774
2025-12-05T06:15:25.799899,4.398,0.622,1.270,-0.774
2025-12-05T06:15:25.829781,4.398,0.622,1.270,-0.774
2025-12-05T06:15:25.858818,4.398,0.622,1.270,-0.774
2025-12-05T06:15:25.887775,4.398,0.622,1.270,-0.774
2025-12-05T06:15:25.915517,4.398,0.622,1.270,-0.774
2025-12-05T06:15:25.948048,4.398,0.622,1.270,-0.774
2025-12-05T06:15:25.978070,4.398,0.622,1.270,-0.774
2025-12-05T06:15:26.011529,4.398,0.622,1.270,-0.774
2025-12-05T06:15:26.044225,4.398,0.622,1.270,-0.774
2025-12-05T06:15:26.075738,4.398,0.622,1.270,-0.774
2025-12-05T06:15:26.112440,4.398,0.622,1.270,-0.774
2025-12-05T06:15:26.144164,4.398,0.622,1.270,-0.774
2025-12-05T06:15:26.176673,4.398,0.622,1.270,-0.774
2025-12-05T06:15:26.211896,4.398,0.622,1.270,-0.774
2025-12-05T06:15:26.244075,4.398,0.622,1.270,-0.774
2025-12-05T06:15:26.275347,4.398,0.622,1.270,-0.774
2025-12-05T06:15:26.304388,4.398,0.622,1.270,-0.774
2025-12-05T06:15:26.336521,4.398,0.622,1.270,-0.774
2025-12-05T06:15:26.370339,4.398,0.622,1.270,-0.774
2025-12-05T06:15:26.403708,4.398,0.622,1.270,-0.774
2025-12-05T06:15:26.440443,4.398,0.622,1.270,-0.774
2025-12-05T06:15:26.472426,4.398,0.622,1.270,-0.774
2025-12-05T06:15:26.502811,4.398,0.622,1.270,-0.774
2025-12-05T06:15:26.535969,4.398,0.622,1.270,-0.774
2025-12-05T06:15:26.567800,4.398,0.622,1.270,-0.774
2025-12-05T06:15:26.598105,4.398,0.622,1.270,-0.774
2025-12-05T06:15:26.631922,4.398,0.622,1.270,-0.774
2025-12-05T06:15:26.664801,4.398,0.622,1.270,-0.774
2025-12-05T06:15:26.698844,4.398,0.622,1.270,-0.774
2025-12-05T06:15:26.731420,4.398,0.622,1.270,-0.774
2025-12-05T06:15:26.765658,4.398,0.622,1.270,-0.774
2025-12-05T06:15:26.800317,4.398,0.622,1.270,-0.774
2025-12-05T06:15:26.829867,4.398,0.622,1.270,-0.774
2025-12-05T06:15:26.860736,4.398,0.622,1.270,-0.774
2025-12-05T06:15:26.891391,4.398,0.622,1.270,-0.774
2025-12-05T06:15:26.922518,4.398,0.622,1.270,-0.774
2025-12-05T06:15:26.952085,4.398,0.622,1.270,-0.774
2025-12-05T06:15:26.984135,4.398,0.622,1.270,-0.774
2025-12-05T06:15:27.018348,4.398,0.622,1.270,-0.774
2025-12-05T06:15:27.051487,4.398,0.622,1.270,-0.774
2025-12-05T06:15:27.084921,4.398,0.622,1.270,-0.774
2025-12-05T06:15:27.117795,4.398,0.622,1.270,-0.774
2025-12-05T06:15:27.149511,4.398,0.622,1.270,-0.774
2025-12-05T06:15:27.179990,4.398,0.622,1.270,-0.774
2025-12-05T06:15:27.215816,4.398,0.622,1.270,-0.774
2025-12-05T06:15:27.246992,4.398,0.622,1.270,-0.774
2025-12-05T06:15:27.281552,4.398,0.622,1.270,-0.774
2025-12-05T06:15:27.315938,4.398,0.622,1.270,-0.774
2025-12-05T06:15:27.347228,4.398,0.622,1.270,-0.774
2025-12-05T06:15:27.376096,4.398,0.622,1.270,-0.774
2025-12-05T06:15:27.410390,4.398,0.622,1.270,-0.774
2025-12-05T06:15:27.445336,4.398,0.622,1.270,-0.774
2025-12-05T06:15:27.476188,4.398,0.622,1.270,-0.774
2025-12-05T06:15:27.510526,4.398,0.622,1.270,-0.774
2025-12-05T06:15:27.542915,4.398,0.622,1.270,-0.774
2025-12-05T06:15:27.574988,4.398,0.622,1.270,-0.774
2025-12-05T06:15:27.607028,4.398,0.622,1.270,-0.774
2025-12-05T06:15:27.636312,4.398,0.622,1.270,-0.774
2025-12-05T06:15:27.666741,4.398,0.622,1.270,-0.774
2025-12-05T06:15:27.698484,4.398,0.622,1.270,-0.774
2025-12-05T06:15:27.730668,4.398,0.622,1.270,-0.774
2025-12-05T06:15:27.764016,4.398,0.622,1.270,-0.774
2025-12-05T06:15:27.799408,4.398,0.622,1.270,-0.774
2025-12-05T06:15:27.833625,4.398,0.622,1.270,-0.774
2025-12-05T06:15:27.874663,4.398,0.622,1.270,-0.774
2025-12-05T06:15:27.896974,4.398,0.622,1.270,-0.774
2025-12-05T06:15:27.924726,4.398,0.622,1.270,-0.774
2025-12-05T06:15:27.956962,4.398,0.622,1.270,-0.774
2025-12-05T06:15:27.988409,4.398,0.622,1.270,-0.774
2025-12-05T06:15:28.020429,4.398,0.622,1.270,-0.774
2025-12-05T06:15:28.056556,4.398,0.622,1.270,-0.774
2025-12-05T06:15:28.088710,4.398,0.622,1.270,-0.774
2025-12-05T06:15:28.119806,4.398,0.622,1.270,-0.774
2025-12-05T06:15:28.153809,4.398,0.622,1.270,-0.774
2025-12-05T06:15:28.184442,4.398,0.622,1.270,-0.774
2025-12-05T06:15:28.217078,4.398,0.622,1.270,-0.774
2025-12-05T06:15:28.250651,4.398,0.622,1.270,-0.774
2025-12-05T06:15:28.283170,4.398,0.622,1.270,-0.774
2025-12-05T06:15:28.317284,4.398,0.622,1.270,-0.774
2025-12-05T06:15:28.350752,4.398,0.622,1.270,-0.774
2025-12-05T06:15:28.382882,4.398,0.622,1.270,-0.774
2025-12-05T06:15:28.415151,4.398,0.622,1.270,-0.774
2025-12-05T06:15:28.447654,4.942,-0.164,1.270,-0.792
2025-12-05T06:15:28.478435,4.942,-0.164,1.270,-0.809
2025-12-05T06:15:28.509398,4.942,-0.164,1.270,-0.826
2025-12-05T06:15:28.539784,4.942,-0.164,1.270,-0.842
2025-12-05T06:15:28.571432,4.942,-0.164,1.270,-0.857
2025-12-05T06:15:28.608032,4.942,-0.164,1.270,-0.872
2025-12-05T06:15:28.640411,4.942,-0.164,1.270,-0.885
2025-12-05T06:15:28.672881,4.942,-0.164,1.270,-0.898
2025-12-05T06:15:28.703241,4.942,-0.164,1.270,-0.911
2025-12-05T06:15:28.733865,4.942,-0.164,1.270,-0.922
2025-12-05T06:15:28.764455,4.942,-0.164,1.270,-0.933
2025-12-05T06:15:28.800918,4.942,-0.164,1.270,-0.943
2025-12-05T06:15:28.831360,4.943,-0.164,1.270,-0.952
2025-12-05T06:15:28.864329,4.943,-0.164,1.270,-0.961
2025-12-05T06:15:28.901346,4.943,-0.164,1.270,-0.968
2025-12-05T06:15:28.932353,4.943,-0.164,1.270,-0.975
2025-12-05T06:15:28.963544,4.944,-0.164,1.270,-0.981
2025-12-05T06:15:28.992355,4.944,-0.164,1.270,-0.986
2025-12-05T06:15:29.022745,4.945,-0.164,1.270,-0.990
2025-12-05T06:15:29.057992,4.945,-0.164,1.270,-0.994
2025-12-05T06:15:29.087256,4.946,-0.164,1.270,-0.997
2025-12-05T06:15:29.121880,4.946,-0.164,1.270,-0.999
2025-12-05T06:15:29.157696,4.946,-0.163,1.270,-1.000
2025-12-05T06:15:29.190912,4.947,-0.163,1.270,1.000
2025-12-05T06:15:29.224281,4.947,-0.163,1.270,0.999
2025-12-05T06:15:29.256251,4.947,-0.163,1.270,0.998
2025-12-05T06:15:29.285681,4.948,-0.163,1.270,0.996
2025-12-05T06:15:29.317566,4.948,-0.163,1.270,0.993
2025-12-05T06:15:29.351790,4.948,-0.163,1.270,0.989
2025-12-05T06:15:29.383702,4.948,-0.163,1.270,0.984
2025-12-05T06:15:29.418853,4.948,-0.163,1.270,0.979
2025-12-05T06:15:29.449861,4.949,-0.163,1.270,0.972
2025-12-05T06:15:29.484562,4.949,-0.163,1.270,0.965
2025-12-05T06:15:29.516038,4.949,-0.163,1.270,0.957
2025-12-05T06:15:29.547667,4.949,-0.163,1.270,0.948
2025-12-05T06:15:29.577400,4.949,-0.163,1.270,0.939
2025-12-05T06:15:29.611250,4.949,-0.163,1.270,0.929
2025-12-05T06:15:29.643538,4.950,-0.163,1.270,0.917
2025-12-05T06:15:29.675438,4.950,-0.163,1.270,0.906
2025-12-05T06:15:29.712250,4.950,-0.163,1.270,0.893
2025-12-05T06:15:29.742170,4.950,-0.163,1.270,0.880
2025-12-05T06:15:29.775932,4.950,-0.163,1.270,0.866
2025-12-05T06:15:29.807783,4.950,-0.163,1.270,0.851
2025-12-05T06:15:29.839972,4.950,-0.163,1.270,0.835
2025-12-05T06:15:29.876669,4.943,-0.146,1.270,0.835
2025-12-05T06:15:29.905038,4.936,-0.130,1.270,0.835
2025-12-05T06:15:29.934886,4.929,-0.113,1.270,0.835
2025-12-05T06:15:29.965125,4.922,-0.096,1.270,0.835
2025-12-05T06:15:29.996684,4.915,-0.079,1.270,0.835
2025-12-05T06:15:30.033098,4.907,-0.062,1.270,0.835
2025-12-05T06:15:30.064181,4.900,-0.045,1.270,0.835
2025-12-05T06:15:30.096797,4.893,-0.027,1.270,0.835
2025-12-05T06:15:30.128493,4.887,-0.010,1.270,0.835
2025-12-05T06:15:30.161406,4.881,0.008,1.270,0.835
2025-12-05T06:15:30.192999,4.875,0.025,1.270,0.835
2025-12-05T06:15:30.223817,4.869,0.043,1.270,0.835
2025-12-05T06:15:30.256379,4.864,0.061,1.270,0.835
2025-12-05T06:15:30.288661,4.858,0.080,1.270,0.835
2025-12-05T06:15:30.325021,4.853,0.098,1.270,0.835
2025-12-05T06:15:30.359539,4.848,0.116,1.270,0.835
2025-12-05T06:15:30.388275,4.843,0.135,1.270,0.835
2025-12-05T06:15:30.421903,4.837,0.153,1.270,0.835
2025-12-05T06:15:30.453428,4.832,0.172,1.270,0.835
2025-12-05T06:15:30.483991,4.827,0.191,1.270,0.835
2025-12-05T06:15:30.518154,4.821,0.210,1.270,0.835
2025-12-05T06:15:30.550699,4.816,0.229,1.270,0.835
2025-12-05T06:15:30.584484,4.811,0.248,1.270,0.835
2025-12-05T06:15:30.618561,4.805,0.266,1.270,0.835
2025-12-05T06:15:30.654683,4.800,0.285,1.270,0.835
2025-12-05T06:15:30.685637,4.794,0.304,1.270,0.835
2025-12-05T06:15:30.715277,4.789,0.324,1.270,0.835
2025-12-05T06:15:30.752431,4.783,0.343,1.270,0.835
2025-12-05T06:15:30.781959,4.778,0.362,1.270,0.835
2025-12-05T06:15:30.811335,4.772,0.381,1.270,0.835
2025-12-05T06:15:30.844215,4.766,0.400,1.270,0.835
2025-12-05T06:15:30.877848,4.761,0.419,1.270,0.835
2025-12-05T06:15:30.909060,4.755,0.438,1.270,0.835
2025-12-05T06:15:30.944286,4.749,0.457,1.270,0.835
2025-12-05T06:15:30.976912,4.742,0.477,1.270,0.835
2025-12-05T06:15:31.006962,4.736,0.496,1.270,0.835
2025-12-05T06:15:31.037023,4.730,0.515,1.270,0.835
2025-12-05T06:15:31.067948,4.723,0.534,1.270,0.835
2025-12-05T06:15:31.100615,4.717,0.553,1.270,0.835
2025-12-05T06:15:31.132553,4.710,0.572,1.270,0.835
2025-12-05T06:15:31.166017,4.703,0.592,1.270,0.835
2025-12-05T06:15:31.201462,4.696,0.611,1.270,0.835
2025-12-05T06:15:31.232937,4.689,0.630,1.270,0.835
2025-12-05T06:15:31.265849,4.682,0.649,1.270,0.835
2025-12-05T06:15:31.297006,4.675,0.668,1.270,0.835
2025-12-05T06:15:31.326212,4.668,0.687,1.270,0.835
2025-12-05T06:15:31.361475,4.661,0.706,1.270,0.835
2025-12-05T06:15:31.394489,4.654,0.725,1.270,0.835
2025-12-05T06:15:31.427974,4.646,0.744,1.270,0.835
2025-12-05T06:15:31.461782,4.639,0.763,1.270,0.835
2025-12-05T06:15:31.495089,4.631,0.782,1.270,0.835
2025-12-05T06:15:31.526892,4.624,0.801,1.270,0.835
2025-12-05T06:15:31.560142,4.616,0.820,1.270,0.835
2025-12-05T06:15:31.592754,4.609,0.839,1.270,0.835
2025-12-05T06:15:31.624435,4.601,0.858,1.270,0.835
2025-12-05T06:15:31.656737,4.594,0.877,1.270,0.835
2025-12-05T06:15:31.687076,4.586,0.895,1.270,0.835
2025-12-05T06:15:31.718937,4.578,0.914,1.270,0.835
2025-12-05T06:15:31.755903,4.571,0.933,1.270,0.835
2025-12-05T06:15:31.792120,4.563,0.952,1.270,0.835
2025-12-05T06:15:31.825175,4.555,0.971,1.270,0.835
2025-12-05T06:15:31.860943,4.547,0.990,1.270,0.835
2025-12-05T06:15:31.889474,4.539,1.009,1.270,0.835
2025-12-05T06:15:31.920573,4.532,1.028,1.270,0.835
2025-12-05T06:15:31.948562,4.524,1.047,1.270,0.835
2025-12-05T06:15:31.978310,4.516,1.066,1.270,0.835
2025-12-05T06:15:32.013372,4.508,1.084,1.270,0.835
2025-12-05T06:15:32.048488,4.500,1.103,1.270,0.835
2025-12-05T06:15:32.082142,4.492,1.122,1.270,0.835
2025-12-05T06:15:32.113684,4.484,1.141,1.270,0.835
2025-12-05T06:15:32.145824,4.476,1.160,1.270,0.835
2025-12-05T06:15:32.175455,4.468,1.179,1.270,0.835
2025-12-05T06:15:32.210124,4.460,1.198,1.270,0.835
2025-12-05T06:15:32.240662,4.453,1.217,1.270,0.835
2025-12-05T06:15:32.273825,4.445,1.235,1.270,0.835
2025-12-05T06:15:32.311024,4.437,1.254,1.270,0.835
2025-12-05T06:15:32.345673,4.429,1.273,1.270,0.835
2025-12-05T06:15:32.379875,4.421,1.292,1.270,0.835
2025-12-05T06:15:32.414257,4.413,1.311,1.270,0.835
2025-12-05T06:15:32.446793,4.405,1.330,1.270,0.835
2025-12-05T06:15:32.477111,4.397,1.349,1.270,0.835
2025-12-05T06:15:32.509921,4.388,1.367,1.270,0.835
2025-12-05T06:15:32.540088,4.380,1.386,1.270,0.835
2025-12-05T06:15:32.570711,4.372,1.405,1.270,0.835
2025-12-05T06:15:32.608645,4.364,1.424,1.270,0.835
2025-12-05T06:15:32.633678,4.356,1.443,1.270,0.835
2025-12-05T06:15:32.666227,4.348,1.462,1.270,0.835
2025-12-05T06:15:32.702677,4.340,1.480,1.270,0.835
2025-12-05T06:15:32.735908,4.332,1.499,1.270,0.835
2025-12-05T06:15:32.768857,4.324,1.518,1.270,0.835
2025-12-05T06:15:32.800664,4.316,1.537,1.270,0.835
2025-12-05T06:15:32.830122,4.308,1.556,1.270,0.835
2025-12-05T06:15:32.893067,4.300,1.575,1.270,0.835
2025-12-05T06:15:32.928963,4.292,1.594,1.270,0.835
2025-12-05T06:15:32.958408,4.284,1.612,1.270,0.835
2025-12-05T06:15:32.993404,4.276,1.631,1.270,0.835
2025-12-05T06:15:33.017686,4.268,1.650,1.270,0.835
2025-12-05T06:15:33.048727,4.259,1.669,1.270,0.835
2025-12-05T06:15:33.080273,4.251,1.688,1.270,0.835
2025-12-05T06:15:33.113655,4.243,1.707,1.270,0.835
2025-12-05T06:15:33.145449,4.235,1.725,1.270,0.835
2025-12-05T06:15:33.177549,4.227,1.744,1.270,0.835
2025-12-05T06:15:33.210694,4.219,1.763,1.270,0.835
2025-12-05T06:15:33.242511,4.211,1.782,1.270,0.835
2025-12-05T06:15:33.272688,4.203,1.801,1.270,0.835
2025-12-05T06:15:33.304806,4.195,1.820,1.270,0.835
2025-12-05T06:15:33.337207,4.187,1.838,1.270,0.835
2025-12-05T06:15:33.366535,4.179,1.857,1.270,0.835
2025-12-05T06:15:33.401453,4.170,1.876,1.270,0.835
2025-12-05T06:15:33.432876,4.162,1.895,1.270,0.835
2025-12-05T06:15:33.465726,4.154,1.914,1.270,0.835
2025-12-05T06:15:33.502954,4.146,1.933,1.270,0.835
2025-12-05T06:15:33.537569,4.138,1.951,1.270,0.835
2025-12-05T06:15:33.568007,4.130,1.970,1.270,0.835
2025-12-05T06:15:33.597983,4.122,1.989,1.270,0.835
2025-12-05T06:15:33.627404,4.114,2.008,1.270,0.835
2025-12-05T06:15:33.659644,4.106,2.027,1.270,0.835
2025-12-05T06:15:33.690026,4.098,2.046,1.270,0.835
2025-12-05T06:15:33.720454,4.089,2.065,1.270,0.835
2025-12-05T06:15:33.758271,4.081,2.083,1.270,0.835
2025-12-05T06:15:33.781804,4.073,2.102,1.270,0.835
2025-12-05T06:15:33.813064,4.065,2.121,1.270,0.835
2025-12-05T06:15:33.845123,4.057,2.140,1.270,0.835
2025-12-05T06:15:33.877803,4.049,2.159,1.270,0.835
2025-12-05T06:15:33.910550,4.041,2.178,1.270,0.835
2025-12-05T06:15:33.944824,4.033,2.196,1.270,0.835
2025-12-05T06:15:33.976738,4.025,2.215,1.270,0.835
2025-12-05T06:15:34.006936,4.016,2.234,1.270,0.835
2025-12-05T06:15:34.037323,4.008,2.253,1.270,0.835
2025-12-05T06:15:34.069517,4.000,2.272,1.270,0.835
2025-12-05T06:15:34.107536,3.992,2.291,1.270,0.835
2025-12-05T06:15:34.140534,3.984,2.309,1.270,0.835
2025-12-05T06:15:34.175027,3.976,2.328,1.270,0.835
2025-12-05T06:15:34.208756,3.968,2.347,1.270,0.835
2025-12-05T06:15:34.239827,3.960,2.366,1.270,0.835
2025-12-05T06:15:34.270284,3.952,2.385,1.270,0.835
2025-12-05T06:15:34.300590,3.943,2.404,1.270,0.835
2025-12-05T06:15:34.339411,3.935,2.422,1.270,0.835
2025-12-05T06:15:34.364769,3.927,2.441,1.270,0.835
2025-12-05T06:15:34.397886,3.919,2.460,1.270,0.835
2025-12-05T06:15:34.429816,3.911,2.479,1.270,0.835
2025-12-05T06:15:34.463216,3.903,2.498,1.270,0.835
2025-12-05T06:15:34.498924,3.895,2.517,1.270,0.835
2025-12-05T06:15:34.533868,3.887,2.535,1.270,0.835
2025-12-05T06:15:34.592305,3.879,2.554,1.270,0.835
2025-12-05T06:15:34.634272,3.870,2.573,1.270,0.835
2025-12-05T06:15:34.673437,3.862,2.592,1.270,0.835
2025-12-05T06:15:34.700046,3.854,2.611,1.270,0.835
2025-12-05T06:15:34.729008,3.846,2.630,1.270,0.835
2025-12-05T06:15:34.758469,3.838,2.648,1.270,0.835
2025-12-05T06:15:34.784766,3.830,2.667,1.270,0.835
2025-12-05T06:15:34.820693,3.822,2.686,1.270,0.835
2025-12-05T06:15:34.852369,3.814,2.705,1.270,0.835
2025-12-05T06:15:34.885829,3.806,2.724,1.270,0.835
2025-12-05T06:15:34.917360,3.797,2.743,1.270,0.835
2025-12-05T06:15:34.949878,3.789,2.761,1.270,0.835
2025-12-05T06:15:34.984072,3.781,2.780,1.270,0.835
2025-12-05T06:15:35.016719,3.773,2.799,1.270,0.835
2025-12-05T06:15:35.051448,3.765,2.818,1.270,0.835
2025-12-05T06:15:35.084115,3.757,2.837,1.270,0.835
2025-12-05T06:15:35.117038,3.749,2.856,1.270,0.835
2025-12-05T06:15:35.148744,3.741,2.874,1.270,0.835
2025-12-05T06:15:35.177716,3.733,2.893,1.270,0.835
2025-12-05T06:15:35.210533,3.724,2.912,1.270,0.835
2025-12-05T06:15:35.244989,3.716,2.931,1.270,0.835
2025-12-05T06:15:35.273857,3.708,2.950,1.270,0.835
2025-12-05T06:15:35.306172,3.700,2.969,1.270,0.835
2025-12-05T06:15:35.344494,3.692,2.987,1.270,0.835
2025-12-05T06:15:35.378200,3.684,3.006,1.270,0.835
2025-12-05T06:15:35.405697,3.676,3.025,1.270,0.835
2025-12-05T06:15:35.436706,3.668,3.044,1.270,0.835
2025-12-05T06:15:35.467394,3.660,3.063,1.270,0.835
2025-12-05T06:15:35.501550,3.651,3.082,1.270,0.835
2025-12-05T06:15:35.533176,3.643,3.100,1.270,0.835
2025-12-05T06:15:35.565542,3.635,3.119,1.270,0.835
2025-12-05T06:15:35.600084,3.627,3.138,1.270,0.835
2025-12-05T06:15:35.633606,3.619,3.157,1.270,0.835
2025-12-05T06:15:35.668482,3.611,3.176,1.270,0.835
2025-12-05T06:15:35.704874,3.603,3.195,1.270,0.835
2025-12-05T06:15:35.735571,3.595,3.213,1.270,0.835
2025-12-05T06:15:35.768117,3.587,3.232,1.270,0.835
2025-12-05T06:15:35.796214,3.578,3.251,1.270,0.835
2025-12-05T06:15:35.825992,3.570,3.270,1.270,0.835
2025-12-05T06:15:35.860776,3.562,3.289,1.270,0.835
2025-12-05T06:15:35.889579,3.554,3.308,1.270,0.835
2025-12-05T06:15:35.920404,3.546,3.326,1.270,0.835
2025-12-05T06:15:35.955319,3.538,3.345,1.270,0.835
2025-12-05T06:15:35.989454,3.530,3.364,1.270,0.835
2025-12-05T06:15:36.021614,3.522,3.383,1.270,0.835
2025-12-05T06:15:36.053425,3.514,3.402,1.270,0.835
2025-12-05T06:15:36.083880,3.505,3.421,1.270,0.835
2025-12-05T06:15:36.116858,3.497,3.439,1.270,0.835
2025-12-05T06:15:36.149737,3.489,3.458,1.270,0.835
2025-12-05T06:15:36.180774,3.481,3.477,1.270,0.835
2025-12-05T06:15:36.215790,3.473,3.496,1.270,0.835
2025-12-05T06:15:36.248465,3.465,3.515,1.270,0.835
2025-12-05T06:15:36.281378,3.457,3.534,1.270,0.835
2025-12-05T06:15:36.313269,3.449,3.552,1.270,0.835
2025-12-05T06:15:36.345773,3.448,3.555,1.270,0.851
2025-12-05T06:15:36.374651,3.447,3.557,1.270,0.866
2025-12-05T06:15:36.405185,3.446,3.559,1.270,0.880
2025-12-05T06:15:36.437784,3.445,3.561,1.270,0.893
2025-12-05T06:15:36.469610,3.444,3.563,1.270,0.906
2025-12-05T06:15:36.504019,3.443,3.565,1.270,0.917
2025-12-05T06:15:36.536334,3.443,3.566,1.270,0.929
2025-12-05T06:15:36.567602,3.442,3.568,1.270,0.939
2025-12-05T06:15:36.601147,3.441,3.569,1.270,0.948
2025-12-05T06:15:36.632880,3.441,3.570,1.270,0.957
2025-12-05T06:15:36.673407,3.440,3.572,1.270,0.965
2025-12-05T06:15:36.703641,3.440,3.573,1.270,0.972
2025-12-05T06:15:36.739914,3.439,3.574,1.270,0.979
2025-12-05T06:15:36.771267,3.439,3.575,1.270,0.984
2025-12-05T06:15:36.808714,3.439,3.576,1.270,0.989
2025-12-05T06:15:36.840793,3.438,3.577,1.270,0.993
2025-12-05T06:15:36.874306,3.438,3.578,1.270,0.996
2025-12-05T06:15:36.905071,3.437,3.578,1.270,0.998
2025-12-05T06:15:36.931081,3.437,3.579,1.270,0.999
2025-12-05T06:15:36.961984,3.437,3.580,1.270,1.000
2025-12-05T06:15:36.991885,3.419,3.581,1.270,1.000
2025-12-05T06:15:37.024692,3.400,3.581,1.270,1.000
2025-12-05T06:15:37.054949,3.382,3.582,1.270,1.000
2025-12-05T06:15:37.086815,3.363,3.583,1.270,1.000
2025-12-05T06:15:37.124559,3.345,3.584,1.270,1.000
2025-12-05T06:15:37.156504,3.326,3.584,1.270,1.000
2025-12-05T06:15:37.186672,3.307,3.585,1.270,1.000
2025-12-05T06:15:37.218564,3.288,3.586,1.270,1.000
2025-12-05T06:15:37.253292,3.269,3.586,1.270,1.000
2025-12-05T06:15:37.285164,3.249,3.587,1.270,1.000
2025-12-05T06:15:37.323606,3.230,3.587,1.270,1.000
2025-12-05T06:15:37.353518,3.211,3.588,1.270,1.000
2025-12-05T06:15:37.382413,3.191,3.588,1.270,1.000
2025-12-05T06:15:37.417028,3.172,3.589,1.270,1.000
2025-12-05T06:15:37.448225,3.152,3.589,1.270,1.000
2025-12-05T06:15:37.478465,3.132,3.590,1.270,1.000
2025-12-05T06:15:37.509324,3.113,3.590,1.270,1.000
2025-12-05T06:15:37.541693,3.093,3.591,1.270,1.000
2025-12-05T06:15:37.572767,3.073,3.591,1.270,1.000
2025-12-05T06:15:37.606721,3.053,3.592,1.270,1.000
2025-12-05T06:15:37.640903,3.033,3.592,1.270,1.000
2025-12-05T06:15:37.673548,3.013,3.592,1.270,1.000
2025-12-05T06:15:37.705570,2.993,3.593,1.270,1.000
2025-12-05T06:15:37.737896,2.973,3.593,1.270,1.000
2025-12-05T06:15:37.772321,2.953,3.593,1.270,1.000
2025-12-05T06:15:37.803750,2.933,3.594,1.270,1.000
2025-12-05T06:15:37.839700,2.913,3.594,1.270,1.000
2025-12-05T06:15:37.871135,2.893,3.595,1.270,1.000
2025-12-05T06:15:37.899787,2.873,3.595,1.270,1.000
2025-12-05T06:15:37.932633,2.853,3.595,1.270,1.000
2025-12-05T06:15:37.962899,2.833,3.596,1.270,1.000
2025-12-05T06:15:37.992430,2.812,3.596,1.270,1.000
2025-12-05T06:15:38.026323,2.792,3.596,1.270,1.000
2025-12-05T06:15:38.061565,2.772,3.597,1.270,1.000
2025-12-05T06:15:38.095504,2.752,3.597,1.270,1.000
2025-12-05T06:15:38.127517,2.731,3.597,1.270,1.000
2025-12-05T06:15:38.158604,2.711,3.597,1.270,1.000
2025-12-05T06:15:38.191022,2.691,3.598,1.270,1.000
2025-12-05T06:15:38.222465,2.671,3.598,1.270,1.000
2025-12-05T06:15:38.255804,2.650,3.598,1.270,1.000
2025-12-05T06:15:38.287761,2.630,3.599,1.270,1.000
2025-12-05T06:15:38.319525,2.610,3.599,1.270,1.000
2025-12-05T06:15:38.355096,2.589,3.599,1.270,1.000
2025-12-05T06:15:38.389693,2.569,3.599,1.270,1.000
2025-12-05T06:15:38.419614,2.548,3.600,1.270,1.000
2025-12-05T06:15:38.452286,2.528,3.600,1.270,1.000
2025-12-05T06:15:38.483549,2.508,3.600,1.270,1.000
2025-12-05T06:15:38.515414,2.487,3.601,1.270,1.000
2025-12-05T06:15:38.547274,2.467,3.601,1.270,1.000
2025-12-05T06:15:38.580328,2.446,3.601,1.270,1.000
2025-12-05T06:15:38.610770,2.426,3.601,1.270,1.000
2025-12-05T06:15:38.644741,2.406,3.602,1.270,1.000
2025-12-05T06:15:38.678913,2.385,3.602,1.270,1.000
2025-12-05T06:15:38.711191,2.365,3.602,1.270,1.000
2025-12-05T06:15:38.745354,2.344,3.602,1.270,1.000
2025-12-05T06:15:38.777696,2.324,3.603,1.270,1.000
2025-12-05T06:15:38.807842,2.303,3.603,1.270,1.000
2025-12-05T06:15:38.839233,2.283,3.603,1.270,1.000
2025-12-05T06:15:38.870727,2.262,3.604,1.270,1.000
2025-12-05T06:15:38.905240,2.242,3.604,1.270,1.000
2025-12-05T06:15:38.935949,2.222,3.604,1.270,1.000
2025-12-05T06:15:38.970741,2.201,3.604,1.270,1.000
2025-12-05T06:15:39.004001,2.181,3.605,1.270,1.000
2025-12-05T06:15:39.036788,2.160,3.605,1.270,1.000
2025-12-05T06:15:39.068868,2.140,3.605,1.270,1.000
2025-12-05T06:15:39.103260,2.119,3.605,1.270,1.000
2025-12-05T06:15:39.135817,2.099,3.606,1.270,1.000
2025-12-05T06:15:39.166179,2.078,3.606,1.270,1.000
2025-12-05T06:15:39.197268,2.058,3.606,1.270,1.000
2025-12-05T06:15:39.229631,2.037,3.606,1.270,1.000
2025-12-05T06:15:39.259581,2.017,3.607,1.270,1.000
2025-12-05T06:15:39.292118,1.996,3.607,1.270,1.000
2025-12-05T06:15:39.326888,1.976,3.607,1.270,1.000
2025-12-05T06:15:39.358376,1.955,3.607,1.270,1.000
2025-12-05T06:15:39.392558,1.935,3.608,1.270,1.000
2025-12-05T06:15:39.425652,1.914,3.608,1.270,1.000
2025-12-05T06:15:39.454561,1.894,3.608,1.270,1.000
2025-12-05T06:15:39.485659,1.873,3.608,1.270,1.000
2025-12-05T06:15:39.519600,1.853,3.609,1.270,1.000
2025-12-05T06:15:39.551888,1.832,3.609,1.270,1.000
2025-12-05T06:15:39.584396,1.812,3.609,1.270,1.000
2025-12-05T06:15:39.617230,1.791,3.609,1.270,1.000
2025-12-05T06:15:39.651367,1.771,3.610,1.270,1.000
2025-12-05T06:15:39.680827,1.750,3.610,1.270,1.000
2025-12-05T06:15:39.712987,1.730,3.610,1.270,1.000
2025-12-05T06:15:39.745945,1.709,3.610,1.270,1.000
2025-12-05T06:15:39.776043,1.689,3.611,1.270,1.000
2025-12-05T06:15:39.808945,1.668,3.611,1.270,1.000
2025-12-05T06:15:39.841654,1.648,3.611,1.270,1.000
2025-12-05T06:15:39.873641,1.627,3.611,1.270,1.000
2025-12-05T06:15:39.906724,1.607,3.612,1.270,1.000
2025-12-05T06:15:39.943566,1.586,3.612,1.270,1.000
2025-12-05T06:15:39.973579,1.566,3.612,1.270,1.000
2025-12-05T06:15:40.004786,1.545,3.612,1.270,1.000
2025-12-05T06:15:40.036907,1.525,3.613,1.270,1.000
2025-12-05T06:15:40.068354,1.504,3.613,1.270,1.000
2025-12-05T06:15:40.098297,1.484,3.613,1.270,1.000
2025-12-05T06:15:40.134528,1.463,3.613,1.270,1.000
2025-12-05T06:15:40.161672,1.443,3.614,1.270,1.000
2025-12-05T06:15:40.196286,1.422,3.614,1.270,1.000
2025-12-05T06:15:40.230997,1.402,3.614,1.270,1.000
2025-12-05T06:15:40.261376,1.381,3.614,1.270,1.000
2025-12-05T06:15:40.296832,1.361,3.615,1.270,1.000
2025-12-05T06:15:40.327453,1.340,3.615,1.270,1.000
2025-12-05T06:15:40.359584,1.320,3.615,1.270,1.000
2025-12-05T06:15:40.391766,1.299,3.615,1.270,1.000
2025-12-05T06:15:40.421617,1.279,3.616,1.270,1.000
2025-12-05T06:15:40.453860,1.258,3.616,1.270,1.000
2025-12-05T06:15:40.488050,1.238,3.616,1.270,1.000
2025-12-05T06:15:40.519778,1.217,3.616,1.270,1.000
2025-12-05T06:15:40.552498,1.197,3.617,1.270,1.000
2025-12-05T06:15:40.588677,1.176,3.617,1.270,1.000
2025-12-05T06:15:40.619993,1.156,3.617,1.270,1.000
2025-12-05T06:15:40.653019,1.135,3.617,1.270,1.000
2025-12-05T06:15:40.684670,1.115,3.618,1.270,1.000
2025-12-05T06:15:40.714127,1.094,3.618,1.270,1.000
2025-12-05T06:15:40.746042,1.074,3.618,1.270,1.000
2025-12-05T06:15:40.778476,1.053,3.618,1.270,1.000
2025-12-05T06:15:40.811652,1.033,3.619,1.270,1.000
2025-12-05T06:15:40.845366,1.012,3.619,1.270,1.000
2025-12-05T06:15:40.877663,0.992,3.619,1.270,1.000
2025-12-05T06:15:40.908121,0.971,3.619,1.270,1.000
2025-12-05T06:15:40.942678,0.951,3.620,1.270,1.000
2025-12-05T06:15:40.973941,0.930,3.620,1.270,1.000
2025-12-05T06:15:41.010168,0.910,3.620,1.270,1.000
2025-12-05T06:15:41.040656,0.889,3.620,1.270,1.000
2025-12-05T06:15:41.071908,0.869,3.620,1.270,1.000
2025-12-05T06:15:41.107826,0.848,3.621,1.270,1.000
2025-12-05T06:15:41.144559,0.828,3.621,1.270,1.000
2025-12-05T06:15:41.178268,0.807,3.621,1.270,1.000
2025-12-05T06:15:41.209822,0.787,3.621,1.270,1.000
2025-12-05T06:15:41.239076,0.766,3.622,1.270,1.000
2025-12-05T06:15:41.269425,0.746,3.622,1.270,1.000
2025-12-05T06:15:41.300426,0.725,3.622,1.270,1.000
2025-12-05T06:15:41.332379,0.705,3.622,1.270,1.000
2025-12-05T06:15:41.364820,0.684,3.623,1.270,1.000
2025-12-05T06:15:41.396356,0.664,3.623,1.270,1.000
2025-12-05T06:15:41.429275,0.643,3.623,1.270,1.000
2025-12-05T06:15:41.463082,0.623,3.623,1.270,1.000
2025-12-05T06:15:41.502120,0.605,3.624,1.270,1.000
2025-12-05T06:15:41.537122,0.587,3.625,1.270,1.000
2025-12-05T06:15:41.568875,0.570,3.627,1.270,1.000
2025-12-05T06:15:41.600671,0.554,3.628,1.270,1.000
2025-12-05T06:15:41.629771,0.538,3.630,1.270,1.000
2025-12-05T06:15:41.659251,0.523,3.633,1.270,1.000
2025-12-05T06:15:41.692641,0.509,3.636,1.270,1.000
2025-12-05T06:15:41.723287,0.495,3.640,1.270,1.000
2025-12-05T06:15:41.756631,0.481,3.644,1.270,1.000
2025-12-05T06:15:41.791873,0.469,3.650,1.270,1.000
2025-12-05T06:15:41.823524,0.456,3.657,1.270,1.000
2025-12-05T06:15:41.854739,0.444,3.664,1.270,1.000
2025-12-05T06:15:41.890097,0.431,3.673,1.270,1.000
2025-12-05T06:15:41.920210,0.418,3.683,1.270,1.000
2025-12-05T06:15:41.951903,0.405,3.693,1.270,1.000
2025-12-05T06:15:41.985055,0.391,3.704,1.270,1.000
2025-12-05T06:15:42.016061,0.377,3.715,1.270,1.000
2025-12-05T06:15:42.048900,0.362,3.727,1.270,1.000
2025-12-05T06:15:42.082251,0.347,3.738,1.270,1.000
2025-12-05T06:15:42.115826,0.331,3.750,1.270,1.000
2025-12-05T06:15:42.147612,0.315,3.761,1.270,1.000
2025-12-05T06:15:42.180173,0.299,3.771,1.270,1.000
2025-12-05T06:15:42.214054,0.282,3.782,1.270,1.000
2025-12-05T06:15:42.249299,0.265,3.791,1.270,1.000
2025-12-05T06:15:42.278311,0.248,3.800,1.270,1.000
2025-12-05T06:15:42.312045,0.231,3.808,1.270,1.000
2025-12-05T06:15:42.344093,0.213,3.816,1.270,1.000
2025-12-05T06:15:42.370202,0.195,3.824,1.270,1.000
2025-12-05T06:15:42.402950,0.177,3.831,1.270,1.000
2025-12-05T06:15:42.436221,0.159,3.837,1.270,1.000
2025-12-05T06:15:42.469944,0.141,3.843,1.270,1.000
2025-12-05T06:15:42.505341,0.122,3.849,1.270,1.000
2025-12-05T06:15:42.541736,0.104,3.854,1.270,1.000
2025-12-05T06:15:42.565717,0.085,3.859,1.270,1.000
2025-12-05T06:15:42.596692,0.066,3.864,1.270,1.000
2025-12-05T06:15:42.633298,0.047,3.869,1.270,1.000
2025-12-05T06:15:42.659997,0.028,3.873,1.270,1.000
2025-12-05T06:15:42.693513,0.009,3.877,1.270,1.000
2025-12-05T06:15:42.724732,-0.010,3.880,1.270,1.000
2025-12-05T06:15:42.756984,-0.029,3.884,1.270,1.000
2025-12-05T06:15:42.793399,-0.049,3.887,1.270,1.000
2025-12-05T06:15:42.826318,-0.068,3.890,1.270,1.000
2025-12-05T06:15:42.860845,-0.088,3.893,1.270,1.000
2025-12-05T06:15:42.890033,-0.107,3.896,1.270,1.000
2025-12-05T06:15:42.918841,-0.127,3.898,1.270,1.000
2025-12-05T06:15:42.954204,-0.147,3.901,1.270,1.000
2025-12-05T06:15:42.983947,-0.166,3.903,1.270,1.000
2025-12-05T06:15:43.015917,-0.186,3.905,1.270,1.000
2025-12-05T06:15:43.049244,-0.206,3.907,1.270,1.000
2025-12-05T06:15:43.085276,-0.226,3.909,1.270,1.000
2025-12-05T06:15:43.122130,-0.246,3.911,1.270,1.000
2025-12-05T06:15:43.155660,-0.266,3.913,1.270,1.000
2025-12-05T06:15:43.189066,-0.286,3.914,1.270,1.000
2025-12-05T06:15:43.220186,-0.306,3.916,1.270,1.000
2025-12-05T06:15:43.252823,-0.326,3.917,1.270,1.000
2025-12-05T06:15:43.285497,-0.346,3.919,1.270,1.000
2025-12-05T06:15:43.318521,-0.366,3.920,1.270,1.000
2025-12-05T06:15:43.348079,-0.386,3.921,1.270,1.000
2025-12-05T06:15:43.379241,-0.406,3.922,1.270,1.000
2025-12-05T06:15:43.411664,-0.427,3.923,1.270,1.000
2025-12-05T06:15:43.451857,-0.447,3.925,1.270,1.000
2025-12-05T06:15:43.482325,-0.467,3.926,1.270,1.000
2025-12-05T06:15:43.515045,-0.487,3.926,1.270,1.000
2025-12-05T06:15:43.548084,-0.508,3.927,1.270,1.000
2025-12-05T06:15:43.580169,-0.528,3.928,1.270,1.000
2025-12-05T06:15:43.610259,-0.548,3.929,1.270,1.000
2025-12-05T06:15:43.644063,-0.568,3.930,1.270,1.000
2025-12-05T06:15:43.675833,-0.589,3.931,1.270,1.000
2025-12-05T06:15:43.708118,-0.609,3.931,1.270,1.000
2025-12-05T06:15:43.735822,-0.629,3.932,1.270,1.000
2025-12-05T06:15:43.768229,-0.650,3.933,1.270,1.000
2025-12-05T06:15:43.800879,-0.670,3.933,1.270,1.000
2025-12-05T06:15:43.836611,-0.691,3.934,1.270,1.000
2025-12-05T06:15:43.868613,-0.711,3.934,1.270,1.000
2025-12-05T06:15:43.902094,-0.730,3.935,1.270,1.000
2025-12-05T06:15:43.933126,-0.748,3.937,1.270,1.000
2025-12-05T06:15:43.961426,-0.765,3.940,1.270,1.000
2025-12-05T06:15:43.993100,-0.781,3.944,1.270,1.000
2025-12-05T06:15:44.023918,-0.796,3.949,1.270,1.000
2025-12-05T06:15:44.056813,-0.811,3.955,1.270,1.000
2025-12-05T06:15:44.092583,-0.826,3.962,1.270,1.000
2025-12-05T06:15:44.124535,-0.842,3.970,1.270,1.000
2025-12-05T06:15:44.157605,-0.857,3.978,1.270,1.000
2025-12-05T06:15:44.189703,-0.873,3.986,1.270,1.000
2025-12-05T06:15:44.220607,-0.889,3.994,1.270,1.000
2025-12-05T06:15:44.252380,-0.905,4.002,1.270,1.000
2025-12-05T06:15:44.288058,-0.922,4.009,1.270,1.000
2025-12-05T06:15:44.319499,-0.939,4.016,1.270,1.000
2025-12-05T06:15:44.355898,-0.956,4.023,1.270,1.000
2025-12-05T06:15:44.387873,-0.973,4.029,1.270,1.000
2025-12-05T06:15:44.420402,-0.991,4.034,1.270,1.000
2025-12-05T06:15:44.451811,-1.009,4.040,1.270,1.000
2025-12-05T06:15:44.484085,-1.027,4.045,1.270,1.000
2025-12-05T06:15:44.516300,-1.045,4.050,1.270,1.000
2025-12-05T06:15:44.547778,-1.063,4.054,1.270,1.000
2025-12-05T06:15:44.580310,-1.081,4.058,1.270,1.000
2025-12-05T06:15:44.613768,-1.100,4.062,1.270,1.000
2025-12-05T06:15:44.647532,-1.119,4.066,1.270,1.000
2025-12-05T06:15:44.679717,-1.137,4.070,1.270,1.000
2025-12-05T06:15:44.710546,-1.156,4.073,1.270,1.000
2025-12-05T06:15:44.743588,-1.175,4.076,1.270,1.000
2025-12-05T06:15:44.773343,-1.194,4.079,1.270,1.000
2025-12-05T06:15:44.804762,-1.214,4.082,1.270,1.000
2025-12-05T06:15:44.838098,-1.233,4.084,1.270,1.000
2025-12-05T06:15:44.870473,-1.252,4.087,1.270,1.000
2025-12-05T06:15:44.905411,-1.272,4.089,1.270,1.000
2025-12-05T06:15:44.936369,-1.291,4.091,1.270,1.000
2025-12-05T06:15:44.969309,-1.311,4.093,1.270,1.000
2025-12-05T06:15:45.001038,-1.330,4.095,1.270,1.000
2025-12-05T06:15:45.032564,-1.350,4.097,1.270,1.000
2025-12-05T06:15:45.065007,-1.370,4.098,1.270,1.000
2025-12-05T06:15:45.096813,-1.389,4.100,1.270,1.000
2025-12-05T06:15:45.133320,-1.409,4.102,1.270,1.000
2025-12-05T06:15:45.165784,-1.429,4.103,1.270,1.000
2025-12-05T06:15:45.204908,-1.449,4.104,1.270,1.000
2025-12-05T06:15:45.243771,-1.469,4.106,1.270,1.000
2025-12-05T06:15:45.272306,-1.489,4.107,1.270,1.000
2025-12-05T06:15:45.302733,-1.509,4.108,1.270,1.000
2025-12-05T06:15:45.331291,-1.529,4.109,1.270,1.000
2025-12-05T06:15:45.359908,-1.549,4.110,1.270,1.000
2025-12-05T06:15:45.392058,-1.569,4.111,1.270,1.000
2025-12-05T06:15:45.423325,-1.589,4.112,1.270,1.000
2025-12-05T06:15:45.456814,-1.609,4.113,1.270,1.000
2025-12-05T06:15:45.488673,-1.630,4.114,1.270,1.000
2025-12-05T06:15:45.521910,-1.650,4.115,1.270,1.000
2025-12-05T06:15:45.554145,-1.670,4.116,1.270,1.000
2025-12-05T06:15:45.591258,-1.690,4.116,1.270,1.000
2025-12-05T06:15:45.623576,-1.711,4.117,1.270,1.000
2025-12-05T06:15:45.655215,-1.731,4.118,1.270,1.000
2025-12-05T06:15:45.684998,-1.751,4.119,1.270,1.000
2025-12-05T06:15:45.717547,-1.771,4.119,1.270,1.000
2025-12-05T06:15:45.752811,-1.792,4.120,1.270,1.000
2025-12-05T06:15:45.786230,-1.812,4.120,1.270,1.000
2025-12-05T06:15:45.819331,-1.832,4.121,1.270,1.000
2025-12-05T06:15:45.852946,-1.853,4.121,1.270,1.000
2025-12-05T06:15:45.878210,-1.873,4.122,1.270,1.000
2025-12-05T06:15:45.908891,-1.893,4.123,1.270,1.000
2025-12-05T06:15:45.940615,-1.914,4.123,1.270,1.000
2025-12-05T06:15:45.972893,-1.934,4.123,1.270,1.000
2025-12-05T06:15:46.004628,-1.955,4.124,1.270,1.000
2025-12-05T06:15:46.041662,-1.975,4.124,1.270,1.000
2025-12-05T06:15:46.072161,-1.995,4.125,1.270,1.000
2025-12-05T06:15:46.103747,-2.016,4.125,1.270,1.000
2025-12-05T06:15:46.136934,-2.036,4.126,1.270,1.000
2025-12-05T06:15:46.167253,-2.057,4.126,1.270,1.000
2025-12-05T06:15:46.199703,-2.077,4.126,1.270,1.000
2025-12-05T06:15:46.233104,-2.098,4.127,1.270,1.000
2025-12-05T06:15:46.265613,-2.118,4.127,1.270,1.000
2025-12-05T06:15:46.301149,-2.138,4.128,1.270,1.000
2025-12-05T06:15:46.338097,-2.159,4.128,1.270,1.000
2025-12-05T06:15:46.368303,-2.179,4.128,1.270,1.000
2025-12-05T06:15:46.400070,-2.200,4.129,1.270,1.000
2025-12-05T06:15:46.433051,-2.220,4.129,1.270,1.000
2025-12-05T06:15:46.464196,-2.241,4.129,1.270,1.000
2025-12-05T06:15:46.499722,-2.261,4.130,1.270,1.000
2025-12-05T06:15:46.530014,-2.282,4.130,1.270,1.000
2025-12-05T06:15:46.564199,-2.302,4.130,1.270,1.000
2025-12-05T06:15:46.599793,-2.323,4.131,1.270,1.000
2025-12-05T06:15:46.631518,-2.343,4.131,1.270,1.000
2025-12-05T06:15:46.660511,-2.364,4.131,1.270,1.000
2025-12-05T06:15:46.691691,-2.384,4.132,1.270,1.000
2025-12-05T06:15:46.722686,-2.404,4.132,1.270,1.000
2025-12-05T06:15:46.755720,-2.425,4.132,1.270,1.000
2025-12-05T06:15:46.791448,-2.445,4.132,1.270,1.000
2025-12-05T06:15:46.823851,-2.466,4.133,1.270,1.000
2025-12-05T06:15:46.855414,-2.486,4.133,1.270,1.000
2025-12-05T06:15:46.887308,-2.507,4.133,1.270,1.000
2025-12-05T06:15:46.919985,-2.527,4.134,1.270,1.000
2025-12-05T06:15:46.953160,-2.548,4.134,1.270,1.000
2025-12-05T06:15:46.984296,-2.568,4.134,1.270,1.000
2025-12-05T06:15:47.022383,-2.589,4.134,1.270,1.000
2025-12-05T06:15:47.053111,-2.609,4.135,1.270,1.000
2025-12-05T06:15:47.088585,-2.630,4.135,1.270,1.000
2025-12-05T06:15:47.119644,-2.650,4.135,1.270,1.000
2025-12-05T06:15:47.149107,-2.671,4.135,1.270,1.000
2025-12-05T06:15:47.179738,-2.691,4.136,1.270,1.000
2025-12-05T06:15:47.213692,-2.712,4.136,1.270,1.000
2025-12-05T06:15:47.245463,-2.732,4.136,1.270,1.000
2025-12-05T06:15:47.276558,-2.753,4.136,1.270,1.000
2025-12-05T06:15:47.311776,-2.773,4.137,1.270,1.000
2025-12-05T06:15:47.345363,-2.794,4.137,1.270,1.000
2025-12-05T06:15:47.377229,-2.814,4.137,1.270,1.000
2025-12-05T06:15:47.413293,-2.835,4.138,1.270,1.000
2025-12-05T06:15:47.443576,-2.855,4.138,1.270,1.000
2025-12-05T06:15:47.474197,-2.876,4.138,1.270,1.000
2025-12-05T06:15:47.503091,-2.896,4.138,1.270,1.000
2025-12-05T06:15:47.534949,-2.917,4.139,1.270,1.000
2025-12-05T06:15:47.568697,-2.937,4.139,1.270,1.000
2025-12-05T06:15:47.604030,-2.958,4.139,1.270,1.000
2025-12-05T06:15:47.636194,-2.978,4.139,1.270,1.000
2025-12-05T06:15:47.672868,-2.999,4.140,1.270,1.000
2025-12-05T06:15:47.700768,-3.019,4.140,1.270,1.000
2025-12-05T06:15:47.732269,-3.040,4.140,1.270,1.000
2025-12-05T06:15:47.764684,-3.060,4.140,1.270,1.000
2025-12-05T06:15:47.796606,-3.081,4.141,1.270,1.000
2025-12-05T06:15:47.829009,-3.101,4.141,1.270,1.000
2025-12-05T06:15:47.864522,-3.122,4.141,1.270,1.000
2025-12-05T06:15:47.896921,-3.142,4.141,1.270,1.000
2025-12-05T06:15:47.929454,-3.163,4.142,1.270,1.000
2025-12-05T06:15:47.961437,-3.183,4.142,1.270,1.000
2025-12-05T06:15:47.993496,-3.204,4.142,1.270,1.000
2025-12-05T06:15:48.025133,-3.224,4.142,1.270,1.000
2025-12-05T06:15:48.055389,-3.245,4.143,1.270,1.000
2025-12-05T06:15:48.091119,-3.265,4.143,1.270,1.000
2025-12-05T06:15:48.125997,-3.286,4.143,1.270,1.000
2025-12-05T06:15:48.159264,-3.306,4.143,1.270,1.000
2025-12-05T06:15:48.191265,-3.327,4.144,1.270,1.000
2025-12-05T06:15:48.221113,-3.347,4.144,1.270,1.000
2025-12-05T06:15:48.252713,-3.368,4.144,1.270,1.000
2025-12-05T06:15:48.285181,-3.388,4.144,1.270,1.000
2025-12-05T06:15:48.316698,-3.409,4.145,1.270,1.000
2025-12-05T06:15:48.349424,-3.429,4.145,1.270,1.000
2025-12-05T06:15:48.385303,-3.450,4.145,1.270,1.000
2025-12-05T06:15:48.418393,-3.470,4.145,1.270,1.000
2025-12-05T06:15:48.451444,-3.491,4.146,1.270,1.000
2025-12-05T06:15:48.483507,-3.511,4.146,1.270,1.000
2025-12-05T06:15:48.513887,-3.532,4.146,1.270,1.000
2025-12-05T06:15:48.548468,-3.552,4.146,1.270,1.000
2025-12-05T06:15:48.581940,-3.573,4.147,1.270,1.000
2025-12-05T06:15:48.610766,-3.593,4.147,1.270,1.000
2025-12-05T06:15:48.644525,-3.614,4.147,1.270,1.000
2025-12-05T06:15:48.685152,-3.634,4.147,1.270,1.000
2025-12-05T06:15:48.708580,-3.655,4.148,1.270,1.000
2025-12-05T06:15:48.744531,-3.675,4.148,1.270,1.000
2025-12-05T06:15:48.775390,-3.696,4.148,1.270,1.000
2025-12-05T06:15:48.806420,-3.716,4.148,1.270,1.000
2025-12-05T06:15:48.839495,-3.737,4.149,1.270,1.000
2025-12-05T06:15:48.870819,-3.757,4.149,1.270,1.000
2025-12-05T06:15:48.907607,-3.778,4.149,1.270,1.000
2025-12-05T06:15:48.943668,-3.799,4.149,1.270,1.000
2025-12-05T06:15:48.975503,-3.819,4.150,1.270,1.000
2025-12-05T06:15:49.010763,-3.840,4.150,1.270,1.000
2025-12-05T06:15:49.041178,-3.860,4.150,1.270,1.000
2025-12-05T06:15:49.072607,-3.881,4.150,1.270,1.000
2025-12-05T06:15:49.103585,-3.901,4.151,1.270,1.000
2025-12-05T06:15:49.135768,-3.922,4.151,1.270,1.000
2025-12-05T06:15:49.165657,-3.942,4.151,1.270,1.000
2025-12-05T06:15:49.199755,-3.963,4.151,1.270,1.000
2025-12-05T06:15:49.230369,-3.983,4.152,1.270,1.000
2025-12-05T06:15:49.263999,-4.004,4.152,1.270,1.000
2025-12-05T06:15:49.298658,-4.024,4.152,1.270,1.000
2025-12-05T06:15:49.328665,-4.045,4.152,1.270,1.000
2025-12-05T06:15:49.362229,-4.065,4.153,1.270,1.000
2025-12-05T06:15:49.393505,-4.086,4.153,1.270,1.000
2025-12-05T06:15:49.422578,-4.106,4.153,1.270,1.000
2025-12-05T06:15:49.454956,-4.127,4.153,1.270,1.000
2025-12-05T06:15:49.489747,-4.147,4.154,1.270,1.000
2025-12-05T06:15:49.524867,-4.168,4.154,1.270,1.000
2025-12-05T06:15:49.560585,-4.188,4.154,1.270,1.000
2025-12-05T06:15:49.593403,-4.209,4.154,1.270,1.000
2025-12-05T06:15:49.623934,-4.229,4.155,1.270,1.000
2025-12-05T06:15:49.656387,-4.250,4.155,1.270,1.000
2025-12-05T06:15:49.689435,-4.270,4.155,1.270,1.000
2025-12-05T06:15:49.721708,-4.291,4.155,1.270,1.000
2025-12-05T06:15:49.755541,-4.311,4.156,1.270,1.000
2025-12-05T06:15:49.786139,-4.332,4.156,1.270,1.000
2025-12-05T06:15:49.819017,-4.352,4.156,1.270,1.000
2025-12-05T06:15:49.853080,-4.373,4.156,1.270,1.000
2025-12-05T06:15:49.885790,-4.393,4.157,1.270,1.000
2025-12-05T06:15:49.917848,-4.414,4.157,1.270,1.000
2025-12-05T06:15:49.950069,-4.398,4.157,1.270,1.000
2025-12-05T06:15:49.979443,-4.383,4.156,1.270,1.000
2025-12-05T06:15:50.009233,-4.367,4.156,1.270,1.000
2025-12-05T06:15:50.042108,-4.350,4.156,1.270,1.000
2025-12-05T06:15:50.075332,-4.334,4.156,1.270,1.000
2025-12-05T06:15:50.107520,-4.317,4.156,1.270,1.000
2025-12-05T06:15:50.139395,-4.300,4.155,1.270,1.000
2025-12-05T06:15:50.171480,-4.283,4.155,1.270,1.000
2025-12-05T06:15:50.208740,-4.265,4.155,1.270,1.000
2025-12-05T06:15:50.240053,-4.248,4.155,1.270,1.000
2025-12-05T06:15:50.271211,-4.230,4.155,1.270,1.000
2025-12-05T06:15:50.304660,-4.212,4.154,1.270,1.000
2025-12-05T06:15:50.335864,-4.194,4.154,1.270,1.000
2025-12-05T06:15:50.365562,-4.175,4.154,1.270,1.000
2025-12-05T06:15:50.396847,-4.157,4.154,1.270,1.000
2025-12-05T06:15:50.428839,-4.138,4.153,1.270,1.000
2025-12-05T06:15:50.463280,-4.120,4.153,1.270,1.000
2025-12-05T06:15:50.497661,-4.101,4.153,1.270,1.000
2025-12-05T06:15:50.529181,-4.082,4.153,1.270,1.000
2025-12-05T06:15:50.561243,-4.063,4.153,1.270,1.000
2025-12-05T06:15:50.595491,-4.044,4.152,1.270,1.000
2025-12-05T06:15:50.630226,-4.025,4.152,1.270,1.000
2025-12-05T06:15:50.662516,-4.005,4.152,1.270,1.000
2025-12-05T06:15:50.692021,-3.986,4.152,1.270,1.000
2025-12-05T06:15:50.724698,-3.966,4.151,1.270,1.000
2025-12-05T06:15:50.757498,-3.965,4.151,1.270,-1.000
2025-12-05T06:15:50.792046,-3.963,4.151,1.270,-0.999
2025-12-05T06:15:50.823275,-3.962,4.151,1.270,-0.997
2025-12-05T06:15:50.856252,-3.961,4.151,1.270,-0.994
2025-12-05T06:15:50.887803,-3.959,4.151,1.270,-0.990
2025-12-05T06:15:50.919721,-3.958,4.151,1.270,-0.986
2025-12-05T06:15:50.952808,-3.957,4.151,1.270,-0.981
2025-12-05T06:15:50.988477,-3.956,4.151,1.270,-0.975
2025-12-05T06:15:51.019919,-3.955,4.151,1.270,-0.968
2025-12-05T06:15:51.051467,-3.954,4.151,1.270,-0.961
2025-12-05T06:15:51.083132,-3.954,4.151,1.270,-0.952
2025-12-05T06:15:51.113473,-3.953,4.151,1.270,-0.943
2025-12-05T06:15:51.147879,-3.952,4.151,1.270,-0.933
2025-12-05T06:15:51.179563,-3.951,4.151,1.270,-0.922
2025-12-05T06:15:51.213268,-3.951,4.151,1.270,-0.911
2025-12-05T06:15:51.248273,-3.950,4.151,1.270,-0.898
2025-12-05T06:15:51.279510,-3.950,4.151,1.270,-0.885
2025-12-05T06:15:51.309691,-3.949,4.151,1.270,-0.872
2025-12-05T06:15:51.344017,-3.949,4.151,1.270,-0.857
2025-12-05T06:15:51.375559,-3.948,4.151,1.270,-0.842
2025-12-05T06:15:51.406120,-3.948,4.151,1.270,-0.826
2025-12-05T06:15:51.438261,-3.947,4.151,1.270,-0.809
2025-12-05T06:15:51.470564,-3.947,4.151,1.270,-0.792
2025-12-05T06:15:51.505691,-3.947,4.151,1.270,-0.774
2025-12-05T06:15:51.537737,-3.946,4.151,1.270,-0.756
2025-12-05T06:15:51.568271,-3.948,4.133,1.270,-0.756
2025-12-05T06:15:51.601474,-3.951,4.115,1.270,-0.756
2025-12-05T06:15:51.634464,-3.953,4.097,1.270,-0.756
2025-12-05T06:15:51.667866,-3.955,4.079,1.270,-0.756
2025-12-05T06:15:51.697542,-3.958,4.061,1.270,-0.756
2025-12-05T06:15:51.729746,-3.960,4.042,1.270,-0.756
2025-12-05T06:15:51.769342,-3.963,4.024,1.270,-0.756
2025-12-05T06:15:51.801717,-3.965,4.005,1.270,-0.756
2025-12-05T06:15:51.832650,-3.968,3.986,1.270,-0.756
2025-12-05T06:15:51.864650,-3.970,3.967,1.270,-0.756
2025-12-05T06:15:51.893169,-3.973,3.948,1.270,-0.756
2025-12-05T06:15:51.925250,-3.975,3.929,1.270,-0.756
2025-12-05T06:15:51.957748,-3.978,3.910,1.270,-0.756
2025-12-05T06:15:51.989207,-3.981,3.891,1.270,-0.756
2025-12-05T06:15:52.022898,-3.983,3.872,1.270,-0.756
2025-12-05T06:15:52.056992,-3.986,3.852,1.270,-0.756
2025-12-05T06:15:52.091500,-3.989,3.833,1.270,-0.756
2025-12-05T06:15:52.123165,-3.991,3.814,1.270,-0.756
2025-12-05T06:15:52.154997,-3.994,3.794,1.270,-0.756
2025-12-05T06:15:52.183785,-3.997,3.774,1.270,-0.756
2025-12-05T06:15:52.213669,-4.000,3.755,1.270,-0.756
2025-12-05T06:15:52.243610,-4.002,3.735,1.270,-0.756
2025-12-05T06:15:52.276237,-4.005,3.715,1.270,-0.756
2025-12-05T06:15:52.308579,-4.008,3.696,1.270,-0.756
2025-12-05T06:15:52.343585,-4.011,3.676,1.270,-0.756
2025-12-05T06:15:52.372151,-4.013,3.656,1.270,-0.756
2025-12-05T06:15:52.406506,-4.016,3.636,1.270,-0.756
2025-12-05T06:15:52.444899,-4.019,3.616,1.270,-0.756
2025-12-05T06:15:52.476536,-4.022,3.597,1.270,-0.756
2025-12-05T06:15:52.506328,-4.025,3.577,1.270,-0.756
2025-12-05T06:15:52.533844,-4.028,3.557,1.270,-0.756
2025-12-05T06:15:52.562399,-4.030,3.537,1.270,-0.756
2025-12-05T06:15:52.593162,-4.033,3.517,1.270,-0.756
2025-12-05T06:15:52.624756,-4.036,3.497,1.270,-0.756
2025-12-05T06:15:52.656574,-4.039,3.477,1.270,-0.756
2025-12-05T06:15:52.687948,-4.042,3.457,1.270,-0.756
2025-12-05T06:15:52.723583,-4.045,3.437,1.270,-0.756
2025-12-05T06:15:52.759031,-4.047,3.416,1.270,-0.756
2025-12-05T06:15:52.792549,-4.050,3.396,1.270,-0.756
2025-12-05T06:15:52.824394,-4.053,3.376,1.270,-0.756
2025-12-05T06:15:52.856252,-4.056,3.356,1.270,-0.756
2025-12-05T06:15:52.888562,-4.059,3.336,1.270,-0.756
2025-12-05T06:15:52.920551,-4.062,3.316,1.270,-0.756
2025-12-05T06:15:52.951857,-4.065,3.296,1.270,-0.756
2025-12-05T06:15:52.984681,-4.068,3.276,1.270,-0.756
2025-12-05T06:15:53.018832,-4.070,3.255,1.270,-0.756
2025-12-05T06:15:53.051323,-4.073,3.235,1.270,-0.756
2025-12-05T06:15:53.087620,-4.076,3.215,1.270,-0.756
2025-12-05T06:15:53.120007,-4.079,3.195,1.270,-0.756
2025-12-05T06:15:53.152793,-4.082,3.175,1.270,-0.756
2025-12-05T06:15:53.184072,-4.085,3.154,1.270,-0.756
2025-12-05T06:15:53.213937,-4.088,3.134,1.270,-0.756
2025-12-05T06:15:53.244161,-4.091,3.114,1.270,-0.756
2025-12-05T06:15:53.277481,-4.094,3.094,1.270,-0.756
2025-12-05T06:15:53.307660,-4.094,3.091,1.270,-0.737
2025-12-05T06:15:53.342902,-4.094,3.089,1.270,-0.717
2025-12-05T06:15:53.373746,-4.095,3.087,1.270,-0.696
2025-12-05T06:15:53.414025,-4.095,3.085,1.270,-0.675
2025-12-05T06:15:53.439761,-4.095,3.083,1.270,-0.654
2025-12-05T06:15:53.470349,-4.095,3.081,1.270,-0.632
2025-12-05T06:15:53.503676,-4.096,3.079,1.270,-0.609
2025-12-05T06:15:53.536156,-4.096,3.078,1.270,-0.586
2025-12-05T06:15:53.571565,-4.096,3.076,1.270,-0.563
2025-12-05T06:15:53.600983,-4.096,3.075,1.270,-0.539
2025-12-05T06:15:53.632410,-4.096,3.074,1.270,-0.514
2025-12-05T06:15:53.663655,-4.097,3.073,1.270,-0.489
2025-12-05T06:15:53.696506,-4.097,3.071,1.270,-0.464
2025-12-05T06:15:53.728758,-4.097,3.070,1.270,-0.438
2025-12-05T06:15:53.763543,-4.097,3.069,1.270,-0.412
2025-12-05T06:15:53.797820,-4.097,3.068,1.270,-0.386
2025-12-05T06:15:53.829707,-4.097,3.068,1.270,-0.359
2025-12-05T06:15:53.861243,-4.097,3.067,1.270,-0.332
2025-12-05T06:15:53.894054,-4.098,3.066,1.270,-0.305
2025-12-05T06:15:53.923214,-4.098,3.065,1.270,-0.277
2025-12-05T06:15:53.953248,-4.098,3.065,1.270,-0.249
2025-12-05T06:15:53.984145,-4.098,3.064,1.270,-0.221
2025-12-05T06:15:54.017036,-4.098,3.063,1.270,-0.193
2025-12-05T06:15:54.049018,-4.098,3.063,1.270,-0.165
2025-12-05T06:15:54.087110,-4.098,3.062,1.270,-0.136
2025-12-05T06:15:54.120153,-4.098,3.062,1.270,-0.108
2025-12-05T06:15:54.154692,-4.098,3.061,1.270,-0.079
2025-12-05T06:15:54.184398,-4.098,3.061,1.270,-0.050
2025-12-05T06:15:54.213494,-4.116,3.062,1.270,-0.050
2025-12-05T06:15:54.244898,-4.134,3.064,1.270,-0.050
2025-12-05T06:15:54.276938,-4.152,3.065,1.270,-0.050
2025-12-05T06:15:54.308333,-4.171,3.067,1.270,-0.050
2025-12-05T06:15:54.342769,-4.189,3.068,1.270,-0.050
2025-12-05T06:15:54.376779,-4.208,3.070,1.270,-0.050
2025-12-05T06:15:54.404219,-4.226,3.072,1.270,-0.050
2025-12-05T06:15:54.436545,-4.245,3.073,1.270,-0.050
2025-12-05T06:15:54.469475,-4.264,3.075,1.270,-0.050
2025-12-05T06:15:54.501050,-4.283,3.077,1.270,-0.050
2025-12-05T06:15:54.538389,-4.302,3.078,1.270,-0.050
2025-12-05T06:15:54.571805,-4.322,3.080,1.270,-0.050
2025-12-05T06:15:54.606717,-4.341,3.082,1.270,-0.050
2025-12-05T06:15:54.642163,-4.360,3.084,1.270,-0.050
2025-12-05T06:15:54.667225,-4.380,3.086,1.270,-0.050
2025-12-05T06:15:54.700662,-4.399,3.087,1.270,-0.050
2025-12-05T06:15:54.733728,-4.419,3.089,1.270,-0.050
2025-12-05T06:15:54.765484,-4.438,3.091,1.270,-0.050
2025-12-05T06:15:54.801834,-4.458,3.093,1.270,-0.050
2025-12-05T06:15:54.833634,-4.477,3.095,1.270,-0.050
2025-12-05T06:15:54.865301,-4.497,3.097,1.270,-0.050
2025-12-05T06:15:54.896438,-4.517,3.099,1.270,-0.050
2025-12-05T06:15:54.926844,-4.537,3.101,1.270,-0.050
2025-12-05T06:15:54.959663,-4.557,3.102,1.270,-0.050
2025-12-05T06:15:54.993588,-4.576,3.104,1.270,-0.050
2025-12-05T06:15:55.024521,-4.596,3.106,1.270,-0.050
2025-12-05T06:15:55.060049,-4.616,3.108,1.270,-0.050
2025-12-05T06:15:55.094002,-4.636,3.110,1.270,-0.050
2025-12-05T06:15:55.127866,-4.656,3.112,1.270,-0.050
2025-12-05T06:15:55.159709,-4.676,3.114,1.270,-0.050
2025-12-05T06:15:55.193003,-4.696,3.116,1.270,-0.050
2025-12-05T06:15:55.221917,-4.717,3.118,1.270,-0.050
2025-12-05T06:15:55.252621,-4.737,3.120,1.270,-0.050
2025-12-05T06:15:55.282060,-4.757,3.122,1.270,-0.050
2025-12-05T06:15:55.315646,-4.777,3.124,1.270,-0.050
2025-12-05T06:15:55.347378,-4.797,3.126,1.270,-0.050
2025-12-05T06:15:55.381957,-4.817,3.128,1.270,-0.050
2025-12-05T06:15:55.413457,-4.837,3.130,1.270,-0.050
2025-12-05T06:15:55.447752,-4.858,3.132,1.270,-0.050
2025-12-05T06:15:55.479582,-4.878,3.134,1.270,-0.050
2025-12-05T06:15:55.509646,-4.898,3.136,1.270,-0.050
2025-12-05T06:15:55.543489,-4.918,3.138,1.270,-0.050
2025-12-05T06:15:55.576208,-4.939,3.140,1.270,-0.050
2025-12-05T06:15:55.605637,-4.941,3.140,1.270,-0.079
2025-12-05T06:15:55.638914,-4.943,3.141,1.270,-0.108
2025-12-05T06:15:55.672482,-4.945,3.141,1.270,-0.136
2025-12-05T06:15:55.708865,-4.947,3.141,1.270,-0.165
2025-12-05T06:15:55.737200,-4.949,3.141,1.270,-0.193
2025-12-05T06:15:55.767454,-4.951,3.141,1.270,-0.221
2025-12-05T06:15:55.802296,-4.953,3.142,1.270,-0.249
2025-12-05T06:15:55.833743,-4.954,3.142,1.270,-0.277
2025-12-05T06:15:55.864795,-4.956,3.142,1.270,-0.305
2025-12-05T06:15:55.897938,-4.957,3.142,1.270,-0.332
2025-12-05T06:15:55.926991,-4.958,3.142,1.270,-0.359
2025-12-05T06:15:55.961989,-4.959,3.142,1.270,-0.386
2025-12-05T06:15:55.997120,-4.960,3.142,1.270,-0.412
2025-12-05T06:15:56.034306,-4.961,3.142,1.270,-0.438
2025-12-05T06:15:56.065945,-4.962,3.142,1.270,-0.464
2025-12-05T06:15:56.096586,-4.963,3.142,1.270,-0.489
2025-12-05T06:15:56.130234,-4.964,3.143,1.270,-0.514
2025-12-05T06:15:56.159367,-4.965,3.143,1.270,-0.539
2025-12-05T06:15:56.193144,-4.966,3.143,1.270,-0.563
2025-12-05T06:15:56.224799,-4.966,3.143,1.270,-0.586
2025-12-05T06:15:56.257638,-4.967,3.143,1.270,-0.609
2025-12-05T06:15:56.292865,-4.968,3.143,1.270,-0.632
2025-12-05T06:15:56.325143,-4.968,3.143,1.270,-0.654
2025-12-05T06:15:56.357568,-4.969,3.143,1.270,-0.675
2025-12-05T06:15:56.388158,-4.969,3.143,1.270,-0.696
2025-12-05T06:15:56.419558,-4.970,3.143,1.270,-0.717
2025-12-05T06:15:56.453468,-4.970,3.143,1.270,-0.737
2025-12-05T06:15:56.485514,-4.971,3.143,1.270,-0.756
2025-12-05T06:15:56.519522,-4.971,3.143,1.270,-0.774
2025-12-05T06:15:56.557427,-4.971,3.143,1.270,-0.792
2025-12-05T06:15:56.591204,-4.972,3.143,1.270,-0.809
2025-12-05T06:15:56.623718,-4.972,3.143,1.270,-0.826
2025-12-05T06:15:56.656068,-4.972,3.143,1.270,-0.842
2025-12-05T06:15:56.688700,-4.972,3.143,1.270,-0.857
2025-12-05T06:15:56.718623,-4.973,3.143,1.270,-0.872
2025-12-05T06:15:56.748633,-4.973,3.143,1.270,-0.885
2025-12-05T06:15:56.779130,-4.973,3.143,1.270,-0.898
2025-12-05T06:15:56.808710,-4.973,3.143,1.270,-0.911
2025-12-05T06:15:56.840717,-4.974,3.143,1.270,-0.922
2025-12-05T06:15:56.875100,-4.974,3.143,1.270,-0.933
2025-12-05T06:15:56.905572,-4.974,3.143,1.270,-0.943
2025-12-05T06:15:56.940943,-4.974,3.143,1.270,-0.952
2025-12-05T06:15:56.973663,-4.974,3.143,1.270,-0.961
2025-12-05T06:15:57.005510,-4.974,3.144,1.270,-0.968
2025-12-05T06:15:57.039507,-4.975,3.144,1.270,-0.975
2025-12-05T06:15:57.070358,-4.975,3.144,1.270,-0.981
2025-12-05T06:15:57.104147,-4.975,3.144,1.270,-0.986
2025-12-05T06:15:57.136593,-4.975,3.144,1.270,-0.990
2025-12-05T06:15:57.168865,-4.975,3.144,1.270,-0.994
2025-12-05T06:15:57.205694,-4.975,3.144,1.270,-0.997
2025-12-05T06:15:57.241792,-4.975,3.144,1.270,-0.999
2025-12-05T06:15:57.266849,-4.975,3.144,1.270,-1.000
2025-12-05T06:15:57.298923,-4.975,3.144,1.270,1.000
2025-12-05T06:15:57.331370,-4.975,3.144,1.270,0.999
2025-12-05T06:15:57.363066,-4.975,3.144,1.270,0.998
2025-12-05T06:15:57.395345,-4.976,3.144,1.270,0.996
2025-12-05T06:15:57.427823,-4.976,3.144,1.270,0.993
2025-12-05T06:15:57.460551,-4.976,3.144,1.270,0.989
2025-12-05T06:15:57.495655,-4.976,3.144,1.270,0.984
2025-12-05T06:15:57.526489,-4.976,3.144,1.270,0.979
2025-12-05T06:15:57.559067,-4.976,3.144,1.270,0.972
2025-12-05T06:15:57.591310,-4.976,3.144,1.270,0.965
2025-12-05T06:15:57.623510,-4.976,3.144,1.270,0.957
2025-12-05T06:15:57.654564,-4.976,3.144,1.270,0.948
2025-12-05T06:15:57.690309,-4.976,3.144,1.270,0.939
2025-12-05T06:15:57.725267,-4.976,3.144,1.270,0.929
2025-12-05T06:15:57.758161,-4.976,3.144,1.270,0.917
2025-12-05T06:15:57.792165,-4.976,3.144,1.270,0.906
2025-12-05T06:15:57.821812,-4.976,3.144,1.270,0.893
2025-12-05T06:15:57.858724,-4.976,3.144,1.270,0.880
2025-12-05T06:15:57.885016,-4.976,3.144,1.270,0.866
2025-12-05T06:15:57.916055,-4.976,3.144,1.270,0.851
2025-12-05T06:15:57.950196,-4.976,3.144,1.270,0.835
2025-12-05T06:15:57.981770,-4.976,3.144,1.270,0.819
2025-12-05T06:15:58.015796,-4.976,3.144,1.270,0.802
2025-12-05T06:15:58.050040,-4.976,3.144,1.270,0.785
2025-12-05T06:15:58.084448,-4.976,3.144,1.270,0.767
2025-12-05T06:15:58.113042,-4.976,3.144,1.270,0.748
2025-12-05T06:15:58.144220,-4.976,3.144,1.270,0.728
2025-12-05T06:15:58.176429,-4.976,3.144,1.270,0.708
2025-12-05T06:15:58.207422,-4.976,3.144,1.270,0.688
2025-12-05T06:15:58.238997,-4.976,3.144,1.270,0.667
2025-12-05T06:15:58.273765,-4.976,3.144,1.270,0.645
2025-12-05T06:15:58.308192,-4.976,3.144,1.270,0.623
2025-12-05T06:15:58.340193,-4.976,3.144,1.270,0.600
2025-12-05T06:15:58.372440,-4.976,3.144,1.270,0.576
2025-12-05T06:15:58.403760,-4.976,3.144,1.270,0.553
2025-12-05T06:15:58.436478,-4.976,3.144,1.270,0.528
2025-12-05T06:15:58.468509,-4.976,3.144,1.270,0.504
2025-12-05T06:15:58.506011,-4.976,3.144,1.270,0.479
2025-12-05T06:15:58.540296,-4.976,3.144,1.270,0.453
2025-12-05T06:15:58.570816,-4.976,3.144,1.270,0.427
2025-12-05T06:15:58.604212,-4.976,3.144,1.270,0.401
2025-12-05T06:15:58.636690,-4.976,3.144,1.270,0.375
2025-12-05T06:15:58.666601,-4.976,3.144,1.270,0.348
2025-12-05T06:15:58.700688,-4.976,3.144,1.270,0.321
2025-12-05T06:15:58.731431,-4.976,3.144,1.270,0.293
2025-12-05T06:15:58.764597,-4.976,3.144,1.270,0.266
2025-12-05T06:15:58.800321,-4.976,3.144,1.270,0.238
2025-12-05T06:15:58.832757,-4.976,3.144,1.270,0.210
2025-12-05T06:15:58.862095,-4.976,3.144,1.270,0.181
2025-12-05T06:15:58.896284,-4.976,3.144,1.270,0.153
2025-12-05T06:15:58.926746,-4.976,3.144,1.270,0.124
2025-12-05T06:15:58.955578,-4.976,3.144,1.270,0.096
2025-12-05T06:15:58.988444,-4.976,3.144,1.270,0.067
2025-12-05T06:15:59.021938,-4.976,3.144,1.270,0.038
2025-12-05T06:15:59.053499,-4.976,3.144,1.270,0.010
2025-12-05T06:15:59.085226,-4.976,3.144,1.270,-0.019
2025-12-05T06:15:59.117307,-4.976,3.144,1.270,-0.048
2025-12-05T06:15:59.149443,-4.976,3.144,1.270,-0.077
2025-12-05T06:15:59.186842,-4.976,3.144,1.270,-0.105
2025-12-05T06:15:59.219783,-4.976,3.144,1.270,-0.134
2025-12-05T06:15:59.252297,-4.976,3.144,1.270,-0.163
2025-12-05T06:15:59.286090,-4.976,3.144,1.270,-0.191
2025-12-05T06:15:59.313722,-4.976,3.144,1.270,-0.219
2025-12-05T06:15:59.344488,-4.976,3.144,1.270,-0.247
2025-12-05T06:15:59.374752,-4.961,3.135,1.270,-0.247
2025-12-05T06:15:59.407744,-4.945,3.126,1.270,-0.247
2025-12-05T06:15:59.444215,-4.929,3.118,1.270,-0.247
2025-12-05T06:15:59.475122,-4.913,3.109,1.270,-0.247
2025-12-05T06:15:59.505238,-4.896,3.100,1.270,-0.247
2025-12-05T06:15:59.537702,-4.880,3.091,1.270,-0.247
2025-12-05T06:15:59.568803,-4.864,3.082,1.270,-0.247
2025-12-05T06:15:59.601815,-4.847,3.073,1.270,-0.247
2025-12-05T06:15:59.636763,-4.830,3.064,1.270,-0.247
2025-12-05T06:15:59.670016,-4.814,3.055,1.270,-0.247
2025-12-05T06:15:59.703513,-4.797,3.046,1.270,-0.247
2025-12-05T06:15:59.736368,-4.780,3.036,1.270,-0.247
2025-12-05T06:15:59.766324,-4.763,3.027,1.270,-0.247
2025-12-05T06:15:59.800241,-4.746,3.018,1.270,-0.247
2025-12-05T06:15:59.832242,-4.729,3.009,1.270,-0.247
2025-12-05T06:15:59.863788,-4.712,2.999,1.270,-0.247
2025-12-05T06:15:59.893045,-4.694,2.990,1.270,-0.247
2025-12-05T06:15:59.924310,-4.677,2.980,1.270,-0.247
2025-12-05T06:15:59.959423,-4.660,2.971,1.270,-0.247
2025-12-05T06:15:59.992999,-4.642,2.962,1.270,-0.247
2025-12-05T06:16:00.024161,-4.625,2.952,1.270,-0.247
2025-12-05T06:16:00.057348,-4.608,2.943,1.270,-0.247
2025-12-05T06:16:00.089872,-4.590,2.933,1.270,-0.247
2025-12-05T06:16:00.119943,-4.573,2.923,1.270,-0.247
2025-12-05T06:16:00.151713,-4.555,2.914,1.270,-0.247
2025-12-05T06:16:00.185315,-4.537,2.904,1.270,-0.247
2025-12-05T06:16:00.220767,-4.520,2.895,1.270,-0.247
2025-12-05T06:16:00.256558,-4.502,2.885,1.270,-0.247
2025-12-05T06:16:00.288661,-4.485,2.875,1.270,-0.247
2025-12-05T06:16:00.323020,-4.467,2.866,1.270,-0.247
2025-12-05T06:16:00.356737,-4.449,2.856,1.270,-0.247
2025-12-05T06:16:00.388851,-4.432,2.847,1.270,-0.247
2025-12-05T06:16:00.418619,-4.414,2.837,1.270,-0.247
2025-12-05T06:16:00.452806,-4.396,2.827,1.270,-0.247
2025-12-05T06:16:00.482425,-4.378,2.817,1.270,-0.247
2025-12-05T06:16:00.513873,-4.361,2.808,1.270,-0.247
2025-12-05T06:16:00.547763,-4.343,2.798,1.270,-0.247
2025-12-05T06:16:00.580048,-4.325,2.788,1.270,-0.247
2025-12-05T06:16:00.611314,-4.307,2.779,1.270,-0.247
2025-12-05T06:16:00.642793,-4.289,2.769,1.270,-0.247
2025-12-05T06:16:00.676613,-4.272,2.760,1.270,-0.247
2025-12-05T06:16:00.710270,-4.254,2.751,1.270,-0.247
2025-12-05T06:16:00.743449,-4.236,2.742,1.270,-0.247
2025-12-05T06:16:00.777480,-4.219,2.733,1.270,-0.247
2025-12-05T06:16:00.807601,-4.201,2.724,1.270,-0.247
2025-12-05T06:16:00.839624,-4.183,2.716,1.270,-0.247
2025-12-05T06:16:00.871626,-4.166,2.707,1.270,-0.247
2025-12-05T06:16:00.903617,-4.148,2.698,1.270,-0.247
2025-12-05T06:16:00.936954,-4.130,2.689,1.270,-0.247
2025-12-05T06:16:00.970052,-4.113,2.681,1.270,-0.247
2025-12-05T06:16:01.003607,-4.095,2.672,1.270,-0.247
2025-12-05T06:16:01.039616,-4.077,2.663,1.270,-0.247
2025-12-05T06:16:01.065117,-4.060,2.654,1.270,-0.247
2025-12-05T06:16:01.096871,-4.042,2.646,1.270,-0.247
2025-12-05T06:16:01.129589,-4.024,2.638,1.270,-0.247
2025-12-05T06:16:01.161641,-4.007,2.629,1.270,-0.247
2025-12-05T06:16:01.192584,-3.989,2.622,1.270,-0.247
2025-12-05T06:16:01.224763,-3.971,2.614,1.270,-0.247
2025-12-05T06:16:01.259858,-3.953,2.607,1.270,-0.247
2025-12-05T06:16:01.294636,-3.935,2.600,1.270,-0.247
2025-12-05T06:16:01.336253,-3.917,2.594,1.270,-0.247
2025-12-05T06:16:01.362524,-3.899,2.587,1.270,-0.247
2025-12-05T06:16:01.395151,-3.882,2.580,1.270,-0.247
2025-12-05T06:16:01.427698,-3.867,2.573,1.270,-0.247
2025-12-05T06:16:01.457382,-3.853,2.566,1.270,-0.247
2025-12-05T06:16:01.487744,-3.842,2.558,1.270,-0.247
2025-12-05T06:16:01.520224,-3.833,2.551,1.270,-0.247
2025-12-05T06:16:01.552474,-3.825,2.543,1.270,-0.247
2025-12-05T06:16:01.588370,-3.819,2.536,1.270,-0.247
2025-12-05T06:16:01.620175,-3.815,2.529,1.270,-0.247
2025-12-05T06:16:01.652842,-3.812,2.521,1.270,-0.247
2025-12-05T06:16:01.683785,-3.810,2.514,1.270,-0.247
2025-12-05T06:16:01.716464,-3.809,2.506,1.270,-0.247
2025-12-05T06:16:01.748274,-3.808,2.499,1.270,-0.247
2025-12-05T06:16:01.777786,-3.808,2.491,1.270,-0.247
2025-12-05T06:16:01.813263,-3.809,2.484,1.270,-0.247
2025-12-05T06:16:01.847770,-3.810,2.476,1.270,-0.247
2025-12-05T06:16:01.877331,-3.811,2.469,1.270,-0.247
2025-12-05T06:16:01.910232,-3.812,2.462,1.270,-0.247
2025-12-05T06:16:01.941274,-3.814,2.454,1.270,-0.247
2025-12-05T06:16:01.973938,-3.815,2.447,1.270,-0.247
2025-12-05T06:16:02.005538,-3.816,2.440,1.270,-0.247
2025-12-05T06:16:02.054138,-3.817,2.433,1.270,-0.247
2025-12-05T06:16:02.082722,-3.818,2.425,1.270,-0.247
2025-12-05T06:16:02.117439,-3.819,2.418,1.270,-0.247
2025-12-05T06:16:02.145784,-3.819,2.411,1.270,-0.247
2025-12-05T06:16:02.172564,-3.820,2.403,1.270,-0.247
2025-12-05T06:16:02.205772,-3.820,2.396,1.270,-0.247
2025-12-05T06:16:02.236611,-3.820,2.388,1.270,-0.247
2025-12-05T06:16:02.268337,-3.820,2.381,1.270,-0.247
2025-12-05T06:16:02.302479,-3.820,2.374,1.270,-0.247
2025-12-05T06:16:02.338955,-3.820,2.366,1.270,-0.247
2025-12-05T06:16:02.369275,-3.821,2.359,1.270,-0.247
2025-12-05T06:16:02.402141,-3.821,2.351,1.270,-0.247
2025-12-05T06:16:02.433767,-3.821,2.344,1.270,-0.247
2025-12-05T06:16:02.465145,-3.821,2.337,1.270,-0.247
2025-12-05T06:16:02.494920,-3.821,2.329,1.270,-0.247
2025-12-05T06:16:02.527530,-3.821,2.322,1.270,-0.247
2025-12-05T06:16:02.559749,-3.821,2.315,1.270,-0.247
2025-12-05T06:16:02.591799,-3.820,2.307,1.270,-0.247
2025-12-05T06:16:02.626341,-3.820,2.300,1.270,-0.247
2025-12-05T06:16:02.661374,-3.820,2.293,1.270,-0.247
2025-12-05T06:16:02.696023,-3.820,2.286,1.270,-0.247
2025-12-05T06:16:02.726650,-3.820,2.278,1.270,-0.247
2025-12-05T06:16:02.759386,-3.820,2.271,1.270,-0.247
2025-12-05T06:16:02.791805,-3.820,2.264,1.270,-0.247
2025-12-05T06:16:02.821465,-3.820,2.256,1.270,-0.247
2025-12-05T06:16:02.854679,-3.820,2.249,1.270,-0.247
2025-12-05T06:16:02.880629,-3.820,2.242,1.270,-0.247
2025-12-05T06:16:02.913263,-3.820,2.234,1.270,-0.247
2025-12-05T06:16:02.950226,-3.820,2.227,1.270,-0.247
2025-12-05T06:16:02.981777,-3.820,2.220,1.270,-0.247
2025-12-05T06:16:03.014012,-3.820,2.212,1.270,-0.247
2025-12-05T06:16:03.044459,-3.820,2.205,1.270,-0.247
2025-12-05T06:16:03.074792,-3.820,2.197,1.270,-0.247
2025-12-05T06:16:03.106653,-3.820,2.190,1.270,-0.247
2025-12-05T06:16:03.140525,-3.820,2.182,1.270,-0.247
2025-12-05T06:16:03.174792,-3.820,2.175,1.270,-0.247
2025-12-05T06:16:03.212899,-3.820,2.167,1.270,-0.247
2025-12-05T06:16:03.236905,-3.820,2.160,1.270,-0.247
2025-12-05T06:16:03.269428,-3.820,2.153,1.270,-0.247
2025-12-05T06:16:03.302119,-3.819,2.147,1.270,-0.247
2025-12-05T06:16:03.332354,-3.819,2.140,1.270,-0.247
2025-12-05T06:16:03.361771,-3.818,2.135,1.270,-0.247
2025-12-05T06:16:03.396926,-3.818,2.129,1.270,-0.247
2025-12-05T06:16:03.429807,-3.817,2.124,1.270,-0.247
2025-12-05T06:16:03.463857,-3.817,2.119,1.270,-0.247
2025-12-05T06:16:03.498443,-3.817,2.113,1.270,-0.247
2025-12-05T06:16:03.530538,-3.816,2.108,1.270,-0.247
2025-12-05T06:16:03.562013,-3.816,2.103,1.270,-0.247
2025-12-05T06:16:03.593655,-3.816,2.097,1.270,-0.247
2025-12-05T06:16:03.625997,-3.816,2.093,1.270,-0.247
2025-12-05T06:16:03.658304,-3.816,2.088,1.270,-0.247
2025-12-05T06:16:03.691197,-3.816,2.083,1.270,-0.247
2025-12-05T06:16:03.721929,-3.816,2.083,1.270,-0.247
2025-12-05T06:16:03.753908,-3.816,2.083,1.270,-0.247
2025-12-05T06:16:03.781588,-3.816,2.083,1.270,-0.247
2025-12-05T06:16:03.812620,-3.816,2.083,1.270,-0.247
2025-12-05T06:16:03.844036,-3.816,2.083,1.270,-0.247
2025-12-05T06:16:03.877012,-3.816,2.083,1.270,-0.247
2025-12-05T06:16:03.905721,-3.816,2.083,1.270,-0.247
2025-12-05T06:16:03.936564,-3.816,2.083,1.270,-0.247
2025-12-05T06:16:03.968760,-3.816,2.083,1.270,-0.247
2025-12-05T06:16:04.001090,-3.816,2.083,1.270,-0.247
2025-12-05T06:16:04.036936,-3.816,2.083,1.270,-0.247
2025-12-05T06:16:04.078535,-3.816,2.083,1.270,-0.247
2025-12-05T06:16:04.102976,-3.816,2.083,1.270,-0.247
2025-12-05T06:16:04.134519,-3.816,2.083,1.270,-0.247
2025-12-05T06:16:04.166694,-3.816,2.083,1.270,-0.247
2025-12-05T06:16:04.195204,-3.816,2.083,1.270,-0.247
2025-12-05T06:16:04.226642,-3.816,2.083,1.270,-0.247
2025-12-05T06:16:04.259821,-3.816,2.083,1.270,-0.247
2025-12-05T06:16:04.290518,-3.816,2.083,1.270,-0.247
2025-12-05T06:16:04.319690,-3.816,2.083,1.270,-0.247
2025-12-05T06:16:04.354493,-3.816,2.083,1.270,-0.247
2025-12-05T06:16:04.388243,-3.816,2.083,1.270,-0.247
2025-12-05T06:16:04.423945,-3.816,2.083,1.270,-0.247
2025-12-05T06:16:04.456937,-3.816,2.083,1.270,-0.247
2025-12-05T06:16:04.489036,-3.816,2.083,1.270,-0.247
2025-12-05T06:16:04.518061,-3.816,2.083,1.270,-0.247
2025-12-05T06:16:04.549994,-3.816,2.083,1.270,-0.247
2025-12-05T06:16:04.585187,-3.816,2.083,1.270,-0.247
2025-12-05T06:16:04.617594,-3.816,2.083,1.270,-0.247
2025-12-05T06:16:04.648080,-3.816,2.083,1.270,-0.247
2025-12-05T06:16:04.682367,-3.816,2.083,1.270,-0.247
2025-12-05T06:16:04.715193,-3.816,2.083,1.270,-0.247
2025-12-05T06:16:04.746290,-3.816,2.083,1.270,-0.247
2025-12-05T06:16:04.778838,-3.816,2.083,1.270,-0.247
2025-12-05T06:16:04.812857,-3.816,2.083,1.270,-0.247
2025-12-05T06:16:04.843512,-3.816,2.083,1.270,-0.247
2025-12-05T06:16:04.878971,-3.816,2.083,1.270,-0.247
2025-12-05T06:16:04.919057,-3.816,2.083,1.270,-0.247
2025-12-05T06:16:04.953292,-3.816,2.083,1.270,-0.247
2025-12-05T06:16:04.983925,-3.816,2.083,1.270,-0.247
2025-12-05T06:16:05.014293,-3.816,2.083,1.270,-0.247
2025-12-05T06:16:05.044424,-3.816,2.083,1.270,-0.247
2025-12-05T06:16:05.072253,-3.816,2.083,1.270,-0.247
2025-12-05T06:16:05.101541,-3.816,2.083,1.270,-0.247
2025-12-05T06:16:05.132427,-3.816,2.083,1.270,-0.247
2025-12-05T06:16:05.164672,-3.816,2.083,1.270,-0.247
2025-12-05T06:16:05.198601,-3.816,2.083,1.270,-0.247
2025-12-05T06:16:05.235616,-3.816,2.083,1.270,-0.247
2025-12-05T06:16:05.266103,-3.816,2.083,1.270,-0.247
2025-12-05T06:16:05.298385,-3.816,2.083,1.270,-0.247
2025-12-05T06:16:05.330295,-3.816,2.083,1.270,-0.247
2025-12-05T06:16:05.362039,-3.816,2.083,1.270,-0.247
2025-12-05T06:16:05.392405,-3.816,2.083,1.270,-0.247
2025-12-05T06:16:05.424440,-3.816,2.083,1.270,-0.247
2025-12-05T06:16:05.456669,-3.816,2.083,1.270,-0.247
2025-12-05T06:16:05.492519,-3.816,2.083,1.270,-0.247
2025-12-05T06:16:05.524286,-3.816,2.083,1.270,-0.247
2025-12-05T06:16:05.556542,-3.816,2.083,1.270,-0.247
2025-12-05T06:16:05.588383,-3.816,2.083,1.270,-0.247
2025-12-05T06:16:05.621069,-3.816,2.083,1.270,-0.247
2025-12-05T06:16:05.656082,-3.816,2.083,1.270,-0.247
2025-12-05T06:16:05.686595,-3.816,2.083,1.270,-0.247
2025-12-05T06:16:05.719511,-3.816,2.083,1.270,-0.247
2025-12-05T06:16:05.753057,-3.816,2.083,1.270,-0.247
2025-12-05T06:16:05.784668,-3.816,2.083,1.270,-0.247
2025-12-05T06:16:05.821710,-3.816,2.083,1.270,-0.247
2025-12-05T06:16:05.857176,-3.816,2.083,1.270,-0.247
2025-12-05T06:16:05.888462,-3.816,2.083,1.270,-0.247
2025-12-05T06:16:05.913677,-3.816,2.083,1.270,-0.247
2025-12-05T06:16:05.946446,-3.816,2.083,1.270,-0.247
2025-12-05T06:16:05.980522,-3.816,2.083,1.270,-0.247
2025-12-05T06:16:06.015080,-3.816,2.083,1.270,-0.247
2025-12-05T06:16:06.048993,-3.816,2.083,1.270,-0.247
2025-12-05T06:16:06.080252,-3.816,2.083,1.270,-0.247
2025-12-05T06:16:06.109382,-3.816,2.083,1.270,-0.247
2025-12-05T06:16:06.140858,-3.816,2.083,1.270,-0.247
2025-12-05T06:16:06.172693,-3.816,2.083,1.270,-0.247
2025-12-05T06:16:06.204780,-3.816,2.083,1.270,-0.247
2025-12-05T06:16:06.236650,-3.816,2.083,1.270,-0.247
2025-12-05T06:16:06.270831,-3.816,2.083,1.270,-0.247
2025-12-05T06:16:06.305040,-3.816,2.083,1.270,-0.247
2025-12-05T06:16:06.335629,-3.816,2.083,1.270,-0.247
2025-12-05T06:16:06.367896,-3.816,2.083,1.270,-0.247
2025-12-05T06:16:06.398034,-3.816,2.083,1.270,-0.247
2025-12-05T06:16:06.432482,-3.816,2.083,1.270,-0.247
2025-12-05T06:16:06.464620,-3.816,2.083,1.270,-0.247
2025-12-05T06:16:06.496649,-3.816,2.083,1.270,-0.247
2025-12-05T06:16:06.531925,-3.816,2.083,1.270,-0.247
2025-12-05T06:16:06.564270,-3.816,2.083,1.270,-0.247
2025-12-05T06:16:06.595927,-3.816,2.083,1.270,-0.247
2025-12-05T06:16:06.628458,-3.816,2.083,1.270,-0.247
2025-12-05T06:16:06.661275,-3.816,2.083,1.270,-0.247
2025-12-05T06:16:06.693804,-3.816,2.083,1.270,-0.247
2025-12-05T06:16:06.727387,-3.816,2.083,1.270,-0.247
2025-12-05T06:16:06.762979,-3.816,2.083,1.270,-0.247
2025-12-05T06:16:06.794706,-3.816,2.083,1.270,-0.247
2025-12-05T06:16:06.827171,-3.816,2.083,1.270,-0.247
2025-12-05T06:16:06.859081,-3.816,2.083,1.270,-0.247
2025-12-05T06:16:06.890846,-3.816,2.083,1.270,-0.247
2025-12-05T06:16:06.920844,-3.816,2.083,1.270,-0.247
2025-12-05T06:16:06.952458,-3.816,2.083,1.270,-0.247
2025-12-05T06:16:06.987081,-3.816,2.083,1.270,-0.247
2025-12-05T06:16:07.019575,-3.816,2.083,1.270,-0.247
2025-12-05T06:16:07.050024,-3.816,2.083,1.270,-0.247
2025-12-05T06:16:07.086997,-3.816,2.083,1.270,-0.247
2025-12-05T06:16:07.116961,-3.816,2.083,1.270,-0.247
2025-12-05T06:16:07.151071,-3.816,2.083,1.270,-0.247
2025-12-05T06:16:07.184899,-3.816,2.083,1.270,-0.247
2025-12-05T06:16:07.212491,-3.816,2.083,1.270,-0.247
2025-12-05T06:16:07.243418,-3.816,2.083,1.270,-0.247
2025-12-05T06:16:07.275606,-3.816,2.083,1.270,-0.247
2025-12-05T06:16:07.309370,-3.816,2.083,1.270,-0.247
2025-12-05T06:16:07.340265,-3.816,2.083,1.270,-0.247
2025-12-05T06:16:07.370692,-3.816,2.083,1.270,-0.247
2025-12-05T06:16:07.403017,-3.816,2.083,1.270,-0.247
2025-12-05T06:16:07.438346,-3.816,2.083,1.270,-0.247
2025-12-05T06:16:07.471187,-3.816,2.083,1.270,-0.247
2025-12-05T06:16:07.498234,-3.816,2.083,1.270,-0.247
2025-12-05T06:16:07.531602,-3.816,2.083,1.270,-0.247
2025-12-05T06:16:07.564588,-3.816,2.083,1.270,-0.247
2025-12-05T06:16:07.596429,-3.816,2.083,1.270,-0.247
2025-12-05T06:16:07.632887,-3.816,2.083,1.270,-0.247
2025-12-05T06:16:07.666249,-3.816,2.083,1.270,-0.247
2025-12-05T06:16:07.700477,-3.816,2.083,1.270,-0.247
2025-12-05T06:16:07.735186,-3.816,2.083,1.270,-0.247
2025-12-05T06:16:07.765601,-3.816,2.083,1.270,-0.247
2025-12-05T06:16:07.795201,-3.816,2.083,1.270,-0.247
2025-12-05T06:16:07.827287,-3.816,2.083,1.270,-0.247
2025-12-05T06:16:07.857357,-3.816,2.083,1.270,-0.247
2025-12-05T06:16:07.887087,-3.816,2.083,1.270,-0.247
2025-12-05T06:16:07.923126,-3.816,2.083,1.270,-0.247
2025-12-05T06:16:07.954531,-3.816,2.083,1.270,-0.247
2025-12-05T06:16:07.988051,-3.816,2.083,1.270,-0.247
2025-12-05T06:16:08.025700,-3.816,2.083,1.270,-0.247
2025-12-05T06:16:08.059672,-3.816,2.083,1.270,-0.247
2025-12-05T06:16:08.096535,-3.816,2.083,1.270,-0.247
2025-12-05T06:16:08.127001,-3.816,2.083,1.270,-0.247
2025-12-05T06:16:08.156195,-3.816,2.083,1.270,-0.247
2025-12-05T06:16:08.187167,-3.816,2.083,1.270,-0.247
2025-12-05T06:16:08.217744,-3.816,2.083,1.270,-0.247
2025-12-05T06:16:08.246698,-3.816,2.083,1.270,-0.247
2025-12-05T06:16:08.280644,-3.816,2.083,1.270,-0.247
2025-12-05T06:16:08.311341,-3.816,2.083,1.270,-0.247
2025-12-05T06:16:08.345620,-3.816,2.083,1.270,-0.247
2025-12-05T06:16:08.379148,-3.816,2.083,1.270,-0.247
2025-12-05T06:16:08.415775,-3.816,2.083,1.270,-0.247
2025-12-05T06:16:08.448078,-3.816,2.083,1.270,-0.247
2025-12-05T06:16:08.482814,-3.816,2.083,1.270,-0.247
2025-12-05T06:16:08.514345,-3.816,2.083,1.270,-0.247
2025-12-05T06:16:08.544874,-3.816,2.083,1.270,-0.247
2025-12-05T06:16:08.573146,-3.816,2.083,1.270,-0.247
2025-12-05T06:16:08.604440,-3.816,2.083,1.270,-0.247
2025-12-05T06:16:08.637290,-3.816,2.083,1.270,-0.247
2025-12-05T06:16:08.669922,-3.816,2.083,1.270,-0.247
2025-12-05T06:16:08.702723,-3.816,2.083,1.270,-0.247
2025-12-05T06:16:08.736769,-3.816,2.083,1.270,-0.247
2025-12-05T06:16:08.766111,-3.816,2.083,1.270,-0.247
2025-12-05T06:16:08.798017,-3.816,2.083,1.270,-0.247
2025-12-05T06:16:08.833061,-3.816,2.083,1.270,-0.247
2025-12-05T06:16:08.865815,-3.816,2.083,1.270,-0.247
2025-12-05T06:16:08.899209,-3.816,2.083,1.270,-0.247
2025-12-05T06:16:08.931285,-3.816,2.083,1.270,-0.247
2025-12-05T06:16:08.962609,-3.816,2.083,1.270,-0.247
2025-12-05T06:16:08.996697,-3.816,2.083,1.270,-0.247
2025-12-05T06:16:09.027069,-3.816,2.083,1.270,-0.247
2025-12-05T06:16:09.060652,-3.816,2.083,1.270,-0.247
2025-12-05T06:16:09.094566,-3.816,2.083,1.270,-0.247
2025-12-05T06:16:09.127116,-3.816,2.083,1.270,-0.247
2025-12-05T06:16:09.159813,-3.816,2.083,1.270,-0.247
2025-12-05T06:16:09.191859,-3.816,2.083,1.270,-0.247
2025-12-05T06:16:09.220828,-3.816,2.083,1.270,-0.247
2025-12-05T06:16:09.251172,-3.816,2.083,1.270,-0.247
2025-12-05T06:16:09.282527,-3.816,2.083,1.270,-0.247
2025-12-05T06:16:09.314527,-3.816,2.083,1.270,-0.247
2025-12-05T06:16:09.347245,-3.816,2.083,1.270,-0.247
2025-12-05T06:16:09.383359,-3.816,2.083,1.270,-0.247
2025-12-05T06:16:09.414227,-3.816,2.083,1.270,-0.247
2025-12-05T06:16:09.447986,-3.816,2.083,1.270,-0.247
2025-12-05T06:16:09.478251,-3.816,2.083,1.270,-0.247
2025-12-05T06:16:09.508842,-3.816,2.083,1.270,-0.247
2025-12-05T06:16:09.541885,-3.816,2.083,1.270,-0.247
2025-12-05T06:16:09.575040,-3.816,2.083,1.270,-0.247
2025-12-05T06:16:09.606799,-3.816,2.083,1.270,-0.247
2025-12-05T06:16:09.640846,-3.816,2.083,1.270,-0.247
2025-12-05T06:16:09.672160,-3.816,2.083,1.270,-0.247
2025-12-05T06:16:09.705021,-3.816,2.083,1.270,-0.247
2025-12-05T06:16:09.735157,-3.816,2.083,1.270,-0.247
2025-12-05T06:16:09.765740,-3.816,2.083,1.270,-0.247
2025-12-05T06:16:09.798464,-3.816,2.083,1.270,-0.247
2025-12-05T06:16:09.832425,-3.816,2.083,1.270,-0.247
2025-12-05T06:16:09.864928,-3.816,2.083,1.270,-0.247
2025-12-05T06:16:09.899071,-3.816,2.083,1.270,-0.247
2025-12-05T06:16:09.932543,-3.816,2.083,1.270,-0.247
2025-12-05T06:16:09.964925,-3.816,2.083,1.270,-0.247
2025-12-05T06:16:09.995717,-3.816,2.083,1.270,-0.247
2025-12-05T06:16:10.028903,-3.816,2.083,1.270,-0.247
2025-12-05T06:16:10.061008,-3.816,2.083,1.270,-0.247
2025-12-05T06:16:10.094807,-3.816,2.083,1.270,-0.247
2025-12-05T06:16:10.128219,-3.816,2.083,1.270,-0.247
2025-12-05T06:16:10.161656,-3.816,2.083,1.270,-0.247
2025-12-05T06:16:10.195713,-3.816,2.083,1.270,-0.247
2025-12-05T06:16:10.227704,-3.816,2.083,1.270,-0.247
2025-12-05T06:16:10.259892,-3.816,2.083,1.270,-0.247
2025-12-05T06:16:10.292284,-3.816,2.083,1.270,-0.247
2025-12-05T06:16:10.323299,-3.816,2.083,1.270,-0.247
2025-12-05T06:16:10.355183,-3.816,2.083,1.270,-0.247
2025-12-05T06:16:10.391848,-3.816,2.083,1.270,-0.247
2025-12-05T06:16:10.422919,-3.816,2.083,1.270,-0.247
2025-12-05T06:16:10.455308,-3.816,2.083,1.270,-0.247
2025-12-05T06:16:10.487408,-3.816,2.083,1.270,-0.247
2025-12-05T06:16:10.517295,-3.816,2.083,1.270,-0.247
2025-12-05T06:16:10.549096,-3.816,2.083,1.270,-0.247
2025-12-05T06:16:10.583528,-3.816,2.083,1.270,-0.247
2025-12-05T06:16:10.614461,-3.816,2.083,1.270,-0.247
2025-12-05T06:16:10.647740,-3.816,2.083,1.270,-0.247
2025-12-05T06:16:10.683749,-3.816,2.083,1.270,-0.247
2025-12-05T06:16:10.715115,-3.816,2.083,1.270,-0.247
2025-12-05T06:16:10.745166,-3.816,2.083,1.270,-0.247
2025-12-05T06:16:10.781080,-3.816,2.083,1.270,-0.247
2025-12-05T06:16:10.812054,-3.816,2.083,1.270,-0.247
2025-12-05T06:16:10.844201,-3.816,2.083,1.270,-0.247
2025-12-05T06:16:10.875864,-3.816,2.083,1.270,-0.247
2025-12-05T06:16:10.908254,-3.816,2.083,1.270,-0.247
2025-12-05T06:16:10.944755,-3.816,2.083,1.270,-0.247
2025-12-05T06:16:10.977689,-3.816,2.083,1.270,-0.247
2025-12-05T06:16:11.011929,-3.816,2.083,1.270,-0.247
2025-12-05T06:16:11.043973,-3.816,2.083,1.270,-0.247
2025-12-05T06:16:11.075822,-3.816,2.083,1.270,-0.247
2025-12-05T06:16:11.106472,-3.816,2.083,1.270,-0.247
2025-12-05T06:16:11.139435,-3.816,2.083,1.270,-0.247
2025-12-05T06:16:11.171364,-3.816,2.083,1.270,-0.247
2025-12-05T06:16:11.202951,-3.816,2.083,1.270,-0.247
2025-12-05T06:16:11.235083,-3.816,2.083,1.270,-0.247
2025-12-05T06:16:11.269161,-3.816,2.083,1.270,-0.247
2025-12-05T06:16:11.302897,-3.816,2.083,1.270,-0.247
2025-12-05T06:16:11.334627,-3.816,2.083,1.270,-0.247
2025-12-05T06:16:11.366213,-3.816,2.083,1.270,-0.247
2025-12-05T06:16:11.399235,-3.816,2.083,1.270,-0.247
2025-12-05T06:16:11.435028,-3.816,2.083,1.270,-0.247
2025-12-05T06:16:11.466902,-3.816,2.083,1.270,-0.247
2025-12-05T06:16:11.498869,-3.816,2.083,1.270,-0.247
2025-12-05T06:16:11.530799,-3.816,2.083,1.270,-0.247
2025-12-05T06:16:11.561115,-3.816,2.083,1.270,-0.247
2025-12-05T06:16:11.594588,-3.816,2.083,1.270,-0.247
2025-12-05T06:16:11.628796,-3.816,2.083,1.270,-0.247
2025-12-05T06:16:11.659547,-3.816,2.083,1.270,-0.247
2025-12-05T06:16:11.693541,-3.816,2.083,1.270,-0.247
2025-12-05T06:16:11.726180,-3.816,2.083,1.270,-0.247
2025-12-05T06:16:11.761509,-3.816,2.083,1.270,-0.247
2025-12-05T06:16:11.788279,-3.816,2.083,1.270,-0.247
2025-12-05T06:16:11.818074,-3.816,2.083,1.270,-0.247
2025-12-05T06:16:11.849881,-3.816,2.083,1.270,-0.247
2025-12-05T06:16:11.884922,-3.816,2.083,1.270,-0.247
2025-12-05T06:16:11.915916,-3.816,2.083,1.270,-0.247
2025-12-05T06:16:11.950270,-3.816,2.083,1.270,-0.247
2025-12-05T06:16:11.984736,-3.816,2.083,1.270,-0.247
2025-12-05T06:16:12.015956,-3.816,2.083,1.270,-0.247
2025-12-05T06:16:12.050162,-3.816,2.083,1.270,-0.247
2025-12-05T06:16:12.083046,-3.816,2.083,1.270,-0.247
2025-12-05T06:16:12.114443,-3.816,2.083,1.270,-0.247
2025-12-05T06:16:12.147591,-3.816,2.083,1.270,-0.247
2025-12-05T06:16:12.179202,-3.816,2.083,1.270,-0.247
2025-12-05T06:16:12.213467,-3.816,2.083,1.270,-0.247
2025-12-05T06:16:12.244136,-3.816,2.083,1.270,-0.247
2025-12-05T06:16:12.273796,-3.816,2.083,1.270,-0.247
2025-12-05T06:16:12.309597,-3.816,2.083,1.270,-0.247
2025-12-05T06:16:12.344048,-3.816,2.083,1.270,-0.247
2025-12-05T06:16:12.376211,-3.816,2.083,1.270,-0.247
2025-12-05T06:16:12.407599,-3.816,2.083,1.270,-0.247
2025-12-05T06:16:12.439783,-3.816,2.083,1.270,-0.247
2025-12-05T06:16:12.471487,-3.816,2.083,1.270,-0.247
2025-12-05T06:16:12.502485,-3.816,2.083,1.270,-0.247
2025-12-05T06:16:12.535787,-3.816,2.083,1.270,-0.247
2025-12-05T06:16:12.568804,-3.816,2.083,1.270,-0.247
2025-12-05T06:16:12.603236,-3.816,2.083,1.270,-0.247
2025-12-05T06:16:12.632438,-3.816,2.083,1.270,-0.247
2025-12-05T06:16:12.663196,-3.816,2.083,1.270,-0.247
2025-12-05T06:16:12.697059,-3.816,2.083,1.270,-0.247
2025-12-05T06:16:12.728497,-3.816,2.083,1.270,-0.247
2025-12-05T06:16:12.760507,-3.816,2.083,1.270,-0.247
2025-12-05T06:16:12.796379,-3.816,2.083,1.270,-0.247
2025-12-05T06:16:12.828217,-3.816,2.083,1.270,-0.247
2025-12-05T06:16:12.859179,-3.816,2.083,1.270,-0.247
2025-12-05T06:16:12.892889,-3.816,2.083,1.270,-0.247
2025-12-05T06:16:12.924481,-3.816,2.083,1.270,-0.247
2025-12-05T06:16:12.954210,-3.816,2.083,1.270,-0.247
2025-12-05T06:16:12.988671,-3.816,2.083,1.270,-0.247
2025-12-05T06:16:13.020197,-3.816,2.083,1.270,-0.247
2025-12-05T06:16:13.053169,-3.816,2.083,1.270,-0.247
2025-12-05T06:16:13.089515,-3.816,2.083,1.270,-0.247
2025-12-05T06:16:13.123905,-3.816,2.083,1.270,-0.247
2025-12-05T06:16:13.157443,-3.816,2.083,1.270,-0.247
2025-12-05T06:16:13.191566,-3.816,2.083,1.270,-0.247
2025-12-05T06:16:13.221174,-3.816,2.083,1.270,-0.247
2025-12-05T06:16:13.251081,-3.816,2.083,1.270,-0.247
2025-12-05T06:16:13.282648,-3.816,2.083,1.270,-0.247
2025-12-05T06:16:13.314039,-3.816,2.083,1.270,-0.247
2025-12-05T06:16:13.345737,-3.816,2.083,1.270,-0.247
2025-12-05T06:16:13.382922,-3.816,2.083,1.270,-0.247
2025-12-05T06:16:13.415425,-3.816,2.083,1.270,-0.247
2025-12-05T06:16:13.454894,-3.816,2.083,1.270,-0.247
2025-12-05T06:16:13.479243,-3.816,2.083,1.270,-0.247
2025-12-05T06:16:13.509361,-3.816,2.083,1.270,-0.247
2025-12-05T06:16:13.543512,-3.816,2.083,1.270,-0.247
2025-12-05T06:16:13.575793,-3.816,2.083,1.270,-0.247
2025-12-05T06:16:13.607470,-3.816,2.083,1.270,-0.247
2025-12-05T06:16:13.637728,-3.816,2.083,1.270,-0.247
2025-12-05T06:16:13.671765,-3.816,2.083,1.270,-0.247
2025-12-05T06:16:13.703095,-3.816,2.083,1.270,-0.247
2025-12-05T06:16:13.736083,-3.816,2.083,1.270,-0.247
2025-12-05T06:16:13.770705,-3.816,2.083,1.270,-0.247
2025-12-05T06:16:13.802089,-3.816,2.083,1.270,-0.247
2025-12-05T06:16:13.836585,-3.816,2.083,1.270,-0.247
2025-12-05T06:16:13.868407,-3.816,2.083,1.270,-0.247
2025-12-05T06:16:13.898766,-3.816,2.083,1.270,-0.247
2025-12-05T06:16:13.932566,-3.816,2.083,1.270,-0.247
2025-12-05T06:16:13.963939,-3.816,2.083,1.270,-0.247
2025-12-05T06:16:13.999484,-3.816,2.083,1.270,-0.247
2025-12-05T06:16:14.032699,-3.816,2.083,1.270,-0.247
2025-12-05T06:16:14.065972,-3.816,2.083,1.270,-0.247
2025-12-05T06:16:14.100269,-3.816,2.083,1.270,-0.247
2025-12-05T06:16:14.128593,-3.816,2.083,1.270,-0.247
2025-12-05T06:16:14.159923,-3.816,2.083,1.270,-0.247
2025-12-05T06:16:14.192987,-3.816,2.083,1.270,-0.247
2025-12-05T06:16:14.226901,-3.816,2.083,1.270,-0.247
2025-12-05T06:16:14.258353,-3.816,2.083,1.270,-0.247
2025-12-05T06:16:14.288563,-3.816,2.083,1.270,-0.247
2025-12-05T06:16:14.325533,-3.816,2.083,1.270,-0.247
2025-12-05T06:16:14.357785,-3.816,2.083,1.270,-0.247
2025-12-05T06:16:14.391148,-3.816,2.083,1.270,-0.247
2025-12-05T06:16:14.420245,-3.816,2.083,1.270,-0.247
2025-12-05T06:16:14.452507,-3.816,2.083,1.270,-0.247
2025-12-05T06:16:14.485821,-3.816,2.083,1.270,-0.247
2025-12-05T06:16:14.517701,-3.816,2.083,1.270,-0.247
2025-12-05T06:16:14.551266,-3.816,2.083,1.270,-0.247
2025-12-05T06:16:14.585370,-3.816,2.083,1.270,-0.247
2025-12-05T06:16:14.617450,-3.816,2.083,1.270,-0.247
2025-12-05T06:16:14.649105,-3.816,2.083,1.270,-0.247
2025-12-05T06:16:14.680272,-3.816,2.083,1.270,-0.247
2025-12-05T06:16:14.711200,-3.816,2.083,1.270,-0.247
2025-12-05T06:16:14.746298,-3.816,2.083,1.270,-0.247
2025-12-05T06:16:14.781189,-3.816,2.083,1.270,-0.247
2025-12-05T06:16:14.815851,-3.816,2.083,1.270,-0.247
2025-12-05T06:16:14.846626,-3.816,2.083,1.270,-0.247
2025-12-05T06:16:14.879278,-3.816,2.083,1.270,-0.247
2025-12-05T06:16:14.911463,-3.816,2.083,1.270,-0.247
2025-12-05T06:16:14.942977,-3.816,2.083,1.270,-0.247
2025-12-05T06:16:14.973545,-3.816,2.083,1.270,-0.247
2025-12-05T06:16:15.003750,-3.816,2.083,1.270,-0.247
2025-12-05T06:16:15.036217,-3.816,2.083,1.270,-0.247
2025-12-05T06:16:15.069013,-3.816,2.083,1.270,-0.247
2025-12-05T06:16:15.102332,-3.816,2.083,1.270,-0.247
2025-12-05T06:16:15.134931,-3.816,2.083,1.270,-0.247
2025-12-05T06:16:15.170558,-3.816,2.083,1.270,-0.247
2025-12-05T06:16:15.204893,-3.816,2.083,1.270,-0.247
2025-12-05T06:16:15.240822,-3.816,2.083,1.270,-0.247
2025-12-05T06:16:15.270917,-3.816,2.083,1.270,-0.247
2025-12-05T06:16:15.304537,-3.816,2.083,1.270,-0.247
2025-12-05T06:16:15.334727,-3.816,2.083,1.270,-0.247
2025-12-05T06:16:15.367415,-3.816,2.083,1.270,-0.247
2025-12-05T06:16:15.399766,-3.816,2.083,1.270,-0.247
2025-12-05T06:16:15.431156,-3.816,2.083,1.270,-0.247
2025-12-05T06:16:15.465005,-3.816,2.083,1.270,-0.247
2025-12-05T06:16:15.498764,-3.816,2.083,1.270,-0.247
2025-12-05T06:16:15.530925,-3.816,2.083,1.270,-0.247
2025-12-05T06:16:15.563056,-3.816,2.083,1.270,-0.247
2025-12-05T06:16:15.594732,-3.816,2.083,1.270,-0.247
2025-12-05T06:16:15.625496,-3.816,2.083,1.270,-0.247
2025-12-05T06:16:15.658757,-3.816,2.083,1.270,-0.247
2025-12-05T06:16:15.695250,-3.816,2.083,1.270,-0.247
2025-12-05T06:16:15.727406,-3.816,2.083,1.270,-0.247
2025-12-05T06:16:15.759750,-3.816,2.083,1.270,-0.247
2025-12-05T06:16:15.791136,-3.816,2.083,1.270,-0.247
2025-12-05T06:16:15.822779,-3.816,2.083,1.270,-0.247
2025-12-05T06:16:15.853185,-3.816,2.083,1.270,-0.247
2025-12-05T06:16:15.886654,-3.816,2.083,1.270,-0.247
2025-12-05T06:16:15.919819,-3.816,2.075,1.270,-0.247
2025-12-05T06:16:15.952499,-3.816,2.067,1.270,-0.247
2025-12-05T06:16:15.984994,-3.816,2.059,1.270,-0.247
2025-12-05T06:16:16.017218,-3.815,2.050,1.270,-0.247
2025-12-05T06:16:16.048996,-3.815,2.042,1.270,-0.247
2025-12-05T06:16:16.080353,-3.816,2.034,1.270,-0.247
2025-12-05T06:16:16.110787,-3.815,2.026,1.270,-0.247
2025-12-05T06:16:16.146659,-3.815,2.018,1.270,-0.247
2025-12-05T06:16:16.177719,-3.815,2.010,1.270,-0.247
2025-12-05T06:16:16.211777,-3.815,2.002,1.270,-0.247
2025-12-05T06:16:16.244889,-3.816,1.994,1.270,-0.247
2025-12-05T06:16:16.277564,-3.816,1.986,1.270,-0.247
2025-12-05T06:16:16.309140,-3.816,1.978,1.270,-0.247
2025-12-05T06:16:16.340321,-3.816,1.970,1.270,-0.247
2025-12-05T06:16:16.373138,-3.816,1.962,1.270,-0.247
2025-12-05T06:16:16.405781,-3.816,1.954,1.270,-0.247
2025-12-05T06:16:16.441711,-3.817,1.946,1.270,-0.247
2025-12-05T06:16:16.473990,-3.817,1.938,1.270,-0.247
2025-12-05T06:16:16.507676,-3.816,1.930,1.270,-0.247
2025-12-05T06:16:16.539746,-3.816,1.922,1.270,-0.247
2025-12-05T06:16:16.568602,-3.816,1.914,1.270,-0.247
2025-12-05T06:16:16.599446,-3.816,1.906,1.270,-0.247
2025-12-05T06:16:16.632557,-3.816,1.898,1.270,-0.247
2025-12-05T06:16:16.664000,-3.817,1.889,1.270,-0.247
2025-12-05T06:16:16.700797,-3.816,1.881,1.270,-0.247
2025-12-05T06:16:16.732687,-3.815,1.872,1.270,-0.247
2025-12-05T06:16:16.764833,-3.815,1.864,1.270,-0.247
2025-12-05T06:16:16.796075,-3.816,1.856,1.270,-0.247
2025-12-05T06:16:16.829023,-3.815,1.847,1.270,-0.247
2025-12-05T06:16:16.860620,-3.815,1.837,1.270,-0.247
2025-12-05T06:16:16.891733,-3.815,1.825,1.270,-0.247
2025-12-05T06:16:16.922578,-3.815,1.811,1.270,-0.247
2025-12-05T06:16:16.958591,-3.815,1.798,1.270,-0.247
2025-12-05T06:16:16.991842,-3.814,1.785,1.270,-0.247
2025-12-05T06:16:17.025303,-3.811,1.775,1.270,-0.247
2025-12-05T06:16:17.056346,-3.809,1.764,1.270,-0.247
2025-12-05T06:16:17.087341,-3.809,1.754,1.270,-0.247
2025-12-05T06:16:17.116514,-3.811,1.745,1.270,-0.247
2025-12-05T06:16:17.150544,-3.813,1.737,1.270,-0.247
2025-12-05T06:16:17.186460,-3.814,1.728,1.270,-0.247
2025-12-05T06:16:17.217605,-3.817,1.720,1.270,-0.247
2025-12-05T06:16:17.251988,-3.818,1.711,1.270,-0.247
2025-12-05T06:16:17.286488,-3.820,1.702,1.270,-0.247
2025-12-05T06:16:17.318602,-3.822,1.695,1.270,-0.247
2025-12-05T06:16:17.351745,-3.826,1.690,1.270,-0.247
2025-12-05T06:16:17.385650,-3.831,1.687,1.270,-0.247
2025-12-05T06:16:17.421130,-3.832,1.688,1.270,-0.247
2025-12-05T06:16:17.451831,-3.834,1.686,1.270,-0.247
2025-12-05T06:16:17.483923,-3.853,1.691,1.270,-0.275
2025-12-05T06:16:17.514983,-3.867,1.700,1.270,-0.302
2025-12-05T06:16:17.542636,-3.881,1.706,1.270,-0.330
2025-12-05T06:16:17.574434,-3.894,1.712,1.270,-0.357
2025-12-05T06:16:17.607105,-3.906,1.717,1.270,-0.384
2025-12-05T06:16:17.640231,-3.916,1.718,1.270,-0.410
2025-12-05T06:16:17.675288,-3.926,1.719,1.270,-0.436
2025-12-05T06:16:17.706240,-3.935,1.718,1.270,-0.462
2025-12-05T06:16:17.740559,-3.944,1.717,1.270,-0.487
2025-12-05T06:16:17.772652,-3.953,1.716,1.270,-0.512
2025-12-05T06:16:17.802289,-3.961,1.715,1.270,-0.537
2025-12-05T06:16:17.836686,-3.967,1.716,1.270,-0.561
2025-12-05T06:16:17.865286,-3.975,1.714,1.270,-0.584
2025-12-05T06:16:17.897055,-3.984,1.712,1.270,-0.607
2025-12-05T06:16:17.928273,-3.992,1.709,1.270,-0.630
2025-12-05T06:16:17.959445,-4.000,1.706,1.270,-0.652
2025-12-05T06:16:17.994210,-4.008,1.704,1.270,-0.674
2025-12-05T06:16:18.031519,-4.016,1.701,1.270,-0.695
2025-12-05T06:16:18.066259,-4.024,1.698,1.270,-0.715
2025-12-05T06:16:18.102278,-4.032,1.695,1.270,-0.735
2025-12-05T06:16:18.133564,-4.040,1.692,1.270,-0.754
2025-12-05T06:16:18.160913,-4.048,1.689,1.270,-0.773
2025-12-05T06:16:18.193079,-4.056,1.685,1.270,-0.791
2025-12-05T06:16:18.226342,-4.063,1.682,1.270,-0.808
2025-12-05T06:16:18.257148,-4.071,1.679,1.270,-0.825
2025-12-05T06:16:18.290006,-4.078,1.676,1.270,-0.841
2025-12-05T06:16:18.321897,-4.085,1.673,1.270,-0.856
2025-12-05T06:16:18.357279,-4.092,1.670,1.270,-0.870
2025-12-05T06:16:18.393118,-4.097,1.667,1.270,-0.884
2025-12-05T06:16:18.428652,-4.102,1.665,1.270,-0.897
2025-12-05T06:16:18.460042,-4.107,1.662,1.270,-0.910
2025-12-05T06:16:18.488486,-4.112,1.659,1.270,-0.921
2025-12-05T06:16:18.518467,-4.118,1.657,1.270,-0.932
2025-12-05T06:16:18.550566,-4.123,1.654,1.270,-0.942
2025-12-05T06:16:18.585007,-4.127,1.652,1.270,-0.951
2025-12-05T06:16:18.617028,-4.122,1.654,1.270,-0.960
2025-12-05T06:16:18.650635,-4.115,1.658,1.270,-0.968
2025-12-05T06:16:18.693202,-4.107,1.663,1.270,-0.974
2025-12-05T06:16:18.722722,-4.099,1.668,1.270,-0.980
2025-12-05T06:16:18.757271,-4.091,1.674,1.270,-0.986
2025-12-05T06:16:18.789596,-4.086,1.677,1.270,-0.990
2025-12-05T06:16:18.821263,-4.081,1.681,1.270,-0.994
2025-12-05T06:16:18.850014,-4.076,1.684,1.270,-0.997
2025-12-05T06:16:18.883854,-4.071,1.687,1.270,-0.999
2025-12-05T06:16:18.917062,-4.067,1.689,1.270,-1.000
2025-12-05T06:16:18.947383,-4.063,1.691,1.270,1.000
2025-12-05T06:16:18.980924,-4.058,1.693,1.270,0.999
2025-12-05T06:16:19.010809,-4.054,1.695,1.270,0.998
2025-12-05T06:16:19.046239,-4.049,1.697,1.270,0.996
2025-12-05T06:16:19.079407,-4.044,1.699,1.270,0.993
2025-12-05T06:16:19.112499,-4.040,1.701,1.270,0.989
2025-12-05T06:16:19.143479,-4.036,1.703,1.270,0.984
2025-12-05T06:16:19.173201,-4.032,1.704,1.270,0.979
2025-12-05T06:16:19.203386,-4.029,1.706,1.270,0.973
2025-12-05T06:16:19.233420,-4.025,1.707,1.270,0.966
2025-12-05T06:16:19.265191,-4.022,1.709,1.270,0.958
2025-12-05T06:16:19.300162,-4.019,1.711,1.270,0.949
2025-12-05T06:16:19.335600,-4.015,1.713,1.270,0.940
2025-12-05T06:16:19.366410,-4.012,1.715,1.270,0.929
2025-12-05T06:16:19.400080,-4.008,1.716,1.270,0.918
2025-12-05T06:16:19.433966,-4.005,1.718,1.270,0.907
2025-12-05T06:16:19.464107,-4.002,1.718,1.270,0.894
2025-12-05T06:16:19.497176,-3.999,1.719,1.270,0.881
2025-12-05T06:16:19.531113,-3.996,1.720,1.270,0.867
2025-12-05T06:16:19.561983,-3.994,1.721,1.270,0.852
2025-12-05T06:16:19.599830,-3.991,1.722,1.270,0.837
2025-12-05T06:16:19.631796,-3.989,1.723,1.270,0.821
2025-12-05T06:16:19.664540,-3.987,1.724,1.270,0.804
2025-12-05T06:16:19.695583,-3.985,1.724,1.270,0.786
2025-12-05T06:16:19.728389,-3.983,1.725,1.270,0.768
2025-12-05T06:16:19.760534,-3.982,1.726,1.270,0.749
2025-12-05T06:16:19.791960,-3.980,1.726,1.270,0.730
2025-12-05T06:16:19.824818,-3.977,1.728,1.270,0.710
2025-12-05T06:16:19.855672,-3.982,1.724,1.270,0.689
2025-12-05T06:16:19.888924,-3.976,1.727,1.270,0.668
2025-12-05T06:16:19.925121,-3.970,1.730,1.270,0.647
2025-12-05T06:16:19.957243,-3.965,1.732,1.270,0.624
2025-12-05T06:16:19.990180,-3.961,1.735,1.270,0.602
2025-12-05T06:16:20.021170,-3.956,1.737,1.270,0.578
2025-12-05T06:16:20.051041,-3.952,1.740,1.270,0.555
2025-12-05T06:16:20.086438,-3.941,1.758,1.270,0.555
2025-12-05T06:16:20.119760,-3.931,1.777,1.270,0.555
2025-12-05T06:16:20.153219,-3.920,1.796,1.270,0.555
2025-12-05T06:16:20.188670,-3.911,1.814,1.270,0.555
2025-12-05T06:16:20.217463,-3.903,1.833,1.270,0.555
2025-12-05T06:16:20.249405,-3.896,1.851,1.270,0.555
2025-12-05T06:16:20.284075,-3.890,1.870,1.270,0.555
2025-12-05T06:16:20.312803,-3.885,1.888,1.270,0.555
2025-12-05T06:16:20.346037,-3.881,1.907,1.270,0.555
2025-12-05T06:16:20.377105,-3.878,1.926,1.270,0.555
2025-12-05T06:16:20.409533,-3.876,1.946,1.270,0.555
2025-12-05T06:16:20.445103,-3.875,1.965,1.270,0.555
2025-12-05T06:16:20.477355,-3.874,1.984,1.270,0.555
2025-12-05T06:16:20.510594,-3.874,2.003,1.270,0.555
2025-12-05T06:16:20.543886,-3.874,2.022,1.270,0.555
2025-12-05T06:16:20.575984,-3.874,2.041,1.270,0.555
2025-12-05T06:16:20.609118,-3.874,2.060,1.270,0.555
2025-12-05T06:16:20.645746,-3.875,2.079,1.270,0.555
2025-12-05T06:16:20.677019,-3.876,2.098,1.270,0.555
2025-12-05T06:16:20.706614,-3.877,2.117,1.270,0.555
2025-12-05T06:16:20.740559,-3.877,2.136,1.270,0.555
2025-12-05T06:16:20.769057,-3.878,2.155,1.270,0.555
2025-12-05T06:16:20.801382,-3.879,2.174,1.270,0.555
2025-12-05T06:16:20.836002,-3.879,2.193,1.270,0.555
2025-12-05T06:16:20.868081,-3.880,2.211,1.270,0.555
2025-12-05T06:16:20.900099,-3.880,2.230,1.270,0.555
2025-12-05T06:16:20.932262,-3.880,2.249,1.270,0.555
2025-12-05T06:16:20.966484,-3.881,2.267,1.270,0.555
2025-12-05T06:16:21.000594,-3.881,2.286,1.270,0.555
2025-12-05T06:16:21.032766,-3.881,2.305,1.270,0.555
2025-12-05T06:16:21.063299,-3.881,2.323,1.270,0.555
2025-12-05T06:16:21.092828,-3.881,2.342,1.270,0.555
2025-12-05T06:16:21.127631,-3.881,2.360,1.270,0.555
2025-12-05T06:16:21.159998,-3.881,2.379,1.270,0.555
2025-12-05T06:16:21.196014,-3.881,2.397,1.270,0.555
2025-12-05T06:16:21.228741,-3.881,2.416,1.270,0.555
2025-12-05T06:16:21.260931,-3.881,2.434,1.270,0.555
2025-12-05T06:16:21.296279,-3.881,2.453,1.270,0.555
2025-12-05T06:16:21.322164,-3.881,2.471,1.270,0.555
2025-12-05T06:16:21.352568,-3.881,2.490,1.270,0.555
2025-12-05T06:16:21.384593,-3.881,2.508,1.270,0.555
2025-12-05T06:16:21.416665,-3.881,2.526,1.270,0.555
2025-12-05T06:16:21.450761,-3.881,2.545,1.270,0.555
2025-12-05T06:16:21.485630,-3.881,2.563,1.270,0.555
2025-12-05T06:16:21.517467,-3.881,2.582,1.270,0.555
2025-12-05T06:16:21.550518,-3.881,2.600,1.270,0.555
2025-12-05T06:16:21.584028,-3.881,2.618,1.270,0.555
2025-12-05T06:16:21.614433,-3.881,2.637,1.270,0.555
2025-12-05T06:16:21.649878,-3.881,2.655,1.270,0.555
2025-12-05T06:16:21.694356,-3.882,2.672,1.270,0.555
2025-12-05T06:16:21.724292,-3.883,2.690,1.270,0.555
2025-12-05T06:16:21.753192,-3.884,2.707,1.270,0.555
2025-12-05T06:16:21.783434,-3.885,2.725,1.270,0.555
2025-12-05T06:16:21.811749,-3.886,2.742,1.270,0.555
2025-12-05T06:16:21.844089,-3.888,2.759,1.270,0.555
2025-12-05T06:16:21.874000,-3.890,2.777,1.270,0.555
2025-12-05T06:16:21.905569,-3.891,2.795,1.270,0.555
2025-12-05T06:16:21.937874,-3.893,2.812,1.270,0.555
2025-12-05T06:16:21.972288,-3.895,2.830,1.270,0.555
2025-12-05T06:16:22.002733,-3.897,2.848,1.270,0.555
2025-12-05T06:16:22.036838,-3.898,2.866,1.270,0.555
2025-12-05T06:16:22.071672,-3.900,2.884,1.270,0.555
2025-12-05T06:16:22.101911,-3.900,2.903,1.270,0.555
2025-12-05T06:16:22.135526,-3.901,2.921,1.270,0.555
2025-12-05T06:16:22.166033,-3.900,2.939,1.270,0.555
2025-12-05T06:16:22.200924,-3.900,2.958,1.270,0.555
2025-12-05T06:16:22.232287,-3.898,2.976,1.270,0.555
2025-12-05T06:16:22.264333,-3.897,2.995,1.270,0.555
2025-12-05T06:16:22.295770,-3.895,3.013,1.270,0.555
2025-12-05T06:16:22.328616,-3.893,3.031,1.270,0.555
2025-12-05T06:16:22.360345,-3.891,3.049,1.270,0.555
2025-12-05T06:16:22.393413,-3.889,3.067,1.270,0.555
2025-12-05T06:16:22.425144,-3.887,3.085,1.270,0.555
2025-12-05T06:16:22.456881,-3.886,3.103,1.270,0.555
2025-12-05T06:16:22.490226,-3.884,3.121,1.270,0.555
2025-12-05T06:16:22.520835,-3.883,3.140,1.270,0.555
2025-12-05T06:16:22.552422,-3.882,3.158,1.270,0.555
2025-12-05T06:16:22.585970,-3.881,3.176,1.270,0.555
2025-12-05T06:16:22.622050,-3.880,3.194,1.270,0.555
2025-12-05T06:16:22.656276,-3.880,3.212,1.270,0.555
2025-12-05T06:16:22.687569,-3.880,3.230,1.270,0.555
2025-12-05T06:16:22.718966,-3.880,3.249,1.270,0.555
2025-12-05T06:16:22.752498,-3.879,3.267,1.270,0.555
2025-12-05T06:16:22.784257,-3.879,3.285,1.270,0.555
2025-12-05T06:16:22.818194,-3.879,3.303,1.270,0.555
2025-12-05T06:16:22.850255,-3.880,3.321,1.270,0.555
2025-12-05T06:16:22.885046,-3.880,3.340,1.270,0.555
2025-12-05T06:16:22.916468,-3.880,3.358,1.270,0.555
2025-12-05T06:16:22.952118,-3.880,3.376,1.270,0.555
2025-12-05T06:16:22.979007,-3.880,3.394,1.270,0.555
2025-12-05T06:16:23.012902,-3.880,3.413,1.270,0.555
2025-12-05T06:16:23.042678,-3.880,3.431,1.270,0.555
2025-12-05T06:16:23.076177,-3.880,3.449,1.270,0.555
2025-12-05T06:16:23.111950,-3.881,3.467,1.270,0.555
2025-12-05T06:16:23.144396,-3.881,3.486,1.270,0.555
2025-12-05T06:16:23.176770,-3.881,3.504,1.270,0.555
2025-12-05T06:16:23.210417,-3.881,3.522,1.270,0.555
2025-12-05T06:16:23.245047,-3.881,3.541,1.270,0.555
2025-12-05T06:16:23.274739,-3.881,3.559,1.270,0.555
2025-12-05T06:16:23.303974,-3.881,3.577,1.270,0.555
2025-12-05T06:16:23.336586,-3.881,3.595,1.270,0.555
2025-12-05T06:16:23.367965,-3.881,3.614,1.270,0.555
2025-12-05T06:16:23.400343,-3.881,3.632,1.270,0.555
2025-12-05T06:16:23.432031,-3.881,3.650,1.270,0.555
2025-12-05T06:16:23.467889,-3.882,3.668,1.270,0.555
2025-12-05T06:16:23.502492,-3.882,3.685,1.270,0.555
2025-12-05T06:16:23.528887,-3.883,3.703,1.270,0.555
2025-12-05T06:16:23.561234,-3.884,3.720,1.270,0.555
2025-12-05T06:16:23.593132,-3.884,3.738,1.270,0.555
2025-12-05T06:16:23.624951,-3.885,3.756,1.270,0.555
2025-12-05T06:16:23.657781,-3.886,3.774,1.270,0.555
2025-12-05T06:16:23.691744,-3.887,3.792,1.270,0.555
2025-12-05T06:16:23.725052,-3.887,3.809,1.270,0.555
2025-12-05T06:16:23.757910,-3.888,3.828,1.270,0.555
2025-12-05T06:16:23.789980,-3.888,3.846,1.270,0.555
2025-12-05T06:16:23.821513,-3.887,3.864,1.270,0.555
2025-12-05T06:16:23.851570,-3.887,3.883,1.270,0.555
2025-12-05T06:16:23.885469,-3.886,3.901,1.270,0.555
2025-12-05T06:16:23.916633,-3.885,3.920,1.270,0.555
2025-12-05T06:16:23.949600,-3.883,3.938,1.270,0.555
2025-12-05T06:16:23.985165,-3.881,3.957,1.270,0.555
2025-12-05T06:16:24.017158,-3.879,3.976,1.270,0.555
2025-12-05T06:16:24.050353,-3.876,3.994,1.270,0.555
2025-12-05T06:16:24.083005,-3.873,4.013,1.270,0.555
2025-12-05T06:16:24.114797,-3.876,4.015,1.270,0.530
2025-12-05T06:16:24.147881,-3.879,4.017,1.270,0.506
2025-12-05T06:16:24.180176,-3.882,4.019,1.270,0.481
2025-12-05T06:16:24.213913,-3.885,4.021,1.270,0.455
2025-12-05T06:16:24.251065,-3.888,4.023,1.270,0.430
2025-12-05T06:16:24.282928,-3.890,4.024,1.270,0.403
2025-12-05T06:16:24.315830,-3.893,4.026,1.270,0.377
2025-12-05T06:16:24.348929,-3.895,4.027,1.270,0.350
2025-12-05T06:16:24.381157,-3.897,4.028,1.270,0.323
2025-12-05T06:16:24.413295,-3.899,4.029,1.270,0.295
2025-12-05T06:16:24.444102,-3.900,4.031,1.270,0.268
2025-12-05T06:16:24.476480,-3.902,4.032,1.270,0.240
2025-12-05T06:16:24.512307,-3.904,4.033,1.270,0.212
2025-12-05T06:16:24.548089,-3.905,4.033,1.270,0.184
2025-12-05T06:16:24.574799,-3.906,4.034,1.270,0.155
2025-12-05T06:16:24.604587,-3.908,4.035,1.270,0.127
2025-12-05T06:16:24.638352,-3.909,4.036,1.270,0.098
2025-12-05T06:16:24.666413,-3.910,4.037,1.270,0.070
2025-12-05T06:16:24.698198,-3.911,4.037,1.270,0.041
2025-12-05T06:16:24.732926,-3.912,4.038,1.270,0.012
2025-12-05T06:16:24.766566,-3.913,4.038,1.270,-0.017
2025-12-05T06:16:24.800889,-3.914,4.039,1.270,-0.046
2025-12-05T06:16:24.836444,-3.915,4.040,1.270,-0.074
2025-12-05T06:16:24.868630,-3.915,4.040,1.270,-0.103
2025-12-05T06:16:24.900153,-3.899,4.037,1.270,-0.103
2025-12-05T06:16:24.930464,-3.881,4.033,1.270,-0.103
2025-12-05T06:16:24.961855,-3.864,4.030,1.270,-0.103
2025-12-05T06:16:24.995893,-3.847,4.027,1.270,-0.103
2025-12-05T06:16:25.028643,-3.829,4.023,1.270,-0.103
2025-12-05T06:16:25.062120,-3.811,4.020,1.270,-0.103
2025-12-05T06:16:25.092886,-3.794,4.016,1.270,-0.103
2025-12-05T06:16:25.124908,-3.776,4.013,1.270,-0.103
2025-12-05T06:16:25.157163,-3.757,4.009,1.270,-0.103
2025-12-05T06:16:25.190567,-3.739,4.005,1.270,-0.103
2025-12-05T06:16:25.220880,-3.721,4.002,1.270,-0.103
2025-12-05T06:16:25.251843,-3.703,3.998,1.270,-0.103
2025-12-05T06:16:25.285602,-3.685,3.996,1.270,-0.103
2025-12-05T06:16:25.320268,-3.667,3.994,1.270,-0.103
2025-12-05T06:16:25.350879,-3.649,3.993,1.270,-0.103
2025-12-05T06:16:25.386241,-3.632,3.992,1.270,-0.103
2025-12-05T06:16:25.418424,-3.614,3.992,1.270,-0.103
2025-12-05T06:16:25.451606,-3.596,3.992,1.270,-0.103
2025-12-05T06:16:25.484645,-3.579,3.992,1.270,-0.103
2025-12-05T06:16:25.514236,-3.561,3.993,1.270,-0.103
2025-12-05T06:16:25.547072,-3.543,3.994,1.270,-0.103
2025-12-05T06:16:25.580505,-3.525,3.994,1.270,-0.103
2025-12-05T06:16:25.612165,-3.507,3.995,1.270,-0.103
2025-12-05T06:16:25.641939,-3.489,3.995,1.270,-0.103
2025-12-05T06:16:25.672895,-3.471,3.995,1.270,-0.103
2025-12-05T06:16:25.705987,-3.453,3.995,1.270,-0.103
2025-12-05T06:16:25.737519,-3.434,3.995,1.270,-0.103
2025-12-05T06:16:25.769908,-3.416,3.995,1.270,-0.103
2025-12-05T06:16:25.803909,-3.398,3.995,1.270,-0.103
2025-12-05T06:16:25.838832,-3.379,3.995,1.270,-0.103
2025-12-05T06:16:25.870215,-3.361,3.995,1.270,-0.103
2025-12-05T06:16:25.899193,-3.342,3.995,1.270,-0.103
2025-12-05T06:16:25.929307,-3.323,3.994,1.270,-0.103
2025-12-05T06:16:25.961577,-3.305,3.994,1.270,-0.103
2025-12-05T06:16:25.998060,-3.286,3.994,1.270,-0.103
2025-12-05T06:16:26.033983,-3.267,3.994,1.270,-0.103
2025-12-05T06:16:26.067472,-3.248,3.994,1.270,-0.103
2025-12-05T06:16:26.097146,-3.229,3.994,1.270,-0.103
2025-12-05T06:16:26.130402,-3.211,3.994,1.270,-0.103
2025-12-05T06:16:26.159010,-3.192,3.994,1.270,-0.103
2025-12-05T06:16:26.189140,-3.173,3.994,1.270,-0.103
2025-12-05T06:16:26.219852,-3.154,3.993,1.270,-0.103
2025-12-05T06:16:26.253437,-3.135,3.993,1.270,-0.103
2025-12-05T06:16:26.284928,-3.116,3.993,1.270,-0.103
2025-12-05T06:16:26.319969,-3.096,3.993,1.270,-0.103
2025-12-05T06:16:26.353194,-3.077,3.993,1.270,-0.103
2025-12-05T06:16:26.385783,-3.058,3.993,1.270,-0.103
2025-12-05T06:16:26.416592,-3.039,3.993,1.270,-0.103
2025-12-05T06:16:26.450487,-3.020,3.993,1.270,-0.103
2025-12-05T06:16:26.482770,-3.001,3.993,1.270,-0.103
2025-12-05T06:16:26.517513,-2.982,3.993,1.270,-0.103
2025-12-05T06:16:26.549072,-2.962,3.993,1.270,-0.103
2025-12-05T06:16:26.583240,-2.943,3.993,1.270,-0.103
2025-12-05T06:16:26.615705,-2.924,3.993,1.270,-0.103
2025-12-05T06:16:26.647070,-2.905,3.993,1.270,-0.103
2025-12-05T06:16:26.680247,-2.885,3.993,1.270,-0.103
2025-12-05T06:16:26.711489,-2.866,3.993,1.270,-0.103
2025-12-05T06:16:26.744762,-2.847,3.993,1.270,-0.103
2025-12-05T06:16:26.777165,-2.828,3.993,1.270,-0.103
2025-12-05T06:16:26.808892,-2.808,3.993,1.270,-0.103
2025-12-05T06:16:26.841844,-2.789,3.993,1.270,-0.103
2025-12-05T06:16:26.872819,-2.770,3.994,1.270,-0.103
2025-12-05T06:16:26.907112,-2.751,3.994,1.270,-0.103
2025-12-05T06:16:26.940260,-2.732,3.994,1.270,-0.103
2025-12-05T06:16:26.972373,-2.712,3.995,1.270,-0.103
2025-12-05T06:16:27.006191,-2.693,3.995,1.270,-0.103
2025-12-05T06:16:27.040361,-2.674,3.996,1.270,-0.103
2025-12-05T06:16:27.074812,-2.655,3.997,1.270,-0.103
2025-12-05T06:16:27.108783,-2.636,3.998,1.270,-0.103
2025-12-05T06:16:27.144527,-2.616,3.999,1.270,-0.103
2025-12-05T06:16:27.175943,-2.597,4.000,1.270,-0.103
2025-12-05T06:16:27.204920,-2.577,4.001,1.270,-0.103
2025-12-05T06:16:27.236167,-2.558,4.002,1.270,-0.103
2025-12-05T06:16:27.267898,-2.538,4.002,1.270,-0.103
2025-12-05T06:16:27.300065,-2.519,4.002,1.270,-0.103
2025-12-05T06:16:27.335423,-2.499,4.002,1.270,-0.103
2025-12-05T06:16:27.369459,-2.479,4.002,1.270,-0.103
2025-12-05T06:16:27.403648,-2.460,4.001,1.270,-0.103
2025-12-05T06:16:27.438678,-2.440,4.001,1.270,-0.103
2025-12-05T06:16:27.470389,-2.420,4.000,1.270,-0.103
2025-12-05T06:16:27.503737,-2.401,3.999,1.270,-0.103
2025-12-05T06:16:27.531242,-2.382,3.998,1.270,-0.103
2025-12-05T06:16:27.562053,-2.363,3.997,1.270,-0.103
2025-12-05T06:16:27.592141,-2.343,3.996,1.270,-0.103
2025-12-05T06:16:27.623689,-2.324,3.995,1.270,-0.103
2025-12-05T06:16:27.655850,-2.305,3.995,1.270,-0.103
2025-12-05T06:16:27.700633,-2.286,3.994,1.270,-0.103
2025-12-05T06:16:27.723736,-2.266,3.994,1.270,-0.103
2025-12-05T06:16:27.760618,-2.247,3.993,1.270,-0.103
2025-12-05T06:16:27.790798,-2.228,3.993,1.270,-0.103
2025-12-05T06:16:27.818398,-2.208,3.993,1.270,-0.103
2025-12-05T06:16:27.848751,-2.189,3.993,1.270,-0.103
2025-12-05T06:16:27.881162,-2.170,3.993,1.270,-0.103
2025-12-05T06:16:27.913502,-2.150,3.993,1.270,-0.103
2025-12-05T06:16:27.943946,-2.131,3.993,1.270,-0.103
2025-12-05T06:16:27.977419,-2.112,3.993,1.270,-0.103
2025-12-05T06:16:28.011542,-2.092,3.993,1.270,-0.103
2025-12-05T06:16:28.046182,-2.073,3.993,1.270,-0.103
2025-12-05T06:16:28.083627,-2.054,3.993,1.270,-0.103
2025-12-05T06:16:28.116244,-2.034,3.993,1.270,-0.103
2025-12-05T06:16:28.146550,-2.015,3.993,1.270,-0.103
2025-12-05T06:16:28.180031,-1.995,3.993,1.270,-0.103
2025-12-05T06:16:28.213770,-1.976,3.993,1.270,-0.103
2025-12-05T06:16:28.247740,-1.957,3.993,1.270,-0.103
2025-12-05T06:16:28.281222,-1.937,3.993,1.270,-0.103
2025-12-05T06:16:28.314980,-1.918,3.993,1.270,-0.103
2025-12-05T06:16:28.347778,-1.899,3.993,1.270,-0.103
2025-12-05T06:16:28.380928,-1.879,3.993,1.270,-0.103
2025-12-05T06:16:28.426980,-1.860,3.993,1.270,-0.103
2025-12-05T06:16:28.458197,-1.840,3.993,1.270,-0.103
2025-12-05T06:16:28.485528,-1.821,3.993,1.270,-0.103
2025-12-05T06:16:28.515822,-1.802,3.993,1.270,-0.103
2025-12-05T06:16:28.543028,-1.782,3.993,1.270,-0.103
2025-12-05T06:16:28.570674,-1.763,3.993,1.270,-0.103
2025-12-05T06:16:28.600517,-1.744,3.993,1.270,-0.103
2025-12-05T06:16:28.629253,-1.724,3.993,1.270,-0.103
2025-12-05T06:16:28.659686,-1.705,3.993,1.270,-0.103
2025-12-05T06:16:28.688671,-1.685,3.993,1.270,-0.103
2025-12-05T06:16:28.720063,-1.666,3.993,1.270,-0.103
2025-12-05T06:16:28.751609,-1.647,3.993,1.270,-0.103
2025-12-05T06:16:28.783356,-1.627,3.993,1.270,-0.103
2025-12-05T06:16:28.816502,-1.608,3.993,1.270,-0.103
2025-12-05T06:16:28.848704,-1.588,3.993,1.270,-0.103
2025-12-05T06:16:28.881068,-1.569,3.993,1.270,-0.103
2025-12-05T06:16:28.915800,-1.550,3.993,1.270,-0.103
2025-12-05T06:16:28.949522,-1.530,3.993,1.270,-0.103
2025-12-05T06:16:28.981725,-1.511,3.993,1.270,-0.103
2025-12-05T06:16:29.014305,-1.491,3.993,1.270,-0.103
2025-12-05T06:16:29.043985,-1.472,3.993,1.270,-0.103
2025-12-05T06:16:29.078775,-1.453,3.993,1.270,-0.103
2025-12-05T06:16:29.110693,-1.433,3.993,1.270,-0.103
2025-12-05T06:16:29.145264,-1.414,3.993,1.270,-0.103
2025-12-05T06:16:29.177520,-1.394,3.993,1.270,-0.103
2025-12-05T06:16:29.210623,-1.375,3.993,1.270,-0.103
2025-12-05T06:16:29.241938,-1.356,3.993,1.270,-0.103
2025-12-05T06:16:29.276851,-1.336,3.993,1.270,-0.103
2025-12-05T06:16:29.307620,-1.317,3.993,1.270,-0.103
2025-12-05T06:16:29.339825,-1.298,3.993,1.270,-0.103
2025-12-05T06:16:29.371984,-1.278,3.993,1.270,-0.103
2025-12-05T06:16:29.401309,-1.259,3.993,1.270,-0.103
2025-12-05T06:16:29.434307,-1.239,3.993,1.270,-0.103
2025-12-05T06:16:29.468741,-1.220,3.993,1.270,-0.103
2025-12-05T06:16:29.503078,-1.201,3.993,1.270,-0.103
2025-12-05T06:16:29.536604,-1.181,3.993,1.270,-0.103
2025-12-05T06:16:29.569747,-1.162,3.993,1.270,-0.103
2025-12-05T06:16:29.599216,-1.142,3.993,1.270,-0.103
2025-12-05T06:16:29.634901,-1.123,3.993,1.270,-0.103
2025-12-05T06:16:29.672466,-1.104,3.993,1.270,-0.103
2025-12-05T06:16:29.699541,-1.084,3.993,1.270,-0.103
2025-12-05T06:16:29.733744,-1.065,3.993,1.270,-0.103
2025-12-05T06:16:29.763217,-1.045,3.993,1.270,-0.103
2025-12-05T06:16:29.791700,-1.026,3.993,1.270,-0.103
2025-12-05T06:16:29.821933,-1.007,3.993,1.270,-0.103
2025-12-05T06:16:29.854280,-0.987,3.993,1.270,-0.103
2025-12-05T06:16:29.882996,-0.968,3.993,1.270,-0.103
2025-12-05T06:16:29.913022,-0.949,3.994,1.270,-0.103
2025-12-05T06:16:29.944626,-0.929,3.994,1.270,-0.103
2025-12-05T06:16:29.982016,-0.910,3.994,1.270,-0.103
2025-12-05T06:16:30.012982,-0.891,3.995,1.270,-0.103
2025-12-05T06:16:30.046035,-0.871,3.995,1.270,-0.103
2025-12-05T06:16:30.076347,-0.852,3.996,1.270,-0.103
2025-12-05T06:16:30.107770,-0.833,3.996,1.270,-0.103
2025-12-05T06:16:30.141740,-0.813,3.997,1.270,-0.103
2025-12-05T06:16:30.174683,-0.794,3.997,1.270,-0.103
2025-12-05T06:16:30.206210,-0.774,3.997,1.270,-0.103
2025-12-05T06:16:30.248624,-0.754,3.997,1.270,-0.103
2025-12-05T06:16:30.276892,-0.735,3.996,1.270,-0.103
2025-12-05T06:16:30.308378,-0.715,3.995,1.270,-0.103
2025-12-05T06:16:30.340352,-0.695,3.994,1.270,-0.103
2025-12-05T06:16:30.367579,-0.675,3.993,1.270,-0.103
2025-12-05T06:16:30.401486,-0.656,3.992,1.270,-0.103
2025-12-05T06:16:30.431148,-0.636,3.990,1.270,-0.103
2025-12-05T06:16:30.464188,-0.616,3.989,1.270,-0.103
2025-12-05T06:16:30.495784,-0.596,3.987,1.270,-0.103
2025-12-05T06:16:30.527455,-0.576,3.985,1.270,-0.103
2025-12-05T06:16:30.561731,-0.557,3.982,1.270,-0.103
2025-12-05T06:16:30.595704,-0.537,3.980,1.270,-0.103
2025-12-05T06:16:30.631558,-0.517,3.978,1.270,-0.103
2025-12-05T06:16:30.665987,-0.497,3.975,1.270,-0.103
2025-12-05T06:16:30.707733,-0.477,3.973,1.270,-0.103
2025-12-05T06:16:30.738415,-0.457,3.970,1.270,-0.103
2025-12-05T06:16:30.774121,-0.455,3.971,1.270,-0.132
2025-12-05T06:16:30.804254,-0.452,3.971,1.270,-0.160
2025-12-05T06:16:30.832659,-0.450,3.972,1.270,-0.189
2025-12-05T06:16:30.862413,-0.448,3.973,1.270,-0.217
2025-12-05T06:16:30.897936,-0.447,3.974,1.270,-0.245
2025-12-05T06:16:30.929623,-0.445,3.974,1.270,-0.273
2025-12-05T06:16:30.961045,-0.443,3.975,1.270,-0.300
2025-12-05T06:16:30.990653,-0.442,3.975,1.270,-0.327
2025-12-05T06:16:31.025910,-0.440,3.976,1.270,-0.355
2025-12-05T06:16:31.056167,-0.439,3.976,1.270,-0.381
2025-12-05T06:16:31.089282,-0.438,3.977,1.270,-0.408
2025-12-05T06:16:31.120965,-0.437,3.977,1.270,-0.434
2025-12-05T06:16:31.151931,-0.435,3.977,1.270,-0.460
2025-12-05T06:16:31.186062,-0.434,3.978,1.270,-0.485
2025-12-05T06:16:31.218255,-0.434,3.978,1.270,-0.510
2025-12-05T06:16:31.249982,-0.433,3.978,1.270,-0.535
2025-12-05T06:16:31.287279,-0.432,3.979,1.270,-0.559
2025-12-05T06:16:31.320069,-0.431,3.979,1.270,-0.582
2025-12-05T06:16:31.353162,-0.430,3.979,1.270,-0.606
2025-12-05T06:16:31.383801,-0.430,3.980,1.270,-0.628
2025-12-05T06:16:31.413292,-0.429,3.980,1.270,-0.650
2025-12-05T06:16:31.444566,-0.428,3.980,1.270,-0.672
2025-12-05T06:16:31.473890,-0.428,3.980,1.270,-0.693
2025-12-05T06:16:31.508259,-0.427,3.980,1.270,-0.713
2025-12-05T06:16:31.545674,-0.427,3.981,1.270,-0.733
2025-12-05T06:16:31.580215,-0.426,3.981,1.270,-0.753
2025-12-05T06:16:31.612854,-0.428,3.963,1.270,-0.753
2025-12-05T06:16:31.645574,-0.430,3.945,1.270,-0.753
2025-12-05T06:16:31.676698,-0.432,3.927,1.270,-0.753
2025-12-05T06:16:31.705396,-0.434,3.909,1.270,-0.753
2025-12-05T06:16:31.736039,-0.437,3.891,1.270,-0.753
2025-12-05T06:16:31.768547,-0.439,3.873,1.270,-0.753
2025-12-05T06:16:31.800445,-0.441,3.854,1.270,-0.753
2025-12-05T06:16:31.832793,-0.443,3.836,1.270,-0.753
2025-12-05T06:16:31.864763,-0.445,3.817,1.270,-0.753
2025-12-05T06:16:31.897776,-0.448,3.798,1.270,-0.753
2025-12-05T06:16:31.930093,-0.450,3.779,1.270,-0.753
2025-12-05T06:16:31.961223,-0.452,3.760,1.270,-0.753
2025-12-05T06:16:31.993037,-0.455,3.741,1.270,-0.753
2025-12-05T06:16:32.028253,-0.457,3.722,1.270,-0.753
2025-12-05T06:16:32.054662,-0.460,3.702,1.270,-0.753
2025-12-05T06:16:32.089494,-0.462,3.684,1.270,-0.753
2025-12-05T06:16:32.120738,-0.463,3.666,1.270,-0.753
2025-12-05T06:16:32.155579,-0.464,3.648,1.270,-0.753
2025-12-05T06:16:32.190306,-0.465,3.630,1.270,-0.753
2025-12-05T06:16:32.226753,-0.465,3.613,1.270,-0.753
2025-12-05T06:16:32.260853,-0.465,3.595,1.270,-0.753
2025-12-05T06:16:32.296968,-0.464,3.578,1.270,-0.753
2025-12-05T06:16:32.325998,-0.463,3.561,1.270,-0.753
2025-12-05T06:16:32.353664,-0.461,3.543,1.270,-0.753
2025-12-05T06:16:32.382956,-0.458,3.526,1.270,-0.753
2025-12-05T06:16:32.423189,-0.455,3.508,1.270,-0.753
2025-12-05T06:16:32.445279,-0.451,3.490,1.270,-0.753
2025-12-05T06:16:32.480172,-0.447,3.472,1.270,-0.753
2025-12-05T06:16:32.514337,-0.443,3.454,1.270,-0.753
2025-12-05T06:16:32.548703,-0.438,3.436,1.270,-0.753
2025-12-05T06:16:32.581447,-0.433,3.417,1.270,-0.753
2025-12-05T06:16:32.613130,-0.428,3.399,1.270,-0.753
2025-12-05T06:16:32.642954,-0.424,3.380,1.270,-0.753
2025-12-05T06:16:32.672943,-0.419,3.361,1.270,-0.753
2025-12-05T06:16:32.711775,-0.414,3.343,1.270,-0.753
2025-12-05T06:16:32.743434,-0.409,3.324,1.270,-0.753
2025-12-05T06:16:32.776587,-0.405,3.305,1.270,-0.753
2025-12-05T06:16:32.808085,-0.401,3.285,1.270,-0.753
2025-12-05T06:16:32.840194,-0.397,3.266,1.270,-0.753
2025-12-05T06:16:32.871840,-0.393,3.247,1.270,-0.753
2025-12-05T06:16:32.901154,-0.390,3.228,1.270,-0.753
2025-12-05T06:16:32.952101,-0.386,3.208,1.270,-0.753
2025-12-05T06:16:32.968771,-0.384,3.189,1.270,-0.753
2025-12-05T06:16:33.000580,-0.381,3.169,1.270,-0.753
2025-12-05T06:16:33.028958,-0.379,3.150,1.270,-0.753
2025-12-05T06:16:33.059705,-0.377,3.130,1.270,-0.753
2025-12-05T06:16:33.091719,-0.375,3.110,1.270,-0.753
2025-12-05T06:16:33.121171,-0.374,3.091,1.270,-0.753
2025-12-05T06:16:33.152210,-0.373,3.071,1.270,-0.753
2025-12-05T06:16:33.185568,-0.372,3.051,1.270,-0.753
2025-12-05T06:16:33.221222,-0.372,3.031,1.270,-0.753
2025-12-05T06:16:33.254227,-0.371,3.011,1.270,-0.753
2025-12-05T06:16:33.289140,-0.371,2.992,1.270,-0.753
2025-12-05T06:16:33.322095,-0.371,2.972,1.270,-0.753
2025-12-05T06:16:33.354069,-0.371,2.952,1.270,-0.753
2025-12-05T06:16:33.387774,-0.372,2.932,1.270,-0.753
2025-12-05T06:16:33.419478,-0.372,2.912,1.270,-0.753
2025-12-05T06:16:33.454148,-0.373,2.892,1.270,-0.753
2025-12-05T06:16:33.484983,-0.374,2.872,1.270,-0.753
2025-12-05T06:16:33.516283,-0.375,2.852,1.270,-0.753
2025-12-05T06:16:33.549609,-0.376,2.832,1.270,-0.753
2025-12-05T06:16:33.585672,-0.377,2.812,1.270,-0.753
2025-12-05T06:16:33.615547,-0.378,2.792,1.270,-0.753
2025-12-05T06:16:33.647975,-0.379,2.771,1.270,-0.753
2025-12-05T06:16:33.680609,-0.381,2.751,1.270,-0.753
2025-12-05T06:16:33.709896,-0.382,2.731,1.270,-0.753
2025-12-05T06:16:33.735814,-0.384,2.711,1.270,-0.753
2025-12-05T06:16:33.767252,-0.385,2.691,1.270,-0.753
2025-12-05T06:16:33.800967,-0.387,2.671,1.270,-0.753
2025-12-05T06:16:33.836519,-0.388,2.651,1.270,-0.753
2025-12-05T06:16:33.866454,-0.390,2.631,1.270,-0.753
2025-12-05T06:16:33.900243,-0.391,2.611,1.270,-0.753
2025-12-05T06:16:33.931418,-0.392,2.590,1.270,-0.753
2025-12-05T06:16:33.961236,-0.394,2.570,1.270,-0.753
2025-12-05T06:16:33.995731,-0.395,2.550,1.270,-0.753
2025-12-05T06:16:34.028598,-0.395,2.530,1.270,-0.753
2025-12-05T06:16:34.059441,-0.396,2.510,1.270,-0.753
2025-12-05T06:16:34.098291,-0.396,2.490,1.270,-0.753
2025-12-05T06:16:34.129936,-0.395,2.470,1.270,-0.753
2025-12-05T06:16:34.164064,-0.395,2.450,1.270,-0.753
2025-12-05T06:16:34.191939,-0.395,2.429,1.270,-0.753
2025-12-05T06:16:34.223888,-0.395,2.409,1.270,-0.753
2025-12-05T06:16:34.255722,-0.395,2.389,1.270,-0.753
2025-12-05T06:16:34.287730,-0.395,2.368,1.270,-0.753
2025-12-05T06:16:34.320324,-0.395,2.348,1.270,-0.753
2025-12-05T06:16:34.352764,-0.396,2.328,1.270,-0.753
2025-12-05T06:16:34.388827,-0.397,2.307,1.270,-0.753
2025-12-05T06:16:34.422098,-0.397,2.287,1.270,-0.753
2025-12-05T06:16:34.454917,-0.398,2.267,1.270,-0.753
2025-12-05T06:16:34.486976,-0.399,2.246,1.270,-0.753
2025-12-05T06:16:34.517137,-0.400,2.226,1.270,-0.753
2025-12-05T06:16:34.549195,-0.402,2.206,1.270,-0.753
2025-12-05T06:16:34.584102,-0.403,2.185,1.270,-0.753
2025-12-05T06:16:34.619511,-0.404,2.165,1.270,-0.753
2025-12-05T06:16:34.647849,-0.406,2.145,1.270,-0.753
2025-12-05T06:16:34.683575,-0.408,2.124,1.270,-0.753
2025-12-05T06:16:34.712927,-0.409,2.104,1.270,-0.753
2025-12-05T06:16:34.743682,-0.411,2.084,1.270,-0.753
2025-12-05T06:16:34.776287,-0.413,2.064,1.270,-0.753
2025-12-05T06:16:34.805749,-0.415,2.043,1.270,-0.753
2025-12-05T06:16:34.838647,-0.416,2.023,1.270,-0.753
2025-12-05T06:16:34.873682,-0.418,2.003,1.270,-0.753
2025-12-05T06:16:34.904850,-0.420,1.982,1.270,-0.753
2025-12-05T06:16:34.938889,-0.422,1.962,1.270,-0.753
2025-12-05T06:16:34.970782,-0.424,1.942,1.270,-0.753
2025-12-05T06:16:35.000388,-0.427,1.921,1.270,-0.753
2025-12-05T06:16:35.034830,-0.429,1.901,1.270,-0.753
2025-12-05T06:16:35.066867,-0.431,1.881,1.270,-0.753
2025-12-05T06:16:35.098423,-0.433,1.860,1.270,-0.753
2025-12-05T06:16:35.135163,-0.435,1.840,1.270,-0.753
2025-12-05T06:16:35.167481,-0.438,1.820,1.270,-0.753
2025-12-05T06:16:35.198979,-0.440,1.799,1.270,-0.753
2025-12-05T06:16:35.228541,-0.442,1.779,1.270,-0.753
2025-12-05T06:16:35.257721,-0.445,1.759,1.270,-0.753
2025-12-05T06:16:35.291188,-0.445,1.756,1.270,-0.771
2025-12-05T06:16:35.324460,-0.445,1.754,1.270,-0.789
2025-12-05T06:16:35.356568,-0.445,1.751,1.270,-0.807
2025-12-05T06:16:35.393099,-0.445,1.749,1.270,-0.823
2025-12-05T06:16:35.424036,-0.445,1.747,1.270,-0.839
2025-12-05T06:16:35.456887,-0.445,1.746,1.270,-0.855
2025-12-05T06:16:35.489337,-0.445,1.744,1.270,-0.869
2025-12-05T06:16:35.520306,-0.445,1.742,1.270,-0.883
2025-12-05T06:16:35.552534,-0.445,1.741,1.270,-0.896
2025-12-05T06:16:35.587204,-0.445,1.739,1.270,-0.909
2025-12-05T06:16:35.617835,-0.445,1.738,1.270,-0.920
2025-12-05T06:16:35.650584,-0.445,1.737,1.270,-0.931
2025-12-05T06:16:35.686473,-0.445,1.736,1.270,-0.941
2025-12-05T06:16:35.718780,-0.445,1.734,1.270,-0.951
2025-12-05T06:16:35.750837,-0.445,1.733,1.270,-0.959
2025-12-05T06:16:35.785342,-0.445,1.733,1.270,-0.967
2025-12-05T06:16:35.814492,-0.445,1.732,1.270,-0.974
2025-12-05T06:16:35.849402,-0.445,1.731,1.270,-0.980
2025-12-05T06:16:35.875141,-0.445,1.730,1.270,-0.985
2025-12-05T06:16:35.909037,-0.445,1.729,1.270,-0.990
2025-12-05T06:16:35.944316,-0.445,1.729,1.270,-0.994
2025-12-05T06:16:35.980943,-0.445,1.728,1.270,-0.996
2025-12-05T06:16:36.015114,-0.445,1.727,1.270,-0.998
2025-12-05T06:16:36.048296,-0.445,1.727,1.270,-1.000
2025-12-05T06:16:36.081251,-0.445,1.726,1.270,1.000
2025-12-05T06:16:36.109036,-0.445,1.726,1.270,1.000
2025-12-05T06:16:36.144953,-0.445,1.725,1.270,0.998
2025-12-05T06:16:36.174931,-0.445,1.725,1.270,0.996
2025-12-05T06:16:36.210757,-0.445,1.725,1.270,0.993
2025-12-05T06:16:36.242536,-0.445,1.724,1.270,0.989
2025-12-05T06:16:36.275186,-0.445,1.724,1.270,0.985
2025-12-05T06:16:36.309382,-0.445,1.723,1.270,0.979
2025-12-05T06:16:36.340027,-0.445,1.723,1.270,0.973
2025-12-05T06:16:36.373664,-0.445,1.723,1.270,0.966
2025-12-05T06:16:36.404380,-0.445,1.723,1.270,0.958
2025-12-05T06:16:36.435804,-0.445,1.722,1.270,0.950
2025-12-05T06:16:36.465849,-0.445,1.722,1.270,0.940
2025-12-05T06:16:36.496531,-0.445,1.722,1.270,0.930
2025-12-05T06:16:36.526906,-0.445,1.722,1.270,0.919
2025-12-05T06:16:36.561310,-0.445,1.721,1.270,0.908
2025-12-05T06:16:36.594017,-0.445,1.721,1.270,0.895
2025-12-05T06:16:36.627687,-0.445,1.721,1.270,0.882
2025-12-05T06:16:36.660366,-0.445,1.721,1.270,0.868
2025-12-05T06:16:36.703847,-0.445,1.721,1.270,0.853
2025-12-05T06:16:36.724828,-0.445,1.721,1.270,0.838
2025-12-05T06:16:36.760939,-0.445,1.721,1.270,0.822
2025-12-05T06:16:36.797685,-0.445,1.720,1.270,0.805
2025-12-05T06:16:36.829267,-0.445,1.720,1.270,0.788
2025-12-05T06:16:36.863864,-0.445,1.720,1.270,0.770
2025-12-05T06:16:36.894198,-0.445,1.720,1.270,0.751
2025-12-05T06:16:36.924622,-0.445,1.720,1.270,0.732
2025-12-05T06:16:36.955312,-0.445,1.720,1.270,0.712
2025-12-05T06:16:36.986944,-0.445,1.720,1.270,0.691
2025-12-05T06:16:37.018708,-0.445,1.720,1.270,0.670
2025-12-05T06:16:37.050908,-0.445,1.720,1.270,0.648
2025-12-05T06:16:37.082632,-0.445,1.720,1.270,0.626
2025-12-05T06:16:37.116950,-0.445,1.720,1.270,0.604
2025-12-05T06:16:37.149711,-0.445,1.719,1.270,0.580
2025-12-05T06:16:37.186572,-0.445,1.719,1.270,0.557
2025-12-05T06:16:37.218787,-0.445,1.719,1.270,0.533
2025-12-05T06:16:37.250642,-0.445,1.719,1.270,0.508
2025-12-05T06:16:37.282842,-0.445,1.719,1.270,0.483
2025-12-05T06:16:37.314397,-0.445,1.719,1.270,0.457
2025-12-05T06:16:37.355189,-0.445,1.719,1.270,0.432
2025-12-05T06:16:37.376139,-0.445,1.719,1.270,0.406
2025-12-05T06:16:37.407211,-0.445,1.719,1.270,0.379
2025-12-05T06:16:37.445054,-0.445,1.719,1.270,0.352
2025-12-05T06:16:37.475201,-0.445,1.719,1.270,0.325
2025-12-05T06:16:37.507829,-0.445,1.719,1.270,0.298
2025-12-05T06:16:37.540612,-0.445,1.719,1.270,0.270
2025-12-05T06:16:37.573793,-0.445,1.719,1.270,0.242
2025-12-05T06:16:37.608471,-0.445,1.719,1.270,0.214
2025-12-05T06:16:37.635775,-0.445,1.719,1.270,0.186
2025-12-05T06:16:37.669587,-0.445,1.719,1.270,0.158
2025-12-05T06:16:37.702953,-0.445,1.719,1.270,0.129
2025-12-05T06:16:37.739977,-0.445,1.719,1.270,0.101
2025-12-05T06:16:37.771305,-0.445,1.719,1.270,0.072
2025-12-05T06:16:37.801844,-0.445,1.719,1.270,0.043
2025-12-05T06:16:37.834234,-0.445,1.719,1.270,0.014
2025-12-05T06:16:37.875767,-0.445,1.719,1.270,-0.014
2025-12-05T06:16:37.902506,-0.445,1.719,1.270,-0.043
2025-12-05T06:16:37.932177,-0.445,1.719,1.270,-0.072
2025-12-05T06:16:37.960343,-0.445,1.719,1.270,-0.101
2025-12-05T06:16:37.988527,-0.445,1.719,1.270,-0.129
2025-12-05T06:16:38.016257,-0.445,1.719,1.270,-0.158
2025-12-05T06:16:38.047575,-0.445,1.719,1.270,-0.186
2025-12-05T06:16:38.081406,-0.445,1.719,1.270,-0.214
2025-12-05T06:16:38.112937,-0.445,1.719,1.270,-0.242
2025-12-05T06:16:38.146977,-0.445,1.719,1.270,-0.270
2025-12-05T06:16:38.183863,-0.445,1.719,1.270,-0.298
2025-12-05T06:16:38.215039,-0.445,1.719,1.270,-0.325
2025-12-05T06:16:38.246281,-0.445,1.719,1.270,-0.352
2025-12-05T06:16:38.279509,-0.445,1.719,1.270,-0.379
2025-12-05T06:16:38.309559,-0.445,1.719,1.270,-0.406
2025-12-05T06:16:38.338613,-0.445,1.719,1.270,-0.432
2025-12-05T06:16:38.370760,-0.445,1.719,1.270,-0.458
2025-12-05T06:16:38.402176,-0.445,1.719,1.270,-0.483
2025-12-05T06:16:38.433323,-0.445,1.719,1.270,-0.508
2025-12-05T06:16:38.465514,-0.445,1.719,1.270,-0.533
2025-12-05T06:16:38.498084,-0.445,1.719,1.270,-0.557
2025-12-05T06:16:38.532375,-0.445,1.719,1.270,-0.580
2025-12-05T06:16:38.564063,-0.445,1.719,1.270,-0.604
2025-12-05T06:16:38.595571,-0.445,1.719,1.270,-0.626
2025-12-05T06:16:38.629135,-0.445,1.719,1.270,-0.649
2025-12-05T06:16:38.658531,-0.445,1.719,1.270,-0.670
2025-12-05T06:16:38.694094,-0.445,1.719,1.270,-0.691
2025-12-05T06:16:38.726716,-0.445,1.719,1.270,-0.712
2025-12-05T06:16:38.759755,-0.445,1.719,1.270,-0.732
2025-12-05T06:16:38.794770,-0.445,1.719,1.270,-0.751
2025-12-05T06:16:38.826540,-0.445,1.719,1.270,-0.770
2025-12-05T06:16:38.858760,-0.445,1.719,1.270,-0.788
2025-12-05T06:16:38.890829,-0.445,1.719,1.270,-0.805
2025-12-05T06:16:38.920412,-0.445,1.719,1.270,-0.822
2025-12-05T06:16:38.951923,-0.445,1.719,1.270,-0.838
2025-12-05T06:16:38.988530,-0.445,1.719,1.270,-0.853
2025-12-05T06:16:39.018736,-0.445,1.719,1.270,-0.868
2025-12-05T06:16:39.050332,-0.445,1.719,1.270,-0.882
2025-12-05T06:16:39.086557,-0.445,1.719,1.270,-0.895
2025-12-05T06:16:39.120641,-0.445,1.719,1.270,-0.908
2025-12-05T06:16:39.151907,-0.445,1.719,1.270,-0.919
2025-12-05T06:16:39.183150,-0.445,1.719,1.270,-0.930
2025-12-05T06:16:39.212738,-0.445,1.719,1.270,-0.940
2025-12-05T06:16:39.242881,-0.445,1.719,1.270,-0.950
2025-12-05T06:16:39.275132,-0.445,1.719,1.270,-0.958
2025-12-05T06:16:39.307878,-0.445,1.719,1.270,-0.966
2025-12-05T06:16:39.339954,-0.445,1.719,1.270,-0.973
2025-12-05T06:16:39.373538,-0.445,1.719,1.270,-0.980
2025-12-05T06:16:39.403124,-0.445,1.719,1.270,-0.985
2025-12-05T06:16:39.439551,-0.445,1.719,1.270,-0.989
2025-12-05T06:16:39.473468,-0.445,1.719,1.270,-0.993
2025-12-05T06:16:39.506202,-0.445,1.719,1.270,-0.996
2025-12-05T06:16:39.532732,-0.445,1.719,1.270,-0.998
2025-12-05T06:16:39.561417,-0.445,1.719,1.270,-1.000
2025-12-05T06:16:39.591837,-0.445,1.719,1.270,-1.000
2025-12-05T06:16:39.624878,-0.445,1.719,1.270,1.000
2025-12-05T06:16:39.657130,-0.445,1.719,1.270,0.998
2025-12-05T06:16:39.688974,-0.445,1.719,1.270,0.996
2025-12-05T06:16:39.724153,-0.445,1.719,1.270,0.994
2025-12-05T06:16:39.756919,-0.445,1.719,1.270,0.990
2025-12-05T06:16:39.794322,-0.445,1.719,1.270,0.985
2025-12-05T06:16:39.830415,-0.445,1.719,1.270,0.980
2025-12-05T06:16:39.858918,-0.445,1.719,1.270,0.974
2025-12-05T06:16:39.884588,-0.445,1.719,1.270,0.967
2025-12-05T06:16:39.915632,-0.445,1.719,1.270,0.959
2025-12-05T06:16:39.948314,-0.445,1.719,1.270,0.951
2025-12-05T06:16:39.981138,-0.445,1.719,1.270,0.941
2025-12-05T06:16:40.014861,-0.445,1.719,1.270,0.931
2025-12-05T06:16:40.047699,-0.445,1.719,1.270,0.920
2025-12-05T06:16:40.081970,-0.445,1.719,1.270,0.909
2025-12-05T06:16:40.114951,-0.445,1.719,1.270,0.896
2025-12-05T06:16:40.147613,-0.445,1.719,1.270,0.883
2025-12-05T06:16:40.179219,-0.445,1.719,1.270,0.869
2025-12-05T06:16:40.210595,-0.445,1.719,1.270,0.855
2025-12-05T06:16:40.243616,-0.445,1.719,1.270,0.839
2025-12-05T06:16:40.274700,-0.445,1.719,1.270,0.823
2025-12-05T06:16:40.307307,-0.445,1.719,1.270,0.807
2025-12-05T06:16:40.346645,-0.445,1.719,1.270,0.789
2025-12-05T06:16:40.379083,-0.445,1.719,1.270,0.771
2025-12-05T06:16:40.409908,-0.445,1.719,1.270,0.753
2025-12-05T06:16:40.442903,-0.445,1.719,1.270,0.733
2025-12-05T06:16:40.475578,-0.445,1.719,1.270,0.713
2025-12-05T06:16:40.507152,-0.445,1.719,1.270,0.693
2025-12-05T06:16:40.538688,-0.445,1.719,1.270,0.672
2025-12-05T06:16:40.571973,-0.445,1.719,1.270,0.650
2025-12-05T06:16:40.599970,-0.445,1.719,1.270,0.628
2025-12-05T06:16:40.631119,-0.445,1.719,1.270,0.605
2025-12-05T06:16:40.666800,-0.445,1.719,1.270,0.582
2025-12-05T06:16:40.701707,-0.445,1.719,1.270,0.559
2025-12-05T06:16:40.736460,-0.445,1.719,1.270,0.535
2025-12-05T06:16:40.770926,-0.445,1.719,1.270,0.510
2025-12-05T06:16:40.802472,-0.445,1.719,1.270,0.485
2025-12-05T06:16:40.838648,-0.445,1.719,1.270,0.460
2025-12-05T06:16:40.872313,-0.445,1.719,1.270,0.434
2025-12-05T06:16:40.900606,-0.445,1.719,1.270,0.408
2025-12-05T06:16:40.931605,-0.445,1.719,1.270,0.381
2025-12-05T06:16:40.966340,-0.445,1.719,1.270,0.354
2025-12-05T06:16:40.997797,-0.445,1.719,1.270,0.327
2025-12-05T06:16:41.035227,-0.445,1.719,1.270,0.300
2025-12-05T06:16:41.066722,-0.445,1.719,1.270,0.272
2025-12-05T06:16:41.099313,-0.445,1.719,1.270,0.245
2025-12-05T06:16:41.130940,-0.445,1.719,1.270,0.217
2025-12-05T06:16:41.161150,-0.445,1.719,1.270,0.188
2025-12-05T06:16:41.191741,-0.445,1.719,1.270,0.160
2025-12-05T06:16:41.223900,-0.445,1.719,1.270,0.132
2025-12-05T06:16:41.255933,-0.445,1.719,1.270,0.103
2025-12-05T06:16:41.291589,-0.445,1.719,1.270,0.074
2025-12-05T06:16:41.319301,-0.445,1.719,1.270,0.046
2025-12-05T06:16:41.353245,-0.445,1.719,1.270,0.017
2025-12-05T06:16:41.385679,-0.445,1.719,1.270,-0.012
2025-12-05T06:16:41.415327,-0.445,1.719,1.270,-0.041
2025-12-05T06:16:41.447356,-0.445,1.719,1.270,-0.070
2025-12-05T06:16:41.482636,-0.445,1.719,1.270,-0.098
2025-12-05T06:16:41.514707,-0.445,1.719,1.270,-0.127
2025-12-05T06:16:41.547188,-0.445,1.719,1.270,-0.155
2025-12-05T06:16:41.583342,-0.445,1.719,1.270,-0.184
2025-12-05T06:16:41.618560,-0.445,1.719,1.270,-0.212
2025-12-05T06:16:41.651491,-0.445,1.719,1.270,-0.240
2025-12-05T06:16:41.683167,-0.445,1.719,1.270,-0.268
2025-12-05T06:16:41.715515,-0.445,1.719,1.270,-0.296
2025-12-05T06:16:41.746479,-0.445,1.719,1.270,-0.323
2025-12-05T06:16:41.776076,-0.445,1.719,1.270,-0.350
2025-12-05T06:16:41.805687,-0.445,1.719,1.270,-0.377
2025-12-05T06:16:41.841253,-0.445,1.719,1.270,-0.403
2025-12-05T06:16:41.872082,-0.445,1.719,1.270,-0.430
2025-12-05T06:16:41.905544,-0.434,1.705,1.270,-0.430
2025-12-05T06:16:41.941148,-0.422,1.691,1.270,-0.430
2025-12-05T06:16:41.970760,-0.411,1.677,1.270,-0.430
2025-12-05T06:16:42.004916,-0.399,1.662,1.270,-0.430
2025-12-05T06:16:42.035788,-0.388,1.648,1.270,-0.430
2025-12-05T06:16:42.067168,-0.376,1.633,1.270,-0.430
2025-12-05T06:16:42.100876,-0.364,1.619,1.270,-0.430
2025-12-05T06:16:42.136434,-0.352,1.604,1.270,-0.430
2025-12-05T06:16:42.169126,-0.340,1.589,1.270,-0.430
2025-12-05T06:16:42.200770,-0.328,1.575,1.270,-0.430
2025-12-05T06:16:42.235349,-0.316,1.560,1.270,-0.430
2025-12-05T06:16:42.264193,-0.304,1.545,1.270,-0.430
2025-12-05T06:16:42.298309,-0.292,1.530,1.270,-0.430
2025-12-05T06:16:42.329788,-0.279,1.515,1.270,-0.430
2025-12-05T06:16:42.357124,-0.267,1.500,1.270,-0.430
2025-12-05T06:16:42.391019,-0.255,1.485,1.270,-0.430
2025-12-05T06:16:42.421433,-0.242,1.469,1.270,-0.430
2025-12-05T06:16:42.451128,-0.230,1.454,1.270,-0.430
2025-12-05T06:16:42.487299,-0.217,1.439,1.270,-0.430
2025-12-05T06:16:42.518976,-0.205,1.423,1.270,-0.430
2025-12-05T06:16:42.551148,-0.192,1.408,1.270,-0.430
2025-12-05T06:16:42.587403,-0.180,1.393,1.270,-0.430
2025-12-05T06:16:42.619749,-0.167,1.377,1.270,-0.430
2025-12-05T06:16:42.651254,-0.155,1.362,1.270,-0.430
2025-12-05T06:16:42.693832,-0.142,1.346,1.270,-0.430
2025-12-05T06:16:42.715572,-0.130,1.331,1.270,-0.430
2025-12-05T06:16:42.745764,-0.117,1.315,1.270,-0.430
2025-12-05T06:16:42.779701,-0.104,1.300,1.270,-0.430
2025-12-05T06:16:42.810147,-0.092,1.284,1.270,-0.430
2025-12-05T06:16:42.844684,-0.079,1.268,1.270,-0.430
2025-12-05T06:16:42.875315,-0.066,1.253,1.270,-0.430
2025-12-05T06:16:42.906705,-0.053,1.237,1.270,-0.430
2025-12-05T06:16:42.939398,-0.041,1.221,1.270,-0.430
2025-12-05T06:16:42.972471,-0.028,1.206,1.270,-0.430
2025-12-05T06:16:43.007830,-0.015,1.190,1.270,-0.430
2025-12-05T06:16:43.043889,-0.002,1.174,1.270,-0.430
2025-12-05T06:16:43.075313,0.010,1.159,1.270,-0.430
2025-12-05T06:16:43.105902,0.023,1.143,1.270,-0.430
2025-12-05T06:16:43.139466,0.036,1.127,1.270,-0.430
2025-12-05T06:16:43.171502,0.049,1.111,1.270,-0.430
2025-12-05T06:16:43.202730,0.062,1.096,1.270,-0.430
2025-12-05T06:16:43.235285,0.074,1.080,1.270,-0.430
2025-12-05T06:16:43.265755,0.087,1.064,1.270,-0.430
2025-12-05T06:16:43.298742,0.100,1.048,1.270,-0.430
2025-12-05T06:16:43.335415,0.113,1.032,1.270,-0.430
2025-12-05T06:16:43.364937,0.126,1.017,1.270,-0.430
2025-12-05T06:16:43.398255,0.139,1.001,1.270,-0.430
2025-12-05T06:16:43.432961,0.152,0.985,1.270,-0.430
2025-12-05T06:16:43.463938,0.164,0.969,1.270,-0.430
2025-12-05T06:16:43.494800,0.177,0.953,1.270,-0.430
2025-12-05T06:16:43.527251,0.190,0.937,1.270,-0.430
2025-12-05T06:16:43.559609,0.203,0.922,1.270,-0.430
2025-12-05T06:16:43.593751,0.216,0.906,1.270,-0.430
2025-12-05T06:16:43.626499,0.229,0.890,1.270,-0.430
2025-12-05T06:16:43.660443,0.242,0.874,1.270,-0.430
2025-12-05T06:16:43.692129,0.255,0.858,1.270,-0.430
2025-12-05T06:16:43.717273,0.268,0.842,1.270,-0.430
2025-12-05T06:16:43.749824,0.280,0.826,1.270,-0.430
2025-12-05T06:16:43.785011,0.293,0.811,1.270,-0.430
2025-12-05T06:16:43.814214,0.306,0.795,1.270,-0.430
2025-12-05T06:16:43.847465,0.319,0.779,1.270,-0.430
2025-12-05T06:16:43.884739,0.332,0.763,1.270,-0.430
2025-12-05T06:16:43.913575,0.345,0.747,1.270,-0.430
2025-12-05T06:16:43.947570,0.358,0.731,1.270,-0.430
2025-12-05T06:16:43.981238,0.371,0.715,1.270,-0.430
2025-12-05T06:16:44.010724,0.384,0.699,1.270,-0.430
2025-12-05T06:16:44.044646,0.397,0.684,1.270,-0.430
2025-12-05T06:16:44.076329,0.410,0.668,1.270,-0.430
2025-12-05T06:16:44.110131,0.422,0.652,1.270,-0.430
2025-12-05T06:16:44.147538,0.435,0.636,1.270,-0.430
2025-12-05T06:16:44.183963,0.448,0.620,1.270,-0.430
2025-12-05T06:16:44.215342,0.461,0.604,1.270,-0.430
2025-12-05T06:16:44.246790,0.474,0.588,1.270,-0.430
2025-12-05T06:16:44.277088,0.487,0.572,1.270,-0.430
2025-12-05T06:16:44.309531,0.500,0.556,1.270,-0.430
2025-12-05T06:16:44.343258,0.513,0.541,1.270,-0.430
2025-12-05T06:16:44.375826,0.526,0.525,1.270,-0.430
2025-12-05T06:16:44.407688,0.539,0.509,1.270,-0.430
2025-12-05T06:16:44.442301,0.552,0.493,1.270,-0.430
2025-12-05T06:16:44.474867,0.565,0.477,1.270,-0.430
2025-12-05T06:16:44.507261,0.578,0.461,1.270,-0.430
2025-12-05T06:16:44.538812,0.590,0.445,1.270,-0.430
2025-12-05T06:16:44.568354,0.603,0.429,1.270,-0.430
2025-12-05T06:16:44.598169,0.616,0.413,1.270,-0.430
2025-12-05T06:16:44.630827,0.629,0.397,1.270,-0.430
2025-12-05T06:16:44.663521,0.642,0.381,1.270,-0.430
2025-12-05T06:16:44.698794,0.655,0.366,1.270,-0.430
2025-12-05T06:16:44.730436,0.668,0.350,1.270,-0.430
2025-12-05T06:16:44.763006,0.681,0.334,1.270,-0.430
2025-12-05T06:16:44.794373,0.694,0.318,1.270,-0.430
2025-12-05T06:16:44.827243,0.707,0.302,1.270,-0.430
2025-12-05T06:16:44.857163,0.720,0.286,1.270,-0.430
2025-12-05T06:16:44.887546,0.733,0.270,1.270,-0.430
2025-12-05T06:16:44.920134,0.746,0.254,1.270,-0.430
2025-12-05T06:16:44.953154,0.759,0.238,1.270,-0.430
2025-12-05T06:16:44.988749,0.772,0.222,1.270,-0.430
2025-12-05T06:16:45.025273,0.784,0.207,1.270,-0.430
2025-12-05T06:16:45.057213,0.797,0.191,1.270,-0.430
2025-12-05T06:16:45.090534,0.810,0.175,1.270,-0.430
2025-12-05T06:16:45.120584,0.823,0.159,1.270,-0.430
2025-12-05T06:16:45.151698,0.836,0.143,1.270,-0.430
2025-12-05T06:16:45.183109,0.849,0.127,1.270,-0.430
2025-12-05T06:16:45.214378,0.862,0.111,1.270,-0.430
2025-12-05T06:16:45.246356,0.875,0.095,1.270,-0.430
2025-12-05T06:16:45.279191,0.888,0.079,1.270,-0.430
2025-12-05T06:16:45.309345,0.901,0.063,1.270,-0.430
2025-12-05T06:16:45.343512,0.914,0.047,1.270,-0.430
2025-12-05T06:16:45.381201,0.927,0.032,1.270,-0.430
2025-12-05T06:16:45.411319,0.940,0.016,1.270,-0.430
2025-12-05T06:16:45.443865,0.953,-0.000,1.270,-0.430
2025-12-05T06:16:45.476572,0.966,-0.016,1.270,-0.430
2025-12-05T06:16:45.506370,0.979,-0.032,1.270,-0.430
2025-12-05T06:16:45.540411,0.991,-0.048,1.270,-0.430
2025-12-05T06:16:45.577828,1.004,-0.064,1.270,-0.430
2025-12-05T06:16:45.610879,1.017,-0.080,1.270,-0.430
2025-12-05T06:16:45.642945,1.030,-0.096,1.270,-0.430
2025-12-05T06:16:45.673396,1.043,-0.112,1.270,-0.430
2025-12-05T06:16:45.708859,1.056,-0.128,1.270,-0.430
2025-12-05T06:16:45.733459,1.069,-0.143,1.270,-0.430
2025-12-05T06:16:45.767737,1.082,-0.159,1.270,-0.430
2025-12-05T06:16:45.798722,1.095,-0.175,1.270,-0.430
2025-12-05T06:16:45.834716,1.108,-0.191,1.270,-0.430
2025-12-05T06:16:45.864754,1.121,-0.207,1.270,-0.430
2025-12-05T06:16:45.895345,1.134,-0.223,1.270,-0.430
2025-12-05T06:16:45.927535,1.147,-0.239,1.270,-0.430
2025-12-05T06:16:45.957670,1.160,-0.255,1.270,-0.430
2025-12-05T06:16:45.990659,1.173,-0.271,1.270,-0.430
2025-12-05T06:16:46.024140,1.186,-0.287,1.270,-0.430
2025-12-05T06:16:46.057517,1.198,-0.303,1.270,-0.430
2025-12-05T06:16:46.092367,1.211,-0.319,1.270,-0.430
2025-12-05T06:16:46.125977,1.224,-0.334,1.270,-0.430
2025-12-05T06:16:46.157311,1.237,-0.350,1.270,-0.430
2025-12-05T06:16:46.186741,1.250,-0.366,1.270,-0.430
2025-12-05T06:16:46.218493,1.263,-0.382,1.270,-0.430
2025-12-05T06:16:46.250497,1.276,-0.398,1.270,-0.430
2025-12-05T06:16:46.284762,1.289,-0.414,1.270,-0.430
2025-12-05T06:16:46.316110,1.302,-0.430,1.270,-0.430
2025-12-05T06:16:46.350378,1.315,-0.446,1.270,-0.430
2025-12-05T06:16:46.384710,1.328,-0.462,1.270,-0.430
2025-12-05T06:16:46.415314,1.341,-0.478,1.270,-0.430
2025-12-05T06:16:46.448418,1.354,-0.494,1.270,-0.430
2025-12-05T06:16:46.480465,1.367,-0.509,1.270,-0.430
2025-12-05T06:16:46.511744,1.380,-0.525,1.270,-0.430
2025-12-05T06:16:46.545742,1.393,-0.541,1.270,-0.430
2025-12-05T06:16:46.580077,1.405,-0.557,1.270,-0.430
2025-12-05T06:16:46.612646,1.418,-0.573,1.270,-0.430
2025-12-05T06:16:46.646535,1.431,-0.589,1.270,-0.430
2025-12-05T06:16:46.679608,1.444,-0.605,1.270,-0.430
2025-12-05T06:16:46.711051,1.457,-0.621,1.270,-0.430
2025-12-05T06:16:46.743395,1.470,-0.637,1.270,-0.430
2025-12-05T06:16:46.776174,1.483,-0.653,1.270,-0.430
2025-12-05T06:16:46.807601,1.496,-0.669,1.270,-0.430
2025-12-05T06:16:46.843321,1.509,-0.684,1.270,-0.430
2025-12-05T06:16:46.874272,1.522,-0.700,1.270,-0.430
2025-12-05T06:16:46.907224,1.535,-0.716,1.270,-0.430
2025-12-05T06:16:46.938810,1.548,-0.732,1.270,-0.430
2025-12-05T06:16:46.970585,1.561,-0.748,1.270,-0.430
2025-12-05T06:16:46.999850,1.574,-0.764,1.270,-0.430
2025-12-05T06:16:47.029735,1.587,-0.780,1.270,-0.430
2025-12-05T06:16:47.063881,1.600,-0.796,1.270,-0.430
2025-12-05T06:16:47.096658,1.612,-0.812,1.270,-0.430
2025-12-05T06:16:47.132852,1.625,-0.828,1.270,-0.430
2025-12-05T06:16:47.163469,1.638,-0.844,1.270,-0.430
2025-12-05T06:16:47.198066,1.651,-0.859,1.270,-0.430
2025-12-05T06:16:47.230478,1.664,-0.875,1.270,-0.430
2025-12-05T06:16:47.261563,1.677,-0.891,1.270,-0.430
2025-12-05T06:16:47.294838,1.690,-0.907,1.270,-0.430
2025-12-05T06:16:47.327672,1.703,-0.923,1.270,-0.430
2025-12-05T06:16:47.357738,1.716,-0.939,1.270,-0.430
2025-12-05T06:16:47.394722,1.729,-0.955,1.270,-0.430
2025-12-05T06:16:47.431501,1.742,-0.971,1.270,-0.430
2025-12-05T06:16:47.461906,1.755,-0.987,1.270,-0.430
2025-12-05T06:16:47.494592,1.768,-1.003,1.270,-0.430
2025-12-05T06:16:47.526971,1.781,-1.019,1.270,-0.430
2025-12-05T06:16:47.558688,1.794,-1.035,1.270,-0.430
2025-12-05T06:16:47.586425,1.807,-1.050,1.270,-0.430
2025-12-05T06:16:47.618495,1.819,-1.066,1.270,-0.430
2025-12-05T06:16:47.651642,1.832,-1.082,1.270,-0.430
2025-12-05T06:16:47.682448,1.845,-1.098,1.270,-0.430
2025-12-05T06:16:47.715915,1.858,-1.114,1.270,-0.430
2025-12-05T06:16:47.748202,1.871,-1.130,1.270,-0.430
2025-12-05T06:16:47.781635,1.884,-1.146,1.270,-0.430
2025-12-05T06:16:47.813181,1.897,-1.162,1.270,-0.430
2025-12-05T06:16:47.848248,1.910,-1.178,1.270,-0.430
2025-12-05T06:16:47.875748,1.910,-1.178,1.270,-0.430
2025-12-05T06:16:47.907752,1.910,-1.178,1.270,-0.430
2025-12-05T06:16:47.940649,1.910,-1.178,1.270,-0.430
2025-12-05T06:16:47.972231,1.910,-1.178,1.270,-0.430
2025-12-05T06:16:48.006681,1.910,-1.178,1.270,-0.430
2025-12-05T06:16:48.040618,1.910,-1.178,1.270,-0.430
2025-12-05T06:16:48.070748,1.910,-1.178,1.270,-0.430
2025-12-05T06:16:48.102807,1.910,-1.178,1.270,-0.430
2025-12-05T06:16:48.134763,1.910,-1.178,1.270,-0.430
2025-12-05T06:16:48.164366,1.910,-1.178,1.270,-0.430
2025-12-05T06:16:48.197033,1.910,-1.178,1.270,-0.430
2025-12-05T06:16:48.231616,1.910,-1.178,1.270,-0.430
2025-12-05T06:16:48.264859,1.910,-1.178,1.270,-0.430
2025-12-05T06:16:48.299495,1.910,-1.178,1.270,-0.430
2025-12-05T06:16:48.334106,1.910,-1.178,1.270,-0.430
2025-12-05T06:16:48.364438,1.910,-1.178,1.270,-0.430
2025-12-05T06:16:48.397859,1.910,-1.178,1.270,-0.430
2025-12-05T06:16:48.430048,1.910,-1.178,1.270,-0.430
2025-12-05T06:16:48.463067,1.910,-1.178,1.270,-0.430
2025-12-05T06:16:48.497795,1.910,-1.178,1.270,-0.430
2025-12-05T06:16:48.529765,1.910,-1.178,1.270,-0.430
2025-12-05T06:16:48.561111,1.910,-1.178,1.270,-0.430
2025-12-05T06:16:48.593659,1.910,-1.178,1.270,-0.430
2025-12-05T06:16:48.626532,1.910,-1.178,1.270,-0.430
2025-12-05T06:16:48.657648,1.910,-1.178,1.270,-0.430
2025-12-05T06:16:48.689377,1.910,-1.178,1.270,-0.430
2025-12-05T06:16:48.722427,1.910,-1.178,1.270,-0.430
2025-12-05T06:16:48.752668,1.910,-1.178,1.270,-0.430
2025-12-05T06:16:48.789086,1.910,-1.178,1.270,-0.430
2025-12-05T06:16:48.820824,1.910,-1.178,1.270,-0.430
2025-12-05T06:16:48.852603,1.910,-1.178,1.270,-0.430
2025-12-05T06:16:48.885971,1.910,-1.178,1.270,-0.430
2025-12-05T06:16:48.917825,1.910,-1.178,1.270,-0.430
2025-12-05T06:16:48.949886,1.910,-1.178,1.270,-0.430
2025-12-05T06:16:48.981284,1.910,-1.178,1.270,-0.430
2025-12-05T06:16:49.012354,1.910,-1.178,1.270,-0.430
2025-12-05T06:16:49.045240,1.910,-1.178,1.270,-0.430
2025-12-05T06:16:49.077411,1.910,-1.178,1.270,-0.430
2025-12-05T06:16:49.108339,1.910,-1.178,1.270,-0.430
2025-12-05T06:16:49.142378,1.910,-1.178,1.270,-0.430
2025-12-05T06:16:49.174755,1.910,-1.178,1.270,-0.430
2025-12-05T06:16:49.206756,1.910,-1.178,1.270,-0.430
2025-12-05T06:16:49.238870,1.910,-1.178,1.270,-0.430
2025-12-05T06:16:49.271191,1.910,-1.178,1.270,-0.430
2025-12-05T06:16:49.306666,1.910,-1.178,1.270,-0.430
2025-12-05T06:16:49.341144,1.910,-1.178,1.270,-0.430
2025-12-05T06:16:49.373192,1.910,-1.178,1.270,-0.430
2025-12-05T06:16:49.405548,1.910,-1.178,1.270,-0.430
2025-12-05T06:16:49.436804,1.910,-1.178,1.270,-0.430
2025-12-05T06:16:49.467686,1.910,-1.178,1.270,-0.430
2025-12-05T06:16:49.500564,1.910,-1.178,1.270,-0.430
2025-12-05T06:16:49.532368,1.910,-1.178,1.270,-0.430
2025-12-05T06:16:49.566344,1.910,-1.178,1.270,-0.430
2025-12-05T06:16:49.598877,1.910,-1.178,1.270,-0.430
2025-12-05T06:16:49.633487,1.910,-1.178,1.270,-0.430
2025-12-05T06:16:49.665055,1.910,-1.178,1.270,-0.430
2025-12-05T06:16:49.696885,1.910,-1.178,1.270,-0.430
2025-12-05T06:16:49.728688,1.910,-1.178,1.270,-0.430
2025-12-05T06:16:49.759171,1.910,-1.178,1.270,-0.430
2025-12-05T06:16:49.789265,1.910,-1.178,1.270,-0.430
2025-12-05T06:16:49.820918,1.910,-1.178,1.270,-0.430
2025-12-05T06:16:49.853243,1.910,-1.178,1.270,-0.430
2025-12-05T06:16:49.882548,1.910,-1.178,1.270,-0.430
2025-12-05T06:16:49.914597,1.910,-1.178,1.270,-0.430
2025-12-05T06:16:49.949172,1.910,-1.178,1.270,-0.430
2025-12-05T06:16:49.983210,1.910,-1.178,1.270,-0.430
2025-12-05T06:16:50.017424,1.910,-1.178,1.270,-0.430
2025-12-05T06:16:50.051421,1.910,-1.178,1.270,-0.430
2025-12-05T06:16:50.084910,1.910,-1.178,1.270,-0.430
2025-12-05T06:16:50.115875,1.910,-1.178,1.270,-0.430
2025-12-05T06:16:50.147878,1.910,-1.178,1.270,-0.430
2025-12-05T06:16:50.178476,1.910,-1.178,1.270,-0.430
2025-12-05T06:16:50.210687,1.910,-1.178,1.270,-0.430
2025-12-05T06:16:50.244571,1.910,-1.178,1.270,-0.430
2025-12-05T06:16:50.278837,1.910,-1.178,1.270,-0.430
2025-12-05T06:16:50.310301,1.910,-1.178,1.270,-0.430
2025-12-05T06:16:50.343084,1.910,-1.178,1.270,-0.430
2025-12-05T06:16:50.373568,1.910,-1.178,1.270,-0.430
2025-12-05T06:16:50.406822,1.910,-1.178,1.270,-0.430
2025-12-05T06:16:50.438754,1.910,-1.178,1.270,-0.430
2025-12-05T06:16:50.473534,1.910,-1.178,1.270,-0.430
2025-12-05T06:16:50.507666,1.910,-1.178,1.270,-0.430
2025-12-05T06:16:50.542697,1.910,-1.178,1.270,-0.430
2025-12-05T06:16:50.574422,1.910,-1.178,1.270,-0.430
2025-12-05T06:16:50.606198,1.910,-1.178,1.270,-0.430
2025-12-05T06:16:50.638478,1.910,-1.178,1.270,-0.430
2025-12-05T06:16:50.667266,1.910,-1.178,1.270,-0.430
2025-12-05T06:16:50.698764,1.910,-1.178,1.270,-0.430
2025-12-05T06:16:50.732869,1.910,-1.178,1.270,-0.430
2025-12-05T06:16:50.765943,1.910,-1.178,1.270,-0.430
2025-12-05T06:16:50.799893,1.910,-1.178,1.270,-0.430
2025-12-05T06:16:50.833782,1.910,-1.178,1.270,-0.430
2025-12-05T06:16:50.865002,1.910,-1.178,1.270,-0.430
2025-12-05T06:16:50.897498,1.910,-1.178,1.270,-0.430
2025-12-05T06:16:50.929389,1.910,-1.178,1.270,-0.430
2025-12-05T06:16:50.961805,1.910,-1.178,1.270,-0.430
2025-12-05T06:16:50.993373,1.910,-1.178,1.270,-0.430
2025-12-05T06:16:51.026126,1.910,-1.178,1.270,-0.430
2025-12-05T06:16:51.061040,1.910,-1.178,1.270,-0.430
2025-12-05T06:16:51.093323,1.910,-1.178,1.270,-0.430
2025-12-05T06:16:51.127074,1.910,-1.178,1.270,-0.430
2025-12-05T06:16:51.157789,1.910,-1.178,1.270,-0.430
2025-12-05T06:16:51.188957,1.910,-1.178,1.270,-0.430
2025-12-05T06:16:51.220924,1.910,-1.178,1.270,-0.430
2025-12-05T06:16:51.251803,1.910,-1.178,1.270,-0.430
2025-12-05T06:16:51.285462,1.910,-1.178,1.270,-0.430
2025-12-05T06:16:51.319296,1.910,-1.178,1.270,-0.430
2025-12-05T06:16:51.350079,1.910,-1.178,1.270,-0.430
2025-12-05T06:16:51.382655,1.910,-1.178,1.270,-0.430
2025-12-05T06:16:51.414228,1.910,-1.178,1.270,-0.430
2025-12-05T06:16:51.448175,1.910,-1.178,1.270,-0.430
2025-12-05T06:16:51.480827,1.910,-1.178,1.270,-0.430
2025-12-05T06:16:51.514377,1.910,-1.178,1.270,-0.430
2025-12-05T06:16:51.548226,1.910,-1.178,1.270,-0.430
2025-12-05T06:16:51.582253,1.910,-1.178,1.270,-0.430
2025-12-05T06:16:51.626363,1.910,-1.178,1.270,-0.430
2025-12-05T06:16:51.652121,1.910,-1.178,1.270,-0.430
2025-12-05T06:16:51.686117,1.910,-1.178,1.270,-0.430
2025-12-05T06:16:51.713142,1.910,-1.178,1.270,-0.430
2025-12-05T06:16:51.745264,1.910,-1.178,1.270,-0.430
2025-12-05T06:16:51.772678,1.910,-1.178,1.270,-0.430
2025-12-05T06:16:51.801551,1.910,-1.178,1.270,-0.430
2025-12-05T06:16:51.833671,1.910,-1.178,1.270,-0.430
2025-12-05T06:16:51.863392,1.910,-1.178,1.270,-0.430
2025-12-05T06:16:51.889320,1.910,-1.178,1.270,-0.430
2025-12-05T06:16:51.922853,1.910,-1.178,1.270,-0.430
2025-12-05T06:16:51.954907,1.910,-1.178,1.270,-0.430
2025-12-05T06:16:51.993073,1.910,-1.178,1.270,-0.430
2025-12-05T06:16:52.028966,1.910,-1.178,1.270,-0.430
2025-12-05T06:16:52.062177,1.910,-1.178,1.270,-0.430
2025-12-05T06:16:52.097882,1.910,-1.178,1.270,-0.430
2025-12-05T06:16:52.129965,1.910,-1.178,1.270,-0.430
2025-12-05T06:16:52.160930,1.910,-1.178,1.270,-0.430
2025-12-05T06:16:52.192083,1.910,-1.178,1.270,-0.430
2025-12-05T06:16:52.223538,1.910,-1.178,1.270,-0.430
2025-12-05T06:16:52.254196,1.910,-1.178,1.270,-0.430
2025-12-05T06:16:52.285296,1.910,-1.178,1.270,-0.430
2025-12-05T06:16:52.316371,1.910,-1.178,1.270,-0.430
2025-12-05T06:16:52.347729,1.910,-1.178,1.270,-0.430
2025-12-05T06:16:52.383269,1.910,-1.178,1.270,-0.430
2025-12-05T06:16:52.416502,1.910,-1.178,1.270,-0.430
2025-12-05T06:16:52.450578,1.910,-1.178,1.270,-0.430
2025-12-05T06:16:52.487040,1.910,-1.178,1.270,-0.430
2025-12-05T06:16:52.518040,1.910,-1.178,1.270,-0.430
2025-12-05T06:16:52.551377,1.910,-1.178,1.270,-0.430
2025-12-05T06:16:52.585741,1.910,-1.178,1.270,-0.430
2025-12-05T06:16:52.616054,1.910,-1.178,1.270,-0.430
2025-12-05T06:16:52.644460,1.910,-1.178,1.270,-0.430
2025-12-05T06:16:52.676584,1.910,-1.178,1.270,-0.430
2025-12-05T06:16:52.709710,1.910,-1.178,1.270,-0.430
2025-12-05T06:16:52.741559,1.910,-1.178,1.270,-0.430
2025-12-05T06:16:52.777188,1.910,-1.178,1.270,-0.430
2025-12-05T06:16:52.811304,1.910,-1.178,1.270,-0.430
2025-12-05T06:16:52.843068,1.910,-1.178,1.270,-0.430
2025-12-05T06:16:52.874239,1.910,-1.178,1.270,-0.430
2025-12-05T06:16:52.903934,1.910,-1.178,1.270,-0.430
2025-12-05T06:16:52.937789,1.910,-1.178,1.270,-0.430
2025-12-05T06:16:52.969648,1.910,-1.178,1.270,-0.430
2025-12-05T06:16:53.000631,1.910,-1.178,1.270,-0.430
2025-12-05T06:16:53.036554,1.910,-1.178,1.270,-0.430
2025-12-05T06:16:53.067167,1.910,-1.178,1.270,-0.430
2025-12-05T06:16:53.115503,1.910,-1.178,1.270,-0.430
2025-12-05T06:16:53.150786,1.910,-1.178,1.270,-0.430
2025-12-05T06:16:53.187948,1.910,-1.178,1.270,-0.430
2025-12-05T06:16:53.217002,1.910,-1.178,1.270,-0.430
2025-12-05T06:16:53.249124,1.910,-1.178,1.270,-0.430
2025-12-05T06:16:53.276238,1.910,-1.178,1.270,-0.430
2025-12-05T06:16:53.308299,1.910,-1.178,1.270,-0.430
2025-12-05T06:16:53.342623,1.910,-1.178,1.270,-0.430
2025-12-05T06:16:53.373842,1.910,-1.178,1.270,-0.430
2025-12-05T06:16:53.407577,1.910,-1.178,1.270,-0.430
2025-12-05T06:16:53.438374,1.910,-1.178,1.270,-0.430
2025-12-05T06:16:53.469456,1.910,-1.178,1.270,-0.430
2025-12-05T06:16:53.503866,1.910,-1.178,1.270,-0.430
2025-12-05T06:16:53.538266,1.910,-1.178,1.270,-0.430
2025-12-05T06:16:53.574186,1.910,-1.178,1.270,-0.430
2025-12-05T06:16:53.607928,1.910,-1.178,1.270,-0.430
2025-12-05T06:16:53.643304,1.910,-1.178,1.270,-0.430
2025-12-05T06:16:53.675130,1.910,-1.178,1.270,-0.430
2025-12-05T06:16:53.705217,1.910,-1.178,1.270,-0.430
2025-12-05T06:16:53.738320,1.910,-1.178,1.270,-0.430
2025-12-05T06:16:53.770828,1.910,-1.178,1.270,-0.430
2025-12-05T06:16:53.802886,1.910,-1.178,1.270,-0.430
2025-12-05T06:16:53.834607,1.910,-1.178,1.270,-0.430
2025-12-05T06:16:53.866311,1.910,-1.178,1.270,-0.430
2025-12-05T06:16:53.900868,1.910,-1.178,1.270,-0.430
2025-12-05T06:16:53.933863,1.910,-1.178,1.270,-0.430
2025-12-05T06:16:53.968781,1.910,-1.178,1.270,-0.430
2025-12-05T06:16:54.000665,1.910,-1.178,1.270,-0.430
2025-12-05T06:16:54.034825,1.910,-1.178,1.270,-0.430
2025-12-05T06:16:54.066945,1.910,-1.178,1.270,-0.430
2025-12-05T06:16:54.099119,1.910,-1.178,1.270,-0.430
2025-12-05T06:16:54.135123,1.910,-1.178,1.270,-0.430
2025-12-05T06:16:54.164790,1.910,-1.178,1.270,-0.430
2025-12-05T06:16:54.198149,1.910,-1.178,1.270,-0.430
2025-12-05T06:16:54.231399,1.910,-1.178,1.270,-0.430
2025-12-05T06:16:54.262737,1.910,-1.178,1.270,-0.430
2025-12-05T06:16:54.296199,1.910,-1.178,1.270,-0.430
2025-12-05T06:16:54.328796,1.910,-1.178,1.270,-0.430
2025-12-05T06:16:54.359420,1.910,-1.178,1.270,-0.430
2025-12-05T06:16:54.393904,1.910,-1.178,1.270,-0.430
2025-12-05T06:16:54.426401,1.910,-1.178,1.270,-0.430
2025-12-05T06:16:54.454879,1.910,-1.178,1.270,-0.430
2025-12-05T06:16:54.486719,1.910,-1.178,1.270,-0.430
2025-12-05T06:16:54.523043,1.910,-1.178,1.270,-0.430
2025-12-05T06:16:54.554726,1.910,-1.178,1.270,-0.430
2025-12-05T06:16:54.585445,1.910,-1.178,1.270,-0.430
2025-12-05T06:16:54.616669,1.910,-1.178,1.270,-0.430
2025-12-05T06:16:54.648661,1.910,-1.178,1.270,-0.430
2025-12-05T06:16:54.684916,1.910,-1.178,1.270,-0.430
2025-12-05T06:16:54.714623,1.910,-1.178,1.270,-0.430
2025-12-05T06:16:54.749350,1.910,-1.178,1.270,-0.430
2025-12-05T06:16:54.783612,1.910,-1.178,1.270,-0.430
2025-12-05T06:16:54.812112,1.910,-1.178,1.270,-0.430
2025-12-05T06:16:54.845092,1.910,-1.178,1.270,-0.430
2025-12-05T06:16:54.882518,1.910,-1.178,1.270,-0.430
2025-12-05T06:16:54.912530,1.910,-1.178,1.270,-0.430
2025-12-05T06:16:54.944882,1.910,-1.178,1.270,-0.430
2025-12-05T06:16:54.976649,1.910,-1.178,1.270,-0.430
2025-12-05T06:16:55.009094,1.910,-1.178,1.270,-0.430
2025-12-05T06:16:55.041723,1.910,-1.178,1.270,-0.430
2025-12-05T06:16:55.072912,1.910,-1.178,1.270,-0.430
2025-12-05T06:16:55.105206,1.910,-1.178,1.270,-0.430
2025-12-05T06:16:55.142194,1.910,-1.178,1.270,-0.430
2025-12-05T06:16:55.175416,1.910,-1.178,1.270,-0.430
2025-12-05T06:16:55.206927,1.910,-1.178,1.270,-0.430
2025-12-05T06:16:55.236703,1.910,-1.178,1.270,-0.430
2025-12-05T06:16:55.266946,1.910,-1.178,1.270,-0.430
2025-12-05T06:16:55.299367,1.910,-1.178,1.270,-0.430
2025-12-05T06:16:55.333536,1.910,-1.178,1.270,-0.430
2025-12-05T06:16:55.365659,1.910,-1.178,1.270,-0.430
2025-12-05T06:16:55.394297,1.910,-1.178,1.270,-0.430
2025-12-05T06:16:55.430821,1.910,-1.178,1.270,-0.430
2025-12-05T06:16:55.462413,1.910,-1.178,1.270,-0.430
2025-12-05T06:16:55.494818,1.910,-1.178,1.270,-0.430
2025-12-05T06:16:55.526004,1.910,-1.178,1.270,-0.430
2025-12-05T06:16:55.556136,1.910,-1.178,1.270,-0.430
2025-12-05T06:16:55.590810,1.910,-1.178,1.270,-0.430
2025-12-05T06:16:55.622808,1.910,-1.178,1.270,-0.430
2025-12-05T06:16:55.654651,1.910,-1.178,1.270,-0.430
2025-12-05T06:16:55.690336,1.910,-1.178,1.270,-0.430
2025-12-05T06:16:55.723364,1.910,-1.178,1.270,-0.430
2025-12-05T06:16:55.755635,1.910,-1.178,1.270,-0.430
2025-12-05T06:16:55.789035,1.910,-1.178,1.270,-0.430
2025-12-05T06:16:55.819410,1.910,-1.178,1.270,-0.430
2025-12-05T06:16:55.851481,1.910,-1.178,1.270,-0.430
2025-12-05T06:16:55.882714,1.910,-1.178,1.270,-0.430
2025-12-05T06:16:55.914353,1.910,-1.178,1.270,-0.430
2025-12-05T06:16:55.948875,1.910,-1.178,1.270,-0.430
2025-12-05T06:16:55.983779,1.910,-1.178,1.270,-0.430
2025-12-05T06:16:56.017226,1.910,-1.178,1.270,-0.430
2025-12-05T06:16:56.049398,1.910,-1.178,1.270,-0.430
2025-12-05T06:16:56.084385,1.910,-1.178,1.270,-0.430
2025-12-05T06:16:56.112817,1.910,-1.178,1.270,-0.430
2025-12-05T06:16:56.142292,1.910,-1.178,1.270,-0.430
2025-12-05T06:16:56.174801,1.910,-1.178,1.270,-0.430
2025-12-05T06:16:56.205829,1.910,-1.178,1.270,-0.430
2025-12-05T06:16:56.238976,1.910,-1.178,1.270,-0.430
2025-12-05T06:16:56.269977,1.910,-1.178,1.270,-0.430
2025-12-05T06:16:56.303614,1.910,-1.178,1.270,-0.430
2025-12-05T06:16:56.345146,1.910,-1.178,1.270,-0.430
2025-12-05T06:16:56.375387,1.910,-1.178,1.270,-0.430
2025-12-05T06:16:56.408436,1.910,-1.178,1.270,-0.430
2025-12-05T06:16:56.442901,1.910,-1.178,1.270,-0.430
2025-12-05T06:16:56.474871,1.910,-1.178,1.270,-0.430
2025-12-05T06:16:56.504066,1.910,-1.178,1.270,-0.430
2025-12-05T06:16:56.541339,1.910,-1.178,1.270,-0.430
2025-12-05T06:16:56.573297,1.910,-1.178,1.270,-0.430
2025-12-05T06:16:56.603055,1.910,-1.178,1.270,-0.430
2025-12-05T06:16:56.634540,1.910,-1.178,1.270,-0.430
2025-12-05T06:16:56.665811,1.910,-1.178,1.270,-0.430
2025-12-05T06:16:56.698807,1.910,-1.178,1.270,-0.430
2025-12-05T06:16:56.734952,1.910,-1.178,1.270,-0.430
2025-12-05T06:16:56.767172,1.910,-1.178,1.270,-0.430
2025-12-05T06:16:56.800935,1.910,-1.178,1.270,-0.430
2025-12-05T06:16:56.833720,1.910,-1.178,1.270,-0.430
2025-12-05T06:16:56.862895,1.910,-1.178,1.270,-0.430
2025-12-05T06:16:56.897908,1.910,-1.178,1.270,-0.430
2025-12-05T06:16:56.929447,1.910,-1.178,1.270,-0.430
2025-12-05T06:16:56.961609,1.910,-1.178,1.270,-0.430
2025-12-05T06:16:56.998153,1.910,-1.178,1.270,-0.430
2025-12-05T06:16:57.030070,1.910,-1.178,1.270,-0.430
2025-12-05T06:16:57.062460,1.910,-1.178,1.270,-0.430
2025-12-05T06:16:57.093743,1.910,-1.178,1.270,-0.430
2025-12-05T06:16:57.126801,1.910,-1.178,1.270,-0.430
2025-12-05T06:16:57.159504,1.910,-1.178,1.270,-0.430
2025-12-05T06:16:57.193685,1.910,-1.178,1.270,-0.430
2025-12-05T06:16:57.227500,1.910,-1.178,1.270,-0.430
2025-12-05T06:16:57.254615,1.910,-1.178,1.270,-0.430
2025-12-05T06:16:57.284345,1.910,-1.178,1.270,-0.430
2025-12-05T06:16:57.317195,1.910,-1.178,1.270,-0.430
2025-12-05T06:16:57.350769,1.910,-1.178,1.270,-0.430
2025-12-05T06:16:57.381026,1.910,-1.178,1.270,-0.430
2025-12-05T06:16:57.416350,1.910,-1.178,1.270,-0.430
2025-12-05T06:16:57.450662,1.910,-1.178,1.270,-0.430
2025-12-05T06:16:57.480866,1.910,-1.178,1.270,-0.430
2025-12-05T06:16:57.513031,1.910,-1.178,1.270,-0.430
2025-12-05T06:16:57.545397,1.910,-1.178,1.270,-0.430
2025-12-05T06:16:57.578042,1.910,-1.178,1.270,-0.430
2025-12-05T06:16:57.612586,1.910,-1.178,1.270,-0.430
2025-12-05T06:16:57.642083,1.910,-1.178,1.270,-0.430
2025-12-05T06:16:57.670971,1.910,-1.178,1.270,-0.430
2025-12-05T06:16:57.704187,1.910,-1.178,1.270,-0.430
2025-12-05T06:16:57.738567,1.910,-1.178,1.270,-0.430
2025-12-05T06:16:57.770829,1.910,-1.178,1.270,-0.430
2025-12-05T06:16:57.802161,1.910,-1.178,1.270,-0.430
2025-12-05T06:16:57.834975,1.910,-1.178,1.270,-0.430
2025-12-05T06:16:57.866604,1.910,-1.178,1.270,-0.430
2025-12-05T06:16:57.900778,1.910,-1.178,1.270,-0.430
2025-12-05T06:16:57.934922,1.910,-1.178,1.270,-0.430
2025-12-05T06:16:57.966908,1.910,-1.178,1.270,-0.430
2025-12-05T06:16:57.999244,1.910,-1.178,1.270,-0.430
2025-12-05T06:16:58.029800,1.910,-1.178,1.270,-0.430
2025-12-05T06:16:58.061973,1.910,-1.178,1.270,-0.430
2025-12-05T06:16:58.097121,1.910,-1.178,1.270,-0.430
2025-12-05T06:16:58.129446,1.910,-1.178,1.270,-0.430
2025-12-05T06:16:58.162260,1.910,-1.178,1.270,-0.430
2025-12-05T06:16:58.197968,1.910,-1.178,1.270,-0.430
2025-12-05T06:16:58.229833,1.910,-1.178,1.270,-0.430
2025-12-05T06:16:58.261280,1.910,-1.178,1.270,-0.430
2025-12-05T06:16:58.292808,1.910,-1.178,1.270,-0.430
2025-12-05T06:16:58.324603,1.910,-1.178,1.270,-0.430
2025-12-05T06:16:58.362354,1.910,-1.178,1.270,-0.430
2025-12-05T06:16:58.393332,1.910,-1.178,1.270,-0.430
2025-12-05T06:16:58.420363,1.910,-1.178,1.270,-0.430
2025-12-05T06:16:58.450805,1.910,-1.178,1.270,-0.430
2025-12-05T06:16:58.481865,1.910,-1.178,1.270,-0.430
2025-12-05T06:16:58.512483,1.910,-1.178,1.270,-0.430
2025-12-05T06:16:58.545490,1.910,-1.178,1.270,-0.430
2025-12-05T06:16:58.581147,1.910,-1.178,1.270,-0.430
2025-12-05T06:16:58.615519,1.910,-1.178,1.270,-0.430
2025-12-05T06:16:58.647142,1.910,-1.178,1.270,-0.430
2025-12-05T06:16:58.681560,1.910,-1.178,1.270,-0.430
2025-12-05T06:16:58.712541,1.910,-1.178,1.270,-0.430
2025-12-05T06:16:58.742731,1.910,-1.178,1.270,-0.430
2025-12-05T06:16:58.774279,1.910,-1.178,1.270,-0.430
