timestamp,x,y,z,orientation_z
2025-12-05T06:18:15.372752,0.000,5.000,1.270,0.000
2025-12-05T06:18:15.374924,0.000,5.000,1.270,0.000
2025-12-05T06:18:15.375398,0.000,5.000,1.270,0.000
2025-12-05T06:18:15.376563,0.000,5.000,1.270,0.000
2025-12-05T06:18:15.378407,0.000,5.000,1.270,0.000
2025-12-05T06:18:15.380286,0.000,5.000,1.270,0.000
2025-12-05T06:18:15.381124,0.000,5.000,1.270,0.000
2025-12-05T06:18:15.394657,0.000,5.000,1.270,0.000
2025-12-05T06:18:15.427157,0.000,5.000,1.270,0.000
2025-12-05T06:18:15.460939,0.000,5.000,1.270,0.000
2025-12-05T06:18:15.486690,0.000,5.000,1.270,0.000
2025-12-05T06:18:15.522324,0.000,5.000,1.270,0.000
2025-12-05T06:18:15.653202,0.000,5.000,1.270,0.000
2025-12-05T06:18:15.714251,0.000,5.000,1.270,0.000
2025-12-05T06:18:15.749316,0.000,5.000,1.270,0.000
2025-12-05T06:18:15.781151,0.000,5.000,1.270,0.000
2025-12-05T06:18:15.810846,0.000,5.000,1.270,0.000
2025-12-05T06:18:15.844992,0.000,5.000,1.270,0.000
2025-12-05T06:18:15.870187,0.000,5.000,1.270,0.000
2025-12-05T06:18:15.898403,0.000,5.000,1.270,0.000
2025-12-05T06:18:15.933721,0.000,5.000,1.270,0.000
2025-12-05T06:18:15.964184,0.000,5.000,1.270,0.000
2025-12-05T06:18:15.993045,0.000,5.000,1.270,0.000
2025-12-05T06:18:16.027973,0.000,5.000,1.270,0.000
2025-12-05T06:18:16.064043,0.000,5.000,1.270,0.000
2025-12-05T06:18:16.097868,0.000,5.000,1.270,0.000
2025-12-05T06:18:16.133672,0.000,5.000,1.270,0.000
2025-12-05T06:18:16.163233,0.000,5.000,1.270,0.000
2025-12-05T06:18:16.196219,0.000,5.000,1.270,0.000
2025-12-05T06:18:16.228413,0.000,5.000,1.270,0.000
2025-12-05T06:18:16.262046,0.000,5.000,1.270,0.000
2025-12-05T06:18:16.291982,0.000,5.000,1.270,0.000
2025-12-05T06:18:16.321791,0.000,5.000,1.270,0.000
2025-12-05T06:18:16.364037,0.000,5.000,1.270,0.000
2025-12-05T06:18:16.482854,0.000,5.000,1.270,0.000
2025-12-05T06:18:16.852814,0.000,5.000,1.270,0.000
2025-12-05T06:18:16.876324,0.000,5.000,1.270,0.000
2025-12-05T06:18:16.909061,0.000,5.000,1.270,0.000
2025-12-05T06:18:16.941566,0.000,5.000,1.270,0.000
2025-12-05T06:18:16.972128,0.000,5.000,1.270,0.000
2025-12-05T06:18:17.000684,0.000,5.000,1.270,0.000
2025-12-05T06:18:17.033218,0.000,5.000,1.270,0.000
2025-12-05T06:18:17.064729,0.000,5.000,1.270,0.000
2025-12-05T06:18:17.094639,0.000,5.000,1.270,0.000
2025-12-05T06:18:17.128273,0.000,5.000,1.270,0.000
2025-12-05T06:18:17.161986,0.000,5.000,1.270,0.000
2025-12-05T06:18:17.195050,0.000,5.000,1.270,0.000
2025-12-05T06:18:17.234493,0.000,5.000,1.270,0.000
2025-12-05T06:18:17.260776,0.000,5.000,1.270,0.000
2025-12-05T06:18:17.300926,0.000,5.000,1.270,0.000
2025-12-05T06:18:17.337701,0.000,5.000,1.270,0.000
2025-12-05T06:18:17.357664,0.000,5.000,1.270,0.000
2025-12-05T06:18:17.393732,0.000,5.000,1.270,0.000
2025-12-05T06:18:17.431516,0.000,5.000,1.270,0.000
2025-12-05T06:18:17.478169,0.000,5.000,1.270,0.000
2025-12-05T06:18:17.494578,0.000,5.000,1.270,0.000
2025-12-05T06:18:17.526755,0.000,5.000,1.270,0.000
2025-12-05T06:18:17.889834,0.000,5.000,1.270,0.000
2025-12-05T06:18:17.901277,0.000,5.000,1.270,0.000
2025-12-05T06:18:17.966488,0.000,5.000,1.270,0.000
2025-12-05T06:18:17.976860,0.000,5.000,1.270,0.000
2025-12-05T06:18:18.001128,0.000,5.000,1.270,0.000
2025-12-05T06:18:18.026800,0.000,5.000,1.270,0.000
2025-12-05T06:18:18.078703,0.000,5.000,1.270,0.000
2025-12-05T06:18:18.100660,0.000,5.000,1.270,0.000
2025-12-05T06:18:18.128195,0.000,5.000,1.270,0.000
2025-12-05T06:18:18.155403,0.000,5.000,1.270,0.000
2025-12-05T06:18:18.183517,0.000,5.000,1.270,0.000
2025-12-05T06:18:18.211688,0.000,5.000,1.270,0.000
2025-12-05T06:18:18.241137,0.000,5.000,1.270,0.000
2025-12-05T06:18:18.268651,0.000,5.000,1.270,0.000
2025-12-05T06:18:18.298604,0.000,5.000,1.270,0.000
2025-12-05T06:18:18.330839,0.000,5.000,1.270,0.000
2025-12-05T06:18:18.361830,0.000,5.000,1.270,0.000
2025-12-05T06:18:18.393611,0.000,5.000,1.270,0.000
2025-12-05T06:18:18.430769,0.000,5.000,1.270,0.000
2025-12-05T06:18:18.463147,0.000,5.000,1.270,0.000
2025-12-05T06:18:18.499764,0.000,5.000,1.270,0.000
2025-12-05T06:18:18.530634,0.000,5.000,1.270,0.000
2025-12-05T06:18:18.562317,0.000,5.000,1.270,0.000
2025-12-05T06:18:18.593985,0.000,5.000,1.270,0.000
2025-12-05T06:18:18.626021,0.000,5.000,1.270,0.000
2025-12-05T06:18:18.655901,0.000,5.000,1.270,0.000
2025-12-05T06:18:18.688167,0.000,5.000,1.270,0.000
2025-12-05T06:18:18.722817,0.000,5.000,1.270,0.000
2025-12-05T06:18:18.755415,0.000,5.000,1.270,0.000
2025-12-05T06:18:18.790426,0.000,5.000,1.270,0.000
2025-12-05T06:18:18.838163,0.000,5.000,1.270,0.000
2025-12-05T06:18:18.872170,0.000,5.000,1.270,0.000
2025-12-05T06:18:18.904853,0.000,5.000,1.270,0.000
2025-12-05T06:18:18.935240,0.000,5.000,1.270,0.000
2025-12-05T06:18:18.964241,0.000,5.000,1.270,0.000
2025-12-05T06:18:18.996493,0.000,5.000,1.270,0.000
2025-12-05T06:18:19.025258,0.000,5.000,1.270,0.000
2025-12-05T06:18:19.055157,0.000,5.000,1.270,0.000
2025-12-05T06:18:19.087278,0.000,5.000,1.270,0.000
2025-12-05T06:18:19.123487,0.000,5.000,1.270,0.000
2025-12-05T06:18:19.155574,0.000,5.000,1.270,0.000
2025-12-05T06:18:19.188505,0.000,5.000,1.270,0.000
2025-12-05T06:18:19.219999,0.000,5.000,1.270,0.000
2025-12-05T06:18:19.252170,0.000,5.000,1.270,0.000
2025-12-05T06:18:19.285555,0.000,5.000,1.270,0.000
2025-12-05T06:18:19.318293,0.000,5.000,1.270,0.000
2025-12-05T06:18:19.350293,0.000,5.000,1.270,0.000
2025-12-05T06:18:19.381471,0.000,5.000,1.270,0.000
2025-12-05T06:18:19.414692,0.000,5.000,1.270,0.000
2025-12-05T06:18:19.449876,0.000,5.000,1.270,0.000
2025-12-05T06:18:19.478905,0.000,5.000,1.270,0.000
2025-12-05T06:18:19.512215,0.000,5.000,1.270,0.000
2025-12-05T06:18:19.545551,0.000,5.000,1.270,0.000
2025-12-05T06:18:19.577061,0.000,5.000,1.270,0.000
2025-12-05T06:18:19.609102,0.000,5.000,1.270,0.000
2025-12-05T06:18:19.642033,0.000,5.000,1.270,0.000
2025-12-05T06:18:19.677987,0.000,5.000,1.270,0.000
2025-12-05T06:18:19.710021,0.000,5.000,1.270,0.000
2025-12-05T06:18:19.742239,0.000,5.000,1.270,0.000
2025-12-05T06:18:19.774584,0.000,5.000,1.270,0.000
2025-12-05T06:18:19.804012,0.000,5.000,1.270,0.000
2025-12-05T06:18:19.837872,0.000,5.000,1.270,0.000
2025-12-05T06:18:19.872067,0.000,5.000,1.270,0.000
2025-12-05T06:18:19.898674,0.000,5.000,1.270,0.000
2025-12-05T06:18:19.933924,0.000,5.000,1.270,0.000
2025-12-05T06:18:19.966475,0.000,5.000,1.270,0.000
2025-12-05T06:18:19.998105,0.000,5.000,1.270,0.000
2025-12-05T06:18:20.030855,0.000,5.000,1.270,0.000
2025-12-05T06:18:20.061566,0.000,5.000,1.270,0.000
2025-12-05T06:18:20.090744,0.000,5.000,1.270,0.000
2025-12-05T06:18:20.121590,0.000,5.000,1.270,0.000
2025-12-05T06:18:20.153699,0.000,5.000,1.270,0.000
2025-12-05T06:18:20.186894,0.000,5.000,1.270,0.000
2025-12-05T06:18:20.222477,0.000,5.000,1.270,0.000
2025-12-05T06:18:20.257710,0.000,5.000,1.270,0.000
2025-12-05T06:18:20.291577,0.000,5.000,1.270,0.000
2025-12-05T06:18:20.323335,0.000,5.000,1.270,0.000
2025-12-05T06:18:20.354527,0.000,5.000,1.270,0.000
2025-12-05T06:18:20.389701,0.000,5.000,1.270,0.000
2025-12-05T06:18:20.422326,0.000,5.000,1.270,0.000
2025-12-05T06:18:20.457619,0.000,5.000,1.270,0.000
2025-12-05T06:18:20.487478,0.000,5.000,1.270,0.000
2025-12-05T06:18:20.521015,0.000,5.000,1.270,0.000
2025-12-05T06:18:20.556650,0.000,5.000,1.270,0.000
2025-12-05T06:18:20.603306,0.000,5.000,1.270,0.000
2025-12-05T06:18:20.630251,0.000,5.000,1.270,0.000
2025-12-05T06:18:20.659673,0.000,5.000,1.270,0.000
2025-12-05T06:18:20.690189,0.000,5.000,1.270,0.000
2025-12-05T06:18:20.717524,0.000,5.000,1.270,0.000
2025-12-05T06:18:20.745375,0.000,5.000,1.270,0.000
2025-12-05T06:18:20.776177,0.000,5.000,1.270,0.000
2025-12-05T06:18:20.808328,0.000,5.000,1.270,0.000
2025-12-05T06:18:20.842108,0.000,5.000,1.270,0.000
2025-12-05T06:18:20.876821,0.000,5.000,1.270,0.000
2025-12-05T06:18:20.909869,0.000,5.000,1.270,0.000
2025-12-05T06:18:20.943537,0.000,5.000,1.270,0.000
2025-12-05T06:18:20.974291,0.000,5.000,1.270,0.000
2025-12-05T06:18:21.004465,0.000,5.000,1.270,0.000
2025-12-05T06:18:21.032521,0.000,5.000,1.270,0.000
2025-12-05T06:18:21.066901,0.000,5.000,1.270,0.000
2025-12-05T06:18:21.098499,0.000,5.000,1.270,0.000
2025-12-05T06:18:21.129727,0.000,5.000,1.270,0.000
2025-12-05T06:18:21.162836,0.000,5.000,1.270,0.000
2025-12-05T06:18:21.194804,0.000,5.000,1.270,0.000
2025-12-05T06:18:21.226528,0.000,5.000,1.270,0.000
2025-12-05T06:18:21.258813,0.000,5.000,1.270,0.000
2025-12-05T06:18:21.290041,0.000,5.000,1.270,0.000
2025-12-05T06:18:21.324590,0.000,5.000,1.270,0.000
2025-12-05T06:18:21.356459,0.000,5.000,1.270,0.000
2025-12-05T06:18:21.389801,0.000,5.000,1.270,0.000
2025-12-05T06:18:21.425608,0.000,5.000,1.270,0.000
2025-12-05T06:18:21.458187,0.000,5.000,1.270,0.000
2025-12-05T06:18:21.490044,0.000,5.000,1.270,0.000
2025-12-05T06:18:21.523030,0.000,5.000,1.270,0.000
2025-12-05T06:18:21.553158,0.000,5.000,1.270,0.000
2025-12-05T06:18:21.583991,0.000,5.000,1.270,0.000
2025-12-05T06:18:21.617017,0.000,5.000,1.270,0.000
2025-12-05T06:18:21.649334,0.000,5.000,1.270,0.000
2025-12-05T06:18:21.685436,0.000,5.000,1.270,0.000
2025-12-05T06:18:21.717154,0.000,5.000,1.270,0.000
2025-12-05T06:18:21.757317,0.000,5.000,1.270,0.000
2025-12-05T06:18:21.781708,0.000,5.000,1.270,0.000
2025-12-05T06:18:21.810894,0.000,5.000,1.270,0.000
2025-12-05T06:18:21.844908,0.000,5.000,1.270,0.000
2025-12-05T06:18:21.876221,0.000,5.000,1.270,0.000
2025-12-05T06:18:21.906672,0.000,5.000,1.270,0.000
2025-12-05T06:18:22.474984,0.000,5.000,1.270,0.000
2025-12-05T06:18:22.634223,0.000,5.000,1.270,0.000
2025-12-05T06:18:22.644940,0.000,5.000,1.270,0.000
2025-12-05T06:18:22.675475,0.000,5.000,1.270,0.000
2025-12-05T06:18:22.707679,0.000,5.000,1.270,0.000
2025-12-05T06:18:22.737782,0.000,5.000,1.270,0.000
2025-12-05T06:18:22.765743,0.000,5.000,1.270,0.000
2025-12-05T06:18:22.799560,0.000,5.000,1.270,0.000
2025-12-05T06:18:22.833862,0.000,5.000,1.270,0.000
2025-12-05T06:18:22.864608,0.000,5.000,1.270,0.000
2025-12-05T06:18:22.897563,0.000,5.000,1.270,0.000
2025-12-05T06:18:22.935037,0.000,5.000,1.270,0.000
2025-12-05T06:18:22.964579,0.000,5.000,1.270,0.000
2025-12-05T06:18:22.997837,0.000,5.000,1.270,0.000
2025-12-05T06:18:23.028690,0.000,5.000,1.270,0.000
2025-12-05T06:18:23.059151,0.000,5.000,1.270,0.000
2025-12-05T06:18:23.094012,0.000,5.000,1.270,0.000
2025-12-05T06:18:23.129914,0.000,5.000,1.270,0.000
2025-12-05T06:18:23.160802,0.000,5.000,1.270,0.000
2025-12-05T06:18:23.193318,0.000,5.000,1.270,0.000
2025-12-05T06:18:23.225478,0.000,5.000,1.270,0.000
2025-12-05T06:18:23.256712,0.000,5.000,1.270,0.000
2025-12-05T06:18:23.287438,0.000,5.000,1.270,0.000
2025-12-05T06:18:23.316622,0.000,5.000,1.270,0.000
2025-12-05T06:18:23.346825,0.000,5.000,1.270,0.000
2025-12-05T06:18:23.379106,0.000,5.000,1.270,0.000
2025-12-05T06:18:23.412396,0.000,5.000,1.270,0.000
2025-12-05T06:18:23.448850,0.000,5.000,1.270,0.000
2025-12-05T06:18:23.485393,0.000,5.000,1.270,0.000
2025-12-05T06:18:23.519334,0.000,5.000,1.270,0.000
2025-12-05T06:18:23.547644,0.000,5.000,1.270,0.000
2025-12-05T06:18:23.581177,0.000,5.000,1.270,0.000
2025-12-05T06:18:23.611401,0.000,5.000,1.270,0.000
2025-12-05T06:18:23.647328,0.000,5.000,1.270,0.000
2025-12-05T06:18:23.676822,0.000,5.000,1.270,0.000
2025-12-05T06:18:23.710881,0.000,5.000,1.270,0.000
2025-12-05T06:18:23.739997,0.000,5.000,1.270,0.000
2025-12-05T06:18:23.771889,0.000,5.000,1.270,0.000
2025-12-05T06:18:24.534274,0.000,5.000,1.270,0.000
2025-12-05T06:18:24.773445,0.000,5.000,1.270,0.000
2025-12-05T06:18:24.797706,0.000,5.000,1.270,0.000
2025-12-05T06:18:24.829165,0.000,5.000,1.270,0.000
2025-12-05T06:18:24.859766,0.000,5.000,1.270,0.000
2025-12-05T06:18:24.887737,0.000,5.000,1.270,0.000
2025-12-05T06:18:24.916168,0.000,5.000,1.270,0.000
2025-12-05T06:18:24.946445,0.000,5.000,1.270,0.000
2025-12-05T06:18:24.977630,0.000,5.000,1.270,0.000
2025-12-05T06:18:25.009422,0.000,5.000,1.270,0.000
2025-12-05T06:18:25.189854,0.000,5.000,1.270,0.000
2025-12-05T06:18:25.226211,0.000,5.000,1.270,0.000
2025-12-05T06:18:25.267056,0.000,5.000,1.270,0.000
2025-12-05T06:18:25.285517,0.000,5.000,1.270,0.000
2025-12-05T06:18:25.313227,0.000,5.000,1.270,0.000
2025-12-05T06:18:25.341696,0.000,5.000,1.270,0.000
2025-12-05T06:18:25.368532,0.000,5.000,1.270,0.000
2025-12-05T06:18:25.399913,0.000,5.000,1.270,0.000
2025-12-05T06:18:25.428833,0.000,5.000,1.270,0.000
2025-12-05T06:18:25.460398,0.000,5.000,1.270,0.000
2025-12-05T06:18:25.490123,0.000,5.000,1.270,0.000
2025-12-05T06:18:25.522419,0.000,5.000,1.270,0.000
2025-12-05T06:18:25.556211,0.000,5.000,1.270,0.000
2025-12-05T06:18:25.589952,0.000,5.000,1.270,0.000
2025-12-05T06:18:25.623750,0.000,5.000,1.270,0.000
2025-12-05T06:18:25.655240,0.000,5.000,1.270,0.000
2025-12-05T06:18:25.690054,0.000,5.000,1.270,0.000
2025-12-05T06:18:25.720073,0.000,5.000,1.270,0.000
2025-12-05T06:18:25.755237,0.000,5.000,1.270,0.000
2025-12-05T06:18:25.785686,0.000,5.000,1.270,0.000
2025-12-05T06:18:25.819799,0.000,5.000,1.270,0.000
2025-12-05T06:18:25.852849,0.000,5.000,1.270,0.000
2025-12-05T06:18:25.887070,0.000,5.000,1.270,0.000
2025-12-05T06:18:25.918586,0.000,5.000,1.270,0.000
2025-12-05T06:18:25.951430,0.000,5.000,1.270,0.000
2025-12-05T06:18:26.049436,0.000,5.000,1.270,0.000
2025-12-05T06:18:26.068920,0.000,5.000,1.270,0.000
2025-12-05T06:18:26.100613,0.000,5.000,1.270,0.000
2025-12-05T06:18:26.128188,0.000,5.000,1.270,0.000
2025-12-05T06:18:26.153267,0.000,5.000,1.270,0.000
2025-12-05T06:18:26.182713,0.000,5.000,1.270,0.000
2025-12-05T06:18:26.209742,0.000,5.000,1.270,0.000
2025-12-05T06:18:26.238758,0.000,5.000,1.270,0.000
2025-12-05T06:18:26.269779,0.000,5.000,1.270,0.000
2025-12-05T06:18:26.298773,0.000,5.000,1.270,0.000
2025-12-05T06:18:26.330679,0.000,5.000,1.270,0.000
2025-12-05T06:18:26.362981,0.000,5.000,1.270,0.000
2025-12-05T06:18:26.395569,0.000,5.000,1.270,0.000
2025-12-05T06:18:26.431280,0.000,5.000,1.270,0.000
2025-12-05T06:18:26.461371,0.000,5.000,1.270,0.000
2025-12-05T06:18:26.493373,0.000,5.000,1.270,0.000
2025-12-05T06:18:26.525564,0.000,5.000,1.270,0.000
2025-12-05T06:18:26.558635,0.000,5.000,1.270,0.000
2025-12-05T06:18:26.594256,0.000,5.000,1.270,0.000
2025-12-05T06:18:26.626652,0.000,5.000,1.270,0.000
2025-12-05T06:18:26.658249,0.000,5.000,1.270,0.000
2025-12-05T06:18:26.690727,0.000,5.000,1.270,0.000
2025-12-05T06:18:26.723762,0.000,5.000,1.270,0.000
2025-12-05T06:18:26.757365,0.000,5.000,1.270,0.000
2025-12-05T06:18:26.789205,0.000,5.000,1.270,0.000
2025-12-05T06:18:26.820986,0.000,5.000,1.270,0.000
2025-12-05T06:18:26.854730,0.000,5.000,1.270,0.000
2025-12-05T06:18:26.889476,0.000,5.000,1.270,0.000
2025-12-05T06:18:26.924903,0.000,5.000,1.270,0.000
2025-12-05T06:18:26.958143,0.000,5.000,1.270,0.000
2025-12-05T06:18:26.990002,0.000,5.000,1.270,0.000
2025-12-05T06:18:27.022069,0.000,5.000,1.270,0.000
2025-12-05T06:18:27.050057,0.000,5.000,1.270,0.000
2025-12-05T06:18:27.083713,0.000,5.000,1.270,0.000
2025-12-05T06:18:27.114831,0.000,5.000,1.270,0.000
2025-12-05T06:18:27.149035,0.000,5.000,1.270,0.000
2025-12-05T06:18:27.184608,0.000,5.000,1.270,0.000
2025-12-05T06:18:27.216417,0.000,5.000,1.270,0.000
2025-12-05T06:18:27.249710,0.000,5.000,1.270,0.000
2025-12-05T06:18:27.280775,0.000,5.000,1.270,0.000
2025-12-05T06:18:27.310370,0.000,5.000,1.270,0.000
2025-12-05T06:18:27.347178,0.000,5.000,1.270,0.000
2025-12-05T06:18:27.380932,0.000,5.000,1.270,0.000
2025-12-05T06:18:27.413331,0.000,5.000,1.270,0.000
2025-12-05T06:18:27.444912,0.000,5.000,1.270,0.000
2025-12-05T06:18:27.476193,0.000,5.000,1.270,0.000
2025-12-05T06:18:27.505261,0.000,5.000,1.270,0.000
2025-12-05T06:18:27.537002,0.000,5.000,1.270,0.000
2025-12-05T06:18:27.566890,0.000,5.000,1.270,0.000
2025-12-05T06:18:27.597506,0.000,5.000,1.270,0.000
2025-12-05T06:18:27.629959,0.000,5.000,1.270,0.000
2025-12-05T06:18:27.662070,0.000,5.000,1.270,0.000
2025-12-05T06:18:27.695462,0.000,5.000,1.270,0.000
2025-12-05T06:18:27.730383,0.000,5.000,1.270,0.000
2025-12-05T06:18:27.762268,0.000,5.000,1.270,0.000
2025-12-05T06:18:27.793850,0.000,5.000,1.270,0.000
2025-12-05T06:18:27.827384,0.000,5.000,1.270,0.000
2025-12-05T06:18:27.858172,0.000,5.000,1.270,0.000
2025-12-05T06:18:27.889886,0.000,5.000,1.270,0.000
2025-12-05T06:18:27.922746,0.000,5.000,1.270,0.000
2025-12-05T06:18:27.954843,0.000,5.000,1.270,0.000
2025-12-05T06:18:27.987927,0.000,5.000,1.270,0.000
2025-12-05T06:18:28.018955,0.000,5.000,1.270,0.000
2025-12-05T06:18:28.051754,0.000,5.000,1.270,0.000
2025-12-05T06:18:28.090023,0.000,5.000,1.270,0.000
2025-12-05T06:18:28.124198,0.000,5.000,1.270,0.000
2025-12-05T06:18:28.157964,0.000,5.000,1.270,0.000
2025-12-05T06:18:28.189800,0.000,5.000,1.270,0.000
2025-12-05T06:18:28.218183,0.000,5.000,1.270,0.000
2025-12-05T06:18:28.250066,0.000,5.000,1.270,0.000
2025-12-05T06:18:28.285626,0.000,5.000,1.270,0.000
2025-12-05T06:18:28.317680,0.000,5.000,1.270,0.000
2025-12-05T06:18:28.358130,0.000,5.000,1.270,0.000
2025-12-05T06:18:28.385494,0.000,5.000,1.270,0.000
2025-12-05T06:18:28.417180,0.000,5.000,1.270,0.000
2025-12-05T06:18:28.447287,0.000,5.000,1.270,0.000
2025-12-05T06:18:28.481849,0.000,5.000,1.270,0.000
2025-12-05T06:18:28.509940,0.000,5.000,1.270,0.000
2025-12-05T06:18:28.545300,0.000,5.000,1.270,0.000
2025-12-05T06:18:28.576126,0.000,5.000,1.270,0.000
2025-12-05T06:18:28.609906,0.000,5.000,1.270,0.000
2025-12-05T06:18:28.644232,0.000,5.000,1.270,0.000
2025-12-05T06:18:28.673622,0.000,5.000,1.270,0.000
2025-12-05T06:18:28.705759,0.000,5.000,1.270,0.000
2025-12-05T06:18:28.737893,0.000,5.000,1.270,0.000
2025-12-05T06:18:28.770079,0.000,5.000,1.270,0.000
2025-12-05T06:18:28.800843,0.000,5.000,1.270,0.000
2025-12-05T06:18:28.834713,0.000,5.000,1.270,0.000
2025-12-05T06:18:28.874059,0.000,5.000,1.270,0.000
2025-12-05T06:18:28.899557,0.000,5.000,1.270,0.000
2025-12-05T06:18:28.931482,0.000,5.000,1.270,0.000
2025-12-05T06:18:28.969778,0.000,5.000,1.270,0.000
2025-12-05T06:18:29.002953,0.000,5.000,1.270,0.000
2025-12-05T06:18:29.034298,0.000,5.000,1.270,0.000
2025-12-05T06:18:29.067766,0.000,5.000,1.270,0.000
2025-12-05T06:18:29.099792,0.000,5.000,1.270,0.000
2025-12-05T06:18:29.130809,0.000,5.000,1.270,0.000
2025-12-05T06:18:29.162595,0.000,5.000,1.270,0.000
2025-12-05T06:18:29.195221,0.000,5.000,1.270,0.000
2025-12-05T06:18:29.229880,0.000,5.000,1.270,0.000
2025-12-05T06:18:29.261703,0.000,5.000,1.270,0.000
2025-12-05T06:18:29.296895,0.000,5.000,1.270,0.000
2025-12-05T06:18:29.328685,0.000,5.000,1.270,0.000
2025-12-05T06:18:29.358497,0.000,5.000,1.270,0.000
2025-12-05T06:18:29.388875,0.000,5.000,1.270,0.000
2025-12-05T06:18:29.421494,0.000,5.000,1.270,0.000
2025-12-05T06:18:29.453207,0.000,5.000,1.270,0.000
2025-12-05T06:18:29.489318,0.000,5.000,1.270,0.000
2025-12-05T06:18:29.520158,0.000,5.000,1.270,0.000
2025-12-05T06:18:29.552650,0.000,5.000,1.270,0.000
2025-12-05T06:18:29.584817,0.000,5.000,1.270,0.000
2025-12-05T06:18:29.614948,0.000,5.000,1.270,0.000
2025-12-05T06:18:29.646437,0.000,5.000,1.270,0.000
2025-12-05T06:18:29.680758,0.000,5.000,1.270,0.000
2025-12-05T06:18:29.712821,0.000,5.000,1.270,0.000
2025-12-05T06:18:29.743139,0.000,5.000,1.270,0.000
2025-12-05T06:18:29.778310,0.000,5.000,1.270,0.000
2025-12-05T06:18:29.815807,0.000,5.000,1.270,0.000
2025-12-05T06:18:29.850127,0.000,5.000,1.270,0.000
2025-12-05T06:18:29.878425,0.000,5.000,1.270,0.000
2025-12-05T06:18:29.914018,0.000,5.000,1.270,0.000
2025-12-05T06:18:29.945504,0.000,5.000,1.270,0.000
2025-12-05T06:18:29.977661,0.000,5.000,1.270,0.000
2025-12-05T06:18:30.009894,0.000,5.000,1.270,0.000
2025-12-05T06:18:30.044863,0.000,5.000,1.270,0.000
2025-12-05T06:18:30.075031,0.000,5.000,1.270,0.000
2025-12-05T06:18:30.107070,0.000,5.000,1.270,0.000
2025-12-05T06:18:30.142052,0.000,5.000,1.270,0.000
2025-12-05T06:18:30.177503,0.000,5.000,1.270,0.000
2025-12-05T06:18:30.207050,0.000,5.000,1.270,0.000
2025-12-05T06:18:30.240092,0.000,5.000,1.270,0.000
2025-12-05T06:18:30.272327,0.000,5.000,1.270,0.000
2025-12-05T06:18:30.302052,0.000,5.000,1.270,0.000
2025-12-05T06:18:30.337332,0.000,5.000,1.270,0.000
2025-12-05T06:18:30.364633,0.000,5.000,1.270,0.000
2025-12-05T06:18:30.396459,0.000,5.000,1.270,0.000
2025-12-05T06:18:30.429270,0.000,5.000,1.270,0.000
2025-12-05T06:18:30.462813,0.000,5.000,1.270,0.000
2025-12-05T06:18:30.497249,0.000,5.000,1.270,0.000
2025-12-05T06:18:30.532140,0.000,5.000,1.270,0.000
2025-12-05T06:18:30.563848,0.000,5.000,1.270,0.000
2025-12-05T06:18:30.600561,0.000,5.000,1.270,0.000
2025-12-05T06:18:30.632779,0.000,5.000,1.270,0.000
2025-12-05T06:18:30.659424,0.000,5.000,1.270,0.000
2025-12-05T06:18:30.696768,0.000,5.000,1.270,0.000
2025-12-05T06:18:30.729921,0.000,5.000,1.270,0.000
2025-12-05T06:18:30.761282,0.000,5.000,1.270,0.000
2025-12-05T06:18:30.796431,0.000,5.000,1.270,0.000
2025-12-05T06:18:30.825597,0.000,5.000,1.270,0.000
2025-12-05T06:18:30.857742,0.000,5.000,1.270,0.000
2025-12-05T06:18:30.889497,0.000,5.000,1.270,0.000
2025-12-05T06:18:30.916444,0.000,5.000,1.270,0.000
2025-12-05T06:18:30.949176,0.000,5.000,1.270,0.000
2025-12-05T06:18:30.983771,0.000,5.000,1.270,0.000
2025-12-05T06:18:31.015880,0.000,5.000,1.270,0.000
2025-12-05T06:18:31.050168,0.000,5.000,1.270,0.000
2025-12-05T06:18:31.085506,0.000,5.000,1.270,0.000
2025-12-05T06:18:31.117197,0.000,5.000,1.270,0.000
2025-12-05T06:18:31.150481,0.000,5.000,1.270,0.000
2025-12-05T06:18:31.182396,0.000,5.000,1.270,0.000
2025-12-05T06:18:31.214668,0.000,5.000,1.270,0.000
2025-12-05T06:18:31.244636,0.000,5.000,1.270,0.000
2025-12-05T06:18:31.277181,0.000,5.000,1.270,0.000
2025-12-05T06:18:31.310000,0.000,5.000,1.270,0.000
2025-12-05T06:18:31.347461,0.000,5.000,1.270,0.000
2025-12-05T06:18:31.381286,0.000,5.000,1.270,0.000
2025-12-05T06:18:31.414393,0.000,5.000,1.270,0.000
2025-12-05T06:18:31.447996,0.000,5.000,1.270,0.000
2025-12-05T06:18:31.478620,0.000,5.000,1.270,0.000
2025-12-05T06:18:31.507047,0.000,5.000,1.270,0.000
2025-12-05T06:18:31.542471,0.000,5.000,1.270,0.000
2025-12-05T06:18:31.579733,0.000,5.000,1.270,0.000
2025-12-05T06:18:31.613177,0.000,5.000,1.270,0.000
2025-12-05T06:18:31.645989,0.000,5.000,1.270,0.000
2025-12-05T06:18:31.677738,0.000,5.000,1.270,0.000
2025-12-05T06:18:31.705171,0.000,5.000,1.270,0.000
2025-12-05T06:18:31.739391,0.000,5.000,1.270,0.000
2025-12-05T06:18:31.769870,0.000,5.000,1.270,0.000
2025-12-05T06:18:31.800623,0.000,5.000,1.270,0.000
2025-12-05T06:18:31.834424,0.000,5.000,1.270,0.000
2025-12-05T06:18:31.867571,0.000,5.000,1.270,0.000
2025-12-05T06:18:31.899766,0.000,5.000,1.270,0.000
2025-12-05T06:18:31.932669,0.000,5.000,1.270,0.000
2025-12-05T06:18:31.963206,0.000,5.000,1.270,0.000
2025-12-05T06:18:31.996432,0.000,5.000,1.270,0.000
2025-12-05T06:18:32.026588,0.000,5.000,1.270,0.000
2025-12-05T06:18:32.058832,0.000,5.000,1.270,0.000
2025-12-05T06:18:32.091106,0.000,5.000,1.270,0.000
2025-12-05T06:18:32.125114,0.000,5.000,1.270,0.000
2025-12-05T06:18:32.164407,0.000,5.000,1.270,0.000
2025-12-05T06:18:32.197769,0.000,5.000,1.270,0.000
2025-12-05T06:18:32.225013,0.000,5.000,1.270,0.000
2025-12-05T06:18:32.258300,0.000,5.000,1.270,0.000
2025-12-05T06:18:32.289522,0.000,5.000,1.270,0.000
2025-12-05T06:18:32.321245,0.000,5.000,1.270,0.000
2025-12-05T06:18:32.354458,0.000,5.000,1.270,0.000
2025-12-05T06:18:32.384824,0.000,5.000,1.270,0.000
2025-12-05T06:18:32.418184,0.000,5.000,1.270,0.000
2025-12-05T06:18:32.452920,0.000,5.000,1.270,0.000
2025-12-05T06:18:32.484880,0.000,5.000,1.270,0.000
2025-12-05T06:18:32.520278,0.000,5.000,1.270,0.000
2025-12-05T06:18:32.553121,0.000,5.000,1.270,0.000
2025-12-05T06:18:32.586066,0.000,5.000,1.270,0.000
2025-12-05T06:18:32.618740,0.000,5.000,1.270,0.000
2025-12-05T06:18:32.653918,0.000,5.000,1.270,0.000
2025-12-05T06:18:32.686615,0.000,5.000,1.270,0.000
2025-12-05T06:18:32.722062,0.000,5.000,1.270,0.000
2025-12-05T06:18:32.754602,0.000,5.000,1.270,0.000
2025-12-05T06:18:32.784107,0.000,5.000,1.270,0.000
2025-12-05T06:18:32.816785,0.000,5.000,1.270,0.000
2025-12-05T06:18:32.839454,0.000,5.000,1.270,0.000
2025-12-05T06:18:32.950700,0.000,5.000,1.270,0.000
2025-12-05T06:18:32.972482,0.000,5.000,1.270,0.000
2025-12-05T06:18:32.991141,0.000,5.000,1.270,0.000
2025-12-05T06:18:33.016420,0.000,5.000,1.270,0.000
2025-12-05T06:18:33.061916,0.000,5.000,1.270,0.000
2025-12-05T06:18:33.074995,0.000,5.000,1.270,0.000
2025-12-05T06:18:33.100599,0.000,5.000,1.270,0.000
2025-12-05T06:18:33.126709,0.000,5.000,1.270,0.000
2025-12-05T06:18:33.154390,0.000,5.000,1.270,0.000
2025-12-05T06:18:33.182989,0.000,5.000,1.270,0.000
2025-12-05T06:18:33.213138,0.000,5.000,1.270,0.000
2025-12-05T06:18:33.243065,0.000,5.000,1.270,0.000
2025-12-05T06:18:33.275939,0.000,5.000,1.270,0.000
2025-12-05T06:18:33.306667,0.000,5.000,1.270,0.000
2025-12-05T06:18:33.342130,0.000,5.000,1.270,0.000
2025-12-05T06:18:33.382818,0.000,5.000,1.270,0.000
2025-12-05T06:18:33.409154,0.000,5.000,1.270,0.000
2025-12-05T06:18:33.441013,0.000,5.000,1.270,0.000
2025-12-05T06:18:33.472965,0.000,5.000,1.270,0.000
2025-12-05T06:18:33.502978,0.000,5.000,1.270,0.000
2025-12-05T06:18:33.535992,0.000,5.000,1.270,0.000
2025-12-05T06:18:33.572675,0.000,5.000,1.270,0.000
2025-12-05T06:18:33.599937,0.000,5.000,1.270,0.000
2025-12-05T06:18:33.636276,0.000,5.000,1.270,0.000
2025-12-05T06:18:33.668737,0.000,5.000,1.270,0.000
2025-12-05T06:18:33.701946,0.000,5.000,1.270,0.000
2025-12-05T06:18:33.733423,0.000,5.000,1.270,0.000
2025-12-05T06:18:33.761803,0.000,5.000,1.270,0.000
2025-12-05T06:18:33.789661,0.000,5.000,1.270,0.000
2025-12-05T06:18:33.822439,0.000,5.000,1.270,0.000
2025-12-05T06:18:33.854376,0.000,5.000,1.270,0.000
2025-12-05T06:18:33.889310,0.000,5.000,1.270,0.000
2025-12-05T06:18:33.922700,0.000,5.000,1.270,0.000
2025-12-05T06:18:33.954614,0.000,5.000,1.270,0.000
2025-12-05T06:18:33.986670,0.000,5.000,1.270,0.000
2025-12-05T06:18:34.017455,0.000,5.000,1.270,0.000
2025-12-05T06:18:34.048652,0.000,5.000,1.270,0.000
2025-12-05T06:18:34.083935,0.000,5.000,1.270,0.000
2025-12-05T06:18:34.114172,0.000,5.000,1.270,0.000
2025-12-05T06:18:34.148712,0.000,5.000,1.270,0.000
2025-12-05T06:18:34.184264,0.000,5.000,1.270,0.000
2025-12-05T06:18:34.215469,0.000,5.000,1.270,0.000
2025-12-05T06:18:34.247935,0.000,5.000,1.270,0.000
2025-12-05T06:18:34.278597,0.000,5.000,1.270,0.000
2025-12-05T06:18:34.311172,0.000,5.000,1.270,0.000
2025-12-05T06:18:34.344474,0.000,5.000,1.270,0.000
2025-12-05T06:18:34.376443,0.000,5.000,1.270,0.000
2025-12-05T06:18:34.433622,0.000,5.000,1.270,0.000
2025-12-05T06:18:34.449447,0.000,5.000,1.270,0.000
2025-12-05T06:18:34.490734,0.000,5.000,1.270,0.000
2025-12-05T06:18:34.516989,0.000,5.000,1.270,0.000
2025-12-05T06:18:34.549289,0.000,5.000,1.270,0.000
2025-12-05T06:18:34.581394,0.000,5.000,1.270,0.000
2025-12-05T06:18:34.613654,0.000,5.000,1.270,0.000
2025-12-05T06:18:34.648398,0.000,5.000,1.270,0.000
2025-12-05T06:18:34.678188,0.000,5.000,1.270,0.000
2025-12-05T06:18:34.709486,0.000,5.000,1.270,0.000
2025-12-05T06:18:34.749526,0.000,5.000,1.270,0.000
2025-12-05T06:18:34.777003,0.000,5.000,1.270,0.000
2025-12-05T06:18:34.809740,0.000,5.000,1.270,0.000
2025-12-05T06:18:34.840725,0.000,5.000,1.270,0.000
2025-12-05T06:18:34.873370,0.000,5.000,1.270,0.000
2025-12-05T06:18:34.905679,0.000,5.000,1.270,0.000
2025-12-05T06:18:34.936730,0.000,5.000,1.270,0.000
2025-12-05T06:18:34.969394,0.000,5.000,1.270,0.000
2025-12-05T06:18:35.005420,0.000,5.000,1.270,0.000
2025-12-05T06:18:35.036678,0.000,5.000,1.270,0.000
2025-12-05T06:18:35.069743,0.000,5.000,1.270,0.000
2025-12-05T06:18:35.101405,0.000,5.000,1.270,0.000
2025-12-05T06:18:35.134343,0.000,5.000,1.270,0.000
2025-12-05T06:18:35.166532,0.000,5.000,1.270,0.000
2025-12-05T06:18:35.193887,0.000,5.000,1.270,0.000
2025-12-05T06:18:35.226186,0.000,5.000,1.270,0.000
2025-12-05T06:18:35.259283,0.000,5.000,1.270,0.000
2025-12-05T06:18:35.296553,0.000,5.000,1.270,0.000
2025-12-05T06:18:35.332536,0.000,5.000,1.270,0.000
2025-12-05T06:18:35.363195,0.000,5.000,1.270,0.000
2025-12-05T06:18:35.396521,0.000,5.000,1.270,0.000
2025-12-05T06:18:35.428557,0.000,5.000,1.270,0.000
2025-12-05T06:18:35.457687,0.000,5.000,1.270,0.000
2025-12-05T06:18:35.491499,0.000,5.000,1.270,0.000
2025-12-05T06:18:35.519812,0.000,5.000,1.270,0.000
2025-12-05T06:18:35.550548,0.000,5.000,1.270,0.000
2025-12-05T06:18:35.583582,0.000,5.000,1.270,0.000
2025-12-05T06:18:35.616807,0.000,5.000,1.270,0.000
2025-12-05T06:18:35.649513,0.000,5.000,1.270,0.000
2025-12-05T06:18:35.683373,0.000,5.000,1.270,0.000
2025-12-05T06:18:35.717619,0.000,5.000,1.270,0.000
2025-12-05T06:18:35.748624,0.000,5.000,1.270,0.000
2025-12-05T06:18:35.781880,0.000,5.000,1.270,0.000
2025-12-05T06:18:35.813371,0.000,5.000,1.270,0.000
2025-12-05T06:18:35.845367,0.000,5.000,1.270,0.000
2025-12-05T06:18:35.875113,0.000,5.000,1.270,0.000
2025-12-05T06:18:35.906500,0.000,5.000,1.270,0.000
2025-12-05T06:18:35.938320,0.000,5.000,1.270,0.000
2025-12-05T06:18:35.974885,0.000,5.000,1.270,0.000
2025-12-05T06:18:36.008728,0.000,5.000,1.270,0.000
2025-12-05T06:18:36.041027,0.000,5.000,1.270,0.000
2025-12-05T06:18:36.073368,0.000,5.000,1.270,0.000
2025-12-05T06:18:36.103651,0.000,5.000,1.270,0.000
2025-12-05T06:18:36.138839,0.000,5.000,1.270,0.000
2025-12-05T06:18:36.166545,0.000,5.000,1.270,0.000
2025-12-05T06:18:36.198376,0.000,5.000,1.270,0.000
2025-12-05T06:18:36.234007,0.000,5.000,1.270,0.000
2025-12-05T06:18:36.272630,0.000,5.000,1.270,0.000
2025-12-05T06:18:36.297969,0.000,5.000,1.270,0.000
2025-12-05T06:18:36.329734,0.000,5.000,1.270,0.000
2025-12-05T06:18:36.359795,0.000,5.000,1.270,0.000
2025-12-05T06:18:36.394090,0.000,5.000,1.270,0.000
2025-12-05T06:18:36.425684,0.000,5.000,1.270,0.000
2025-12-05T06:18:36.457850,0.000,5.000,1.270,0.000
2025-12-05T06:18:36.496607,0.000,5.000,1.270,0.000
2025-12-05T06:18:36.526142,0.000,5.000,1.270,0.000
2025-12-05T06:18:36.557608,0.000,5.000,1.270,0.000
2025-12-05T06:18:36.589549,0.000,5.000,1.270,0.000
2025-12-05T06:18:36.624035,0.000,5.000,1.270,0.000
2025-12-05T06:18:36.656190,0.000,5.000,1.270,0.000
2025-12-05T06:18:36.688877,0.000,5.000,1.270,0.000
2025-12-05T06:18:36.726618,0.000,5.000,1.270,0.000
2025-12-05T06:18:36.767215,0.000,5.000,1.270,0.000
2025-12-05T06:18:36.788372,0.000,5.000,1.270,0.000
2025-12-05T06:18:36.817858,0.000,5.000,1.270,0.000
2025-12-05T06:18:36.851652,0.000,5.000,1.270,0.000
2025-12-05T06:18:36.885253,0.000,5.000,1.270,0.000
2025-12-05T06:18:36.919857,0.000,5.000,1.270,0.000
2025-12-05T06:18:36.950407,0.000,5.000,1.270,0.000
2025-12-05T06:18:36.984722,0.000,5.000,1.270,0.000
2025-12-05T06:18:37.017581,0.000,5.000,1.270,0.000
2025-12-05T06:18:37.046705,0.000,5.000,1.270,0.000
2025-12-05T06:18:37.081857,0.000,5.000,1.270,0.000
2025-12-05T06:18:37.114632,0.000,5.000,1.270,0.000
2025-12-05T06:18:37.144073,0.000,5.000,1.270,0.000
2025-12-05T06:18:37.177521,0.000,5.000,1.270,0.000
2025-12-05T06:18:37.209407,0.000,5.000,1.270,0.000
2025-12-05T06:18:37.241174,0.000,5.000,1.270,0.000
2025-12-05T06:18:37.279170,0.000,5.000,1.270,0.000
2025-12-05T06:18:37.307936,0.000,5.000,1.270,0.000
2025-12-05T06:18:37.340127,0.000,5.000,1.270,0.000
2025-12-05T06:18:37.372810,0.000,5.000,1.270,0.000
2025-12-05T06:18:37.401958,0.000,5.000,1.270,0.000
2025-12-05T06:18:37.436422,0.000,5.000,1.270,0.000
2025-12-05T06:18:37.468586,0.000,5.000,1.270,0.000
2025-12-05T06:18:37.501402,0.000,5.000,1.270,0.000
2025-12-05T06:18:37.535744,0.000,5.000,1.270,0.000
2025-12-05T06:18:37.571493,0.000,5.000,1.270,0.000
2025-12-05T06:18:37.601904,0.000,5.000,1.270,0.000
2025-12-05T06:18:37.634679,0.000,5.000,1.270,0.000
2025-12-05T06:18:37.667291,0.000,5.000,1.270,0.000
2025-12-05T06:18:37.697438,0.000,5.000,1.270,0.000
2025-12-05T06:18:37.728451,0.000,5.000,1.270,0.000
2025-12-05T06:18:37.762450,0.000,5.000,1.270,0.000
2025-12-05T06:18:37.798785,0.000,5.000,1.270,0.000
2025-12-05T06:18:37.832917,0.000,5.000,1.270,0.000
2025-12-05T06:18:37.864713,0.000,5.000,1.270,0.000
2025-12-05T06:18:37.893762,0.000,5.000,1.270,0.000
2025-12-05T06:18:37.926868,0.000,5.000,1.270,0.000
2025-12-05T06:18:37.956504,0.000,5.000,1.270,0.000
2025-12-05T06:18:37.992035,0.000,5.000,1.270,0.000
2025-12-05T06:18:38.024944,0.000,5.000,1.270,0.000
2025-12-05T06:18:38.056516,0.000,5.000,1.270,0.000
2025-12-05T06:18:38.092762,0.000,5.000,1.270,0.000
2025-12-05T06:18:38.126044,0.000,5.000,1.270,0.000
2025-12-05T06:18:38.156970,0.000,5.000,1.270,0.000
2025-12-05T06:18:38.188976,0.000,5.000,1.270,0.000
2025-12-05T06:18:38.218742,0.000,5.000,1.270,0.000
2025-12-05T06:18:38.250565,0.000,5.000,1.270,0.000
2025-12-05T06:18:38.285702,0.000,5.000,1.270,0.000
2025-12-05T06:18:38.318512,0.000,5.000,1.270,0.000
2025-12-05T06:18:38.352213,0.000,5.000,1.270,0.000
2025-12-05T06:18:38.385851,0.000,5.000,1.270,0.000
2025-12-05T06:18:38.417718,0.000,5.000,1.270,0.000
2025-12-05T06:18:38.450424,0.000,5.000,1.270,0.000
2025-12-05T06:18:38.478879,0.000,5.000,1.270,0.000
2025-12-05T06:18:38.507786,0.000,5.000,1.270,0.000
2025-12-05T06:18:38.538719,0.000,5.000,1.270,0.000
2025-12-05T06:18:38.573519,0.000,5.000,1.270,0.000
2025-12-05T06:18:38.604826,0.000,5.000,1.270,0.000
2025-12-05T06:18:38.641301,0.000,5.000,1.270,0.000
2025-12-05T06:18:38.674000,0.000,5.000,1.270,0.000
2025-12-05T06:18:38.705881,0.000,5.000,1.270,0.000
2025-12-05T06:18:38.736768,0.000,5.000,1.270,0.000
2025-12-05T06:18:38.766849,0.000,5.000,1.270,0.000
2025-12-05T06:18:38.797168,0.000,5.000,1.270,0.000
2025-12-05T06:18:38.829842,0.000,5.000,1.270,0.000
2025-12-05T06:18:38.860906,0.000,5.000,1.270,0.000
2025-12-05T06:18:38.892748,0.000,5.000,1.270,0.000
2025-12-05T06:18:38.930452,0.000,5.000,1.270,0.000
2025-12-05T06:18:38.964478,0.000,5.000,1.270,0.000
2025-12-05T06:18:38.999603,0.000,5.000,1.270,0.000
2025-12-05T06:18:39.031717,0.000,5.000,1.270,0.000
2025-12-05T06:18:39.058213,0.000,5.000,1.270,0.000
2025-12-05T06:18:39.089763,0.000,5.000,1.270,0.000
2025-12-05T06:18:39.121298,0.000,5.000,1.270,0.000
2025-12-05T06:18:39.153465,0.000,5.000,1.270,0.000
2025-12-05T06:18:39.184715,0.000,5.000,1.270,0.000
2025-12-05T06:18:39.218674,0.000,5.000,1.270,0.000
2025-12-05T06:18:39.254384,0.000,5.000,1.270,0.000
2025-12-05T06:18:39.291369,0.000,5.000,1.270,0.000
2025-12-05T06:18:39.321402,0.000,5.000,1.270,0.000
2025-12-05T06:18:39.354379,0.000,5.000,1.270,0.000
2025-12-05T06:18:39.385480,0.000,5.000,1.270,0.000
2025-12-05T06:18:39.415538,0.000,5.000,1.270,0.000
2025-12-05T06:18:39.447006,0.000,5.000,1.270,0.000
2025-12-05T06:18:39.509843,0.000,5.000,1.270,0.000
2025-12-05T06:18:39.542127,0.000,5.000,1.270,0.000
2025-12-05T06:18:39.574505,0.000,5.000,1.270,0.000
2025-12-05T06:18:39.605244,0.000,5.000,1.270,0.000
2025-12-05T06:18:39.635293,0.000,5.000,1.270,0.000
2025-12-05T06:18:39.672783,0.000,5.000,1.270,0.000
2025-12-05T06:18:39.700998,0.000,5.000,1.270,0.000
2025-12-05T06:18:39.733459,0.000,5.000,1.270,0.000
2025-12-05T06:18:39.767317,0.000,5.000,1.270,0.000
2025-12-05T06:18:39.796276,0.000,5.000,1.270,0.000
2025-12-05T06:18:39.828894,0.000,5.000,1.270,0.000
2025-12-05T06:18:39.867560,0.000,5.000,1.270,0.000
2025-12-05T06:18:39.891886,0.000,5.000,1.270,0.000
2025-12-05T06:18:39.926697,0.000,5.000,1.270,0.000
2025-12-05T06:18:39.958092,0.000,5.000,1.270,0.000
2025-12-05T06:18:39.991069,0.000,5.000,1.270,0.000
2025-12-05T06:18:40.023896,0.000,5.000,1.270,0.000
2025-12-05T06:18:40.054005,0.000,5.000,1.270,0.000
2025-12-05T06:18:40.083064,0.000,5.000,1.270,0.000
2025-12-05T06:18:40.116138,0.000,5.000,1.270,0.000
2025-12-05T06:18:40.147477,0.000,5.000,1.270,0.000
2025-12-05T06:18:40.180356,0.000,5.000,1.270,0.000
2025-12-05T06:18:40.218697,0.000,5.000,1.270,0.000
2025-12-05T06:18:40.250043,0.000,5.000,1.270,0.000
2025-12-05T06:18:40.282648,0.000,5.000,1.270,0.000
2025-12-05T06:18:40.311804,0.000,5.000,1.270,0.000
2025-12-05T06:18:40.344265,0.000,5.000,1.270,0.000
2025-12-05T06:18:40.375819,0.000,5.000,1.270,0.000
2025-12-05T06:18:40.407739,0.000,5.000,1.270,0.000
2025-12-05T06:18:40.441602,0.000,5.000,1.270,0.000
2025-12-05T06:18:40.472284,0.000,5.000,1.270,0.000
2025-12-05T06:18:40.508011,0.000,5.000,1.270,0.000
2025-12-05T06:18:40.539042,0.000,5.000,1.270,0.000
2025-12-05T06:18:40.570706,0.000,5.000,1.270,0.000
2025-12-05T06:18:40.602870,0.000,5.000,1.270,0.000
2025-12-05T06:18:40.635517,0.000,5.000,1.270,0.000
2025-12-05T06:18:40.666198,0.000,5.000,1.270,0.000
2025-12-05T06:18:40.693527,0.000,5.000,1.270,0.000
2025-12-05T06:18:40.726465,0.000,5.000,1.270,0.000
2025-12-05T06:18:40.759719,0.000,5.000,1.270,0.000
2025-12-05T06:18:40.792074,0.000,5.000,1.270,0.000
2025-12-05T06:18:40.825029,0.000,5.000,1.270,0.000
2025-12-05T06:18:40.859032,0.000,5.000,1.270,0.000
2025-12-05T06:18:40.897848,0.000,5.000,1.270,0.000
2025-12-05T06:18:40.931316,0.000,5.000,1.270,0.000
2025-12-05T06:18:40.962327,0.000,5.000,1.270,0.000
2025-12-05T06:18:40.992222,0.000,5.000,1.270,0.000
2025-12-05T06:18:41.025520,0.000,5.000,1.270,0.000
2025-12-05T06:18:41.054340,0.000,5.000,1.270,0.000
2025-12-05T06:18:41.089525,0.000,5.000,1.270,0.000
2025-12-05T06:18:41.120615,0.000,5.000,1.270,0.000
2025-12-05T06:18:41.152861,0.000,5.000,1.270,0.000
2025-12-05T06:18:41.189900,0.000,5.000,1.270,0.000
2025-12-05T06:18:41.222293,0.000,5.000,1.270,0.000
2025-12-05T06:18:41.254891,0.000,5.000,1.270,0.000
2025-12-05T06:18:41.289487,0.000,5.000,1.270,0.000
2025-12-05T06:18:41.319408,0.000,5.000,1.270,0.000
2025-12-05T06:18:41.349418,0.000,5.000,1.270,0.000
2025-12-05T06:18:41.381652,0.000,5.000,1.270,0.000
2025-12-05T06:18:41.412361,0.000,5.000,1.270,0.000
2025-12-05T06:18:41.445437,0.000,5.000,1.270,0.000
2025-12-05T06:18:41.487699,0.000,5.000,1.270,0.000
2025-12-05T06:18:41.512339,0.000,5.000,1.270,0.000
2025-12-05T06:18:41.548285,0.000,5.000,1.270,0.000
2025-12-05T06:18:41.576462,0.000,5.000,1.270,0.000
2025-12-05T06:18:41.606165,0.000,5.000,1.270,0.000
2025-12-05T06:18:41.637659,0.000,5.000,1.270,0.000
2025-12-05T06:18:41.672793,0.000,5.000,1.270,0.000
2025-12-05T06:18:41.702188,0.000,5.000,1.270,0.000
2025-12-05T06:18:41.739118,0.000,5.000,1.270,0.000
2025-12-05T06:18:41.775754,0.000,5.000,1.270,0.000
2025-12-05T06:18:41.808806,0.000,5.000,1.270,0.000
2025-12-05T06:18:41.841512,0.000,5.000,1.270,0.000
2025-12-05T06:18:41.871211,0.000,5.000,1.270,0.000
2025-12-05T06:18:41.901514,0.000,5.000,1.270,0.000
2025-12-05T06:18:41.931426,0.000,5.000,1.270,0.000
2025-12-05T06:18:41.963904,0.000,5.000,1.270,0.000
2025-12-05T06:18:41.998574,0.000,5.000,1.270,0.000
2025-12-05T06:18:42.031049,0.000,5.000,1.270,0.000
2025-12-05T06:18:42.066621,0.000,5.000,1.270,0.000
2025-12-05T06:18:42.099234,0.000,5.000,1.270,0.000
2025-12-05T06:18:42.133900,0.000,5.000,1.270,0.000
2025-12-05T06:18:42.165198,0.000,5.000,1.270,0.000
2025-12-05T06:18:42.197764,0.000,5.000,1.270,0.000
2025-12-05T06:18:42.228930,0.000,5.000,1.270,0.000
2025-12-05T06:18:42.258637,0.000,5.000,1.270,0.000
2025-12-05T06:18:42.292876,0.000,5.000,1.270,0.000
2025-12-05T06:18:42.324359,0.000,5.000,1.270,0.000
2025-12-05T06:18:42.358504,0.000,5.000,1.270,0.000
2025-12-05T06:18:42.391996,0.000,5.000,1.270,0.000
2025-12-05T06:18:42.428062,0.000,5.000,1.270,0.000
2025-12-05T06:18:42.458913,0.000,5.000,1.270,0.000
2025-12-05T06:18:42.490938,0.000,5.000,1.270,0.000
2025-12-05T06:18:42.522814,0.000,5.000,1.270,0.000
2025-12-05T06:18:42.553777,0.000,5.000,1.270,0.000
2025-12-05T06:18:42.584445,0.000,5.000,1.270,0.000
2025-12-05T06:18:42.616634,0.000,5.000,1.270,0.000
2025-12-05T06:18:42.648856,0.000,5.000,1.270,0.000
2025-12-05T06:18:42.680022,0.000,5.000,1.270,0.000
2025-12-05T06:18:42.712754,0.000,5.000,1.270,0.000
2025-12-05T06:18:42.746428,0.000,5.000,1.270,0.000
2025-12-05T06:18:42.779058,0.000,5.000,1.270,0.000
2025-12-05T06:18:42.811461,0.000,5.000,1.270,0.000
2025-12-05T06:18:42.845047,0.000,5.000,1.270,0.000
2025-12-05T06:18:42.876613,0.000,5.000,1.270,0.000
2025-12-05T06:18:42.906820,0.000,5.000,1.270,0.000
2025-12-05T06:18:42.941425,0.000,5.000,1.270,0.000
2025-12-05T06:18:42.981786,0.000,5.000,1.270,0.000
2025-12-05T06:18:43.023428,0.000,5.000,1.270,0.000
2025-12-05T06:18:43.042802,0.000,5.000,1.270,0.000
2025-12-05T06:18:43.073230,0.000,5.000,1.270,0.000
2025-12-05T06:18:43.099566,0.000,5.000,1.270,0.000
2025-12-05T06:18:43.130202,0.000,5.000,1.270,0.000
2025-12-05T06:18:43.164040,0.000,5.000,1.270,0.000
2025-12-05T06:18:43.196711,0.000,5.000,1.270,0.000
2025-12-05T06:18:43.230718,0.000,5.000,1.270,0.000
2025-12-05T06:18:43.263753,0.000,5.000,1.270,0.000
2025-12-05T06:18:43.297029,0.000,5.000,1.270,0.000
2025-12-05T06:18:43.328381,0.000,5.000,1.270,0.000
2025-12-05T06:18:43.360940,0.000,5.000,1.270,0.000
2025-12-05T06:18:43.401758,0.000,5.000,1.270,0.000
2025-12-05T06:18:43.433959,0.000,5.000,1.270,0.000
2025-12-05T06:18:43.467594,0.000,5.000,1.270,0.000
2025-12-05T06:18:43.500177,0.000,5.000,1.270,0.000
2025-12-05T06:18:43.528063,0.000,5.000,1.270,0.000
2025-12-05T06:18:43.560591,0.000,5.000,1.270,0.000
2025-12-05T06:18:43.593660,0.000,5.000,1.270,0.000
2025-12-05T06:18:43.630388,0.000,5.000,1.270,0.000
2025-12-05T06:18:43.658637,0.000,5.000,1.270,0.000
2025-12-05T06:18:43.691996,0.000,5.000,1.270,0.000
2025-12-05T06:18:43.730200,0.000,5.000,1.270,0.000
2025-12-05T06:18:43.773842,0.000,5.000,1.270,0.000
2025-12-05T06:18:43.802387,0.000,5.000,1.270,0.000
2025-12-05T06:18:43.830215,0.000,5.000,1.270,0.000
2025-12-05T06:18:43.860385,0.000,5.000,1.270,0.000
2025-12-05T06:18:43.890305,0.000,5.000,1.270,0.000
2025-12-05T06:18:43.922811,0.000,5.000,1.270,0.000
2025-12-05T06:18:43.952431,0.000,5.000,1.270,0.000
2025-12-05T06:18:43.986276,0.000,5.000,1.270,0.000
2025-12-05T06:18:44.018431,0.000,5.000,1.270,0.000
2025-12-05T06:18:44.056983,0.000,5.000,1.270,0.000
2025-12-05T06:18:44.090056,0.000,5.000,1.270,0.000
2025-12-05T06:18:44.124355,0.000,5.000,1.270,0.000
2025-12-05T06:18:44.150232,0.000,5.000,1.270,0.000
2025-12-05T06:18:44.179061,0.000,5.000,1.270,0.000
2025-12-05T06:18:44.213031,0.000,5.000,1.270,0.000
2025-12-05T06:18:44.242886,0.000,5.000,1.270,0.000
2025-12-05T06:18:44.276282,0.000,5.000,1.270,0.000
2025-12-05T06:18:44.310521,0.000,5.000,1.270,0.000
2025-12-05T06:18:44.346423,0.000,5.000,1.270,0.000
2025-12-05T06:18:44.381321,0.000,5.000,1.270,0.000
2025-12-05T06:18:44.413792,0.000,5.000,1.270,0.000
2025-12-05T06:18:44.445509,0.000,5.000,1.270,0.000
2025-12-05T06:18:44.476556,0.000,5.000,1.270,0.000
2025-12-05T06:18:44.506439,0.000,5.000,1.270,0.000
2025-12-05T06:18:44.536901,0.000,5.000,1.270,0.000
2025-12-05T06:18:44.569935,0.000,5.000,1.270,0.000
2025-12-05T06:18:44.599702,0.000,5.000,1.270,0.000
2025-12-05T06:18:44.632861,0.000,5.000,1.270,0.000
2025-12-05T06:18:44.666542,0.000,5.000,1.270,0.000
2025-12-05T06:18:44.701057,0.000,5.000,1.270,0.000
2025-12-05T06:18:44.737761,0.000,5.000,1.270,0.000
2025-12-05T06:18:44.780698,0.000,5.000,1.270,0.000
2025-12-05T06:18:44.801925,0.000,5.000,1.270,0.000
2025-12-05T06:18:44.833419,0.000,5.000,1.270,0.000
2025-12-05T06:18:44.862789,0.000,5.000,1.270,0.000
2025-12-05T06:18:44.894463,0.000,5.000,1.270,0.000
2025-12-05T06:18:44.924942,0.000,5.000,1.270,0.000
2025-12-05T06:18:44.958474,0.000,5.000,1.270,0.000
2025-12-05T06:18:44.994428,0.000,5.000,1.270,0.000
2025-12-05T06:18:45.031828,0.000,5.000,1.270,0.000
2025-12-05T06:18:45.063984,0.000,5.000,1.270,0.000
2025-12-05T06:18:45.097364,0.000,5.000,1.270,0.000
2025-12-05T06:18:45.128725,0.000,5.000,1.270,0.000
2025-12-05T06:18:45.159319,0.000,5.000,1.270,0.000
2025-12-05T06:18:45.192920,0.000,5.000,1.270,0.000
2025-12-05T06:18:45.225699,0.000,5.000,1.270,0.000
2025-12-05T06:18:45.256900,0.000,5.000,1.270,0.000
2025-12-05T06:18:45.292537,0.000,5.000,1.270,0.000
2025-12-05T06:18:45.325677,0.000,5.000,1.270,0.000
2025-12-05T06:18:45.356796,0.000,5.000,1.270,0.000
2025-12-05T06:18:45.388775,0.000,5.000,1.270,0.000
2025-12-05T06:18:45.419267,0.000,5.000,1.270,0.000
2025-12-05T06:18:45.456976,0.000,5.000,1.270,0.000
2025-12-05T06:18:45.484896,0.000,5.000,1.270,0.000
2025-12-05T06:18:45.517525,0.000,5.000,1.270,0.000
2025-12-05T06:18:45.550461,0.000,5.000,1.270,0.000
2025-12-05T06:18:45.584798,0.000,5.000,1.270,0.000
2025-12-05T06:18:45.617440,0.000,5.000,1.270,0.000
2025-12-05T06:18:45.648910,0.000,5.000,1.270,0.000
2025-12-05T06:18:45.680645,0.000,5.000,1.270,0.000
2025-12-05T06:18:45.711067,0.000,5.000,1.270,0.000
2025-12-05T06:18:45.745486,0.000,5.000,1.270,0.000
2025-12-05T06:18:45.775523,0.000,5.000,1.270,0.000
2025-12-05T06:18:45.809144,0.000,5.000,1.270,0.000
2025-12-05T06:18:45.851483,0.000,5.000,1.270,0.000
2025-12-05T06:18:45.878865,0.000,5.000,1.270,0.000
2025-12-05T06:18:45.910276,0.000,5.000,1.270,0.000
2025-12-05T06:18:45.942781,0.000,5.000,1.270,0.000
2025-12-05T06:18:45.974297,0.000,5.000,1.270,0.000
2025-12-05T06:18:46.005036,0.000,5.000,1.270,0.000
2025-12-05T06:18:46.039342,0.000,5.000,1.270,0.000
2025-12-05T06:18:46.072200,0.000,5.000,1.270,0.000
2025-12-05T06:18:46.105300,0.000,5.000,1.270,0.000
2025-12-05T06:18:46.157397,0.000,5.000,1.270,0.000
2025-12-05T06:18:46.184201,0.000,5.000,1.270,0.000
2025-12-05T06:18:46.211483,0.000,5.000,1.270,0.000
2025-12-05T06:18:46.245043,0.000,5.000,1.270,0.000
2025-12-05T06:18:46.270825,0.000,5.000,1.270,0.000
2025-12-05T06:18:46.297818,0.000,5.000,1.270,0.000
2025-12-05T06:18:46.325942,0.000,5.000,1.270,0.000
2025-12-05T06:18:46.356517,0.000,5.000,1.270,0.000
2025-12-05T06:18:46.394054,0.000,5.000,1.270,0.000
2025-12-05T06:18:46.417844,0.000,5.000,1.270,0.000
2025-12-05T06:18:46.450363,0.000,5.000,1.270,0.000
2025-12-05T06:18:46.483415,0.000,5.000,1.270,0.000
2025-12-05T06:18:46.515921,0.000,5.000,1.270,0.000
2025-12-05T06:18:46.550353,0.000,5.000,1.270,0.000
2025-12-05T06:18:46.581842,0.000,5.000,1.270,0.000
2025-12-05T06:18:46.613861,0.000,5.000,1.270,0.000
2025-12-05T06:18:46.646457,0.000,5.000,1.270,0.000
2025-12-05T06:18:46.679647,0.000,5.000,1.270,0.000
2025-12-05T06:18:46.711704,0.000,5.000,1.270,0.000
2025-12-05T06:18:46.744864,0.000,5.000,1.270,0.000
2025-12-05T06:18:46.777342,0.000,5.000,1.270,0.000
2025-12-05T06:18:46.813149,0.000,5.000,1.270,0.000
2025-12-05T06:18:46.850999,0.000,5.000,1.270,0.000
2025-12-05T06:18:46.876046,0.000,5.000,1.270,0.000
2025-12-05T06:18:46.909979,0.000,5.000,1.270,0.000
2025-12-05T06:18:46.942178,0.000,5.000,1.270,0.000
2025-12-05T06:18:46.982449,0.000,5.000,1.270,0.000
2025-12-05T06:18:47.007793,0.000,5.000,1.270,0.000
2025-12-05T06:18:47.039466,0.000,5.000,1.270,0.000
2025-12-05T06:18:47.071341,0.000,5.000,1.270,0.000
2025-12-05T06:18:47.101821,0.000,5.000,1.270,0.000
2025-12-05T06:18:47.129242,0.000,5.000,1.270,0.000
2025-12-05T06:18:47.160047,0.000,5.000,1.270,0.000
2025-12-05T06:18:47.193615,0.000,5.000,1.270,0.000
2025-12-05T06:18:47.226868,0.000,5.000,1.270,0.000
2025-12-05T06:18:47.256798,0.000,5.000,1.270,0.000
2025-12-05T06:18:47.291801,0.000,5.000,1.270,0.000
2025-12-05T06:18:47.326459,0.000,5.000,1.270,0.000
2025-12-05T06:18:47.358016,0.000,5.000,1.270,0.000
2025-12-05T06:18:47.390591,0.000,5.000,1.270,0.000
2025-12-05T06:18:47.424676,0.000,5.000,1.270,0.000
2025-12-05T06:18:47.452096,0.000,5.000,1.270,0.000
2025-12-05T06:18:47.488506,0.000,5.000,1.270,0.000
2025-12-05T06:18:47.516223,0.000,5.000,1.270,0.000
2025-12-05T06:18:47.548666,0.000,5.000,1.270,0.000
2025-12-05T06:18:47.585941,0.000,5.000,1.270,0.000
2025-12-05T06:18:47.619200,0.000,5.000,1.270,0.000
2025-12-05T06:18:47.647785,0.000,5.000,1.270,0.000
2025-12-05T06:18:47.686480,0.000,5.000,1.270,0.000
2025-12-05T06:18:47.713058,0.000,5.000,1.270,0.000
2025-12-05T06:18:47.752554,0.000,5.000,1.270,0.000
2025-12-05T06:18:47.783566,0.000,5.000,1.270,0.000
2025-12-05T06:18:47.811770,0.000,5.000,1.270,0.000
2025-12-05T06:18:47.844543,0.000,5.000,1.270,0.000
2025-12-05T06:18:47.874783,0.000,5.000,1.270,0.000
2025-12-05T06:18:47.900569,0.000,5.000,1.270,0.000
2025-12-05T06:18:47.931385,0.000,5.000,1.270,0.000
2025-12-05T06:18:47.963522,0.000,5.000,1.270,0.000
2025-12-05T06:18:47.997742,0.000,5.000,1.270,0.000
2025-12-05T06:18:48.033097,0.000,5.000,1.270,0.000
2025-12-05T06:18:48.061962,0.000,5.000,1.270,0.000
2025-12-05T06:18:48.094419,0.000,5.000,1.270,0.000
2025-12-05T06:18:48.125836,0.000,5.000,1.270,0.000
2025-12-05T06:18:48.157837,0.000,5.000,1.270,0.000
2025-12-05T06:18:48.190678,0.000,5.000,1.270,0.000
2025-12-05T06:18:48.224905,0.000,5.000,1.270,0.000
2025-12-05T06:18:48.259317,0.000,5.000,1.270,0.000
2025-12-05T06:18:48.293146,0.000,5.000,1.270,0.000
2025-12-05T06:18:48.330791,0.000,5.000,1.270,0.000
2025-12-05T06:18:48.363194,0.000,5.000,1.270,0.000
2025-12-05T06:18:48.397951,0.000,5.000,1.270,0.000
2025-12-05T06:18:48.429284,0.000,5.000,1.270,0.000
2025-12-05T06:18:48.459674,0.000,5.000,1.270,0.000
2025-12-05T06:18:48.489319,0.000,5.000,1.270,0.000
2025-12-05T06:18:48.519728,0.000,5.000,1.270,0.000
2025-12-05T06:18:48.552640,0.000,5.000,1.270,0.000
2025-12-05T06:18:48.585764,0.000,5.000,1.270,0.000
2025-12-05T06:18:48.618988,0.000,5.000,1.270,0.000
2025-12-05T06:18:48.654701,0.000,5.000,1.270,0.000
2025-12-05T06:18:48.689026,0.000,5.000,1.270,0.000
2025-12-05T06:18:48.722743,0.000,5.000,1.270,0.000
2025-12-05T06:18:48.752682,0.000,5.000,1.270,0.000
2025-12-05T06:18:48.784435,0.000,5.000,1.270,0.000
2025-12-05T06:18:48.813929,0.000,5.000,1.270,0.000
2025-12-05T06:18:48.845909,0.000,5.000,1.270,0.000
2025-12-05T06:18:48.875717,0.000,5.000,1.270,0.000
2025-12-05T06:18:48.909851,0.000,5.000,1.270,0.000
2025-12-05T06:18:48.941108,0.000,5.000,1.270,0.000
2025-12-05T06:18:48.980625,0.000,5.000,1.270,0.000
2025-12-05T06:18:49.012944,0.000,5.000,1.270,0.000
2025-12-05T06:18:49.040403,0.000,5.000,1.270,0.000
2025-12-05T06:18:49.073580,0.000,5.000,1.270,0.000
2025-12-05T06:18:49.103817,0.000,5.000,1.270,0.000
2025-12-05T06:18:49.136983,0.000,5.000,1.270,0.000
2025-12-05T06:18:49.168297,0.000,5.000,1.270,0.000
2025-12-05T06:18:49.199633,0.000,5.000,1.270,0.000
2025-12-05T06:18:49.226539,0.000,5.000,1.270,0.000
2025-12-05T06:18:49.257762,0.000,5.000,1.270,0.000
2025-12-05T06:18:49.293806,0.000,5.000,1.270,0.000
2025-12-05T06:18:49.334795,0.000,5.000,1.270,0.000
2025-12-05T06:18:49.360001,0.000,5.000,1.270,0.000
2025-12-05T06:18:49.391913,0.000,5.000,1.270,0.000
2025-12-05T06:18:49.424786,0.000,5.000,1.270,0.000
2025-12-05T06:18:49.454788,0.000,5.000,1.270,0.000
2025-12-05T06:18:49.488981,0.000,5.000,1.270,0.000
2025-12-05T06:18:49.520326,0.000,5.000,1.270,0.000
2025-12-05T06:18:49.552810,0.000,5.000,1.270,0.000
2025-12-05T06:18:49.590542,0.000,5.000,1.270,0.000
2025-12-05T06:18:49.625331,0.000,5.000,1.270,0.000
2025-12-05T06:18:49.657384,0.000,5.000,1.270,0.000
2025-12-05T06:18:49.689175,0.000,5.000,1.270,0.000
2025-12-05T06:18:49.718215,0.000,5.000,1.270,0.000
2025-12-05T06:18:49.749696,0.000,5.000,1.270,0.000
2025-12-05T06:18:49.781107,0.000,5.000,1.270,0.000
2025-12-05T06:18:49.812765,0.000,5.000,1.270,0.000
2025-12-05T06:18:49.848412,0.000,5.000,1.270,0.000
2025-12-05T06:18:49.880187,0.000,5.000,1.270,0.000
2025-12-05T06:18:49.909898,0.000,5.000,1.270,0.000
2025-12-05T06:18:49.943220,0.000,5.000,1.270,0.000
2025-12-05T06:18:49.975566,0.000,5.000,1.270,0.000
2025-12-05T06:18:50.010050,0.000,5.000,1.270,0.000
2025-12-05T06:18:50.039008,0.000,5.000,1.270,0.000
2025-12-05T06:18:50.071825,0.000,5.000,1.270,0.000
2025-12-05T06:18:50.107361,0.000,5.000,1.270,0.000
2025-12-05T06:18:50.140195,0.000,5.000,1.270,0.000
2025-12-05T06:18:50.173674,0.000,5.000,1.270,0.000
2025-12-05T06:18:50.202905,0.000,5.000,1.270,0.000
2025-12-05T06:18:50.235699,0.000,5.000,1.270,0.000
2025-12-05T06:18:50.268348,0.000,5.000,1.270,0.000
2025-12-05T06:18:50.299674,0.000,5.000,1.270,0.000
2025-12-05T06:18:50.332501,0.000,5.000,1.270,0.000
2025-12-05T06:18:50.363967,0.000,5.000,1.270,0.000
2025-12-05T06:18:50.401744,0.000,5.000,1.270,0.000
2025-12-05T06:18:50.437815,0.000,5.000,1.270,0.000
2025-12-05T06:18:50.469119,0.000,5.000,1.270,0.000
2025-12-05T06:18:50.499797,0.000,5.000,1.270,0.000
2025-12-05T06:18:50.533476,0.000,5.000,1.270,0.000
2025-12-05T06:18:50.563734,0.000,5.000,1.270,0.000
2025-12-05T06:18:50.597387,0.000,5.000,1.270,0.000
2025-12-05T06:18:50.628206,0.000,5.000,1.270,0.000
2025-12-05T06:18:50.670263,0.000,5.000,1.270,0.000
2025-12-05T06:18:50.695805,0.000,5.000,1.270,0.000
2025-12-05T06:18:50.728766,0.000,5.000,1.270,0.000
2025-12-05T06:18:50.764418,0.000,5.000,1.270,0.000
2025-12-05T06:18:50.792440,0.000,5.000,1.270,0.000
2025-12-05T06:18:50.825333,0.000,5.000,1.270,0.000
2025-12-05T06:18:50.858689,0.000,5.000,1.270,0.000
2025-12-05T06:18:50.890345,0.000,5.000,1.270,0.000
2025-12-05T06:18:50.929258,0.000,5.000,1.270,0.000
2025-12-05T06:18:50.958016,0.000,5.000,1.270,0.000
2025-12-05T06:18:50.988700,0.000,5.000,1.270,0.000
2025-12-05T06:18:51.020656,0.000,5.000,1.270,0.000
2025-12-05T06:18:51.050926,0.000,5.000,1.270,0.000
2025-12-05T06:18:51.082625,0.000,5.000,1.270,0.000
2025-12-05T06:18:51.114908,0.000,5.000,1.270,0.000
2025-12-05T06:18:51.144032,0.000,5.000,1.270,0.000
2025-12-05T06:18:51.177372,0.000,5.000,1.270,0.000
2025-12-05T06:18:51.210000,0.000,5.000,1.270,0.000
2025-12-05T06:18:51.246961,0.000,5.000,1.270,0.000
2025-12-05T06:18:51.275044,0.000,5.000,1.270,0.000
2025-12-05T06:18:51.313497,0.000,5.000,1.270,0.000
2025-12-05T06:18:51.345451,0.000,5.000,1.270,0.000
2025-12-05T06:18:51.378832,0.000,5.000,1.270,0.000
2025-12-05T06:18:51.404389,0.000,5.000,1.270,0.000
2025-12-05T06:18:51.437171,0.000,5.000,1.270,0.000
2025-12-05T06:18:51.471977,0.000,5.000,1.270,0.000
2025-12-05T06:18:51.504431,0.000,5.000,1.270,0.000
2025-12-05T06:18:51.536991,0.000,5.000,1.270,0.000
2025-12-05T06:18:51.570445,0.000,5.000,1.270,0.000
2025-12-05T06:18:51.604264,0.000,5.000,1.270,0.000
2025-12-05T06:18:51.650654,0.000,5.000,1.270,0.000
2025-12-05T06:18:51.682751,0.000,5.000,1.270,0.000
2025-12-05T06:18:51.708152,0.000,5.000,1.270,0.000
2025-12-05T06:18:51.739777,0.000,5.000,1.270,0.000
2025-12-05T06:18:51.767402,0.000,5.000,1.270,0.000
2025-12-05T06:18:51.797532,0.000,5.000,1.270,0.000
2025-12-05T06:18:51.825039,0.000,5.000,1.270,0.000
2025-12-05T06:18:51.857436,0.000,5.000,1.270,0.000
2025-12-05T06:18:51.885476,0.000,5.000,1.270,0.000
2025-12-05T06:18:51.918356,0.000,5.000,1.270,0.000
2025-12-05T06:18:51.950396,0.000,5.000,1.270,0.000
2025-12-05T06:18:51.986480,0.000,5.000,1.270,0.000
2025-12-05T06:18:52.020739,0.000,5.000,1.270,0.000
2025-12-05T06:18:52.053882,0.000,5.000,1.270,0.000
2025-12-05T06:18:52.088371,0.000,5.000,1.270,0.000
2025-12-05T06:18:52.117605,0.000,5.000,1.270,0.000
2025-12-05T06:18:52.149398,0.000,5.000,1.270,0.000
2025-12-05T06:18:52.180870,0.000,5.000,1.270,0.000
2025-12-05T06:18:52.212367,0.000,5.000,1.270,0.000
2025-12-05T06:18:52.243772,0.000,5.000,1.270,0.000
2025-12-05T06:18:52.277459,0.000,5.000,1.270,0.000
2025-12-05T06:18:52.316237,0.000,5.000,1.270,0.000
2025-12-05T06:18:52.348398,0.000,5.000,1.270,0.000
2025-12-05T06:18:52.385103,0.000,5.000,1.270,0.000
2025-12-05T06:18:52.414019,0.000,5.000,1.270,0.000
2025-12-05T06:18:52.446066,0.000,5.000,1.270,0.000
2025-12-05T06:18:52.478240,0.000,5.000,1.270,0.000
2025-12-05T06:18:52.513595,0.000,5.000,1.270,0.000
2025-12-05T06:18:52.545342,0.000,5.000,1.270,0.000
2025-12-05T06:18:52.574923,0.000,5.000,1.270,0.000
2025-12-05T06:18:52.605987,0.000,5.000,1.270,0.000
2025-12-05T06:18:52.640756,0.000,5.000,1.270,0.000
2025-12-05T06:18:52.672297,0.000,5.000,1.270,0.000
2025-12-05T06:18:52.705950,0.000,5.000,1.270,0.000
2025-12-05T06:18:52.737049,0.000,5.000,1.270,0.000
2025-12-05T06:18:52.771235,0.000,5.000,1.270,0.000
2025-12-05T06:18:52.806712,0.000,5.000,1.270,0.000
2025-12-05T06:18:52.840598,0.000,5.000,1.270,0.000
2025-12-05T06:18:52.873653,0.000,5.000,1.270,0.000
2025-12-05T06:18:52.905172,0.000,5.000,1.270,0.000
2025-12-05T06:18:52.936938,0.000,5.000,1.270,0.000
2025-12-05T06:18:52.966551,0.000,5.000,1.270,0.000
2025-12-05T06:18:52.998659,0.000,5.000,1.270,0.000
2025-12-05T06:18:53.031777,0.000,5.000,1.270,0.000
2025-12-05T06:18:53.064796,0.000,5.000,1.270,0.000
2025-12-05T06:18:53.098210,0.000,5.000,1.270,0.000
2025-12-05T06:18:53.132939,0.000,5.000,1.270,0.000
2025-12-05T06:18:53.163684,0.000,5.000,1.270,0.000
2025-12-05T06:18:53.197053,0.000,5.000,1.270,0.000
2025-12-05T06:18:53.228884,0.000,5.000,1.270,0.000
2025-12-05T06:18:53.259990,0.000,5.000,1.270,0.000
2025-12-05T06:18:53.292498,0.000,5.000,1.270,0.000
2025-12-05T06:18:53.325348,0.000,5.000,1.270,0.000
2025-12-05T06:18:53.356928,0.000,5.000,1.270,0.000
2025-12-05T06:18:53.389362,0.000,5.000,1.270,0.000
2025-12-05T06:18:53.421521,0.000,5.000,1.270,0.000
2025-12-05T06:18:53.452838,0.000,5.000,1.270,0.000
2025-12-05T06:18:53.487500,0.000,5.000,1.270,0.000
2025-12-05T06:18:53.519221,0.000,5.000,1.270,0.000
2025-12-05T06:18:53.548913,0.000,5.000,1.270,0.000
2025-12-05T06:18:53.583586,0.000,5.000,1.270,0.000
2025-12-05T06:18:53.616068,0.000,5.000,1.270,0.000
2025-12-05T06:18:53.649026,0.000,5.000,1.270,0.000
2025-12-05T06:18:53.681479,0.000,5.000,1.270,0.000
2025-12-05T06:18:53.716360,0.000,5.000,1.270,0.000
2025-12-05T06:18:53.748418,0.000,5.000,1.270,0.000
2025-12-05T06:18:53.777490,0.000,5.000,1.270,0.000
2025-12-05T06:18:53.808871,0.000,5.000,1.270,0.000
2025-12-05T06:18:53.843363,0.000,5.000,1.270,0.000
2025-12-05T06:18:53.877334,0.000,5.000,1.270,0.000
2025-12-05T06:18:53.909262,0.000,5.000,1.270,0.000
2025-12-05T06:18:53.941219,0.000,5.000,1.270,0.000
2025-12-05T06:18:53.973644,0.000,5.000,1.270,0.000
2025-12-05T06:18:54.004017,0.000,5.000,1.270,0.000
2025-12-05T06:18:54.039152,0.000,5.000,1.270,0.000
2025-12-05T06:18:54.072258,0.000,5.000,1.270,0.000
2025-12-05T06:18:54.103856,0.000,5.000,1.270,0.000
2025-12-05T06:18:54.141722,0.000,5.000,1.270,0.000
2025-12-05T06:18:54.173307,0.000,5.000,1.270,0.000
2025-12-05T06:18:54.204514,0.000,5.000,1.270,0.000
2025-12-05T06:18:54.237779,0.000,5.000,1.270,0.000
2025-12-05T06:18:54.266693,0.000,5.000,1.270,0.000
2025-12-05T06:18:54.298271,0.000,5.000,1.270,0.000
2025-12-05T06:18:54.333045,0.000,5.000,1.270,0.000
2025-12-05T06:18:54.365774,0.000,5.000,1.270,0.000
2025-12-05T06:18:54.399790,0.000,5.000,1.270,0.000
2025-12-05T06:18:54.433202,0.000,5.000,1.270,0.000
2025-12-05T06:18:54.468818,0.000,5.000,1.270,0.000
2025-12-05T06:18:54.497474,0.000,5.000,1.270,0.000
2025-12-05T06:18:54.530638,0.000,5.000,1.270,0.000
2025-12-05T06:18:54.560408,0.000,5.000,1.270,0.000
2025-12-05T06:18:54.590777,0.000,5.000,1.270,0.000
2025-12-05T06:18:54.622461,0.000,5.000,1.270,0.000
2025-12-05T06:18:54.654850,0.000,5.000,1.270,0.000
2025-12-05T06:18:54.686022,0.000,5.000,1.270,0.000
2025-12-05T06:18:54.718350,0.000,5.000,1.270,0.000
2025-12-05T06:18:54.753229,0.000,5.000,1.270,0.000
2025-12-05T06:18:54.787377,0.000,5.000,1.270,0.000
2025-12-05T06:18:54.819470,0.000,5.000,1.270,0.000
2025-12-05T06:18:54.849833,0.000,5.000,1.270,0.000
2025-12-05T06:18:54.882886,0.000,5.000,1.270,0.000
2025-12-05T06:18:54.914890,0.000,5.000,1.270,0.000
2025-12-05T06:18:54.946670,0.000,5.000,1.270,0.000
2025-12-05T06:18:54.985436,0.000,5.000,1.270,0.000
2025-12-05T06:18:55.018051,0.000,5.000,1.270,0.000
2025-12-05T06:18:55.050152,0.000,5.000,1.270,0.000
2025-12-05T06:18:55.083595,0.000,5.000,1.270,0.000
2025-12-05T06:18:55.116172,0.000,5.000,1.270,0.000
2025-12-05T06:18:55.147049,0.000,5.000,1.270,0.000
2025-12-05T06:18:55.179453,0.000,5.000,1.270,0.000
2025-12-05T06:18:55.210641,0.000,5.000,1.270,0.000
2025-12-05T06:18:55.244511,0.000,5.000,1.270,0.000
2025-12-05T06:18:55.278049,0.000,5.000,1.270,0.000
2025-12-05T06:18:55.311225,0.000,5.000,1.270,0.000
2025-12-05T06:18:55.343804,0.000,5.000,1.270,0.000
2025-12-05T06:18:55.376915,0.000,5.000,1.270,0.000
2025-12-05T06:18:55.405369,0.000,5.000,1.270,0.000
2025-12-05T06:18:55.441507,0.000,5.000,1.270,0.000
2025-12-05T06:18:55.469569,0.000,5.000,1.270,0.000
2025-12-05T06:18:55.501478,0.000,5.000,1.270,0.000
2025-12-05T06:18:55.535611,0.000,5.000,1.270,0.000
2025-12-05T06:18:55.565917,0.000,5.000,1.270,0.000
2025-12-05T06:18:55.597800,0.000,5.000,1.270,0.000
2025-12-05T06:18:55.631011,0.000,5.000,1.270,0.000
2025-12-05T06:18:55.661959,0.000,5.000,1.270,0.000
2025-12-05T06:18:55.694345,0.000,5.000,1.270,0.000
2025-12-05T06:18:55.727730,0.000,5.000,1.270,0.000
2025-12-05T06:18:55.761241,0.000,5.000,1.270,0.000
2025-12-05T06:18:55.795958,0.000,5.000,1.270,0.000
2025-12-05T06:18:55.828320,0.000,5.000,1.270,0.000
2025-12-05T06:18:55.863680,0.000,5.000,1.270,0.000
2025-12-05T06:18:55.890604,0.000,5.000,1.270,0.000
2025-12-05T06:18:55.922715,0.000,5.000,1.270,0.000
2025-12-05T06:18:55.954301,0.000,5.000,1.270,0.000
2025-12-05T06:18:55.989959,0.000,5.000,1.270,0.000
2025-12-05T06:18:56.032142,0.000,5.000,1.270,0.000
2025-12-05T06:18:56.060572,0.000,5.000,1.270,0.000
2025-12-05T06:18:56.092787,0.000,5.000,1.270,0.000
2025-12-05T06:18:56.126190,0.000,5.000,1.270,0.000
2025-12-05T06:18:56.157745,0.000,5.000,1.270,0.000
2025-12-05T06:18:56.187356,0.000,5.000,1.270,0.000
2025-12-05T06:18:56.218435,0.000,5.000,1.270,0.000
2025-12-05T06:18:56.251238,0.000,5.000,1.270,0.000
2025-12-05T06:18:56.286709,0.000,5.000,1.270,0.000
2025-12-05T06:18:56.318700,0.000,5.000,1.270,0.000
2025-12-05T06:18:56.353740,0.000,5.000,1.270,0.000
2025-12-05T06:18:56.382365,0.000,5.000,1.270,0.000
2025-12-05T06:18:56.411652,0.000,5.000,1.270,0.000
2025-12-05T06:18:56.443585,0.000,5.000,1.270,0.000
2025-12-05T06:18:56.477373,0.000,5.000,1.270,0.000
2025-12-05T06:18:56.509501,0.000,5.000,1.270,0.000
2025-12-05T06:18:56.541424,0.000,5.000,1.270,0.000
2025-12-05T06:18:56.574724,0.000,5.000,1.270,0.000
2025-12-05T06:18:56.605702,0.000,5.000,1.270,0.000
2025-12-05T06:18:56.641581,0.000,5.000,1.270,0.000
2025-12-05T06:18:56.674574,0.000,5.000,1.270,0.000
2025-12-05T06:18:56.706144,0.000,5.000,1.270,0.000
2025-12-05T06:18:56.738738,0.000,5.000,1.270,0.000
2025-12-05T06:18:56.769736,0.000,5.000,1.270,0.000
2025-12-05T06:18:56.801715,0.000,5.000,1.270,0.000
2025-12-05T06:18:56.834228,0.000,5.000,1.270,0.000
2025-12-05T06:18:56.867424,0.000,5.000,1.270,0.000
2025-12-05T06:18:56.904876,0.000,5.000,1.270,0.000
2025-12-05T06:18:56.938275,0.000,5.000,1.270,0.000
2025-12-05T06:18:56.970458,0.000,5.000,1.270,0.000
2025-12-05T06:18:57.004689,0.000,5.000,1.270,0.000
2025-12-05T06:18:57.033631,0.000,5.000,1.270,0.000
2025-12-05T06:18:57.064283,0.000,5.000,1.270,0.000
2025-12-05T06:18:57.097692,0.000,5.000,1.270,0.000
2025-12-05T06:18:57.128631,0.000,5.000,1.270,0.000
2025-12-05T06:18:57.163354,0.000,5.000,1.270,0.000
2025-12-05T06:18:57.196916,0.000,5.000,1.270,0.000
2025-12-05T06:18:57.229496,0.000,5.000,1.270,0.000
2025-12-05T06:18:57.263384,0.000,5.000,1.270,0.000
2025-12-05T06:18:57.297711,0.000,5.000,1.270,0.000
2025-12-05T06:18:57.328259,0.000,5.000,1.270,0.000
2025-12-05T06:18:57.359250,0.000,5.000,1.270,0.000
2025-12-05T06:18:57.388992,0.000,5.000,1.270,0.000
2025-12-05T06:18:57.419129,0.000,5.000,1.270,0.000
2025-12-05T06:18:57.450224,0.000,5.000,1.270,0.000
2025-12-05T06:18:57.485545,0.000,5.000,1.270,0.000
2025-12-05T06:18:57.517100,0.000,5.000,1.270,0.000
2025-12-05T06:18:57.550111,0.000,5.000,1.270,0.000
2025-12-05T06:18:57.585486,0.000,5.000,1.270,0.000
2025-12-05T06:18:57.616449,0.000,5.000,1.270,0.000
2025-12-05T06:18:57.648364,0.000,5.000,1.270,0.000
2025-12-05T06:18:57.678949,0.000,5.000,1.270,0.000
2025-12-05T06:18:57.709887,0.000,5.000,1.270,0.000
2025-12-05T06:18:57.744040,0.000,5.000,1.270,0.000
2025-12-05T06:18:57.775374,0.000,5.000,1.270,0.000
2025-12-05T06:18:57.808417,0.000,5.000,1.270,0.000
2025-12-05T06:18:57.844380,0.000,5.000,1.270,0.000
2025-12-05T06:18:57.874338,0.000,5.000,1.270,0.000
2025-12-05T06:18:57.906630,0.000,5.000,1.270,0.000
2025-12-05T06:18:57.939032,0.000,5.000,1.270,0.000
2025-12-05T06:18:57.968812,0.000,5.000,1.270,0.000
2025-12-05T06:18:57.998830,0.000,5.000,1.270,0.000
2025-12-05T06:18:58.031874,0.000,5.000,1.270,0.000
2025-12-05T06:18:58.064621,0.000,5.000,1.270,0.000
2025-12-05T06:18:58.097884,0.000,5.000,1.270,0.000
2025-12-05T06:18:58.133025,0.000,5.000,1.270,0.000
2025-12-05T06:18:58.165520,0.000,5.000,1.270,0.000
2025-12-05T06:18:58.195901,0.000,5.000,1.270,0.000
2025-12-05T06:18:58.228547,0.000,5.000,1.270,0.000
2025-12-05T06:18:58.258865,0.000,5.000,1.270,0.000
2025-12-05T06:18:58.293495,0.000,5.000,1.270,0.000
2025-12-05T06:18:58.326074,0.000,5.000,1.270,0.000
2025-12-05T06:18:58.357957,0.000,5.000,1.270,0.000
2025-12-05T06:18:58.393214,0.000,5.000,1.270,0.000
2025-12-05T06:18:58.426123,0.000,5.000,1.270,0.000
2025-12-05T06:18:58.459872,0.000,5.000,1.270,0.000
2025-12-05T06:18:58.500642,0.000,5.000,1.270,0.000
2025-12-05T06:18:58.525221,0.000,5.000,1.270,0.000
2025-12-05T06:18:58.553444,0.000,5.000,1.270,0.000
2025-12-05T06:18:58.585057,0.000,5.000,1.270,0.000
2025-12-05T06:18:58.616949,0.000,5.000,1.270,0.000
2025-12-05T06:18:58.650699,0.000,5.000,1.270,0.000
2025-12-05T06:18:58.683946,0.000,5.000,1.270,0.000
2025-12-05T06:18:58.716787,0.000,5.000,1.270,0.000
2025-12-05T06:18:58.748397,0.000,5.000,1.270,0.000
2025-12-05T06:18:58.778463,0.000,5.000,1.270,0.000
2025-12-05T06:18:58.810348,0.000,5.000,1.270,0.000
2025-12-05T06:18:58.843137,0.000,5.000,1.270,0.000
2025-12-05T06:18:58.878522,0.000,5.000,1.270,0.000
2025-12-05T06:18:58.912899,0.000,5.000,1.270,0.000
2025-12-05T06:18:58.943257,0.000,5.000,1.270,0.000
2025-12-05T06:18:58.977568,0.000,5.000,1.270,0.000
2025-12-05T06:18:59.007767,0.000,5.000,1.270,0.000
2025-12-05T06:18:59.039340,0.000,5.000,1.270,0.000
2025-12-05T06:18:59.073275,0.000,5.000,1.270,0.000
2025-12-05T06:18:59.104440,0.000,5.000,1.270,0.000
2025-12-05T06:18:59.140809,0.000,5.000,1.270,0.000
2025-12-05T06:18:59.172798,0.000,5.000,1.270,0.000
2025-12-05T06:18:59.208797,0.000,5.000,1.270,0.000
2025-12-05T06:18:59.235048,0.000,5.000,1.270,0.000
2025-12-05T06:18:59.267049,0.000,5.000,1.270,0.000
2025-12-05T06:18:59.299845,0.000,5.000,1.270,0.000
2025-12-05T06:18:59.332805,0.000,5.000,1.270,0.000
2025-12-05T06:18:59.366418,0.000,5.000,1.270,0.000
2025-12-05T06:18:59.398046,0.000,5.000,1.270,0.000
2025-12-05T06:18:59.432797,0.000,5.000,1.270,0.000
2025-12-05T06:18:59.463307,0.000,5.000,1.270,0.000
2025-12-05T06:18:59.494988,0.000,5.000,1.270,0.000
2025-12-05T06:18:59.529464,0.000,5.000,1.270,0.000
2025-12-05T06:18:59.560810,0.000,5.000,1.270,0.000
2025-12-05T06:18:59.592656,0.000,5.000,1.270,0.000
2025-12-05T06:18:59.625055,0.000,5.000,1.270,0.000
2025-12-05T06:18:59.659895,0.000,5.000,1.270,0.000
2025-12-05T06:18:59.693026,0.000,5.000,1.270,0.000
2025-12-05T06:18:59.724540,0.000,5.000,1.270,0.000
2025-12-05T06:18:59.757517,0.000,5.000,1.270,0.000
2025-12-05T06:18:59.789018,0.000,5.000,1.270,0.000
2025-12-05T06:18:59.820548,0.000,5.000,1.270,0.000
2025-12-05T06:18:59.855451,0.000,5.000,1.270,0.000
2025-12-05T06:18:59.887130,0.000,5.000,1.270,0.000
2025-12-05T06:18:59.919867,0.000,5.000,1.270,0.000
2025-12-05T06:18:59.953662,0.000,5.000,1.270,0.000
2025-12-05T06:18:59.986421,0.000,5.000,1.270,0.000
2025-12-05T06:19:00.019533,0.000,5.000,1.270,0.000
2025-12-05T06:19:00.052133,0.000,5.000,1.270,0.000
2025-12-05T06:19:00.084193,0.000,5.000,1.270,0.000
2025-12-05T06:19:00.116835,0.000,5.000,1.270,0.000
2025-12-05T06:19:00.151576,0.000,5.000,1.270,0.000
2025-12-05T06:19:00.181228,0.000,5.000,1.270,0.000
2025-12-05T06:19:00.213454,0.000,5.000,1.270,0.000
2025-12-05T06:19:00.241524,0.000,5.000,1.270,0.000
2025-12-05T06:19:00.274704,0.000,5.000,1.270,0.000
2025-12-05T06:19:00.312786,0.000,5.000,1.270,0.000
2025-12-05T06:19:00.345885,0.000,5.000,1.270,0.000
2025-12-05T06:19:00.373011,0.000,5.000,1.270,0.000
2025-12-05T06:19:00.406365,0.000,5.000,1.270,0.000
2025-12-05T06:19:00.439230,0.000,5.000,1.270,0.000
2025-12-05T06:19:00.472074,0.000,5.000,1.270,0.000
2025-12-05T06:19:00.504020,0.000,5.000,1.270,0.000
2025-12-05T06:19:00.533916,0.000,5.000,1.270,0.000
2025-12-05T06:19:00.566320,0.000,5.000,1.270,0.000
2025-12-05T06:19:00.599179,0.000,5.000,1.270,0.000
2025-12-05T06:19:00.631616,0.000,5.000,1.270,0.000
2025-12-05T06:19:00.664644,0.000,5.000,1.270,0.000
2025-12-05T06:19:00.700644,0.000,5.000,1.270,0.000
2025-12-05T06:19:00.732773,0.000,5.000,1.270,0.000
2025-12-05T06:19:00.778655,0.000,5.000,1.270,0.000
2025-12-05T06:19:00.798648,0.000,5.000,1.270,0.000
2025-12-05T06:19:00.831770,0.000,5.000,1.270,0.000
2025-12-05T06:19:00.862344,0.000,5.000,1.270,0.000
2025-12-05T06:19:00.893046,0.000,5.000,1.270,0.000
2025-12-05T06:19:00.921892,0.000,5.000,1.270,0.000
2025-12-05T06:19:00.954415,0.000,5.000,1.270,0.000
2025-12-05T06:19:00.985454,0.000,5.000,1.270,0.000
2025-12-05T06:19:01.018690,0.000,5.000,1.270,0.000
2025-12-05T06:19:01.052626,0.000,5.000,1.270,0.000
2025-12-05T06:19:01.086735,0.000,5.000,1.270,0.000
2025-12-05T06:19:01.127320,0.000,5.000,1.270,0.000
2025-12-05T06:19:01.155669,0.000,5.000,1.270,0.000
2025-12-05T06:19:01.190206,0.000,5.000,1.270,0.000
2025-12-05T06:19:01.221441,0.000,5.000,1.270,0.000
2025-12-05T06:19:01.250432,0.000,5.000,1.270,0.000
2025-12-05T06:19:01.281739,0.000,5.000,1.270,0.000
2025-12-05T06:19:01.313401,0.000,5.000,1.270,0.000
2025-12-05T06:19:01.343352,0.000,5.000,1.270,0.000
2025-12-05T06:19:01.377445,0.000,5.000,1.270,0.000
2025-12-05T06:19:01.411071,0.000,5.000,1.270,0.000
2025-12-05T06:19:01.445866,0.000,5.000,1.270,0.000
2025-12-05T06:19:01.480920,0.000,5.000,1.270,0.000
2025-12-05T06:19:01.515041,0.000,5.000,1.270,0.000
2025-12-05T06:19:01.552352,0.000,5.000,1.270,0.000
2025-12-05T06:19:01.583422,0.000,5.000,1.270,0.000
2025-12-05T06:19:01.615583,0.000,5.000,1.270,0.000
2025-12-05T06:19:01.664852,0.000,5.000,1.270,0.000
2025-12-05T06:19:01.687852,0.000,5.000,1.270,0.000
2025-12-05T06:19:01.711939,0.000,5.000,1.270,0.000
2025-12-05T06:19:01.744804,0.000,5.000,1.270,0.000
2025-12-05T06:19:01.773584,0.000,5.000,1.270,0.000
2025-12-05T06:19:01.806677,0.000,5.000,1.270,0.000
2025-12-05T06:19:01.839058,0.000,5.000,1.270,0.000
2025-12-05T06:19:01.871448,0.000,5.000,1.270,0.000
2025-12-05T06:19:01.903045,0.000,5.000,1.270,0.000
2025-12-05T06:19:01.934911,0.000,5.000,1.270,0.000
2025-12-05T06:19:01.969001,0.000,5.000,1.270,0.000
2025-12-05T06:19:02.000646,0.000,5.000,1.270,0.000
2025-12-05T06:19:02.026336,0.000,5.000,1.270,0.000
2025-12-05T06:19:02.063339,0.000,5.000,1.270,0.000
2025-12-05T06:19:02.096212,0.000,5.000,1.270,0.000
2025-12-05T06:19:02.125632,0.000,5.000,1.270,0.000
2025-12-05T06:19:02.161036,0.000,5.000,1.270,0.000
2025-12-05T06:19:02.192071,0.000,5.000,1.270,0.000
2025-12-05T06:19:02.224555,0.000,5.000,1.270,0.000
2025-12-05T06:19:02.256312,0.000,5.000,1.270,0.000
2025-12-05T06:19:02.288274,0.000,5.000,1.270,0.000
2025-12-05T06:19:02.324255,0.000,5.000,1.270,0.000
2025-12-05T06:19:02.355679,0.000,5.000,1.270,0.000
2025-12-05T06:19:02.388328,0.000,5.000,1.270,0.000
2025-12-05T06:19:02.418464,0.000,5.000,1.270,0.000
2025-12-05T06:19:02.460598,0.000,5.000,1.270,0.000
2025-12-05T06:19:02.493423,0.000,5.000,1.270,0.000
2025-12-05T06:19:02.518422,0.000,5.000,1.270,0.000
2025-12-05T06:19:02.551413,0.000,5.000,1.270,0.000
2025-12-05T06:19:02.581798,0.000,5.000,1.270,0.000
2025-12-05T06:19:02.612716,0.000,5.000,1.270,0.000
2025-12-05T06:19:02.641551,0.000,5.000,1.270,0.000
2025-12-05T06:19:02.674107,0.000,5.000,1.270,0.000
2025-12-05T06:19:02.707382,0.000,5.000,1.270,0.000
2025-12-05T06:19:02.746072,0.000,5.000,1.270,0.000
2025-12-05T06:19:02.773739,0.000,5.000,1.270,0.000
2025-12-05T06:19:02.807331,0.000,5.000,1.270,0.000
2025-12-05T06:19:02.839870,0.000,5.000,1.270,0.000
2025-12-05T06:19:02.866835,0.000,5.000,1.270,0.000
2025-12-05T06:19:02.902523,0.000,5.000,1.270,0.000
2025-12-05T06:19:02.934274,0.000,5.000,1.270,0.000
2025-12-05T06:19:02.966453,0.000,5.000,1.270,0.000
2025-12-05T06:19:02.995947,0.000,5.000,1.270,0.000
2025-12-05T06:19:03.027304,0.000,5.000,1.270,0.000
2025-12-05T06:19:03.056284,0.000,5.000,1.270,0.000
2025-12-05T06:19:03.089924,0.000,5.000,1.270,0.000
2025-12-05T06:19:03.122117,0.000,5.000,1.270,0.000
2025-12-05T06:19:03.155197,0.000,5.000,1.270,0.000
2025-12-05T06:19:03.190618,0.000,5.000,1.270,0.000
2025-12-05T06:19:03.223394,0.000,5.000,1.270,0.000
2025-12-05T06:19:03.257024,0.000,5.000,1.270,0.000
2025-12-05T06:19:03.289586,0.000,5.000,1.270,0.000
2025-12-05T06:19:03.317481,0.000,5.000,1.270,0.000
2025-12-05T06:19:03.350119,0.000,5.000,1.270,0.000
2025-12-05T06:19:03.385996,0.000,5.000,1.270,0.000
2025-12-05T06:19:03.417339,0.000,5.000,1.270,0.000
2025-12-05T06:19:03.451891,0.000,5.000,1.270,0.000
2025-12-05T06:19:03.485333,0.000,5.000,1.270,0.000
2025-12-05T06:19:03.517488,0.000,5.000,1.270,0.000
2025-12-05T06:19:03.548848,0.000,5.000,1.270,0.000
2025-12-05T06:19:03.580764,0.000,5.000,1.270,0.000
2025-12-05T06:19:03.613047,0.000,5.000,1.270,0.000
2025-12-05T06:19:03.643916,0.000,5.000,1.270,0.000
2025-12-05T06:19:03.677465,0.000,5.000,1.270,0.000
2025-12-05T06:19:03.709614,0.000,5.000,1.270,0.000
2025-12-05T06:19:03.756737,0.000,5.000,1.270,0.000
2025-12-05T06:19:03.792410,0.000,5.000,1.270,0.000
2025-12-05T06:19:03.817886,0.000,5.000,1.270,0.000
2025-12-05T06:19:03.845065,0.000,5.000,1.270,0.000
2025-12-05T06:19:03.882781,0.000,5.000,1.270,0.000
2025-12-05T06:19:03.908610,0.000,5.000,1.270,0.000
2025-12-05T06:19:03.941203,0.000,5.000,1.270,0.000
2025-12-05T06:19:03.974075,0.000,5.000,1.270,0.000
2025-12-05T06:19:04.003103,0.000,5.000,1.270,0.000
2025-12-05T06:19:04.037569,0.000,5.000,1.270,0.000
2025-12-05T06:19:04.069940,0.000,5.000,1.270,0.000
2025-12-05T06:19:04.107871,0.000,5.000,1.270,0.000
2025-12-05T06:19:04.146797,0.000,5.000,1.270,0.000
2025-12-05T06:19:04.185237,0.000,5.000,1.270,0.000
2025-12-05T06:19:04.218918,0.000,5.000,1.270,0.000
2025-12-05T06:19:04.250871,0.000,5.000,1.270,0.000
2025-12-05T06:19:04.278243,0.000,5.000,1.270,0.000
2025-12-05T06:19:04.310324,0.000,5.000,1.270,0.000
2025-12-05T06:19:04.342518,0.000,5.000,1.270,0.000
2025-12-05T06:19:04.372765,0.000,5.000,1.270,0.000
2025-12-05T06:19:04.401119,0.000,5.000,1.270,0.000
2025-12-05T06:19:04.433687,0.000,5.000,1.270,0.000
2025-12-05T06:19:04.466692,0.000,5.000,1.270,0.000
2025-12-05T06:19:04.499094,0.000,5.000,1.270,0.000
2025-12-05T06:19:04.540889,0.000,5.000,1.270,0.000
2025-12-05T06:19:04.570444,0.000,5.000,1.270,0.000
2025-12-05T06:19:04.603133,0.000,5.000,1.270,0.000
2025-12-05T06:19:04.631514,0.000,5.000,1.270,0.000
2025-12-05T06:19:04.669051,0.000,5.000,1.270,0.000
2025-12-05T06:19:04.704580,0.000,5.000,1.270,0.000
2025-12-05T06:19:04.732587,0.000,5.000,1.270,0.000
2025-12-05T06:19:04.763225,0.000,5.000,1.270,0.000
2025-12-05T06:19:04.792021,0.000,5.000,1.270,0.000
2025-12-05T06:19:04.824459,0.000,5.000,1.270,0.000
2025-12-05T06:19:04.855882,0.000,5.000,1.270,0.000
2025-12-05T06:19:04.888778,0.000,5.000,1.270,0.000
2025-12-05T06:19:04.919828,0.000,5.000,1.270,0.000
2025-12-05T06:19:04.954510,0.000,5.000,1.270,0.000
2025-12-05T06:19:04.987880,0.000,5.000,1.270,0.000
2025-12-05T06:19:05.034311,0.000,5.000,1.270,0.000
2025-12-05T06:19:05.054439,0.000,5.000,1.270,0.000
2025-12-05T06:19:05.088666,0.000,5.000,1.270,0.000
2025-12-05T06:19:05.121621,0.000,5.000,1.270,0.000
2025-12-05T06:19:05.153017,0.000,5.000,1.270,0.000
2025-12-05T06:19:05.193928,0.000,5.000,1.270,0.000
2025-12-05T06:19:05.218705,0.000,5.000,1.270,0.000
2025-12-05T06:19:05.244504,0.000,5.000,1.270,0.000
2025-12-05T06:19:05.275764,0.000,5.000,1.270,0.000
2025-12-05T06:19:05.308475,0.000,5.000,1.270,0.000
2025-12-05T06:19:05.347996,0.000,5.000,1.270,0.000
2025-12-05T06:19:05.380863,0.000,5.000,1.270,0.000
2025-12-05T06:19:05.414116,0.000,5.000,1.270,0.000
2025-12-05T06:19:05.446487,0.000,5.000,1.270,0.000
2025-12-05T06:19:05.479041,0.000,5.000,1.270,0.000
2025-12-05T06:19:05.505972,0.000,5.000,1.270,0.000
2025-12-05T06:19:05.535509,0.000,5.000,1.270,0.000
2025-12-05T06:19:05.567751,0.000,5.000,1.270,0.000
2025-12-05T06:19:05.600114,0.000,5.000,1.270,0.000
2025-12-05T06:19:05.632312,0.000,5.000,1.270,0.000
2025-12-05T06:19:05.666102,0.000,5.000,1.270,0.000
2025-12-05T06:19:05.699240,0.000,5.000,1.270,0.000
2025-12-05T06:19:05.733055,0.000,5.000,1.270,0.000
2025-12-05T06:19:05.764009,0.000,5.000,1.270,0.000
2025-12-05T06:19:05.796194,0.000,5.000,1.270,0.000
2025-12-05T06:19:05.828314,0.000,5.000,1.270,0.000
2025-12-05T06:19:05.857908,0.000,5.000,1.270,0.000
2025-12-05T06:19:05.886458,0.000,5.000,1.270,0.000
2025-12-05T06:19:05.918124,0.000,5.000,1.270,0.000
2025-12-05T06:19:05.950539,0.000,5.000,1.270,0.000
2025-12-05T06:19:05.986953,0.000,5.000,1.270,0.000
2025-12-05T06:19:06.020771,0.000,5.000,1.270,0.000
2025-12-05T06:19:06.051863,0.000,5.000,1.270,0.000
2025-12-05T06:19:06.083905,0.000,5.000,1.270,0.000
2025-12-05T06:19:06.114936,0.000,5.000,1.270,0.000
2025-12-05T06:19:06.145836,0.000,5.000,1.270,0.000
2025-12-05T06:19:06.178250,0.000,5.000,1.270,0.000
2025-12-05T06:19:06.210121,0.000,5.000,1.270,0.000
2025-12-05T06:19:06.244070,0.000,5.000,1.270,0.000
2025-12-05T06:19:06.277032,0.000,5.000,1.270,0.000
2025-12-05T06:19:06.316234,0.000,5.000,1.270,0.000
2025-12-05T06:19:06.342673,0.000,5.000,1.270,0.000
2025-12-05T06:19:06.381944,0.000,5.000,1.270,0.000
2025-12-05T06:19:06.413144,0.000,5.000,1.270,0.000
2025-12-05T06:19:06.438879,0.000,5.000,1.270,0.000
2025-12-05T06:19:06.472268,0.000,5.000,1.270,0.000
2025-12-05T06:19:06.503558,0.000,5.000,1.270,0.000
2025-12-05T06:19:06.529245,0.000,5.000,1.270,0.000
2025-12-05T06:19:06.562313,0.000,5.000,1.270,0.000
2025-12-05T06:19:06.601068,0.000,5.000,1.270,0.000
2025-12-05T06:19:06.642724,0.000,5.000,1.270,0.000
2025-12-05T06:19:06.677010,0.000,5.000,1.270,0.000
2025-12-05T06:19:06.703433,0.000,5.000,1.270,0.000
2025-12-05T06:19:06.733635,0.000,5.000,1.270,0.000
2025-12-05T06:19:06.761481,0.000,5.000,1.270,0.000
2025-12-05T06:19:06.788996,0.000,5.000,1.270,0.000
2025-12-05T06:19:06.817750,0.000,5.000,1.270,0.000
2025-12-05T06:19:06.848192,0.000,5.000,1.270,0.000
2025-12-05T06:19:06.881614,0.000,5.000,1.270,0.000
2025-12-05T06:19:06.914131,0.000,5.000,1.270,0.000
2025-12-05T06:19:06.953463,0.000,5.000,1.270,0.000
2025-12-05T06:19:06.986990,0.000,5.000,1.270,0.000
2025-12-05T06:19:07.019841,0.000,5.000,1.270,0.000
2025-12-05T06:19:07.051672,0.000,5.000,1.270,0.000
2025-12-05T06:19:07.084257,0.000,5.000,1.270,0.000
2025-12-05T06:19:07.111201,0.000,5.000,1.270,0.000
2025-12-05T06:19:07.144137,0.000,5.000,1.270,0.000
2025-12-05T06:19:07.175175,0.000,5.000,1.270,0.000
2025-12-05T06:19:07.205953,0.000,5.000,1.270,0.000
2025-12-05T06:19:07.240156,0.000,5.000,1.270,0.000
2025-12-05T06:19:07.281170,0.000,5.000,1.270,0.000
2025-12-05T06:19:07.307863,0.000,5.000,1.270,0.000
2025-12-05T06:19:07.345961,0.000,5.000,1.270,0.000
2025-12-05T06:19:07.377732,0.000,5.000,1.270,0.000
2025-12-05T06:19:07.404177,0.000,5.000,1.270,0.000
2025-12-05T06:19:07.436802,0.000,5.000,1.270,0.000
2025-12-05T06:19:07.469463,0.000,5.000,1.270,0.000
2025-12-05T06:19:07.501535,0.000,5.000,1.270,0.000
2025-12-05T06:19:07.536523,0.000,5.000,1.270,0.000
2025-12-05T06:19:07.569533,0.000,5.000,1.270,0.000
2025-12-05T06:19:07.598793,0.000,5.000,1.270,0.000
2025-12-05T06:19:07.627088,0.000,5.000,1.270,0.000
2025-12-05T06:19:07.659949,0.000,5.000,1.270,0.000
2025-12-05T06:19:07.691015,0.000,5.000,1.270,0.000
2025-12-05T06:19:07.724650,0.000,5.000,1.270,0.000
2025-12-05T06:19:07.758790,0.000,5.000,1.270,0.000
2025-12-05T06:19:07.791240,0.000,5.000,1.270,0.000
2025-12-05T06:19:07.827665,0.000,5.000,1.270,0.000
2025-12-05T06:19:07.856995,0.000,5.000,1.270,0.000
2025-12-05T06:19:07.886212,0.000,5.000,1.270,0.000
2025-12-05T06:19:07.916195,0.000,5.000,1.270,0.000
2025-12-05T06:19:07.947339,0.000,5.000,1.270,0.000
2025-12-05T06:19:07.982776,0.000,5.000,1.270,0.000
2025-12-05T06:19:08.016128,0.000,5.000,1.270,0.000
2025-12-05T06:19:08.050069,0.000,5.000,1.270,0.000
2025-12-05T06:19:08.091967,0.000,5.000,1.270,0.000
2025-12-05T06:19:08.125091,0.000,5.000,1.270,0.000
2025-12-05T06:19:08.151981,0.000,5.000,1.270,0.000
2025-12-05T06:19:08.184676,0.000,5.000,1.270,0.000
2025-12-05T06:19:08.215884,0.000,5.000,1.270,0.000
2025-12-05T06:19:08.247516,0.000,5.000,1.270,0.000
2025-12-05T06:19:08.279675,0.000,5.000,1.270,0.000
2025-12-05T06:19:08.313738,0.000,5.000,1.270,0.000
2025-12-05T06:19:08.344512,0.000,5.000,1.270,0.000
2025-12-05T06:19:08.378350,0.000,5.000,1.270,0.000
2025-12-05T06:19:08.410118,0.000,5.000,1.270,0.000
2025-12-05T06:19:08.443559,0.000,5.000,1.270,0.000
2025-12-05T06:19:08.475668,0.000,5.000,1.270,0.000
2025-12-05T06:19:08.506206,0.000,5.000,1.270,0.000
2025-12-05T06:19:08.536002,0.000,5.000,1.270,0.000
2025-12-05T06:19:08.567996,0.000,5.000,1.270,0.000
2025-12-05T06:19:08.603549,0.000,5.000,1.270,0.000
2025-12-05T06:19:08.637931,0.000,5.000,1.270,0.000
2025-12-05T06:19:08.671485,0.000,5.000,1.270,0.000
2025-12-05T06:19:08.702344,0.000,5.000,1.270,0.000
2025-12-05T06:19:08.732444,0.000,5.000,1.270,0.000
2025-12-05T06:19:08.761476,0.000,5.000,1.270,0.000
2025-12-05T06:19:08.796452,0.000,5.000,1.270,0.000
2025-12-05T06:19:08.828909,0.000,5.000,1.270,0.000
2025-12-05T06:19:08.862239,0.000,5.000,1.270,0.000
2025-12-05T06:19:08.897412,0.000,5.000,1.270,0.000
2025-12-05T06:19:08.929511,0.000,5.000,1.270,0.000
2025-12-05T06:19:08.961539,0.000,5.000,1.270,0.000
2025-12-05T06:19:08.994066,0.000,5.000,1.270,0.000
2025-12-05T06:19:09.023928,0.000,5.000,1.270,0.000
2025-12-05T06:19:09.052525,0.000,5.000,1.270,0.000
2025-12-05T06:19:09.088064,0.000,5.000,1.270,0.000
2025-12-05T06:19:09.120774,0.000,5.000,1.270,0.000
2025-12-05T06:19:09.156564,0.000,5.000,1.270,0.000
2025-12-05T06:19:09.189567,0.000,5.000,1.270,0.000
2025-12-05T06:19:09.221420,0.000,5.000,1.270,0.000
2025-12-05T06:19:09.252058,0.000,5.000,1.270,0.000
2025-12-05T06:19:09.285406,0.000,5.000,1.270,0.000
2025-12-05T06:19:09.318664,0.000,5.000,1.270,0.000
2025-12-05T06:19:09.351031,0.000,5.000,1.270,0.000
2025-12-05T06:19:09.384240,0.000,5.000,1.270,0.000
2025-12-05T06:19:09.411943,0.000,5.000,1.270,0.000
2025-12-05T06:19:09.443961,0.000,5.000,1.270,0.000
2025-12-05T06:19:09.477798,0.000,5.000,1.270,0.000
2025-12-05T06:19:09.506557,0.000,5.000,1.270,0.000
2025-12-05T06:19:09.539994,0.000,5.000,1.270,0.000
2025-12-05T06:19:09.571808,0.000,5.000,1.270,0.000
2025-12-05T06:19:09.608931,0.000,5.000,1.270,0.000
2025-12-05T06:19:09.640753,0.000,5.000,1.270,0.000
2025-12-05T06:19:09.675036,0.000,5.000,1.270,0.000
2025-12-05T06:19:09.705224,0.000,5.000,1.270,0.000
2025-12-05T06:19:09.737343,0.000,5.000,1.270,0.000
2025-12-05T06:19:09.777772,0.000,5.000,1.270,0.000
2025-12-05T06:19:09.801429,0.000,5.000,1.270,0.000
2025-12-05T06:19:09.836729,0.000,5.000,1.270,0.000
2025-12-05T06:19:09.867494,0.000,5.000,1.270,0.000
2025-12-05T06:19:09.890517,0.000,5.000,1.270,0.000
2025-12-05T06:19:09.923326,0.000,5.000,1.270,0.000
2025-12-05T06:19:09.952071,0.000,5.000,1.270,0.000
2025-12-05T06:19:09.983148,0.000,5.000,1.270,0.000
2025-12-05T06:19:10.015283,0.000,5.000,1.270,0.000
2025-12-05T06:19:10.049261,0.000,5.000,1.270,0.000
2025-12-05T06:19:10.088310,0.000,5.000,1.270,0.000
2025-12-05T06:19:10.117847,0.000,5.000,1.270,0.000
2025-12-05T06:19:10.151667,0.000,5.000,1.270,0.000
2025-12-05T06:19:10.184322,0.000,5.000,1.270,0.000
2025-12-05T06:19:10.216338,0.000,5.000,1.270,0.000
2025-12-05T06:19:10.245970,0.000,5.000,1.270,0.000
2025-12-05T06:19:10.280265,0.000,5.000,1.270,0.000
2025-12-05T06:19:10.317856,0.000,5.000,1.270,0.000
2025-12-05T06:19:10.346530,0.000,5.000,1.270,0.000
2025-12-05T06:19:10.382036,0.000,5.000,1.270,0.000
2025-12-05T06:19:10.414571,0.000,5.000,1.270,0.000
2025-12-05T06:19:10.448486,0.000,5.000,1.270,0.000
2025-12-05T06:19:10.481087,0.000,5.000,1.270,0.000
2025-12-05T06:19:10.511801,0.000,5.000,1.270,0.000
2025-12-05T06:19:10.546176,0.000,5.000,1.270,0.000
2025-12-05T06:19:10.577300,0.000,5.000,1.270,0.000
2025-12-05T06:19:10.604303,0.000,5.000,1.270,0.000
2025-12-05T06:19:10.639726,0.000,5.000,1.270,0.000
2025-12-05T06:19:10.670618,0.000,5.000,1.270,0.000
2025-12-05T06:19:10.703955,0.000,5.000,1.270,0.000
2025-12-05T06:19:10.740317,0.000,5.000,1.270,0.000
2025-12-05T06:19:10.772951,0.000,5.000,1.270,0.000
2025-12-05T06:19:10.806430,0.000,5.000,1.270,0.000
2025-12-05T06:19:10.836614,0.000,5.000,1.270,0.000
2025-12-05T06:19:10.866937,0.000,5.000,1.270,0.000
2025-12-05T06:19:10.900076,0.000,5.000,1.270,0.000
2025-12-05T06:19:10.933478,0.000,5.000,1.270,0.000
2025-12-05T06:19:10.971464,0.000,5.000,1.270,0.000
2025-12-05T06:19:11.002949,0.000,5.000,1.270,0.000
2025-12-05T06:19:11.034878,0.000,5.000,1.270,0.000
2025-12-05T06:19:11.061773,0.000,5.000,1.270,0.000
2025-12-05T06:19:11.093074,0.000,5.000,1.270,0.000
2025-12-05T06:19:11.126398,0.000,5.000,1.270,0.000
2025-12-05T06:19:11.157922,0.000,5.000,1.270,0.000
2025-12-05T06:19:11.190401,0.000,5.000,1.270,0.000
2025-12-05T06:19:11.227151,0.000,5.000,1.270,0.000
2025-12-05T06:19:11.257816,0.000,5.000,1.270,0.000
2025-12-05T06:19:11.291280,0.000,5.000,1.270,0.000
2025-12-05T06:19:11.320664,0.000,5.000,1.270,0.000
2025-12-05T06:19:11.353576,0.000,5.000,1.270,0.000
2025-12-05T06:19:11.385397,0.000,5.000,1.270,0.000
2025-12-05T06:19:11.415921,0.000,5.000,1.270,0.000
2025-12-05T06:19:11.449588,0.000,5.000,1.270,0.000
2025-12-05T06:19:11.484621,0.000,5.000,1.270,0.000
2025-12-05T06:19:11.516559,0.000,5.000,1.270,0.000
2025-12-05T06:19:11.549670,0.000,5.000,1.270,0.000
2025-12-05T06:19:11.581541,0.000,5.000,1.270,0.000
2025-12-05T06:19:11.615388,0.000,5.000,1.270,0.000
2025-12-05T06:19:11.640850,0.000,5.000,1.270,0.000
2025-12-05T06:19:11.674239,0.000,5.000,1.270,0.000
2025-12-05T06:19:11.705722,0.000,5.000,1.270,0.000
2025-12-05T06:19:11.737094,0.000,5.000,1.270,0.000
2025-12-05T06:19:11.780675,0.000,5.000,1.270,0.000
2025-12-05T06:19:11.807488,0.000,5.000,1.270,0.000
2025-12-05T06:19:11.841021,0.000,5.000,1.270,0.000
2025-12-05T06:19:11.874177,0.000,5.000,1.270,0.000
2025-12-05T06:19:11.905585,0.000,5.000,1.270,0.000
2025-12-05T06:19:11.938307,0.000,5.000,1.270,0.000
2025-12-05T06:19:11.970107,0.000,5.000,1.270,0.000
2025-12-05T06:19:11.993292,0.000,5.000,1.270,0.000
2025-12-05T06:19:12.027406,0.000,5.000,1.270,0.000
2025-12-05T06:19:12.059226,0.000,5.000,1.270,0.000
2025-12-05T06:19:12.092902,0.000,5.000,1.270,0.000
2025-12-05T06:19:12.129798,0.000,5.000,1.270,0.000
2025-12-05T06:19:12.163462,0.000,5.000,1.270,0.000
2025-12-05T06:19:12.200925,0.000,5.000,1.270,0.000
2025-12-05T06:19:12.228212,0.000,5.000,1.270,0.000
2025-12-05T06:19:12.258404,0.000,5.000,1.270,0.000
2025-12-05T06:19:12.288666,0.000,5.000,1.270,0.000
2025-12-05T06:19:12.324423,0.000,5.000,1.270,0.000
2025-12-05T06:19:12.354210,0.000,5.000,1.270,0.000
2025-12-05T06:19:12.387267,0.000,5.000,1.270,0.000
2025-12-05T06:19:12.420472,0.000,5.000,1.270,0.000
2025-12-05T06:19:12.451276,0.000,5.000,1.270,0.000
2025-12-05T06:19:12.482302,0.000,5.000,1.270,0.000
2025-12-05T06:19:12.519096,0.000,5.000,1.270,0.000
2025-12-05T06:19:12.549601,0.000,5.000,1.270,0.000
2025-12-05T06:19:12.585044,0.000,5.000,1.270,0.000
2025-12-05T06:19:12.619375,0.000,5.000,1.270,0.000
2025-12-05T06:19:12.652148,0.000,5.000,1.270,0.000
2025-12-05T06:19:12.685798,0.000,5.000,1.270,0.000
2025-12-05T06:19:12.718844,0.000,5.000,1.270,0.000
2025-12-05T06:19:12.749182,0.000,5.000,1.270,0.000
2025-12-05T06:19:12.781991,0.000,5.000,1.270,0.000
2025-12-05T06:19:12.810062,0.000,5.000,1.270,0.000
2025-12-05T06:19:12.842195,0.000,5.000,1.270,0.000
2025-12-05T06:19:12.875058,0.000,5.000,1.270,0.000
2025-12-05T06:19:12.908635,0.000,5.000,1.270,0.000
2025-12-05T06:19:12.940908,0.000,5.000,1.270,0.000
2025-12-05T06:19:12.973985,0.000,5.000,1.270,0.000
2025-12-05T06:19:13.007562,0.000,5.000,1.270,0.000
2025-12-05T06:19:13.040454,0.000,5.000,1.270,0.000
2025-12-05T06:19:13.073538,0.000,5.000,1.270,0.000
2025-12-05T06:19:13.102706,0.000,5.000,1.270,0.000
2025-12-05T06:19:13.133987,0.000,5.000,1.270,0.000
2025-12-05T06:19:13.166506,0.000,5.000,1.270,0.000
2025-12-05T06:19:13.199402,0.000,5.000,1.270,0.000
2025-12-05T06:19:13.234264,0.000,5.000,1.270,0.000
2025-12-05T06:19:13.263743,0.000,5.000,1.270,0.000
2025-12-05T06:19:13.295190,0.000,5.000,1.270,0.000
2025-12-05T06:19:13.327387,0.000,5.000,1.270,0.000
2025-12-05T06:19:13.359162,0.000,5.000,1.270,0.000
2025-12-05T06:19:13.391320,0.000,5.000,1.270,0.000
2025-12-05T06:19:13.423201,0.000,5.000,1.270,0.000
2025-12-05T06:19:13.463093,0.000,5.000,1.270,0.000
2025-12-05T06:19:13.493104,0.000,5.000,1.270,0.000
2025-12-05T06:19:13.524982,0.000,5.000,1.270,0.000
2025-12-05T06:19:13.556216,0.000,5.000,1.270,0.000
2025-12-05T06:19:13.589128,0.000,5.000,1.270,0.000
2025-12-05T06:19:13.617653,0.000,5.000,1.270,0.000
2025-12-05T06:19:13.649331,0.000,5.000,1.270,0.000
2025-12-05T06:19:13.685135,0.000,5.000,1.270,0.000
2025-12-05T06:19:13.714958,0.000,5.000,1.270,0.000
2025-12-05T06:19:13.748407,0.000,5.000,1.270,0.000
2025-12-05T06:19:13.783446,0.000,5.000,1.270,0.000
2025-12-05T06:19:13.817097,0.000,5.000,1.270,0.000
2025-12-05T06:19:13.849343,0.000,5.000,1.270,0.000
2025-12-05T06:19:13.882984,0.000,5.000,1.270,0.000
2025-12-05T06:19:13.914547,0.000,5.000,1.270,0.000
2025-12-05T06:19:13.943507,0.000,5.000,1.270,0.000
2025-12-05T06:19:13.973301,0.000,5.000,1.270,0.000
2025-12-05T06:19:14.004124,0.000,5.000,1.270,0.000
2025-12-05T06:19:14.039116,0.000,5.000,1.270,0.000
2025-12-05T06:19:14.071449,0.000,5.000,1.270,0.000
2025-12-05T06:19:14.103317,0.000,5.000,1.270,0.000
2025-12-05T06:19:14.139932,0.000,5.000,1.270,0.000
2025-12-05T06:19:14.172615,0.000,5.000,1.270,0.000
2025-12-05T06:19:14.205266,0.000,5.000,1.270,0.000
2025-12-05T06:19:14.240947,0.000,5.000,1.270,0.000
2025-12-05T06:19:14.273508,0.000,5.000,1.270,0.000
2025-12-05T06:19:14.302921,0.000,5.000,1.270,0.000
2025-12-05T06:19:14.338937,0.000,5.000,1.270,0.000
2025-12-05T06:19:14.366421,0.000,5.000,1.270,0.000
2025-12-05T06:19:14.396163,0.000,5.000,1.270,0.000
2025-12-05T06:19:14.427818,0.000,5.000,1.270,0.000
2025-12-05T06:19:14.460360,0.000,5.000,1.270,0.000
2025-12-05T06:19:14.498499,0.000,5.000,1.270,0.000
2025-12-05T06:19:14.525165,0.000,5.000,1.270,0.000
2025-12-05T06:19:14.557850,0.000,5.000,1.270,0.000
2025-12-05T06:19:14.592366,0.000,5.000,1.270,0.000
2025-12-05T06:19:14.628128,0.000,5.000,1.270,0.000
2025-12-05T06:19:14.660764,0.000,5.000,1.270,0.000
2025-12-05T06:19:14.692707,0.000,5.000,1.270,0.000
2025-12-05T06:19:14.726128,0.000,5.000,1.270,0.000
2025-12-05T06:19:14.753837,0.000,5.000,1.270,0.000
2025-12-05T06:19:14.787068,0.000,5.000,1.270,0.000
2025-12-05T06:19:14.818219,0.000,5.000,1.270,0.000
2025-12-05T06:19:14.849659,0.000,5.000,1.270,0.000
2025-12-05T06:19:14.880658,0.000,5.000,1.270,0.000
2025-12-05T06:19:14.914137,0.000,5.000,1.270,0.000
2025-12-05T06:19:14.948604,0.000,5.000,1.270,0.000
2025-12-05T06:19:14.984817,0.000,5.000,1.270,0.000
2025-12-05T06:19:15.015917,0.000,5.000,1.270,0.000
2025-12-05T06:19:15.048739,0.000,5.000,1.270,0.000
2025-12-05T06:19:15.081441,0.000,5.000,1.270,0.000
2025-12-05T06:19:15.113492,0.000,5.000,1.270,0.000
2025-12-05T06:19:15.146875,0.000,5.000,1.270,0.000
2025-12-05T06:19:15.181054,0.000,5.000,1.270,0.000
2025-12-05T06:19:15.213096,0.000,5.000,1.270,0.000
2025-12-05T06:19:15.243458,0.000,5.000,1.270,0.000
2025-12-05T06:19:15.272739,0.000,5.000,1.270,0.000
2025-12-05T06:19:15.304352,0.000,5.000,1.270,0.000
2025-12-05T06:19:15.336080,0.000,5.000,1.270,0.000
2025-12-05T06:19:15.368292,0.000,5.000,1.270,0.000
2025-12-05T06:19:15.400076,0.000,5.000,1.270,0.000
2025-12-05T06:19:15.432245,0.000,5.000,1.270,0.000
2025-12-05T06:19:15.466797,0.000,5.000,1.270,0.000
2025-12-05T06:19:15.500530,0.000,5.000,1.270,0.000
2025-12-05T06:19:15.532879,0.000,5.000,1.270,0.000
2025-12-05T06:19:15.563905,0.000,5.000,1.270,0.000
2025-12-05T06:19:15.595274,0.000,5.000,1.270,0.000
2025-12-05T06:19:15.629239,0.000,5.000,1.270,0.000
2025-12-05T06:19:15.663390,0.000,5.000,1.270,0.000
2025-12-05T06:19:15.713481,0.000,5.000,1.270,0.000
2025-12-05T06:19:15.737370,0.000,5.000,1.270,0.000
2025-12-05T06:19:15.776738,0.000,5.000,1.270,0.000
2025-12-05T06:19:15.801066,0.000,5.000,1.270,0.000
2025-12-05T06:19:15.830802,0.000,5.000,1.270,0.000
2025-12-05T06:19:15.862292,0.000,5.000,1.270,0.000
2025-12-05T06:19:15.894908,0.000,5.000,1.270,0.000
2025-12-05T06:19:15.928296,0.000,5.000,1.270,0.000
2025-12-05T06:19:15.961705,0.000,5.000,1.270,0.000
2025-12-05T06:19:15.994227,0.000,5.000,1.270,0.000
2025-12-05T06:19:16.026471,0.000,5.000,1.270,0.000
2025-12-05T06:19:16.059482,0.000,5.000,1.270,0.000
2025-12-05T06:19:16.090867,0.000,5.000,1.270,0.000
2025-12-05T06:19:16.124075,0.000,5.000,1.270,0.000
2025-12-05T06:19:16.157669,0.000,5.000,1.270,0.000
2025-12-05T06:19:16.190466,0.000,5.000,1.270,0.000
2025-12-05T06:19:16.220586,0.000,5.000,1.270,0.000
2025-12-05T06:19:16.254226,0.000,5.000,1.270,0.000
2025-12-05T06:19:16.289826,0.000,5.000,1.270,0.000
2025-12-05T06:19:16.322339,0.000,5.000,1.270,0.000
2025-12-05T06:19:16.354174,0.000,5.000,1.270,0.000
2025-12-05T06:19:16.386939,0.000,5.000,1.270,0.000
2025-12-05T06:19:16.418651,0.000,5.000,1.270,0.000
2025-12-05T06:19:16.451551,0.000,5.000,1.270,0.000
2025-12-05T06:19:16.486145,0.000,5.000,1.270,0.000
2025-12-05T06:19:16.517771,0.000,5.000,1.270,0.000
2025-12-05T06:19:16.550278,0.000,5.000,1.270,0.000
2025-12-05T06:19:16.582322,0.000,5.000,1.270,0.000
2025-12-05T06:19:16.616144,0.000,5.000,1.270,0.000
2025-12-05T06:19:16.646089,0.000,5.000,1.270,0.000
2025-12-05T06:19:16.679736,0.000,5.000,1.270,0.000
2025-12-05T06:19:16.708375,0.000,5.000,1.270,0.000
2025-12-05T06:19:16.740426,0.000,5.000,1.270,0.000
2025-12-05T06:19:16.772702,0.000,5.000,1.270,0.000
2025-12-05T06:19:16.807142,0.000,5.000,1.270,0.000
2025-12-05T06:19:16.841469,0.000,5.000,1.270,0.000
2025-12-05T06:19:16.874096,0.000,5.000,1.270,0.000
2025-12-05T06:19:16.908228,0.000,5.000,1.270,0.000
2025-12-05T06:19:16.939443,0.000,5.000,1.270,0.000
2025-12-05T06:19:16.972321,0.000,5.000,1.270,0.000
2025-12-05T06:19:17.002589,0.000,5.000,1.270,0.000
2025-12-05T06:19:17.033024,0.000,5.000,1.270,0.000
2025-12-05T06:19:17.067312,0.000,5.000,1.270,0.000
2025-12-05T06:19:17.102127,0.000,5.000,1.270,0.000
2025-12-05T06:19:17.134658,0.000,5.000,1.270,0.000
2025-12-05T06:19:17.167739,0.000,5.000,1.270,0.000
2025-12-05T06:19:17.200805,0.000,5.000,1.270,0.000
2025-12-05T06:19:17.240660,0.000,5.000,1.270,0.000
2025-12-05T06:19:17.272814,0.000,5.000,1.270,0.000
2025-12-05T06:19:17.306596,0.000,5.000,1.270,0.000
2025-12-05T06:19:17.339545,0.000,5.000,1.270,0.000
2025-12-05T06:19:17.361567,0.000,5.000,1.270,0.000
2025-12-05T06:19:17.389992,0.000,5.000,1.270,0.000
2025-12-05T06:19:17.422761,0.000,5.000,1.270,0.000
2025-12-05T06:19:17.452061,0.000,5.000,1.270,0.000
2025-12-05T06:19:17.485978,0.000,5.000,1.270,0.000
2025-12-05T06:19:17.518316,0.000,5.000,1.270,0.000
2025-12-05T06:19:17.552488,0.000,5.000,1.270,0.000
2025-12-05T06:19:17.592353,0.000,5.000,1.270,0.000
2025-12-05T06:19:17.622994,0.000,5.000,1.270,0.000
2025-12-05T06:19:17.657099,0.000,5.000,1.270,0.000
2025-12-05T06:19:17.689954,0.000,5.000,1.270,0.000
2025-12-05T06:19:17.718535,0.000,5.000,1.270,0.000
2025-12-05T06:19:17.753140,0.000,5.000,1.270,0.000
2025-12-05T06:19:17.783351,0.000,5.000,1.270,0.000
2025-12-05T06:19:17.815951,0.000,5.000,1.270,0.000
2025-12-05T06:19:17.849375,0.000,5.000,1.270,0.000
2025-12-05T06:19:17.880594,0.000,5.000,1.270,0.000
2025-12-05T06:19:17.913919,0.000,5.000,1.270,0.000
2025-12-05T06:19:17.946327,0.000,5.000,1.270,0.000
2025-12-05T06:19:17.978158,0.000,5.000,1.270,0.000
2025-12-05T06:19:18.007171,0.000,5.000,1.270,0.000
2025-12-05T06:19:18.041609,0.000,5.000,1.270,0.000
2025-12-05T06:19:18.074500,0.000,5.000,1.270,0.000
2025-12-05T06:19:18.105741,0.000,5.000,1.270,0.000
2025-12-05T06:19:18.142143,0.000,5.000,1.270,0.000
2025-12-05T06:19:18.181708,0.000,5.000,1.270,0.000
2025-12-05T06:19:18.208103,0.000,5.000,1.270,0.000
2025-12-05T06:19:18.240162,0.000,5.000,1.270,0.000
2025-12-05T06:19:18.272486,0.000,5.000,1.270,0.000
2025-12-05T06:19:18.305520,0.000,5.000,1.270,0.000
2025-12-05T06:19:18.340951,0.000,5.000,1.270,0.000
2025-12-05T06:19:18.372000,0.000,5.000,1.270,0.000
2025-12-05T06:19:18.401427,0.000,5.000,1.270,0.000
2025-12-05T06:19:18.432341,0.000,5.000,1.270,0.000
2025-12-05T06:19:18.464799,0.000,5.000,1.270,0.000
2025-12-05T06:19:18.496533,0.000,5.000,1.270,0.000
2025-12-05T06:19:18.533070,0.000,5.000,1.270,0.000
2025-12-05T06:19:18.563960,0.000,5.000,1.270,0.000
2025-12-05T06:19:18.596380,0.000,5.000,1.270,0.000
2025-12-05T06:19:18.629052,0.000,5.000,1.270,0.000
2025-12-05T06:19:18.660562,0.000,5.000,1.270,0.000
2025-12-05T06:19:18.691901,0.000,5.000,1.270,0.000
2025-12-05T06:19:18.725067,0.000,5.000,1.270,0.000
2025-12-05T06:19:18.755449,0.000,5.000,1.270,0.000
2025-12-05T06:19:18.790178,0.000,5.000,1.270,0.000
2025-12-05T06:19:18.824449,0.000,5.000,1.270,0.000
2025-12-05T06:19:18.856779,0.000,5.000,1.270,0.000
2025-12-05T06:19:18.889594,0.000,5.000,1.270,0.000
2025-12-05T06:19:18.918167,0.000,5.000,1.270,0.000
2025-12-05T06:19:18.950228,0.000,5.000,1.270,0.000
2025-12-05T06:19:18.983749,0.000,5.000,1.270,0.000
2025-12-05T06:19:19.018028,0.000,5.000,1.270,0.000
2025-12-05T06:19:19.048214,0.000,5.000,1.270,0.000
2025-12-05T06:19:19.080360,0.000,5.000,1.270,0.000
2025-12-05T06:19:19.113809,0.000,5.000,1.270,0.000
2025-12-05T06:19:19.146615,0.000,5.000,1.270,0.000
2025-12-05T06:19:19.179040,0.000,5.000,1.270,0.000
2025-12-05T06:19:19.208807,0.000,5.000,1.270,0.000
2025-12-05T06:19:19.240164,0.000,5.000,1.270,0.000
2025-12-05T06:19:19.272881,0.000,5.000,1.270,0.000
2025-12-05T06:19:19.304942,0.000,5.000,1.270,0.000
2025-12-05T06:19:19.335035,0.000,5.000,1.270,0.000
2025-12-05T06:19:19.372278,0.000,5.000,1.270,0.000
2025-12-05T06:19:19.406923,0.000,5.000,1.270,0.000
2025-12-05T06:19:19.439607,0.000,5.000,1.270,0.000
2025-12-05T06:19:19.471680,0.000,5.000,1.270,0.000
2025-12-05T06:19:19.505903,0.000,5.000,1.270,0.000
2025-12-05T06:19:19.542710,0.000,5.000,1.270,0.000
2025-12-05T06:19:19.573750,0.000,5.000,1.270,0.000
2025-12-05T06:19:19.605450,0.000,5.000,1.270,0.000
2025-12-05T06:19:19.631599,0.000,5.000,1.270,0.000
2025-12-05T06:19:19.675224,0.000,5.000,1.270,0.000
2025-12-05T06:19:19.695355,0.000,5.000,1.270,0.000
2025-12-05T06:19:19.725827,0.000,5.000,1.270,0.000
2025-12-05T06:19:19.759042,0.000,5.000,1.270,0.000
2025-12-05T06:19:19.798737,0.000,5.000,1.270,0.000
2025-12-05T06:19:19.829963,0.000,5.000,1.270,0.000
2025-12-05T06:19:19.861886,0.000,5.000,1.270,0.000
2025-12-05T06:19:19.889295,0.000,5.000,1.270,0.000
2025-12-05T06:19:19.924176,0.000,5.000,1.270,0.000
2025-12-05T06:19:19.955782,0.000,5.000,1.270,0.000
2025-12-05T06:19:19.985937,0.000,5.000,1.270,0.000
2025-12-05T06:19:20.018985,0.000,5.000,1.270,0.000
2025-12-05T06:19:20.052070,0.000,5.000,1.270,0.000
2025-12-05T06:19:20.086577,0.000,5.000,1.270,0.000
2025-12-05T06:19:20.118029,0.000,5.000,1.270,0.000
2025-12-05T06:19:20.149600,0.000,5.000,1.270,0.000
2025-12-05T06:19:20.181590,0.000,5.000,1.270,0.000
2025-12-05T06:19:20.219891,0.000,5.000,1.270,0.000
2025-12-05T06:19:20.243944,0.000,5.000,1.270,0.000
2025-12-05T06:19:20.277736,0.000,5.000,1.270,0.000
2025-12-05T06:19:20.310237,0.000,5.000,1.270,0.000
2025-12-05T06:19:20.343084,0.000,5.000,1.270,0.000
2025-12-05T06:19:20.378713,0.000,5.000,1.270,0.000
2025-12-05T06:19:20.414805,0.000,5.000,1.270,0.000
2025-12-05T06:19:20.448158,0.000,5.000,1.270,0.000
2025-12-05T06:19:20.487798,0.000,5.000,1.270,0.000
2025-12-05T06:19:20.521540,0.000,5.000,1.270,0.000
2025-12-05T06:19:20.556001,0.000,5.000,1.270,0.000
2025-12-05T06:19:20.586591,0.000,5.000,1.270,0.000
2025-12-05T06:19:20.617691,0.000,5.000,1.270,0.000
2025-12-05T06:19:20.650073,0.000,5.000,1.270,0.000
2025-12-05T06:19:20.674671,0.000,5.000,1.270,0.000
2025-12-05T06:19:20.707603,0.000,5.000,1.270,0.000
2025-12-05T06:19:20.740824,0.000,5.000,1.270,0.000
2025-12-05T06:19:20.772236,0.000,5.000,1.270,0.000
2025-12-05T06:19:20.804585,0.000,5.000,1.270,0.000
2025-12-05T06:19:20.839872,0.000,5.000,1.270,0.000
2025-12-05T06:19:20.873383,0.000,5.000,1.270,0.000
2025-12-05T06:19:20.905782,0.000,5.000,1.270,0.000
2025-12-05T06:19:20.938522,0.000,5.000,1.270,0.000
2025-12-05T06:19:20.968063,0.000,5.000,1.270,0.000
2025-12-05T06:19:21.000569,0.000,5.000,1.270,0.000
2025-12-05T06:19:21.032677,0.000,5.000,1.270,0.000
2025-12-05T06:19:21.064674,0.000,5.000,1.270,0.000
2025-12-05T06:19:21.100098,0.000,5.000,1.270,0.000
2025-12-05T06:19:21.132336,0.000,5.000,1.270,0.000
2025-12-05T06:19:21.166866,0.000,5.000,1.270,0.000
2025-12-05T06:19:21.197608,0.000,5.000,1.270,0.000
2025-12-05T06:19:21.232327,0.000,5.000,1.270,0.000
2025-12-05T06:19:21.263406,0.000,5.000,1.270,0.000
2025-12-05T06:19:21.294121,0.000,5.000,1.270,0.000
2025-12-05T06:19:21.327026,0.000,5.000,1.270,0.000
2025-12-05T06:19:21.356737,0.000,5.000,1.270,0.000
2025-12-05T06:19:21.396778,0.000,5.000,1.270,0.000
2025-12-05T06:19:21.424063,0.000,5.000,1.270,0.000
2025-12-05T06:19:21.457259,0.000,5.000,1.270,0.000
2025-12-05T06:19:21.498059,0.000,5.000,1.270,0.000
2025-12-05T06:19:21.532391,0.000,5.000,1.270,0.000
2025-12-05T06:19:21.559218,0.000,5.000,1.270,0.000
2025-12-05T06:19:21.587905,0.000,5.000,1.270,0.000
2025-12-05T06:19:21.624922,0.000,5.000,1.270,0.000
2025-12-05T06:19:21.648449,0.000,5.000,1.270,0.000
2025-12-05T06:19:21.681266,0.000,5.000,1.270,0.000
2025-12-05T06:19:21.719341,0.000,5.000,1.270,0.000
2025-12-05T06:19:21.750683,0.000,5.000,1.270,0.000
2025-12-05T06:19:21.784100,0.000,5.000,1.270,0.000
2025-12-05T06:19:21.817925,0.000,5.000,1.270,0.000
2025-12-05T06:19:21.853520,0.000,5.000,1.270,0.000
2025-12-05T06:19:21.880451,0.000,5.000,1.270,0.000
2025-12-05T06:19:21.911688,0.000,5.000,1.270,0.000
2025-12-05T06:19:21.944103,0.000,5.000,1.270,0.000
2025-12-05T06:19:21.978162,0.000,5.000,1.270,0.000
2025-12-05T06:19:22.011932,0.000,5.000,1.270,0.000
2025-12-05T06:19:22.044156,0.000,5.000,1.270,0.000
2025-12-05T06:19:22.080318,0.000,5.000,1.270,0.000
2025-12-05T06:19:22.113015,0.000,5.000,1.270,0.000
2025-12-05T06:19:22.144099,0.000,5.000,1.270,0.000
2025-12-05T06:19:22.172807,0.000,5.000,1.270,0.000
2025-12-05T06:19:22.201284,0.000,5.000,1.270,0.000
2025-12-05T06:19:22.231693,0.000,5.000,1.270,0.000
2025-12-05T06:19:22.262813,0.000,5.000,1.270,0.000
2025-12-05T06:19:22.295909,0.000,5.000,1.270,0.000
2025-12-05T06:19:22.330078,0.000,5.000,1.270,0.000
2025-12-05T06:19:22.361917,0.000,5.000,1.270,0.000
2025-12-05T06:19:22.394976,0.000,5.000,1.270,0.000
2025-12-05T06:19:22.426434,0.000,5.000,1.270,0.000
2025-12-05T06:19:22.457184,0.000,5.000,1.270,0.000
2025-12-05T06:19:22.490366,0.000,5.000,1.270,0.000
2025-12-05T06:19:22.524860,0.000,5.000,1.270,0.000
2025-12-05T06:19:22.557175,0.000,5.000,1.270,0.000
2025-12-05T06:19:22.592406,0.000,5.000,1.270,0.000
2025-12-05T06:19:22.625235,0.000,5.000,1.270,0.000
2025-12-05T06:19:22.657822,0.000,5.000,1.270,0.000
2025-12-05T06:19:22.689212,0.000,5.000,1.270,0.000
2025-12-05T06:19:22.718118,0.000,5.000,1.270,0.000
2025-12-05T06:19:22.749307,0.000,5.000,1.270,0.000
2025-12-05T06:19:22.782060,0.000,5.000,1.270,0.000
2025-12-05T06:19:22.817023,0.000,5.000,1.270,0.000
2025-12-05T06:19:22.851012,0.000,5.000,1.270,0.000
2025-12-05T06:19:22.884991,0.000,5.000,1.270,0.000
2025-12-05T06:19:22.916824,0.000,5.000,1.270,0.000
2025-12-05T06:19:22.949028,0.000,5.000,1.270,0.000
2025-12-05T06:19:22.981448,0.000,5.000,1.270,0.000
2025-12-05T06:19:23.012483,0.000,5.000,1.270,0.000
2025-12-05T06:19:23.045131,0.000,5.000,1.270,0.000
2025-12-05T06:19:23.076242,0.000,5.000,1.270,0.000
2025-12-05T06:19:23.110113,0.000,5.000,1.270,0.000
2025-12-05T06:19:23.145836,0.000,5.000,1.270,0.000
2025-12-05T06:19:23.179015,0.000,5.000,1.270,0.000
2025-12-05T06:19:23.209984,0.000,5.000,1.270,0.000
2025-12-05T06:19:23.240602,0.000,5.000,1.270,0.000
2025-12-05T06:19:23.273113,0.000,5.000,1.270,0.000
2025-12-05T06:19:23.304140,0.000,5.000,1.270,0.000
2025-12-05T06:19:23.335496,0.000,5.000,1.270,0.000
2025-12-05T06:19:23.370618,0.000,5.000,1.270,0.000
2025-12-05T06:19:23.401727,0.000,5.000,1.270,0.000
2025-12-05T06:19:23.436318,0.000,5.000,1.270,0.000
2025-12-05T06:19:23.469283,0.000,5.000,1.270,0.000
2025-12-05T06:19:23.501245,0.000,5.000,1.270,0.000
2025-12-05T06:19:23.535218,0.000,5.000,1.270,0.000
2025-12-05T06:19:23.567167,0.000,5.000,1.270,0.000
2025-12-05T06:19:23.598999,0.000,5.000,1.270,0.000
2025-12-05T06:19:23.633512,0.000,5.000,1.270,0.000
2025-12-05T06:19:23.663798,0.000,5.000,1.270,0.000
2025-12-05T06:19:23.699392,0.000,5.000,1.270,0.000
2025-12-05T06:19:23.733189,0.000,5.000,1.270,0.000
2025-12-05T06:19:23.762468,0.000,5.000,1.270,0.000
2025-12-05T06:19:23.789414,0.000,5.000,1.270,0.000
2025-12-05T06:19:23.824072,0.000,5.000,1.270,0.000
2025-12-05T06:19:23.855286,0.000,5.000,1.270,0.000
2025-12-05T06:19:23.885746,0.000,5.000,1.270,0.000
2025-12-05T06:19:23.922589,0.000,5.000,1.270,0.000
2025-12-05T06:19:23.957481,0.000,5.000,1.270,0.000
2025-12-05T06:19:23.991436,0.000,5.000,1.270,0.000
2025-12-05T06:19:24.023940,0.000,5.000,1.270,0.000
2025-12-05T06:19:24.053809,0.000,5.000,1.270,0.000
2025-12-05T06:19:24.088817,0.000,5.000,1.270,0.000
2025-12-05T06:19:24.118737,0.000,5.000,1.270,0.000
2025-12-05T06:19:24.150336,0.000,5.000,1.270,0.000
2025-12-05T06:19:24.183052,0.000,5.000,1.270,0.000
2025-12-05T06:19:24.216436,0.000,5.000,1.270,0.000
2025-12-05T06:19:24.249537,0.000,5.000,1.270,0.000
2025-12-05T06:19:24.285239,0.000,5.000,1.270,0.000
2025-12-05T06:19:24.325297,0.000,5.000,1.270,0.000
2025-12-05T06:19:24.352389,0.000,5.000,1.270,0.000
2025-12-05T06:19:24.384652,0.000,5.000,1.270,0.000
2025-12-05T06:19:24.413742,0.000,5.000,1.270,0.000
2025-12-05T06:19:24.441863,0.000,5.000,1.270,0.000
2025-12-05T06:19:24.473877,0.000,5.000,1.270,0.000
2025-12-05T06:19:24.504338,0.000,5.000,1.270,0.000
2025-12-05T06:19:24.538391,0.000,5.000,1.270,0.000
2025-12-05T06:19:24.570794,0.000,5.000,1.270,0.000
2025-12-05T06:19:24.604914,0.000,5.000,1.270,0.000
2025-12-05T06:19:24.648524,0.000,5.000,1.270,0.000
2025-12-05T06:19:24.672818,0.000,5.000,1.270,0.000
2025-12-05T06:19:24.704403,0.000,5.000,1.270,0.000
2025-12-05T06:19:24.736156,0.000,5.000,1.270,0.000
2025-12-05T06:19:24.767652,0.000,5.000,1.270,0.000
2025-12-05T06:19:24.795954,0.000,5.000,1.270,0.000
2025-12-05T06:19:24.832011,0.000,5.000,1.270,0.000
2025-12-05T06:19:24.866423,0.000,5.000,1.270,0.000
2025-12-05T06:19:24.904240,0.000,5.000,1.270,0.000
2025-12-05T06:19:24.931806,0.000,5.000,1.270,0.000
2025-12-05T06:19:24.968493,0.000,5.000,1.270,0.000
2025-12-05T06:19:24.999600,0.000,5.000,1.270,0.000
2025-12-05T06:19:25.027290,0.000,5.000,1.270,0.000
2025-12-05T06:19:25.059668,0.000,5.000,1.270,0.000
2025-12-05T06:19:25.092234,0.000,5.000,1.270,0.000
2025-12-05T06:19:25.125523,0.000,5.000,1.270,0.000
2025-12-05T06:19:25.166446,0.000,5.000,1.270,0.000
2025-12-05T06:19:25.192724,0.000,5.000,1.270,0.000
2025-12-05T06:19:25.224190,0.000,5.000,1.270,0.000
2025-12-05T06:19:25.255717,0.000,5.000,1.270,0.000
2025-12-05T06:19:25.288416,0.000,5.000,1.270,0.000
2025-12-05T06:19:25.321851,0.000,5.000,1.270,0.000
2025-12-05T06:19:25.349831,0.000,5.000,1.270,0.000
2025-12-05T06:19:25.383759,0.000,5.000,1.270,0.000
2025-12-05T06:19:25.416402,0.000,5.000,1.270,0.000
2025-12-05T06:19:25.462862,0.000,5.000,1.270,0.000
2025-12-05T06:19:25.491326,0.000,5.000,1.270,0.000
2025-12-05T06:19:25.518179,0.000,5.000,1.270,0.000
2025-12-05T06:19:25.550330,0.000,5.000,1.270,0.000
2025-12-05T06:19:25.582536,0.000,5.000,1.270,0.000
2025-12-05T06:19:25.613300,0.000,5.000,1.270,0.000
2025-12-05T06:19:25.645128,0.000,5.000,1.270,0.000
2025-12-05T06:19:25.680176,0.000,5.000,1.270,0.000
2025-12-05T06:19:25.713888,0.000,5.000,1.270,0.000
2025-12-05T06:19:25.749338,0.000,5.000,1.270,0.000
2025-12-05T06:19:25.784262,0.000,5.000,1.270,0.000
2025-12-05T06:19:25.819485,0.000,5.000,1.270,0.000
2025-12-05T06:19:25.861364,0.000,5.000,1.270,0.000
2025-12-05T06:19:25.884637,0.000,5.000,1.270,0.000
2025-12-05T06:19:25.910002,0.000,5.000,1.270,0.000
2025-12-05T06:19:25.940948,0.000,5.000,1.270,0.000
2025-12-05T06:19:25.973497,0.000,5.000,1.270,0.000
2025-12-05T06:19:26.005659,0.000,5.000,1.270,0.000
2025-12-05T06:19:26.041659,0.000,5.000,1.270,0.000
2025-12-05T06:19:26.079923,0.000,5.000,1.270,0.000
2025-12-05T06:19:26.112269,0.000,5.000,1.270,0.000
2025-12-05T06:19:26.145208,0.000,5.000,1.270,0.000
2025-12-05T06:19:26.179157,0.000,5.000,1.270,0.000
2025-12-05T06:19:26.204741,0.000,5.000,1.270,0.000
2025-12-05T06:19:26.238080,0.000,5.000,1.270,0.000
2025-12-05T06:19:26.269168,0.000,5.000,1.270,0.000
2025-12-05T06:19:26.301599,0.000,5.000,1.270,0.000
2025-12-05T06:19:26.333892,0.000,5.000,1.270,0.000
2025-12-05T06:19:26.368285,0.000,5.000,1.270,0.000
2025-12-05T06:19:26.416421,0.000,5.000,1.270,0.000
2025-12-05T06:19:26.434675,0.000,5.000,1.270,0.000
2025-12-05T06:19:26.464834,0.000,5.000,1.270,0.000
2025-12-05T06:19:26.499297,0.000,5.000,1.270,0.000
2025-12-05T06:19:26.539002,0.000,5.000,1.270,0.000
2025-12-05T06:19:26.569995,0.000,5.000,1.270,0.000
2025-12-05T06:19:26.595348,0.000,5.000,1.270,0.000
2025-12-05T06:19:26.625237,0.000,5.000,1.270,0.000
2025-12-05T06:19:26.654884,0.000,5.000,1.270,0.000
2025-12-05T06:19:26.692782,0.000,5.000,1.270,0.000
2025-12-05T06:19:26.726717,0.000,5.000,1.270,0.000
2025-12-05T06:19:26.756685,0.000,5.000,1.270,0.000
2025-12-05T06:19:26.796079,0.000,5.000,1.270,0.000
2025-12-05T06:19:26.829338,0.000,5.000,1.270,0.000
2025-12-05T06:19:26.861475,0.000,5.000,1.270,0.000
2025-12-05T06:19:26.899122,0.000,5.000,1.270,0.000
2025-12-05T06:19:26.925560,0.000,5.000,1.270,0.000
2025-12-05T06:19:26.957069,0.000,5.000,1.270,0.000
2025-12-05T06:19:26.988172,0.000,5.000,1.270,0.000
2025-12-05T06:19:27.022347,0.000,5.000,1.270,0.000
2025-12-05T06:19:27.056417,0.000,5.000,1.270,0.000
2025-12-05T06:19:27.089345,0.000,5.000,1.270,0.000
2025-12-05T06:19:27.121519,0.000,5.000,1.270,0.000
2025-12-05T06:19:27.155502,0.000,5.000,1.270,0.000
2025-12-05T06:19:27.187930,0.000,5.000,1.270,0.000
2025-12-05T06:19:27.215193,0.000,5.000,1.270,0.000
2025-12-05T06:19:27.244501,0.000,5.000,1.270,0.000
2025-12-05T06:19:27.276273,0.000,5.000,1.270,0.000
2025-12-05T06:19:27.305450,0.000,5.000,1.270,0.000
2025-12-05T06:19:27.341201,0.000,5.000,1.270,0.000
2025-12-05T06:19:27.372351,0.000,5.000,1.270,0.000
2025-12-05T06:19:27.405298,0.000,5.000,1.270,0.000
2025-12-05T06:19:27.440454,0.000,5.000,1.270,0.000
2025-12-05T06:19:27.473816,0.000,5.000,1.270,0.000
2025-12-05T06:19:27.504226,0.000,5.000,1.270,0.000
2025-12-05T06:19:27.536519,0.000,5.000,1.270,0.000
2025-12-05T06:19:27.566353,0.000,5.000,1.270,0.000
2025-12-05T06:19:27.595254,0.000,5.000,1.270,0.000
2025-12-05T06:19:27.625846,0.000,5.000,1.270,0.000
2025-12-05T06:19:27.657929,0.000,5.000,1.270,0.000
2025-12-05T06:19:27.694060,0.000,5.000,1.270,0.000
2025-12-05T06:19:27.727335,0.000,5.000,1.270,0.000
2025-12-05T06:19:27.758603,0.000,5.000,1.270,0.000
2025-12-05T06:19:27.790441,0.000,5.000,1.270,0.000
2025-12-05T06:19:27.827588,0.000,5.000,1.270,0.000
2025-12-05T06:19:27.855796,0.000,5.000,1.270,0.000
2025-12-05T06:19:27.886055,0.000,5.000,1.270,0.000
2025-12-05T06:19:27.918116,0.000,5.000,1.270,0.000
2025-12-05T06:19:27.952644,0.000,5.000,1.270,0.000
2025-12-05T06:19:27.986205,0.000,5.000,1.270,0.000
2025-12-05T06:19:28.018112,0.000,5.000,1.270,0.000
2025-12-05T06:19:28.051145,0.000,5.000,1.270,0.000
2025-12-05T06:19:28.083234,0.000,5.000,1.270,0.000
2025-12-05T06:19:28.111573,0.000,5.000,1.270,0.000
2025-12-05T06:19:28.142744,0.000,5.000,1.270,0.000
2025-12-05T06:19:28.179974,0.000,5.000,1.270,0.000
2025-12-05T06:19:28.210020,0.000,5.000,1.270,0.000
2025-12-05T06:19:28.245775,0.000,5.000,1.270,0.000
2025-12-05T06:19:28.279738,0.000,5.000,1.270,0.000
2025-12-05T06:19:28.313888,0.000,5.000,1.270,0.000
2025-12-05T06:19:28.346613,0.000,5.000,1.270,0.000
2025-12-05T06:19:28.377926,0.000,5.000,1.270,0.000
2025-12-05T06:19:28.408261,0.000,5.000,1.270,0.000
2025-12-05T06:19:28.441094,0.000,5.000,1.270,0.000
2025-12-05T06:19:28.472955,0.000,5.000,1.270,0.000
2025-12-05T06:19:28.503507,0.000,5.000,1.270,0.000
2025-12-05T06:19:28.536044,0.000,5.000,1.270,0.000
2025-12-05T06:19:28.573054,0.000,5.000,1.270,0.000
2025-12-05T06:19:28.607659,0.000,5.000,1.270,0.000
2025-12-05T06:19:28.642441,0.000,5.000,1.270,0.000
2025-12-05T06:19:28.671035,0.000,5.000,1.270,0.000
2025-12-05T06:19:28.702303,0.000,5.000,1.270,0.000
2025-12-05T06:19:28.734802,0.000,5.000,1.270,0.000
2025-12-05T06:19:28.765136,0.000,5.000,1.270,0.000
2025-12-05T06:19:28.798258,0.000,5.000,1.270,0.000
2025-12-05T06:19:28.831093,0.000,5.000,1.270,0.000
2025-12-05T06:19:28.864717,0.000,5.000,1.270,0.000
2025-12-05T06:19:28.899914,0.000,5.000,1.270,0.000
2025-12-05T06:19:28.932505,0.000,5.000,1.270,0.000
2025-12-05T06:19:28.965596,0.000,5.000,1.270,0.000
2025-12-05T06:19:28.998929,0.000,5.000,1.270,0.000
2025-12-05T06:19:29.032301,0.000,5.000,1.270,0.000
2025-12-05T06:19:29.060103,0.000,5.000,1.270,0.000
2025-12-05T06:19:29.091832,0.000,5.000,1.270,0.000
2025-12-05T06:19:29.124825,0.000,5.000,1.270,0.000
2025-12-05T06:19:29.158234,0.000,5.000,1.270,0.000
2025-12-05T06:19:29.192787,0.000,5.000,1.270,0.000
2025-12-05T06:19:29.225049,0.000,5.000,1.270,0.000
2025-12-05T06:19:29.256317,0.000,5.000,1.270,0.000
2025-12-05T06:19:29.289241,0.000,5.000,1.270,0.000
2025-12-05T06:19:29.331049,0.000,5.000,1.270,0.000
2025-12-05T06:19:29.356983,0.000,5.000,1.270,0.000
2025-12-05T06:19:29.382961,0.000,5.000,1.270,0.000
2025-12-05T06:19:29.416168,0.000,5.000,1.270,0.000
2025-12-05T06:19:29.448908,0.000,5.000,1.270,0.000
2025-12-05T06:19:29.485733,0.000,5.000,1.270,0.000
2025-12-05T06:19:29.518681,0.000,5.000,1.270,0.000
2025-12-05T06:19:29.549060,0.000,5.000,1.270,0.000
2025-12-05T06:19:29.579796,0.000,5.000,1.270,0.000
2025-12-05T06:19:29.611904,0.000,5.000,1.270,0.000
2025-12-05T06:19:29.645204,0.000,5.000,1.270,0.000
2025-12-05T06:19:29.682318,0.000,5.000,1.270,0.000
2025-12-05T06:19:29.715348,0.000,5.000,1.270,0.000
2025-12-05T06:19:29.742802,0.000,5.000,1.270,0.000
2025-12-05T06:19:29.776378,0.000,5.000,1.270,0.000
2025-12-05T06:19:29.803226,0.000,5.000,1.270,0.000
2025-12-05T06:19:29.837077,0.000,5.000,1.270,0.000
2025-12-05T06:19:29.866181,0.000,5.000,1.270,0.000
2025-12-05T06:19:29.895364,0.000,5.000,1.270,0.000
2025-12-05T06:19:29.930213,0.000,5.000,1.270,0.000
2025-12-05T06:19:29.961535,0.000,5.000,1.270,0.000
2025-12-05T06:19:29.995731,0.000,5.000,1.270,0.000
2025-12-05T06:19:30.030516,0.000,5.000,1.270,0.000
2025-12-05T06:19:30.067616,0.000,5.000,1.270,0.000
2025-12-05T06:19:30.095552,0.000,5.000,1.270,0.000
2025-12-05T06:19:30.130615,0.000,5.000,1.270,0.000
2025-12-05T06:19:30.160030,0.000,5.000,1.270,0.000
2025-12-05T06:19:30.194526,0.000,5.000,1.270,0.000
2025-12-05T06:19:30.222663,0.000,5.000,1.270,0.000
2025-12-05T06:19:30.257697,0.000,5.000,1.270,0.000
2025-12-05T06:19:30.290454,0.000,5.000,1.270,0.000
2025-12-05T06:19:30.323814,0.000,5.000,1.270,0.000
2025-12-05T06:19:30.354423,0.000,5.000,1.270,0.000
2025-12-05T06:19:30.388265,0.000,5.000,1.270,0.000
2025-12-05T06:19:30.420755,0.000,5.000,1.270,0.000
2025-12-05T06:19:30.456165,0.000,5.000,1.270,0.000
2025-12-05T06:19:30.488765,0.000,5.000,1.270,0.000
2025-12-05T06:19:30.518835,0.000,5.000,1.270,0.000
2025-12-05T06:19:30.547976,0.000,5.000,1.270,0.000
2025-12-05T06:19:30.580225,0.000,5.000,1.270,0.000
2025-12-05T06:19:30.612079,0.000,5.000,1.270,0.000
2025-12-05T06:19:30.643912,0.000,5.000,1.270,0.000
2025-12-05T06:19:30.677536,0.000,5.000,1.270,0.000
2025-12-05T06:19:30.709010,0.000,5.000,1.270,0.000
2025-12-05T06:19:30.743793,0.000,5.000,1.270,0.000
2025-12-05T06:19:30.787974,0.000,5.000,1.270,0.000
2025-12-05T06:19:30.807358,0.000,5.000,1.270,0.000
2025-12-05T06:19:30.837204,0.000,5.000,1.270,0.000
2025-12-05T06:19:30.872436,0.000,5.000,1.270,0.000
2025-12-05T06:19:30.903340,0.000,5.000,1.270,0.000
2025-12-05T06:19:30.935527,0.000,5.000,1.270,0.000
2025-12-05T06:19:30.967877,0.000,5.000,1.270,0.000
2025-12-05T06:19:31.014342,0.000,5.000,1.270,0.000
2025-12-05T06:19:31.049483,0.000,5.000,1.270,0.000
2025-12-05T06:19:31.075030,0.000,5.000,1.270,0.000
2025-12-05T06:19:31.107265,0.000,5.000,1.270,0.000
2025-12-05T06:19:31.139302,0.000,5.000,1.270,0.000
2025-12-05T06:19:31.169878,0.000,5.000,1.270,0.000
2025-12-05T06:19:31.202265,0.000,5.000,1.270,0.000
2025-12-05T06:19:31.234144,0.000,5.000,1.270,0.000
2025-12-05T06:19:31.268415,0.000,5.000,1.270,0.000
2025-12-05T06:19:31.302124,0.000,5.000,1.270,0.000
2025-12-05T06:19:31.335301,0.000,5.000,1.270,0.000
2025-12-05T06:19:31.367610,0.000,5.000,1.270,0.000
2025-12-05T06:19:31.403558,0.000,5.000,1.270,0.000
2025-12-05T06:19:31.437718,0.000,5.000,1.270,0.000
2025-12-05T06:19:31.466574,0.000,5.000,1.270,0.000
2025-12-05T06:19:31.495738,0.000,5.000,1.270,0.000
2025-12-05T06:19:31.526753,0.000,5.000,1.270,0.000
2025-12-05T06:19:31.559744,0.000,5.000,1.270,0.000
2025-12-05T06:19:31.592465,0.000,5.000,1.270,0.000
2025-12-05T06:19:31.628659,0.000,5.000,1.270,0.000
2025-12-05T06:19:31.660740,0.000,5.000,1.270,0.000
2025-12-05T06:19:31.692140,0.000,5.000,1.270,0.000
2025-12-05T06:19:31.724883,0.000,5.000,1.270,0.000
2025-12-05T06:19:31.754538,0.000,5.000,1.270,0.000
2025-12-05T06:19:31.789306,0.000,5.000,1.270,0.000
2025-12-05T06:19:31.820472,0.000,5.000,1.270,0.000
2025-12-05T06:19:31.856258,0.000,5.000,1.270,0.000
2025-12-05T06:19:31.886430,0.000,5.000,1.270,0.000
2025-12-05T06:19:31.917827,0.000,5.000,1.270,0.000
2025-12-05T06:19:31.949774,0.000,5.000,1.270,0.000
2025-12-05T06:19:31.982032,0.000,5.000,1.270,0.000
2025-12-05T06:19:32.012158,0.000,5.000,1.270,0.000
2025-12-05T06:19:32.043896,0.000,5.000,1.270,0.000
2025-12-05T06:19:32.077494,0.000,5.000,1.270,0.000
2025-12-05T06:19:32.112139,0.000,5.000,1.270,0.000
2025-12-05T06:19:32.147262,0.000,5.000,1.270,0.000
2025-12-05T06:19:32.180171,0.000,5.000,1.270,0.000
2025-12-05T06:19:32.211289,0.000,5.000,1.270,0.000
2025-12-05T06:19:32.243856,0.000,5.000,1.270,0.000
2025-12-05T06:19:32.281959,0.000,5.000,1.270,0.000
2025-12-05T06:19:32.306442,0.000,5.000,1.270,0.000
2025-12-05T06:19:32.340822,0.000,5.000,1.270,0.000
2025-12-05T06:19:32.371850,0.000,5.000,1.270,0.000
2025-12-05T06:19:32.407452,0.000,5.000,1.270,0.000
2025-12-05T06:19:32.439687,0.000,5.000,1.270,0.000
2025-12-05T06:19:32.474113,0.000,5.000,1.270,0.000
2025-12-05T06:19:32.505669,0.000,5.000,1.270,0.000
2025-12-05T06:19:32.536927,0.000,5.000,1.270,0.000
2025-12-05T06:19:32.566385,0.000,5.000,1.270,0.000
2025-12-05T06:19:32.597976,0.000,5.000,1.270,0.000
2025-12-05T06:19:32.633097,0.000,5.000,1.270,0.000
2025-12-05T06:19:32.664353,0.000,5.000,1.270,0.000
2025-12-05T06:19:32.696716,0.000,5.000,1.270,0.000
2025-12-05T06:19:32.730966,0.000,5.000,1.270,0.000
2025-12-05T06:19:32.762550,0.000,5.000,1.270,0.000
2025-12-05T06:19:32.796755,0.000,5.000,1.270,0.000
2025-12-05T06:19:32.828165,0.000,5.000,1.270,0.000
2025-12-05T06:19:32.887480,0.000,5.000,1.270,0.000
2025-12-05T06:19:32.960247,0.000,5.000,1.270,0.000
2025-12-05T06:19:32.990588,0.000,5.000,1.270,0.000
2025-12-05T06:19:33.015615,0.000,5.000,1.270,0.000
2025-12-05T06:19:33.047860,0.000,5.000,1.270,0.000
2025-12-05T06:19:33.070056,0.000,5.000,1.270,0.000
2025-12-05T06:19:33.094927,0.000,5.000,1.270,0.000
2025-12-05T06:19:33.125757,0.000,5.000,1.270,0.000
2025-12-05T06:19:33.156043,0.000,5.000,1.270,0.000
2025-12-05T06:19:33.187483,0.000,5.000,1.270,0.000
2025-12-05T06:19:33.220306,0.000,5.000,1.270,0.000
2025-12-05T06:19:33.249811,0.000,5.000,1.270,0.000
2025-12-05T06:19:33.284764,0.000,5.000,1.270,0.000
2025-12-05T06:19:33.327124,0.000,5.000,1.270,0.000
2025-12-05T06:19:33.358736,0.000,5.000,1.270,0.000
2025-12-05T06:19:33.382501,0.000,5.000,1.270,0.000
2025-12-05T06:19:33.414710,0.000,5.000,1.270,0.000
2025-12-05T06:19:33.447729,0.000,5.000,1.270,0.000
2025-12-05T06:19:33.480123,0.000,5.000,1.270,0.000
2025-12-05T06:19:33.514044,0.000,5.000,1.270,0.000
2025-12-05T06:19:33.546234,0.000,5.000,1.270,0.000
2025-12-05T06:19:33.584816,0.000,5.000,1.270,0.000
2025-12-05T06:19:33.614073,0.000,5.000,1.270,0.000
2025-12-05T06:19:33.645666,0.000,5.000,1.270,0.000
2025-12-05T06:19:33.683445,0.000,5.000,1.270,0.000
2025-12-05T06:19:33.707341,0.000,5.000,1.270,0.000
2025-12-05T06:19:33.738748,0.000,5.000,1.270,0.000
2025-12-05T06:19:33.773760,0.000,5.000,1.270,0.000
2025-12-05T06:19:33.802198,0.000,5.000,1.270,0.000
2025-12-05T06:19:33.836441,0.000,5.000,1.270,0.000
2025-12-05T06:19:33.867818,0.000,5.000,1.270,0.000
2025-12-05T06:19:33.901547,0.000,5.000,1.270,0.000
2025-12-05T06:19:33.930208,0.000,5.000,1.270,0.000
2025-12-05T06:19:33.963480,0.000,5.000,1.270,0.000
2025-12-05T06:19:33.993940,0.000,5.000,1.270,0.000
2025-12-05T06:19:34.028016,0.000,5.000,1.270,0.000
2025-12-05T06:19:34.058414,0.000,5.000,1.270,0.000
2025-12-05T06:19:34.094279,0.000,5.000,1.270,0.000
2025-12-05T06:19:34.125659,0.000,5.000,1.270,0.000
2025-12-05T06:19:34.159741,0.000,5.000,1.270,0.000
2025-12-05T06:19:34.189965,0.000,5.000,1.270,0.000
2025-12-05T06:19:34.222343,0.000,5.000,1.270,0.000
2025-12-05T06:19:34.254618,0.000,5.000,1.270,0.000
2025-12-05T06:19:34.286823,0.000,5.000,1.270,0.000
2025-12-05T06:19:34.318377,0.000,5.000,1.270,0.000
2025-12-05T06:19:34.353103,0.000,5.000,1.270,0.000
2025-12-05T06:19:34.389815,0.000,5.000,1.270,0.000
2025-12-05T06:19:34.425699,0.000,5.000,1.270,0.000
2025-12-05T06:19:34.458581,0.000,5.000,1.270,0.000
2025-12-05T06:19:34.489482,0.000,5.000,1.270,0.000
2025-12-05T06:19:34.520437,0.000,5.000,1.270,0.000
2025-12-05T06:19:34.553103,0.000,5.000,1.270,0.000
2025-12-05T06:19:34.585221,0.000,5.000,1.270,0.000
2025-12-05T06:19:34.616418,0.000,5.000,1.270,0.000
2025-12-05T06:19:34.649297,0.000,5.000,1.270,0.000
2025-12-05T06:19:34.684968,0.000,5.000,1.270,0.000
2025-12-05T06:19:34.714166,0.000,5.000,1.270,0.000
2025-12-05T06:19:34.747082,0.000,5.000,1.270,0.000
2025-12-05T06:19:34.779346,0.000,5.000,1.270,0.000
2025-12-05T06:19:34.809799,0.000,5.000,1.270,0.000
2025-12-05T06:19:34.842781,0.000,5.000,1.270,0.000
2025-12-05T06:19:34.874463,0.000,5.000,1.270,0.000
2025-12-05T06:19:34.908213,0.000,5.000,1.270,0.000
2025-12-05T06:19:34.944583,0.000,5.000,1.270,0.000
2025-12-05T06:19:34.977330,0.000,5.000,1.270,0.000
2025-12-05T06:19:35.008475,0.000,5.000,1.270,0.000
2025-12-05T06:19:35.042000,0.000,5.000,1.270,0.000
2025-12-05T06:19:35.072586,0.000,5.000,1.270,0.000
2025-12-05T06:19:35.104967,0.000,5.000,1.270,0.000
2025-12-05T06:19:35.140373,0.000,5.000,1.270,0.000
2025-12-05T06:19:35.170409,0.000,5.000,1.270,0.000
2025-12-05T06:19:35.199954,0.000,5.000,1.270,0.000
2025-12-05T06:19:35.230253,0.000,5.000,1.270,0.000
2025-12-05T06:19:35.262215,0.000,5.000,1.270,0.000
2025-12-05T06:19:35.294530,0.000,5.000,1.270,0.000
2025-12-05T06:19:35.326552,0.000,5.000,1.270,0.000
2025-12-05T06:19:35.362461,0.000,5.000,1.270,0.000
2025-12-05T06:19:35.398054,0.000,5.000,1.270,0.000
2025-12-05T06:19:35.428064,0.000,5.000,1.270,0.000
2025-12-05T06:19:35.459054,0.000,5.000,1.270,0.000
2025-12-05T06:19:35.492241,0.000,5.000,1.270,0.000
2025-12-05T06:19:35.521879,0.000,5.000,1.270,0.000
2025-12-05T06:19:35.553603,0.000,5.000,1.270,0.000
2025-12-05T06:19:35.589965,0.000,5.000,1.270,0.000
2025-12-05T06:19:35.625158,0.000,5.000,1.270,0.000
2025-12-05T06:19:35.656783,0.000,5.000,1.270,0.000
2025-12-05T06:19:35.689828,0.000,5.000,1.270,0.000
2025-12-05T06:19:35.718142,0.000,5.000,1.270,0.000
2025-12-05T06:19:35.750787,0.000,5.000,1.270,0.000
2025-12-05T06:19:35.783530,0.000,5.000,1.270,0.000
2025-12-05T06:19:35.816668,0.000,5.000,1.270,0.000
2025-12-05T06:19:35.856860,0.000,5.000,1.270,0.000
2025-12-05T06:19:35.881262,0.000,5.000,1.270,0.000
2025-12-05T06:19:35.913674,0.000,5.000,1.270,0.000
2025-12-05T06:19:35.946134,0.000,5.000,1.270,0.000
2025-12-05T06:19:35.979347,0.000,5.000,1.270,0.000
2025-12-05T06:19:36.010098,0.000,5.000,1.270,0.000
2025-12-05T06:19:36.054836,0.000,5.000,1.270,0.000
2025-12-05T06:19:36.074301,0.000,5.000,1.270,0.000
2025-12-05T06:19:36.107321,0.000,5.000,1.270,0.000
2025-12-05T06:19:36.140631,0.000,5.000,1.270,0.000
2025-12-05T06:19:36.173411,0.000,5.000,1.270,0.000
2025-12-05T06:19:36.202159,0.000,5.000,1.270,0.000
2025-12-05T06:19:36.242457,0.000,5.000,1.270,0.000
2025-12-05T06:19:36.270055,0.000,5.000,1.270,0.000
2025-12-05T06:19:36.302472,0.000,5.000,1.270,0.000
2025-12-05T06:19:36.333847,0.000,5.000,1.270,0.000
2025-12-05T06:19:36.366256,0.000,5.000,1.270,0.000
2025-12-05T06:19:36.399986,0.000,5.000,1.270,0.000
2025-12-05T06:19:36.434695,0.000,5.000,1.270,0.000
2025-12-05T06:19:36.464041,0.000,5.000,1.270,0.000
2025-12-05T06:19:36.493516,0.000,5.000,1.270,0.000
2025-12-05T06:19:36.526274,0.000,5.000,1.270,0.000
2025-12-05T06:19:36.558177,0.000,5.000,1.270,0.000
2025-12-05T06:19:36.590129,0.000,5.000,1.270,0.000
2025-12-05T06:19:36.628885,0.000,5.000,1.270,0.000
2025-12-05T06:19:36.660215,0.000,5.000,1.270,0.000
2025-12-05T06:19:36.693060,0.000,5.000,1.270,0.000
2025-12-05T06:19:36.725600,0.000,5.000,1.270,0.000
2025-12-05T06:19:36.758071,0.000,5.000,1.270,0.000
2025-12-05T06:19:36.789623,0.000,5.000,1.270,0.000
2025-12-05T06:19:36.819368,0.000,5.000,1.270,0.000
2025-12-05T06:19:36.850795,0.000,5.000,1.270,0.000
2025-12-05T06:19:36.887880,0.000,5.000,1.270,0.000
2025-12-05T06:19:36.924238,0.000,5.000,1.270,0.000
2025-12-05T06:19:36.963045,0.000,5.000,1.270,0.000
2025-12-05T06:19:36.989931,0.000,5.000,1.270,0.000
2025-12-05T06:19:37.022618,0.000,5.000,1.270,0.000
2025-12-05T06:19:37.053318,0.000,5.000,1.270,0.000
2025-12-05T06:19:37.086249,0.000,5.000,1.270,0.000
2025-12-05T06:19:37.115999,0.000,5.000,1.270,0.000
2025-12-05T06:19:37.148465,0.000,5.000,1.270,0.000
2025-12-05T06:19:37.182118,0.000,5.000,1.270,0.000
2025-12-05T06:19:37.214039,0.000,5.000,1.270,0.000
2025-12-05T06:19:37.250032,0.000,5.000,1.270,0.000
2025-12-05T06:19:37.284554,0.000,5.000,1.270,0.000
2025-12-05T06:19:37.317712,0.000,5.000,1.270,0.000
2025-12-05T06:19:37.347296,0.000,5.000,1.270,0.000
2025-12-05T06:19:37.377593,0.000,5.000,1.270,0.000
2025-12-05T06:19:37.409981,0.000,5.000,1.270,0.000
2025-12-05T06:19:37.442595,0.000,5.000,1.270,0.000
2025-12-05T06:19:37.477647,0.000,5.000,1.270,0.000
2025-12-05T06:19:37.510283,0.000,5.000,1.270,0.000
2025-12-05T06:19:37.545107,0.000,5.000,1.270,0.000
2025-12-05T06:19:37.576554,0.000,5.000,1.270,0.000
2025-12-05T06:19:37.606992,0.000,5.000,1.270,0.000
2025-12-05T06:19:37.639900,0.000,5.000,1.270,0.000
2025-12-05T06:19:37.673060,0.000,5.000,1.270,0.000
2025-12-05T06:19:37.704353,0.000,5.000,1.270,0.000
2025-12-05T06:19:37.735273,0.000,5.000,1.270,0.000
2025-12-05T06:19:37.768009,0.000,5.000,1.270,0.000
2025-12-05T06:19:37.801641,0.000,5.000,1.270,0.000
2025-12-05T06:19:37.838184,0.000,5.000,1.270,0.000
2025-12-05T06:19:37.871262,0.000,5.000,1.270,0.000
2025-12-05T06:19:37.902193,0.000,5.000,1.270,0.000
2025-12-05T06:19:37.934492,0.000,5.000,1.270,0.000
2025-12-05T06:19:37.966057,0.000,5.000,1.270,0.000
2025-12-05T06:19:37.997279,0.000,5.000,1.270,0.000
2025-12-05T06:19:38.031309,0.000,5.000,1.270,0.000
2025-12-05T06:19:38.063077,0.000,5.000,1.270,0.000
2025-12-05T06:19:38.096579,0.000,5.000,1.270,0.000
2025-12-05T06:19:38.133142,0.000,5.000,1.270,0.000
2025-12-05T06:19:38.171596,0.000,5.000,1.270,0.000
2025-12-05T06:19:38.203487,0.000,5.000,1.270,0.000
2025-12-05T06:19:38.237660,0.000,5.000,1.270,0.000
2025-12-05T06:19:38.267376,0.000,5.000,1.270,0.000
2025-12-05T06:19:38.295862,0.000,5.000,1.270,0.000
2025-12-05T06:19:38.328468,0.000,5.000,1.270,0.000
2025-12-05T06:19:38.361327,0.000,5.000,1.270,0.000
2025-12-05T06:19:38.396174,0.000,5.000,1.270,0.000
2025-12-05T06:19:38.429468,0.000,5.000,1.270,0.000
2025-12-05T06:19:38.461252,0.000,5.000,1.270,0.000
2025-12-05T06:19:38.494042,0.000,5.000,1.270,0.000
2025-12-05T06:19:38.526157,0.000,5.000,1.270,0.000
2025-12-05T06:19:38.555221,0.000,5.000,1.270,0.000
2025-12-05T06:19:38.586880,0.000,5.000,1.270,0.000
2025-12-05T06:19:38.616766,0.000,5.000,1.270,0.000
2025-12-05T06:19:38.654157,0.000,5.000,1.270,0.000
2025-12-05T06:19:38.688950,0.000,5.000,1.270,0.000
2025-12-05T06:19:38.720397,0.000,5.000,1.270,0.000
2025-12-05T06:19:38.750817,0.000,5.000,1.270,0.000
2025-12-05T06:19:38.788516,0.000,5.000,1.270,0.000
2025-12-05T06:19:38.811366,0.000,5.000,1.270,0.000
2025-12-05T06:19:38.848764,0.000,5.000,1.270,0.000
2025-12-05T06:19:38.876217,0.000,5.000,1.270,0.000
2025-12-05T06:19:38.909495,0.000,5.000,1.270,0.000
2025-12-05T06:19:38.940707,0.000,5.000,1.270,0.000
2025-12-05T06:19:38.976130,0.000,5.000,1.270,0.000
2025-12-05T06:19:39.008351,0.000,5.000,1.270,0.000
2025-12-05T06:19:39.039617,0.000,5.000,1.270,0.000
2025-12-05T06:19:39.075524,0.000,5.000,1.270,0.000
2025-12-05T06:19:39.107774,0.000,5.000,1.270,0.000
2025-12-05T06:19:39.141482,0.000,5.000,1.270,0.000
2025-12-05T06:19:39.170003,0.000,5.000,1.270,0.000
2025-12-05T06:19:39.200472,0.000,5.000,1.270,0.000
2025-12-05T06:19:39.232253,0.000,5.000,1.270,0.000
2025-12-05T06:19:39.264296,0.000,5.000,1.270,0.000
2025-12-05T06:19:39.296256,0.000,5.000,1.270,0.000
2025-12-05T06:19:39.335009,0.000,5.000,1.270,0.000
2025-12-05T06:19:39.366299,0.000,5.000,1.270,0.000
2025-12-05T06:19:39.397772,0.000,5.000,1.270,0.000
2025-12-05T06:19:39.433245,0.000,5.000,1.270,0.000
2025-12-05T06:19:39.462208,0.000,5.000,1.270,0.000
2025-12-05T06:19:39.489925,0.000,5.000,1.270,0.000
2025-12-05T06:19:39.521648,0.000,5.000,1.270,0.000
2025-12-05T06:19:39.553577,0.000,5.000,1.270,0.000
2025-12-05T06:19:39.589031,0.000,5.000,1.270,0.000
2025-12-05T06:19:39.627227,0.000,5.000,1.270,0.000
2025-12-05T06:19:39.659159,0.000,5.000,1.270,0.000
2025-12-05T06:19:39.692795,0.000,5.000,1.270,0.000
2025-12-05T06:19:39.724640,0.000,5.000,1.270,0.000
2025-12-05T06:19:39.754407,0.000,5.000,1.270,0.000
2025-12-05T06:19:39.788817,0.000,5.000,1.270,0.000
2025-12-05T06:19:39.815492,0.000,5.000,1.270,0.000
2025-12-05T06:19:39.851443,0.000,5.000,1.270,0.000
2025-12-05T06:19:39.883127,0.000,5.000,1.270,0.000
2025-12-05T06:19:39.916049,0.000,5.000,1.270,0.000
2025-12-05T06:19:39.947288,0.000,5.000,1.270,0.000
2025-12-05T06:19:39.982537,0.000,5.000,1.270,0.000
2025-12-05T06:19:40.015172,0.000,5.000,1.270,0.000
2025-12-05T06:19:40.046419,0.000,5.000,1.270,0.000
2025-12-05T06:19:40.079694,0.000,5.000,1.270,0.000
2025-12-05T06:19:40.112847,0.000,5.000,1.270,0.000
2025-12-05T06:19:40.145197,0.000,5.000,1.270,0.000
2025-12-05T06:19:40.177094,0.000,5.000,1.270,0.000
2025-12-05T06:19:40.208350,0.000,5.000,1.270,0.000
2025-12-05T06:19:40.245268,0.000,5.000,1.270,0.000
2025-12-05T06:19:40.280101,0.000,5.000,1.270,0.000
2025-12-05T06:19:40.311940,0.000,5.000,1.270,0.000
2025-12-05T06:19:40.345372,0.000,5.000,1.270,0.000
2025-12-05T06:19:40.376349,0.000,5.000,1.270,0.000
2025-12-05T06:19:40.407869,0.000,5.000,1.270,0.000
2025-12-05T06:19:40.441552,0.000,5.000,1.270,0.000
2025-12-05T06:19:40.474478,0.000,5.000,1.270,0.000
2025-12-05T06:19:40.506469,0.000,5.000,1.270,0.000
2025-12-05T06:19:40.538629,0.000,5.000,1.270,0.000
2025-12-05T06:19:40.570244,0.000,5.000,1.270,0.000
2025-12-05T06:19:40.600240,0.000,5.000,1.270,0.000
2025-12-05T06:19:40.630752,0.000,5.000,1.270,0.000
2025-12-05T06:19:40.662007,0.000,5.000,1.270,0.000
2025-12-05T06:19:40.695327,0.000,5.000,1.270,0.000
2025-12-05T06:19:40.725943,0.000,5.000,1.270,0.000
2025-12-05T06:19:40.762134,0.000,5.000,1.270,0.000
2025-12-05T06:19:40.796589,0.000,5.000,1.270,0.000
2025-12-05T06:19:40.829013,0.000,5.000,1.270,0.000
2025-12-05T06:19:40.860249,0.000,5.000,1.270,0.000
2025-12-05T06:19:40.901232,0.000,5.000,1.270,0.000
2025-12-05T06:19:40.924404,0.000,5.000,1.270,0.000
2025-12-05T06:19:40.958006,0.000,5.000,1.270,0.000
2025-12-05T06:19:40.993322,0.000,5.000,1.270,0.000
2025-12-05T06:19:41.025407,0.000,5.000,1.270,0.000
2025-12-05T06:19:41.056237,0.000,5.000,1.270,0.000
2025-12-05T06:19:41.089206,0.000,5.000,1.270,0.000
2025-12-05T06:19:41.117776,0.000,5.000,1.270,0.000
2025-12-05T06:19:41.150688,0.000,5.000,1.270,0.000
2025-12-05T06:19:41.185320,0.000,5.000,1.270,0.000
2025-12-05T06:19:41.218181,0.000,5.000,1.270,0.000
2025-12-05T06:19:41.250466,0.000,5.000,1.270,0.000
2025-12-05T06:19:41.284630,0.000,5.000,1.270,0.000
2025-12-05T06:19:41.315301,0.000,5.000,1.270,0.000
2025-12-05T06:19:41.344076,0.000,5.000,1.270,0.000
2025-12-05T06:19:41.376077,0.000,5.000,1.270,0.000
2025-12-05T06:19:41.409054,0.000,5.000,1.270,0.000
2025-12-05T06:19:41.441069,0.000,5.000,1.270,0.000
2025-12-05T06:19:41.475358,0.000,5.000,1.270,0.000
2025-12-05T06:19:41.508096,0.000,5.000,1.270,0.000
2025-12-05T06:19:41.540553,0.000,5.000,1.270,0.000
2025-12-05T06:19:41.571229,0.000,5.000,1.270,0.000
2025-12-05T06:19:41.602429,0.000,5.000,1.270,0.000
2025-12-05T06:19:41.634329,0.000,5.000,1.270,0.000
2025-12-05T06:19:41.665636,0.000,5.000,1.270,0.000
2025-12-05T06:19:41.699279,0.000,5.000,1.270,0.000
2025-12-05T06:19:41.734860,0.000,5.000,1.270,0.000
2025-12-05T06:19:41.766385,0.000,5.000,1.270,0.000
2025-12-05T06:19:41.798473,0.000,5.000,1.270,0.000
2025-12-05T06:19:41.831995,0.000,5.000,1.270,0.000
2025-12-05T06:19:41.861474,0.000,5.000,1.270,0.000
2025-12-05T06:19:41.889345,0.000,5.000,1.270,0.000
2025-12-05T06:19:41.921599,0.000,5.000,1.270,0.000
2025-12-05T06:19:41.954312,0.000,5.000,1.270,0.000
2025-12-05T06:19:41.987009,0.000,5.000,1.270,0.000
2025-12-05T06:19:42.023231,0.000,5.000,1.270,0.000
2025-12-05T06:19:42.070965,0.000,5.000,1.270,0.000
2025-12-05T06:19:42.086383,0.000,5.000,1.270,0.000
2025-12-05T06:19:42.121298,0.000,5.000,1.270,0.000
2025-12-05T06:19:42.166382,0.000,5.000,1.270,0.000
2025-12-05T06:19:42.194260,0.000,5.000,1.270,0.000
2025-12-05T06:19:42.218668,0.000,5.000,1.270,0.000
2025-12-05T06:19:42.253147,0.000,5.000,1.270,0.000
2025-12-05T06:19:42.287852,0.000,5.000,1.270,0.000
2025-12-05T06:19:42.320324,0.000,5.000,1.270,0.000
2025-12-05T06:19:42.349084,0.000,5.000,1.270,0.000
2025-12-05T06:19:42.380690,0.000,5.000,1.270,0.000
2025-12-05T06:19:42.412759,0.000,5.000,1.270,0.000
2025-12-05T06:19:42.449611,0.000,5.000,1.270,0.000
2025-12-05T06:19:42.482022,0.000,5.000,1.270,0.000
2025-12-05T06:19:42.513801,0.000,5.000,1.270,0.000
2025-12-05T06:19:42.545973,0.000,5.000,1.270,0.000
2025-12-05T06:19:42.578669,0.000,5.000,1.270,0.000
2025-12-05T06:19:42.606832,0.000,5.000,1.270,0.000
2025-12-05T06:19:42.640351,0.000,5.000,1.270,0.000
2025-12-05T06:19:42.679436,0.000,5.000,1.270,0.000
2025-12-05T06:19:42.706174,0.000,5.000,1.270,0.000
2025-12-05T06:19:42.737697,0.000,5.000,1.270,0.000
2025-12-05T06:19:42.769316,0.000,5.000,1.270,0.000
2025-12-05T06:19:42.801346,0.000,5.000,1.270,0.000
2025-12-05T06:19:42.833511,0.000,5.000,1.270,0.000
2025-12-05T06:19:42.865017,0.000,5.000,1.270,0.000
2025-12-05T06:19:42.900026,0.000,5.000,1.270,0.000
2025-12-05T06:19:42.933659,0.000,5.000,1.270,0.000
2025-12-05T06:19:42.967546,0.000,5.000,1.270,0.000
2025-12-05T06:19:43.000102,0.000,5.000,1.270,0.000
2025-12-05T06:19:43.031266,0.000,5.000,1.270,0.000
2025-12-05T06:19:43.067862,0.000,5.000,1.270,0.000
2025-12-05T06:19:43.100271,0.000,5.000,1.270,0.000
2025-12-05T06:19:43.128220,0.000,5.000,1.270,0.000
2025-12-05T06:19:43.158370,0.000,5.000,1.270,0.000
2025-12-05T06:19:43.189862,0.000,5.000,1.270,0.000
2025-12-05T06:19:43.226468,0.000,5.000,1.270,0.000
2025-12-05T06:19:43.258375,0.000,5.000,1.270,0.000
2025-12-05T06:19:43.292025,0.000,5.000,1.270,0.000
2025-12-05T06:19:43.325576,0.000,5.000,1.270,0.000
2025-12-05T06:19:43.357222,0.000,5.000,1.270,0.000
2025-12-05T06:19:43.391110,0.000,5.000,1.270,0.000
2025-12-05T06:19:43.424454,0.000,5.000,1.270,0.000
2025-12-05T06:19:43.461293,0.000,5.000,1.270,0.000
2025-12-05T06:19:43.491280,0.000,5.000,1.270,0.000
2025-12-05T06:19:43.523851,0.000,5.000,1.270,0.000
2025-12-05T06:19:43.554309,0.000,5.000,1.270,0.000
2025-12-05T06:19:43.583719,0.000,5.000,1.270,0.000
2025-12-05T06:19:43.614284,0.000,5.000,1.270,0.000
2025-12-05T06:19:43.645899,0.000,5.000,1.270,0.000
2025-12-05T06:19:43.679654,0.000,5.000,1.270,0.000
2025-12-05T06:19:43.715269,0.000,5.000,1.270,0.000
2025-12-05T06:19:43.751549,0.000,5.000,1.270,0.000
2025-12-05T06:19:43.783503,0.000,5.000,1.270,0.000
2025-12-05T06:19:43.807999,0.000,5.000,1.270,0.000
2025-12-05T06:19:43.837611,0.000,5.000,1.270,0.000
2025-12-05T06:19:43.869949,0.000,5.000,1.270,0.000
2025-12-05T06:19:43.902009,0.000,5.000,1.270,0.000
2025-12-05T06:19:43.933674,0.000,5.000,1.270,0.000
2025-12-05T06:19:43.966005,0.000,5.000,1.270,0.000
2025-12-05T06:19:44.000146,0.000,5.000,1.270,0.000
2025-12-05T06:19:44.034667,0.000,5.000,1.270,0.000
2025-12-05T06:19:44.069612,0.000,5.000,1.270,0.000
2025-12-05T06:19:44.102657,0.000,5.000,1.270,0.000
2025-12-05T06:19:44.137516,0.000,5.000,1.270,0.000
2025-12-05T06:19:44.168083,0.000,5.000,1.270,0.000
2025-12-05T06:19:44.198806,0.000,5.000,1.270,0.000
2025-12-05T06:19:44.233254,0.000,5.000,1.270,0.000
2025-12-05T06:19:44.277850,0.000,5.000,1.270,0.000
2025-12-05T06:19:44.301958,0.000,5.000,1.270,0.000
2025-12-05T06:19:44.341178,0.000,5.000,1.270,0.000
2025-12-05T06:19:44.365353,0.000,5.000,1.270,0.000
2025-12-05T06:19:44.397175,0.000,5.000,1.270,0.000
2025-12-05T06:19:44.424920,0.000,5.000,1.270,0.000
2025-12-05T06:19:44.457807,0.000,5.000,1.270,0.000
2025-12-05T06:19:44.495929,0.000,5.000,1.270,0.000
2025-12-05T06:19:44.528387,0.000,5.000,1.270,0.000
2025-12-05T06:19:44.556900,0.000,5.000,1.270,0.000
2025-12-05T06:19:44.589194,0.000,5.000,1.270,0.000
2025-12-05T06:19:44.622466,0.000,5.000,1.270,0.000
2025-12-05T06:19:44.655063,0.000,5.000,1.270,0.000
2025-12-05T06:19:44.691870,0.000,5.000,1.270,0.000
2025-12-05T06:19:44.719301,0.000,5.000,1.270,0.000
2025-12-05T06:19:44.755563,0.000,5.000,1.270,0.000
2025-12-05T06:19:44.782210,0.000,5.000,1.270,0.000
2025-12-05T06:19:44.816031,0.000,5.000,1.270,0.000
2025-12-05T06:19:44.853318,0.000,5.000,1.270,0.000
2025-12-05T06:19:44.882751,0.000,5.000,1.270,0.000
2025-12-05T06:19:44.916983,0.000,5.000,1.270,0.000
2025-12-05T06:19:44.947400,0.000,5.000,1.270,0.000
2025-12-05T06:19:44.981971,0.000,5.000,1.270,0.000
2025-12-05T06:19:45.012526,0.000,5.000,1.270,0.000
2025-12-05T06:19:45.042634,0.000,5.000,1.270,0.000
2025-12-05T06:19:45.075076,0.000,5.000,1.270,0.000
2025-12-05T06:19:45.108947,0.000,5.000,1.270,0.000
2025-12-05T06:19:45.141099,0.000,5.000,1.270,0.000
2025-12-05T06:19:45.172052,0.000,5.000,1.270,0.000
2025-12-05T06:19:45.205334,0.000,5.000,1.270,0.000
2025-12-05T06:19:45.241619,0.000,5.000,1.270,0.000
2025-12-05T06:19:45.277049,0.000,5.000,1.270,0.000
2025-12-05T06:19:45.307768,0.000,5.000,1.270,0.000
2025-12-05T06:19:45.341300,0.000,5.000,1.270,0.000
2025-12-05T06:19:45.371368,0.000,5.000,1.270,0.000
2025-12-05T06:19:45.401294,0.000,5.000,1.270,0.000
2025-12-05T06:19:45.432308,0.000,5.000,1.270,0.000
2025-12-05T06:19:45.465189,0.000,5.000,1.270,0.000
2025-12-05T06:19:45.496140,0.000,5.000,1.270,0.000
2025-12-05T06:19:45.532756,0.000,5.000,1.270,0.000
2025-12-05T06:19:45.567085,0.000,5.000,1.270,0.000
2025-12-05T06:19:45.597721,0.000,5.000,1.270,0.000
2025-12-05T06:19:45.633486,0.000,5.000,1.270,0.000
2025-12-05T06:19:45.665216,0.000,5.000,1.270,0.000
2025-12-05T06:19:45.696674,0.000,5.000,1.270,0.000
2025-12-05T06:19:45.729135,0.000,5.000,1.270,0.000
2025-12-05T06:19:45.758087,0.000,5.000,1.270,0.000
2025-12-05T06:19:45.793403,0.000,5.000,1.270,0.000
2025-12-05T06:19:45.823973,0.000,5.000,1.270,0.000
2025-12-05T06:19:45.855930,0.000,5.000,1.270,0.000
2025-12-05T06:19:45.886385,0.000,5.000,1.270,0.000
2025-12-05T06:19:45.917640,0.000,5.000,1.270,0.000
2025-12-05T06:19:45.951896,0.000,5.000,1.270,0.000
2025-12-05T06:19:45.986629,0.000,5.000,1.270,0.000
2025-12-05T06:19:46.018998,0.000,5.000,1.270,0.000
2025-12-05T06:19:46.050435,0.000,5.000,1.270,0.000
2025-12-05T06:19:46.082818,0.000,5.000,1.270,0.000
2025-12-05T06:19:46.113016,0.000,5.000,1.270,0.000
2025-12-05T06:19:46.145457,0.000,5.000,1.270,0.000
2025-12-05T06:19:46.181611,0.000,5.000,1.270,0.000
2025-12-05T06:19:46.210166,0.000,5.000,1.270,0.000
2025-12-05T06:19:46.243805,0.000,5.000,1.270,0.000
2025-12-05T06:19:46.277846,0.000,5.000,1.270,0.000
2025-12-05T06:19:46.309916,0.000,5.000,1.270,0.000
2025-12-05T06:19:46.343066,0.000,5.000,1.270,0.000
2025-12-05T06:19:46.375474,0.000,5.000,1.270,0.000
2025-12-05T06:19:46.403931,0.000,5.000,1.270,0.000
2025-12-05T06:19:46.439228,0.000,5.000,1.270,0.000
2025-12-05T06:19:46.470178,0.000,5.000,1.270,0.000
2025-12-05T06:19:46.503923,0.000,5.000,1.270,0.000
2025-12-05T06:19:46.539307,0.000,5.000,1.270,0.000
2025-12-05T06:19:46.571380,0.000,5.000,1.270,0.000
2025-12-05T06:19:46.605466,0.000,5.000,1.270,0.000
2025-12-05T06:19:46.636085,0.000,5.000,1.270,0.000
2025-12-05T06:19:46.666238,0.000,5.000,1.270,0.000
2025-12-05T06:19:46.698714,0.000,5.000,1.270,0.000
2025-12-05T06:19:46.733563,0.000,5.000,1.270,0.000
2025-12-05T06:19:46.764307,0.000,5.000,1.270,0.000
2025-12-05T06:19:46.798228,0.000,5.000,1.270,0.000
2025-12-05T06:19:46.832489,0.000,5.000,1.270,0.000
2025-12-05T06:19:46.864677,0.000,5.000,1.270,0.000
2025-12-05T06:19:46.896104,0.000,5.000,1.270,0.000
2025-12-05T06:19:46.927747,0.000,5.000,1.270,0.000
2025-12-05T06:19:46.959398,0.000,5.000,1.270,0.000
2025-12-05T06:19:46.988078,0.000,5.000,1.270,0.000
2025-12-05T06:19:47.016478,0.000,5.000,1.270,0.000
2025-12-05T06:19:47.047290,0.000,5.000,1.270,0.000
2025-12-05T06:19:47.081814,0.000,5.000,1.270,0.000
2025-12-05T06:19:47.118482,0.000,5.000,1.270,0.000
2025-12-05T06:19:47.147629,0.000,5.000,1.270,0.000
2025-12-05T06:19:47.180058,0.000,5.000,1.270,0.000
2025-12-05T06:19:47.213089,0.000,5.000,1.270,0.000
2025-12-05T06:19:47.243324,0.000,5.000,1.270,0.000
2025-12-05T06:19:47.275681,0.000,5.000,1.270,0.000
2025-12-05T06:19:47.308477,0.000,5.000,1.270,0.000
2025-12-05T06:19:47.341420,0.000,5.000,1.270,0.000
2025-12-05T06:19:47.376835,0.000,5.000,1.270,0.000
2025-12-05T06:19:47.408773,0.000,5.000,1.270,0.000
2025-12-05T06:19:47.440890,0.000,5.000,1.270,0.000
2025-12-05T06:19:47.472814,0.000,5.000,1.270,0.000
2025-12-05T06:19:47.508718,0.000,5.000,1.270,0.000
2025-12-05T06:19:47.536984,0.000,5.000,1.270,0.000
2025-12-05T06:19:47.568150,0.000,5.000,1.270,0.000
2025-12-05T06:19:47.599814,0.000,5.000,1.270,0.000
2025-12-05T06:19:47.638181,0.000,5.000,1.270,0.000
2025-12-05T06:19:47.668337,0.000,5.000,1.270,0.000
2025-12-05T06:19:47.700543,0.000,5.000,1.270,0.000
2025-12-05T06:19:47.732289,0.000,5.000,1.270,0.000
2025-12-05T06:19:47.763071,0.000,5.000,1.270,0.000
2025-12-05T06:19:47.796259,0.000,5.000,1.270,0.000
2025-12-05T06:19:47.834687,0.000,5.000,1.270,0.000
2025-12-05T06:19:47.859170,0.000,5.000,1.270,0.000
2025-12-05T06:19:47.893983,0.000,5.000,1.270,0.000
2025-12-05T06:19:47.926282,0.000,5.000,1.270,0.000
2025-12-05T06:19:47.957916,0.000,5.000,1.270,0.000
2025-12-05T06:19:47.990813,0.000,5.000,1.270,0.000
2025-12-05T06:19:48.023443,0.000,5.000,1.270,0.000
2025-12-05T06:19:48.057179,0.000,5.000,1.270,0.000
2025-12-05T06:19:48.089015,0.000,5.000,1.270,0.000
2025-12-05T06:19:48.121931,0.000,5.000,1.270,0.000
2025-12-05T06:19:48.151844,0.000,5.000,1.270,0.000
2025-12-05T06:19:48.182418,0.000,5.000,1.270,0.000
2025-12-05T06:19:48.215212,0.000,5.000,1.270,0.000
2025-12-05T06:19:48.246456,0.000,5.000,1.270,0.000
2025-12-05T06:19:48.280429,0.000,5.000,1.270,0.000
2025-12-05T06:19:48.314039,0.000,5.000,1.270,0.000
2025-12-05T06:19:48.347933,0.000,5.000,1.270,0.000
2025-12-05T06:19:48.385015,0.000,5.000,1.270,0.000
2025-12-05T06:19:48.416434,0.000,5.000,1.270,0.000
2025-12-05T06:19:48.449510,0.000,5.000,1.270,0.000
2025-12-05T06:19:48.479944,0.000,5.000,1.270,0.000
2025-12-05T06:19:48.509890,0.000,5.000,1.270,0.000
2025-12-05T06:19:48.545626,0.000,5.000,1.270,0.000
2025-12-05T06:19:48.581204,0.000,5.000,1.270,0.000
2025-12-05T06:19:48.612377,0.000,5.000,1.270,0.000
2025-12-05T06:19:48.644131,0.000,5.000,1.270,0.000
2025-12-05T06:19:48.676224,0.000,5.000,1.270,0.000
2025-12-05T06:19:48.704836,0.000,5.000,1.270,0.000
2025-12-05T06:19:48.736142,0.000,5.000,1.270,0.000
2025-12-05T06:19:48.767312,0.000,5.000,1.270,0.000
2025-12-05T06:19:48.797954,0.000,5.000,1.270,0.000
2025-12-05T06:19:48.832796,0.000,5.000,1.270,0.000
2025-12-05T06:19:48.867066,0.000,5.000,1.270,0.000
2025-12-05T06:19:48.898590,0.000,5.000,1.270,0.000
2025-12-05T06:19:48.931494,0.000,5.000,1.270,0.000
2025-12-05T06:19:48.964472,0.000,5.000,1.270,0.000
2025-12-05T06:19:48.996986,0.000,5.000,1.270,0.000
2025-12-05T06:19:49.030001,0.000,5.000,1.270,0.000
2025-12-05T06:19:49.058076,0.000,5.000,1.270,0.000
2025-12-05T06:19:49.089158,0.000,5.000,1.270,0.000
2025-12-05T06:19:49.121095,0.000,5.000,1.270,0.000
2025-12-05T06:19:49.151425,0.000,5.000,1.270,0.000
2025-12-05T06:19:49.181995,0.000,5.000,1.270,0.000
2025-12-05T06:19:49.215904,0.000,5.000,1.270,0.000
2025-12-05T06:19:49.250662,0.000,5.000,1.270,0.000
2025-12-05T06:19:49.282122,0.000,5.000,1.270,0.000
2025-12-05T06:19:49.315737,0.000,5.000,1.270,0.000
2025-12-05T06:19:49.347227,0.000,5.000,1.270,0.000
2025-12-05T06:19:49.381425,0.000,5.000,1.270,0.000
2025-12-05T06:19:49.412988,0.000,5.000,1.270,0.000
2025-12-05T06:19:49.446347,0.000,5.000,1.270,0.000
2025-12-05T06:19:49.480271,0.000,5.000,1.270,0.000
2025-12-05T06:19:49.514573,0.000,5.000,1.270,0.000
2025-12-05T06:19:49.546087,0.000,5.000,1.270,0.000
2025-12-05T06:19:49.580983,0.000,5.000,1.270,0.000
2025-12-05T06:19:49.612289,0.000,5.000,1.270,0.000
2025-12-05T06:19:49.645510,0.000,5.000,1.270,0.000
2025-12-05T06:19:49.676706,0.000,5.000,1.270,0.000
2025-12-05T06:19:49.708928,0.000,5.000,1.270,0.000
2025-12-05T06:19:49.741872,0.000,5.000,1.270,0.000
2025-12-05T06:19:49.776615,0.000,5.000,1.270,0.000
2025-12-05T06:19:49.809310,0.000,5.000,1.270,0.000
2025-12-05T06:19:49.841497,0.000,5.000,1.270,0.000
2025-12-05T06:19:49.871642,0.000,5.000,1.270,0.000
2025-12-05T06:19:49.900177,0.000,5.000,1.270,0.000
2025-12-05T06:19:49.934170,0.000,5.000,1.270,0.000
2025-12-05T06:19:49.966668,0.000,5.000,1.270,0.000
2025-12-05T06:19:49.999929,0.000,5.000,1.270,0.000
2025-12-05T06:19:50.035721,0.000,5.000,1.270,0.000
2025-12-05T06:19:50.069103,0.000,5.000,1.270,0.000
2025-12-05T06:19:50.128709,0.000,5.000,1.270,0.000
2025-12-05T06:19:50.144651,0.000,5.000,1.270,0.000
2025-12-05T06:19:50.195509,0.000,5.000,1.270,0.000
2025-12-05T06:19:50.218633,0.000,5.000,1.270,0.000
2025-12-05T06:19:50.241255,0.000,5.000,1.270,0.000
2025-12-05T06:19:50.270174,0.000,5.000,1.270,0.000
2025-12-05T06:19:50.297834,0.000,5.000,1.270,0.000
2025-12-05T06:19:50.331834,0.000,5.000,1.270,0.000
2025-12-05T06:19:50.359190,0.000,5.000,1.270,0.000
2025-12-05T06:19:50.397063,0.000,5.000,1.270,0.000
2025-12-05T06:19:50.434020,0.000,5.000,1.270,0.000
2025-12-05T06:19:50.464540,0.000,5.000,1.270,0.000
2025-12-05T06:19:50.498560,0.000,5.000,1.270,0.000
2025-12-05T06:19:50.526724,0.000,5.000,1.270,0.000
2025-12-05T06:19:50.558060,0.000,5.000,1.270,0.000
2025-12-05T06:19:50.588911,0.000,5.000,1.270,0.000
2025-12-05T06:19:50.618591,0.000,5.000,1.270,0.000
2025-12-05T06:19:50.651504,0.000,5.000,1.270,0.000
2025-12-05T06:19:50.684096,0.000,5.000,1.270,0.000
2025-12-05T06:19:50.716843,0.000,5.000,1.270,0.000
2025-12-05T06:19:50.749506,0.000,5.000,1.270,0.000
2025-12-05T06:19:50.784087,0.000,5.000,1.270,0.000
2025-12-05T06:19:50.816449,0.000,5.000,1.270,0.000
2025-12-05T06:19:50.851048,0.000,5.000,1.270,0.000
2025-12-05T06:19:50.881224,0.000,5.000,1.270,0.000
2025-12-05T06:19:50.911013,0.000,5.000,1.270,0.000
2025-12-05T06:19:50.940673,0.000,5.000,1.270,0.000
2025-12-05T06:19:50.977002,0.000,5.000,1.270,0.000
2025-12-05T06:19:51.003513,0.000,5.000,1.270,0.000
2025-12-05T06:19:51.042800,0.000,5.000,1.270,0.000
2025-12-05T06:19:51.076970,0.000,5.000,1.270,0.000
2025-12-05T06:19:51.110834,0.000,5.000,1.270,0.000
2025-12-05T06:19:51.141705,0.000,5.000,1.270,0.000
2025-12-05T06:19:51.172588,0.000,5.000,1.270,0.000
2025-12-05T06:19:51.202366,0.000,5.000,1.270,0.000
2025-12-05T06:19:51.234130,0.000,5.000,1.270,0.000
2025-12-05T06:19:51.268381,0.000,5.000,1.270,0.000
2025-12-05T06:19:51.296025,0.000,5.000,1.270,0.000
2025-12-05T06:19:51.328194,0.000,5.000,1.270,0.000
2025-12-05T06:19:51.361036,0.000,5.000,1.270,0.000
2025-12-05T06:19:51.393510,0.000,5.000,1.270,0.000
2025-12-05T06:19:51.427193,0.000,5.000,1.270,0.000
2025-12-05T06:19:51.459928,0.000,5.000,1.270,0.000
2025-12-05T06:19:51.490655,0.000,5.000,1.270,0.000
2025-12-05T06:19:51.523761,0.000,5.000,1.270,0.000
2025-12-05T06:19:51.555554,0.000,5.000,1.270,0.000
2025-12-05T06:19:51.589405,0.000,5.000,1.270,0.000
2025-12-05T06:19:51.621237,0.000,5.000,1.270,0.000
2025-12-05T06:19:51.654104,0.000,5.000,1.270,0.000
2025-12-05T06:19:51.690608,0.000,5.000,1.270,0.000
2025-12-05T06:19:51.719262,0.000,5.000,1.270,0.000
2025-12-05T06:19:51.753987,0.000,5.000,1.270,0.000
2025-12-05T06:19:51.794818,0.000,5.000,1.270,0.000
2025-12-05T06:19:51.813577,0.000,5.000,1.270,0.000
2025-12-05T06:19:51.851378,0.000,5.000,1.270,0.000
2025-12-05T06:19:51.879032,0.000,5.000,1.270,0.000
2025-12-05T06:19:51.912565,0.000,5.000,1.270,0.000
2025-12-05T06:19:51.945665,0.000,5.000,1.270,0.000
2025-12-05T06:19:51.979191,0.000,5.000,1.270,0.000
2025-12-05T06:19:52.012400,0.000,5.000,1.270,0.000
2025-12-05T06:19:52.043235,0.000,5.000,1.270,0.000
2025-12-05T06:19:52.076047,0.000,5.000,1.270,0.000
2025-12-05T06:19:52.108406,0.000,5.000,1.270,0.000
2025-12-05T06:19:52.141297,0.000,5.000,1.270,0.000
2025-12-05T06:19:52.173555,0.000,5.000,1.270,0.000
2025-12-05T06:19:52.206874,0.000,5.000,1.270,0.000
2025-12-05T06:19:52.243002,0.000,5.000,1.270,0.000
2025-12-05T06:19:52.279301,0.000,5.000,1.270,0.000
2025-12-05T06:19:52.312295,0.000,5.000,1.270,0.000
2025-12-05T06:19:52.342302,0.000,5.000,1.270,0.000
2025-12-05T06:19:52.371375,0.000,5.000,1.270,0.000
2025-12-05T06:19:52.399799,0.000,5.000,1.270,0.000
2025-12-05T06:19:52.429712,0.000,5.000,1.270,0.000
2025-12-05T06:19:52.463745,0.000,5.000,1.270,0.000
2025-12-05T06:19:52.496119,0.000,5.000,1.270,0.000
2025-12-05T06:19:52.528022,0.000,5.000,1.270,0.000
2025-12-05T06:19:52.562226,0.000,5.000,1.270,0.000
2025-12-05T06:19:52.596242,0.000,5.000,1.270,0.000
2025-12-05T06:19:52.628625,0.000,5.000,1.270,0.000
2025-12-05T06:19:52.660290,0.000,5.000,1.270,0.000
2025-12-05T06:19:52.692819,0.000,5.000,1.270,0.000
2025-12-05T06:19:52.725571,0.000,5.000,1.270,0.000
2025-12-05T06:19:52.759513,0.000,5.000,1.270,0.000
2025-12-05T06:19:52.794072,0.000,5.000,1.270,0.000
2025-12-05T06:19:52.826026,0.000,5.000,1.270,0.000
2025-12-05T06:19:52.858342,0.000,5.000,1.270,0.000
2025-12-05T06:19:52.889229,0.000,5.000,1.270,0.000
2025-12-05T06:19:52.919223,0.000,5.000,1.270,0.000
2025-12-05T06:19:52.950225,0.000,5.000,1.270,0.000
2025-12-05T06:19:52.983488,0.000,5.000,1.270,0.000
2025-12-05T06:19:53.016245,0.000,5.000,1.270,0.000
2025-12-05T06:19:53.047194,0.000,5.000,1.270,0.000
2025-12-05T06:19:53.086383,0.000,5.000,1.270,0.000
2025-12-05T06:19:53.121466,0.000,5.000,1.270,0.000
2025-12-05T06:19:53.151026,0.000,5.000,1.270,0.000
2025-12-05T06:19:53.189508,0.000,5.000,1.270,0.000
2025-12-05T06:19:53.216864,0.000,5.000,1.270,0.000
2025-12-05T06:19:53.250387,0.000,5.000,1.270,0.000
2025-12-05T06:19:53.282788,0.000,5.000,1.270,0.000
2025-12-05T06:19:53.312268,0.000,5.000,1.270,0.000
2025-12-05T06:19:53.345245,0.000,5.000,1.270,0.000
2025-12-05T06:19:53.381127,0.000,5.000,1.270,0.000
2025-12-05T06:19:53.414485,0.000,5.000,1.270,0.000
2025-12-05T06:19:53.445797,0.000,5.000,1.270,0.000
2025-12-05T06:19:53.474318,0.000,5.000,1.270,0.000
2025-12-05T06:19:53.505126,0.000,5.000,1.270,0.000
2025-12-05T06:19:53.540740,0.000,5.000,1.270,0.000
2025-12-05T06:19:53.571938,0.000,5.000,1.270,0.000
2025-12-05T06:19:53.606365,0.000,5.000,1.270,0.000
2025-12-05T06:19:53.638190,0.000,5.000,1.270,0.000
2025-12-05T06:19:53.674045,0.000,5.000,1.270,0.000
2025-12-05T06:19:53.706038,0.000,5.000,1.270,0.000
2025-12-05T06:19:53.736320,0.000,5.000,1.270,0.000
2025-12-05T06:19:53.766108,0.000,5.000,1.270,0.000
2025-12-05T06:19:53.797480,0.000,5.000,1.270,0.000
2025-12-05T06:19:53.831569,0.000,5.000,1.270,0.000
2025-12-05T06:19:53.865395,0.000,5.000,1.270,0.000
2025-12-05T06:19:53.896953,0.000,5.000,1.270,0.000
2025-12-05T06:19:53.931901,0.000,5.000,1.270,0.000
2025-12-05T06:19:53.960852,0.000,5.000,1.270,0.000
2025-12-05T06:19:53.994721,0.000,5.000,1.270,0.000
2025-12-05T06:19:54.027257,0.000,5.000,1.270,0.000
2025-12-05T06:19:54.058555,0.000,5.000,1.270,0.000
2025-12-05T06:19:54.087532,0.000,5.000,1.270,0.000
2025-12-05T06:19:54.124129,0.000,5.000,1.270,0.000
2025-12-05T06:19:54.158136,0.000,5.000,1.270,0.000
2025-12-05T06:19:54.193109,0.000,5.000,1.270,0.000
2025-12-05T06:19:54.225986,0.000,5.000,1.270,0.000
2025-12-05T06:19:54.259123,0.000,5.000,1.270,0.000
2025-12-05T06:19:54.289120,0.000,5.000,1.270,0.000
2025-12-05T06:19:54.320166,0.000,5.000,1.270,0.000
2025-12-05T06:19:54.349510,0.000,5.000,1.270,0.000
2025-12-05T06:19:54.386544,0.000,5.000,1.270,0.000
2025-12-05T06:19:54.419566,0.000,5.000,1.270,0.000
2025-12-05T06:19:54.452191,0.000,5.000,1.270,0.000
2025-12-05T06:19:54.484326,0.000,5.000,1.270,0.000
2025-12-05T06:19:54.514595,0.000,5.000,1.270,0.000
2025-12-05T06:19:54.545291,0.000,5.000,1.270,0.000
2025-12-05T06:19:54.579741,0.000,5.000,1.270,0.000
2025-12-05T06:19:54.609840,0.000,5.000,1.270,0.000
2025-12-05T06:19:54.643140,0.000,5.000,1.270,0.000
2025-12-05T06:19:54.676372,0.000,5.000,1.270,0.000
2025-12-05T06:19:54.709031,0.000,5.000,1.270,0.000
2025-12-05T06:19:54.739797,0.000,5.000,1.270,0.000
2025-12-05T06:19:54.776494,0.000,5.000,1.270,0.000
2025-12-05T06:19:54.808544,0.000,5.000,1.270,0.000
2025-12-05T06:19:54.840579,0.000,5.000,1.270,0.000
2025-12-05T06:19:54.871805,0.000,5.000,1.270,0.000
2025-12-05T06:19:54.903066,0.000,5.000,1.270,0.000
2025-12-05T06:19:54.932084,0.000,5.000,1.270,0.000
2025-12-05T06:19:54.961275,0.000,5.000,1.270,0.000
2025-12-05T06:19:54.997633,0.000,5.000,1.270,0.000
2025-12-05T06:19:55.030320,0.000,5.000,1.270,0.000
2025-12-05T06:19:55.062856,0.000,5.000,1.270,0.000
2025-12-05T06:19:55.098177,0.000,5.000,1.270,0.000
2025-12-05T06:19:55.131881,0.000,5.000,1.270,0.000
2025-12-05T06:19:55.163328,0.000,5.000,1.270,0.000
2025-12-05T06:19:55.193424,0.000,5.000,1.270,0.000
2025-12-05T06:19:55.225625,0.000,5.000,1.270,0.000
2025-12-05T06:19:55.256604,0.000,5.000,1.270,0.000
2025-12-05T06:19:55.289649,0.000,5.000,1.270,0.000
2025-12-05T06:19:55.326759,0.000,5.000,1.270,0.000
2025-12-05T06:19:55.360709,0.000,5.000,1.270,0.000
2025-12-05T06:19:55.394630,0.000,5.000,1.270,0.000
2025-12-05T06:19:55.424893,0.000,5.000,1.270,0.000
2025-12-05T06:19:55.456632,0.000,5.000,1.270,0.000
2025-12-05T06:19:55.483488,0.000,5.000,1.270,0.000
2025-12-05T06:19:55.516470,0.000,5.000,1.270,0.000
2025-12-05T06:19:55.548481,0.000,5.000,1.270,0.000
2025-12-05T06:19:55.581082,0.000,5.000,1.270,0.000
2025-12-05T06:19:55.611143,0.000,5.000,1.270,0.000
2025-12-05T06:19:55.645468,0.000,5.000,1.270,0.000
2025-12-05T06:19:55.680472,0.000,5.000,1.270,0.000
2025-12-05T06:19:55.711962,0.000,5.000,1.270,0.000
2025-12-05T06:19:55.743852,0.000,5.000,1.270,0.000
2025-12-05T06:19:55.775722,0.000,5.000,1.270,0.000
2025-12-05T06:19:55.809796,0.000,5.000,1.270,0.000
2025-12-05T06:19:55.840862,0.000,5.000,1.270,0.000
2025-12-05T06:19:55.870535,0.000,5.000,1.270,0.000
2025-12-05T06:19:55.902942,0.000,5.000,1.270,0.000
2025-12-05T06:19:55.940681,0.000,5.000,1.270,0.000
2025-12-05T06:19:55.975636,0.000,5.000,1.270,0.000
2025-12-05T06:19:56.009026,0.000,5.000,1.270,0.000
2025-12-05T06:19:56.041405,0.000,5.000,1.270,0.000
2025-12-05T06:19:56.073224,0.000,5.000,1.270,0.000
2025-12-05T06:19:56.102394,0.000,5.000,1.270,0.000
2025-12-05T06:19:56.138539,0.000,5.000,1.270,0.000
2025-12-05T06:19:56.170955,0.000,5.000,1.270,0.000
2025-12-05T06:19:56.199794,0.000,5.000,1.270,0.000
2025-12-05T06:19:56.229541,0.000,5.000,1.270,0.000
2025-12-05T06:19:56.263513,0.000,5.000,1.270,0.000
2025-12-05T06:19:56.297221,0.000,5.000,1.270,0.000
2025-12-05T06:19:56.332071,0.000,5.000,1.270,0.000
2025-12-05T06:19:56.363759,0.000,5.000,1.270,0.000
2025-12-05T06:19:56.396786,0.000,5.000,1.270,0.000
2025-12-05T06:19:56.427214,0.000,5.000,1.270,0.000
2025-12-05T06:19:56.456204,0.000,5.000,1.270,0.000
2025-12-05T06:19:56.491794,0.000,5.000,1.270,0.000
2025-12-05T06:19:56.522005,0.000,5.000,1.270,0.000
2025-12-05T06:19:56.555806,0.000,5.000,1.270,0.000
2025-12-05T06:19:56.592058,0.000,5.000,1.270,0.000
2025-12-05T06:19:56.624368,0.000,5.000,1.270,0.000
2025-12-05T06:19:56.657223,0.000,5.000,1.270,0.000
2025-12-05T06:19:56.686170,0.000,5.000,1.270,0.000
2025-12-05T06:19:56.717780,0.000,5.000,1.270,0.000
2025-12-05T06:19:56.749981,0.000,5.000,1.270,0.000
2025-12-05T06:19:56.784236,0.000,5.000,1.270,0.000
2025-12-05T06:19:56.818179,0.000,5.000,1.270,0.000
2025-12-05T06:19:56.850221,0.000,5.000,1.270,0.000
2025-12-05T06:19:56.884071,0.000,5.000,1.270,0.000
2025-12-05T06:19:56.921545,0.000,5.000,1.270,0.000
2025-12-05T06:19:56.948204,0.000,5.000,1.270,0.000
2025-12-05T06:19:56.979130,0.000,5.000,1.270,0.000
2025-12-05T06:19:57.014440,0.000,5.000,1.270,0.000
2025-12-05T06:19:57.045967,0.000,5.000,1.270,0.000
2025-12-05T06:19:57.081059,0.000,5.000,1.270,0.000
2025-12-05T06:19:57.113864,0.000,5.000,1.270,0.000
2025-12-05T06:19:57.145836,0.000,5.000,1.270,0.000
2025-12-05T06:19:57.173698,0.000,5.000,1.270,0.000
2025-12-05T06:19:57.207245,0.000,5.000,1.270,0.000
2025-12-05T06:19:57.240568,0.000,5.000,1.270,0.000
2025-12-05T06:19:57.275299,0.000,5.000,1.270,0.000
2025-12-05T06:19:57.308195,0.000,5.000,1.270,0.000
2025-12-05T06:19:57.340515,0.000,5.000,1.270,0.000
2025-12-05T06:19:57.372927,0.000,5.000,1.270,0.000
2025-12-05T06:19:57.401848,0.000,5.000,1.270,0.000
2025-12-05T06:19:57.436661,0.000,5.000,1.270,0.000
2025-12-05T06:19:57.470370,0.000,5.000,1.270,0.000
2025-12-05T06:19:57.502979,0.000,5.000,1.270,0.000
2025-12-05T06:19:57.537418,0.000,5.000,1.270,0.000
2025-12-05T06:19:57.567036,0.000,5.000,1.270,0.000
2025-12-05T06:19:57.599098,0.000,5.000,1.270,0.000
2025-12-05T06:19:57.636586,0.000,5.000,1.270,0.000
2025-12-05T06:19:57.668617,0.000,5.000,1.270,0.000
2025-12-05T06:19:57.701594,0.000,5.000,1.270,0.000
2025-12-05T06:19:57.733517,0.000,5.000,1.270,0.000
2025-12-05T06:19:57.761134,0.000,5.000,1.270,0.000
2025-12-05T06:19:57.795192,0.000,5.000,1.270,0.000
2025-12-05T06:19:57.826145,0.000,5.000,1.270,0.000
2025-12-05T06:19:57.859196,0.000,5.000,1.270,0.000
2025-12-05T06:19:57.896506,0.000,5.000,1.270,0.000
2025-12-05T06:19:57.927505,0.000,5.000,1.270,0.000
2025-12-05T06:19:57.960127,0.000,5.000,1.270,0.000
2025-12-05T06:19:57.992146,0.000,5.000,1.270,0.000
2025-12-05T06:19:58.024630,0.000,5.000,1.270,0.000
2025-12-05T06:19:58.056846,0.000,5.000,1.270,0.000
2025-12-05T06:19:58.090292,0.000,5.000,1.270,0.000
2025-12-05T06:19:58.124627,0.000,5.000,1.270,0.000
2025-12-05T06:19:58.161692,0.000,5.000,1.270,0.000
2025-12-05T06:19:58.189993,0.000,5.000,1.270,0.000
2025-12-05T06:19:58.221223,0.000,5.000,1.270,0.000
2025-12-05T06:19:58.250332,0.000,5.000,1.270,0.000
2025-12-05T06:19:58.280335,0.000,5.000,1.270,0.000
2025-12-05T06:19:58.313082,0.000,5.000,1.270,0.000
2025-12-05T06:19:58.346750,0.000,5.000,1.270,0.000
2025-12-05T06:19:58.376314,0.000,5.000,1.270,0.000
2025-12-05T06:19:58.408651,0.000,5.000,1.270,0.000
2025-12-05T06:19:58.446088,0.000,5.000,1.270,0.000
2025-12-05T06:19:58.479720,0.000,5.000,1.270,0.000
2025-12-05T06:19:58.514315,0.000,5.000,1.270,0.000
2025-12-05T06:19:58.543467,0.000,5.000,1.270,0.000
2025-12-05T06:19:58.576336,0.000,5.000,1.270,0.000
2025-12-05T06:19:58.606865,0.000,5.000,1.270,0.000
2025-12-05T06:19:58.640704,0.000,5.000,1.270,0.000
2025-12-05T06:19:58.673476,0.000,5.000,1.270,0.000
2025-12-05T06:19:58.707689,0.000,5.000,1.270,0.000
2025-12-05T06:19:58.741980,0.000,5.000,1.270,0.000
2025-12-05T06:19:58.773554,0.000,5.000,1.270,0.000
2025-12-05T06:19:58.801848,0.000,5.000,1.270,0.000
2025-12-05T06:19:58.831772,0.000,5.000,1.270,0.000
2025-12-05T06:19:58.862265,0.000,5.000,1.270,0.000
2025-12-05T06:19:58.896284,0.000,5.000,1.270,0.000
2025-12-05T06:19:58.927846,0.000,5.000,1.270,0.000
2025-12-05T06:19:58.960812,0.000,5.000,1.270,0.000
2025-12-05T06:19:58.996278,0.000,5.000,1.270,0.000
2025-12-05T06:19:59.027697,0.000,5.000,1.270,0.000
2025-12-05T06:19:59.059897,0.000,5.000,1.270,0.000
2025-12-05T06:19:59.090473,0.000,5.000,1.270,0.000
2025-12-05T06:19:59.124539,0.000,5.000,1.270,0.000
2025-12-05T06:19:59.158551,0.000,5.000,1.270,0.000
2025-12-05T06:19:59.193916,0.000,5.000,1.270,0.000
2025-12-05T06:19:59.225862,0.000,5.000,1.270,0.000
2025-12-05T06:19:59.256285,0.000,5.000,1.270,0.000
2025-12-05T06:19:59.284916,0.000,5.000,1.270,0.000
2025-12-05T06:19:59.316775,0.000,5.000,1.270,0.000
2025-12-05T06:19:59.349208,0.000,5.000,1.270,0.000
2025-12-05T06:19:59.385328,0.000,5.000,1.270,0.000
2025-12-05T06:19:59.414114,0.000,5.000,1.270,0.000
2025-12-05T06:19:59.447096,0.000,5.000,1.270,0.000
2025-12-05T06:19:59.480551,0.000,5.000,1.270,0.000
2025-12-05T06:19:59.513425,0.000,5.000,1.270,0.000
2025-12-05T06:19:59.543898,0.000,5.000,1.270,0.000
2025-12-05T06:19:59.575833,0.000,5.000,1.270,0.000
2025-12-05T06:19:59.608716,0.000,5.000,1.270,0.000
2025-12-05T06:19:59.646426,0.000,5.000,1.270,0.000
2025-12-05T06:19:59.680784,0.000,5.000,1.270,0.000
2025-12-05T06:19:59.712081,0.000,5.000,1.270,0.000
2025-12-05T06:19:59.747336,0.000,5.000,1.270,0.000
2025-12-05T06:19:59.777030,0.000,5.000,1.270,0.000
2025-12-05T06:19:59.806895,0.000,5.000,1.270,0.000
2025-12-05T06:19:59.837138,0.000,5.000,1.270,0.000
2025-12-05T06:19:59.869109,0.000,5.000,1.270,0.000
2025-12-05T06:19:59.900657,0.000,5.000,1.270,0.000
2025-12-05T06:19:59.935387,0.000,5.000,1.270,0.000
2025-12-05T06:19:59.968474,0.000,5.000,1.270,0.000
2025-12-05T06:19:59.998839,0.000,5.000,1.270,0.000
2025-12-05T06:20:00.031878,0.000,5.000,1.270,0.000
2025-12-05T06:20:00.064095,0.000,5.000,1.270,0.000
2025-12-05T06:20:00.094411,0.000,5.000,1.270,0.000
2025-12-05T06:20:00.128475,0.000,5.000,1.270,0.000
2025-12-05T06:20:00.160560,0.000,5.000,1.270,0.000
2025-12-05T06:20:00.209498,0.000,5.000,1.270,0.000
2025-12-05T06:20:00.232586,0.000,5.000,1.270,0.000
2025-12-05T06:20:00.266781,0.000,5.000,1.270,0.000
2025-12-05T06:20:00.299067,0.000,5.000,1.270,0.000
2025-12-05T06:20:00.329605,0.000,5.000,1.270,0.000
2025-12-05T06:20:00.360543,0.000,5.000,1.270,0.000
2025-12-05T06:20:00.391131,0.000,5.000,1.270,0.000
2025-12-05T06:20:00.424930,0.000,5.000,1.270,0.000
2025-12-05T06:20:00.454338,0.000,5.000,1.270,0.000
2025-12-05T06:20:00.489036,0.000,5.000,1.270,0.000
2025-12-05T06:20:00.521123,0.000,5.000,1.270,0.000
2025-12-05T06:20:00.552048,0.000,5.000,1.270,0.000
2025-12-05T06:20:00.583904,0.000,5.000,1.270,0.000
2025-12-05T06:20:00.616849,0.000,5.000,1.270,0.000
2025-12-05T06:20:00.649103,0.000,5.000,1.270,0.000
2025-12-05T06:20:00.686241,0.000,5.000,1.270,0.000
2025-12-05T06:20:00.716838,0.000,5.000,1.270,0.000
2025-12-05T06:20:00.749715,0.000,5.000,1.270,0.000
2025-12-05T06:20:00.780260,0.000,5.000,1.270,0.000
2025-12-05T06:20:00.809866,0.000,5.000,1.270,0.000
2025-12-05T06:20:00.851033,0.000,5.000,1.270,0.000
2025-12-05T06:20:00.879702,0.000,5.000,1.270,0.000
2025-12-05T06:20:00.913454,0.000,5.000,1.270,0.000
2025-12-05T06:20:00.941556,0.000,5.000,1.270,0.000
2025-12-05T06:20:00.973365,0.000,5.000,1.270,0.000
2025-12-05T06:20:01.003765,0.000,5.000,1.270,0.000
2025-12-05T06:20:01.038965,0.000,5.000,1.270,0.000
2025-12-05T06:20:01.071337,0.000,5.000,1.270,0.000
2025-12-05T06:20:01.103203,0.000,5.000,1.270,0.000
2025-12-05T06:20:01.134746,0.000,5.000,1.270,0.000
2025-12-05T06:20:01.164681,0.000,5.000,1.270,0.000
2025-12-05T06:20:01.198356,0.000,5.000,1.270,0.000
2025-12-05T06:20:01.228655,0.000,5.000,1.270,0.000
2025-12-05T06:20:01.262242,0.000,5.000,1.270,0.000
2025-12-05T06:20:01.296616,0.000,5.000,1.270,0.000
2025-12-05T06:20:01.329209,0.000,5.000,1.270,0.000
2025-12-05T06:20:01.362208,0.000,5.000,1.270,0.000
2025-12-05T06:20:01.396338,0.000,5.000,1.270,0.000
2025-12-05T06:20:01.427783,0.000,5.000,1.270,0.000
2025-12-05T06:20:01.459426,0.000,5.000,1.270,0.000
2025-12-05T06:20:01.488215,0.000,5.000,1.270,0.000
2025-12-05T06:20:01.517394,0.000,5.000,1.270,0.000
2025-12-05T06:20:01.546478,0.000,5.000,1.270,0.000
2025-12-05T06:20:01.582615,0.000,5.000,1.270,0.000
2025-12-05T06:20:01.616198,0.000,5.000,1.270,0.000
2025-12-05T06:20:01.647145,0.000,5.000,1.270,0.000
2025-12-05T06:20:01.682471,0.000,5.000,1.270,0.000
2025-12-05T06:20:01.712566,0.000,5.000,1.270,0.000
2025-12-05T06:20:01.744368,0.000,5.000,1.270,0.000
2025-12-05T06:20:01.777277,0.000,5.000,1.270,0.000
2025-12-05T06:20:01.808635,0.000,5.000,1.270,0.000
2025-12-05T06:20:01.837225,0.000,5.000,1.270,0.000
2025-12-05T06:20:01.867009,0.000,5.000,1.270,0.000
2025-12-05T06:20:01.897789,0.000,5.000,1.270,0.000
2025-12-05T06:20:01.931157,0.000,5.000,1.270,0.000
2025-12-05T06:20:01.966048,0.000,5.000,1.270,0.000
2025-12-05T06:20:01.999406,0.000,5.000,1.270,0.000
2025-12-05T06:20:02.029572,0.000,5.000,1.270,0.000
2025-12-05T06:20:02.061835,0.000,5.000,1.270,0.000
2025-12-05T06:20:02.096599,0.000,5.000,1.270,0.000
2025-12-05T06:20:02.127440,0.000,5.000,1.270,0.000
2025-12-05T06:20:02.159377,0.000,5.000,1.270,0.000
2025-12-05T06:20:02.191484,0.000,5.000,1.270,0.000
2025-12-05T06:20:02.230903,0.000,5.000,1.270,0.000
2025-12-05T06:20:02.262758,0.000,5.000,1.270,0.000
2025-12-05T06:20:02.296469,0.000,5.000,1.270,0.000
2025-12-05T06:20:02.326156,0.000,5.000,1.270,0.000
2025-12-05T06:20:02.355626,0.000,5.000,1.270,0.000
2025-12-05T06:20:02.386640,0.000,5.000,1.270,0.000
2025-12-05T06:20:02.420922,0.000,5.000,1.270,0.000
2025-12-05T06:20:02.454368,0.000,5.000,1.270,0.000
2025-12-05T06:20:02.490849,0.000,5.000,1.270,0.000
2025-12-05T06:20:02.522373,0.000,5.000,1.270,0.000
2025-12-05T06:20:02.552018,0.000,5.000,1.270,0.000
2025-12-05T06:20:02.583950,0.000,5.000,1.270,0.000
2025-12-05T06:20:02.615215,0.000,5.000,1.270,0.000
2025-12-05T06:20:02.646698,0.000,5.000,1.270,0.000
2025-12-05T06:20:02.680304,0.000,5.000,1.270,0.000
2025-12-05T06:20:02.712357,0.000,5.000,1.270,0.000
2025-12-05T06:20:02.748349,0.000,5.000,1.270,0.000
2025-12-05T06:20:02.781086,0.000,5.000,1.270,0.000
2025-12-05T06:20:02.812878,0.000,5.000,1.270,0.000
2025-12-05T06:20:02.844672,0.000,5.000,1.270,0.000
2025-12-05T06:20:02.877561,0.000,5.000,1.270,0.000
2025-12-05T06:20:02.903525,0.000,5.000,1.270,0.000
2025-12-05T06:20:02.937578,0.000,5.000,1.270,0.000
2025-12-05T06:20:02.967462,0.000,5.000,1.270,0.000
2025-12-05T06:20:03.000512,0.000,5.000,1.270,0.000
2025-12-05T06:20:03.032812,0.000,5.000,1.270,0.000
2025-12-05T06:20:03.078951,0.000,5.000,1.270,-0.029
2025-12-05T06:20:03.100590,0.000,5.000,1.270,-0.058
2025-12-05T06:20:03.134863,0.000,5.000,1.270,-0.086
2025-12-05T06:20:03.167070,0.000,5.000,1.270,-0.115
2025-12-05T06:20:03.199012,0.000,5.000,1.270,-0.144
2025-12-05T06:20:03.231539,0.000,5.000,1.270,-0.172
2025-12-05T06:20:03.266531,0.000,5.000,1.270,-0.200
2025-12-05T06:20:03.299642,0.000,5.000,1.270,-0.228
2025-12-05T06:20:03.330182,0.000,5.000,1.270,-0.256
2025-12-05T06:20:03.363763,0.000,5.000,1.270,-0.284
2025-12-05T06:20:03.395100,0.000,5.000,1.270,-0.312
2025-12-05T06:20:03.428202,0.000,5.000,1.270,-0.339
2025-12-05T06:20:03.461646,0.000,5.000,1.270,-0.366
2025-12-05T06:20:03.496348,0.000,5.000,1.270,-0.392
2025-12-05T06:20:03.527211,0.000,5.000,1.270,-0.419
2025-12-05T06:20:03.558552,0.000,5.000,1.270,-0.445
2025-12-05T06:20:03.587414,0.000,5.000,1.270,-0.470
2025-12-05T06:20:03.616889,0.000,5.000,1.270,-0.495
2025-12-05T06:20:03.648240,0.000,5.000,1.270,-0.520
2025-12-05T06:20:03.682711,0.000,5.000,1.270,-0.545
2025-12-05T06:20:03.715831,0.000,5.000,1.270,-0.569
2025-12-05T06:20:03.750971,0.000,5.000,1.270,-0.592
2025-12-05T06:20:03.784149,0.000,5.000,1.270,-0.615
2025-12-05T06:20:03.811961,0.000,5.000,1.270,-0.637
2025-12-05T06:20:03.846887,0.000,5.000,1.270,-0.659
2025-12-05T06:20:03.879448,0.000,5.000,1.270,-0.681
2025-12-05T06:20:03.912728,0.000,5.000,1.270,-0.702
2025-12-05T06:20:03.942968,0.000,5.000,1.270,-0.722
2025-12-05T06:20:03.973173,0.000,5.000,1.270,-0.741
2025-12-05T06:20:04.007983,0.000,5.000,1.270,-0.760
2025-12-05T06:20:04.042229,0.000,5.000,1.270,-0.779
2025-12-05T06:20:04.073151,0.000,5.000,1.270,-0.797
2025-12-05T06:20:04.108782,0.000,5.000,1.270,-0.814
2025-12-05T06:20:04.143443,0.000,5.000,1.270,-0.830
2025-12-05T06:20:04.169405,0.000,5.000,1.270,-0.846
2025-12-05T06:20:04.198722,0.000,5.000,1.270,-0.861
2025-12-05T06:20:04.235480,0.000,5.000,1.270,-0.875
2025-12-05T06:20:04.269684,0.000,5.000,1.270,-0.889
2025-12-05T06:20:04.297357,0.000,5.000,1.270,-0.901
2025-12-05T06:20:04.334015,0.000,5.000,1.270,-0.914
2025-12-05T06:20:04.367467,0.000,5.000,1.270,-0.925
2025-12-05T06:20:04.399090,0.000,5.000,1.270,-0.935
2025-12-05T06:20:04.431390,0.000,5.000,1.270,-0.945
2025-12-05T06:20:04.462947,0.000,5.000,1.270,-0.954
2025-12-05T06:20:04.497321,0.000,5.000,1.270,-0.962
2025-12-05T06:20:04.527876,0.000,5.000,1.270,-0.970
2025-12-05T06:20:04.560452,0.000,5.000,1.270,-0.977
2025-12-05T06:20:04.597899,0.000,5.000,1.270,-0.982
2025-12-05T06:20:04.627649,0.000,5.000,1.270,-0.987
2025-12-05T06:20:04.658368,0.000,5.000,1.270,-0.991
2025-12-05T06:20:04.691549,0.000,5.000,1.270,-0.995
2025-12-05T06:20:04.724266,0.000,5.000,1.270,-0.997
2025-12-05T06:20:04.755216,0.000,5.000,1.270,-0.999
2025-12-05T06:20:04.785409,0.000,5.000,1.270,-1.000
2025-12-05T06:20:04.818450,0.000,5.000,1.270,1.000
2025-12-05T06:20:04.854651,0.000,5.000,1.270,0.999
2025-12-05T06:20:04.887913,0.000,5.000,1.270,0.997
2025-12-05T06:20:04.918235,0.000,5.000,1.270,0.995
2025-12-05T06:20:04.950679,0.000,5.000,1.270,0.992
2025-12-05T06:20:04.983247,0.000,5.000,1.270,0.988
2025-12-05T06:20:05.014364,0.000,5.000,1.270,0.983
2025-12-05T06:20:05.048500,0.000,5.000,1.270,0.977
2025-12-05T06:20:05.086049,0.000,5.000,1.270,0.970
2025-12-05T06:20:05.114410,0.000,5.000,1.270,0.963
2025-12-05T06:20:05.148201,0.000,5.000,1.270,0.955
2025-12-05T06:20:05.181254,0.000,5.000,1.270,0.946
2025-12-05T06:20:05.209631,0.000,5.000,1.270,0.936
2025-12-05T06:20:05.241560,0.000,5.000,1.270,0.926
2025-12-05T06:20:05.273204,0.000,5.000,1.270,0.915
2025-12-05T06:20:05.305577,0.000,5.000,1.270,0.903
2025-12-05T06:20:05.343439,0.000,5.000,1.270,0.890
2025-12-05T06:20:05.376170,0.000,5.000,1.270,0.876
2025-12-05T06:20:05.408573,0.000,5.000,1.270,0.862
2025-12-05T06:20:05.439870,0.000,5.000,1.270,0.847
2025-12-05T06:20:05.467820,0.000,5.000,1.270,0.831
2025-12-05T06:20:05.501783,0.000,5.000,1.270,0.815
2025-12-05T06:20:05.533840,0.000,5.000,1.270,0.798
2025-12-05T06:20:05.566840,-0.005,5.017,1.270,0.798
2025-12-05T06:20:05.601846,-0.010,5.035,1.270,0.798
2025-12-05T06:20:05.633928,-0.015,5.052,1.270,0.798
2025-12-05T06:20:05.666869,-0.020,5.070,1.270,0.798
2025-12-05T06:20:05.698833,-0.025,5.088,1.270,0.798
2025-12-05T06:20:05.730925,-0.030,5.106,1.270,0.798
2025-12-05T06:20:05.762320,-0.035,5.124,1.270,0.798
2025-12-05T06:20:05.795283,-0.040,5.142,1.270,0.798
2025-12-05T06:20:05.827679,-0.046,5.160,1.270,0.798
2025-12-05T06:20:05.864163,-0.051,5.178,1.270,0.798
2025-12-05T06:20:05.894686,-0.056,5.197,1.270,0.798
2025-12-05T06:20:05.927771,-0.061,5.215,1.270,0.798
2025-12-05T06:20:05.960210,-0.067,5.234,1.270,0.798
2025-12-05T06:20:05.992961,-0.072,5.253,1.270,0.798
2025-12-05T06:20:06.027098,-0.077,5.271,1.270,0.798
2025-12-05T06:20:06.057989,-0.083,5.290,1.270,0.798
2025-12-05T06:20:06.090400,-0.088,5.309,1.270,0.798
2025-12-05T06:20:06.124233,-0.093,5.328,1.270,0.798
2025-12-05T06:20:06.156730,-0.099,5.347,1.270,0.798
2025-12-05T06:20:06.191910,-0.104,5.366,1.270,0.798
2025-12-05T06:20:06.223795,-0.110,5.385,1.270,0.798
2025-12-05T06:20:06.250547,-0.115,5.404,1.270,0.798
2025-12-05T06:20:06.283647,-0.120,5.423,1.270,0.798
2025-12-05T06:20:06.317110,-0.126,5.442,1.270,0.798
2025-12-05T06:20:06.347253,-0.131,5.462,1.270,0.798
2025-12-05T06:20:06.378807,-0.137,5.481,1.270,0.798
2025-12-05T06:20:06.415137,-0.142,5.500,1.270,0.798
2025-12-05T06:20:06.447384,-0.148,5.520,1.270,0.798
2025-12-05T06:20:06.479223,-0.153,5.539,1.270,0.798
2025-12-05T06:20:06.510841,-0.159,5.558,1.270,0.798
2025-12-05T06:20:06.542475,-0.164,5.578,1.270,0.798
2025-12-05T06:20:06.572498,-0.170,5.597,1.270,0.798
2025-12-05T06:20:06.606422,-0.175,5.616,1.270,0.798
2025-12-05T06:20:06.645472,-0.181,5.636,1.270,0.798
2025-12-05T06:20:06.676103,-0.182,5.638,1.270,0.780
2025-12-05T06:20:06.708860,-0.182,5.640,1.270,0.762
2025-12-05T06:20:06.743467,-0.183,5.642,1.270,0.743
2025-12-05T06:20:06.768871,-0.183,5.644,1.270,0.723
2025-12-05T06:20:06.806028,-0.184,5.646,1.270,0.703
2025-12-05T06:20:06.835513,-0.184,5.647,1.270,0.683
2025-12-05T06:20:06.867578,-0.185,5.649,1.270,0.661
2025-12-05T06:20:06.900724,-0.185,5.650,1.270,0.639
2025-12-05T06:20:06.935663,-0.185,5.651,1.270,0.617
2025-12-05T06:20:06.967010,-0.186,5.653,1.270,0.594
2025-12-05T06:20:06.999245,-0.186,5.654,1.270,0.571
2025-12-05T06:20:07.030006,-0.186,5.655,1.270,0.547
2025-12-05T06:20:07.062305,-0.187,5.656,1.270,0.522
2025-12-05T06:20:07.094649,-0.187,5.657,1.270,0.498
2025-12-05T06:20:07.128387,-0.187,5.658,1.270,0.472
2025-12-05T06:20:07.163141,-0.177,5.674,1.270,0.472
2025-12-05T06:20:07.195808,-0.168,5.689,1.270,0.472
2025-12-05T06:20:07.226383,-0.158,5.705,1.270,0.472
2025-12-05T06:20:07.259429,-0.148,5.721,1.270,0.472
2025-12-05T06:20:07.288226,-0.138,5.737,1.270,0.472
2025-12-05T06:20:07.320389,-0.128,5.753,1.270,0.472
2025-12-05T06:20:07.353513,-0.117,5.770,1.270,0.472
2025-12-05T06:20:07.388568,-0.107,5.786,1.270,0.472
2025-12-05T06:20:07.416170,-0.097,5.802,1.270,0.472
2025-12-05T06:20:07.456720,-0.086,5.818,1.270,0.472
2025-12-05T06:20:07.482456,-0.076,5.835,1.270,0.472
2025-12-05T06:20:07.520048,-0.065,5.851,1.270,0.472
2025-12-05T06:20:07.552505,-0.055,5.868,1.270,0.472
2025-12-05T06:20:07.581661,-0.044,5.884,1.270,0.472
2025-12-05T06:20:07.615423,-0.033,5.901,1.270,0.472
2025-12-05T06:20:07.651066,-0.022,5.917,1.270,0.472
2025-12-05T06:20:07.679927,-0.012,5.934,1.270,0.472
2025-12-05T06:20:07.713453,-0.001,5.951,1.270,0.472
2025-12-05T06:20:07.749707,0.010,5.967,1.270,0.472
2025-12-05T06:20:07.787141,0.021,5.984,1.270,0.472
2025-12-05T06:20:07.816939,0.032,6.001,1.270,0.472
2025-12-05T06:20:07.854301,0.043,6.018,1.270,0.472
2025-12-05T06:20:07.881764,0.054,6.034,1.270,0.472
2025-12-05T06:20:07.909125,0.065,6.051,1.270,0.472
2025-12-05T06:20:07.939829,0.076,6.068,1.270,0.472
2025-12-05T06:20:07.973709,0.087,6.085,1.270,0.472
2025-12-05T06:20:08.006571,0.098,6.102,1.270,0.472
2025-12-05T06:20:08.038478,0.109,6.118,1.270,0.472
2025-12-05T06:20:08.072738,0.120,6.135,1.270,0.472
2025-12-05T06:20:08.108845,0.131,6.152,1.270,0.472
2025-12-05T06:20:08.144900,0.142,6.169,1.270,0.472
2025-12-05T06:20:08.179677,0.153,6.186,1.270,0.472
2025-12-05T06:20:08.211279,0.164,6.203,1.270,0.472
2025-12-05T06:20:08.241780,0.176,6.220,1.270,0.472
2025-12-05T06:20:08.271824,0.187,6.237,1.270,0.472
2025-12-05T06:20:08.302208,0.198,6.254,1.270,0.472
2025-12-05T06:20:08.335122,0.209,6.271,1.270,0.472
2025-12-05T06:20:08.367739,0.220,6.288,1.270,0.472
2025-12-05T06:20:08.398040,0.232,6.305,1.270,0.472
2025-12-05T06:20:08.431480,0.243,6.322,1.270,0.472
2025-12-05T06:20:08.465742,0.254,6.339,1.270,0.472
2025-12-05T06:20:08.500034,0.265,6.356,1.270,0.472
2025-12-05T06:20:08.528257,0.277,6.373,1.270,0.472
2025-12-05T06:20:08.559704,0.288,6.390,1.270,0.472
2025-12-05T06:20:08.596156,0.299,6.407,1.270,0.472
2025-12-05T06:20:08.626279,0.310,6.424,1.270,0.472
2025-12-05T06:20:08.662331,0.322,6.441,1.270,0.472
2025-12-05T06:20:08.700061,0.333,6.458,1.270,0.472
2025-12-05T06:20:08.728802,0.344,6.475,1.270,0.472
2025-12-05T06:20:08.764008,0.356,6.492,1.270,0.472
2025-12-05T06:20:08.795615,0.367,6.509,1.270,0.472
2025-12-05T06:20:08.827686,0.378,6.526,1.270,0.472
2025-12-05T06:20:08.857053,0.389,6.543,1.270,0.472
2025-12-05T06:20:08.885853,0.401,6.560,1.270,0.472
2025-12-05T06:20:08.917173,0.412,6.577,1.270,0.472
2025-12-05T06:20:08.948341,0.423,6.594,1.270,0.472
2025-12-05T06:20:08.978965,0.435,6.611,1.270,0.472
2025-12-05T06:20:09.010842,0.446,6.628,1.270,0.472
2025-12-05T06:20:09.040985,0.457,6.645,1.270,0.472
2025-12-05T06:20:09.082251,0.469,6.662,1.270,0.472
2025-12-05T06:20:09.114733,0.480,6.679,1.270,0.472
2025-12-05T06:20:09.152290,0.491,6.696,1.270,0.472
2025-12-05T06:20:09.185356,0.503,6.713,1.270,0.472
2025-12-05T06:20:09.215486,0.514,6.730,1.270,0.472
2025-12-05T06:20:09.247268,0.525,6.747,1.270,0.472
2025-12-05T06:20:09.277897,0.537,6.764,1.270,0.472
2025-12-05T06:20:09.308311,0.548,6.781,1.270,0.472
2025-12-05T06:20:09.346364,0.559,6.798,1.270,0.472
2025-12-05T06:20:09.367193,0.571,6.816,1.270,0.472
2025-12-05T06:20:09.402469,0.582,6.833,1.270,0.472
2025-12-05T06:20:09.435193,0.593,6.850,1.270,0.472
2025-12-05T06:20:09.466418,0.605,6.867,1.270,0.472
2025-12-05T06:20:09.497582,0.616,6.884,1.270,0.472
2025-12-05T06:20:09.531791,0.627,6.901,1.270,0.472
2025-12-05T06:20:09.564196,0.639,6.918,1.270,0.472
2025-12-05T06:20:09.598295,0.650,6.935,1.270,0.472
2025-12-05T06:20:09.633732,0.661,6.952,1.270,0.472
2025-12-05T06:20:09.660598,0.673,6.969,1.270,0.472
2025-12-05T06:20:09.698427,0.684,6.986,1.270,0.472
2025-12-05T06:20:09.728193,0.695,7.003,1.270,0.472
2025-12-05T06:20:09.765832,0.707,7.020,1.270,0.472
2025-12-05T06:20:09.800121,0.718,7.037,1.270,0.472
2025-12-05T06:20:09.832602,0.729,7.054,1.270,0.472
2025-12-05T06:20:09.862656,0.741,7.071,1.270,0.472
2025-12-05T06:20:09.892323,0.752,7.088,1.270,0.472
2025-12-05T06:20:09.923840,0.762,7.105,1.270,0.472
2025-12-05T06:20:09.956152,0.772,7.123,1.270,0.472
2025-12-05T06:20:09.990333,0.782,7.140,1.270,0.472
2025-12-05T06:20:10.024071,0.791,7.157,1.270,0.472
2025-12-05T06:20:10.057623,0.799,7.174,1.270,0.472
2025-12-05T06:20:10.091369,0.807,7.191,1.270,0.472
2025-12-05T06:20:10.127414,0.813,7.208,1.270,0.472
2025-12-05T06:20:10.160148,0.819,7.225,1.270,0.472
2025-12-05T06:20:10.191736,0.824,7.242,1.270,0.472
2025-12-05T06:20:10.223930,0.828,7.259,1.270,0.472
2025-12-05T06:20:10.252358,0.831,7.276,1.270,0.472
2025-12-05T06:20:10.287211,0.833,7.293,1.270,0.472
2025-12-05T06:20:10.317671,0.835,7.310,1.270,0.472
2025-12-05T06:20:10.352047,0.835,7.327,1.270,0.472
2025-12-05T06:20:10.388517,0.835,7.344,1.270,0.472
2025-12-05T06:20:10.419281,0.835,7.361,1.270,0.472
2025-12-05T06:20:10.450917,0.833,7.378,1.270,0.472
2025-12-05T06:20:10.483512,0.831,7.395,1.270,0.472
2025-12-05T06:20:10.511240,0.829,7.412,1.270,0.472
2025-12-05T06:20:10.541240,0.826,7.429,1.270,0.472
2025-12-05T06:20:10.571788,0.823,7.447,1.270,0.472
2025-12-05T06:20:10.603455,0.819,7.464,1.270,0.472
2025-12-05T06:20:10.641326,0.815,7.481,1.270,0.472
2025-12-05T06:20:10.671808,0.811,7.498,1.270,0.472
2025-12-05T06:20:10.710226,0.807,7.515,1.270,0.472
2025-12-05T06:20:10.738336,0.803,7.532,1.270,0.472
2025-12-05T06:20:10.767446,0.799,7.549,1.270,0.472
2025-12-05T06:20:10.800976,0.795,7.566,1.270,0.472
2025-12-05T06:20:10.835977,0.791,7.583,1.270,0.472
2025-12-05T06:20:10.867477,0.788,7.601,1.270,0.472
2025-12-05T06:20:10.901307,0.784,7.618,1.270,0.472
2025-12-05T06:20:10.939086,0.781,7.635,1.270,0.472
2025-12-05T06:20:10.969850,0.778,7.652,1.270,0.472
2025-12-05T06:20:10.999398,0.776,7.669,1.270,0.472
2025-12-05T06:20:11.032059,0.773,7.686,1.270,0.472
2025-12-05T06:20:11.062895,0.771,7.703,1.270,0.472
2025-12-05T06:20:11.093347,0.760,7.705,1.270,0.447
2025-12-05T06:20:11.127329,0.748,7.707,1.270,0.421
2025-12-05T06:20:11.161185,0.737,7.709,1.270,0.395
2025-12-05T06:20:11.193644,0.726,7.711,1.270,0.368
2025-12-05T06:20:11.228351,0.716,7.713,1.270,0.341
2025-12-05T06:20:11.262714,0.707,7.714,1.270,0.314
2025-12-05T06:20:11.292952,0.698,7.716,1.270,0.286
2025-12-05T06:20:11.323462,0.690,7.717,1.270,0.259
2025-12-05T06:20:11.355813,0.682,7.718,1.270,0.231
2025-12-05T06:20:11.392030,0.675,7.719,1.270,0.203
2025-12-05T06:20:11.425229,0.668,7.721,1.270,0.174
2025-12-05T06:20:11.454433,0.661,7.722,1.270,0.146
2025-12-05T06:20:11.486126,0.656,7.723,1.270,0.117
2025-12-05T06:20:11.517396,0.650,7.723,1.270,0.089
2025-12-05T06:20:11.547755,0.645,7.724,1.270,0.060
2025-12-05T06:20:11.579398,0.640,7.725,1.270,0.031
2025-12-05T06:20:11.612882,0.635,7.726,1.270,0.002
2025-12-05T06:20:11.641224,0.631,7.726,1.270,-0.026
2025-12-05T06:20:11.676178,0.627,7.727,1.270,-0.055
2025-12-05T06:20:11.708419,0.623,7.728,1.270,-0.084
2025-12-05T06:20:11.740658,0.620,7.728,1.270,-0.113
2025-12-05T06:20:11.779012,0.616,7.729,1.270,-0.141
2025-12-05T06:20:11.813694,0.613,7.729,1.270,-0.170
2025-12-05T06:20:11.852873,0.610,7.730,1.270,-0.198
2025-12-05T06:20:11.876576,0.608,7.730,1.270,-0.226
2025-12-05T06:20:11.909295,0.605,7.731,1.270,-0.254
2025-12-05T06:20:11.939763,0.603,7.731,1.270,-0.282
2025-12-05T06:20:11.974030,0.601,7.731,1.270,-0.309
2025-12-05T06:20:12.000638,0.599,7.732,1.270,-0.337
2025-12-05T06:20:12.043255,0.597,7.732,1.270,-0.363
2025-12-05T06:20:12.079200,0.595,7.732,1.270,-0.390
2025-12-05T06:20:12.105895,0.593,7.732,1.270,-0.417
2025-12-05T06:20:12.138609,0.592,7.733,1.270,-0.443
2025-12-05T06:20:12.168804,0.590,7.733,1.270,-0.468
2025-12-05T06:20:12.197634,0.589,7.733,1.270,-0.493
2025-12-05T06:20:12.232702,0.587,7.733,1.270,-0.518
2025-12-05T06:20:12.269011,0.586,7.734,1.270,-0.543
2025-12-05T06:20:12.299783,0.585,7.734,1.270,-0.567
2025-12-05T06:20:12.338024,0.584,7.734,1.270,-0.590
2025-12-05T06:20:12.371008,0.583,7.734,1.270,-0.613
2025-12-05T06:20:12.403597,0.582,7.734,1.270,-0.636
2025-12-05T06:20:12.439614,0.581,7.734,1.270,-0.658
2025-12-05T06:20:12.467177,0.580,7.735,1.270,-0.679
2025-12-05T06:20:12.499322,0.580,7.735,1.270,-0.700
2025-12-05T06:20:12.531197,0.579,7.735,1.270,-0.720
2025-12-05T06:20:12.561186,0.578,7.735,1.270,-0.740
2025-12-05T06:20:12.593291,0.578,7.735,1.270,-0.759
2025-12-05T06:20:12.627935,0.577,7.735,1.270,-0.777
2025-12-05T06:20:12.658457,0.576,7.735,1.270,-0.795
2025-12-05T06:20:12.686493,0.576,7.735,1.270,-0.812
2025-12-05T06:20:12.726383,0.575,7.735,1.270,-0.829
2025-12-05T06:20:12.760515,0.575,7.735,1.270,-0.844
2025-12-05T06:20:12.794751,0.575,7.735,1.270,-0.860
2025-12-05T06:20:12.828413,0.574,7.735,1.270,-0.874
2025-12-05T06:20:12.855208,0.574,7.736,1.270,-0.888
2025-12-05T06:20:12.892874,0.573,7.736,1.270,-0.900
2025-12-05T06:20:12.920320,0.573,7.736,1.270,-0.913
2025-12-05T06:20:12.956997,0.573,7.736,1.270,-0.924
2025-12-05T06:20:12.986942,0.573,7.736,1.270,-0.935
2025-12-05T06:20:13.018862,0.572,7.736,1.270,-0.944
2025-12-05T06:20:13.052516,0.572,7.736,1.270,-0.954
2025-12-05T06:20:13.086900,0.572,7.736,1.270,-0.962
2025-12-05T06:20:13.119228,0.572,7.736,1.270,-0.969
2025-12-05T06:20:13.149459,0.571,7.736,1.270,-0.976
2025-12-05T06:20:13.182838,0.571,7.736,1.270,-0.982
2025-12-05T06:20:13.213439,0.571,7.736,1.270,-0.987
2025-12-05T06:20:13.251606,0.571,7.736,1.270,-0.991
2025-12-05T06:20:13.276227,0.571,7.736,1.270,-0.995
2025-12-05T06:20:13.311239,0.571,7.736,1.270,-0.997
2025-12-05T06:20:13.342488,0.570,7.736,1.270,-0.999
2025-12-05T06:20:13.376814,0.570,7.736,1.270,-1.000
2025-12-05T06:20:13.410298,0.570,7.736,1.270,1.000
2025-12-05T06:20:13.442616,0.570,7.736,1.270,0.999
2025-12-05T06:20:13.482175,0.570,7.736,1.270,0.998
2025-12-05T06:20:13.508466,0.570,7.736,1.270,0.995
2025-12-05T06:20:13.539026,0.570,7.736,1.270,0.992
2025-12-05T06:20:13.574474,0.570,7.736,1.270,0.988
2025-12-05T06:20:13.606322,0.570,7.736,1.270,0.983
2025-12-05T06:20:13.638221,0.570,7.736,1.270,0.978
2025-12-05T06:20:13.670231,0.569,7.736,1.270,0.971
2025-12-05T06:20:13.701415,0.569,7.736,1.270,0.964
2025-12-05T06:20:13.736436,0.569,7.736,1.270,0.956
2025-12-05T06:20:13.767643,0.554,7.746,1.270,0.956
2025-12-05T06:20:13.795466,0.539,7.757,1.270,0.956
2025-12-05T06:20:13.834483,0.524,7.767,1.270,0.956
2025-12-05T06:20:13.867240,0.509,7.777,1.270,0.956
2025-12-05T06:20:13.897966,0.494,7.788,1.270,0.956
2025-12-05T06:20:13.930074,0.478,7.798,1.270,0.956
2025-12-05T06:20:13.960266,0.463,7.809,1.270,0.956
2025-12-05T06:20:13.992092,0.447,7.819,1.270,0.956
2025-12-05T06:20:14.024742,0.431,7.830,1.270,0.956
2025-12-05T06:20:14.061359,0.416,7.841,1.270,0.956
2025-12-05T06:20:14.094308,0.400,7.852,1.270,0.956
2025-12-05T06:20:14.127903,0.384,7.862,1.270,0.956
2025-12-05T06:20:14.159099,0.368,7.873,1.270,0.956
2025-12-05T06:20:14.188443,0.352,7.884,1.270,0.956
2025-12-05T06:20:14.223202,0.335,7.895,1.270,0.956
2025-12-05T06:20:14.258664,0.319,7.906,1.270,0.956
2025-12-05T06:20:14.288435,0.303,7.917,1.270,0.956
2025-12-05T06:20:14.318695,0.287,7.928,1.270,0.956
2025-12-05T06:20:14.360155,0.270,7.939,1.270,0.956
2025-12-05T06:20:14.389223,0.254,7.950,1.270,0.956
2025-12-05T06:20:14.423210,0.238,7.962,1.270,0.956
2025-12-05T06:20:14.449978,0.221,7.973,1.270,0.956
2025-12-05T06:20:14.483236,0.205,7.984,1.270,0.956
2025-12-05T06:20:14.521665,0.188,7.995,1.270,0.956
2025-12-05T06:20:14.547889,0.172,8.006,1.270,0.956
2025-12-05T06:20:14.583119,0.155,8.018,1.270,0.956
2025-12-05T06:20:14.615001,0.139,8.029,1.270,0.956
2025-12-05T06:20:14.645370,0.122,8.040,1.270,0.956
2025-12-05T06:20:14.677818,0.105,8.052,1.270,0.956
2025-12-05T06:20:14.708987,0.089,8.063,1.270,0.956
2025-12-05T06:20:14.742182,0.072,8.074,1.270,0.956
2025-12-05T06:20:14.775988,0.055,8.086,1.270,0.956
2025-12-05T06:20:14.809267,0.039,8.097,1.270,0.956
2025-12-05T06:20:14.845330,0.022,8.108,1.270,0.956
2025-12-05T06:20:14.874514,0.005,8.120,1.270,0.956
2025-12-05T06:20:14.902163,-0.011,8.131,1.270,0.956
2025-12-05T06:20:14.931205,-0.028,8.143,1.270,0.956
2025-12-05T06:20:14.963900,-0.045,8.154,1.270,0.956
2025-12-05T06:20:14.996281,-0.062,8.165,1.270,0.956
2025-12-05T06:20:15.032019,-0.079,8.177,1.270,0.956
2025-12-05T06:20:15.065827,-0.095,8.188,1.270,0.956
2025-12-05T06:20:15.098426,-0.112,8.200,1.270,0.956
2025-12-05T06:20:15.130205,-0.114,8.201,1.270,0.947
2025-12-05T06:20:15.163188,-0.116,8.202,1.270,0.937
2025-12-05T06:20:15.194264,-0.118,8.204,1.270,0.927
2025-12-05T06:20:15.227367,-0.120,8.205,1.270,0.916
2025-12-05T06:20:15.259725,-0.121,8.206,1.270,0.904
2025-12-05T06:20:15.290473,-0.123,8.207,1.270,0.891
2025-12-05T06:20:15.325466,-0.124,8.208,1.270,0.877
2025-12-05T06:20:15.358396,-0.125,8.208,1.270,0.863
2025-12-05T06:20:15.394171,-0.135,8.225,1.270,0.863
2025-12-05T06:20:15.425503,-0.145,8.241,1.270,0.863
2025-12-05T06:20:15.459811,-0.155,8.258,1.270,0.863
2025-12-05T06:20:15.491179,-0.165,8.275,1.270,0.863
2025-12-05T06:20:15.522657,-0.175,8.291,1.270,0.863
2025-12-05T06:20:15.553124,-0.185,8.308,1.270,0.863
2025-12-05T06:20:15.588137,-0.195,8.325,1.270,0.863
2025-12-05T06:20:15.618799,-0.205,8.342,1.270,0.863
2025-12-05T06:20:15.652420,-0.215,8.359,1.270,0.863
2025-12-05T06:20:15.688239,-0.225,8.376,1.270,0.863
2025-12-05T06:20:15.721827,-0.235,8.393,1.270,0.863
2025-12-05T06:20:15.753699,-0.245,8.411,1.270,0.863
2025-12-05T06:20:15.782644,-0.255,8.428,1.270,0.863
2025-12-05T06:20:15.812074,-0.265,8.445,1.270,0.863
2025-12-05T06:20:15.842048,-0.275,8.462,1.270,0.863
2025-12-05T06:20:15.874396,-0.285,8.480,1.270,0.863
2025-12-05T06:20:15.903857,-0.295,8.497,1.270,0.863
2025-12-05T06:20:15.939257,-0.305,8.514,1.270,0.863
2025-12-05T06:20:15.973561,-0.315,8.532,1.270,0.863
2025-12-05T06:20:16.008951,-0.325,8.549,1.270,0.863
2025-12-05T06:20:16.037124,-0.335,8.567,1.270,0.863
2025-12-05T06:20:16.071079,-0.345,8.584,1.270,0.863
2025-12-05T06:20:16.100916,-0.355,8.602,1.270,0.863
2025-12-05T06:20:16.134234,-0.365,8.619,1.270,0.863
2025-12-05T06:20:16.169700,-0.375,8.637,1.270,0.863
2025-12-05T06:20:16.201202,-0.385,8.655,1.270,0.863
2025-12-05T06:20:16.233763,-0.395,8.672,1.270,0.863
2025-12-05T06:20:16.265071,-0.406,8.690,1.270,0.863
2025-12-05T06:20:16.299153,-0.416,8.707,1.270,0.863
2025-12-05T06:20:16.333189,-0.426,8.725,1.270,0.863
2025-12-05T06:20:16.367981,-0.436,8.743,1.270,0.863
2025-12-05T06:20:16.397985,-0.446,8.761,1.270,0.863
2025-12-05T06:20:16.428365,-0.456,8.778,1.270,0.863
2025-12-05T06:20:16.462931,-0.466,8.796,1.270,0.863
2025-12-05T06:20:16.490074,-0.476,8.814,1.270,0.863
2025-12-05T06:20:16.524601,-0.486,8.831,1.270,0.863
2025-12-05T06:20:16.550316,-0.496,8.849,1.270,0.863
2025-12-05T06:20:16.583814,-0.506,8.867,1.270,0.863
2025-12-05T06:20:16.620185,-0.516,8.885,1.270,0.863
2025-12-05T06:20:16.656055,-0.526,8.902,1.270,0.863
2025-12-05T06:20:16.691099,-0.536,8.920,1.270,0.863
2025-12-05T06:20:16.727326,-0.546,8.938,1.270,0.863
2025-12-05T06:20:16.764068,-0.556,8.956,1.270,0.863
2025-12-05T06:20:16.795024,-0.566,8.974,1.270,0.863
2025-12-05T06:20:16.828730,-0.576,8.991,1.270,0.863
2025-12-05T06:20:16.860333,-0.586,9.009,1.270,0.863
2025-12-05T06:20:16.889804,-0.596,9.027,1.270,0.863
2025-12-05T06:20:16.921212,-0.606,9.045,1.270,0.863
2025-12-05T06:20:16.953382,-0.617,9.063,1.270,0.863
2025-12-05T06:20:16.986006,-0.627,9.080,1.270,0.863
2025-12-05T06:20:17.017815,-0.637,9.098,1.270,0.863
2025-12-05T06:20:17.049145,-0.647,9.116,1.270,0.863
2025-12-05T06:20:17.087943,-0.657,9.134,1.270,0.863
2025-12-05T06:20:17.116798,-0.667,9.152,1.270,0.863
2025-12-05T06:20:17.149499,-0.677,9.169,1.270,0.863
2025-12-05T06:20:17.181463,-0.687,9.187,1.270,0.863
2025-12-05T06:20:17.212764,-0.697,9.205,1.270,0.863
2025-12-05T06:20:17.246480,-0.707,9.223,1.270,0.863
2025-12-05T06:20:17.284494,-0.717,9.241,1.270,0.863
2025-12-05T06:20:17.316312,-0.727,9.259,1.270,0.863
2025-12-05T06:20:17.348033,-0.737,9.277,1.270,0.863
2025-12-05T06:20:17.376401,-0.747,9.294,1.270,0.863
2025-12-05T06:20:17.407606,-0.757,9.312,1.270,0.863
2025-12-05T06:20:17.438150,-0.767,9.330,1.270,0.863
2025-12-05T06:20:17.471576,-0.777,9.348,1.270,0.863
2025-12-05T06:20:17.501887,-0.787,9.366,1.270,0.863
2025-12-05T06:20:17.533456,-0.797,9.384,1.270,0.863
2025-12-05T06:20:17.568193,-0.807,9.402,1.270,0.863
2025-12-05T06:20:17.600010,-0.818,9.419,1.270,0.863
2025-12-05T06:20:17.636906,-0.828,9.437,1.270,0.863
2025-12-05T06:20:17.669080,-0.838,9.455,1.270,0.863
2025-12-05T06:20:17.698428,-0.848,9.473,1.270,0.863
2025-12-05T06:20:17.731521,-0.858,9.491,1.270,0.863
2025-12-05T06:20:17.764948,-0.868,9.509,1.270,0.863
2025-12-05T06:20:17.800426,-0.878,9.527,1.270,0.863
2025-12-05T06:20:17.831488,-0.888,9.544,1.270,0.863
2025-12-05T06:20:17.861402,-0.898,9.562,1.270,0.863
2025-12-05T06:20:17.891539,-0.908,9.580,1.270,0.863
2025-12-05T06:20:17.924384,-0.918,9.598,1.270,0.863
2025-12-05T06:20:17.956520,-0.928,9.616,1.270,0.863
2025-12-05T06:20:17.990518,-0.938,9.634,1.270,0.863
2025-12-05T06:20:18.024134,-0.948,9.652,1.270,0.863
2025-12-05T06:20:18.057185,-0.958,9.669,1.270,0.863
2025-12-05T06:20:18.089497,-0.968,9.687,1.270,0.863
2025-12-05T06:20:18.126003,-0.978,9.705,1.270,0.863
2025-12-05T06:20:18.158256,-0.988,9.723,1.270,0.863
2025-12-05T06:20:18.187731,-0.999,9.741,1.270,0.863
2025-12-05T06:20:18.222068,-1.009,9.759,1.270,0.863
2025-12-05T06:20:18.250995,-1.019,9.777,1.270,0.863
2025-12-05T06:20:18.288659,-1.029,9.795,1.270,0.863
2025-12-05T06:20:18.320138,-1.039,9.812,1.270,0.863
2025-12-05T06:20:18.352760,-1.049,9.830,1.270,0.863
2025-12-05T06:20:18.385926,-1.059,9.848,1.270,0.863
2025-12-05T06:20:18.417807,-1.069,9.866,1.270,0.863
2025-12-05T06:20:18.450839,-1.079,9.884,1.270,0.863
2025-12-05T06:20:18.482916,-1.089,9.902,1.270,0.863
2025-12-05T06:20:18.512716,-1.099,9.920,1.270,0.863
2025-12-05T06:20:18.548983,-1.109,9.938,1.270,0.863
2025-12-05T06:20:18.583028,-1.119,9.955,1.270,0.863
2025-12-05T06:20:18.614709,-1.129,9.973,1.270,0.863
2025-12-05T06:20:18.646090,-1.139,9.991,1.270,0.863
2025-12-05T06:20:18.681132,-1.149,10.009,1.270,0.863
2025-12-05T06:20:18.709501,-1.159,10.027,1.270,0.863
2025-12-05T06:20:18.740282,-1.169,10.045,1.270,0.863
2025-12-05T06:20:18.769551,-1.179,10.063,1.270,0.863
2025-12-05T06:20:18.806051,-1.190,10.081,1.270,0.863
2025-12-05T06:20:18.839018,-1.200,10.098,1.270,0.863
2025-12-05T06:20:18.870955,-1.210,10.116,1.270,0.863
2025-12-05T06:20:18.900868,-1.220,10.134,1.270,0.863
2025-12-05T06:20:18.931660,-1.230,10.152,1.270,0.863
2025-12-05T06:20:18.962205,-1.240,10.170,1.270,0.863
2025-12-05T06:20:18.991237,-1.250,10.188,1.270,0.863
2025-12-05T06:20:19.023885,-1.260,10.206,1.270,0.863
2025-12-05T06:20:19.057622,-1.270,10.223,1.270,0.863
2025-12-05T06:20:19.093864,-1.280,10.241,1.270,0.863
2025-12-05T06:20:19.125292,-1.290,10.259,1.270,0.863
2025-12-05T06:20:19.152346,-1.300,10.277,1.270,0.863
2025-12-05T06:20:19.183081,-1.310,10.295,1.270,0.863
2025-12-05T06:20:19.212287,-1.320,10.313,1.270,0.863
2025-12-05T06:20:19.245335,-1.330,10.331,1.270,0.863
2025-12-05T06:20:19.276339,-1.340,10.349,1.270,0.863
2025-12-05T06:20:19.309559,-1.350,10.366,1.270,0.863
2025-12-05T06:20:19.350159,-1.360,10.384,1.270,0.863
2025-12-05T06:20:19.379707,-1.370,10.401,1.270,0.863
2025-12-05T06:20:19.410288,-1.380,10.417,1.270,0.863
2025-12-05T06:20:19.443018,-1.389,10.430,1.270,0.863
2025-12-05T06:20:19.473050,-1.398,10.441,1.270,0.863
2025-12-05T06:20:19.504347,-1.407,10.449,1.270,0.863
2025-12-05T06:20:19.540242,-1.415,10.454,1.270,0.863
2025-12-05T06:20:19.573933,-1.424,10.458,1.270,0.863
2025-12-05T06:20:19.604616,-1.433,10.459,1.270,0.863
2025-12-05T06:20:19.639225,-1.442,10.460,1.270,0.863
2025-12-05T06:20:19.671817,-1.451,10.459,1.270,0.863
2025-12-05T06:20:19.704714,-1.459,10.457,1.270,0.863
2025-12-05T06:20:19.735464,-1.468,10.454,1.270,0.863
2025-12-05T06:20:19.765104,-1.477,10.451,1.270,0.863
2025-12-05T06:20:19.799702,-1.485,10.447,1.270,0.863
2025-12-05T06:20:19.831205,-1.493,10.443,1.270,0.863
2025-12-05T06:20:19.863490,-1.501,10.438,1.270,0.863
2025-12-05T06:20:19.896231,-1.509,10.433,1.270,0.863
2025-12-05T06:20:19.927798,-1.517,10.428,1.270,0.863
2025-12-05T06:20:19.964444,-1.525,10.423,1.270,0.863
2025-12-05T06:20:19.994841,-1.533,10.419,1.270,0.863
2025-12-05T06:20:20.027728,-1.541,10.414,1.270,0.863
2025-12-05T06:20:20.060929,-1.549,10.411,1.270,0.863
2025-12-05T06:20:20.090869,-1.557,10.408,1.270,0.863
2025-12-05T06:20:20.125593,-1.565,10.405,1.270,0.863
2025-12-05T06:20:20.157696,-1.573,10.403,1.270,0.863
2025-12-05T06:20:20.189203,-1.581,10.402,1.270,0.863
2025-12-05T06:20:20.218278,-1.590,10.401,1.270,0.863
2025-12-05T06:20:20.247160,-1.598,10.401,1.270,0.863
2025-12-05T06:20:20.284777,-1.607,10.402,1.270,0.863
2025-12-05T06:20:20.312337,-1.615,10.402,1.270,0.863
2025-12-05T06:20:20.349859,-1.624,10.404,1.270,0.863
2025-12-05T06:20:20.383432,-1.633,10.405,1.270,0.863
2025-12-05T06:20:20.417752,-1.642,10.407,1.270,0.863
2025-12-05T06:20:20.447230,-1.651,10.409,1.270,0.863
2025-12-05T06:20:20.477926,-1.660,10.412,1.270,0.863
2025-12-05T06:20:20.510057,-1.670,10.414,1.270,0.863
2025-12-05T06:20:20.542950,-1.680,10.416,1.270,0.863
2025-12-05T06:20:20.574864,-1.690,10.419,1.270,0.863
2025-12-05T06:20:20.608828,-1.701,10.421,1.270,0.863
2025-12-05T06:20:20.642599,-1.711,10.424,1.270,0.863
2025-12-05T06:20:20.676031,-1.722,10.427,1.270,0.863
2025-12-05T06:20:20.706150,-1.734,10.430,1.270,0.863
2025-12-05T06:20:20.740634,-1.745,10.433,1.270,0.863
2025-12-05T06:20:20.770469,-1.757,10.437,1.270,0.863
2025-12-05T06:20:20.799745,-1.769,10.442,1.270,0.863
2025-12-05T06:20:20.835224,-1.781,10.447,1.270,0.863
2025-12-05T06:20:20.866431,-1.793,10.453,1.270,0.863
2025-12-05T06:20:20.901396,-1.805,10.459,1.270,0.863
2025-12-05T06:20:20.938900,-1.818,10.466,1.270,0.863
2025-12-05T06:20:20.969285,-1.830,10.474,1.270,0.863
2025-12-05T06:20:21.001383,-1.842,10.483,1.270,0.863
2025-12-05T06:20:21.030333,-1.853,10.492,1.270,0.863
2025-12-05T06:20:21.064977,-1.865,10.501,1.270,0.863
2025-12-05T06:20:21.096627,-1.877,10.511,1.270,0.863
2025-12-05T06:20:21.130578,-1.888,10.522,1.270,0.863
2025-12-05T06:20:21.166783,-1.899,10.533,1.270,0.863
2025-12-05T06:20:21.194756,-1.911,10.545,1.270,0.863
2025-12-05T06:20:21.230343,-1.922,10.557,1.270,0.863
2025-12-05T06:20:21.255499,-1.931,10.570,1.270,0.863
2025-12-05T06:20:21.288014,-1.939,10.584,1.270,0.863
2025-12-05T06:20:21.316399,-1.946,10.599,1.270,0.863
2025-12-05T06:20:21.350358,-1.952,10.613,1.270,0.863
2025-12-05T06:20:21.381268,-1.956,10.628,1.270,0.863
2025-12-05T06:20:21.411697,-1.959,10.642,1.270,0.863
2025-12-05T06:20:21.447717,-1.960,10.657,1.270,0.863
2025-12-05T06:20:21.482943,-1.960,10.673,1.270,0.863
2025-12-05T06:20:21.518825,-1.959,10.688,1.270,0.863
2025-12-05T06:20:21.548643,-1.957,10.704,1.270,0.863
2025-12-05T06:20:21.579572,-1.954,10.720,1.270,0.863
2025-12-05T06:20:21.611385,-1.950,10.736,1.270,0.863
2025-12-05T06:20:21.645390,-1.946,10.752,1.270,0.863
2025-12-05T06:20:21.678694,-1.942,10.768,1.270,0.863
2025-12-05T06:20:21.707049,-1.938,10.784,1.270,0.863
2025-12-05T06:20:21.742264,-1.934,10.801,1.270,0.863
2025-12-05T06:20:21.778710,-1.930,10.818,1.270,0.863
2025-12-05T06:20:21.812888,-1.926,10.834,1.270,0.863
2025-12-05T06:20:21.842600,-1.923,10.851,1.270,0.863
2025-12-05T06:20:21.873492,-1.920,10.868,1.270,0.863
2025-12-05T06:20:21.900949,-1.917,10.885,1.270,0.863
2025-12-05T06:20:21.939863,-1.915,10.901,1.270,0.863
2025-12-05T06:20:21.968873,-1.914,10.917,1.270,0.863
2025-12-05T06:20:22.006110,-1.916,10.932,1.270,0.863
2025-12-05T06:20:22.038312,-1.917,10.947,1.270,0.863
2025-12-05T06:20:22.070847,-1.919,10.961,1.270,0.863
2025-12-05T06:20:22.099959,-1.921,10.975,1.270,0.863
2025-12-05T06:20:22.134800,-1.924,10.989,1.270,0.863
2025-12-05T06:20:22.166947,-1.926,11.001,1.270,0.863
2025-12-05T06:20:22.198755,-1.929,11.014,1.270,0.863
2025-12-05T06:20:22.230822,-1.932,11.025,1.270,0.863
2025-12-05T06:20:22.262080,-1.934,11.035,1.270,0.863
2025-12-05T06:20:22.294152,-1.936,11.045,1.270,0.863
2025-12-05T06:20:22.331259,-1.938,11.053,1.270,0.863
2025-12-05T06:20:22.363005,-1.939,11.060,1.270,0.863
2025-12-05T06:20:22.397699,-1.940,11.067,1.270,0.863
2025-12-05T06:20:22.429267,-1.941,11.072,1.270,0.863
2025-12-05T06:20:22.464163,-1.941,11.076,1.270,0.863
2025-12-05T06:20:22.492433,-1.941,11.078,1.270,0.863
2025-12-05T06:20:22.525872,-1.940,11.080,1.270,0.863
2025-12-05T06:20:22.557110,-1.939,11.081,1.270,0.863
2025-12-05T06:20:22.593462,-1.938,11.081,1.270,0.863
2025-12-05T06:20:22.632863,-1.937,11.080,1.270,0.863
2025-12-05T06:20:22.656720,-1.935,11.079,1.270,0.863
2025-12-05T06:20:22.691701,-1.925,11.061,1.270,0.848
2025-12-05T06:20:22.724518,-1.915,11.042,1.270,0.833
2025-12-05T06:20:22.755870,-1.904,11.023,1.270,0.816
2025-12-05T06:20:22.785107,-1.895,11.003,1.270,0.799
2025-12-05T06:20:22.817214,-1.886,10.983,1.270,0.782
2025-12-05T06:20:22.850578,-1.878,10.964,1.270,0.764
2025-12-05T06:20:22.884140,-1.873,10.947,1.270,0.745
2025-12-05T06:20:22.917717,-1.870,10.932,1.270,0.725
2025-12-05T06:20:22.950687,-1.869,10.919,1.270,0.705
2025-12-05T06:20:22.983941,-1.868,10.908,1.270,0.684
2025-12-05T06:20:23.015356,-1.868,10.897,1.270,0.663
2025-12-05T06:20:23.044957,-1.869,10.888,1.270,0.641
2025-12-05T06:20:23.078138,-1.870,10.879,1.270,0.619
2025-12-05T06:20:23.109069,-1.871,10.871,1.270,0.596
2025-12-05T06:20:23.142877,-1.872,10.863,1.270,0.573
2025-12-05T06:20:23.189467,-1.872,10.855,1.270,0.549
2025-12-05T06:20:23.212607,-1.873,10.849,1.270,0.524
2025-12-05T06:20:23.249439,-1.874,10.842,1.270,0.500
2025-12-05T06:20:23.279683,-1.875,10.836,1.270,0.474
2025-12-05T06:20:23.312345,-1.876,10.831,1.270,0.449
2025-12-05T06:20:23.342208,-1.877,10.826,1.270,0.423
2025-12-05T06:20:23.368290,-1.878,10.821,1.270,0.397
2025-12-05T06:20:23.398945,-1.879,10.816,1.270,0.370
2025-12-05T06:20:23.429564,-1.879,10.812,1.270,0.343
2025-12-05T06:20:23.459643,-1.880,10.808,1.270,0.316
2025-12-05T06:20:23.494686,-1.880,10.804,1.270,0.289
2025-12-05T06:20:23.531918,-1.881,10.801,1.270,0.261
2025-12-05T06:20:23.561636,-1.882,10.797,1.270,0.233
2025-12-05T06:20:23.599480,-1.882,10.794,1.270,0.205
2025-12-05T06:20:23.633600,-1.883,10.791,1.270,0.177
2025-12-05T06:20:23.661624,-1.883,10.789,1.270,0.148
2025-12-05T06:20:23.693598,-1.883,10.786,1.270,0.120
2025-12-05T06:20:23.726974,-1.884,10.784,1.270,0.091
2025-12-05T06:20:23.762397,-1.884,10.782,1.270,0.062
2025-12-05T06:20:23.796316,-1.867,10.782,1.270,0.062
2025-12-05T06:20:23.823474,-1.849,10.782,1.270,0.062
2025-12-05T06:20:23.858481,-1.832,10.783,1.270,0.062
2025-12-05T06:20:23.891283,-1.816,10.784,1.270,0.062
2025-12-05T06:20:23.917447,-1.802,10.786,1.270,0.062
2025-12-05T06:20:23.952679,-1.791,10.789,1.270,0.062
2025-12-05T06:20:23.986974,-1.782,10.791,1.270,0.062
2025-12-05T06:20:24.018991,-1.776,10.793,1.270,0.062
2025-12-05T06:20:24.053731,-1.772,10.795,1.270,0.062
2025-12-05T06:20:24.086035,-1.769,10.797,1.270,0.062
2025-12-05T06:20:24.121228,-1.769,10.800,1.270,0.062
2025-12-05T06:20:24.152349,-1.769,10.802,1.270,0.062
2025-12-05T06:20:24.182147,-1.771,10.804,1.270,0.062
2025-12-05T06:20:24.212392,-1.773,10.807,1.270,0.062
2025-12-05T06:20:24.246847,-1.776,10.809,1.270,0.062
2025-12-05T06:20:24.279923,-1.779,10.811,1.270,0.062
2025-12-05T06:20:24.314126,-1.782,10.814,1.270,0.062
2025-12-05T06:20:24.349076,-1.786,10.816,1.270,0.062
2025-12-05T06:20:24.378646,-1.790,10.818,1.270,0.062
2025-12-05T06:20:24.410758,-1.794,10.821,1.270,0.062
2025-12-05T06:20:24.443307,-1.798,10.823,1.270,0.062
2025-12-05T06:20:24.475843,-1.801,10.826,1.270,0.062
2025-12-05T06:20:24.503465,-1.805,10.828,1.270,0.062
2025-12-05T06:20:24.539289,-1.807,10.831,1.270,0.062
2025-12-05T06:20:24.568685,-1.810,10.833,1.270,0.062
2025-12-05T06:20:24.600491,-1.812,10.835,1.270,0.062
2025-12-05T06:20:24.641065,-1.814,10.838,1.270,0.062
2025-12-05T06:20:24.672784,-1.815,10.840,1.270,0.062
2025-12-05T06:20:24.702355,-1.815,10.843,1.270,0.062
2025-12-05T06:20:24.734013,-1.815,10.845,1.270,0.062
2025-12-05T06:20:24.764388,-1.815,10.848,1.270,0.062
2025-12-05T06:20:24.806673,-1.815,10.850,1.270,0.062
2025-12-05T06:20:24.826074,-1.814,10.853,1.270,0.062
2025-12-05T06:20:24.858977,-1.812,10.855,1.270,0.062
2025-12-05T06:20:24.890885,-1.811,10.858,1.270,0.062
2025-12-05T06:20:24.926133,-1.809,10.860,1.270,0.062
2025-12-05T06:20:24.955864,-1.808,10.863,1.270,0.062
2025-12-05T06:20:24.993084,-1.806,10.865,1.270,0.062
2025-12-05T06:20:25.026291,-1.804,10.868,1.270,0.062
2025-12-05T06:20:25.061040,-1.802,10.870,1.270,0.062
2025-12-05T06:20:25.094452,-1.801,10.873,1.270,0.062
2025-12-05T06:20:25.130829,-1.799,10.875,1.270,0.062
2025-12-05T06:20:25.158748,-1.798,10.878,1.270,0.062
2025-12-05T06:20:25.190435,-1.796,10.880,1.270,0.062
2025-12-05T06:20:25.222008,-1.796,10.883,1.270,0.062
2025-12-05T06:20:25.253109,-1.795,10.885,1.270,0.062
2025-12-05T06:20:25.287243,-1.794,10.887,1.270,0.062
2025-12-05T06:20:25.318792,-1.793,10.889,1.270,0.062
2025-12-05T06:20:25.352090,-1.793,10.892,1.270,0.062
2025-12-05T06:20:25.386465,-1.792,10.894,1.270,0.062
2025-12-05T06:20:25.420048,-1.792,10.896,1.270,0.062
2025-12-05T06:20:25.459357,-1.792,10.898,1.270,0.062
2025-12-05T06:20:25.487856,-1.792,10.900,1.270,0.062
2025-12-05T06:20:25.512177,-1.793,10.903,1.270,0.062
2025-12-05T06:20:25.546159,-1.793,10.905,1.270,0.062
2025-12-05T06:20:25.573911,-1.793,10.907,1.270,0.062
2025-12-05T06:20:25.606702,-1.793,10.909,1.270,0.062
2025-12-05T06:20:25.635688,-1.794,10.911,1.270,0.062
2025-12-05T06:20:25.669585,-1.794,10.914,1.270,0.062
2025-12-05T06:20:25.706669,-1.794,10.916,1.270,0.062
2025-12-05T06:20:25.738464,-1.794,10.918,1.270,0.062
2025-12-05T06:20:25.770757,-1.794,10.920,1.270,0.062
2025-12-05T06:20:25.800699,-1.794,10.922,1.270,0.062
2025-12-05T06:20:25.836243,-1.794,10.924,1.270,0.062
2025-12-05T06:20:25.865408,-1.794,10.926,1.270,0.062
2025-12-05T06:20:25.897189,-1.793,10.928,1.270,0.062
2025-12-05T06:20:25.934259,-1.793,10.930,1.270,0.062
2025-12-05T06:20:25.963966,-1.792,10.931,1.270,0.062
2025-12-05T06:20:25.997312,-1.791,10.933,1.270,0.062
2025-12-05T06:20:26.029989,-1.791,10.935,1.270,0.062
2025-12-05T06:20:26.062251,-1.790,10.936,1.270,0.062
2025-12-05T06:20:26.095650,-1.789,10.938,1.270,0.062
2025-12-05T06:20:26.126809,-1.789,10.939,1.270,0.062
2025-12-05T06:20:26.160442,-1.788,10.940,1.270,0.062
2025-12-05T06:20:26.197274,-1.788,10.941,1.270,0.062
2025-12-05T06:20:26.227936,-1.787,10.942,1.270,0.062
2025-12-05T06:20:26.258420,-1.787,10.943,1.270,0.062
2025-12-05T06:20:26.285681,-1.787,10.944,1.270,0.062
2025-12-05T06:20:26.322868,-1.787,10.944,1.270,0.062
2025-12-05T06:20:26.348868,-1.787,10.944,1.270,0.062
2025-12-05T06:20:26.389230,-1.787,10.944,1.270,0.062
2025-12-05T06:20:26.420324,-1.787,10.945,1.270,0.062
2025-12-05T06:20:26.450761,-1.788,10.944,1.270,0.062
2025-12-05T06:20:26.485470,-1.788,10.944,1.270,0.062
2025-12-05T06:20:26.518244,-1.788,10.944,1.270,0.062
2025-12-05T06:20:26.550591,-1.789,10.944,1.270,0.062
2025-12-05T06:20:26.582259,-1.789,10.943,1.270,0.062
2025-12-05T06:20:26.613287,-1.789,10.943,1.270,0.062
2025-12-05T06:20:26.644354,-1.790,10.942,1.270,0.062
2025-12-05T06:20:26.674695,-1.790,10.942,1.270,0.062
2025-12-05T06:20:26.712187,-1.790,10.941,1.270,0.062
2025-12-05T06:20:26.742871,-1.790,10.941,1.270,0.062
2025-12-05T06:20:26.779065,-1.790,10.940,1.270,0.062
2025-12-05T06:20:26.809979,-1.790,10.940,1.270,0.062
2025-12-05T06:20:26.843594,-1.790,10.939,1.270,0.062
2025-12-05T06:20:26.875858,-1.790,10.939,1.270,0.062
2025-12-05T06:20:26.905267,-1.790,10.938,1.270,0.062
2025-12-05T06:20:26.937283,-1.790,10.938,1.270,0.062
2025-12-05T06:20:26.969719,-1.790,10.937,1.270,0.062
2025-12-05T06:20:27.004036,-1.790,10.937,1.270,0.062
2025-12-05T06:20:27.038436,-1.790,10.936,1.270,0.062
2025-12-05T06:20:27.074268,-1.789,10.936,1.270,0.062
2025-12-05T06:20:27.103078,-1.789,10.936,1.270,0.062
2025-12-05T06:20:27.134703,-1.789,10.935,1.270,0.062
2025-12-05T06:20:27.165325,-1.789,10.935,1.270,0.062
2025-12-05T06:20:27.200288,-1.789,10.935,1.270,0.062
2025-12-05T06:20:27.231151,-1.789,10.935,1.270,0.062
2025-12-05T06:20:27.261882,-1.789,10.934,1.270,0.062
2025-12-05T06:20:27.298094,-1.788,10.934,1.270,0.062
2025-12-05T06:20:27.330363,-1.788,10.934,1.270,0.062
2025-12-05T06:20:27.361794,-1.788,10.934,1.270,0.062
2025-12-05T06:20:27.395813,-1.788,10.934,1.270,0.062
2025-12-05T06:20:27.428106,-1.788,10.934,1.270,0.062
2025-12-05T06:20:27.455485,-1.788,10.934,1.270,0.062
2025-12-05T06:20:27.490547,-1.789,10.934,1.270,0.062
2025-12-05T06:20:27.522398,-1.789,10.934,1.270,0.062
2025-12-05T06:20:27.554961,-1.789,10.934,1.270,0.062
2025-12-05T06:20:27.582809,-1.789,10.934,1.270,0.062
2025-12-05T06:20:27.617358,-1.789,10.934,1.270,0.062
2025-12-05T06:20:27.657719,-1.789,10.934,1.270,0.062
2025-12-05T06:20:27.689019,-1.789,10.934,1.270,0.062
2025-12-05T06:20:27.724797,-1.789,10.934,1.270,0.062
2025-12-05T06:20:27.759591,-1.789,10.934,1.270,0.062
2025-12-05T06:20:27.792014,-1.789,10.934,1.270,0.062
2025-12-05T06:20:27.822996,-1.789,10.935,1.270,0.062
2025-12-05T06:20:27.851744,-1.789,10.935,1.270,0.062
2025-12-05T06:20:27.887488,-1.789,10.935,1.270,0.062
2025-12-05T06:20:27.914358,-1.789,10.935,1.270,0.062
2025-12-05T06:20:27.948506,-1.789,10.935,1.270,0.062
2025-12-05T06:20:27.986545,-1.789,10.935,1.270,0.062
2025-12-05T06:20:28.023849,-1.789,10.935,1.270,0.062
2025-12-05T06:20:28.054242,-1.789,10.936,1.270,0.062
2025-12-05T06:20:28.088136,-1.789,10.936,1.270,0.062
2025-12-05T06:20:28.119388,-1.789,10.936,1.270,0.062
2025-12-05T06:20:28.149595,-1.789,10.936,1.270,0.062
2025-12-05T06:20:28.180909,-1.789,10.936,1.270,0.062
2025-12-05T06:20:28.210873,-1.789,10.936,1.270,0.062
2025-12-05T06:20:28.242460,-1.789,10.936,1.270,0.062
2025-12-05T06:20:28.275001,-1.789,10.936,1.270,0.062
2025-12-05T06:20:28.308358,-1.789,10.937,1.270,0.062
2025-12-05T06:20:28.344191,-1.789,10.937,1.270,0.062
2025-12-05T06:20:28.374851,-1.789,10.937,1.270,0.062
2025-12-05T06:20:28.406711,-1.789,10.937,1.270,0.062
2025-12-05T06:20:28.440226,-1.789,10.937,1.270,0.062
2025-12-05T06:20:28.470168,-1.789,10.937,1.270,0.062
2025-12-05T06:20:28.502886,-1.789,10.937,1.270,0.062
2025-12-05T06:20:28.538197,-1.789,10.937,1.270,0.062
2025-12-05T06:20:28.566064,-1.789,10.937,1.270,0.062
2025-12-05T06:20:28.598310,-1.789,10.937,1.270,0.062
2025-12-05T06:20:28.635322,-1.789,10.937,1.270,0.062
2025-12-05T06:20:28.668844,-1.789,10.937,1.270,0.062
2025-12-05T06:20:28.701116,-1.789,10.937,1.270,0.062
2025-12-05T06:20:28.736252,-1.789,10.937,1.270,0.062
2025-12-05T06:20:28.765881,-1.789,10.936,1.270,0.062
2025-12-05T06:20:28.795400,-1.789,10.936,1.270,0.062
2025-12-05T06:20:28.833271,-1.789,10.936,1.270,0.062
2025-12-05T06:20:28.857806,-1.789,10.936,1.270,0.062
2025-12-05T06:20:28.887330,-1.789,10.936,1.270,0.062
2025-12-05T06:20:28.923834,-1.789,10.936,1.270,0.062
2025-12-05T06:20:28.954486,-1.789,10.936,1.270,0.062
2025-12-05T06:20:28.987652,-1.789,10.936,1.270,0.062
2025-12-05T06:20:29.020253,-1.789,10.936,1.270,0.062
2025-12-05T06:20:29.056747,-1.789,10.936,1.270,0.062
2025-12-05T06:20:29.088071,-1.789,10.936,1.270,0.062
2025-12-05T06:20:29.117265,-1.789,10.936,1.270,0.062
2025-12-05T06:20:29.149927,-1.789,10.936,1.270,0.062
2025-12-05T06:20:29.182705,-1.789,10.936,1.270,0.062
2025-12-05T06:20:29.216294,-1.789,10.936,1.270,0.062
2025-12-05T06:20:29.251569,-1.789,10.936,1.270,0.062
2025-12-05T06:20:29.289175,-1.789,10.936,1.270,0.062
2025-12-05T06:20:29.318793,-1.789,10.936,1.270,0.062
2025-12-05T06:20:29.354057,-1.789,10.936,1.270,0.062
2025-12-05T06:20:29.384383,-1.789,10.936,1.270,0.062
2025-12-05T06:20:29.414341,-1.789,10.936,1.270,0.062
2025-12-05T06:20:29.447102,-1.789,10.936,1.270,0.062
2025-12-05T06:20:29.480239,-1.789,10.936,1.270,0.062
2025-12-05T06:20:29.514022,-1.789,10.936,1.270,0.062
2025-12-05T06:20:29.545579,-1.789,10.936,1.270,0.062
2025-12-05T06:20:29.578669,-1.789,10.936,1.270,0.062
2025-12-05T06:20:29.610253,-1.789,10.936,1.270,0.062
2025-12-05T06:20:29.643201,-1.789,10.936,1.270,0.062
2025-12-05T06:20:29.675371,-1.789,10.936,1.270,0.062
2025-12-05T06:20:29.708458,-1.789,10.936,1.270,0.062
2025-12-05T06:20:29.739645,-1.789,10.936,1.270,0.062
2025-12-05T06:20:29.769615,-1.789,10.936,1.270,0.062
2025-12-05T06:20:29.803328,-1.789,10.936,1.270,0.062
2025-12-05T06:20:29.837460,-1.789,10.936,1.270,0.062
2025-12-05T06:20:29.866873,-1.789,10.936,1.270,0.062
2025-12-05T06:20:29.899938,-1.789,10.936,1.270,0.062
2025-12-05T06:20:29.934794,-1.789,10.936,1.270,0.062
2025-12-05T06:20:29.967450,-1.789,10.936,1.270,0.062
2025-12-05T06:20:29.997996,-1.789,10.936,1.270,0.062
2025-12-05T06:20:30.032251,-1.789,10.936,1.270,0.062
2025-12-05T06:20:30.062048,-1.789,10.936,1.270,0.062
2025-12-05T06:20:30.096070,-1.789,10.936,1.270,0.062
2025-12-05T06:20:30.131983,-1.789,10.936,1.270,0.062
2025-12-05T06:20:30.161579,-1.789,10.936,1.270,0.062
2025-12-05T06:20:30.194155,-1.789,10.936,1.270,0.062
2025-12-05T06:20:30.227267,-1.789,10.936,1.270,0.062
2025-12-05T06:20:30.256809,-1.789,10.936,1.270,0.062
2025-12-05T06:20:30.291608,-1.789,10.936,1.270,0.062
2025-12-05T06:20:30.323176,-1.789,10.936,1.270,0.062
2025-12-05T06:20:30.358330,-1.789,10.936,1.270,0.062
2025-12-05T06:20:30.390762,-1.789,10.936,1.270,0.062
2025-12-05T06:20:30.425092,-1.789,10.936,1.270,0.062
2025-12-05T06:20:30.455578,-1.789,10.936,1.270,0.062
2025-12-05T06:20:30.486315,-1.789,10.936,1.270,0.062
2025-12-05T06:20:30.515705,-1.789,10.936,1.270,0.062
2025-12-05T06:20:30.550087,-1.789,10.936,1.270,0.062
2025-12-05T06:20:30.578698,-1.789,10.936,1.270,0.062
2025-12-05T06:20:30.611302,-1.789,10.936,1.270,0.062
2025-12-05T06:20:30.647045,-1.789,10.936,1.270,0.062
2025-12-05T06:20:30.679015,-1.789,10.936,1.270,0.062
2025-12-05T06:20:30.709327,-1.789,10.936,1.270,0.062
2025-12-05T06:20:30.741227,-1.789,10.936,1.270,0.062
2025-12-05T06:20:30.775929,-1.789,10.936,1.270,0.062
2025-12-05T06:20:30.809792,-1.789,10.936,1.270,0.062
2025-12-05T06:20:30.838591,-1.789,10.936,1.270,0.062
2025-12-05T06:20:30.870175,-1.807,10.934,1.270,0.091
2025-12-05T06:20:30.903640,-1.825,10.932,1.270,0.120
2025-12-05T06:20:30.935930,-1.842,10.929,1.270,0.148
2025-12-05T06:20:30.968416,-1.859,10.927,1.270,0.177
2025-12-05T06:20:31.006643,-1.874,10.925,1.270,0.205
2025-12-05T06:20:31.035205,-1.888,10.922,1.270,0.233
2025-12-05T06:20:31.075756,-1.892,10.920,1.270,0.261
2025-12-05T06:20:31.098734,-1.893,10.919,1.270,0.289
2025-12-05T06:20:31.139718,-1.894,10.919,1.270,0.316
2025-12-05T06:20:31.169404,-1.894,10.918,1.270,0.343
2025-12-05T06:20:31.198006,-1.894,10.918,1.270,0.370
2025-12-05T06:20:31.230435,-1.893,10.917,1.270,0.397
2025-12-05T06:20:31.263404,-1.893,10.916,1.270,0.423
2025-12-05T06:20:31.295916,-1.893,10.915,1.270,0.449
2025-12-05T06:20:31.330280,-1.893,10.913,1.270,0.474
2025-12-05T06:20:31.364799,-1.892,10.911,1.270,0.500
2025-12-05T06:20:31.400045,-1.892,10.909,1.270,0.524
2025-12-05T06:20:31.431030,-1.892,10.907,1.270,0.549
2025-12-05T06:20:31.461349,-1.891,10.905,1.270,0.573
2025-12-05T06:20:31.495651,-1.891,10.903,1.270,0.596
2025-12-05T06:20:31.520873,-1.891,10.900,1.270,0.619
2025-12-05T06:20:31.552470,-1.891,10.898,1.270,0.641
2025-12-05T06:20:31.590850,-1.890,10.895,1.270,0.663
2025-12-05T06:20:31.623330,-1.890,10.893,1.270,0.684
2025-12-05T06:20:31.656359,-1.890,10.891,1.270,0.705
2025-12-05T06:20:31.687704,-1.890,10.888,1.270,0.725
2025-12-05T06:20:31.718218,-1.889,10.886,1.270,0.745
2025-12-05T06:20:31.749225,-1.889,10.884,1.270,0.764
2025-12-05T06:20:31.782740,-1.889,10.882,1.270,0.782
2025-12-05T06:20:31.813648,-1.889,10.880,1.270,0.799
2025-12-05T06:20:31.847922,-1.889,10.878,1.270,0.816
2025-12-05T06:20:31.881023,-1.889,10.876,1.270,0.833
2025-12-05T06:20:31.917037,-1.888,10.875,1.270,0.848
2025-12-05T06:20:31.946891,-1.888,10.873,1.270,0.863
2025-12-05T06:20:31.982457,-1.888,10.872,1.270,0.877
2025-12-05T06:20:32.014360,-1.888,10.871,1.270,0.891
2025-12-05T06:20:32.047129,-1.888,10.870,1.270,0.904
2025-12-05T06:20:32.078260,-1.888,10.868,1.270,0.916
2025-12-05T06:20:32.107912,-1.888,10.867,1.270,0.927
2025-12-05T06:20:32.139866,-1.888,10.866,1.270,0.937
2025-12-05T06:20:32.174063,-1.888,10.865,1.270,0.947
2025-12-05T06:20:32.211678,-1.887,10.865,1.270,0.956
2025-12-05T06:20:32.243840,-1.887,10.864,1.270,0.964
2025-12-05T06:20:32.275623,-1.887,10.863,1.270,0.971
2025-12-05T06:20:32.308354,-1.887,10.862,1.270,0.978
2025-12-05T06:20:32.340178,-1.887,10.862,1.270,0.983
2025-12-05T06:20:32.371233,-1.887,10.861,1.270,0.988
2025-12-05T06:20:32.405674,-1.887,10.860,1.270,0.992
2025-12-05T06:20:32.435193,-1.887,10.860,1.270,0.995
2025-12-05T06:20:32.469165,-1.887,10.859,1.270,0.998
2025-12-05T06:20:32.502109,-1.887,10.859,1.270,0.999
2025-12-05T06:20:32.535329,-1.887,10.858,1.270,1.000
2025-12-05T06:20:32.567993,-1.887,10.858,1.270,-1.000
2025-12-05T06:20:32.600008,-1.887,10.858,1.270,-0.999
2025-12-05T06:20:32.632163,-1.887,10.857,1.270,-0.997
2025-12-05T06:20:32.663003,-1.887,10.857,1.270,-0.995
2025-12-05T06:20:32.695464,-1.887,10.857,1.270,-0.991
2025-12-05T06:20:32.733942,-1.887,10.856,1.270,-0.987
2025-12-05T06:20:32.762933,-1.887,10.856,1.270,-0.982
2025-12-05T06:20:32.797858,-1.887,10.856,1.270,-0.976
2025-12-05T06:20:32.830330,-1.887,10.856,1.270,-0.969
2025-12-05T06:20:32.863226,-1.887,10.855,1.270,-0.962
2025-12-05T06:20:32.966328,-1.887,10.855,1.270,-0.954
2025-12-05T06:20:32.993282,-1.901,10.845,1.270,-0.954
2025-12-05T06:20:33.018470,-1.916,10.834,1.270,-0.954
2025-12-05T06:20:33.047791,-1.930,10.824,1.270,-0.954
2025-12-05T06:20:33.072950,-1.944,10.813,1.270,-0.954
2025-12-05T06:20:33.098240,-1.957,10.803,1.270,-0.954
2025-12-05T06:20:33.123099,-1.968,10.792,1.270,-0.954
2025-12-05T06:20:33.155691,-1.978,10.782,1.270,-0.954
2025-12-05T06:20:33.181895,-1.987,10.771,1.270,-0.954
2025-12-05T06:20:33.209580,-1.994,10.760,1.270,-0.954
2025-12-05T06:20:33.240978,-1.999,10.749,1.270,-0.954
2025-12-05T06:20:33.279571,-2.003,10.739,1.270,-0.954
2025-12-05T06:20:33.306144,-2.004,10.728,1.270,-0.954
2025-12-05T06:20:33.346618,-2.003,10.717,1.270,-0.954
2025-12-05T06:20:33.376837,-2.001,10.707,1.270,-0.954
2025-12-05T06:20:33.408609,-1.997,10.697,1.270,-0.954
2025-12-05T06:20:33.444455,-1.992,10.687,1.270,-0.954
2025-12-05T06:20:33.476503,-1.985,10.677,1.270,-0.954
2025-12-05T06:20:33.507812,-1.978,10.666,1.270,-0.954
2025-12-05T06:20:33.540165,-1.971,10.656,1.270,-0.954
2025-12-05T06:20:33.568904,-1.963,10.646,1.270,-0.954
2025-12-05T06:20:33.599313,-1.955,10.636,1.270,-0.954
2025-12-05T06:20:33.630693,-1.948,10.625,1.270,-0.954
2025-12-05T06:20:33.663815,-1.941,10.615,1.270,-0.954
2025-12-05T06:20:33.699084,-1.936,10.604,1.270,-0.954
2025-12-05T06:20:33.731053,-1.931,10.593,1.270,-0.954
2025-12-05T06:20:33.760870,-1.927,10.583,1.270,-0.954
2025-12-05T06:20:33.794552,-1.924,10.572,1.270,-0.954
2025-12-05T06:20:33.823794,-1.922,10.561,1.270,-0.954
2025-12-05T06:20:33.856703,-1.921,10.549,1.270,-0.954
2025-12-05T06:20:33.889133,-1.921,10.538,1.270,-0.954
2025-12-05T06:20:33.923799,-1.923,10.527,1.270,-0.954
2025-12-05T06:20:33.949765,-1.925,10.516,1.270,-0.954
2025-12-05T06:20:33.991282,-1.928,10.504,1.270,-0.954
2025-12-05T06:20:34.022346,-1.932,10.493,1.270,-0.954
2025-12-05T06:20:34.053526,-1.937,10.481,1.270,-0.954
2025-12-05T06:20:34.085512,-1.942,10.470,1.270,-0.954
2025-12-05T06:20:34.113467,-1.949,10.458,1.270,-0.954
2025-12-05T06:20:34.147298,-1.956,10.447,1.270,-0.954
2025-12-05T06:20:34.182844,-1.963,10.435,1.270,-0.954
2025-12-05T06:20:34.212398,-1.972,10.424,1.270,-0.954
2025-12-05T06:20:34.247941,-1.980,10.412,1.270,-0.954
2025-12-05T06:20:34.282317,-1.990,10.401,1.270,-0.954
2025-12-05T06:20:34.317643,-1.999,10.389,1.270,-0.954
2025-12-05T06:20:34.347651,-2.010,10.377,1.270,-0.954
2025-12-05T06:20:34.377266,-2.020,10.366,1.270,-0.954
2025-12-05T06:20:34.412556,-2.031,10.354,1.270,-0.954
2025-12-05T06:20:34.440939,-2.043,10.342,1.270,-0.954
2025-12-05T06:20:34.475935,-2.054,10.331,1.270,-0.954
2025-12-05T06:20:34.509041,-2.067,10.319,1.270,-0.954
2025-12-05T06:20:34.543537,-2.079,10.307,1.270,-0.954
2025-12-05T06:20:34.574049,-2.092,10.296,1.270,-0.954
2025-12-05T06:20:34.607380,-2.104,10.284,1.270,-0.954
2025-12-05T06:20:34.638617,-2.118,10.272,1.270,-0.954
2025-12-05T06:20:34.670822,-2.131,10.261,1.270,-0.954
2025-12-05T06:20:34.700605,-2.145,10.249,1.270,-0.954
2025-12-05T06:20:34.734189,-2.158,10.237,1.270,-0.954
2025-12-05T06:20:34.768425,-2.172,10.226,1.270,-0.954
2025-12-05T06:20:34.802496,-2.187,10.214,1.270,-0.954
2025-12-05T06:20:34.834967,-2.201,10.202,1.270,-0.954
2025-12-05T06:20:34.868469,-2.216,10.190,1.270,-0.954
2025-12-05T06:20:34.897955,-2.230,10.179,1.270,-0.954
2025-12-05T06:20:34.929212,-2.245,10.167,1.270,-0.954
2025-12-05T06:20:34.963246,-2.260,10.155,1.270,-0.954
2025-12-05T06:20:34.998386,-2.275,10.143,1.270,-0.954
2025-12-05T06:20:35.029858,-2.290,10.132,1.270,-0.954
2025-12-05T06:20:35.062652,-2.305,10.120,1.270,-0.954
2025-12-05T06:20:35.092302,-2.321,10.108,1.270,-0.954
2025-12-05T06:20:35.129799,-2.336,10.096,1.270,-0.954
2025-12-05T06:20:35.161349,-2.352,10.085,1.270,-0.954
2025-12-05T06:20:35.193794,-2.367,10.073,1.270,-0.954
2025-12-05T06:20:35.225618,-2.383,10.061,1.270,-0.954
2025-12-05T06:20:35.256888,-2.399,10.049,1.270,-0.954
2025-12-05T06:20:35.289545,-2.415,10.038,1.270,-0.954
2025-12-05T06:20:35.322612,-2.430,10.026,1.270,-0.954
2025-12-05T06:20:35.356645,-2.446,10.014,1.270,-0.954
2025-12-05T06:20:35.389728,-2.462,10.002,1.270,-0.954
2025-12-05T06:20:35.422709,-2.478,9.991,1.270,-0.954
2025-12-05T06:20:35.453639,-2.495,9.979,1.270,-0.954
2025-12-05T06:20:35.483187,-2.511,9.967,1.270,-0.954
2025-12-05T06:20:35.519569,-2.527,9.955,1.270,-0.954
2025-12-05T06:20:35.552997,-2.543,9.944,1.270,-0.954
2025-12-05T06:20:35.588819,-2.559,9.932,1.270,-0.954
2025-12-05T06:20:35.618431,-2.576,9.920,1.270,-0.954
2025-12-05T06:20:35.657093,-2.592,9.908,1.270,-0.954
2025-12-05T06:20:35.690212,-2.594,9.907,1.270,-0.944
2025-12-05T06:20:35.717768,-2.595,9.905,1.270,-0.935
2025-12-05T06:20:35.748661,-2.597,9.904,1.270,-0.924
2025-12-05T06:20:35.782544,-2.598,9.903,1.270,-0.913
2025-12-05T06:20:35.812590,-2.599,9.902,1.270,-0.900
2025-12-05T06:20:35.842886,-2.601,9.901,1.270,-0.888
2025-12-05T06:20:35.872629,-2.602,9.900,1.270,-0.874
2025-12-05T06:20:35.906490,-2.603,9.899,1.270,-0.860
2025-12-05T06:20:35.943440,-2.604,9.898,1.270,-0.844
2025-12-05T06:20:35.972902,-2.605,9.897,1.270,-0.829
2025-12-05T06:20:36.007803,-2.606,9.896,1.270,-0.812
2025-12-05T06:20:36.042025,-2.606,9.896,1.270,-0.795
2025-12-05T06:20:36.074550,-2.607,9.895,1.270,-0.777
2025-12-05T06:20:36.104706,-2.608,9.894,1.270,-0.759
2025-12-05T06:20:36.133698,-2.608,9.894,1.270,-0.740
2025-12-05T06:20:36.167004,-2.609,9.893,1.270,-0.720
2025-12-05T06:20:36.199759,-2.610,9.893,1.270,-0.700
2025-12-05T06:20:36.229890,-2.610,9.892,1.270,-0.679
2025-12-05T06:20:36.260991,-2.611,9.892,1.270,-0.658
2025-12-05T06:20:36.298173,-2.611,9.891,1.270,-0.636
2025-12-05T06:20:36.326600,-2.612,9.891,1.270,-0.613
2025-12-05T06:20:36.359969,-2.612,9.891,1.270,-0.590
2025-12-05T06:20:36.397702,-2.612,9.890,1.270,-0.567
2025-12-05T06:20:36.423063,-2.613,9.890,1.270,-0.543
2025-12-05T06:20:36.457375,-2.613,9.890,1.270,-0.518
2025-12-05T06:20:36.495006,-2.614,9.889,1.270,-0.493
2025-12-05T06:20:36.523408,-2.614,9.889,1.270,-0.468
2025-12-05T06:20:36.560807,-2.614,9.889,1.270,-0.443
2025-12-05T06:20:36.589861,-2.614,9.889,1.270,-0.417
2025-12-05T06:20:36.619933,-2.615,9.888,1.270,-0.390
2025-12-05T06:20:36.651596,-2.615,9.888,1.270,-0.363
2025-12-05T06:20:36.686330,-2.615,9.888,1.270,-0.337
2025-12-05T06:20:36.720053,-2.615,9.888,1.270,-0.309
2025-12-05T06:20:36.753757,-2.615,9.888,1.270,-0.282
2025-12-05T06:20:36.788312,-2.616,9.888,1.270,-0.254
2025-12-05T06:20:36.815896,-2.600,9.879,1.270,-0.254
2025-12-05T06:20:36.851181,-2.585,9.870,1.270,-0.254
2025-12-05T06:20:36.887352,-2.569,9.860,1.270,-0.254
2025-12-05T06:20:36.913621,-2.553,9.851,1.270,-0.254
2025-12-05T06:20:36.949412,-2.537,9.842,1.270,-0.254
2025-12-05T06:20:36.981927,-2.521,9.833,1.270,-0.254
2025-12-05T06:20:37.014204,-2.505,9.824,1.270,-0.254
2025-12-05T06:20:37.050237,-2.488,9.814,1.270,-0.254
2025-12-05T06:20:37.078857,-2.472,9.805,1.270,-0.254
2025-12-05T06:20:37.108326,-2.455,9.795,1.270,-0.254
2025-12-05T06:20:37.137320,-2.439,9.786,1.270,-0.254
2025-12-05T06:20:37.168460,-2.422,9.776,1.270,-0.254
2025-12-05T06:20:37.198806,-2.405,9.767,1.270,-0.254
2025-12-05T06:20:37.236070,-2.388,9.757,1.270,-0.254
2025-12-05T06:20:37.268550,-2.371,9.747,1.270,-0.254
2025-12-05T06:20:37.300081,-2.355,9.738,1.270,-0.254
2025-12-05T06:20:37.332619,-2.338,9.728,1.270,-0.254
2025-12-05T06:20:37.359919,-2.320,9.718,1.270,-0.254
2025-12-05T06:20:37.399943,-2.303,9.709,1.270,-0.254
2025-12-05T06:20:37.427568,-2.286,9.699,1.270,-0.254
2025-12-05T06:20:37.459505,-2.269,9.689,1.270,-0.254
2025-12-05T06:20:37.490654,-2.252,9.679,1.270,-0.254
2025-12-05T06:20:37.523687,-2.234,9.670,1.270,-0.254
2025-12-05T06:20:37.555748,-2.217,9.660,1.270,-0.254
2025-12-05T06:20:37.583262,-2.200,9.650,1.270,-0.254
2025-12-05T06:20:37.616812,-2.182,9.640,1.270,-0.254
2025-12-05T06:20:37.655167,-2.165,9.630,1.270,-0.254
2025-12-05T06:20:37.691980,-2.147,9.620,1.270,-0.254
2025-12-05T06:20:37.724637,-2.130,9.610,1.270,-0.254
2025-12-05T06:20:37.757507,-2.112,9.600,1.270,-0.254
2025-12-05T06:20:37.790495,-2.095,9.591,1.270,-0.254
2025-12-05T06:20:37.821702,-2.077,9.581,1.270,-0.254
2025-12-05T06:20:37.853346,-2.060,9.571,1.270,-0.254
2025-12-05T06:20:37.883356,-2.042,9.561,1.270,-0.254
2025-12-05T06:20:37.920353,-2.025,9.551,1.270,-0.254
2025-12-05T06:20:37.946241,-2.007,9.541,1.270,-0.254
2025-12-05T06:20:37.980413,-1.989,9.531,1.270,-0.254
2025-12-05T06:20:38.017153,-1.972,9.521,1.270,-0.254
2025-12-05T06:20:38.049080,-1.954,9.511,1.270,-0.254
2025-12-05T06:20:38.082928,-1.936,9.501,1.270,-0.254
2025-12-05T06:20:38.114019,-1.919,9.491,1.270,-0.254
2025-12-05T06:20:38.148729,-1.901,9.481,1.270,-0.254
2025-12-05T06:20:38.182426,-1.883,9.471,1.270,-0.254
2025-12-05T06:20:38.214073,-1.865,9.461,1.270,-0.254
2025-12-05T06:20:38.247163,-1.848,9.451,1.270,-0.254
2025-12-05T06:20:38.277670,-1.830,9.441,1.270,-0.254
2025-12-05T06:20:38.307927,-1.812,9.431,1.270,-0.254
2025-12-05T06:20:38.338314,-1.794,9.421,1.270,-0.254
2025-12-05T06:20:38.372727,-1.777,9.411,1.270,-0.254
2025-12-05T06:20:38.400897,-1.759,9.401,1.270,-0.254
2025-12-05T06:20:38.438259,-1.741,9.391,1.270,-0.254
2025-12-05T06:20:38.470139,-1.723,9.381,1.270,-0.254
2025-12-05T06:20:38.503158,-1.706,9.371,1.270,-0.254
2025-12-05T06:20:38.532353,-1.688,9.361,1.270,-0.254
2025-12-05T06:20:38.564342,-1.670,9.350,1.270,-0.254
2025-12-05T06:20:38.597057,-1.652,9.340,1.270,-0.254
2025-12-05T06:20:38.634033,-1.634,9.330,1.270,-0.254
2025-12-05T06:20:38.669871,-1.617,9.320,1.270,-0.254
2025-12-05T06:20:38.705854,-1.599,9.310,1.270,-0.254
2025-12-05T06:20:38.731524,-1.581,9.300,1.270,-0.254
2025-12-05T06:20:38.760731,-1.563,9.290,1.270,-0.254
2025-12-05T06:20:38.790323,-1.545,9.280,1.270,-0.254
2025-12-05T06:20:38.822977,-1.528,9.270,1.270,-0.254
2025-12-05T06:20:38.855451,-1.510,9.260,1.270,-0.254
2025-12-05T06:20:38.886970,-1.492,9.250,1.270,-0.254
2025-12-05T06:20:38.920429,-1.474,9.240,1.270,-0.254
2025-12-05T06:20:38.951786,-1.456,9.230,1.270,-0.254
2025-12-05T06:20:38.985639,-1.438,9.220,1.270,-0.254
2025-12-05T06:20:39.018465,-1.421,9.210,1.270,-0.254
2025-12-05T06:20:39.049933,-1.403,9.200,1.270,-0.254
2025-12-05T06:20:39.082935,-1.385,9.190,1.270,-0.254
2025-12-05T06:20:39.113034,-1.367,9.180,1.270,-0.254
2025-12-05T06:20:39.149385,-1.349,9.169,1.270,-0.254
2025-12-05T06:20:39.183170,-1.331,9.159,1.270,-0.254
2025-12-05T06:20:39.216529,-1.314,9.149,1.270,-0.254
2025-12-05T06:20:39.244946,-1.296,9.139,1.270,-0.254
2025-12-05T06:20:39.275226,-1.278,9.129,1.270,-0.254
2025-12-05T06:20:39.307305,-1.260,9.119,1.270,-0.254
2025-12-05T06:20:39.338684,-1.242,9.109,1.270,-0.254
2025-12-05T06:20:39.369328,-1.224,9.099,1.270,-0.254
2025-12-05T06:20:39.402389,-1.206,9.089,1.270,-0.254
2025-12-05T06:20:39.439678,-1.189,9.079,1.270,-0.254
2025-12-05T06:20:39.473872,-1.171,9.069,1.270,-0.254
2025-12-05T06:20:39.505194,-1.153,9.059,1.270,-0.254
2025-12-05T06:20:39.539968,-1.135,9.049,1.270,-0.254
2025-12-05T06:20:39.564677,-1.117,9.039,1.270,-0.254
2025-12-05T06:20:39.597393,-1.099,9.028,1.270,-0.254
2025-12-05T06:20:39.636405,-1.081,9.018,1.270,-0.254
2025-12-05T06:20:39.666156,-1.064,9.008,1.270,-0.254
2025-12-05T06:20:39.700139,-1.046,8.998,1.270,-0.254
2025-12-05T06:20:39.737081,-1.028,8.988,1.270,-0.254
2025-12-05T06:20:39.767512,-1.010,8.978,1.270,-0.254
2025-12-05T06:20:39.804864,-0.992,8.968,1.270,-0.254
2025-12-05T06:20:39.829047,-0.974,8.958,1.270,-0.254
2025-12-05T06:20:39.862078,-0.957,8.948,1.270,-0.254
2025-12-05T06:20:39.886804,-0.939,8.938,1.270,-0.254
2025-12-05T06:20:39.919050,-0.921,8.928,1.270,-0.254
2025-12-05T06:20:39.955608,-0.903,8.918,1.270,-0.254
2025-12-05T06:20:39.984974,-0.885,8.908,1.270,-0.254
2025-12-05T06:20:40.021451,-0.867,8.898,1.270,-0.254
2025-12-05T06:20:40.056304,-0.849,8.887,1.270,-0.254
2025-12-05T06:20:40.091498,-0.831,8.877,1.270,-0.254
2025-12-05T06:20:40.122323,-0.814,8.867,1.270,-0.254
2025-12-05T06:20:40.152642,-0.796,8.857,1.270,-0.254
2025-12-05T06:20:40.182112,-0.778,8.847,1.270,-0.254
2025-12-05T06:20:40.212792,-0.760,8.837,1.270,-0.254
2025-12-05T06:20:40.245549,-0.742,8.827,1.270,-0.254
2025-12-05T06:20:40.278801,-0.724,8.817,1.270,-0.254
2025-12-05T06:20:40.312495,-0.706,8.807,1.270,-0.254
2025-12-05T06:20:40.346226,-0.689,8.797,1.270,-0.254
2025-12-05T06:20:40.378405,-0.671,8.787,1.270,-0.254
2025-12-05T06:20:40.412419,-0.653,8.777,1.270,-0.254
2025-12-05T06:20:40.443581,-0.635,8.767,1.270,-0.254
2025-12-05T06:20:40.471943,-0.617,8.756,1.270,-0.254
2025-12-05T06:20:40.501441,-0.599,8.746,1.270,-0.254
2025-12-05T06:20:40.534057,-0.581,8.736,1.270,-0.254
2025-12-05T06:20:40.563388,-0.564,8.726,1.270,-0.254
2025-12-05T06:20:40.595214,-0.546,8.716,1.270,-0.254
2025-12-05T06:20:40.633199,-0.528,8.706,1.270,-0.254
2025-12-05T06:20:40.666173,-0.510,8.696,1.270,-0.254
2025-12-05T06:20:40.699545,-0.492,8.686,1.270,-0.254
2025-12-05T06:20:40.738164,-0.474,8.676,1.270,-0.254
2025-12-05T06:20:40.764469,-0.456,8.666,1.270,-0.254
2025-12-05T06:20:40.798694,-0.439,8.656,1.270,-0.254
2025-12-05T06:20:40.830317,-0.421,8.646,1.270,-0.254
2025-12-05T06:20:40.861545,-0.403,8.636,1.270,-0.254
2025-12-05T06:20:40.892542,-0.385,8.625,1.270,-0.254
2025-12-05T06:20:40.925930,-0.367,8.615,1.270,-0.254
2025-12-05T06:20:40.961232,-0.349,8.605,1.270,-0.254
2025-12-05T06:20:40.994430,-0.331,8.595,1.270,-0.254
2025-12-05T06:20:41.027930,-0.314,8.585,1.270,-0.254
2025-12-05T06:20:41.062938,-0.296,8.575,1.270,-0.254
2025-12-05T06:20:41.090664,-0.278,8.565,1.270,-0.254
2025-12-05T06:20:41.120197,-0.260,8.555,1.270,-0.254
2025-12-05T06:20:41.151921,-0.242,8.545,1.270,-0.254
2025-12-05T06:20:41.187061,-0.224,8.535,1.270,-0.254
2025-12-05T06:20:41.219150,-0.206,8.525,1.270,-0.254
2025-12-05T06:20:41.255354,-0.189,8.515,1.270,-0.254
2025-12-05T06:20:41.292652,-0.171,8.505,1.270,-0.254
2025-12-05T06:20:41.325518,-0.153,8.494,1.270,-0.254
2025-12-05T06:20:41.356030,-0.135,8.484,1.270,-0.254
2025-12-05T06:20:41.386495,-0.133,8.483,1.270,-0.282
2025-12-05T06:20:41.416717,-0.131,8.482,1.270,-0.309
2025-12-05T06:20:41.450731,-0.129,8.481,1.270,-0.337
2025-12-05T06:20:41.482824,-0.127,8.480,1.270,-0.363
2025-12-05T06:20:41.511760,-0.125,8.479,1.270,-0.390
2025-12-05T06:20:41.546471,-0.123,8.478,1.270,-0.417
2025-12-05T06:20:41.580572,-0.122,8.477,1.270,-0.443
2025-12-05T06:20:41.610969,-0.120,8.476,1.270,-0.468
2025-12-05T06:20:41.643213,-0.119,8.475,1.270,-0.493
2025-12-05T06:20:41.680420,-0.118,8.475,1.270,-0.518
2025-12-05T06:20:41.705705,-0.117,8.474,1.270,-0.543
2025-12-05T06:20:41.738306,-0.116,8.474,1.270,-0.567
2025-12-05T06:20:41.772379,-0.115,8.473,1.270,-0.590
2025-12-05T06:20:41.804948,-0.114,8.472,1.270,-0.613
2025-12-05T06:20:41.837575,-0.108,8.455,1.270,-0.613
2025-12-05T06:20:41.873934,-0.103,8.437,1.270,-0.613
2025-12-05T06:20:41.901834,-0.098,8.418,1.270,-0.613
2025-12-05T06:20:41.936176,-0.092,8.400,1.270,-0.613
2025-12-05T06:20:41.970606,-0.087,8.382,1.270,-0.613
2025-12-05T06:20:42.000855,-0.082,8.363,1.270,-0.613
2025-12-05T06:20:42.035418,-0.077,8.345,1.270,-0.613
2025-12-05T06:20:42.068302,-0.071,8.326,1.270,-0.613
2025-12-05T06:20:42.100531,-0.066,8.308,1.270,-0.613
2025-12-05T06:20:42.137153,-0.061,8.289,1.270,-0.613
2025-12-05T06:20:42.166608,-0.056,8.270,1.270,-0.613
2025-12-05T06:20:42.199646,-0.050,8.251,1.270,-0.613
2025-12-05T06:20:42.226371,-0.045,8.232,1.270,-0.613
2025-12-05T06:20:42.258813,-0.040,8.213,1.270,-0.613
2025-12-05T06:20:42.290435,-0.035,8.194,1.270,-0.613
2025-12-05T06:20:42.322435,-0.030,8.175,1.270,-0.613
2025-12-05T06:20:42.356688,-0.025,8.156,1.270,-0.613
2025-12-05T06:20:42.390397,-0.019,8.137,1.270,-0.613
2025-12-05T06:20:42.421842,-0.014,8.117,1.270,-0.613
2025-12-05T06:20:42.454123,-0.009,8.098,1.270,-0.613
2025-12-05T06:20:42.486921,-0.004,8.079,1.270,-0.613
2025-12-05T06:20:42.517515,0.001,8.059,1.270,-0.613
2025-12-05T06:20:42.546696,0.006,8.040,1.270,-0.613
2025-12-05T06:20:42.583268,0.012,8.021,1.270,-0.613
2025-12-05T06:20:42.617686,0.017,8.001,1.270,-0.613
2025-12-05T06:20:42.648669,0.022,7.982,1.270,-0.613
2025-12-05T06:20:42.680938,0.027,7.962,1.270,-0.613
2025-12-05T06:20:42.710996,0.032,7.943,1.270,-0.613
2025-12-05T06:20:42.747872,0.037,7.923,1.270,-0.613
2025-12-05T06:20:42.777531,0.042,7.903,1.270,-0.613
2025-12-05T06:20:42.805208,0.048,7.884,1.270,-0.613
2025-12-05T06:20:42.835278,0.053,7.864,1.270,-0.613
2025-12-05T06:20:42.869664,0.058,7.845,1.270,-0.613
2025-12-05T06:20:42.904084,0.063,7.825,1.270,-0.613
2025-12-05T06:20:42.938070,0.068,7.805,1.270,-0.613
2025-12-05T06:20:42.972215,0.073,7.786,1.270,-0.613
2025-12-05T06:20:43.002426,0.078,7.766,1.270,-0.613
2025-12-05T06:20:43.040505,0.083,7.746,1.270,-0.613
2025-12-05T06:20:43.063411,0.088,7.727,1.270,-0.613
2025-12-05T06:20:43.098894,0.094,7.707,1.270,-0.613
2025-12-05T06:20:43.129284,0.099,7.687,1.270,-0.613
2025-12-05T06:20:43.160532,0.104,7.667,1.270,-0.613
2025-12-05T06:20:43.193612,0.109,7.648,1.270,-0.613
2025-12-05T06:20:43.226629,0.114,7.628,1.270,-0.613
2025-12-05T06:20:43.257910,0.119,7.608,1.270,-0.613
2025-12-05T06:20:43.291633,0.124,7.588,1.270,-0.613
2025-12-05T06:20:43.326675,0.129,7.569,1.270,-0.613
2025-12-05T06:20:43.355849,0.134,7.549,1.270,-0.613
2025-12-05T06:20:43.391356,0.139,7.529,1.270,-0.613
2025-12-05T06:20:43.419642,0.145,7.509,1.270,-0.613
2025-12-05T06:20:43.447443,0.150,7.489,1.270,-0.613
2025-12-05T06:20:43.480520,0.155,7.470,1.270,-0.613
2025-12-05T06:20:43.513586,0.160,7.450,1.270,-0.613
2025-12-05T06:20:43.545969,0.165,7.430,1.270,-0.613
2025-12-05T06:20:43.577972,0.170,7.410,1.270,-0.613
2025-12-05T06:20:43.615738,0.175,7.390,1.270,-0.613
2025-12-05T06:20:43.647927,0.180,7.371,1.270,-0.613
2025-12-05T06:20:43.677701,0.185,7.351,1.270,-0.613
2025-12-05T06:20:43.709858,0.190,7.331,1.270,-0.613
2025-12-05T06:20:43.741984,0.196,7.311,1.270,-0.613
2025-12-05T06:20:43.773315,0.201,7.291,1.270,-0.613
2025-12-05T06:20:43.802792,0.206,7.271,1.270,-0.613
2025-12-05T06:20:43.838789,0.211,7.252,1.270,-0.613
2025-12-05T06:20:43.880922,0.216,7.232,1.270,-0.613
2025-12-05T06:20:43.906449,0.221,7.212,1.270,-0.613
2025-12-05T06:20:43.945208,0.226,7.192,1.270,-0.613
2025-12-05T06:20:43.974919,0.231,7.172,1.270,-0.613
2025-12-05T06:20:44.006147,0.236,7.152,1.270,-0.613
2025-12-05T06:20:44.037414,0.241,7.133,1.270,-0.613
2025-12-05T06:20:44.072426,0.246,7.113,1.270,-0.613
2025-12-05T06:20:44.100251,0.252,7.093,1.270,-0.613
2025-12-05T06:20:44.134343,0.257,7.073,1.270,-0.613
2025-12-05T06:20:44.165859,0.262,7.053,1.270,-0.613
2025-12-05T06:20:44.199859,0.267,7.033,1.270,-0.613
2025-12-05T06:20:44.236672,0.272,7.014,1.270,-0.613
2025-12-05T06:20:44.269605,0.277,6.994,1.270,-0.613
2025-12-05T06:20:44.301288,0.282,6.974,1.270,-0.613
2025-12-05T06:20:44.331151,0.287,6.954,1.270,-0.613
2025-12-05T06:20:44.364517,0.292,6.934,1.270,-0.613
2025-12-05T06:20:44.394396,0.297,6.914,1.270,-0.613
2025-12-05T06:20:44.426818,0.302,6.894,1.270,-0.613
2025-12-05T06:20:44.459804,0.308,6.875,1.270,-0.613
2025-12-05T06:20:44.494328,0.313,6.855,1.270,-0.613
2025-12-05T06:20:44.530994,0.318,6.835,1.270,-0.613
2025-12-05T06:20:44.556846,0.323,6.815,1.270,-0.613
2025-12-05T06:20:44.592669,0.328,6.795,1.270,-0.613
2025-12-05T06:20:44.620741,0.333,6.775,1.270,-0.613
2025-12-05T06:20:44.658662,0.338,6.755,1.270,-0.613
2025-12-05T06:20:44.687557,0.343,6.736,1.270,-0.613
2025-12-05T06:20:44.721647,0.348,6.716,1.270,-0.613
2025-12-05T06:20:44.755073,0.353,6.696,1.270,-0.613
2025-12-05T06:20:44.786408,0.358,6.676,1.270,-0.613
2025-12-05T06:20:44.818483,0.364,6.656,1.270,-0.613
2025-12-05T06:20:44.849274,0.369,6.636,1.270,-0.613
2025-12-05T06:20:44.881839,0.374,6.616,1.270,-0.613
2025-12-05T06:20:44.913954,0.379,6.596,1.270,-0.613
2025-12-05T06:20:44.944189,0.384,6.577,1.270,-0.613
2025-12-05T06:20:44.977838,0.389,6.557,1.270,-0.613
2025-12-05T06:20:45.010450,0.394,6.537,1.270,-0.613
2025-12-05T06:20:45.048385,0.399,6.517,1.270,-0.613
2025-12-05T06:20:45.081610,0.404,6.497,1.270,-0.613
2025-12-05T06:20:45.114691,0.409,6.477,1.270,-0.613
2025-12-05T06:20:45.146380,0.414,6.457,1.270,-0.613
2025-12-05T06:20:45.179211,0.420,6.438,1.270,-0.613
2025-12-05T06:20:45.209315,0.425,6.418,1.270,-0.613
2025-12-05T06:20:45.242722,0.430,6.398,1.270,-0.613
2025-12-05T06:20:45.275059,0.435,6.378,1.270,-0.613
2025-12-05T06:20:45.310339,0.440,6.358,1.270,-0.613
2025-12-05T06:20:45.348746,0.445,6.338,1.270,-0.613
2025-12-05T06:20:45.379327,0.450,6.318,1.270,-0.613
2025-12-05T06:20:45.409758,0.455,6.299,1.270,-0.613
2025-12-05T06:20:45.441523,0.460,6.279,1.270,-0.613
2025-12-05T06:20:45.474027,0.465,6.259,1.270,-0.613
2025-12-05T06:20:45.505624,0.470,6.239,1.270,-0.613
2025-12-05T06:20:45.533752,0.476,6.219,1.270,-0.613
2025-12-05T06:20:45.567735,0.481,6.199,1.270,-0.613
2025-12-05T06:20:45.601621,0.486,6.179,1.270,-0.613
2025-12-05T06:20:45.634988,0.491,6.159,1.270,-0.613
2025-12-05T06:20:45.668807,0.496,6.140,1.270,-0.613
2025-12-05T06:20:45.699690,0.501,6.120,1.270,-0.613
2025-12-05T06:20:45.735369,0.506,6.100,1.270,-0.613
2025-12-05T06:20:45.764822,0.511,6.080,1.270,-0.613
2025-12-05T06:20:45.798711,0.516,6.060,1.270,-0.613
2025-12-05T06:20:45.829976,0.521,6.040,1.270,-0.613
2025-12-05T06:20:45.859367,0.526,6.020,1.270,-0.613
2025-12-05T06:20:45.890464,0.531,6.001,1.270,-0.613
2025-12-05T06:20:45.919760,0.537,5.981,1.270,-0.613
2025-12-05T06:20:45.952076,0.542,5.961,1.270,-0.613
2025-12-05T06:20:45.985128,0.547,5.941,1.270,-0.613
2025-12-05T06:20:46.015263,0.552,5.921,1.270,-0.613
2025-12-05T06:20:46.048947,0.557,5.901,1.270,-0.613
2025-12-05T06:20:46.084524,0.562,5.881,1.270,-0.613
2025-12-05T06:20:46.116699,0.567,5.861,1.270,-0.613
2025-12-05T06:20:46.151964,0.572,5.842,1.270,-0.613
2025-12-05T06:20:46.182193,0.577,5.822,1.270,-0.613
2025-12-05T06:20:46.212507,0.582,5.802,1.270,-0.613
2025-12-05T06:20:46.254264,0.587,5.782,1.270,-0.613
2025-12-05T06:20:46.279512,0.593,5.762,1.270,-0.613
2025-12-05T06:20:46.309848,0.598,5.742,1.270,-0.613
2025-12-05T06:20:46.338431,0.603,5.722,1.270,-0.613
2025-12-05T06:20:46.375418,0.608,5.703,1.270,-0.613
2025-12-05T06:20:46.411696,0.613,5.683,1.270,-0.613
2025-12-05T06:20:46.434930,0.618,5.663,1.270,-0.613
2025-12-05T06:20:46.470405,0.623,5.643,1.270,-0.613
2025-12-05T06:20:46.504755,0.628,5.623,1.270,-0.613
2025-12-05T06:20:46.538444,0.633,5.603,1.270,-0.613
2025-12-05T06:20:46.569031,0.638,5.583,1.270,-0.613
2025-12-05T06:20:46.600927,0.643,5.564,1.270,-0.613
2025-12-05T06:20:46.634996,0.649,5.544,1.270,-0.613
2025-12-05T06:20:46.665593,0.654,5.524,1.270,-0.613
2025-12-05T06:20:46.696135,0.659,5.504,1.270,-0.613
2025-12-05T06:20:46.728563,0.664,5.484,1.270,-0.613
2025-12-05T06:20:46.764090,0.669,5.464,1.270,-0.613
2025-12-05T06:20:46.798479,0.674,5.444,1.270,-0.613
2025-12-05T06:20:46.836610,0.679,5.424,1.270,-0.613
2025-12-05T06:20:46.865544,0.684,5.405,1.270,-0.613
2025-12-05T06:20:46.898586,0.689,5.385,1.270,-0.613
2025-12-05T06:20:46.930817,0.694,5.365,1.270,-0.613
2025-12-05T06:20:46.964042,0.699,5.345,1.270,-0.613
2025-12-05T06:20:46.991312,0.705,5.325,1.270,-0.613
2025-12-05T06:20:47.022880,0.710,5.305,1.270,-0.613
2025-12-05T06:20:47.055754,0.715,5.285,1.270,-0.613
2025-12-05T06:20:47.096008,0.720,5.266,1.270,-0.613
2025-12-05T06:20:47.125979,0.725,5.246,1.270,-0.613
2025-12-05T06:20:47.157980,0.730,5.226,1.270,-0.613
2025-12-05T06:20:47.191077,0.735,5.206,1.270,-0.613
2025-12-05T06:20:47.220741,0.740,5.186,1.270,-0.613
2025-12-05T06:20:47.251744,0.745,5.166,1.270,-0.613
2025-12-05T06:20:47.286292,0.750,5.146,1.270,-0.613
2025-12-05T06:20:47.317759,0.755,5.126,1.270,-0.613
2025-12-05T06:20:47.351620,0.761,5.107,1.270,-0.613
2025-12-05T06:20:47.384585,0.766,5.087,1.270,-0.613
2025-12-05T06:20:47.418139,0.771,5.067,1.270,-0.613
2025-12-05T06:20:47.451909,0.776,5.047,1.270,-0.613
2025-12-05T06:20:47.482810,0.781,5.027,1.270,-0.613
2025-12-05T06:20:47.512060,0.786,5.007,1.270,-0.613
2025-12-05T06:20:47.543342,0.791,4.987,1.270,-0.613
2025-12-05T06:20:47.575415,0.796,4.968,1.270,-0.613
2025-12-05T06:20:47.608940,0.801,4.948,1.270,-0.613
2025-12-05T06:20:47.642517,0.806,4.928,1.270,-0.613
2025-12-05T06:20:47.672742,0.811,4.908,1.270,-0.613
2025-12-05T06:20:47.702762,0.816,4.888,1.270,-0.613
2025-12-05T06:20:47.737885,0.822,4.868,1.270,-0.613
2025-12-05T06:20:47.764176,0.827,4.848,1.270,-0.613
2025-12-05T06:20:47.800723,0.832,4.828,1.270,-0.613
2025-12-05T06:20:47.830338,0.837,4.809,1.270,-0.613
2025-12-05T06:20:47.861909,0.842,4.789,1.270,-0.613
2025-12-05T06:20:47.901061,0.847,4.769,1.270,-0.613
2025-12-05T06:20:47.929720,0.852,4.749,1.270,-0.613
2025-12-05T06:20:47.958928,0.857,4.729,1.270,-0.613
2025-12-05T06:20:47.993381,0.862,4.709,1.270,-0.613
2025-12-05T06:20:48.026596,0.867,4.689,1.270,-0.613
2025-12-05T06:20:48.055813,0.872,4.670,1.270,-0.613
2025-12-05T06:20:48.090612,0.878,4.650,1.270,-0.613
2025-12-05T06:20:48.122898,0.883,4.630,1.270,-0.613
2025-12-05T06:20:48.156629,0.888,4.610,1.270,-0.613
2025-12-05T06:20:48.189738,0.893,4.590,1.270,-0.613
2025-12-05T06:20:48.225656,0.898,4.570,1.270,-0.613
2025-12-05T06:20:48.257904,0.903,4.550,1.270,-0.613
2025-12-05T06:20:48.290408,0.908,4.530,1.270,-0.613
2025-12-05T06:20:48.319863,0.913,4.511,1.270,-0.613
2025-12-05T06:20:48.356956,0.918,4.491,1.270,-0.613
2025-12-05T06:20:48.385004,0.923,4.471,1.270,-0.613
2025-12-05T06:20:48.419090,0.928,4.451,1.270,-0.613
2025-12-05T06:20:48.453827,0.934,4.431,1.270,-0.613
2025-12-05T06:20:48.489758,0.939,4.411,1.270,-0.613
2025-12-05T06:20:48.523816,0.944,4.391,1.270,-0.613
2025-12-05T06:20:48.553356,0.949,4.372,1.270,-0.613
2025-12-05T06:20:48.582284,0.954,4.352,1.270,-0.613
2025-12-05T06:20:48.611049,0.959,4.332,1.270,-0.613
2025-12-05T06:20:48.646345,0.964,4.312,1.270,-0.613
2025-12-05T06:20:48.676819,0.969,4.292,1.270,-0.613
2025-12-05T06:20:48.712176,0.974,4.272,1.270,-0.613
2025-12-05T06:20:48.745974,0.979,4.252,1.270,-0.613
2025-12-05T06:20:48.776065,0.984,4.232,1.270,-0.613
2025-12-05T06:20:48.818934,0.990,4.213,1.270,-0.613
2025-12-05T06:20:48.850526,0.995,4.193,1.270,-0.613
2025-12-05T06:20:48.880821,1.000,4.173,1.270,-0.613
2025-12-05T06:20:48.913286,1.005,4.153,1.270,-0.613
2025-12-05T06:20:48.945730,1.010,4.133,1.270,-0.613
2025-12-05T06:20:48.973845,1.015,4.113,1.270,-0.613
2025-12-05T06:20:49.004801,1.020,4.093,1.270,-0.613
2025-12-05T06:20:49.036995,1.025,4.074,1.270,-0.613
2025-12-05T06:20:49.071149,1.030,4.054,1.270,-0.613
2025-12-05T06:20:49.106289,1.035,4.034,1.270,-0.613
2025-12-05T06:20:49.136470,1.040,4.014,1.270,-0.613
2025-12-05T06:20:49.171357,1.046,3.994,1.270,-0.613
2025-12-05T06:20:49.199586,1.051,3.974,1.270,-0.613
2025-12-05T06:20:49.235553,1.056,3.954,1.270,-0.613
2025-12-05T06:20:49.262842,1.061,3.934,1.270,-0.613
2025-12-05T06:20:49.297366,1.066,3.915,1.270,-0.613
2025-12-05T06:20:49.330018,1.071,3.895,1.270,-0.613
2025-12-05T06:20:49.362796,1.076,3.875,1.270,-0.613
2025-12-05T06:20:49.399485,1.081,3.855,1.270,-0.613
2025-12-05T06:20:49.437857,1.086,3.835,1.270,-0.613
2025-12-05T06:20:49.469207,1.091,3.815,1.270,-0.613
2025-12-05T06:20:49.501230,1.096,3.795,1.270,-0.613
2025-12-05T06:20:49.530477,1.097,3.793,1.270,-0.636
2025-12-05T06:20:49.560297,1.098,3.791,1.270,-0.658
2025-12-05T06:20:49.590819,1.098,3.788,1.270,-0.679
2025-12-05T06:20:49.619663,1.099,3.786,1.270,-0.700
2025-12-05T06:20:49.651489,1.099,3.784,1.270,-0.720
2025-12-05T06:20:49.685483,1.100,3.783,1.270,-0.740
2025-12-05T06:20:49.717702,1.100,3.781,1.270,-0.759
2025-12-05T06:20:49.753044,1.101,3.779,1.270,-0.777
2025-12-05T06:20:49.785996,1.101,3.778,1.270,-0.795
2025-12-05T06:20:49.816919,1.101,3.776,1.270,-0.812
2025-12-05T06:20:49.850370,1.102,3.775,1.270,-0.829
2025-12-05T06:20:49.881891,1.102,3.774,1.270,-0.844
2025-12-05T06:20:49.911513,1.102,3.773,1.270,-0.860
2025-12-05T06:20:49.945608,1.102,3.772,1.270,-0.874
2025-12-05T06:20:49.980900,1.103,3.771,1.270,-0.888
2025-12-05T06:20:50.016659,1.103,3.770,1.270,-0.900
2025-12-05T06:20:50.045138,1.103,3.769,1.270,-0.913
2025-12-05T06:20:50.080049,1.103,3.768,1.270,-0.924
2025-12-05T06:20:50.110921,1.104,3.767,1.270,-0.935
2025-12-05T06:20:50.142289,1.104,3.767,1.270,-0.944
2025-12-05T06:20:50.175120,1.104,3.766,1.270,-0.954
2025-12-05T06:20:50.204378,1.104,3.765,1.270,-0.962
2025-12-05T06:20:50.238706,1.104,3.765,1.270,-0.969
2025-12-05T06:20:50.275862,1.104,3.764,1.270,-0.976
2025-12-05T06:20:50.304321,1.105,3.764,1.270,-0.982
2025-12-05T06:20:50.337283,1.105,3.763,1.270,-0.987
2025-12-05T06:20:50.369514,1.105,3.763,1.270,-0.991
2025-12-05T06:20:50.401676,1.105,3.762,1.270,-0.995
2025-12-05T06:20:50.435746,1.105,3.762,1.270,-0.997
2025-12-05T06:20:50.468996,1.105,3.762,1.270,-0.999
2025-12-05T06:20:50.502633,1.105,3.761,1.270,-1.000
2025-12-05T06:20:50.534716,1.105,3.761,1.270,1.000
2025-12-05T06:20:50.565313,1.105,3.761,1.270,0.999
2025-12-05T06:20:50.598160,1.105,3.760,1.270,0.998
2025-12-05T06:20:50.630899,1.105,3.760,1.270,0.995
2025-12-05T06:20:50.662965,1.106,3.760,1.270,0.992
2025-12-05T06:20:50.700263,1.106,3.760,1.270,0.988
2025-12-05T06:20:50.733681,1.106,3.759,1.270,0.983
2025-12-05T06:20:50.760647,1.106,3.759,1.270,0.978
2025-12-05T06:20:50.791249,1.106,3.759,1.270,0.971
2025-12-05T06:20:50.823558,1.106,3.759,1.270,0.964
2025-12-05T06:20:50.853186,1.106,3.759,1.270,0.956
2025-12-05T06:20:50.885729,1.106,3.759,1.270,0.947
2025-12-05T06:20:50.918266,1.106,3.758,1.270,0.937
2025-12-05T06:20:50.952482,1.106,3.758,1.270,0.927
2025-12-05T06:20:50.987232,1.106,3.758,1.270,0.916
2025-12-05T06:20:51.017373,1.106,3.758,1.270,0.904
2025-12-05T06:20:51.049721,1.106,3.758,1.270,0.891
2025-12-05T06:20:51.082910,1.106,3.758,1.270,0.877
2025-12-05T06:20:51.113587,1.106,3.758,1.270,0.863
2025-12-05T06:20:51.146169,1.106,3.758,1.270,0.848
2025-12-05T06:20:51.180334,1.106,3.757,1.270,0.833
2025-12-05T06:20:51.210967,1.106,3.757,1.270,0.816
2025-12-05T06:20:51.246982,1.106,3.757,1.270,0.799
2025-12-05T06:20:51.279897,1.106,3.757,1.270,0.782
2025-12-05T06:20:51.316148,1.106,3.757,1.270,0.764
2025-12-05T06:20:51.345784,1.106,3.757,1.270,0.745
2025-12-05T06:20:51.380328,1.106,3.757,1.270,0.725
2025-12-05T06:20:51.403502,1.106,3.757,1.270,0.705
2025-12-05T06:20:51.438748,1.106,3.757,1.270,0.684
2025-12-05T06:20:51.468505,1.106,3.757,1.270,0.663
2025-12-05T06:20:51.499706,1.106,3.757,1.270,0.641
2025-12-05T06:20:51.535247,1.106,3.757,1.270,0.619
2025-12-05T06:20:51.566703,1.106,3.757,1.270,0.596
2025-12-05T06:20:51.599780,1.106,3.757,1.270,0.573
2025-12-05T06:20:51.633838,1.106,3.757,1.270,0.549
2025-12-05T06:20:51.667955,1.106,3.757,1.270,0.524
2025-12-05T06:20:51.697352,1.106,3.757,1.270,0.500
2025-12-05T06:20:51.729042,1.106,3.757,1.270,0.474
2025-12-05T06:20:51.761027,1.106,3.757,1.270,0.449
2025-12-05T06:20:51.793959,1.106,3.757,1.270,0.423
2025-12-05T06:20:51.827050,1.106,3.757,1.270,0.397
2025-12-05T06:20:51.858663,1.106,3.757,1.270,0.370
2025-12-05T06:20:51.890070,1.106,3.757,1.270,0.343
2025-12-05T06:20:51.922903,1.106,3.757,1.270,0.316
2025-12-05T06:20:51.958637,1.106,3.756,1.270,0.289
2025-12-05T06:20:51.989258,1.106,3.756,1.270,0.261
2025-12-05T06:20:52.021726,1.106,3.756,1.270,0.233
2025-12-05T06:20:52.052546,1.106,3.756,1.270,0.205
2025-12-05T06:20:52.085446,1.106,3.756,1.270,0.177
2025-12-05T06:20:52.120853,1.106,3.756,1.270,0.148
2025-12-05T06:20:52.150525,1.106,3.756,1.270,0.120
2025-12-05T06:20:52.185326,1.106,3.756,1.270,0.091
2025-12-05T06:20:52.218617,1.106,3.756,1.270,0.062
2025-12-05T06:20:52.250619,1.106,3.756,1.270,0.034
2025-12-05T06:20:52.282174,1.124,3.758,1.270,0.034
2025-12-05T06:20:52.315971,1.142,3.759,1.270,0.034
2025-12-05T06:20:52.344036,1.161,3.760,1.270,0.034
2025-12-05T06:20:52.374943,1.179,3.761,1.270,0.034
2025-12-05T06:20:52.412224,1.197,3.762,1.270,0.034
2025-12-05T06:20:52.445949,1.216,3.764,1.270,0.034
2025-12-05T06:20:52.484165,1.235,3.765,1.270,0.034
2025-12-05T06:20:52.512744,1.254,3.766,1.270,0.034
2025-12-05T06:20:52.544803,1.272,3.767,1.270,0.034
2025-12-05T06:20:52.578514,1.292,3.769,1.270,0.034
2025-12-05T06:20:52.608502,1.311,3.770,1.270,0.034
2025-12-05T06:20:52.641225,1.330,3.771,1.270,0.034
2025-12-05T06:20:52.675073,1.349,3.773,1.270,0.034
2025-12-05T06:20:52.707797,1.369,3.774,1.270,0.034
2025-12-05T06:20:52.742487,1.388,3.775,1.270,0.034
2025-12-05T06:20:52.774629,1.407,3.777,1.270,0.034
2025-12-05T06:20:52.807484,1.427,3.778,1.270,0.034
2025-12-05T06:20:52.837040,1.447,3.779,1.270,0.034
2025-12-05T06:20:52.866775,1.466,3.780,1.270,0.034
2025-12-05T06:20:52.897969,1.486,3.782,1.270,0.034
2025-12-05T06:20:52.930010,1.506,3.783,1.270,0.034
2025-12-05T06:20:52.965807,1.526,3.784,1.270,0.034
2025-12-05T06:20:52.999680,1.546,3.786,1.270,0.034
2025-12-05T06:20:53.030604,1.565,3.787,1.270,0.034
2025-12-05T06:20:53.063531,1.585,3.788,1.270,0.034
2025-12-05T06:20:53.094245,1.605,3.790,1.270,0.034
2025-12-05T06:20:53.126835,1.625,3.791,1.270,0.034
2025-12-05T06:20:53.158977,1.645,3.793,1.270,0.034
2025-12-05T06:20:53.194447,1.665,3.794,1.270,0.034
2025-12-05T06:20:53.226650,1.685,3.795,1.270,0.034
2025-12-05T06:20:53.258025,1.706,3.797,1.270,0.034
2025-12-05T06:20:53.290673,1.726,3.798,1.270,0.034
2025-12-05T06:20:53.322580,1.746,3.799,1.270,0.034
2025-12-05T06:20:53.354729,1.766,3.801,1.270,0.034
2025-12-05T06:20:53.385771,1.786,3.802,1.270,0.034
2025-12-05T06:20:53.417866,1.806,3.803,1.270,0.034
2025-12-05T06:20:53.450351,1.827,3.805,1.270,0.034
2025-12-05T06:20:53.490321,1.847,3.806,1.270,0.034
2025-12-05T06:20:53.524156,1.867,3.807,1.270,0.034
2025-12-05T06:20:53.558481,1.887,3.809,1.270,0.034
2025-12-05T06:20:53.594727,1.908,3.810,1.270,0.034
2025-12-05T06:20:53.625470,1.928,3.812,1.270,0.034
2025-12-05T06:20:53.658993,1.948,3.813,1.270,0.034
2025-12-05T06:20:53.691067,1.969,3.814,1.270,0.034
2025-12-05T06:20:53.722212,1.989,3.816,1.270,0.034
2025-12-05T06:20:53.757175,2.009,3.817,1.270,0.034
2025-12-05T06:20:53.795806,2.030,3.818,1.270,0.034
2025-12-05T06:20:53.818968,2.050,3.820,1.270,0.034
2025-12-05T06:20:53.847346,2.070,3.821,1.270,0.034
2025-12-05T06:20:53.883532,2.091,3.822,1.270,0.034
2025-12-05T06:20:53.912980,2.111,3.824,1.270,0.034
2025-12-05T06:20:53.939389,2.131,3.825,1.270,0.034
2025-12-05T06:20:53.974040,2.152,3.827,1.270,0.034
2025-12-05T06:20:54.021441,2.172,3.828,1.270,0.034
2025-12-05T06:20:54.048220,2.193,3.829,1.270,0.034
2025-12-05T06:20:54.077829,2.213,3.831,1.270,0.034
2025-12-05T06:20:54.109358,2.233,3.832,1.270,0.034
2025-12-05T06:20:54.140790,2.254,3.833,1.270,0.034
2025-12-05T06:20:54.166426,2.274,3.834,1.270,0.034
2025-12-05T06:20:54.198708,2.294,3.835,1.270,0.034
2025-12-05T06:20:54.230461,2.314,3.836,1.270,0.034
2025-12-05T06:20:54.262691,2.333,3.836,1.270,0.034
2025-12-05T06:20:54.294185,2.353,3.837,1.270,0.034
2025-12-05T06:20:54.328143,2.372,3.837,1.270,0.034
2025-12-05T06:20:54.365815,2.392,3.837,1.270,0.034
2025-12-05T06:20:54.401036,2.411,3.837,1.270,0.034
2025-12-05T06:20:54.431080,2.431,3.837,1.270,0.034
2025-12-05T06:20:54.464481,2.450,3.837,1.270,0.034
2025-12-05T06:20:54.498713,2.468,3.836,1.270,0.034
2025-12-05T06:20:54.527110,2.486,3.834,1.270,0.034
2025-12-05T06:20:54.557140,2.502,3.833,1.270,0.034
2025-12-05T06:20:54.587989,2.516,3.831,1.270,0.034
2025-12-05T06:20:54.624415,2.528,3.828,1.270,0.034
2025-12-05T06:20:54.652950,2.539,3.824,1.270,0.034
2025-12-05T06:20:54.692587,2.550,3.819,1.270,0.034
2025-12-05T06:20:54.719346,2.559,3.814,1.270,0.034
2025-12-05T06:20:54.751399,2.569,3.809,1.270,0.034
2025-12-05T06:20:54.787677,2.579,3.804,1.270,0.034
2025-12-05T06:20:54.816000,2.590,3.798,1.270,0.034
2025-12-05T06:20:54.845746,2.601,3.793,1.270,0.034
2025-12-05T06:20:54.878531,2.612,3.787,1.270,0.034
2025-12-05T06:20:54.910448,2.622,3.781,1.270,0.034
2025-12-05T06:20:54.940870,2.632,3.776,1.270,0.034
2025-12-05T06:20:54.980420,2.642,3.771,1.270,0.034
2025-12-05T06:20:55.009172,2.652,3.766,1.270,0.034
2025-12-05T06:20:55.044186,2.662,3.761,1.270,0.034
2025-12-05T06:20:55.074342,2.673,3.756,1.270,0.034
2025-12-05T06:20:55.103666,2.685,3.751,1.270,0.034
2025-12-05T06:20:55.139422,2.697,3.747,1.270,0.034
2025-12-05T06:20:55.170932,2.708,3.743,1.270,0.034
2025-12-05T06:20:55.205306,2.720,3.739,1.270,0.034
2025-12-05T06:20:55.240930,2.732,3.736,1.270,0.034
2025-12-05T06:20:55.276815,2.744,3.733,1.270,0.034
2025-12-05T06:20:55.303896,2.755,3.730,1.270,0.034
2025-12-05T06:20:55.336582,2.766,3.727,1.270,0.034
2025-12-05T06:20:55.367069,2.778,3.725,1.270,0.034
2025-12-05T06:20:55.398448,2.790,3.722,1.270,0.034
2025-12-05T06:20:55.430889,2.802,3.719,1.270,0.034
2025-12-05T06:20:55.463786,2.814,3.717,1.270,0.034
2025-12-05T06:20:55.501221,2.827,3.714,1.270,0.034
2025-12-05T06:20:55.538873,2.839,3.712,1.270,0.034
2025-12-05T06:20:55.568599,2.851,3.710,1.270,0.034
2025-12-05T06:20:55.606030,2.860,3.711,1.270,0.034
2025-12-05T06:20:55.634263,2.868,3.713,1.270,0.034
2025-12-05T06:20:55.675708,2.877,3.717,1.270,0.034
2025-12-05T06:20:55.702215,2.885,3.722,1.270,0.034
2025-12-05T06:20:55.733832,2.893,3.727,1.270,0.034
2025-12-05T06:20:55.764915,2.901,3.733,1.270,0.034
2025-12-05T06:20:55.798214,2.908,3.740,1.270,0.034
2025-12-05T06:20:55.832761,2.915,3.746,1.270,0.034
2025-12-05T06:20:55.860178,2.922,3.754,1.270,0.034
2025-12-05T06:20:55.889233,2.929,3.761,1.270,0.034
2025-12-05T06:20:55.919243,2.935,3.769,1.270,0.034
2025-12-05T06:20:55.949837,2.942,3.778,1.270,0.034
2025-12-05T06:20:55.986523,2.949,3.786,1.270,0.034
2025-12-05T06:20:56.019586,2.956,3.795,1.270,0.034
2025-12-05T06:20:56.051151,2.963,3.803,1.270,0.034
2025-12-05T06:20:56.082714,2.971,3.811,1.270,0.034
2025-12-05T06:20:56.113678,2.979,3.819,1.270,0.034
2025-12-05T06:20:56.146384,2.987,3.825,1.270,0.034
2025-12-05T06:20:56.181764,2.997,3.830,1.270,0.034
2025-12-05T06:20:56.210260,3.006,3.836,1.270,0.034
2025-12-05T06:20:56.247354,3.016,3.840,1.270,0.034
2025-12-05T06:20:56.279973,3.027,3.842,1.270,0.034
2025-12-05T06:20:56.309982,3.038,3.844,1.270,0.034
2025-12-05T06:20:56.339337,3.050,3.846,1.270,0.034
2025-12-05T06:20:56.375438,3.063,3.847,1.270,0.034
2025-12-05T06:20:56.405984,3.077,3.847,1.270,0.034
2025-12-05T06:20:56.444132,3.092,3.847,1.270,0.034
2025-12-05T06:20:56.466940,3.107,3.847,1.270,0.034
2025-12-05T06:20:56.507112,3.123,3.846,1.270,0.034
2025-12-05T06:20:56.534803,3.139,3.845,1.270,0.034
2025-12-05T06:20:56.578992,3.156,3.843,1.270,0.034
2025-12-05T06:20:56.602123,3.174,3.842,1.270,0.034
2025-12-05T06:20:56.641854,3.191,3.840,1.270,0.034
2025-12-05T06:20:56.665722,3.209,3.838,1.270,0.034
2025-12-05T06:20:56.701764,3.226,3.837,1.270,0.034
2025-12-05T06:20:56.734281,3.242,3.837,1.270,0.034
2025-12-05T06:20:56.768756,3.256,3.838,1.270,0.034
2025-12-05T06:20:56.801133,3.268,3.838,1.270,0.034
2025-12-05T06:20:56.840738,3.278,3.839,1.270,0.034
2025-12-05T06:20:56.868187,3.286,3.840,1.270,0.034
2025-12-05T06:20:56.897342,3.292,3.841,1.270,0.034
2025-12-05T06:20:56.926564,3.295,3.843,1.270,0.034
2025-12-05T06:20:56.965153,3.298,3.844,1.270,0.034
2025-12-05T06:20:56.988045,3.282,3.844,1.270,0.005
2025-12-05T06:20:57.025426,3.265,3.844,1.270,-0.024
2025-12-05T06:20:57.060768,3.248,3.843,1.270,-0.053
2025-12-05T06:20:57.094090,3.232,3.843,1.270,-0.082
2025-12-05T06:20:57.130464,3.218,3.842,1.270,-0.110
2025-12-05T06:20:57.160901,3.206,3.842,1.270,-0.139
2025-12-05T06:20:57.191908,3.194,3.841,1.270,-0.167
2025-12-05T06:20:57.224597,3.184,3.840,1.270,-0.196
2025-12-05T06:20:57.257398,3.174,3.839,1.270,-0.224
2025-12-05T06:20:57.291872,3.166,3.839,1.270,-0.252
2025-12-05T06:20:57.321488,3.159,3.838,1.270,-0.279
2025-12-05T06:20:57.351871,3.153,3.837,1.270,-0.307
2025-12-05T06:20:57.390186,3.148,3.836,1.270,-0.334
2025-12-05T06:20:57.422787,3.144,3.836,1.270,-0.361
2025-12-05T06:20:57.455678,3.141,3.835,1.270,-0.388
2025-12-05T06:20:57.489020,3.138,3.835,1.270,-0.414
2025-12-05T06:20:57.520214,3.135,3.835,1.270,-0.440
2025-12-05T06:20:57.550329,3.133,3.835,1.270,-0.466
2025-12-05T06:20:57.583024,3.131,3.836,1.270,-0.491
2025-12-05T06:20:57.615713,3.130,3.836,1.270,-0.516
2025-12-05T06:20:57.643904,3.128,3.836,1.270,-0.541
2025-12-05T06:20:57.676634,3.128,3.837,1.270,-0.565
2025-12-05T06:20:57.709343,3.127,3.837,1.270,-0.588
2025-12-05T06:20:57.748197,3.126,3.837,1.270,-0.611
2025-12-05T06:20:57.777073,3.126,3.838,1.270,-0.634
2025-12-05T06:20:57.810853,3.126,3.838,1.270,-0.656
2025-12-05T06:20:57.847234,3.126,3.838,1.270,-0.677
2025-12-05T06:20:57.883813,3.126,3.838,1.270,-0.698
2025-12-05T06:20:57.908568,3.126,3.838,1.270,-0.718
2025-12-05T06:20:57.942499,3.127,3.839,1.270,-0.738
2025-12-05T06:20:57.968203,3.127,3.839,1.270,-0.757
2025-12-05T06:20:58.000378,3.128,3.839,1.270,-0.776
2025-12-05T06:20:58.031306,3.128,3.839,1.270,-0.794
2025-12-05T06:20:58.066114,3.128,3.839,1.270,-0.811
2025-12-05T06:20:58.097682,3.129,3.839,1.270,-0.827
2025-12-05T06:20:58.128713,3.129,3.839,1.270,-0.843
2025-12-05T06:20:58.164566,3.129,3.839,1.270,-0.858
2025-12-05T06:20:58.199142,3.130,3.839,1.270,-0.873
2025-12-05T06:20:58.235433,3.130,3.839,1.270,-0.886
2025-12-05T06:20:58.268143,3.130,3.839,1.270,-0.899
2025-12-05T06:20:58.301297,3.130,3.839,1.270,-0.912
2025-12-05T06:20:58.331263,3.130,3.839,1.270,-0.923
2025-12-05T06:20:58.364055,3.131,3.839,1.270,-0.934
2025-12-05T06:20:58.396591,3.131,3.839,1.270,-0.944
2025-12-05T06:20:58.427144,3.131,3.839,1.270,-0.953
2025-12-05T06:20:58.459880,3.131,3.839,1.270,-0.961
2025-12-05T06:20:58.500836,3.131,3.839,1.270,-0.969
2025-12-05T06:20:58.530133,3.131,3.839,1.270,-0.975
2025-12-05T06:20:58.559241,3.131,3.839,1.270,-0.981
2025-12-05T06:20:58.589441,3.132,3.839,1.270,-0.987
2025-12-05T06:20:58.617876,3.132,3.839,1.270,-0.991
2025-12-05T06:20:58.652156,3.132,3.839,1.270,-0.994
2025-12-05T06:20:58.687330,3.132,3.839,1.270,-0.997
2025-12-05T06:20:58.718228,3.132,3.839,1.270,-0.999
2025-12-05T06:20:58.753701,3.132,3.839,1.270,-1.000
2025-12-05T06:20:58.786624,3.132,3.839,1.270,1.000
2025-12-05T06:20:58.817664,3.114,3.839,1.270,1.000
2025-12-05T06:20:58.849802,3.096,3.840,1.270,1.000
2025-12-05T06:20:58.876002,3.078,3.840,1.270,1.000
2025-12-05T06:20:58.910715,3.060,3.840,1.270,1.000
2025-12-05T06:20:58.941584,3.042,3.840,1.270,1.000
2025-12-05T06:20:58.972240,3.024,3.840,1.270,1.000
2025-12-05T06:20:59.011722,3.005,3.840,1.270,1.000
2025-12-05T06:20:59.045838,2.987,3.840,1.270,1.000
2025-12-05T06:20:59.073211,2.968,3.840,1.270,1.000
2025-12-05T06:20:59.112466,2.950,3.840,1.270,1.000
2025-12-05T06:20:59.138608,2.932,3.840,1.270,1.000
2025-12-05T06:20:59.169233,2.913,3.840,1.270,1.000
2025-12-05T06:20:59.204047,2.895,3.840,1.270,1.000
2025-12-05T06:20:59.240518,2.876,3.839,1.270,1.000
2025-12-05T06:20:59.270940,2.857,3.838,1.270,1.000
2025-12-05T06:20:59.303891,2.838,3.837,1.270,1.000
2025-12-05T06:20:59.333927,2.819,3.836,1.270,1.000
2025-12-05T06:20:59.365832,2.800,3.835,1.270,1.000
2025-12-05T06:20:59.400417,2.781,3.833,1.270,1.000
2025-12-05T06:20:59.438403,2.762,3.832,1.270,1.000
2025-12-05T06:20:59.468501,2.742,3.830,1.270,1.000
2025-12-05T06:20:59.500353,2.723,3.828,1.270,1.000
2025-12-05T06:20:59.538559,2.704,3.827,1.270,1.000
2025-12-05T06:20:59.558295,2.684,3.825,1.270,1.000
2025-12-05T06:20:59.590788,2.664,3.824,1.270,1.000
2025-12-05T06:20:59.622042,2.645,3.822,1.270,1.000
2025-12-05T06:20:59.653548,2.625,3.820,1.270,1.000
2025-12-05T06:20:59.686787,2.605,3.819,1.270,1.000
2025-12-05T06:20:59.719324,2.586,3.818,1.270,1.000
2025-12-05T06:20:59.754668,2.566,3.816,1.270,1.000
2025-12-05T06:20:59.787687,2.546,3.815,1.270,1.000
2025-12-05T06:20:59.820707,2.526,3.814,1.270,1.000
2025-12-05T06:20:59.857862,2.506,3.813,1.270,1.000
2025-12-05T06:20:59.888302,2.486,3.812,1.270,1.000
2025-12-05T06:20:59.913828,2.466,3.812,1.270,1.000
2025-12-05T06:20:59.943770,2.446,3.811,1.270,1.000
2025-12-05T06:20:59.976255,2.426,3.810,1.270,1.000
2025-12-05T06:21:00.008349,2.406,3.810,1.270,1.000
2025-12-05T06:21:00.040685,2.386,3.809,1.270,1.000
2025-12-05T06:21:00.073677,2.366,3.808,1.270,1.000
2025-12-05T06:21:00.106561,2.346,3.808,1.270,1.000
2025-12-05T06:21:00.145230,2.326,3.808,1.270,1.000
2025-12-05T06:21:00.177798,2.305,3.807,1.270,1.000
2025-12-05T06:21:00.207576,2.285,3.807,1.270,1.000
2025-12-05T06:21:00.237773,2.265,3.807,1.270,1.000
2025-12-05T06:21:00.270677,2.245,3.807,1.270,1.000
2025-12-05T06:21:00.302925,2.224,3.806,1.270,1.000
2025-12-05T06:21:00.336098,2.204,3.806,1.270,1.000
2025-12-05T06:21:00.368989,2.184,3.806,1.270,1.000
2025-12-05T06:21:00.401788,2.163,3.806,1.270,1.000
2025-12-05T06:21:00.437556,2.143,3.806,1.270,1.000
2025-12-05T06:21:00.467734,2.123,3.806,1.270,1.000
2025-12-05T06:21:00.500950,2.102,3.806,1.270,1.000
2025-12-05T06:21:00.530582,2.082,3.806,1.270,1.000
2025-12-05T06:21:00.560895,2.062,3.806,1.270,1.000
2025-12-05T06:21:00.595819,2.041,3.806,1.270,1.000
2025-12-05T06:21:00.626847,2.021,3.806,1.270,1.000
2025-12-05T06:21:00.662698,2.000,3.806,1.270,1.000
2025-12-05T06:21:00.695457,1.980,3.806,1.270,1.000
2025-12-05T06:21:00.727993,1.960,3.806,1.270,1.000
2025-12-05T06:21:00.762491,1.939,3.806,1.270,1.000
2025-12-05T06:21:00.792518,1.919,3.807,1.270,1.000
2025-12-05T06:21:00.824221,1.898,3.807,1.270,1.000
2025-12-05T06:21:00.854046,1.878,3.807,1.270,1.000
2025-12-05T06:21:00.886648,1.858,3.807,1.270,1.000
2025-12-05T06:21:00.919446,1.837,3.807,1.270,1.000
2025-12-05T06:21:00.955339,1.817,3.808,1.270,1.000
2025-12-05T06:21:00.985762,1.796,3.808,1.270,1.000
2025-12-05T06:21:01.016011,1.776,3.808,1.270,1.000
2025-12-05T06:21:01.052460,1.755,3.808,1.270,1.000
2025-12-05T06:21:01.081861,1.735,3.808,1.270,1.000
2025-12-05T06:21:01.113860,1.732,3.808,1.270,0.999
2025-12-05T06:21:01.146786,1.730,3.808,1.270,0.998
2025-12-05T06:21:01.177007,1.728,3.808,1.270,0.996
2025-12-05T06:21:01.211605,1.726,3.808,1.270,0.992
2025-12-05T06:21:01.240644,1.724,3.808,1.270,0.988
2025-12-05T06:21:01.279009,1.722,3.808,1.270,0.984
2025-12-05T06:21:01.314512,1.720,3.808,1.270,0.978
2025-12-05T06:21:01.341803,1.719,3.808,1.270,0.972
2025-12-05T06:21:01.375156,1.717,3.808,1.270,0.964
2025-12-05T06:21:01.406184,1.716,3.808,1.270,0.956
2025-12-05T06:21:01.440841,1.714,3.808,1.270,0.948
2025-12-05T06:21:01.472037,1.713,3.808,1.270,0.938
2025-12-05T06:21:01.504136,1.712,3.808,1.270,0.928
2025-12-05T06:21:01.533503,1.711,3.808,1.270,0.916
2025-12-05T06:21:01.569979,1.710,3.808,1.270,0.905
2025-12-05T06:21:01.605370,1.709,3.808,1.270,0.892
2025-12-05T06:21:01.639409,1.708,3.808,1.270,0.879
2025-12-05T06:21:01.673386,1.707,3.808,1.270,0.864
2025-12-05T06:21:01.706228,1.706,3.808,1.270,0.850
2025-12-05T06:21:01.739854,1.706,3.808,1.270,0.834
2025-12-05T06:21:01.774412,1.705,3.808,1.270,0.818
2025-12-05T06:21:01.804211,1.704,3.808,1.270,0.801
2025-12-05T06:21:01.836764,1.704,3.808,1.270,0.783
2025-12-05T06:21:01.866378,1.703,3.808,1.270,0.765
2025-12-05T06:21:01.895998,1.703,3.808,1.270,0.746
2025-12-05T06:21:01.927830,1.702,3.808,1.270,0.727
2025-12-05T06:21:01.963516,1.702,3.808,1.270,0.707
2025-12-05T06:21:02.000062,1.701,3.808,1.270,0.686
2025-12-05T06:21:02.032866,1.701,3.808,1.270,0.665
2025-12-05T06:21:02.059986,1.701,3.808,1.270,0.643
2025-12-05T06:21:02.090485,1.700,3.808,1.270,0.621
2025-12-05T06:21:02.123951,1.700,3.808,1.270,0.598
2025-12-05T06:21:02.159948,1.700,3.808,1.270,0.574
2025-12-05T06:21:02.194489,1.699,3.808,1.270,0.551
2025-12-05T06:21:02.227432,1.699,3.808,1.270,0.526
2025-12-05T06:21:02.260791,1.699,3.808,1.270,0.502
2025-12-05T06:21:02.291485,1.699,3.808,1.270,0.477
2025-12-05T06:21:02.325093,1.698,3.808,1.270,0.451
2025-12-05T06:21:02.358081,1.698,3.808,1.270,0.425
2025-12-05T06:21:02.388247,1.698,3.808,1.270,0.399
2025-12-05T06:21:02.423229,1.698,3.808,1.270,0.372
2025-12-05T06:21:02.453267,1.698,3.808,1.270,0.346
2025-12-05T06:21:02.483464,1.697,3.808,1.270,0.318
2025-12-05T06:21:02.514964,1.697,3.808,1.270,0.291
2025-12-05T06:21:02.547057,1.697,3.808,1.270,0.263
2025-12-05T06:21:02.584240,1.697,3.808,1.270,0.235
2025-12-05T06:21:02.619182,1.697,3.808,1.270,0.207
2025-12-05T06:21:02.650553,1.697,3.808,1.270,0.179
2025-12-05T06:21:02.684707,1.697,3.808,1.270,0.151
2025-12-05T06:21:02.714480,1.697,3.808,1.270,0.122
2025-12-05T06:21:02.748739,1.696,3.808,1.270,0.093
2025-12-05T06:21:02.778009,1.696,3.808,1.270,0.065
2025-12-05T06:21:02.811993,1.696,3.808,1.270,0.036
2025-12-05T06:21:02.843521,1.696,3.808,1.270,0.007
2025-12-05T06:21:02.880965,1.696,3.808,1.270,-0.022
2025-12-05T06:21:02.907045,1.696,3.808,1.270,-0.050
2025-12-05T06:21:02.946973,1.696,3.808,1.270,-0.079
2025-12-05T06:21:02.975142,1.696,3.808,1.270,-0.108
2025-12-05T06:21:03.007263,1.696,3.808,1.270,-0.136
2025-12-05T06:21:03.036547,1.696,3.808,1.270,-0.165
2025-12-05T06:21:03.069509,1.696,3.808,1.270,-0.193
2025-12-05T06:21:03.099386,1.696,3.808,1.270,-0.221
2025-12-05T06:21:03.131762,1.696,3.808,1.270,-0.249
2025-12-05T06:21:03.164018,1.696,3.808,1.270,-0.277
2025-12-05T06:21:03.199073,1.696,3.808,1.270,-0.305
2025-12-05T06:21:03.236132,1.696,3.808,1.270,-0.332
2025-12-05T06:21:03.266728,1.696,3.808,1.270,-0.359
2025-12-05T06:21:03.300994,1.696,3.808,1.270,-0.386
2025-12-05T06:21:03.331413,1.696,3.808,1.270,-0.412
2025-12-05T06:21:03.361255,1.696,3.808,1.270,-0.438
2025-12-05T06:21:03.395908,1.695,3.808,1.270,-0.464
2025-12-05T06:21:03.426376,1.695,3.808,1.270,-0.489
2025-12-05T06:21:03.458247,1.695,3.808,1.270,-0.514
2025-12-05T06:21:03.495275,1.695,3.808,1.270,-0.539
2025-12-05T06:21:03.528501,1.695,3.808,1.270,-0.563
2025-12-05T06:21:03.559185,1.695,3.808,1.270,-0.586
2025-12-05T06:21:03.593308,1.695,3.808,1.270,-0.609
2025-12-05T06:21:03.621399,1.695,3.808,1.270,-0.632
2025-12-05T06:21:03.653989,1.695,3.808,1.270,-0.654
2025-12-05T06:21:03.687051,1.695,3.808,1.270,-0.675
2025-12-05T06:21:03.719222,1.695,3.808,1.270,-0.696
2025-12-05T06:21:03.751265,1.695,3.808,1.270,-0.717
2025-12-05T06:21:03.783302,1.695,3.808,1.270,-0.737
2025-12-05T06:21:03.818294,1.695,3.808,1.270,-0.756
2025-12-05T06:21:03.843809,1.695,3.808,1.270,-0.774
2025-12-05T06:21:03.878787,1.695,3.808,1.270,-0.792
2025-12-05T06:21:03.911990,1.695,3.808,1.270,-0.809
2025-12-05T06:21:03.947211,1.695,3.808,1.270,-0.826
2025-12-05T06:21:03.979046,1.695,3.808,1.270,-0.842
2025-12-05T06:21:04.012815,1.695,3.808,1.270,-0.857
2025-12-05T06:21:04.043123,1.695,3.808,1.270,-0.872
2025-12-05T06:21:04.072187,1.695,3.808,1.270,-0.885
2025-12-05T06:21:04.105131,1.695,3.808,1.270,-0.898
2025-12-05T06:21:04.138497,1.695,3.808,1.270,-0.911
2025-12-05T06:21:04.171857,1.695,3.808,1.270,-0.922
2025-12-05T06:21:04.202497,1.695,3.808,1.270,-0.933
2025-12-05T06:21:04.236052,1.695,3.808,1.270,-0.943
2025-12-05T06:21:04.267998,1.695,3.808,1.270,-0.952
2025-12-05T06:21:04.301225,1.695,3.808,1.270,-0.961
2025-12-05T06:21:04.338598,1.695,3.808,1.270,-0.968
2025-12-05T06:21:04.365425,1.695,3.808,1.270,-0.975
2025-12-05T06:21:04.400916,1.695,3.808,1.270,-0.981
2025-12-05T06:21:04.431993,1.695,3.808,1.270,-0.986
2025-12-05T06:21:04.463596,1.695,3.808,1.270,-0.990
2025-12-05T06:21:04.505089,1.695,3.808,1.270,-0.994
2025-12-05T06:21:04.530750,1.695,3.808,1.270,-0.997
2025-12-05T06:21:04.564736,1.695,3.808,1.270,-0.999
2025-12-05T06:21:04.594574,1.695,3.808,1.270,-1.000
2025-12-05T06:21:04.628275,1.695,3.808,1.270,1.000
2025-12-05T06:21:04.659300,1.695,3.808,1.270,0.999
2025-12-05T06:21:04.691227,1.695,3.808,1.270,0.998
2025-12-05T06:21:04.723732,1.695,3.808,1.270,0.996
2025-12-05T06:21:04.754788,1.695,3.808,1.270,0.993
2025-12-05T06:21:04.792434,1.695,3.808,1.270,0.989
2025-12-05T06:21:04.827534,1.695,3.808,1.270,0.984
2025-12-05T06:21:04.859468,1.695,3.808,1.270,0.979
2025-12-05T06:21:04.892178,1.695,3.808,1.270,0.972
2025-12-05T06:21:04.924402,1.695,3.808,1.270,0.965
2025-12-05T06:21:04.952163,1.695,3.808,1.270,0.957
2025-12-05T06:21:04.985250,1.695,3.808,1.270,0.948
2025-12-05T06:21:05.018275,1.695,3.808,1.270,0.939
2025-12-05T06:21:05.047634,1.695,3.808,1.270,0.929
2025-12-05T06:21:05.083267,1.695,3.808,1.270,0.917
2025-12-05T06:21:05.115393,1.695,3.808,1.270,0.906
2025-12-05T06:21:05.146699,1.695,3.808,1.270,0.893
2025-12-05T06:21:05.178748,1.695,3.808,1.270,0.880
2025-12-05T06:21:05.210662,1.695,3.808,1.270,0.866
2025-12-05T06:21:05.246717,1.695,3.808,1.270,0.851
2025-12-05T06:21:05.282719,1.695,3.808,1.270,0.835
2025-12-05T06:21:05.319415,1.695,3.808,1.270,0.819
2025-12-05T06:21:05.345645,1.695,3.808,1.270,0.802
2025-12-05T06:21:05.379214,1.695,3.808,1.270,0.785
2025-12-05T06:21:05.412177,1.695,3.808,1.270,0.767
2025-12-05T06:21:05.448892,1.695,3.808,1.270,0.748
2025-12-05T06:21:05.479377,1.695,3.808,1.270,0.728
2025-12-05T06:21:05.510644,1.695,3.808,1.270,0.708
2025-12-05T06:21:05.543782,1.695,3.808,1.270,0.688
2025-12-05T06:21:05.574933,1.695,3.808,1.270,0.667
2025-12-05T06:21:05.607653,1.695,3.808,1.270,0.645
2025-12-05T06:21:05.643603,1.695,3.808,1.270,0.623
2025-12-05T06:21:05.673853,1.695,3.808,1.270,0.600
2025-12-05T06:21:05.707370,1.695,3.808,1.270,0.576
2025-12-05T06:21:05.737931,1.695,3.808,1.270,0.553
2025-12-05T06:21:05.769240,1.695,3.808,1.270,0.528
2025-12-05T06:21:05.801128,1.695,3.808,1.270,0.504
2025-12-05T06:21:05.836814,1.695,3.808,1.270,0.479
2025-12-05T06:21:05.867094,1.695,3.808,1.270,0.453
2025-12-05T06:21:05.895572,1.695,3.808,1.270,0.427
2025-12-05T06:21:05.936197,1.695,3.808,1.270,0.401
2025-12-05T06:21:05.963591,1.695,3.808,1.270,0.375
2025-12-05T06:21:05.997333,1.695,3.808,1.270,0.348
2025-12-05T06:21:06.030602,1.695,3.808,1.270,0.321
2025-12-05T06:21:06.064175,1.695,3.808,1.270,0.293
2025-12-05T06:21:06.094974,1.695,3.808,1.270,0.266
2025-12-05T06:21:06.128480,1.695,3.808,1.270,0.238
2025-12-05T06:21:06.159072,1.695,3.808,1.270,0.210
2025-12-05T06:21:06.196233,1.695,3.808,1.270,0.181
2025-12-05T06:21:06.227231,1.695,3.808,1.270,0.153
2025-12-05T06:21:06.261574,1.695,3.808,1.270,0.124
2025-12-05T06:21:06.290064,1.695,3.808,1.270,0.096
2025-12-05T06:21:06.317808,1.695,3.808,1.270,0.067
2025-12-05T06:21:06.348661,1.695,3.808,1.270,0.038
2025-12-05T06:21:06.383587,1.695,3.808,1.270,0.010
2025-12-05T06:21:06.415337,1.695,3.808,1.270,-0.019
2025-12-05T06:21:06.451928,1.695,3.808,1.270,-0.048
2025-12-05T06:21:06.487286,1.695,3.808,1.270,-0.077
2025-12-05T06:21:06.520442,1.695,3.808,1.270,-0.105
2025-12-05T06:21:06.551236,1.695,3.808,1.270,-0.134
2025-12-05T06:21:06.582748,1.695,3.808,1.270,-0.163
2025-12-05T06:21:06.613668,1.695,3.808,1.270,-0.191
2025-12-05T06:21:06.640792,1.695,3.808,1.270,-0.219
2025-12-05T06:21:06.675669,1.695,3.808,1.270,-0.247
2025-12-05T06:21:06.708084,1.695,3.808,1.270,-0.275
2025-12-05T06:21:06.738979,1.695,3.808,1.270,-0.302
2025-12-05T06:21:06.774756,1.695,3.808,1.270,-0.330
2025-12-05T06:21:06.805511,1.695,3.808,1.270,-0.357
2025-12-05T06:21:06.839793,1.695,3.808,1.270,-0.384
2025-12-05T06:21:06.871123,1.695,3.808,1.270,-0.410
2025-12-05T06:21:06.902167,1.695,3.808,1.270,-0.436
2025-12-05T06:21:06.936942,1.695,3.808,1.270,-0.462
2025-12-05T06:21:06.966891,1.695,3.808,1.270,-0.487
2025-12-05T06:21:07.000171,1.695,3.808,1.270,-0.512
2025-12-05T06:21:07.034853,1.695,3.808,1.270,-0.537
2025-12-05T06:21:07.068399,1.695,3.808,1.270,-0.561
2025-12-05T06:21:07.099386,1.702,3.791,1.270,-0.561
2025-12-05T06:21:07.131423,1.708,3.774,1.270,-0.561
2025-12-05T06:21:07.160746,1.715,3.757,1.270,-0.561
2025-12-05T06:21:07.191666,1.722,3.740,1.270,-0.561
2025-12-05T06:21:07.225385,1.729,3.723,1.270,-0.561
2025-12-05T06:21:07.258857,1.736,3.706,1.270,-0.561
2025-12-05T06:21:07.290793,1.743,3.688,1.270,-0.561
2025-12-05T06:21:07.322654,1.750,3.671,1.270,-0.561
2025-12-05T06:21:07.354506,1.757,3.653,1.270,-0.561
2025-12-05T06:21:07.385840,1.764,3.635,1.270,-0.561
2025-12-05T06:21:07.415576,1.771,3.617,1.270,-0.561
2025-12-05T06:21:07.449599,1.778,3.600,1.270,-0.561
2025-12-05T06:21:07.482507,1.785,3.582,1.270,-0.561
2025-12-05T06:21:07.516592,1.793,3.564,1.270,-0.561
2025-12-05T06:21:07.552713,1.800,3.546,1.270,-0.561
2025-12-05T06:21:07.582417,1.807,3.527,1.270,-0.561
2025-12-05T06:21:07.615536,1.814,3.509,1.270,-0.561
2025-12-05T06:21:07.646823,1.822,3.491,1.270,-0.561
2025-12-05T06:21:07.684035,1.829,3.473,1.270,-0.561
2025-12-05T06:21:07.715919,1.836,3.454,1.270,-0.561
2025-12-05T06:21:07.748408,1.844,3.436,1.270,-0.561
2025-12-05T06:21:07.780811,1.851,3.417,1.270,-0.561
2025-12-05T06:21:07.808964,1.859,3.399,1.270,-0.561
2025-12-05T06:21:07.838787,1.866,3.380,1.270,-0.561
2025-12-05T06:21:07.867771,1.873,3.362,1.270,-0.561
2025-12-05T06:21:07.897082,1.881,3.343,1.270,-0.561
2025-12-05T06:21:07.931739,1.888,3.325,1.270,-0.561
2025-12-05T06:21:07.969369,1.896,3.306,1.270,-0.561
2025-12-05T06:21:07.999987,1.903,3.287,1.270,-0.561
2025-12-05T06:21:08.033791,1.911,3.269,1.270,-0.561
2025-12-05T06:21:08.068569,1.918,3.250,1.270,-0.561
2025-12-05T06:21:08.100198,1.926,3.231,1.270,-0.561
2025-12-05T06:21:08.129871,1.933,3.212,1.270,-0.561
2025-12-05T06:21:08.162263,1.941,3.194,1.270,-0.561
2025-12-05T06:21:08.196255,1.948,3.175,1.270,-0.561
2025-12-05T06:21:08.227211,1.956,3.156,1.270,-0.561
2025-12-05T06:21:08.260571,1.963,3.137,1.270,-0.561
2025-12-05T06:21:08.294006,1.964,3.135,1.270,-0.584
2025-12-05T06:21:08.328217,1.965,3.133,1.270,-0.607
2025-12-05T06:21:08.359924,1.966,3.131,1.270,-0.630
2025-12-05T06:21:08.392555,1.966,3.129,1.270,-0.652
2025-12-05T06:21:08.422243,1.967,3.128,1.270,-0.674
2025-12-05T06:21:08.451661,1.968,3.126,1.270,-0.695
2025-12-05T06:21:08.483335,1.968,3.125,1.270,-0.715
2025-12-05T06:21:08.515314,1.969,3.123,1.270,-0.735
2025-12-05T06:21:08.551684,1.969,3.122,1.270,-0.754
2025-12-05T06:21:08.585788,1.967,3.103,1.270,-0.754
2025-12-05T06:21:08.616921,1.965,3.084,1.270,-0.754
2025-12-05T06:21:08.649636,1.963,3.065,1.270,-0.754
2025-12-05T06:21:08.680194,1.961,3.046,1.270,-0.754
2025-12-05T06:21:08.708370,1.959,3.026,1.270,-0.754
2025-12-05T06:21:08.737001,1.957,3.007,1.270,-0.754
2025-12-05T06:21:08.774117,1.954,2.988,1.270,-0.754
2025-12-05T06:21:08.805790,1.952,2.968,1.270,-0.754
2025-12-05T06:21:08.840185,1.950,2.949,1.270,-0.754
2025-12-05T06:21:08.873270,1.947,2.929,1.270,-0.754
2025-12-05T06:21:08.904738,1.945,2.909,1.270,-0.754
2025-12-05T06:21:08.938550,1.943,2.890,1.270,-0.754
2025-12-05T06:21:08.971054,1.940,2.870,1.270,-0.754
2025-12-05T06:21:09.002304,1.938,2.850,1.270,-0.754
2025-12-05T06:21:09.034303,1.935,2.830,1.270,-0.754
2025-12-05T06:21:09.065357,1.933,2.811,1.270,-0.754
2025-12-05T06:21:09.102752,1.930,2.791,1.270,-0.754
2025-12-05T06:21:09.131194,1.928,2.771,1.270,-0.754
2025-12-05T06:21:09.165902,1.925,2.751,1.270,-0.754
2025-12-05T06:21:09.198943,1.922,2.731,1.270,-0.754
2025-12-05T06:21:09.231341,1.920,2.711,1.270,-0.754
2025-12-05T06:21:09.262946,1.917,2.691,1.270,-0.754
2025-12-05T06:21:09.295459,1.915,2.671,1.270,-0.754
2025-12-05T06:21:09.326093,1.912,2.651,1.270,-0.754
2025-12-05T06:21:09.364836,1.909,2.631,1.270,-0.754
2025-12-05T06:21:09.391297,1.907,2.611,1.270,-0.754
2025-12-05T06:21:09.424167,1.904,2.591,1.270,-0.754
2025-12-05T06:21:09.457661,1.901,2.571,1.270,-0.754
2025-12-05T06:21:09.492044,1.899,2.551,1.270,-0.754
2025-12-05T06:21:09.522220,1.896,2.531,1.270,-0.754
2025-12-05T06:21:09.550613,1.893,2.511,1.270,-0.754
2025-12-05T06:21:09.588234,1.890,2.490,1.270,-0.754
2025-12-05T06:21:09.617900,1.888,2.470,1.270,-0.754
2025-12-05T06:21:09.646519,1.885,2.450,1.270,-0.754
2025-12-05T06:21:09.682223,1.882,2.430,1.270,-0.754
2025-12-05T06:21:09.715881,1.880,2.410,1.270,-0.754
2025-12-05T06:21:09.750944,1.877,2.390,1.270,-0.754
2025-12-05T06:21:09.784247,1.874,2.369,1.270,-0.754
2025-12-05T06:21:09.821683,1.871,2.349,1.270,-0.754
2025-12-05T06:21:09.850790,1.869,2.329,1.270,-0.754
2025-12-05T06:21:09.880653,1.866,2.309,1.270,-0.754
2025-12-05T06:21:09.909348,1.863,2.289,1.270,-0.754
2025-12-05T06:21:09.941469,1.860,2.268,1.270,-0.754
2025-12-05T06:21:09.975778,1.857,2.248,1.270,-0.754
2025-12-05T06:21:10.008769,1.855,2.228,1.270,-0.754
2025-12-05T06:21:10.039282,1.852,2.208,1.270,-0.754
2025-12-05T06:21:10.075163,1.849,2.187,1.270,-0.754
2025-12-05T06:21:10.107939,1.846,2.167,1.270,-0.754
2025-12-05T06:21:10.139830,1.844,2.147,1.270,-0.754
2025-12-05T06:21:10.170642,1.841,2.127,1.270,-0.754
2025-12-05T06:21:10.202868,1.838,2.106,1.270,-0.754
2025-12-05T06:21:10.234584,1.835,2.086,1.270,-0.754
2025-12-05T06:21:10.268965,1.832,2.066,1.270,-0.754
2025-12-05T06:21:10.303938,1.830,2.046,1.270,-0.754
2025-12-05T06:21:10.340159,1.827,2.025,1.270,-0.754
2025-12-05T06:21:10.373609,1.824,2.005,1.270,-0.754
2025-12-05T06:21:10.407582,1.821,1.985,1.270,-0.754
2025-12-05T06:21:10.438991,1.818,1.964,1.270,-0.754
2025-12-05T06:21:10.470144,1.816,1.944,1.270,-0.754
2025-12-05T06:21:10.504725,1.813,1.924,1.270,-0.754
2025-12-05T06:21:10.529760,1.810,1.904,1.270,-0.754
2025-12-05T06:21:10.563127,1.807,1.883,1.270,-0.754
2025-12-05T06:21:10.591848,1.804,1.863,1.270,-0.754
2025-12-05T06:21:10.626850,1.802,1.843,1.270,-0.754
2025-12-05T06:21:10.663801,1.799,1.822,1.270,-0.754
2025-12-05T06:21:10.694760,1.796,1.802,1.270,-0.754
2025-12-05T06:21:10.723872,1.793,1.782,1.270,-0.754
2025-12-05T06:21:10.755232,1.790,1.762,1.270,-0.754
2025-12-05T06:21:10.791340,1.788,1.741,1.270,-0.754
2025-12-05T06:21:10.822787,1.785,1.721,1.270,-0.754
2025-12-05T06:21:10.855063,1.782,1.701,1.270,-0.754
2025-12-05T06:21:10.892206,1.779,1.680,1.270,-0.754
2025-12-05T06:21:10.927798,1.776,1.660,1.270,-0.754
2025-12-05T06:21:10.960121,1.773,1.640,1.270,-0.754
2025-12-05T06:21:10.992408,1.771,1.619,1.270,-0.754
2025-12-05T06:21:11.022617,1.768,1.599,1.270,-0.754
2025-12-05T06:21:11.052376,1.765,1.579,1.270,-0.754
2025-12-05T06:21:11.088865,1.762,1.558,1.270,-0.754
2025-12-05T06:21:11.123338,1.759,1.538,1.270,-0.754
2025-12-05T06:21:11.154733,1.757,1.518,1.270,-0.754
2025-12-05T06:21:11.186575,1.754,1.498,1.270,-0.754
2025-12-05T06:21:11.220284,1.751,1.477,1.270,-0.754
2025-12-05T06:21:11.251680,1.748,1.457,1.270,-0.754
2025-12-05T06:21:11.283684,1.745,1.437,1.270,-0.754
2025-12-05T06:21:11.315538,1.742,1.416,1.270,-0.754
2025-12-05T06:21:11.349192,1.740,1.396,1.270,-0.754
2025-12-05T06:21:11.383657,1.737,1.376,1.270,-0.754
2025-12-05T06:21:11.414845,1.734,1.355,1.270,-0.754
2025-12-05T06:21:11.446992,1.731,1.335,1.270,-0.754
2025-12-05T06:21:11.479245,1.728,1.315,1.270,-0.754
2025-12-05T06:21:11.507915,1.726,1.294,1.270,-0.754
2025-12-05T06:21:11.544741,1.723,1.274,1.270,-0.754
2025-12-05T06:21:11.574834,1.720,1.254,1.270,-0.754
2025-12-05T06:21:11.607604,1.717,1.234,1.270,-0.754
2025-12-05T06:21:11.644967,1.714,1.213,1.270,-0.754
2025-12-05T06:21:11.676665,1.711,1.193,1.270,-0.754
2025-12-05T06:21:11.711818,1.709,1.173,1.270,-0.754
2025-12-05T06:21:11.742471,1.706,1.152,1.270,-0.754
2025-12-05T06:21:11.774623,1.703,1.132,1.270,-0.754
2025-12-05T06:21:11.801927,1.700,1.112,1.270,-0.754
2025-12-05T06:21:11.834005,1.697,1.091,1.270,-0.754
2025-12-05T06:21:11.864045,1.694,1.071,1.270,-0.754
2025-12-05T06:21:11.896241,1.692,1.051,1.270,-0.754
2025-12-05T06:21:11.927985,1.689,1.030,1.270,-0.754
2025-12-05T06:21:11.963994,1.686,1.010,1.270,-0.754
2025-12-05T06:21:12.003504,1.683,0.990,1.270,-0.754
2025-12-05T06:21:12.031504,1.680,0.970,1.270,-0.754
2025-12-05T06:21:12.073534,1.678,0.949,1.270,-0.754
2025-12-05T06:21:12.103633,1.675,0.929,1.270,-0.754
2025-12-05T06:21:12.135304,1.672,0.909,1.270,-0.754
2025-12-05T06:21:12.165786,1.669,0.888,1.270,-0.754
2025-12-05T06:21:12.194825,1.666,0.868,1.270,-0.754
2025-12-05T06:21:12.222937,1.663,0.848,1.270,-0.754
2025-12-05T06:21:12.253547,1.661,0.827,1.270,-0.754
2025-12-05T06:21:12.282671,1.658,0.807,1.270,-0.754
2025-12-05T06:21:12.312641,1.655,0.787,1.270,-0.754
2025-12-05T06:21:12.343874,1.652,0.766,1.270,-0.754
2025-12-05T06:21:12.377267,1.649,0.746,1.270,-0.754
2025-12-05T06:21:12.407292,1.647,0.726,1.270,-0.754
2025-12-05T06:21:12.441948,1.644,0.705,1.270,-0.754
2025-12-05T06:21:12.481484,1.641,0.685,1.270,-0.754
2025-12-05T06:21:12.513308,1.638,0.665,1.270,-0.754
2025-12-05T06:21:12.547264,1.635,0.645,1.270,-0.754
2025-12-05T06:21:12.579693,1.632,0.624,1.270,-0.754
2025-12-05T06:21:12.609180,1.630,0.604,1.270,-0.754
2025-12-05T06:21:12.640293,1.627,0.584,1.270,-0.754
2025-12-05T06:21:12.669554,1.624,0.563,1.270,-0.754
2025-12-05T06:21:12.703720,1.621,0.543,1.270,-0.754
2025-12-05T06:21:12.735433,1.618,0.523,1.270,-0.754
2025-12-05T06:21:12.766261,1.615,0.502,1.270,-0.754
2025-12-05T06:21:12.798652,1.613,0.482,1.270,-0.754
2025-12-05T06:21:12.835953,1.610,0.462,1.270,-0.754
2025-12-05T06:21:12.869516,1.607,0.441,1.270,-0.754
2025-12-05T06:21:12.901877,1.604,0.421,1.270,-0.754
2025-12-05T06:21:12.935482,1.601,0.401,1.270,-0.754
2025-12-05T06:21:12.962182,1.599,0.380,1.270,-0.754
2025-12-05T06:21:13.002365,1.596,0.360,1.270,-0.754
2025-12-05T06:21:13.039382,1.593,0.340,1.270,-0.754
2025-12-05T06:21:13.072599,1.590,0.320,1.270,-0.754
2025-12-05T06:21:13.097840,1.587,0.299,1.270,-0.754
2025-12-05T06:21:13.134954,1.584,0.279,1.270,-0.754
2025-12-05T06:21:13.156947,1.582,0.259,1.270,-0.754
2025-12-05T06:21:13.193294,1.579,0.238,1.270,-0.754
2025-12-05T06:21:13.217482,1.576,0.218,1.270,-0.754
2025-12-05T06:21:13.253083,1.573,0.198,1.270,-0.754
2025-12-05T06:21:13.288124,1.570,0.177,1.270,-0.754
2025-12-05T06:21:13.314774,1.567,0.157,1.270,-0.754
2025-12-05T06:21:13.352097,1.565,0.137,1.270,-0.754
2025-12-05T06:21:13.398929,1.562,0.116,1.270,-0.754
2025-12-05T06:21:13.419487,1.559,0.096,1.270,-0.754
2025-12-05T06:21:13.451263,1.556,0.076,1.270,-0.754
2025-12-05T06:21:13.481254,1.553,0.055,1.270,-0.754
2025-12-05T06:21:13.511322,1.551,0.035,1.270,-0.754
2025-12-05T06:21:13.541583,1.548,0.015,1.270,-0.754
2025-12-05T06:21:13.573219,1.545,-0.005,1.270,-0.754
2025-12-05T06:21:13.607068,1.542,-0.026,1.270,-0.754
2025-12-05T06:21:13.638314,1.539,-0.046,1.270,-0.754
2025-12-05T06:21:13.671688,1.536,-0.066,1.270,-0.754
2025-12-05T06:21:13.703946,1.534,-0.087,1.270,-0.754
2025-12-05T06:21:13.743835,1.531,-0.107,1.270,-0.754
2025-12-05T06:21:13.773339,1.528,-0.127,1.270,-0.754
2025-12-05T06:21:13.801925,1.525,-0.148,1.270,-0.754
2025-12-05T06:21:13.831251,1.522,-0.168,1.270,-0.754
2025-12-05T06:21:13.863209,1.520,-0.188,1.270,-0.754
2025-12-05T06:21:13.899068,1.517,-0.209,1.270,-0.754
2025-12-05T06:21:13.933643,1.514,-0.229,1.270,-0.754
2025-12-05T06:21:13.967510,1.511,-0.249,1.270,-0.754
2025-12-05T06:21:13.996736,1.508,-0.270,1.270,-0.754
2025-12-05T06:21:14.027219,1.505,-0.290,1.270,-0.754
2025-12-05T06:21:14.059204,1.503,-0.310,1.270,-0.754
2025-12-05T06:21:14.095932,1.500,-0.330,1.270,-0.754
2025-12-05T06:21:14.127507,1.497,-0.351,1.270,-0.754
2025-12-05T06:21:14.159410,1.494,-0.371,1.270,-0.754
2025-12-05T06:21:14.198232,1.491,-0.391,1.270,-0.754
2025-12-05T06:21:14.230575,1.488,-0.412,1.270,-0.754
2025-12-05T06:21:14.351466,1.486,-0.432,1.270,-0.754
2025-12-05T06:21:14.379565,1.483,-0.452,1.270,-0.754
2025-12-05T06:21:14.426363,1.480,-0.473,1.270,-0.754
2025-12-05T06:21:14.451652,1.477,-0.493,1.270,-0.754
2025-12-05T06:21:14.477864,1.474,-0.513,1.270,-0.754
2025-12-05T06:21:14.503199,1.472,-0.534,1.270,-0.754
2025-12-05T06:21:14.546625,1.469,-0.554,1.270,-0.754
2025-12-05T06:21:14.597738,1.466,-0.574,1.270,-0.754
2025-12-05T06:21:14.630272,1.463,-0.595,1.270,-0.754
2025-12-05T06:21:14.658963,1.460,-0.615,1.270,-0.754
2025-12-05T06:21:14.690946,1.457,-0.635,1.270,-0.754
2025-12-05T06:21:14.710585,1.455,-0.655,1.270,-0.754
2025-12-05T06:21:14.740428,1.452,-0.676,1.270,-0.754
2025-12-05T06:21:14.768167,1.449,-0.696,1.270,-0.754
2025-12-05T06:21:14.800466,1.446,-0.716,1.270,-0.754
2025-12-05T06:21:14.828963,1.443,-0.737,1.270,-0.754
2025-12-05T06:21:14.859995,1.440,-0.757,1.270,-0.754
2025-12-05T06:21:14.896080,1.438,-0.777,1.270,-0.754
2025-12-05T06:21:14.923627,1.435,-0.798,1.270,-0.754
2025-12-05T06:21:14.957404,1.432,-0.818,1.270,-0.754
2025-12-05T06:21:14.991578,1.429,-0.838,1.270,-0.754
2025-12-05T06:21:15.028746,1.426,-0.859,1.270,-0.754
2025-12-05T06:21:15.059924,1.424,-0.879,1.270,-0.754
2025-12-05T06:21:15.091990,1.421,-0.899,1.270,-0.754
2025-12-05T06:21:15.124517,1.418,-0.920,1.270,-0.754
2025-12-05T06:21:15.156411,1.415,-0.940,1.270,-0.754
2025-12-05T06:21:15.188628,1.412,-0.960,1.270,-0.754
2025-12-05T06:21:15.221656,1.409,-0.980,1.270,-0.754
2025-12-05T06:21:15.255280,1.407,-1.001,1.270,-0.754
2025-12-05T06:21:15.289673,1.404,-1.021,1.270,-0.754
2025-12-05T06:21:15.327625,1.401,-1.041,1.270,-0.754
2025-12-05T06:21:15.353585,1.398,-1.062,1.270,-0.754
2025-12-05T06:21:15.384242,1.395,-1.082,1.270,-0.754
2025-12-05T06:21:15.419461,1.393,-1.102,1.270,-0.754
2025-12-05T06:21:15.451103,1.390,-1.123,1.270,-0.754
2025-12-05T06:21:15.488378,1.387,-1.143,1.270,-0.754
2025-12-05T06:21:15.517914,1.384,-1.163,1.270,-0.754
2025-12-05T06:21:15.550385,1.381,-1.184,1.270,-0.754
2025-12-05T06:21:15.581930,1.378,-1.204,1.270,-0.754
2025-12-05T06:21:15.612324,1.376,-1.224,1.270,-0.754
2025-12-05T06:21:15.645501,1.373,-1.245,1.270,-0.754
2025-12-05T06:21:15.676938,1.370,-1.265,1.270,-0.754
2025-12-05T06:21:15.710668,1.367,-1.285,1.270,-0.754
2025-12-05T06:21:15.745600,1.364,-1.305,1.270,-0.754
2025-12-05T06:21:15.777763,1.361,-1.326,1.270,-0.754
2025-12-05T06:21:15.810977,1.359,-1.346,1.270,-0.754
2025-12-05T06:21:15.841685,1.356,-1.366,1.270,-0.754
2025-12-05T06:21:15.872073,1.353,-1.387,1.270,-0.754
2025-12-05T06:21:15.903562,1.350,-1.407,1.270,-0.754
2025-12-05T06:21:15.936910,1.347,-1.427,1.270,-0.754
2025-12-05T06:21:15.970698,1.345,-1.448,1.270,-0.754
2025-12-05T06:21:16.002318,1.342,-1.468,1.270,-0.754
2025-12-05T06:21:16.035182,1.339,-1.488,1.270,-0.754
2025-12-05T06:21:16.067894,1.336,-1.509,1.270,-0.754
2025-12-05T06:21:16.098920,1.333,-1.529,1.270,-0.754
2025-12-05T06:21:16.138648,1.330,-1.549,1.270,-0.754
2025-12-05T06:21:16.171830,1.328,-1.570,1.270,-0.754
2025-12-05T06:21:16.207486,1.325,-1.590,1.270,-0.754
2025-12-05T06:21:16.245205,1.322,-1.610,1.270,-0.754
2025-12-05T06:21:16.272665,1.319,-1.630,1.270,-0.754
2025-12-05T06:21:16.308134,1.316,-1.651,1.270,-0.754
2025-12-05T06:21:16.347264,1.313,-1.671,1.270,-0.754
2025-12-05T06:21:16.377445,1.311,-1.691,1.270,-0.754
2025-12-05T06:21:16.400528,1.308,-1.712,1.270,-0.754
2025-12-05T06:21:16.435680,1.305,-1.732,1.270,-0.754
2025-12-05T06:21:16.468410,1.302,-1.752,1.270,-0.754
2025-12-05T06:21:16.490430,1.299,-1.773,1.270,-0.754
2025-12-05T06:21:16.523249,1.297,-1.793,1.270,-0.754
2025-12-05T06:21:16.555585,1.294,-1.813,1.270,-0.754
2025-12-05T06:21:16.581925,1.291,-1.834,1.270,-0.754
2025-12-05T06:21:16.613509,1.288,-1.854,1.270,-0.754
2025-12-05T06:21:16.648050,1.285,-1.874,1.270,-0.754
2025-12-05T06:21:16.683088,1.282,-1.895,1.270,-0.754
2025-12-05T06:21:16.717027,1.280,-1.915,1.270,-0.754
2025-12-05T06:21:16.761810,1.277,-1.935,1.270,-0.754
2025-12-05T06:21:16.795580,1.274,-1.955,1.270,-0.754
2025-12-05T06:21:16.821251,1.271,-1.976,1.270,-0.754
2025-12-05T06:21:16.853815,1.268,-1.996,1.270,-0.754
2025-12-05T06:21:16.884272,1.266,-2.016,1.270,-0.754
2025-12-05T06:21:16.912757,1.263,-2.037,1.270,-0.754
2025-12-05T06:21:16.944727,1.260,-2.057,1.270,-0.754
2025-12-05T06:21:16.983847,1.257,-2.077,1.270,-0.754
2025-12-05T06:21:17.014766,1.254,-2.098,1.270,-0.754
2025-12-05T06:21:17.042445,1.251,-2.118,1.270,-0.754
2025-12-05T06:21:17.075541,1.249,-2.138,1.270,-0.754
2025-12-05T06:21:17.106818,1.246,-2.159,1.270,-0.754
2025-12-05T06:21:17.139216,1.243,-2.179,1.270,-0.754
2025-12-05T06:21:17.180890,1.240,-2.199,1.270,-0.754
2025-12-05T06:21:17.209292,1.237,-2.220,1.270,-0.754
2025-12-05T06:21:17.244380,1.234,-2.240,1.270,-0.754
2025-12-05T06:21:17.270914,1.232,-2.260,1.270,-0.754
2025-12-05T06:21:17.304860,1.229,-2.280,1.270,-0.754
2025-12-05T06:21:17.337207,1.226,-2.301,1.270,-0.754
2025-12-05T06:21:17.369504,1.223,-2.321,1.270,-0.754
2025-12-05T06:21:17.401943,1.220,-2.341,1.270,-0.754
2025-12-05T06:21:17.434627,1.218,-2.362,1.270,-0.754
2025-12-05T06:21:17.464464,1.215,-2.382,1.270,-0.754
2025-12-05T06:21:17.495991,1.212,-2.402,1.270,-0.754
2025-12-05T06:21:17.532727,1.209,-2.423,1.270,-0.754
2025-12-05T06:21:17.565105,1.206,-2.443,1.270,-0.754
2025-12-05T06:21:17.597090,1.203,-2.463,1.270,-0.754
2025-12-05T06:21:17.631497,1.201,-2.484,1.270,-0.754
2025-12-05T06:21:17.662198,1.198,-2.504,1.270,-0.754
2025-12-05T06:21:17.695596,1.195,-2.524,1.270,-0.754
2025-12-05T06:21:17.728370,1.192,-2.545,1.270,-0.754
2025-12-05T06:21:17.756691,1.189,-2.565,1.270,-0.754
2025-12-05T06:21:17.787989,1.186,-2.585,1.270,-0.754
2025-12-05T06:21:17.822901,1.184,-2.605,1.270,-0.754
2025-12-05T06:21:17.849686,1.181,-2.626,1.270,-0.754
2025-12-05T06:21:17.878244,1.178,-2.646,1.270,-0.754
2025-12-05T06:21:17.908812,1.175,-2.666,1.270,-0.754
2025-12-05T06:21:17.942399,1.172,-2.687,1.270,-0.754
2025-12-05T06:21:17.975812,1.170,-2.707,1.270,-0.754
2025-12-05T06:21:18.022912,1.167,-2.727,1.270,-0.754
2025-12-05T06:21:18.048172,1.164,-2.748,1.270,-0.754
2025-12-05T06:21:18.080765,1.161,-2.768,1.270,-0.754
2025-12-05T06:21:18.111056,1.158,-2.788,1.270,-0.754
2025-12-05T06:21:18.146767,1.155,-2.809,1.270,-0.754
2025-12-05T06:21:18.170109,1.153,-2.829,1.270,-0.754
2025-12-05T06:21:18.200160,1.150,-2.849,1.270,-0.754
2025-12-05T06:21:18.232609,1.147,-2.870,1.270,-0.754
2025-12-05T06:21:18.277890,1.144,-2.890,1.270,-0.754
2025-12-05T06:21:18.302332,1.141,-2.910,1.270,-0.754
2025-12-05T06:21:18.341717,1.138,-2.930,1.270,-0.754
2025-12-05T06:21:18.367650,1.136,-2.951,1.270,-0.754
2025-12-05T06:21:18.397942,1.133,-2.971,1.270,-0.754
2025-12-05T06:21:18.429579,1.130,-2.991,1.270,-0.754
2025-12-05T06:21:18.458030,1.127,-3.012,1.270,-0.754
2025-12-05T06:21:18.490616,1.124,-3.032,1.270,-0.754
2025-12-05T06:21:18.524571,1.122,-3.052,1.270,-0.754
2025-12-05T06:21:18.553607,1.119,-3.073,1.270,-0.754
2025-12-05T06:21:18.583665,1.116,-3.093,1.270,-0.754
2025-12-05T06:21:18.616710,1.113,-3.113,1.270,-0.754
2025-12-05T06:21:18.652446,1.110,-3.134,1.270,-0.754
2025-12-05T06:21:18.686904,1.107,-3.154,1.270,-0.754
2025-12-05T06:21:18.714811,1.105,-3.174,1.270,-0.754
2025-12-05T06:21:18.750126,1.102,-3.195,1.270,-0.754
2025-12-05T06:21:18.783348,1.099,-3.215,1.270,-0.754
2025-12-05T06:21:18.812269,1.096,-3.235,1.270,-0.754
2025-12-05T06:21:18.859005,1.093,-3.255,1.270,-0.754
2025-12-05T06:21:18.890835,1.091,-3.276,1.270,-0.754
2025-12-05T06:21:18.924599,1.088,-3.296,1.270,-0.754
2025-12-05T06:21:18.956738,1.085,-3.316,1.270,-0.754
2025-12-05T06:21:18.989809,1.082,-3.337,1.270,-0.754
2025-12-05T06:21:19.024643,1.079,-3.357,1.270,-0.754
2025-12-05T06:21:19.056763,1.076,-3.377,1.270,-0.754
2025-12-05T06:21:19.081997,1.074,-3.398,1.270,-0.754
2025-12-05T06:21:19.105116,1.071,-3.418,1.270,-0.754
2025-12-05T06:21:19.130839,1.068,-3.438,1.270,-0.754
2025-12-05T06:21:19.154372,1.065,-3.459,1.270,-0.754
2025-12-05T06:21:19.182309,1.062,-3.479,1.270,-0.754
2025-12-05T06:21:19.211250,1.059,-3.499,1.270,-0.754
2025-12-05T06:21:19.237623,1.057,-3.520,1.270,-0.754
2025-12-05T06:21:19.269954,1.054,-3.540,1.270,-0.754
2025-12-05T06:21:19.301987,1.051,-3.560,1.270,-0.754
2025-12-05T06:21:19.342526,1.048,-3.580,1.270,-0.754
2025-12-05T06:21:19.375114,1.045,-3.601,1.270,-0.754
2025-12-05T06:21:19.411569,1.043,-3.621,1.270,-0.754
2025-12-05T06:21:19.437535,1.040,-3.641,1.270,-0.754
2025-12-05T06:21:19.466970,1.037,-3.662,1.270,-0.754
2025-12-05T06:21:19.498909,1.034,-3.682,1.270,-0.754
2025-12-05T06:21:19.544941,1.031,-3.702,1.270,-0.754
2025-12-05T06:21:19.569716,1.028,-3.723,1.270,-0.754
2025-12-05T06:21:19.603135,1.026,-3.743,1.270,-0.754
2025-12-05T06:21:19.637803,1.023,-3.763,1.270,-0.754
2025-12-05T06:21:19.677657,1.020,-3.784,1.270,-0.754
2025-12-05T06:21:19.709388,1.017,-3.804,1.270,-0.754
2025-12-05T06:21:19.734989,1.014,-3.824,1.270,-0.754
2025-12-05T06:21:19.754511,1.011,-3.845,1.270,-0.754
2025-12-05T06:21:19.783554,1.009,-3.865,1.270,-0.754
2025-12-05T06:21:19.812738,1.006,-3.885,1.270,-0.754
2025-12-05T06:21:19.844768,1.003,-3.905,1.270,-0.754
2025-12-05T06:21:19.875008,1.000,-3.926,1.270,-0.754
2025-12-05T06:21:19.905436,0.997,-3.946,1.270,-0.754
2025-12-05T06:21:19.954593,0.995,-3.966,1.270,-0.754
2025-12-05T06:21:19.980539,0.992,-3.987,1.270,-0.754
2025-12-05T06:21:20.012988,0.989,-4.007,1.270,-0.754
2025-12-05T06:21:20.046625,0.986,-4.027,1.270,-0.754
2025-12-05T06:21:20.089805,0.983,-4.048,1.270,-0.754
2025-12-05T06:21:20.123172,0.980,-4.068,1.270,-0.754
2025-12-05T06:21:20.144794,0.978,-4.088,1.270,-0.754
2025-12-05T06:21:20.177737,0.975,-4.109,1.270,-0.754
2025-12-05T06:21:20.200845,0.972,-4.129,1.270,-0.754
2025-12-05T06:21:20.225885,0.969,-4.149,1.270,-0.754
2025-12-05T06:21:20.245663,0.966,-4.170,1.270,-0.754
2025-12-05T06:21:20.274503,0.964,-4.190,1.270,-0.754
2025-12-05T06:21:20.302860,0.961,-4.210,1.270,-0.754
2025-12-05T06:21:20.335058,0.958,-4.230,1.270,-0.754
2025-12-05T06:21:20.364616,0.955,-4.251,1.270,-0.754
2025-12-05T06:21:20.396511,0.952,-4.271,1.270,-0.754
2025-12-05T06:21:20.433120,0.949,-4.291,1.270,-0.754
2025-12-05T06:21:20.464871,0.947,-4.312,1.270,-0.754
2025-12-05T06:21:20.500488,0.944,-4.332,1.270,-0.754
2025-12-05T06:21:20.533888,0.941,-4.352,1.270,-0.754
2025-12-05T06:21:20.566182,0.938,-4.373,1.270,-0.754
2025-12-05T06:21:20.599101,0.935,-4.393,1.270,-0.754
2025-12-05T06:21:20.667706,0.932,-4.413,1.270,-0.754
2025-12-05T06:21:20.693602,0.930,-4.434,1.270,-0.754
2025-12-05T06:21:20.724333,0.927,-4.454,1.270,-0.754
2025-12-05T06:21:20.753292,0.924,-4.474,1.270,-0.754
2025-12-05T06:21:20.786489,0.921,-4.495,1.270,-0.754
2025-12-05T06:21:20.816708,0.918,-4.515,1.270,-0.754
2025-12-05T06:21:20.844970,0.916,-4.535,1.270,-0.754
2025-12-05T06:21:20.874409,0.913,-4.555,1.270,-0.754
2025-12-05T06:21:20.903926,0.910,-4.576,1.270,-0.754
2025-12-05T06:21:20.938616,0.907,-4.596,1.270,-0.754
2025-12-05T06:21:20.969957,0.904,-4.616,1.270,-0.754
2025-12-05T06:21:21.000075,0.901,-4.637,1.270,-0.754
2025-12-05T06:21:21.033447,0.899,-4.657,1.270,-0.754
2025-12-05T06:21:21.068564,0.896,-4.677,1.270,-0.754
2025-12-05T06:21:21.100676,0.893,-4.698,1.270,-0.754
2025-12-05T06:21:21.136870,0.890,-4.718,1.270,-0.754
2025-12-05T06:21:21.169338,0.887,-4.738,1.270,-0.754
2025-12-05T06:21:21.200827,0.884,-4.759,1.270,-0.754
2025-12-05T06:21:21.232978,0.882,-4.779,1.270,-0.754
2025-12-05T06:21:21.262201,0.879,-4.799,1.270,-0.754
2025-12-05T06:21:21.295842,0.876,-4.820,1.270,-0.754
2025-12-05T06:21:21.327437,0.873,-4.840,1.270,-0.754
2025-12-05T06:21:21.360165,0.870,-4.860,1.270,-0.754
2025-12-05T06:21:21.395619,0.868,-4.880,1.270,-0.754
2025-12-05T06:21:21.428660,0.865,-4.901,1.270,-0.754
2025-12-05T06:21:21.459224,0.862,-4.921,1.270,-0.754
2025-12-05T06:21:21.493199,0.859,-4.941,1.270,-0.754
2025-12-05T06:21:21.526041,0.856,-4.962,1.270,-0.754
2025-12-05T06:21:21.558529,0.853,-4.982,1.270,-0.754
2025-12-05T06:21:21.591253,0.851,-5.002,1.270,-0.754
2025-12-05T06:21:21.626898,0.848,-5.023,1.270,-0.754
2025-12-05T06:21:21.656704,0.845,-5.043,1.270,-0.754
2025-12-05T06:21:21.690588,0.842,-5.063,1.270,-0.754
2025-12-05T06:21:21.718454,0.839,-5.084,1.270,-0.754
2025-12-05T06:21:21.748578,0.837,-5.104,1.270,-0.754
2025-12-05T06:21:21.782065,0.834,-5.124,1.270,-0.754
2025-12-05T06:21:21.814849,0.831,-5.145,1.270,-0.754
2025-12-05T06:21:21.847663,0.828,-5.165,1.270,-0.754
2025-12-05T06:21:21.878752,0.825,-5.185,1.270,-0.754
2025-12-05T06:21:21.914040,0.822,-5.205,1.270,-0.754
2025-12-05T06:21:21.946722,0.820,-5.226,1.270,-0.754
2025-12-05T06:21:21.988800,0.817,-5.246,1.270,-0.754
2025-12-05T06:21:22.020085,0.814,-5.266,1.270,-0.754
2025-12-05T06:21:22.049622,0.811,-5.287,1.270,-0.754
2025-12-05T06:21:22.081688,0.808,-5.307,1.270,-0.754
2025-12-05T06:21:22.112649,0.805,-5.327,1.270,-0.754
2025-12-05T06:21:22.141189,0.803,-5.348,1.270,-0.754
2025-12-05T06:21:22.174391,0.800,-5.368,1.270,-0.754
2025-12-05T06:21:22.204712,0.797,-5.388,1.270,-0.754
2025-12-05T06:21:22.238063,0.794,-5.409,1.270,-0.754
2025-12-05T06:21:22.269879,0.791,-5.429,1.270,-0.754
2025-12-05T06:21:22.304474,0.789,-5.449,1.270,-0.754
2025-12-05T06:21:22.336360,0.786,-5.470,1.270,-0.754
2025-12-05T06:21:22.366785,0.783,-5.490,1.270,-0.754
2025-12-05T06:21:22.399106,0.780,-5.510,1.270,-0.754
2025-12-05T06:21:22.432078,0.777,-5.530,1.270,-0.754
2025-12-05T06:21:22.464608,0.774,-5.551,1.270,-0.754
2025-12-05T06:21:22.494935,0.772,-5.571,1.270,-0.754
2025-12-05T06:21:22.527711,0.769,-5.591,1.270,-0.754
2025-12-05T06:21:22.563431,0.766,-5.612,1.270,-0.754
2025-12-05T06:21:22.596801,0.763,-5.632,1.270,-0.754
2025-12-05T06:21:22.629888,0.760,-5.652,1.270,-0.754
2025-12-05T06:21:22.661334,0.757,-5.673,1.270,-0.754
2025-12-05T06:21:22.693202,0.755,-5.693,1.270,-0.754
2025-12-05T06:21:22.724268,0.752,-5.713,1.270,-0.754
2025-12-05T06:21:22.757359,0.749,-5.734,1.270,-0.754
2025-12-05T06:21:22.790042,0.746,-5.754,1.270,-0.754
2025-12-05T06:21:22.827306,0.743,-5.774,1.270,-0.754
2025-12-05T06:21:22.858516,0.741,-5.795,1.270,-0.754
2025-12-05T06:21:22.889972,0.738,-5.815,1.270,-0.754
2025-12-05T06:21:22.923434,0.735,-5.835,1.270,-0.754
2025-12-05T06:21:22.954740,0.732,-5.855,1.270,-0.754
2025-12-05T06:21:22.984838,0.729,-5.876,1.270,-0.754
2025-12-05T06:21:23.019005,0.726,-5.896,1.270,-0.754
2025-12-05T06:21:23.048719,0.724,-5.916,1.270,-0.754
2025-12-05T06:21:23.085605,0.721,-5.937,1.270,-0.754
2025-12-05T06:21:23.119263,0.718,-5.957,1.270,-0.754
2025-12-05T06:21:23.151156,0.715,-5.977,1.270,-0.754
2025-12-05T06:21:23.182305,0.712,-5.998,1.270,-0.754
2025-12-05T06:21:23.214587,0.709,-6.018,1.270,-0.754
2025-12-05T06:21:23.247965,0.707,-6.038,1.270,-0.754
2025-12-05T06:21:23.281632,0.704,-6.059,1.270,-0.754
2025-12-05T06:21:23.315379,0.701,-6.079,1.270,-0.754
2025-12-05T06:21:23.346857,0.698,-6.099,1.270,-0.754
2025-12-05T06:21:23.381709,0.695,-6.120,1.270,-0.754
2025-12-05T06:21:23.412117,0.693,-6.140,1.270,-0.754
2025-12-05T06:21:23.443169,0.690,-6.160,1.270,-0.754
2025-12-05T06:21:23.475243,0.687,-6.180,1.270,-0.754
2025-12-05T06:21:23.505292,0.684,-6.201,1.270,-0.754
2025-12-05T06:21:23.535300,0.681,-6.221,1.270,-0.754
2025-12-05T06:21:23.568468,0.678,-6.241,1.270,-0.754
2025-12-05T06:21:23.600356,0.676,-6.262,1.270,-0.754
2025-12-05T06:21:23.633335,0.673,-6.282,1.270,-0.754
2025-12-05T06:21:23.668368,0.670,-6.302,1.270,-0.754
2025-12-05T06:21:23.701799,0.667,-6.323,1.270,-0.754
2025-12-05T06:21:23.741851,0.664,-6.343,1.270,-0.754
2025-12-05T06:21:23.785192,0.662,-6.363,1.270,-0.754
2025-12-05T06:21:23.807372,0.659,-6.384,1.270,-0.754
2025-12-05T06:21:23.836290,0.656,-6.404,1.270,-0.754
2025-12-05T06:21:23.861211,0.653,-6.424,1.270,-0.754
2025-12-05T06:21:23.896203,0.650,-6.445,1.270,-0.754
2025-12-05T06:21:23.925544,0.647,-6.465,1.270,-0.754
2025-12-05T06:21:23.958776,0.645,-6.485,1.270,-0.754
2025-12-05T06:21:23.991308,0.642,-6.505,1.270,-0.754
2025-12-05T06:21:24.027470,0.639,-6.526,1.270,-0.754
2025-12-05T06:21:24.060296,0.636,-6.546,1.270,-0.754
2025-12-05T06:21:24.092537,0.633,-6.566,1.270,-0.754
2025-12-05T06:21:24.125196,0.630,-6.587,1.270,-0.754
2025-12-05T06:21:24.155484,0.628,-6.607,1.270,-0.754
2025-12-05T06:21:24.191290,0.625,-6.627,1.270,-0.754
2025-12-05T06:21:24.222498,0.622,-6.648,1.270,-0.754
2025-12-05T06:21:24.253368,0.619,-6.668,1.270,-0.754
2025-12-05T06:21:24.284444,0.616,-6.688,1.270,-0.754
2025-12-05T06:21:24.319094,0.614,-6.709,1.270,-0.754
2025-12-05T06:21:24.352789,0.611,-6.729,1.270,-0.754
2025-12-05T06:21:24.392435,0.608,-6.749,1.270,-0.754
2025-12-05T06:21:24.422841,0.605,-6.770,1.270,-0.754
2025-12-05T06:21:24.455808,0.602,-6.790,1.270,-0.754
2025-12-05T06:21:24.484772,0.599,-6.810,1.270,-0.754
2025-12-05T06:21:24.514453,0.597,-6.830,1.270,-0.754
2025-12-05T06:21:24.545760,0.594,-6.851,1.270,-0.754
2025-12-05T06:21:24.579612,0.591,-6.871,1.270,-0.754
2025-12-05T06:21:24.613278,0.588,-6.891,1.270,-0.754
2025-12-05T06:21:24.646698,0.585,-6.912,1.270,-0.754
2025-12-05T06:21:24.680642,0.582,-6.932,1.270,-0.754
2025-12-05T06:21:24.712440,0.580,-6.952,1.270,-0.754
2025-12-05T06:21:24.745615,0.577,-6.973,1.270,-0.754
2025-12-05T06:21:24.776697,0.574,-6.993,1.270,-0.754
2025-12-05T06:21:24.811219,0.571,-7.013,1.270,-0.754
2025-12-05T06:21:24.845235,0.568,-7.034,1.270,-0.754
2025-12-05T06:21:24.876379,0.566,-7.054,1.270,-0.754
2025-12-05T06:21:24.909402,0.563,-7.074,1.270,-0.754
2025-12-05T06:21:24.940237,0.560,-7.095,1.270,-0.754
2025-12-05T06:21:24.974036,0.557,-7.115,1.270,-0.754
2025-12-05T06:21:25.006761,0.554,-7.135,1.270,-0.754
2025-12-05T06:21:25.037430,0.551,-7.155,1.270,-0.754
2025-12-05T06:21:25.068903,0.549,-7.176,1.270,-0.754
2025-12-05T06:21:25.105730,0.546,-7.196,1.270,-0.754
2025-12-05T06:21:25.142446,0.543,-7.216,1.270,-0.754
2025-12-05T06:21:25.176640,0.540,-7.237,1.270,-0.754
2025-12-05T06:21:25.212905,0.537,-7.257,1.270,-0.754
2025-12-05T06:21:25.243434,0.535,-7.277,1.270,-0.754
2025-12-05T06:21:25.278778,0.532,-7.298,1.270,-0.754
2025-12-05T06:21:25.304783,0.529,-7.318,1.270,-0.754
2025-12-05T06:21:25.339503,0.526,-7.338,1.270,-0.754
2025-12-05T06:21:25.372156,0.523,-7.359,1.270,-0.754
2025-12-05T06:21:25.403654,0.520,-7.379,1.270,-0.754
2025-12-05T06:21:25.440167,0.518,-7.399,1.270,-0.754
2025-12-05T06:21:25.468461,0.515,-7.420,1.270,-0.754
2025-12-05T06:21:25.501751,0.512,-7.440,1.270,-0.754
2025-12-05T06:21:25.534910,0.509,-7.460,1.270,-0.754
2025-12-05T06:21:25.564895,0.506,-7.481,1.270,-0.754
2025-12-05T06:21:25.595079,0.503,-7.501,1.270,-0.754
2025-12-05T06:21:25.627080,0.501,-7.521,1.270,-0.754
2025-12-05T06:21:25.660345,0.498,-7.541,1.270,-0.754
2025-12-05T06:21:25.697075,0.495,-7.562,1.270,-0.754
2025-12-05T06:21:25.732993,0.492,-7.582,1.270,-0.754
2025-12-05T06:21:25.766626,0.489,-7.602,1.270,-0.754
2025-12-05T06:21:25.798298,0.487,-7.623,1.270,-0.754
2025-12-05T06:21:25.829504,0.484,-7.643,1.270,-0.754
2025-12-05T06:21:25.858379,0.481,-7.663,1.270,-0.754
2025-12-05T06:21:25.889368,0.478,-7.684,1.270,-0.754
2025-12-05T06:21:25.919156,0.475,-7.704,1.270,-0.754
2025-12-05T06:21:25.952612,0.472,-7.724,1.270,-0.754
2025-12-05T06:21:25.988082,0.470,-7.745,1.270,-0.754
2025-12-05T06:21:26.021778,0.467,-7.765,1.270,-0.754
2025-12-05T06:21:26.056764,0.464,-7.785,1.270,-0.754
2025-12-05T06:21:26.091658,0.461,-7.806,1.270,-0.754
2025-12-05T06:21:26.123067,0.458,-7.826,1.270,-0.754
2025-12-05T06:21:26.151232,0.455,-7.846,1.270,-0.754
2025-12-05T06:21:26.182618,0.453,-7.866,1.270,-0.754
2025-12-05T06:21:26.212382,0.450,-7.887,1.270,-0.754
2025-12-05T06:21:26.245388,0.447,-7.907,1.270,-0.754
2025-12-05T06:21:26.278563,0.444,-7.927,1.270,-0.754
2025-12-05T06:21:26.309374,0.441,-7.948,1.270,-0.754
2025-12-05T06:21:26.343628,0.439,-7.968,1.270,-0.754
2025-12-05T06:21:26.380075,0.436,-7.988,1.270,-0.754
2025-12-05T06:21:26.411845,0.433,-8.009,1.270,-0.754
2025-12-05T06:21:26.450229,0.430,-8.029,1.270,-0.754
2025-12-05T06:21:26.476186,0.427,-8.049,1.270,-0.754
2025-12-05T06:21:26.507604,0.424,-8.070,1.270,-0.754
2025-12-05T06:21:26.540207,0.422,-8.090,1.270,-0.754
2025-12-05T06:21:26.572101,0.419,-8.110,1.270,-0.754
2025-12-05T06:21:26.606110,0.416,-8.131,1.270,-0.754
2025-12-05T06:21:26.639162,0.413,-8.151,1.270,-0.754
2025-12-05T06:21:26.671269,0.410,-8.171,1.270,-0.754
2025-12-05T06:21:26.703760,0.408,-8.191,1.270,-0.754
2025-12-05T06:21:26.736128,0.405,-8.212,1.270,-0.754
2025-12-05T06:21:26.766901,0.402,-8.232,1.270,-0.754
2025-12-05T06:21:26.799710,0.399,-8.252,1.270,-0.754
2025-12-05T06:21:26.832345,0.396,-8.273,1.270,-0.754
2025-12-05T06:21:26.866952,0.393,-8.293,1.270,-0.754
2025-12-05T06:21:26.900620,0.391,-8.313,1.270,-0.754
2025-12-05T06:21:26.934490,0.388,-8.334,1.270,-0.754
2025-12-05T06:21:26.966429,0.385,-8.354,1.270,-0.754
2025-12-05T06:21:26.998625,0.382,-8.374,1.270,-0.754
2025-12-05T06:21:27.028432,0.379,-8.395,1.270,-0.754
2025-12-05T06:21:27.059583,0.376,-8.415,1.270,-0.754
2025-12-05T06:21:27.093619,0.374,-8.435,1.270,-0.754
2025-12-05T06:21:27.133223,0.371,-8.456,1.270,-0.754
2025-12-05T06:21:27.159606,0.368,-8.476,1.270,-0.754
2025-12-05T06:21:27.192955,0.365,-8.496,1.270,-0.754
2025-12-05T06:21:27.226723,0.362,-8.516,1.270,-0.754
2025-12-05T06:21:27.257810,0.360,-8.537,1.270,-0.754
2025-12-05T06:21:27.291354,0.357,-8.557,1.270,-0.754
2025-12-05T06:21:27.321563,0.354,-8.577,1.270,-0.754
2025-12-05T06:21:27.350308,0.351,-8.598,1.270,-0.754
2025-12-05T06:21:27.381054,0.348,-8.618,1.270,-0.754
2025-12-05T06:21:27.414844,0.345,-8.638,1.270,-0.754
2025-12-05T06:21:27.446413,0.343,-8.659,1.270,-0.754
2025-12-05T06:21:27.483840,0.340,-8.679,1.270,-0.754
2025-12-05T06:21:27.514734,0.337,-8.699,1.270,-0.754
2025-12-05T06:21:27.548421,0.334,-8.720,1.270,-0.754
2025-12-05T06:21:27.583641,0.331,-8.740,1.270,-0.754
2025-12-05T06:21:27.611767,0.328,-8.760,1.270,-0.754
2025-12-05T06:21:27.641464,0.326,-8.781,1.270,-0.754
2025-12-05T06:21:27.673374,0.323,-8.801,1.270,-0.754
2025-12-05T06:21:27.704057,0.320,-8.821,1.270,-0.754
2025-12-05T06:21:27.738978,0.317,-8.841,1.270,-0.754
2025-12-05T06:21:27.774740,0.314,-8.862,1.270,-0.754
2025-12-05T06:21:27.807753,0.312,-8.882,1.270,-0.754
2025-12-05T06:21:27.839866,0.309,-8.902,1.270,-0.754
2025-12-05T06:21:27.871591,0.306,-8.923,1.270,-0.754
2025-12-05T06:21:27.902827,0.303,-8.943,1.270,-0.754
2025-12-05T06:21:27.936027,0.300,-8.963,1.270,-0.754
2025-12-05T06:21:27.968252,0.297,-8.984,1.270,-0.754
2025-12-05T06:21:28.001040,0.295,-9.004,1.270,-0.754
2025-12-05T06:21:28.031957,0.292,-9.024,1.270,-0.754
2025-12-05T06:21:28.063309,0.289,-9.045,1.270,-0.754
2025-12-05T06:21:28.096918,0.286,-9.065,1.270,-0.754
2025-12-05T06:21:28.130523,0.283,-9.085,1.270,-0.754
2025-12-05T06:21:28.162913,0.280,-9.106,1.270,-0.754
2025-12-05T06:21:28.195984,0.278,-9.126,1.270,-0.754
2025-12-05T06:21:28.227734,0.275,-9.146,1.270,-0.754
2025-12-05T06:21:28.260286,0.272,-9.166,1.270,-0.754
2025-12-05T06:21:28.291421,0.269,-9.187,1.270,-0.754
2025-12-05T06:21:28.325400,0.266,-9.207,1.270,-0.754
2025-12-05T06:21:28.361977,0.264,-9.227,1.270,-0.754
2025-12-05T06:21:28.394518,0.261,-9.248,1.270,-0.754
2025-12-05T06:21:28.425807,0.258,-9.268,1.270,-0.754
2025-12-05T06:21:28.458635,0.255,-9.288,1.270,-0.754
2025-12-05T06:21:28.490379,0.252,-9.309,1.270,-0.754
2025-12-05T06:21:28.521884,0.249,-9.329,1.270,-0.754
2025-12-05T06:21:28.553874,0.247,-9.349,1.270,-0.754
2025-12-05T06:21:28.584512,0.244,-9.370,1.270,-0.754
2025-12-05T06:21:28.618634,0.241,-9.390,1.270,-0.754
2025-12-05T06:21:28.652274,0.238,-9.410,1.270,-0.754
2025-12-05T06:21:28.687801,0.235,-9.431,1.270,-0.754
2025-12-05T06:21:28.745732,0.233,-9.451,1.270,-0.754
2025-12-05T06:21:28.785273,0.230,-9.471,1.270,-0.754
2025-12-05T06:21:28.814954,0.227,-9.491,1.270,-0.754
2025-12-05T06:21:28.847277,0.224,-9.512,1.270,-0.754
2025-12-05T06:21:28.879415,0.221,-9.532,1.270,-0.754
2025-12-05T06:21:28.909132,0.218,-9.552,1.270,-0.754
2025-12-05T06:21:28.939781,0.216,-9.573,1.270,-0.754
2025-12-05T06:21:28.973639,0.213,-9.593,1.270,-0.754
2025-12-05T06:21:29.004933,0.210,-9.613,1.270,-0.754
2025-12-05T06:21:29.036481,0.207,-9.634,1.270,-0.754
2025-12-05T06:21:29.068383,0.204,-9.654,1.270,-0.754
2025-12-05T06:21:29.103603,0.201,-9.674,1.270,-0.754
2025-12-05T06:21:29.147306,0.199,-9.695,1.270,-0.754
2025-12-05T06:21:29.179186,0.196,-9.715,1.270,-0.754
2025-12-05T06:21:29.211933,0.193,-9.735,1.270,-0.754
2025-12-05T06:21:29.245576,0.190,-9.756,1.270,-0.754
2025-12-05T06:21:29.279825,0.187,-9.776,1.270,-0.754
2025-12-05T06:21:29.310999,0.185,-9.796,1.270,-0.754
2025-12-05T06:21:29.343802,0.182,-9.816,1.270,-0.754
2025-12-05T06:21:29.372214,0.179,-9.837,1.270,-0.754
2025-12-05T06:21:29.402582,0.176,-9.857,1.270,-0.754
2025-12-05T06:21:29.436307,0.173,-9.877,1.270,-0.754
2025-12-05T06:21:29.467205,0.170,-9.898,1.270,-0.754
2025-12-05T06:21:29.498272,0.168,-9.918,1.270,-0.754
2025-12-05T06:21:29.531567,0.165,-9.938,1.270,-0.754
2025-12-05T06:21:29.565630,0.162,-9.959,1.270,-0.754
2025-12-05T06:21:29.607579,0.159,-9.979,1.270,-0.754
2025-12-05T06:21:29.634966,0.156,-9.999,1.270,-0.754
2025-12-05T06:21:29.671920,0.153,-10.020,1.270,-0.754
2025-12-05T06:21:29.702831,0.151,-10.040,1.270,-0.754
2025-12-05T06:21:29.733154,0.148,-10.060,1.270,-0.754
2025-12-05T06:21:29.763461,0.145,-10.081,1.270,-0.754
2025-12-05T06:21:29.798302,0.142,-10.101,1.270,-0.754
2025-12-05T06:21:29.832459,0.139,-10.121,1.270,-0.754
2025-12-05T06:21:29.861080,0.137,-10.141,1.270,-0.754
2025-12-05T06:21:29.895905,0.134,-10.162,1.270,-0.754
2025-12-05T06:21:29.932884,0.131,-10.181,1.270,-0.754
2025-12-05T06:21:29.963447,0.128,-10.199,1.270,-0.754
2025-12-05T06:21:29.997540,0.126,-10.216,1.270,-0.754
2025-12-05T06:21:30.027898,0.123,-10.230,1.270,-0.754
2025-12-05T06:21:30.052350,0.120,-10.242,1.270,-0.754
2025-12-05T06:21:30.082580,0.118,-10.252,1.270,-0.754
2025-12-05T06:21:30.116386,0.115,-10.260,1.270,-0.754
2025-12-05T06:21:30.147635,0.112,-10.266,1.270,-0.754
2025-12-05T06:21:30.183401,0.109,-10.270,1.270,-0.754
2025-12-05T06:21:30.214973,0.106,-10.272,1.270,-0.754
2025-12-05T06:21:30.249763,0.103,-10.274,1.270,-0.754
2025-12-05T06:21:30.279448,0.099,-10.274,1.270,-0.754
2025-12-05T06:21:30.311095,0.095,-10.273,1.270,-0.754
2025-12-05T06:21:30.343791,0.090,-10.272,1.270,-0.754
2025-12-05T06:21:30.378907,0.085,-10.271,1.270,-0.754
2025-12-05T06:21:30.403570,0.080,-10.269,1.270,-0.754
2025-12-05T06:21:30.439007,0.074,-10.267,1.270,-0.754
2025-12-05T06:21:30.473064,0.069,-10.265,1.270,-0.754
2025-12-05T06:21:30.502737,0.064,-10.263,1.270,-0.754
2025-12-05T06:21:30.539458,0.059,-10.261,1.270,-0.754
2025-12-05T06:21:30.573142,0.055,-10.259,1.270,-0.754
2025-12-05T06:21:30.605945,0.051,-10.256,1.270,-0.754
2025-12-05T06:21:30.638921,0.047,-10.255,1.270,-0.754
2025-12-05T06:21:30.668072,0.044,-10.253,1.270,-0.754
2025-12-05T06:21:30.700398,0.041,-10.251,1.270,-0.754
2025-12-05T06:21:30.734907,0.039,-10.250,1.270,-0.754
2025-12-05T06:21:30.766534,0.036,-10.249,1.270,-0.754
2025-12-05T06:21:30.797876,0.035,-10.248,1.270,-0.754
2025-12-05T06:21:30.834040,0.033,-10.247,1.270,-0.754
2025-12-05T06:21:30.863630,0.032,-10.246,1.270,-0.754
2025-12-05T06:21:30.901827,0.031,-10.246,1.270,-0.754
2025-12-05T06:21:30.932057,0.030,-10.245,1.270,-0.754
2025-12-05T06:21:30.965445,0.030,-10.245,1.270,-0.754
2025-12-05T06:21:30.991935,0.029,-10.245,1.270,-0.754
2025-12-05T06:21:31.023821,0.029,-10.245,1.270,-0.754
2025-12-05T06:21:31.057203,0.029,-10.245,1.270,-0.754
2025-12-05T06:21:31.089911,0.029,-10.245,1.270,-0.754
2025-12-05T06:21:31.128405,0.029,-10.245,1.270,-0.754
2025-12-05T06:21:31.159313,0.029,-10.245,1.270,-0.754
2025-12-05T06:21:31.192188,0.030,-10.245,1.270,-0.754
2025-12-05T06:21:31.224311,0.030,-10.246,1.270,-0.754
2025-12-05T06:21:31.253730,0.031,-10.246,1.270,-0.754
2025-12-05T06:21:31.286589,0.031,-10.246,1.270,-0.754
2025-12-05T06:21:31.317683,0.032,-10.246,1.270,-0.754
2025-12-05T06:21:31.348498,0.032,-10.246,1.270,-0.754
2025-12-05T06:21:31.383349,0.033,-10.246,1.270,-0.754
2025-12-05T06:21:31.417144,0.033,-10.246,1.270,-0.754
2025-12-05T06:21:31.449843,0.034,-10.246,1.270,-0.754
2025-12-05T06:21:31.483004,0.035,-10.247,1.270,-0.754
2025-12-05T06:21:31.514522,0.035,-10.247,1.270,-0.754
2025-12-05T06:21:31.546255,0.036,-10.247,1.270,-0.754
2025-12-05T06:21:31.575699,0.037,-10.247,1.270,-0.754
2025-12-05T06:21:31.610126,0.038,-10.247,1.270,-0.754
2025-12-05T06:21:31.647306,0.038,-10.247,1.270,-0.754
2025-12-05T06:21:31.678644,0.039,-10.247,1.270,-0.754
2025-12-05T06:21:31.711175,0.040,-10.247,1.270,-0.754
2025-12-05T06:21:31.742936,0.040,-10.247,1.270,-0.754
2025-12-05T06:21:31.775492,0.041,-10.247,1.270,-0.754
2025-12-05T06:21:31.809484,0.042,-10.247,1.270,-0.754
2025-12-05T06:21:31.837281,0.042,-10.248,1.270,-0.754
2025-12-05T06:21:31.868972,0.043,-10.248,1.270,-0.754
2025-12-05T06:21:31.899199,0.043,-10.248,1.270,-0.754
2025-12-05T06:21:31.937470,0.044,-10.248,1.270,-0.754
2025-12-05T06:21:31.971959,0.044,-10.248,1.270,-0.754
2025-12-05T06:21:32.003290,0.045,-10.248,1.270,-0.754
2025-12-05T06:21:32.034609,0.045,-10.248,1.270,-0.754
2025-12-05T06:21:32.067265,0.046,-10.248,1.270,-0.754
2025-12-05T06:21:32.098222,0.046,-10.248,1.270,-0.754
2025-12-05T06:21:32.132887,0.046,-10.248,1.270,-0.754
2025-12-05T06:21:32.165459,0.047,-10.248,1.270,-0.754
2025-12-05T06:21:32.197910,0.047,-10.249,1.270,-0.754
2025-12-05T06:21:32.231459,0.047,-10.249,1.270,-0.754
2025-12-05T06:21:32.266147,0.047,-10.249,1.270,-0.754
2025-12-05T06:21:32.298519,0.047,-10.249,1.270,-0.754
2025-12-05T06:21:32.351667,0.047,-10.249,1.270,-0.754
2025-12-05T06:21:32.360599,0.047,-10.249,1.270,-0.754
2025-12-05T06:21:32.391945,0.048,-10.249,1.270,-0.754
2025-12-05T06:21:32.425381,0.048,-10.249,1.270,-0.754
2025-12-05T06:21:32.456846,0.048,-10.249,1.270,-0.754
2025-12-05T06:21:32.489762,0.048,-10.249,1.270,-0.754
2025-12-05T06:21:32.523735,0.047,-10.249,1.270,-0.754
2025-12-05T06:21:32.565644,0.047,-10.249,1.270,-0.754
2025-12-05T06:21:32.590432,0.047,-10.249,1.270,-0.754
2025-12-05T06:21:32.624405,0.047,-10.249,1.270,-0.754
2025-12-05T06:21:32.653605,0.047,-10.249,1.270,-0.754
2025-12-05T06:21:32.685353,0.047,-10.249,1.270,-0.754
2025-12-05T06:21:32.715671,0.047,-10.249,1.270,-0.754
2025-12-05T06:21:32.754497,0.047,-10.249,1.270,-0.754
2025-12-05T06:21:32.779344,0.047,-10.249,1.270,-0.754
2025-12-05T06:21:32.809588,0.047,-10.249,1.270,-0.754
2025-12-05T06:21:32.842159,0.046,-10.249,1.270,-0.754
2025-12-05T06:21:32.904832,0.046,-10.249,1.270,-0.754
2025-12-05T06:21:32.981732,0.046,-10.249,1.270,-0.754
2025-12-05T06:21:33.011586,0.046,-10.249,1.270,-0.754
2025-12-05T06:21:33.039821,0.046,-10.249,1.270,-0.754
2025-12-05T06:21:33.072414,0.046,-10.249,1.270,-0.754
2025-12-05T06:21:33.103659,0.046,-10.249,1.270,-0.754
2025-12-05T06:21:33.133940,0.046,-10.249,1.270,-0.754
2025-12-05T06:21:33.166212,0.045,-10.249,1.270,-0.754
2025-12-05T06:21:33.197755,0.045,-10.249,1.270,-0.754
2025-12-05T06:21:33.232577,0.045,-10.249,1.270,-0.754
2025-12-05T06:21:33.263284,0.045,-10.249,1.270,-0.754
2025-12-05T06:21:33.298539,0.045,-10.249,1.270,-0.754
2025-12-05T06:21:33.330975,0.045,-10.249,1.270,-0.754
2025-12-05T06:21:33.362692,0.045,-10.249,1.270,-0.754
2025-12-05T06:21:33.397650,0.045,-10.248,1.270,-0.754
2025-12-05T06:21:33.434236,0.045,-10.248,1.270,-0.754
2025-12-05T06:21:33.462923,0.045,-10.248,1.270,-0.754
2025-12-05T06:21:33.497421,0.045,-10.248,1.270,-0.754
2025-12-05T06:21:33.528802,0.045,-10.248,1.270,-0.754
2025-12-05T06:21:33.556901,0.045,-10.248,1.270,-0.754
2025-12-05T06:21:33.590666,0.045,-10.248,1.270,-0.754
2025-12-05T06:21:33.622342,0.045,-10.248,1.270,-0.754
2025-12-05T06:21:33.654229,0.045,-10.248,1.270,-0.754
2025-12-05T06:21:33.696259,0.045,-10.248,1.270,-0.754
2025-12-05T06:21:33.727784,0.045,-10.248,1.270,-0.754
2025-12-05T06:21:33.754333,0.045,-10.248,1.270,-0.754
2025-12-05T06:21:33.785163,0.045,-10.248,1.270,-0.754
2025-12-05T06:21:33.812353,0.045,-10.248,1.270,-0.754
2025-12-05T06:21:33.844418,0.045,-10.248,1.270,-0.754
2025-12-05T06:21:33.872772,0.045,-10.248,1.270,-0.754
2025-12-05T06:21:33.905008,0.045,-10.248,1.270,-0.754
2025-12-05T06:21:33.936698,0.045,-10.248,1.270,-0.754
2025-12-05T06:21:33.969206,0.045,-10.248,1.270,-0.754
2025-12-05T06:21:34.003492,0.045,-10.248,1.270,-0.754
2025-12-05T06:21:34.037484,0.045,-10.248,1.270,-0.754
2025-12-05T06:21:34.069534,0.045,-10.248,1.270,-0.754
2025-12-05T06:21:34.101664,0.045,-10.248,1.270,-0.754
2025-12-05T06:21:34.133308,0.045,-10.248,1.270,-0.754
2025-12-05T06:21:34.165352,0.045,-10.248,1.270,-0.754
2025-12-05T06:21:34.196888,0.045,-10.248,1.270,-0.754
2025-12-05T06:21:34.230560,0.045,-10.248,1.270,-0.754
2025-12-05T06:21:34.265263,0.045,-10.248,1.270,-0.754
2025-12-05T06:21:34.296623,0.045,-10.248,1.270,-0.754
2025-12-05T06:21:34.331782,0.045,-10.248,1.270,-0.754
2025-12-05T06:21:34.363309,0.045,-10.248,1.270,-0.754
2025-12-05T06:21:34.397010,0.045,-10.248,1.270,-0.754
2025-12-05T06:21:34.426977,0.045,-10.248,1.270,-0.754
2025-12-05T06:21:34.457586,0.045,-10.248,1.270,-0.754
2025-12-05T06:21:34.492470,0.045,-10.248,1.270,-0.754
2025-12-05T06:21:34.521924,0.045,-10.248,1.270,-0.754
2025-12-05T06:21:34.558245,0.045,-10.248,1.270,-0.754
2025-12-05T06:21:34.592781,0.045,-10.248,1.270,-0.754
2025-12-05T06:21:34.624713,0.045,-10.248,1.270,-0.754
2025-12-05T06:21:34.655786,0.045,-10.248,1.270,-0.754
2025-12-05T06:21:34.690299,0.045,-10.248,1.270,-0.754
2025-12-05T06:21:34.721113,0.045,-10.248,1.270,-0.754
2025-12-05T06:21:34.753256,0.045,-10.248,1.270,-0.754
2025-12-05T06:21:34.788041,0.045,-10.248,1.270,-0.754
2025-12-05T06:21:34.824366,0.045,-10.248,1.270,-0.754
2025-12-05T06:21:34.851444,0.045,-10.248,1.270,-0.754
2025-12-05T06:21:34.884803,0.045,-10.248,1.270,-0.754
2025-12-05T06:21:34.913561,0.045,-10.248,1.270,-0.754
2025-12-05T06:21:34.946199,0.045,-10.248,1.270,-0.754
2025-12-05T06:21:34.981565,0.045,-10.248,1.270,-0.754
2025-12-05T06:21:35.012280,0.045,-10.248,1.270,-0.754
2025-12-05T06:21:35.046170,0.045,-10.248,1.270,-0.754
2025-12-05T06:21:35.081801,0.045,-10.248,1.270,-0.754
2025-12-05T06:21:35.111984,0.045,-10.248,1.270,-0.754
2025-12-05T06:21:35.144674,0.045,-10.248,1.270,-0.754
2025-12-05T06:21:35.175255,0.045,-10.248,1.270,-0.754
2025-12-05T06:21:35.205498,0.045,-10.248,1.270,-0.754
2025-12-05T06:21:35.237327,0.045,-10.248,1.270,-0.754
2025-12-05T06:21:35.269276,0.045,-10.248,1.270,-0.754
2025-12-05T06:21:35.304702,0.045,-10.248,1.270,-0.754
2025-12-05T06:21:35.339658,0.045,-10.248,1.270,-0.754
2025-12-05T06:21:35.371665,0.045,-10.248,1.270,-0.754
2025-12-05T06:21:35.405441,0.045,-10.248,1.270,-0.754
2025-12-05T06:21:35.435805,0.045,-10.248,1.270,-0.754
2025-12-05T06:21:35.466177,0.045,-10.248,1.270,-0.754
2025-12-05T06:21:35.496963,0.045,-10.248,1.270,-0.754
2025-12-05T06:21:35.530126,0.045,-10.248,1.270,-0.754
2025-12-05T06:21:35.562522,0.045,-10.248,1.270,-0.754
2025-12-05T06:21:35.595967,0.045,-10.248,1.270,-0.754
2025-12-05T06:21:35.627746,0.045,-10.248,1.270,-0.754
2025-12-05T06:21:35.659695,0.045,-10.248,1.270,-0.754
2025-12-05T06:21:35.692951,0.045,-10.248,1.270,-0.754
2025-12-05T06:21:35.725572,0.045,-10.248,1.270,-0.754
2025-12-05T06:21:35.754989,0.045,-10.248,1.270,-0.754
2025-12-05T06:21:35.791382,0.045,-10.248,1.270,-0.754
2025-12-05T06:21:35.824576,0.045,-10.248,1.270,-0.754
2025-12-05T06:21:35.857011,0.045,-10.248,1.270,-0.754
2025-12-05T06:21:35.886312,0.045,-10.248,1.270,-0.754
2025-12-05T06:21:35.915263,0.045,-10.248,1.270,-0.754
2025-12-05T06:21:35.948747,0.045,-10.248,1.270,-0.754
2025-12-05T06:21:35.981438,0.045,-10.248,1.270,-0.754
2025-12-05T06:21:36.033743,0.045,-10.248,1.270,-0.754
2025-12-05T06:21:36.061115,0.045,-10.248,1.270,-0.754
2025-12-05T06:21:36.096878,0.045,-10.248,1.270,-0.754
2025-12-05T06:21:36.127841,0.045,-10.248,1.270,-0.754
2025-12-05T06:21:36.158854,0.045,-10.248,1.270,-0.754
2025-12-05T06:21:36.189682,0.045,-10.248,1.270,-0.754
2025-12-05T06:21:36.248453,0.045,-10.248,1.270,-0.754
2025-12-05T06:21:36.269696,0.045,-10.248,1.270,-0.754
2025-12-05T06:21:36.301822,0.045,-10.248,1.270,-0.754
2025-12-05T06:21:36.325403,0.045,-10.248,1.270,-0.754
2025-12-05T06:21:36.358013,0.045,-10.248,1.270,-0.754
2025-12-05T06:21:36.384601,0.045,-10.248,1.270,-0.754
2025-12-05T06:21:36.417409,0.045,-10.248,1.270,-0.754
2025-12-05T06:21:36.449985,0.045,-10.248,1.270,-0.754
2025-12-05T06:21:36.482181,0.045,-10.248,1.270,-0.754
2025-12-05T06:21:36.515113,0.045,-10.248,1.270,-0.754
2025-12-05T06:21:36.546764,0.045,-10.248,1.270,-0.754
2025-12-05T06:21:36.580295,0.045,-10.248,1.270,-0.754
2025-12-05T06:21:36.610171,0.045,-10.248,1.270,-0.754
2025-12-05T06:21:36.646477,0.045,-10.248,1.270,-0.754
2025-12-05T06:21:36.683498,0.045,-10.248,1.270,-0.754
2025-12-05T06:21:36.709215,0.045,-10.248,1.270,-0.754
2025-12-05T06:21:36.741215,0.045,-10.248,1.270,-0.754
2025-12-05T06:21:36.774610,0.045,-10.248,1.270,-0.754
2025-12-05T06:21:36.808231,0.045,-10.248,1.270,-0.754
2025-12-05T06:21:36.834334,0.045,-10.248,1.270,-0.754
2025-12-05T06:21:36.876390,0.045,-10.248,1.270,-0.754
2025-12-05T06:21:36.906888,0.045,-10.248,1.270,-0.754
2025-12-05T06:21:36.939232,0.045,-10.248,1.270,-0.754
2025-12-05T06:21:36.972274,0.045,-10.248,1.270,-0.754
2025-12-05T06:21:37.003004,0.045,-10.248,1.270,-0.754
2025-12-05T06:21:37.031530,0.045,-10.248,1.270,-0.754
2025-12-05T06:21:37.065428,0.045,-10.248,1.270,-0.754
2025-12-05T06:21:37.097081,0.045,-10.248,1.270,-0.754
2025-12-05T06:21:37.131986,0.045,-10.248,1.270,-0.754
2025-12-05T06:21:37.166476,0.045,-10.248,1.270,-0.754
2025-12-05T06:21:37.197792,0.045,-10.248,1.270,-0.754
2025-12-05T06:21:37.232097,0.045,-10.248,1.270,-0.754
2025-12-05T06:21:37.262959,0.045,-10.248,1.270,-0.754
2025-12-05T06:21:37.297528,0.045,-10.248,1.270,-0.754
2025-12-05T06:21:37.327582,0.045,-10.248,1.270,-0.754
2025-12-05T06:21:37.360483,0.045,-10.248,1.270,-0.754
2025-12-05T06:21:37.389062,0.045,-10.248,1.270,-0.754
2025-12-05T06:21:37.421394,0.045,-10.248,1.270,-0.754
2025-12-05T06:21:37.455014,0.045,-10.248,1.270,-0.754
2025-12-05T06:21:37.489645,0.045,-10.248,1.270,-0.754
2025-12-05T06:21:37.521968,0.045,-10.248,1.270,-0.754
2025-12-05T06:21:37.555660,0.045,-10.248,1.270,-0.754
2025-12-05T06:21:37.587344,0.045,-10.248,1.270,-0.754
2025-12-05T06:21:37.618390,0.045,-10.248,1.270,-0.754
2025-12-05T06:21:37.650622,0.045,-10.248,1.270,-0.754
2025-12-05T06:21:37.683907,0.045,-10.248,1.270,-0.754
2025-12-05T06:21:37.722344,0.045,-10.248,1.270,-0.754
2025-12-05T06:21:37.753478,0.045,-10.248,1.270,-0.754
2025-12-05T06:21:37.789722,0.045,-10.248,1.270,-0.754
2025-12-05T06:21:37.820688,0.045,-10.248,1.270,-0.754
2025-12-05T06:21:37.847842,0.045,-10.248,1.270,-0.754
2025-12-05T06:21:37.880482,0.045,-10.248,1.270,-0.754
2025-12-05T06:21:37.909723,0.045,-10.248,1.270,-0.754
2025-12-05T06:21:37.942759,0.045,-10.248,1.270,-0.754
2025-12-05T06:21:37.976715,0.045,-10.248,1.270,-0.754
2025-12-05T06:21:38.013367,0.045,-10.248,1.270,-0.754
2025-12-05T06:21:38.044655,0.045,-10.248,1.270,-0.754
2025-12-05T06:21:38.082694,0.045,-10.248,1.270,-0.754
2025-12-05T06:21:38.115185,0.045,-10.248,1.270,-0.754
2025-12-05T06:21:38.148457,0.045,-10.248,1.270,-0.754
2025-12-05T06:21:38.178607,0.045,-10.248,1.270,-0.754
2025-12-05T06:21:38.211733,0.045,-10.248,1.270,-0.754
2025-12-05T06:21:38.242476,0.045,-10.248,1.270,-0.754
2025-12-05T06:21:38.276120,0.045,-10.248,1.270,-0.754
2025-12-05T06:21:38.308635,0.045,-10.248,1.270,-0.754
2025-12-05T06:21:38.341376,0.045,-10.248,1.270,-0.754
2025-12-05T06:21:38.371725,0.045,-10.248,1.270,-0.754
2025-12-05T06:21:38.409062,0.045,-10.248,1.270,-0.754
2025-12-05T06:21:38.442452,0.045,-10.248,1.270,-0.754
2025-12-05T06:21:38.473706,0.045,-10.248,1.270,-0.754
2025-12-05T06:21:38.506094,0.045,-10.248,1.270,-0.754
2025-12-05T06:21:38.539065,0.045,-10.248,1.270,-0.754
2025-12-05T06:21:38.572827,0.045,-10.248,1.270,-0.754
2025-12-05T06:21:38.603649,0.045,-10.248,1.270,-0.754
2025-12-05T06:21:38.637099,0.045,-10.248,1.270,-0.754
2025-12-05T06:21:38.671193,0.045,-10.248,1.270,-0.754
2025-12-05T06:21:38.699151,0.045,-10.248,1.270,-0.754
2025-12-05T06:21:38.732412,0.045,-10.248,1.270,-0.754
2025-12-05T06:21:38.767205,0.045,-10.248,1.270,-0.754
2025-12-05T06:21:38.798074,0.045,-10.248,1.270,-0.754
2025-12-05T06:21:38.833537,0.045,-10.248,1.270,-0.754
2025-12-05T06:21:38.865938,0.045,-10.248,1.270,-0.754
2025-12-05T06:21:38.897033,0.045,-10.248,1.270,-0.754
2025-12-05T06:21:38.929556,0.045,-10.248,1.270,-0.754
2025-12-05T06:21:38.961984,0.045,-10.248,1.270,-0.754
2025-12-05T06:21:38.993112,0.045,-10.248,1.270,-0.754
2025-12-05T06:21:39.028726,0.045,-10.248,1.270,-0.754
2025-12-05T06:21:39.059570,0.045,-10.248,1.270,-0.754
2025-12-05T06:21:39.094168,0.045,-10.248,1.270,-0.754
2025-12-05T06:21:39.127281,0.045,-10.248,1.270,-0.754
2025-12-05T06:21:39.160054,0.045,-10.248,1.270,-0.754
2025-12-05T06:21:39.192488,0.045,-10.248,1.270,-0.754
2025-12-05T06:21:39.223605,0.045,-10.248,1.270,-0.754
2025-12-05T06:21:39.254525,0.045,-10.248,1.270,-0.754
2025-12-05T06:21:39.285122,0.045,-10.248,1.270,-0.754
2025-12-05T06:21:39.318630,0.045,-10.248,1.270,-0.754
2025-12-05T06:21:39.350215,0.045,-10.248,1.270,-0.754
2025-12-05T06:21:39.388814,0.045,-10.248,1.270,-0.754
2025-12-05T06:21:39.419901,0.045,-10.248,1.270,-0.754
2025-12-05T06:21:39.449917,0.045,-10.248,1.270,-0.754
2025-12-05T06:21:39.483486,0.045,-10.248,1.270,-0.754
2025-12-05T06:21:39.512705,0.045,-10.248,1.270,-0.754
2025-12-05T06:21:39.543148,0.045,-10.248,1.270,-0.754
2025-12-05T06:21:39.575571,0.045,-10.248,1.270,-0.754
2025-12-05T06:21:39.607296,0.045,-10.248,1.270,-0.754
2025-12-05T06:21:39.643724,0.045,-10.248,1.270,-0.754
2025-12-05T06:21:39.679010,0.045,-10.248,1.270,-0.754
2025-12-05T06:21:39.710557,0.045,-10.248,1.270,-0.754
2025-12-05T06:21:39.744617,0.045,-10.248,1.270,-0.754
2025-12-05T06:21:39.775403,0.045,-10.248,1.270,-0.754
2025-12-05T06:21:39.807602,0.045,-10.248,1.270,-0.754
2025-12-05T06:21:39.839412,0.045,-10.248,1.270,-0.754
2025-12-05T06:21:39.869728,0.045,-10.248,1.270,-0.754
2025-12-05T06:21:39.906798,0.045,-10.248,1.270,-0.754
2025-12-05T06:21:39.939078,0.045,-10.248,1.270,-0.754
2025-12-05T06:21:39.975493,0.045,-10.248,1.270,-0.754
2025-12-05T06:21:40.007871,0.045,-10.248,1.270,-0.754
2025-12-05T06:21:40.034097,0.045,-10.248,1.270,-0.754
2025-12-05T06:21:40.066024,0.045,-10.248,1.270,-0.754
2025-12-05T06:21:40.097504,0.045,-10.248,1.270,-0.754
2025-12-05T06:21:40.131970,0.045,-10.248,1.270,-0.754
2025-12-05T06:21:40.165020,0.045,-10.248,1.270,-0.754
2025-12-05T06:21:40.197321,0.045,-10.248,1.270,-0.754
2025-12-05T06:21:40.231558,0.045,-10.248,1.270,-0.754
2025-12-05T06:21:40.264750,0.045,-10.248,1.270,-0.754
2025-12-05T06:21:40.305300,0.045,-10.248,1.270,-0.754
2025-12-05T06:21:40.326766,0.045,-10.248,1.270,-0.754
2025-12-05T06:21:40.360407,0.045,-10.248,1.270,-0.754
2025-12-05T06:21:40.391845,0.045,-10.248,1.270,-0.754
2025-12-05T06:21:40.424410,0.045,-10.248,1.270,-0.754
2025-12-05T06:21:40.458405,0.045,-10.248,1.270,-0.754
2025-12-05T06:21:40.492822,0.045,-10.248,1.270,-0.754
2025-12-05T06:21:40.529075,0.045,-10.248,1.270,-0.754
2025-12-05T06:21:40.560110,0.045,-10.248,1.270,-0.754
2025-12-05T06:21:40.590577,0.045,-10.248,1.270,-0.754
2025-12-05T06:21:40.616497,0.045,-10.248,1.270,-0.754
2025-12-05T06:21:40.646314,0.045,-10.248,1.270,-0.754
2025-12-05T06:21:40.682992,0.045,-10.248,1.270,-0.754
2025-12-05T06:21:40.712692,0.045,-10.248,1.270,-0.754
2025-12-05T06:21:40.745769,0.045,-10.248,1.270,-0.754
2025-12-05T06:21:40.782554,0.045,-10.248,1.270,-0.754
2025-12-05T06:21:40.815475,0.045,-10.248,1.270,-0.754
2025-12-05T06:21:40.847777,0.045,-10.248,1.270,-0.754
2025-12-05T06:21:40.878787,0.045,-10.248,1.270,-0.754
2025-12-05T06:21:40.912010,0.045,-10.248,1.270,-0.754
2025-12-05T06:21:40.945716,0.045,-10.248,1.270,-0.754
2025-12-05T06:21:40.975837,0.045,-10.248,1.270,-0.754
2025-12-05T06:21:41.009426,0.045,-10.248,1.270,-0.754
2025-12-05T06:21:41.044754,0.045,-10.248,1.270,-0.754
2025-12-05T06:21:41.076351,0.045,-10.248,1.270,-0.754
2025-12-05T06:21:41.109327,0.045,-10.248,1.270,-0.754
2025-12-05T06:21:41.142339,0.045,-10.248,1.270,-0.754
2025-12-05T06:21:41.173435,0.045,-10.248,1.270,-0.754
2025-12-05T06:21:41.206119,0.045,-10.248,1.270,-0.754
2025-12-05T06:21:41.238947,0.045,-10.248,1.270,-0.754
2025-12-05T06:21:41.272571,0.045,-10.248,1.270,-0.754
2025-12-05T06:21:41.306697,0.045,-10.248,1.270,-0.754
2025-12-05T06:21:41.342018,0.045,-10.248,1.270,-0.754
2025-12-05T06:21:41.368846,0.045,-10.248,1.270,-0.754
2025-12-05T06:21:41.399855,0.045,-10.248,1.270,-0.754
2025-12-05T06:21:41.432382,0.045,-10.248,1.270,-0.754
2025-12-05T06:21:41.464617,0.045,-10.248,1.270,-0.754
2025-12-05T06:21:41.496586,0.045,-10.248,1.270,-0.754
2025-12-05T06:21:41.530104,0.045,-10.248,1.270,-0.754
2025-12-05T06:21:41.565255,0.045,-10.248,1.270,-0.754
2025-12-05T06:21:41.597125,0.045,-10.248,1.270,-0.754
2025-12-05T06:21:41.628620,0.045,-10.248,1.270,-0.754
2025-12-05T06:21:41.661544,0.045,-10.248,1.270,-0.754
2025-12-05T06:21:41.692570,0.045,-10.248,1.270,-0.754
2025-12-05T06:21:41.724715,0.045,-10.248,1.270,-0.754
2025-12-05T06:21:41.755111,0.045,-10.248,1.270,-0.754
2025-12-05T06:21:41.785108,0.045,-10.248,1.270,-0.754
2025-12-05T06:21:41.819744,0.045,-10.248,1.270,-0.754
2025-12-05T06:21:41.851390,0.045,-10.248,1.270,-0.754
2025-12-05T06:21:41.882182,0.045,-10.248,1.270,-0.754
2025-12-05T06:21:41.913165,0.045,-10.248,1.270,-0.754
2025-12-05T06:21:41.950061,0.045,-10.248,1.270,-0.754
2025-12-05T06:21:41.983612,0.045,-10.248,1.270,-0.754
2025-12-05T06:21:42.015096,0.045,-10.248,1.270,-0.754
2025-12-05T06:21:42.046330,0.045,-10.248,1.270,-0.754
2025-12-05T06:21:42.078414,0.045,-10.248,1.270,-0.754
2025-12-05T06:21:42.112228,0.045,-10.248,1.270,-0.754
2025-12-05T06:21:42.143445,0.045,-10.248,1.270,-0.754
2025-12-05T06:21:42.176610,0.045,-10.248,1.270,-0.754
2025-12-05T06:21:42.210887,0.045,-10.248,1.270,-0.754
2025-12-05T06:21:42.246311,0.045,-10.248,1.270,-0.754
2025-12-05T06:21:42.275882,0.045,-10.248,1.270,-0.754
2025-12-05T06:21:42.310424,0.045,-10.248,1.270,-0.754
2025-12-05T06:21:42.344041,0.045,-10.248,1.270,-0.754
2025-12-05T06:21:42.375517,0.045,-10.248,1.270,-0.754
2025-12-05T06:21:42.405859,0.045,-10.248,1.270,-0.754
2025-12-05T06:21:42.441418,0.045,-10.248,1.270,-0.754
2025-12-05T06:21:42.472768,0.045,-10.248,1.270,-0.754
2025-12-05T06:21:42.506546,0.045,-10.248,1.270,-0.754
2025-12-05T06:21:42.537952,0.045,-10.248,1.270,-0.754
2025-12-05T06:21:42.567492,0.045,-10.248,1.270,-0.754
2025-12-05T06:21:42.599352,0.045,-10.248,1.270,-0.754
2025-12-05T06:21:42.634423,0.045,-10.248,1.270,-0.754
2025-12-05T06:21:42.667463,0.045,-10.248,1.270,-0.754
2025-12-05T06:21:42.699411,0.045,-10.248,1.270,-0.754
2025-12-05T06:21:42.732059,0.045,-10.248,1.270,-0.754
2025-12-05T06:21:42.764669,0.045,-10.248,1.270,-0.754
2025-12-05T06:21:42.793844,0.045,-10.248,1.270,-0.754
2025-12-05T06:21:42.824960,0.045,-10.248,1.270,-0.754
2025-12-05T06:21:42.862121,0.045,-10.248,1.270,-0.754
2025-12-05T06:21:42.894334,0.045,-10.248,1.270,-0.754
2025-12-05T06:21:42.925558,0.045,-10.248,1.270,-0.754
2025-12-05T06:21:42.954357,0.045,-10.248,1.270,-0.754
2025-12-05T06:21:42.990330,0.045,-10.248,1.270,-0.754
2025-12-05T06:21:43.020281,0.045,-10.248,1.270,-0.754
2025-12-05T06:21:43.049957,0.045,-10.248,1.270,-0.754
2025-12-05T06:21:43.084190,0.045,-10.248,1.270,-0.754
2025-12-05T06:21:43.119309,0.045,-10.248,1.270,-0.754
2025-12-05T06:21:43.150731,0.045,-10.248,1.270,-0.754
2025-12-05T06:21:43.184524,0.045,-10.248,1.270,-0.754
2025-12-05T06:21:43.220566,0.045,-10.248,1.270,-0.754
2025-12-05T06:21:43.248496,0.045,-10.248,1.270,-0.754
2025-12-05T06:21:43.279588,0.045,-10.248,1.270,-0.754
2025-12-05T06:21:43.309459,0.045,-10.248,1.270,-0.754
2025-12-05T06:21:43.343300,0.045,-10.248,1.270,-0.754
2025-12-05T06:21:43.376037,0.045,-10.248,1.270,-0.754
2025-12-05T06:21:43.410617,0.045,-10.248,1.270,-0.754
2025-12-05T06:21:43.445814,0.045,-10.248,1.270,-0.754
2025-12-05T06:21:43.479206,0.045,-10.248,1.270,-0.754
2025-12-05T06:21:43.506353,0.045,-10.248,1.270,-0.754
2025-12-05T06:21:43.537505,0.045,-10.248,1.270,-0.754
2025-12-05T06:21:43.572819,0.045,-10.248,1.270,-0.754
2025-12-05T06:21:43.605185,0.045,-10.248,1.270,-0.754
2025-12-05T06:21:43.634076,0.045,-10.248,1.270,-0.754
2025-12-05T06:21:43.667091,0.045,-10.248,1.270,-0.754
2025-12-05T06:21:43.697715,0.045,-10.248,1.270,-0.754
2025-12-05T06:21:43.737682,0.045,-10.248,1.270,-0.754
2025-12-05T06:21:43.771713,0.045,-10.248,1.270,-0.754
2025-12-05T06:21:43.806040,0.045,-10.248,1.270,-0.754
2025-12-05T06:21:43.836202,0.045,-10.248,1.270,-0.754
2025-12-05T06:21:43.864002,0.045,-10.248,1.270,-0.754
2025-12-05T06:21:43.893258,0.045,-10.248,1.270,-0.754
2025-12-05T06:21:43.925879,0.045,-10.248,1.270,-0.754
2025-12-05T06:21:43.956355,0.045,-10.248,1.270,-0.754
2025-12-05T06:21:43.988398,0.045,-10.248,1.270,-0.754
2025-12-05T06:21:44.026949,0.045,-10.248,1.270,-0.754
2025-12-05T06:21:44.059385,0.045,-10.248,1.270,-0.754
2025-12-05T06:21:44.091701,0.045,-10.248,1.270,-0.754
2025-12-05T06:21:44.125885,0.045,-10.248,1.270,-0.754
2025-12-05T06:21:44.157511,0.045,-10.248,1.270,-0.754
2025-12-05T06:21:44.190704,0.045,-10.248,1.270,-0.754
2025-12-05T06:21:44.222461,0.045,-10.248,1.270,-0.754
2025-12-05T06:21:44.255321,0.045,-10.248,1.270,-0.754
2025-12-05T06:21:44.291509,0.045,-10.248,1.270,-0.754
2025-12-05T06:21:44.320630,0.045,-10.248,1.270,-0.754
2025-12-05T06:21:44.353039,0.045,-10.248,1.270,-0.754
2025-12-05T06:21:44.387307,0.045,-10.248,1.270,-0.754
2025-12-05T06:21:44.418191,0.045,-10.248,1.270,-0.754
2025-12-05T06:21:44.450702,0.045,-10.248,1.270,-0.754
2025-12-05T06:21:44.484252,0.045,-10.248,1.270,-0.754
2025-12-05T06:21:44.515697,0.045,-10.248,1.270,-0.754
2025-12-05T06:21:44.551186,0.045,-10.248,1.270,-0.754
2025-12-05T06:21:44.581019,0.045,-10.248,1.270,-0.754
2025-12-05T06:21:44.614940,0.045,-10.248,1.270,-0.754
2025-12-05T06:21:44.649118,0.045,-10.248,1.270,-0.754
2025-12-05T06:21:44.680673,0.045,-10.248,1.270,-0.754
2025-12-05T06:21:44.712843,0.045,-10.248,1.270,-0.754
2025-12-05T06:21:44.745776,0.045,-10.248,1.270,-0.754
2025-12-05T06:21:44.777439,0.045,-10.248,1.270,-0.754
2025-12-05T06:21:44.810438,0.045,-10.248,1.270,-0.754
2025-12-05T06:21:44.843537,0.045,-10.248,1.270,-0.754
2025-12-05T06:21:44.871483,0.045,-10.248,1.270,-0.754
2025-12-05T06:21:44.906191,0.045,-10.248,1.270,-0.754
2025-12-05T06:21:44.935101,0.045,-10.248,1.270,-0.754
2025-12-05T06:21:44.965099,0.045,-10.248,1.270,-0.754
2025-12-05T06:21:44.999297,0.045,-10.248,1.270,-0.754
2025-12-05T06:21:45.033491,0.045,-10.248,1.270,-0.754
2025-12-05T06:21:45.067860,0.045,-10.248,1.270,-0.754
2025-12-05T06:21:45.104332,0.045,-10.248,1.270,-0.754
2025-12-05T06:21:45.136257,0.045,-10.248,1.270,-0.754
2025-12-05T06:21:45.167098,0.045,-10.248,1.270,-0.754
2025-12-05T06:21:45.197065,0.045,-10.248,1.270,-0.754
2025-12-05T06:21:45.229904,0.045,-10.248,1.270,-0.754
2025-12-05T06:21:45.276568,0.045,-10.248,1.270,-0.754
2025-12-05T06:21:45.297431,0.045,-10.248,1.270,-0.754
2025-12-05T06:21:45.333150,0.045,-10.248,1.270,-0.754
2025-12-05T06:21:45.360863,0.045,-10.248,1.270,-0.754
2025-12-05T06:21:45.393598,0.045,-10.248,1.270,-0.754
2025-12-05T06:21:45.424642,0.045,-10.248,1.270,-0.754
2025-12-05T06:21:45.460759,0.045,-10.248,1.270,-0.754
2025-12-05T06:21:45.488195,0.045,-10.248,1.270,-0.754
2025-12-05T06:21:45.522542,0.045,-10.248,1.270,-0.754
2025-12-05T06:21:45.558534,0.045,-10.248,1.270,-0.754
2025-12-05T06:21:45.584550,0.045,-10.248,1.270,-0.754
2025-12-05T06:21:45.616074,0.045,-10.248,1.270,-0.754
2025-12-05T06:21:45.650228,0.045,-10.248,1.270,-0.754
2025-12-05T06:21:45.682986,0.045,-10.248,1.270,-0.754
2025-12-05T06:21:45.717466,0.045,-10.248,1.270,-0.754
2025-12-05T06:21:45.749053,0.045,-10.248,1.270,-0.754
2025-12-05T06:21:45.783043,0.045,-10.248,1.270,-0.754
2025-12-05T06:21:45.815122,0.045,-10.248,1.270,-0.754
2025-12-05T06:21:45.849464,0.045,-10.248,1.270,-0.754
2025-12-05T06:21:45.883183,0.045,-10.248,1.270,-0.754
2025-12-05T06:21:45.907333,0.045,-10.248,1.270,-0.754
2025-12-05T06:21:45.938213,0.045,-10.248,1.270,-0.754
2025-12-05T06:21:45.972650,0.045,-10.248,1.270,-0.754
2025-12-05T06:21:46.004215,0.045,-10.248,1.270,-0.754
2025-12-05T06:21:46.035430,0.045,-10.248,1.270,-0.754
2025-12-05T06:21:46.064041,0.045,-10.248,1.270,-0.754
2025-12-05T06:21:46.100880,0.045,-10.248,1.270,-0.754
2025-12-05T06:21:46.140621,0.045,-10.248,1.270,-0.754
2025-12-05T06:21:46.169538,0.045,-10.248,1.270,-0.754
2025-12-05T06:21:46.203011,0.045,-10.248,1.270,-0.754
2025-12-05T06:21:46.237023,0.045,-10.248,1.270,-0.754
2025-12-05T06:21:46.269786,0.045,-10.248,1.270,-0.754
2025-12-05T06:21:46.299767,0.045,-10.248,1.270,-0.754
2025-12-05T06:21:46.331266,0.045,-10.248,1.270,-0.754
2025-12-05T06:21:46.363386,0.045,-10.248,1.270,-0.754
2025-12-05T06:21:46.394759,0.045,-10.248,1.270,-0.754
2025-12-05T06:21:46.430355,0.045,-10.248,1.270,-0.754
2025-12-05T06:21:46.467501,0.045,-10.248,1.270,-0.754
2025-12-05T06:21:46.495853,0.045,-10.248,1.270,-0.754
2025-12-05T06:21:46.529508,0.045,-10.248,1.270,-0.754
2025-12-05T06:21:46.561267,0.045,-10.248,1.270,-0.754
2025-12-05T06:21:46.590572,0.045,-10.248,1.270,-0.754
2025-12-05T06:21:46.621597,0.045,-10.248,1.270,-0.754
2025-12-05T06:21:46.654365,0.045,-10.248,1.270,-0.754
2025-12-05T06:21:46.688303,0.045,-10.248,1.270,-0.754
2025-12-05T06:21:46.720631,0.045,-10.248,1.270,-0.754
2025-12-05T06:21:46.754545,0.045,-10.248,1.270,-0.754
2025-12-05T06:21:46.789439,0.045,-10.248,1.270,-0.754
2025-12-05T06:21:46.827062,0.045,-10.248,1.270,-0.754
2025-12-05T06:21:46.859238,0.045,-10.248,1.270,-0.754
2025-12-05T06:21:46.896358,0.045,-10.248,1.270,-0.754
2025-12-05T06:21:46.925761,0.045,-10.248,1.270,-0.754
2025-12-05T06:21:46.955968,0.045,-10.248,1.270,-0.754
2025-12-05T06:21:46.989834,0.045,-10.248,1.270,-0.754
2025-12-05T06:21:47.014861,0.045,-10.248,1.270,-0.754
2025-12-05T06:21:47.047806,0.045,-10.248,1.270,-0.754
2025-12-05T06:21:47.080367,0.045,-10.248,1.270,-0.754
2025-12-05T06:21:47.110342,0.045,-10.248,1.270,-0.754
2025-12-05T06:21:47.145290,0.045,-10.248,1.270,-0.754
2025-12-05T06:21:47.179611,0.045,-10.248,1.270,-0.754
2025-12-05T06:21:47.212112,0.045,-10.248,1.270,-0.754
2025-12-05T06:21:47.244586,0.045,-10.248,1.270,-0.754
2025-12-05T06:21:47.278983,0.045,-10.248,1.270,-0.754
2025-12-05T06:21:47.309047,0.045,-10.248,1.270,-0.754
2025-12-05T06:21:47.339261,0.045,-10.248,1.270,-0.754
2025-12-05T06:21:47.366221,0.045,-10.248,1.270,-0.754
2025-12-05T06:21:47.398625,0.045,-10.248,1.270,-0.754
2025-12-05T06:21:47.432761,0.045,-10.248,1.270,-0.754
2025-12-05T06:21:47.464049,0.045,-10.248,1.270,-0.754
2025-12-05T06:21:47.499878,0.045,-10.248,1.270,-0.754
2025-12-05T06:21:47.536903,0.045,-10.248,1.270,-0.754
2025-12-05T06:21:47.568035,0.045,-10.248,1.270,-0.754
2025-12-05T06:21:47.598051,0.045,-10.248,1.270,-0.754
2025-12-05T06:21:47.632553,0.045,-10.248,1.270,-0.754
2025-12-05T06:21:47.664714,0.045,-10.248,1.270,-0.754
2025-12-05T06:21:47.696480,0.045,-10.248,1.270,-0.754
2025-12-05T06:21:47.727717,0.045,-10.248,1.270,-0.754
2025-12-05T06:21:47.759781,0.045,-10.248,1.270,-0.754
2025-12-05T06:21:47.794418,0.045,-10.248,1.270,-0.754
2025-12-05T06:21:47.822758,0.045,-10.248,1.270,-0.754
2025-12-05T06:21:47.852583,0.045,-10.248,1.270,-0.754
2025-12-05T06:21:47.880979,0.045,-10.248,1.270,-0.754
2025-12-05T06:21:47.915792,0.045,-10.248,1.270,-0.754
2025-12-05T06:21:47.950031,0.045,-10.248,1.270,-0.754
2025-12-05T06:21:47.988102,0.045,-10.248,1.270,-0.754
2025-12-05T06:21:48.020954,0.045,-10.248,1.270,-0.754
2025-12-05T06:21:48.055441,0.045,-10.248,1.270,-0.754
2025-12-05T06:21:48.084358,0.045,-10.248,1.270,-0.754
2025-12-05T06:21:48.117679,0.045,-10.248,1.270,-0.754
2025-12-05T06:21:48.145917,0.045,-10.248,1.270,-0.754
2025-12-05T06:21:48.177923,0.045,-10.248,1.270,-0.754
2025-12-05T06:21:48.213474,0.045,-10.248,1.270,-0.754
2025-12-05T06:21:48.245959,0.045,-10.248,1.270,-0.754
2025-12-05T06:21:48.280094,0.045,-10.248,1.270,-0.754
2025-12-05T06:21:48.312548,0.045,-10.248,1.270,-0.754
2025-12-05T06:21:48.347919,0.045,-10.248,1.270,-0.754
2025-12-05T06:21:48.381154,0.045,-10.248,1.270,-0.754
2025-12-05T06:21:48.412390,0.045,-10.248,1.270,-0.754
2025-12-05T06:21:48.442680,0.045,-10.248,1.270,-0.754
2025-12-05T06:21:48.476538,0.045,-10.248,1.270,-0.754
2025-12-05T06:21:48.503310,0.045,-10.248,1.270,-0.754
2025-12-05T06:21:48.551185,0.045,-10.248,1.270,-0.754
2025-12-05T06:21:48.577565,0.045,-10.248,1.270,-0.754
2025-12-05T06:21:48.604357,0.045,-10.248,1.270,-0.754
2025-12-05T06:21:48.635797,0.045,-10.248,1.270,-0.754
2025-12-05T06:21:48.663443,0.045,-10.248,1.270,-0.754
2025-12-05T06:21:48.700233,0.045,-10.248,1.270,-0.754
2025-12-05T06:21:48.740285,0.045,-10.248,1.270,-0.754
2025-12-05T06:21:48.768856,0.045,-10.248,1.270,-0.754
2025-12-05T06:21:48.797010,0.045,-10.248,1.270,-0.754
2025-12-05T06:21:48.830472,0.045,-10.248,1.270,-0.754
2025-12-05T06:21:48.855594,0.045,-10.248,1.270,-0.754
2025-12-05T06:21:48.887884,0.045,-10.248,1.270,-0.754
2025-12-05T06:21:48.919368,0.045,-10.248,1.270,-0.754
2025-12-05T06:21:48.949806,0.045,-10.248,1.270,-0.754
2025-12-05T06:21:48.999117,0.045,-10.248,1.270,-0.754
2025-12-05T06:21:49.031367,0.045,-10.248,1.270,-0.754
2025-12-05T06:21:49.061610,0.045,-10.248,1.270,-0.754
2025-12-05T06:21:49.087732,0.045,-10.248,1.270,-0.754
2025-12-05T06:21:49.114428,0.045,-10.248,1.270,-0.754
2025-12-05T06:21:49.144209,0.045,-10.248,1.270,-0.754
2025-12-05T06:21:49.175749,0.045,-10.248,1.270,-0.754
2025-12-05T06:21:49.204924,0.045,-10.248,1.270,-0.754
2025-12-05T06:21:49.238296,0.045,-10.248,1.270,-0.754
2025-12-05T06:21:49.269992,0.045,-10.248,1.270,-0.754
2025-12-05T06:21:49.303304,0.045,-10.248,1.270,-0.754
2025-12-05T06:21:49.337721,0.045,-10.248,1.270,-0.754
2025-12-05T06:21:49.379805,0.045,-10.248,1.270,-0.754
2025-12-05T06:21:49.407608,0.045,-10.248,1.270,-0.754
2025-12-05T06:21:49.440774,0.045,-10.248,1.270,-0.754
2025-12-05T06:21:49.471612,0.045,-10.248,1.270,-0.754
2025-12-05T06:21:49.502329,0.045,-10.248,1.270,-0.754
2025-12-05T06:21:49.535591,0.045,-10.248,1.270,-0.754
2025-12-05T06:21:49.567617,0.045,-10.248,1.270,-0.754
2025-12-05T06:21:49.602199,0.045,-10.248,1.270,-0.754
2025-12-05T06:21:49.634704,0.045,-10.248,1.270,-0.754
2025-12-05T06:21:49.668727,0.045,-10.248,1.270,-0.754
2025-12-05T06:21:49.696558,0.045,-10.248,1.270,-0.754
2025-12-05T06:21:49.726532,0.045,-10.248,1.270,-0.754
2025-12-05T06:21:49.758502,0.045,-10.248,1.270,-0.754
2025-12-05T06:21:49.791170,0.045,-10.248,1.270,-0.754
2025-12-05T06:21:49.823769,0.045,-10.248,1.270,-0.754
2025-12-05T06:21:49.856656,0.045,-10.248,1.270,-0.754
2025-12-05T06:21:49.889160,0.045,-10.248,1.270,-0.754
2025-12-05T06:21:49.921578,0.045,-10.248,1.270,-0.754
2025-12-05T06:21:49.953926,0.045,-10.248,1.270,-0.754
2025-12-05T06:21:49.986562,0.045,-10.248,1.270,-0.754
2025-12-05T06:21:50.017430,0.045,-10.248,1.270,-0.754
2025-12-05T06:21:50.046954,0.045,-10.248,1.270,-0.754
2025-12-05T06:21:50.079406,0.045,-10.248,1.270,-0.754
2025-12-05T06:21:50.113396,0.045,-10.248,1.270,-0.754
2025-12-05T06:21:50.146066,0.045,-10.248,1.270,-0.754
2025-12-05T06:21:50.180002,0.045,-10.248,1.270,-0.754
2025-12-05T06:21:50.211637,0.045,-10.248,1.270,-0.754
2025-12-05T06:21:50.244981,0.045,-10.248,1.270,-0.754
2025-12-05T06:21:50.275422,0.045,-10.248,1.270,-0.754
2025-12-05T06:21:50.305934,0.045,-10.248,1.270,-0.754
2025-12-05T06:21:50.337454,0.045,-10.248,1.270,-0.754
2025-12-05T06:21:50.369667,0.045,-10.248,1.270,-0.754
2025-12-05T06:21:50.403791,0.045,-10.248,1.270,-0.754
2025-12-05T06:21:50.437705,0.045,-10.248,1.270,-0.754
2025-12-05T06:21:50.469828,0.045,-10.248,1.270,-0.754
2025-12-05T06:21:50.503622,0.045,-10.248,1.270,-0.754
2025-12-05T06:21:50.535798,0.045,-10.248,1.270,-0.754
2025-12-05T06:21:50.571951,0.045,-10.248,1.270,-0.754
2025-12-05T06:21:50.598551,0.045,-10.248,1.270,-0.754
2025-12-05T06:21:50.634901,0.045,-10.248,1.270,-0.754
2025-12-05T06:21:50.665765,0.045,-10.248,1.270,-0.754
2025-12-05T06:21:50.700942,0.045,-10.248,1.270,-0.754
2025-12-05T06:21:50.736184,0.045,-10.248,1.270,-0.754
2025-12-05T06:21:50.767347,0.045,-10.248,1.270,-0.754
2025-12-05T06:21:50.801119,0.045,-10.248,1.270,-0.754
2025-12-05T06:21:50.832245,0.045,-10.248,1.270,-0.754
2025-12-05T06:21:50.861037,0.045,-10.248,1.270,-0.754
2025-12-05T06:21:50.897005,0.045,-10.248,1.270,-0.754
2025-12-05T06:21:50.929425,0.045,-10.248,1.270,-0.754
2025-12-05T06:21:50.962320,0.045,-10.248,1.270,-0.754
2025-12-05T06:21:50.998477,0.045,-10.248,1.270,-0.754
2025-12-05T06:21:51.033931,0.045,-10.248,1.270,-0.754
2025-12-05T06:21:51.064508,0.045,-10.248,1.270,-0.754
2025-12-05T06:21:51.096892,0.045,-10.248,1.270,-0.754
2025-12-05T06:21:51.129342,0.045,-10.248,1.270,-0.754
2025-12-05T06:21:51.156245,0.045,-10.248,1.270,-0.754
2025-12-05T06:21:51.189351,0.045,-10.248,1.270,-0.754
2025-12-05T06:21:51.219389,0.045,-10.248,1.270,-0.754
2025-12-05T06:21:51.248266,0.045,-10.248,1.270,-0.754
2025-12-05T06:21:51.284372,0.045,-10.248,1.270,-0.754
2025-12-05T06:21:51.319697,0.045,-10.248,1.270,-0.754
2025-12-05T06:21:51.349691,0.045,-10.248,1.270,-0.754
2025-12-05T06:21:51.381738,0.045,-10.248,1.270,-0.754
2025-12-05T06:21:51.413500,0.045,-10.248,1.270,-0.754
2025-12-05T06:21:51.445973,0.045,-10.248,1.270,-0.754
2025-12-05T06:21:51.478028,0.045,-10.248,1.270,-0.754
2025-12-05T06:21:51.513324,0.045,-10.248,1.270,-0.754
2025-12-05T06:21:51.538652,0.045,-10.248,1.270,-0.754
2025-12-05T06:21:51.581993,0.045,-10.248,1.270,-0.754
2025-12-05T06:21:51.609019,0.045,-10.248,1.270,-0.754
2025-12-05T06:21:51.644499,0.045,-10.248,1.270,-0.754
2025-12-05T06:21:51.679965,0.045,-10.248,1.270,-0.754
2025-12-05T06:21:51.711827,0.045,-10.248,1.270,-0.754
2025-12-05T06:21:51.743262,0.045,-10.248,1.270,-0.754
2025-12-05T06:21:51.775609,0.045,-10.248,1.270,-0.754
2025-12-05T06:21:51.806558,0.045,-10.248,1.270,-0.754
2025-12-05T06:21:51.841855,0.045,-10.248,1.270,-0.754
2025-12-05T06:21:51.870553,0.045,-10.248,1.270,-0.754
2025-12-05T06:21:51.901820,0.045,-10.248,1.270,-0.754
2025-12-05T06:21:51.938033,0.045,-10.248,1.270,-0.754
2025-12-05T06:21:51.969875,0.045,-10.248,1.270,-0.754
2025-12-05T06:21:52.002476,0.045,-10.248,1.270,-0.754
2025-12-05T06:21:52.035515,0.045,-10.248,1.270,-0.754
2025-12-05T06:21:52.065259,0.045,-10.248,1.270,-0.754
2025-12-05T06:21:52.098802,0.045,-10.248,1.270,-0.754
2025-12-05T06:21:52.133444,0.045,-10.248,1.270,-0.754
2025-12-05T06:21:52.166277,0.045,-10.248,1.270,-0.754
2025-12-05T06:21:52.199282,0.045,-10.248,1.270,-0.754
2025-12-05T06:21:52.233084,0.045,-10.248,1.270,-0.754
2025-12-05T06:21:52.268232,0.045,-10.248,1.270,-0.754
2025-12-05T06:21:52.297811,0.045,-10.248,1.270,-0.754
2025-12-05T06:21:52.328847,0.045,-10.248,1.270,-0.754
2025-12-05T06:21:52.361835,0.045,-10.248,1.270,-0.754
2025-12-05T06:21:52.392906,0.045,-10.248,1.270,-0.754
2025-12-05T06:21:52.422294,0.045,-10.248,1.270,-0.754
2025-12-05T06:21:52.453914,0.045,-10.248,1.270,-0.754
2025-12-05T06:21:52.489449,0.045,-10.248,1.270,-0.754
2025-12-05T06:21:52.521719,0.045,-10.248,1.270,-0.754
2025-12-05T06:21:52.554033,0.045,-10.248,1.270,-0.754
2025-12-05T06:21:52.587527,0.045,-10.248,1.270,-0.754
2025-12-05T06:21:52.617233,0.045,-10.248,1.270,-0.754
2025-12-05T06:21:52.648164,0.045,-10.248,1.270,-0.754
2025-12-05T06:21:52.683068,0.045,-10.248,1.270,-0.754
2025-12-05T06:21:52.718821,0.045,-10.248,1.270,-0.754
2025-12-05T06:21:52.750995,0.045,-10.248,1.270,-0.754
2025-12-05T06:21:52.784652,0.045,-10.248,1.270,-0.754
2025-12-05T06:21:52.815834,0.045,-10.248,1.270,-0.754
2025-12-05T06:21:52.846210,0.045,-10.248,1.270,-0.754
2025-12-05T06:21:52.882040,0.045,-10.248,1.270,-0.754
2025-12-05T06:21:52.910380,0.045,-10.248,1.270,-0.754
2025-12-05T06:21:52.940994,0.045,-10.248,1.270,-0.754
2025-12-05T06:21:52.972269,0.045,-10.248,1.270,-0.754
2025-12-05T06:21:53.005427,0.045,-10.248,1.270,-0.754
2025-12-05T06:21:53.034755,0.045,-10.248,1.270,-0.754
2025-12-05T06:21:53.069328,0.045,-10.248,1.270,-0.754
2025-12-05T06:21:53.101433,0.045,-10.248,1.270,-0.754
2025-12-05T06:21:53.144786,0.045,-10.248,1.270,-0.754
2025-12-05T06:21:53.183422,0.045,-10.248,1.270,-0.754
2025-12-05T06:21:53.218931,0.045,-10.248,1.270,-0.754
2025-12-05T06:21:53.253211,0.045,-10.248,1.270,-0.754
2025-12-05T06:21:53.287804,0.045,-10.248,1.270,-0.754
2025-12-05T06:21:53.318719,0.045,-10.248,1.270,-0.754
2025-12-05T06:21:53.349514,0.045,-10.248,1.270,-0.754
2025-12-05T06:21:53.380291,0.045,-10.248,1.270,-0.754
2025-12-05T06:21:53.408868,0.045,-10.248,1.270,-0.754
2025-12-05T06:21:53.442328,0.045,-10.248,1.270,-0.754
2025-12-05T06:21:53.475318,0.045,-10.248,1.270,-0.754
2025-12-05T06:21:53.512047,0.045,-10.248,1.270,-0.754
2025-12-05T06:21:53.545738,0.045,-10.248,1.270,-0.754
2025-12-05T06:21:53.577013,0.045,-10.248,1.270,-0.754
2025-12-05T06:21:53.608997,0.045,-10.248,1.270,-0.754
2025-12-05T06:21:53.641564,0.045,-10.248,1.270,-0.754
2025-12-05T06:21:53.669702,0.045,-10.248,1.270,-0.754
2025-12-05T06:21:53.702611,0.045,-10.248,1.270,-0.754
2025-12-05T06:21:53.742636,0.045,-10.248,1.270,-0.754
2025-12-05T06:21:53.770570,0.045,-10.248,1.270,-0.754
2025-12-05T06:21:53.801500,0.045,-10.248,1.270,-0.754
2025-12-05T06:21:53.833996,0.045,-10.248,1.270,-0.754
2025-12-05T06:21:53.864307,0.045,-10.248,1.270,-0.754
2025-12-05T06:21:53.896699,0.045,-10.248,1.270,-0.754
2025-12-05T06:21:53.925466,0.045,-10.248,1.270,-0.754
2025-12-05T06:21:53.958365,0.045,-10.248,1.270,-0.754
2025-12-05T06:21:53.988443,0.045,-10.248,1.270,-0.754
2025-12-05T06:21:54.024104,0.045,-10.248,1.270,-0.754
2025-12-05T06:21:54.056866,0.045,-10.248,1.270,-0.754
2025-12-05T06:21:54.089014,0.045,-10.248,1.270,-0.754
2025-12-05T06:21:54.123698,0.045,-10.248,1.270,-0.754
2025-12-05T06:21:54.152910,0.045,-10.248,1.270,-0.754
2025-12-05T06:21:54.188435,0.045,-10.248,1.270,-0.754
2025-12-05T06:21:54.220625,0.045,-10.248,1.270,-0.754
2025-12-05T06:21:54.252357,0.045,-10.248,1.270,-0.754
2025-12-05T06:21:54.288184,0.045,-10.248,1.270,-0.754
2025-12-05T06:21:54.321899,0.045,-10.248,1.270,-0.754
2025-12-05T06:21:54.352691,0.045,-10.248,1.270,-0.754
2025-12-05T06:21:54.384208,0.045,-10.248,1.270,-0.754
2025-12-05T06:21:54.413963,0.045,-10.248,1.270,-0.754
2025-12-05T06:21:54.448834,0.045,-10.248,1.270,-0.754
2025-12-05T06:21:54.479856,0.045,-10.248,1.270,-0.754
2025-12-05T06:21:54.511571,0.045,-10.248,1.270,-0.754
2025-12-05T06:21:54.543342,0.045,-10.248,1.270,-0.754
2025-12-05T06:21:54.580408,0.045,-10.248,1.270,-0.754
2025-12-05T06:21:54.611381,0.045,-10.248,1.270,-0.754
2025-12-05T06:21:54.643209,0.045,-10.248,1.270,-0.754
2025-12-05T06:21:54.677105,0.045,-10.248,1.270,-0.754
2025-12-05T06:21:54.709854,0.045,-10.248,1.270,-0.754
2025-12-05T06:21:54.744269,0.045,-10.248,1.270,-0.754
2025-12-05T06:21:54.773789,0.045,-10.248,1.270,-0.754
2025-12-05T06:21:54.804387,0.045,-10.248,1.270,-0.754
2025-12-05T06:21:54.837544,0.045,-10.248,1.270,-0.754
2025-12-05T06:21:54.872924,0.045,-10.248,1.270,-0.754
2025-12-05T06:21:54.905580,0.045,-10.248,1.270,-0.754
2025-12-05T06:21:54.939078,0.045,-10.248,1.270,-0.754
2025-12-05T06:21:54.971462,0.045,-10.248,1.270,-0.754
2025-12-05T06:21:55.002871,0.045,-10.248,1.270,-0.754
2025-12-05T06:21:55.035819,0.045,-10.248,1.270,-0.754
2025-12-05T06:21:55.066491,0.045,-10.248,1.270,-0.754
2025-12-05T06:21:55.097298,0.045,-10.248,1.270,-0.754
2025-12-05T06:21:55.132800,0.045,-10.248,1.270,-0.754
2025-12-05T06:21:55.163919,0.045,-10.248,1.270,-0.754
2025-12-05T06:21:55.197809,0.045,-10.248,1.270,-0.754
2025-12-05T06:21:55.232806,0.045,-10.248,1.270,-0.754
2025-12-05T06:21:55.264915,0.045,-10.248,1.270,-0.754
2025-12-05T06:21:55.297640,0.045,-10.248,1.270,-0.754
2025-12-05T06:21:55.328286,0.045,-10.248,1.270,-0.754
2025-12-05T06:21:55.358165,0.045,-10.248,1.270,-0.754
2025-12-05T06:21:55.392460,0.045,-10.248,1.270,-0.754
2025-12-05T06:21:55.423653,0.045,-10.248,1.270,-0.754
2025-12-05T06:21:55.457026,0.045,-10.248,1.270,-0.754
2025-12-05T06:21:55.493632,0.045,-10.248,1.270,-0.754
2025-12-05T06:21:55.526823,0.045,-10.248,1.270,-0.754
2025-12-05T06:21:55.554916,0.045,-10.248,1.270,-0.754
2025-12-05T06:21:55.589536,0.045,-10.248,1.270,-0.754
2025-12-05T06:21:55.626187,0.045,-10.248,1.270,-0.754
2025-12-05T06:21:55.645555,0.045,-10.248,1.270,-0.754
2025-12-05T06:21:55.677746,0.045,-10.248,1.270,-0.754
2025-12-05T06:21:55.709108,0.045,-10.248,1.270,-0.754
2025-12-05T06:21:55.744540,0.045,-10.248,1.270,-0.754
2025-12-05T06:21:55.780839,0.045,-10.248,1.270,-0.754
2025-12-05T06:21:55.814050,0.045,-10.248,1.270,-0.754
2025-12-05T06:21:55.846914,0.045,-10.248,1.270,-0.754
2025-12-05T06:21:55.877836,0.045,-10.248,1.270,-0.754
2025-12-05T06:21:55.909750,0.045,-10.248,1.270,-0.754
2025-12-05T06:21:55.941735,0.045,-10.248,1.270,-0.754
2025-12-05T06:21:55.973278,0.045,-10.248,1.270,-0.754
2025-12-05T06:21:56.009465,0.045,-10.248,1.270,-0.754
2025-12-05T06:21:56.039434,0.045,-10.248,1.270,-0.754
2025-12-05T06:21:56.076854,0.045,-10.248,1.270,-0.754
2025-12-05T06:21:56.110183,0.045,-10.248,1.270,-0.754
2025-12-05T06:21:56.144634,0.045,-10.248,1.270,-0.754
2025-12-05T06:21:56.177554,0.045,-10.248,1.270,-0.754
2025-12-05T06:21:56.206245,0.045,-10.248,1.270,-0.754
2025-12-05T06:21:56.237368,0.045,-10.248,1.270,-0.754
2025-12-05T06:21:56.268702,0.045,-10.248,1.270,-0.754
2025-12-05T06:21:56.300351,0.045,-10.248,1.270,-0.754
2025-12-05T06:21:56.332508,0.045,-10.248,1.270,-0.754
2025-12-05T06:21:56.360475,0.045,-10.248,1.270,-0.754
2025-12-05T06:21:56.395518,0.045,-10.248,1.270,-0.754
2025-12-05T06:21:56.428616,0.045,-10.248,1.270,-0.754
2025-12-05T06:21:56.462022,0.045,-10.248,1.270,-0.754
2025-12-05T06:21:56.499402,0.045,-10.248,1.270,-0.754
2025-12-05T06:21:56.532609,0.045,-10.248,1.270,-0.754
2025-12-05T06:21:56.564066,0.045,-10.248,1.270,-0.754
2025-12-05T06:21:56.595896,0.045,-10.248,1.270,-0.754
2025-12-05T06:21:56.626787,0.045,-10.248,1.270,-0.754
2025-12-05T06:21:56.659022,0.045,-10.248,1.270,-0.754
2025-12-05T06:21:56.692582,0.045,-10.248,1.270,-0.754
2025-12-05T06:21:56.725452,0.045,-10.248,1.270,-0.754
2025-12-05T06:21:56.759390,0.045,-10.248,1.270,-0.754
2025-12-05T06:21:56.795531,0.045,-10.248,1.270,-0.754
2025-12-05T06:21:56.826154,0.045,-10.248,1.270,-0.754
2025-12-05T06:21:56.857585,0.045,-10.248,1.270,-0.754
2025-12-05T06:21:56.891375,0.045,-10.248,1.270,-0.754
2025-12-05T06:21:56.923948,0.045,-10.248,1.270,-0.754
2025-12-05T06:21:56.955903,0.045,-10.248,1.270,-0.754
2025-12-05T06:21:56.992053,0.045,-10.248,1.270,-0.754
2025-12-05T06:21:57.025072,0.045,-10.248,1.270,-0.754
2025-12-05T06:21:57.056374,0.045,-10.248,1.270,-0.754
2025-12-05T06:21:57.088651,0.045,-10.248,1.270,-0.754
2025-12-05T06:21:57.117653,0.045,-10.248,1.270,-0.754
2025-12-05T06:21:57.148486,0.045,-10.248,1.270,-0.754
2025-12-05T06:21:57.179836,0.045,-10.248,1.270,-0.754
2025-12-05T06:21:57.212095,0.045,-10.248,1.270,-0.754
2025-12-05T06:21:57.244859,0.045,-10.248,1.270,-0.754
2025-12-05T06:21:57.280292,0.045,-10.248,1.270,-0.754
2025-12-05T06:21:57.312995,0.045,-10.248,1.270,-0.754
2025-12-05T06:21:57.344557,0.045,-10.248,1.270,-0.754
2025-12-05T06:21:57.378641,0.045,-10.248,1.270,-0.754
2025-12-05T06:21:57.405977,0.045,-10.248,1.270,-0.754
2025-12-05T06:21:57.441337,0.045,-10.248,1.270,-0.754
2025-12-05T06:21:57.476195,0.045,-10.248,1.270,-0.754
2025-12-05T06:21:57.503472,0.045,-10.248,1.270,-0.754
2025-12-05T06:21:57.542657,0.045,-10.248,1.270,-0.754
2025-12-05T06:21:57.577589,0.045,-10.248,1.270,-0.754
2025-12-05T06:21:57.608571,0.045,-10.248,1.270,-0.754
2025-12-05T06:21:57.639391,0.045,-10.248,1.270,-0.754
2025-12-05T06:21:57.672353,0.045,-10.248,1.270,-0.754
2025-12-05T06:21:57.701862,0.045,-10.248,1.270,-0.754
2025-12-05T06:21:57.732385,0.045,-10.248,1.270,-0.754
2025-12-05T06:21:57.764254,0.045,-10.248,1.270,-0.754
2025-12-05T06:21:57.795909,0.045,-10.248,1.270,-0.754
2025-12-05T06:21:57.825905,0.045,-10.248,1.270,-0.754
2025-12-05T06:21:57.858829,0.045,-10.248,1.270,-0.754
2025-12-05T06:21:57.895712,0.045,-10.248,1.270,-0.754
2025-12-05T06:21:57.929074,0.045,-10.248,1.270,-0.754
2025-12-05T06:21:57.961408,0.045,-10.248,1.270,-0.754
2025-12-05T06:21:57.995029,0.045,-10.248,1.270,-0.754
2025-12-05T06:21:58.028473,0.045,-10.248,1.270,-0.754
2025-12-05T06:21:58.057920,0.045,-10.248,1.270,-0.754
2025-12-05T06:21:58.092582,0.045,-10.248,1.270,-0.754
2025-12-05T06:21:58.123857,0.045,-10.248,1.270,-0.754
2025-12-05T06:21:58.156852,0.045,-10.248,1.270,-0.754
2025-12-05T06:21:58.192887,0.045,-10.248,1.270,-0.754
2025-12-05T06:21:58.225669,0.045,-10.248,1.270,-0.754
2025-12-05T06:21:58.256974,0.045,-10.248,1.270,-0.754
2025-12-05T06:21:58.287919,0.045,-10.248,1.270,-0.754
2025-12-05T06:21:58.314122,0.045,-10.248,1.270,-0.754
2025-12-05T06:21:58.344722,0.045,-10.248,1.270,-0.754
2025-12-05T06:21:58.376910,0.045,-10.248,1.270,-0.754
2025-12-05T06:21:58.408576,0.045,-10.248,1.270,-0.754
2025-12-05T06:21:58.445412,0.045,-10.248,1.270,-0.754
2025-12-05T06:21:58.480019,0.045,-10.248,1.270,-0.754
2025-12-05T06:21:58.511804,0.045,-10.248,1.270,-0.754
2025-12-05T06:21:58.543402,0.045,-10.248,1.270,-0.754
2025-12-05T06:21:58.576103,0.045,-10.248,1.270,-0.754
2025-12-05T06:21:58.608998,0.045,-10.248,1.270,-0.754
2025-12-05T06:21:58.643380,0.045,-10.248,1.270,-0.754
2025-12-05T06:21:58.675089,0.045,-10.248,1.270,-0.754
2025-12-05T06:21:58.707617,0.045,-10.248,1.270,-0.754
2025-12-05T06:21:58.739486,0.045,-10.248,1.270,-0.754
2025-12-05T06:21:58.772339,0.045,-10.248,1.270,-0.754
2025-12-05T06:21:58.806292,0.045,-10.248,1.270,-0.754
2025-12-05T06:21:58.840000,0.045,-10.248,1.270,-0.754
2025-12-05T06:21:58.870475,0.045,-10.248,1.270,-0.754
2025-12-05T06:21:58.899424,0.045,-10.248,1.270,-0.754
2025-12-05T06:21:58.927791,0.045,-10.248,1.270,-0.754
2025-12-05T06:21:58.960513,0.045,-10.248,1.270,-0.754
2025-12-05T06:21:58.992745,0.045,-10.248,1.270,-0.754
2025-12-05T06:21:59.031259,0.045,-10.248,1.270,-0.754
2025-12-05T06:21:59.063407,0.045,-10.248,1.270,-0.754
2025-12-05T06:21:59.097825,0.045,-10.248,1.270,-0.754
2025-12-05T06:21:59.130790,0.045,-10.248,1.270,-0.754
2025-12-05T06:21:59.164113,0.045,-10.248,1.270,-0.754
2025-12-05T06:21:59.195096,0.045,-10.248,1.270,-0.754
2025-12-05T06:21:59.225470,0.045,-10.248,1.270,-0.754
2025-12-05T06:21:59.256587,0.045,-10.248,1.270,-0.754
2025-12-05T06:21:59.290520,0.045,-10.248,1.270,-0.754
2025-12-05T06:21:59.323332,0.045,-10.248,1.270,-0.754
2025-12-05T06:21:59.357250,0.045,-10.248,1.270,-0.754
2025-12-05T06:21:59.391923,0.045,-10.248,1.270,-0.754
2025-12-05T06:21:59.422996,0.045,-10.248,1.270,-0.754
2025-12-05T06:21:59.455833,0.045,-10.248,1.270,-0.754
2025-12-05T06:21:59.489625,0.045,-10.248,1.270,-0.754
2025-12-05T06:21:59.517789,0.045,-10.248,1.270,-0.754
2025-12-05T06:21:59.546463,0.045,-10.248,1.270,-0.754
2025-12-05T06:21:59.578512,0.045,-10.248,1.270,-0.754
2025-12-05T06:21:59.610303,0.045,-10.248,1.270,-0.754
2025-12-05T06:21:59.643310,0.045,-10.248,1.270,-0.754
2025-12-05T06:21:59.679102,0.045,-10.248,1.270,-0.754
2025-12-05T06:21:59.710493,0.045,-10.248,1.270,-0.754
2025-12-05T06:21:59.743257,0.045,-10.248,1.270,-0.754
2025-12-05T06:21:59.774481,0.045,-10.248,1.270,-0.754
2025-12-05T06:21:59.806834,0.045,-10.248,1.270,-0.754
2025-12-05T06:21:59.839359,0.045,-10.248,1.270,-0.754
2025-12-05T06:21:59.872904,0.045,-10.248,1.270,-0.754
2025-12-05T06:21:59.904350,0.045,-10.248,1.270,-0.754
2025-12-05T06:21:59.937097,0.045,-10.248,1.270,-0.754
2025-12-05T06:21:59.969689,0.045,-10.248,1.270,-0.754
2025-12-05T06:21:59.998097,0.045,-10.248,1.270,-0.754
2025-12-05T06:22:00.029350,0.045,-10.248,1.270,-0.754
2025-12-05T06:22:00.057979,0.045,-10.248,1.270,-0.754
2025-12-05T06:22:00.098810,0.045,-10.248,1.270,-0.754
2025-12-05T06:22:00.131174,0.045,-10.248,1.270,-0.754
2025-12-05T06:22:00.161513,0.045,-10.248,1.270,-0.754
2025-12-05T06:22:00.195453,0.045,-10.248,1.270,-0.754
2025-12-05T06:22:00.225929,0.045,-10.248,1.270,-0.754
2025-12-05T06:22:00.254731,0.045,-10.248,1.270,-0.754
2025-12-05T06:22:00.287816,0.045,-10.248,1.270,-0.754
2025-12-05T06:22:00.316703,0.045,-10.248,1.270,-0.754
2025-12-05T06:22:00.349336,0.045,-10.248,1.270,-0.754
2025-12-05T06:22:00.387030,0.045,-10.248,1.270,-0.754
2025-12-05T06:22:00.416602,0.045,-10.248,1.270,-0.754
2025-12-05T06:22:00.449361,0.045,-10.248,1.270,-0.754
2025-12-05T06:22:00.483035,0.045,-10.248,1.270,-0.754
2025-12-05T06:22:00.511522,0.045,-10.248,1.270,-0.754
2025-12-05T06:22:00.541991,0.045,-10.248,1.270,-0.754
2025-12-05T06:22:00.573742,0.045,-10.248,1.270,-0.754
2025-12-05T06:22:00.609267,0.045,-10.248,1.270,-0.754
2025-12-05T06:22:00.644859,0.045,-10.248,1.270,-0.754
2025-12-05T06:22:00.674168,0.045,-10.248,1.270,-0.754
2025-12-05T06:22:00.707406,0.045,-10.248,1.270,-0.754
2025-12-05T06:22:00.739550,0.045,-10.248,1.270,-0.754
2025-12-05T06:22:00.770511,0.045,-10.248,1.270,-0.754
2025-12-05T06:22:00.804277,0.045,-10.248,1.270,-0.754
2025-12-05T06:22:00.838354,0.045,-10.248,1.270,-0.754
2025-12-05T06:22:00.865931,0.045,-10.248,1.270,-0.754
2025-12-05T06:22:00.901727,0.045,-10.248,1.270,-0.754
2025-12-05T06:22:00.934439,0.045,-10.248,1.270,-0.754
2025-12-05T06:22:00.966360,0.045,-10.248,1.270,-0.754
2025-12-05T06:22:00.998834,0.045,-10.248,1.270,-0.754
2025-12-05T06:22:01.027564,0.045,-10.248,1.270,-0.754
2025-12-05T06:22:01.058990,0.045,-10.248,1.270,-0.754
2025-12-05T06:22:01.092035,0.045,-10.248,1.270,-0.754
2025-12-05T06:22:01.126019,0.045,-10.248,1.270,-0.754
2025-12-05T06:22:01.158992,0.045,-10.248,1.270,-0.754
2025-12-05T06:22:01.194744,0.045,-10.248,1.270,-0.754
2025-12-05T06:22:01.228393,0.045,-10.248,1.270,-0.754
2025-12-05T06:22:01.259969,0.045,-10.248,1.270,-0.754
2025-12-05T06:22:01.291110,0.045,-10.248,1.270,-0.754
2025-12-05T06:22:01.325182,0.045,-10.248,1.270,-0.754
2025-12-05T06:22:01.356686,0.045,-10.248,1.270,-0.754
2025-12-05T06:22:01.387259,0.045,-10.248,1.270,-0.754
2025-12-05T06:22:01.422025,0.045,-10.248,1.270,-0.754
2025-12-05T06:22:01.456584,0.045,-10.248,1.270,-0.754
2025-12-05T06:22:01.491227,0.045,-10.248,1.270,-0.754
2025-12-05T06:22:01.530439,0.045,-10.248,1.270,-0.754
2025-12-05T06:22:01.552407,0.045,-10.248,1.270,-0.754
2025-12-05T06:22:01.582892,0.045,-10.248,1.270,-0.754
2025-12-05T06:22:01.613008,0.045,-10.248,1.270,-0.754
2025-12-05T06:22:01.646451,0.045,-10.248,1.270,-0.754
2025-12-05T06:22:01.679306,0.045,-10.248,1.270,-0.754
2025-12-05T06:22:01.713269,0.045,-10.248,1.270,-0.754
2025-12-05T06:22:01.745416,0.045,-10.248,1.270,-0.754
2025-12-05T06:22:01.779347,0.045,-10.248,1.270,-0.754
2025-12-05T06:22:01.809070,0.045,-10.248,1.270,-0.754
2025-12-05T06:22:01.843758,0.045,-10.248,1.270,-0.754
2025-12-05T06:22:01.872477,0.045,-10.248,1.270,-0.754
2025-12-05T06:22:01.902090,0.045,-10.248,1.270,-0.754
2025-12-05T06:22:01.938968,0.045,-10.248,1.270,-0.754
2025-12-05T06:22:01.969382,0.045,-10.248,1.270,-0.754
2025-12-05T06:22:02.003214,0.045,-10.248,1.270,-0.754
2025-12-05T06:22:02.041681,0.045,-10.248,1.270,-0.754
2025-12-05T06:22:02.071098,0.045,-10.248,1.270,-0.754
2025-12-05T06:22:02.099357,0.045,-10.248,1.270,-0.754
2025-12-05T06:22:02.132236,0.045,-10.248,1.270,-0.754
2025-12-05T06:22:02.162669,0.045,-10.248,1.270,-0.754
2025-12-05T06:22:02.193578,0.045,-10.248,1.270,-0.754
2025-12-05T06:22:02.226691,0.045,-10.248,1.270,-0.754
2025-12-05T06:22:02.257377,0.045,-10.248,1.270,-0.754
2025-12-05T06:22:02.291546,0.045,-10.248,1.270,-0.754
2025-12-05T06:22:02.327911,0.045,-10.248,1.270,-0.754
2025-12-05T06:22:02.357010,0.045,-10.248,1.270,-0.754
2025-12-05T06:22:02.391439,0.045,-10.248,1.270,-0.754
2025-12-05T06:22:02.423069,0.045,-10.248,1.270,-0.754
2025-12-05T06:22:02.453843,0.045,-10.248,1.270,-0.754
2025-12-05T06:22:02.487656,0.045,-10.248,1.270,-0.754
2025-12-05T06:22:02.519196,0.045,-10.248,1.270,-0.754
2025-12-05T06:22:02.550921,0.045,-10.248,1.270,-0.754
2025-12-05T06:22:02.587568,0.045,-10.248,1.270,-0.754
2025-12-05T06:22:02.619404,0.045,-10.248,1.270,-0.754
2025-12-05T06:22:02.651087,0.045,-10.248,1.270,-0.754
2025-12-05T06:22:02.681529,0.045,-10.248,1.270,-0.754
2025-12-05T06:22:02.713270,0.045,-10.248,1.270,-0.754
2025-12-05T06:22:02.746299,0.045,-10.248,1.270,-0.754
2025-12-05T06:22:02.778565,0.045,-10.248,1.270,-0.754
2025-12-05T06:22:02.809978,0.045,-10.248,1.270,-0.754
2025-12-05T06:22:02.842898,0.045,-10.248,1.270,-0.754
2025-12-05T06:22:02.882221,0.045,-10.248,1.270,-0.754
2025-12-05T06:22:02.908632,0.045,-10.248,1.270,-0.754
2025-12-05T06:22:02.939271,0.045,-10.248,1.270,-0.754
2025-12-05T06:22:02.973880,0.045,-10.248,1.270,-0.754
2025-12-05T06:22:03.003603,0.045,-10.248,1.270,-0.754
2025-12-05T06:22:03.035606,0.045,-10.248,1.270,-0.754
2025-12-05T06:22:03.070571,0.045,-10.248,1.270,-0.754
2025-12-05T06:22:03.101822,0.045,-10.248,1.270,-0.754
2025-12-05T06:22:03.138838,0.045,-10.248,1.270,-0.754
2025-12-05T06:22:03.167925,0.045,-10.248,1.270,-0.754
2025-12-05T06:22:03.200758,0.045,-10.248,1.270,-0.754
2025-12-05T06:22:03.232614,0.045,-10.248,1.270,-0.754
2025-12-05T06:22:03.262039,0.045,-10.248,1.270,-0.754
2025-12-05T06:22:03.295401,0.045,-10.248,1.270,-0.754
2025-12-05T06:22:03.328513,0.045,-10.248,1.270,-0.754
2025-12-05T06:22:03.362671,0.045,-10.248,1.270,-0.754
2025-12-05T06:22:03.395986,0.045,-10.248,1.270,-0.754
2025-12-05T06:22:03.430501,0.045,-10.248,1.270,-0.754
2025-12-05T06:22:03.463514,0.045,-10.248,1.270,-0.754
2025-12-05T06:22:03.494940,0.045,-10.248,1.270,-0.754
2025-12-05T06:22:03.527989,0.045,-10.248,1.270,-0.754
2025-12-05T06:22:03.558332,0.045,-10.248,1.270,-0.754
2025-12-05T06:22:03.591796,0.045,-10.248,1.270,-0.754
2025-12-05T06:22:03.623122,0.045,-10.248,1.270,-0.754
2025-12-05T06:22:03.654681,0.045,-10.248,1.270,-0.754
2025-12-05T06:22:03.687717,0.045,-10.248,1.270,-0.754
2025-12-05T06:22:03.723227,0.045,-10.248,1.270,-0.754
2025-12-05T06:22:03.754632,0.045,-10.248,1.270,-0.754
2025-12-05T06:22:03.786734,0.045,-10.248,1.270,-0.754
2025-12-05T06:22:03.820005,0.045,-10.248,1.270,-0.754
2025-12-05T06:22:03.848532,0.045,-10.248,1.270,-0.754
2025-12-05T06:22:03.880770,0.045,-10.248,1.270,-0.754
2025-12-05T06:22:03.913734,0.045,-10.248,1.270,-0.754
2025-12-05T06:22:03.949856,0.045,-10.248,1.270,-0.754
2025-12-05T06:22:03.984454,0.045,-10.248,1.270,-0.754
2025-12-05T06:22:04.014751,0.045,-10.248,1.270,-0.754
2025-12-05T06:22:04.048073,0.045,-10.248,1.270,-0.754
2025-12-05T06:22:04.078537,0.045,-10.248,1.270,-0.754
2025-12-05T06:22:04.110589,0.045,-10.248,1.270,-0.754
2025-12-05T06:22:04.144410,0.045,-10.248,1.270,-0.754
2025-12-05T06:22:04.176277,0.045,-10.248,1.270,-0.754
2025-12-05T06:22:04.208610,0.045,-10.248,1.270,-0.754
2025-12-05T06:22:04.241761,0.045,-10.248,1.270,-0.754
2025-12-05T06:22:04.280432,0.045,-10.248,1.270,-0.754
2025-12-05T06:22:04.310973,0.045,-10.248,1.270,-0.754
2025-12-05T06:22:04.346287,0.045,-10.248,1.270,-0.754
2025-12-05T06:22:04.379093,0.045,-10.248,1.270,-0.754
2025-12-05T06:22:04.407100,0.045,-10.248,1.270,-0.754
2025-12-05T06:22:04.440150,0.045,-10.248,1.270,-0.754
2025-12-05T06:22:04.472213,0.045,-10.248,1.270,-0.754
2025-12-05T06:22:04.505078,0.045,-10.248,1.270,-0.754
2025-12-05T06:22:04.541085,0.045,-10.248,1.270,-0.754
2025-12-05T06:22:04.573366,0.045,-10.248,1.270,-0.754
2025-12-05T06:22:04.604800,0.045,-10.248,1.270,-0.754
2025-12-05T06:22:04.638113,0.045,-10.248,1.270,-0.754
2025-12-05T06:22:04.668318,0.045,-10.248,1.270,-0.754
2025-12-05T06:22:04.700163,0.045,-10.248,1.270,-0.754
2025-12-05T06:22:04.733148,0.045,-10.248,1.270,-0.754
2025-12-05T06:22:04.767642,0.045,-10.248,1.270,-0.754
2025-12-05T06:22:04.800347,0.045,-10.248,1.270,-0.754
2025-12-05T06:22:04.833553,0.045,-10.248,1.270,-0.754
2025-12-05T06:22:04.865511,0.045,-10.248,1.270,-0.754
2025-12-05T06:22:04.896603,0.045,-10.248,1.270,-0.754
2025-12-05T06:22:04.928516,0.045,-10.248,1.270,-0.754
2025-12-05T06:22:04.964480,0.045,-10.248,1.270,-0.754
2025-12-05T06:22:04.996528,0.045,-10.248,1.270,-0.754
2025-12-05T06:22:05.028940,0.045,-10.248,1.270,-0.754
2025-12-05T06:22:05.058620,0.045,-10.248,1.270,-0.754
2025-12-05T06:22:05.089729,0.045,-10.248,1.270,-0.754
2025-12-05T06:22:05.118086,0.045,-10.248,1.270,-0.754
2025-12-05T06:22:05.150458,0.045,-10.248,1.270,-0.754
2025-12-05T06:22:05.185253,0.045,-10.248,1.270,-0.754
2025-12-05T06:22:05.217470,0.045,-10.248,1.270,-0.754
2025-12-05T06:22:05.250351,0.045,-10.248,1.270,-0.754
2025-12-05T06:22:05.282616,0.045,-10.248,1.270,-0.754
2025-12-05T06:22:05.313144,0.045,-10.248,1.270,-0.754
2025-12-05T06:22:05.348145,0.045,-10.248,1.270,-0.754
2025-12-05T06:22:05.377342,0.045,-10.248,1.270,-0.754
2025-12-05T06:22:05.407751,0.045,-10.248,1.270,-0.754
2025-12-05T06:22:05.444267,0.045,-10.248,1.270,-0.754
2025-12-05T06:22:05.476048,0.045,-10.248,1.270,-0.754
2025-12-05T06:22:05.508059,0.045,-10.248,1.270,-0.754
2025-12-05T06:22:05.544664,0.045,-10.248,1.270,-0.754
2025-12-05T06:22:05.581195,0.045,-10.248,1.270,-0.754
2025-12-05T06:22:05.611840,0.045,-10.248,1.270,-0.754
2025-12-05T06:22:05.650696,0.045,-10.248,1.270,-0.754
2025-12-05T06:22:05.674962,0.045,-10.248,1.270,-0.754
2025-12-05T06:22:05.706712,0.045,-10.248,1.270,-0.754
2025-12-05T06:22:05.740746,0.045,-10.248,1.270,-0.754
2025-12-05T06:22:05.773970,0.045,-10.248,1.270,-0.754
2025-12-05T06:22:05.808732,0.045,-10.248,1.270,-0.754
2025-12-05T06:22:05.838205,0.045,-10.248,1.270,-0.754
2025-12-05T06:22:05.866986,0.045,-10.248,1.270,-0.754
2025-12-05T06:22:05.903070,0.045,-10.248,1.270,-0.754
2025-12-05T06:22:05.935252,0.045,-10.248,1.270,-0.754
2025-12-05T06:22:05.970390,0.045,-10.248,1.270,-0.754
2025-12-05T06:22:05.999215,0.045,-10.248,1.270,-0.754
2025-12-05T06:22:06.034786,0.045,-10.248,1.270,-0.754
2025-12-05T06:22:06.068835,0.045,-10.248,1.270,-0.754
2025-12-05T06:22:06.099141,0.045,-10.248,1.270,-0.754
2025-12-05T06:22:06.135288,0.045,-10.248,1.270,-0.754
2025-12-05T06:22:06.162510,0.045,-10.248,1.270,-0.754
2025-12-05T06:22:06.193677,0.045,-10.248,1.270,-0.754
2025-12-05T06:22:06.225158,0.045,-10.248,1.270,-0.754
2025-12-05T06:22:06.257443,0.045,-10.248,1.270,-0.754
2025-12-05T06:22:06.293412,0.045,-10.248,1.270,-0.754
2025-12-05T06:22:06.325272,0.045,-10.248,1.270,-0.754
2025-12-05T06:22:06.353945,0.045,-10.248,1.270,-0.754
2025-12-05T06:22:06.385768,0.045,-10.248,1.270,-0.754
2025-12-05T06:22:06.415457,0.045,-10.248,1.270,-0.754
2025-12-05T06:22:06.446567,0.045,-10.248,1.270,-0.754
2025-12-05T06:22:06.484750,0.045,-10.248,1.270,-0.754
2025-12-05T06:22:06.515486,0.045,-10.248,1.270,-0.754
2025-12-05T06:22:06.549481,0.045,-10.248,1.270,-0.754
2025-12-05T06:22:06.584360,0.045,-10.248,1.270,-0.754
2025-12-05T06:22:06.615289,0.045,-10.248,1.270,-0.754
2025-12-05T06:22:06.646804,0.045,-10.248,1.270,-0.754
2025-12-05T06:22:06.683937,0.045,-10.248,1.270,-0.754
2025-12-05T06:22:06.708757,0.045,-10.248,1.270,-0.754
2025-12-05T06:22:06.742183,0.045,-10.248,1.270,-0.754
2025-12-05T06:22:06.777140,0.045,-10.248,1.270,-0.754
2025-12-05T06:22:06.809068,0.045,-10.248,1.270,-0.754
2025-12-05T06:22:06.851799,0.045,-10.248,1.270,-0.754
2025-12-05T06:22:06.883168,0.045,-10.248,1.270,-0.754
2025-12-05T06:22:06.918918,0.045,-10.248,1.270,-0.754
2025-12-05T06:22:06.948026,0.045,-10.248,1.270,-0.754
2025-12-05T06:22:06.978490,0.045,-10.248,1.270,-0.754
2025-12-05T06:22:07.012255,0.045,-10.248,1.270,-0.754
2025-12-05T06:22:07.043484,0.045,-10.248,1.270,-0.754
2025-12-05T06:22:07.076305,0.045,-10.248,1.270,-0.754
2025-12-05T06:22:07.110003,0.045,-10.248,1.270,-0.754
2025-12-05T06:22:07.146237,0.045,-10.248,1.270,-0.754
2025-12-05T06:22:07.175773,0.045,-10.248,1.270,-0.754
2025-12-05T06:22:07.208707,0.045,-10.248,1.270,-0.754
2025-12-05T06:22:07.240768,0.045,-10.248,1.270,-0.754
2025-12-05T06:22:07.274098,0.045,-10.248,1.270,-0.754
2025-12-05T06:22:07.304904,0.045,-10.248,1.270,-0.754
2025-12-05T06:22:07.338517,0.045,-10.248,1.270,-0.754
2025-12-05T06:22:07.367718,0.045,-10.248,1.270,-0.754
2025-12-05T06:22:07.402297,0.045,-10.248,1.270,-0.754
2025-12-05T06:22:07.434232,0.045,-10.248,1.270,-0.754
2025-12-05T06:22:07.470028,0.045,-10.248,1.270,-0.754
2025-12-05T06:22:07.500776,0.045,-10.248,1.270,-0.754
2025-12-05T06:22:07.536428,0.045,-10.248,1.270,-0.754
2025-12-05T06:22:07.565289,0.045,-10.248,1.270,-0.754
2025-12-05T06:22:07.595714,0.045,-10.248,1.270,-0.754
2025-12-05T06:22:07.627247,0.045,-10.248,1.270,-0.754
2025-12-05T06:22:07.660398,0.045,-10.248,1.270,-0.754
2025-12-05T06:22:07.696946,0.045,-10.248,1.270,-0.754
2025-12-05T06:22:07.731777,0.045,-10.248,1.270,-0.754
2025-12-05T06:22:07.764577,0.045,-10.248,1.270,-0.754
2025-12-05T06:22:07.796762,0.045,-10.248,1.270,-0.754
2025-12-05T06:22:07.830135,0.045,-10.248,1.270,-0.754
2025-12-05T06:22:07.858725,0.045,-10.248,1.270,-0.754
2025-12-05T06:22:07.889535,0.045,-10.248,1.270,-0.754
2025-12-05T06:22:07.921610,0.045,-10.248,1.270,-0.754
2025-12-05T06:22:07.952993,0.045,-10.248,1.270,-0.754
2025-12-05T06:22:07.987761,0.045,-10.248,1.270,-0.754
2025-12-05T06:22:08.021655,0.045,-10.248,1.270,-0.754
2025-12-05T06:22:08.056309,0.045,-10.248,1.270,-0.754
2025-12-05T06:22:08.088762,0.045,-10.248,1.270,-0.754
2025-12-05T06:22:08.121443,0.045,-10.248,1.270,-0.754
2025-12-05T06:22:08.153462,0.045,-10.248,1.270,-0.754
2025-12-05T06:22:08.184216,0.045,-10.248,1.270,-0.754
2025-12-05T06:22:08.215071,0.045,-10.248,1.270,-0.754
2025-12-05T06:22:08.246663,0.045,-10.248,1.270,-0.754
2025-12-05T06:22:08.280597,0.045,-10.248,1.270,-0.754
2025-12-05T06:22:08.314412,0.045,-10.248,1.270,-0.754
2025-12-05T06:22:08.348615,0.045,-10.248,1.270,-0.754
2025-12-05T06:22:08.380287,0.045,-10.248,1.270,-0.754
2025-12-05T06:22:08.411288,0.045,-10.248,1.270,-0.754
2025-12-05T06:22:08.441773,0.045,-10.248,1.270,-0.754
2025-12-05T06:22:08.473601,0.045,-10.248,1.270,-0.754
2025-12-05T06:22:08.508019,0.045,-10.248,1.270,-0.754
2025-12-05T06:22:08.540372,0.045,-10.248,1.270,-0.754
2025-12-05T06:22:08.568990,0.045,-10.248,1.270,-0.754
2025-12-05T06:22:08.605361,0.045,-10.248,1.270,-0.754
2025-12-05T06:22:08.639078,0.045,-10.248,1.270,-0.754
2025-12-05T06:22:08.672073,0.045,-10.248,1.270,-0.754
2025-12-05T06:22:08.703481,0.045,-10.248,1.270,-0.754
2025-12-05T06:22:08.734396,0.045,-10.248,1.270,-0.754
2025-12-05T06:22:08.765607,0.045,-10.248,1.270,-0.754
2025-12-05T06:22:08.800209,0.045,-10.248,1.270,-0.754
2025-12-05T06:22:08.833315,0.045,-10.248,1.270,-0.754
2025-12-05T06:22:08.867270,0.045,-10.248,1.270,-0.754
2025-12-05T06:22:08.898490,0.045,-10.248,1.270,-0.754
2025-12-05T06:22:08.932168,0.045,-10.248,1.270,-0.754
2025-12-05T06:22:08.963795,0.045,-10.248,1.270,-0.754
2025-12-05T06:22:08.997427,0.045,-10.248,1.270,-0.754
2025-12-05T06:22:09.030082,0.045,-10.248,1.270,-0.754
2025-12-05T06:22:09.056661,0.045,-10.248,1.270,-0.754
2025-12-05T06:22:09.089644,0.045,-10.248,1.270,-0.754
2025-12-05T06:22:09.122098,0.045,-10.248,1.270,-0.754
2025-12-05T06:22:09.156610,0.045,-10.248,1.270,-0.754
2025-12-05T06:22:09.220153,0.045,-10.248,1.270,-0.754
2025-12-05T06:22:09.252323,0.045,-10.248,1.270,-0.754
2025-12-05T06:22:09.291698,0.045,-10.248,1.270,-0.754
2025-12-05T06:22:09.316976,0.045,-10.248,1.270,-0.754
2025-12-05T06:22:09.345131,0.045,-10.248,1.270,-0.754
2025-12-05T06:22:09.372137,0.045,-10.248,1.270,-0.754
2025-12-05T06:22:09.400613,0.045,-10.248,1.270,-0.754
2025-12-05T06:22:09.438028,0.045,-10.248,1.270,-0.754
2025-12-05T06:22:09.468433,0.045,-10.248,1.270,-0.754
2025-12-05T06:22:09.502126,0.045,-10.248,1.270,-0.754
2025-12-05T06:22:09.534042,0.045,-10.248,1.270,-0.754
2025-12-05T06:22:09.562138,0.045,-10.248,1.270,-0.754
2025-12-05T06:22:09.595816,0.045,-10.248,1.270,-0.754
2025-12-05T06:22:09.632966,0.045,-10.248,1.270,-0.754
2025-12-05T06:22:09.663420,0.045,-10.248,1.270,-0.754
2025-12-05T06:22:09.695677,0.045,-10.248,1.270,-0.754
2025-12-05T06:22:09.728022,0.045,-10.248,1.270,-0.754
2025-12-05T06:22:09.757355,0.045,-10.248,1.270,-0.754
2025-12-05T06:22:09.788568,0.045,-10.248,1.270,-0.754
2025-12-05T06:22:09.823626,0.045,-10.248,1.270,-0.754
2025-12-05T06:22:09.852441,0.045,-10.248,1.270,-0.754
2025-12-05T06:22:09.880274,0.045,-10.248,1.270,-0.754
2025-12-05T06:22:09.916857,0.045,-10.248,1.270,-0.754
2025-12-05T06:22:09.949770,0.045,-10.248,1.270,-0.754
2025-12-05T06:22:09.988864,0.045,-10.248,1.270,-0.754
2025-12-05T06:22:10.024286,0.045,-10.248,1.270,-0.754
2025-12-05T06:22:10.060348,0.045,-10.248,1.270,-0.754
2025-12-05T06:22:10.095055,0.045,-10.248,1.270,-0.754
2025-12-05T06:22:10.127282,0.045,-10.248,1.270,-0.754
2025-12-05T06:22:10.159025,0.045,-10.248,1.270,-0.754
2025-12-05T06:22:10.190957,0.045,-10.248,1.270,-0.754
2025-12-05T06:22:10.218984,0.045,-10.248,1.270,-0.754
2025-12-05T06:22:10.252177,0.045,-10.248,1.270,-0.754
2025-12-05T06:22:10.285063,0.048,-10.231,1.270,-0.773
2025-12-05T06:22:10.318903,0.050,-10.213,1.270,-0.791
2025-12-05T06:22:10.350006,0.052,-10.196,1.270,-0.808
2025-12-05T06:22:10.385294,0.055,-10.179,1.270,-0.825
2025-12-05T06:22:10.416726,0.057,-10.164,1.270,-0.841
2025-12-05T06:22:10.448595,0.060,-10.150,1.270,-0.856
2025-12-05T06:22:10.481321,0.062,-10.136,1.270,-0.870
2025-12-05T06:22:10.509727,0.064,-10.124,1.270,-0.884
2025-12-05T06:22:10.542146,0.066,-10.112,1.270,-0.897
2025-12-05T06:22:10.576105,0.067,-10.101,1.270,-0.910
2025-12-05T06:22:10.610264,0.069,-10.090,1.270,-0.921
2025-12-05T06:22:10.644081,0.070,-10.081,1.270,-0.932
2025-12-05T06:22:10.674700,0.072,-10.072,1.270,-0.942
2025-12-05T06:22:10.709048,0.073,-10.063,1.270,-0.951
2025-12-05T06:22:10.740425,0.075,-10.055,1.270,-0.960
2025-12-05T06:22:10.770374,0.076,-10.048,1.270,-0.968
2025-12-05T06:22:10.803957,0.077,-10.041,1.270,-0.974
2025-12-05T06:22:10.833489,0.078,-10.034,1.270,-0.980
2025-12-05T06:22:10.867001,0.079,-10.028,1.270,-0.986
2025-12-05T06:22:10.900787,0.080,-10.023,1.270,-0.990
2025-12-05T06:22:10.935959,0.081,-10.017,1.270,-0.994
2025-12-05T06:22:10.967505,0.082,-10.012,1.270,-0.997
2025-12-05T06:22:11.001567,0.082,-10.008,1.270,-0.999
2025-12-05T06:22:11.030821,0.083,-10.003,1.270,-1.000
2025-12-05T06:22:11.067018,0.084,-9.999,1.270,1.000
2025-12-05T06:22:11.100816,0.084,-9.995,1.270,0.999
2025-12-05T06:22:11.131699,0.085,-9.992,1.270,0.998
2025-12-05T06:22:11.159999,0.086,-9.988,1.270,0.996
2025-12-05T06:22:11.191293,0.086,-9.985,1.270,0.993
2025-12-05T06:22:11.223067,0.087,-9.982,1.270,0.989
2025-12-05T06:22:11.256551,0.087,-9.980,1.270,0.984
2025-12-05T06:22:11.291393,0.087,-9.977,1.270,0.979
2025-12-05T06:22:11.325231,0.088,-9.975,1.270,0.973
2025-12-05T06:22:11.359002,0.088,-9.972,1.270,0.966
2025-12-05T06:22:11.385163,0.073,-9.961,1.270,0.966
2025-12-05T06:22:11.417506,0.058,-9.950,1.270,0.966
2025-12-05T06:22:11.449434,0.042,-9.939,1.270,0.966
2025-12-05T06:22:11.481311,0.027,-9.928,1.270,0.966
2025-12-05T06:22:11.514363,0.011,-9.917,1.270,0.966
2025-12-05T06:22:11.551568,-0.005,-9.907,1.270,0.966
2025-12-05T06:22:11.585492,-0.021,-9.896,1.270,0.966
2025-12-05T06:22:11.616517,-0.037,-9.885,1.270,0.966
2025-12-05T06:22:11.649945,-0.053,-9.874,1.270,0.966
2025-12-05T06:22:11.682500,-0.070,-9.863,1.270,0.966
2025-12-05T06:22:11.708139,-0.086,-9.853,1.270,0.966
2025-12-05T06:22:11.742567,-0.102,-9.842,1.270,0.966
2025-12-05T06:22:11.777175,-0.119,-9.831,1.270,0.966
2025-12-05T06:22:11.801899,-0.136,-9.821,1.270,0.966
2025-12-05T06:22:11.835803,-0.152,-9.810,1.270,0.966
2025-12-05T06:22:11.870297,-0.169,-9.800,1.270,0.966
2025-12-05T06:22:11.907212,-0.186,-9.789,1.270,0.966
2025-12-05T06:22:11.938067,-0.203,-9.778,1.270,0.966
2025-12-05T06:22:11.975008,-0.220,-9.768,1.270,0.966
2025-12-05T06:22:12.005796,-0.237,-9.757,1.270,0.966
2025-12-05T06:22:12.040735,-0.254,-9.747,1.270,0.966
2025-12-05T06:22:12.069072,-0.271,-9.736,1.270,0.966
2025-12-05T06:22:12.102672,-0.288,-9.726,1.270,0.966
2025-12-05T06:22:12.134532,-0.305,-9.715,1.270,0.966
2025-12-05T06:22:12.166997,-0.322,-9.705,1.270,0.966
2025-12-05T06:22:12.204760,-0.340,-9.694,1.270,0.966
2025-12-05T06:22:12.236789,-0.357,-9.684,1.270,0.966
2025-12-05T06:22:12.269071,-0.374,-9.674,1.270,0.966
2025-12-05T06:22:12.301601,-0.392,-9.663,1.270,0.966
2025-12-05T06:22:12.331314,-0.409,-9.653,1.270,0.966
2025-12-05T06:22:12.364016,-0.426,-9.642,1.270,0.966
2025-12-05T06:22:12.403146,-0.444,-9.632,1.270,0.966
2025-12-05T06:22:12.431478,-0.461,-9.622,1.270,0.966
2025-12-05T06:22:12.464706,-0.479,-9.611,1.270,0.966
2025-12-05T06:22:12.499448,-0.496,-9.601,1.270,0.966
2025-12-05T06:22:12.532115,-0.514,-9.590,1.270,0.966
2025-12-05T06:22:12.559301,-0.531,-9.580,1.270,0.966
2025-12-05T06:22:12.593967,-0.549,-9.570,1.270,0.966
2025-12-05T06:22:12.624844,-0.566,-9.559,1.270,0.966
2025-12-05T06:22:12.660027,-0.584,-9.549,1.270,0.966
2025-12-05T06:22:12.692146,-0.601,-9.539,1.270,0.966
2025-12-05T06:22:12.725185,-0.619,-9.528,1.270,0.966
2025-12-05T06:22:12.755188,-0.636,-9.518,1.270,0.966
2025-12-05T06:22:12.785681,-0.654,-9.508,1.270,0.966
2025-12-05T06:22:12.813105,-0.672,-9.497,1.270,0.966
2025-12-05T06:22:12.845431,-0.689,-9.487,1.270,0.966
2025-12-05T06:22:12.884008,-0.707,-9.477,1.270,0.966
2025-12-05T06:22:12.914715,-0.724,-9.466,1.270,0.966
2025-12-05T06:22:12.947479,-0.742,-9.456,1.270,0.966
2025-12-05T06:22:12.979523,-0.760,-9.446,1.270,0.966
2025-12-05T06:22:13.013157,-0.777,-9.435,1.270,0.966
2025-12-05T06:22:13.044966,-0.795,-9.425,1.270,0.966
2025-12-05T06:22:13.077748,-0.813,-9.415,1.270,0.966
2025-12-05T06:22:13.110631,-0.830,-9.404,1.270,0.966
2025-12-05T06:22:13.144200,-0.848,-9.394,1.270,0.966
2025-12-05T06:22:13.180087,-0.866,-9.384,1.270,0.966
2025-12-05T06:22:13.218001,-0.883,-9.374,1.270,0.966
2025-12-05T06:22:13.253149,-0.901,-9.363,1.270,0.966
2025-12-05T06:22:13.287540,-0.903,-9.362,1.270,0.973
2025-12-05T06:22:13.312985,-0.905,-9.361,1.270,0.979
2025-12-05T06:22:13.342196,-0.907,-9.359,1.270,0.984
2025-12-05T06:22:13.366235,-0.909,-9.358,1.270,0.989
2025-12-05T06:22:13.399200,-0.911,-9.357,1.270,0.993
2025-12-05T06:22:13.433012,-0.912,-9.356,1.270,0.996
2025-12-05T06:22:13.462112,-0.914,-9.356,1.270,0.998
2025-12-05T06:22:13.497746,-0.915,-9.355,1.270,0.999
2025-12-05T06:22:13.540566,-0.916,-9.354,1.270,1.000
2025-12-05T06:22:13.563706,-0.917,-9.353,1.270,-1.000
2025-12-05T06:22:13.594675,-0.919,-9.353,1.270,-0.999
2025-12-05T06:22:13.629597,-0.920,-9.352,1.270,-0.997
2025-12-05T06:22:13.657073,-0.921,-9.351,1.270,-0.994
2025-12-05T06:22:13.686613,-0.922,-9.351,1.270,-0.990
2025-12-05T06:22:13.717733,-0.922,-9.350,1.270,-0.986
2025-12-05T06:22:13.750956,-0.923,-9.350,1.270,-0.980
2025-12-05T06:22:13.783540,-0.924,-9.349,1.270,-0.974
2025-12-05T06:22:13.818849,-0.925,-9.349,1.270,-0.968
2025-12-05T06:22:13.849734,-0.925,-9.348,1.270,-0.960
2025-12-05T06:22:13.883057,-0.926,-9.348,1.270,-0.951
2025-12-05T06:22:13.917266,-0.927,-9.348,1.270,-0.942
2025-12-05T06:22:13.948314,-0.927,-9.347,1.270,-0.932
2025-12-05T06:22:13.984830,-0.928,-9.347,1.270,-0.921
2025-12-05T06:22:14.012550,-0.928,-9.347,1.270,-0.910
2025-12-05T06:22:14.040112,-0.929,-9.347,1.270,-0.897
2025-12-05T06:22:14.074683,-0.929,-9.346,1.270,-0.884
2025-12-05T06:22:14.111204,-0.939,-9.361,1.270,-0.884
2025-12-05T06:22:14.144157,-0.950,-9.376,1.270,-0.884
2025-12-05T06:22:14.179744,-0.961,-9.390,1.270,-0.884
2025-12-05T06:22:14.212249,-0.971,-9.405,1.270,-0.884
2025-12-05T06:22:14.244170,-0.982,-9.421,1.270,-0.884
2025-12-05T06:22:14.275243,-0.993,-9.436,1.270,-0.884
2025-12-05T06:22:14.307197,-1.004,-9.451,1.270,-0.884
2025-12-05T06:22:14.344602,-1.015,-9.467,1.270,-0.884
2025-12-05T06:22:14.376155,-1.026,-9.482,1.270,-0.884
2025-12-05T06:22:14.403508,-1.036,-9.498,1.270,-0.884
2025-12-05T06:22:14.439135,-1.047,-9.513,1.270,-0.884
2025-12-05T06:22:14.471834,-1.059,-9.529,1.270,-0.884
2025-12-05T06:22:14.501070,-1.070,-9.545,1.270,-0.884
2025-12-05T06:22:14.537057,-1.081,-9.561,1.270,-0.884
2025-12-05T06:22:14.569818,-1.092,-9.577,1.270,-0.884
2025-12-05T06:22:14.598316,-1.103,-9.593,1.270,-0.884
2025-12-05T06:22:14.634479,-1.114,-9.609,1.270,-0.884
2025-12-05T06:22:14.666474,-1.125,-9.625,1.270,-0.884
2025-12-05T06:22:14.697087,-1.137,-9.642,1.270,-0.884
2025-12-05T06:22:14.730864,-1.148,-9.658,1.270,-0.884
2025-12-05T06:22:14.765866,-1.159,-9.674,1.270,-0.884
2025-12-05T06:22:14.798082,-1.170,-9.691,1.270,-0.884
2025-12-05T06:22:14.831918,-1.182,-9.707,1.270,-0.884
2025-12-05T06:22:14.860384,-1.193,-9.723,1.270,-0.884
2025-12-05T06:22:14.895725,-1.204,-9.740,1.270,-0.884
2025-12-05T06:22:14.926083,-1.216,-9.756,1.270,-0.884
2025-12-05T06:22:14.965819,-1.227,-9.773,1.270,-0.884
2025-12-05T06:22:14.991166,-1.239,-9.789,1.270,-0.884
2025-12-05T06:22:15.017228,-1.250,-9.806,1.270,-0.884
2025-12-05T06:22:15.049374,-1.261,-9.823,1.270,-0.884
2025-12-05T06:22:15.089318,-1.273,-9.839,1.270,-0.884
2025-12-05T06:22:15.120707,-1.284,-9.856,1.270,-0.884
2025-12-05T06:22:15.154215,-1.296,-9.872,1.270,-0.884
2025-12-05T06:22:15.188967,-1.307,-9.889,1.270,-0.884
2025-12-05T06:22:15.219393,-1.319,-9.906,1.270,-0.884
2025-12-05T06:22:15.255044,-1.330,-9.922,1.270,-0.884
2025-12-05T06:22:15.283047,-1.341,-9.939,1.270,-0.884
2025-12-05T06:22:15.316539,-1.353,-9.956,1.270,-0.884
2025-12-05T06:22:15.347583,-1.364,-9.973,1.270,-0.884
2025-12-05T06:22:15.382750,-1.376,-9.989,1.270,-0.884
2025-12-05T06:22:15.415547,-1.387,-10.006,1.270,-0.884
2025-12-05T06:22:15.447559,-1.399,-10.023,1.270,-0.884
2025-12-05T06:22:15.480712,-1.410,-10.040,1.270,-0.884
2025-12-05T06:22:15.508415,-1.422,-10.057,1.270,-0.884
2025-12-05T06:22:15.539186,-1.433,-10.073,1.270,-0.884
2025-12-05T06:22:15.573215,-1.445,-10.090,1.270,-0.884
2025-12-05T06:22:15.606413,-1.456,-10.107,1.270,-0.884
2025-12-05T06:22:15.634997,-1.468,-10.124,1.270,-0.884
2025-12-05T06:22:15.668335,-1.479,-10.141,1.270,-0.884
2025-12-05T06:22:15.702057,-1.491,-10.158,1.270,-0.884
2025-12-05T06:22:15.738545,-1.502,-10.174,1.270,-0.884
2025-12-05T06:22:15.766403,-1.514,-10.191,1.270,-0.884
2025-12-05T06:22:15.800399,-1.525,-10.206,1.270,-0.884
2025-12-05T06:22:15.831992,-1.536,-10.220,1.270,-0.884
2025-12-05T06:22:15.863274,-1.547,-10.232,1.270,-0.884
2025-12-05T06:22:15.895784,-1.558,-10.243,1.270,-0.884
2025-12-05T06:22:15.932438,-1.569,-10.251,1.270,-0.884
2025-12-05T06:22:15.963051,-1.581,-10.258,1.270,-0.884
2025-12-05T06:22:15.991357,-1.592,-10.263,1.270,-0.884
2025-12-05T06:22:16.026016,-1.604,-10.266,1.270,-0.884
2025-12-05T06:22:16.058479,-1.617,-10.268,1.270,-0.884
2025-12-05T06:22:16.091408,-1.629,-10.268,1.270,-0.884
2025-12-05T06:22:16.124561,-1.641,-10.268,1.270,-0.884
2025-12-05T06:22:16.154699,-1.653,-10.266,1.270,-0.884
2025-12-05T06:22:16.192444,-1.665,-10.264,1.270,-0.884
2025-12-05T06:22:16.231748,-1.676,-10.261,1.270,-0.884
2025-12-05T06:22:16.260349,-1.687,-10.258,1.270,-0.884
2025-12-05T06:22:16.293678,-1.699,-10.255,1.270,-0.884
2025-12-05T06:22:16.323743,-1.711,-10.253,1.270,-0.884
2025-12-05T06:22:16.351204,-1.722,-10.250,1.270,-0.884
2025-12-05T06:22:16.379083,-1.734,-10.249,1.270,-0.884
2025-12-05T06:22:16.416596,-1.745,-10.247,1.270,-0.884
2025-12-05T06:22:16.445886,-1.757,-10.246,1.270,-0.884
2025-12-05T06:22:16.477361,-1.768,-10.245,1.270,-0.884
2025-12-05T06:22:16.513499,-1.780,-10.245,1.270,-0.884
2025-12-05T06:22:16.550242,-1.792,-10.245,1.270,-0.884
2025-12-05T06:22:16.580239,-1.805,-10.245,1.270,-0.884
2025-12-05T06:22:16.611464,-1.817,-10.246,1.270,-0.884
2025-12-05T06:22:16.639993,-1.830,-10.248,1.270,-0.884
2025-12-05T06:22:16.674343,-1.842,-10.250,1.270,-0.884
2025-12-05T06:22:16.709414,-1.855,-10.253,1.270,-0.884
2025-12-05T06:22:16.745357,-1.869,-10.257,1.270,-0.884
2025-12-05T06:22:16.778213,-1.882,-10.261,1.270,-0.884
2025-12-05T06:22:16.811255,-1.895,-10.265,1.270,-0.884
2025-12-05T06:22:16.846615,-1.909,-10.271,1.270,-0.884
2025-12-05T06:22:16.867344,-1.922,-10.277,1.270,-0.884
2025-12-05T06:22:16.903796,-1.936,-10.283,1.270,-0.884
2025-12-05T06:22:16.936072,-1.949,-10.291,1.270,-0.884
2025-12-05T06:22:16.963132,-1.962,-10.299,1.270,-0.884
2025-12-05T06:22:17.024082,-1.975,-10.307,1.270,-0.884
2025-12-05T06:22:17.055788,-1.988,-10.316,1.270,-0.884
2025-12-05T06:22:17.075278,-2.001,-10.326,1.270,-0.884
2025-12-05T06:22:17.113805,-2.014,-10.336,1.270,-0.884
2025-12-05T06:22:17.143957,-2.027,-10.346,1.270,-0.884
2025-12-05T06:22:17.173819,-2.040,-10.357,1.270,-0.884
2025-12-05T06:22:17.206078,-2.052,-10.368,1.270,-0.884
2025-12-05T06:22:17.233635,-2.065,-10.380,1.270,-0.884
2025-12-05T06:22:17.266318,-2.077,-10.392,1.270,-0.884
2025-12-05T06:22:17.294512,-2.090,-10.404,1.270,-0.884
2025-12-05T06:22:17.330674,-2.101,-10.415,1.270,-0.884
2025-12-05T06:22:17.366552,-2.111,-10.425,1.270,-0.884
2025-12-05T06:22:17.399111,-2.121,-10.433,1.270,-0.884
2025-12-05T06:22:17.434539,-2.130,-10.439,1.270,-0.884
2025-12-05T06:22:17.467125,-2.138,-10.443,1.270,-0.884
2025-12-05T06:22:17.498703,-2.146,-10.445,1.270,-0.884
2025-12-05T06:22:17.529138,-2.153,-10.446,1.270,-0.884
2025-12-05T06:22:17.558845,-2.161,-10.445,1.270,-0.884
2025-12-05T06:22:17.592518,-2.169,-10.443,1.270,-0.884
2025-12-05T06:22:17.617974,-2.176,-10.440,1.270,-0.884
2025-12-05T06:22:17.655022,-2.184,-10.436,1.270,-0.884
2025-12-05T06:22:17.691555,-2.192,-10.432,1.270,-0.884
2025-12-05T06:22:17.725684,-2.200,-10.427,1.270,-0.884
2025-12-05T06:22:17.763517,-2.208,-10.422,1.270,-0.884
2025-12-05T06:22:17.792959,-2.217,-10.417,1.270,-0.884
2025-12-05T06:22:17.821080,-2.225,-10.413,1.270,-0.884
2025-12-05T06:22:17.853436,-2.234,-10.408,1.270,-0.884
2025-12-05T06:22:17.886247,-2.243,-10.404,1.270,-0.884
2025-12-05T06:22:17.918412,-2.253,-10.401,1.270,-0.884
2025-12-05T06:22:17.949388,-2.262,-10.399,1.270,-0.884
2025-12-05T06:22:17.984963,-2.271,-10.397,1.270,-0.884
2025-12-05T06:22:18.019039,-2.281,-10.396,1.270,-0.884
2025-12-05T06:22:18.052255,-2.291,-10.396,1.270,-0.884
2025-12-05T06:22:18.083665,-2.301,-10.397,1.270,-0.884
2025-12-05T06:22:18.114388,-2.311,-10.398,1.270,-0.884
2025-12-05T06:22:18.146698,-2.321,-10.400,1.270,-0.884
2025-12-05T06:22:18.180067,-2.331,-10.403,1.270,-0.884
2025-12-05T06:22:18.209122,-2.342,-10.406,1.270,-0.884
2025-12-05T06:22:18.248067,-2.352,-10.409,1.270,-0.884
2025-12-05T06:22:18.276556,-2.362,-10.412,1.270,-0.884
2025-12-05T06:22:18.309472,-2.373,-10.416,1.270,-0.884
2025-12-05T06:22:18.343738,-2.383,-10.419,1.270,-0.884
2025-12-05T06:22:18.375666,-2.394,-10.423,1.270,-0.884
2025-12-05T06:22:18.407961,-2.405,-10.426,1.270,-0.884
2025-12-05T06:22:18.444224,-2.415,-10.429,1.270,-0.884
2025-12-05T06:22:18.476146,-2.426,-10.431,1.270,-0.884
2025-12-05T06:22:18.506579,-2.437,-10.434,1.270,-0.884
2025-12-05T06:22:18.534446,-2.448,-10.435,1.270,-0.884
2025-12-05T06:22:18.565781,-2.458,-10.436,1.270,-0.884
2025-12-05T06:22:18.595455,-2.468,-10.436,1.270,-0.884
2025-12-05T06:22:18.631113,-2.479,-10.436,1.270,-0.884
2025-12-05T06:22:18.664549,-2.489,-10.434,1.270,-0.884
2025-12-05T06:22:18.701657,-2.498,-10.432,1.270,-0.884
2025-12-05T06:22:18.733094,-2.507,-10.429,1.270,-0.884
2025-12-05T06:22:18.765667,-2.516,-10.425,1.270,-0.884
2025-12-05T06:22:18.796508,-2.525,-10.420,1.270,-0.884
2025-12-05T06:22:18.828349,-2.534,-10.415,1.270,-0.884
2025-12-05T06:22:18.860443,-2.543,-10.410,1.270,-0.884
2025-12-05T06:22:18.896225,-2.551,-10.405,1.270,-0.884
2025-12-05T06:22:18.926668,-2.560,-10.400,1.270,-0.884
2025-12-05T06:22:18.958199,-2.569,-10.396,1.270,-0.884
2025-12-05T06:22:18.990831,-2.578,-10.393,1.270,-0.884
2025-12-05T06:22:19.020949,-2.587,-10.390,1.270,-0.884
2025-12-05T06:22:19.052193,-2.597,-10.389,1.270,-0.884
2025-12-05T06:22:19.090340,-2.606,-10.388,1.270,-0.884
2025-12-05T06:22:19.123593,-2.616,-10.388,1.270,-0.884
2025-12-05T06:22:19.154488,-2.626,-10.389,1.270,-0.884
2025-12-05T06:22:19.190741,-2.636,-10.390,1.270,-0.884
2025-12-05T06:22:19.216752,-2.646,-10.392,1.270,-0.884
2025-12-05T06:22:19.245003,-2.656,-10.395,1.270,-0.884
2025-12-05T06:22:19.283468,-2.666,-10.397,1.270,-0.884
2025-12-05T06:22:19.316924,-2.676,-10.400,1.270,-0.884
2025-12-05T06:22:19.350492,-2.687,-10.403,1.270,-0.884
2025-12-05T06:22:19.383523,-2.698,-10.406,1.270,-0.884
2025-12-05T06:22:19.415696,-2.709,-10.409,1.270,-0.884
2025-12-05T06:22:19.451211,-2.720,-10.411,1.270,-0.884
2025-12-05T06:22:19.479045,-2.731,-10.414,1.270,-0.884
2025-12-05T06:22:19.512601,-2.742,-10.416,1.270,-0.884
2025-12-05T06:22:19.543229,-2.754,-10.419,1.270,-0.884
2025-12-05T06:22:19.573674,-2.765,-10.421,1.270,-0.884
2025-12-05T06:22:19.606501,-2.777,-10.423,1.270,-0.884
2025-12-05T06:22:19.645470,-2.788,-10.425,1.270,-0.884
2025-12-05T06:22:19.678631,-2.800,-10.426,1.270,-0.884
2025-12-05T06:22:19.708850,-2.812,-10.428,1.270,-0.884
2025-12-05T06:22:19.743781,-2.823,-10.429,1.270,-0.884
2025-12-05T06:22:19.769657,-2.835,-10.430,1.270,-0.884
2025-12-05T06:22:19.801957,-2.847,-10.431,1.270,-0.884
2025-12-05T06:22:19.832598,-2.858,-10.432,1.270,-0.884
2025-12-05T06:22:19.865929,-2.870,-10.432,1.270,-0.884
2025-12-05T06:22:19.894460,-2.882,-10.432,1.270,-0.884
2025-12-05T06:22:19.930955,-2.893,-10.432,1.270,-0.884
2025-12-05T06:22:19.962269,-2.905,-10.432,1.270,-0.884
2025-12-05T06:22:19.997514,-2.917,-10.432,1.270,-0.884
2025-12-05T06:22:20.027747,-2.928,-10.431,1.270,-0.884
2025-12-05T06:22:20.061554,-2.940,-10.431,1.270,-0.884
2025-12-05T06:22:20.091633,-2.952,-10.430,1.270,-0.884
2025-12-05T06:22:20.128071,-2.963,-10.429,1.270,-0.884
2025-12-05T06:22:20.162264,-2.974,-10.427,1.270,-0.884
2025-12-05T06:22:20.197486,-2.985,-10.425,1.270,-0.884
2025-12-05T06:22:20.224887,-2.996,-10.423,1.270,-0.884
2025-12-05T06:22:20.256854,-3.007,-10.420,1.270,-0.884
2025-12-05T06:22:20.287327,-3.018,-10.418,1.270,-0.884
2025-12-05T06:22:20.321122,-3.029,-10.415,1.270,-0.884
2025-12-05T06:22:20.352030,-3.040,-10.413,1.270,-0.884
2025-12-05T06:22:20.380123,-3.051,-10.411,1.270,-0.884
2025-12-05T06:22:20.415091,-3.062,-10.409,1.270,-0.884
2025-12-05T06:22:20.447885,-3.073,-10.407,1.270,-0.884
2025-12-05T06:22:20.484351,-3.084,-10.406,1.270,-0.884
2025-12-05T06:22:20.516061,-3.096,-10.405,1.270,-0.884
2025-12-05T06:22:20.546623,-3.107,-10.404,1.270,-0.884
2025-12-05T06:22:20.579773,-3.118,-10.404,1.270,-0.884
2025-12-05T06:22:20.609403,-3.130,-10.405,1.270,-0.884
2025-12-05T06:22:20.640932,-3.141,-10.406,1.270,-0.884
2025-12-05T06:22:20.677762,-3.152,-10.407,1.270,-0.884
2025-12-05T06:22:20.709527,-3.154,-10.394,1.270,-0.897
2025-12-05T06:22:20.747052,-3.155,-10.381,1.270,-0.910
2025-12-05T06:22:20.776762,-3.156,-10.369,1.270,-0.921
2025-12-05T06:22:20.805443,-3.157,-10.357,1.270,-0.932
2025-12-05T06:22:20.841567,-3.158,-10.347,1.270,-0.942
2025-12-05T06:22:20.870059,-3.159,-10.336,1.270,-0.951
2025-12-05T06:22:20.901338,-3.160,-10.327,1.270,-0.960
2025-12-05T06:22:20.935269,-3.160,-10.318,1.270,-0.968
2025-12-05T06:22:20.966286,-3.159,-10.317,1.270,-0.974
2025-12-05T06:22:20.999643,-3.158,-10.316,1.270,-0.980
2025-12-05T06:22:21.032031,-3.157,-10.315,1.270,-0.986
2025-12-05T06:22:21.070354,-3.156,-10.314,1.270,-0.990
2025-12-05T06:22:21.100606,-3.154,-10.313,1.270,-0.994
2025-12-05T06:22:21.133447,-3.153,-10.313,1.270,-0.997
2025-12-05T06:22:21.163194,-3.152,-10.312,1.270,-0.999
2025-12-05T06:22:21.194365,-3.152,-10.311,1.270,-1.000
2025-12-05T06:22:21.227225,-3.151,-10.311,1.270,1.000
2025-12-05T06:22:21.258979,-3.150,-10.310,1.270,0.999
2025-12-05T06:22:21.292392,-3.149,-10.310,1.270,0.998
2025-12-05T06:22:21.327522,-3.148,-10.310,1.270,0.996
2025-12-05T06:22:21.357028,-3.148,-10.309,1.270,0.993
2025-12-05T06:22:21.392109,-3.147,-10.309,1.270,0.989
2025-12-05T06:22:21.424499,-3.147,-10.308,1.270,0.984
2025-12-05T06:22:21.455611,-3.146,-10.308,1.270,0.979
2025-12-05T06:22:21.488148,-3.146,-10.308,1.270,0.973
2025-12-05T06:22:21.517526,-3.145,-10.307,1.270,0.966
2025-12-05T06:22:21.551594,-3.145,-10.307,1.270,0.958
2025-12-05T06:22:21.587953,-3.144,-10.307,1.270,0.949
2025-12-05T06:22:21.621112,-3.144,-10.307,1.270,0.940
2025-12-05T06:22:21.650454,-3.143,-10.306,1.270,0.929
2025-12-05T06:22:21.683456,-3.143,-10.306,1.270,0.918
2025-12-05T06:22:21.715805,-3.143,-10.306,1.270,0.907
2025-12-05T06:22:21.749704,-3.142,-10.306,1.270,0.894
2025-12-05T06:22:21.778420,-3.142,-10.306,1.270,0.881
2025-12-05T06:22:21.814106,-3.142,-10.306,1.270,0.867
2025-12-05T06:22:21.859732,-3.142,-10.305,1.270,0.852
2025-12-05T06:22:21.877268,-3.141,-10.305,1.270,0.837
2025-12-05T06:22:21.911581,-3.141,-10.305,1.270,0.821
2025-12-05T06:22:21.942340,-3.141,-10.305,1.270,0.804
2025-12-05T06:22:21.974453,-3.141,-10.305,1.270,0.786
2025-12-05T06:22:22.008859,-3.141,-10.305,1.270,0.768
2025-12-05T06:22:22.039146,-3.141,-10.305,1.270,0.749
2025-12-05T06:22:22.072301,-3.140,-10.305,1.270,0.730
2025-12-05T06:22:22.108357,-3.140,-10.305,1.270,0.710
2025-12-05T06:22:22.143363,-3.140,-10.304,1.270,0.689
2025-12-05T06:22:22.175049,-3.140,-10.304,1.270,0.668
2025-12-05T06:22:22.207478,-3.140,-10.304,1.270,0.647
2025-12-05T06:22:22.240808,-3.140,-10.304,1.270,0.624
2025-12-05T06:22:22.269329,-3.140,-10.304,1.270,0.602
2025-12-05T06:22:22.301060,-3.140,-10.304,1.270,0.578
2025-12-05T06:22:22.340094,-3.139,-10.304,1.270,0.555
2025-12-05T06:22:22.368533,-3.139,-10.304,1.270,0.530
2025-12-05T06:22:22.402108,-3.139,-10.304,1.270,0.506
2025-12-05T06:22:22.431553,-3.139,-10.304,1.270,0.481
2025-12-05T06:22:22.464683,-3.139,-10.304,1.270,0.455
2025-12-05T06:22:22.496507,-3.139,-10.304,1.270,0.430
2025-12-05T06:22:22.532898,-3.139,-10.304,1.270,0.403
2025-12-05T06:22:22.562509,-3.139,-10.304,1.270,0.377
2025-12-05T06:22:22.596390,-3.139,-10.304,1.270,0.350
2025-12-05T06:22:22.628944,-3.139,-10.304,1.270,0.323
2025-12-05T06:22:22.659223,-3.139,-10.304,1.270,0.295
2025-12-05T06:22:22.693469,-3.139,-10.304,1.270,0.268
2025-12-05T06:22:22.722633,-3.139,-10.304,1.270,0.240
2025-12-05T06:22:22.756846,-3.139,-10.304,1.270,0.212
2025-12-05T06:22:22.797211,-3.139,-10.304,1.270,0.184
2025-12-05T06:22:22.827611,-3.139,-10.304,1.270,0.155
2025-12-05T06:22:22.860859,-3.139,-10.304,1.270,0.127
2025-12-05T06:22:22.897703,-3.139,-10.304,1.270,0.098
2025-12-05T06:22:22.931410,-3.139,-10.303,1.270,0.070
2025-12-05T06:22:22.961434,-3.138,-10.303,1.270,0.041
2025-12-05T06:22:22.993185,-3.138,-10.303,1.270,0.012
2025-12-05T06:22:23.022625,-3.138,-10.303,1.270,-0.017
2025-12-05T06:22:23.048661,-3.138,-10.303,1.270,-0.046
2025-12-05T06:22:23.082711,-3.138,-10.303,1.270,-0.074
2025-12-05T06:22:23.112268,-3.138,-10.303,1.270,-0.103
2025-12-05T06:22:23.142678,-3.138,-10.303,1.270,-0.132
2025-12-05T06:22:23.174466,-3.138,-10.303,1.270,-0.160
2025-12-05T06:22:23.208221,-3.138,-10.303,1.270,-0.189
2025-12-05T06:22:23.244707,-3.138,-10.303,1.270,-0.217
2025-12-05T06:22:23.280641,-3.138,-10.303,1.270,-0.245
2025-12-05T06:22:23.314471,-3.138,-10.303,1.270,-0.273
2025-12-05T06:22:23.347113,-3.138,-10.303,1.270,-0.300
2025-12-05T06:22:23.378455,-3.138,-10.303,1.270,-0.327
2025-12-05T06:22:23.409617,-3.138,-10.303,1.270,-0.355
2025-12-05T06:22:23.450847,-3.138,-10.303,1.270,-0.381
2025-12-05T06:22:23.479614,-3.138,-10.303,1.270,-0.408
2025-12-05T06:22:23.507503,-3.138,-10.303,1.270,-0.434
2025-12-05T06:22:23.539324,-3.138,-10.303,1.270,-0.460
2025-12-05T06:22:23.573793,-3.138,-10.303,1.270,-0.485
2025-12-05T06:22:23.604283,-3.138,-10.303,1.270,-0.510
2025-12-05T06:22:23.636930,-3.138,-10.303,1.270,-0.535
2025-12-05T06:22:23.668623,-3.138,-10.303,1.270,-0.559
2025-12-05T06:22:23.702336,-3.138,-10.303,1.270,-0.582
2025-12-05T06:22:23.739164,-3.138,-10.303,1.270,-0.606
2025-12-05T06:22:23.769402,-3.138,-10.303,1.270,-0.628
2025-12-05T06:22:23.801472,-3.138,-10.303,1.270,-0.650
2025-12-05T06:22:23.830293,-3.138,-10.303,1.270,-0.672
2025-12-05T06:22:23.857430,-3.138,-10.303,1.270,-0.693
2025-12-05T06:22:23.893176,-3.137,-10.321,1.270,-0.693
2025-12-05T06:22:23.928425,-3.137,-10.339,1.270,-0.693
2025-12-05T06:22:23.959524,-3.136,-10.357,1.270,-0.693
2025-12-05T06:22:23.995950,-3.135,-10.376,1.270,-0.693
2025-12-05T06:22:24.026730,-3.135,-10.394,1.270,-0.693
2025-12-05T06:22:24.059787,-3.134,-10.411,1.270,-0.693
2025-12-05T06:22:24.090740,-3.135,-10.425,1.270,-0.693
2025-12-05T06:22:24.121073,-3.135,-10.436,1.270,-0.693
2025-12-05T06:22:24.152389,-3.137,-10.445,1.270,-0.693
2025-12-05T06:22:24.186003,-3.139,-10.452,1.270,-0.693
2025-12-05T06:22:24.219858,-3.141,-10.457,1.270,-0.693
2025-12-05T06:22:24.255561,-3.144,-10.461,1.270,-0.693
2025-12-05T06:22:24.291186,-3.147,-10.462,1.270,-0.693
2025-12-05T06:22:24.321761,-3.150,-10.463,1.270,-0.693
2025-12-05T06:22:24.354198,-3.153,-10.462,1.270,-0.693
2025-12-05T06:22:24.383445,-3.155,-10.461,1.270,-0.693
2025-12-05T06:22:24.414858,-3.158,-10.458,1.270,-0.693
2025-12-05T06:22:24.441558,-3.161,-10.455,1.270,-0.693
2025-12-05T06:22:24.476126,-3.164,-10.451,1.270,-0.693
2025-12-05T06:22:24.508823,-3.167,-10.447,1.270,-0.693
2025-12-05T06:22:24.546263,-3.170,-10.443,1.270,-0.693
2025-12-05T06:22:24.576178,-3.172,-10.439,1.270,-0.693
2025-12-05T06:22:24.613304,-3.174,-10.435,1.270,-0.693
2025-12-05T06:22:24.641746,-3.177,-10.414,1.270,-0.713
2025-12-05T06:22:24.676136,-3.179,-10.393,1.270,-0.733
2025-12-05T06:22:24.702403,-3.182,-10.373,1.270,-0.753
2025-12-05T06:22:24.735652,-3.184,-10.354,1.270,-0.771
2025-12-05T06:22:24.766242,-3.186,-10.336,1.270,-0.789
2025-12-05T06:22:24.796855,-3.184,-10.334,1.270,-0.807
2025-12-05T06:22:24.832814,-3.182,-10.333,1.270,-0.823
2025-12-05T06:22:24.872481,-3.181,-10.331,1.270,-0.839
2025-12-05T06:22:24.899237,-3.179,-10.330,1.270,-0.855
2025-12-05T06:22:24.930473,-3.178,-10.329,1.270,-0.869
2025-12-05T06:22:24.962168,-3.177,-10.327,1.270,-0.883
2025-12-05T06:22:24.997791,-3.176,-10.326,1.270,-0.896
2025-12-05T06:22:25.032497,-3.174,-10.325,1.270,-0.909
2025-12-05T06:22:25.061311,-3.173,-10.324,1.270,-0.920
2025-12-05T06:22:25.091316,-3.172,-10.324,1.270,-0.931
2025-12-05T06:22:25.123619,-3.171,-10.323,1.270,-0.941
2025-12-05T06:22:25.157764,-3.170,-10.323,1.270,-0.951
2025-12-05T06:22:25.193643,-3.169,-10.322,1.270,-0.959
2025-12-05T06:22:25.229066,-3.169,-10.322,1.270,-0.967
2025-12-05T06:22:25.260413,-3.168,-10.321,1.270,-0.974
2025-12-05T06:22:25.291406,-3.167,-10.321,1.270,-0.980
2025-12-05T06:22:25.324083,-3.166,-10.320,1.270,-0.985
2025-12-05T06:22:25.352727,-3.166,-10.320,1.270,-0.990
2025-12-05T06:22:25.387317,-3.165,-10.320,1.270,-0.994
2025-12-05T06:22:25.417415,-3.164,-10.320,1.270,-0.996
2025-12-05T06:22:25.450099,-3.164,-10.319,1.270,-0.998
2025-12-05T06:22:25.486211,-3.163,-10.319,1.270,-1.000
2025-12-05T06:22:25.521040,-3.163,-10.319,1.270,1.000
2025-12-05T06:22:25.552119,-3.163,-10.319,1.270,1.000
2025-12-05T06:22:25.588201,-3.162,-10.318,1.270,0.998
2025-12-05T06:22:25.618522,-3.162,-10.318,1.270,0.996
2025-12-05T06:22:25.648313,-3.161,-10.318,1.270,0.993
2025-12-05T06:22:25.678075,-3.161,-10.318,1.270,0.989
2025-12-05T06:22:25.712018,-3.161,-10.318,1.270,0.985
2025-12-05T06:22:25.739123,-3.160,-10.317,1.270,0.979
2025-12-05T06:22:25.773496,-3.160,-10.317,1.270,0.973
2025-12-05T06:22:25.809142,-3.160,-10.317,1.270,0.966
2025-12-05T06:22:25.840775,-3.160,-10.317,1.270,0.958
2025-12-05T06:22:25.873694,-3.159,-10.317,1.270,0.950
2025-12-05T06:22:25.909002,-3.159,-10.317,1.270,0.940
2025-12-05T06:22:25.937427,-3.173,-10.305,1.270,0.940
2025-12-05T06:22:25.972354,-3.187,-10.294,1.270,0.940
2025-12-05T06:22:26.004298,-3.200,-10.283,1.270,0.940
2025-12-05T06:22:26.035615,-3.212,-10.274,1.270,0.940
2025-12-05T06:22:26.066147,-3.224,-10.267,1.270,0.940
2025-12-05T06:22:26.099034,-3.236,-10.260,1.270,0.940
2025-12-05T06:22:26.137571,-3.247,-10.255,1.270,0.940
2025-12-05T06:22:26.168780,-3.258,-10.252,1.270,0.940
2025-12-05T06:22:26.201906,-3.270,-10.249,1.270,0.940
2025-12-05T06:22:26.238822,-3.282,-10.247,1.270,0.940
2025-12-05T06:22:26.268194,-3.296,-10.245,1.270,0.940
2025-12-05T06:22:26.300694,-3.307,-10.243,1.270,0.940
2025-12-05T06:22:26.334145,-3.321,-10.241,1.270,0.940
2025-12-05T06:22:26.367209,-3.335,-10.240,1.270,0.940
2025-12-05T06:22:26.395193,-3.344,-10.238,1.270,0.940
2025-12-05T06:22:26.422343,-3.355,-10.237,1.270,0.940
2025-12-05T06:22:26.456848,-3.367,-10.236,1.270,0.940
2025-12-05T06:22:26.486678,-3.378,-10.236,1.270,0.940
2025-12-05T06:22:26.520602,-3.389,-10.236,1.270,0.940
2025-12-05T06:22:26.550994,-3.400,-10.236,1.270,0.940
2025-12-05T06:22:26.585861,-3.410,-10.236,1.270,0.940
2025-12-05T06:22:26.618839,-3.419,-10.236,1.270,0.940
2025-12-05T06:22:26.655672,-3.427,-10.236,1.270,0.940
2025-12-05T06:22:26.684677,-3.433,-10.236,1.270,0.940
2025-12-05T06:22:26.715318,-3.439,-10.236,1.270,0.940
2025-12-05T06:22:26.748003,-3.444,-10.236,1.270,0.940
2025-12-05T06:22:26.784599,-3.448,-10.236,1.270,0.940
2025-12-05T06:22:26.811764,-3.451,-10.236,1.270,0.940
2025-12-05T06:22:26.844202,-3.453,-10.236,1.270,0.940
2025-12-05T06:22:26.874896,-3.454,-10.236,1.270,0.940
2025-12-05T06:22:26.913113,-3.454,-10.236,1.270,0.940
2025-12-05T06:22:26.943811,-3.454,-10.236,1.270,0.940
2025-12-05T06:22:26.976607,-3.453,-10.236,1.270,0.940
2025-12-05T06:22:27.008697,-3.451,-10.236,1.270,0.940
2025-12-05T06:22:27.043727,-3.448,-10.236,1.270,0.940
2025-12-05T06:22:27.075088,-3.446,-10.236,1.270,0.940
2025-12-05T06:22:27.107301,-3.442,-10.236,1.270,0.940
2025-12-05T06:22:27.137018,-3.425,-10.248,1.270,0.930
2025-12-05T06:22:27.167643,-3.408,-10.260,1.270,0.919
2025-12-05T06:22:27.202696,-3.389,-10.271,1.270,0.908
2025-12-05T06:22:27.231619,-3.370,-10.281,1.270,0.895
2025-12-05T06:22:27.268670,-3.350,-10.291,1.270,0.882
2025-12-05T06:22:27.301229,-3.330,-10.301,1.270,0.868
2025-12-05T06:22:27.331314,-3.311,-10.309,1.270,0.853
2025-12-05T06:22:27.362755,-3.291,-10.317,1.270,0.838
2025-12-05T06:22:27.395711,-3.273,-10.325,1.270,0.822
2025-12-05T06:22:27.427276,-3.255,-10.332,1.270,0.805
2025-12-05T06:22:27.462364,-3.238,-10.338,1.270,0.788
2025-12-05T06:22:27.499121,-3.222,-10.345,1.270,0.770
2025-12-05T06:22:27.527727,-3.207,-10.350,1.270,0.751
2025-12-05T06:22:27.558764,-3.193,-10.356,1.270,0.732
2025-12-05T06:22:27.594281,-3.180,-10.361,1.270,0.712
2025-12-05T06:22:27.623333,-3.171,-10.361,1.270,0.691
2025-12-05T06:22:27.650750,-3.163,-10.362,1.270,0.670
2025-12-05T06:22:27.683643,-3.157,-10.362,1.270,0.648
2025-12-05T06:22:27.717362,-3.150,-10.362,1.270,0.626
2025-12-05T06:22:27.749534,-3.144,-10.361,1.270,0.604
2025-12-05T06:22:27.781288,-3.139,-10.361,1.270,0.580
2025-12-05T06:22:27.815897,-3.134,-10.359,1.270,0.557
2025-12-05T06:22:27.851817,-3.130,-10.358,1.270,0.533
2025-12-05T06:22:27.880728,-3.125,-10.357,1.270,0.508
2025-12-05T06:22:27.912430,-3.122,-10.356,1.270,0.483
2025-12-05T06:22:27.944093,-3.118,-10.354,1.270,0.457
2025-12-05T06:22:27.972030,-3.114,-10.353,1.270,0.432
2025-12-05T06:22:28.007402,-3.111,-10.352,1.270,0.406
2025-12-05T06:22:28.043522,-3.108,-10.351,1.270,0.379
2025-12-05T06:22:28.075712,-3.105,-10.350,1.270,0.352
2025-12-05T06:22:28.109014,-3.103,-10.349,1.270,0.325
2025-12-05T06:22:28.140175,-3.100,-10.348,1.270,0.298
2025-12-05T06:22:28.170062,-3.098,-10.348,1.270,0.270
2025-12-05T06:22:28.198675,-3.096,-10.347,1.270,0.242
2025-12-05T06:22:28.230496,-3.094,-10.346,1.270,0.214
2025-12-05T06:22:28.263042,-3.076,-10.338,1.270,0.214
2025-12-05T06:22:28.292684,-3.057,-10.330,1.270,0.214
2025-12-05T06:22:28.326820,-3.039,-10.322,1.270,0.214
2025-12-05T06:22:28.361444,-3.021,-10.313,1.270,0.214
2025-12-05T06:22:28.397066,-3.003,-10.305,1.270,0.214
2025-12-05T06:22:28.428595,-2.984,-10.297,1.270,0.214
2025-12-05T06:22:28.462234,-2.966,-10.289,1.270,0.214
2025-12-05T06:22:28.493977,-2.948,-10.280,1.270,0.214
2025-12-05T06:22:28.527802,-2.929,-10.272,1.270,0.214
2025-12-05T06:22:28.558963,-2.911,-10.264,1.270,0.214
2025-12-05T06:22:28.590432,-2.893,-10.255,1.270,0.214
2025-12-05T06:22:28.616766,-2.874,-10.247,1.270,0.214
2025-12-05T06:22:28.649496,-2.856,-10.238,1.270,0.214
2025-12-05T06:22:28.684148,-2.837,-10.230,1.270,0.214
2025-12-05T06:22:28.715514,-2.819,-10.222,1.270,0.214
2025-12-05T06:22:28.748769,-2.800,-10.213,1.270,0.214
2025-12-05T06:22:28.783932,-2.782,-10.205,1.270,0.214
2025-12-05T06:22:28.816036,-2.764,-10.196,1.270,0.214
2025-12-05T06:22:28.848851,-2.745,-10.188,1.270,0.214
2025-12-05T06:22:28.882980,-2.727,-10.179,1.270,0.214
2025-12-05T06:22:28.909540,-2.708,-10.171,1.270,0.214
2025-12-05T06:22:28.941926,-2.690,-10.162,1.270,0.214
2025-12-05T06:22:28.981719,-2.671,-10.154,1.270,0.214
2025-12-05T06:22:29.010588,-2.653,-10.145,1.270,0.214
2025-12-05T06:22:29.044505,-2.634,-10.137,1.270,0.214
2025-12-05T06:22:29.074719,-2.615,-10.128,1.270,0.214
2025-12-05T06:22:29.110817,-2.597,-10.120,1.270,0.214
2025-12-05T06:22:29.145348,-2.578,-10.111,1.270,0.214
2025-12-05T06:22:29.176448,-2.560,-10.103,1.270,0.214
2025-12-05T06:22:29.208220,-2.541,-10.094,1.270,0.214
2025-12-05T06:22:29.241377,-2.523,-10.086,1.270,0.214
2025-12-05T06:22:29.271009,-2.504,-10.077,1.270,0.214
2025-12-05T06:22:29.303372,-2.486,-10.068,1.270,0.214
2025-12-05T06:22:29.335708,-2.467,-10.060,1.270,0.214
2025-12-05T06:22:29.367216,-2.448,-10.051,1.270,0.214
2025-12-05T06:22:29.404504,-2.430,-10.043,1.270,0.214
2025-12-05T06:22:29.438281,-2.411,-10.034,1.270,0.214
2025-12-05T06:22:29.469853,-2.393,-10.026,1.270,0.214
2025-12-05T06:22:29.500382,-2.374,-10.017,1.270,0.214
2025-12-05T06:22:29.532079,-2.356,-10.009,1.270,0.214
2025-12-05T06:22:29.563000,-2.337,-10.000,1.270,0.214
2025-12-05T06:22:29.593477,-2.318,-9.991,1.270,0.214
2025-12-05T06:22:29.628215,-2.300,-9.983,1.270,0.214
2025-12-05T06:22:29.663610,-2.281,-9.974,1.270,0.214
2025-12-05T06:22:29.698564,-2.263,-9.966,1.270,0.214
2025-12-05T06:22:29.727335,-2.244,-9.957,1.270,0.214
2025-12-05T06:22:29.760772,-2.225,-9.949,1.270,0.214
2025-12-05T06:22:29.794199,-2.207,-9.940,1.270,0.214
2025-12-05T06:22:29.822228,-2.188,-9.931,1.270,0.214
2025-12-05T06:22:29.852117,-2.170,-9.923,1.270,0.214
2025-12-05T06:22:29.880750,-2.151,-9.914,1.270,0.214
2025-12-05T06:22:29.912637,-2.132,-9.906,1.270,0.214
2025-12-05T06:22:29.951301,-2.114,-9.897,1.270,0.214
2025-12-05T06:22:29.982121,-2.095,-9.889,1.270,0.214
2025-12-05T06:22:30.018579,-2.077,-9.880,1.270,0.214
2025-12-05T06:22:30.051981,-2.058,-9.871,1.270,0.214
2025-12-05T06:22:30.083697,-2.039,-9.863,1.270,0.214
2025-12-05T06:22:30.117024,-2.021,-9.854,1.270,0.214
2025-12-05T06:22:30.150358,-2.002,-9.846,1.270,0.214
2025-12-05T06:22:30.179370,-1.984,-9.837,1.270,0.214
2025-12-05T06:22:30.210795,-1.965,-9.829,1.270,0.214
2025-12-05T06:22:30.244323,-1.946,-9.820,1.270,0.214
2025-12-05T06:22:30.273613,-1.928,-9.811,1.270,0.214
2025-12-05T06:22:30.306814,-1.909,-9.803,1.270,0.214
2025-12-05T06:22:30.344082,-1.890,-9.794,1.270,0.214
2025-12-05T06:22:30.382536,-1.872,-9.786,1.270,0.214
2025-12-05T06:22:30.413818,-1.853,-9.777,1.270,0.214
2025-12-05T06:22:30.449356,-1.835,-9.768,1.270,0.214
2025-12-05T06:22:30.481394,-1.816,-9.760,1.270,0.214
2025-12-05T06:22:30.508014,-1.797,-9.751,1.270,0.214
2025-12-05T06:22:30.541675,-1.779,-9.743,1.270,0.214
2025-12-05T06:22:30.570863,-1.760,-9.734,1.270,0.214
2025-12-05T06:22:30.602255,-1.742,-9.726,1.270,0.214
2025-12-05T06:22:30.635021,-1.723,-9.717,1.270,0.214
2025-12-05T06:22:30.673453,-1.704,-9.708,1.270,0.214
2025-12-05T06:22:30.703167,-1.686,-9.700,1.270,0.214
2025-12-05T06:22:30.738207,-1.667,-9.691,1.270,0.214
2025-12-05T06:22:30.770036,-1.648,-9.683,1.270,0.214
2025-12-05T06:22:30.802221,-1.630,-9.674,1.270,0.214
2025-12-05T06:22:30.834772,-1.611,-9.665,1.270,0.214
2025-12-05T06:22:30.866451,-1.593,-9.657,1.270,0.214
2025-12-05T06:22:30.901600,-1.574,-9.648,1.270,0.214
2025-12-05T06:22:30.935463,-1.555,-9.640,1.270,0.214
2025-12-05T06:22:30.962130,-1.537,-9.631,1.270,0.214
2025-12-05T06:22:30.994408,-1.518,-9.623,1.270,0.214
2025-12-05T06:22:31.025688,-1.499,-9.614,1.270,0.214
2025-12-05T06:22:31.060551,-1.481,-9.605,1.270,0.214
2025-12-05T06:22:31.092526,-1.462,-9.597,1.270,0.214
2025-12-05T06:22:31.132692,-1.444,-9.588,1.270,0.214
2025-12-05T06:22:31.156446,-1.425,-9.580,1.270,0.214
2025-12-05T06:22:31.192415,-1.406,-9.571,1.270,0.214
2025-12-05T06:22:31.224607,-1.388,-9.562,1.270,0.214
2025-12-05T06:22:31.253866,-1.369,-9.554,1.270,0.214
2025-12-05T06:22:31.287390,-1.350,-9.545,1.270,0.214
2025-12-05T06:22:31.318279,-1.332,-9.537,1.270,0.214
2025-12-05T06:22:31.353381,-1.313,-9.528,1.270,0.214
2025-12-05T06:22:31.385274,-1.295,-9.520,1.270,0.214
2025-12-05T06:22:31.417708,-1.276,-9.511,1.270,0.214
2025-12-05T06:22:31.451529,-1.257,-9.502,1.270,0.214
2025-12-05T06:22:31.485812,-1.239,-9.494,1.270,0.214
2025-12-05T06:22:31.518010,-1.220,-9.485,1.270,0.214
2025-12-05T06:22:31.544699,-1.201,-9.477,1.270,0.214
2025-12-05T06:22:31.574991,-1.183,-9.468,1.270,0.214
2025-12-05T06:22:31.605076,-1.164,-9.459,1.270,0.214
2025-12-05T06:22:31.640519,-1.146,-9.451,1.270,0.214
2025-12-05T06:22:31.673350,-1.127,-9.442,1.270,0.214
2025-12-05T06:22:31.704357,-1.108,-9.434,1.270,0.214
2025-12-05T06:22:31.741473,-1.090,-9.425,1.270,0.214
2025-12-05T06:22:31.771285,-1.071,-9.417,1.270,0.214
2025-12-05T06:22:31.803606,-1.052,-9.408,1.270,0.214
2025-12-05T06:22:31.836100,-1.034,-9.399,1.270,0.214
2025-12-05T06:22:31.864558,-1.015,-9.391,1.270,0.214
2025-12-05T06:22:31.896308,-0.997,-9.382,1.270,0.214
2025-12-05T06:22:31.929170,-0.978,-9.374,1.270,0.214
2025-12-05T06:22:31.960315,-0.959,-9.365,1.270,0.214
2025-12-05T06:22:32.000807,-0.941,-9.356,1.270,0.214
2025-12-05T06:22:32.030118,-0.922,-9.348,1.270,0.214
2025-12-05T06:22:32.060450,-0.903,-9.339,1.270,0.214
2025-12-05T06:22:32.096217,-0.885,-9.331,1.270,0.214
2025-12-05T06:22:32.125631,-0.866,-9.322,1.270,0.214
2025-12-05T06:22:32.160787,-0.848,-9.314,1.270,0.214
2025-12-05T06:22:32.188746,-0.829,-9.305,1.270,0.214
2025-12-05T06:22:32.223200,-0.810,-9.296,1.270,0.214
2025-12-05T06:22:32.258061,-0.792,-9.288,1.270,0.214
2025-12-05T06:22:32.291075,-0.773,-9.279,1.270,0.214
2025-12-05T06:22:32.326257,-0.754,-9.271,1.270,0.214
2025-12-05T06:22:32.357269,-0.736,-9.262,1.270,0.214
2025-12-05T06:22:32.387794,-0.717,-9.253,1.270,0.214
2025-12-05T06:22:32.420453,-0.699,-9.245,1.270,0.214
2025-12-05T06:22:32.451292,-0.680,-9.236,1.270,0.214
2025-12-05T06:22:32.490465,-0.661,-9.228,1.270,0.214
2025-12-05T06:22:32.520607,-0.643,-9.219,1.270,0.214
2025-12-05T06:22:32.552145,-0.624,-9.211,1.270,0.214
2025-12-05T06:22:32.586951,-0.605,-9.202,1.270,0.214
2025-12-05T06:22:32.618033,-0.587,-9.193,1.270,0.214
2025-12-05T06:22:32.650274,-0.568,-9.185,1.270,0.214
2025-12-05T06:22:32.678710,-0.550,-9.176,1.270,0.214
2025-12-05T06:22:32.709990,-0.531,-9.168,1.270,0.214
2025-12-05T06:22:32.746953,-0.512,-9.159,1.270,0.214
2025-12-05T06:22:32.779546,-0.494,-9.150,1.270,0.214
2025-12-05T06:22:32.808714,-0.475,-9.142,1.270,0.214
2025-12-05T06:22:32.867211,-0.456,-9.133,1.270,0.214
2025-12-05T06:22:32.924531,-0.438,-9.125,1.270,0.214
2025-12-05T06:22:32.960573,-0.419,-9.116,1.270,0.214
2025-12-05T06:22:32.978335,-0.401,-9.107,1.270,0.214
2025-12-05T06:22:33.010203,-0.382,-9.099,1.270,0.214
2025-12-05T06:22:33.039487,-0.363,-9.090,1.270,0.214
2025-12-05T06:22:33.064683,-0.345,-9.082,1.270,0.214
2025-12-05T06:22:33.093892,-0.326,-9.073,1.270,0.214
2025-12-05T06:22:33.124642,-0.307,-9.065,1.270,0.214
2025-12-05T06:22:33.151638,-0.289,-9.056,1.270,0.214
2025-12-05T06:22:33.188302,-0.270,-9.047,1.270,0.214
2025-12-05T06:22:33.216791,-0.252,-9.039,1.270,0.214
2025-12-05T06:22:33.252525,-0.233,-9.030,1.270,0.214
2025-12-05T06:22:33.287991,-0.214,-9.022,1.270,0.214
2025-12-05T06:22:33.318030,-0.196,-9.013,1.270,0.214
2025-12-05T06:22:33.352578,-0.177,-9.004,1.270,0.214
2025-12-05T06:22:33.386499,-0.158,-8.996,1.270,0.214
2025-12-05T06:22:33.412701,-0.140,-8.987,1.270,0.214
2025-12-05T06:22:33.448934,-0.121,-8.979,1.270,0.214
2025-12-05T06:22:33.478755,-0.103,-8.970,1.270,0.214
2025-12-05T06:22:33.510073,-0.084,-8.962,1.270,0.214
2025-12-05T06:22:33.546735,-0.065,-8.953,1.270,0.214
2025-12-05T06:22:33.582239,-0.047,-8.944,1.270,0.214
2025-12-05T06:22:33.616347,-0.028,-8.936,1.270,0.214
2025-12-05T06:22:33.646623,-0.009,-8.927,1.270,0.214
2025-12-05T06:22:33.679791,0.009,-8.919,1.270,0.214
2025-12-05T06:22:33.709755,0.028,-8.910,1.270,0.214
2025-12-05T06:22:33.743363,0.046,-8.901,1.270,0.214
2025-12-05T06:22:33.771196,0.065,-8.893,1.270,0.214
2025-12-05T06:22:33.801288,0.084,-8.884,1.270,0.214
2025-12-05T06:22:33.834893,0.102,-8.876,1.270,0.214
2025-12-05T06:22:33.863276,0.121,-8.867,1.270,0.214
2025-12-05T06:22:33.900252,0.139,-8.859,1.270,0.214
2025-12-05T06:22:33.936317,0.158,-8.850,1.270,0.214
2025-12-05T06:22:33.969837,0.177,-8.841,1.270,0.214
2025-12-05T06:22:34.000490,0.195,-8.833,1.270,0.214
2025-12-05T06:22:34.036185,0.214,-8.824,1.270,0.214
2025-12-05T06:22:34.067947,0.233,-8.816,1.270,0.214
2025-12-05T06:22:34.098935,0.251,-8.807,1.270,0.214
2025-12-05T06:22:34.129532,0.270,-8.798,1.270,0.214
2025-12-05T06:22:34.155288,0.288,-8.790,1.270,0.214
2025-12-05T06:22:34.193619,0.307,-8.781,1.270,0.214
2025-12-05T06:22:34.223764,0.326,-8.773,1.270,0.214
2025-12-05T06:22:34.256238,0.344,-8.764,1.270,0.214
2025-12-05T06:22:34.286272,0.363,-8.756,1.270,0.214
2025-12-05T06:22:34.320752,0.382,-8.747,1.270,0.214
2025-12-05T06:22:34.356721,0.400,-8.738,1.270,0.214
2025-12-05T06:22:34.388590,0.419,-8.730,1.270,0.214
2025-12-05T06:22:34.419745,0.437,-8.721,1.270,0.214
2025-12-05T06:22:34.450513,0.456,-8.713,1.270,0.214
2025-12-05T06:22:34.482360,0.475,-8.704,1.270,0.214
2025-12-05T06:22:34.518820,0.493,-8.695,1.270,0.214
2025-12-05T06:22:34.556310,0.512,-8.687,1.270,0.214
2025-12-05T06:22:34.587328,0.531,-8.678,1.270,0.214
2025-12-05T06:22:34.619456,0.549,-8.670,1.270,0.214
2025-12-05T06:22:34.651909,0.568,-8.661,1.270,0.214
2025-12-05T06:22:34.683436,0.586,-8.653,1.270,0.214
2025-12-05T06:22:34.714924,0.605,-8.644,1.270,0.214
2025-12-05T06:22:34.748315,0.624,-8.635,1.270,0.214
2025-12-05T06:22:34.777383,0.642,-8.627,1.270,0.214
2025-12-05T06:22:34.810133,0.661,-8.618,1.270,0.214
2025-12-05T06:22:34.854633,0.680,-8.610,1.270,0.214
2025-12-05T06:22:34.876881,0.698,-8.601,1.270,0.214
2025-12-05T06:22:34.914986,0.717,-8.592,1.270,0.214
2025-12-05T06:22:34.943859,0.735,-8.584,1.270,0.214
2025-12-05T06:22:34.978504,0.754,-8.575,1.270,0.214
2025-12-05T06:22:35.003230,0.772,-8.567,1.270,0.214
2025-12-05T06:22:35.042706,0.790,-8.558,1.270,0.214
2025-12-05T06:22:35.073648,0.807,-8.550,1.270,0.214
2025-12-05T06:22:35.103009,0.823,-8.541,1.270,0.214
2025-12-05T06:22:35.138531,0.838,-8.533,1.270,0.214
2025-12-05T06:22:35.174261,0.851,-8.525,1.270,0.214
2025-12-05T06:22:35.207593,0.864,-8.516,1.270,0.214
2025-12-05T06:22:35.233813,0.875,-8.508,1.270,0.214
2025-12-05T06:22:35.264812,0.884,-8.499,1.270,0.214
2025-12-05T06:22:35.300140,0.892,-8.491,1.270,0.214
2025-12-05T06:22:35.330419,0.899,-8.482,1.270,0.214
2025-12-05T06:22:35.366328,0.904,-8.473,1.270,0.214
2025-12-05T06:22:35.399346,0.907,-8.465,1.270,0.214
2025-12-05T06:22:35.429026,0.909,-8.456,1.270,0.214
2025-12-05T06:22:35.459652,0.910,-8.448,1.270,0.214
2025-12-05T06:22:35.494417,0.910,-8.439,1.270,0.214
2025-12-05T06:22:35.529891,0.908,-8.431,1.270,0.214
2025-12-05T06:22:35.564570,0.906,-8.422,1.270,0.214
2025-12-05T06:22:35.596771,0.903,-8.413,1.270,0.214
2025-12-05T06:22:35.630938,0.900,-8.405,1.270,0.214
2025-12-05T06:22:35.663121,0.896,-8.396,1.270,0.214
2025-12-05T06:22:35.691902,0.891,-8.387,1.270,0.214
2025-12-05T06:22:35.724211,0.886,-8.379,1.270,0.214
2025-12-05T06:22:35.757061,0.881,-8.370,1.270,0.214
2025-12-05T06:22:35.791363,0.875,-8.361,1.270,0.214
2025-12-05T06:22:35.821550,0.869,-8.353,1.270,0.214
2025-12-05T06:22:35.856364,0.863,-8.344,1.270,0.214
2025-12-05T06:22:35.884635,0.856,-8.335,1.270,0.214
2025-12-05T06:22:35.919956,0.850,-8.327,1.270,0.214
2025-12-05T06:22:35.952213,0.844,-8.318,1.270,0.214
2025-12-05T06:22:35.987029,0.838,-8.310,1.270,0.214
2025-12-05T06:22:36.019426,0.832,-8.301,1.270,0.214
2025-12-05T06:22:36.053228,0.827,-8.292,1.270,0.214
2025-12-05T06:22:36.081592,0.822,-8.284,1.270,0.214
2025-12-05T06:22:36.112345,0.817,-8.275,1.270,0.214
2025-12-05T06:22:36.143314,0.813,-8.266,1.270,0.214
2025-12-05T06:22:36.175354,0.810,-8.258,1.270,0.214
2025-12-05T06:22:36.207229,0.807,-8.249,1.270,0.214
2025-12-05T06:22:36.239183,0.804,-8.241,1.270,0.214
2025-12-05T06:22:36.274119,0.802,-8.232,1.270,0.214
2025-12-05T06:22:36.307322,0.800,-8.223,1.270,0.214
2025-12-05T06:22:36.341564,0.799,-8.215,1.270,0.214
2025-12-05T06:22:36.374361,0.799,-8.206,1.270,0.214
2025-12-05T06:22:36.402322,0.798,-8.198,1.270,0.214
2025-12-05T06:22:36.438552,0.799,-8.189,1.270,0.214
2025-12-05T06:22:36.472570,0.799,-8.180,1.270,0.214
2025-12-05T06:22:36.501128,0.800,-8.172,1.270,0.214
2025-12-05T06:22:36.535344,0.801,-8.163,1.270,0.214
2025-12-05T06:22:36.563272,0.803,-8.155,1.270,0.214
2025-12-05T06:22:36.602334,0.805,-8.146,1.270,0.214
2025-12-05T06:22:36.635771,0.807,-8.137,1.270,0.214
2025-12-05T06:22:36.667120,0.809,-8.129,1.270,0.214
2025-12-05T06:22:36.701758,0.811,-8.120,1.270,0.214
2025-12-05T06:22:36.730508,0.813,-8.112,1.270,0.214
2025-12-05T06:22:36.760330,0.815,-8.103,1.270,0.214
2025-12-05T06:22:36.794982,0.818,-8.095,1.270,0.214
2025-12-05T06:22:36.828203,0.820,-8.086,1.270,0.214
2025-12-05T06:22:36.861763,0.822,-8.077,1.270,0.214
2025-12-05T06:22:36.895653,0.824,-8.069,1.270,0.214
2025-12-05T06:22:36.927845,0.826,-8.060,1.270,0.214
2025-12-05T06:22:36.959216,0.828,-8.052,1.270,0.214
2025-12-05T06:22:36.993002,0.830,-8.043,1.270,0.214
2025-12-05T06:22:37.025044,0.832,-8.034,1.270,0.214
2025-12-05T06:22:37.052522,0.833,-8.026,1.270,0.214
2025-12-05T06:22:37.086875,0.834,-8.017,1.270,0.214
2025-12-05T06:22:37.117903,0.835,-8.009,1.270,0.214
2025-12-05T06:22:37.151057,0.836,-8.000,1.270,0.214
2025-12-05T06:22:37.186459,0.837,-7.992,1.270,0.214
2025-12-05T06:22:37.220984,0.838,-7.983,1.270,0.214
2025-12-05T06:22:37.251038,0.838,-7.974,1.270,0.214
2025-12-05T06:22:37.283155,0.838,-7.966,1.270,0.214
2025-12-05T06:22:37.314493,0.838,-7.957,1.270,0.214
2025-12-05T06:22:37.350769,0.838,-7.949,1.270,0.214
2025-12-05T06:22:37.380816,0.838,-7.940,1.270,0.214
2025-12-05T06:22:37.408700,0.837,-7.931,1.270,0.214
2025-12-05T06:22:37.446845,0.837,-7.923,1.270,0.214
2025-12-05T06:22:37.479666,0.836,-7.914,1.270,0.214
2025-12-05T06:22:37.507733,0.835,-7.906,1.270,0.214
2025-12-05T06:22:37.543925,0.835,-7.897,1.270,0.214
2025-12-05T06:22:37.572245,0.834,-7.888,1.270,0.214
2025-12-05T06:22:37.607026,0.833,-7.880,1.270,0.214
2025-12-05T06:22:37.637905,0.832,-7.871,1.270,0.214
2025-12-05T06:22:37.674106,0.831,-7.863,1.270,0.214
2025-12-05T06:22:37.703653,0.830,-7.854,1.270,0.214
2025-12-05T06:22:37.739312,0.830,-7.845,1.270,0.214
2025-12-05T06:22:37.771893,0.829,-7.837,1.270,0.214
2025-12-05T06:22:37.805913,0.828,-7.828,1.270,0.214
2025-12-05T06:22:37.841995,0.827,-7.820,1.270,0.214
2025-12-05T06:22:37.872861,0.827,-7.811,1.270,0.214
2025-12-05T06:22:37.898990,0.826,-7.802,1.270,0.214
2025-12-05T06:22:37.928820,0.825,-7.794,1.270,0.214
2025-12-05T06:22:37.958523,0.825,-7.785,1.270,0.214
2025-12-05T06:22:37.996218,0.825,-7.777,1.270,0.214
2025-12-05T06:22:38.024696,0.824,-7.768,1.270,0.214
2025-12-05T06:22:38.058888,0.824,-7.759,1.270,0.214
2025-12-05T06:22:38.094524,0.824,-7.751,1.270,0.214
2025-12-05T06:22:38.133080,0.824,-7.742,1.270,0.214
2025-12-05T06:22:38.166671,0.824,-7.734,1.270,0.214
2025-12-05T06:22:38.202296,0.824,-7.725,1.270,0.214
2025-12-05T06:22:38.233264,0.824,-7.716,1.270,0.214
2025-12-05T06:22:38.260391,0.824,-7.708,1.270,0.214
2025-12-05T06:22:38.290480,0.824,-7.699,1.270,0.214
2025-12-05T06:22:38.323247,0.824,-7.691,1.270,0.214
2025-12-05T06:22:38.353338,0.824,-7.682,1.270,0.214
2025-12-05T06:22:38.386631,0.824,-7.674,1.270,0.214
2025-12-05T06:22:38.421491,0.825,-7.665,1.270,0.214
2025-12-05T06:22:38.455762,0.825,-7.656,1.270,0.214
2025-12-05T06:22:38.490553,0.825,-7.648,1.270,0.214
2025-12-05T06:22:38.523320,0.826,-7.639,1.270,0.214
2025-12-05T06:22:38.551229,0.826,-7.631,1.270,0.214
2025-12-05T06:22:38.586489,0.826,-7.622,1.270,0.214
2025-12-05T06:22:38.617696,0.827,-7.613,1.270,0.214
2025-12-05T06:22:38.648294,0.827,-7.605,1.270,0.214
2025-12-05T06:22:38.681515,0.827,-7.596,1.270,0.214
2025-12-05T06:22:38.711845,0.827,-7.588,1.270,0.214
2025-12-05T06:22:38.747626,0.828,-7.579,1.270,0.214
2025-12-05T06:22:38.783756,0.828,-7.570,1.270,0.214
2025-12-05T06:22:38.814326,0.828,-7.562,1.270,0.214
2025-12-05T06:22:38.846661,0.828,-7.553,1.270,0.214
2025-12-05T06:22:38.878663,0.829,-7.545,1.270,0.214
2025-12-05T06:22:38.909676,0.829,-7.536,1.270,0.214
2025-12-05T06:22:38.945048,0.829,-7.527,1.270,0.214
2025-12-05T06:22:38.976477,0.829,-7.518,1.270,0.214
2025-12-05T06:22:39.006254,0.829,-7.509,1.270,0.214
2025-12-05T06:22:39.037913,0.830,-7.499,1.270,0.214
2025-12-05T06:22:39.074179,0.830,-7.489,1.270,0.214
2025-12-05T06:22:39.108479,0.831,-7.478,1.270,0.214
2025-12-05T06:22:39.142158,0.832,-7.467,1.270,0.214
2025-12-05T06:22:39.175155,0.834,-7.456,1.270,0.214
2025-12-05T06:22:39.204365,0.836,-7.444,1.270,0.214
2025-12-05T06:22:39.234890,0.838,-7.432,1.270,0.214
2025-12-05T06:22:39.268055,0.841,-7.419,1.270,0.214
2025-12-05T06:22:39.299983,0.845,-7.407,1.270,0.214
2025-12-05T06:22:39.335210,0.849,-7.394,1.270,0.214
2025-12-05T06:22:39.365323,0.854,-7.381,1.270,0.214
2025-12-05T06:22:39.402839,0.860,-7.368,1.270,0.214
2025-12-05T06:22:39.431073,0.866,-7.355,1.270,0.214
2025-12-05T06:22:39.464758,0.873,-7.342,1.270,0.214
2025-12-05T06:22:39.497002,0.881,-7.329,1.270,0.214
2025-12-05T06:22:39.527354,0.890,-7.317,1.270,0.214
2025-12-05T06:22:39.557953,0.899,-7.305,1.270,0.214
2025-12-05T06:22:39.596029,0.909,-7.293,1.270,0.214
2025-12-05T06:22:39.625332,0.919,-7.281,1.270,0.214
2025-12-05T06:22:39.657897,0.930,-7.269,1.270,0.214
2025-12-05T06:22:39.692340,0.941,-7.258,1.270,0.214
2025-12-05T06:22:39.726870,0.953,-7.247,1.270,0.214
2025-12-05T06:22:39.757775,0.965,-7.236,1.270,0.214
2025-12-05T06:22:39.787201,0.978,-7.225,1.270,0.214
2025-12-05T06:22:39.817903,0.991,-7.214,1.270,0.214
2025-12-05T06:22:39.861888,1.005,-7.204,1.270,0.214
2025-12-05T06:22:39.882217,1.019,-7.193,1.270,0.214
2025-12-05T06:22:39.913492,1.033,-7.183,1.270,0.214
2025-12-05T06:22:39.950347,1.047,-7.173,1.270,0.214
2025-12-05T06:22:39.978946,1.062,-7.162,1.270,0.214
2025-12-05T06:22:40.013723,1.077,-7.152,1.270,0.214
2025-12-05T06:22:40.046252,1.092,-7.142,1.270,0.214
2025-12-05T06:22:40.080072,1.107,-7.133,1.270,0.214
2025-12-05T06:22:40.108916,1.123,-7.123,1.270,0.214
2025-12-05T06:22:40.146213,1.139,-7.113,1.270,0.214
2025-12-05T06:22:40.182219,1.154,-7.104,1.270,0.214
2025-12-05T06:22:40.211778,1.171,-7.094,1.270,0.214
2025-12-05T06:22:40.249130,1.187,-7.084,1.270,0.214
2025-12-05T06:22:40.275560,1.203,-7.075,1.270,0.214
2025-12-05T06:22:40.303817,1.220,-7.066,1.270,0.214
2025-12-05T06:22:40.340441,1.237,-7.056,1.270,0.214
2025-12-05T06:22:40.375170,1.254,-7.047,1.270,0.214
2025-12-05T06:22:40.402628,1.270,-7.038,1.270,0.214
2025-12-05T06:22:40.443979,1.288,-7.029,1.270,0.214
2025-12-05T06:22:40.474681,1.305,-7.019,1.270,0.214
2025-12-05T06:22:40.505403,1.322,-7.010,1.270,0.214
2025-12-05T06:22:40.535684,1.339,-7.001,1.270,0.214
2025-12-05T06:22:40.569912,1.357,-6.992,1.270,0.214
2025-12-05T06:22:40.602802,1.374,-6.983,1.270,0.214
2025-12-05T06:22:40.630632,1.392,-6.974,1.270,0.214
2025-12-05T06:22:40.662776,1.409,-6.965,1.270,0.214
2025-12-05T06:22:40.696035,1.427,-6.956,1.270,0.214
2025-12-05T06:22:40.728075,1.445,-6.947,1.270,0.214
2025-12-05T06:22:40.761924,1.463,-6.938,1.270,0.214
2025-12-05T06:22:40.793354,1.481,-6.930,1.270,0.214
2025-12-05T06:22:40.832266,1.499,-6.921,1.270,0.214
2025-12-05T06:22:40.862570,1.516,-6.912,1.270,0.214
2025-12-05T06:22:40.896514,1.534,-6.903,1.270,0.214
2025-12-05T06:22:40.934167,1.553,-6.894,1.270,0.214
2025-12-05T06:22:40.960991,1.554,-6.893,1.270,0.242
2025-12-05T06:22:40.990108,1.556,-6.892,1.270,0.270
2025-12-05T06:22:41.026965,1.558,-6.891,1.270,0.298
2025-12-05T06:22:41.055330,1.559,-6.890,1.270,0.325
2025-12-05T06:22:41.094516,1.560,-6.889,1.270,0.352
2025-12-05T06:22:41.131647,1.562,-6.888,1.270,0.379
2025-12-05T06:22:41.159145,1.563,-6.887,1.270,0.406
2025-12-05T06:22:41.191276,1.564,-6.886,1.270,0.432
2025-12-05T06:22:41.223337,1.565,-6.885,1.270,0.457
2025-12-05T06:22:41.254207,1.566,-6.884,1.270,0.483
2025-12-05T06:22:41.285231,1.567,-6.884,1.270,0.508
2025-12-05T06:22:41.317428,1.568,-6.883,1.270,0.533
2025-12-05T06:22:41.355964,1.569,-6.883,1.270,0.557
2025-12-05T06:22:41.388285,1.570,-6.882,1.270,0.580
2025-12-05T06:22:41.419697,1.576,-6.865,1.270,0.580
2025-12-05T06:22:41.450012,1.583,-6.847,1.270,0.580
2025-12-05T06:22:41.485016,1.589,-6.829,1.270,0.580
2025-12-05T06:22:41.517453,1.596,-6.812,1.270,0.580
2025-12-05T06:22:41.549708,1.603,-6.794,1.270,0.580
2025-12-05T06:22:41.586699,1.609,-6.776,1.270,0.580
2025-12-05T06:22:41.615101,1.616,-6.758,1.270,0.580
2025-12-05T06:22:41.646828,1.622,-6.739,1.270,0.580
2025-12-05T06:22:41.681375,1.629,-6.721,1.270,0.580
2025-12-05T06:22:41.711288,1.636,-6.703,1.270,0.580
2025-12-05T06:22:41.747387,1.642,-6.684,1.270,0.580
2025-12-05T06:22:41.777170,1.649,-6.666,1.270,0.580
2025-12-05T06:22:41.809090,1.655,-6.647,1.270,0.580
2025-12-05T06:22:41.839521,1.662,-6.629,1.270,0.580
2025-12-05T06:22:41.869809,1.669,-6.610,1.270,0.580
2025-12-05T06:22:41.904168,1.675,-6.592,1.270,0.580
2025-12-05T06:22:41.930719,1.682,-6.573,1.270,0.580
2025-12-05T06:22:41.963969,1.689,-6.554,1.270,0.580
2025-12-05T06:22:42.004119,1.695,-6.535,1.270,0.580
2025-12-05T06:22:42.040731,1.702,-6.517,1.270,0.580
2025-12-05T06:22:42.075375,1.709,-6.498,1.270,0.580
2025-12-05T06:22:42.108203,1.715,-6.479,1.270,0.580
2025-12-05T06:22:42.139990,1.722,-6.460,1.270,0.580
2025-12-05T06:22:42.172631,1.729,-6.441,1.270,0.580
2025-12-05T06:22:42.202197,1.729,-6.439,1.270,0.604
2025-12-05T06:22:42.237815,1.730,-6.437,1.270,0.626
2025-12-05T06:22:42.265582,1.731,-6.435,1.270,0.648
2025-12-05T06:22:42.298392,1.732,-6.433,1.270,0.670
2025-12-05T06:22:42.329113,1.732,-6.432,1.270,0.691
2025-12-05T06:22:42.364569,1.733,-6.430,1.270,0.712
2025-12-05T06:22:42.402444,1.733,-6.429,1.270,0.732
2025-12-05T06:22:42.431014,1.734,-6.428,1.270,0.751
2025-12-05T06:22:42.465434,1.734,-6.426,1.270,0.770
2025-12-05T06:22:42.495636,1.735,-6.425,1.270,0.788
2025-12-05T06:22:42.532209,1.735,-6.424,1.270,0.805
2025-12-05T06:22:42.559118,1.736,-6.423,1.270,0.822
2025-12-05T06:22:42.589610,1.730,-6.406,1.270,0.822
2025-12-05T06:22:42.623067,1.724,-6.388,1.270,0.822
2025-12-05T06:22:42.655074,1.718,-6.370,1.270,0.822
2025-12-05T06:22:42.693507,1.712,-6.352,1.270,0.822
2025-12-05T06:22:42.726590,1.705,-6.334,1.270,0.822
2025-12-05T06:22:42.755711,1.699,-6.316,1.270,0.822
2025-12-05T06:22:42.786315,1.693,-6.298,1.270,0.822
2025-12-05T06:22:42.818086,1.686,-6.279,1.270,0.822
2025-12-05T06:22:42.848671,1.680,-6.261,1.270,0.822
2025-12-05T06:22:42.883936,1.673,-6.243,1.270,0.822
2025-12-05T06:22:42.910095,1.667,-6.224,1.270,0.822
2025-12-05T06:22:42.944842,1.660,-6.206,1.270,0.822
2025-12-05T06:22:42.984658,1.654,-6.187,1.270,0.822
2025-12-05T06:22:43.017399,1.647,-6.169,1.270,0.822
2025-12-05T06:22:43.046259,1.640,-6.150,1.270,0.822
2025-12-05T06:22:43.080267,1.634,-6.131,1.270,0.822
2025-12-05T06:22:43.109997,1.627,-6.113,1.270,0.822
2025-12-05T06:22:43.143107,1.620,-6.094,1.270,0.822
2025-12-05T06:22:43.175554,1.613,-6.075,1.270,0.822
2025-12-05T06:22:43.212091,1.606,-6.056,1.270,0.822
2025-12-05T06:22:43.241381,1.599,-6.038,1.270,0.822
2025-12-05T06:22:43.274913,1.593,-6.019,1.270,0.822
2025-12-05T06:22:43.307104,1.592,-6.017,1.270,0.805
2025-12-05T06:22:43.338748,1.591,-6.015,1.270,0.788
2025-12-05T06:22:43.373901,1.591,-6.013,1.270,0.770
2025-12-05T06:22:43.404467,1.590,-6.011,1.270,0.751
2025-12-05T06:22:43.441931,1.590,-6.010,1.270,0.732
2025-12-05T06:22:43.475084,1.589,-6.008,1.270,0.712
2025-12-05T06:22:43.503391,1.589,-6.007,1.270,0.691
2025-12-05T06:22:43.534952,1.589,-6.005,1.270,0.670
2025-12-05T06:22:43.563049,1.588,-6.004,1.270,0.648
2025-12-05T06:22:43.597610,1.588,-6.003,1.270,0.626
2025-12-05T06:22:43.631879,1.588,-6.002,1.270,0.604
2025-12-05T06:22:43.661677,1.587,-6.001,1.270,0.580
2025-12-05T06:22:43.700166,1.587,-6.000,1.270,0.557
2025-12-05T06:22:43.729277,1.594,-5.983,1.270,0.557
2025-12-05T06:22:43.765545,1.600,-5.965,1.270,0.557
2025-12-05T06:22:43.798267,1.607,-5.947,1.270,0.557
2025-12-05T06:22:43.831041,1.614,-5.930,1.270,0.557
2025-12-05T06:22:43.861963,1.621,-5.912,1.270,0.557
2025-12-05T06:22:43.889289,1.628,-5.894,1.270,0.557
2025-12-05T06:22:43.922066,1.634,-5.876,1.270,0.557
2025-12-05T06:22:43.955131,1.642,-5.858,1.270,0.557
2025-12-05T06:22:43.987100,1.649,-5.840,1.270,0.557
2025-12-05T06:22:44.021706,1.656,-5.822,1.270,0.557
2025-12-05T06:22:44.055600,1.663,-5.804,1.270,0.557
2025-12-05T06:22:44.087969,1.670,-5.785,1.270,0.557
2025-12-05T06:22:44.120498,1.677,-5.767,1.270,0.557
2025-12-05T06:22:44.147630,1.685,-5.749,1.270,0.557
2025-12-05T06:22:44.183610,1.692,-5.730,1.270,0.557
2025-12-05T06:22:44.212553,1.699,-5.712,1.270,0.557
2025-12-05T06:22:44.245766,1.707,-5.694,1.270,0.557
2025-12-05T06:22:44.281332,1.714,-5.675,1.270,0.557
2025-12-05T06:22:44.314228,1.721,-5.657,1.270,0.557
2025-12-05T06:22:44.350723,1.729,-5.638,1.270,0.557
2025-12-05T06:22:44.378384,1.736,-5.620,1.270,0.557
2025-12-05T06:22:44.412369,1.744,-5.601,1.270,0.557
2025-12-05T06:22:44.442611,1.751,-5.582,1.270,0.557
2025-12-05T06:22:44.475441,1.759,-5.564,1.270,0.557
2025-12-05T06:22:44.505930,1.766,-5.545,1.270,0.557
2025-12-05T06:22:44.538878,1.774,-5.526,1.270,0.557
2025-12-05T06:22:44.570128,1.781,-5.508,1.270,0.557
2025-12-05T06:22:44.604656,1.789,-5.489,1.270,0.557
2025-12-05T06:22:44.641746,1.797,-5.470,1.270,0.557
2025-12-05T06:22:44.677234,1.804,-5.451,1.270,0.557
2025-12-05T06:22:44.706715,1.812,-5.433,1.270,0.557
2025-12-05T06:22:44.743347,1.820,-5.414,1.270,0.557
2025-12-05T06:22:44.771052,1.827,-5.395,1.270,0.557
2025-12-05T06:22:44.801234,1.835,-5.376,1.270,0.557
2025-12-05T06:22:44.836516,1.843,-5.358,1.270,0.557
2025-12-05T06:22:44.866038,1.850,-5.339,1.270,0.557
2025-12-05T06:22:44.897723,1.858,-5.320,1.270,0.557
2025-12-05T06:22:44.938343,1.866,-5.301,1.270,0.557
2025-12-05T06:22:44.967887,1.873,-5.282,1.270,0.557
2025-12-05T06:22:45.002089,1.881,-5.263,1.270,0.557
2025-12-05T06:22:45.036128,1.889,-5.245,1.270,0.557
2025-12-05T06:22:45.065931,1.896,-5.226,1.270,0.557
2025-12-05T06:22:45.100298,1.904,-5.207,1.270,0.557
2025-12-05T06:22:45.130654,1.912,-5.188,1.270,0.557
2025-12-05T06:22:45.159594,1.920,-5.169,1.270,0.557
2025-12-05T06:22:45.190480,1.927,-5.150,1.270,0.557
2025-12-05T06:22:45.220506,1.935,-5.131,1.270,0.557
2025-12-05T06:22:45.253608,1.943,-5.112,1.270,0.557
2025-12-05T06:22:45.287989,1.951,-5.093,1.270,0.557
2025-12-05T06:22:45.319950,1.958,-5.075,1.270,0.557
2025-12-05T06:22:45.353020,1.966,-5.056,1.270,0.557
2025-12-05T06:22:45.387378,1.974,-5.037,1.270,0.557
2025-12-05T06:22:45.417618,1.982,-5.018,1.270,0.557
2025-12-05T06:22:45.449522,1.989,-4.999,1.270,0.557
2025-12-05T06:22:45.480205,1.997,-4.980,1.270,0.557
2025-12-05T06:22:45.508686,2.005,-4.961,1.270,0.557
2025-12-05T06:22:45.538698,2.013,-4.942,1.270,0.557
2025-12-05T06:22:45.577668,2.020,-4.923,1.270,0.557
2025-12-05T06:22:45.605445,2.028,-4.904,1.270,0.557
2025-12-05T06:22:45.640072,2.036,-4.885,1.270,0.557
2025-12-05T06:22:45.674599,2.044,-4.866,1.270,0.557
2025-12-05T06:22:45.710930,2.052,-4.847,1.270,0.557
2025-12-05T06:22:45.744729,2.059,-4.828,1.270,0.557
2025-12-05T06:22:45.776868,2.067,-4.810,1.270,0.557
2025-12-05T06:22:45.808997,2.075,-4.791,1.270,0.557
2025-12-05T06:22:45.837878,2.083,-4.772,1.270,0.557
2025-12-05T06:22:45.866517,2.090,-4.753,1.270,0.557
2025-12-05T06:22:45.891145,2.098,-4.734,1.270,0.557
2025-12-05T06:22:45.925017,2.106,-4.715,1.270,0.557
2025-12-05T06:22:45.960434,2.114,-4.696,1.270,0.557
2025-12-05T06:22:45.993686,2.122,-4.677,1.270,0.557
2025-12-05T06:22:46.025991,2.129,-4.658,1.270,0.557
2025-12-05T06:22:46.059270,2.137,-4.639,1.270,0.557
2025-12-05T06:22:46.090862,2.145,-4.620,1.270,0.557
2025-12-05T06:22:46.120121,2.153,-4.601,1.270,0.557
2025-12-05T06:22:46.150618,2.160,-4.582,1.270,0.557
2025-12-05T06:22:46.185700,2.168,-4.563,1.270,0.557
2025-12-05T06:22:46.221045,2.176,-4.544,1.270,0.557
2025-12-05T06:22:46.256946,2.184,-4.525,1.270,0.557
2025-12-05T06:22:46.289408,2.192,-4.506,1.270,0.557
2025-12-05T06:22:46.320949,2.199,-4.487,1.270,0.557
2025-12-05T06:22:46.353434,2.207,-4.468,1.270,0.557
2025-12-05T06:22:46.378597,2.215,-4.449,1.270,0.557
2025-12-05T06:22:46.411654,2.223,-4.430,1.270,0.557
2025-12-05T06:22:46.447968,2.231,-4.411,1.270,0.557
2025-12-05T06:22:46.475887,2.238,-4.392,1.270,0.557
2025-12-05T06:22:46.510025,2.246,-4.374,1.270,0.557
2025-12-05T06:22:46.549225,2.254,-4.355,1.270,0.557
2025-12-05T06:22:46.583088,2.262,-4.336,1.270,0.557
2025-12-05T06:22:46.620037,2.270,-4.317,1.270,0.557
2025-12-05T06:22:46.647287,2.277,-4.298,1.270,0.557
2025-12-05T06:22:46.683356,2.285,-4.279,1.270,0.557
2025-12-05T06:22:46.709851,2.293,-4.260,1.270,0.557
2025-12-05T06:22:46.742910,2.301,-4.241,1.270,0.557
2025-12-05T06:22:46.770934,2.309,-4.222,1.270,0.557
2025-12-05T06:22:46.802276,2.316,-4.203,1.270,0.557
2025-12-05T06:22:46.834279,2.324,-4.184,1.270,0.557
2025-12-05T06:22:46.872530,2.332,-4.165,1.270,0.557
2025-12-05T06:22:46.904260,2.340,-4.146,1.270,0.557
2025-12-05T06:22:46.937906,2.348,-4.127,1.270,0.557
2025-12-05T06:22:46.965476,2.355,-4.108,1.270,0.557
2025-12-05T06:22:47.001355,2.363,-4.089,1.270,0.557
2025-12-05T06:22:47.033466,2.371,-4.070,1.270,0.557
2025-12-05T06:22:47.063308,2.379,-4.051,1.270,0.557
2025-12-05T06:22:47.093087,2.387,-4.032,1.270,0.557
2025-12-05T06:22:47.127272,2.394,-4.013,1.270,0.557
2025-12-05T06:22:47.166304,2.402,-3.994,1.270,0.557
2025-12-05T06:22:47.201150,2.402,-3.994,1.270,0.557
2025-12-05T06:22:47.231956,2.402,-3.994,1.270,0.557
2025-12-05T06:22:47.264270,2.402,-3.994,1.270,0.557
2025-12-05T06:22:47.297524,2.402,-3.994,1.270,0.557
2025-12-05T06:22:47.328569,2.402,-3.994,1.270,0.557
2025-12-05T06:22:47.358475,2.402,-3.994,1.270,0.557
2025-12-05T06:22:47.393894,2.402,-3.994,1.270,0.557
2025-12-05T06:22:47.427471,2.402,-3.994,1.270,0.557
2025-12-05T06:22:47.456922,2.402,-3.994,1.270,0.557
2025-12-05T06:22:47.491988,2.402,-3.994,1.270,0.557
2025-12-05T06:22:47.527254,2.402,-3.994,1.270,0.557
2025-12-05T06:22:47.559093,2.402,-3.994,1.270,0.557
2025-12-05T06:22:47.597158,2.402,-3.994,1.270,0.557
2025-12-05T06:22:47.629032,2.402,-3.994,1.270,0.557
2025-12-05T06:22:47.664665,2.402,-3.994,1.270,0.557
2025-12-05T06:22:47.689591,2.402,-3.994,1.270,0.557
2025-12-05T06:22:47.717493,2.402,-3.994,1.270,0.557
2025-12-05T06:22:47.747302,2.402,-3.994,1.270,0.557
2025-12-05T06:22:47.776546,2.402,-3.994,1.270,0.557
2025-12-05T06:22:47.808158,2.402,-3.994,1.270,0.557
2025-12-05T06:22:47.842632,2.402,-3.994,1.270,0.557
2025-12-05T06:22:47.872203,2.402,-3.994,1.270,0.557
2025-12-05T06:22:47.905908,2.402,-3.994,1.270,0.557
2025-12-05T06:22:47.942012,2.402,-3.994,1.270,0.557
2025-12-05T06:22:47.975174,2.402,-3.994,1.270,0.557
2025-12-05T06:22:48.008202,2.402,-3.994,1.270,0.557
2025-12-05T06:22:48.041124,2.402,-3.994,1.270,0.557
2025-12-05T06:22:48.074564,2.402,-3.994,1.270,0.557
2025-12-05T06:22:48.107412,2.402,-3.994,1.270,0.557
2025-12-05T06:22:48.135035,2.402,-3.994,1.270,0.557
2025-12-05T06:22:48.167098,2.402,-3.994,1.270,0.557
2025-12-05T06:22:48.199518,2.402,-3.994,1.270,0.557
2025-12-05T06:22:48.232040,2.402,-3.994,1.270,0.557
2025-12-05T06:22:48.266709,2.402,-3.994,1.270,0.557
2025-12-05T06:22:48.300410,2.402,-3.994,1.270,0.557
2025-12-05T06:22:48.335767,2.402,-3.994,1.270,0.557
2025-12-05T06:22:48.365743,2.402,-3.994,1.270,0.557
2025-12-05T06:22:48.400442,2.402,-3.994,1.270,0.557
2025-12-05T06:22:48.429089,2.402,-3.994,1.270,0.557
2025-12-05T06:22:48.461441,2.402,-3.994,1.270,0.557
2025-12-05T06:22:48.496705,2.402,-3.994,1.270,0.557
2025-12-05T06:22:48.527580,2.402,-3.994,1.270,0.557
2025-12-05T06:22:48.559375,2.402,-3.994,1.270,0.557
2025-12-05T06:22:48.590321,2.402,-3.994,1.270,0.557
2025-12-05T06:22:48.623245,2.402,-3.994,1.270,0.557
2025-12-05T06:22:48.653564,2.402,-3.994,1.270,0.557
2025-12-05T06:22:48.687374,2.402,-3.994,1.270,0.557
2025-12-05T06:22:48.718939,2.402,-3.994,1.270,0.557
2025-12-05T06:22:48.750587,2.402,-3.994,1.270,0.557
2025-12-05T06:22:48.784888,2.402,-3.994,1.270,0.557
2025-12-05T06:22:48.817554,2.402,-3.994,1.270,0.557
2025-12-05T06:22:48.849894,2.402,-3.994,1.270,0.557
2025-12-05T06:22:48.882608,2.402,-3.994,1.270,0.557
2025-12-05T06:22:48.913442,2.402,-3.994,1.270,0.557
2025-12-05T06:22:48.945305,2.402,-3.994,1.270,0.557
2025-12-05T06:22:48.980872,2.402,-3.994,1.270,0.557
2025-12-05T06:22:49.012504,2.402,-3.994,1.270,0.557
2025-12-05T06:22:49.044020,2.402,-3.994,1.270,0.557
2025-12-05T06:22:49.074189,2.402,-3.994,1.270,0.557
2025-12-05T06:22:49.106853,2.402,-3.994,1.270,0.557
2025-12-05T06:22:49.140879,2.402,-3.994,1.270,0.557
2025-12-05T06:22:49.175434,2.402,-3.994,1.270,0.557
2025-12-05T06:22:49.204326,2.402,-3.994,1.270,0.557
2025-12-05T06:22:49.234753,2.402,-3.994,1.270,0.557
2025-12-05T06:22:49.268341,2.402,-3.994,1.270,0.557
2025-12-05T06:22:49.302286,2.402,-3.994,1.270,0.557
2025-12-05T06:22:49.336402,2.402,-3.994,1.270,0.557
2025-12-05T06:22:49.370413,2.402,-3.994,1.270,0.557
2025-12-05T06:22:49.400087,2.402,-3.994,1.270,0.557
2025-12-05T06:22:49.432773,2.402,-3.994,1.270,0.557
2025-12-05T06:22:49.467016,2.402,-3.994,1.270,0.557
2025-12-05T06:22:49.498173,2.402,-3.994,1.270,0.557
2025-12-05T06:22:49.529657,2.402,-3.994,1.270,0.557
2025-12-05T06:22:49.562977,2.402,-3.994,1.270,0.557
2025-12-05T06:22:49.592640,2.402,-3.994,1.270,0.557
2025-12-05T06:22:49.629504,2.402,-3.994,1.270,0.557
2025-12-05T06:22:49.664431,2.402,-3.994,1.270,0.557
2025-12-05T06:22:49.698367,2.402,-3.994,1.270,0.557
2025-12-05T06:22:49.728101,2.402,-3.994,1.270,0.557
2025-12-05T06:22:49.761068,2.402,-3.994,1.270,0.557
2025-12-05T06:22:49.794436,2.402,-3.994,1.270,0.557
2025-12-05T06:22:49.825948,2.402,-3.994,1.270,0.557
2025-12-05T06:22:49.859015,2.402,-3.994,1.270,0.557
2025-12-05T06:22:49.887697,2.402,-3.994,1.270,0.557
2025-12-05T06:22:49.922728,2.402,-3.994,1.270,0.557
2025-12-05T06:22:49.954433,2.402,-3.994,1.270,0.557
2025-12-05T06:22:49.991921,2.402,-3.994,1.270,0.557
2025-12-05T06:22:50.022163,2.402,-3.994,1.270,0.557
2025-12-05T06:22:50.052351,2.402,-3.994,1.270,0.557
2025-12-05T06:22:50.086230,2.402,-3.994,1.270,0.557
2025-12-05T06:22:50.118229,2.402,-3.994,1.270,0.557
2025-12-05T06:22:50.150383,2.402,-3.994,1.270,0.557
2025-12-05T06:22:50.182121,2.402,-3.994,1.270,0.557
2025-12-05T06:22:50.214043,2.402,-3.994,1.270,0.557
2025-12-05T06:22:50.249934,2.402,-3.994,1.270,0.557
2025-12-05T06:22:50.278566,2.402,-3.994,1.270,0.557
2025-12-05T06:22:50.311540,2.402,-3.994,1.270,0.557
2025-12-05T06:22:50.345487,2.402,-3.994,1.270,0.557
2025-12-05T06:22:50.374010,2.402,-3.994,1.270,0.557
2025-12-05T06:22:50.406815,2.402,-3.994,1.270,0.557
2025-12-05T06:22:50.440989,2.402,-3.994,1.270,0.557
2025-12-05T06:22:50.477886,2.402,-3.994,1.270,0.557
2025-12-05T06:22:50.510097,2.402,-3.994,1.270,0.557
2025-12-05T06:22:50.542921,2.402,-3.994,1.270,0.557
2025-12-05T06:22:50.574763,2.402,-3.994,1.270,0.557
2025-12-05T06:22:50.605113,2.402,-3.994,1.270,0.557
2025-12-05T06:22:50.638661,2.402,-3.994,1.270,0.557
2025-12-05T06:22:50.670351,2.402,-3.994,1.270,0.557
2025-12-05T06:22:50.700702,2.402,-3.994,1.270,0.557
2025-12-05T06:22:50.733929,2.402,-3.994,1.270,0.557
2025-12-05T06:22:50.768769,2.402,-3.994,1.270,0.557
2025-12-05T06:22:50.802336,2.402,-3.994,1.270,0.557
2025-12-05T06:22:50.834520,2.402,-3.994,1.270,0.557
2025-12-05T06:22:50.866329,2.402,-3.994,1.270,0.557
2025-12-05T06:22:50.899057,2.402,-3.994,1.270,0.557
2025-12-05T06:22:50.931440,2.402,-3.994,1.270,0.557
2025-12-05T06:22:50.962762,2.402,-3.994,1.270,0.557
2025-12-05T06:22:50.995640,2.402,-3.994,1.270,0.557
2025-12-05T06:22:51.027861,2.402,-3.994,1.270,0.557
2025-12-05T06:22:51.060442,2.402,-3.994,1.270,0.557
2025-12-05T06:22:51.097027,2.402,-3.994,1.270,0.557
2025-12-05T06:22:51.131075,2.402,-3.994,1.270,0.557
2025-12-05T06:22:51.161627,2.402,-3.994,1.270,0.557
2025-12-05T06:22:51.187619,2.402,-3.994,1.270,0.557
2025-12-05T06:22:51.219503,2.402,-3.994,1.270,0.557
2025-12-05T06:22:51.249602,2.402,-3.994,1.270,0.557
2025-12-05T06:22:51.283802,2.402,-3.994,1.270,0.557
2025-12-05T06:22:51.316106,2.402,-3.994,1.270,0.557
2025-12-05T06:22:51.347261,2.402,-3.994,1.270,0.557
2025-12-05T06:22:51.380342,2.402,-3.994,1.270,0.557
2025-12-05T06:22:51.413001,2.402,-3.994,1.270,0.557
2025-12-05T06:22:51.444549,2.402,-3.994,1.270,0.557
2025-12-05T06:22:51.477869,2.402,-3.994,1.270,0.557
2025-12-05T06:22:51.507237,2.402,-3.994,1.270,0.557
2025-12-05T06:22:51.536644,2.402,-3.994,1.270,0.557
2025-12-05T06:22:51.568666,2.402,-3.994,1.270,0.557
2025-12-05T06:22:51.601286,2.402,-3.994,1.270,0.557
2025-12-05T06:22:51.634753,2.402,-3.994,1.270,0.557
2025-12-05T06:22:51.669500,2.402,-3.994,1.270,0.557
2025-12-05T06:22:51.705008,2.402,-3.994,1.270,0.557
2025-12-05T06:22:51.735838,2.402,-3.994,1.270,0.557
2025-12-05T06:22:51.769424,2.402,-3.994,1.270,0.557
2025-12-05T06:22:51.803318,2.402,-3.994,1.270,0.557
2025-12-05T06:22:51.833719,2.402,-3.994,1.270,0.557
2025-12-05T06:22:51.866254,2.402,-3.994,1.270,0.557
2025-12-05T06:22:51.894552,2.402,-3.994,1.270,0.557
2025-12-05T06:22:51.928420,2.402,-3.994,1.270,0.557
2025-12-05T06:22:51.961502,2.402,-3.994,1.270,0.557
2025-12-05T06:22:51.994035,2.402,-3.994,1.270,0.557
2025-12-05T06:22:52.026603,2.402,-3.994,1.270,0.557
2025-12-05T06:22:52.063010,2.402,-3.994,1.270,0.557
2025-12-05T06:22:52.097241,2.402,-3.994,1.270,0.557
2025-12-05T06:22:52.131502,2.402,-3.994,1.270,0.557
2025-12-05T06:22:52.161021,2.402,-3.994,1.270,0.557
2025-12-05T06:22:52.190336,2.402,-3.994,1.270,0.557
2025-12-05T06:22:52.220076,2.402,-3.994,1.270,0.557
2025-12-05T06:22:52.252767,2.402,-3.994,1.270,0.557
2025-12-05T06:22:52.285168,2.402,-3.994,1.270,0.557
2025-12-05T06:22:52.316151,2.402,-3.994,1.270,0.557
2025-12-05T06:22:52.351733,2.402,-3.994,1.270,0.557
2025-12-05T06:22:52.385607,2.402,-3.994,1.270,0.557
2025-12-05T06:22:52.417284,2.402,-3.994,1.270,0.557
2025-12-05T06:22:52.447110,2.402,-3.994,1.270,0.557
2025-12-05T06:22:52.479253,2.402,-3.994,1.270,0.557
2025-12-05T06:22:52.510273,2.402,-3.994,1.270,0.557
2025-12-05T06:22:52.543802,2.402,-3.994,1.270,0.557
2025-12-05T06:22:52.576581,2.402,-3.994,1.270,0.557
2025-12-05T06:22:52.608433,2.402,-3.994,1.270,0.557
2025-12-05T06:22:52.643778,2.402,-3.994,1.270,0.557
2025-12-05T06:22:52.676343,2.402,-3.994,1.270,0.557
2025-12-05T06:22:52.710244,2.402,-3.994,1.270,0.557
2025-12-05T06:22:52.742313,2.402,-3.994,1.270,0.557
2025-12-05T06:22:52.774510,2.402,-3.994,1.270,0.557
2025-12-05T06:22:52.808269,2.402,-3.994,1.270,0.557
2025-12-05T06:22:52.844292,2.402,-3.994,1.270,0.557
2025-12-05T06:22:52.872757,2.402,-3.994,1.270,0.557
2025-12-05T06:22:52.904378,2.402,-3.994,1.270,0.557
2025-12-05T06:22:52.934456,2.402,-3.994,1.270,0.557
2025-12-05T06:22:52.964894,2.402,-3.994,1.270,0.557
2025-12-05T06:22:52.997305,2.402,-3.994,1.270,0.557
2025-12-05T06:22:53.033772,2.402,-3.994,1.270,0.557
2025-12-05T06:22:53.063498,2.402,-3.994,1.270,0.557
2025-12-05T06:22:53.099509,2.402,-3.994,1.270,0.557
2025-12-05T06:22:53.133264,2.402,-3.994,1.270,0.557
2025-12-05T06:22:53.159177,2.402,-3.994,1.270,0.557
2025-12-05T06:22:53.195548,2.402,-3.994,1.270,0.557
2025-12-05T06:22:53.227489,2.402,-3.994,1.270,0.557
2025-12-05T06:22:53.259346,2.402,-3.994,1.270,0.557
2025-12-05T06:22:53.291173,2.402,-3.994,1.270,0.557
2025-12-05T06:22:53.325759,2.402,-3.994,1.270,0.557
2025-12-05T06:22:53.358372,2.402,-3.994,1.270,0.557
2025-12-05T06:22:53.390931,2.402,-3.994,1.270,0.557
2025-12-05T06:22:53.421064,2.402,-3.994,1.270,0.557
2025-12-05T06:22:53.447653,2.402,-3.994,1.270,0.557
2025-12-05T06:22:53.482709,2.402,-3.994,1.270,0.557
2025-12-05T06:22:53.510883,2.402,-3.994,1.270,0.557
2025-12-05T06:22:53.542388,2.402,-3.994,1.270,0.557
2025-12-05T06:22:53.575603,2.402,-3.994,1.270,0.557
2025-12-05T06:22:53.606468,2.402,-3.994,1.270,0.557
2025-12-05T06:22:53.644304,2.402,-3.994,1.270,0.557
2025-12-05T06:22:53.681003,2.402,-3.994,1.270,0.557
2025-12-05T06:22:53.716407,2.402,-3.994,1.270,0.557
2025-12-05T06:22:53.749133,2.402,-3.994,1.270,0.557
2025-12-05T06:22:53.782527,2.402,-3.994,1.270,0.557
2025-12-05T06:22:53.814358,2.402,-3.994,1.270,0.557
2025-12-05T06:22:53.843462,2.402,-3.994,1.270,0.557
2025-12-05T06:22:53.874813,2.402,-3.994,1.270,0.557
2025-12-05T06:22:53.907263,2.402,-3.994,1.270,0.557
2025-12-05T06:22:53.939706,2.402,-3.994,1.270,0.557
2025-12-05T06:22:53.972416,2.402,-3.994,1.270,0.557
2025-12-05T06:22:54.006273,2.402,-3.994,1.270,0.557
2025-12-05T06:22:54.040222,2.402,-3.994,1.270,0.557
2025-12-05T06:22:54.072710,2.402,-3.994,1.270,0.557
2025-12-05T06:22:54.106659,2.402,-3.994,1.270,0.557
2025-12-05T06:22:54.142145,2.402,-3.994,1.270,0.557
2025-12-05T06:22:54.173487,2.402,-3.994,1.270,0.557
2025-12-05T06:22:54.202848,2.402,-3.994,1.270,0.557
2025-12-05T06:22:54.232774,2.402,-3.994,1.270,0.557
2025-12-05T06:22:54.262421,2.402,-3.994,1.270,0.557
2025-12-05T06:22:54.296777,2.402,-3.994,1.270,0.557
2025-12-05T06:22:54.330535,2.402,-3.994,1.270,0.557
2025-12-05T06:22:54.365390,2.402,-3.994,1.270,0.557
2025-12-05T06:22:54.402391,2.402,-3.994,1.270,0.557
2025-12-05T06:22:54.428510,2.402,-3.994,1.270,0.557
2025-12-05T06:22:54.466450,2.402,-3.994,1.270,0.557
2025-12-05T06:22:54.499520,2.402,-3.994,1.270,0.557
2025-12-05T06:22:54.530111,2.402,-3.994,1.270,0.557
2025-12-05T06:22:54.559326,2.402,-3.994,1.270,0.557
2025-12-05T06:22:54.585351,2.402,-3.994,1.270,0.557
2025-12-05T06:22:54.618118,2.402,-3.994,1.270,0.557
2025-12-05T06:22:54.649938,2.402,-3.994,1.270,0.557
2025-12-05T06:22:54.684459,2.402,-3.994,1.270,0.557
2025-12-05T06:22:54.718339,2.402,-3.994,1.270,0.557
2025-12-05T06:22:54.750098,2.402,-3.994,1.270,0.557
2025-12-05T06:22:54.786727,2.402,-3.994,1.270,0.557
2025-12-05T06:22:54.820827,2.402,-3.994,1.270,0.557
2025-12-05T06:22:54.847183,2.402,-3.994,1.270,0.557
2025-12-05T06:22:54.880936,2.402,-3.994,1.270,0.557
2025-12-05T06:22:54.907748,2.402,-3.994,1.270,0.557
2025-12-05T06:22:54.944700,2.402,-3.994,1.270,0.557
2025-12-05T06:22:54.975828,2.402,-3.994,1.270,0.557
2025-12-05T06:22:55.008151,2.402,-3.994,1.270,0.557
2025-12-05T06:22:55.044488,2.402,-3.994,1.270,0.557
2025-12-05T06:22:55.080569,2.402,-3.994,1.270,0.557
2025-12-05T06:22:55.114547,2.402,-3.994,1.270,0.557
2025-12-05T06:22:55.147047,2.402,-3.994,1.270,0.557
2025-12-05T06:22:55.182208,2.402,-3.994,1.270,0.557
2025-12-05T06:22:55.211204,2.402,-3.994,1.270,0.557
2025-12-05T06:22:55.240394,2.402,-3.994,1.270,0.557
2025-12-05T06:22:55.274155,2.402,-3.994,1.270,0.557
2025-12-05T06:22:55.306413,2.402,-3.994,1.270,0.557
2025-12-05T06:22:55.338071,2.402,-3.994,1.270,0.557
2025-12-05T06:22:55.369665,2.402,-3.994,1.270,0.557
2025-12-05T06:22:55.403646,2.402,-3.994,1.270,0.557
2025-12-05T06:22:55.438684,2.402,-3.994,1.270,0.557
2025-12-05T06:22:55.468379,2.402,-3.994,1.270,0.557
2025-12-05T06:22:55.500402,2.402,-3.994,1.270,0.557
2025-12-05T06:22:55.532236,2.402,-3.994,1.270,0.557
2025-12-05T06:22:55.562382,2.402,-3.994,1.270,0.557
2025-12-05T06:22:55.597154,2.402,-3.994,1.270,0.557
2025-12-05T06:22:55.628474,2.402,-3.994,1.270,0.557
2025-12-05T06:22:55.658664,2.402,-3.994,1.270,0.557
2025-12-05T06:22:55.696955,2.402,-3.994,1.270,0.557
2025-12-05T06:22:55.726658,2.402,-3.994,1.270,0.557
2025-12-05T06:22:55.760114,2.402,-3.994,1.270,0.557
2025-12-05T06:22:55.792950,2.402,-3.994,1.270,0.557
2025-12-05T06:22:55.825322,2.402,-3.994,1.270,0.557
2025-12-05T06:22:55.854905,2.402,-3.994,1.270,0.557
2025-12-05T06:22:55.886284,2.402,-3.994,1.270,0.557
2025-12-05T06:22:55.923623,2.402,-3.994,1.270,0.557
2025-12-05T06:22:55.956622,2.402,-3.994,1.270,0.557
2025-12-05T06:22:55.988320,2.402,-3.994,1.270,0.557
2025-12-05T06:22:56.017532,2.402,-3.994,1.270,0.557
2025-12-05T06:22:56.050228,2.402,-3.994,1.270,0.557
2025-12-05T06:22:56.086010,2.402,-3.994,1.270,0.557
2025-12-05T06:22:56.121340,2.402,-3.994,1.270,0.557
2025-12-05T06:22:56.153702,2.402,-3.994,1.270,0.557
2025-12-05T06:22:56.185615,2.402,-3.994,1.270,0.557
2025-12-05T06:22:56.217099,2.402,-3.994,1.270,0.557
2025-12-05T06:22:56.250356,2.402,-3.994,1.270,0.557
2025-12-05T06:22:56.282122,2.402,-3.994,1.270,0.557
2025-12-05T06:22:56.315929,2.402,-3.994,1.270,0.557
2025-12-05T06:22:56.341923,2.402,-3.994,1.270,0.557
2025-12-05T06:22:56.375913,2.402,-3.994,1.270,0.557
2025-12-05T06:22:56.410516,2.402,-3.994,1.270,0.557
2025-12-05T06:22:56.442881,2.402,-3.994,1.270,0.557
2025-12-05T06:22:56.476093,2.402,-3.994,1.270,0.557
2025-12-05T06:22:56.505772,2.402,-3.994,1.270,0.557
2025-12-05T06:22:56.539539,2.402,-3.994,1.270,0.557
2025-12-05T06:22:56.571945,2.402,-3.994,1.270,0.557
2025-12-05T06:22:56.602446,2.402,-3.994,1.270,0.557
2025-12-05T06:22:56.635968,2.402,-3.994,1.270,0.557
2025-12-05T06:22:56.669982,2.402,-3.994,1.270,0.557
2025-12-05T06:22:56.702546,2.402,-3.994,1.270,0.557
2025-12-05T06:22:56.736006,2.402,-3.994,1.270,0.557
2025-12-05T06:22:56.771551,2.402,-3.994,1.270,0.557
2025-12-05T06:22:56.801948,2.402,-3.994,1.270,0.557
2025-12-05T06:22:56.828587,2.402,-3.994,1.270,0.557
2025-12-05T06:22:56.861049,2.402,-3.994,1.270,0.557
2025-12-05T06:22:56.895394,2.402,-3.994,1.270,0.557
2025-12-05T06:22:56.929693,2.402,-3.994,1.270,0.557
2025-12-05T06:22:56.965476,2.402,-3.994,1.270,0.557
2025-12-05T06:22:56.998435,2.402,-3.994,1.270,0.557
2025-12-05T06:22:57.032574,2.402,-3.994,1.270,0.557
2025-12-05T06:22:57.059164,2.402,-3.994,1.270,0.557
2025-12-05T06:22:57.096417,2.402,-3.994,1.270,0.557
2025-12-05T06:22:57.128150,2.402,-3.994,1.270,0.557
2025-12-05T06:22:57.163057,2.402,-3.994,1.270,0.557
2025-12-05T06:22:57.192450,2.402,-3.994,1.270,0.557
2025-12-05T06:22:57.226082,2.402,-3.994,1.270,0.557
2025-12-05T06:22:57.256980,2.402,-3.994,1.270,0.557
2025-12-05T06:22:57.283930,2.402,-3.994,1.270,0.557
2025-12-05T06:22:57.316080,2.402,-3.994,1.270,0.557
2025-12-05T06:22:57.349753,2.402,-3.994,1.270,0.557
2025-12-05T06:22:57.375013,2.402,-3.994,1.270,0.557
2025-12-05T06:22:57.416355,2.402,-3.994,1.270,0.557
2025-12-05T06:22:57.442311,2.402,-3.994,1.270,0.557
2025-12-05T06:22:57.472293,2.402,-3.994,1.270,0.557
2025-12-05T06:22:57.507593,2.402,-3.994,1.270,0.557
2025-12-05T06:22:57.544870,2.402,-3.994,1.270,0.557
2025-12-05T06:22:57.580469,2.402,-3.994,1.270,0.557
2025-12-05T06:22:57.610922,2.402,-3.994,1.270,0.557
2025-12-05T06:22:57.642419,2.402,-3.994,1.270,0.557
2025-12-05T06:22:57.675243,2.402,-3.994,1.270,0.557
2025-12-05T06:22:57.702048,2.402,-3.994,1.270,0.557
2025-12-05T06:22:57.742270,2.402,-3.994,1.270,0.557
2025-12-05T06:22:57.768081,2.402,-3.994,1.270,0.557
2025-12-05T06:22:57.798664,2.402,-3.994,1.270,0.557
2025-12-05T06:22:57.836030,2.402,-3.994,1.270,0.557
2025-12-05T06:22:57.866303,2.402,-3.994,1.270,0.557
2025-12-05T06:22:57.900048,2.402,-3.994,1.270,0.557
2025-12-05T06:22:57.931931,2.402,-3.994,1.270,0.557
2025-12-05T06:22:57.962863,2.402,-3.994,1.270,0.557
2025-12-05T06:22:57.995186,2.402,-3.994,1.270,0.557
2025-12-05T06:22:58.027452,2.402,-3.994,1.270,0.557
2025-12-05T06:22:58.061586,2.402,-3.994,1.270,0.557
2025-12-05T06:22:58.098196,2.402,-3.994,1.270,0.557
2025-12-05T06:22:58.128675,2.402,-3.994,1.270,0.557
2025-12-05T06:22:58.158854,2.402,-3.994,1.270,0.557
2025-12-05T06:22:58.193999,2.402,-3.994,1.270,0.557
2025-12-05T06:22:58.226192,2.402,-3.994,1.270,0.557
2025-12-05T06:22:58.260499,2.402,-3.994,1.270,0.557
2025-12-05T06:22:58.294700,2.402,-3.994,1.270,0.557
2025-12-05T06:22:58.327013,2.402,-3.994,1.270,0.557
2025-12-05T06:22:58.359425,2.402,-3.994,1.270,0.557
2025-12-05T06:22:58.390272,2.402,-3.994,1.270,0.557
2025-12-05T06:22:58.418423,2.402,-3.994,1.270,0.557
2025-12-05T06:22:58.447985,2.402,-3.994,1.270,0.557
2025-12-05T06:22:58.480815,2.402,-3.994,1.270,0.557
2025-12-05T06:22:58.514438,2.402,-3.994,1.270,0.557
2025-12-05T06:22:58.546709,2.402,-3.994,1.270,0.557
2025-12-05T06:22:58.583371,2.402,-3.994,1.270,0.557
2025-12-05T06:22:58.616019,2.402,-3.994,1.270,0.557
2025-12-05T06:22:58.648314,2.402,-3.994,1.270,0.557
2025-12-05T06:22:58.683207,2.402,-3.994,1.270,0.557
2025-12-05T06:22:58.712538,2.402,-3.994,1.270,0.557
2025-12-05T06:22:58.743262,2.402,-3.994,1.270,0.557
2025-12-05T06:22:58.774029,2.402,-3.994,1.270,0.557
2025-12-05T06:22:58.804098,2.402,-3.994,1.270,0.557
2025-12-05T06:22:58.836152,2.402,-3.994,1.270,0.557
2025-12-05T06:22:58.869252,2.402,-3.994,1.270,0.557
2025-12-05T06:22:58.903521,2.402,-3.994,1.270,0.557
2025-12-05T06:22:58.939572,2.402,-3.994,1.270,0.557
2025-12-05T06:22:58.974378,2.402,-3.994,1.270,0.557
2025-12-05T06:22:59.004938,2.402,-3.994,1.270,0.557
2025-12-05T06:22:59.036465,2.402,-3.994,1.270,0.557
2025-12-05T06:22:59.068224,2.402,-3.994,1.270,0.557
2025-12-05T06:22:59.097394,2.402,-3.994,1.270,0.557
2025-12-05T06:22:59.133287,2.402,-3.994,1.270,0.557
2025-12-05T06:22:59.165226,2.402,-3.994,1.270,0.557
2025-12-05T06:22:59.199139,2.402,-3.994,1.270,0.557
2025-12-05T06:22:59.233307,2.402,-3.994,1.270,0.557
2025-12-05T06:22:59.268972,2.402,-3.994,1.270,0.557
2025-12-05T06:22:59.302846,2.402,-3.994,1.270,0.557
2025-12-05T06:22:59.331945,2.402,-3.994,1.270,0.557
2025-12-05T06:22:59.362549,2.402,-3.994,1.270,0.557
2025-12-05T06:22:59.394261,2.402,-3.994,1.270,0.557
2025-12-05T06:22:59.424732,2.402,-3.994,1.270,0.557
2025-12-05T06:22:59.455617,2.402,-3.994,1.270,0.557
2025-12-05T06:22:59.489992,2.402,-3.994,1.270,0.557
2025-12-05T06:22:59.522760,2.402,-3.994,1.270,0.557
2025-12-05T06:22:59.556547,2.402,-3.994,1.270,0.557
2025-12-05T06:22:59.597641,2.402,-3.994,1.270,0.557
2025-12-05T06:22:59.625084,2.402,-3.994,1.270,0.557
2025-12-05T06:22:59.660168,2.402,-3.994,1.270,0.557
2025-12-05T06:22:59.690803,2.402,-3.994,1.270,0.557
2025-12-05T06:22:59.721234,2.402,-3.994,1.270,0.557
2025-12-05T06:22:59.756539,2.402,-3.994,1.270,0.557
2025-12-05T06:22:59.784248,2.402,-3.994,1.270,0.557
2025-12-05T06:22:59.814141,2.402,-3.994,1.270,0.557
2025-12-05T06:22:59.848820,2.402,-3.994,1.270,0.557
2025-12-05T06:22:59.876410,2.402,-3.994,1.270,0.557
2025-12-05T06:22:59.908248,2.402,-3.994,1.270,0.557
2025-12-05T06:22:59.939659,2.402,-3.994,1.270,0.557
2025-12-05T06:22:59.974695,2.402,-3.994,1.270,0.557
2025-12-05T06:23:00.009085,2.402,-3.994,1.270,0.557
2025-12-05T06:23:00.041766,2.402,-3.994,1.270,0.557
2025-12-05T06:23:00.068481,2.402,-3.994,1.270,0.557
2025-12-05T06:23:00.101406,2.402,-3.994,1.270,0.557
2025-12-05T06:23:00.136514,2.402,-3.994,1.270,0.557
2025-12-05T06:23:00.168394,2.402,-3.994,1.270,0.557
2025-12-05T06:23:00.204539,2.402,-3.994,1.270,0.557
2025-12-05T06:23:00.238593,2.402,-3.994,1.270,0.557
2025-12-05T06:23:00.270502,2.402,-3.994,1.270,0.557
2025-12-05T06:23:00.302390,2.402,-3.994,1.270,0.557
2025-12-05T06:23:00.334085,2.402,-3.994,1.270,0.557
2025-12-05T06:23:00.365391,2.402,-3.994,1.270,0.557
2025-12-05T06:23:00.397058,2.402,-3.994,1.270,0.557
2025-12-05T06:23:00.428987,2.402,-3.994,1.270,0.557
2025-12-05T06:23:00.461586,2.402,-3.994,1.270,0.557
2025-12-05T06:23:00.497751,2.402,-3.994,1.270,0.557
2025-12-05T06:23:00.531117,2.402,-3.994,1.270,0.557
2025-12-05T06:23:00.564383,2.402,-3.994,1.270,0.557
2025-12-05T06:23:00.597551,2.402,-3.994,1.270,0.557
2025-12-05T06:23:00.629369,2.402,-3.994,1.270,0.557
2025-12-05T06:23:00.657249,2.402,-3.994,1.270,0.557
2025-12-05T06:23:00.691582,2.402,-3.994,1.270,0.557
2025-12-05T06:23:00.723540,2.402,-3.994,1.270,0.557
2025-12-05T06:23:00.755039,2.402,-3.994,1.270,0.557
2025-12-05T06:23:00.790688,2.402,-3.994,1.270,0.557
2025-12-05T06:23:00.822768,2.402,-3.994,1.270,0.557
2025-12-05T06:23:00.859597,2.402,-3.994,1.270,0.557
2025-12-05T06:23:00.884274,2.402,-3.994,1.270,0.557
2025-12-05T06:23:00.918065,2.402,-3.994,1.270,0.557
2025-12-05T06:23:00.954418,2.402,-3.994,1.270,0.557
2025-12-05T06:23:00.986172,2.402,-3.994,1.270,0.557
2025-12-05T06:23:01.016037,2.402,-3.994,1.270,0.557
2025-12-05T06:23:01.045240,2.402,-3.994,1.270,0.557
2025-12-05T06:23:01.080615,2.402,-3.994,1.270,0.557
2025-12-05T06:23:01.110144,2.402,-3.994,1.270,0.557
2025-12-05T06:23:01.140155,2.402,-3.994,1.270,0.557
2025-12-05T06:23:01.172272,2.402,-3.994,1.270,0.557
2025-12-05T06:23:01.204852,2.402,-3.994,1.270,0.557
2025-12-05T06:23:01.238070,2.402,-3.994,1.270,0.557
2025-12-05T06:23:01.276493,2.402,-3.994,1.270,0.557
2025-12-05T06:23:01.308347,2.402,-3.994,1.270,0.557
2025-12-05T06:23:01.341733,2.402,-3.994,1.270,0.557
2025-12-05T06:23:01.371869,2.402,-3.994,1.270,0.557
2025-12-05T06:23:01.402550,2.402,-3.994,1.270,0.557
2025-12-05T06:23:01.433881,2.402,-3.994,1.270,0.557
2025-12-05T06:23:01.465899,2.402,-3.994,1.270,0.557
2025-12-05T06:23:01.499197,2.402,-3.994,1.270,0.557
2025-12-05T06:23:01.528168,2.402,-3.994,1.270,0.557
2025-12-05T06:23:01.567669,2.402,-3.994,1.270,0.557
2025-12-05T06:23:01.598279,2.402,-3.994,1.270,0.557
2025-12-05T06:23:01.636882,2.402,-3.994,1.270,0.557
2025-12-05T06:23:01.664450,2.402,-3.994,1.270,0.557
2025-12-05T06:23:01.696631,2.402,-3.994,1.270,0.557
2025-12-05T06:23:01.730087,2.402,-3.994,1.270,0.557
2025-12-05T06:23:01.760343,2.402,-3.994,1.270,0.557
2025-12-05T06:23:01.790610,2.402,-3.994,1.270,0.557
2025-12-05T06:23:01.822504,2.402,-3.994,1.270,0.557
2025-12-05T06:23:01.854594,2.402,-3.994,1.270,0.557
2025-12-05T06:23:01.881876,2.402,-3.994,1.270,0.557
2025-12-05T06:23:01.916610,2.402,-3.994,1.270,0.557
2025-12-05T06:23:01.949962,2.402,-3.994,1.270,0.557
2025-12-05T06:23:01.983228,2.402,-3.994,1.270,0.557
